run_id,session_id,timestamp,implementation,workload_type,object_size_bytes,test_link,link_bandwidth_gbps,throughput_gbps,latency_ms,cpu_util_pct
LDO_NFD_001,0,2026-04-02 08:37:00,NFD,LDO,3418632.6,LI_10GbE_aggregation_backhaul,10.0,3.2842,122.3713,57.16
LDO_NFD_002,0,2026-04-02 08:39:02,NFD,LDO,4506964.2,LI_10GbE_aggregation_backhaul,10.0,3.127,121.4853,58.37
LDO_NFD_003,0,2026-04-02 08:40:50,NFD,LDO,3330623.6,LI_10GbE_aggregation_backhaul,10.0,3.0788,119.851,63.41
LDO_NFD_004,0,2026-04-02 08:43:52,NFD,LDO,2049852.8,LI_10GbE_aggregation_backhaul,10.0,3.1332,128.3865,55.01
LDO_NFD_005,0,2026-04-02 08:47:18,NFD,LDO,3679191.7,LI_10GbE_aggregation_backhaul,10.0,3.2554,129.2809,57.68
LDO_NFD_006,0,2026-04-02 08:50:02,NFD,LDO,3054585.7,LI_10GbE_aggregation_backhaul,10.0,2.9546,111.9431,56.29
LDO_NFD_007,0,2026-04-02 08:52:03,NFD,LDO,4440916.7,LI_10GbE_aggregation_backhaul,10.0,3.0715,128.5022,59.53
LDO_NFD_008,0,2026-04-02 08:56:15,NFD,LDO,4475658.7,LI_10GbE_aggregation_backhaul,10.0,3.1362,111.6193,56.4
LDO_NFD_009,0,2026-04-02 08:58:30,NFD,LDO,4815742.6,LI_10GbE_aggregation_backhaul,10.0,3.2248,119.4801,52.02
LDO_NFD_010,0,2026-04-02 08:59:12,NFD,LDO,4691300.2,LI_10GbE_aggregation_backhaul,10.0,3.0042,127.5426,55.43
LDO_NFD_011,0,2026-04-02 09:01:21,NFD,LDO,3717077.3,LI_10GbE_aggregation_backhaul,10.0,3.0874,126.1329,58.81
LDO_NFD_012,0,2026-04-02 09:02:50,NFD,LDO,2966541.4,LI_10GbE_aggregation_backhaul,10.0,3.1592,115.7754,60.16
LDO_NFD_013,0,2026-04-02 09:05:59,NFD,LDO,1076922.4,LI_10GbE_aggregation_backhaul,10.0,3.2577,122.1679,51.62
LDO_NFD_014,0,2026-04-02 09:07:29,NFD,LDO,3953987.9,LI_10GbE_aggregation_backhaul,10.0,3.0114,124.7516,54.3
LDO_NFD_015,0,2026-04-02 09:08:22,NFD,LDO,4023206.5,LI_10GbE_aggregation_backhaul,10.0,3.208,119.8701,54.37
LDO_NFD_016,0,2026-04-02 09:11:10,NFD,LDO,1741471.8,LI_10GbE_aggregation_backhaul,10.0,3.2052,125.1579,56.27
LDO_NFD_017,0,2026-04-02 09:14:53,NFD,LDO,3864867.8,LI_10GbE_aggregation_backhaul,10.0,3.1715,114.8619,62.47
LDO_NFD_018,0,2026-04-02 09:15:57,NFD,LDO,3550407.9,LI_10GbE_aggregation_backhaul,10.0,3.1136,133.9797,58.0
LDO_NFD_019,0,2026-04-02 09:17:58,NFD,LDO,3979960.1,LI_10GbE_aggregation_backhaul,10.0,3.1981,114.2575,56.82
LDO_NFD_020,0,2026-04-02 09:19:40,NFD,LDO,3992567.9,LI_10GbE_aggregation_backhaul,10.0,3.1717,123.8893,58.45
LDO_NFD_021,0,2026-04-02 09:21:16,NFD,LDO,4253890.9,LI_10GbE_aggregation_backhaul,10.0,3.3288,118.2704,60.19
LDO_NFD_022,0,2026-04-02 09:23:13,NFD,LDO,1264313.4,LI_10GbE_aggregation_backhaul,10.0,3.1993,114.756,60.12
LDO_NFD_023,0,2026-04-02 09:26:25,NFD,LDO,4720981.4,LI_10GbE_aggregation_backhaul,10.0,3.1324,135.3245,60.0
LDO_NFD_024,0,2026-04-02 09:27:38,NFD,LDO,4627251.2,LI_10GbE_aggregation_backhaul,10.0,3.2648,113.0064,58.04
LDO_NFD_025,1,2026-04-02 15:48:32,NFD,LDO,2175561.3,LI_10GbE_aggregation_backhaul,10.0,3.2888,120.5928,56.95
LDO_NFD_026,1,2026-04-02 15:51:06,NFD,LDO,1335100.6,LI_10GbE_aggregation_backhaul,10.0,3.2289,126.7635,59.97
LDO_NFD_027,1,2026-04-02 15:54:19,NFD,LDO,1130755.7,LI_10GbE_aggregation_backhaul,10.0,3.1119,134.8836,61.46
LDO_NFD_028,1,2026-04-02 15:55:24,NFD,LDO,4699397.9,LI_10GbE_aggregation_backhaul,10.0,3.1251,109.2664,58.55
LDO_NFD_029,1,2026-04-02 15:56:15,NFD,LDO,1359661.0,LI_10GbE_aggregation_backhaul,10.0,3.3747,117.298,58.32
LDO_NFD_030,1,2026-04-02 15:58:42,NFD,LDO,4036574.5,LI_10GbE_aggregation_backhaul,10.0,3.3961,119.1266,58.89
LDO_NFD_031,1,2026-04-02 16:01:05,NFD,LDO,1984363.5,LI_10GbE_aggregation_backhaul,10.0,3.0446,114.7308,54.64
LDO_NFD_032,1,2026-04-02 16:03:44,NFD,LDO,3545469.8,LI_10GbE_aggregation_backhaul,10.0,3.1955,116.3114,59.11
LDO_NFD_033,1,2026-04-02 16:05:36,NFD,LDO,3546911.8,LI_10GbE_aggregation_backhaul,10.0,3.4252,116.9532,58.62
LDO_NFD_034,1,2026-04-02 16:09:32,NFD,LDO,2779083.6,LI_10GbE_aggregation_backhaul,10.0,3.2645,125.3322,58.5
LDO_NFD_035,1,2026-04-02 16:13:57,NFD,LDO,1988026.7,LI_10GbE_aggregation_backhaul,10.0,3.1893,110.8638,60.27
LDO_NFD_036,1,2026-04-02 16:16:01,NFD,LDO,4961800.9,LI_10GbE_aggregation_backhaul,10.0,3.0378,135.0564,57.95
LDO_NFD_037,1,2026-04-02 16:18:53,NFD,LDO,3654069.9,LI_10GbE_aggregation_backhaul,10.0,3.2128,127.215,56.64
LDO_NFD_038,1,2026-04-02 16:19:13,NFD,LDO,4454646.6,LI_10GbE_aggregation_backhaul,10.0,3.1191,125.9433,59.48
LDO_NFD_039,1,2026-04-02 16:20:30,NFD,LDO,2814830.8,LI_10GbE_aggregation_backhaul,10.0,3.2916,121.9271,62.1
LDO_NFD_040,1,2026-04-02 16:22:45,NFD,LDO,4185786.3,LI_10GbE_aggregation_backhaul,10.0,3.0357,127.8362,55.02
LDO_NFD_041,1,2026-04-02 16:26:05,NFD,LDO,3344815.8,LI_10GbE_aggregation_backhaul,10.0,3.2186,126.9341,60.05
LDO_NFD_042,1,2026-04-02 16:27:55,NFD,LDO,2470633.0,LI_10GbE_aggregation_backhaul,10.0,3.379,130.7764,59.64
LDO_NFD_043,1,2026-04-02 16:29:33,NFD,LDO,3673029.5,LI_10GbE_aggregation_backhaul,10.0,3.4046,123.044,62.16
LDO_NFD_044,1,2026-04-02 16:30:52,NFD,LDO,4676558.3,LI_10GbE_aggregation_backhaul,10.0,3.198,111.5395,60.5
LDO_NFD_045,1,2026-04-02 16:32:14,NFD,LDO,1064391.6,LI_10GbE_aggregation_backhaul,10.0,3.1549,113.5602,54.24
LDO_NFD_046,1,2026-04-02 16:38:18,NFD,LDO,1581486.9,LI_10GbE_aggregation_backhaul,10.0,3.1591,127.2188,58.25
LDO_NFD_047,1,2026-04-02 16:43:15,NFD,LDO,3081500.3,LI_10GbE_aggregation_backhaul,10.0,3.2467,122.7279,64.19
LDO_NFD_048,1,2026-04-02 16:44:31,NFD,LDO,4069992.0,LI_10GbE_aggregation_backhaul,10.0,3.2216,121.0641,60.09
LDO_NFD_049,1,2026-04-02 16:47:47,NFD,LDO,1681375.2,LI_10GbE_aggregation_backhaul,10.0,3.2104,123.947,58.9
LDO_NFD_050,2,2026-04-03 12:21:18,NFD,LDO,4040898.0,LI_10GbE_aggregation_backhaul,10.0,3.1725,121.9569,61.45
LDO_NFD_051,2,2026-04-03 12:22:48,NFD,LDO,4507619.9,LI_10GbE_aggregation_backhaul,10.0,3.1862,118.2407,55.53
LDO_NFD_052,2,2026-04-03 12:26:44,NFD,LDO,2192388.8,LI_10GbE_aggregation_backhaul,10.0,3.3553,117.4578,55.02
LDO_NFD_053,2,2026-04-03 12:28:13,NFD,LDO,4209141.5,LI_10GbE_aggregation_backhaul,10.0,3.2791,118.8212,59.53
LDO_NFD_054,2,2026-04-03 12:29:46,NFD,LDO,2228361.1,LI_10GbE_aggregation_backhaul,10.0,3.2545,125.3203,56.32
LDO_NFD_055,2,2026-04-03 12:31:05,NFD,LDO,1144847.6,LI_10GbE_aggregation_backhaul,10.0,3.3542,131.3479,59.66
LDO_NFD_056,2,2026-04-03 12:32:38,NFD,LDO,4478872.6,LI_10GbE_aggregation_backhaul,10.0,3.3978,124.4075,59.77
LDO_NFD_057,2,2026-04-03 12:36:23,NFD,LDO,3312065.6,LI_10GbE_aggregation_backhaul,10.0,3.2693,107.7131,59.35
LDO_NFD_058,2,2026-04-03 12:38:42,NFD,LDO,4628556.7,LI_10GbE_aggregation_backhaul,10.0,3.2496,107.929,57.25
LDO_NFD_059,2,2026-04-03 12:41:10,NFD,LDO,1699827.3,LI_10GbE_aggregation_backhaul,10.0,3.3774,124.0423,59.44
LDO_NFD_060,2,2026-04-03 12:45:17,NFD,LDO,2954120.2,LI_10GbE_aggregation_backhaul,10.0,3.2592,135.6349,59.74
LDO_NFD_061,2,2026-04-03 12:48:38,NFD,LDO,2411353.9,LI_10GbE_aggregation_backhaul,10.0,3.1488,125.4748,62.95
LDO_NFD_062,2,2026-04-03 12:50:20,NFD,LDO,4044204.1,LI_10GbE_aggregation_backhaul,10.0,3.4833,127.2278,59.63
LDO_NFD_063,2,2026-04-03 12:51:51,NFD,LDO,2302472.9,LI_10GbE_aggregation_backhaul,10.0,3.1139,113.8865,55.73
LDO_NFD_064,2,2026-04-03 12:54:15,NFD,LDO,2595284.9,LI_10GbE_aggregation_backhaul,10.0,3.2342,126.7249,59.31
LDO_NFD_065,2,2026-04-03 12:56:23,NFD,LDO,2544457.3,LI_10GbE_aggregation_backhaul,10.0,3.3519,121.663,59.66
LDO_NFD_066,3,2026-04-04 13:08:51,NFD,LDO,1188479.9,LI_10GbE_aggregation_backhaul,10.0,3.0469,124.6514,56.63
LDO_NFD_067,3,2026-04-04 13:13:30,NFD,LDO,1188061.3,LI_10GbE_aggregation_backhaul,10.0,3.3063,119.5108,57.49
LDO_NFD_068,3,2026-04-04 13:16:15,NFD,LDO,1966635.3,LI_10GbE_aggregation_backhaul,10.0,2.9089,115.2478,56.9
LDO_NFD_069,3,2026-04-04 13:17:46,NFD,LDO,2061813.0,LI_10GbE_aggregation_backhaul,10.0,3.3145,132.6199,62.48
LDO_NFD_070,3,2026-04-04 13:19:25,NFD,LDO,4503939.0,LI_10GbE_aggregation_backhaul,10.0,3.0987,126.9703,56.24
LDO_NFD_071,3,2026-04-04 13:23:14,NFD,LDO,2697866.6,LI_10GbE_aggregation_backhaul,10.0,3.2655,121.5658,59.86
LDO_NFD_072,3,2026-04-04 13:24:36,NFD,LDO,4216803.6,LI_10GbE_aggregation_backhaul,10.0,3.1645,121.5835,57.1
LDO_NFD_073,3,2026-04-04 13:26:18,NFD,LDO,2982022.8,LI_10GbE_aggregation_backhaul,10.0,3.117,117.2326,50.6
LDO_NFD_074,3,2026-04-04 13:29:13,NFD,LDO,4366515.1,LI_10GbE_aggregation_backhaul,10.0,3.043,112.5774,58.81
LDO_NFD_075,3,2026-04-04 13:31:02,NFD,LDO,1921935.0,LI_10GbE_aggregation_backhaul,10.0,3.1459,121.5851,55.29
LDO_NFD_076,3,2026-04-04 13:31:41,NFD,LDO,2429869.4,LI_10GbE_aggregation_backhaul,10.0,3.1277,123.2353,55.5
LDO_NFD_077,3,2026-04-04 13:36:15,NFD,LDO,4282900.7,LI_10GbE_aggregation_backhaul,10.0,3.0399,117.0785,58.1
LDO_NFD_078,3,2026-04-04 13:38:02,NFD,LDO,2349227.5,LI_10GbE_aggregation_backhaul,10.0,3.1219,109.1558,56.55
LDO_NFD_079,3,2026-04-04 13:44:07,NFD,LDO,2539424.0,LI_10GbE_aggregation_backhaul,10.0,3.1549,122.5455,53.16
LDO_NFD_080,3,2026-04-04 13:49:56,NFD,LDO,2088708.7,LI_10GbE_aggregation_backhaul,10.0,3.1532,118.5814,59.81
LDO_NFD_081,3,2026-04-04 13:50:45,NFD,LDO,4997745.5,LI_10GbE_aggregation_backhaul,10.0,3.1703,112.8901,59.69
LDO_NFD_082,3,2026-04-04 13:53:17,NFD,LDO,4899630.8,LI_10GbE_aggregation_backhaul,10.0,3.0632,123.0928,56.32
LDO_NFD_083,3,2026-04-04 13:56:38,NFD,LDO,3411077.9,LI_10GbE_aggregation_backhaul,10.0,3.2138,120.88,58.46
LDO_NFD_084,3,2026-04-04 13:59:54,NFD,LDO,3708146.7,LI_10GbE_aggregation_backhaul,10.0,3.2673,125.5544,56.99
LDO_NFD_085,3,2026-04-04 14:01:49,NFD,LDO,3006247.9,LI_10GbE_aggregation_backhaul,10.0,3.08,123.2554,60.54
LDO_NFD_086,4,2026-04-05 17:01:29,NFD,LDO,2067721.3,LI_10GbE_aggregation_backhaul,10.0,3.139,112.5285,58.78
LDO_NFD_087,4,2026-04-05 17:03:53,NFD,LDO,3777787.5,LI_10GbE_aggregation_backhaul,10.0,3.1216,119.0463,53.09
LDO_NFD_088,4,2026-04-05 17:04:50,NFD,LDO,2994978.2,LI_10GbE_aggregation_backhaul,10.0,3.1818,120.3034,59.61
LDO_NFD_089,4,2026-04-05 17:07:49,NFD,LDO,3143791.4,LI_10GbE_aggregation_backhaul,10.0,2.9208,115.6153,57.32
LDO_NFD_090,4,2026-04-05 17:09:36,NFD,LDO,2761481.0,LI_10GbE_aggregation_backhaul,10.0,3.0655,133.6657,56.28
LDO_NFD_091,4,2026-04-05 17:14:07,NFD,LDO,3708179.6,LI_10GbE_aggregation_backhaul,10.0,3.1834,116.6774,57.6
LDO_NFD_092,4,2026-04-05 17:16:16,NFD,LDO,4585547.2,LI_10GbE_aggregation_backhaul,10.0,3.1261,123.0214,60.51
LDO_NFD_093,4,2026-04-05 17:19:10,NFD,LDO,2215711.6,LI_10GbE_aggregation_backhaul,10.0,3.1494,128.6907,56.66
LDO_NFD_094,4,2026-04-05 17:20:21,NFD,LDO,3994201.1,LI_10GbE_aggregation_backhaul,10.0,3.0416,116.7779,51.94
LDO_NFD_095,4,2026-04-05 17:25:07,NFD,LDO,3190148.7,LI_10GbE_aggregation_backhaul,10.0,2.9845,118.3202,57.1
LDO_NFD_096,4,2026-04-05 17:25:49,NFD,LDO,3038636.0,LI_10GbE_aggregation_backhaul,10.0,3.1247,122.2694,55.23
LDO_NFD_097,4,2026-04-05 17:27:34,NFD,LDO,4151896.0,LI_10GbE_aggregation_backhaul,10.0,3.0884,107.7328,56.06
LDO_NFD_098,4,2026-04-05 17:28:15,NFD,LDO,1558181.5,LI_10GbE_aggregation_backhaul,10.0,3.0674,120.5664,59.52
LDO_NFD_099,4,2026-04-05 17:29:47,NFD,LDO,3089796.3,LI_10GbE_aggregation_backhaul,10.0,2.9649,115.0126,61.32
LDO_NFD_100,4,2026-04-05 17:36:34,NFD,LDO,3801426.4,LI_10GbE_aggregation_backhaul,10.0,3.056,120.1126,53.2
LDO_NFD_101,4,2026-04-05 17:37:09,NFD,LDO,2689326.4,LI_10GbE_aggregation_backhaul,10.0,2.9566,110.7551,58.04
LDO_NFD_102,4,2026-04-05 17:39:38,NFD,LDO,3728967.3,LI_10GbE_aggregation_backhaul,10.0,3.1005,125.4851,55.05
LDO_NFD_103,4,2026-04-05 17:43:36,NFD,LDO,3152517.1,LI_10GbE_aggregation_backhaul,10.0,3.3756,116.937,59.56
LDO_NFD_104,4,2026-04-05 17:44:35,NFD,LDO,3016573.2,LI_10GbE_aggregation_backhaul,10.0,3.1122,123.5542,53.61
LDO_NFD_105,4,2026-04-05 17:48:59,NFD,LDO,1423082.5,LI_10GbE_aggregation_backhaul,10.0,3.1396,123.4735,57.64
LDO_NFD_106,4,2026-04-05 17:51:47,NFD,LDO,3781199.3,LI_10GbE_aggregation_backhaul,10.0,3.2818,127.3094,55.29
LDO_NFD_107,4,2026-04-05 17:53:29,NFD,LDO,4599509.9,LI_10GbE_aggregation_backhaul,10.0,3.2021,120.5425,58.39
LDO_NFD_108,4,2026-04-05 17:55:21,NFD,LDO,4106735.7,LI_10GbE_aggregation_backhaul,10.0,3.1345,111.6164,56.32
LDO_NFD_109,4,2026-04-05 17:57:17,NFD,LDO,4309829.3,LI_10GbE_aggregation_backhaul,10.0,3.1337,122.8365,57.91
LDO_NFD_110,4,2026-04-05 18:00:11,NFD,LDO,4286482.1,LI_10GbE_aggregation_backhaul,10.0,3.055,113.4098,54.94
LDO_NFD_111,4,2026-04-05 18:01:47,NFD,LDO,3230389.5,LI_10GbE_aggregation_backhaul,10.0,3.0935,132.1051,56.2
LDO_NFD_112,4,2026-04-05 18:02:52,NFD,LDO,1701254.0,LI_10GbE_aggregation_backhaul,10.0,2.9275,109.5441,56.08
LDO_NFD_113,4,2026-04-05 18:03:49,NFD,LDO,3859211.0,LI_10GbE_aggregation_backhaul,10.0,3.1354,117.5597,58.36
LDO_NFD_114,4,2026-04-05 18:05:10,NFD,LDO,4024443.7,LI_10GbE_aggregation_backhaul,10.0,2.9658,112.7944,61.02
LDO_NFD_115,4,2026-04-05 18:06:09,NFD,LDO,2842135.9,LI_10GbE_aggregation_backhaul,10.0,3.0771,110.5739,55.91
LDO_NFD_116,5,2026-04-06 17:24:22,NFD,LDO,2459005.4,LI_10GbE_aggregation_backhaul,10.0,3.2855,116.0924,57.83
LDO_NFD_117,5,2026-04-06 17:26:29,NFD,LDO,2360926.9,LI_10GbE_aggregation_backhaul,10.0,3.0929,116.0425,56.14
LDO_NFD_118,5,2026-04-06 17:28:08,NFD,LDO,1218035.7,LI_10GbE_aggregation_backhaul,10.0,3.009,121.801,54.02
LDO_NFD_119,5,2026-04-06 17:30:13,NFD,LDO,4484660.0,LI_10GbE_aggregation_backhaul,10.0,3.1944,128.1652,59.99
LDO_NFD_120,5,2026-04-06 17:31:01,NFD,LDO,4325158.9,LI_10GbE_aggregation_backhaul,10.0,3.1815,119.6464,59.52
LDO_NFD_121,5,2026-04-06 17:34:38,NFD,LDO,3581817.5,LI_10GbE_aggregation_backhaul,10.0,3.1403,122.1904,57.38
LDO_NFD_122,5,2026-04-06 17:37:17,NFD,LDO,1131698.9,LI_10GbE_aggregation_backhaul,10.0,3.3881,118.1149,61.68
LDO_NFD_123,5,2026-04-06 17:39:36,NFD,LDO,1870077.7,LI_10GbE_aggregation_backhaul,10.0,3.0981,95.4498,56.89
LDO_NFD_124,5,2026-04-06 17:41:12,NFD,LDO,4039432.2,LI_10GbE_aggregation_backhaul,10.0,3.0674,123.5243,57.38
LDO_NFD_125,5,2026-04-06 17:42:30,NFD,LDO,3547208.8,LI_10GbE_aggregation_backhaul,10.0,3.094,124.3925,55.22
LDO_NFD_126,5,2026-04-06 17:45:00,NFD,LDO,2882479.8,LI_10GbE_aggregation_backhaul,10.0,3.0312,122.3115,54.28
LDO_NFD_127,5,2026-04-06 17:47:50,NFD,LDO,4329361.1,LI_10GbE_aggregation_backhaul,10.0,3.3112,129.4892,64.93
LDO_NFD_128,5,2026-04-06 17:48:06,NFD,LDO,1833334.4,LI_10GbE_aggregation_backhaul,10.0,3.0541,128.2039,58.4
LDO_NFD_129,5,2026-04-06 17:49:06,NFD,LDO,4167176.9,LI_10GbE_aggregation_backhaul,10.0,3.2689,128.3677,57.24
LDO_NFD_130,5,2026-04-06 17:49:40,NFD,LDO,3454515.2,LI_10GbE_aggregation_backhaul,10.0,3.1779,126.6906,56.39
LDO_NFD_131,5,2026-04-06 17:51:10,NFD,LDO,3223164.7,LI_10GbE_aggregation_backhaul,10.0,3.0279,123.4562,59.06
LDO_NFD_132,5,2026-04-06 17:52:36,NFD,LDO,1441026.9,LI_10GbE_aggregation_backhaul,10.0,3.2805,122.0957,55.97
LDO_NFD_133,5,2026-04-06 17:57:16,NFD,LDO,4851927.4,LI_10GbE_aggregation_backhaul,10.0,3.1143,125.5359,52.02
LDO_NFD_134,5,2026-04-06 17:59:27,NFD,LDO,1635237.4,LI_10GbE_aggregation_backhaul,10.0,3.0089,126.101,62.67
LDO_NFD_135,5,2026-04-06 18:04:50,NFD,LDO,4623622.0,LI_10GbE_aggregation_backhaul,10.0,3.2178,117.8421,58.74
LDO_NFD_136,5,2026-04-06 18:06:20,NFD,LDO,4068829.2,LI_10GbE_aggregation_backhaul,10.0,3.0741,124.2889,56.08
LDO_NFD_137,5,2026-04-06 18:07:00,NFD,LDO,1593856.9,LI_10GbE_aggregation_backhaul,10.0,3.1161,119.7994,56.62
LDO_NFD_138,5,2026-04-06 18:11:35,NFD,LDO,1328801.2,LI_10GbE_aggregation_backhaul,10.0,3.3906,123.5036,55.88
LDO_NFD_139,5,2026-04-06 18:12:09,NFD,LDO,3616058.7,LI_10GbE_aggregation_backhaul,10.0,3.044,120.2538,60.72
LDO_NFD_140,6,2026-04-07 00:24:46,NFD,LDO,4491585.8,LI_10GbE_aggregation_backhaul,10.0,3.1564,119.5847,62.1
LDO_NFD_141,6,2026-04-07 00:26:10,NFD,LDO,4258787.3,LI_10GbE_aggregation_backhaul,10.0,3.1802,124.2647,58.61
LDO_NFD_142,6,2026-04-07 00:30:07,NFD,LDO,2791025.2,LI_10GbE_aggregation_backhaul,10.0,3.3393,121.4514,57.6
LDO_NFD_143,6,2026-04-07 00:34:15,NFD,LDO,1159351.3,LI_10GbE_aggregation_backhaul,10.0,3.3485,113.4545,57.41
LDO_NFD_144,6,2026-04-07 00:34:58,NFD,LDO,4039489.3,LI_10GbE_aggregation_backhaul,10.0,3.1161,115.4477,58.56
LDO_NFD_145,6,2026-04-07 00:36:37,NFD,LDO,3137006.2,LI_10GbE_aggregation_backhaul,10.0,3.1874,121.6851,59.4
LDO_NFD_146,6,2026-04-07 00:38:51,NFD,LDO,1758425.7,LI_10GbE_aggregation_backhaul,10.0,3.268,128.361,61.24
LDO_NFD_147,6,2026-04-07 00:40:02,NFD,LDO,1846899.2,LI_10GbE_aggregation_backhaul,10.0,3.3355,120.7314,60.9
LDO_NFD_148,6,2026-04-07 00:40:42,NFD,LDO,4756280.3,LI_10GbE_aggregation_backhaul,10.0,3.1324,125.572,60.36
LDO_NFD_149,6,2026-04-07 00:42:41,NFD,LDO,1137848.7,LI_10GbE_aggregation_backhaul,10.0,3.1262,125.8018,59.86
LDO_NFD_150,6,2026-04-07 00:45:59,NFD,LDO,4420900.2,LI_10GbE_aggregation_backhaul,10.0,3.3261,114.8386,65.34
MDO_NFD_001,0,2026-04-15 15:24:00,NFD,MDO,67635.2,LI_10GbE_aggregation_backhaul,10.0,2.8207,16.4928,52.25
MDO_NFD_002,0,2026-04-15 15:25:57,NFD,MDO,133902.8,LI_10GbE_aggregation_backhaul,10.0,2.8297,16.3665,48.05
MDO_NFD_003,0,2026-04-15 15:28:29,NFD,MDO,246302.0,LI_10GbE_aggregation_backhaul,10.0,2.762,15.9862,55.43
MDO_NFD_004,0,2026-04-15 15:30:12,NFD,MDO,123130.1,LI_10GbE_aggregation_backhaul,10.0,2.6966,16.7959,51.88
MDO_NFD_005,0,2026-04-15 15:31:23,NFD,MDO,157317.8,LI_10GbE_aggregation_backhaul,10.0,2.7416,16.029,56.14
MDO_NFD_006,0,2026-04-15 15:33:30,NFD,MDO,204473.2,LI_10GbE_aggregation_backhaul,10.0,2.8049,15.1505,52.86
MDO_NFD_007,0,2026-04-15 15:34:48,NFD,MDO,476181.9,LI_10GbE_aggregation_backhaul,10.0,2.6325,16.8819,53.19
MDO_NFD_008,0,2026-04-15 15:38:17,NFD,MDO,94046.9,LI_10GbE_aggregation_backhaul,10.0,2.8608,16.2059,55.59
MDO_NFD_009,0,2026-04-15 15:39:09,NFD,MDO,214412.5,LI_10GbE_aggregation_backhaul,10.0,2.6165,16.6105,51.87
MDO_NFD_010,0,2026-04-15 15:44:04,NFD,MDO,237130.2,LI_10GbE_aggregation_backhaul,10.0,2.6529,16.5619,48.98
MDO_NFD_011,0,2026-04-15 15:47:03,NFD,MDO,331820.6,LI_10GbE_aggregation_backhaul,10.0,2.6075,15.2815,51.23
MDO_NFD_012,0,2026-04-15 15:49:20,NFD,MDO,374385.6,LI_10GbE_aggregation_backhaul,10.0,2.5244,15.2752,51.52
MDO_NFD_013,1,2026-04-16 05:06:39,NFD,MDO,402153.8,LI_10GbE_aggregation_backhaul,10.0,2.8355,16.1963,50.72
MDO_NFD_014,1,2026-04-16 05:08:57,NFD,MDO,116276.0,LI_10GbE_aggregation_backhaul,10.0,2.8681,16.3977,52.22
MDO_NFD_015,1,2026-04-16 05:09:58,NFD,MDO,202810.0,LI_10GbE_aggregation_backhaul,10.0,2.7037,14.3932,53.84
MDO_NFD_016,1,2026-04-16 05:11:34,NFD,MDO,444528.2,LI_10GbE_aggregation_backhaul,10.0,2.7518,17.1328,56.29
MDO_NFD_017,1,2026-04-16 05:13:50,NFD,MDO,91098.7,LI_10GbE_aggregation_backhaul,10.0,2.8034,16.308,54.1
MDO_NFD_018,1,2026-04-16 05:16:10,NFD,MDO,133812.0,LI_10GbE_aggregation_backhaul,10.0,2.8786,16.7904,54.61
MDO_NFD_019,1,2026-04-16 05:18:25,NFD,MDO,325044.4,LI_10GbE_aggregation_backhaul,10.0,2.7409,16.6847,62.84
MDO_NFD_020,1,2026-04-16 05:23:23,NFD,MDO,109681.0,LI_10GbE_aggregation_backhaul,10.0,2.7529,15.5592,53.84
MDO_NFD_021,1,2026-04-16 05:26:32,NFD,MDO,434439.8,LI_10GbE_aggregation_backhaul,10.0,2.894,16.6481,55.63
MDO_NFD_022,1,2026-04-16 05:29:41,NFD,MDO,202623.6,LI_10GbE_aggregation_backhaul,10.0,2.7114,16.9768,57.21
MDO_NFD_023,1,2026-04-16 05:30:59,NFD,MDO,221722.9,LI_10GbE_aggregation_backhaul,10.0,2.8184,17.0184,54.26
MDO_NFD_024,1,2026-04-16 05:34:09,NFD,MDO,406349.3,LI_10GbE_aggregation_backhaul,10.0,2.8411,16.6293,58.36
MDO_NFD_025,1,2026-04-16 05:36:14,NFD,MDO,428685.6,LI_10GbE_aggregation_backhaul,10.0,2.7274,19.7674,44.1
MDO_NFD_026,1,2026-04-16 05:37:55,NFD,MDO,142705.0,LI_10GbE_aggregation_backhaul,10.0,2.8881,16.814,53.95
MDO_NFD_027,1,2026-04-16 05:42:13,NFD,MDO,96157.3,LI_10GbE_aggregation_backhaul,10.0,2.691,17.7385,53.63
MDO_NFD_028,1,2026-04-16 05:45:36,NFD,MDO,344809.1,LI_10GbE_aggregation_backhaul,10.0,2.8508,15.3666,54.05
MDO_NFD_029,1,2026-04-16 05:49:50,NFD,MDO,177801.8,LI_10GbE_aggregation_backhaul,10.0,2.9899,17.6022,55.16
MDO_NFD_030,1,2026-04-16 05:52:11,NFD,MDO,416440.3,LI_10GbE_aggregation_backhaul,10.0,2.9394,16.8882,48.1
MDO_NFD_031,1,2026-04-16 05:54:49,NFD,MDO,311617.9,LI_10GbE_aggregation_backhaul,10.0,2.9596,18.2096,54.88
MDO_NFD_032,1,2026-04-16 05:57:57,NFD,MDO,449069.0,LI_10GbE_aggregation_backhaul,10.0,2.79,16.552,54.39
MDO_NFD_033,1,2026-04-16 05:59:48,NFD,MDO,208078.4,LI_10GbE_aggregation_backhaul,10.0,2.9604,15.7007,49.61
MDO_NFD_034,1,2026-04-16 06:02:05,NFD,MDO,437351.1,LI_10GbE_aggregation_backhaul,10.0,3.0529,14.2646,56.83
MDO_NFD_035,2,2026-04-16 19:56:13,NFD,MDO,472921.6,LI_10GbE_aggregation_backhaul,10.0,2.795,16.7529,55.75
MDO_NFD_036,2,2026-04-16 19:57:09,NFD,MDO,173339.3,LI_10GbE_aggregation_backhaul,10.0,2.834,17.7263,47.28
MDO_NFD_037,2,2026-04-16 19:58:49,NFD,MDO,111455.2,LI_10GbE_aggregation_backhaul,10.0,2.7509,16.5054,50.14
MDO_NFD_038,2,2026-04-16 20:02:39,NFD,MDO,407368.9,LI_10GbE_aggregation_backhaul,10.0,3.0004,16.2921,50.28
MDO_NFD_039,2,2026-04-16 20:04:26,NFD,MDO,328690.6,LI_10GbE_aggregation_backhaul,10.0,2.7627,16.0367,55.71
MDO_NFD_040,2,2026-04-16 20:07:04,NFD,MDO,73591.5,LI_10GbE_aggregation_backhaul,10.0,2.9952,16.7885,55.72
MDO_NFD_041,2,2026-04-16 20:11:27,NFD,MDO,132754.1,LI_10GbE_aggregation_backhaul,10.0,2.7757,16.315,51.99
MDO_NFD_042,2,2026-04-16 20:18:35,NFD,MDO,409174.8,LI_10GbE_aggregation_backhaul,10.0,2.9526,15.9861,54.17
MDO_NFD_043,2,2026-04-16 20:19:53,NFD,MDO,74469.8,LI_10GbE_aggregation_backhaul,10.0,2.623,17.2314,52.79
MDO_NFD_044,2,2026-04-16 20:20:38,NFD,MDO,355699.4,LI_10GbE_aggregation_backhaul,10.0,2.8587,19.3448,57.52
MDO_NFD_045,2,2026-04-16 20:21:32,NFD,MDO,165027.6,LI_10GbE_aggregation_backhaul,10.0,2.6671,16.2257,50.36
MDO_NFD_046,2,2026-04-16 20:23:56,NFD,MDO,93295.6,LI_10GbE_aggregation_backhaul,10.0,2.9656,16.8357,50.91
MDO_NFD_047,2,2026-04-16 20:25:33,NFD,MDO,86322.1,LI_10GbE_aggregation_backhaul,10.0,2.6821,17.912,52.03
MDO_NFD_048,2,2026-04-16 20:26:07,NFD,MDO,339071.0,LI_10GbE_aggregation_backhaul,10.0,2.4587,16.1959,52.1
MDO_NFD_049,2,2026-04-16 20:28:15,NFD,MDO,393385.2,LI_10GbE_aggregation_backhaul,10.0,2.7626,18.469,53.72
MDO_NFD_050,2,2026-04-16 20:28:59,NFD,MDO,126551.3,LI_10GbE_aggregation_backhaul,10.0,2.6901,14.6372,57.9
MDO_NFD_051,2,2026-04-16 20:31:18,NFD,MDO,338512.9,LI_10GbE_aggregation_backhaul,10.0,3.0348,15.9581,52.75
MDO_NFD_052,2,2026-04-16 20:32:57,NFD,MDO,411444.0,LI_10GbE_aggregation_backhaul,10.0,2.8797,17.1495,55.93
MDO_NFD_053,2,2026-04-16 20:35:06,NFD,MDO,97928.8,LI_10GbE_aggregation_backhaul,10.0,2.842,16.2487,51.25
MDO_NFD_054,2,2026-04-16 20:37:28,NFD,MDO,438695.1,LI_10GbE_aggregation_backhaul,10.0,2.7681,14.3917,54.3
MDO_NFD_055,2,2026-04-16 20:38:36,NFD,MDO,468808.4,LI_10GbE_aggregation_backhaul,10.0,2.8822,17.9945,55.06
MDO_NFD_056,2,2026-04-16 20:40:21,NFD,MDO,461563.3,LI_10GbE_aggregation_backhaul,10.0,2.711,18.3895,55.68
MDO_NFD_057,2,2026-04-16 20:43:50,NFD,MDO,387648.9,LI_10GbE_aggregation_backhaul,10.0,2.7742,18.4078,53.41
MDO_NFD_058,2,2026-04-16 20:44:50,NFD,MDO,480036.7,LI_10GbE_aggregation_backhaul,10.0,2.7894,16.3935,49.69
MDO_NFD_059,2,2026-04-16 20:48:52,NFD,MDO,267547.5,LI_10GbE_aggregation_backhaul,10.0,2.8686,15.0179,50.63
MDO_NFD_060,2,2026-04-16 20:51:02,NFD,MDO,270840.2,LI_10GbE_aggregation_backhaul,10.0,2.7801,17.2366,48.09
MDO_NFD_061,2,2026-04-16 20:52:39,NFD,MDO,336490.0,LI_10GbE_aggregation_backhaul,10.0,2.7431,16.826,56.51
MDO_NFD_062,2,2026-04-16 20:55:52,NFD,MDO,255861.0,LI_10GbE_aggregation_backhaul,10.0,2.7373,14.7425,51.69
MDO_NFD_063,2,2026-04-16 20:58:14,NFD,MDO,490919.0,LI_10GbE_aggregation_backhaul,10.0,2.8865,15.9124,55.19
MDO_NFD_064,2,2026-04-16 21:00:58,NFD,MDO,94247.0,LI_10GbE_aggregation_backhaul,10.0,2.7391,16.0066,52.46
SDO_PythonNDN_001,0,2026-04-17 09:26:00,PythonNDN,SDO,241.4,LI_10GbE_aggregation_backhaul,10.0,0.3955,3.1412,84.0
SDO_PythonNDN_002,0,2026-04-17 09:30:29,PythonNDN,SDO,622.8,LI_10GbE_aggregation_backhaul,10.0,0.3902,3.0214,73.78
SDO_PythonNDN_003,0,2026-04-17 09:33:32,PythonNDN,SDO,1531.9,LI_10GbE_aggregation_backhaul,10.0,0.4205,3.5236,88.62
SDO_PythonNDN_004,0,2026-04-17 09:34:47,PythonNDN,SDO,1827.1,LI_10GbE_aggregation_backhaul,10.0,0.4013,3.2567,90.89
SDO_PythonNDN_005,0,2026-04-17 09:36:41,PythonNDN,SDO,1914.2,LI_10GbE_aggregation_backhaul,10.0,0.393,3.3794,87.54
SDO_PythonNDN_006,0,2026-04-17 09:39:13,PythonNDN,SDO,835.4,LI_10GbE_aggregation_backhaul,10.0,0.4007,3.0683,83.87
SDO_PythonNDN_007,0,2026-04-17 09:43:01,PythonNDN,SDO,528.4,LI_10GbE_aggregation_backhaul,10.0,0.3959,2.925,80.76
SDO_PythonNDN_008,0,2026-04-17 09:47:57,PythonNDN,SDO,1080.5,LI_10GbE_aggregation_backhaul,10.0,0.3891,3.1327,84.06
SDO_PythonNDN_009,0,2026-04-17 09:50:40,PythonNDN,SDO,302.7,LI_10GbE_aggregation_backhaul,10.0,0.3958,3.2861,78.58
SDO_PythonNDN_010,0,2026-04-17 09:52:35,PythonNDN,SDO,359.0,LI_10GbE_aggregation_backhaul,10.0,0.3864,3.3311,83.26
SDO_PythonNDN_011,0,2026-04-17 09:53:58,PythonNDN,SDO,1194.1,LI_10GbE_aggregation_backhaul,10.0,0.3859,3.3718,82.23
SDO_PythonNDN_012,0,2026-04-17 09:56:37,PythonNDN,SDO,735.2,LI_10GbE_aggregation_backhaul,10.0,0.41,3.0608,84.13
SDO_PythonNDN_013,0,2026-04-17 09:58:17,PythonNDN,SDO,1071.8,LI_10GbE_aggregation_backhaul,10.0,0.3688,3.2068,77.32
SDO_PythonNDN_014,0,2026-04-17 09:58:41,PythonNDN,SDO,254.4,LI_10GbE_aggregation_backhaul,10.0,0.3838,2.8963,83.08
MDO_NFD_065,3,2026-04-17 14:29:49,NFD,MDO,268153.8,LI_10GbE_aggregation_backhaul,10.0,2.9193,16.9486,52.0
MDO_NFD_066,3,2026-04-17 14:32:19,NFD,MDO,276964.2,LI_10GbE_aggregation_backhaul,10.0,2.9072,18.1054,54.73
MDO_NFD_067,3,2026-04-17 14:33:09,NFD,MDO,378740.2,LI_10GbE_aggregation_backhaul,10.0,2.6611,16.336,51.17
MDO_NFD_068,3,2026-04-17 14:37:08,NFD,MDO,100627.7,LI_10GbE_aggregation_backhaul,10.0,2.9523,17.9957,55.66
MDO_NFD_069,3,2026-04-17 14:41:32,NFD,MDO,308830.2,LI_10GbE_aggregation_backhaul,10.0,2.9194,17.5607,53.07
MDO_NFD_070,3,2026-04-17 14:43:40,NFD,MDO,265299.2,LI_10GbE_aggregation_backhaul,10.0,2.8421,17.485,58.01
MDO_NFD_071,3,2026-04-17 14:48:10,NFD,MDO,362305.8,LI_10GbE_aggregation_backhaul,10.0,2.946,18.013,56.46
MDO_NFD_072,3,2026-04-17 14:49:39,NFD,MDO,81515.9,LI_10GbE_aggregation_backhaul,10.0,2.8668,17.6852,55.12
MDO_NFD_073,3,2026-04-17 14:51:56,NFD,MDO,181699.9,LI_10GbE_aggregation_backhaul,10.0,2.8864,18.3402,54.2
MDO_NFD_074,3,2026-04-17 14:56:08,NFD,MDO,477474.9,LI_10GbE_aggregation_backhaul,10.0,2.933,16.9619,56.05
MDO_NFD_075,3,2026-04-17 14:57:56,NFD,MDO,194316.8,LI_10GbE_aggregation_backhaul,10.0,2.8769,15.93,52.86
MDO_NFD_076,3,2026-04-17 15:00:29,NFD,MDO,413239.0,LI_10GbE_aggregation_backhaul,10.0,2.7714,18.9966,58.23
MDO_NFD_077,3,2026-04-17 15:02:27,NFD,MDO,208186.9,LI_10GbE_aggregation_backhaul,10.0,2.8968,17.8679,51.52
MDO_NFD_078,3,2026-04-17 15:07:40,NFD,MDO,325966.5,LI_10GbE_aggregation_backhaul,10.0,2.9648,17.8211,54.29
MDO_NFD_079,3,2026-04-17 15:08:16,NFD,MDO,385429.7,LI_10GbE_aggregation_backhaul,10.0,3.06,18.2965,52.4
MDO_NFD_080,3,2026-04-17 15:08:56,NFD,MDO,469897.6,LI_10GbE_aggregation_backhaul,10.0,2.9518,15.7007,57.03
MDO_NFD_081,3,2026-04-17 15:11:45,NFD,MDO,245534.3,LI_10GbE_aggregation_backhaul,10.0,2.9942,19.6859,54.06
MDO_NFD_082,3,2026-04-17 15:14:16,NFD,MDO,271625.3,LI_10GbE_aggregation_backhaul,10.0,2.7958,17.7395,55.34
MDO_NFD_083,3,2026-04-17 15:17:35,NFD,MDO,145310.0,LI_10GbE_aggregation_backhaul,10.0,2.9394,16.3637,51.49
MDO_NFD_084,3,2026-04-17 15:21:16,NFD,MDO,511781.6,LI_10GbE_aggregation_backhaul,10.0,2.7784,16.7567,57.72
MDO_NFD_085,3,2026-04-17 15:26:46,NFD,MDO,99299.0,LI_10GbE_aggregation_backhaul,10.0,3.0063,17.595,55.72
MDO_NFD_086,3,2026-04-17 15:27:31,NFD,MDO,109873.2,LI_10GbE_aggregation_backhaul,10.0,2.8762,17.6859,55.98
MDO_NFD_087,3,2026-04-17 15:28:32,NFD,MDO,181611.8,LI_10GbE_aggregation_backhaul,10.0,2.8869,16.8869,57.63
SDO_PythonNDN_015,1,2026-04-18 11:39:39,PythonNDN,SDO,1688.0,LI_10GbE_aggregation_backhaul,10.0,0.3905,3.0518,81.99
SDO_PythonNDN_016,1,2026-04-18 11:42:22,PythonNDN,SDO,949.9,LI_10GbE_aggregation_backhaul,10.0,0.4086,3.1674,79.67
SDO_PythonNDN_017,1,2026-04-18 11:43:00,PythonNDN,SDO,1615.8,LI_10GbE_aggregation_backhaul,10.0,0.3847,3.2358,80.44
SDO_PythonNDN_018,1,2026-04-18 11:45:53,PythonNDN,SDO,1172.8,LI_10GbE_aggregation_backhaul,10.0,0.403,3.4881,83.75
SDO_PythonNDN_019,1,2026-04-18 11:48:22,PythonNDN,SDO,1504.1,LI_10GbE_aggregation_backhaul,10.0,0.4046,3.3685,84.77
SDO_PythonNDN_020,1,2026-04-18 11:49:33,PythonNDN,SDO,1973.2,LI_10GbE_aggregation_backhaul,10.0,0.4094,3.5104,71.22
SDO_PythonNDN_021,1,2026-04-18 11:53:42,PythonNDN,SDO,1854.5,LI_10GbE_aggregation_backhaul,10.0,0.4122,2.9372,80.63
SDO_PythonNDN_022,1,2026-04-18 11:54:17,PythonNDN,SDO,1370.9,LI_10GbE_aggregation_backhaul,10.0,0.4008,3.2937,89.4
SDO_PythonNDN_023,1,2026-04-18 11:58:35,PythonNDN,SDO,1988.8,LI_10GbE_aggregation_backhaul,10.0,0.3916,3.0362,90.78
SDO_PythonNDN_024,1,2026-04-18 12:01:24,PythonNDN,SDO,290.1,LI_10GbE_aggregation_backhaul,10.0,0.3999,3.4211,84.77
SDO_PythonNDN_025,1,2026-04-18 12:03:45,PythonNDN,SDO,477.5,LI_10GbE_aggregation_backhaul,10.0,0.3784,3.1797,82.26
SDO_PythonNDN_026,1,2026-04-18 12:04:29,PythonNDN,SDO,1716.1,LI_10GbE_aggregation_backhaul,10.0,0.4149,3.2966,80.29
SDO_PythonNDN_027,1,2026-04-18 12:07:08,PythonNDN,SDO,1702.9,LI_10GbE_aggregation_backhaul,10.0,0.3869,3.3971,90.53
SDO_PythonNDN_028,1,2026-04-18 12:08:57,PythonNDN,SDO,1031.4,LI_10GbE_aggregation_backhaul,10.0,0.3961,3.2642,82.72
SDO_PythonNDN_029,1,2026-04-18 12:11:45,PythonNDN,SDO,345.7,LI_10GbE_aggregation_backhaul,10.0,0.3941,3.0573,86.18
SDO_PythonNDN_030,1,2026-04-18 12:12:46,PythonNDN,SDO,278.5,LI_10GbE_aggregation_backhaul,10.0,0.428,3.1095,77.31
MDO_NFD_088,4,2026-04-18 13:20:26,NFD,MDO,391332.3,LI_10GbE_aggregation_backhaul,10.0,2.7718,17.3855,51.15
MDO_NFD_089,4,2026-04-18 13:24:27,NFD,MDO,291143.3,LI_10GbE_aggregation_backhaul,10.0,2.9929,17.6433,66.32
MDO_NFD_090,4,2026-04-18 13:26:26,NFD,MDO,193356.2,LI_10GbE_aggregation_backhaul,10.0,2.6862,15.6631,61.23
MDO_NFD_091,4,2026-04-18 13:28:26,NFD,MDO,163911.6,LI_10GbE_aggregation_backhaul,10.0,3.0285,16.3061,54.88
MDO_NFD_092,4,2026-04-18 13:29:09,NFD,MDO,266875.2,LI_10GbE_aggregation_backhaul,10.0,2.9071,16.5041,53.37
MDO_NFD_093,4,2026-04-18 13:32:52,NFD,MDO,427141.7,LI_10GbE_aggregation_backhaul,10.0,2.9472,17.3511,53.36
MDO_NFD_094,4,2026-04-18 13:34:58,NFD,MDO,498394.5,LI_10GbE_aggregation_backhaul,10.0,3.0692,17.2073,53.8
MDO_NFD_095,4,2026-04-18 13:36:33,NFD,MDO,395992.7,LI_10GbE_aggregation_backhaul,10.0,2.8297,18.9211,56.37
MDO_NFD_096,4,2026-04-18 13:39:33,NFD,MDO,244706.1,LI_10GbE_aggregation_backhaul,10.0,3.0363,17.2038,57.1
MDO_NFD_097,4,2026-04-18 13:42:39,NFD,MDO,207577.3,LI_10GbE_aggregation_backhaul,10.0,2.885,16.0,55.68
MDO_NFD_098,4,2026-04-18 13:44:38,NFD,MDO,129131.8,LI_10GbE_aggregation_backhaul,10.0,2.9383,17.3015,54.12
MDO_NFD_099,4,2026-04-18 13:48:40,NFD,MDO,115376.0,LI_10GbE_aggregation_backhaul,10.0,2.9479,14.5047,52.13
MDO_NFD_100,5,2026-04-19 11:38:18,NFD,MDO,162174.1,LI_10GbE_aggregation_backhaul,10.0,3.0007,16.602,52.33
MDO_NFD_101,5,2026-04-19 11:39:17,NFD,MDO,493167.3,LI_10GbE_aggregation_backhaul,10.0,2.6234,15.5381,51.23
MDO_NFD_102,5,2026-04-19 11:42:03,NFD,MDO,215402.3,LI_10GbE_aggregation_backhaul,10.0,2.7683,18.0445,51.69
MDO_NFD_103,5,2026-04-19 11:42:57,NFD,MDO,417997.3,LI_10GbE_aggregation_backhaul,10.0,2.7982,18.9594,53.74
MDO_NFD_104,5,2026-04-19 11:43:55,NFD,MDO,464900.8,LI_10GbE_aggregation_backhaul,10.0,2.7559,16.2155,52.26
MDO_NFD_105,5,2026-04-19 11:45:07,NFD,MDO,195734.4,LI_10GbE_aggregation_backhaul,10.0,2.8467,15.6201,50.43
MDO_NFD_106,5,2026-04-19 11:47:00,NFD,MDO,504090.0,LI_10GbE_aggregation_backhaul,10.0,2.7659,17.8921,50.46
MDO_NFD_107,5,2026-04-19 11:48:49,NFD,MDO,116870.6,LI_10GbE_aggregation_backhaul,10.0,2.8314,17.1335,53.64
MDO_NFD_108,5,2026-04-19 11:51:12,NFD,MDO,378532.7,LI_10GbE_aggregation_backhaul,10.0,2.7247,16.6552,51.97
MDO_NFD_109,5,2026-04-19 11:53:31,NFD,MDO,252899.6,LI_10GbE_aggregation_backhaul,10.0,2.7007,16.4982,50.53
MDO_NFD_110,5,2026-04-19 11:54:56,NFD,MDO,101237.2,LI_10GbE_aggregation_backhaul,10.0,2.7216,16.5643,57.48
MDO_NFD_111,5,2026-04-19 11:56:08,NFD,MDO,508593.8,LI_10GbE_aggregation_backhaul,10.0,2.8464,16.3154,53.92
MDO_NFD_112,5,2026-04-19 11:57:15,NFD,MDO,187428.4,LI_10GbE_aggregation_backhaul,10.0,2.8258,17.6234,51.4
MDO_NFD_113,5,2026-04-19 12:00:22,NFD,MDO,181950.5,LI_10GbE_aggregation_backhaul,10.0,2.9102,17.9379,54.37
SDO_PythonNDN_031,2,2026-04-19 12:03:26,PythonNDN,SDO,792.7,LI_10GbE_aggregation_backhaul,10.0,0.399,3.111,81.57
MDO_NFD_114,5,2026-04-19 12:03:30,NFD,MDO,193313.1,LI_10GbE_aggregation_backhaul,10.0,2.854,16.9678,57.09
SDO_PythonNDN_032,2,2026-04-19 12:03:54,PythonNDN,SDO,228.6,LI_10GbE_aggregation_backhaul,10.0,0.4038,3.1586,91.14
SDO_PythonNDN_033,2,2026-04-19 12:05:15,PythonNDN,SDO,1883.9,LI_10GbE_aggregation_backhaul,10.0,0.4261,3.2043,87.7
MDO_NFD_115,5,2026-04-19 12:05:18,NFD,MDO,249921.5,LI_10GbE_aggregation_backhaul,10.0,2.8297,17.7872,53.12
MDO_NFD_116,5,2026-04-19 12:06:37,NFD,MDO,307185.3,LI_10GbE_aggregation_backhaul,10.0,2.8525,17.1147,54.5
SDO_PythonNDN_034,2,2026-04-19 12:06:47,PythonNDN,SDO,1319.8,LI_10GbE_aggregation_backhaul,10.0,0.4123,3.4354,85.25
SDO_PythonNDN_035,2,2026-04-19 12:10:09,PythonNDN,SDO,1772.4,LI_10GbE_aggregation_backhaul,10.0,0.3979,2.931,78.21
MDO_NFD_117,5,2026-04-19 12:10:31,NFD,MDO,316340.4,LI_10GbE_aggregation_backhaul,10.0,3.0449,17.0738,50.66
SDO_PythonNDN_036,2,2026-04-19 12:11:38,PythonNDN,SDO,999.6,LI_10GbE_aggregation_backhaul,10.0,0.421,3.838,86.37
MDO_NFD_118,5,2026-04-19 12:14:06,NFD,MDO,158093.0,LI_10GbE_aggregation_backhaul,10.0,2.9075,16.2112,56.68
SDO_PythonNDN_037,2,2026-04-19 12:14:19,PythonNDN,SDO,1389.2,LI_10GbE_aggregation_backhaul,10.0,0.4036,3.2853,86.67
SDO_PythonNDN_038,2,2026-04-19 12:15:38,PythonNDN,SDO,503.1,LI_10GbE_aggregation_backhaul,10.0,0.4182,3.3313,89.25
MDO_NFD_119,5,2026-04-19 12:16:59,NFD,MDO,355260.7,LI_10GbE_aggregation_backhaul,10.0,2.9367,17.5284,50.01
SDO_PythonNDN_039,2,2026-04-19 12:17:11,PythonNDN,SDO,1928.6,LI_10GbE_aggregation_backhaul,10.0,0.4258,3.1945,79.26
SDO_PythonNDN_040,2,2026-04-19 12:18:10,PythonNDN,SDO,203.3,LI_10GbE_aggregation_backhaul,10.0,0.3971,3.235,79.9
MDO_NFD_120,5,2026-04-19 12:20:40,NFD,MDO,88417.4,LI_10GbE_aggregation_backhaul,10.0,2.8302,17.2949,53.05
SDO_PythonNDN_041,2,2026-04-19 12:21:04,PythonNDN,SDO,1890.5,LI_10GbE_aggregation_backhaul,10.0,0.3921,3.2483,84.67
MDO_NFD_121,5,2026-04-19 12:22:26,NFD,MDO,206657.1,LI_10GbE_aggregation_backhaul,10.0,2.7275,18.2673,46.1
SDO_PythonNDN_042,2,2026-04-19 12:22:53,PythonNDN,SDO,1329.9,LI_10GbE_aggregation_backhaul,10.0,0.3986,3.1655,84.38
SDO_PythonNDN_043,2,2026-04-19 12:24:45,PythonNDN,SDO,728.4,LI_10GbE_aggregation_backhaul,10.0,0.4153,3.5496,83.11
SDO_PythonNDN_044,2,2026-04-19 12:28:10,PythonNDN,SDO,242.8,LI_10GbE_aggregation_backhaul,10.0,0.4362,3.2731,82.1
SDO_PythonNDN_045,2,2026-04-19 12:31:01,PythonNDN,SDO,1710.6,LI_10GbE_aggregation_backhaul,10.0,0.4156,3.3232,80.37
SDO_PythonNDN_046,2,2026-04-19 12:33:07,PythonNDN,SDO,1087.2,LI_10GbE_aggregation_backhaul,10.0,0.4176,3.2316,84.23
SDO_PythonNDN_047,2,2026-04-19 12:34:33,PythonNDN,SDO,1404.9,LI_10GbE_aggregation_backhaul,10.0,0.4015,3.9511,79.74
SDO_PythonNDN_048,2,2026-04-19 12:39:49,PythonNDN,SDO,891.9,LI_10GbE_aggregation_backhaul,10.0,0.4079,3.2184,82.68
SDO_PythonNDN_049,3,2026-04-20 00:26:48,PythonNDN,SDO,419.5,LI_10GbE_aggregation_backhaul,10.0,0.3914,3.2683,82.52
SDO_PythonNDN_050,3,2026-04-20 00:27:17,PythonNDN,SDO,1089.7,LI_10GbE_aggregation_backhaul,10.0,0.3636,3.397,76.91
SDO_PythonNDN_051,3,2026-04-20 00:28:32,PythonNDN,SDO,1538.2,LI_10GbE_aggregation_backhaul,10.0,0.3822,2.98,79.18
SDO_PythonNDN_052,3,2026-04-20 00:29:58,PythonNDN,SDO,1120.6,LI_10GbE_aggregation_backhaul,10.0,0.381,3.0218,88.76
SDO_PythonNDN_053,3,2026-04-20 00:30:56,PythonNDN,SDO,778.5,LI_10GbE_aggregation_backhaul,10.0,0.3883,2.9799,75.51
SDO_PythonNDN_054,3,2026-04-20 00:31:32,PythonNDN,SDO,1347.9,LI_10GbE_aggregation_backhaul,10.0,0.4014,3.2477,78.11
SDO_PythonNDN_055,3,2026-04-20 00:34:19,PythonNDN,SDO,1396.9,LI_10GbE_aggregation_backhaul,10.0,0.3899,3.275,80.85
SDO_PythonNDN_056,3,2026-04-20 00:37:19,PythonNDN,SDO,232.9,LI_10GbE_aggregation_backhaul,10.0,0.3994,3.3723,85.56
SDO_PythonNDN_057,3,2026-04-20 00:38:45,PythonNDN,SDO,1397.6,LI_10GbE_aggregation_backhaul,10.0,0.3956,3.0179,83.3
SDO_PythonNDN_058,3,2026-04-20 00:41:23,PythonNDN,SDO,385.2,LI_10GbE_aggregation_backhaul,10.0,0.3952,3.1971,85.46
SDO_PythonNDN_059,3,2026-04-20 00:41:56,PythonNDN,SDO,252.7,LI_10GbE_aggregation_backhaul,10.0,0.3823,3.0993,83.54
SDO_PythonNDN_060,3,2026-04-20 00:44:31,PythonNDN,SDO,1093.9,LI_10GbE_aggregation_backhaul,10.0,0.3857,3.2692,77.53
SDO_PythonNDN_061,3,2026-04-20 00:48:50,PythonNDN,SDO,316.8,LI_10GbE_aggregation_backhaul,10.0,0.3886,2.7136,78.12
SDO_PythonNDN_062,3,2026-04-20 00:50:27,PythonNDN,SDO,385.5,LI_10GbE_aggregation_backhaul,10.0,0.3828,3.5519,79.94
SDO_PythonNDN_063,3,2026-04-20 00:53:14,PythonNDN,SDO,1090.3,LI_10GbE_aggregation_backhaul,10.0,0.3923,3.0618,81.05
MDO_NFD_122,6,2026-04-20 05:05:13,NFD,MDO,332927.7,LI_10GbE_aggregation_backhaul,10.0,2.9883,17.9053,53.38
MDO_NFD_123,6,2026-04-20 05:08:29,NFD,MDO,189033.1,LI_10GbE_aggregation_backhaul,10.0,2.7359,16.0348,53.6
MDO_NFD_124,6,2026-04-20 05:09:24,NFD,MDO,126900.6,LI_10GbE_aggregation_backhaul,10.0,2.7552,16.4125,50.33
MDO_NFD_125,6,2026-04-20 05:12:41,NFD,MDO,334414.2,LI_10GbE_aggregation_backhaul,10.0,2.7852,17.2181,49.65
MDO_NFD_126,6,2026-04-20 05:13:30,NFD,MDO,263343.9,LI_10GbE_aggregation_backhaul,10.0,2.7581,15.9206,56.29
MDO_NFD_127,6,2026-04-20 05:13:57,NFD,MDO,320060.0,LI_10GbE_aggregation_backhaul,10.0,2.7316,17.3569,51.58
MDO_NFD_128,6,2026-04-20 05:17:29,NFD,MDO,295071.2,LI_10GbE_aggregation_backhaul,10.0,2.8114,16.1751,54.43
MDO_NFD_129,6,2026-04-20 05:19:17,NFD,MDO,110605.7,LI_10GbE_aggregation_backhaul,10.0,2.8721,17.039,50.99
MDO_NFD_130,6,2026-04-20 05:21:04,NFD,MDO,135104.1,LI_10GbE_aggregation_backhaul,10.0,2.7958,18.0266,55.41
MDO_NFD_131,6,2026-04-20 05:22:25,NFD,MDO,411277.7,LI_10GbE_aggregation_backhaul,10.0,2.9615,16.5245,56.32
MDO_NFD_132,6,2026-04-20 05:24:09,NFD,MDO,326502.9,LI_10GbE_aggregation_backhaul,10.0,2.7643,15.945,55.44
MDO_NFD_133,6,2026-04-20 05:26:35,NFD,MDO,291833.2,LI_10GbE_aggregation_backhaul,10.0,2.7405,17.3203,52.15
MDO_NFD_134,6,2026-04-20 05:27:41,NFD,MDO,316393.9,LI_10GbE_aggregation_backhaul,10.0,2.8655,17.1371,54.1
MDO_NFD_135,6,2026-04-20 05:29:22,NFD,MDO,411882.8,LI_10GbE_aggregation_backhaul,10.0,2.8259,17.5395,50.68
MDO_NFD_136,6,2026-04-20 05:35:17,NFD,MDO,85929.8,LI_10GbE_aggregation_backhaul,10.0,2.8424,16.2159,56.0
MDO_NFD_137,6,2026-04-20 05:41:01,NFD,MDO,326525.6,LI_10GbE_aggregation_backhaul,10.0,3.0065,16.5957,55.95
MDO_NFD_138,6,2026-04-20 05:42:58,NFD,MDO,344234.6,LI_10GbE_aggregation_backhaul,10.0,2.7366,16.076,55.03
MDO_NFD_139,6,2026-04-20 05:44:19,NFD,MDO,252976.9,LI_10GbE_aggregation_backhaul,10.0,2.865,18.5136,50.17
MDO_NFD_140,6,2026-04-20 05:45:55,NFD,MDO,497744.1,LI_10GbE_aggregation_backhaul,10.0,2.8986,16.0578,54.6
MDO_NFD_141,6,2026-04-20 05:47:51,NFD,MDO,118316.1,LI_10GbE_aggregation_backhaul,10.0,2.8276,17.9423,51.41
MDO_NFD_142,6,2026-04-20 05:49:07,NFD,MDO,195872.6,LI_10GbE_aggregation_backhaul,10.0,2.7367,15.9611,50.47
MDO_NFD_143,6,2026-04-20 05:50:17,NFD,MDO,167988.9,LI_10GbE_aggregation_backhaul,10.0,2.5179,16.507,55.17
MDO_NFD_144,6,2026-04-20 05:53:05,NFD,MDO,471621.3,LI_10GbE_aggregation_backhaul,10.0,2.7562,16.088,54.11
MDO_NFD_145,6,2026-04-20 05:55:42,NFD,MDO,293700.9,LI_10GbE_aggregation_backhaul,10.0,2.7784,17.9065,52.0
MDO_NFD_146,6,2026-04-20 05:57:47,NFD,MDO,279391.5,LI_10GbE_aggregation_backhaul,10.0,2.7633,16.7384,49.52
MDO_NFD_147,6,2026-04-20 06:00:21,NFD,MDO,473386.3,LI_10GbE_aggregation_backhaul,10.0,2.9849,16.6795,59.16
MDO_NFD_148,6,2026-04-20 06:00:38,NFD,MDO,425332.2,LI_10GbE_aggregation_backhaul,10.0,2.8551,16.9379,56.0
MDO_NFD_149,6,2026-04-20 06:03:31,NFD,MDO,150551.7,LI_10GbE_aggregation_backhaul,10.0,2.7411,15.349,53.58
MDO_NFD_150,6,2026-04-20 06:05:31,NFD,MDO,257013.1,LI_10GbE_aggregation_backhaul,10.0,2.7303,16.1677,52.23
SDO_PythonNDN_064,4,2026-04-21 20:39:15,PythonNDN,SDO,1423.6,LI_10GbE_aggregation_backhaul,10.0,0.3735,3.312,84.09
SDO_PythonNDN_065,4,2026-04-21 20:41:39,PythonNDN,SDO,1207.1,LI_10GbE_aggregation_backhaul,10.0,0.3959,2.9895,77.99
SDO_PythonNDN_066,4,2026-04-21 20:45:34,PythonNDN,SDO,241.0,LI_10GbE_aggregation_backhaul,10.0,0.3842,3.208,80.89
SDO_PythonNDN_067,4,2026-04-21 20:48:56,PythonNDN,SDO,1762.9,LI_10GbE_aggregation_backhaul,10.0,0.3669,3.0548,82.95
SDO_PythonNDN_068,4,2026-04-21 20:52:59,PythonNDN,SDO,1923.6,LI_10GbE_aggregation_backhaul,10.0,0.4002,3.0596,73.49
SDO_PythonNDN_069,4,2026-04-21 20:54:48,PythonNDN,SDO,528.9,LI_10GbE_aggregation_backhaul,10.0,0.4032,3.4473,80.75
SDO_PythonNDN_070,4,2026-04-21 21:00:35,PythonNDN,SDO,453.4,LI_10GbE_aggregation_backhaul,10.0,0.4005,3.5026,79.81
SDO_PythonNDN_071,4,2026-04-21 21:03:27,PythonNDN,SDO,999.7,LI_10GbE_aggregation_backhaul,10.0,0.3747,2.9732,78.05
SDO_PythonNDN_072,4,2026-04-21 21:05:41,PythonNDN,SDO,521.0,LI_10GbE_aggregation_backhaul,10.0,0.373,3.0947,77.57
SDO_PythonNDN_073,4,2026-04-21 21:07:40,PythonNDN,SDO,709.4,LI_10GbE_aggregation_backhaul,10.0,0.3816,2.9077,71.32
SDO_PythonNDN_074,4,2026-04-21 21:10:21,PythonNDN,SDO,967.1,LI_10GbE_aggregation_backhaul,10.0,0.3755,3.4072,73.88
SDO_PythonNDN_075,4,2026-04-21 21:14:28,PythonNDN,SDO,1598.2,LI_10GbE_aggregation_backhaul,10.0,0.3944,3.3257,79.27
SDO_PythonNDN_076,4,2026-04-21 21:16:43,PythonNDN,SDO,1556.4,LI_10GbE_aggregation_backhaul,10.0,0.3755,3.2913,76.75
SDO_PythonNDN_077,4,2026-04-21 21:19:59,PythonNDN,SDO,1255.7,LI_10GbE_aggregation_backhaul,10.0,0.3794,2.9502,83.6
SDO_PythonNDN_078,4,2026-04-21 21:20:57,PythonNDN,SDO,1813.5,LI_10GbE_aggregation_backhaul,10.0,0.3898,3.192,75.92
SDO_PythonNDN_079,4,2026-04-21 21:23:03,PythonNDN,SDO,1015.9,LI_10GbE_aggregation_backhaul,10.0,0.3826,3.0874,76.25
SDO_PythonNDN_080,4,2026-04-21 21:26:20,PythonNDN,SDO,1660.9,LI_10GbE_aggregation_backhaul,10.0,0.371,3.068,83.16
SDO_PythonNDN_081,5,2026-04-22 23:09:22,PythonNDN,SDO,294.4,LI_10GbE_aggregation_backhaul,10.0,0.3995,3.2588,81.58
SDO_PythonNDN_082,5,2026-04-22 23:13:14,PythonNDN,SDO,1850.9,LI_10GbE_aggregation_backhaul,10.0,0.3891,3.4068,85.43
SDO_PythonNDN_083,5,2026-04-22 23:15:40,PythonNDN,SDO,356.4,LI_10GbE_aggregation_backhaul,10.0,0.4001,3.4846,78.98
SDO_PythonNDN_084,5,2026-04-22 23:20:24,PythonNDN,SDO,266.2,LI_10GbE_aggregation_backhaul,10.0,0.3988,3.342,77.92
SDO_PythonNDN_085,5,2026-04-22 23:21:57,PythonNDN,SDO,1966.7,LI_10GbE_aggregation_backhaul,10.0,0.398,3.4957,86.83
SDO_PythonNDN_086,5,2026-04-22 23:24:29,PythonNDN,SDO,1903.7,LI_10GbE_aggregation_backhaul,10.0,0.3833,3.295,85.0
SDO_PythonNDN_087,5,2026-04-22 23:26:40,PythonNDN,SDO,1049.1,LI_10GbE_aggregation_backhaul,10.0,0.3876,3.2429,77.29
SDO_PythonNDN_088,5,2026-04-22 23:27:39,PythonNDN,SDO,621.5,LI_10GbE_aggregation_backhaul,10.0,0.3995,3.3481,78.52
SDO_PythonNDN_089,5,2026-04-22 23:28:42,PythonNDN,SDO,1326.6,LI_10GbE_aggregation_backhaul,10.0,0.3785,3.29,91.38
SDO_PythonNDN_090,5,2026-04-22 23:29:22,PythonNDN,SDO,276.3,LI_10GbE_aggregation_backhaul,10.0,0.4156,3.2813,82.82
SDO_PythonNDN_091,5,2026-04-22 23:32:04,PythonNDN,SDO,497.9,LI_10GbE_aggregation_backhaul,10.0,0.3975,3.5535,92.42
SDO_PythonNDN_092,5,2026-04-22 23:33:19,PythonNDN,SDO,1008.1,LI_10GbE_aggregation_backhaul,10.0,0.3981,3.4643,82.56
SDO_PythonNDN_093,5,2026-04-22 23:36:09,PythonNDN,SDO,723.5,LI_10GbE_aggregation_backhaul,10.0,0.3822,3.2983,81.94
SDO_PythonNDN_094,5,2026-04-22 23:39:15,PythonNDN,SDO,1924.9,LI_10GbE_aggregation_backhaul,10.0,0.3896,3.2279,84.02
SDO_PythonNDN_095,5,2026-04-22 23:41:34,PythonNDN,SDO,1401.1,LI_10GbE_aggregation_backhaul,10.0,0.3884,3.3761,87.81
SDO_PythonNDN_096,5,2026-04-22 23:44:41,PythonNDN,SDO,250.6,LI_10GbE_aggregation_backhaul,10.0,0.3736,3.4193,82.08
SDO_PythonNDN_097,5,2026-04-22 23:50:40,PythonNDN,SDO,1994.4,LI_10GbE_aggregation_backhaul,10.0,0.3805,3.2254,81.15
SDO_PythonNDN_098,5,2026-04-22 23:52:38,PythonNDN,SDO,1710.5,LI_10GbE_aggregation_backhaul,10.0,0.4123,3.1033,81.03
SDO_PythonNDN_099,5,2026-04-22 23:53:27,PythonNDN,SDO,1543.6,LI_10GbE_aggregation_backhaul,10.0,0.3812,2.9231,80.7
SDO_PythonNDN_100,5,2026-04-22 23:55:19,PythonNDN,SDO,617.2,LI_10GbE_aggregation_backhaul,10.0,0.3965,3.6266,83.63
SDO_PythonNDN_101,5,2026-04-22 23:56:33,PythonNDN,SDO,1750.5,LI_10GbE_aggregation_backhaul,10.0,0.4076,3.2852,88.16
SDO_PythonNDN_102,5,2026-04-22 23:58:24,PythonNDN,SDO,379.1,LI_10GbE_aggregation_backhaul,10.0,0.3888,3.2468,84.26
SDO_PythonNDN_103,5,2026-04-23 00:00:29,PythonNDN,SDO,1171.0,LI_10GbE_aggregation_backhaul,10.0,0.3989,3.4539,79.72
SDO_PythonNDN_104,5,2026-04-23 00:01:12,PythonNDN,SDO,1331.5,LI_10GbE_aggregation_backhaul,10.0,0.3917,3.6112,81.03
SDO_PythonNDN_105,5,2026-04-23 00:05:05,PythonNDN,SDO,517.8,LI_10GbE_aggregation_backhaul,10.0,0.3894,3.0904,79.19
SDO_PythonNDN_106,5,2026-04-23 00:07:16,PythonNDN,SDO,1134.5,LI_10GbE_aggregation_backhaul,10.0,0.4086,3.5881,81.83
SDO_PythonNDN_107,5,2026-04-23 00:12:13,PythonNDN,SDO,683.2,LI_10GbE_aggregation_backhaul,10.0,0.3902,3.5245,76.44
SDO_PythonNDN_108,6,2026-04-23 04:21:49,PythonNDN,SDO,433.2,LI_10GbE_aggregation_backhaul,10.0,0.373,3.5332,86.46
SDO_PythonNDN_109,6,2026-04-23 04:25:23,PythonNDN,SDO,182.4,LI_10GbE_aggregation_backhaul,10.0,0.3852,3.251,83.81
SDO_PythonNDN_110,6,2026-04-23 04:28:08,PythonNDN,SDO,1559.6,LI_10GbE_aggregation_backhaul,10.0,0.397,3.2989,81.34
SDO_PythonNDN_111,6,2026-04-23 04:31:28,PythonNDN,SDO,261.5,LI_10GbE_aggregation_backhaul,10.0,0.41,3.4235,82.81
SDO_PythonNDN_112,6,2026-04-23 04:33:55,PythonNDN,SDO,393.2,LI_10GbE_aggregation_backhaul,10.0,0.39,3.3647,82.9
SDO_PythonNDN_113,6,2026-04-23 04:35:46,PythonNDN,SDO,1125.9,LI_10GbE_aggregation_backhaul,10.0,0.4174,3.321,83.78
SDO_PythonNDN_114,6,2026-04-23 04:37:57,PythonNDN,SDO,1108.3,LI_10GbE_aggregation_backhaul,10.0,0.3761,3.4942,83.45
SDO_PythonNDN_115,6,2026-04-23 04:39:14,PythonNDN,SDO,946.7,LI_10GbE_aggregation_backhaul,10.0,0.3913,3.4275,87.12
SDO_PythonNDN_116,6,2026-04-23 04:39:52,PythonNDN,SDO,1008.3,LI_10GbE_aggregation_backhaul,10.0,0.3994,3.1838,86.39
SDO_PythonNDN_117,6,2026-04-23 04:42:28,PythonNDN,SDO,1907.9,LI_10GbE_aggregation_backhaul,10.0,0.3944,3.0335,75.26
SDO_PythonNDN_118,6,2026-04-23 04:46:32,PythonNDN,SDO,1321.0,LI_10GbE_aggregation_backhaul,10.0,0.3904,3.2941,84.16
SDO_PythonNDN_119,6,2026-04-23 04:50:54,PythonNDN,SDO,1915.1,LI_10GbE_aggregation_backhaul,10.0,0.41,3.3029,92.55
SDO_PythonNDN_120,6,2026-04-23 04:53:06,PythonNDN,SDO,894.8,LI_10GbE_aggregation_backhaul,10.0,0.3831,3.1004,80.61
SDO_PythonNDN_121,6,2026-04-23 04:55:31,PythonNDN,SDO,1239.5,LI_10GbE_aggregation_backhaul,10.0,0.3906,3.1319,84.62
SDO_PythonNDN_122,6,2026-04-23 04:57:45,PythonNDN,SDO,695.2,LI_10GbE_aggregation_backhaul,10.0,0.3952,3.0544,81.34
SDO_PythonNDN_123,6,2026-04-23 04:59:49,PythonNDN,SDO,1658.5,LI_10GbE_aggregation_backhaul,10.0,0.3771,3.263,76.76
SDO_PythonNDN_124,6,2026-04-23 05:03:49,PythonNDN,SDO,1050.6,LI_10GbE_aggregation_backhaul,10.0,0.3984,2.9927,88.13
SDO_PythonNDN_125,6,2026-04-23 05:04:01,PythonNDN,SDO,1112.1,LI_10GbE_aggregation_backhaul,10.0,0.4016,3.4737,86.06
SDO_PythonNDN_126,6,2026-04-23 05:05:26,PythonNDN,SDO,518.6,LI_10GbE_aggregation_backhaul,10.0,0.4028,3.2524,74.58
SDO_PythonNDN_127,6,2026-04-23 05:07:48,PythonNDN,SDO,777.1,LI_10GbE_aggregation_backhaul,10.0,0.4143,3.3364,82.0
SDO_PythonNDN_128,6,2026-04-23 05:09:30,PythonNDN,SDO,961.8,LI_10GbE_aggregation_backhaul,10.0,0.391,3.7376,85.21
SDO_PythonNDN_129,6,2026-04-23 05:11:18,PythonNDN,SDO,1166.3,LI_10GbE_aggregation_backhaul,10.0,0.4106,3.3358,85.62
SDO_PythonNDN_130,6,2026-04-23 05:14:56,PythonNDN,SDO,549.3,LI_10GbE_aggregation_backhaul,10.0,0.4024,3.0313,77.34
SDO_PythonNDN_131,6,2026-04-23 05:18:42,PythonNDN,SDO,818.6,LI_10GbE_aggregation_backhaul,10.0,0.3921,3.5277,85.89
SDO_PythonNDN_132,6,2026-04-23 05:21:54,PythonNDN,SDO,1339.9,LI_10GbE_aggregation_backhaul,10.0,0.3848,3.2893,83.64
SDO_PythonNDN_133,6,2026-04-23 05:25:37,PythonNDN,SDO,933.8,LI_10GbE_aggregation_backhaul,10.0,0.4132,3.0422,77.55
SDO_PythonNDN_134,6,2026-04-23 05:26:15,PythonNDN,SDO,733.5,LI_10GbE_aggregation_backhaul,10.0,0.3756,3.0528,81.96
SDO_PythonNDN_135,6,2026-04-23 05:26:55,PythonNDN,SDO,1942.1,LI_10GbE_aggregation_backhaul,10.0,0.4093,3.2679,85.73
SDO_PythonNDN_136,6,2026-04-23 05:30:43,PythonNDN,SDO,836.5,LI_10GbE_aggregation_backhaul,10.0,0.4003,3.2265,87.12
SDO_PythonNDN_137,6,2026-04-23 05:32:21,PythonNDN,SDO,519.7,LI_10GbE_aggregation_backhaul,10.0,0.4138,3.5869,82.35
SDO_PythonNDN_138,6,2026-04-23 05:36:01,PythonNDN,SDO,1468.1,LI_10GbE_aggregation_backhaul,10.0,0.3881,3.1515,88.89
SDO_PythonNDN_139,6,2026-04-23 05:38:14,PythonNDN,SDO,869.7,LI_10GbE_aggregation_backhaul,10.0,0.3775,3.399,83.08
SDO_PythonNDN_140,6,2026-04-23 05:39:56,PythonNDN,SDO,1408.5,LI_10GbE_aggregation_backhaul,10.0,0.4027,3.3786,84.6
SDO_PythonNDN_141,7,2026-04-23 19:33:59,PythonNDN,SDO,1091.5,LI_10GbE_aggregation_backhaul,10.0,0.4093,3.1501,87.08
SDO_PythonNDN_142,7,2026-04-23 19:34:25,PythonNDN,SDO,297.9,LI_10GbE_aggregation_backhaul,10.0,0.4124,3.4089,79.9
SDO_PythonNDN_143,7,2026-04-23 19:37:50,PythonNDN,SDO,1016.1,LI_10GbE_aggregation_backhaul,10.0,0.4027,3.293,84.02
SDO_PythonNDN_144,7,2026-04-23 19:39:02,PythonNDN,SDO,1619.7,LI_10GbE_aggregation_backhaul,10.0,0.3988,3.2923,79.1
SDO_PythonNDN_145,7,2026-04-23 19:41:10,PythonNDN,SDO,1702.3,LI_10GbE_aggregation_backhaul,10.0,0.3983,3.3265,77.64
SDO_PythonNDN_146,7,2026-04-23 19:44:14,PythonNDN,SDO,962.7,LI_10GbE_aggregation_backhaul,10.0,0.408,3.5251,81.03
SDO_PythonNDN_147,7,2026-04-23 19:47:56,PythonNDN,SDO,1413.2,LI_10GbE_aggregation_backhaul,10.0,0.3861,3.4149,80.64
SDO_PythonNDN_148,7,2026-04-23 19:49:19,PythonNDN,SDO,1183.0,LI_10GbE_aggregation_backhaul,10.0,0.4011,3.7508,83.36
SDO_PythonNDN_149,7,2026-04-23 19:50:26,PythonNDN,SDO,521.2,LI_10GbE_aggregation_backhaul,10.0,0.4055,3.3028,85.9
SDO_PythonNDN_150,7,2026-04-23 19:52:03,PythonNDN,SDO,1817.2,LI_10GbE_aggregation_backhaul,10.0,0.4242,3.1844,83.35
LDO_PythonNDN_001,0,2026-04-25 08:52:00,PythonNDN,LDO,3914417.2,LI_10GbE_aggregation_backhaul,10.0,0.8341,148.1683,98.7
LDO_PythonNDN_002,0,2026-04-25 08:58:28,PythonNDN,LDO,1091707.5,LI_10GbE_aggregation_backhaul,10.0,0.8466,153.2985,100.0
LDO_PythonNDN_003,0,2026-04-25 08:59:41,PythonNDN,LDO,1129778.1,LI_10GbE_aggregation_backhaul,10.0,0.8544,163.8759,100.0
LDO_PythonNDN_004,0,2026-04-25 09:02:50,PythonNDN,LDO,3294143.3,LI_10GbE_aggregation_backhaul,10.0,0.8033,161.6967,99.17
LDO_PythonNDN_005,0,2026-04-25 09:03:17,PythonNDN,LDO,4253905.0,LI_10GbE_aggregation_backhaul,10.0,0.8073,163.7207,88.78
LDO_PythonNDN_006,0,2026-04-25 09:05:53,PythonNDN,LDO,3249297.8,LI_10GbE_aggregation_backhaul,10.0,0.8261,175.9568,83.5
LDO_PythonNDN_007,0,2026-04-25 09:08:35,PythonNDN,LDO,1249206.5,LI_10GbE_aggregation_backhaul,10.0,0.7957,174.5629,86.8
LDO_PythonNDN_008,0,2026-04-25 09:14:08,PythonNDN,LDO,2635765.1,LI_10GbE_aggregation_backhaul,10.0,0.9021,157.6433,95.87
LDO_PythonNDN_009,0,2026-04-25 09:17:57,PythonNDN,LDO,1099400.9,LI_10GbE_aggregation_backhaul,10.0,0.8399,159.4184,88.89
LDO_PythonNDN_010,0,2026-04-25 09:20:50,PythonNDN,LDO,1319447.0,LI_10GbE_aggregation_backhaul,10.0,0.8137,155.0003,94.75
LDO_PythonNDN_011,0,2026-04-25 09:21:50,PythonNDN,LDO,1874623.9,LI_10GbE_aggregation_backhaul,10.0,0.846,157.8008,89.62
LDO_PythonNDN_012,0,2026-04-25 09:24:23,PythonNDN,LDO,3424441.5,LI_10GbE_aggregation_backhaul,10.0,0.8207,165.079,92.78
LDO_PythonNDN_013,0,2026-04-25 09:28:03,PythonNDN,LDO,3317463.7,LI_10GbE_aggregation_backhaul,10.0,0.7679,148.7047,97.43
LDO_PythonNDN_014,0,2026-04-25 09:30:06,PythonNDN,LDO,1517933.7,LI_10GbE_aggregation_backhaul,10.0,0.8184,159.1446,96.19
LDO_PythonNDN_015,0,2026-04-25 09:31:13,PythonNDN,LDO,3956425.5,LI_10GbE_aggregation_backhaul,10.0,0.798,166.7792,88.03
LDO_PythonNDN_016,1,2026-04-25 12:06:11,PythonNDN,LDO,3033304.3,LI_10GbE_aggregation_backhaul,10.0,0.7222,157.7089,92.61
LDO_PythonNDN_017,1,2026-04-25 12:09:50,PythonNDN,LDO,3611753.9,LI_10GbE_aggregation_backhaul,10.0,0.799,152.1447,98.84
LDO_PythonNDN_018,1,2026-04-25 12:14:26,PythonNDN,LDO,3150987.0,LI_10GbE_aggregation_backhaul,10.0,0.7747,168.6086,92.75
LDO_PythonNDN_019,1,2026-04-25 12:16:19,PythonNDN,LDO,2547150.1,LI_10GbE_aggregation_backhaul,10.0,0.8467,143.541,98.5
LDO_PythonNDN_020,1,2026-04-25 12:18:28,PythonNDN,LDO,3738962.2,LI_10GbE_aggregation_backhaul,10.0,0.8125,161.6837,100.0
LDO_PythonNDN_021,1,2026-04-25 12:19:37,PythonNDN,LDO,4733257.1,LI_10GbE_aggregation_backhaul,10.0,0.767,163.254,96.63
LDO_PythonNDN_022,1,2026-04-25 12:24:02,PythonNDN,LDO,4446230.0,LI_10GbE_aggregation_backhaul,10.0,0.8271,174.4195,83.39
LDO_PythonNDN_023,1,2026-04-25 12:24:51,PythonNDN,LDO,4487744.2,LI_10GbE_aggregation_backhaul,10.0,0.7943,153.4836,91.18
LDO_PythonNDN_024,1,2026-04-25 12:27:38,PythonNDN,LDO,2859635.8,LI_10GbE_aggregation_backhaul,10.0,0.7672,159.6701,93.76
LDO_PythonNDN_025,1,2026-04-25 12:30:07,PythonNDN,LDO,3533960.3,LI_10GbE_aggregation_backhaul,10.0,0.8023,149.338,90.82
LDO_PythonNDN_026,1,2026-04-25 12:31:21,PythonNDN,LDO,2486482.6,LI_10GbE_aggregation_backhaul,10.0,0.7626,161.8642,88.28
LDO_PythonNDN_027,1,2026-04-25 12:34:29,PythonNDN,LDO,3268497.7,LI_10GbE_aggregation_backhaul,10.0,0.7662,130.6205,87.06
LDO_PythonNDN_028,1,2026-04-25 12:35:55,PythonNDN,LDO,1803690.8,LI_10GbE_aggregation_backhaul,10.0,0.771,151.853,89.7
LDO_PythonNDN_029,1,2026-04-25 12:38:17,PythonNDN,LDO,4347711.0,LI_10GbE_aggregation_backhaul,10.0,0.7373,143.1472,95.96
LDO_PythonNDN_030,1,2026-04-25 12:41:51,PythonNDN,LDO,3911576.1,LI_10GbE_aggregation_backhaul,10.0,0.7987,162.7264,94.19
LDO_PythonNDN_031,1,2026-04-25 12:45:22,PythonNDN,LDO,3238438.1,LI_10GbE_aggregation_backhaul,10.0,0.855,156.2294,96.94
LDO_PythonNDN_032,1,2026-04-25 12:47:55,PythonNDN,LDO,1518382.5,LI_10GbE_aggregation_backhaul,10.0,0.7839,154.4981,94.22
LDO_PythonNDN_033,1,2026-04-25 12:48:44,PythonNDN,LDO,2994907.6,LI_10GbE_aggregation_backhaul,10.0,0.7365,152.9,91.19
LDO_PythonNDN_034,1,2026-04-25 12:51:39,PythonNDN,LDO,4046370.5,LI_10GbE_aggregation_backhaul,10.0,0.7982,150.9407,93.49
LDO_PythonNDN_035,1,2026-04-25 12:52:44,PythonNDN,LDO,3131351.7,LI_10GbE_aggregation_backhaul,10.0,0.8484,147.0391,83.25
LDO_PythonNDN_036,1,2026-04-25 12:56:36,PythonNDN,LDO,2991446.9,LI_10GbE_aggregation_backhaul,10.0,0.8057,159.8348,93.79
LDO_PythonNDN_037,1,2026-04-25 12:58:57,PythonNDN,LDO,1356435.5,LI_10GbE_aggregation_backhaul,10.0,0.786,157.7001,91.22
LDO_PythonNDN_038,1,2026-04-25 13:00:01,PythonNDN,LDO,2284640.1,LI_10GbE_aggregation_backhaul,10.0,0.7727,149.5451,90.06
LDO_PythonNDN_039,1,2026-04-25 13:00:13,PythonNDN,LDO,4334465.7,LI_10GbE_aggregation_backhaul,10.0,0.7868,167.2738,91.41
LDO_PythonNDN_040,1,2026-04-25 13:01:31,PythonNDN,LDO,4885920.1,LI_10GbE_aggregation_backhaul,10.0,0.776,154.3001,92.33
LDO_PythonNDN_041,1,2026-04-25 13:02:17,PythonNDN,LDO,3829108.3,LI_10GbE_aggregation_backhaul,10.0,0.759,158.4966,92.35
LDO_PythonNDN_042,1,2026-04-25 13:05:24,PythonNDN,LDO,2712400.3,LI_10GbE_aggregation_backhaul,10.0,0.8194,171.7983,97.7
LDO_PythonNDN_043,1,2026-04-25 13:06:28,PythonNDN,LDO,4068979.9,LI_10GbE_aggregation_backhaul,10.0,0.7807,154.8379,95.53
LDO_PythonNDN_044,1,2026-04-25 13:11:41,PythonNDN,LDO,3255361.3,LI_10GbE_aggregation_backhaul,10.0,0.75,168.5212,93.99
LDO_PythonNDN_045,1,2026-04-25 13:13:49,PythonNDN,LDO,3174929.3,LI_10GbE_aggregation_backhaul,10.0,0.8169,157.0107,91.81
LDO_PythonNDN_046,1,2026-04-25 13:16:46,PythonNDN,LDO,3671652.3,LI_10GbE_aggregation_backhaul,10.0,0.8009,168.181,90.03
LDO_PythonNDN_047,1,2026-04-25 13:17:37,PythonNDN,LDO,3873165.0,LI_10GbE_aggregation_backhaul,10.0,0.8025,159.578,98.35
LDO_PythonNDN_048,1,2026-04-25 13:19:35,PythonNDN,LDO,2351496.9,LI_10GbE_aggregation_backhaul,10.0,0.8262,161.364,93.54
LDO_PythonNDN_049,1,2026-04-25 13:23:06,PythonNDN,LDO,3385178.7,LI_10GbE_aggregation_backhaul,10.0,0.7434,146.3124,96.63
LDO_PythonNDN_050,1,2026-04-25 13:25:40,PythonNDN,LDO,4308888.3,LI_10GbE_aggregation_backhaul,10.0,0.7873,180.4691,88.31
LDO_PythonNDN_051,2,2026-04-25 23:14:29,PythonNDN,LDO,3806835.2,LI_10GbE_aggregation_backhaul,10.0,0.7971,146.3685,82.37
LDO_PythonNDN_052,2,2026-04-25 23:17:44,PythonNDN,LDO,1572784.3,LI_10GbE_aggregation_backhaul,10.0,0.7174,147.7459,81.59
LDO_PythonNDN_053,2,2026-04-25 23:19:37,PythonNDN,LDO,2987832.1,LI_10GbE_aggregation_backhaul,10.0,0.7874,133.4559,90.05
LDO_PythonNDN_054,2,2026-04-25 23:23:36,PythonNDN,LDO,1112203.2,LI_10GbE_aggregation_backhaul,10.0,0.7849,147.0884,95.39
LDO_PythonNDN_055,2,2026-04-25 23:24:18,PythonNDN,LDO,3979736.5,LI_10GbE_aggregation_backhaul,10.0,0.7594,162.8802,84.19
LDO_PythonNDN_056,2,2026-04-25 23:29:18,PythonNDN,LDO,2890644.9,LI_10GbE_aggregation_backhaul,10.0,0.766,158.2904,92.11
LDO_PythonNDN_057,2,2026-04-25 23:31:14,PythonNDN,LDO,2988568.0,LI_10GbE_aggregation_backhaul,10.0,0.7527,152.9609,90.79
LDO_PythonNDN_058,2,2026-04-25 23:31:44,PythonNDN,LDO,4680935.4,LI_10GbE_aggregation_backhaul,10.0,0.8322,175.258,85.91
LDO_PythonNDN_059,2,2026-04-25 23:33:22,PythonNDN,LDO,2777506.0,LI_10GbE_aggregation_backhaul,10.0,0.7495,153.9593,86.72
LDO_PythonNDN_060,2,2026-04-25 23:36:01,PythonNDN,LDO,1383700.5,LI_10GbE_aggregation_backhaul,10.0,0.7535,168.2687,88.73
LDO_PythonNDN_061,2,2026-04-25 23:37:09,PythonNDN,LDO,4571744.8,LI_10GbE_aggregation_backhaul,10.0,0.8239,158.718,88.05
LDO_PythonNDN_062,2,2026-04-25 23:41:09,PythonNDN,LDO,1120551.4,LI_10GbE_aggregation_backhaul,10.0,0.8074,170.1513,92.17
LDO_PythonNDN_063,2,2026-04-25 23:44:41,PythonNDN,LDO,3269151.4,LI_10GbE_aggregation_backhaul,10.0,0.7623,149.448,91.74
LDO_PythonNDN_064,2,2026-04-25 23:46:49,PythonNDN,LDO,3403193.0,LI_10GbE_aggregation_backhaul,10.0,0.7496,162.6817,86.86
LDO_PythonNDN_065,2,2026-04-25 23:47:58,PythonNDN,LDO,1712905.6,LI_10GbE_aggregation_backhaul,10.0,0.8598,149.12,93.09
SDO_uDCN_001,0,2026-04-26 15:21:00,uDCN,SDO,463.1,LI_10GbE_aggregation_backhaul,10.0,4.759,0.7416,11.0
SDO_uDCN_002,0,2026-04-26 15:26:05,uDCN,SDO,1573.3,LI_10GbE_aggregation_backhaul,10.0,4.7254,0.8248,11.54
SDO_uDCN_003,0,2026-04-26 15:29:11,uDCN,SDO,1543.7,LI_10GbE_aggregation_backhaul,10.0,4.3743,0.7854,11.38
SDO_uDCN_004,0,2026-04-26 15:30:20,uDCN,SDO,885.2,LI_10GbE_aggregation_backhaul,10.0,4.4967,0.8626,11.66
SDO_uDCN_005,0,2026-04-26 15:30:56,uDCN,SDO,554.5,LI_10GbE_aggregation_backhaul,10.0,4.6886,0.7818,11.86
SDO_uDCN_006,0,2026-04-26 15:32:30,uDCN,SDO,348.0,LI_10GbE_aggregation_backhaul,10.0,4.8453,0.8421,11.8
SDO_uDCN_007,0,2026-04-26 15:34:26,uDCN,SDO,665.2,LI_10GbE_aggregation_backhaul,10.0,4.3966,0.7851,11.1
SDO_uDCN_008,0,2026-04-26 15:36:06,uDCN,SDO,1318.7,LI_10GbE_aggregation_backhaul,10.0,4.4118,0.7321,11.94
SDO_uDCN_009,0,2026-04-26 15:38:03,uDCN,SDO,1682.1,LI_10GbE_aggregation_backhaul,10.0,4.7269,0.8073,11.87
SDO_uDCN_010,0,2026-04-26 15:40:22,uDCN,SDO,1031.4,LI_10GbE_aggregation_backhaul,10.0,4.4889,0.7395,10.81
SDO_uDCN_011,0,2026-04-26 15:41:06,uDCN,SDO,350.0,LI_10GbE_aggregation_backhaul,10.0,4.3853,0.7104,11.82
SDO_uDCN_012,0,2026-04-26 15:43:51,uDCN,SDO,1667.6,LI_10GbE_aggregation_backhaul,10.0,4.716,0.7392,11.58
SDO_uDCN_013,0,2026-04-26 15:48:26,uDCN,SDO,1069.3,LI_10GbE_aggregation_backhaul,10.0,4.2862,0.7555,11.85
SDO_uDCN_014,0,2026-04-26 15:49:02,uDCN,SDO,959.6,LI_10GbE_aggregation_backhaul,10.0,4.4382,0.7851,11.0
SDO_uDCN_015,0,2026-04-26 15:50:00,uDCN,SDO,1513.8,LI_10GbE_aggregation_backhaul,10.0,4.702,0.8141,11.43
LDO_PythonNDN_066,3,2026-04-27 02:28:55,PythonNDN,LDO,1570822.4,LI_10GbE_aggregation_backhaul,10.0,0.8569,162.5477,100.0
LDO_PythonNDN_067,3,2026-04-27 02:30:28,PythonNDN,LDO,1174268.8,LI_10GbE_aggregation_backhaul,10.0,0.7765,167.9526,88.76
LDO_PythonNDN_068,3,2026-04-27 02:34:51,PythonNDN,LDO,2388513.9,LI_10GbE_aggregation_backhaul,10.0,0.7755,181.315,90.66
LDO_PythonNDN_069,3,2026-04-27 02:36:11,PythonNDN,LDO,3625639.1,LI_10GbE_aggregation_backhaul,10.0,0.8159,151.0315,99.38
LDO_PythonNDN_070,3,2026-04-27 02:37:25,PythonNDN,LDO,3121023.5,LI_10GbE_aggregation_backhaul,10.0,0.7761,163.4976,96.39
LDO_PythonNDN_071,3,2026-04-27 02:38:42,PythonNDN,LDO,1899076.3,LI_10GbE_aggregation_backhaul,10.0,0.804,154.8837,91.28
LDO_PythonNDN_072,3,2026-04-27 02:42:00,PythonNDN,LDO,2027352.4,LI_10GbE_aggregation_backhaul,10.0,0.7823,183.0627,100.0
LDO_PythonNDN_073,3,2026-04-27 02:45:38,PythonNDN,LDO,3330960.2,LI_10GbE_aggregation_backhaul,10.0,0.8389,155.5908,88.71
LDO_PythonNDN_074,3,2026-04-27 02:49:28,PythonNDN,LDO,4161142.3,LI_10GbE_aggregation_backhaul,10.0,0.7824,150.2397,85.42
LDO_PythonNDN_075,3,2026-04-27 02:52:26,PythonNDN,LDO,1328091.1,LI_10GbE_aggregation_backhaul,10.0,0.8837,142.2373,96.32
LDO_PythonNDN_076,3,2026-04-27 02:57:08,PythonNDN,LDO,3328238.4,LI_10GbE_aggregation_backhaul,10.0,0.8401,155.1814,97.86
LDO_PythonNDN_077,3,2026-04-27 02:58:59,PythonNDN,LDO,4345010.0,LI_10GbE_aggregation_backhaul,10.0,0.7837,163.5883,95.6
LDO_PythonNDN_078,3,2026-04-27 03:00:42,PythonNDN,LDO,1603832.0,LI_10GbE_aggregation_backhaul,10.0,0.8394,157.0854,92.11
LDO_PythonNDN_079,3,2026-04-27 03:03:13,PythonNDN,LDO,3251011.6,LI_10GbE_aggregation_backhaul,10.0,0.8403,156.3611,86.91
LDO_PythonNDN_080,3,2026-04-27 03:03:55,PythonNDN,LDO,1060070.3,LI_10GbE_aggregation_backhaul,10.0,0.8149,160.6499,89.83
LDO_PythonNDN_081,3,2026-04-27 03:05:12,PythonNDN,LDO,2743979.6,LI_10GbE_aggregation_backhaul,10.0,0.8637,148.5541,98.87
LDO_PythonNDN_082,3,2026-04-27 03:08:32,PythonNDN,LDO,3930717.7,LI_10GbE_aggregation_backhaul,10.0,0.8513,166.6325,94.42
LDO_PythonNDN_083,3,2026-04-27 03:09:07,PythonNDN,LDO,3386490.7,LI_10GbE_aggregation_backhaul,10.0,0.8292,161.3613,99.75
LDO_PythonNDN_084,3,2026-04-27 03:12:17,PythonNDN,LDO,4403370.8,LI_10GbE_aggregation_backhaul,10.0,0.8463,158.4419,94.28
SDO_uDCN_016,1,2026-04-27 03:13:44,uDCN,SDO,198.3,LI_10GbE_aggregation_backhaul,10.0,4.4143,0.7964,11.4
LDO_PythonNDN_085,3,2026-04-27 03:15:07,PythonNDN,LDO,2450608.2,LI_10GbE_aggregation_backhaul,10.0,0.7583,165.3379,89.78
LDO_PythonNDN_086,3,2026-04-27 03:15:33,PythonNDN,LDO,4345568.1,LI_10GbE_aggregation_backhaul,10.0,0.7874,153.4938,93.48
SDO_uDCN_017,1,2026-04-27 03:16:07,uDCN,SDO,466.8,LI_10GbE_aggregation_backhaul,10.0,4.6347,0.8707,10.84
SDO_uDCN_018,1,2026-04-27 03:19:17,uDCN,SDO,190.6,LI_10GbE_aggregation_backhaul,10.0,4.3229,0.6825,11.83
LDO_PythonNDN_087,3,2026-04-27 03:19:21,PythonNDN,LDO,1309514.3,LI_10GbE_aggregation_backhaul,10.0,0.8185,151.8333,98.64
SDO_uDCN_019,1,2026-04-27 03:20:01,uDCN,SDO,604.5,LI_10GbE_aggregation_backhaul,10.0,4.6366,0.7596,11.36
LDO_PythonNDN_088,3,2026-04-27 03:20:54,PythonNDN,LDO,2228681.2,LI_10GbE_aggregation_backhaul,10.0,0.8291,163.4667,93.33
LDO_PythonNDN_089,3,2026-04-27 03:21:59,PythonNDN,LDO,3102556.3,LI_10GbE_aggregation_backhaul,10.0,0.8289,161.3278,98.89
SDO_uDCN_020,1,2026-04-27 03:24:33,uDCN,SDO,999.2,LI_10GbE_aggregation_backhaul,10.0,4.5876,0.8972,11.76
SDO_uDCN_021,1,2026-04-27 03:25:48,uDCN,SDO,474.0,LI_10GbE_aggregation_backhaul,10.0,4.7757,0.7536,10.96
LDO_PythonNDN_090,3,2026-04-27 03:25:59,PythonNDN,LDO,4103664.4,LI_10GbE_aggregation_backhaul,10.0,0.8416,154.4441,96.15
SDO_uDCN_022,1,2026-04-27 03:26:29,uDCN,SDO,193.7,LI_10GbE_aggregation_backhaul,10.0,4.4738,0.7119,10.75
LDO_PythonNDN_091,3,2026-04-27 03:29:41,PythonNDN,LDO,4910234.4,LI_10GbE_aggregation_backhaul,10.0,0.8488,152.379,98.49
SDO_uDCN_023,1,2026-04-27 03:29:53,uDCN,SDO,277.0,LI_10GbE_aggregation_backhaul,10.0,4.4571,0.7339,10.88
LDO_PythonNDN_092,3,2026-04-27 03:31:30,PythonNDN,LDO,4469804.9,LI_10GbE_aggregation_backhaul,10.0,0.8464,153.8986,84.72
LDO_PythonNDN_093,3,2026-04-27 03:33:20,PythonNDN,LDO,3362074.6,LI_10GbE_aggregation_backhaul,10.0,0.8125,143.8144,95.74
SDO_uDCN_024,1,2026-04-27 03:34:24,uDCN,SDO,790.0,LI_10GbE_aggregation_backhaul,10.0,4.4974,0.7244,10.33
LDO_PythonNDN_094,3,2026-04-27 03:35:45,PythonNDN,LDO,2528551.6,LI_10GbE_aggregation_backhaul,10.0,0.814,160.6766,90.6
SDO_uDCN_025,1,2026-04-27 03:37:12,uDCN,SDO,956.2,LI_10GbE_aggregation_backhaul,10.0,4.6809,0.7455,11.09
LDO_PythonNDN_095,3,2026-04-27 03:38:29,PythonNDN,LDO,4665642.1,LI_10GbE_aggregation_backhaul,10.0,0.8402,155.3599,95.81
SDO_uDCN_026,1,2026-04-27 03:38:50,uDCN,SDO,459.7,LI_10GbE_aggregation_backhaul,10.0,4.3967,0.8523,11.76
SDO_uDCN_027,1,2026-04-27 03:39:45,uDCN,SDO,1043.5,LI_10GbE_aggregation_backhaul,10.0,4.4901,0.7061,12.4
LDO_PythonNDN_096,3,2026-04-27 03:41:32,PythonNDN,LDO,2610257.3,LI_10GbE_aggregation_backhaul,10.0,0.8126,167.9048,100.0
SDO_uDCN_028,1,2026-04-27 03:42:15,uDCN,SDO,1317.9,LI_10GbE_aggregation_backhaul,10.0,4.831,0.7366,12.23
LDO_PythonNDN_097,3,2026-04-27 03:43:00,PythonNDN,LDO,1759456.0,LI_10GbE_aggregation_backhaul,10.0,0.8794,166.2594,96.93
SDO_uDCN_029,1,2026-04-27 03:43:27,uDCN,SDO,774.6,LI_10GbE_aggregation_backhaul,10.0,4.6374,0.8365,12.32
LDO_PythonNDN_098,3,2026-04-27 03:44:57,PythonNDN,LDO,4904685.8,LI_10GbE_aggregation_backhaul,10.0,0.7922,146.0954,97.89
SDO_uDCN_030,1,2026-04-27 03:47:39,uDCN,SDO,1103.3,LI_10GbE_aggregation_backhaul,10.0,4.6283,0.782,12.32
SDO_uDCN_031,1,2026-04-27 03:50:06,uDCN,SDO,482.1,LI_10GbE_aggregation_backhaul,10.0,4.4309,0.7835,12.86
SDO_uDCN_032,1,2026-04-27 03:51:52,uDCN,SDO,811.6,LI_10GbE_aggregation_backhaul,10.0,4.6505,0.7509,11.66
SDO_uDCN_033,1,2026-04-27 03:53:35,uDCN,SDO,840.7,LI_10GbE_aggregation_backhaul,10.0,4.3323,0.813,12.11
SDO_uDCN_034,1,2026-04-27 03:56:12,uDCN,SDO,1390.0,LI_10GbE_aggregation_backhaul,10.0,4.2829,0.7225,11.93
SDO_uDCN_035,1,2026-04-27 03:57:17,uDCN,SDO,1583.0,LI_10GbE_aggregation_backhaul,10.0,4.3661,0.8138,10.13
SDO_uDCN_036,1,2026-04-27 03:58:53,uDCN,SDO,725.5,LI_10GbE_aggregation_backhaul,10.0,4.742,0.7739,11.64
SDO_uDCN_037,1,2026-04-27 04:02:02,uDCN,SDO,1386.3,LI_10GbE_aggregation_backhaul,10.0,4.539,0.7596,11.58
SDO_uDCN_038,1,2026-04-27 04:05:18,uDCN,SDO,597.6,LI_10GbE_aggregation_backhaul,10.0,4.3674,0.7439,11.77
SDO_uDCN_039,1,2026-04-27 04:07:42,uDCN,SDO,1774.1,LI_10GbE_aggregation_backhaul,10.0,4.4563,0.8135,11.25
SDO_uDCN_040,1,2026-04-27 04:09:41,uDCN,SDO,365.2,LI_10GbE_aggregation_backhaul,10.0,4.5842,0.7841,11.12
SDO_uDCN_041,1,2026-04-27 04:10:14,uDCN,SDO,1247.3,LI_10GbE_aggregation_backhaul,10.0,4.7029,0.7504,11.25
SDO_uDCN_042,1,2026-04-27 04:16:01,uDCN,SDO,566.3,LI_10GbE_aggregation_backhaul,10.0,4.2618,0.7738,11.98
SDO_uDCN_043,1,2026-04-27 04:17:19,uDCN,SDO,727.9,LI_10GbE_aggregation_backhaul,10.0,4.7286,0.7213,11.82
SDO_uDCN_044,1,2026-04-27 04:20:09,uDCN,SDO,841.9,LI_10GbE_aggregation_backhaul,10.0,4.6619,0.8299,12.45
SDO_uDCN_045,1,2026-04-27 04:21:00,uDCN,SDO,484.3,LI_10GbE_aggregation_backhaul,10.0,4.4037,0.8351,10.82
SDO_uDCN_046,2,2026-04-27 09:39:25,uDCN,SDO,1109.6,LI_10GbE_aggregation_backhaul,10.0,4.6402,0.8579,12.75
SDO_uDCN_047,2,2026-04-27 09:43:09,uDCN,SDO,1807.5,LI_10GbE_aggregation_backhaul,10.0,4.7869,0.8154,13.26
SDO_uDCN_048,2,2026-04-27 09:44:02,uDCN,SDO,1952.0,LI_10GbE_aggregation_backhaul,10.0,4.6585,0.8264,11.49
SDO_uDCN_049,2,2026-04-27 09:46:11,uDCN,SDO,324.3,LI_10GbE_aggregation_backhaul,10.0,4.7282,0.7385,12.08
SDO_uDCN_050,2,2026-04-27 09:51:57,uDCN,SDO,280.4,LI_10GbE_aggregation_backhaul,10.0,4.5341,0.784,11.09
SDO_uDCN_051,2,2026-04-27 09:54:56,uDCN,SDO,849.8,LI_10GbE_aggregation_backhaul,10.0,4.4147,0.7898,10.43
SDO_uDCN_052,2,2026-04-27 09:57:26,uDCN,SDO,1906.9,LI_10GbE_aggregation_backhaul,10.0,5.1228,0.7952,11.21
SDO_uDCN_053,2,2026-04-27 09:59:02,uDCN,SDO,1488.7,LI_10GbE_aggregation_backhaul,10.0,4.7336,0.8326,12.04
SDO_uDCN_054,2,2026-04-27 09:59:42,uDCN,SDO,784.5,LI_10GbE_aggregation_backhaul,10.0,4.7426,0.7806,12.14
SDO_uDCN_055,2,2026-04-27 10:01:22,uDCN,SDO,1916.1,LI_10GbE_aggregation_backhaul,10.0,4.79,0.7668,11.77
SDO_uDCN_056,2,2026-04-27 10:02:38,uDCN,SDO,1789.1,LI_10GbE_aggregation_backhaul,10.0,4.9306,0.8617,12.41
SDO_uDCN_057,2,2026-04-27 10:06:27,uDCN,SDO,881.5,LI_10GbE_aggregation_backhaul,10.0,4.8609,0.7867,12.23
SDO_uDCN_058,2,2026-04-27 10:07:02,uDCN,SDO,1905.5,LI_10GbE_aggregation_backhaul,10.0,4.5392,0.7712,13.23
SDO_uDCN_059,2,2026-04-27 10:09:46,uDCN,SDO,1652.4,LI_10GbE_aggregation_backhaul,10.0,4.6869,0.71,11.16
SDO_uDCN_060,2,2026-04-27 10:11:27,uDCN,SDO,1441.2,LI_10GbE_aggregation_backhaul,10.0,4.7169,0.7383,11.47
SDO_uDCN_061,2,2026-04-27 10:14:46,uDCN,SDO,1561.1,LI_10GbE_aggregation_backhaul,10.0,4.8326,0.7904,11.64
SDO_uDCN_062,2,2026-04-27 10:15:42,uDCN,SDO,1881.0,LI_10GbE_aggregation_backhaul,10.0,4.6077,0.8145,11.61
SDO_uDCN_063,2,2026-04-27 10:21:03,uDCN,SDO,1477.0,LI_10GbE_aggregation_backhaul,10.0,4.7687,0.7199,11.71
SDO_uDCN_064,2,2026-04-27 10:21:56,uDCN,SDO,1379.0,LI_10GbE_aggregation_backhaul,10.0,4.7427,0.8004,13.57
SDO_uDCN_065,2,2026-04-27 10:23:34,uDCN,SDO,994.4,LI_10GbE_aggregation_backhaul,10.0,4.9382,0.8171,11.78
SDO_uDCN_066,2,2026-04-27 10:27:01,uDCN,SDO,1924.0,LI_10GbE_aggregation_backhaul,10.0,4.295,0.7772,12.41
LDO_PythonNDN_099,4,2026-04-27 16:55:55,PythonNDN,LDO,3303656.0,LI_10GbE_aggregation_backhaul,10.0,0.8044,155.3865,92.2
LDO_PythonNDN_100,4,2026-04-27 16:59:55,PythonNDN,LDO,2656423.2,LI_10GbE_aggregation_backhaul,10.0,0.8222,142.2128,90.51
LDO_PythonNDN_101,4,2026-04-27 17:03:45,PythonNDN,LDO,4700637.2,LI_10GbE_aggregation_backhaul,10.0,0.8287,155.7739,89.75
LDO_PythonNDN_102,4,2026-04-27 17:06:40,PythonNDN,LDO,1171461.2,LI_10GbE_aggregation_backhaul,10.0,0.7515,142.4675,88.03
LDO_PythonNDN_103,4,2026-04-27 17:08:44,PythonNDN,LDO,3352585.2,LI_10GbE_aggregation_backhaul,10.0,0.8143,143.0155,89.12
LDO_PythonNDN_104,4,2026-04-27 17:11:05,PythonNDN,LDO,1455597.1,LI_10GbE_aggregation_backhaul,10.0,0.7798,165.8583,92.72
LDO_PythonNDN_105,4,2026-04-27 17:11:37,PythonNDN,LDO,3619886.2,LI_10GbE_aggregation_backhaul,10.0,0.7948,159.8834,91.73
LDO_PythonNDN_106,4,2026-04-27 17:12:56,PythonNDN,LDO,2617466.1,LI_10GbE_aggregation_backhaul,10.0,0.7903,166.9562,96.06
LDO_PythonNDN_107,4,2026-04-27 17:15:48,PythonNDN,LDO,1494101.0,LI_10GbE_aggregation_backhaul,10.0,0.7384,152.7686,89.57
LDO_PythonNDN_108,4,2026-04-27 17:20:06,PythonNDN,LDO,1743918.5,LI_10GbE_aggregation_backhaul,10.0,0.7783,154.4677,86.47
LDO_PythonNDN_109,4,2026-04-27 17:21:26,PythonNDN,LDO,2089091.6,LI_10GbE_aggregation_backhaul,10.0,0.7737,141.6322,88.88
LDO_PythonNDN_110,4,2026-04-27 17:22:32,PythonNDN,LDO,4656692.3,LI_10GbE_aggregation_backhaul,10.0,0.7575,161.1877,95.04
LDO_PythonNDN_111,5,2026-04-27 20:32:24,PythonNDN,LDO,2346870.5,LI_10GbE_aggregation_backhaul,10.0,0.7924,161.2612,81.66
LDO_PythonNDN_112,5,2026-04-27 20:36:09,PythonNDN,LDO,1718059.5,LI_10GbE_aggregation_backhaul,10.0,0.7616,153.6706,94.48
LDO_PythonNDN_113,5,2026-04-27 20:39:03,PythonNDN,LDO,2562932.2,LI_10GbE_aggregation_backhaul,10.0,0.7565,145.61,93.08
LDO_PythonNDN_114,5,2026-04-27 20:39:24,PythonNDN,LDO,3808317.9,LI_10GbE_aggregation_backhaul,10.0,0.804,140.1938,87.6
LDO_PythonNDN_115,5,2026-04-27 20:39:55,PythonNDN,LDO,2046386.2,LI_10GbE_aggregation_backhaul,10.0,0.7412,147.4499,97.46
LDO_PythonNDN_116,5,2026-04-27 20:41:35,PythonNDN,LDO,1445213.3,LI_10GbE_aggregation_backhaul,10.0,0.7566,153.4828,88.52
LDO_PythonNDN_117,5,2026-04-27 20:46:24,PythonNDN,LDO,2889252.5,LI_10GbE_aggregation_backhaul,10.0,0.7896,152.9933,90.7
LDO_PythonNDN_118,5,2026-04-27 20:47:32,PythonNDN,LDO,2803794.0,LI_10GbE_aggregation_backhaul,10.0,0.7887,155.1951,92.07
LDO_PythonNDN_119,5,2026-04-27 20:48:39,PythonNDN,LDO,2929919.6,LI_10GbE_aggregation_backhaul,10.0,0.7658,143.372,93.52
LDO_PythonNDN_120,5,2026-04-27 20:49:24,PythonNDN,LDO,1321306.2,LI_10GbE_aggregation_backhaul,10.0,0.8098,148.5139,93.68
LDO_PythonNDN_121,5,2026-04-27 20:50:53,PythonNDN,LDO,3770512.9,LI_10GbE_aggregation_backhaul,10.0,0.7564,152.7093,84.25
LDO_PythonNDN_122,5,2026-04-27 20:52:12,PythonNDN,LDO,1145273.5,LI_10GbE_aggregation_backhaul,10.0,0.769,135.0307,84.69
LDO_PythonNDN_123,5,2026-04-27 20:52:45,PythonNDN,LDO,1873320.5,LI_10GbE_aggregation_backhaul,10.0,0.8073,148.211,95.26
LDO_PythonNDN_124,5,2026-04-27 20:53:18,PythonNDN,LDO,4988522.6,LI_10GbE_aggregation_backhaul,10.0,0.7319,151.8184,90.23
LDO_PythonNDN_125,5,2026-04-27 20:57:16,PythonNDN,LDO,3557131.6,LI_10GbE_aggregation_backhaul,10.0,0.7612,160.3679,86.82
LDO_PythonNDN_126,5,2026-04-27 20:59:25,PythonNDN,LDO,4156373.9,LI_10GbE_aggregation_backhaul,10.0,0.7868,153.5378,87.8
LDO_PythonNDN_127,5,2026-04-27 21:00:48,PythonNDN,LDO,4173390.2,LI_10GbE_aggregation_backhaul,10.0,0.7878,155.9778,87.93
LDO_PythonNDN_128,5,2026-04-27 21:02:07,PythonNDN,LDO,4344752.4,LI_10GbE_aggregation_backhaul,10.0,0.7452,168.4976,94.01
LDO_PythonNDN_129,5,2026-04-27 21:05:10,PythonNDN,LDO,4079811.0,LI_10GbE_aggregation_backhaul,10.0,0.7993,145.8049,86.13
LDO_PythonNDN_130,5,2026-04-27 21:08:36,PythonNDN,LDO,2106639.3,LI_10GbE_aggregation_backhaul,10.0,0.7835,135.0497,100.0
LDO_PythonNDN_131,5,2026-04-27 21:12:32,PythonNDN,LDO,3801512.0,LI_10GbE_aggregation_backhaul,10.0,0.7489,142.1528,85.48
LDO_PythonNDN_132,5,2026-04-27 21:17:39,PythonNDN,LDO,4577514.4,LI_10GbE_aggregation_backhaul,10.0,0.7666,157.3926,86.81
LDO_PythonNDN_133,5,2026-04-27 21:21:49,PythonNDN,LDO,2402495.4,LI_10GbE_aggregation_backhaul,10.0,0.7669,152.9688,92.45
LDO_PythonNDN_134,5,2026-04-27 21:24:13,PythonNDN,LDO,1019364.0,LI_10GbE_aggregation_backhaul,10.0,0.8003,163.4772,90.67
LDO_PythonNDN_135,5,2026-04-27 21:25:33,PythonNDN,LDO,1779319.8,LI_10GbE_aggregation_backhaul,10.0,0.7706,156.1624,96.49
LDO_PythonNDN_136,5,2026-04-27 21:27:45,PythonNDN,LDO,2780800.6,LI_10GbE_aggregation_backhaul,10.0,0.752,153.4614,86.78
LDO_PythonNDN_137,5,2026-04-27 21:28:25,PythonNDN,LDO,4451638.4,LI_10GbE_aggregation_backhaul,10.0,0.7594,161.8288,90.22
LDO_PythonNDN_138,5,2026-04-27 21:31:01,PythonNDN,LDO,3628535.7,LI_10GbE_aggregation_backhaul,10.0,0.7697,155.2179,90.66
LDO_PythonNDN_139,5,2026-04-27 21:32:53,PythonNDN,LDO,1188981.5,LI_10GbE_aggregation_backhaul,10.0,0.8302,147.4447,85.79
LDO_PythonNDN_140,5,2026-04-27 21:35:02,PythonNDN,LDO,4763051.7,LI_10GbE_aggregation_backhaul,10.0,0.7591,154.9879,96.54
LDO_PythonNDN_141,5,2026-04-27 21:39:29,PythonNDN,LDO,1517941.2,LI_10GbE_aggregation_backhaul,10.0,0.8103,149.8663,91.41
LDO_PythonNDN_142,5,2026-04-27 21:40:42,PythonNDN,LDO,3702518.6,LI_10GbE_aggregation_backhaul,10.0,0.8073,174.3213,90.12
LDO_PythonNDN_143,5,2026-04-27 21:41:17,PythonNDN,LDO,2280174.0,LI_10GbE_aggregation_backhaul,10.0,0.7642,134.623,88.81
LDO_PythonNDN_144,5,2026-04-27 21:44:16,PythonNDN,LDO,1066198.0,LI_10GbE_aggregation_backhaul,10.0,0.8055,154.168,77.82
SDO_uDCN_067,3,2026-04-28 01:05:41,uDCN,SDO,641.2,LI_10GbE_aggregation_backhaul,10.0,4.6199,0.787,10.92
SDO_uDCN_068,3,2026-04-28 01:08:51,uDCN,SDO,1763.3,LI_10GbE_aggregation_backhaul,10.0,4.6621,0.8535,11.33
SDO_uDCN_069,3,2026-04-28 01:09:33,uDCN,SDO,574.4,LI_10GbE_aggregation_backhaul,10.0,4.7171,0.7498,12.28
SDO_uDCN_070,3,2026-04-28 01:13:12,uDCN,SDO,558.5,LI_10GbE_aggregation_backhaul,10.0,4.6057,0.7083,12.37
SDO_uDCN_071,3,2026-04-28 01:15:42,uDCN,SDO,550.9,LI_10GbE_aggregation_backhaul,10.0,4.4754,0.7665,10.81
SDO_uDCN_072,3,2026-04-28 01:16:56,uDCN,SDO,1807.2,LI_10GbE_aggregation_backhaul,10.0,4.7163,0.7437,13.1
SDO_uDCN_073,3,2026-04-28 01:18:59,uDCN,SDO,1500.5,LI_10GbE_aggregation_backhaul,10.0,4.6669,0.7818,12.01
SDO_uDCN_074,3,2026-04-28 01:20:51,uDCN,SDO,606.7,LI_10GbE_aggregation_backhaul,10.0,4.4735,0.8176,11.29
SDO_uDCN_075,3,2026-04-28 01:21:28,uDCN,SDO,429.2,LI_10GbE_aggregation_backhaul,10.0,4.3928,0.8271,12.04
SDO_uDCN_076,3,2026-04-28 01:22:17,uDCN,SDO,1443.0,LI_10GbE_aggregation_backhaul,10.0,4.6979,0.7993,11.37
SDO_uDCN_077,3,2026-04-28 01:25:53,uDCN,SDO,394.4,LI_10GbE_aggregation_backhaul,10.0,4.4694,0.8529,10.9
SDO_uDCN_078,3,2026-04-28 01:29:53,uDCN,SDO,1845.7,LI_10GbE_aggregation_backhaul,10.0,4.713,0.8013,11.87
SDO_uDCN_079,3,2026-04-28 01:32:30,uDCN,SDO,360.4,LI_10GbE_aggregation_backhaul,10.0,4.858,0.8339,12.27
SDO_uDCN_080,3,2026-04-28 01:33:55,uDCN,SDO,1379.9,LI_10GbE_aggregation_backhaul,10.0,4.6404,0.8007,12.43
SDO_uDCN_081,3,2026-04-28 01:34:51,uDCN,SDO,528.2,LI_10GbE_aggregation_backhaul,10.0,4.6441,0.7971,10.78
SDO_uDCN_082,3,2026-04-28 01:36:01,uDCN,SDO,1333.3,LI_10GbE_aggregation_backhaul,10.0,4.6273,0.7605,11.18
SDO_uDCN_083,3,2026-04-28 01:37:02,uDCN,SDO,1843.8,LI_10GbE_aggregation_backhaul,10.0,4.836,0.7841,11.63
SDO_uDCN_084,3,2026-04-28 01:38:00,uDCN,SDO,1692.2,LI_10GbE_aggregation_backhaul,10.0,4.8389,0.7574,12.42
SDO_uDCN_085,3,2026-04-28 01:39:21,uDCN,SDO,1279.1,LI_10GbE_aggregation_backhaul,10.0,4.6207,0.7701,12.58
SDO_uDCN_086,3,2026-04-28 01:40:27,uDCN,SDO,1054.4,LI_10GbE_aggregation_backhaul,10.0,4.7283,0.7874,11.51
SDO_uDCN_087,3,2026-04-28 01:45:50,uDCN,SDO,929.6,LI_10GbE_aggregation_backhaul,10.0,4.6143,0.8401,11.03
SDO_uDCN_088,3,2026-04-28 01:47:00,uDCN,SDO,1445.2,LI_10GbE_aggregation_backhaul,10.0,4.5277,0.772,12.11
SDO_uDCN_089,3,2026-04-28 01:47:47,uDCN,SDO,1555.6,LI_10GbE_aggregation_backhaul,10.0,4.7326,0.8137,11.46
SDO_uDCN_090,3,2026-04-28 01:49:17,uDCN,SDO,1350.6,LI_10GbE_aggregation_backhaul,10.0,4.5928,0.7278,12.02
SDO_uDCN_091,3,2026-04-28 01:52:06,uDCN,SDO,1020.2,LI_10GbE_aggregation_backhaul,10.0,4.4721,0.7705,12.42
SDO_uDCN_092,3,2026-04-28 01:55:39,uDCN,SDO,1512.5,LI_10GbE_aggregation_backhaul,10.0,4.3718,0.8462,12.14
SDO_uDCN_093,4,2026-04-28 16:19:23,uDCN,SDO,778.3,LI_10GbE_aggregation_backhaul,10.0,4.874,0.8178,11.39
SDO_uDCN_094,4,2026-04-28 16:20:38,uDCN,SDO,613.5,LI_10GbE_aggregation_backhaul,10.0,4.5516,0.7183,11.26
SDO_uDCN_095,4,2026-04-28 16:21:00,uDCN,SDO,219.7,LI_10GbE_aggregation_backhaul,10.0,4.5283,0.7995,11.1
SDO_uDCN_096,4,2026-04-28 16:22:35,uDCN,SDO,496.3,LI_10GbE_aggregation_backhaul,10.0,4.6645,0.7892,12.49
SDO_uDCN_097,4,2026-04-28 16:23:53,uDCN,SDO,1945.0,LI_10GbE_aggregation_backhaul,10.0,4.8311,0.746,12.75
SDO_uDCN_098,4,2026-04-28 16:24:33,uDCN,SDO,1313.4,LI_10GbE_aggregation_backhaul,10.0,4.4317,0.7208,11.37
SDO_uDCN_099,4,2026-04-28 16:27:17,uDCN,SDO,830.2,LI_10GbE_aggregation_backhaul,10.0,4.8138,0.7565,11.67
SDO_uDCN_100,4,2026-04-28 16:29:14,uDCN,SDO,1916.6,LI_10GbE_aggregation_backhaul,10.0,4.7727,0.7512,11.42
SDO_uDCN_101,4,2026-04-28 16:30:38,uDCN,SDO,255.4,LI_10GbE_aggregation_backhaul,10.0,4.5117,0.836,11.91
SDO_uDCN_102,4,2026-04-28 16:33:05,uDCN,SDO,731.5,LI_10GbE_aggregation_backhaul,10.0,4.5238,0.8292,11.47
SDO_uDCN_103,4,2026-04-28 16:34:40,uDCN,SDO,913.0,LI_10GbE_aggregation_backhaul,10.0,4.6791,0.8323,11.47
SDO_uDCN_104,4,2026-04-28 16:37:49,uDCN,SDO,587.2,LI_10GbE_aggregation_backhaul,10.0,5.0373,0.8546,12.81
SDO_uDCN_105,4,2026-04-28 16:40:21,uDCN,SDO,1651.4,LI_10GbE_aggregation_backhaul,10.0,4.6666,0.7028,12.59
SDO_uDCN_106,4,2026-04-28 16:44:07,uDCN,SDO,623.2,LI_10GbE_aggregation_backhaul,10.0,4.8901,0.7878,12.01
SDO_uDCN_107,4,2026-04-28 16:47:24,uDCN,SDO,1038.9,LI_10GbE_aggregation_backhaul,10.0,4.8658,0.8175,12.73
SDO_uDCN_108,4,2026-04-28 16:47:58,uDCN,SDO,1943.3,LI_10GbE_aggregation_backhaul,10.0,4.4534,0.7695,11.62
SDO_uDCN_109,4,2026-04-28 16:48:49,uDCN,SDO,1047.8,LI_10GbE_aggregation_backhaul,10.0,4.7075,0.7714,12.28
SDO_uDCN_110,4,2026-04-28 16:52:57,uDCN,SDO,571.6,LI_10GbE_aggregation_backhaul,10.0,4.8732,0.7635,11.41
SDO_uDCN_111,4,2026-04-28 16:53:58,uDCN,SDO,1243.1,LI_10GbE_aggregation_backhaul,10.0,4.6266,0.809,11.52
SDO_uDCN_112,4,2026-04-28 16:55:02,uDCN,SDO,1733.9,LI_10GbE_aggregation_backhaul,10.0,4.9134,0.7982,12.61
SDO_uDCN_113,4,2026-04-28 16:55:55,uDCN,SDO,793.7,LI_10GbE_aggregation_backhaul,10.0,4.5336,0.8623,11.25
SDO_uDCN_114,4,2026-04-28 16:56:40,uDCN,SDO,269.4,LI_10GbE_aggregation_backhaul,10.0,4.4719,0.82,11.72
SDO_uDCN_115,4,2026-04-28 16:58:00,uDCN,SDO,916.2,LI_10GbE_aggregation_backhaul,10.0,4.6361,0.8112,11.26
SDO_uDCN_116,4,2026-04-28 16:58:49,uDCN,SDO,1633.2,LI_10GbE_aggregation_backhaul,10.0,4.8175,0.7999,11.21
SDO_uDCN_117,4,2026-04-28 17:00:11,uDCN,SDO,416.4,LI_10GbE_aggregation_backhaul,10.0,4.645,0.7641,11.97
SDO_uDCN_118,4,2026-04-28 17:03:50,uDCN,SDO,695.9,LI_10GbE_aggregation_backhaul,10.0,4.8626,0.807,12.0
LDO_PythonNDN_145,6,2026-04-29 02:07:44,PythonNDN,LDO,1141568.4,LI_10GbE_aggregation_backhaul,10.0,0.7696,173.5696,90.62
LDO_PythonNDN_146,6,2026-04-29 02:08:38,PythonNDN,LDO,3321306.4,LI_10GbE_aggregation_backhaul,10.0,0.8113,146.0966,82.41
LDO_PythonNDN_147,6,2026-04-29 02:10:28,PythonNDN,LDO,1952664.4,LI_10GbE_aggregation_backhaul,10.0,0.8017,136.6193,87.55
LDO_PythonNDN_148,6,2026-04-29 02:12:19,PythonNDN,LDO,1754898.3,LI_10GbE_aggregation_backhaul,10.0,0.8338,148.3157,91.21
LDO_PythonNDN_149,6,2026-04-29 02:15:25,PythonNDN,LDO,4686640.8,LI_10GbE_aggregation_backhaul,10.0,0.8015,138.1525,88.51
LDO_PythonNDN_150,6,2026-04-29 02:16:36,PythonNDN,LDO,1903191.5,LI_10GbE_aggregation_backhaul,10.0,0.7698,148.8363,85.92
SDO_uDCN_119,5,2026-04-29 19:41:42,uDCN,SDO,497.1,LI_10GbE_aggregation_backhaul,10.0,4.3095,0.813,10.68
SDO_uDCN_120,5,2026-04-29 19:44:25,uDCN,SDO,1818.2,LI_10GbE_aggregation_backhaul,10.0,4.4572,0.7961,12.94
SDO_uDCN_121,5,2026-04-29 19:48:13,uDCN,SDO,1695.0,LI_10GbE_aggregation_backhaul,10.0,4.772,0.726,12.51
SDO_uDCN_122,5,2026-04-29 19:48:40,uDCN,SDO,385.1,LI_10GbE_aggregation_backhaul,10.0,4.1744,0.7069,11.01
SDO_uDCN_123,5,2026-04-29 19:50:36,uDCN,SDO,364.5,LI_10GbE_aggregation_backhaul,10.0,4.5985,0.8071,11.8
SDO_uDCN_124,5,2026-04-29 19:54:17,uDCN,SDO,559.3,LI_10GbE_aggregation_backhaul,10.0,4.4096,0.7828,11.64
SDO_uDCN_125,5,2026-04-29 19:56:31,uDCN,SDO,1557.7,LI_10GbE_aggregation_backhaul,10.0,4.4321,0.7876,11.16
SDO_uDCN_126,5,2026-04-29 19:58:45,uDCN,SDO,290.9,LI_10GbE_aggregation_backhaul,10.0,4.4972,0.7353,10.79
SDO_uDCN_127,5,2026-04-29 19:59:37,uDCN,SDO,1186.1,LI_10GbE_aggregation_backhaul,10.0,4.321,0.8094,11.55
SDO_uDCN_128,5,2026-04-29 20:01:34,uDCN,SDO,1446.4,LI_10GbE_aggregation_backhaul,10.0,4.699,0.8085,11.43
SDO_uDCN_129,5,2026-04-29 20:03:08,uDCN,SDO,1846.6,LI_10GbE_aggregation_backhaul,10.0,4.6428,0.7625,12.29
SDO_uDCN_130,5,2026-04-29 20:05:05,uDCN,SDO,1940.0,LI_10GbE_aggregation_backhaul,10.0,4.7474,0.8014,11.64
SDO_uDCN_131,5,2026-04-29 20:07:14,uDCN,SDO,939.7,LI_10GbE_aggregation_backhaul,10.0,4.5752,0.7329,10.94
SDO_uDCN_132,5,2026-04-29 20:11:25,uDCN,SDO,1726.2,LI_10GbE_aggregation_backhaul,10.0,4.4011,0.7703,11.13
SDO_uDCN_133,5,2026-04-29 20:13:11,uDCN,SDO,1976.1,LI_10GbE_aggregation_backhaul,10.0,4.6534,0.6867,11.53
SDO_uDCN_134,5,2026-04-29 20:13:41,uDCN,SDO,1985.8,LI_10GbE_aggregation_backhaul,10.0,4.3408,0.7612,12.14
SDO_uDCN_135,5,2026-04-29 20:18:10,uDCN,SDO,1710.3,LI_10GbE_aggregation_backhaul,10.0,4.4053,0.8973,10.86
SDO_uDCN_136,5,2026-04-29 20:20:20,uDCN,SDO,1280.5,LI_10GbE_aggregation_backhaul,10.0,4.8958,0.8079,11.7
SDO_uDCN_137,5,2026-04-29 20:22:11,uDCN,SDO,321.5,LI_10GbE_aggregation_backhaul,10.0,4.7237,0.8587,12.36
SDO_uDCN_138,6,2026-05-01 10:17:19,uDCN,SDO,1161.8,LI_10GbE_aggregation_backhaul,10.0,4.7842,0.8307,11.08
SDO_uDCN_139,6,2026-05-01 10:19:09,uDCN,SDO,147.4,LI_10GbE_aggregation_backhaul,10.0,4.9617,0.8141,12.87
SDO_uDCN_140,6,2026-05-01 10:20:49,uDCN,SDO,1620.5,LI_10GbE_aggregation_backhaul,10.0,4.6632,0.8134,11.62
SDO_uDCN_141,6,2026-05-01 10:21:08,uDCN,SDO,481.9,LI_10GbE_aggregation_backhaul,10.0,4.8087,0.7839,11.92
SDO_uDCN_142,6,2026-05-01 10:27:23,uDCN,SDO,1018.9,LI_10GbE_aggregation_backhaul,10.0,4.5787,0.8389,11.63
SDO_uDCN_143,6,2026-05-01 10:29:06,uDCN,SDO,373.8,LI_10GbE_aggregation_backhaul,10.0,4.6563,0.7686,12.19
SDO_uDCN_144,6,2026-05-01 10:31:12,uDCN,SDO,1636.0,LI_10GbE_aggregation_backhaul,10.0,4.7256,0.8055,12.28
SDO_uDCN_145,6,2026-05-01 10:33:07,uDCN,SDO,961.5,LI_10GbE_aggregation_backhaul,10.0,4.9644,0.977,12.3
SDO_uDCN_146,6,2026-05-01 10:34:12,uDCN,SDO,842.8,LI_10GbE_aggregation_backhaul,10.0,4.5975,0.828,13.85
SDO_uDCN_147,6,2026-05-01 10:36:28,uDCN,SDO,225.1,LI_10GbE_aggregation_backhaul,10.0,4.889,0.7809,10.51
SDO_uDCN_148,6,2026-05-01 10:38:12,uDCN,SDO,1435.0,LI_10GbE_aggregation_backhaul,10.0,4.7098,0.8565,11.65
SDO_uDCN_149,6,2026-05-01 10:41:24,uDCN,SDO,184.0,LI_10GbE_aggregation_backhaul,10.0,4.4296,0.8247,11.17
SDO_uDCN_150,6,2026-05-01 10:44:18,uDCN,SDO,686.8,LI_10GbE_aggregation_backhaul,10.0,4.4031,0.791,11.84
LDO_uDCN_001,0,2026-05-02 09:33:00,uDCN,LDO,2683262.7,LI_10GbE_aggregation_backhaul,10.0,6.1129,83.3858,22.4
LDO_uDCN_002,0,2026-05-02 09:34:01,uDCN,LDO,1099190.3,LI_10GbE_aggregation_backhaul,10.0,5.7674,78.6369,24.06
LDO_uDCN_003,0,2026-05-02 09:34:45,uDCN,LDO,3428519.1,LI_10GbE_aggregation_backhaul,10.0,6.2102,89.1545,23.5
LDO_uDCN_004,0,2026-05-02 09:38:24,uDCN,LDO,4799304.2,LI_10GbE_aggregation_backhaul,10.0,6.2559,78.2415,21.94
LDO_uDCN_005,0,2026-05-02 09:42:24,uDCN,LDO,4510866.8,LI_10GbE_aggregation_backhaul,10.0,6.0655,86.7545,23.98
LDO_uDCN_006,0,2026-05-02 09:46:49,uDCN,LDO,1579785.2,LI_10GbE_aggregation_backhaul,10.0,6.1038,80.7058,21.23
LDO_uDCN_007,0,2026-05-02 09:49:44,uDCN,LDO,1315960.3,LI_10GbE_aggregation_backhaul,10.0,6.2181,86.3721,22.82
LDO_uDCN_008,0,2026-05-02 09:52:59,uDCN,LDO,3085791.2,LI_10GbE_aggregation_backhaul,10.0,5.9968,88.134,22.35
LDO_uDCN_009,0,2026-05-02 09:55:00,uDCN,LDO,4172415.6,LI_10GbE_aggregation_backhaul,10.0,6.1712,96.8279,23.33
LDO_uDCN_010,0,2026-05-02 10:00:04,uDCN,LDO,2514594.3,LI_10GbE_aggregation_backhaul,10.0,5.9977,85.0554,23.57
LDO_uDCN_011,0,2026-05-02 10:02:42,uDCN,LDO,4152115.7,LI_10GbE_aggregation_backhaul,10.0,5.8825,81.4343,26.03
LDO_uDCN_012,0,2026-05-02 10:05:41,uDCN,LDO,4732476.6,LI_10GbE_aggregation_backhaul,10.0,5.9442,90.1787,22.72
LDO_uDCN_013,0,2026-05-02 10:06:41,uDCN,LDO,1093834.9,LI_10GbE_aggregation_backhaul,10.0,6.4389,84.999,23.31
LDO_uDCN_014,0,2026-05-02 10:10:14,uDCN,LDO,2555394.6,LI_10GbE_aggregation_backhaul,10.0,6.1748,85.4527,23.0
LDO_uDCN_015,0,2026-05-02 10:13:29,uDCN,LDO,2413140.9,LI_10GbE_aggregation_backhaul,10.0,6.008,95.6052,22.7
LDO_uDCN_016,0,2026-05-02 10:15:45,uDCN,LDO,2772797.1,LI_10GbE_aggregation_backhaul,10.0,6.1636,93.1626,24.34
LDO_uDCN_017,0,2026-05-02 10:17:58,uDCN,LDO,3490620.5,LI_10GbE_aggregation_backhaul,10.0,6.0465,85.4531,21.1
LDO_uDCN_018,0,2026-05-02 10:20:33,uDCN,LDO,4233057.8,LI_10GbE_aggregation_backhaul,10.0,6.0598,74.48,23.07
LDO_uDCN_019,0,2026-05-02 10:24:15,uDCN,LDO,2173294.1,LI_10GbE_aggregation_backhaul,10.0,6.1079,82.3335,24.34
LDO_uDCN_020,0,2026-05-02 10:26:11,uDCN,LDO,4157851.2,LI_10GbE_aggregation_backhaul,10.0,6.0743,87.1973,22.2
LDO_uDCN_021,0,2026-05-02 10:26:51,uDCN,LDO,3808867.7,LI_10GbE_aggregation_backhaul,10.0,6.3829,92.6267,23.67
LDO_uDCN_022,0,2026-05-02 10:28:23,uDCN,LDO,1959588.7,LI_10GbE_aggregation_backhaul,10.0,6.3211,81.453,21.91
LDO_uDCN_023,0,2026-05-02 10:31:59,uDCN,LDO,2134260.1,LI_10GbE_aggregation_backhaul,10.0,6.0483,81.4783,22.93
LDO_uDCN_024,1,2026-05-03 14:42:03,uDCN,LDO,1087331.1,LI_10GbE_aggregation_backhaul,10.0,6.2285,83.2857,23.91
LDO_uDCN_025,1,2026-05-03 14:43:15,uDCN,LDO,3588640.6,LI_10GbE_aggregation_backhaul,10.0,5.9957,86.7034,24.49
LDO_uDCN_026,1,2026-05-03 14:44:19,uDCN,LDO,1486337.6,LI_10GbE_aggregation_backhaul,10.0,6.4735,87.3768,22.53
LDO_uDCN_027,1,2026-05-03 14:44:56,uDCN,LDO,4432505.6,LI_10GbE_aggregation_backhaul,10.0,6.2573,92.3574,23.42
LDO_uDCN_028,1,2026-05-03 14:46:06,uDCN,LDO,3471994.1,LI_10GbE_aggregation_backhaul,10.0,6.2556,92.6668,24.08
LDO_uDCN_029,1,2026-05-03 14:47:56,uDCN,LDO,3786053.3,LI_10GbE_aggregation_backhaul,10.0,6.0841,90.5202,24.82
LDO_uDCN_030,1,2026-05-03 14:48:29,uDCN,LDO,3558263.6,LI_10GbE_aggregation_backhaul,10.0,6.7606,83.8011,23.01
LDO_uDCN_031,1,2026-05-03 14:50:03,uDCN,LDO,4697980.7,LI_10GbE_aggregation_backhaul,10.0,6.2038,90.5175,24.26
LDO_uDCN_032,1,2026-05-03 14:50:25,uDCN,LDO,1572761.5,LI_10GbE_aggregation_backhaul,10.0,6.5663,94.8708,23.25
LDO_uDCN_033,1,2026-05-03 14:52:07,uDCN,LDO,2141065.5,LI_10GbE_aggregation_backhaul,10.0,6.3877,81.4651,24.59
LDO_uDCN_034,1,2026-05-03 14:53:58,uDCN,LDO,3029573.0,LI_10GbE_aggregation_backhaul,10.0,6.3566,91.6833,23.94
LDO_uDCN_035,1,2026-05-03 14:55:39,uDCN,LDO,4584444.0,LI_10GbE_aggregation_backhaul,10.0,6.3926,93.5586,23.62
LDO_uDCN_036,2,2026-05-04 10:18:51,uDCN,LDO,4120044.0,LI_10GbE_aggregation_backhaul,10.0,5.9346,95.4218,24.22
LDO_uDCN_037,2,2026-05-04 10:22:56,uDCN,LDO,4469322.3,LI_10GbE_aggregation_backhaul,10.0,6.1987,88.0918,24.32
LDO_uDCN_038,2,2026-05-04 10:25:08,uDCN,LDO,4615411.1,LI_10GbE_aggregation_backhaul,10.0,5.9593,87.1585,24.05
LDO_uDCN_039,2,2026-05-04 10:29:01,uDCN,LDO,4763134.2,LI_10GbE_aggregation_backhaul,10.0,6.1768,86.7838,23.18
LDO_uDCN_040,2,2026-05-04 10:30:53,uDCN,LDO,4035749.7,LI_10GbE_aggregation_backhaul,10.0,6.1685,81.5551,23.08
LDO_uDCN_041,2,2026-05-04 10:32:26,uDCN,LDO,4097011.8,LI_10GbE_aggregation_backhaul,10.0,6.3213,95.7452,23.62
LDO_uDCN_042,2,2026-05-04 10:35:09,uDCN,LDO,2309598.8,LI_10GbE_aggregation_backhaul,10.0,6.2092,90.1819,22.97
LDO_uDCN_043,2,2026-05-04 10:39:24,uDCN,LDO,1463341.0,LI_10GbE_aggregation_backhaul,10.0,6.1822,94.0973,22.8
LDO_uDCN_044,2,2026-05-04 10:45:56,uDCN,LDO,1359733.1,LI_10GbE_aggregation_backhaul,10.0,6.498,84.774,25.25
LDO_uDCN_045,2,2026-05-04 10:47:17,uDCN,LDO,2451656.8,LI_10GbE_aggregation_backhaul,10.0,6.1522,92.5152,25.49
LDO_uDCN_046,2,2026-05-04 10:49:09,uDCN,LDO,3211205.5,LI_10GbE_aggregation_backhaul,10.0,6.3063,79.7475,22.18
LDO_uDCN_047,2,2026-05-04 10:50:37,uDCN,LDO,4171031.7,LI_10GbE_aggregation_backhaul,10.0,6.0037,87.1729,25.21
LDO_uDCN_048,2,2026-05-04 10:52:20,uDCN,LDO,4989385.6,LI_10GbE_aggregation_backhaul,10.0,6.1051,88.0081,23.78
LDO_uDCN_049,2,2026-05-04 10:54:04,uDCN,LDO,4582824.7,LI_10GbE_aggregation_backhaul,10.0,5.6763,90.7193,22.42
LDO_uDCN_050,2,2026-05-04 10:55:10,uDCN,LDO,2139777.0,LI_10GbE_aggregation_backhaul,10.0,5.8954,90.241,24.02
LDO_uDCN_051,2,2026-05-04 10:56:24,uDCN,LDO,1846303.1,LI_10GbE_aggregation_backhaul,10.0,6.3988,82.3814,23.84
LDO_uDCN_052,2,2026-05-04 11:00:13,uDCN,LDO,2895723.8,LI_10GbE_aggregation_backhaul,10.0,5.9943,89.9359,24.55
LDO_uDCN_053,2,2026-05-04 11:02:05,uDCN,LDO,1508577.3,LI_10GbE_aggregation_backhaul,10.0,6.231,84.8073,23.5
LDO_uDCN_054,2,2026-05-04 11:02:52,uDCN,LDO,3141959.6,LI_10GbE_aggregation_backhaul,10.0,6.2132,95.8891,24.56
LDO_uDCN_055,2,2026-05-04 11:03:54,uDCN,LDO,1604765.7,LI_10GbE_aggregation_backhaul,10.0,6.3098,92.3657,22.53
LDO_uDCN_056,2,2026-05-04 11:05:59,uDCN,LDO,3101453.5,LI_10GbE_aggregation_backhaul,10.0,6.6289,96.839,22.01
LDO_uDCN_057,2,2026-05-04 11:08:57,uDCN,LDO,4153282.6,LI_10GbE_aggregation_backhaul,10.0,6.1935,82.8287,22.73
LDO_uDCN_058,2,2026-05-04 11:11:51,uDCN,LDO,2123564.3,LI_10GbE_aggregation_backhaul,10.0,6.0639,92.5295,23.39
LDO_uDCN_059,2,2026-05-04 11:12:36,uDCN,LDO,1895528.1,LI_10GbE_aggregation_backhaul,10.0,6.2512,82.4437,23.28
LDO_uDCN_060,2,2026-05-04 11:14:16,uDCN,LDO,3936764.8,LI_10GbE_aggregation_backhaul,10.0,6.5302,93.4369,23.58
LDO_uDCN_061,2,2026-05-04 11:16:11,uDCN,LDO,1853152.5,LI_10GbE_aggregation_backhaul,10.0,6.3346,91.6077,21.51
LDO_uDCN_062,2,2026-05-04 11:20:51,uDCN,LDO,4270488.6,LI_10GbE_aggregation_backhaul,10.0,6.5009,84.4351,23.36
LDO_uDCN_063,2,2026-05-04 11:23:57,uDCN,LDO,2186445.5,LI_10GbE_aggregation_backhaul,10.0,6.1749,87.3496,24.2
LDO_uDCN_064,2,2026-05-04 11:25:04,uDCN,LDO,4072466.4,LI_10GbE_aggregation_backhaul,10.0,5.9121,88.2298,22.59
LDO_uDCN_065,3,2026-05-05 04:20:36,uDCN,LDO,4745867.1,LI_10GbE_aggregation_backhaul,10.0,5.9852,90.6482,25.47
LDO_uDCN_066,3,2026-05-05 04:22:06,uDCN,LDO,3630595.1,LI_10GbE_aggregation_backhaul,10.0,6.3715,93.319,23.14
LDO_uDCN_067,3,2026-05-05 04:24:20,uDCN,LDO,1464703.2,LI_10GbE_aggregation_backhaul,10.0,6.3685,92.3687,24.33
LDO_uDCN_068,3,2026-05-05 04:27:58,uDCN,LDO,4116236.7,LI_10GbE_aggregation_backhaul,10.0,5.9821,81.4201,25.65
LDO_uDCN_069,3,2026-05-05 04:29:24,uDCN,LDO,3627259.7,LI_10GbE_aggregation_backhaul,10.0,5.6968,83.9634,23.91
LDO_uDCN_070,3,2026-05-05 04:31:34,uDCN,LDO,1048327.3,LI_10GbE_aggregation_backhaul,10.0,6.12,89.815,23.55
LDO_uDCN_071,3,2026-05-05 04:33:39,uDCN,LDO,3791631.3,LI_10GbE_aggregation_backhaul,10.0,6.1605,92.173,25.16
LDO_uDCN_072,3,2026-05-05 04:35:03,uDCN,LDO,3602488.8,LI_10GbE_aggregation_backhaul,10.0,5.9441,99.1798,24.44
LDO_uDCN_073,3,2026-05-05 04:35:23,uDCN,LDO,3798689.7,LI_10GbE_aggregation_backhaul,10.0,6.208,85.4636,23.54
LDO_uDCN_074,3,2026-05-05 04:36:29,uDCN,LDO,2943062.8,LI_10GbE_aggregation_backhaul,10.0,6.3063,93.7961,22.64
LDO_uDCN_075,3,2026-05-05 04:37:38,uDCN,LDO,4127367.5,LI_10GbE_aggregation_backhaul,10.0,6.0828,97.9408,23.18
LDO_uDCN_076,3,2026-05-05 04:42:15,uDCN,LDO,1860291.0,LI_10GbE_aggregation_backhaul,10.0,6.2669,86.8777,21.87
LDO_uDCN_077,3,2026-05-05 04:42:46,uDCN,LDO,2363921.0,LI_10GbE_aggregation_backhaul,10.0,6.3079,85.7427,22.72
LDO_uDCN_078,3,2026-05-05 04:48:25,uDCN,LDO,3060799.3,LI_10GbE_aggregation_backhaul,10.0,6.091,91.1115,22.84
LDO_uDCN_079,3,2026-05-05 04:51:33,uDCN,LDO,3075282.1,LI_10GbE_aggregation_backhaul,10.0,6.3387,87.5891,22.09
LDO_uDCN_080,3,2026-05-05 04:53:34,uDCN,LDO,4402537.4,LI_10GbE_aggregation_backhaul,10.0,6.2535,89.5175,23.52
LDO_uDCN_081,3,2026-05-05 05:00:44,uDCN,LDO,2044370.1,LI_10GbE_aggregation_backhaul,10.0,6.2662,89.6507,22.93
LDO_uDCN_082,3,2026-05-05 05:02:52,uDCN,LDO,3680827.3,LI_10GbE_aggregation_backhaul,10.0,6.3887,103.4299,24.89
LDO_uDCN_083,3,2026-05-05 05:03:44,uDCN,LDO,1294865.3,LI_10GbE_aggregation_backhaul,10.0,6.3817,90.3536,22.39
LDO_uDCN_084,3,2026-05-05 05:07:51,uDCN,LDO,3692109.2,LI_10GbE_aggregation_backhaul,10.0,6.3365,84.2449,21.53
LDO_uDCN_085,3,2026-05-05 05:09:38,uDCN,LDO,1041201.8,LI_10GbE_aggregation_backhaul,10.0,6.4334,85.4589,22.66
LDO_uDCN_086,3,2026-05-05 05:14:37,uDCN,LDO,3368408.9,LI_10GbE_aggregation_backhaul,10.0,6.6757,94.5393,22.07
LDO_uDCN_087,4,2026-05-05 07:02:26,uDCN,LDO,2619376.8,LI_10GbE_aggregation_backhaul,10.0,5.7575,94.6867,23.03
LDO_uDCN_088,4,2026-05-05 07:04:03,uDCN,LDO,3916205.0,LI_10GbE_aggregation_backhaul,10.0,6.3183,85.0076,22.14
LDO_uDCN_089,4,2026-05-05 07:06:05,uDCN,LDO,3931477.8,LI_10GbE_aggregation_backhaul,10.0,5.5685,95.8636,20.92
LDO_uDCN_090,4,2026-05-05 07:06:48,uDCN,LDO,2846384.1,LI_10GbE_aggregation_backhaul,10.0,5.6558,97.7469,24.21
LDO_uDCN_091,4,2026-05-05 07:08:59,uDCN,LDO,2348087.1,LI_10GbE_aggregation_backhaul,10.0,6.0482,89.6614,22.34
LDO_uDCN_092,4,2026-05-05 07:10:27,uDCN,LDO,4805668.9,LI_10GbE_aggregation_backhaul,10.0,6.0162,90.7411,21.05
LDO_uDCN_093,4,2026-05-05 07:12:21,uDCN,LDO,1420783.9,LI_10GbE_aggregation_backhaul,10.0,5.846,95.5707,22.38
LDO_uDCN_094,4,2026-05-05 07:14:12,uDCN,LDO,2305653.8,LI_10GbE_aggregation_backhaul,10.0,5.9159,91.2806,21.98
LDO_uDCN_095,4,2026-05-05 07:15:51,uDCN,LDO,1942429.7,LI_10GbE_aggregation_backhaul,10.0,5.8872,84.4149,24.1
LDO_uDCN_096,4,2026-05-05 07:17:30,uDCN,LDO,2870086.3,LI_10GbE_aggregation_backhaul,10.0,6.0675,91.113,22.47
LDO_uDCN_097,4,2026-05-05 07:18:21,uDCN,LDO,4075621.8,LI_10GbE_aggregation_backhaul,10.0,6.1459,82.6563,20.66
LDO_uDCN_098,4,2026-05-05 07:21:18,uDCN,LDO,1392928.3,LI_10GbE_aggregation_backhaul,10.0,6.2966,86.0249,22.59
LDO_uDCN_099,5,2026-05-05 20:16:38,uDCN,LDO,1260301.9,LI_10GbE_aggregation_backhaul,10.0,6.2613,89.0262,23.51
LDO_uDCN_100,5,2026-05-05 20:18:24,uDCN,LDO,4163430.5,LI_10GbE_aggregation_backhaul,10.0,6.0604,89.1719,27.12
LDO_uDCN_101,5,2026-05-05 20:19:27,uDCN,LDO,4652600.9,LI_10GbE_aggregation_backhaul,10.0,5.9138,80.3303,20.88
LDO_uDCN_102,5,2026-05-05 20:20:17,uDCN,LDO,1255057.1,LI_10GbE_aggregation_backhaul,10.0,6.1339,84.2108,23.05
LDO_uDCN_103,5,2026-05-05 20:24:59,uDCN,LDO,4715512.7,LI_10GbE_aggregation_backhaul,10.0,6.1109,98.0925,24.04
LDO_uDCN_104,5,2026-05-05 20:27:27,uDCN,LDO,4466919.0,LI_10GbE_aggregation_backhaul,10.0,5.9767,82.7746,22.96
LDO_uDCN_105,5,2026-05-05 20:31:19,uDCN,LDO,3953150.6,LI_10GbE_aggregation_backhaul,10.0,6.2723,84.5436,24.43
LDO_uDCN_106,5,2026-05-05 20:34:00,uDCN,LDO,4456523.3,LI_10GbE_aggregation_backhaul,10.0,6.0955,91.9805,22.74
LDO_uDCN_107,5,2026-05-05 20:38:40,uDCN,LDO,4153845.1,LI_10GbE_aggregation_backhaul,10.0,6.3138,80.5236,21.9
LDO_uDCN_108,5,2026-05-05 20:40:47,uDCN,LDO,2196091.0,LI_10GbE_aggregation_backhaul,10.0,5.8796,87.8269,23.73
LDO_uDCN_109,5,2026-05-05 20:44:42,uDCN,LDO,3205896.3,LI_10GbE_aggregation_backhaul,10.0,5.7795,79.9677,21.02
LDO_uDCN_110,5,2026-05-05 20:45:46,uDCN,LDO,4423191.8,LI_10GbE_aggregation_backhaul,10.0,6.0028,78.1433,21.56
LDO_uDCN_111,5,2026-05-05 20:48:32,uDCN,LDO,3559627.5,LI_10GbE_aggregation_backhaul,10.0,6.1756,99.8044,23.14
LDO_uDCN_112,5,2026-05-05 20:51:23,uDCN,LDO,2193747.9,LI_10GbE_aggregation_backhaul,10.0,6.3601,91.1495,22.27
LDO_uDCN_113,5,2026-05-05 20:52:33,uDCN,LDO,4332891.6,LI_10GbE_aggregation_backhaul,10.0,5.9228,84.3634,25.77
LDO_uDCN_114,5,2026-05-05 20:53:36,uDCN,LDO,2411867.1,LI_10GbE_aggregation_backhaul,10.0,5.7389,81.8692,21.6
LDO_uDCN_115,5,2026-05-05 20:56:30,uDCN,LDO,4575808.3,LI_10GbE_aggregation_backhaul,10.0,6.1204,100.7879,23.16
LDO_uDCN_116,5,2026-05-05 20:57:08,uDCN,LDO,1968969.2,LI_10GbE_aggregation_backhaul,10.0,5.9459,82.5194,20.81
LDO_uDCN_117,5,2026-05-05 20:59:06,uDCN,LDO,4977702.5,LI_10GbE_aggregation_backhaul,10.0,6.0605,75.3164,24.77
LDO_uDCN_118,5,2026-05-05 21:01:58,uDCN,LDO,1391224.2,LI_10GbE_aggregation_backhaul,10.0,5.7031,74.8406,21.76
LDO_uDCN_119,5,2026-05-05 21:02:10,uDCN,LDO,4520595.1,LI_10GbE_aggregation_backhaul,10.0,5.9955,88.2184,21.2
LDO_uDCN_120,5,2026-05-05 21:03:02,uDCN,LDO,1575982.4,LI_10GbE_aggregation_backhaul,10.0,5.7936,85.3403,22.82
LDO_uDCN_121,5,2026-05-05 21:10:00,uDCN,LDO,1155671.9,LI_10GbE_aggregation_backhaul,10.0,5.7612,96.5368,21.69
LDO_uDCN_122,5,2026-05-05 21:13:18,uDCN,LDO,4290703.0,LI_10GbE_aggregation_backhaul,10.0,5.8277,91.916,23.23
LDO_uDCN_123,5,2026-05-05 21:15:40,uDCN,LDO,4195161.9,LI_10GbE_aggregation_backhaul,10.0,5.8924,90.4256,24.55
LDO_uDCN_124,5,2026-05-05 21:16:36,uDCN,LDO,1502036.5,LI_10GbE_aggregation_backhaul,10.0,6.0088,80.9387,22.7
LDO_uDCN_125,5,2026-05-05 21:21:17,uDCN,LDO,4623909.6,LI_10GbE_aggregation_backhaul,10.0,6.1736,86.1618,24.57
LDO_uDCN_126,5,2026-05-05 21:23:58,uDCN,LDO,4794768.4,LI_10GbE_aggregation_backhaul,10.0,5.9956,90.1623,21.53
LDO_uDCN_127,5,2026-05-05 21:25:48,uDCN,LDO,2463026.3,LI_10GbE_aggregation_backhaul,10.0,5.75,89.6683,22.02
LDO_uDCN_128,6,2026-05-06 13:17:07,uDCN,LDO,4230648.4,LI_10GbE_aggregation_backhaul,10.0,6.6691,95.5353,22.54
LDO_uDCN_129,6,2026-05-06 13:18:28,uDCN,LDO,4272504.2,LI_10GbE_aggregation_backhaul,10.0,6.1648,91.4821,24.69
LDO_uDCN_130,6,2026-05-06 13:21:12,uDCN,LDO,1438340.2,LI_10GbE_aggregation_backhaul,10.0,6.2781,89.3447,23.74
LDO_uDCN_131,6,2026-05-06 13:22:34,uDCN,LDO,1786803.1,LI_10GbE_aggregation_backhaul,10.0,6.892,98.2003,25.63
LDO_uDCN_132,6,2026-05-06 13:25:14,uDCN,LDO,2570492.8,LI_10GbE_aggregation_backhaul,10.0,6.1995,88.8289,24.3
LDO_uDCN_133,6,2026-05-06 13:27:43,uDCN,LDO,3194692.9,LI_10GbE_aggregation_backhaul,10.0,6.6346,98.8601,23.24
LDO_uDCN_134,6,2026-05-06 13:29:20,uDCN,LDO,3291088.5,LI_10GbE_aggregation_backhaul,10.0,6.6293,94.4429,23.76
LDO_uDCN_135,6,2026-05-06 13:31:50,uDCN,LDO,2951449.6,LI_10GbE_aggregation_backhaul,10.0,6.4138,88.9274,25.74
LDO_uDCN_136,6,2026-05-06 13:34:38,uDCN,LDO,1103431.3,LI_10GbE_aggregation_backhaul,10.0,6.9061,86.2354,23.79
LDO_uDCN_137,6,2026-05-06 13:36:58,uDCN,LDO,4361107.6,LI_10GbE_aggregation_backhaul,10.0,6.5843,91.4232,22.8
LDO_uDCN_138,6,2026-05-06 13:42:18,uDCN,LDO,2156064.6,LI_10GbE_aggregation_backhaul,10.0,6.3614,98.8313,23.96
LDO_uDCN_139,6,2026-05-06 13:44:09,uDCN,LDO,4234131.6,LI_10GbE_aggregation_backhaul,10.0,6.2596,93.9081,24.38
LDO_uDCN_140,6,2026-05-06 13:46:36,uDCN,LDO,1922607.5,LI_10GbE_aggregation_backhaul,10.0,6.2399,95.0634,23.7
LDO_uDCN_141,6,2026-05-06 13:48:20,uDCN,LDO,3939334.5,LI_10GbE_aggregation_backhaul,10.0,6.3695,95.8574,24.15
LDO_uDCN_142,6,2026-05-06 13:48:46,uDCN,LDO,3214918.0,LI_10GbE_aggregation_backhaul,10.0,6.2461,91.0911,22.32
LDO_uDCN_143,6,2026-05-06 13:50:31,uDCN,LDO,4806250.5,LI_10GbE_aggregation_backhaul,10.0,6.5357,78.0741,25.13
LDO_uDCN_144,6,2026-05-06 13:52:28,uDCN,LDO,4515505.9,LI_10GbE_aggregation_backhaul,10.0,6.6466,90.915,23.45
LDO_uDCN_145,6,2026-05-06 13:55:05,uDCN,LDO,4565891.4,LI_10GbE_aggregation_backhaul,10.0,6.1213,84.574,25.55
LDO_uDCN_146,6,2026-05-06 13:56:03,uDCN,LDO,1133162.2,LI_10GbE_aggregation_backhaul,10.0,6.0042,93.4839,25.19
LDO_uDCN_147,6,2026-05-06 13:59:16,uDCN,LDO,2424483.8,LI_10GbE_aggregation_backhaul,10.0,6.4161,95.7037,23.38
LDO_uDCN_148,6,2026-05-06 14:02:21,uDCN,LDO,1442485.4,LI_10GbE_aggregation_backhaul,10.0,6.3555,90.946,23.22
LDO_uDCN_149,7,2026-05-07 05:53:17,uDCN,LDO,2375117.7,LI_10GbE_aggregation_backhaul,10.0,6.8395,89.6318,23.99
LDO_uDCN_150,7,2026-05-07 05:59:11,uDCN,LDO,2434243.8,LI_10GbE_aggregation_backhaul,10.0,6.5032,92.0392,24.85
MDO_uDCN_001,0,2026-05-13 13:13:00,uDCN,MDO,465252.2,LI_10GbE_aggregation_backhaul,10.0,8.6179,11.8842,17.48
MDO_uDCN_002,0,2026-05-13 13:15:49,uDCN,MDO,169373.1,LI_10GbE_aggregation_backhaul,10.0,8.6982,12.5739,17.71
MDO_uDCN_003,0,2026-05-13 13:18:32,uDCN,MDO,155802.3,LI_10GbE_aggregation_backhaul,10.0,7.9135,12.0106,16.72
MDO_uDCN_004,0,2026-05-13 13:20:13,uDCN,MDO,266519.9,LI_10GbE_aggregation_backhaul,10.0,8.2059,11.7702,17.05
MDO_uDCN_005,0,2026-05-13 13:23:37,uDCN,MDO,373790.7,LI_10GbE_aggregation_backhaul,10.0,8.327,12.7813,19.01
MDO_uDCN_006,0,2026-05-13 13:25:15,uDCN,MDO,428063.7,LI_10GbE_aggregation_backhaul,10.0,8.6719,11.3519,17.95
MDO_uDCN_007,0,2026-05-13 13:25:57,uDCN,MDO,300985.7,LI_10GbE_aggregation_backhaul,10.0,8.4576,13.4336,17.41
MDO_uDCN_008,0,2026-05-13 13:27:00,uDCN,MDO,77136.9,LI_10GbE_aggregation_backhaul,10.0,8.6923,13.8284,18.66
MDO_uDCN_009,0,2026-05-13 13:29:21,uDCN,MDO,276662.8,LI_10GbE_aggregation_backhaul,10.0,8.6975,12.1453,18.5
MDO_uDCN_010,0,2026-05-13 13:31:24,uDCN,MDO,72445.1,LI_10GbE_aggregation_backhaul,10.0,7.7661,12.1196,17.19
MDO_uDCN_011,0,2026-05-13 13:33:43,uDCN,MDO,390634.1,LI_10GbE_aggregation_backhaul,10.0,8.215,12.572,17.97
MDO_uDCN_012,0,2026-05-13 13:38:03,uDCN,MDO,328862.9,LI_10GbE_aggregation_backhaul,10.0,8.1316,11.8043,15.87
MDO_uDCN_013,0,2026-05-13 13:41:12,uDCN,MDO,325948.6,LI_10GbE_aggregation_backhaul,10.0,8.3464,13.275,17.98
MDO_uDCN_014,0,2026-05-13 13:43:11,uDCN,MDO,188735.7,LI_10GbE_aggregation_backhaul,10.0,8.4471,12.1067,19.45
MDO_uDCN_015,0,2026-05-13 13:44:22,uDCN,MDO,498004.0,LI_10GbE_aggregation_backhaul,10.0,8.466,12.9366,18.29
MDO_uDCN_016,0,2026-05-13 13:47:37,uDCN,MDO,287026.3,LI_10GbE_aggregation_backhaul,10.0,8.3824,12.7644,17.87
MDO_uDCN_017,0,2026-05-13 13:51:52,uDCN,MDO,487143.3,LI_10GbE_aggregation_backhaul,10.0,8.3238,12.9173,18.82
MDO_uDCN_018,0,2026-05-13 13:54:46,uDCN,MDO,372141.3,LI_10GbE_aggregation_backhaul,10.0,8.5428,11.9748,16.6
MDO_uDCN_019,0,2026-05-13 13:56:30,uDCN,MDO,93059.3,LI_10GbE_aggregation_backhaul,10.0,8.8586,11.2689,19.75
MDO_uDCN_020,0,2026-05-13 13:56:59,uDCN,MDO,170121.0,LI_10GbE_aggregation_backhaul,10.0,8.0865,13.0166,18.9
MDO_uDCN_021,0,2026-05-13 13:58:17,uDCN,MDO,333871.6,LI_10GbE_aggregation_backhaul,10.0,8.569,12.6599,19.2
MDO_uDCN_022,1,2026-05-14 12:18:56,uDCN,MDO,380570.9,LI_10GbE_aggregation_backhaul,10.0,8.6701,12.4922,16.43
MDO_uDCN_023,1,2026-05-14 12:22:01,uDCN,MDO,295750.4,LI_10GbE_aggregation_backhaul,10.0,8.2473,13.2012,16.84
MDO_uDCN_024,1,2026-05-14 12:22:58,uDCN,MDO,387719.1,LI_10GbE_aggregation_backhaul,10.0,8.5301,11.5331,17.54
MDO_uDCN_025,1,2026-05-14 12:24:51,uDCN,MDO,187478.2,LI_10GbE_aggregation_backhaul,10.0,8.167,11.8362,16.52
MDO_uDCN_026,1,2026-05-14 12:25:41,uDCN,MDO,254944.3,LI_10GbE_aggregation_backhaul,10.0,8.2711,11.4574,18.73
MDO_uDCN_027,1,2026-05-14 12:28:46,uDCN,MDO,352248.7,LI_10GbE_aggregation_backhaul,10.0,8.3262,13.7388,17.62
MDO_uDCN_028,1,2026-05-14 12:29:15,uDCN,MDO,505132.9,LI_10GbE_aggregation_backhaul,10.0,8.5555,12.4383,16.38
MDO_uDCN_029,1,2026-05-14 12:30:09,uDCN,MDO,357907.4,LI_10GbE_aggregation_backhaul,10.0,8.5692,12.9119,18.34
MDO_uDCN_030,1,2026-05-14 12:34:26,uDCN,MDO,237600.1,LI_10GbE_aggregation_backhaul,10.0,8.0733,11.5986,18.03
MDO_uDCN_031,1,2026-05-14 12:34:57,uDCN,MDO,154612.3,LI_10GbE_aggregation_backhaul,10.0,8.3123,11.4684,17.79
MDO_uDCN_032,1,2026-05-14 12:38:10,uDCN,MDO,441001.1,LI_10GbE_aggregation_backhaul,10.0,8.3834,12.4529,17.08
MDO_uDCN_033,1,2026-05-14 12:39:34,uDCN,MDO,331505.6,LI_10GbE_aggregation_backhaul,10.0,8.336,12.8363,18.0
MDO_uDCN_034,1,2026-05-14 12:44:54,uDCN,MDO,306312.3,LI_10GbE_aggregation_backhaul,10.0,8.3502,12.5145,17.88
MDO_uDCN_035,1,2026-05-14 12:48:38,uDCN,MDO,294991.4,LI_10GbE_aggregation_backhaul,10.0,8.1402,12.333,17.06
MDO_uDCN_036,1,2026-05-14 12:50:35,uDCN,MDO,117063.6,LI_10GbE_aggregation_backhaul,10.0,8.0985,13.5189,18.8
MDO_uDCN_037,1,2026-05-14 12:52:28,uDCN,MDO,445909.9,LI_10GbE_aggregation_backhaul,10.0,8.3514,11.7551,17.72
MDO_uDCN_038,1,2026-05-14 12:53:22,uDCN,MDO,99733.2,LI_10GbE_aggregation_backhaul,10.0,7.7469,13.9197,18.0
MDO_uDCN_039,1,2026-05-14 12:58:40,uDCN,MDO,161826.5,LI_10GbE_aggregation_backhaul,10.0,8.2871,11.4042,17.87
MDO_uDCN_040,1,2026-05-14 13:02:14,uDCN,MDO,387108.0,LI_10GbE_aggregation_backhaul,10.0,8.2037,11.5474,17.63
MDO_uDCN_041,1,2026-05-14 13:04:58,uDCN,MDO,278189.3,LI_10GbE_aggregation_backhaul,10.0,8.5797,12.2552,17.22
MDO_uDCN_042,2,2026-05-15 14:39:16,uDCN,MDO,307817.7,LI_10GbE_aggregation_backhaul,10.0,8.5306,12.2939,17.92
MDO_uDCN_043,2,2026-05-15 14:41:35,uDCN,MDO,407040.1,LI_10GbE_aggregation_backhaul,10.0,8.1856,13.0317,16.83
MDO_uDCN_044,2,2026-05-15 14:45:07,uDCN,MDO,505201.1,LI_10GbE_aggregation_backhaul,10.0,8.3056,11.8659,18.52
MDO_uDCN_045,2,2026-05-15 14:47:40,uDCN,MDO,415838.9,LI_10GbE_aggregation_backhaul,10.0,8.2964,11.6483,17.75
MDO_uDCN_046,2,2026-05-15 14:50:35,uDCN,MDO,160377.8,LI_10GbE_aggregation_backhaul,10.0,8.1159,12.423,18.09
MDO_uDCN_047,2,2026-05-15 14:52:16,uDCN,MDO,477608.3,LI_10GbE_aggregation_backhaul,10.0,7.9192,12.9484,18.52
MDO_uDCN_048,2,2026-05-15 14:54:16,uDCN,MDO,196258.5,LI_10GbE_aggregation_backhaul,10.0,8.5756,13.5583,18.21
MDO_uDCN_049,2,2026-05-15 14:57:28,uDCN,MDO,114500.9,LI_10GbE_aggregation_backhaul,10.0,8.5918,11.7867,17.99
MDO_uDCN_050,2,2026-05-15 14:59:05,uDCN,MDO,188602.7,LI_10GbE_aggregation_backhaul,10.0,8.0058,12.4486,16.82
MDO_uDCN_051,2,2026-05-15 15:01:40,uDCN,MDO,81956.8,LI_10GbE_aggregation_backhaul,10.0,7.9126,13.3051,19.5
MDO_uDCN_052,2,2026-05-15 15:04:10,uDCN,MDO,359544.3,LI_10GbE_aggregation_backhaul,10.0,8.323,13.5465,17.19
MDO_uDCN_053,2,2026-05-15 15:05:22,uDCN,MDO,152070.8,LI_10GbE_aggregation_backhaul,10.0,8.5878,12.6157,16.46
MDO_uDCN_054,3,2026-05-16 01:23:07,uDCN,MDO,397950.8,LI_10GbE_aggregation_backhaul,10.0,8.0362,12.0987,18.19
MDO_uDCN_055,3,2026-05-16 01:24:07,uDCN,MDO,458119.0,LI_10GbE_aggregation_backhaul,10.0,8.4428,11.5162,17.44
MDO_uDCN_056,3,2026-05-16 01:28:49,uDCN,MDO,242149.5,LI_10GbE_aggregation_backhaul,10.0,8.4436,13.4973,16.79
MDO_uDCN_057,3,2026-05-16 01:32:03,uDCN,MDO,109301.1,LI_10GbE_aggregation_backhaul,10.0,8.6225,11.1864,17.32
MDO_uDCN_058,3,2026-05-16 01:34:05,uDCN,MDO,111959.5,LI_10GbE_aggregation_backhaul,10.0,8.0942,12.8901,16.32
MDO_uDCN_059,3,2026-05-16 01:36:28,uDCN,MDO,351485.9,LI_10GbE_aggregation_backhaul,10.0,8.3187,12.4653,17.28
MDO_uDCN_060,3,2026-05-16 01:37:39,uDCN,MDO,254653.2,LI_10GbE_aggregation_backhaul,10.0,8.2946,12.1496,17.96
MDO_uDCN_061,3,2026-05-16 01:43:53,uDCN,MDO,387620.7,LI_10GbE_aggregation_backhaul,10.0,8.2964,12.8532,19.84
MDO_uDCN_062,3,2026-05-16 01:44:49,uDCN,MDO,343827.9,LI_10GbE_aggregation_backhaul,10.0,8.2426,11.641,18.88
MDO_uDCN_063,3,2026-05-16 01:47:12,uDCN,MDO,488179.4,LI_10GbE_aggregation_backhaul,10.0,8.7888,12.6452,19.27
MDO_uDCN_064,3,2026-05-16 01:47:37,uDCN,MDO,84868.5,LI_10GbE_aggregation_backhaul,10.0,8.385,12.662,17.95
MDO_uDCN_065,3,2026-05-16 01:50:29,uDCN,MDO,120161.4,LI_10GbE_aggregation_backhaul,10.0,8.162,13.9688,18.14
MDO_uDCN_066,4,2026-05-17 05:05:19,uDCN,MDO,254345.2,LI_10GbE_aggregation_backhaul,10.0,8.6232,12.6184,18.23
MDO_uDCN_067,4,2026-05-17 05:07:11,uDCN,MDO,450861.4,LI_10GbE_aggregation_backhaul,10.0,8.7713,12.4008,17.01
MDO_uDCN_068,4,2026-05-17 05:10:50,uDCN,MDO,462478.7,LI_10GbE_aggregation_backhaul,10.0,7.8933,12.178,17.46
MDO_uDCN_069,4,2026-05-17 05:12:45,uDCN,MDO,230666.3,LI_10GbE_aggregation_backhaul,10.0,8.1254,12.9361,18.7
MDO_uDCN_070,4,2026-05-17 05:13:27,uDCN,MDO,434595.2,LI_10GbE_aggregation_backhaul,10.0,8.4149,12.2916,17.85
MDO_uDCN_071,4,2026-05-17 05:16:11,uDCN,MDO,491617.3,LI_10GbE_aggregation_backhaul,10.0,8.2799,12.495,16.23
MDO_uDCN_072,4,2026-05-17 05:18:23,uDCN,MDO,484832.1,LI_10GbE_aggregation_backhaul,10.0,7.9859,13.0708,18.02
MDO_uDCN_073,4,2026-05-17 05:22:39,uDCN,MDO,167409.8,LI_10GbE_aggregation_backhaul,10.0,8.4093,11.7982,16.65
MDO_uDCN_074,4,2026-05-17 05:25:24,uDCN,MDO,67904.9,LI_10GbE_aggregation_backhaul,10.0,8.262,11.7101,19.17
MDO_uDCN_075,4,2026-05-17 05:26:47,uDCN,MDO,193279.6,LI_10GbE_aggregation_backhaul,10.0,8.5544,11.3553,19.77
MDO_uDCN_076,4,2026-05-17 05:29:55,uDCN,MDO,138727.1,LI_10GbE_aggregation_backhaul,10.0,8.9522,13.3074,17.76
MDO_uDCN_077,4,2026-05-17 05:30:57,uDCN,MDO,391660.8,LI_10GbE_aggregation_backhaul,10.0,8.6122,13.1984,18.18
MDO_uDCN_078,4,2026-05-17 05:32:20,uDCN,MDO,200676.8,LI_10GbE_aggregation_backhaul,10.0,8.2252,12.5653,16.91
MDO_uDCN_079,4,2026-05-17 05:33:52,uDCN,MDO,127646.1,LI_10GbE_aggregation_backhaul,10.0,8.0908,13.39,17.33
MDO_uDCN_080,4,2026-05-17 05:35:17,uDCN,MDO,195989.2,LI_10GbE_aggregation_backhaul,10.0,8.2054,13.2999,17.57
MDO_uDCN_081,4,2026-05-17 05:39:55,uDCN,MDO,396153.6,LI_10GbE_aggregation_backhaul,10.0,7.7802,12.0206,17.6
MDO_uDCN_082,4,2026-05-17 05:41:32,uDCN,MDO,74474.2,LI_10GbE_aggregation_backhaul,10.0,7.8845,12.3694,17.27
MDO_uDCN_083,4,2026-05-17 05:44:19,uDCN,MDO,500959.9,LI_10GbE_aggregation_backhaul,10.0,7.9726,13.5045,17.58
MDO_uDCN_084,4,2026-05-17 05:45:45,uDCN,MDO,102801.1,LI_10GbE_aggregation_backhaul,10.0,8.9914,12.6518,17.09
MDO_uDCN_085,4,2026-05-17 05:48:07,uDCN,MDO,65978.2,LI_10GbE_aggregation_backhaul,10.0,8.1791,12.9406,18.21
MDO_uDCN_086,4,2026-05-17 05:49:59,uDCN,MDO,181645.3,LI_10GbE_aggregation_backhaul,10.0,8.7027,11.5579,17.7
MDO_uDCN_087,4,2026-05-17 05:50:38,uDCN,MDO,149183.5,LI_10GbE_aggregation_backhaul,10.0,8.7108,12.7822,19.11
MDO_uDCN_088,4,2026-05-17 05:53:19,uDCN,MDO,245821.5,LI_10GbE_aggregation_backhaul,10.0,8.2974,10.9481,17.15
MDO_uDCN_089,4,2026-05-17 05:58:01,uDCN,MDO,191526.1,LI_10GbE_aggregation_backhaul,10.0,8.3472,13.0704,18.39
MDO_uDCN_090,4,2026-05-17 05:59:07,uDCN,MDO,456528.6,LI_10GbE_aggregation_backhaul,10.0,8.4118,10.9586,17.94
MDO_PythonNDN_001,0,2026-05-17 18:10:00,PythonNDN,MDO,160524.6,LI_10GbE_aggregation_backhaul,10.0,0.6777,26.3173,90.27
MDO_PythonNDN_002,0,2026-05-17 18:18:09,PythonNDN,MDO,437512.7,LI_10GbE_aggregation_backhaul,10.0,0.6841,30.8372,88.98
MDO_PythonNDN_003,0,2026-05-17 18:21:07,PythonNDN,MDO,466095.0,LI_10GbE_aggregation_backhaul,10.0,0.6637,25.8108,85.49
MDO_PythonNDN_004,0,2026-05-17 18:22:10,PythonNDN,MDO,88158.4,LI_10GbE_aggregation_backhaul,10.0,0.7163,26.3632,96.16
MDO_PythonNDN_005,0,2026-05-17 18:23:49,PythonNDN,MDO,441643.8,LI_10GbE_aggregation_backhaul,10.0,0.7427,26.3235,88.54
MDO_PythonNDN_006,0,2026-05-17 18:24:53,PythonNDN,MDO,289869.8,LI_10GbE_aggregation_backhaul,10.0,0.6979,26.1315,87.17
MDO_PythonNDN_007,0,2026-05-17 18:27:44,PythonNDN,MDO,390232.4,LI_10GbE_aggregation_backhaul,10.0,0.6746,27.1525,97.5
MDO_PythonNDN_008,0,2026-05-17 18:29:28,PythonNDN,MDO,254381.5,LI_10GbE_aggregation_backhaul,10.0,0.6734,29.258,89.89
MDO_PythonNDN_009,0,2026-05-17 18:31:19,PythonNDN,MDO,454228.7,LI_10GbE_aggregation_backhaul,10.0,0.7,28.3963,95.37
MDO_PythonNDN_010,0,2026-05-17 18:36:26,PythonNDN,MDO,71880.1,LI_10GbE_aggregation_backhaul,10.0,0.7179,28.0223,89.01
MDO_PythonNDN_011,0,2026-05-17 18:41:07,PythonNDN,MDO,94335.6,LI_10GbE_aggregation_backhaul,10.0,0.7146,27.5945,78.67
MDO_PythonNDN_012,0,2026-05-17 18:44:17,PythonNDN,MDO,285301.0,LI_10GbE_aggregation_backhaul,10.0,0.6624,28.089,87.52
MDO_PythonNDN_013,0,2026-05-17 18:45:34,PythonNDN,MDO,466064.9,LI_10GbE_aggregation_backhaul,10.0,0.692,24.049,84.14
MDO_PythonNDN_014,0,2026-05-17 18:49:29,PythonNDN,MDO,411219.1,LI_10GbE_aggregation_backhaul,10.0,0.685,28.3503,86.86
MDO_PythonNDN_015,0,2026-05-17 18:51:27,PythonNDN,MDO,228644.7,LI_10GbE_aggregation_backhaul,10.0,0.6774,24.9328,86.01
MDO_PythonNDN_016,0,2026-05-17 18:52:54,PythonNDN,MDO,198176.3,LI_10GbE_aggregation_backhaul,10.0,0.6877,26.2809,87.01
MDO_PythonNDN_017,0,2026-05-17 18:58:23,PythonNDN,MDO,148246.8,LI_10GbE_aggregation_backhaul,10.0,0.6668,28.1361,96.53
MDO_PythonNDN_018,0,2026-05-17 18:59:34,PythonNDN,MDO,476779.0,LI_10GbE_aggregation_backhaul,10.0,0.7134,26.0442,91.26
MDO_PythonNDN_019,0,2026-05-17 19:00:49,PythonNDN,MDO,457667.0,LI_10GbE_aggregation_backhaul,10.0,0.6896,28.604,92.47
MDO_PythonNDN_020,0,2026-05-17 19:03:58,PythonNDN,MDO,495424.6,LI_10GbE_aggregation_backhaul,10.0,0.6889,27.9151,86.93
MDO_PythonNDN_021,0,2026-05-17 19:04:45,PythonNDN,MDO,454267.2,LI_10GbE_aggregation_backhaul,10.0,0.6628,27.4207,85.25
MDO_PythonNDN_022,0,2026-05-17 19:05:16,PythonNDN,MDO,135410.7,LI_10GbE_aggregation_backhaul,10.0,0.6705,26.8872,87.78
MDO_PythonNDN_023,0,2026-05-17 19:06:03,PythonNDN,MDO,95048.4,LI_10GbE_aggregation_backhaul,10.0,0.7242,32.6687,86.89
MDO_PythonNDN_024,0,2026-05-17 19:08:25,PythonNDN,MDO,358476.7,LI_10GbE_aggregation_backhaul,10.0,0.6279,26.8057,88.23
MDO_uDCN_091,5,2026-05-18 04:51:49,uDCN,MDO,432851.3,LI_10GbE_aggregation_backhaul,10.0,8.0305,12.107,17.78
MDO_uDCN_092,5,2026-05-18 04:53:14,uDCN,MDO,505416.0,LI_10GbE_aggregation_backhaul,10.0,8.6639,12.9225,19.68
MDO_uDCN_093,5,2026-05-18 04:54:45,uDCN,MDO,266643.9,LI_10GbE_aggregation_backhaul,10.0,7.9887,12.2082,19.38
MDO_uDCN_094,5,2026-05-18 04:57:31,uDCN,MDO,495716.6,LI_10GbE_aggregation_backhaul,10.0,8.2711,12.5421,17.61
MDO_uDCN_095,5,2026-05-18 04:59:11,uDCN,MDO,374059.2,LI_10GbE_aggregation_backhaul,10.0,8.3765,11.7771,19.6
MDO_uDCN_096,5,2026-05-18 05:02:50,uDCN,MDO,408019.4,LI_10GbE_aggregation_backhaul,10.0,7.8646,13.7509,16.65
MDO_uDCN_097,5,2026-05-18 05:03:49,uDCN,MDO,176000.7,LI_10GbE_aggregation_backhaul,10.0,8.4274,13.2014,17.43
MDO_uDCN_098,5,2026-05-18 05:04:39,uDCN,MDO,300481.3,LI_10GbE_aggregation_backhaul,10.0,7.8905,12.1856,16.86
MDO_uDCN_099,5,2026-05-18 05:06:44,uDCN,MDO,382104.0,LI_10GbE_aggregation_backhaul,10.0,7.9402,13.7278,17.65
MDO_uDCN_100,5,2026-05-18 05:08:39,uDCN,MDO,375546.2,LI_10GbE_aggregation_backhaul,10.0,8.6506,12.0165,18.34
MDO_uDCN_101,5,2026-05-18 05:10:23,uDCN,MDO,501648.2,LI_10GbE_aggregation_backhaul,10.0,8.9063,12.4927,17.73
MDO_uDCN_102,5,2026-05-18 05:12:41,uDCN,MDO,491305.3,LI_10GbE_aggregation_backhaul,10.0,7.8298,12.0524,17.95
MDO_uDCN_103,5,2026-05-18 05:14:14,uDCN,MDO,254044.3,LI_10GbE_aggregation_backhaul,10.0,8.0776,13.0408,19.92
MDO_uDCN_104,5,2026-05-18 05:16:36,uDCN,MDO,306659.2,LI_10GbE_aggregation_backhaul,10.0,7.839,13.403,17.88
MDO_uDCN_105,5,2026-05-18 05:19:15,uDCN,MDO,108440.9,LI_10GbE_aggregation_backhaul,10.0,8.3664,11.806,17.38
MDO_uDCN_106,5,2026-05-18 05:20:37,uDCN,MDO,473383.3,LI_10GbE_aggregation_backhaul,10.0,8.5537,11.272,18.83
MDO_uDCN_107,5,2026-05-18 05:22:15,uDCN,MDO,226206.0,LI_10GbE_aggregation_backhaul,10.0,8.3585,12.7596,17.73
MDO_uDCN_108,5,2026-05-18 05:25:12,uDCN,MDO,276312.9,LI_10GbE_aggregation_backhaul,10.0,9.0827,12.6061,17.9
MDO_uDCN_109,5,2026-05-18 05:28:56,uDCN,MDO,488910.2,LI_10GbE_aggregation_backhaul,10.0,8.0341,12.7832,16.84
MDO_uDCN_110,5,2026-05-18 05:31:57,uDCN,MDO,136646.9,LI_10GbE_aggregation_backhaul,10.0,7.9461,12.1967,17.37
MDO_uDCN_111,5,2026-05-18 05:34:25,uDCN,MDO,276528.8,LI_10GbE_aggregation_backhaul,10.0,8.3474,13.3733,18.23
MDO_uDCN_112,5,2026-05-18 05:35:38,uDCN,MDO,338758.3,LI_10GbE_aggregation_backhaul,10.0,8.6173,12.3759,16.67
MDO_uDCN_113,5,2026-05-18 05:37:52,uDCN,MDO,260920.0,LI_10GbE_aggregation_backhaul,10.0,7.8925,12.2288,18.22
MDO_uDCN_114,5,2026-05-18 05:39:35,uDCN,MDO,371379.6,LI_10GbE_aggregation_backhaul,10.0,7.9428,11.4675,17.7
MDO_uDCN_115,5,2026-05-18 05:39:50,uDCN,MDO,505086.8,LI_10GbE_aggregation_backhaul,10.0,8.3833,12.2828,16.93
MDO_uDCN_116,5,2026-05-18 05:41:52,uDCN,MDO,148532.9,LI_10GbE_aggregation_backhaul,10.0,8.4446,12.0062,17.55
MDO_uDCN_117,5,2026-05-18 05:44:00,uDCN,MDO,367845.6,LI_10GbE_aggregation_backhaul,10.0,8.2218,12.2296,16.98
MDO_uDCN_118,5,2026-05-18 05:46:05,uDCN,MDO,428550.8,LI_10GbE_aggregation_backhaul,10.0,8.3422,12.2703,19.02
MDO_uDCN_119,5,2026-05-18 05:51:24,uDCN,MDO,99334.7,LI_10GbE_aggregation_backhaul,10.0,8.512,13.6072,16.9
MDO_uDCN_120,5,2026-05-18 05:53:13,uDCN,MDO,105177.4,LI_10GbE_aggregation_backhaul,10.0,7.6522,13.3749,18.69
MDO_uDCN_121,5,2026-05-18 05:54:35,uDCN,MDO,356588.9,LI_10GbE_aggregation_backhaul,10.0,8.9032,12.3839,18.28
MDO_PythonNDN_025,1,2026-05-18 23:59:40,PythonNDN,MDO,352268.4,LI_10GbE_aggregation_backhaul,10.0,0.6731,29.5238,86.77
MDO_PythonNDN_026,1,2026-05-19 00:02:19,PythonNDN,MDO,310789.4,LI_10GbE_aggregation_backhaul,10.0,0.6648,29.1647,81.01
MDO_PythonNDN_027,1,2026-05-19 00:03:48,PythonNDN,MDO,226883.3,LI_10GbE_aggregation_backhaul,10.0,0.7142,29.7925,87.03
MDO_PythonNDN_028,1,2026-05-19 00:07:06,PythonNDN,MDO,437617.9,LI_10GbE_aggregation_backhaul,10.0,0.7296,29.5359,81.55
MDO_PythonNDN_029,1,2026-05-19 00:09:36,PythonNDN,MDO,495700.5,LI_10GbE_aggregation_backhaul,10.0,0.6751,25.985,88.88
MDO_PythonNDN_030,1,2026-05-19 00:15:49,PythonNDN,MDO,315107.7,LI_10GbE_aggregation_backhaul,10.0,0.7192,28.1547,91.45
MDO_PythonNDN_031,1,2026-05-19 00:21:22,PythonNDN,MDO,278685.6,LI_10GbE_aggregation_backhaul,10.0,0.6498,27.9107,92.07
MDO_PythonNDN_032,1,2026-05-19 00:23:14,PythonNDN,MDO,106358.6,LI_10GbE_aggregation_backhaul,10.0,0.6995,30.5454,87.99
MDO_PythonNDN_033,1,2026-05-19 00:24:01,PythonNDN,MDO,405938.8,LI_10GbE_aggregation_backhaul,10.0,0.6783,23.9791,84.8
MDO_PythonNDN_034,1,2026-05-19 00:25:45,PythonNDN,MDO,475971.3,LI_10GbE_aggregation_backhaul,10.0,0.706,27.16,87.74
MDO_PythonNDN_035,1,2026-05-19 00:27:24,PythonNDN,MDO,229031.0,LI_10GbE_aggregation_backhaul,10.0,0.6633,25.9237,84.39
MDO_PythonNDN_036,1,2026-05-19 00:30:35,PythonNDN,MDO,406412.9,LI_10GbE_aggregation_backhaul,10.0,0.7318,26.3145,100.0
MDO_PythonNDN_037,1,2026-05-19 00:32:15,PythonNDN,MDO,489413.4,LI_10GbE_aggregation_backhaul,10.0,0.7221,27.0123,84.2
MDO_PythonNDN_038,1,2026-05-19 00:33:53,PythonNDN,MDO,382710.3,LI_10GbE_aggregation_backhaul,10.0,0.7365,29.4852,85.94
MDO_PythonNDN_039,1,2026-05-19 00:37:30,PythonNDN,MDO,257543.3,LI_10GbE_aggregation_backhaul,10.0,0.72,27.5478,89.54
MDO_PythonNDN_040,1,2026-05-19 00:39:54,PythonNDN,MDO,145409.5,LI_10GbE_aggregation_backhaul,10.0,0.7029,28.5314,86.09
MDO_PythonNDN_041,1,2026-05-19 00:41:33,PythonNDN,MDO,452642.8,LI_10GbE_aggregation_backhaul,10.0,0.6626,26.3951,88.3
MDO_uDCN_122,6,2026-05-19 04:34:43,uDCN,MDO,127102.2,LI_10GbE_aggregation_backhaul,10.0,8.7827,14.13,18.97
MDO_uDCN_123,6,2026-05-19 04:39:02,uDCN,MDO,119135.0,LI_10GbE_aggregation_backhaul,10.0,8.532,12.4113,18.86
MDO_uDCN_124,6,2026-05-19 04:41:36,uDCN,MDO,85335.2,LI_10GbE_aggregation_backhaul,10.0,8.6501,12.6887,18.37
MDO_uDCN_125,6,2026-05-19 04:43:26,uDCN,MDO,218649.3,LI_10GbE_aggregation_backhaul,10.0,8.2839,11.7994,19.2
MDO_uDCN_126,6,2026-05-19 04:46:38,uDCN,MDO,441663.9,LI_10GbE_aggregation_backhaul,10.0,8.3902,12.1407,18.37
MDO_uDCN_127,6,2026-05-19 04:48:31,uDCN,MDO,476678.6,LI_10GbE_aggregation_backhaul,10.0,8.2699,15.3633,17.96
MDO_uDCN_128,6,2026-05-19 04:49:43,uDCN,MDO,413816.9,LI_10GbE_aggregation_backhaul,10.0,8.4162,11.5999,18.49
MDO_uDCN_129,6,2026-05-19 04:52:00,uDCN,MDO,298680.2,LI_10GbE_aggregation_backhaul,10.0,8.3687,12.0713,18.81
MDO_uDCN_130,6,2026-05-19 04:52:52,uDCN,MDO,337476.4,LI_10GbE_aggregation_backhaul,10.0,8.4872,12.6893,16.65
MDO_uDCN_131,6,2026-05-19 04:54:55,uDCN,MDO,360853.6,LI_10GbE_aggregation_backhaul,10.0,8.8569,11.1431,18.84
MDO_uDCN_132,6,2026-05-19 04:57:25,uDCN,MDO,75049.7,LI_10GbE_aggregation_backhaul,10.0,8.7077,13.299,18.77
MDO_uDCN_133,6,2026-05-19 04:59:30,uDCN,MDO,110221.7,LI_10GbE_aggregation_backhaul,10.0,8.7395,13.2979,18.29
MDO_uDCN_134,6,2026-05-19 05:01:49,uDCN,MDO,347121.5,LI_10GbE_aggregation_backhaul,10.0,8.4608,12.9647,17.54
MDO_PythonNDN_042,2,2026-05-19 14:45:51,PythonNDN,MDO,224490.7,LI_10GbE_aggregation_backhaul,10.0,0.6952,28.089,87.84
MDO_PythonNDN_043,2,2026-05-19 14:48:46,PythonNDN,MDO,207378.8,LI_10GbE_aggregation_backhaul,10.0,0.6953,26.2455,89.3
MDO_PythonNDN_044,2,2026-05-19 14:51:11,PythonNDN,MDO,183945.8,LI_10GbE_aggregation_backhaul,10.0,0.671,28.9563,91.44
MDO_PythonNDN_045,2,2026-05-19 14:52:12,PythonNDN,MDO,319383.4,LI_10GbE_aggregation_backhaul,10.0,0.6759,29.1729,88.34
MDO_PythonNDN_046,2,2026-05-19 14:53:33,PythonNDN,MDO,385412.7,LI_10GbE_aggregation_backhaul,10.0,0.676,27.4451,84.09
MDO_PythonNDN_047,2,2026-05-19 14:55:09,PythonNDN,MDO,418695.1,LI_10GbE_aggregation_backhaul,10.0,0.6849,28.1945,84.0
MDO_PythonNDN_048,2,2026-05-19 14:56:22,PythonNDN,MDO,374420.3,LI_10GbE_aggregation_backhaul,10.0,0.6552,31.7661,85.86
MDO_PythonNDN_049,2,2026-05-19 14:58:37,PythonNDN,MDO,264462.1,LI_10GbE_aggregation_backhaul,10.0,0.7013,24.9634,87.77
MDO_PythonNDN_050,2,2026-05-19 14:59:43,PythonNDN,MDO,310136.2,LI_10GbE_aggregation_backhaul,10.0,0.6964,26.1194,82.7
MDO_PythonNDN_051,2,2026-05-19 15:06:29,PythonNDN,MDO,400425.4,LI_10GbE_aggregation_backhaul,10.0,0.6472,27.4083,86.34
MDO_PythonNDN_052,2,2026-05-19 15:08:15,PythonNDN,MDO,493015.2,LI_10GbE_aggregation_backhaul,10.0,0.704,24.4535,80.9
MDO_PythonNDN_053,2,2026-05-19 15:11:27,PythonNDN,MDO,462234.4,LI_10GbE_aggregation_backhaul,10.0,0.6948,26.7761,84.86
MDO_PythonNDN_054,2,2026-05-19 15:13:32,PythonNDN,MDO,86920.4,LI_10GbE_aggregation_backhaul,10.0,0.7049,28.3025,89.33
MDO_PythonNDN_055,2,2026-05-19 15:18:17,PythonNDN,MDO,479397.9,LI_10GbE_aggregation_backhaul,10.0,0.6927,26.4779,93.34
MDO_PythonNDN_056,2,2026-05-19 15:21:54,PythonNDN,MDO,206211.1,LI_10GbE_aggregation_backhaul,10.0,0.6826,30.6693,80.71
MDO_PythonNDN_057,2,2026-05-19 15:24:30,PythonNDN,MDO,74346.7,LI_10GbE_aggregation_backhaul,10.0,0.7052,26.1834,86.18
MDO_PythonNDN_058,2,2026-05-19 15:26:11,PythonNDN,MDO,203239.7,LI_10GbE_aggregation_backhaul,10.0,0.713,25.5543,81.07
MDO_PythonNDN_059,3,2026-05-19 23:55:11,PythonNDN,MDO,102476.6,LI_10GbE_aggregation_backhaul,10.0,0.6746,29.088,89.94
MDO_PythonNDN_060,3,2026-05-19 23:55:56,PythonNDN,MDO,384707.5,LI_10GbE_aggregation_backhaul,10.0,0.711,29.2305,100.0
MDO_PythonNDN_061,3,2026-05-19 23:56:24,PythonNDN,MDO,313161.0,LI_10GbE_aggregation_backhaul,10.0,0.7023,28.2482,88.72
MDO_PythonNDN_062,3,2026-05-19 23:57:33,PythonNDN,MDO,76479.5,LI_10GbE_aggregation_backhaul,10.0,0.7352,29.8362,90.26
MDO_PythonNDN_063,3,2026-05-20 00:00:54,PythonNDN,MDO,108132.4,LI_10GbE_aggregation_backhaul,10.0,0.6954,29.2536,93.58
MDO_PythonNDN_064,3,2026-05-20 00:08:06,PythonNDN,MDO,396098.5,LI_10GbE_aggregation_backhaul,10.0,0.6827,27.2428,88.65
MDO_PythonNDN_065,3,2026-05-20 00:10:28,PythonNDN,MDO,443776.0,LI_10GbE_aggregation_backhaul,10.0,0.77,31.1213,89.81
MDO_PythonNDN_066,3,2026-05-20 00:12:17,PythonNDN,MDO,172050.6,LI_10GbE_aggregation_backhaul,10.0,0.7674,28.4637,95.27
MDO_PythonNDN_067,3,2026-05-20 00:17:05,PythonNDN,MDO,434781.0,LI_10GbE_aggregation_backhaul,10.0,0.7949,29.0351,87.79
MDO_PythonNDN_068,3,2026-05-20 00:21:29,PythonNDN,MDO,211553.8,LI_10GbE_aggregation_backhaul,10.0,0.7136,27.8641,97.56
MDO_PythonNDN_069,3,2026-05-20 00:27:54,PythonNDN,MDO,106822.2,LI_10GbE_aggregation_backhaul,10.0,0.6956,29.8935,96.45
MDO_PythonNDN_070,3,2026-05-20 00:28:41,PythonNDN,MDO,171809.5,LI_10GbE_aggregation_backhaul,10.0,0.7221,27.3673,86.78
MDO_PythonNDN_071,3,2026-05-20 00:29:43,PythonNDN,MDO,276952.7,LI_10GbE_aggregation_backhaul,10.0,0.6938,31.9137,94.91
MDO_PythonNDN_072,3,2026-05-20 00:32:08,PythonNDN,MDO,181894.4,LI_10GbE_aggregation_backhaul,10.0,0.7425,27.9337,100.0
MDO_PythonNDN_073,3,2026-05-20 00:33:44,PythonNDN,MDO,178324.4,LI_10GbE_aggregation_backhaul,10.0,0.7186,35.1163,97.52
MDO_PythonNDN_074,3,2026-05-20 00:35:51,PythonNDN,MDO,343054.6,LI_10GbE_aggregation_backhaul,10.0,0.7247,27.956,94.04
MDO_PythonNDN_075,3,2026-05-20 00:40:41,PythonNDN,MDO,170653.4,LI_10GbE_aggregation_backhaul,10.0,0.6642,29.3336,82.85
MDO_PythonNDN_076,3,2026-05-20 00:45:21,PythonNDN,MDO,173286.7,LI_10GbE_aggregation_backhaul,10.0,0.758,29.0209,95.94
MDO_PythonNDN_077,3,2026-05-20 00:46:24,PythonNDN,MDO,270434.0,LI_10GbE_aggregation_backhaul,10.0,0.7118,29.3244,88.45
MDO_uDCN_135,7,2026-05-20 00:48:37,uDCN,MDO,369743.7,LI_10GbE_aggregation_backhaul,10.0,7.8212,11.2965,19.05
MDO_PythonNDN_078,3,2026-05-20 00:48:55,PythonNDN,MDO,455950.7,LI_10GbE_aggregation_backhaul,10.0,0.7568,27.6075,88.05
MDO_uDCN_136,7,2026-05-20 00:49:53,uDCN,MDO,407126.8,LI_10GbE_aggregation_backhaul,10.0,8.7764,11.6119,17.91
MDO_PythonNDN_079,3,2026-05-20 00:50:52,PythonNDN,MDO,69052.2,LI_10GbE_aggregation_backhaul,10.0,0.7246,25.6609,83.95
MDO_PythonNDN_080,3,2026-05-20 00:52:36,PythonNDN,MDO,410794.9,LI_10GbE_aggregation_backhaul,10.0,0.6878,27.3218,94.51
MDO_PythonNDN_081,3,2026-05-20 00:53:39,PythonNDN,MDO,503098.1,LI_10GbE_aggregation_backhaul,10.0,0.7332,28.4962,86.55
MDO_PythonNDN_082,3,2026-05-20 00:54:28,PythonNDN,MDO,222770.8,LI_10GbE_aggregation_backhaul,10.0,0.7154,27.7898,98.78
MDO_uDCN_137,7,2026-05-20 00:55:08,uDCN,MDO,426545.0,LI_10GbE_aggregation_backhaul,10.0,8.2042,11.8721,18.68
MDO_uDCN_138,7,2026-05-20 00:55:49,uDCN,MDO,362275.4,LI_10GbE_aggregation_backhaul,10.0,8.4975,12.7512,19.46
MDO_uDCN_139,7,2026-05-20 00:57:14,uDCN,MDO,230784.5,LI_10GbE_aggregation_backhaul,10.0,8.3269,14.0607,15.98
MDO_uDCN_140,7,2026-05-20 00:59:05,uDCN,MDO,436716.6,LI_10GbE_aggregation_backhaul,10.0,8.2336,11.7429,16.2
MDO_uDCN_141,7,2026-05-20 00:59:37,uDCN,MDO,487746.5,LI_10GbE_aggregation_backhaul,10.0,8.2897,11.9501,18.99
MDO_uDCN_142,7,2026-05-20 01:02:52,uDCN,MDO,142578.4,LI_10GbE_aggregation_backhaul,10.0,8.3946,11.7011,16.48
MDO_uDCN_143,7,2026-05-20 01:07:15,uDCN,MDO,295923.3,LI_10GbE_aggregation_backhaul,10.0,8.214,12.602,16.19
MDO_uDCN_144,7,2026-05-20 01:10:26,uDCN,MDO,261928.7,LI_10GbE_aggregation_backhaul,10.0,7.8729,11.3837,18.89
MDO_uDCN_145,7,2026-05-20 01:14:23,uDCN,MDO,354951.5,LI_10GbE_aggregation_backhaul,10.0,8.0249,12.5361,18.51
MDO_uDCN_146,7,2026-05-20 01:22:07,uDCN,MDO,493761.4,LI_10GbE_aggregation_backhaul,10.0,8.5182,13.4421,18.2
MDO_uDCN_147,7,2026-05-20 01:23:38,uDCN,MDO,139727.6,LI_10GbE_aggregation_backhaul,10.0,8.3444,11.7957,17.92
MDO_uDCN_148,7,2026-05-20 01:25:59,uDCN,MDO,305909.7,LI_10GbE_aggregation_backhaul,10.0,8.2738,12.4233,17.53
MDO_uDCN_149,7,2026-05-20 01:28:02,uDCN,MDO,372997.9,LI_10GbE_aggregation_backhaul,10.0,8.7202,12.209,18.5
MDO_uDCN_150,7,2026-05-20 01:31:37,uDCN,MDO,427448.1,LI_10GbE_aggregation_backhaul,10.0,8.5505,11.4065,17.52
MDO_PythonNDN_083,4,2026-05-21 22:54:32,PythonNDN,MDO,77896.1,LI_10GbE_aggregation_backhaul,10.0,0.6995,27.0261,86.57
MDO_PythonNDN_084,4,2026-05-21 22:55:43,PythonNDN,MDO,488710.1,LI_10GbE_aggregation_backhaul,10.0,0.678,27.2182,82.29
MDO_PythonNDN_085,4,2026-05-21 22:58:33,PythonNDN,MDO,360134.4,LI_10GbE_aggregation_backhaul,10.0,0.7181,27.1794,92.99
MDO_PythonNDN_086,4,2026-05-21 22:59:06,PythonNDN,MDO,182956.4,LI_10GbE_aggregation_backhaul,10.0,0.6748,28.2013,89.9
MDO_PythonNDN_087,4,2026-05-21 23:04:31,PythonNDN,MDO,82054.3,LI_10GbE_aggregation_backhaul,10.0,0.7118,25.3637,90.98
MDO_PythonNDN_088,4,2026-05-21 23:07:40,PythonNDN,MDO,360853.9,LI_10GbE_aggregation_backhaul,10.0,0.6726,26.5305,83.59
MDO_PythonNDN_089,4,2026-05-21 23:09:17,PythonNDN,MDO,211507.7,LI_10GbE_aggregation_backhaul,10.0,0.711,24.9622,92.98
MDO_PythonNDN_090,4,2026-05-21 23:12:50,PythonNDN,MDO,495834.7,LI_10GbE_aggregation_backhaul,10.0,0.7345,26.1867,96.17
MDO_PythonNDN_091,4,2026-05-21 23:15:08,PythonNDN,MDO,177749.7,LI_10GbE_aggregation_backhaul,10.0,0.6969,28.5018,80.26
MDO_PythonNDN_092,4,2026-05-21 23:17:11,PythonNDN,MDO,119517.4,LI_10GbE_aggregation_backhaul,10.0,0.6866,27.5128,89.79
MDO_PythonNDN_093,4,2026-05-21 23:20:11,PythonNDN,MDO,109447.3,LI_10GbE_aggregation_backhaul,10.0,0.7101,25.7255,85.32
MDO_PythonNDN_094,4,2026-05-21 23:22:48,PythonNDN,MDO,509717.0,LI_10GbE_aggregation_backhaul,10.0,0.7525,26.0336,96.63
MDO_PythonNDN_095,4,2026-05-21 23:25:07,PythonNDN,MDO,166394.3,LI_10GbE_aggregation_backhaul,10.0,0.7233,26.1295,97.32
MDO_PythonNDN_096,4,2026-05-21 23:26:55,PythonNDN,MDO,141244.0,LI_10GbE_aggregation_backhaul,10.0,0.6917,25.6283,89.41
MDO_PythonNDN_097,4,2026-05-21 23:30:08,PythonNDN,MDO,331148.6,LI_10GbE_aggregation_backhaul,10.0,0.7014,28.6395,87.92
MDO_PythonNDN_098,4,2026-05-21 23:31:13,PythonNDN,MDO,339103.0,LI_10GbE_aggregation_backhaul,10.0,0.6931,29.347,97.93
MDO_PythonNDN_099,4,2026-05-21 23:32:16,PythonNDN,MDO,470736.2,LI_10GbE_aggregation_backhaul,10.0,0.7198,26.2934,89.45
MDO_PythonNDN_100,4,2026-05-21 23:32:54,PythonNDN,MDO,453247.6,LI_10GbE_aggregation_backhaul,10.0,0.6952,29.2968,90.3
MDO_PythonNDN_101,4,2026-05-21 23:34:14,PythonNDN,MDO,203256.6,LI_10GbE_aggregation_backhaul,10.0,0.7364,27.912,85.45
MDO_PythonNDN_102,4,2026-05-21 23:35:54,PythonNDN,MDO,322987.2,LI_10GbE_aggregation_backhaul,10.0,0.6976,27.5208,90.9
MDO_PythonNDN_103,4,2026-05-21 23:36:53,PythonNDN,MDO,457462.7,LI_10GbE_aggregation_backhaul,10.0,0.6733,29.8174,85.85
MDO_PythonNDN_104,4,2026-05-21 23:41:04,PythonNDN,MDO,138345.8,LI_10GbE_aggregation_backhaul,10.0,0.7467,29.8808,94.56
MDO_PythonNDN_105,4,2026-05-21 23:41:54,PythonNDN,MDO,246883.4,LI_10GbE_aggregation_backhaul,10.0,0.7259,24.1577,89.24
MDO_PythonNDN_106,4,2026-05-21 23:44:33,PythonNDN,MDO,427945.6,LI_10GbE_aggregation_backhaul,10.0,0.6956,30.3988,88.43
MDO_PythonNDN_107,4,2026-05-21 23:45:23,PythonNDN,MDO,270479.2,LI_10GbE_aggregation_backhaul,10.0,0.691,27.6541,91.15
MDO_PythonNDN_108,4,2026-05-21 23:47:07,PythonNDN,MDO,114073.0,LI_10GbE_aggregation_backhaul,10.0,0.7329,25.9778,94.59
MDO_PythonNDN_109,4,2026-05-21 23:50:22,PythonNDN,MDO,301191.4,LI_10GbE_aggregation_backhaul,10.0,0.6897,29.8171,82.96
MDO_PythonNDN_110,4,2026-05-21 23:53:52,PythonNDN,MDO,84997.4,LI_10GbE_aggregation_backhaul,10.0,0.7322,27.3868,84.03
MDO_PythonNDN_111,5,2026-05-22 08:16:16,PythonNDN,MDO,85326.1,LI_10GbE_aggregation_backhaul,10.0,0.7099,27.5051,88.18
MDO_PythonNDN_112,5,2026-05-22 08:17:28,PythonNDN,MDO,505464.3,LI_10GbE_aggregation_backhaul,10.0,0.7314,27.2991,97.21
MDO_PythonNDN_113,5,2026-05-22 08:19:28,PythonNDN,MDO,398475.7,LI_10GbE_aggregation_backhaul,10.0,0.6611,27.4176,84.18
MDO_PythonNDN_114,5,2026-05-22 08:23:02,PythonNDN,MDO,399207.7,LI_10GbE_aggregation_backhaul,10.0,0.7307,26.5829,85.25
MDO_PythonNDN_115,5,2026-05-22 08:23:27,PythonNDN,MDO,424021.6,LI_10GbE_aggregation_backhaul,10.0,0.6763,27.8043,89.51
MDO_PythonNDN_116,5,2026-05-22 08:26:07,PythonNDN,MDO,404820.1,LI_10GbE_aggregation_backhaul,10.0,0.6871,28.0262,87.6
MDO_PythonNDN_117,5,2026-05-22 08:28:59,PythonNDN,MDO,350348.8,LI_10GbE_aggregation_backhaul,10.0,0.6781,29.8999,85.13
MDO_PythonNDN_118,5,2026-05-22 08:30:33,PythonNDN,MDO,308706.3,LI_10GbE_aggregation_backhaul,10.0,0.6883,28.8552,87.03
MDO_PythonNDN_119,5,2026-05-22 08:31:22,PythonNDN,MDO,330173.9,LI_10GbE_aggregation_backhaul,10.0,0.6756,29.3726,90.77
MDO_PythonNDN_120,5,2026-05-22 08:33:43,PythonNDN,MDO,152383.8,LI_10GbE_aggregation_backhaul,10.0,0.6878,28.2984,80.24
MDO_PythonNDN_121,5,2026-05-22 08:34:56,PythonNDN,MDO,401263.2,LI_10GbE_aggregation_backhaul,10.0,0.6593,28.4082,87.38
MDO_PythonNDN_122,5,2026-05-22 08:36:07,PythonNDN,MDO,392988.9,LI_10GbE_aggregation_backhaul,10.0,0.7067,27.7564,91.23
MDO_PythonNDN_123,5,2026-05-22 08:39:15,PythonNDN,MDO,151114.0,LI_10GbE_aggregation_backhaul,10.0,0.68,28.9795,83.53
MDO_PythonNDN_124,5,2026-05-22 08:40:33,PythonNDN,MDO,242553.6,LI_10GbE_aggregation_backhaul,10.0,0.7104,24.82,85.12
MDO_PythonNDN_125,5,2026-05-22 08:43:07,PythonNDN,MDO,66999.5,LI_10GbE_aggregation_backhaul,10.0,0.6842,27.5732,90.15
MDO_PythonNDN_126,5,2026-05-22 08:45:40,PythonNDN,MDO,78611.9,LI_10GbE_aggregation_backhaul,10.0,0.6691,30.4189,85.44
MDO_PythonNDN_127,5,2026-05-22 08:46:32,PythonNDN,MDO,106507.7,LI_10GbE_aggregation_backhaul,10.0,0.6766,30.6691,86.47
MDO_PythonNDN_128,5,2026-05-22 08:47:56,PythonNDN,MDO,457936.2,LI_10GbE_aggregation_backhaul,10.0,0.6953,29.2036,85.92
MDO_PythonNDN_129,5,2026-05-22 08:49:49,PythonNDN,MDO,314355.7,LI_10GbE_aggregation_backhaul,10.0,0.6669,27.8388,92.08
MDO_PythonNDN_130,5,2026-05-22 08:51:55,PythonNDN,MDO,408439.3,LI_10GbE_aggregation_backhaul,10.0,0.6745,28.9392,83.01
MDO_PythonNDN_131,5,2026-05-22 08:54:03,PythonNDN,MDO,141838.9,LI_10GbE_aggregation_backhaul,10.0,0.7196,26.3552,89.68
MDO_PythonNDN_132,5,2026-05-22 08:56:39,PythonNDN,MDO,249277.7,LI_10GbE_aggregation_backhaul,10.0,0.7187,24.8737,87.65
MDO_PythonNDN_133,6,2026-05-23 01:24:58,PythonNDN,MDO,511673.1,LI_10GbE_aggregation_backhaul,10.0,0.6983,28.5359,89.52
MDO_PythonNDN_134,6,2026-05-23 01:28:02,PythonNDN,MDO,428358.0,LI_10GbE_aggregation_backhaul,10.0,0.7352,27.171,90.71
MDO_PythonNDN_135,6,2026-05-23 01:29:23,PythonNDN,MDO,461501.0,LI_10GbE_aggregation_backhaul,10.0,0.6899,27.4607,83.95
MDO_PythonNDN_136,6,2026-05-23 01:30:55,PythonNDN,MDO,283888.2,LI_10GbE_aggregation_backhaul,10.0,0.7045,27.2149,96.07
MDO_PythonNDN_137,6,2026-05-23 01:31:24,PythonNDN,MDO,279291.0,LI_10GbE_aggregation_backhaul,10.0,0.698,28.3349,90.53
MDO_PythonNDN_138,6,2026-05-23 01:32:12,PythonNDN,MDO,354915.1,LI_10GbE_aggregation_backhaul,10.0,0.7224,29.8451,83.71
MDO_PythonNDN_139,6,2026-05-23 01:37:34,PythonNDN,MDO,199664.0,LI_10GbE_aggregation_backhaul,10.0,0.7039,28.7027,89.47
MDO_PythonNDN_140,6,2026-05-23 01:38:20,PythonNDN,MDO,280978.8,LI_10GbE_aggregation_backhaul,10.0,0.7208,30.1148,93.09
MDO_PythonNDN_141,6,2026-05-23 01:39:24,PythonNDN,MDO,405995.6,LI_10GbE_aggregation_backhaul,10.0,0.6644,27.5608,84.64
MDO_PythonNDN_142,6,2026-05-23 01:39:53,PythonNDN,MDO,208246.3,LI_10GbE_aggregation_backhaul,10.0,0.7016,26.8821,88.34
MDO_PythonNDN_143,6,2026-05-23 01:42:42,PythonNDN,MDO,172120.4,LI_10GbE_aggregation_backhaul,10.0,0.7505,28.223,86.86
MDO_PythonNDN_144,6,2026-05-23 01:44:37,PythonNDN,MDO,91985.8,LI_10GbE_aggregation_backhaul,10.0,0.6866,30.3963,90.89
MDO_PythonNDN_145,6,2026-05-23 01:46:25,PythonNDN,MDO,302626.7,LI_10GbE_aggregation_backhaul,10.0,0.727,31.2613,98.55
MDO_PythonNDN_146,6,2026-05-23 01:51:09,PythonNDN,MDO,232265.1,LI_10GbE_aggregation_backhaul,10.0,0.687,28.2981,90.12
MDO_PythonNDN_147,6,2026-05-23 01:54:10,PythonNDN,MDO,507340.3,LI_10GbE_aggregation_backhaul,10.0,0.7132,27.3806,84.56
MDO_PythonNDN_148,6,2026-05-23 01:54:48,PythonNDN,MDO,346448.4,LI_10GbE_aggregation_backhaul,10.0,0.7031,29.1139,90.02
MDO_PythonNDN_149,6,2026-05-23 01:56:06,PythonNDN,MDO,131539.4,LI_10GbE_aggregation_backhaul,10.0,0.6839,26.6387,88.24
MDO_PythonNDN_150,6,2026-05-23 02:00:43,PythonNDN,MDO,217765.7,LI_10GbE_aggregation_backhaul,10.0,0.7367,29.6995,100.0
SDO_CCNlite_001,0,2026-05-26 07:25:00,CCNlite,SDO,177.6,LI_10GbE_aggregation_backhaul,10.0,1.0522,1.1977,50.6
SDO_CCNlite_002,0,2026-05-26 07:26:19,CCNlite,SDO,1660.6,LI_10GbE_aggregation_backhaul,10.0,1.1046,1.1243,51.19
SDO_CCNlite_003,0,2026-05-26 07:28:51,CCNlite,SDO,1770.4,LI_10GbE_aggregation_backhaul,10.0,1.0057,1.1304,46.99
SDO_CCNlite_004,0,2026-05-26 07:29:40,CCNlite,SDO,1059.0,LI_10GbE_aggregation_backhaul,10.0,1.0562,1.0894,47.57
SDO_CCNlite_005,0,2026-05-26 07:30:24,CCNlite,SDO,466.4,LI_10GbE_aggregation_backhaul,10.0,1.07,1.2286,51.33
SDO_CCNlite_006,0,2026-05-26 07:34:13,CCNlite,SDO,1482.5,LI_10GbE_aggregation_backhaul,10.0,1.09,1.2508,48.33
SDO_CCNlite_007,0,2026-05-26 07:34:45,CCNlite,SDO,1849.3,LI_10GbE_aggregation_backhaul,10.0,1.1042,1.2255,50.73
SDO_CCNlite_008,0,2026-05-26 07:38:26,CCNlite,SDO,971.6,LI_10GbE_aggregation_backhaul,10.0,1.062,1.1695,46.94
SDO_CCNlite_009,0,2026-05-26 07:41:17,CCNlite,SDO,1065.4,LI_10GbE_aggregation_backhaul,10.0,1.0909,1.1839,57.13
SDO_CCNlite_010,0,2026-05-26 07:41:31,CCNlite,SDO,379.2,LI_10GbE_aggregation_backhaul,10.0,1.069,1.2645,43.31
SDO_CCNlite_011,0,2026-05-26 07:42:39,CCNlite,SDO,1274.6,LI_10GbE_aggregation_backhaul,10.0,1.1541,1.1681,49.83
SDO_CCNlite_012,0,2026-05-26 07:45:42,CCNlite,SDO,1855.7,LI_10GbE_aggregation_backhaul,10.0,1.0129,1.1391,50.24
SDO_CCNlite_013,0,2026-05-26 07:47:53,CCNlite,SDO,1422.4,LI_10GbE_aggregation_backhaul,10.0,1.0565,1.1852,51.51
SDO_CCNlite_014,0,2026-05-26 07:52:51,CCNlite,SDO,684.4,LI_10GbE_aggregation_backhaul,10.0,1.0772,1.1433,46.85
SDO_CCNlite_015,0,2026-05-26 07:54:09,CCNlite,SDO,198.6,LI_10GbE_aggregation_backhaul,10.0,1.0774,1.2283,48.84
SDO_CCNlite_016,0,2026-05-26 07:57:45,CCNlite,SDO,1020.3,LI_10GbE_aggregation_backhaul,10.0,0.985,1.158,49.52
SDO_CCNlite_017,0,2026-05-26 07:59:04,CCNlite,SDO,1142.1,LI_10GbE_aggregation_backhaul,10.0,1.0384,1.0856,48.42
SDO_CCNlite_018,0,2026-05-26 08:04:45,CCNlite,SDO,1159.6,LI_10GbE_aggregation_backhaul,10.0,1.094,1.0699,51.1
SDO_CCNlite_019,0,2026-05-26 08:08:01,CCNlite,SDO,507.6,LI_10GbE_aggregation_backhaul,10.0,1.0844,1.0626,48.71
SDO_CCNlite_020,0,2026-05-26 08:11:56,CCNlite,SDO,1540.2,LI_10GbE_aggregation_backhaul,10.0,0.9883,1.2802,52.83
SDO_CCNlite_021,0,2026-05-26 08:17:14,CCNlite,SDO,308.3,LI_10GbE_aggregation_backhaul,10.0,1.055,1.169,48.08
SDO_CCNlite_022,0,2026-05-26 08:19:47,CCNlite,SDO,1330.1,LI_10GbE_aggregation_backhaul,10.0,1.0827,1.2659,45.94
SDO_CCNlite_023,0,2026-05-26 08:21:06,CCNlite,SDO,1927.5,LI_10GbE_aggregation_backhaul,10.0,1.067,1.2777,51.82
SDO_CCNlite_024,0,2026-05-26 08:24:24,CCNlite,SDO,1813.2,LI_10GbE_aggregation_backhaul,10.0,1.0562,1.1481,49.1
SDO_CCNlite_025,0,2026-05-26 08:27:09,CCNlite,SDO,288.2,LI_10GbE_aggregation_backhaul,10.0,0.989,1.3571,47.69
SDO_CCNlite_026,0,2026-05-26 08:30:55,CCNlite,SDO,1150.8,LI_10GbE_aggregation_backhaul,10.0,1.0228,1.1582,51.07
SDO_CCNlite_027,0,2026-05-26 08:33:36,CCNlite,SDO,200.1,LI_10GbE_aggregation_backhaul,10.0,1.0538,1.2017,49.85
SDO_CCNlite_028,0,2026-05-26 08:34:25,CCNlite,SDO,1460.9,LI_10GbE_aggregation_backhaul,10.0,1.1187,1.1157,51.03
SDO_CCNlite_029,0,2026-05-26 08:35:39,CCNlite,SDO,442.4,LI_10GbE_aggregation_backhaul,10.0,1.0439,1.1998,46.01
SDO_CCNlite_030,0,2026-05-26 08:36:44,CCNlite,SDO,1864.0,LI_10GbE_aggregation_backhaul,10.0,1.0717,1.1399,50.52
SDO_CCNlite_031,0,2026-05-26 08:40:01,CCNlite,SDO,1979.2,LI_10GbE_aggregation_backhaul,10.0,1.036,1.2131,51.92
SDO_CCNlite_032,0,2026-05-26 08:41:14,CCNlite,SDO,1916.8,LI_10GbE_aggregation_backhaul,10.0,1.0707,1.3084,50.15
SDO_CCNlite_033,0,2026-05-26 08:43:18,CCNlite,SDO,616.6,LI_10GbE_aggregation_backhaul,10.0,1.1201,1.2175,47.17
SDO_CCNlite_034,1,2026-05-27 14:13:07,CCNlite,SDO,584.1,LI_10GbE_aggregation_backhaul,10.0,1.1306,1.1508,55.48
SDO_CCNlite_035,1,2026-05-27 14:15:19,CCNlite,SDO,1870.6,LI_10GbE_aggregation_backhaul,10.0,1.1326,1.1375,55.38
SDO_CCNlite_036,1,2026-05-27 14:16:14,CCNlite,SDO,1548.6,LI_10GbE_aggregation_backhaul,10.0,1.1846,1.1678,49.53
SDO_CCNlite_037,1,2026-05-27 14:17:43,CCNlite,SDO,285.3,LI_10GbE_aggregation_backhaul,10.0,1.1016,1.3967,49.31
SDO_CCNlite_038,1,2026-05-27 14:19:11,CCNlite,SDO,519.4,LI_10GbE_aggregation_backhaul,10.0,1.1404,1.2059,50.84
SDO_CCNlite_039,1,2026-05-27 14:20:08,CCNlite,SDO,504.9,LI_10GbE_aggregation_backhaul,10.0,1.109,1.0823,53.38
SDO_CCNlite_040,1,2026-05-27 14:20:35,CCNlite,SDO,347.6,LI_10GbE_aggregation_backhaul,10.0,1.1773,1.191,51.3
SDO_CCNlite_041,1,2026-05-27 14:21:20,CCNlite,SDO,1504.2,LI_10GbE_aggregation_backhaul,10.0,1.1278,1.2689,51.02
SDO_CCNlite_042,1,2026-05-27 14:21:44,CCNlite,SDO,542.6,LI_10GbE_aggregation_backhaul,10.0,1.1847,1.1935,48.91
SDO_CCNlite_043,1,2026-05-27 14:28:00,CCNlite,SDO,1773.9,LI_10GbE_aggregation_backhaul,10.0,1.214,1.3236,53.59
SDO_CCNlite_044,1,2026-05-27 14:30:57,CCNlite,SDO,963.8,LI_10GbE_aggregation_backhaul,10.0,1.1078,1.3455,56.59
SDO_CCNlite_045,1,2026-05-27 14:34:12,CCNlite,SDO,1859.7,LI_10GbE_aggregation_backhaul,10.0,1.1924,1.1925,52.3
SDO_CCNlite_046,1,2026-05-27 14:36:39,CCNlite,SDO,714.9,LI_10GbE_aggregation_backhaul,10.0,1.1948,1.349,56.83
SDO_CCNlite_047,1,2026-05-27 14:41:55,CCNlite,SDO,335.7,LI_10GbE_aggregation_backhaul,10.0,1.1323,1.1856,51.47
SDO_CCNlite_048,1,2026-05-27 14:46:07,CCNlite,SDO,684.7,LI_10GbE_aggregation_backhaul,10.0,1.109,1.3879,59.75
SDO_CCNlite_049,1,2026-05-27 14:47:02,CCNlite,SDO,1738.1,LI_10GbE_aggregation_backhaul,10.0,1.1854,1.206,48.73
SDO_CCNlite_050,1,2026-05-27 14:50:37,CCNlite,SDO,1876.6,LI_10GbE_aggregation_backhaul,10.0,1.1418,1.3633,54.41
SDO_CCNlite_051,1,2026-05-27 14:54:30,CCNlite,SDO,887.3,LI_10GbE_aggregation_backhaul,10.0,1.1254,1.2397,51.34
SDO_CCNlite_052,1,2026-05-27 14:56:42,CCNlite,SDO,1153.9,LI_10GbE_aggregation_backhaul,10.0,1.1526,1.1858,54.38
SDO_CCNlite_053,1,2026-05-27 14:57:12,CCNlite,SDO,1932.4,LI_10GbE_aggregation_backhaul,10.0,1.1329,1.2392,47.39
SDO_CCNlite_054,1,2026-05-27 14:58:47,CCNlite,SDO,635.8,LI_10GbE_aggregation_backhaul,10.0,1.1504,1.2561,51.96
SDO_CCNlite_055,1,2026-05-27 15:00:14,CCNlite,SDO,977.9,LI_10GbE_aggregation_backhaul,10.0,1.1813,1.1686,55.83
SDO_CCNlite_056,1,2026-05-27 15:02:01,CCNlite,SDO,1203.0,LI_10GbE_aggregation_backhaul,10.0,1.1601,1.2839,55.06
SDO_CCNlite_057,1,2026-05-27 15:03:30,CCNlite,SDO,1990.6,LI_10GbE_aggregation_backhaul,10.0,1.113,1.1585,54.96
SDO_CCNlite_058,1,2026-05-27 15:05:36,CCNlite,SDO,631.9,LI_10GbE_aggregation_backhaul,10.0,1.1497,1.1585,55.0
SDO_CCNlite_059,1,2026-05-27 15:05:48,CCNlite,SDO,272.5,LI_10GbE_aggregation_backhaul,10.0,1.1034,1.2472,50.74
SDO_CCNlite_060,2,2026-05-28 15:19:07,CCNlite,SDO,1160.0,LI_10GbE_aggregation_backhaul,10.0,1.0577,1.2556,51.21
SDO_CCNlite_061,2,2026-05-28 15:22:22,CCNlite,SDO,519.2,LI_10GbE_aggregation_backhaul,10.0,1.1149,1.133,54.52
SDO_CCNlite_062,2,2026-05-28 15:23:28,CCNlite,SDO,769.0,LI_10GbE_aggregation_backhaul,10.0,1.1398,1.2301,46.26
SDO_CCNlite_063,2,2026-05-28 15:24:36,CCNlite,SDO,456.3,LI_10GbE_aggregation_backhaul,10.0,1.0373,1.3109,54.79
SDO_CCNlite_064,2,2026-05-28 15:29:42,CCNlite,SDO,1965.4,LI_10GbE_aggregation_backhaul,10.0,1.1551,1.2131,54.66
SDO_CCNlite_065,2,2026-05-28 15:33:19,CCNlite,SDO,1852.4,LI_10GbE_aggregation_backhaul,10.0,1.2037,1.1677,50.36
SDO_CCNlite_066,2,2026-05-28 15:33:46,CCNlite,SDO,1948.5,LI_10GbE_aggregation_backhaul,10.0,1.1789,1.296,51.45
SDO_CCNlite_067,2,2026-05-28 15:36:35,CCNlite,SDO,1026.8,LI_10GbE_aggregation_backhaul,10.0,0.9882,1.336,52.06
SDO_CCNlite_068,2,2026-05-28 15:40:37,CCNlite,SDO,1640.1,LI_10GbE_aggregation_backhaul,10.0,1.1331,1.1904,49.43
SDO_CCNlite_069,2,2026-05-28 15:43:17,CCNlite,SDO,1996.5,LI_10GbE_aggregation_backhaul,10.0,1.1152,1.2272,48.63
SDO_CCNlite_070,2,2026-05-28 15:46:09,CCNlite,SDO,1844.2,LI_10GbE_aggregation_backhaul,10.0,1.1411,1.1837,50.66
SDO_CCNlite_071,2,2026-05-28 15:47:00,CCNlite,SDO,1434.6,LI_10GbE_aggregation_backhaul,10.0,1.1637,1.2502,55.39
SDO_CCNlite_072,2,2026-05-28 15:48:08,CCNlite,SDO,772.7,LI_10GbE_aggregation_backhaul,10.0,1.1193,1.294,46.1
SDO_CCNlite_073,2,2026-05-28 15:49:34,CCNlite,SDO,1842.3,LI_10GbE_aggregation_backhaul,10.0,1.0467,1.1553,52.78
SDO_CCNlite_074,2,2026-05-28 15:52:04,CCNlite,SDO,1850.9,LI_10GbE_aggregation_backhaul,10.0,1.0813,1.3548,57.67
SDO_CCNlite_075,3,2026-05-29 16:17:46,CCNlite,SDO,1370.5,LI_10GbE_aggregation_backhaul,10.0,1.1316,1.233,52.32
SDO_CCNlite_076,3,2026-05-29 16:24:07,CCNlite,SDO,600.8,LI_10GbE_aggregation_backhaul,10.0,1.1342,1.2076,51.92
SDO_CCNlite_077,3,2026-05-29 16:25:51,CCNlite,SDO,917.4,LI_10GbE_aggregation_backhaul,10.0,1.1558,1.2648,49.52
SDO_CCNlite_078,3,2026-05-29 16:29:21,CCNlite,SDO,522.1,LI_10GbE_aggregation_backhaul,10.0,1.1305,1.2388,48.79
SDO_CCNlite_079,3,2026-05-29 16:31:11,CCNlite,SDO,681.2,LI_10GbE_aggregation_backhaul,10.0,1.1875,1.2391,50.0
SDO_CCNlite_080,3,2026-05-29 16:33:17,CCNlite,SDO,1167.5,LI_10GbE_aggregation_backhaul,10.0,1.0888,1.0589,53.38
SDO_CCNlite_081,3,2026-05-29 16:35:11,CCNlite,SDO,1648.7,LI_10GbE_aggregation_backhaul,10.0,1.1026,1.3891,49.41
SDO_CCNlite_082,3,2026-05-29 16:38:52,CCNlite,SDO,1905.6,LI_10GbE_aggregation_backhaul,10.0,1.1628,1.2664,54.07
SDO_CCNlite_083,3,2026-05-29 16:41:50,CCNlite,SDO,1260.8,LI_10GbE_aggregation_backhaul,10.0,1.1421,1.2335,49.82
SDO_CCNlite_084,3,2026-05-29 16:42:42,CCNlite,SDO,638.2,LI_10GbE_aggregation_backhaul,10.0,1.2122,1.3175,52.4
SDO_CCNlite_085,3,2026-05-29 16:46:14,CCNlite,SDO,134.9,LI_10GbE_aggregation_backhaul,10.0,1.0886,1.2131,54.25
SDO_CCNlite_086,3,2026-05-29 16:49:16,CCNlite,SDO,1286.1,LI_10GbE_aggregation_backhaul,10.0,1.0517,1.2089,50.76
SDO_CCNlite_087,3,2026-05-29 16:51:59,CCNlite,SDO,1822.3,LI_10GbE_aggregation_backhaul,10.0,1.1129,1.3323,53.47
SDO_CCNlite_088,3,2026-05-29 16:55:23,CCNlite,SDO,1861.5,LI_10GbE_aggregation_backhaul,10.0,1.1744,1.1721,49.56
SDO_CCNlite_089,3,2026-05-29 16:56:24,CCNlite,SDO,227.6,LI_10GbE_aggregation_backhaul,10.0,1.0954,1.2246,50.15
SDO_CCNlite_090,3,2026-05-29 16:57:14,CCNlite,SDO,174.0,LI_10GbE_aggregation_backhaul,10.0,1.0865,1.3014,52.97
SDO_CCNlite_091,3,2026-05-29 16:58:46,CCNlite,SDO,880.4,LI_10GbE_aggregation_backhaul,10.0,1.1519,1.2429,56.23
SDO_CCNlite_092,3,2026-05-29 17:01:20,CCNlite,SDO,1373.1,LI_10GbE_aggregation_backhaul,10.0,1.1311,1.2697,47.81
SDO_CCNlite_093,3,2026-05-29 17:04:30,CCNlite,SDO,1955.7,LI_10GbE_aggregation_backhaul,10.0,1.1352,1.1427,53.62
SDO_CCNlite_094,3,2026-05-29 17:05:54,CCNlite,SDO,951.8,LI_10GbE_aggregation_backhaul,10.0,1.1174,1.0935,45.9
SDO_CCNlite_095,3,2026-05-29 17:07:38,CCNlite,SDO,1964.0,LI_10GbE_aggregation_backhaul,10.0,1.0717,1.2889,50.37
SDO_CCNlite_096,3,2026-05-29 17:11:07,CCNlite,SDO,810.6,LI_10GbE_aggregation_backhaul,10.0,1.2248,1.2871,48.74
SDO_CCNlite_097,3,2026-05-29 17:12:48,CCNlite,SDO,324.1,LI_10GbE_aggregation_backhaul,10.0,1.0985,1.3346,50.37
SDO_CCNlite_098,3,2026-05-29 17:14:14,CCNlite,SDO,297.5,LI_10GbE_aggregation_backhaul,10.0,1.172,1.3739,50.41
SDO_CCNlite_099,3,2026-05-29 17:15:23,CCNlite,SDO,655.8,LI_10GbE_aggregation_backhaul,10.0,1.0595,1.2361,47.56
SDO_CCNlite_100,3,2026-05-29 17:19:13,CCNlite,SDO,1419.7,LI_10GbE_aggregation_backhaul,10.0,1.1013,1.2613,55.15
SDO_CCNlite_101,4,2026-05-31 20:57:52,CCNlite,SDO,875.3,LI_10GbE_aggregation_backhaul,10.0,1.0274,1.2745,51.52
SDO_CCNlite_102,4,2026-05-31 21:00:08,CCNlite,SDO,327.1,LI_10GbE_aggregation_backhaul,10.0,1.0361,1.0829,48.82
SDO_CCNlite_103,4,2026-05-31 21:01:04,CCNlite,SDO,1593.3,LI_10GbE_aggregation_backhaul,10.0,1.0306,1.1845,54.68
SDO_CCNlite_104,4,2026-05-31 21:01:35,CCNlite,SDO,768.1,LI_10GbE_aggregation_backhaul,10.0,1.1111,1.1602,52.66
SDO_CCNlite_105,4,2026-05-31 21:03:31,CCNlite,SDO,667.7,LI_10GbE_aggregation_backhaul,10.0,1.083,1.2137,51.22
SDO_CCNlite_106,4,2026-05-31 21:05:10,CCNlite,SDO,1419.1,LI_10GbE_aggregation_backhaul,10.0,1.105,1.307,51.41
SDO_CCNlite_107,4,2026-05-31 21:06:36,CCNlite,SDO,680.3,LI_10GbE_aggregation_backhaul,10.0,1.1041,1.1849,48.93
SDO_CCNlite_108,4,2026-05-31 21:10:21,CCNlite,SDO,781.5,LI_10GbE_aggregation_backhaul,10.0,1.0346,1.1391,51.11
SDO_CCNlite_109,4,2026-05-31 21:13:31,CCNlite,SDO,1857.8,LI_10GbE_aggregation_backhaul,10.0,1.0759,1.1233,45.88
SDO_CCNlite_110,4,2026-05-31 21:14:31,CCNlite,SDO,1621.9,LI_10GbE_aggregation_backhaul,10.0,1.0251,1.1155,50.69
SDO_CCNlite_111,4,2026-05-31 21:16:24,CCNlite,SDO,348.4,LI_10GbE_aggregation_backhaul,10.0,1.1539,1.1883,50.7
SDO_CCNlite_112,4,2026-05-31 21:19:37,CCNlite,SDO,1992.9,LI_10GbE_aggregation_backhaul,10.0,1.1157,1.025,51.23
SDO_CCNlite_113,4,2026-05-31 21:20:22,CCNlite,SDO,1964.3,LI_10GbE_aggregation_backhaul,10.0,1.0815,1.2583,49.44
SDO_CCNlite_114,4,2026-05-31 21:21:26,CCNlite,SDO,640.5,LI_10GbE_aggregation_backhaul,10.0,1.0188,1.1901,48.82
SDO_CCNlite_115,4,2026-05-31 21:22:28,CCNlite,SDO,620.0,LI_10GbE_aggregation_backhaul,10.0,1.1319,1.1664,48.82
SDO_CCNlite_116,4,2026-05-31 21:26:39,CCNlite,SDO,1380.7,LI_10GbE_aggregation_backhaul,10.0,1.0595,1.186,58.41
SDO_CCNlite_117,4,2026-05-31 21:27:39,CCNlite,SDO,906.0,LI_10GbE_aggregation_backhaul,10.0,1.0388,1.164,53.55
SDO_CCNlite_118,4,2026-05-31 21:29:46,CCNlite,SDO,1266.9,LI_10GbE_aggregation_backhaul,10.0,1.0184,1.2904,52.67
SDO_CCNlite_119,4,2026-05-31 21:31:33,CCNlite,SDO,411.1,LI_10GbE_aggregation_backhaul,10.0,1.1537,1.0844,48.68
SDO_CCNlite_120,4,2026-05-31 21:32:36,CCNlite,SDO,601.1,LI_10GbE_aggregation_backhaul,10.0,1.129,1.0596,51.95
SDO_CCNlite_121,4,2026-05-31 21:35:30,CCNlite,SDO,525.0,LI_10GbE_aggregation_backhaul,10.0,1.0686,1.2174,49.95
SDO_CCNlite_122,4,2026-05-31 21:38:49,CCNlite,SDO,825.5,LI_10GbE_aggregation_backhaul,10.0,1.1214,1.09,46.57
SDO_CCNlite_123,4,2026-05-31 21:39:45,CCNlite,SDO,340.5,LI_10GbE_aggregation_backhaul,10.0,1.0183,1.2061,53.1
SDO_CCNlite_124,4,2026-05-31 21:43:46,CCNlite,SDO,1666.0,LI_10GbE_aggregation_backhaul,10.0,1.1429,1.2222,47.45
SDO_CCNlite_125,4,2026-05-31 21:44:23,CCNlite,SDO,688.3,LI_10GbE_aggregation_backhaul,10.0,1.0972,1.0579,48.72
SDO_CCNlite_126,5,2026-06-01 00:07:43,CCNlite,SDO,1513.9,LI_10GbE_aggregation_backhaul,10.0,1.2116,1.2347,54.2
SDO_CCNlite_127,5,2026-06-01 00:10:22,CCNlite,SDO,136.5,LI_10GbE_aggregation_backhaul,10.0,1.1604,1.2945,52.62
SDO_CCNlite_128,5,2026-06-01 00:12:06,CCNlite,SDO,1363.1,LI_10GbE_aggregation_backhaul,10.0,1.1084,1.1978,45.26
SDO_CCNlite_129,5,2026-06-01 00:15:43,CCNlite,SDO,928.2,LI_10GbE_aggregation_backhaul,10.0,1.0726,1.165,48.38
SDO_CCNlite_130,5,2026-06-01 00:17:33,CCNlite,SDO,1764.4,LI_10GbE_aggregation_backhaul,10.0,1.1848,1.3413,47.7
SDO_CCNlite_131,5,2026-06-01 00:19:39,CCNlite,SDO,1251.5,LI_10GbE_aggregation_backhaul,10.0,1.0906,1.1592,58.1
SDO_CCNlite_132,5,2026-06-01 00:21:51,CCNlite,SDO,848.3,LI_10GbE_aggregation_backhaul,10.0,1.1738,1.2479,51.99
SDO_CCNlite_133,5,2026-06-01 00:24:28,CCNlite,SDO,1338.1,LI_10GbE_aggregation_backhaul,10.0,1.1831,1.298,51.23
SDO_CCNlite_134,5,2026-06-01 00:25:36,CCNlite,SDO,1346.4,LI_10GbE_aggregation_backhaul,10.0,1.0982,1.1625,54.24
SDO_CCNlite_135,5,2026-06-01 00:27:36,CCNlite,SDO,1848.8,LI_10GbE_aggregation_backhaul,10.0,1.1647,1.2847,52.92
SDO_CCNlite_136,5,2026-06-01 00:29:09,CCNlite,SDO,760.0,LI_10GbE_aggregation_backhaul,10.0,1.1854,1.1777,50.43
SDO_CCNlite_137,5,2026-06-01 00:33:33,CCNlite,SDO,1162.3,LI_10GbE_aggregation_backhaul,10.0,1.1465,1.2695,57.57
SDO_CCNlite_138,5,2026-06-01 00:34:13,CCNlite,SDO,1198.0,LI_10GbE_aggregation_backhaul,10.0,1.1095,1.2377,58.6
SDO_CCNlite_139,5,2026-06-01 00:37:32,CCNlite,SDO,892.4,LI_10GbE_aggregation_backhaul,10.0,1.0618,1.3348,53.9
SDO_CCNlite_140,5,2026-06-01 00:42:04,CCNlite,SDO,1643.0,LI_10GbE_aggregation_backhaul,10.0,1.1608,1.3184,49.99
SDO_CCNlite_141,5,2026-06-01 00:44:19,CCNlite,SDO,765.6,LI_10GbE_aggregation_backhaul,10.0,1.1244,1.3221,54.73
SDO_CCNlite_142,5,2026-06-01 00:45:39,CCNlite,SDO,129.0,LI_10GbE_aggregation_backhaul,10.0,1.1012,1.172,53.84
SDO_CCNlite_143,5,2026-06-01 00:48:08,CCNlite,SDO,477.3,LI_10GbE_aggregation_backhaul,10.0,1.1114,1.255,54.96
SDO_CCNlite_144,5,2026-06-01 00:48:45,CCNlite,SDO,1554.7,LI_10GbE_aggregation_backhaul,10.0,1.1271,1.1888,56.92
SDO_CCNlite_145,5,2026-06-01 00:49:30,CCNlite,SDO,1555.0,LI_10GbE_aggregation_backhaul,10.0,1.2364,1.4291,54.02
SDO_CCNlite_146,5,2026-06-01 00:51:10,CCNlite,SDO,1312.2,LI_10GbE_aggregation_backhaul,10.0,1.1344,1.2236,55.28
SDO_CCNlite_147,5,2026-06-01 00:52:53,CCNlite,SDO,756.6,LI_10GbE_aggregation_backhaul,10.0,1.1826,1.2315,54.2
SDO_CCNlite_148,5,2026-06-01 00:54:41,CCNlite,SDO,1315.3,LI_10GbE_aggregation_backhaul,10.0,1.1022,1.1763,50.65
SDO_CCNlite_149,5,2026-06-01 00:56:54,CCNlite,SDO,198.7,LI_10GbE_aggregation_backhaul,10.0,1.2038,1.2298,50.74
SDO_CCNlite_150,6,2026-06-03 15:49:48,CCNlite,SDO,504.8,LI_10GbE_aggregation_backhaul,10.0,1.1429,1.1673,50.59
MDO_CCNlite_001,0,2026-06-04 16:23:00,CCNlite,MDO,319389.2,LI_10GbE_aggregation_backhaul,10.0,2.3882,15.3328,55.87
MDO_CCNlite_002,0,2026-06-04 16:24:06,CCNlite,MDO,145654.5,LI_10GbE_aggregation_backhaul,10.0,2.379,18.8501,61.59
MDO_CCNlite_003,0,2026-06-04 16:26:32,CCNlite,MDO,176660.0,LI_10GbE_aggregation_backhaul,10.0,2.4218,15.9078,55.61
MDO_CCNlite_004,0,2026-06-04 16:30:52,CCNlite,MDO,459905.0,LI_10GbE_aggregation_backhaul,10.0,2.2221,19.125,59.26
MDO_CCNlite_005,0,2026-06-04 16:34:01,CCNlite,MDO,377224.1,LI_10GbE_aggregation_backhaul,10.0,2.2147,18.5011,61.98
MDO_CCNlite_006,0,2026-06-04 16:36:23,CCNlite,MDO,384076.3,LI_10GbE_aggregation_backhaul,10.0,2.3065,19.4217,59.26
MDO_CCNlite_007,0,2026-06-04 16:40:57,CCNlite,MDO,146894.0,LI_10GbE_aggregation_backhaul,10.0,2.1917,16.9094,61.13
MDO_CCNlite_008,0,2026-06-04 16:42:14,CCNlite,MDO,286681.0,LI_10GbE_aggregation_backhaul,10.0,2.5042,18.0524,63.85
MDO_CCNlite_009,0,2026-06-04 16:43:06,CCNlite,MDO,391347.9,LI_10GbE_aggregation_backhaul,10.0,2.3599,18.5229,55.35
MDO_CCNlite_010,0,2026-06-04 16:48:01,CCNlite,MDO,468086.5,LI_10GbE_aggregation_backhaul,10.0,2.3214,16.5983,54.78
MDO_CCNlite_011,0,2026-06-04 16:50:28,CCNlite,MDO,120622.3,LI_10GbE_aggregation_backhaul,10.0,2.245,17.7281,55.5
MDO_CCNlite_012,0,2026-06-04 16:51:09,CCNlite,MDO,172225.4,LI_10GbE_aggregation_backhaul,10.0,2.317,18.0863,64.05
MDO_CCNlite_013,0,2026-06-04 16:56:54,CCNlite,MDO,134512.5,LI_10GbE_aggregation_backhaul,10.0,2.3944,17.0183,58.89
MDO_CCNlite_014,0,2026-06-04 16:58:25,CCNlite,MDO,132509.1,LI_10GbE_aggregation_backhaul,10.0,2.3239,18.109,55.35
MDO_CCNlite_015,0,2026-06-04 16:59:57,CCNlite,MDO,440526.3,LI_10GbE_aggregation_backhaul,10.0,2.287,17.1852,52.32
MDO_CCNlite_016,0,2026-06-04 17:01:22,CCNlite,MDO,296542.2,LI_10GbE_aggregation_backhaul,10.0,2.2817,17.5359,53.83
MDO_CCNlite_017,0,2026-06-04 17:03:07,CCNlite,MDO,459283.2,LI_10GbE_aggregation_backhaul,10.0,2.391,17.2542,56.12
MDO_CCNlite_018,1,2026-06-04 17:37:17,CCNlite,MDO,212157.3,LI_10GbE_aggregation_backhaul,10.0,2.3065,17.4779,60.17
MDO_CCNlite_019,1,2026-06-04 17:42:59,CCNlite,MDO,249103.3,LI_10GbE_aggregation_backhaul,10.0,2.3359,17.7558,61.92
MDO_CCNlite_020,1,2026-06-04 17:45:04,CCNlite,MDO,509839.4,LI_10GbE_aggregation_backhaul,10.0,2.4691,18.9827,61.09
MDO_CCNlite_021,1,2026-06-04 17:48:26,CCNlite,MDO,70213.6,LI_10GbE_aggregation_backhaul,10.0,2.3083,15.9069,60.44
MDO_CCNlite_022,1,2026-06-04 17:50:14,CCNlite,MDO,189083.0,LI_10GbE_aggregation_backhaul,10.0,2.2971,17.8573,55.17
MDO_CCNlite_023,1,2026-06-04 17:53:51,CCNlite,MDO,401313.1,LI_10GbE_aggregation_backhaul,10.0,2.4268,16.6433,53.79
MDO_CCNlite_024,1,2026-06-04 17:56:38,CCNlite,MDO,476779.8,LI_10GbE_aggregation_backhaul,10.0,2.3081,17.1828,53.79
MDO_CCNlite_025,1,2026-06-04 17:57:42,CCNlite,MDO,195416.5,LI_10GbE_aggregation_backhaul,10.0,2.2839,17.4233,61.48
MDO_CCNlite_026,1,2026-06-04 18:00:04,CCNlite,MDO,456640.0,LI_10GbE_aggregation_backhaul,10.0,2.3509,16.1584,62.16
MDO_CCNlite_027,1,2026-06-04 18:06:11,CCNlite,MDO,166063.8,LI_10GbE_aggregation_backhaul,10.0,2.3436,17.161,57.17
MDO_CCNlite_028,1,2026-06-04 18:11:12,CCNlite,MDO,302125.1,LI_10GbE_aggregation_backhaul,10.0,2.3532,17.6725,56.02
MDO_CCNlite_029,1,2026-06-04 18:12:41,CCNlite,MDO,167732.7,LI_10GbE_aggregation_backhaul,10.0,2.3772,18.084,61.19
MDO_CCNlite_030,1,2026-06-04 18:15:59,CCNlite,MDO,397056.1,LI_10GbE_aggregation_backhaul,10.0,2.3736,17.6426,57.87
MDO_CCNlite_031,1,2026-06-04 18:16:57,CCNlite,MDO,319464.3,LI_10GbE_aggregation_backhaul,10.0,2.3525,18.6173,62.8
MDO_CCNlite_032,1,2026-06-04 18:19:58,CCNlite,MDO,137507.3,LI_10GbE_aggregation_backhaul,10.0,2.5819,18.8028,57.54
MDO_CCNlite_033,1,2026-06-04 18:20:51,CCNlite,MDO,489163.6,LI_10GbE_aggregation_backhaul,10.0,2.2874,15.153,61.41
MDO_CCNlite_034,2,2026-06-05 18:23:29,CCNlite,MDO,98346.6,LI_10GbE_aggregation_backhaul,10.0,2.3087,18.4606,55.95
MDO_CCNlite_035,2,2026-06-05 18:25:46,CCNlite,MDO,504603.8,LI_10GbE_aggregation_backhaul,10.0,2.4069,19.2547,61.9
MDO_CCNlite_036,2,2026-06-05 18:26:47,CCNlite,MDO,150189.7,LI_10GbE_aggregation_backhaul,10.0,2.308,17.6756,57.31
MDO_CCNlite_037,2,2026-06-05 18:29:42,CCNlite,MDO,416932.2,LI_10GbE_aggregation_backhaul,10.0,2.3094,18.0102,58.97
MDO_CCNlite_038,2,2026-06-05 18:32:52,CCNlite,MDO,142198.6,LI_10GbE_aggregation_backhaul,10.0,2.3001,19.7718,57.23
MDO_CCNlite_039,2,2026-06-05 18:35:15,CCNlite,MDO,446862.0,LI_10GbE_aggregation_backhaul,10.0,2.499,18.3787,58.54
MDO_CCNlite_040,2,2026-06-05 18:36:37,CCNlite,MDO,73579.0,LI_10GbE_aggregation_backhaul,10.0,2.529,19.4984,61.0
MDO_CCNlite_041,2,2026-06-05 18:39:15,CCNlite,MDO,304454.6,LI_10GbE_aggregation_backhaul,10.0,2.5032,16.8188,61.82
MDO_CCNlite_042,2,2026-06-05 18:39:51,CCNlite,MDO,464580.7,LI_10GbE_aggregation_backhaul,10.0,2.3043,18.2249,59.33
MDO_CCNlite_043,2,2026-06-05 18:42:30,CCNlite,MDO,89309.2,LI_10GbE_aggregation_backhaul,10.0,2.4359,17.2391,57.87
MDO_CCNlite_044,2,2026-06-05 18:44:53,CCNlite,MDO,373831.8,LI_10GbE_aggregation_backhaul,10.0,2.2416,16.8874,57.52
MDO_CCNlite_045,2,2026-06-05 18:46:21,CCNlite,MDO,341782.2,LI_10GbE_aggregation_backhaul,10.0,2.501,17.4964,57.34
MDO_CCNlite_046,2,2026-06-05 18:47:53,CCNlite,MDO,480528.4,LI_10GbE_aggregation_backhaul,10.0,2.4696,17.6941,62.25
MDO_CCNlite_047,2,2026-06-05 18:48:43,CCNlite,MDO,391692.8,LI_10GbE_aggregation_backhaul,10.0,2.4804,15.5243,55.18
MDO_CCNlite_048,2,2026-06-05 18:50:21,CCNlite,MDO,343289.9,LI_10GbE_aggregation_backhaul,10.0,2.3507,17.4939,55.85
MDO_CCNlite_049,2,2026-06-05 18:51:54,CCNlite,MDO,477343.5,LI_10GbE_aggregation_backhaul,10.0,2.4959,17.589,57.15
MDO_CCNlite_050,2,2026-06-05 18:52:28,CCNlite,MDO,349351.6,LI_10GbE_aggregation_backhaul,10.0,2.3964,18.8654,57.02
MDO_CCNlite_051,2,2026-06-05 18:54:35,CCNlite,MDO,272725.1,LI_10GbE_aggregation_backhaul,10.0,2.3694,19.5762,56.96
MDO_CCNlite_052,2,2026-06-05 18:58:26,CCNlite,MDO,214623.7,LI_10GbE_aggregation_backhaul,10.0,2.4579,18.9668,59.53
MDO_CCNlite_053,2,2026-06-05 19:01:24,CCNlite,MDO,308814.5,LI_10GbE_aggregation_backhaul,10.0,2.3119,16.2027,60.59
MDO_CCNlite_054,2,2026-06-05 19:06:42,CCNlite,MDO,197681.8,LI_10GbE_aggregation_backhaul,10.0,2.4406,17.2952,60.77
MDO_CCNlite_055,2,2026-06-05 19:09:46,CCNlite,MDO,356926.2,LI_10GbE_aggregation_backhaul,10.0,2.3916,17.3742,54.93
MDO_CCNlite_056,2,2026-06-05 19:12:00,CCNlite,MDO,323702.7,LI_10GbE_aggregation_backhaul,10.0,2.4516,18.3877,61.31
MDO_CCNlite_057,2,2026-06-05 19:15:30,CCNlite,MDO,272517.5,LI_10GbE_aggregation_backhaul,10.0,2.2912,18.4368,61.92
MDO_CCNlite_058,2,2026-06-05 19:17:26,CCNlite,MDO,264179.9,LI_10GbE_aggregation_backhaul,10.0,2.2965,20.5339,58.27
LDO_CCNlite_001,0,2026-06-06 17:55:00,CCNlite,LDO,4459727.6,LI_10GbE_aggregation_backhaul,10.0,2.8646,122.9987,68.38
LDO_CCNlite_002,0,2026-06-06 18:00:03,CCNlite,LDO,2003933.5,LI_10GbE_aggregation_backhaul,10.0,2.7249,153.682,64.69
LDO_CCNlite_003,0,2026-06-06 18:00:15,CCNlite,LDO,3881799.1,LI_10GbE_aggregation_backhaul,10.0,2.7303,133.7073,55.03
LDO_CCNlite_004,0,2026-06-06 18:02:39,CCNlite,LDO,3222002.1,LI_10GbE_aggregation_backhaul,10.0,2.655,132.3019,59.3
LDO_CCNlite_005,0,2026-06-06 18:04:38,CCNlite,LDO,2942230.9,LI_10GbE_aggregation_backhaul,10.0,2.7559,129.6575,63.54
LDO_CCNlite_006,0,2026-06-06 18:08:40,CCNlite,LDO,2591616.6,LI_10GbE_aggregation_backhaul,10.0,2.644,129.7105,64.48
LDO_CCNlite_007,0,2026-06-06 18:11:39,CCNlite,LDO,2713532.2,LI_10GbE_aggregation_backhaul,10.0,2.742,138.3886,63.7
LDO_CCNlite_008,0,2026-06-06 18:14:27,CCNlite,LDO,3270110.7,LI_10GbE_aggregation_backhaul,10.0,2.7146,134.1827,64.6
LDO_CCNlite_009,0,2026-06-06 18:15:00,CCNlite,LDO,1724722.5,LI_10GbE_aggregation_backhaul,10.0,2.8948,137.8744,66.36
LDO_CCNlite_010,0,2026-06-06 18:17:53,CCNlite,LDO,3659625.0,LI_10GbE_aggregation_backhaul,10.0,2.6735,137.4871,60.31
LDO_CCNlite_011,0,2026-06-06 18:18:40,CCNlite,LDO,4188987.0,LI_10GbE_aggregation_backhaul,10.0,2.6115,125.1301,64.78
LDO_CCNlite_012,0,2026-06-06 18:20:57,CCNlite,LDO,1654172.3,LI_10GbE_aggregation_backhaul,10.0,2.7268,136.1791,62.76
MDO_CCNlite_059,3,2026-06-07 00:58:56,CCNlite,MDO,429705.0,LI_10GbE_aggregation_backhaul,10.0,2.3027,18.3022,56.22
MDO_CCNlite_060,3,2026-06-07 01:00:31,CCNlite,MDO,159773.7,LI_10GbE_aggregation_backhaul,10.0,2.2731,16.8901,52.54
MDO_CCNlite_061,3,2026-06-07 01:02:48,CCNlite,MDO,441051.1,LI_10GbE_aggregation_backhaul,10.0,2.4674,19.5343,56.5
MDO_CCNlite_062,3,2026-06-07 01:06:41,CCNlite,MDO,500723.5,LI_10GbE_aggregation_backhaul,10.0,2.4144,18.4904,62.11
MDO_CCNlite_063,3,2026-06-07 01:08:32,CCNlite,MDO,470999.9,LI_10GbE_aggregation_backhaul,10.0,2.32,16.03,55.43
MDO_CCNlite_064,3,2026-06-07 01:09:06,CCNlite,MDO,360742.1,LI_10GbE_aggregation_backhaul,10.0,2.5238,16.412,57.35
MDO_CCNlite_065,3,2026-06-07 01:11:20,CCNlite,MDO,284706.7,LI_10GbE_aggregation_backhaul,10.0,2.3647,21.1581,64.71
MDO_CCNlite_066,3,2026-06-07 01:18:53,CCNlite,MDO,103121.7,LI_10GbE_aggregation_backhaul,10.0,2.4739,17.2678,56.99
MDO_CCNlite_067,3,2026-06-07 01:19:33,CCNlite,MDO,298279.3,LI_10GbE_aggregation_backhaul,10.0,2.3632,18.8728,59.58
MDO_CCNlite_068,3,2026-06-07 01:21:09,CCNlite,MDO,457995.9,LI_10GbE_aggregation_backhaul,10.0,2.37,17.4951,60.59
MDO_CCNlite_069,3,2026-06-07 01:24:29,CCNlite,MDO,79794.9,LI_10GbE_aggregation_backhaul,10.0,2.3876,16.2583,59.1
MDO_CCNlite_070,3,2026-06-07 01:26:50,CCNlite,MDO,301941.8,LI_10GbE_aggregation_backhaul,10.0,2.1929,18.69,57.13
MDO_CCNlite_071,3,2026-06-07 01:28:01,CCNlite,MDO,182699.2,LI_10GbE_aggregation_backhaul,10.0,2.3917,19.96,58.77
MDO_CCNlite_072,3,2026-06-07 01:28:57,CCNlite,MDO,401658.6,LI_10GbE_aggregation_backhaul,10.0,2.2972,18.8027,51.33
MDO_CCNlite_073,3,2026-06-07 01:30:54,CCNlite,MDO,274033.2,LI_10GbE_aggregation_backhaul,10.0,2.3067,15.8232,60.01
LDO_CCNlite_013,1,2026-06-07 09:11:00,CCNlite,LDO,2085982.7,LI_10GbE_aggregation_backhaul,10.0,2.6368,126.9753,57.31
LDO_CCNlite_014,1,2026-06-07 09:12:54,CCNlite,LDO,4497594.5,LI_10GbE_aggregation_backhaul,10.0,2.7278,128.22,65.78
LDO_CCNlite_015,1,2026-06-07 09:15:09,CCNlite,LDO,4807660.5,LI_10GbE_aggregation_backhaul,10.0,2.4895,140.4968,65.45
LDO_CCNlite_016,1,2026-06-07 09:17:21,CCNlite,LDO,3148901.7,LI_10GbE_aggregation_backhaul,10.0,2.4467,120.2295,59.41
LDO_CCNlite_017,1,2026-06-07 09:19:55,CCNlite,LDO,4832662.3,LI_10GbE_aggregation_backhaul,10.0,2.5405,122.6223,63.33
LDO_CCNlite_018,1,2026-06-07 09:22:28,CCNlite,LDO,2004996.1,LI_10GbE_aggregation_backhaul,10.0,2.6105,124.6113,64.0
LDO_CCNlite_019,1,2026-06-07 09:23:10,CCNlite,LDO,2222827.4,LI_10GbE_aggregation_backhaul,10.0,2.6592,131.8665,59.79
LDO_CCNlite_020,1,2026-06-07 09:26:33,CCNlite,LDO,2971527.2,LI_10GbE_aggregation_backhaul,10.0,2.7149,133.5975,60.81
LDO_CCNlite_021,1,2026-06-07 09:27:39,CCNlite,LDO,1814124.3,LI_10GbE_aggregation_backhaul,10.0,2.6185,122.751,63.22
LDO_CCNlite_022,1,2026-06-07 09:30:36,CCNlite,LDO,1352405.7,LI_10GbE_aggregation_backhaul,10.0,2.5976,133.1716,61.99
LDO_CCNlite_023,1,2026-06-07 09:32:12,CCNlite,LDO,4240560.1,LI_10GbE_aggregation_backhaul,10.0,2.616,132.2942,62.46
LDO_CCNlite_024,1,2026-06-07 09:34:40,CCNlite,LDO,3121868.2,LI_10GbE_aggregation_backhaul,10.0,2.552,116.0206,62.48
LDO_CCNlite_025,1,2026-06-07 09:35:43,CCNlite,LDO,4092684.5,LI_10GbE_aggregation_backhaul,10.0,2.5324,124.4844,65.02
LDO_CCNlite_026,1,2026-06-07 09:37:08,CCNlite,LDO,3553518.0,LI_10GbE_aggregation_backhaul,10.0,2.7072,133.52,62.02
LDO_CCNlite_027,1,2026-06-07 09:39:05,CCNlite,LDO,1394784.7,LI_10GbE_aggregation_backhaul,10.0,2.5839,135.0535,64.32
LDO_CCNlite_028,1,2026-06-07 09:45:30,CCNlite,LDO,3634259.4,LI_10GbE_aggregation_backhaul,10.0,2.4086,129.6032,58.19
LDO_CCNlite_029,1,2026-06-07 09:47:17,CCNlite,LDO,3360889.8,LI_10GbE_aggregation_backhaul,10.0,2.5405,136.8132,61.39
LDO_CCNlite_030,1,2026-06-07 09:49:19,CCNlite,LDO,1109523.2,LI_10GbE_aggregation_backhaul,10.0,2.6862,123.6318,65.35
LDO_CCNlite_031,1,2026-06-07 09:50:14,CCNlite,LDO,2959906.9,LI_10GbE_aggregation_backhaul,10.0,2.5945,130.529,60.98
LDO_CCNlite_032,1,2026-06-07 09:52:11,CCNlite,LDO,2694686.7,LI_10GbE_aggregation_backhaul,10.0,2.6079,144.8926,55.47
MDO_CCNlite_074,4,2026-06-08 00:00:13,CCNlite,MDO,330998.2,LI_10GbE_aggregation_backhaul,10.0,2.2667,15.7979,58.69
MDO_CCNlite_075,4,2026-06-08 00:02:30,CCNlite,MDO,419316.3,LI_10GbE_aggregation_backhaul,10.0,2.3441,16.1026,57.59
MDO_CCNlite_076,4,2026-06-08 00:05:27,CCNlite,MDO,173661.8,LI_10GbE_aggregation_backhaul,10.0,2.2861,17.1273,58.89
MDO_CCNlite_077,4,2026-06-08 00:08:17,CCNlite,MDO,406930.6,LI_10GbE_aggregation_backhaul,10.0,2.0654,16.029,58.44
MDO_CCNlite_078,4,2026-06-08 00:08:47,CCNlite,MDO,444150.6,LI_10GbE_aggregation_backhaul,10.0,2.2259,18.0358,57.16
MDO_CCNlite_079,4,2026-06-08 00:10:13,CCNlite,MDO,64044.9,LI_10GbE_aggregation_backhaul,10.0,2.2009,17.8152,51.87
MDO_CCNlite_080,4,2026-06-08 00:11:34,CCNlite,MDO,399606.9,LI_10GbE_aggregation_backhaul,10.0,2.2385,15.9558,59.49
MDO_CCNlite_081,4,2026-06-08 00:15:03,CCNlite,MDO,236194.8,LI_10GbE_aggregation_backhaul,10.0,2.2621,18.4871,56.15
MDO_CCNlite_082,4,2026-06-08 00:16:14,CCNlite,MDO,391806.7,LI_10GbE_aggregation_backhaul,10.0,2.1974,16.5943,56.84
MDO_CCNlite_083,4,2026-06-08 00:17:22,CCNlite,MDO,298730.1,LI_10GbE_aggregation_backhaul,10.0,2.1596,16.4069,52.21
MDO_CCNlite_084,4,2026-06-08 00:20:03,CCNlite,MDO,448244.1,LI_10GbE_aggregation_backhaul,10.0,2.2885,17.2448,54.88
MDO_CCNlite_085,4,2026-06-08 00:22:08,CCNlite,MDO,273702.9,LI_10GbE_aggregation_backhaul,10.0,2.1786,18.0507,56.66
MDO_CCNlite_086,4,2026-06-08 00:23:52,CCNlite,MDO,71978.9,LI_10GbE_aggregation_backhaul,10.0,2.3217,17.4589,56.26
MDO_CCNlite_087,4,2026-06-08 00:25:20,CCNlite,MDO,468982.4,LI_10GbE_aggregation_backhaul,10.0,2.2158,16.6428,53.89
MDO_CCNlite_088,4,2026-06-08 00:26:22,CCNlite,MDO,242415.0,LI_10GbE_aggregation_backhaul,10.0,2.3591,17.2715,58.48
MDO_CCNlite_089,4,2026-06-08 00:27:34,CCNlite,MDO,181235.4,LI_10GbE_aggregation_backhaul,10.0,2.2834,16.7227,57.1
MDO_CCNlite_090,4,2026-06-08 00:29:15,CCNlite,MDO,298172.7,LI_10GbE_aggregation_backhaul,10.0,2.3265,16.8073,58.03
MDO_CCNlite_091,4,2026-06-08 00:30:57,CCNlite,MDO,204097.0,LI_10GbE_aggregation_backhaul,10.0,2.2963,16.707,59.79
MDO_CCNlite_092,4,2026-06-08 00:33:55,CCNlite,MDO,165107.8,LI_10GbE_aggregation_backhaul,10.0,2.2066,18.0498,53.83
MDO_CCNlite_093,4,2026-06-08 00:35:04,CCNlite,MDO,127961.8,LI_10GbE_aggregation_backhaul,10.0,2.2925,16.8717,51.38
MDO_CCNlite_094,4,2026-06-08 00:37:58,CCNlite,MDO,179380.0,LI_10GbE_aggregation_backhaul,10.0,2.2707,16.3256,59.52
MDO_CCNlite_095,4,2026-06-08 00:39:40,CCNlite,MDO,283030.9,LI_10GbE_aggregation_backhaul,10.0,2.1884,18.0178,58.85
MDO_CCNlite_096,4,2026-06-08 00:41:52,CCNlite,MDO,239354.4,LI_10GbE_aggregation_backhaul,10.0,2.011,15.3125,56.39
LDO_CCNlite_033,2,2026-06-08 11:27:22,CCNlite,LDO,1034131.7,LI_10GbE_aggregation_backhaul,10.0,2.8532,140.0745,68.96
LDO_CCNlite_034,2,2026-06-08 11:29:46,CCNlite,LDO,2291850.5,LI_10GbE_aggregation_backhaul,10.0,2.6605,140.1806,66.13
LDO_CCNlite_035,2,2026-06-08 11:36:29,CCNlite,LDO,3340120.1,LI_10GbE_aggregation_backhaul,10.0,2.7323,137.6872,61.69
LDO_CCNlite_036,2,2026-06-08 11:40:07,CCNlite,LDO,4380715.8,LI_10GbE_aggregation_backhaul,10.0,2.8681,135.4541,67.02
LDO_CCNlite_037,2,2026-06-08 11:43:06,CCNlite,LDO,3601044.9,LI_10GbE_aggregation_backhaul,10.0,2.8389,125.9076,65.0
LDO_CCNlite_038,2,2026-06-08 11:45:24,CCNlite,LDO,1220784.9,LI_10GbE_aggregation_backhaul,10.0,2.8555,133.3487,70.41
LDO_CCNlite_039,2,2026-06-08 11:50:04,CCNlite,LDO,1525580.9,LI_10GbE_aggregation_backhaul,10.0,2.7257,127.6211,64.1
LDO_CCNlite_040,2,2026-06-08 11:50:57,CCNlite,LDO,3910085.1,LI_10GbE_aggregation_backhaul,10.0,2.7486,144.2417,67.58
LDO_CCNlite_041,2,2026-06-08 11:51:46,CCNlite,LDO,4808562.2,LI_10GbE_aggregation_backhaul,10.0,2.6015,130.9398,64.85
LDO_CCNlite_042,2,2026-06-08 11:56:58,CCNlite,LDO,4882542.2,LI_10GbE_aggregation_backhaul,10.0,2.7907,131.9758,66.74
LDO_CCNlite_043,2,2026-06-08 11:57:54,CCNlite,LDO,4827329.0,LI_10GbE_aggregation_backhaul,10.0,2.7543,126.8177,69.73
LDO_CCNlite_044,2,2026-06-08 12:01:06,CCNlite,LDO,2394114.4,LI_10GbE_aggregation_backhaul,10.0,2.7245,144.7413,59.37
LDO_CCNlite_045,2,2026-06-08 12:01:36,CCNlite,LDO,3130638.0,LI_10GbE_aggregation_backhaul,10.0,2.6909,129.4943,69.48
LDO_CCNlite_046,2,2026-06-08 12:02:18,CCNlite,LDO,1433327.9,LI_10GbE_aggregation_backhaul,10.0,2.9073,136.3276,63.61
LDO_CCNlite_047,2,2026-06-08 12:03:21,CCNlite,LDO,2190939.2,LI_10GbE_aggregation_backhaul,10.0,2.7904,133.0334,65.74
LDO_CCNlite_048,2,2026-06-08 12:08:34,CCNlite,LDO,1806391.3,LI_10GbE_aggregation_backhaul,10.0,2.8605,124.9655,71.75
LDO_CCNlite_049,2,2026-06-08 12:09:57,CCNlite,LDO,1342240.5,LI_10GbE_aggregation_backhaul,10.0,2.7333,148.3573,65.7
LDO_CCNlite_050,2,2026-06-08 12:12:16,CCNlite,LDO,2681864.5,LI_10GbE_aggregation_backhaul,10.0,2.9046,127.5126,63.6
LDO_CCNlite_051,2,2026-06-08 12:14:56,CCNlite,LDO,4219756.6,LI_10GbE_aggregation_backhaul,10.0,2.8916,139.7377,67.16
LDO_CCNlite_052,2,2026-06-08 12:16:17,CCNlite,LDO,3719157.6,LI_10GbE_aggregation_backhaul,10.0,2.8262,131.8661,67.75
LDO_CCNlite_053,2,2026-06-08 12:17:28,CCNlite,LDO,4264409.5,LI_10GbE_aggregation_backhaul,10.0,2.7853,137.4987,65.54
LDO_CCNlite_054,2,2026-06-08 12:22:22,CCNlite,LDO,3968804.4,LI_10GbE_aggregation_backhaul,10.0,2.8112,154.623,66.57
LDO_CCNlite_055,2,2026-06-08 12:25:09,CCNlite,LDO,1475455.0,LI_10GbE_aggregation_backhaul,10.0,2.8325,130.8956,66.44
LDO_CCNlite_056,2,2026-06-08 12:26:04,CCNlite,LDO,1690944.0,LI_10GbE_aggregation_backhaul,10.0,2.9203,131.5518,61.03
LDO_CCNlite_057,2,2026-06-08 12:26:34,CCNlite,LDO,3017526.9,LI_10GbE_aggregation_backhaul,10.0,2.7335,133.3606,60.44
LDO_CCNlite_058,2,2026-06-08 12:27:37,CCNlite,LDO,3744323.1,LI_10GbE_aggregation_backhaul,10.0,2.787,141.2366,61.91
LDO_CCNlite_059,2,2026-06-08 12:27:49,CCNlite,LDO,3820273.8,LI_10GbE_aggregation_backhaul,10.0,2.8756,124.8631,63.48
LDO_CCNlite_060,2,2026-06-08 12:30:55,CCNlite,LDO,2150958.5,LI_10GbE_aggregation_backhaul,10.0,2.8281,145.3172,61.12
MDO_CCNlite_097,5,2026-06-09 02:31:18,CCNlite,MDO,93258.9,LI_10GbE_aggregation_backhaul,10.0,2.2331,17.4426,55.41
MDO_CCNlite_098,5,2026-06-09 02:32:56,CCNlite,MDO,349085.7,LI_10GbE_aggregation_backhaul,10.0,2.1173,16.3725,51.37
MDO_CCNlite_099,5,2026-06-09 02:34:19,CCNlite,MDO,372231.1,LI_10GbE_aggregation_backhaul,10.0,2.327,16.503,56.65
MDO_CCNlite_100,5,2026-06-09 02:36:13,CCNlite,MDO,413837.2,LI_10GbE_aggregation_backhaul,10.0,2.2452,15.543,55.81
MDO_CCNlite_101,5,2026-06-09 02:37:25,CCNlite,MDO,275643.8,LI_10GbE_aggregation_backhaul,10.0,2.2422,17.5921,54.2
MDO_CCNlite_102,5,2026-06-09 02:39:01,CCNlite,MDO,397715.0,LI_10GbE_aggregation_backhaul,10.0,2.1912,15.1952,53.99
MDO_CCNlite_103,5,2026-06-09 02:41:06,CCNlite,MDO,371491.2,LI_10GbE_aggregation_backhaul,10.0,2.3148,15.3746,54.63
MDO_CCNlite_104,5,2026-06-09 02:44:14,CCNlite,MDO,132729.0,LI_10GbE_aggregation_backhaul,10.0,2.3699,16.5474,56.95
MDO_CCNlite_105,5,2026-06-09 02:48:16,CCNlite,MDO,72743.8,LI_10GbE_aggregation_backhaul,10.0,2.2126,14.5613,55.26
MDO_CCNlite_106,5,2026-06-09 02:52:49,CCNlite,MDO,400013.6,LI_10GbE_aggregation_backhaul,10.0,2.1806,16.0669,52.43
MDO_CCNlite_107,5,2026-06-09 02:54:18,CCNlite,MDO,89830.1,LI_10GbE_aggregation_backhaul,10.0,2.1692,18.1117,51.14
MDO_CCNlite_108,5,2026-06-09 02:56:07,CCNlite,MDO,120515.2,LI_10GbE_aggregation_backhaul,10.0,2.3495,15.5934,52.23
MDO_CCNlite_109,5,2026-06-09 02:56:47,CCNlite,MDO,186505.2,LI_10GbE_aggregation_backhaul,10.0,2.1333,17.3256,56.68
MDO_CCNlite_110,5,2026-06-09 02:58:52,CCNlite,MDO,428921.7,LI_10GbE_aggregation_backhaul,10.0,2.0499,15.4972,51.36
LDO_CCNlite_061,3,2026-06-09 07:46:25,CCNlite,LDO,2050797.8,LI_10GbE_aggregation_backhaul,10.0,2.6397,133.9094,59.5
LDO_CCNlite_062,3,2026-06-09 07:48:43,CCNlite,LDO,4389341.8,LI_10GbE_aggregation_backhaul,10.0,2.8245,128.4514,64.68
LDO_CCNlite_063,3,2026-06-09 07:49:05,CCNlite,LDO,3403573.9,LI_10GbE_aggregation_backhaul,10.0,2.7235,143.8143,68.88
LDO_CCNlite_064,3,2026-06-09 07:49:56,CCNlite,LDO,4452693.7,LI_10GbE_aggregation_backhaul,10.0,2.6811,128.7284,68.06
LDO_CCNlite_065,3,2026-06-09 07:52:48,CCNlite,LDO,2703298.1,LI_10GbE_aggregation_backhaul,10.0,2.6589,130.7397,62.28
LDO_CCNlite_066,3,2026-06-09 07:54:34,CCNlite,LDO,4011962.0,LI_10GbE_aggregation_backhaul,10.0,2.7134,142.4935,64.48
LDO_CCNlite_067,3,2026-06-09 07:56:55,CCNlite,LDO,2222395.7,LI_10GbE_aggregation_backhaul,10.0,2.7377,132.8274,66.55
LDO_CCNlite_068,3,2026-06-09 07:57:53,CCNlite,LDO,3367901.2,LI_10GbE_aggregation_backhaul,10.0,2.599,129.8559,58.65
LDO_CCNlite_069,3,2026-06-09 07:58:45,CCNlite,LDO,1325571.3,LI_10GbE_aggregation_backhaul,10.0,2.7824,118.613,61.19
LDO_CCNlite_070,3,2026-06-09 08:00:58,CCNlite,LDO,3344036.4,LI_10GbE_aggregation_backhaul,10.0,2.8555,131.3588,59.17
LDO_CCNlite_071,3,2026-06-09 08:03:49,CCNlite,LDO,2846881.1,LI_10GbE_aggregation_backhaul,10.0,2.7587,134.0992,59.19
LDO_CCNlite_072,3,2026-06-09 08:05:34,CCNlite,LDO,2333591.4,LI_10GbE_aggregation_backhaul,10.0,2.6734,126.7141,60.47
LDO_CCNlite_073,3,2026-06-09 08:07:30,CCNlite,LDO,2360519.0,LI_10GbE_aggregation_backhaul,10.0,2.7201,143.6106,69.14
LDO_CCNlite_074,3,2026-06-09 08:11:54,CCNlite,LDO,2080934.2,LI_10GbE_aggregation_backhaul,10.0,2.867,131.9011,62.57
LDO_CCNlite_075,3,2026-06-09 08:12:44,CCNlite,LDO,1112320.7,LI_10GbE_aggregation_backhaul,10.0,2.7243,131.8899,63.28
LDO_CCNlite_076,3,2026-06-09 08:13:54,CCNlite,LDO,3163788.4,LI_10GbE_aggregation_backhaul,10.0,2.7612,141.9551,63.49
LDO_CCNlite_077,3,2026-06-09 08:17:39,CCNlite,LDO,1179940.1,LI_10GbE_aggregation_backhaul,10.0,2.7423,135.9797,58.48
LDO_CCNlite_078,3,2026-06-09 08:20:15,CCNlite,LDO,2469579.4,LI_10GbE_aggregation_backhaul,10.0,2.6459,142.3108,68.18
LDO_CCNlite_079,3,2026-06-09 08:21:20,CCNlite,LDO,3189248.2,LI_10GbE_aggregation_backhaul,10.0,2.7081,123.5896,63.76
LDO_CCNlite_080,3,2026-06-09 08:23:28,CCNlite,LDO,1019732.1,LI_10GbE_aggregation_backhaul,10.0,2.6224,133.5535,55.3
LDO_CCNlite_081,3,2026-06-09 08:25:32,CCNlite,LDO,2011220.4,LI_10GbE_aggregation_backhaul,10.0,2.6925,137.5583,65.09
LDO_CCNlite_082,3,2026-06-09 08:26:53,CCNlite,LDO,2600493.2,LI_10GbE_aggregation_backhaul,10.0,2.8396,136.5983,66.37
LDO_CCNlite_083,3,2026-06-09 08:29:01,CCNlite,LDO,1008427.0,LI_10GbE_aggregation_backhaul,10.0,2.5514,138.1167,60.23
LDO_CCNlite_084,3,2026-06-09 08:31:30,CCNlite,LDO,4007136.5,LI_10GbE_aggregation_backhaul,10.0,2.6965,149.3493,62.3
LDO_CCNlite_085,3,2026-06-09 08:32:04,CCNlite,LDO,1813997.3,LI_10GbE_aggregation_backhaul,10.0,2.685,131.8054,61.55
LDO_CCNlite_086,3,2026-06-09 08:33:26,CCNlite,LDO,3204679.1,LI_10GbE_aggregation_backhaul,10.0,2.9017,130.5104,67.48
LDO_CCNlite_087,3,2026-06-09 08:34:51,CCNlite,LDO,3730664.9,LI_10GbE_aggregation_backhaul,10.0,2.8452,140.1655,61.07
LDO_CCNlite_088,3,2026-06-09 08:36:06,CCNlite,LDO,1351217.3,LI_10GbE_aggregation_backhaul,10.0,2.7981,130.0537,63.86
LDO_CCNlite_089,3,2026-06-09 08:39:31,CCNlite,LDO,2247809.5,LI_10GbE_aggregation_backhaul,10.0,2.7826,133.6534,67.0
LDO_CCNlite_090,3,2026-06-09 08:42:49,CCNlite,LDO,3972246.1,LI_10GbE_aggregation_backhaul,10.0,2.8633,121.5682,65.84
LDO_CCNlite_091,3,2026-06-09 08:45:12,CCNlite,LDO,1155147.4,LI_10GbE_aggregation_backhaul,10.0,2.5824,136.2619,60.3
MDO_CCNlite_111,6,2026-06-09 22:54:16,CCNlite,MDO,169905.6,LI_10GbE_aggregation_backhaul,10.0,2.2611,18.5768,55.75
MDO_CCNlite_112,6,2026-06-09 22:58:41,CCNlite,MDO,346706.5,LI_10GbE_aggregation_backhaul,10.0,2.3661,17.4167,61.79
MDO_CCNlite_113,6,2026-06-09 22:59:28,CCNlite,MDO,232273.1,LI_10GbE_aggregation_backhaul,10.0,2.4216,17.949,57.8
MDO_CCNlite_114,6,2026-06-09 23:03:43,CCNlite,MDO,344534.6,LI_10GbE_aggregation_backhaul,10.0,2.4602,18.3564,51.75
MDO_CCNlite_115,6,2026-06-09 23:07:04,CCNlite,MDO,312073.8,LI_10GbE_aggregation_backhaul,10.0,2.3408,19.2218,55.44
MDO_CCNlite_116,6,2026-06-09 23:09:22,CCNlite,MDO,339343.2,LI_10GbE_aggregation_backhaul,10.0,2.328,17.1684,56.23
MDO_CCNlite_117,6,2026-06-09 23:13:37,CCNlite,MDO,234787.8,LI_10GbE_aggregation_backhaul,10.0,2.3534,18.2072,61.64
MDO_CCNlite_118,6,2026-06-09 23:14:40,CCNlite,MDO,318013.6,LI_10GbE_aggregation_backhaul,10.0,2.2429,16.8892,55.67
MDO_CCNlite_119,6,2026-06-09 23:16:53,CCNlite,MDO,80026.7,LI_10GbE_aggregation_backhaul,10.0,2.2973,18.779,58.76
MDO_CCNlite_120,6,2026-06-09 23:18:51,CCNlite,MDO,472930.0,LI_10GbE_aggregation_backhaul,10.0,2.2991,18.1616,58.43
MDO_CCNlite_121,6,2026-06-09 23:22:52,CCNlite,MDO,383773.2,LI_10GbE_aggregation_backhaul,10.0,2.3329,18.61,58.58
MDO_CCNlite_122,6,2026-06-09 23:24:41,CCNlite,MDO,315116.3,LI_10GbE_aggregation_backhaul,10.0,2.2029,16.2942,54.75
MDO_CCNlite_123,6,2026-06-09 23:28:23,CCNlite,MDO,263382.6,LI_10GbE_aggregation_backhaul,10.0,2.3283,18.3978,55.47
MDO_CCNlite_124,6,2026-06-09 23:29:53,CCNlite,MDO,444865.8,LI_10GbE_aggregation_backhaul,10.0,2.122,17.6555,54.74
MDO_CCNlite_125,6,2026-06-09 23:30:20,CCNlite,MDO,90235.2,LI_10GbE_aggregation_backhaul,10.0,2.3858,15.2516,58.01
MDO_CCNlite_126,7,2026-06-11 03:22:09,CCNlite,MDO,97969.2,LI_10GbE_aggregation_backhaul,10.0,2.1931,16.7881,54.97
MDO_CCNlite_127,7,2026-06-11 03:22:41,CCNlite,MDO,180446.7,LI_10GbE_aggregation_backhaul,10.0,2.1712,16.3753,62.84
MDO_CCNlite_128,7,2026-06-11 03:24:06,CCNlite,MDO,89927.0,LI_10GbE_aggregation_backhaul,10.0,2.2391,15.2093,54.73
MDO_CCNlite_129,7,2026-06-11 03:29:22,CCNlite,MDO,129517.2,LI_10GbE_aggregation_backhaul,10.0,2.1935,18.2068,58.22
MDO_CCNlite_130,7,2026-06-11 03:30:45,CCNlite,MDO,231349.1,LI_10GbE_aggregation_backhaul,10.0,2.2661,16.8803,54.65
MDO_CCNlite_131,7,2026-06-11 03:31:53,CCNlite,MDO,176453.7,LI_10GbE_aggregation_backhaul,10.0,2.1613,16.9299,55.7
MDO_CCNlite_132,7,2026-06-11 03:32:34,CCNlite,MDO,151810.7,LI_10GbE_aggregation_backhaul,10.0,2.2163,16.9319,53.34
MDO_CCNlite_133,7,2026-06-11 03:37:33,CCNlite,MDO,371252.0,LI_10GbE_aggregation_backhaul,10.0,2.2486,17.7404,54.61
MDO_CCNlite_134,7,2026-06-11 03:40:00,CCNlite,MDO,309894.9,LI_10GbE_aggregation_backhaul,10.0,2.2453,17.0155,56.05
MDO_CCNlite_135,7,2026-06-11 03:40:38,CCNlite,MDO,178066.8,LI_10GbE_aggregation_backhaul,10.0,2.2206,16.4143,55.26
MDO_CCNlite_136,7,2026-06-11 03:41:04,CCNlite,MDO,374398.8,LI_10GbE_aggregation_backhaul,10.0,2.2147,17.059,50.37
MDO_CCNlite_137,7,2026-06-11 03:41:45,CCNlite,MDO,453031.1,LI_10GbE_aggregation_backhaul,10.0,2.2631,16.0859,51.37
MDO_CCNlite_138,7,2026-06-11 03:50:20,CCNlite,MDO,227211.2,LI_10GbE_aggregation_backhaul,10.0,2.3244,15.6503,58.95
MDO_CCNlite_139,7,2026-06-11 03:54:13,CCNlite,MDO,177726.0,LI_10GbE_aggregation_backhaul,10.0,2.1956,16.1565,56.14
MDO_CCNlite_140,7,2026-06-11 03:54:45,CCNlite,MDO,365355.2,LI_10GbE_aggregation_backhaul,10.0,2.2482,16.6401,61.34
MDO_CCNlite_141,7,2026-06-11 03:59:28,CCNlite,MDO,480493.1,LI_10GbE_aggregation_backhaul,10.0,2.124,17.4329,56.37
MDO_CCNlite_142,7,2026-06-11 04:01:22,CCNlite,MDO,169698.8,LI_10GbE_aggregation_backhaul,10.0,2.2574,16.7918,56.65
MDO_CCNlite_143,7,2026-06-11 04:03:52,CCNlite,MDO,111970.0,LI_10GbE_aggregation_backhaul,10.0,2.2536,15.2057,58.18
MDO_CCNlite_144,7,2026-06-11 04:06:16,CCNlite,MDO,379097.8,LI_10GbE_aggregation_backhaul,10.0,2.3121,17.1068,55.12
MDO_CCNlite_145,7,2026-06-11 04:07:42,CCNlite,MDO,321930.3,LI_10GbE_aggregation_backhaul,10.0,2.389,17.8971,56.6
MDO_CCNlite_146,7,2026-06-11 04:10:20,CCNlite,MDO,344730.2,LI_10GbE_aggregation_backhaul,10.0,2.0777,16.9084,54.77
MDO_CCNlite_147,8,2026-06-11 05:38:47,CCNlite,MDO,412668.2,LI_10GbE_aggregation_backhaul,10.0,2.3585,16.8464,57.15
MDO_CCNlite_148,8,2026-06-11 05:41:49,CCNlite,MDO,190934.3,LI_10GbE_aggregation_backhaul,10.0,2.363,16.7276,55.93
MDO_CCNlite_149,8,2026-06-11 05:42:46,CCNlite,MDO,475664.4,LI_10GbE_aggregation_backhaul,10.0,2.4263,16.4242,65.09
MDO_CCNlite_150,8,2026-06-11 05:43:49,CCNlite,MDO,194704.0,LI_10GbE_aggregation_backhaul,10.0,2.2677,16.7327,54.52
LDO_CCNlite_092,4,2026-06-12 18:21:15,CCNlite,LDO,1586420.6,LI_10GbE_aggregation_backhaul,10.0,2.5629,140.6649,57.83
LDO_CCNlite_093,4,2026-06-12 18:23:33,CCNlite,LDO,4830113.8,LI_10GbE_aggregation_backhaul,10.0,2.7055,112.08,60.19
LDO_CCNlite_094,4,2026-06-12 18:24:33,CCNlite,LDO,2821301.9,LI_10GbE_aggregation_backhaul,10.0,2.7294,123.5525,63.6
LDO_CCNlite_095,4,2026-06-12 18:27:42,CCNlite,LDO,3097970.0,LI_10GbE_aggregation_backhaul,10.0,2.6136,129.3737,57.28
LDO_CCNlite_096,4,2026-06-12 18:30:33,CCNlite,LDO,3957700.7,LI_10GbE_aggregation_backhaul,10.0,2.5401,118.3959,56.85
LDO_CCNlite_097,4,2026-06-12 18:37:11,CCNlite,LDO,4092082.9,LI_10GbE_aggregation_backhaul,10.0,2.4521,137.0836,58.96
LDO_CCNlite_098,4,2026-06-12 18:41:37,CCNlite,LDO,1970409.5,LI_10GbE_aggregation_backhaul,10.0,2.566,130.2388,54.41
LDO_CCNlite_099,4,2026-06-12 18:44:37,CCNlite,LDO,2884467.5,LI_10GbE_aggregation_backhaul,10.0,2.6349,123.8137,58.84
LDO_CCNlite_100,4,2026-06-12 18:46:40,CCNlite,LDO,4089824.4,LI_10GbE_aggregation_backhaul,10.0,2.5982,120.0508,57.08
LDO_CCNlite_101,4,2026-06-12 18:49:41,CCNlite,LDO,4771785.2,LI_10GbE_aggregation_backhaul,10.0,2.6555,130.9095,63.08
LDO_CCNlite_102,4,2026-06-12 18:53:53,CCNlite,LDO,1301631.5,LI_10GbE_aggregation_backhaul,10.0,2.64,126.4148,61.76
LDO_CCNlite_103,4,2026-06-12 18:55:28,CCNlite,LDO,2571345.8,LI_10GbE_aggregation_backhaul,10.0,2.5619,123.0197,60.8
LDO_CCNlite_104,4,2026-06-12 18:56:04,CCNlite,LDO,3856823.8,LI_10GbE_aggregation_backhaul,10.0,2.5717,121.8662,58.66
LDO_CCNlite_105,4,2026-06-12 18:57:37,CCNlite,LDO,3852335.9,LI_10GbE_aggregation_backhaul,10.0,2.369,128.1552,62.9
LDO_CCNlite_106,4,2026-06-12 19:02:32,CCNlite,LDO,1880217.0,LI_10GbE_aggregation_backhaul,10.0,2.5337,131.5413,61.61
LDO_CCNlite_107,4,2026-06-12 19:05:01,CCNlite,LDO,1638639.7,LI_10GbE_aggregation_backhaul,10.0,2.4906,123.138,58.2
LDO_CCNlite_108,4,2026-06-12 19:08:23,CCNlite,LDO,1090960.8,LI_10GbE_aggregation_backhaul,10.0,2.4836,119.2406,58.12
LDO_CCNlite_109,4,2026-06-12 19:09:33,CCNlite,LDO,4323354.3,LI_10GbE_aggregation_backhaul,10.0,2.6085,132.1669,62.77
LDO_CCNlite_110,4,2026-06-12 19:10:51,CCNlite,LDO,1417808.3,LI_10GbE_aggregation_backhaul,10.0,2.6265,116.0578,58.4
LDO_CCNlite_111,4,2026-06-12 19:15:57,CCNlite,LDO,3244682.7,LI_10GbE_aggregation_backhaul,10.0,2.6674,134.4486,63.9
LDO_CCNlite_112,4,2026-06-12 19:19:09,CCNlite,LDO,2612575.7,LI_10GbE_aggregation_backhaul,10.0,2.4919,131.0624,62.3
LDO_CCNlite_113,4,2026-06-12 19:22:12,CCNlite,LDO,1454124.9,LI_10GbE_aggregation_backhaul,10.0,2.5567,121.6502,61.93
LDO_CCNlite_114,5,2026-06-13 16:02:41,CCNlite,LDO,1113790.2,LI_10GbE_aggregation_backhaul,10.0,2.6867,147.455,62.51
LDO_CCNlite_115,5,2026-06-13 16:03:57,CCNlite,LDO,3548889.2,LI_10GbE_aggregation_backhaul,10.0,2.7792,125.3868,62.31
LDO_CCNlite_116,5,2026-06-13 16:04:56,CCNlite,LDO,3102643.7,LI_10GbE_aggregation_backhaul,10.0,2.9861,134.2124,69.13
LDO_CCNlite_117,5,2026-06-13 16:07:15,CCNlite,LDO,1501253.9,LI_10GbE_aggregation_backhaul,10.0,2.6165,129.8386,63.93
LDO_CCNlite_118,5,2026-06-13 16:07:51,CCNlite,LDO,3144374.6,LI_10GbE_aggregation_backhaul,10.0,2.7208,127.1402,61.84
LDO_CCNlite_119,5,2026-06-13 16:09:22,CCNlite,LDO,2262155.6,LI_10GbE_aggregation_backhaul,10.0,2.8192,125.3426,67.26
LDO_CCNlite_120,5,2026-06-13 16:14:02,CCNlite,LDO,1271302.2,LI_10GbE_aggregation_backhaul,10.0,2.9206,144.658,64.28
LDO_CCNlite_121,5,2026-06-13 16:16:04,CCNlite,LDO,1392910.1,LI_10GbE_aggregation_backhaul,10.0,2.7938,133.2387,60.96
LDO_CCNlite_122,5,2026-06-13 16:17:19,CCNlite,LDO,2365437.9,LI_10GbE_aggregation_backhaul,10.0,2.7141,132.9917,61.75
LDO_CCNlite_123,5,2026-06-13 16:20:42,CCNlite,LDO,4672263.2,LI_10GbE_aggregation_backhaul,10.0,2.7758,138.4974,63.24
LDO_CCNlite_124,5,2026-06-13 16:23:58,CCNlite,LDO,2730014.8,LI_10GbE_aggregation_backhaul,10.0,2.9058,127.4847,69.56
LDO_CCNlite_125,5,2026-06-13 16:24:28,CCNlite,LDO,3051217.9,LI_10GbE_aggregation_backhaul,10.0,2.6485,136.7982,61.94
LDO_CCNlite_126,5,2026-06-13 16:29:20,CCNlite,LDO,4539589.3,LI_10GbE_aggregation_backhaul,10.0,2.7896,140.0385,64.61
LDO_CCNlite_127,5,2026-06-13 16:31:40,CCNlite,LDO,3074232.6,LI_10GbE_aggregation_backhaul,10.0,2.8338,134.419,60.56
LDO_CCNlite_128,5,2026-06-13 16:33:22,CCNlite,LDO,2229583.1,LI_10GbE_aggregation_backhaul,10.0,2.561,141.9754,62.16
LDO_CCNlite_129,5,2026-06-13 16:34:25,CCNlite,LDO,2468911.4,LI_10GbE_aggregation_backhaul,10.0,2.7355,133.7171,62.01
LDO_CCNlite_130,5,2026-06-13 16:39:54,CCNlite,LDO,2249369.7,LI_10GbE_aggregation_backhaul,10.0,2.7931,127.1814,67.46
LDO_CCNlite_131,5,2026-06-13 16:41:08,CCNlite,LDO,2497506.5,LI_10GbE_aggregation_backhaul,10.0,2.8204,138.2584,64.02
LDO_CCNlite_132,5,2026-06-13 16:43:08,CCNlite,LDO,1975173.8,LI_10GbE_aggregation_backhaul,10.0,2.8116,132.3942,62.61
LDO_CCNlite_133,5,2026-06-13 16:45:01,CCNlite,LDO,1026685.2,LI_10GbE_aggregation_backhaul,10.0,2.7602,130.9605,64.82
LDO_CCNlite_134,5,2026-06-13 16:46:25,CCNlite,LDO,4701605.6,LI_10GbE_aggregation_backhaul,10.0,2.7713,124.6666,63.16
LDO_CCNlite_135,5,2026-06-13 16:49:07,CCNlite,LDO,3065822.0,LI_10GbE_aggregation_backhaul,10.0,2.7225,151.0401,64.47
LDO_CCNlite_136,5,2026-06-13 16:52:25,CCNlite,LDO,2489699.9,LI_10GbE_aggregation_backhaul,10.0,2.6921,118.5308,63.92
LDO_CCNlite_137,5,2026-06-13 16:54:28,CCNlite,LDO,2511944.7,LI_10GbE_aggregation_backhaul,10.0,2.8121,132.6442,64.36
LDO_CCNlite_138,5,2026-06-13 16:57:58,CCNlite,LDO,3633964.7,LI_10GbE_aggregation_backhaul,10.0,2.6785,127.709,62.51
LDO_CCNlite_139,5,2026-06-13 17:03:53,CCNlite,LDO,3227193.1,LI_10GbE_aggregation_backhaul,10.0,2.6074,136.3518,57.71
LDO_CCNlite_140,5,2026-06-13 17:05:30,CCNlite,LDO,1126114.8,LI_10GbE_aggregation_backhaul,10.0,2.6514,138.2097,67.81
LDO_CCNlite_141,5,2026-06-13 17:09:46,CCNlite,LDO,4768581.9,LI_10GbE_aggregation_backhaul,10.0,2.7016,125.0198,59.61
LDO_CCNlite_142,5,2026-06-13 17:11:11,CCNlite,LDO,4339877.9,LI_10GbE_aggregation_backhaul,10.0,2.8178,136.1409,62.95
LDO_CCNlite_143,5,2026-06-13 17:14:30,CCNlite,LDO,4272682.7,LI_10GbE_aggregation_backhaul,10.0,2.7534,131.6651,63.86
LDO_CCNlite_144,5,2026-06-13 17:16:19,CCNlite,LDO,4538927.2,LI_10GbE_aggregation_backhaul,10.0,2.9945,140.4585,63.86
LDO_CCNlite_145,6,2026-06-15 11:02:40,CCNlite,LDO,3734188.7,LI_10GbE_aggregation_backhaul,10.0,2.6103,122.012,60.57
LDO_CCNlite_146,6,2026-06-15 11:03:55,CCNlite,LDO,3642864.9,LI_10GbE_aggregation_backhaul,10.0,2.6521,126.7614,62.98
LDO_CCNlite_147,6,2026-06-15 11:05:23,CCNlite,LDO,3304264.1,LI_10GbE_aggregation_backhaul,10.0,2.4472,121.8264,56.65
LDO_CCNlite_148,6,2026-06-15 11:08:16,CCNlite,LDO,1066148.5,LI_10GbE_aggregation_backhaul,10.0,2.8385,118.7904,60.76
LDO_CCNlite_149,6,2026-06-15 11:09:30,CCNlite,LDO,4662261.3,LI_10GbE_aggregation_backhaul,10.0,2.6452,134.9704,68.01
LDO_CCNlite_150,6,2026-06-15 11:12:04,CCNlite,LDO,4305039.7,LI_10GbE_aggregation_backhaul,10.0,2.6296,142.8563,57.76
SDO_NFD_001,0,2026-06-18 16:45:00,NFD,SDO,748.2,LI_10GbE_aggregation_backhaul,10.0,1.1455,1.3228,46.32
SDO_NFD_002,0,2026-06-18 16:49:50,NFD,SDO,1508.9,LI_10GbE_aggregation_backhaul,10.0,1.0548,1.5145,43.39
SDO_NFD_003,0,2026-06-18 16:50:20,NFD,SDO,1311.2,LI_10GbE_aggregation_backhaul,10.0,1.192,1.514,47.55
SDO_NFD_004,0,2026-06-18 16:52:18,NFD,SDO,432.9,LI_10GbE_aggregation_backhaul,10.0,1.177,1.4392,47.48
SDO_NFD_005,0,2026-06-18 16:53:18,NFD,SDO,265.2,LI_10GbE_aggregation_backhaul,10.0,1.1716,1.1941,47.73
SDO_NFD_006,0,2026-06-18 16:55:38,NFD,SDO,129.7,LI_10GbE_aggregation_backhaul,10.0,1.1502,1.2927,43.52
SDO_NFD_007,0,2026-06-18 16:59:49,NFD,SDO,455.2,LI_10GbE_aggregation_backhaul,10.0,1.2213,1.4044,43.31
SDO_NFD_008,0,2026-06-18 17:02:44,NFD,SDO,522.7,LI_10GbE_aggregation_backhaul,10.0,1.1767,1.3389,44.37
SDO_NFD_009,0,2026-06-18 17:04:54,NFD,SDO,287.3,LI_10GbE_aggregation_backhaul,10.0,1.1212,1.2388,44.1
SDO_NFD_010,0,2026-06-18 17:06:29,NFD,SDO,1223.0,LI_10GbE_aggregation_backhaul,10.0,1.1798,1.3762,45.19
SDO_NFD_011,0,2026-06-18 17:08:44,NFD,SDO,500.8,LI_10GbE_aggregation_backhaul,10.0,1.2116,1.3065,45.82
SDO_NFD_012,0,2026-06-18 17:10:57,NFD,SDO,623.5,LI_10GbE_aggregation_backhaul,10.0,1.1596,1.3883,45.16
SDO_NFD_013,0,2026-06-18 17:12:16,NFD,SDO,1060.3,LI_10GbE_aggregation_backhaul,10.0,1.1616,1.389,44.14
SDO_NFD_014,0,2026-06-18 17:13:42,NFD,SDO,626.6,LI_10GbE_aggregation_backhaul,10.0,1.183,1.4933,48.04
SDO_NFD_015,0,2026-06-18 17:17:57,NFD,SDO,1584.4,LI_10GbE_aggregation_backhaul,10.0,1.1956,1.2949,48.28
SDO_NFD_016,0,2026-06-18 17:22:55,NFD,SDO,405.5,LI_10GbE_aggregation_backhaul,10.0,1.183,1.4578,47.35
SDO_NFD_017,0,2026-06-18 17:25:50,NFD,SDO,1953.5,LI_10GbE_aggregation_backhaul,10.0,1.1506,1.2904,46.73
SDO_NFD_018,0,2026-06-18 17:28:13,NFD,SDO,1802.3,LI_10GbE_aggregation_backhaul,10.0,1.1915,1.4554,46.42
SDO_NFD_019,0,2026-06-18 17:32:47,NFD,SDO,847.0,LI_10GbE_aggregation_backhaul,10.0,1.1557,1.4083,49.36
SDO_NFD_020,0,2026-06-18 17:33:50,NFD,SDO,553.6,LI_10GbE_aggregation_backhaul,10.0,1.1535,1.4015,44.08
SDO_NFD_021,0,2026-06-18 17:34:04,NFD,SDO,194.8,LI_10GbE_aggregation_backhaul,10.0,1.2148,1.3777,42.56
SDO_NFD_022,0,2026-06-18 17:35:45,NFD,SDO,897.4,LI_10GbE_aggregation_backhaul,10.0,1.1513,1.3107,44.96
SDO_NFD_023,0,2026-06-18 17:38:03,NFD,SDO,331.1,LI_10GbE_aggregation_backhaul,10.0,1.1312,1.3984,45.29
SDO_NFD_024,1,2026-06-19 01:38:18,NFD,SDO,1218.6,LI_10GbE_aggregation_backhaul,10.0,1.2193,1.4501,45.88
SDO_NFD_025,1,2026-06-19 01:39:11,NFD,SDO,602.7,LI_10GbE_aggregation_backhaul,10.0,1.1585,1.5097,46.01
SDO_NFD_026,1,2026-06-19 01:40:10,NFD,SDO,1642.6,LI_10GbE_aggregation_backhaul,10.0,1.2452,1.4348,46.08
SDO_NFD_027,1,2026-06-19 01:41:00,NFD,SDO,672.8,LI_10GbE_aggregation_backhaul,10.0,1.2004,1.4425,47.4
SDO_NFD_028,1,2026-06-19 01:42:57,NFD,SDO,1518.2,LI_10GbE_aggregation_backhaul,10.0,1.24,1.3128,45.01
SDO_NFD_029,1,2026-06-19 01:44:20,NFD,SDO,1422.7,LI_10GbE_aggregation_backhaul,10.0,1.1969,1.2614,44.29
SDO_NFD_030,1,2026-06-19 01:49:12,NFD,SDO,377.0,LI_10GbE_aggregation_backhaul,10.0,1.1547,1.414,46.47
SDO_NFD_031,1,2026-06-19 01:54:29,NFD,SDO,156.0,LI_10GbE_aggregation_backhaul,10.0,1.0835,1.6114,47.91
SDO_NFD_032,1,2026-06-19 01:57:30,NFD,SDO,408.9,LI_10GbE_aggregation_backhaul,10.0,1.1581,1.3865,46.27
SDO_NFD_033,1,2026-06-19 01:58:15,NFD,SDO,1125.0,LI_10GbE_aggregation_backhaul,10.0,1.2442,1.3227,43.75
SDO_NFD_034,1,2026-06-19 02:00:58,NFD,SDO,1684.3,LI_10GbE_aggregation_backhaul,10.0,1.1757,1.1921,46.64
SDO_NFD_035,1,2026-06-19 02:08:55,NFD,SDO,1397.1,LI_10GbE_aggregation_backhaul,10.0,1.2329,1.4465,45.4
SDO_NFD_036,1,2026-06-19 02:12:25,NFD,SDO,188.3,LI_10GbE_aggregation_backhaul,10.0,1.2417,1.315,47.88
SDO_NFD_037,1,2026-06-19 02:18:37,NFD,SDO,1214.4,LI_10GbE_aggregation_backhaul,10.0,1.1278,1.343,45.64
SDO_NFD_038,1,2026-06-19 02:19:17,NFD,SDO,696.6,LI_10GbE_aggregation_backhaul,10.0,1.1776,1.4181,46.67
SDO_NFD_039,1,2026-06-19 02:21:28,NFD,SDO,1343.0,LI_10GbE_aggregation_backhaul,10.0,1.1894,1.4511,49.05
SDO_NFD_040,2,2026-06-20 08:08:22,NFD,SDO,1952.9,LI_10GbE_aggregation_backhaul,10.0,1.2369,1.5389,46.36
SDO_NFD_041,2,2026-06-20 08:11:45,NFD,SDO,1763.0,LI_10GbE_aggregation_backhaul,10.0,1.2427,1.4797,45.86
SDO_NFD_042,2,2026-06-20 08:13:03,NFD,SDO,1544.7,LI_10GbE_aggregation_backhaul,10.0,1.1462,1.4325,45.44
SDO_NFD_043,2,2026-06-20 08:15:30,NFD,SDO,1240.0,LI_10GbE_aggregation_backhaul,10.0,1.2034,1.3707,44.2
SDO_NFD_044,2,2026-06-20 08:16:09,NFD,SDO,896.6,LI_10GbE_aggregation_backhaul,10.0,1.1898,1.2763,47.4
SDO_NFD_045,2,2026-06-20 08:17:20,NFD,SDO,1818.7,LI_10GbE_aggregation_backhaul,10.0,1.1313,1.3507,42.89
SDO_NFD_046,2,2026-06-20 08:20:19,NFD,SDO,502.8,LI_10GbE_aggregation_backhaul,10.0,1.2221,1.4538,44.58
SDO_NFD_047,2,2026-06-20 08:22:44,NFD,SDO,610.2,LI_10GbE_aggregation_backhaul,10.0,1.2481,1.1974,43.75
SDO_NFD_048,2,2026-06-20 08:24:26,NFD,SDO,1353.6,LI_10GbE_aggregation_backhaul,10.0,1.1334,1.3649,47.22
SDO_NFD_049,2,2026-06-20 08:27:56,NFD,SDO,315.4,LI_10GbE_aggregation_backhaul,10.0,1.2031,1.5047,51.76
SDO_NFD_050,2,2026-06-20 08:32:27,NFD,SDO,707.0,LI_10GbE_aggregation_backhaul,10.0,1.1477,1.4498,43.22
SDO_NFD_051,2,2026-06-20 08:35:21,NFD,SDO,358.0,LI_10GbE_aggregation_backhaul,10.0,1.2205,1.3491,47.73
SDO_NFD_052,2,2026-06-20 08:39:15,NFD,SDO,173.7,LI_10GbE_aggregation_backhaul,10.0,1.222,1.3435,45.99
SDO_NFD_053,2,2026-06-20 08:44:02,NFD,SDO,1531.8,LI_10GbE_aggregation_backhaul,10.0,1.1615,1.4251,51.19
SDO_NFD_054,2,2026-06-20 08:47:09,NFD,SDO,1570.6,LI_10GbE_aggregation_backhaul,10.0,1.1682,1.3516,40.6
SDO_NFD_055,2,2026-06-20 08:48:16,NFD,SDO,1755.9,LI_10GbE_aggregation_backhaul,10.0,1.2439,1.4182,44.08
SDO_NFD_056,2,2026-06-20 08:48:52,NFD,SDO,1790.1,LI_10GbE_aggregation_backhaul,10.0,1.1676,1.5217,47.55
SDO_NFD_057,2,2026-06-20 08:51:59,NFD,SDO,325.3,LI_10GbE_aggregation_backhaul,10.0,1.2204,1.3495,46.23
SDO_NFD_058,2,2026-06-20 08:53:16,NFD,SDO,1188.9,LI_10GbE_aggregation_backhaul,10.0,1.1057,1.3238,47.23
SDO_NFD_059,3,2026-06-20 12:27:51,NFD,SDO,1420.4,LI_10GbE_aggregation_backhaul,10.0,1.1054,1.4494,41.73
SDO_NFD_060,3,2026-06-20 12:29:31,NFD,SDO,916.6,LI_10GbE_aggregation_backhaul,10.0,1.2083,1.388,45.07
SDO_NFD_061,3,2026-06-20 12:32:07,NFD,SDO,1472.4,LI_10GbE_aggregation_backhaul,10.0,1.1738,1.294,44.27
SDO_NFD_062,3,2026-06-20 12:33:13,NFD,SDO,1818.8,LI_10GbE_aggregation_backhaul,10.0,1.1513,1.204,51.08
SDO_NFD_063,3,2026-06-20 12:35:20,NFD,SDO,256.7,LI_10GbE_aggregation_backhaul,10.0,1.1191,1.5118,46.7
SDO_NFD_064,3,2026-06-20 12:36:01,NFD,SDO,396.8,LI_10GbE_aggregation_backhaul,10.0,1.1717,1.5254,46.79
SDO_NFD_065,3,2026-06-20 12:38:15,NFD,SDO,680.8,LI_10GbE_aggregation_backhaul,10.0,1.1093,1.349,45.19
SDO_NFD_066,3,2026-06-20 12:40:17,NFD,SDO,395.9,LI_10GbE_aggregation_backhaul,10.0,1.1556,1.4031,49.45
SDO_NFD_067,3,2026-06-20 12:41:32,NFD,SDO,338.7,LI_10GbE_aggregation_backhaul,10.0,1.1894,1.3799,46.12
SDO_NFD_068,3,2026-06-20 12:42:09,NFD,SDO,332.4,LI_10GbE_aggregation_backhaul,10.0,1.1505,1.4017,46.71
SDO_NFD_069,3,2026-06-20 12:43:26,NFD,SDO,1707.9,LI_10GbE_aggregation_backhaul,10.0,1.099,1.5101,43.62
SDO_NFD_070,3,2026-06-20 12:44:54,NFD,SDO,1321.3,LI_10GbE_aggregation_backhaul,10.0,1.095,1.4038,48.18
SDO_NFD_071,3,2026-06-20 12:46:13,NFD,SDO,1110.2,LI_10GbE_aggregation_backhaul,10.0,1.1425,1.3555,48.05
SDO_NFD_072,3,2026-06-20 12:51:05,NFD,SDO,1266.9,LI_10GbE_aggregation_backhaul,10.0,1.0729,1.3933,43.29
SDO_NFD_073,3,2026-06-20 12:55:31,NFD,SDO,1936.1,LI_10GbE_aggregation_backhaul,10.0,1.1932,1.3798,43.9
SDO_NFD_074,3,2026-06-20 12:56:28,NFD,SDO,1701.1,LI_10GbE_aggregation_backhaul,10.0,1.1319,1.4271,46.6
SDO_NFD_075,3,2026-06-20 12:58:04,NFD,SDO,945.4,LI_10GbE_aggregation_backhaul,10.0,1.135,1.3458,45.26
SDO_NFD_076,4,2026-06-21 07:50:51,NFD,SDO,1271.0,LI_10GbE_aggregation_backhaul,10.0,1.1843,1.3586,45.06
SDO_NFD_077,4,2026-06-21 07:55:02,NFD,SDO,1012.0,LI_10GbE_aggregation_backhaul,10.0,1.1673,1.5835,47.61
SDO_NFD_078,4,2026-06-21 07:57:13,NFD,SDO,442.9,LI_10GbE_aggregation_backhaul,10.0,1.2568,1.4787,48.94
SDO_NFD_079,4,2026-06-21 08:01:53,NFD,SDO,1715.9,LI_10GbE_aggregation_backhaul,10.0,1.1717,1.4886,47.19
SDO_NFD_080,4,2026-06-21 08:03:50,NFD,SDO,688.0,LI_10GbE_aggregation_backhaul,10.0,1.1492,1.6154,46.13
SDO_NFD_081,4,2026-06-21 08:04:21,NFD,SDO,543.6,LI_10GbE_aggregation_backhaul,10.0,1.2451,1.4158,48.18
SDO_NFD_082,4,2026-06-21 08:05:51,NFD,SDO,1179.5,LI_10GbE_aggregation_backhaul,10.0,1.1701,1.3968,46.7
SDO_NFD_083,4,2026-06-21 08:06:47,NFD,SDO,1961.8,LI_10GbE_aggregation_backhaul,10.0,1.264,1.4462,46.48
SDO_NFD_084,4,2026-06-21 08:07:49,NFD,SDO,441.9,LI_10GbE_aggregation_backhaul,10.0,1.2305,1.3301,48.26
SDO_NFD_085,4,2026-06-21 08:09:54,NFD,SDO,1792.9,LI_10GbE_aggregation_backhaul,10.0,1.1817,1.3349,50.75
SDO_NFD_086,4,2026-06-21 08:12:31,NFD,SDO,984.7,LI_10GbE_aggregation_backhaul,10.0,1.2041,1.3262,50.61
SDO_NFD_087,4,2026-06-21 08:13:56,NFD,SDO,462.6,LI_10GbE_aggregation_backhaul,10.0,1.1576,1.4655,47.79
SDO_NFD_088,4,2026-06-21 08:15:03,NFD,SDO,625.9,LI_10GbE_aggregation_backhaul,10.0,1.1535,1.2831,46.61
SDO_NFD_089,4,2026-06-21 08:17:20,NFD,SDO,1479.4,LI_10GbE_aggregation_backhaul,10.0,1.2482,1.4161,47.4
SDO_NFD_090,4,2026-06-21 08:19:02,NFD,SDO,1964.2,LI_10GbE_aggregation_backhaul,10.0,1.1855,1.3998,48.01
SDO_NFD_091,4,2026-06-21 08:19:49,NFD,SDO,1708.6,LI_10GbE_aggregation_backhaul,10.0,1.1933,1.545,48.99
SDO_NFD_092,4,2026-06-21 08:20:37,NFD,SDO,1885.5,LI_10GbE_aggregation_backhaul,10.0,1.1805,1.3788,46.83
SDO_NFD_093,4,2026-06-21 08:23:19,NFD,SDO,1827.4,LI_10GbE_aggregation_backhaul,10.0,1.2062,1.4928,47.23
SDO_NFD_094,4,2026-06-21 08:25:58,NFD,SDO,274.8,LI_10GbE_aggregation_backhaul,10.0,1.1889,1.4837,48.11
SDO_NFD_095,4,2026-06-21 08:28:20,NFD,SDO,171.4,LI_10GbE_aggregation_backhaul,10.0,1.2039,1.4759,44.94
SDO_NFD_096,4,2026-06-21 08:29:47,NFD,SDO,466.0,LI_10GbE_aggregation_backhaul,10.0,1.204,1.5428,47.21
SDO_NFD_097,4,2026-06-21 08:31:58,NFD,SDO,714.9,LI_10GbE_aggregation_backhaul,10.0,1.2595,1.267,47.98
SDO_NFD_098,4,2026-06-21 08:35:00,NFD,SDO,1585.6,LI_10GbE_aggregation_backhaul,10.0,1.1824,1.4488,49.21
SDO_NFD_099,4,2026-06-21 08:36:20,NFD,SDO,587.1,LI_10GbE_aggregation_backhaul,10.0,1.1986,1.3813,47.95
SDO_NFD_100,4,2026-06-21 08:40:23,NFD,SDO,932.0,LI_10GbE_aggregation_backhaul,10.0,1.2084,1.381,45.87
SDO_NFD_101,4,2026-06-21 08:41:57,NFD,SDO,373.2,LI_10GbE_aggregation_backhaul,10.0,1.1646,1.5291,44.36
SDO_NFD_102,4,2026-06-21 08:45:52,NFD,SDO,1155.9,LI_10GbE_aggregation_backhaul,10.0,1.2243,1.364,45.28
SDO_NFD_103,4,2026-06-21 08:47:18,NFD,SDO,1495.6,LI_10GbE_aggregation_backhaul,10.0,1.1987,1.3552,43.94
SDO_NFD_104,4,2026-06-21 08:49:27,NFD,SDO,775.0,LI_10GbE_aggregation_backhaul,10.0,1.1796,1.5202,44.44
SDO_NFD_105,4,2026-06-21 08:51:32,NFD,SDO,1448.1,LI_10GbE_aggregation_backhaul,10.0,1.1713,1.2523,45.29
SDO_NFD_106,4,2026-06-21 08:54:03,NFD,SDO,1369.3,LI_10GbE_aggregation_backhaul,10.0,1.1998,1.5313,45.73
SDO_NFD_107,4,2026-06-21 08:58:38,NFD,SDO,1383.4,LI_10GbE_aggregation_backhaul,10.0,1.2126,1.3236,48.36
SDO_NFD_108,5,2026-06-23 14:33:10,NFD,SDO,1484.7,LI_10GbE_aggregation_backhaul,10.0,1.1909,1.5418,45.29
SDO_NFD_109,5,2026-06-23 14:34:31,NFD,SDO,658.5,LI_10GbE_aggregation_backhaul,10.0,1.2036,1.3146,45.44
SDO_NFD_110,5,2026-06-23 14:36:13,NFD,SDO,1548.4,LI_10GbE_aggregation_backhaul,10.0,1.161,1.4268,46.22
SDO_NFD_111,5,2026-06-23 14:39:59,NFD,SDO,1846.7,LI_10GbE_aggregation_backhaul,10.0,1.2301,1.4041,43.99
SDO_NFD_112,5,2026-06-23 14:43:40,NFD,SDO,669.6,LI_10GbE_aggregation_backhaul,10.0,1.1789,1.3873,42.93
SDO_NFD_113,5,2026-06-23 14:45:09,NFD,SDO,246.7,LI_10GbE_aggregation_backhaul,10.0,1.22,1.4238,44.33
SDO_NFD_114,5,2026-06-23 14:47:21,NFD,SDO,1396.4,LI_10GbE_aggregation_backhaul,10.0,1.1616,1.3778,43.44
SDO_NFD_115,5,2026-06-23 14:49:20,NFD,SDO,1674.4,LI_10GbE_aggregation_backhaul,10.0,1.2215,1.4753,49.5
SDO_NFD_116,5,2026-06-23 14:50:32,NFD,SDO,177.4,LI_10GbE_aggregation_backhaul,10.0,1.1775,1.4331,49.49
SDO_NFD_117,5,2026-06-23 14:54:27,NFD,SDO,1345.4,LI_10GbE_aggregation_backhaul,10.0,1.146,1.2385,45.72
SDO_NFD_118,5,2026-06-23 14:54:56,NFD,SDO,256.8,LI_10GbE_aggregation_backhaul,10.0,1.1587,1.1718,46.78
SDO_NFD_119,5,2026-06-23 14:56:09,NFD,SDO,591.1,LI_10GbE_aggregation_backhaul,10.0,1.1847,1.5851,49.56
SDO_NFD_120,5,2026-06-23 14:58:21,NFD,SDO,1190.4,LI_10GbE_aggregation_backhaul,10.0,1.11,1.198,49.46
SDO_NFD_121,5,2026-06-23 15:02:54,NFD,SDO,350.4,LI_10GbE_aggregation_backhaul,10.0,1.1845,1.3832,48.51
SDO_NFD_122,5,2026-06-23 15:05:32,NFD,SDO,1423.9,LI_10GbE_aggregation_backhaul,10.0,1.0974,1.3268,47.8
SDO_NFD_123,5,2026-06-23 15:08:39,NFD,SDO,1596.6,LI_10GbE_aggregation_backhaul,10.0,1.183,1.3235,48.83
SDO_NFD_124,5,2026-06-23 15:10:30,NFD,SDO,543.2,LI_10GbE_aggregation_backhaul,10.0,1.1419,1.3026,43.54
SDO_NFD_125,5,2026-06-23 15:11:37,NFD,SDO,1252.2,LI_10GbE_aggregation_backhaul,10.0,1.1262,1.5648,41.45
SDO_NFD_126,5,2026-06-23 15:13:41,NFD,SDO,1450.4,LI_10GbE_aggregation_backhaul,10.0,1.1521,1.4598,44.13
SDO_NFD_127,5,2026-06-23 15:16:18,NFD,SDO,615.0,LI_10GbE_aggregation_backhaul,10.0,1.2284,1.2866,47.06
SDO_NFD_128,5,2026-06-23 15:19:45,NFD,SDO,1383.7,LI_10GbE_aggregation_backhaul,10.0,1.2465,1.4348,43.89
SDO_NFD_129,5,2026-06-23 15:22:50,NFD,SDO,1783.3,LI_10GbE_aggregation_backhaul,10.0,1.1607,1.3927,44.95
SDO_NFD_130,5,2026-06-23 15:24:12,NFD,SDO,1518.7,LI_10GbE_aggregation_backhaul,10.0,1.2355,1.5537,45.96
SDO_NFD_131,5,2026-06-23 15:26:28,NFD,SDO,464.1,LI_10GbE_aggregation_backhaul,10.0,1.1882,1.3833,45.81
SDO_NFD_132,5,2026-06-23 15:29:09,NFD,SDO,1704.9,LI_10GbE_aggregation_backhaul,10.0,1.2486,1.2388,43.51
SDO_NFD_133,5,2026-06-23 15:32:14,NFD,SDO,1357.0,LI_10GbE_aggregation_backhaul,10.0,1.1799,1.5286,45.46
SDO_NFD_134,5,2026-06-23 15:36:05,NFD,SDO,536.3,LI_10GbE_aggregation_backhaul,10.0,1.2062,1.5375,48.12
SDO_NFD_135,5,2026-06-23 15:38:10,NFD,SDO,414.0,LI_10GbE_aggregation_backhaul,10.0,1.1353,1.5449,47.41
SDO_NFD_136,5,2026-06-23 15:40:20,NFD,SDO,192.8,LI_10GbE_aggregation_backhaul,10.0,1.2287,1.4417,45.95
SDO_NFD_137,5,2026-06-23 15:44:36,NFD,SDO,1723.5,LI_10GbE_aggregation_backhaul,10.0,1.2127,1.2219,45.51
SDO_NFD_138,5,2026-06-23 15:47:31,NFD,SDO,1869.9,LI_10GbE_aggregation_backhaul,10.0,1.2266,1.2824,49.48
SDO_NFD_139,5,2026-06-23 15:52:02,NFD,SDO,1579.1,LI_10GbE_aggregation_backhaul,10.0,1.2451,1.343,50.0
SDO_NFD_140,5,2026-06-23 15:53:54,NFD,SDO,836.2,LI_10GbE_aggregation_backhaul,10.0,1.1648,1.3817,43.71
SDO_NFD_141,5,2026-06-23 15:58:12,NFD,SDO,1378.1,LI_10GbE_aggregation_backhaul,10.0,1.1966,1.3313,44.55
SDO_NFD_142,5,2026-06-23 16:02:40,NFD,SDO,551.9,LI_10GbE_aggregation_backhaul,10.0,1.1042,1.4137,44.8
SDO_NFD_143,6,2026-06-25 19:01:35,NFD,SDO,1245.5,LI_10GbE_aggregation_backhaul,10.0,1.1537,1.2847,47.84
SDO_NFD_144,6,2026-06-25 19:04:08,NFD,SDO,292.8,LI_10GbE_aggregation_backhaul,10.0,1.1401,1.3284,46.38
SDO_NFD_145,6,2026-06-25 19:06:25,NFD,SDO,589.5,LI_10GbE_aggregation_backhaul,10.0,1.2243,1.3089,45.66
SDO_NFD_146,6,2026-06-25 19:07:28,NFD,SDO,1130.3,LI_10GbE_aggregation_backhaul,10.0,1.2147,1.3572,50.41
SDO_NFD_147,6,2026-06-25 19:09:57,NFD,SDO,1252.2,LI_10GbE_aggregation_backhaul,10.0,1.2073,1.2443,47.53
SDO_NFD_148,6,2026-06-25 19:15:02,NFD,SDO,1885.4,LI_10GbE_aggregation_backhaul,10.0,1.1982,1.5546,44.51
SDO_NFD_149,6,2026-06-25 19:16:30,NFD,SDO,298.7,LI_10GbE_aggregation_backhaul,10.0,1.2789,1.2873,46.46
SDO_NFD_150,6,2026-06-25 19:18:11,NFD,SDO,1652.3,LI_10GbE_aggregation_backhaul,10.0,1.2282,1.3168,46.13
