run_id,session_id,timestamp,implementation,concurrent_clients,throughput_pct_of_max
SCALE_C_PythonNDN_10_001,0,2026-08-10 12:00:00,PythonNDN,10,100.0
SCALE_C_PythonNDN_10_002,0,2026-08-10 12:03:24,PythonNDN,10,100.0
SCALE_C_PythonNDN_10_003,0,2026-08-10 12:07:02,PythonNDN,10,100.0
SCALE_C_PythonNDN_10_004,0,2026-08-10 12:08:17,PythonNDN,10,99.59
SCALE_C_PythonNDN_10_005,0,2026-08-10 12:10:03,PythonNDN,10,100.0
SCALE_C_PythonNDN_10_006,0,2026-08-10 12:14:34,PythonNDN,10,100.0
SCALE_C_PythonNDN_10_007,0,2026-08-10 12:15:48,PythonNDN,10,96.087
SCALE_C_PythonNDN_10_008,0,2026-08-10 12:17:02,PythonNDN,10,100.0
SCALE_C_PythonNDN_10_009,0,2026-08-10 12:20:59,PythonNDN,10,97.046
SCALE_C_PythonNDN_10_010,0,2026-08-10 12:24:04,PythonNDN,10,100.0
SCALE_C_PythonNDN_10_011,0,2026-08-10 12:32:02,PythonNDN,10,99.442
SCALE_C_PythonNDN_10_012,0,2026-08-10 12:34:05,PythonNDN,10,98.94
SCALE_C_PythonNDN_10_013,0,2026-08-10 12:38:00,PythonNDN,10,100.0
SCALE_C_PythonNDN_10_014,0,2026-08-10 12:40:29,PythonNDN,10,94.632
SCALE_C_PythonNDN_10_015,0,2026-08-10 12:41:27,PythonNDN,10,98.918
SCALE_C_PythonNDN_10_016,0,2026-08-10 12:42:31,PythonNDN,10,98.806
SCALE_C_PythonNDN_10_017,0,2026-08-10 12:45:51,PythonNDN,10,97.187
SCALE_C_PythonNDN_10_018,0,2026-08-10 12:46:21,PythonNDN,10,100.0
SCALE_C_PythonNDN_10_019,0,2026-08-10 12:48:46,PythonNDN,10,95.93
SCALE_C_PythonNDN_10_020,0,2026-08-10 12:50:21,PythonNDN,10,98.674
SCALE_C_PythonNDN_10_021,0,2026-08-10 12:53:53,PythonNDN,10,97.114
SCALE_C_PythonNDN_10_022,0,2026-08-10 12:55:52,PythonNDN,10,100.0
SCALE_C_PythonNDN_10_023,0,2026-08-10 12:57:28,PythonNDN,10,99.352
SCALE_C_PythonNDN_10_024,0,2026-08-10 12:58:01,PythonNDN,10,99.388
SCALE_C_PythonNDN_10_025,0,2026-08-10 13:02:53,PythonNDN,10,100.0
SCALE_C_PythonNDN_10_026,0,2026-08-10 13:04:31,PythonNDN,10,100.0
SCALE_C_PythonNDN_10_027,0,2026-08-10 13:06:47,PythonNDN,10,96.662
SCALE_C_PythonNDN_10_028,1,2026-08-10 20:31:45,PythonNDN,10,100.0
SCALE_C_PythonNDN_10_029,1,2026-08-10 20:35:03,PythonNDN,10,100.0
SCALE_C_PythonNDN_10_030,1,2026-08-10 20:37:35,PythonNDN,10,98.633
SCALE_C_PythonNDN_10_031,1,2026-08-10 20:39:15,PythonNDN,10,100.0
SCALE_C_PythonNDN_10_032,1,2026-08-10 20:42:54,PythonNDN,10,97.926
SCALE_C_PythonNDN_10_033,1,2026-08-10 20:43:41,PythonNDN,10,95.96
SCALE_C_PythonNDN_10_034,1,2026-08-10 20:46:48,PythonNDN,10,100.0
SCALE_C_PythonNDN_10_035,1,2026-08-10 20:47:45,PythonNDN,10,100.0
SCALE_C_PythonNDN_10_036,1,2026-08-10 20:51:31,PythonNDN,10,100.0
SCALE_C_PythonNDN_10_037,1,2026-08-10 20:52:18,PythonNDN,10,100.0
SCALE_C_PythonNDN_10_038,1,2026-08-10 20:54:07,PythonNDN,10,91.845
SCALE_C_PythonNDN_10_039,1,2026-08-10 20:55:36,PythonNDN,10,98.257
SCALE_C_PythonNDN_10_040,1,2026-08-10 20:57:15,PythonNDN,10,100.0
SCALE_C_PythonNDN_10_041,1,2026-08-10 20:58:08,PythonNDN,10,96.957
SCALE_C_PythonNDN_10_042,1,2026-08-10 20:59:05,PythonNDN,10,95.845
SCALE_C_PythonNDN_10_043,1,2026-08-10 21:00:46,PythonNDN,10,100.0
SCALE_C_PythonNDN_10_044,1,2026-08-10 21:04:13,PythonNDN,10,98.064
SCALE_C_uDCN_10_001,0,2026-08-11 14:00:00,uDCN,10,94.734
SCALE_C_uDCN_10_002,0,2026-08-11 14:00:41,uDCN,10,99.684
SCALE_C_uDCN_10_003,0,2026-08-11 14:02:05,uDCN,10,97.21
SCALE_C_uDCN_10_004,0,2026-08-11 14:03:38,uDCN,10,100.0
SCALE_C_uDCN_10_005,0,2026-08-11 14:08:43,uDCN,10,96.621
SCALE_C_uDCN_10_006,0,2026-08-11 14:10:23,uDCN,10,98.129
SCALE_C_uDCN_10_007,0,2026-08-11 14:13:09,uDCN,10,97.766
SCALE_C_uDCN_10_008,0,2026-08-11 14:17:20,uDCN,10,97.828
SCALE_C_uDCN_10_009,0,2026-08-11 14:18:49,uDCN,10,99.925
SCALE_C_uDCN_10_010,0,2026-08-11 14:21:10,uDCN,10,100.0
SCALE_C_uDCN_10_011,0,2026-08-11 14:24:18,uDCN,10,95.177
SCALE_C_uDCN_10_012,0,2026-08-11 14:26:11,uDCN,10,97.702
SCALE_C_uDCN_10_013,0,2026-08-11 14:28:56,uDCN,10,99.163
SCALE_C_uDCN_10_014,0,2026-08-11 14:31:02,uDCN,10,100.0
SCALE_C_uDCN_10_015,0,2026-08-11 14:33:21,uDCN,10,100.0
SCALE_C_uDCN_10_016,0,2026-08-11 14:34:06,uDCN,10,98.961
SCALE_C_uDCN_10_017,0,2026-08-11 14:39:31,uDCN,10,100.0
SCALE_C_uDCN_10_018,0,2026-08-11 14:40:27,uDCN,10,100.0
SCALE_C_uDCN_10_019,0,2026-08-11 14:42:57,uDCN,10,100.0
SCALE_C_uDCN_10_020,0,2026-08-11 14:45:51,uDCN,10,99.014
SCALE_C_uDCN_10_021,0,2026-08-11 14:47:21,uDCN,10,99.146
SCALE_C_uDCN_10_022,0,2026-08-11 14:56:11,uDCN,10,96.72
SCALE_C_uDCN_10_023,0,2026-08-11 14:58:17,uDCN,10,100.0
SCALE_C_uDCN_10_024,0,2026-08-11 15:03:31,uDCN,10,100.0
SCALE_C_uDCN_10_025,0,2026-08-11 15:04:50,uDCN,10,99.098
SCALE_C_uDCN_10_026,0,2026-08-11 15:05:35,uDCN,10,99.447
SCALE_C_uDCN_10_027,0,2026-08-11 15:12:56,uDCN,10,100.0
SCALE_C_uDCN_10_028,0,2026-08-11 15:15:19,uDCN,10,100.0
SCALE_C_uDCN_10_029,0,2026-08-11 15:16:52,uDCN,10,100.0
SCALE_C_uDCN_10_030,0,2026-08-11 15:18:42,uDCN,10,100.0
SCALE_C_uDCN_10_031,0,2026-08-11 15:23:40,uDCN,10,98.297
SCALE_C_uDCN_10_032,0,2026-08-11 15:26:29,uDCN,10,98.125
SCALE_C_uDCN_10_033,0,2026-08-11 15:28:39,uDCN,10,100.0
SCALE_C_NFD_5000_001,0,2026-08-12 14:00:00,NFD,5000,39.737
SCALE_C_NFD_5000_002,0,2026-08-12 14:01:44,NFD,5000,36.813
SCALE_C_NFD_5000_003,0,2026-08-12 14:03:47,NFD,5000,37.425
SCALE_C_NFD_5000_004,0,2026-08-12 14:07:23,NFD,5000,37.605
SCALE_C_NFD_5000_005,0,2026-08-12 14:09:18,NFD,5000,37.859
SCALE_C_NFD_5000_006,0,2026-08-12 14:10:43,NFD,5000,39.503
SCALE_C_NFD_5000_007,0,2026-08-12 14:14:17,NFD,5000,38.121
SCALE_C_NFD_5000_008,0,2026-08-12 14:16:25,NFD,5000,36.702
SCALE_C_NFD_5000_009,0,2026-08-12 14:18:09,NFD,5000,39.707
SCALE_C_NFD_5000_010,0,2026-08-12 14:22:57,NFD,5000,37.646
SCALE_C_NFD_5000_011,0,2026-08-12 14:23:52,NFD,5000,38.237
SCALE_C_NFD_5000_012,0,2026-08-12 14:26:16,NFD,5000,36.609
SCALE_C_NFD_5000_013,0,2026-08-12 14:28:01,NFD,5000,37.806
SCALE_C_NFD_5000_014,0,2026-08-12 14:29:30,NFD,5000,39.091
SCALE_C_NFD_5000_015,0,2026-08-12 14:31:28,NFD,5000,38.455
SCALE_C_NFD_5000_016,0,2026-08-12 14:32:56,NFD,5000,37.682
SCALE_C_NFD_5000_017,0,2026-08-12 14:36:27,NFD,5000,38.12
SCALE_C_NFD_5000_018,0,2026-08-12 14:39:22,NFD,5000,36.596
SCALE_C_NFD_5000_019,0,2026-08-12 14:41:36,NFD,5000,36.627
SCALE_C_NFD_5000_020,0,2026-08-12 14:42:17,NFD,5000,38.78
SCALE_C_NFD_5000_021,0,2026-08-12 14:43:56,NFD,5000,38.008
SCALE_C_NFD_5000_022,1,2026-08-12 18:21:07,NFD,5000,37.032
SCALE_C_NFD_5000_023,1,2026-08-12 18:22:44,NFD,5000,37.063
SCALE_C_NFD_5000_024,1,2026-08-12 18:24:40,NFD,5000,36.81
SCALE_C_NFD_5000_025,1,2026-08-12 18:27:08,NFD,5000,35.904
SCALE_C_NFD_5000_026,1,2026-08-12 18:29:07,NFD,5000,39.032
SCALE_C_NFD_5000_027,1,2026-08-12 18:31:43,NFD,5000,35.48
SCALE_C_NFD_5000_028,1,2026-08-12 18:34:57,NFD,5000,37.86
SCALE_C_NFD_5000_029,1,2026-08-12 18:35:39,NFD,5000,40.436
SCALE_C_NFD_5000_030,1,2026-08-12 18:38:51,NFD,5000,39.019
SCALE_C_NFD_5000_031,1,2026-08-12 18:43:07,NFD,5000,37.66
SCALE_C_NFD_5000_032,1,2026-08-12 18:44:39,NFD,5000,37.7
SCALE_C_NFD_5000_033,1,2026-08-12 18:46:11,NFD,5000,36.692
SCALE_C_NFD_5000_034,1,2026-08-12 18:48:09,NFD,5000,38.858
SCALE_C_NFD_5000_035,1,2026-08-12 18:51:47,NFD,5000,36.74
SCALE_C_NFD_5000_036,1,2026-08-12 18:54:15,NFD,5000,37.831
SCALE_C_NFD_5000_037,1,2026-08-12 18:59:30,NFD,5000,38.519
SCALE_C_NFD_5000_038,1,2026-08-12 19:01:31,NFD,5000,37.462
SCALE_C_NFD_5000_039,1,2026-08-12 19:05:08,NFD,5000,38.917
SCALE_C_NFD_5000_040,1,2026-08-12 19:06:54,NFD,5000,36.961
SCALE_C_NFD_5000_041,1,2026-08-12 19:09:05,NFD,5000,37.658
SCALE_C_NFD_5000_042,1,2026-08-12 19:10:39,NFD,5000,39.162
SCALE_C_NFD_5000_043,1,2026-08-12 19:12:06,NFD,5000,39.1
SCALE_C_NFD_5000_044,1,2026-08-12 19:13:49,NFD,5000,38.59
SCALE_C_NFD_5000_045,1,2026-08-12 19:15:45,NFD,5000,37.63
SCALE_C_PythonNDN_1000_001,0,2026-08-13 08:00:00,PythonNDN,1000,15.414
SCALE_C_PythonNDN_1000_002,0,2026-08-13 08:00:38,PythonNDN,1000,15.16
SCALE_C_PythonNDN_1000_003,0,2026-08-13 08:02:24,PythonNDN,1000,14.54
SCALE_C_PythonNDN_1000_004,0,2026-08-13 08:05:05,PythonNDN,1000,14.872
SCALE_C_PythonNDN_1000_005,0,2026-08-13 08:06:22,PythonNDN,1000,14.242
SCALE_C_PythonNDN_1000_006,0,2026-08-13 08:08:59,PythonNDN,1000,14.976
SCALE_C_PythonNDN_1000_007,0,2026-08-13 08:10:58,PythonNDN,1000,15.872
SCALE_C_PythonNDN_1000_008,0,2026-08-13 08:12:49,PythonNDN,1000,14.728
SCALE_C_PythonNDN_1000_009,0,2026-08-13 08:16:36,PythonNDN,1000,14.443
SCALE_C_PythonNDN_1000_010,0,2026-08-13 08:18:13,PythonNDN,1000,14.67
SCALE_C_PythonNDN_1000_011,0,2026-08-13 08:21:59,PythonNDN,1000,15.676
SCALE_C_PythonNDN_1000_012,0,2026-08-13 08:23:11,PythonNDN,1000,15.224
SCALE_C_PythonNDN_1000_013,0,2026-08-13 08:26:54,PythonNDN,1000,15.512
SCALE_C_PythonNDN_1000_014,0,2026-08-13 08:28:42,PythonNDN,1000,14.678
SCALE_C_PythonNDN_1000_015,0,2026-08-13 08:29:24,PythonNDN,1000,16.17
SCALE_C_PythonNDN_1000_016,0,2026-08-13 08:30:18,PythonNDN,1000,14.492
SCALE_C_PythonNDN_1000_017,0,2026-08-13 08:36:02,PythonNDN,1000,14.983
SCALE_C_PythonNDN_1000_018,0,2026-08-13 08:38:58,PythonNDN,1000,15.453
SCALE_C_PythonNDN_1000_019,0,2026-08-13 08:40:29,PythonNDN,1000,14.947
SCALE_C_PythonNDN_1000_020,0,2026-08-13 08:42:46,PythonNDN,1000,15.634
SCALE_C_PythonNDN_1000_021,0,2026-08-13 08:47:40,PythonNDN,1000,15.346
SCALE_C_PythonNDN_1000_022,0,2026-08-13 08:48:38,PythonNDN,1000,14.441
SCALE_C_PythonNDN_1000_023,0,2026-08-13 08:49:27,PythonNDN,1000,15.595
SCALE_C_PythonNDN_1000_024,0,2026-08-13 08:52:10,PythonNDN,1000,14.258
SCALE_C_PythonNDN_1000_025,0,2026-08-13 08:53:50,PythonNDN,1000,15.946
SCALE_C_PythonNDN_1000_026,0,2026-08-13 08:56:31,PythonNDN,1000,14.839
SCALE_C_uDCN_10_034,1,2026-08-13 17:00:51,uDCN,10,98.552
SCALE_C_uDCN_10_035,1,2026-08-13 17:04:24,uDCN,10,100.0
SCALE_C_uDCN_10_036,1,2026-08-13 17:07:26,uDCN,10,98.952
SCALE_C_uDCN_10_037,1,2026-08-13 17:09:22,uDCN,10,99.424
SCALE_C_uDCN_10_038,1,2026-08-13 17:14:04,uDCN,10,100.0
SCALE_C_uDCN_10_039,1,2026-08-13 17:17:18,uDCN,10,97.731
SCALE_C_uDCN_10_040,1,2026-08-13 17:20:51,uDCN,10,98.126
SCALE_C_uDCN_10_041,1,2026-08-13 17:21:58,uDCN,10,100.0
SCALE_C_uDCN_10_042,1,2026-08-13 17:23:17,uDCN,10,95.574
SCALE_C_uDCN_10_043,1,2026-08-13 17:27:30,uDCN,10,100.0
SCALE_C_uDCN_10_044,1,2026-08-13 17:28:59,uDCN,10,100.0
SCALE_C_uDCN_10_045,1,2026-08-13 17:32:29,uDCN,10,98.627
SCALE_C_uDCN_10_046,1,2026-08-13 17:34:01,uDCN,10,100.0
SCALE_C_uDCN_10_047,1,2026-08-13 17:38:28,uDCN,10,97.844
SCALE_C_uDCN_10_048,1,2026-08-13 17:39:58,uDCN,10,92.772
SCALE_C_uDCN_10_049,1,2026-08-13 17:41:25,uDCN,10,100.0
SCALE_C_uDCN_10_050,1,2026-08-13 17:43:17,uDCN,10,100.0
SCALE_C_uDCN_10_051,1,2026-08-13 17:44:27,uDCN,10,94.622
SCALE_C_uDCN_10_052,1,2026-08-13 17:47:57,uDCN,10,100.0
SCALE_C_NFD_5000_046,2,2026-08-13 17:49:13,NFD,5000,39.963
SCALE_C_uDCN_10_053,1,2026-08-13 17:50:03,uDCN,10,100.0
SCALE_C_NFD_5000_047,2,2026-08-13 17:50:12,NFD,5000,39.524
SCALE_C_uDCN_10_054,1,2026-08-13 17:52:27,uDCN,10,100.0
SCALE_C_NFD_5000_048,2,2026-08-13 17:53:17,NFD,5000,39.356
SCALE_C_NFD_5000_049,2,2026-08-13 17:54:40,NFD,5000,39.841
SCALE_C_NFD_5000_050,2,2026-08-13 17:55:42,NFD,5000,37.962
SCALE_C_uDCN_10_055,1,2026-08-13 17:55:46,uDCN,10,100.0
SCALE_C_uDCN_10_056,1,2026-08-13 17:57:19,uDCN,10,100.0
SCALE_C_NFD_5000_051,2,2026-08-13 17:59:38,NFD,5000,38.854
SCALE_C_NFD_5000_052,2,2026-08-13 18:01:24,NFD,5000,38.331
SCALE_C_NFD_5000_053,2,2026-08-13 18:03:45,NFD,5000,38.676
SCALE_C_NFD_5000_054,2,2026-08-13 18:05:26,NFD,5000,38.059
SCALE_C_NFD_5000_055,2,2026-08-13 18:07:18,NFD,5000,37.745
SCALE_C_NFD_5000_056,2,2026-08-13 18:09:25,NFD,5000,36.238
SCALE_C_NFD_5000_057,2,2026-08-13 18:11:25,NFD,5000,39.653
SCALE_C_NFD_5000_058,2,2026-08-13 18:17:10,NFD,5000,38.614
SCALE_C_NFD_5000_059,2,2026-08-13 18:18:13,NFD,5000,36.857
SCALE_C_NFD_5000_060,2,2026-08-13 18:18:46,NFD,5000,38.193
SCALE_C_NFD_5000_061,2,2026-08-13 18:19:01,NFD,5000,38.518
SCALE_C_NFD_5000_062,2,2026-08-13 18:23:23,NFD,5000,36.518
SCALE_C_NFD_5000_063,2,2026-08-13 18:28:59,NFD,5000,37.212
SCALE_C_NFD_5000_064,2,2026-08-13 18:31:32,NFD,5000,38.496
SCALE_C_NFD_5000_065,2,2026-08-13 18:33:04,NFD,5000,39.576
SCALE_C_NFD_5000_066,2,2026-08-13 18:36:41,NFD,5000,38.682
SCALE_C_NFD_5000_067,2,2026-08-13 18:39:27,NFD,5000,38.099
SCALE_C_PythonNDN_10_045,2,2026-08-14 03:32:06,PythonNDN,10,95.776
SCALE_C_PythonNDN_10_046,2,2026-08-14 03:37:54,PythonNDN,10,93.73
SCALE_C_PythonNDN_10_047,2,2026-08-14 03:38:45,PythonNDN,10,97.624
SCALE_C_PythonNDN_10_048,2,2026-08-14 03:41:01,PythonNDN,10,100.0
SCALE_C_PythonNDN_10_049,2,2026-08-14 03:41:28,PythonNDN,10,95.982
SCALE_C_PythonNDN_10_050,2,2026-08-14 03:43:20,PythonNDN,10,99.122
SCALE_C_uDCN_10_057,2,2026-08-14 03:43:47,uDCN,10,100.0
SCALE_C_PythonNDN_10_051,2,2026-08-14 03:45:12,PythonNDN,10,94.65
SCALE_C_uDCN_10_058,2,2026-08-14 03:46:32,uDCN,10,94.282
SCALE_C_uDCN_10_059,2,2026-08-14 03:47:08,uDCN,10,95.425
SCALE_C_PythonNDN_10_052,2,2026-08-14 03:47:53,PythonNDN,10,97.96
SCALE_C_uDCN_10_060,2,2026-08-14 03:48:47,uDCN,10,100.0
SCALE_C_uDCN_10_061,2,2026-08-14 03:50:10,uDCN,10,100.0
SCALE_C_uDCN_10_062,2,2026-08-14 03:51:26,uDCN,10,100.0
SCALE_C_PythonNDN_10_053,2,2026-08-14 03:51:52,PythonNDN,10,100.0
SCALE_C_PythonNDN_10_054,2,2026-08-14 03:52:39,PythonNDN,10,96.284
SCALE_C_PythonNDN_10_055,2,2026-08-14 03:53:17,PythonNDN,10,95.432
SCALE_C_uDCN_10_063,2,2026-08-14 03:54:44,uDCN,10,100.0
SCALE_C_PythonNDN_10_056,2,2026-08-14 03:55:18,PythonNDN,10,99.021
SCALE_C_PythonNDN_10_057,2,2026-08-14 03:56:24,PythonNDN,10,88.293
SCALE_C_uDCN_10_064,2,2026-08-14 03:56:53,uDCN,10,94.6
SCALE_C_uDCN_10_065,2,2026-08-14 03:57:16,uDCN,10,94.233
SCALE_C_uDCN_10_066,2,2026-08-14 03:59:25,uDCN,10,97.085
SCALE_C_uDCN_10_067,2,2026-08-14 04:00:10,uDCN,10,100.0
SCALE_C_uDCN_10_068,2,2026-08-14 04:02:32,uDCN,10,100.0
SCALE_C_PythonNDN_10_058,2,2026-08-14 04:03:07,PythonNDN,10,98.469
SCALE_C_uDCN_10_069,2,2026-08-14 04:03:24,uDCN,10,95.859
SCALE_C_PythonNDN_10_059,2,2026-08-14 04:06:45,PythonNDN,10,100.0
SCALE_C_uDCN_10_070,2,2026-08-14 04:08:03,uDCN,10,98.904
SCALE_C_PythonNDN_10_060,2,2026-08-14 04:08:28,PythonNDN,10,100.0
SCALE_C_uDCN_10_071,2,2026-08-14 04:09:59,uDCN,10,99.779
SCALE_C_PythonNDN_10_061,2,2026-08-14 04:10:42,PythonNDN,10,97.543
SCALE_C_PythonNDN_10_062,2,2026-08-14 04:11:52,PythonNDN,10,95.877
SCALE_C_uDCN_10_072,2,2026-08-14 04:13:22,uDCN,10,98.737
SCALE_C_PythonNDN_10_063,2,2026-08-14 04:14:03,PythonNDN,10,100.0
SCALE_C_PythonNDN_10_064,2,2026-08-14 04:17:24,PythonNDN,10,98.468
SCALE_C_uDCN_10_073,2,2026-08-14 04:19:20,uDCN,10,99.577
SCALE_C_uDCN_10_074,2,2026-08-14 04:21:00,uDCN,10,100.0
SCALE_C_PythonNDN_10_065,2,2026-08-14 04:21:19,PythonNDN,10,99.48
SCALE_C_uDCN_10_075,2,2026-08-14 04:21:56,uDCN,10,99.691
SCALE_C_uDCN_10_076,2,2026-08-14 04:24:05,uDCN,10,100.0
SCALE_C_uDCN_10_077,2,2026-08-14 04:25:07,uDCN,10,97.802
SCALE_C_uDCN_10_078,2,2026-08-14 04:29:04,uDCN,10,100.0
SCALE_C_uDCN_10_079,2,2026-08-14 04:31:23,uDCN,10,100.0
SCALE_C_uDCN_10_080,2,2026-08-14 04:35:08,uDCN,10,99.507
SCALE_C_uDCN_10_081,2,2026-08-14 04:37:35,uDCN,10,100.0
SCALE_C_uDCN_10_082,2,2026-08-14 04:40:25,uDCN,10,100.0
SCALE_C_uDCN_10_083,2,2026-08-14 04:42:46,uDCN,10,97.252
SCALE_C_uDCN_10_084,2,2026-08-14 04:43:08,uDCN,10,100.0
SCALE_C_uDCN_10_085,2,2026-08-14 04:45:09,uDCN,10,95.456
SCALE_C_uDCN_10_086,2,2026-08-14 04:46:04,uDCN,10,95.39
SCALE_C_uDCN_10_087,2,2026-08-14 04:48:20,uDCN,10,97.036
SCALE_C_PythonNDN_1000_027,1,2026-08-14 09:14:32,PythonNDN,1000,14.495
SCALE_C_PythonNDN_1000_028,1,2026-08-14 09:16:39,PythonNDN,1000,14.95
SCALE_C_NFD_5000_068,3,2026-08-14 09:16:48,NFD,5000,42.235
SCALE_C_PythonNDN_1000_029,1,2026-08-14 09:18:36,PythonNDN,1000,14.89
SCALE_C_NFD_5000_069,3,2026-08-14 09:19:05,NFD,5000,37.561
SCALE_C_NFD_5000_070,3,2026-08-14 09:20:05,NFD,5000,40.044
SCALE_C_NFD_5000_071,3,2026-08-14 09:20:17,NFD,5000,36.835
SCALE_C_NFD_5000_072,3,2026-08-14 09:21:02,NFD,5000,38.772
SCALE_C_NFD_5000_073,3,2026-08-14 09:21:51,NFD,5000,39.113
SCALE_C_NFD_5000_074,3,2026-08-14 09:23:06,NFD,5000,38.172
SCALE_C_PythonNDN_1000_030,1,2026-08-14 09:24:50,PythonNDN,1000,15.273
SCALE_C_NFD_5000_075,3,2026-08-14 09:26:03,NFD,5000,36.799
SCALE_C_PythonNDN_1000_031,1,2026-08-14 09:27:22,PythonNDN,1000,15.317
SCALE_C_NFD_5000_076,3,2026-08-14 09:28:40,NFD,5000,37.616
SCALE_C_PythonNDN_1000_032,1,2026-08-14 09:30:37,PythonNDN,1000,14.863
SCALE_C_NFD_5000_077,3,2026-08-14 09:30:44,NFD,5000,38.218
SCALE_C_PythonNDN_1000_033,1,2026-08-14 09:33:19,PythonNDN,1000,14.855
SCALE_C_NFD_5000_078,3,2026-08-14 09:34:08,NFD,5000,39.495
SCALE_C_PythonNDN_1000_034,1,2026-08-14 09:34:18,PythonNDN,1000,14.809
SCALE_C_PythonNDN_1000_035,1,2026-08-14 09:36:36,PythonNDN,1000,15.619
SCALE_C_NFD_5000_079,3,2026-08-14 09:37:02,NFD,5000,35.763
SCALE_C_NFD_5000_080,3,2026-08-14 09:38:27,NFD,5000,38.762
SCALE_C_PythonNDN_1000_036,1,2026-08-14 09:39:29,PythonNDN,1000,15.291
SCALE_C_NFD_5000_081,3,2026-08-14 09:40:03,NFD,5000,38.769
SCALE_C_PythonNDN_1000_037,1,2026-08-14 09:42:08,PythonNDN,1000,16.111
SCALE_C_PythonNDN_1000_038,1,2026-08-14 09:43:26,PythonNDN,1000,14.592
SCALE_C_NFD_5000_082,3,2026-08-14 09:44:29,NFD,5000,36.141
SCALE_C_PythonNDN_1000_039,1,2026-08-14 09:45:57,PythonNDN,1000,15.303
SCALE_C_NFD_5000_083,3,2026-08-14 09:48:27,NFD,5000,36.816
SCALE_C_PythonNDN_1000_040,1,2026-08-14 09:49:13,PythonNDN,1000,15.325
SCALE_C_NFD_5000_084,3,2026-08-14 09:50:42,NFD,5000,39.084
SCALE_C_PythonNDN_1000_041,1,2026-08-14 09:52:28,PythonNDN,1000,14.534
SCALE_C_NFD_5000_085,3,2026-08-14 09:53:16,NFD,5000,38.2
SCALE_C_PythonNDN_1000_042,1,2026-08-14 09:54:15,PythonNDN,1000,14.645
SCALE_C_PythonNDN_1000_043,1,2026-08-14 09:55:34,PythonNDN,1000,15.894
SCALE_C_NFD_5000_086,3,2026-08-14 09:56:16,NFD,5000,35.624
SCALE_C_PythonNDN_1000_044,1,2026-08-14 09:58:19,PythonNDN,1000,16.034
SCALE_C_PythonNDN_1000_045,1,2026-08-14 10:00:17,PythonNDN,1000,14.497
SCALE_C_PythonNDN_1000_046,1,2026-08-14 10:02:45,PythonNDN,1000,14.875
SCALE_C_PythonNDN_1000_047,1,2026-08-14 10:04:50,PythonNDN,1000,16.238
SCALE_C_PythonNDN_1000_048,1,2026-08-14 10:07:41,PythonNDN,1000,15.335
SCALE_C_PythonNDN_1000_049,1,2026-08-14 10:10:45,PythonNDN,1000,14.357
SCALE_C_PythonNDN_1000_050,1,2026-08-14 10:11:36,PythonNDN,1000,15.196
SCALE_C_PythonNDN_1000_051,1,2026-08-14 10:13:14,PythonNDN,1000,15.168
SCALE_C_PythonNDN_1000_052,1,2026-08-14 10:16:26,PythonNDN,1000,14.506
SCALE_C_uDCN_10_088,3,2026-08-14 14:05:31,uDCN,10,94.513
SCALE_C_uDCN_10_089,3,2026-08-14 14:08:28,uDCN,10,100.0
SCALE_C_uDCN_10_090,3,2026-08-14 14:08:57,uDCN,10,98.994
SCALE_C_uDCN_10_091,3,2026-08-14 14:09:50,uDCN,10,100.0
SCALE_C_uDCN_10_092,3,2026-08-14 14:12:12,uDCN,10,100.0
SCALE_C_uDCN_10_093,3,2026-08-14 14:13:13,uDCN,10,96.399
SCALE_C_uDCN_10_094,3,2026-08-14 14:14:48,uDCN,10,100.0
SCALE_C_uDCN_10_095,3,2026-08-14 14:16:49,uDCN,10,98.336
SCALE_C_uDCN_10_096,3,2026-08-14 14:18:00,uDCN,10,100.0
SCALE_C_uDCN_10_097,3,2026-08-14 14:21:15,uDCN,10,100.0
SCALE_C_uDCN_10_098,3,2026-08-14 14:22:50,uDCN,10,99.045
SCALE_C_uDCN_10_099,3,2026-08-14 14:23:43,uDCN,10,100.0
SCALE_C_uDCN_10_100,3,2026-08-14 14:24:58,uDCN,10,98.955
SCALE_C_uDCN_10_101,3,2026-08-14 14:27:38,uDCN,10,100.0
SCALE_C_uDCN_10_102,3,2026-08-14 14:30:24,uDCN,10,97.34
SCALE_C_uDCN_10_103,3,2026-08-14 14:36:44,uDCN,10,100.0
SCALE_C_uDCN_10_104,3,2026-08-14 14:41:26,uDCN,10,94.797
SCALE_C_uDCN_10_105,3,2026-08-14 14:43:12,uDCN,10,97.241
SCALE_C_uDCN_10_106,3,2026-08-14 14:45:54,uDCN,10,100.0
SCALE_C_uDCN_10_107,3,2026-08-14 14:47:27,uDCN,10,100.0
SCALE_C_uDCN_10_108,3,2026-08-14 14:49:11,uDCN,10,100.0
SCALE_C_uDCN_10_109,3,2026-08-14 14:50:46,uDCN,10,100.0
SCALE_C_uDCN_10_110,3,2026-08-14 14:53:41,uDCN,10,100.0
SCALE_C_uDCN_10_111,3,2026-08-14 14:55:30,uDCN,10,95.996
SCALE_C_uDCN_10_112,4,2026-08-15 05:01:49,uDCN,10,100.0
SCALE_C_uDCN_10_113,4,2026-08-15 05:06:44,uDCN,10,100.0
SCALE_C_uDCN_10_114,4,2026-08-15 05:07:49,uDCN,10,97.206
SCALE_C_uDCN_10_115,4,2026-08-15 05:09:34,uDCN,10,95.848
SCALE_C_uDCN_10_116,4,2026-08-15 05:11:35,uDCN,10,100.0
SCALE_C_uDCN_10_117,4,2026-08-15 05:15:42,uDCN,10,100.0
SCALE_C_uDCN_10_118,4,2026-08-15 05:16:45,uDCN,10,93.502
SCALE_C_uDCN_10_119,4,2026-08-15 05:20:54,uDCN,10,99.369
SCALE_C_uDCN_10_120,4,2026-08-15 05:22:47,uDCN,10,100.0
SCALE_C_uDCN_10_121,4,2026-08-15 05:27:13,uDCN,10,100.0
SCALE_C_uDCN_10_122,4,2026-08-15 05:28:00,uDCN,10,100.0
SCALE_C_uDCN_10_123,4,2026-08-15 05:31:49,uDCN,10,100.0
SCALE_C_uDCN_10_124,4,2026-08-15 05:36:31,uDCN,10,98.089
SCALE_C_uDCN_10_125,4,2026-08-15 05:38:49,uDCN,10,99.032
SCALE_C_uDCN_10_126,4,2026-08-15 05:40:26,uDCN,10,100.0
SCALE_C_uDCN_10_127,4,2026-08-15 05:42:14,uDCN,10,99.083
SCALE_C_uDCN_10_128,4,2026-08-15 05:43:05,uDCN,10,100.0
SCALE_C_PythonNDN_1000_053,2,2026-08-15 05:44:10,PythonNDN,1000,15.21
SCALE_C_uDCN_10_129,4,2026-08-15 05:44:47,uDCN,10,96.943
SCALE_C_PythonNDN_1000_054,2,2026-08-15 05:47:10,PythonNDN,1000,15.12
SCALE_C_PythonNDN_10_066,3,2026-08-15 05:48:36,PythonNDN,10,96.196
SCALE_C_PythonNDN_1000_055,2,2026-08-15 05:48:40,PythonNDN,1000,13.864
SCALE_C_PythonNDN_10_067,3,2026-08-15 05:50:36,PythonNDN,10,93.452
SCALE_C_PythonNDN_1000_056,2,2026-08-15 05:50:37,PythonNDN,1000,14.651
SCALE_C_PythonNDN_10_068,3,2026-08-15 05:51:41,PythonNDN,10,99.597
SCALE_C_PythonNDN_1000_057,2,2026-08-15 05:51:57,PythonNDN,1000,14.763
SCALE_C_PythonNDN_1000_058,2,2026-08-15 05:53:56,PythonNDN,1000,15.31
SCALE_C_PythonNDN_10_069,3,2026-08-15 05:54:48,PythonNDN,10,100.0
SCALE_C_PythonNDN_1000_059,2,2026-08-15 05:55:24,PythonNDN,1000,14.979
SCALE_C_PythonNDN_1000_060,2,2026-08-15 05:57:08,PythonNDN,1000,14.478
SCALE_C_PythonNDN_1000_061,2,2026-08-15 05:59:37,PythonNDN,1000,15.098
SCALE_C_PythonNDN_10_070,3,2026-08-15 06:02:23,PythonNDN,10,97.332
SCALE_C_PythonNDN_10_071,3,2026-08-15 06:03:06,PythonNDN,10,100.0
SCALE_C_PythonNDN_1000_062,2,2026-08-15 06:04:58,PythonNDN,1000,14.982
SCALE_C_PythonNDN_1000_063,2,2026-08-15 06:05:13,PythonNDN,1000,14.617
SCALE_C_PythonNDN_1000_064,2,2026-08-15 06:06:11,PythonNDN,1000,14.595
SCALE_C_PythonNDN_10_072,3,2026-08-15 06:06:42,PythonNDN,10,100.0
SCALE_C_PythonNDN_10_073,3,2026-08-15 06:08:39,PythonNDN,10,100.0
SCALE_C_PythonNDN_1000_065,2,2026-08-15 06:09:04,PythonNDN,1000,15.678
SCALE_C_PythonNDN_10_074,3,2026-08-15 06:10:25,PythonNDN,10,91.863
SCALE_C_PythonNDN_1000_066,2,2026-08-15 06:10:44,PythonNDN,1000,14.722
SCALE_C_PythonNDN_1000_067,2,2026-08-15 06:13:42,PythonNDN,1000,15.105
SCALE_C_PythonNDN_10_075,3,2026-08-15 06:13:55,PythonNDN,10,100.0
SCALE_C_PythonNDN_1000_068,2,2026-08-15 06:14:41,PythonNDN,1000,15.898
SCALE_C_PythonNDN_1000_069,2,2026-08-15 06:16:40,PythonNDN,1000,15.639
SCALE_C_PythonNDN_10_076,3,2026-08-15 06:17:29,PythonNDN,10,97.534
SCALE_C_PythonNDN_1000_070,2,2026-08-15 06:19:15,PythonNDN,1000,14.613
SCALE_C_PythonNDN_10_077,3,2026-08-15 06:19:36,PythonNDN,10,100.0
SCALE_C_PythonNDN_1000_071,2,2026-08-15 06:21:41,PythonNDN,1000,15.416
SCALE_C_PythonNDN_10_078,3,2026-08-15 06:21:58,PythonNDN,10,99.329
SCALE_C_PythonNDN_1000_072,2,2026-08-15 06:22:11,PythonNDN,1000,14.353
SCALE_C_PythonNDN_10_079,3,2026-08-15 06:24:00,PythonNDN,10,99.232
SCALE_C_PythonNDN_1000_073,2,2026-08-15 06:24:28,PythonNDN,1000,15.542
SCALE_C_PythonNDN_10_080,3,2026-08-15 06:27:10,PythonNDN,10,93.993
SCALE_C_PythonNDN_10_081,3,2026-08-15 06:28:34,PythonNDN,10,100.0
SCALE_C_PythonNDN_10_082,3,2026-08-15 06:29:18,PythonNDN,10,98.186
SCALE_C_PythonNDN_10_083,3,2026-08-15 06:34:13,PythonNDN,10,97.188
SCALE_C_PythonNDN_10_084,3,2026-08-15 06:35:13,PythonNDN,10,100.0
SCALE_C_PythonNDN_10_085,4,2026-08-15 08:40:08,PythonNDN,10,99.341
SCALE_C_PythonNDN_10_086,4,2026-08-15 08:41:21,PythonNDN,10,98.693
SCALE_C_PythonNDN_10_087,4,2026-08-15 08:42:15,PythonNDN,10,92.855
SCALE_C_PythonNDN_10_088,4,2026-08-15 08:45:06,PythonNDN,10,100.0
SCALE_C_PythonNDN_10_089,4,2026-08-15 08:47:42,PythonNDN,10,100.0
SCALE_C_PythonNDN_10_090,4,2026-08-15 08:49:07,PythonNDN,10,100.0
SCALE_C_PythonNDN_10_091,4,2026-08-15 08:50:34,PythonNDN,10,100.0
SCALE_C_PythonNDN_10_092,4,2026-08-15 08:52:04,PythonNDN,10,100.0
SCALE_C_PythonNDN_10_093,4,2026-08-15 08:54:11,PythonNDN,10,100.0
SCALE_C_PythonNDN_10_094,4,2026-08-15 08:54:54,PythonNDN,10,100.0
SCALE_C_PythonNDN_10_095,4,2026-08-15 08:57:38,PythonNDN,10,95.946
SCALE_C_PythonNDN_10_096,4,2026-08-15 08:59:03,PythonNDN,10,99.92
SCALE_C_PythonNDN_10_097,4,2026-08-15 09:00:19,PythonNDN,10,100.0
SCALE_C_PythonNDN_10_098,4,2026-08-15 09:02:56,PythonNDN,10,100.0
SCALE_C_PythonNDN_10_099,4,2026-08-15 09:03:42,PythonNDN,10,100.0
SCALE_C_PythonNDN_10_100,4,2026-08-15 09:04:31,PythonNDN,10,100.0
SCALE_C_PythonNDN_10_101,4,2026-08-15 09:08:02,PythonNDN,10,100.0
SCALE_C_NFD_5000_087,4,2026-08-15 12:14:01,NFD,5000,37.398
SCALE_C_NFD_5000_088,4,2026-08-15 12:16:47,NFD,5000,39.129
SCALE_C_NFD_5000_089,4,2026-08-15 12:18:40,NFD,5000,40.647
SCALE_C_NFD_5000_090,4,2026-08-15 12:20:49,NFD,5000,39.536
SCALE_C_NFD_5000_091,4,2026-08-15 12:21:16,NFD,5000,36.61
SCALE_C_NFD_5000_092,4,2026-08-15 12:22:42,NFD,5000,39.563
SCALE_C_NFD_5000_093,4,2026-08-15 12:25:51,NFD,5000,40.719
SCALE_C_NFD_5000_094,4,2026-08-15 12:29:02,NFD,5000,40.173
SCALE_C_NFD_5000_095,4,2026-08-15 12:32:04,NFD,5000,37.149
SCALE_C_NFD_5000_096,4,2026-08-15 12:33:53,NFD,5000,38.112
SCALE_C_NFD_5000_097,4,2026-08-15 12:36:10,NFD,5000,37.316
SCALE_C_NFD_5000_098,4,2026-08-15 12:37:22,NFD,5000,37.226
SCALE_C_NFD_5000_099,4,2026-08-15 12:39:27,NFD,5000,38.829
SCALE_C_NFD_5000_100,4,2026-08-15 12:41:32,NFD,5000,37.948
SCALE_C_NFD_5000_101,4,2026-08-15 12:43:14,NFD,5000,36.394
SCALE_C_NFD_5000_102,4,2026-08-15 12:45:43,NFD,5000,40.295
SCALE_C_NFD_5000_103,4,2026-08-15 12:46:08,NFD,5000,38.481
SCALE_C_NFD_5000_104,4,2026-08-15 12:47:31,NFD,5000,39.019
SCALE_C_NFD_5000_105,4,2026-08-15 12:49:05,NFD,5000,37.843
SCALE_C_NFD_5000_106,4,2026-08-15 12:50:59,NFD,5000,37.57
SCALE_C_NFD_5000_107,4,2026-08-15 12:51:55,NFD,5000,37.115
SCALE_C_NFD_5000_108,4,2026-08-15 12:56:01,NFD,5000,38.304
SCALE_C_NFD_5000_109,4,2026-08-15 12:58:59,NFD,5000,41.251
SCALE_C_NFD_5000_110,4,2026-08-15 13:00:52,NFD,5000,37.917
SCALE_C_NFD_5000_111,4,2026-08-15 13:01:37,NFD,5000,37.266
SCALE_C_NFD_5000_112,4,2026-08-15 13:04:45,NFD,5000,39.706
SCALE_C_NFD_5000_113,4,2026-08-15 13:08:14,NFD,5000,37.201
SCALE_C_NFD_5000_114,4,2026-08-15 13:08:50,NFD,5000,35.977
SCALE_C_NFD_5000_115,4,2026-08-15 13:10:33,NFD,5000,38.611
SCALE_C_NFD_5000_116,4,2026-08-15 13:11:40,NFD,5000,40.15
SCALE_C_NFD_5000_117,4,2026-08-15 13:13:45,NFD,5000,38.774
SCALE_C_NFD_5000_118,4,2026-08-15 13:17:56,NFD,5000,35.587
SCALE_C_NFD_5000_119,4,2026-08-15 13:21:04,NFD,5000,38.009
SCALE_C_NFD_5000_120,5,2026-08-15 18:53:06,NFD,5000,36.961
SCALE_C_NFD_5000_121,5,2026-08-15 18:54:15,NFD,5000,38.863
SCALE_C_NFD_5000_122,5,2026-08-15 18:55:20,NFD,5000,38.396
SCALE_C_NFD_5000_123,5,2026-08-15 18:58:54,NFD,5000,40.405
SCALE_C_NFD_5000_124,5,2026-08-15 19:01:44,NFD,5000,39.05
SCALE_C_NFD_5000_125,5,2026-08-15 19:02:31,NFD,5000,37.112
SCALE_C_NFD_5000_126,5,2026-08-15 19:04:38,NFD,5000,38.182
SCALE_C_NFD_5000_127,5,2026-08-15 19:07:42,NFD,5000,38.998
SCALE_C_NFD_5000_128,5,2026-08-15 19:08:36,NFD,5000,38.549
SCALE_C_NFD_5000_129,5,2026-08-15 19:11:04,NFD,5000,37.24
SCALE_C_NFD_5000_130,5,2026-08-15 19:13:49,NFD,5000,37.498
SCALE_C_NFD_5000_131,5,2026-08-15 19:14:44,NFD,5000,38.498
SCALE_C_NFD_5000_132,5,2026-08-15 19:15:06,NFD,5000,36.553
SCALE_C_NFD_5000_133,6,2026-08-16 08:45:08,NFD,5000,37.106
SCALE_C_NFD_5000_134,6,2026-08-16 08:45:48,NFD,5000,36.628
SCALE_C_NFD_5000_135,6,2026-08-16 08:47:40,NFD,5000,41.109
SCALE_C_NFD_5000_136,6,2026-08-16 08:50:12,NFD,5000,35.582
SCALE_C_NFD_5000_137,6,2026-08-16 08:53:25,NFD,5000,38.128
SCALE_C_NFD_5000_138,6,2026-08-16 08:55:51,NFD,5000,36.463
SCALE_C_NFD_5000_139,6,2026-08-16 08:57:16,NFD,5000,37.123
SCALE_C_NFD_5000_140,6,2026-08-16 09:00:24,NFD,5000,38.68
SCALE_C_NFD_5000_141,6,2026-08-16 09:02:04,NFD,5000,38.966
SCALE_C_NFD_5000_142,6,2026-08-16 09:02:38,NFD,5000,38.357
SCALE_C_NFD_5000_143,6,2026-08-16 09:04:14,NFD,5000,38.272
SCALE_C_NFD_5000_144,6,2026-08-16 09:06:14,NFD,5000,36.64
SCALE_C_NFD_5000_145,6,2026-08-16 09:08:00,NFD,5000,38.827
SCALE_C_NFD_5000_146,6,2026-08-16 09:09:15,NFD,5000,36.659
SCALE_C_NFD_5000_147,6,2026-08-16 09:13:11,NFD,5000,39.768
SCALE_C_NFD_5000_148,6,2026-08-16 09:14:49,NFD,5000,39.514
SCALE_C_NFD_5000_149,6,2026-08-16 09:17:14,NFD,5000,36.677
SCALE_C_NFD_5000_150,6,2026-08-16 09:19:46,NFD,5000,36.594
SCALE_C_PythonNDN_100_001,0,2026-08-16 13:00:00,PythonNDN,100,64.308
SCALE_C_PythonNDN_100_002,0,2026-08-16 13:02:49,PythonNDN,100,68.677
SCALE_C_PythonNDN_100_003,0,2026-08-16 13:03:28,PythonNDN,100,64.91
SCALE_C_PythonNDN_100_004,0,2026-08-16 13:04:09,PythonNDN,100,67.931
SCALE_C_PythonNDN_100_005,0,2026-08-16 13:06:57,PythonNDN,100,66.075
SCALE_C_PythonNDN_100_006,0,2026-08-16 13:10:05,PythonNDN,100,64.996
SCALE_C_PythonNDN_100_007,0,2026-08-16 13:15:09,PythonNDN,100,59.867
SCALE_C_PythonNDN_100_008,0,2026-08-16 13:16:09,PythonNDN,100,62.006
SCALE_C_PythonNDN_100_009,0,2026-08-16 13:19:19,PythonNDN,100,66.686
SCALE_C_PythonNDN_100_010,0,2026-08-16 13:20:26,PythonNDN,100,63.573
SCALE_C_PythonNDN_100_011,0,2026-08-16 13:23:17,PythonNDN,100,65.115
SCALE_C_PythonNDN_100_012,0,2026-08-16 13:26:33,PythonNDN,100,69.878
SCALE_C_PythonNDN_100_013,0,2026-08-16 13:28:49,PythonNDN,100,65.364
SCALE_C_PythonNDN_100_014,0,2026-08-16 13:30:55,PythonNDN,100,63.33
SCALE_C_PythonNDN_100_015,0,2026-08-16 13:34:16,PythonNDN,100,64.184
SCALE_C_PythonNDN_100_016,0,2026-08-16 13:39:09,PythonNDN,100,65.641
SCALE_C_PythonNDN_100_017,0,2026-08-16 13:41:07,PythonNDN,100,65.144
SCALE_C_PythonNDN_100_018,0,2026-08-16 13:44:33,PythonNDN,100,65.438
SCALE_C_PythonNDN_100_019,0,2026-08-16 13:45:44,PythonNDN,100,64.896
SCALE_C_PythonNDN_100_020,0,2026-08-16 13:47:50,PythonNDN,100,62.626
SCALE_C_PythonNDN_100_021,0,2026-08-16 13:49:50,PythonNDN,100,66.262
SCALE_C_PythonNDN_100_022,1,2026-08-17 03:51:45,PythonNDN,100,66.412
SCALE_C_PythonNDN_100_023,1,2026-08-17 03:53:36,PythonNDN,100,67.404
SCALE_C_PythonNDN_100_024,1,2026-08-17 03:56:41,PythonNDN,100,64.592
SCALE_C_PythonNDN_100_025,1,2026-08-17 03:57:30,PythonNDN,100,66.608
SCALE_C_PythonNDN_100_026,1,2026-08-17 03:59:14,PythonNDN,100,62.468
SCALE_C_PythonNDN_100_027,1,2026-08-17 04:01:01,PythonNDN,100,63.79
SCALE_C_PythonNDN_100_028,1,2026-08-17 04:02:18,PythonNDN,100,67.215
SCALE_C_PythonNDN_100_029,1,2026-08-17 04:06:33,PythonNDN,100,64.834
SCALE_C_PythonNDN_100_030,1,2026-08-17 04:08:17,PythonNDN,100,66.948
SCALE_C_PythonNDN_100_031,1,2026-08-17 04:09:59,PythonNDN,100,64.248
SCALE_C_PythonNDN_100_032,1,2026-08-17 04:12:35,PythonNDN,100,67.013
SCALE_C_PythonNDN_100_033,1,2026-08-17 04:16:08,PythonNDN,100,62.546
SCALE_C_PythonNDN_100_034,1,2026-08-17 04:19:46,PythonNDN,100,63.236
SCALE_C_PythonNDN_100_035,1,2026-08-17 04:20:37,PythonNDN,100,66.731
SCALE_C_PythonNDN_100_036,1,2026-08-17 04:25:04,PythonNDN,100,64.347
SCALE_C_PythonNDN_100_037,1,2026-08-17 04:27:33,PythonNDN,100,66.315
SCALE_C_PythonNDN_100_038,1,2026-08-17 04:31:28,PythonNDN,100,69.438
SCALE_C_PythonNDN_100_039,1,2026-08-17 04:33:19,PythonNDN,100,64.525
SCALE_C_PythonNDN_100_040,1,2026-08-17 04:35:26,PythonNDN,100,68.661
SCALE_C_PythonNDN_100_041,1,2026-08-17 04:37:04,PythonNDN,100,64.755
SCALE_C_PythonNDN_100_042,1,2026-08-17 04:37:48,PythonNDN,100,65.173
SCALE_C_PythonNDN_100_043,1,2026-08-17 04:41:47,PythonNDN,100,65.269
SCALE_C_PythonNDN_100_044,1,2026-08-17 04:44:38,PythonNDN,100,64.915
SCALE_C_PythonNDN_100_045,1,2026-08-17 04:47:52,PythonNDN,100,68.254
SCALE_C_PythonNDN_100_046,1,2026-08-17 04:49:48,PythonNDN,100,63.258
SCALE_C_PythonNDN_100_047,1,2026-08-17 04:55:53,PythonNDN,100,63.77
SCALE_C_PythonNDN_100_048,1,2026-08-17 04:58:31,PythonNDN,100,65.072
SCALE_C_PythonNDN_100_049,1,2026-08-17 05:01:39,PythonNDN,100,65.965
SCALE_C_PythonNDN_100_050,1,2026-08-17 05:04:07,PythonNDN,100,64.715
SCALE_C_PythonNDN_100_051,1,2026-08-17 05:07:54,PythonNDN,100,60.226
SCALE_C_PythonNDN_100_052,1,2026-08-17 05:11:08,PythonNDN,100,69.039
SCALE_C_PythonNDN_100_053,1,2026-08-17 05:12:02,PythonNDN,100,69.302
SCALE_C_PythonNDN_100_054,1,2026-08-17 05:12:30,PythonNDN,100,67.029
SCALE_C_PythonNDN_100_055,1,2026-08-17 05:14:26,PythonNDN,100,67.144
SCALE_C_CCNlite_1000_001,0,2026-08-17 17:00:00,CCNlite,1000,60.867
SCALE_C_CCNlite_1000_002,0,2026-08-17 17:02:33,CCNlite,1000,63.93
SCALE_C_CCNlite_1000_003,0,2026-08-17 17:03:59,CCNlite,1000,61.101
SCALE_C_CCNlite_1000_004,0,2026-08-17 17:05:17,CCNlite,1000,62.84
SCALE_C_CCNlite_1000_005,0,2026-08-17 17:07:49,CCNlite,1000,62.058
SCALE_C_CCNlite_1000_006,0,2026-08-17 17:11:22,CCNlite,1000,58.572
SCALE_C_CCNlite_1000_007,0,2026-08-17 17:12:36,CCNlite,1000,61.98
SCALE_C_CCNlite_1000_008,0,2026-08-17 17:13:56,CCNlite,1000,58.026
SCALE_C_CCNlite_1000_009,0,2026-08-17 17:14:14,CCNlite,1000,58.678
SCALE_C_CCNlite_1000_010,0,2026-08-17 17:15:46,CCNlite,1000,57.28
SCALE_C_CCNlite_1000_011,0,2026-08-17 17:18:51,CCNlite,1000,60.938
SCALE_C_CCNlite_1000_012,0,2026-08-17 17:20:15,CCNlite,1000,60.007
SCALE_C_CCNlite_1000_013,0,2026-08-17 17:21:36,CCNlite,1000,58.559
SCALE_C_CCNlite_1000_014,0,2026-08-17 17:22:49,CCNlite,1000,58.252
SCALE_C_CCNlite_1000_015,0,2026-08-17 17:25:24,CCNlite,1000,59.677
SCALE_C_CCNlite_1000_016,0,2026-08-17 17:26:29,CCNlite,1000,57.257
SCALE_C_CCNlite_1000_017,0,2026-08-17 17:31:17,CCNlite,1000,58.63
SCALE_C_CCNlite_1000_018,0,2026-08-17 17:32:23,CCNlite,1000,60.339
SCALE_C_CCNlite_1000_019,0,2026-08-17 17:35:39,CCNlite,1000,66.159
SCALE_C_CCNlite_1000_020,0,2026-08-17 17:39:22,CCNlite,1000,60.834
SCALE_C_CCNlite_1000_021,0,2026-08-17 17:41:26,CCNlite,1000,63.507
SCALE_C_CCNlite_1000_022,0,2026-08-17 17:43:36,CCNlite,1000,58.851
SCALE_C_CCNlite_1000_023,0,2026-08-17 17:47:46,CCNlite,1000,62.317
SCALE_C_CCNlite_1000_024,0,2026-08-17 17:48:55,CCNlite,1000,56.786
SCALE_C_CCNlite_1000_025,0,2026-08-17 17:51:05,CCNlite,1000,59.543
SCALE_C_CCNlite_1000_026,0,2026-08-17 17:53:27,CCNlite,1000,58.751
SCALE_C_CCNlite_1000_027,0,2026-08-17 17:54:24,CCNlite,1000,63.265
SCALE_C_CCNlite_1000_028,0,2026-08-17 17:56:23,CCNlite,1000,59.425
SCALE_C_CCNlite_1000_029,0,2026-08-17 17:58:15,CCNlite,1000,57.391
SCALE_C_CCNlite_1000_030,0,2026-08-17 17:58:44,CCNlite,1000,60.968
SCALE_C_CCNlite_1000_031,0,2026-08-17 18:02:20,CCNlite,1000,61.457
SCALE_C_CCNlite_1000_032,0,2026-08-17 18:06:00,CCNlite,1000,57.624
SCALE_C_CCNlite_1000_033,0,2026-08-17 18:06:28,CCNlite,1000,57.548
SCALE_C_uDCN_10_130,5,2026-08-17 18:54:56,uDCN,10,100.0
SCALE_C_uDCN_10_131,5,2026-08-17 18:55:52,uDCN,10,100.0
SCALE_C_uDCN_10_132,5,2026-08-17 18:59:19,uDCN,10,100.0
SCALE_C_uDCN_10_133,5,2026-08-17 19:03:14,uDCN,10,100.0
SCALE_C_uDCN_10_134,5,2026-08-17 19:04:36,uDCN,10,98.805
SCALE_C_uDCN_10_135,5,2026-08-17 19:05:39,uDCN,10,98.31
SCALE_C_uDCN_10_136,5,2026-08-17 19:09:34,uDCN,10,95.342
SCALE_C_uDCN_10_137,5,2026-08-17 19:13:12,uDCN,10,98.302
SCALE_C_uDCN_10_138,5,2026-08-17 19:16:35,uDCN,10,100.0
SCALE_C_uDCN_10_139,5,2026-08-17 19:19:22,uDCN,10,100.0
SCALE_C_uDCN_10_140,5,2026-08-17 19:22:20,uDCN,10,96.345
SCALE_C_uDCN_10_141,5,2026-08-17 19:23:52,uDCN,10,94.974
SCALE_C_uDCN_10_142,5,2026-08-17 19:28:16,uDCN,10,100.0
SCALE_C_uDCN_10_143,5,2026-08-17 19:30:00,uDCN,10,95.882
SCALE_C_uDCN_10_144,5,2026-08-17 19:31:26,uDCN,10,100.0
SCALE_C_uDCN_10_145,5,2026-08-17 19:32:57,uDCN,10,100.0
SCALE_C_uDCN_10_146,5,2026-08-17 19:33:14,uDCN,10,100.0
SCALE_C_uDCN_10_147,5,2026-08-17 19:35:21,uDCN,10,98.804
SCALE_C_uDCN_10_148,5,2026-08-17 19:39:12,uDCN,10,100.0
SCALE_C_uDCN_10_149,5,2026-08-17 19:40:25,uDCN,10,100.0
SCALE_C_uDCN_10_150,5,2026-08-17 19:42:32,uDCN,10,96.934
SCALE_C_PythonNDN_10_102,5,2026-08-17 21:42:55,PythonNDN,10,100.0
SCALE_C_PythonNDN_10_103,5,2026-08-17 21:46:54,PythonNDN,10,99.427
SCALE_C_PythonNDN_10_104,5,2026-08-17 21:50:47,PythonNDN,10,95.535
SCALE_C_PythonNDN_10_105,5,2026-08-17 21:52:35,PythonNDN,10,96.254
SCALE_C_PythonNDN_10_106,5,2026-08-17 21:55:23,PythonNDN,10,99.645
SCALE_C_PythonNDN_10_107,5,2026-08-17 21:56:51,PythonNDN,10,100.0
SCALE_C_PythonNDN_10_108,5,2026-08-17 21:58:16,PythonNDN,10,93.055
SCALE_C_PythonNDN_10_109,5,2026-08-17 21:59:26,PythonNDN,10,96.602
SCALE_C_PythonNDN_10_110,5,2026-08-17 22:00:24,PythonNDN,10,100.0
SCALE_C_PythonNDN_10_111,5,2026-08-17 22:02:26,PythonNDN,10,100.0
SCALE_C_PythonNDN_10_112,5,2026-08-17 22:04:49,PythonNDN,10,100.0
SCALE_C_PythonNDN_10_113,5,2026-08-17 22:05:57,PythonNDN,10,100.0
SCALE_C_PythonNDN_10_114,5,2026-08-17 22:09:06,PythonNDN,10,98.965
SCALE_C_PythonNDN_10_115,5,2026-08-17 22:10:57,PythonNDN,10,97.982
SCALE_C_PythonNDN_10_116,5,2026-08-17 22:13:28,PythonNDN,10,100.0
SCALE_C_PythonNDN_10_117,5,2026-08-17 22:15:37,PythonNDN,10,98.561
SCALE_C_PythonNDN_10_118,5,2026-08-17 22:17:51,PythonNDN,10,100.0
SCALE_C_PythonNDN_10_119,5,2026-08-17 22:19:20,PythonNDN,10,100.0
SCALE_C_PythonNDN_10_120,5,2026-08-17 22:21:44,PythonNDN,10,94.828
SCALE_C_PythonNDN_10_121,5,2026-08-17 22:23:27,PythonNDN,10,100.0
SCALE_C_PythonNDN_10_122,5,2026-08-17 22:25:10,PythonNDN,10,100.0
SCALE_C_PythonNDN_10_123,5,2026-08-17 22:25:40,PythonNDN,10,99.763
SCALE_C_PythonNDN_1000_074,3,2026-08-18 01:19:06,PythonNDN,1000,14.836
SCALE_C_PythonNDN_1000_075,3,2026-08-18 01:21:29,PythonNDN,1000,14.639
SCALE_C_PythonNDN_1000_076,3,2026-08-18 01:22:51,PythonNDN,1000,14.155
SCALE_C_PythonNDN_1000_077,3,2026-08-18 01:23:54,PythonNDN,1000,14.717
SCALE_C_PythonNDN_1000_078,3,2026-08-18 01:27:23,PythonNDN,1000,15.298
SCALE_C_PythonNDN_1000_079,3,2026-08-18 01:28:03,PythonNDN,1000,14.377
SCALE_C_PythonNDN_1000_080,3,2026-08-18 01:29:21,PythonNDN,1000,14.494
SCALE_C_PythonNDN_1000_081,3,2026-08-18 01:32:15,PythonNDN,1000,15.89
SCALE_C_PythonNDN_1000_082,3,2026-08-18 01:33:56,PythonNDN,1000,14.884
SCALE_C_PythonNDN_1000_083,3,2026-08-18 01:37:50,PythonNDN,1000,15.207
SCALE_C_PythonNDN_1000_084,3,2026-08-18 01:40:07,PythonNDN,1000,15.617
SCALE_C_PythonNDN_1000_085,3,2026-08-18 01:42:02,PythonNDN,1000,15.037
SCALE_C_PythonNDN_1000_086,3,2026-08-18 01:46:01,PythonNDN,1000,14.342
SCALE_C_PythonNDN_1000_087,3,2026-08-18 01:48:55,PythonNDN,1000,15.477
SCALE_C_PythonNDN_1000_088,3,2026-08-18 01:49:46,PythonNDN,1000,15.184
SCALE_C_PythonNDN_1000_089,3,2026-08-18 01:52:00,PythonNDN,1000,15.915
SCALE_C_PythonNDN_1000_090,3,2026-08-18 01:54:48,PythonNDN,1000,14.83
SCALE_C_PythonNDN_1000_091,3,2026-08-18 01:57:22,PythonNDN,1000,15.074
SCALE_C_PythonNDN_1000_092,3,2026-08-18 02:02:22,PythonNDN,1000,15.22
SCALE_C_PythonNDN_1000_093,3,2026-08-18 02:06:54,PythonNDN,1000,15.654
SCALE_C_PythonNDN_1000_094,3,2026-08-18 02:07:15,PythonNDN,1000,15.109
SCALE_C_PythonNDN_1000_095,3,2026-08-18 02:14:05,PythonNDN,1000,14.581
SCALE_C_PythonNDN_1000_096,3,2026-08-18 02:17:25,PythonNDN,1000,14.428
SCALE_C_PythonNDN_10_124,6,2026-08-18 05:07:41,PythonNDN,10,100.0
SCALE_C_PythonNDN_10_125,6,2026-08-18 05:11:16,PythonNDN,10,100.0
SCALE_C_PythonNDN_10_126,6,2026-08-18 05:13:52,PythonNDN,10,100.0
SCALE_C_PythonNDN_10_127,6,2026-08-18 05:17:34,PythonNDN,10,93.937
SCALE_C_PythonNDN_10_128,6,2026-08-18 05:19:41,PythonNDN,10,100.0
SCALE_C_PythonNDN_10_129,6,2026-08-18 05:21:16,PythonNDN,10,97.82
SCALE_C_PythonNDN_10_130,6,2026-08-18 05:24:06,PythonNDN,10,100.0
SCALE_C_PythonNDN_10_131,6,2026-08-18 05:26:47,PythonNDN,10,100.0
SCALE_C_PythonNDN_10_132,6,2026-08-18 05:27:47,PythonNDN,10,99.845
SCALE_C_PythonNDN_10_133,6,2026-08-18 05:30:19,PythonNDN,10,97.193
SCALE_C_PythonNDN_10_134,6,2026-08-18 05:32:02,PythonNDN,10,93.882
SCALE_C_PythonNDN_10_135,6,2026-08-18 05:33:58,PythonNDN,10,99.285
SCALE_C_PythonNDN_1000_097,4,2026-08-18 06:48:35,PythonNDN,1000,15.376
SCALE_C_PythonNDN_1000_098,4,2026-08-18 06:51:29,PythonNDN,1000,14.737
SCALE_C_PythonNDN_1000_099,4,2026-08-18 06:52:20,PythonNDN,1000,14.847
SCALE_C_PythonNDN_1000_100,4,2026-08-18 06:54:55,PythonNDN,1000,15.073
SCALE_C_PythonNDN_1000_101,4,2026-08-18 06:56:25,PythonNDN,1000,14.767
SCALE_C_PythonNDN_1000_102,4,2026-08-18 06:57:24,PythonNDN,1000,14.946
SCALE_C_NFD_50_001,0,2026-08-18 07:00:00,NFD,50,93.011
SCALE_C_PythonNDN_1000_103,4,2026-08-18 07:00:45,PythonNDN,1000,14.885
SCALE_C_NFD_50_002,0,2026-08-18 07:00:56,NFD,50,90.542
SCALE_C_NFD_50_003,0,2026-08-18 07:02:29,NFD,50,89.121
SCALE_C_PythonNDN_1000_104,4,2026-08-18 07:04:04,PythonNDN,1000,15.803
SCALE_C_NFD_50_004,0,2026-08-18 07:05:07,NFD,50,92.207
SCALE_C_NFD_50_005,0,2026-08-18 07:06:18,NFD,50,88.312
SCALE_C_NFD_50_006,0,2026-08-18 07:06:33,NFD,50,93.514
SCALE_C_PythonNDN_1000_105,4,2026-08-18 07:07:08,PythonNDN,1000,14.876
SCALE_C_NFD_50_007,0,2026-08-18 07:07:58,NFD,50,89.566
SCALE_C_PythonNDN_1000_106,4,2026-08-18 07:09:18,PythonNDN,1000,16.156
SCALE_C_PythonNDN_1000_107,4,2026-08-18 07:10:49,PythonNDN,1000,14.804
SCALE_C_NFD_50_008,0,2026-08-18 07:10:59,NFD,50,93.64
SCALE_C_NFD_50_009,0,2026-08-18 07:11:59,NFD,50,92.588
SCALE_C_PythonNDN_1000_108,4,2026-08-18 07:14:05,PythonNDN,1000,15.595
SCALE_C_PythonNDN_1000_109,4,2026-08-18 07:15:29,PythonNDN,1000,14.572
SCALE_C_NFD_50_010,0,2026-08-18 07:16:03,NFD,50,94.469
SCALE_C_PythonNDN_1000_110,4,2026-08-18 07:18:47,PythonNDN,1000,15.233
SCALE_C_NFD_50_011,0,2026-08-18 07:19:38,NFD,50,92.41
SCALE_C_PythonNDN_1000_111,4,2026-08-18 07:19:45,PythonNDN,1000,14.532
SCALE_C_PythonNDN_1000_112,4,2026-08-18 07:22:01,PythonNDN,1000,14.939
SCALE_C_NFD_50_012,0,2026-08-18 07:22:57,NFD,50,87.106
SCALE_C_NFD_50_013,0,2026-08-18 07:25:21,NFD,50,92.759
SCALE_C_NFD_50_014,0,2026-08-18 07:25:52,NFD,50,94.339
SCALE_C_PythonNDN_1000_113,4,2026-08-18 07:27:19,PythonNDN,1000,14.783
SCALE_C_PythonNDN_1000_114,4,2026-08-18 07:30:08,PythonNDN,1000,15.422
SCALE_C_NFD_50_015,0,2026-08-18 07:30:58,NFD,50,89.153
SCALE_C_PythonNDN_1000_115,4,2026-08-18 07:31:25,PythonNDN,1000,14.591
SCALE_C_NFD_50_016,0,2026-08-18 07:33:23,NFD,50,86.614
SCALE_C_NFD_50_017,0,2026-08-18 07:34:29,NFD,50,100.0
SCALE_C_PythonNDN_1000_116,4,2026-08-18 07:34:50,PythonNDN,1000,15.07
SCALE_C_NFD_50_018,0,2026-08-18 07:36:02,NFD,50,90.111
SCALE_C_PythonNDN_1000_117,4,2026-08-18 07:38:06,PythonNDN,1000,14.718
SCALE_C_NFD_50_019,0,2026-08-18 07:39:39,NFD,50,89.737
SCALE_C_NFD_50_020,0,2026-08-18 07:41:56,NFD,50,88.899
SCALE_C_NFD_50_021,0,2026-08-18 07:45:50,NFD,50,90.835
SCALE_C_NFD_50_022,0,2026-08-18 07:46:38,NFD,50,94.246
SCALE_C_PythonNDN_1000_118,4,2026-08-18 07:47:42,PythonNDN,1000,15.234
SCALE_C_PythonNDN_1000_119,4,2026-08-18 07:50:08,PythonNDN,1000,14.94
SCALE_C_PythonNDN_1000_120,4,2026-08-18 07:51:19,PythonNDN,1000,14.73
SCALE_C_NFD_50_023,0,2026-08-18 07:52:24,NFD,50,96.409
SCALE_C_PythonNDN_1000_121,4,2026-08-18 07:52:52,PythonNDN,1000,14.534
SCALE_C_NFD_50_024,0,2026-08-18 07:53:47,NFD,50,88.673
SCALE_C_PythonNDN_1000_122,4,2026-08-18 07:54:51,PythonNDN,1000,15.031
SCALE_C_NFD_50_025,0,2026-08-18 07:56:57,NFD,50,92.23
SCALE_C_PythonNDN_1000_123,4,2026-08-18 07:57:21,PythonNDN,1000,14.96
SCALE_C_NFD_50_026,0,2026-08-18 07:58:16,NFD,50,95.337
SCALE_C_PythonNDN_1000_124,4,2026-08-18 07:58:59,PythonNDN,1000,14.875
SCALE_C_PythonNDN_1000_125,4,2026-08-18 07:59:33,PythonNDN,1000,15.35
SCALE_C_NFD_50_027,0,2026-08-18 08:00:20,NFD,50,96.044
SCALE_C_PythonNDN_1000_126,4,2026-08-18 08:02:16,PythonNDN,1000,14.603
SCALE_C_NFD_50_028,0,2026-08-18 08:04:25,NFD,50,89.192
SCALE_C_PythonNDN_1000_127,4,2026-08-18 08:05:22,PythonNDN,1000,15.307
SCALE_C_PythonNDN_1000_128,4,2026-08-18 08:05:46,PythonNDN,1000,15.601
SCALE_C_NFD_50_029,0,2026-08-18 08:06:57,NFD,50,92.06
SCALE_C_PythonNDN_1000_129,4,2026-08-18 08:07:49,PythonNDN,1000,14.747
SCALE_C_NFD_50_030,0,2026-08-18 08:08:06,NFD,50,96.455
SCALE_C_NFD_50_031,0,2026-08-18 08:10:53,NFD,50,92.425
SCALE_C_NFD_50_032,0,2026-08-18 08:13:16,NFD,50,91.708
SCALE_C_NFD_50_033,0,2026-08-18 08:17:38,NFD,50,92.897
SCALE_C_uDCN_1000_001,0,2026-08-18 13:00:00,uDCN,1000,89.443
SCALE_C_uDCN_500_001,0,2026-08-18 13:00:00,uDCN,500,89.984
SCALE_C_uDCN_500_002,0,2026-08-18 13:00:35,uDCN,500,89.332
SCALE_C_uDCN_500_003,0,2026-08-18 13:01:41,uDCN,500,92.277
SCALE_C_uDCN_1000_002,0,2026-08-18 13:06:29,uDCN,1000,88.104
SCALE_C_uDCN_500_004,0,2026-08-18 13:06:37,uDCN,500,96.772
SCALE_C_uDCN_500_005,0,2026-08-18 13:08:22,uDCN,500,92.649
SCALE_C_uDCN_1000_003,0,2026-08-18 13:09:33,uDCN,1000,87.799
SCALE_C_uDCN_1000_004,0,2026-08-18 13:10:14,uDCN,1000,91.004
SCALE_C_uDCN_500_006,0,2026-08-18 13:10:34,uDCN,500,91.422
SCALE_C_uDCN_1000_005,0,2026-08-18 13:11:15,uDCN,1000,93.939
SCALE_C_uDCN_500_007,0,2026-08-18 13:12:13,uDCN,500,87.73
SCALE_C_uDCN_1000_006,0,2026-08-18 13:14:02,uDCN,1000,90.351
SCALE_C_uDCN_500_008,0,2026-08-18 13:14:10,uDCN,500,91.805
SCALE_C_uDCN_1000_007,0,2026-08-18 13:14:46,uDCN,1000,95.204
SCALE_C_uDCN_500_009,0,2026-08-18 13:15:32,uDCN,500,91.26
SCALE_C_uDCN_1000_008,0,2026-08-18 13:16:48,uDCN,1000,90.888
SCALE_C_uDCN_500_010,0,2026-08-18 13:17:19,uDCN,500,86.438
SCALE_C_uDCN_1000_009,0,2026-08-18 13:19:43,uDCN,1000,91.346
SCALE_C_uDCN_500_011,0,2026-08-18 13:19:58,uDCN,500,95.18
SCALE_C_uDCN_500_012,0,2026-08-18 13:21:27,uDCN,500,89.056
SCALE_C_uDCN_1000_010,0,2026-08-18 13:22:14,uDCN,1000,88.674
SCALE_C_uDCN_1000_011,0,2026-08-18 13:22:48,uDCN,1000,91.78
SCALE_C_uDCN_1000_012,0,2026-08-18 13:23:44,uDCN,1000,89.535
SCALE_C_uDCN_500_013,0,2026-08-18 13:25:13,uDCN,500,93.326
SCALE_C_uDCN_1000_013,0,2026-08-18 13:26:56,uDCN,1000,90.135
SCALE_C_uDCN_500_014,0,2026-08-18 13:27:00,uDCN,500,94.738
SCALE_C_uDCN_500_015,0,2026-08-18 13:28:53,uDCN,500,90.075
SCALE_C_uDCN_500_016,0,2026-08-18 13:30:39,uDCN,500,94.739
SCALE_C_uDCN_1000_014,0,2026-08-18 13:31:53,uDCN,1000,91.779
SCALE_C_uDCN_500_017,0,2026-08-18 13:32:19,uDCN,500,89.986
SCALE_C_uDCN_1000_015,0,2026-08-18 13:33:14,uDCN,1000,88.122
SCALE_C_uDCN_1000_016,0,2026-08-18 13:34:28,uDCN,1000,88.78
SCALE_C_uDCN_500_018,0,2026-08-18 13:35:34,uDCN,500,100.0
SCALE_C_uDCN_500_019,0,2026-08-18 13:36:17,uDCN,500,88.95
SCALE_C_uDCN_1000_017,0,2026-08-18 13:37:18,uDCN,1000,92.676
SCALE_C_uDCN_500_020,0,2026-08-18 13:42:14,uDCN,500,92.368
SCALE_C_uDCN_1000_018,0,2026-08-18 13:42:35,uDCN,1000,91.969
SCALE_C_uDCN_500_021,0,2026-08-18 13:43:17,uDCN,500,90.802
SCALE_C_uDCN_500_022,0,2026-08-18 13:44:59,uDCN,500,86.371
SCALE_C_uDCN_500_023,0,2026-08-18 13:48:50,uDCN,500,89.904
SCALE_C_uDCN_500_024,0,2026-08-18 13:50:16,uDCN,500,88.496
SCALE_C_uDCN_500_025,0,2026-08-18 13:53:50,uDCN,500,95.732
SCALE_C_NFD_500_001,0,2026-08-18 15:00:00,NFD,500,67.84
SCALE_C_NFD_500_002,0,2026-08-18 15:02:42,NFD,500,68.314
SCALE_C_NFD_500_003,0,2026-08-18 15:04:18,NFD,500,70.067
SCALE_C_NFD_500_004,0,2026-08-18 15:06:16,NFD,500,67.941
SCALE_C_NFD_500_005,0,2026-08-18 15:09:13,NFD,500,70.192
SCALE_C_NFD_500_006,0,2026-08-18 15:10:56,NFD,500,62.906
SCALE_C_NFD_500_007,0,2026-08-18 15:13:00,NFD,500,68.356
SCALE_C_NFD_500_008,0,2026-08-18 15:15:01,NFD,500,67.709
SCALE_C_NFD_500_009,0,2026-08-18 15:18:27,NFD,500,68.28
SCALE_C_NFD_500_010,0,2026-08-18 15:19:55,NFD,500,63.595
SCALE_C_NFD_500_011,0,2026-08-18 15:22:17,NFD,500,65.754
SCALE_C_NFD_500_012,0,2026-08-18 15:24:05,NFD,500,66.758
SCALE_C_NFD_500_013,0,2026-08-18 15:25:49,NFD,500,66.754
SCALE_C_NFD_500_014,0,2026-08-18 15:26:59,NFD,500,68.928
SCALE_C_NFD_500_015,0,2026-08-18 15:28:51,NFD,500,67.811
SCALE_C_NFD_500_016,0,2026-08-18 15:31:03,NFD,500,68.686
SCALE_C_NFD_500_017,0,2026-08-18 15:33:30,NFD,500,69.25
SCALE_C_NFD_500_018,0,2026-08-18 15:35:17,NFD,500,64.628
SCALE_C_NFD_500_019,0,2026-08-18 15:36:08,NFD,500,65.898
SCALE_C_NFD_500_020,0,2026-08-18 15:38:19,NFD,500,68.478
SCALE_C_NFD_500_021,0,2026-08-18 15:42:05,NFD,500,66.844
SCALE_C_NFD_500_022,0,2026-08-18 15:43:35,NFD,500,70.555
SCALE_C_NFD_500_023,0,2026-08-18 15:44:45,NFD,500,66.658
SCALE_C_NFD_50_034,1,2026-08-18 17:03:45,NFD,50,93.156
SCALE_C_NFD_50_035,1,2026-08-18 17:08:03,NFD,50,89.679
SCALE_C_NFD_50_036,1,2026-08-18 17:10:44,NFD,50,91.335
SCALE_C_NFD_50_037,1,2026-08-18 17:11:59,NFD,50,94.145
SCALE_C_NFD_50_038,1,2026-08-18 17:13:32,NFD,50,94.763
SCALE_C_NFD_50_039,1,2026-08-18 17:14:50,NFD,50,89.839
SCALE_C_NFD_50_040,1,2026-08-18 17:16:49,NFD,50,88.903
SCALE_C_NFD_50_041,1,2026-08-18 17:19:15,NFD,50,92.599
SCALE_C_NFD_50_042,1,2026-08-18 17:22:05,NFD,50,91.437
SCALE_C_NFD_50_043,1,2026-08-18 17:25:26,NFD,50,85.281
SCALE_C_NFD_50_044,1,2026-08-18 17:27:51,NFD,50,95.71
SCALE_C_NFD_50_045,1,2026-08-18 17:29:38,NFD,50,93.325
SCALE_C_NFD_50_046,1,2026-08-18 17:31:24,NFD,50,93.17
SCALE_C_NFD_50_047,1,2026-08-18 17:32:07,NFD,50,97.213
SCALE_C_NFD_50_048,1,2026-08-18 17:33:31,NFD,50,87.33
SCALE_C_NFD_50_049,1,2026-08-18 17:34:26,NFD,50,94.2
SCALE_C_NFD_50_050,1,2026-08-18 17:36:43,NFD,50,93.22
SCALE_C_NFD_50_051,1,2026-08-18 17:38:41,NFD,50,92.721
SCALE_C_NFD_50_052,1,2026-08-18 17:39:19,NFD,50,89.489
SCALE_C_NFD_50_053,1,2026-08-18 17:44:53,NFD,50,92.141
SCALE_C_NFD_50_054,1,2026-08-18 17:46:01,NFD,50,86.907
SCALE_C_NFD_50_055,1,2026-08-18 17:48:02,NFD,50,90.676
SCALE_C_NFD_50_056,1,2026-08-18 17:49:41,NFD,50,84.955
SCALE_C_NFD_50_057,1,2026-08-18 17:52:26,NFD,50,92.336
SCALE_C_NFD_50_058,1,2026-08-18 17:55:04,NFD,50,91.968
SCALE_C_NFD_50_059,1,2026-08-18 17:56:55,NFD,50,93.602
SCALE_C_NFD_1000_001,0,2026-08-18 18:00:00,NFD,1000,58.384
SCALE_C_NFD_1000_002,0,2026-08-18 18:00:50,NFD,1000,54.83
SCALE_C_NFD_1000_003,0,2026-08-18 18:03:24,NFD,1000,57.005
SCALE_C_CCNlite_1000_034,1,2026-08-18 18:04:40,CCNlite,1000,59.713
SCALE_C_NFD_1000_004,0,2026-08-18 18:06:34,NFD,1000,53.821
SCALE_C_CCNlite_1000_035,1,2026-08-18 18:07:08,CCNlite,1000,63.172
SCALE_C_NFD_1000_005,0,2026-08-18 18:08:52,NFD,1000,57.65
SCALE_C_NFD_1000_006,0,2026-08-18 18:11:38,NFD,1000,59.112
SCALE_C_CCNlite_1000_036,1,2026-08-18 18:11:48,CCNlite,1000,58.064
SCALE_C_NFD_1000_007,0,2026-08-18 18:13:45,NFD,1000,56.844
SCALE_C_CCNlite_1000_037,1,2026-08-18 18:14:13,CCNlite,1000,60.48
SCALE_C_CCNlite_1000_038,1,2026-08-18 18:15:28,CCNlite,1000,66.141
SCALE_C_CCNlite_1000_039,1,2026-08-18 18:16:44,CCNlite,1000,60.6
SCALE_C_NFD_1000_008,0,2026-08-18 18:17:00,NFD,1000,55.339
SCALE_C_CCNlite_1000_040,1,2026-08-18 18:18:41,CCNlite,1000,62.626
SCALE_C_CCNlite_1000_041,1,2026-08-18 18:19:55,CCNlite,1000,57.481
SCALE_C_NFD_1000_009,0,2026-08-18 18:20:43,NFD,1000,54.409
SCALE_C_NFD_1000_010,0,2026-08-18 18:21:44,NFD,1000,52.634
SCALE_C_CCNlite_1000_042,1,2026-08-18 18:22:27,CCNlite,1000,57.842
SCALE_C_NFD_1000_011,0,2026-08-18 18:24:21,NFD,1000,59.515
SCALE_C_CCNlite_1000_043,1,2026-08-18 18:25:49,CCNlite,1000,57.661
SCALE_C_NFD_1000_012,0,2026-08-18 18:26:00,NFD,1000,57.872
SCALE_C_CCNlite_1000_044,1,2026-08-18 18:26:41,CCNlite,1000,60.54
SCALE_C_NFD_1000_013,0,2026-08-18 18:28:28,NFD,1000,56.888
SCALE_C_NFD_1000_014,0,2026-08-18 18:29:38,NFD,1000,55.097
SCALE_C_CCNlite_1000_045,1,2026-08-18 18:30:39,CCNlite,1000,55.101
SCALE_C_NFD_1000_015,0,2026-08-18 18:32:06,NFD,1000,54.858
SCALE_C_CCNlite_1000_046,1,2026-08-18 18:33:10,CCNlite,1000,61.591
SCALE_C_NFD_1000_016,0,2026-08-18 18:35:07,NFD,1000,55.605
SCALE_C_CCNlite_1000_047,1,2026-08-18 18:37:40,CCNlite,1000,58.82
SCALE_C_NFD_1000_017,0,2026-08-18 18:40:10,NFD,1000,56.191
SCALE_C_CCNlite_1000_048,1,2026-08-18 18:40:34,CCNlite,1000,61.626
SCALE_C_NFD_1000_018,0,2026-08-18 18:41:37,NFD,1000,58.873
SCALE_C_CCNlite_1000_049,1,2026-08-18 18:41:39,CCNlite,1000,64.78
SCALE_C_NFD_1000_019,0,2026-08-18 18:42:54,NFD,1000,60.283
SCALE_C_NFD_1000_020,0,2026-08-18 18:43:23,NFD,1000,60.454
SCALE_C_CCNlite_1000_050,1,2026-08-18 18:43:54,CCNlite,1000,60.352
SCALE_C_NFD_1000_021,0,2026-08-18 18:46:41,NFD,1000,53.159
SCALE_C_CCNlite_1000_051,1,2026-08-18 18:46:41,CCNlite,1000,59.022
SCALE_C_CCNlite_1000_052,1,2026-08-18 18:48:06,CCNlite,1000,59.62
SCALE_C_NFD_1000_022,0,2026-08-18 18:48:07,NFD,1000,56.804
SCALE_C_NFD_1000_023,0,2026-08-18 18:48:58,NFD,1000,57.437
SCALE_C_CCNlite_1000_053,1,2026-08-18 18:49:14,CCNlite,1000,58.525
SCALE_C_CCNlite_1000_054,1,2026-08-18 18:50:39,CCNlite,1000,59.27
SCALE_C_CCNlite_1000_055,1,2026-08-18 18:53:23,CCNlite,1000,60.811
SCALE_C_CCNlite_1000_056,1,2026-08-18 18:56:11,CCNlite,1000,58.623
SCALE_C_CCNlite_1000_057,1,2026-08-18 18:57:23,CCNlite,1000,61.871
SCALE_C_CCNlite_1000_058,1,2026-08-18 18:58:37,CCNlite,1000,60.42
SCALE_C_uDCN_500_026,1,2026-08-18 19:30:44,uDCN,500,85.204
SCALE_C_uDCN_500_027,1,2026-08-18 19:31:51,uDCN,500,95.16
SCALE_C_uDCN_500_028,1,2026-08-18 19:33:06,uDCN,500,95.971
SCALE_C_uDCN_500_029,1,2026-08-18 19:35:11,uDCN,500,93.575
SCALE_C_uDCN_500_030,1,2026-08-18 19:39:26,uDCN,500,90.584
SCALE_C_uDCN_500_031,1,2026-08-18 19:40:45,uDCN,500,89.803
SCALE_C_uDCN_500_032,1,2026-08-18 19:43:16,uDCN,500,94.411
SCALE_C_uDCN_500_033,1,2026-08-18 19:43:53,uDCN,500,83.663
SCALE_C_uDCN_500_034,1,2026-08-18 19:46:28,uDCN,500,92.176
SCALE_C_uDCN_500_035,1,2026-08-18 19:50:16,uDCN,500,92.916
SCALE_C_uDCN_500_036,1,2026-08-18 19:51:29,uDCN,500,89.755
SCALE_C_uDCN_500_037,1,2026-08-18 19:53:21,uDCN,500,93.359
SCALE_C_uDCN_500_038,1,2026-08-18 19:55:51,uDCN,500,92.19
SCALE_C_uDCN_500_039,1,2026-08-18 19:57:49,uDCN,500,93.456
SCALE_C_uDCN_500_040,1,2026-08-18 20:04:08,uDCN,500,98.574
SCALE_C_uDCN_500_041,1,2026-08-18 20:08:16,uDCN,500,97.571
SCALE_C_uDCN_500_042,1,2026-08-18 20:09:05,uDCN,500,92.037
SCALE_C_uDCN_500_043,1,2026-08-18 20:10:53,uDCN,500,95.983
SCALE_C_uDCN_500_044,1,2026-08-18 20:13:23,uDCN,500,87.247
SCALE_C_uDCN_500_045,1,2026-08-18 20:17:43,uDCN,500,88.095
SCALE_C_uDCN_500_046,1,2026-08-18 20:19:25,uDCN,500,88.069
SCALE_C_uDCN_500_047,1,2026-08-18 20:20:30,uDCN,500,91.008
SCALE_C_uDCN_500_048,1,2026-08-18 20:21:42,uDCN,500,88.297
SCALE_C_uDCN_500_049,1,2026-08-18 20:22:56,uDCN,500,92.646
SCALE_C_uDCN_500_050,1,2026-08-18 20:26:25,uDCN,500,89.64
SCALE_C_uDCN_500_051,1,2026-08-18 20:28:02,uDCN,500,93.555
SCALE_C_uDCN_500_052,1,2026-08-18 20:29:23,uDCN,500,91.552
SCALE_C_uDCN_500_053,1,2026-08-18 20:32:52,uDCN,500,90.437
SCALE_C_uDCN_500_054,1,2026-08-18 20:36:13,uDCN,500,88.559
SCALE_C_uDCN_500_055,1,2026-08-18 20:37:51,uDCN,500,88.07
SCALE_C_uDCN_500_056,1,2026-08-18 20:41:10,uDCN,500,90.784
SCALE_C_uDCN_500_057,1,2026-08-18 20:41:56,uDCN,500,96.984
SCALE_C_PythonNDN_10_136,7,2026-08-18 21:47:34,PythonNDN,10,100.0
SCALE_C_PythonNDN_10_137,7,2026-08-18 21:50:56,PythonNDN,10,100.0
SCALE_C_PythonNDN_10_138,7,2026-08-18 21:51:54,PythonNDN,10,100.0
SCALE_C_PythonNDN_10_139,7,2026-08-18 21:53:22,PythonNDN,10,100.0
SCALE_C_PythonNDN_10_140,7,2026-08-18 21:57:00,PythonNDN,10,95.645
SCALE_C_PythonNDN_10_141,7,2026-08-18 21:58:13,PythonNDN,10,97.016
SCALE_C_PythonNDN_10_142,7,2026-08-18 22:01:52,PythonNDN,10,99.366
SCALE_C_PythonNDN_10_143,7,2026-08-18 22:04:55,PythonNDN,10,97.037
SCALE_C_PythonNDN_10_144,7,2026-08-18 22:07:15,PythonNDN,10,95.303
SCALE_C_PythonNDN_10_145,7,2026-08-18 22:15:23,PythonNDN,10,100.0
SCALE_C_PythonNDN_10_146,7,2026-08-18 22:18:01,PythonNDN,10,97.635
SCALE_C_PythonNDN_10_147,7,2026-08-18 22:22:11,PythonNDN,10,100.0
SCALE_C_PythonNDN_10_148,7,2026-08-18 22:24:50,PythonNDN,10,100.0
SCALE_C_PythonNDN_10_149,7,2026-08-18 22:26:40,PythonNDN,10,95.519
SCALE_C_PythonNDN_10_150,7,2026-08-18 22:31:43,PythonNDN,10,100.0
SCALE_C_PythonNDN_100_056,2,2026-08-18 22:54:07,PythonNDN,100,63.671
SCALE_C_PythonNDN_100_057,2,2026-08-18 22:56:59,PythonNDN,100,69.419
SCALE_C_PythonNDN_100_058,2,2026-08-18 23:01:40,PythonNDN,100,66.769
SCALE_C_PythonNDN_100_059,2,2026-08-18 23:04:37,PythonNDN,100,68.027
SCALE_C_PythonNDN_100_060,2,2026-08-18 23:05:51,PythonNDN,100,65.277
SCALE_C_PythonNDN_100_061,2,2026-08-18 23:08:26,PythonNDN,100,65.181
SCALE_C_PythonNDN_100_062,2,2026-08-18 23:09:09,PythonNDN,100,66.787
SCALE_C_PythonNDN_100_063,2,2026-08-18 23:09:26,PythonNDN,100,63.139
SCALE_C_PythonNDN_100_064,2,2026-08-18 23:12:46,PythonNDN,100,65.752
SCALE_C_PythonNDN_100_065,2,2026-08-18 23:16:21,PythonNDN,100,63.398
SCALE_C_PythonNDN_100_066,2,2026-08-18 23:18:12,PythonNDN,100,67.238
SCALE_C_PythonNDN_100_067,2,2026-08-18 23:23:51,PythonNDN,100,65.567
SCALE_C_PythonNDN_100_068,2,2026-08-18 23:29:12,PythonNDN,100,64.016
SCALE_C_PythonNDN_100_069,2,2026-08-18 23:31:40,PythonNDN,100,65.007
SCALE_C_PythonNDN_1000_130,5,2026-08-19 03:13:29,PythonNDN,1000,14.769
SCALE_C_PythonNDN_1000_131,5,2026-08-19 03:17:34,PythonNDN,1000,16.022
SCALE_C_PythonNDN_1000_132,5,2026-08-19 03:18:26,PythonNDN,1000,14.974
SCALE_C_PythonNDN_1000_133,5,2026-08-19 03:21:14,PythonNDN,1000,15.536
SCALE_C_PythonNDN_1000_134,5,2026-08-19 03:24:20,PythonNDN,1000,14.966
SCALE_C_PythonNDN_1000_135,5,2026-08-19 03:24:59,PythonNDN,1000,14.77
SCALE_C_PythonNDN_1000_136,5,2026-08-19 03:26:43,PythonNDN,1000,14.087
SCALE_C_PythonNDN_1000_137,5,2026-08-19 03:31:53,PythonNDN,1000,14.61
SCALE_C_PythonNDN_1000_138,5,2026-08-19 03:35:47,PythonNDN,1000,16.325
SCALE_C_PythonNDN_1000_139,5,2026-08-19 03:40:21,PythonNDN,1000,15.748
SCALE_C_PythonNDN_1000_140,5,2026-08-19 03:41:17,PythonNDN,1000,15.226
SCALE_C_PythonNDN_1000_141,5,2026-08-19 03:43:05,PythonNDN,1000,15.973
SCALE_C_PythonNDN_1000_142,5,2026-08-19 03:44:05,PythonNDN,1000,15.941
SCALE_C_PythonNDN_1000_143,5,2026-08-19 03:44:53,PythonNDN,1000,15.968
SCALE_C_PythonNDN_1000_144,5,2026-08-19 03:47:39,PythonNDN,1000,14.301
SCALE_C_PythonNDN_1000_145,5,2026-08-19 03:49:43,PythonNDN,1000,15.326
SCALE_C_PythonNDN_1000_146,5,2026-08-19 03:52:17,PythonNDN,1000,14.749
SCALE_C_uDCN_1000_019,1,2026-08-19 06:10:03,uDCN,1000,91.5
SCALE_C_uDCN_1000_020,1,2026-08-19 06:13:05,uDCN,1000,82.439
SCALE_C_uDCN_1000_021,1,2026-08-19 06:15:31,uDCN,1000,91.229
SCALE_C_uDCN_1000_022,1,2026-08-19 06:17:50,uDCN,1000,88.98
SCALE_C_uDCN_1000_023,1,2026-08-19 06:20:23,uDCN,1000,83.976
SCALE_C_uDCN_1000_024,1,2026-08-19 06:22:37,uDCN,1000,85.933
SCALE_C_uDCN_1000_025,1,2026-08-19 06:23:07,uDCN,1000,93.955
SCALE_C_uDCN_1000_026,1,2026-08-19 06:25:43,uDCN,1000,85.861
SCALE_C_uDCN_1000_027,1,2026-08-19 06:28:18,uDCN,1000,88.984
SCALE_C_uDCN_1000_028,1,2026-08-19 06:30:36,uDCN,1000,85.817
SCALE_C_uDCN_1000_029,1,2026-08-19 06:32:23,uDCN,1000,85.957
SCALE_C_uDCN_1000_030,1,2026-08-19 06:34:40,uDCN,1000,92.75
SCALE_C_uDCN_1000_031,1,2026-08-19 06:36:08,uDCN,1000,93.258
SCALE_C_uDCN_1000_032,1,2026-08-19 06:37:15,uDCN,1000,88.181
SCALE_C_uDCN_1000_033,1,2026-08-19 06:37:37,uDCN,1000,90.068
SCALE_C_uDCN_1000_034,1,2026-08-19 06:41:03,uDCN,1000,88.694
SCALE_C_uDCN_1000_035,1,2026-08-19 06:44:13,uDCN,1000,90.408
SCALE_C_uDCN_1000_036,1,2026-08-19 06:46:25,uDCN,1000,97.115
SCALE_C_uDCN_1000_037,1,2026-08-19 06:48:39,uDCN,1000,92.378
SCALE_C_PythonNDN_1000_147,6,2026-08-19 11:39:14,PythonNDN,1000,15.397
SCALE_C_PythonNDN_1000_148,6,2026-08-19 11:41:00,PythonNDN,1000,15.851
SCALE_C_PythonNDN_1000_149,6,2026-08-19 11:41:54,PythonNDN,1000,15.095
SCALE_C_PythonNDN_1000_150,6,2026-08-19 11:43:20,PythonNDN,1000,15.128
SCALE_C_uDCN_1000_038,2,2026-08-19 14:00:11,uDCN,1000,92.474
SCALE_C_uDCN_1000_039,2,2026-08-19 14:01:01,uDCN,1000,92.712
SCALE_C_uDCN_1000_040,2,2026-08-19 14:05:15,uDCN,1000,91.034
SCALE_C_uDCN_1000_041,2,2026-08-19 14:06:56,uDCN,1000,83.115
SCALE_C_uDCN_1000_042,2,2026-08-19 14:08:00,uDCN,1000,88.756
SCALE_C_uDCN_1000_043,2,2026-08-19 14:09:45,uDCN,1000,87.455
SCALE_C_uDCN_1000_044,2,2026-08-19 14:10:33,uDCN,1000,86.126
SCALE_C_uDCN_1000_045,2,2026-08-19 14:13:25,uDCN,1000,87.485
SCALE_C_uDCN_1000_046,2,2026-08-19 14:16:33,uDCN,1000,90.543
SCALE_C_uDCN_1000_047,2,2026-08-19 14:17:12,uDCN,1000,94.113
SCALE_C_uDCN_1000_048,2,2026-08-19 14:20:30,uDCN,1000,84.081
SCALE_C_uDCN_1000_049,2,2026-08-19 14:21:37,uDCN,1000,85.936
SCALE_C_uDCN_1000_050,2,2026-08-19 14:29:19,uDCN,1000,90.143
SCALE_C_uDCN_1000_051,2,2026-08-19 14:31:13,uDCN,1000,86.824
SCALE_C_uDCN_1000_052,2,2026-08-19 14:32:46,uDCN,1000,84.575
SCALE_C_uDCN_1000_053,2,2026-08-19 14:34:06,uDCN,1000,86.666
SCALE_C_uDCN_1000_054,2,2026-08-19 14:38:44,uDCN,1000,91.807
SCALE_C_uDCN_1000_055,2,2026-08-19 14:40:26,uDCN,1000,89.803
SCALE_C_uDCN_1000_056,2,2026-08-19 14:43:02,uDCN,1000,87.593
SCALE_C_uDCN_1000_057,2,2026-08-19 14:44:09,uDCN,1000,89.849
SCALE_C_uDCN_1000_058,2,2026-08-19 14:46:10,uDCN,1000,85.078
SCALE_C_uDCN_1000_059,2,2026-08-19 14:47:00,uDCN,1000,92.598
SCALE_C_uDCN_1000_060,2,2026-08-19 14:47:40,uDCN,1000,85.965
SCALE_C_uDCN_1000_061,2,2026-08-19 14:50:02,uDCN,1000,88.198
SCALE_C_uDCN_1000_062,2,2026-08-19 14:52:48,uDCN,1000,90.435
SCALE_C_uDCN_1000_063,2,2026-08-19 14:56:02,uDCN,1000,89.361
SCALE_C_uDCN_1000_064,2,2026-08-19 14:59:12,uDCN,1000,87.962
SCALE_C_uDCN_50_001,0,2026-08-19 15:00:00,uDCN,50,100.0
SCALE_C_uDCN_1000_065,2,2026-08-19 15:01:43,uDCN,1000,86.596
SCALE_C_uDCN_50_002,0,2026-08-19 15:03:13,uDCN,50,98.04
SCALE_C_uDCN_1000_066,2,2026-08-19 15:04:49,uDCN,1000,91.937
SCALE_C_uDCN_1000_067,2,2026-08-19 15:05:42,uDCN,1000,94.947
SCALE_C_uDCN_50_003,0,2026-08-19 15:06:04,uDCN,50,96.925
SCALE_C_uDCN_1000_068,2,2026-08-19 15:08:25,uDCN,1000,92.287
SCALE_C_uDCN_1000_069,2,2026-08-19 15:10:15,uDCN,1000,91.593
SCALE_C_uDCN_50_004,0,2026-08-19 15:11:01,uDCN,50,98.645
SCALE_C_uDCN_1000_070,2,2026-08-19 15:11:26,uDCN,1000,92.661
SCALE_C_uDCN_50_005,0,2026-08-19 15:14:41,uDCN,50,98.628
SCALE_C_uDCN_1000_071,2,2026-08-19 15:15:18,uDCN,1000,89.629
SCALE_C_uDCN_50_006,0,2026-08-19 15:16:47,uDCN,50,98.673
SCALE_C_uDCN_50_007,0,2026-08-19 15:19:02,uDCN,50,98.828
SCALE_C_uDCN_50_008,0,2026-08-19 15:24:33,uDCN,50,98.274
SCALE_C_uDCN_50_009,0,2026-08-19 15:25:10,uDCN,50,100.0
SCALE_C_uDCN_50_010,0,2026-08-19 15:29:01,uDCN,50,95.728
SCALE_C_uDCN_50_011,0,2026-08-19 15:32:59,uDCN,50,96.157
SCALE_C_uDCN_50_012,0,2026-08-19 15:35:23,uDCN,50,98.833
SCALE_C_uDCN_50_013,0,2026-08-19 15:39:28,uDCN,50,100.0
SCALE_C_uDCN_50_014,0,2026-08-19 15:42:20,uDCN,50,96.797
SCALE_C_uDCN_50_015,0,2026-08-19 15:45:03,uDCN,50,97.299
SCALE_C_uDCN_50_016,0,2026-08-19 15:47:10,uDCN,50,97.007
SCALE_C_NFD_50_060,2,2026-08-19 15:48:17,NFD,50,93.097
SCALE_C_NFD_50_061,2,2026-08-19 15:49:31,NFD,50,99.304
SCALE_C_uDCN_50_017,0,2026-08-19 15:49:36,uDCN,50,100.0
SCALE_C_NFD_50_062,2,2026-08-19 15:50:14,NFD,50,94.482
SCALE_C_uDCN_50_018,0,2026-08-19 15:50:35,uDCN,50,100.0
SCALE_C_NFD_50_063,2,2026-08-19 15:53:02,NFD,50,91.946
SCALE_C_NFD_50_064,2,2026-08-19 15:54:01,NFD,50,94.413
SCALE_C_uDCN_50_019,0,2026-08-19 15:54:27,uDCN,50,100.0
SCALE_C_NFD_50_065,2,2026-08-19 15:57:07,NFD,50,88.63
SCALE_C_NFD_50_066,2,2026-08-19 15:57:51,NFD,50,94.374
SCALE_C_NFD_50_067,2,2026-08-19 15:58:55,NFD,50,89.587
SCALE_C_NFD_50_068,2,2026-08-19 16:00:16,NFD,50,92.687
SCALE_C_NFD_50_069,2,2026-08-19 16:01:47,NFD,50,92.243
SCALE_C_NFD_1000_024,1,2026-08-19 16:02:03,NFD,1000,55.966
SCALE_C_NFD_50_070,2,2026-08-19 16:02:27,NFD,50,89.925
SCALE_C_NFD_50_071,2,2026-08-19 16:05:02,NFD,50,92.644
SCALE_C_NFD_1000_025,1,2026-08-19 16:05:37,NFD,1000,57.747
SCALE_C_NFD_50_072,2,2026-08-19 16:06:14,NFD,50,88.749
SCALE_C_NFD_50_073,2,2026-08-19 16:06:53,NFD,50,88.859
SCALE_C_NFD_1000_026,1,2026-08-19 16:07:40,NFD,1000,55.603
SCALE_C_NFD_50_074,2,2026-08-19 16:09:40,NFD,50,88.442
SCALE_C_NFD_1000_027,1,2026-08-19 16:12:15,NFD,1000,57.159
SCALE_C_NFD_1000_028,1,2026-08-19 16:13:52,NFD,1000,56.848
SCALE_C_NFD_50_075,2,2026-08-19 16:14:15,NFD,50,90.046
SCALE_C_NFD_50_076,2,2026-08-19 16:15:59,NFD,50,90.554
SCALE_C_NFD_1000_029,1,2026-08-19 16:17:54,NFD,1000,54.234
SCALE_C_NFD_50_077,2,2026-08-19 16:19:52,NFD,50,90.146
SCALE_C_NFD_1000_030,1,2026-08-19 16:20:36,NFD,1000,53.845
SCALE_C_NFD_50_078,2,2026-08-19 16:20:38,NFD,50,93.941
SCALE_C_NFD_50_079,2,2026-08-19 16:21:59,NFD,50,89.197
SCALE_C_NFD_50_080,2,2026-08-19 16:23:04,NFD,50,86.448
SCALE_C_NFD_1000_031,1,2026-08-19 16:23:22,NFD,1000,56.304
SCALE_C_NFD_50_081,2,2026-08-19 16:23:45,NFD,50,96.669
SCALE_C_NFD_1000_032,1,2026-08-19 16:25:31,NFD,1000,55.781
SCALE_C_NFD_50_082,2,2026-08-19 16:26:23,NFD,50,92.779
SCALE_C_NFD_50_083,2,2026-08-19 16:27:06,NFD,50,88.539
SCALE_C_NFD_1000_033,1,2026-08-19 16:27:45,NFD,1000,55.481
SCALE_C_NFD_50_084,2,2026-08-19 16:29:13,NFD,50,82.843
SCALE_C_NFD_1000_034,1,2026-08-19 16:29:30,NFD,1000,56.091
SCALE_C_NFD_50_085,2,2026-08-19 16:29:35,NFD,50,89.089
SCALE_C_NFD_1000_035,1,2026-08-19 16:31:05,NFD,1000,59.424
SCALE_C_PythonNDN_100_070,3,2026-08-19 16:32:45,PythonNDN,100,65.987
SCALE_C_NFD_1000_036,1,2026-08-19 16:33:38,NFD,1000,54.605
SCALE_C_PythonNDN_100_071,3,2026-08-19 16:34:19,PythonNDN,100,65.592
SCALE_C_NFD_1000_037,1,2026-08-19 16:35:46,NFD,1000,55.667
SCALE_C_PythonNDN_100_072,3,2026-08-19 16:36:12,PythonNDN,100,64.271
SCALE_C_NFD_50_086,2,2026-08-19 16:37:40,NFD,50,91.58
SCALE_C_NFD_1000_038,1,2026-08-19 16:37:58,NFD,1000,53.093
SCALE_C_NFD_50_087,2,2026-08-19 16:39:33,NFD,50,92.494
SCALE_C_NFD_1000_039,1,2026-08-19 16:40:12,NFD,1000,50.244
SCALE_C_PythonNDN_100_073,3,2026-08-19 16:40:26,PythonNDN,100,61.286
SCALE_C_PythonNDN_100_074,3,2026-08-19 16:41:19,PythonNDN,100,64.213
SCALE_C_NFD_1000_040,1,2026-08-19 16:41:40,NFD,1000,56.632
SCALE_C_NFD_50_088,2,2026-08-19 16:42:55,NFD,50,91.017
SCALE_C_PythonNDN_100_075,3,2026-08-19 16:43:28,PythonNDN,100,63.21
SCALE_C_NFD_1000_041,1,2026-08-19 16:43:59,NFD,1000,58.243
SCALE_C_NFD_50_089,2,2026-08-19 16:44:18,NFD,50,89.819
SCALE_C_PythonNDN_100_076,3,2026-08-19 16:44:38,PythonNDN,100,66.367
SCALE_C_PythonNDN_100_077,3,2026-08-19 16:45:15,PythonNDN,100,60.004
SCALE_C_NFD_1000_042,1,2026-08-19 16:45:46,NFD,1000,55.511
SCALE_C_PythonNDN_100_078,3,2026-08-19 16:46:57,PythonNDN,100,61.437
SCALE_C_NFD_1000_043,1,2026-08-19 16:47:29,NFD,1000,52.312
SCALE_C_NFD_50_090,2,2026-08-19 16:47:37,NFD,50,89.727
SCALE_C_PythonNDN_100_079,3,2026-08-19 16:48:09,PythonNDN,100,65.034
SCALE_C_PythonNDN_100_080,3,2026-08-19 16:48:56,PythonNDN,100,66.948
SCALE_C_NFD_50_091,2,2026-08-19 16:49:06,NFD,50,92.469
SCALE_C_NFD_1000_044,1,2026-08-19 16:49:37,NFD,1000,53.521
SCALE_C_NFD_50_092,2,2026-08-19 16:50:21,NFD,50,88.336
SCALE_C_NFD_50_093,2,2026-08-19 16:51:16,NFD,50,93.156
SCALE_C_NFD_1000_045,1,2026-08-19 16:51:39,NFD,1000,55.093
SCALE_C_PythonNDN_100_081,3,2026-08-19 16:53:05,PythonNDN,100,65.868
SCALE_C_NFD_50_094,2,2026-08-19 16:53:14,NFD,50,90.2
SCALE_C_NFD_1000_046,1,2026-08-19 16:53:17,NFD,1000,53.467
SCALE_C_NFD_1000_047,1,2026-08-19 16:56:01,NFD,1000,56.225
SCALE_C_PythonNDN_100_082,3,2026-08-19 16:56:17,PythonNDN,100,64.089
SCALE_C_PythonNDN_100_083,3,2026-08-19 16:57:59,PythonNDN,100,62.997
SCALE_C_PythonNDN_100_084,3,2026-08-19 17:01:52,PythonNDN,100,65.339
SCALE_C_PythonNDN_100_085,3,2026-08-19 17:03:21,PythonNDN,100,64.481
SCALE_C_PythonNDN_100_086,3,2026-08-19 17:07:08,PythonNDN,100,68.515
SCALE_C_PythonNDN_100_087,3,2026-08-19 17:08:25,PythonNDN,100,68.185
SCALE_C_PythonNDN_100_088,3,2026-08-19 17:10:04,PythonNDN,100,62.981
SCALE_C_PythonNDN_100_089,3,2026-08-19 17:10:35,PythonNDN,100,65.379
SCALE_C_PythonNDN_100_090,3,2026-08-19 17:12:18,PythonNDN,100,65.634
SCALE_C_PythonNDN_100_091,3,2026-08-19 17:13:35,PythonNDN,100,64.968
SCALE_C_PythonNDN_100_092,3,2026-08-19 17:14:52,PythonNDN,100,62.612
SCALE_C_PythonNDN_100_093,3,2026-08-19 17:17:20,PythonNDN,100,66.267
SCALE_C_PythonNDN_100_094,3,2026-08-19 17:19:21,PythonNDN,100,64.714
SCALE_C_PythonNDN_100_095,3,2026-08-19 17:22:15,PythonNDN,100,60.181
SCALE_C_PythonNDN_100_096,3,2026-08-19 17:25:09,PythonNDN,100,71.024
SCALE_C_PythonNDN_50_001,0,2026-08-19 18:00:00,PythonNDN,50,87.605
SCALE_C_PythonNDN_50_002,0,2026-08-19 18:02:06,PythonNDN,50,85.921
SCALE_C_PythonNDN_50_003,0,2026-08-19 18:04:17,PythonNDN,50,92.66
SCALE_C_PythonNDN_50_004,0,2026-08-19 18:08:07,PythonNDN,50,84.77
SCALE_C_PythonNDN_50_005,0,2026-08-19 18:10:36,PythonNDN,50,78.929
SCALE_C_PythonNDN_50_006,0,2026-08-19 18:12:05,PythonNDN,50,94.317
SCALE_C_PythonNDN_50_007,0,2026-08-19 18:13:37,PythonNDN,50,86.811
SCALE_C_PythonNDN_50_008,0,2026-08-19 18:16:29,PythonNDN,50,85.212
SCALE_C_PythonNDN_50_009,0,2026-08-19 18:21:04,PythonNDN,50,86.19
SCALE_C_PythonNDN_50_010,0,2026-08-19 18:21:44,PythonNDN,50,91.974
SCALE_C_PythonNDN_50_011,0,2026-08-19 18:23:14,PythonNDN,50,89.475
SCALE_C_PythonNDN_50_012,0,2026-08-19 18:25:07,PythonNDN,50,88.921
SCALE_C_PythonNDN_50_013,0,2026-08-19 18:29:03,PythonNDN,50,86.276
SCALE_C_PythonNDN_50_014,0,2026-08-19 18:32:05,PythonNDN,50,83.874
SCALE_C_PythonNDN_50_015,0,2026-08-19 18:35:00,PythonNDN,50,87.98
SCALE_C_PythonNDN_50_016,0,2026-08-19 18:36:40,PythonNDN,50,86.794
SCALE_C_PythonNDN_50_017,0,2026-08-19 18:37:17,PythonNDN,50,84.506
SCALE_C_PythonNDN_50_018,0,2026-08-19 18:40:17,PythonNDN,50,89.734
SCALE_C_PythonNDN_50_019,0,2026-08-19 18:42:26,PythonNDN,50,83.876
SCALE_C_PythonNDN_50_020,0,2026-08-19 18:46:00,PythonNDN,50,81.359
SCALE_C_PythonNDN_50_021,0,2026-08-19 18:48:04,PythonNDN,50,93.265
SCALE_C_PythonNDN_50_022,0,2026-08-19 18:49:29,PythonNDN,50,91.13
SCALE_C_PythonNDN_50_023,0,2026-08-19 18:50:52,PythonNDN,50,86.898
SCALE_C_PythonNDN_50_024,0,2026-08-19 18:54:00,PythonNDN,50,82.804
SCALE_C_PythonNDN_50_025,0,2026-08-19 18:59:29,PythonNDN,50,84.424
SCALE_C_PythonNDN_50_026,0,2026-08-19 19:00:00,PythonNDN,50,85.098
SCALE_C_PythonNDN_50_027,0,2026-08-19 19:03:26,PythonNDN,50,86.278
SCALE_C_PythonNDN_50_028,0,2026-08-19 19:06:05,PythonNDN,50,84.086
SCALE_C_PythonNDN_50_029,0,2026-08-19 19:09:41,PythonNDN,50,91.523
SCALE_C_PythonNDN_50_030,0,2026-08-19 19:12:33,PythonNDN,50,85.013
SCALE_C_PythonNDN_50_031,0,2026-08-19 19:17:27,PythonNDN,50,86.002
SCALE_C_PythonNDN_50_032,0,2026-08-19 19:18:41,PythonNDN,50,84.688
SCALE_C_PythonNDN_50_033,0,2026-08-19 19:20:29,PythonNDN,50,83.877
SCALE_C_PythonNDN_50_034,0,2026-08-19 19:21:59,PythonNDN,50,89.344
SCALE_C_PythonNDN_50_035,0,2026-08-19 19:25:28,PythonNDN,50,79.377
SCALE_C_CCNlite_1000_059,2,2026-08-19 21:45:10,CCNlite,1000,57.965
SCALE_C_CCNlite_1000_060,2,2026-08-19 21:49:55,CCNlite,1000,61.16
SCALE_C_CCNlite_1000_061,2,2026-08-19 21:51:51,CCNlite,1000,60.852
SCALE_C_CCNlite_1000_062,2,2026-08-19 21:55:27,CCNlite,1000,61.486
SCALE_C_CCNlite_1000_063,2,2026-08-19 21:56:33,CCNlite,1000,57.99
SCALE_C_CCNlite_1000_064,2,2026-08-19 21:57:58,CCNlite,1000,60.693
SCALE_C_CCNlite_1000_065,2,2026-08-19 22:02:25,CCNlite,1000,59.244
SCALE_C_CCNlite_1000_066,2,2026-08-19 22:04:28,CCNlite,1000,57.829
SCALE_C_CCNlite_1000_067,2,2026-08-19 22:06:17,CCNlite,1000,60.615
SCALE_C_CCNlite_1000_068,2,2026-08-19 22:10:23,CCNlite,1000,60.435
SCALE_C_CCNlite_1000_069,2,2026-08-19 22:12:39,CCNlite,1000,61.163
SCALE_C_CCNlite_1000_070,2,2026-08-19 22:14:53,CCNlite,1000,55.845
SCALE_C_CCNlite_1000_071,2,2026-08-19 22:16:17,CCNlite,1000,57.291
SCALE_C_CCNlite_1000_072,2,2026-08-19 22:18:26,CCNlite,1000,61.703
SCALE_C_CCNlite_1000_073,2,2026-08-19 22:20:10,CCNlite,1000,58.367
SCALE_C_CCNlite_1000_074,2,2026-08-19 22:20:59,CCNlite,1000,62.809
SCALE_C_CCNlite_1000_075,2,2026-08-19 22:23:38,CCNlite,1000,58.616
SCALE_C_CCNlite_1000_076,2,2026-08-19 22:25:18,CCNlite,1000,58.872
SCALE_C_CCNlite_1000_077,2,2026-08-19 22:27:24,CCNlite,1000,61.993
SCALE_C_CCNlite_1000_078,2,2026-08-19 22:29:25,CCNlite,1000,60.766
SCALE_C_CCNlite_1000_079,2,2026-08-19 22:32:04,CCNlite,1000,62.547
SCALE_C_CCNlite_1000_080,2,2026-08-19 22:35:44,CCNlite,1000,62.389
SCALE_C_CCNlite_1000_081,2,2026-08-19 22:36:07,CCNlite,1000,62.017
SCALE_C_CCNlite_1000_082,2,2026-08-19 22:39:19,CCNlite,1000,61.099
SCALE_C_CCNlite_1000_083,2,2026-08-19 22:40:56,CCNlite,1000,60.501
SCALE_C_CCNlite_1000_084,2,2026-08-19 22:43:51,CCNlite,1000,60.458
SCALE_C_CCNlite_1000_085,2,2026-08-19 22:45:09,CCNlite,1000,63.527
SCALE_C_CCNlite_1000_086,2,2026-08-19 22:46:16,CCNlite,1000,59.348
SCALE_C_NFD_50_095,3,2026-08-20 00:25:37,NFD,50,88.817
SCALE_C_NFD_50_096,3,2026-08-20 00:27:30,NFD,50,96.08
SCALE_C_NFD_50_097,3,2026-08-20 00:29:16,NFD,50,89.631
SCALE_C_NFD_50_098,3,2026-08-20 00:30:25,NFD,50,90.106
SCALE_C_NFD_50_099,3,2026-08-20 00:35:30,NFD,50,96.099
SCALE_C_NFD_50_100,3,2026-08-20 00:38:15,NFD,50,100.0
SCALE_C_NFD_50_101,3,2026-08-20 00:40:49,NFD,50,90.107
SCALE_C_NFD_50_102,3,2026-08-20 00:44:26,NFD,50,89.386
SCALE_C_NFD_50_103,3,2026-08-20 00:50:39,NFD,50,90.987
SCALE_C_NFD_50_104,3,2026-08-20 00:53:07,NFD,50,94.616
SCALE_C_NFD_50_105,3,2026-08-20 00:54:11,NFD,50,93.948
SCALE_C_NFD_50_106,3,2026-08-20 00:55:05,NFD,50,95.895
SCALE_C_NFD_50_107,3,2026-08-20 00:55:20,NFD,50,89.472
SCALE_C_NFD_50_108,3,2026-08-20 00:56:34,NFD,50,93.05
SCALE_C_NFD_50_109,3,2026-08-20 00:58:27,NFD,50,96.027
SCALE_C_NFD_50_110,3,2026-08-20 00:58:55,NFD,50,87.707
SCALE_C_NFD_50_111,3,2026-08-20 01:01:29,NFD,50,89.697
SCALE_C_NFD_50_112,3,2026-08-20 01:06:26,NFD,50,90.515
SCALE_C_NFD_50_113,3,2026-08-20 01:08:45,NFD,50,92.868
SCALE_C_NFD_50_114,3,2026-08-20 01:09:14,NFD,50,92.774
SCALE_C_NFD_50_115,3,2026-08-20 01:11:36,NFD,50,95.415
SCALE_C_NFD_50_116,3,2026-08-20 01:12:27,NFD,50,90.216
SCALE_C_NFD_50_117,3,2026-08-20 01:17:55,NFD,50,100.0
SCALE_C_PythonNDN_50_036,1,2026-08-20 01:44:17,PythonNDN,50,82.444
SCALE_C_PythonNDN_50_037,1,2026-08-20 01:48:09,PythonNDN,50,87.274
SCALE_C_PythonNDN_50_038,1,2026-08-20 01:49:35,PythonNDN,50,91.091
SCALE_C_PythonNDN_50_039,1,2026-08-20 01:50:49,PythonNDN,50,89.233
SCALE_C_PythonNDN_50_040,1,2026-08-20 01:51:39,PythonNDN,50,83.354
SCALE_C_PythonNDN_50_041,1,2026-08-20 01:53:05,PythonNDN,50,88.883
SCALE_C_PythonNDN_50_042,1,2026-08-20 01:55:09,PythonNDN,50,86.423
SCALE_C_PythonNDN_50_043,1,2026-08-20 01:57:27,PythonNDN,50,87.681
SCALE_C_PythonNDN_50_044,1,2026-08-20 02:01:34,PythonNDN,50,88.913
SCALE_C_PythonNDN_50_045,1,2026-08-20 02:03:52,PythonNDN,50,88.015
SCALE_C_PythonNDN_50_046,1,2026-08-20 02:06:42,PythonNDN,50,84.02
SCALE_C_PythonNDN_50_047,1,2026-08-20 02:10:43,PythonNDN,50,87.955
SCALE_C_PythonNDN_50_048,1,2026-08-20 02:12:11,PythonNDN,50,89.766
SCALE_C_PythonNDN_50_049,1,2026-08-20 02:13:36,PythonNDN,50,81.465
SCALE_C_PythonNDN_50_050,1,2026-08-20 02:14:11,PythonNDN,50,85.64
SCALE_C_PythonNDN_50_051,1,2026-08-20 02:16:03,PythonNDN,50,85.134
SCALE_C_PythonNDN_50_052,1,2026-08-20 02:17:51,PythonNDN,50,80.731
SCALE_C_PythonNDN_50_053,1,2026-08-20 02:19:06,PythonNDN,50,80.56
SCALE_C_PythonNDN_50_054,1,2026-08-20 02:20:16,PythonNDN,50,89.807
SCALE_C_PythonNDN_50_055,1,2026-08-20 02:21:22,PythonNDN,50,92.404
SCALE_C_PythonNDN_50_056,1,2026-08-20 02:22:43,PythonNDN,50,81.698
SCALE_C_PythonNDN_50_057,1,2026-08-20 02:26:25,PythonNDN,50,88.059
SCALE_C_uDCN_500_058,2,2026-08-20 02:33:26,uDCN,500,92.521
SCALE_C_uDCN_500_059,2,2026-08-20 02:37:45,uDCN,500,92.128
SCALE_C_uDCN_500_060,2,2026-08-20 02:40:00,uDCN,500,89.7
SCALE_C_uDCN_500_061,2,2026-08-20 02:41:08,uDCN,500,94.724
SCALE_C_uDCN_500_062,2,2026-08-20 02:41:49,uDCN,500,88.207
SCALE_C_uDCN_500_063,2,2026-08-20 02:44:57,uDCN,500,92.82
SCALE_C_uDCN_500_064,2,2026-08-20 02:47:13,uDCN,500,90.159
SCALE_C_uDCN_500_065,2,2026-08-20 02:48:06,uDCN,500,89.648
SCALE_C_uDCN_50_020,1,2026-08-20 02:48:16,uDCN,50,91.85
SCALE_C_PythonNDN_100_097,4,2026-08-20 02:49:15,PythonNDN,100,71.145
SCALE_C_PythonNDN_100_098,4,2026-08-20 02:50:49,PythonNDN,100,64.404
SCALE_C_uDCN_500_066,2,2026-08-20 02:51:56,uDCN,500,87.432
SCALE_C_uDCN_50_021,1,2026-08-20 02:52:35,uDCN,50,96.302
SCALE_C_PythonNDN_100_099,4,2026-08-20 02:53:19,PythonNDN,100,67.488
SCALE_C_PythonNDN_100_100,4,2026-08-20 02:53:50,PythonNDN,100,68.694
SCALE_C_uDCN_500_067,2,2026-08-20 02:53:53,uDCN,500,93.254
SCALE_C_uDCN_50_022,1,2026-08-20 02:54:33,uDCN,50,99.916
SCALE_C_uDCN_500_068,2,2026-08-20 02:54:51,uDCN,500,89.558
SCALE_C_PythonNDN_100_101,4,2026-08-20 02:55:09,PythonNDN,100,64.592
SCALE_C_uDCN_50_023,1,2026-08-20 02:57:48,uDCN,50,98.569
SCALE_C_uDCN_50_024,1,2026-08-20 02:58:46,uDCN,50,95.723
SCALE_C_uDCN_500_069,2,2026-08-20 02:58:47,uDCN,500,90.878
SCALE_C_uDCN_50_025,1,2026-08-20 03:01:24,uDCN,50,100.0
SCALE_C_PythonNDN_100_102,4,2026-08-20 03:02:00,PythonNDN,100,63.302
SCALE_C_PythonNDN_100_103,4,2026-08-20 03:02:25,PythonNDN,100,67.738
SCALE_C_uDCN_500_070,2,2026-08-20 03:04:09,uDCN,500,91.319
SCALE_C_uDCN_50_026,1,2026-08-20 03:04:56,uDCN,50,93.704
SCALE_C_PythonNDN_100_104,4,2026-08-20 03:05:20,PythonNDN,100,66.208
SCALE_C_uDCN_500_071,2,2026-08-20 03:06:56,uDCN,500,91.163
SCALE_C_PythonNDN_100_105,4,2026-08-20 03:07:02,PythonNDN,100,68.049
SCALE_C_PythonNDN_100_106,4,2026-08-20 03:08:09,PythonNDN,100,62.6
SCALE_C_uDCN_50_027,1,2026-08-20 03:08:16,uDCN,50,100.0
SCALE_C_uDCN_500_072,2,2026-08-20 03:09:55,uDCN,500,89.811
SCALE_C_uDCN_50_028,1,2026-08-20 03:10:34,uDCN,50,96.327
SCALE_C_uDCN_50_029,1,2026-08-20 03:11:21,uDCN,50,100.0
SCALE_C_PythonNDN_100_107,4,2026-08-20 03:12:15,PythonNDN,100,58.905
SCALE_C_uDCN_500_073,2,2026-08-20 03:12:30,uDCN,500,92.403
SCALE_C_PythonNDN_100_108,4,2026-08-20 03:14:12,PythonNDN,100,67.131
SCALE_C_uDCN_50_030,1,2026-08-20 03:14:50,uDCN,50,98.695
SCALE_C_uDCN_50_031,1,2026-08-20 03:16:21,uDCN,50,100.0
SCALE_C_uDCN_500_074,2,2026-08-20 03:16:49,uDCN,500,88.707
SCALE_C_PythonNDN_100_109,4,2026-08-20 03:17:37,PythonNDN,100,65.677
SCALE_C_PythonNDN_100_110,4,2026-08-20 03:18:32,PythonNDN,100,67.529
SCALE_C_uDCN_500_075,2,2026-08-20 03:18:55,uDCN,500,94.677
SCALE_C_PythonNDN_100_111,4,2026-08-20 03:19:15,PythonNDN,100,67.534
SCALE_C_NFD_50_118,4,2026-08-20 03:20:22,NFD,50,90.687
SCALE_C_uDCN_50_032,1,2026-08-20 03:20:55,uDCN,50,94.837
SCALE_C_PythonNDN_100_112,4,2026-08-20 03:21:42,PythonNDN,100,68.877
SCALE_C_uDCN_500_076,2,2026-08-20 03:22:40,uDCN,500,90.847
SCALE_C_uDCN_50_033,1,2026-08-20 03:23:12,uDCN,50,95.417
SCALE_C_NFD_50_119,4,2026-08-20 03:23:23,NFD,50,91.739
SCALE_C_uDCN_50_034,1,2026-08-20 03:23:44,uDCN,50,98.329
SCALE_C_PythonNDN_100_113,4,2026-08-20 03:24:57,PythonNDN,100,64.604
SCALE_C_NFD_50_120,4,2026-08-20 03:25:03,NFD,50,92.02
SCALE_C_uDCN_50_035,1,2026-08-20 03:25:18,uDCN,50,100.0
SCALE_C_uDCN_50_036,1,2026-08-20 03:27:07,uDCN,50,97.173
SCALE_C_uDCN_50_037,1,2026-08-20 03:28:01,uDCN,50,99.087
SCALE_C_PythonNDN_100_114,4,2026-08-20 03:28:10,PythonNDN,100,65.209
SCALE_C_NFD_50_121,4,2026-08-20 03:28:16,NFD,50,90.375
SCALE_C_uDCN_500_077,2,2026-08-20 03:28:30,uDCN,500,90.768
SCALE_C_NFD_50_122,4,2026-08-20 03:29:17,NFD,50,94.966
SCALE_C_NFD_50_123,4,2026-08-20 03:29:59,NFD,50,96.839
SCALE_C_uDCN_500_078,2,2026-08-20 03:31:01,uDCN,500,95.143
SCALE_C_NFD_50_124,4,2026-08-20 03:32:00,NFD,50,88.892
SCALE_C_uDCN_50_038,1,2026-08-20 03:32:11,uDCN,50,98.009
SCALE_C_uDCN_500_079,2,2026-08-20 03:32:23,uDCN,500,90.382
SCALE_C_PythonNDN_100_115,4,2026-08-20 03:32:52,PythonNDN,100,60.906
SCALE_C_NFD_50_125,4,2026-08-20 03:34:30,NFD,50,93.307
SCALE_C_uDCN_50_039,1,2026-08-20 03:36:28,uDCN,50,96.199
SCALE_C_NFD_50_126,4,2026-08-20 03:37:05,NFD,50,92.731
SCALE_C_PythonNDN_100_116,4,2026-08-20 03:37:46,PythonNDN,100,64.27
SCALE_C_PythonNDN_100_117,4,2026-08-20 03:37:58,PythonNDN,100,69.538
SCALE_C_uDCN_500_080,2,2026-08-20 03:38:45,uDCN,500,88.057
SCALE_C_NFD_50_127,4,2026-08-20 03:38:55,NFD,50,91.712
SCALE_C_NFD_50_128,4,2026-08-20 03:40:00,NFD,50,90.355
SCALE_C_uDCN_500_081,2,2026-08-20 03:41:25,uDCN,500,90.56
SCALE_C_NFD_50_129,4,2026-08-20 03:42:07,NFD,50,91.117
SCALE_C_PythonNDN_100_118,4,2026-08-20 03:42:10,PythonNDN,100,64.513
SCALE_C_uDCN_500_082,2,2026-08-20 03:43:00,uDCN,500,89.085
SCALE_C_uDCN_500_083,2,2026-08-20 03:43:55,uDCN,500,94.71
SCALE_C_PythonNDN_100_119,4,2026-08-20 03:44:58,PythonNDN,100,66.002
SCALE_C_NFD_50_130,4,2026-08-20 03:45:17,NFD,50,87.793
SCALE_C_uDCN_500_084,2,2026-08-20 03:46:25,uDCN,500,93.836
SCALE_C_NFD_50_131,4,2026-08-20 03:46:50,NFD,50,89.2
SCALE_C_PythonNDN_100_120,4,2026-08-20 03:46:59,PythonNDN,100,64.104
SCALE_C_uDCN_500_085,2,2026-08-20 03:47:09,uDCN,500,94.586
SCALE_C_NFD_50_132,4,2026-08-20 03:47:52,NFD,50,91.652
SCALE_C_uDCN_500_086,2,2026-08-20 03:48:43,uDCN,500,87.294
SCALE_C_NFD_50_133,4,2026-08-20 03:49:12,NFD,50,93.897
SCALE_C_PythonNDN_100_121,4,2026-08-20 03:49:42,PythonNDN,100,61.144
SCALE_C_NFD_50_134,4,2026-08-20 03:50:43,NFD,50,93.657
SCALE_C_NFD_50_135,4,2026-08-20 03:53:18,NFD,50,94.742
SCALE_C_NFD_50_136,4,2026-08-20 03:53:32,NFD,50,93.96
SCALE_C_uDCN_500_087,2,2026-08-20 03:54:25,uDCN,500,87.842
SCALE_C_NFD_50_137,4,2026-08-20 03:55:08,NFD,50,86.6
SCALE_C_uDCN_500_088,2,2026-08-20 03:55:57,uDCN,500,92.08
SCALE_C_NFD_50_138,4,2026-08-20 03:57:50,NFD,50,97.53
SCALE_C_NFD_50_139,4,2026-08-20 03:58:43,NFD,50,96.393
SCALE_C_uDCN_500_089,2,2026-08-20 03:59:56,uDCN,500,96.704
SCALE_C_NFD_50_140,4,2026-08-20 04:00:30,NFD,50,93.601
SCALE_C_uDCN_500_090,2,2026-08-20 04:01:03,uDCN,500,92.626
SCALE_C_NFD_50_141,4,2026-08-20 04:01:28,NFD,50,89.777
SCALE_C_NFD_50_142,4,2026-08-20 04:02:33,NFD,50,92.035
SCALE_C_NFD_50_143,4,2026-08-20 04:03:17,NFD,50,86.139
SCALE_C_uDCN_500_091,2,2026-08-20 04:04:26,uDCN,500,94.968
SCALE_C_NFD_50_144,4,2026-08-20 04:04:47,NFD,50,90.819
SCALE_C_uDCN_50_040,2,2026-08-20 04:26:16,uDCN,50,99.296
SCALE_C_uDCN_50_041,2,2026-08-20 04:27:58,uDCN,50,100.0
SCALE_C_uDCN_50_042,2,2026-08-20 04:33:37,uDCN,50,95.733
SCALE_C_uDCN_50_043,2,2026-08-20 04:34:00,uDCN,50,99.947
SCALE_C_uDCN_50_044,2,2026-08-20 04:34:35,uDCN,50,95.919
SCALE_C_uDCN_50_045,2,2026-08-20 04:36:39,uDCN,50,94.89
SCALE_C_uDCN_50_046,2,2026-08-20 04:40:05,uDCN,50,98.319
SCALE_C_uDCN_50_047,2,2026-08-20 04:43:21,uDCN,50,99.195
SCALE_C_uDCN_50_048,2,2026-08-20 04:45:06,uDCN,50,100.0
SCALE_C_uDCN_50_049,2,2026-08-20 04:45:53,uDCN,50,95.856
SCALE_C_uDCN_50_050,2,2026-08-20 04:49:30,uDCN,50,100.0
SCALE_C_uDCN_50_051,2,2026-08-20 04:52:52,uDCN,50,100.0
SCALE_C_uDCN_50_052,2,2026-08-20 04:55:15,uDCN,50,97.349
SCALE_C_uDCN_50_053,2,2026-08-20 04:57:20,uDCN,50,98.041
SCALE_C_uDCN_50_054,2,2026-08-20 04:59:00,uDCN,50,92.578
SCALE_C_uDCN_50_055,2,2026-08-20 04:59:59,uDCN,50,97.099
SCALE_C_uDCN_50_056,2,2026-08-20 05:02:02,uDCN,50,98.394
SCALE_C_uDCN_50_057,2,2026-08-20 05:05:20,uDCN,50,98.189
SCALE_C_uDCN_500_092,3,2026-08-20 07:15:21,uDCN,500,90.376
SCALE_C_uDCN_500_093,3,2026-08-20 07:16:47,uDCN,500,96.859
SCALE_C_uDCN_500_094,3,2026-08-20 07:18:09,uDCN,500,88.947
SCALE_C_uDCN_500_095,3,2026-08-20 07:19:44,uDCN,500,96.607
SCALE_C_uDCN_500_096,3,2026-08-20 07:21:13,uDCN,500,91.091
SCALE_C_uDCN_500_097,3,2026-08-20 07:22:02,uDCN,500,95.689
SCALE_C_uDCN_500_098,3,2026-08-20 07:22:56,uDCN,500,93.552
SCALE_C_uDCN_500_099,3,2026-08-20 07:28:11,uDCN,500,87.843
SCALE_C_uDCN_500_100,3,2026-08-20 07:31:22,uDCN,500,97.953
SCALE_C_uDCN_500_101,3,2026-08-20 07:32:24,uDCN,500,95.096
SCALE_C_uDCN_500_102,3,2026-08-20 07:35:50,uDCN,500,92.831
SCALE_C_uDCN_500_103,3,2026-08-20 07:38:29,uDCN,500,90.528
SCALE_C_uDCN_500_104,3,2026-08-20 07:38:56,uDCN,500,92.2
SCALE_C_uDCN_500_105,3,2026-08-20 07:40:47,uDCN,500,86.217
SCALE_C_uDCN_500_106,3,2026-08-20 07:47:26,uDCN,500,98.17
SCALE_C_uDCN_500_107,3,2026-08-20 07:48:02,uDCN,500,91.472
SCALE_C_uDCN_500_108,3,2026-08-20 07:49:29,uDCN,500,94.283
SCALE_C_CCNlite_1000_087,3,2026-08-20 08:14:38,CCNlite,1000,59.498
SCALE_C_CCNlite_1000_088,3,2026-08-20 08:18:06,CCNlite,1000,54.403
SCALE_C_CCNlite_1000_089,3,2026-08-20 08:22:09,CCNlite,1000,57.389
SCALE_C_CCNlite_1000_090,3,2026-08-20 08:25:32,CCNlite,1000,57.134
SCALE_C_CCNlite_1000_091,3,2026-08-20 08:26:57,CCNlite,1000,57.627
SCALE_C_CCNlite_1000_092,3,2026-08-20 08:30:55,CCNlite,1000,61.441
SCALE_C_CCNlite_1000_093,3,2026-08-20 08:32:32,CCNlite,1000,58.566
SCALE_C_CCNlite_1000_094,3,2026-08-20 08:34:13,CCNlite,1000,63.305
SCALE_C_CCNlite_1000_095,3,2026-08-20 08:38:02,CCNlite,1000,59.16
SCALE_C_CCNlite_1000_096,3,2026-08-20 08:41:30,CCNlite,1000,63.804
SCALE_C_CCNlite_1000_097,3,2026-08-20 08:42:19,CCNlite,1000,57.044
SCALE_C_CCNlite_1000_098,3,2026-08-20 08:43:22,CCNlite,1000,58.631
SCALE_C_CCNlite_1000_099,3,2026-08-20 08:45:10,CCNlite,1000,62.912
SCALE_C_CCNlite_1000_100,3,2026-08-20 08:46:09,CCNlite,1000,59.402
SCALE_C_CCNlite_1000_101,3,2026-08-20 08:47:48,CCNlite,1000,59.942
SCALE_C_PythonNDN_50_058,2,2026-08-20 09:01:46,PythonNDN,50,87.906
SCALE_C_PythonNDN_50_059,2,2026-08-20 09:06:46,PythonNDN,50,83.213
SCALE_C_PythonNDN_50_060,2,2026-08-20 09:08:48,PythonNDN,50,83.075
SCALE_C_PythonNDN_50_061,2,2026-08-20 09:09:34,PythonNDN,50,83.106
SCALE_C_PythonNDN_50_062,2,2026-08-20 09:11:40,PythonNDN,50,82.681
SCALE_C_PythonNDN_50_063,2,2026-08-20 09:12:52,PythonNDN,50,82.446
SCALE_C_PythonNDN_50_064,2,2026-08-20 09:13:46,PythonNDN,50,85.04
SCALE_C_PythonNDN_50_065,2,2026-08-20 09:15:43,PythonNDN,50,83.635
SCALE_C_PythonNDN_50_066,2,2026-08-20 09:18:14,PythonNDN,50,90.159
SCALE_C_PythonNDN_50_067,2,2026-08-20 09:19:23,PythonNDN,50,85.851
SCALE_C_PythonNDN_50_068,2,2026-08-20 09:25:08,PythonNDN,50,83.313
SCALE_C_PythonNDN_50_069,2,2026-08-20 09:30:11,PythonNDN,50,85.332
SCALE_C_PythonNDN_50_070,2,2026-08-20 09:31:03,PythonNDN,50,81.552
SCALE_C_PythonNDN_50_071,2,2026-08-20 09:32:05,PythonNDN,50,79.426
SCALE_C_PythonNDN_50_072,2,2026-08-20 09:35:46,PythonNDN,50,89.492
SCALE_C_PythonNDN_50_073,2,2026-08-20 09:36:54,PythonNDN,50,86.421
SCALE_C_PythonNDN_50_074,2,2026-08-20 09:37:39,PythonNDN,50,83.154
SCALE_C_PythonNDN_50_075,2,2026-08-20 09:43:48,PythonNDN,50,88.051
SCALE_C_uDCN_1000_072,3,2026-08-20 10:51:42,uDCN,1000,90.416
SCALE_C_uDCN_1000_073,3,2026-08-20 10:54:06,uDCN,1000,90.174
SCALE_C_uDCN_1000_074,3,2026-08-20 10:55:18,uDCN,1000,91.351
SCALE_C_uDCN_1000_075,3,2026-08-20 10:59:36,uDCN,1000,91.34
SCALE_C_uDCN_1000_076,3,2026-08-20 11:04:15,uDCN,1000,85.961
SCALE_C_uDCN_1000_077,3,2026-08-20 11:05:24,uDCN,1000,91.767
SCALE_C_uDCN_1000_078,3,2026-08-20 11:07:04,uDCN,1000,86.125
SCALE_C_uDCN_1000_079,3,2026-08-20 11:09:14,uDCN,1000,88.914
SCALE_C_uDCN_1000_080,3,2026-08-20 11:11:12,uDCN,1000,88.3
SCALE_C_uDCN_1000_081,3,2026-08-20 11:15:05,uDCN,1000,84.938
SCALE_C_uDCN_1000_082,3,2026-08-20 11:15:53,uDCN,1000,90.784
SCALE_C_uDCN_1000_083,3,2026-08-20 11:17:50,uDCN,1000,89.249
SCALE_C_uDCN_1000_084,3,2026-08-20 11:19:25,uDCN,1000,96.452
SCALE_C_uDCN_1000_085,3,2026-08-20 11:21:33,uDCN,1000,93.946
SCALE_C_uDCN_1000_086,3,2026-08-20 11:23:45,uDCN,1000,87.654
SCALE_C_uDCN_1000_087,3,2026-08-20 11:24:50,uDCN,1000,90.04
SCALE_C_uDCN_1000_088,3,2026-08-20 11:27:52,uDCN,1000,91.211
SCALE_C_uDCN_1000_089,3,2026-08-20 11:29:08,uDCN,1000,90.997
SCALE_C_uDCN_1000_090,3,2026-08-20 11:31:55,uDCN,1000,86.016
SCALE_C_uDCN_1000_091,3,2026-08-20 11:34:12,uDCN,1000,92.935
SCALE_C_uDCN_1000_092,3,2026-08-20 11:37:00,uDCN,1000,85.058
SCALE_C_uDCN_1000_093,3,2026-08-20 11:39:02,uDCN,1000,87.501
SCALE_C_uDCN_1000_094,3,2026-08-20 11:40:56,uDCN,1000,89.294
SCALE_C_uDCN_1000_095,3,2026-08-20 11:44:15,uDCN,1000,92.493
SCALE_C_uDCN_1000_096,3,2026-08-20 11:48:22,uDCN,1000,89.774
SCALE_C_uDCN_1000_097,3,2026-08-20 11:49:19,uDCN,1000,86.78
SCALE_C_uDCN_1000_098,3,2026-08-20 11:52:07,uDCN,1000,90.985
SCALE_C_uDCN_500_109,4,2026-08-20 11:54:23,uDCN,500,99.967
SCALE_C_uDCN_1000_099,3,2026-08-20 11:54:27,uDCN,1000,91.781
SCALE_C_uDCN_1000_100,3,2026-08-20 11:56:13,uDCN,1000,95.562
SCALE_C_uDCN_500_110,4,2026-08-20 11:58:14,uDCN,500,89.525
SCALE_C_CCNlite_10_001,0,2026-08-20 12:00:00,CCNlite,10,100.0
SCALE_C_uDCN_500_111,4,2026-08-20 12:00:22,uDCN,500,89.347
SCALE_C_uDCN_1000_101,3,2026-08-20 12:00:32,uDCN,1000,93.351
SCALE_C_uDCN_1000_102,3,2026-08-20 12:01:14,uDCN,1000,89.733
SCALE_C_CCNlite_10_002,0,2026-08-20 12:02:03,CCNlite,10,99.091
SCALE_C_uDCN_1000_103,3,2026-08-20 12:03:53,uDCN,1000,89.309
SCALE_C_uDCN_500_112,4,2026-08-20 12:04:24,uDCN,500,87.805
SCALE_C_uDCN_500_113,4,2026-08-20 12:04:55,uDCN,500,95.79
SCALE_C_CCNlite_10_003,0,2026-08-20 12:06:03,CCNlite,10,96.255
SCALE_C_CCNlite_10_004,0,2026-08-20 12:06:55,CCNlite,10,100.0
SCALE_C_uDCN_500_114,4,2026-08-20 12:07:15,uDCN,500,90.693
SCALE_C_CCNlite_10_005,0,2026-08-20 12:09:00,CCNlite,10,100.0
SCALE_C_uDCN_500_115,4,2026-08-20 12:09:10,uDCN,500,91.698
SCALE_C_uDCN_500_116,4,2026-08-20 12:10:05,uDCN,500,91.277
SCALE_C_uDCN_500_117,4,2026-08-20 12:12:00,uDCN,500,92.266
SCALE_C_CCNlite_10_006,0,2026-08-20 12:12:42,CCNlite,10,98.344
SCALE_C_CCNlite_10_007,0,2026-08-20 12:14:12,CCNlite,10,100.0
SCALE_C_CCNlite_10_008,0,2026-08-20 12:14:29,CCNlite,10,100.0
SCALE_C_uDCN_500_118,4,2026-08-20 12:15:40,uDCN,500,95.483
SCALE_C_CCNlite_10_009,0,2026-08-20 12:16:12,CCNlite,10,99.748
SCALE_C_uDCN_500_119,4,2026-08-20 12:16:37,uDCN,500,93.706
SCALE_C_CCNlite_10_010,0,2026-08-20 12:17:53,CCNlite,10,100.0
SCALE_C_CCNlite_10_011,0,2026-08-20 12:18:41,CCNlite,10,100.0
SCALE_C_uDCN_500_120,4,2026-08-20 12:19:36,uDCN,500,90.137
SCALE_C_CCNlite_10_012,0,2026-08-20 12:20:33,CCNlite,10,99.015
SCALE_C_uDCN_500_121,4,2026-08-20 12:20:57,uDCN,500,86.111
SCALE_C_uDCN_500_122,4,2026-08-20 12:22:53,uDCN,500,88.641
SCALE_C_CCNlite_10_013,0,2026-08-20 12:25:21,CCNlite,10,97.611
SCALE_C_uDCN_500_123,4,2026-08-20 12:26:00,uDCN,500,91.715
SCALE_C_CCNlite_10_014,0,2026-08-20 12:26:38,CCNlite,10,97.804
SCALE_C_CCNlite_10_015,0,2026-08-20 12:28:15,CCNlite,10,100.0
SCALE_C_uDCN_500_124,4,2026-08-20 12:28:46,uDCN,500,90.724
SCALE_C_uDCN_500_125,4,2026-08-20 12:29:44,uDCN,500,89.367
SCALE_C_CCNlite_10_016,0,2026-08-20 12:31:49,CCNlite,10,100.0
SCALE_C_uDCN_500_126,4,2026-08-20 12:31:50,uDCN,500,92.963
SCALE_C_CCNlite_10_017,0,2026-08-20 12:33:52,CCNlite,10,100.0
SCALE_C_CCNlite_10_018,0,2026-08-20 12:37:35,CCNlite,10,97.563
SCALE_C_CCNlite_10_019,0,2026-08-20 12:42:23,CCNlite,10,100.0
SCALE_C_CCNlite_10_020,0,2026-08-20 12:43:31,CCNlite,10,100.0
SCALE_C_CCNlite_10_021,0,2026-08-20 12:46:34,CCNlite,10,100.0
SCALE_C_CCNlite_10_022,0,2026-08-20 12:49:52,CCNlite,10,100.0
SCALE_C_CCNlite_10_023,0,2026-08-20 12:53:30,CCNlite,10,98.094
SCALE_C_CCNlite_10_024,0,2026-08-20 12:55:02,CCNlite,10,100.0
SCALE_C_CCNlite_10_025,0,2026-08-20 12:55:30,CCNlite,10,100.0
SCALE_C_CCNlite_10_026,0,2026-08-20 12:57:34,CCNlite,10,100.0
SCALE_C_CCNlite_10_027,0,2026-08-20 12:58:56,CCNlite,10,93.998
SCALE_C_NFD_100_001,0,2026-08-20 13:00:00,NFD,100,77.705
SCALE_C_CCNlite_10_028,0,2026-08-20 13:00:14,CCNlite,10,93.257
SCALE_C_NFD_100_002,0,2026-08-20 13:01:50,NFD,100,83.008
SCALE_C_CCNlite_10_029,0,2026-08-20 13:04:53,CCNlite,10,100.0
SCALE_C_NFD_100_003,0,2026-08-20 13:05:57,NFD,100,77.041
SCALE_C_CCNlite_10_030,0,2026-08-20 13:07:21,CCNlite,10,100.0
SCALE_C_NFD_100_004,0,2026-08-20 13:07:33,NFD,100,83.133
SCALE_C_CCNlite_10_031,0,2026-08-20 13:08:10,CCNlite,10,97.348
SCALE_C_NFD_100_005,0,2026-08-20 13:09:03,NFD,100,77.12
SCALE_C_NFD_100_006,0,2026-08-20 13:10:36,NFD,100,79.729
SCALE_C_CCNlite_10_032,0,2026-08-20 13:10:57,CCNlite,10,100.0
SCALE_C_NFD_100_007,0,2026-08-20 13:12:13,NFD,100,83.639
SCALE_C_CCNlite_10_033,0,2026-08-20 13:13:04,CCNlite,10,100.0
SCALE_C_NFD_100_008,0,2026-08-20 13:14:16,NFD,100,76.553
SCALE_C_NFD_100_009,0,2026-08-20 13:16:37,NFD,100,79.337
SCALE_C_NFD_100_010,0,2026-08-20 13:21:00,NFD,100,77.153
SCALE_C_NFD_100_011,0,2026-08-20 13:24:49,NFD,100,78.845
SCALE_C_NFD_100_012,0,2026-08-20 13:29:04,NFD,100,76.753
SCALE_C_NFD_100_013,0,2026-08-20 13:30:00,NFD,100,78.516
SCALE_C_NFD_100_014,0,2026-08-20 13:35:17,NFD,100,79.02
SCALE_C_NFD_100_015,0,2026-08-20 13:36:06,NFD,100,75.977
SCALE_C_NFD_100_016,0,2026-08-20 13:38:15,NFD,100,77.169
SCALE_C_NFD_100_017,0,2026-08-20 13:40:27,NFD,100,79.776
SCALE_C_NFD_100_018,0,2026-08-20 13:44:42,NFD,100,78.829
SCALE_C_NFD_100_019,0,2026-08-20 13:45:56,NFD,100,79.775
SCALE_C_NFD_100_020,0,2026-08-20 13:49:11,NFD,100,80.825
SCALE_C_NFD_100_021,0,2026-08-20 13:51:37,NFD,100,76.96
SCALE_C_NFD_100_022,0,2026-08-20 13:52:47,NFD,100,82.709
SCALE_C_NFD_100_023,0,2026-08-20 13:53:39,NFD,100,83.128
SCALE_C_NFD_100_024,0,2026-08-20 13:55:39,NFD,100,75.988
SCALE_C_NFD_100_025,0,2026-08-20 13:57:21,NFD,100,81.274
SCALE_C_NFD_100_026,0,2026-08-20 14:01:33,NFD,100,75.611
SCALE_C_NFD_100_027,0,2026-08-20 14:04:48,NFD,100,82.768
SCALE_C_CCNlite_10_034,1,2026-08-20 15:49:31,CCNlite,10,98.334
SCALE_C_CCNlite_10_035,1,2026-08-20 15:55:03,CCNlite,10,97.872
SCALE_C_CCNlite_10_036,1,2026-08-20 15:55:51,CCNlite,10,100.0
SCALE_C_CCNlite_10_037,1,2026-08-20 15:56:55,CCNlite,10,100.0
SCALE_C_CCNlite_10_038,1,2026-08-20 15:58:27,CCNlite,10,94.298
SCALE_C_CCNlite_10_039,1,2026-08-20 16:00:56,CCNlite,10,93.733
SCALE_C_CCNlite_10_040,1,2026-08-20 16:05:02,CCNlite,10,98.311
SCALE_C_CCNlite_10_041,1,2026-08-20 16:06:19,CCNlite,10,99.859
SCALE_C_CCNlite_10_042,1,2026-08-20 16:07:52,CCNlite,10,100.0
SCALE_C_CCNlite_10_043,1,2026-08-20 16:09:00,CCNlite,10,99.78
SCALE_C_PythonNDN_100_122,5,2026-08-20 16:10:32,PythonNDN,100,61.541
SCALE_C_CCNlite_10_044,1,2026-08-20 16:10:35,CCNlite,10,100.0
SCALE_C_PythonNDN_100_123,5,2026-08-20 16:11:38,PythonNDN,100,62.173
SCALE_C_CCNlite_10_045,1,2026-08-20 16:11:40,CCNlite,10,96.53
SCALE_C_CCNlite_10_046,1,2026-08-20 16:12:57,CCNlite,10,100.0
SCALE_C_PythonNDN_100_124,5,2026-08-20 16:15:32,PythonNDN,100,65.074
SCALE_C_PythonNDN_100_125,5,2026-08-20 16:17:29,PythonNDN,100,68.6
SCALE_C_CCNlite_10_047,1,2026-08-20 16:18:43,CCNlite,10,96.913
SCALE_C_CCNlite_10_048,1,2026-08-20 16:19:27,CCNlite,10,92.993
SCALE_C_CCNlite_10_049,1,2026-08-20 16:21:53,CCNlite,10,98.534
SCALE_C_PythonNDN_100_126,5,2026-08-20 16:22:19,PythonNDN,100,63.004
SCALE_C_CCNlite_10_050,1,2026-08-20 16:25:36,CCNlite,10,100.0
SCALE_C_CCNlite_10_051,1,2026-08-20 16:26:43,CCNlite,10,100.0
SCALE_C_PythonNDN_100_127,5,2026-08-20 16:27:26,PythonNDN,100,66.573
SCALE_C_CCNlite_10_052,1,2026-08-20 16:28:06,CCNlite,10,100.0
SCALE_C_PythonNDN_100_128,5,2026-08-20 16:28:55,PythonNDN,100,66.999
SCALE_C_CCNlite_10_053,1,2026-08-20 16:30:02,CCNlite,10,100.0
SCALE_C_PythonNDN_100_129,5,2026-08-20 16:32:41,PythonNDN,100,66.397
SCALE_C_CCNlite_10_054,1,2026-08-20 16:33:18,CCNlite,10,100.0
SCALE_C_PythonNDN_100_130,5,2026-08-20 16:34:15,PythonNDN,100,65.095
SCALE_C_CCNlite_10_055,1,2026-08-20 16:35:52,CCNlite,10,97.745
SCALE_C_PythonNDN_100_131,5,2026-08-20 16:37:07,PythonNDN,100,66.257
SCALE_C_CCNlite_10_056,1,2026-08-20 16:37:28,CCNlite,10,100.0
SCALE_C_CCNlite_10_057,1,2026-08-20 16:39:16,CCNlite,10,97.663
SCALE_C_PythonNDN_100_132,5,2026-08-20 16:39:43,PythonNDN,100,68.83
SCALE_C_PythonNDN_100_133,5,2026-08-20 16:41:27,PythonNDN,100,64.338
SCALE_C_CCNlite_10_058,1,2026-08-20 16:43:11,CCNlite,10,98.314
SCALE_C_CCNlite_10_059,1,2026-08-20 16:43:53,CCNlite,10,98.264
SCALE_C_PythonNDN_100_134,5,2026-08-20 16:44:01,PythonNDN,100,66.279
SCALE_C_CCNlite_10_060,1,2026-08-20 16:44:25,CCNlite,10,94.464
SCALE_C_PythonNDN_100_135,5,2026-08-20 16:45:13,PythonNDN,100,61.889
SCALE_C_CCNlite_10_061,1,2026-08-20 16:45:28,CCNlite,10,95.154
SCALE_C_CCNlite_10_062,1,2026-08-20 16:46:18,CCNlite,10,96.895
SCALE_C_PythonNDN_100_136,5,2026-08-20 16:46:43,PythonNDN,100,62.568
SCALE_C_PythonNDN_100_137,5,2026-08-20 16:49:16,PythonNDN,100,64.15
SCALE_C_PythonNDN_100_138,5,2026-08-20 16:50:09,PythonNDN,100,66.273
SCALE_C_PythonNDN_100_139,5,2026-08-20 16:53:21,PythonNDN,100,70.381
SCALE_C_PythonNDN_100_140,5,2026-08-20 16:54:26,PythonNDN,100,68.54
SCALE_C_PythonNDN_100_141,5,2026-08-20 16:57:38,PythonNDN,100,65.035
SCALE_C_PythonNDN_100_142,5,2026-08-20 16:58:44,PythonNDN,100,69.088
SCALE_C_CCNlite_100_001,0,2026-08-20 17:00:00,CCNlite,100,78.62
SCALE_C_PythonNDN_100_143,5,2026-08-20 17:01:01,PythonNDN,100,62.512
SCALE_C_CCNlite_100_002,0,2026-08-20 17:01:05,CCNlite,100,81.045
SCALE_C_PythonNDN_100_144,5,2026-08-20 17:03:42,PythonNDN,100,65.479
SCALE_C_CCNlite_100_003,0,2026-08-20 17:04:42,CCNlite,100,78.941
SCALE_C_PythonNDN_100_145,5,2026-08-20 17:05:39,PythonNDN,100,69.768
SCALE_C_CCNlite_100_004,0,2026-08-20 17:06:51,CCNlite,100,78.374
SCALE_C_CCNlite_100_005,0,2026-08-20 17:08:02,CCNlite,100,78.757
SCALE_C_CCNlite_100_006,0,2026-08-20 17:08:43,CCNlite,100,82.187
SCALE_C_CCNlite_100_007,0,2026-08-20 17:12:38,CCNlite,100,79.062
SCALE_C_CCNlite_100_008,0,2026-08-20 17:14:11,CCNlite,100,81.981
SCALE_C_CCNlite_100_009,0,2026-08-20 17:15:01,CCNlite,100,79.334
SCALE_C_CCNlite_100_010,0,2026-08-20 17:16:09,CCNlite,100,76.072
SCALE_C_CCNlite_100_011,0,2026-08-20 17:17:21,CCNlite,100,81.569
SCALE_C_CCNlite_100_012,0,2026-08-20 17:19:39,CCNlite,100,79.486
SCALE_C_CCNlite_100_013,0,2026-08-20 17:22:28,CCNlite,100,76.07
SCALE_C_CCNlite_100_014,0,2026-08-20 17:23:58,CCNlite,100,79.362
SCALE_C_uDCN_500_127,5,2026-08-20 21:13:34,uDCN,500,93.476
SCALE_C_uDCN_500_128,5,2026-08-20 21:16:19,uDCN,500,95.02
SCALE_C_uDCN_500_129,5,2026-08-20 21:18:19,uDCN,500,91.952
SCALE_C_uDCN_500_130,5,2026-08-20 21:20:01,uDCN,500,88.656
SCALE_C_uDCN_500_131,5,2026-08-20 21:23:20,uDCN,500,92.817
SCALE_C_uDCN_500_132,5,2026-08-20 21:25:40,uDCN,500,93.876
SCALE_C_uDCN_500_133,5,2026-08-20 21:27:00,uDCN,500,94.415
SCALE_C_uDCN_500_134,5,2026-08-20 21:29:35,uDCN,500,94.23
SCALE_C_uDCN_500_135,5,2026-08-20 21:31:33,uDCN,500,93.18
SCALE_C_uDCN_500_136,5,2026-08-20 21:31:59,uDCN,500,92.961
SCALE_C_uDCN_500_137,5,2026-08-20 21:32:53,uDCN,500,93.149
SCALE_C_uDCN_500_138,5,2026-08-20 21:33:50,uDCN,500,96.238
SCALE_C_uDCN_500_139,5,2026-08-20 21:35:47,uDCN,500,94.754
SCALE_C_uDCN_500_140,5,2026-08-20 21:37:37,uDCN,500,92.871
SCALE_C_uDCN_500_141,5,2026-08-20 21:40:02,uDCN,500,89.005
SCALE_C_uDCN_500_142,5,2026-08-20 21:43:39,uDCN,500,91.909
SCALE_C_uDCN_500_143,5,2026-08-20 21:46:58,uDCN,500,91.293
SCALE_C_uDCN_500_144,5,2026-08-20 21:50:30,uDCN,500,87.923
SCALE_C_uDCN_500_145,5,2026-08-20 21:54:00,uDCN,500,93.273
SCALE_C_uDCN_500_146,5,2026-08-20 21:55:53,uDCN,500,94.914
SCALE_C_uDCN_500_147,5,2026-08-20 21:59:00,uDCN,500,89.596
SCALE_C_uDCN_500_148,5,2026-08-20 21:59:14,uDCN,500,91.829
SCALE_C_uDCN_500_149,5,2026-08-20 22:02:15,uDCN,500,93.307
SCALE_C_uDCN_500_150,5,2026-08-20 22:03:03,uDCN,500,97.351
SCALE_C_uDCN_50_058,3,2026-08-20 22:09:20,uDCN,50,94.74
SCALE_C_uDCN_50_059,3,2026-08-20 22:10:23,uDCN,50,99.528
SCALE_C_uDCN_50_060,3,2026-08-20 22:13:00,uDCN,50,98.096
SCALE_C_uDCN_50_061,3,2026-08-20 22:15:00,uDCN,50,94.343
SCALE_C_uDCN_50_062,3,2026-08-20 22:16:54,uDCN,50,94.427
SCALE_C_uDCN_50_063,3,2026-08-20 22:18:59,uDCN,50,95.823
SCALE_C_uDCN_50_064,3,2026-08-20 22:21:58,uDCN,50,95.718
SCALE_C_uDCN_50_065,3,2026-08-20 22:23:59,uDCN,50,99.873
SCALE_C_uDCN_50_066,3,2026-08-20 22:26:13,uDCN,50,98.09
SCALE_C_uDCN_50_067,3,2026-08-20 22:28:12,uDCN,50,100.0
SCALE_C_uDCN_50_068,3,2026-08-20 22:32:19,uDCN,50,93.843
SCALE_C_uDCN_50_069,3,2026-08-20 22:33:42,uDCN,50,100.0
SCALE_C_uDCN_50_070,3,2026-08-20 22:35:32,uDCN,50,92.452
SCALE_C_uDCN_50_071,3,2026-08-20 22:37:54,uDCN,50,97.776
SCALE_C_uDCN_50_072,3,2026-08-20 22:39:43,uDCN,50,97.147
SCALE_C_uDCN_50_073,3,2026-08-20 22:41:06,uDCN,50,99.539
SCALE_C_uDCN_50_074,3,2026-08-20 22:42:54,uDCN,50,95.561
SCALE_C_uDCN_50_075,3,2026-08-20 22:44:34,uDCN,50,95.267
SCALE_C_uDCN_50_076,3,2026-08-20 22:46:08,uDCN,50,99.18
SCALE_C_uDCN_50_077,3,2026-08-20 22:47:28,uDCN,50,96.428
SCALE_C_uDCN_50_078,3,2026-08-20 22:48:28,uDCN,50,99.681
SCALE_C_uDCN_50_079,3,2026-08-20 22:52:22,uDCN,50,95.403
SCALE_C_uDCN_50_080,3,2026-08-20 22:57:22,uDCN,50,98.391
SCALE_C_uDCN_50_081,3,2026-08-20 23:00:32,uDCN,50,95.339
SCALE_C_uDCN_50_082,3,2026-08-20 23:04:10,uDCN,50,95.512
SCALE_C_uDCN_50_083,3,2026-08-20 23:05:57,uDCN,50,100.0
SCALE_C_uDCN_50_084,3,2026-08-20 23:07:32,uDCN,50,99.355
SCALE_C_PythonNDN_100_146,6,2026-08-21 07:29:48,PythonNDN,100,63.842
SCALE_C_PythonNDN_100_147,6,2026-08-21 07:31:57,PythonNDN,100,63.438
SCALE_C_PythonNDN_100_148,6,2026-08-21 07:33:05,PythonNDN,100,66.284
SCALE_C_PythonNDN_100_149,6,2026-08-21 07:35:29,PythonNDN,100,65.783
SCALE_C_PythonNDN_100_150,6,2026-08-21 07:37:48,PythonNDN,100,61.852
SCALE_C_NFD_500_024,1,2026-08-21 11:21:56,NFD,500,64.091
SCALE_C_NFD_500_025,1,2026-08-21 11:23:07,NFD,500,67.62
SCALE_C_NFD_500_026,1,2026-08-21 11:25:08,NFD,500,69.157
SCALE_C_NFD_500_027,1,2026-08-21 11:29:23,NFD,500,69.775
SCALE_C_NFD_500_028,1,2026-08-21 11:30:19,NFD,500,68.216
SCALE_C_NFD_500_029,1,2026-08-21 11:33:33,NFD,500,67.046
SCALE_C_NFD_500_030,1,2026-08-21 11:35:07,NFD,500,73.337
SCALE_C_NFD_1000_048,2,2026-08-21 11:36:34,NFD,1000,58.921
SCALE_C_NFD_500_031,1,2026-08-21 11:37:50,NFD,500,67.564
SCALE_C_NFD_1000_049,2,2026-08-21 11:38:07,NFD,1000,56.224
SCALE_C_NFD_500_032,1,2026-08-21 11:39:23,NFD,500,64.53
SCALE_C_NFD_1000_050,2,2026-08-21 11:39:32,NFD,1000,55.105
SCALE_C_NFD_1000_051,2,2026-08-21 11:41:22,NFD,1000,53.338
SCALE_C_NFD_500_033,1,2026-08-21 11:42:30,NFD,500,66.271
SCALE_C_NFD_500_034,1,2026-08-21 11:44:38,NFD,500,70.613
SCALE_C_NFD_1000_052,2,2026-08-21 11:45:10,NFD,1000,55.018
SCALE_C_NFD_1000_053,2,2026-08-21 11:47:20,NFD,1000,57.705
SCALE_C_NFD_500_035,1,2026-08-21 11:48:15,NFD,500,67.948
SCALE_C_NFD_1000_054,2,2026-08-21 11:48:29,NFD,1000,54.865
SCALE_C_NFD_500_036,1,2026-08-21 11:48:38,NFD,500,69.677
SCALE_C_NFD_1000_055,2,2026-08-21 11:50:31,NFD,1000,59.092
SCALE_C_NFD_1000_056,2,2026-08-21 11:52:54,NFD,1000,54.981
SCALE_C_NFD_500_037,1,2026-08-21 11:53:15,NFD,500,67.941
SCALE_C_NFD_500_038,1,2026-08-21 11:54:38,NFD,500,68.741
SCALE_C_NFD_1000_057,2,2026-08-21 11:56:03,NFD,1000,57.954
SCALE_C_NFD_500_039,1,2026-08-21 11:57:40,NFD,500,70.236
SCALE_C_NFD_1000_058,2,2026-08-21 11:58:14,NFD,1000,52.961
SCALE_C_NFD_500_040,1,2026-08-21 11:59:53,NFD,500,65.6
SCALE_C_NFD_500_041,1,2026-08-21 12:02:00,NFD,500,68.553
SCALE_C_NFD_500_042,1,2026-08-21 12:02:41,NFD,500,66.826
SCALE_C_NFD_1000_059,2,2026-08-21 12:03:22,NFD,1000,56.945
SCALE_C_NFD_500_043,1,2026-08-21 12:03:43,NFD,500,72.517
SCALE_C_NFD_1000_060,2,2026-08-21 12:04:53,NFD,1000,57.256
SCALE_C_NFD_500_044,1,2026-08-21 12:04:56,NFD,500,64.906
SCALE_C_NFD_1000_061,2,2026-08-21 12:06:03,NFD,1000,55.819
SCALE_C_NFD_500_045,1,2026-08-21 12:07:52,NFD,500,64.915
SCALE_C_NFD_1000_062,2,2026-08-21 12:09:09,NFD,1000,53.528
SCALE_C_CCNlite_1000_102,4,2026-08-21 12:10:38,CCNlite,1000,62.138
SCALE_C_CCNlite_1000_103,4,2026-08-21 12:11:54,CCNlite,1000,61.686
SCALE_C_NFD_1000_063,2,2026-08-21 12:12:41,NFD,1000,59.119
SCALE_C_CCNlite_1000_104,4,2026-08-21 12:13:29,CCNlite,1000,59.006
SCALE_C_NFD_1000_064,2,2026-08-21 12:14:01,NFD,1000,58.1
SCALE_C_CCNlite_1000_105,4,2026-08-21 12:16:49,CCNlite,1000,59.749
SCALE_C_NFD_1000_065,2,2026-08-21 12:17:01,NFD,1000,53.883
SCALE_C_NFD_1000_066,2,2026-08-21 12:17:39,NFD,1000,52.667
SCALE_C_CCNlite_1000_106,4,2026-08-21 12:18:18,CCNlite,1000,59.547
SCALE_C_CCNlite_1000_107,4,2026-08-21 12:20:52,CCNlite,1000,60.741
SCALE_C_CCNlite_1000_108,4,2026-08-21 12:21:19,CCNlite,1000,60.173
SCALE_C_CCNlite_1000_109,4,2026-08-21 12:23:28,CCNlite,1000,60.315
SCALE_C_CCNlite_1000_110,4,2026-08-21 12:25:44,CCNlite,1000,62.311
SCALE_C_CCNlite_1000_111,4,2026-08-21 12:26:28,CCNlite,1000,60.322
SCALE_C_CCNlite_1000_112,4,2026-08-21 12:29:21,CCNlite,1000,60.65
SCALE_C_CCNlite_1000_113,4,2026-08-21 12:31:39,CCNlite,1000,59.142
SCALE_C_CCNlite_1000_114,4,2026-08-21 12:32:32,CCNlite,1000,58.866
SCALE_C_CCNlite_1000_115,4,2026-08-21 12:33:53,CCNlite,1000,59.653
SCALE_C_CCNlite_1000_116,4,2026-08-21 12:35:19,CCNlite,1000,60.063
SCALE_C_CCNlite_1000_117,4,2026-08-21 12:39:52,CCNlite,1000,63.267
SCALE_C_CCNlite_1000_118,4,2026-08-21 12:41:24,CCNlite,1000,58.898
SCALE_C_CCNlite_1000_119,4,2026-08-21 12:43:34,CCNlite,1000,61.012
SCALE_C_CCNlite_1000_120,4,2026-08-21 12:46:19,CCNlite,1000,62.995
SCALE_C_CCNlite_1000_121,4,2026-08-21 12:49:25,CCNlite,1000,57.322
SCALE_C_CCNlite_1000_122,4,2026-08-21 12:51:43,CCNlite,1000,60.935
SCALE_C_CCNlite_1000_123,4,2026-08-21 12:54:23,CCNlite,1000,63.474
SCALE_C_CCNlite_1000_124,4,2026-08-21 12:55:05,CCNlite,1000,58.088
SCALE_C_CCNlite_1000_125,4,2026-08-21 12:56:36,CCNlite,1000,60.625
SCALE_C_CCNlite_1000_126,4,2026-08-21 12:58:04,CCNlite,1000,62.681
SCALE_C_CCNlite_1000_127,4,2026-08-21 13:00:26,CCNlite,1000,59.869
SCALE_C_CCNlite_1000_128,4,2026-08-21 13:02:03,CCNlite,1000,63.384
SCALE_C_CCNlite_1000_129,4,2026-08-21 13:03:24,CCNlite,1000,61.607
SCALE_C_CCNlite_1000_130,4,2026-08-21 13:04:51,CCNlite,1000,57.802
SCALE_C_CCNlite_1000_131,4,2026-08-21 13:06:00,CCNlite,1000,59.006
SCALE_C_CCNlite_1000_132,4,2026-08-21 13:08:35,CCNlite,1000,62.988
SCALE_C_CCNlite_1000_133,4,2026-08-21 13:10:31,CCNlite,1000,57.99
SCALE_C_CCNlite_1000_134,4,2026-08-21 13:11:48,CCNlite,1000,59.573
SCALE_C_CCNlite_1000_135,4,2026-08-21 13:12:48,CCNlite,1000,56.403
SCALE_C_CCNlite_1000_136,4,2026-08-21 13:15:25,CCNlite,1000,58.556
SCALE_C_CCNlite_1000_137,5,2026-08-21 14:19:04,CCNlite,1000,60.119
SCALE_C_CCNlite_1000_138,5,2026-08-21 14:19:47,CCNlite,1000,60.159
SCALE_C_CCNlite_1000_139,5,2026-08-21 14:22:41,CCNlite,1000,63.097
SCALE_C_CCNlite_1000_140,5,2026-08-21 14:26:40,CCNlite,1000,59.519
SCALE_C_CCNlite_1000_141,5,2026-08-21 14:28:17,CCNlite,1000,57.386
SCALE_C_CCNlite_1000_142,5,2026-08-21 14:30:28,CCNlite,1000,57.968
SCALE_C_CCNlite_1000_143,5,2026-08-21 14:32:36,CCNlite,1000,57.289
SCALE_C_CCNlite_1000_144,5,2026-08-21 14:33:02,CCNlite,1000,56.258
SCALE_C_CCNlite_1000_145,5,2026-08-21 14:37:41,CCNlite,1000,58.369
SCALE_C_CCNlite_1000_146,5,2026-08-21 14:41:44,CCNlite,1000,60.243
SCALE_C_CCNlite_1000_147,5,2026-08-21 14:41:59,CCNlite,1000,61.137
SCALE_C_CCNlite_1000_148,5,2026-08-21 14:42:45,CCNlite,1000,61.012
SCALE_C_CCNlite_1000_149,5,2026-08-21 14:44:04,CCNlite,1000,59.273
SCALE_C_CCNlite_1000_150,5,2026-08-21 14:45:48,CCNlite,1000,62.534
SCALE_C_PythonNDN_50_076,3,2026-08-21 15:39:09,PythonNDN,50,85.301
SCALE_C_PythonNDN_50_077,3,2026-08-21 15:40:24,PythonNDN,50,92.067
SCALE_C_PythonNDN_50_078,3,2026-08-21 15:42:52,PythonNDN,50,90.293
SCALE_C_PythonNDN_50_079,3,2026-08-21 15:44:35,PythonNDN,50,88.361
SCALE_C_PythonNDN_50_080,3,2026-08-21 15:45:15,PythonNDN,50,80.673
SCALE_C_PythonNDN_50_081,3,2026-08-21 15:46:45,PythonNDN,50,82.275
SCALE_C_PythonNDN_50_082,3,2026-08-21 15:48:22,PythonNDN,50,80.823
SCALE_C_PythonNDN_50_083,3,2026-08-21 15:51:03,PythonNDN,50,85.692
SCALE_C_PythonNDN_50_084,3,2026-08-21 15:53:31,PythonNDN,50,81.534
SCALE_C_PythonNDN_50_085,3,2026-08-21 15:55:20,PythonNDN,50,87.276
SCALE_C_PythonNDN_50_086,3,2026-08-21 15:56:31,PythonNDN,50,84.62
SCALE_C_PythonNDN_50_087,3,2026-08-21 15:58:52,PythonNDN,50,92.753
SCALE_C_PythonNDN_50_088,3,2026-08-21 15:59:22,PythonNDN,50,83.297
SCALE_C_PythonNDN_50_089,3,2026-08-21 16:00:00,PythonNDN,50,87.032
SCALE_C_PythonNDN_50_090,3,2026-08-21 16:01:14,PythonNDN,50,86.172
SCALE_C_PythonNDN_50_091,3,2026-08-21 16:05:46,PythonNDN,50,82.708
SCALE_C_PythonNDN_50_092,3,2026-08-21 16:08:43,PythonNDN,50,90.393
SCALE_C_PythonNDN_50_093,3,2026-08-21 16:10:44,PythonNDN,50,84.819
SCALE_C_uDCN_50_085,4,2026-08-21 16:46:01,uDCN,50,97.317
SCALE_C_uDCN_50_086,4,2026-08-21 16:47:37,uDCN,50,99.722
SCALE_C_uDCN_50_087,4,2026-08-21 16:48:11,uDCN,50,96.352
SCALE_C_uDCN_50_088,4,2026-08-21 16:51:50,uDCN,50,99.429
SCALE_C_uDCN_50_089,4,2026-08-21 16:53:43,uDCN,50,100.0
SCALE_C_uDCN_50_090,4,2026-08-21 16:56:47,uDCN,50,94.436
SCALE_C_uDCN_50_091,4,2026-08-21 17:00:26,uDCN,50,96.988
SCALE_C_uDCN_50_092,4,2026-08-21 17:03:28,uDCN,50,96.917
SCALE_C_uDCN_50_093,4,2026-08-21 17:05:20,uDCN,50,94.6
SCALE_C_uDCN_50_094,4,2026-08-21 17:06:19,uDCN,50,94.685
SCALE_C_uDCN_50_095,4,2026-08-21 17:10:55,uDCN,50,93.618
SCALE_C_uDCN_50_096,4,2026-08-21 17:14:03,uDCN,50,100.0
SCALE_C_uDCN_50_097,4,2026-08-21 17:16:42,uDCN,50,93.021
SCALE_C_uDCN_50_098,4,2026-08-21 17:18:06,uDCN,50,100.0
SCALE_C_uDCN_50_099,4,2026-08-21 17:19:34,uDCN,50,100.0
SCALE_C_uDCN_50_100,4,2026-08-21 17:21:34,uDCN,50,99.512
SCALE_C_uDCN_50_101,4,2026-08-21 17:25:19,uDCN,50,100.0
SCALE_C_CCNlite_10_063,2,2026-08-21 17:41:49,CCNlite,10,100.0
SCALE_C_CCNlite_10_064,2,2026-08-21 17:43:06,CCNlite,10,96.896
SCALE_C_CCNlite_10_065,2,2026-08-21 17:46:02,CCNlite,10,96.438
SCALE_C_CCNlite_10_066,2,2026-08-21 17:50:08,CCNlite,10,100.0
SCALE_C_CCNlite_10_067,2,2026-08-21 17:52:05,CCNlite,10,100.0
SCALE_C_CCNlite_10_068,2,2026-08-21 17:55:31,CCNlite,10,99.003
SCALE_C_CCNlite_10_069,2,2026-08-21 17:59:12,CCNlite,10,100.0
SCALE_C_CCNlite_10_070,2,2026-08-21 18:02:20,CCNlite,10,100.0
SCALE_C_CCNlite_10_071,2,2026-08-21 18:05:03,CCNlite,10,100.0
SCALE_C_CCNlite_10_072,2,2026-08-21 18:06:21,CCNlite,10,97.863
SCALE_C_CCNlite_10_073,2,2026-08-21 18:08:48,CCNlite,10,98.031
SCALE_C_CCNlite_10_074,2,2026-08-21 18:09:41,CCNlite,10,93.669
SCALE_C_CCNlite_10_075,2,2026-08-21 18:10:22,CCNlite,10,100.0
SCALE_C_CCNlite_10_076,2,2026-08-21 18:11:41,CCNlite,10,100.0
SCALE_C_CCNlite_10_077,2,2026-08-21 18:12:55,CCNlite,10,100.0
SCALE_C_CCNlite_10_078,2,2026-08-21 18:14:33,CCNlite,10,100.0
SCALE_C_CCNlite_10_079,2,2026-08-21 18:16:59,CCNlite,10,100.0
SCALE_C_CCNlite_10_080,2,2026-08-21 18:18:32,CCNlite,10,98.79
SCALE_C_CCNlite_10_081,2,2026-08-21 18:19:49,CCNlite,10,100.0
SCALE_C_NFD_100_028,1,2026-08-21 20:01:17,NFD,100,78.432
SCALE_C_NFD_100_029,1,2026-08-21 20:04:21,NFD,100,80.457
SCALE_C_NFD_100_030,1,2026-08-21 20:07:08,NFD,100,79.01
SCALE_C_NFD_100_031,1,2026-08-21 20:08:52,NFD,100,78.958
SCALE_C_NFD_100_032,1,2026-08-21 20:11:41,NFD,100,79.684
SCALE_C_NFD_100_033,1,2026-08-21 20:13:03,NFD,100,78.615
SCALE_C_NFD_100_034,1,2026-08-21 20:19:01,NFD,100,76.998
SCALE_C_NFD_100_035,1,2026-08-21 20:20:38,NFD,100,80.942
SCALE_C_NFD_100_036,1,2026-08-21 20:21:08,NFD,100,76.849
SCALE_C_NFD_100_037,1,2026-08-21 20:26:33,NFD,100,77.182
SCALE_C_NFD_100_038,1,2026-08-21 20:31:03,NFD,100,80.032
SCALE_C_NFD_100_039,1,2026-08-21 20:36:38,NFD,100,80.327
SCALE_C_NFD_100_040,1,2026-08-21 20:39:56,NFD,100,77.49
SCALE_C_NFD_100_041,1,2026-08-21 20:42:38,NFD,100,78.885
SCALE_C_NFD_100_042,1,2026-08-21 20:44:50,NFD,100,80.49
SCALE_C_NFD_100_043,1,2026-08-21 20:46:24,NFD,100,79.703
SCALE_C_NFD_100_044,1,2026-08-21 20:48:49,NFD,100,77.191
SCALE_C_NFD_100_045,1,2026-08-21 20:50:01,NFD,100,81.169
SCALE_C_NFD_100_046,1,2026-08-21 20:56:00,NFD,100,75.461
SCALE_C_NFD_100_047,1,2026-08-21 20:59:16,NFD,100,77.667
SCALE_C_NFD_100_048,1,2026-08-21 21:00:47,NFD,100,79.592
SCALE_C_NFD_100_049,1,2026-08-21 21:02:40,NFD,100,81.276
SCALE_C_NFD_100_050,1,2026-08-21 21:07:09,NFD,100,81.659
SCALE_C_NFD_100_051,1,2026-08-21 21:11:41,NFD,100,81.14
SCALE_C_NFD_100_052,1,2026-08-21 21:13:09,NFD,100,75.593
SCALE_C_NFD_100_053,1,2026-08-21 21:14:37,NFD,100,77.946
SCALE_C_NFD_100_054,1,2026-08-21 21:17:42,NFD,100,82.151
SCALE_C_NFD_500_046,2,2026-08-21 21:32:45,NFD,500,68.288
SCALE_C_NFD_500_047,2,2026-08-21 21:35:11,NFD,500,70.158
SCALE_C_NFD_500_048,2,2026-08-21 21:38:11,NFD,500,66.12
SCALE_C_NFD_500_049,2,2026-08-21 21:39:52,NFD,500,73.054
SCALE_C_NFD_500_050,2,2026-08-21 21:40:53,NFD,500,65.917
SCALE_C_NFD_500_051,2,2026-08-21 21:42:46,NFD,500,68.218
SCALE_C_NFD_500_052,2,2026-08-21 21:44:42,NFD,500,66.847
SCALE_C_NFD_500_053,2,2026-08-21 21:49:42,NFD,500,66.966
SCALE_C_NFD_500_054,2,2026-08-21 21:53:25,NFD,500,68.274
SCALE_C_NFD_500_055,2,2026-08-21 21:55:19,NFD,500,66.82
SCALE_C_NFD_500_056,2,2026-08-21 21:56:27,NFD,500,68.121
SCALE_C_NFD_500_057,2,2026-08-21 21:58:12,NFD,500,70.621
SCALE_C_NFD_500_058,2,2026-08-21 22:01:29,NFD,500,65.692
SCALE_C_NFD_500_059,2,2026-08-21 22:03:12,NFD,500,68.845
SCALE_C_NFD_500_060,2,2026-08-21 22:06:29,NFD,500,64.65
SCALE_C_NFD_500_061,2,2026-08-21 22:07:51,NFD,500,67.207
SCALE_C_NFD_500_062,2,2026-08-21 22:11:05,NFD,500,63.718
SCALE_C_NFD_500_063,2,2026-08-21 22:13:51,NFD,500,63.878
SCALE_C_NFD_500_064,2,2026-08-21 22:14:22,NFD,500,70.124
SCALE_C_CCNlite_10_082,3,2026-08-21 22:27:46,CCNlite,10,97.922
SCALE_C_CCNlite_10_083,3,2026-08-21 22:29:41,CCNlite,10,100.0
SCALE_C_CCNlite_10_084,3,2026-08-21 22:31:48,CCNlite,10,99.319
SCALE_C_CCNlite_10_085,3,2026-08-21 22:35:52,CCNlite,10,93.794
SCALE_C_CCNlite_10_086,3,2026-08-21 22:36:48,CCNlite,10,99.687
SCALE_C_CCNlite_10_087,3,2026-08-21 22:39:58,CCNlite,10,100.0
SCALE_C_CCNlite_10_088,3,2026-08-21 22:41:12,CCNlite,10,96.575
SCALE_C_CCNlite_10_089,3,2026-08-21 22:42:49,CCNlite,10,100.0
SCALE_C_CCNlite_10_090,3,2026-08-21 22:45:31,CCNlite,10,95.875
SCALE_C_CCNlite_10_091,3,2026-08-21 22:48:31,CCNlite,10,96.919
SCALE_C_CCNlite_10_092,3,2026-08-21 22:50:04,CCNlite,10,87.84
SCALE_C_CCNlite_10_093,3,2026-08-21 22:53:14,CCNlite,10,100.0
SCALE_C_CCNlite_10_094,3,2026-08-21 22:56:52,CCNlite,10,99.639
SCALE_C_CCNlite_10_095,3,2026-08-21 22:57:44,CCNlite,10,100.0
SCALE_C_CCNlite_10_096,3,2026-08-21 22:58:48,CCNlite,10,99.588
SCALE_C_CCNlite_10_097,3,2026-08-21 23:00:12,CCNlite,10,100.0
SCALE_C_CCNlite_10_098,3,2026-08-21 23:02:17,CCNlite,10,100.0
SCALE_C_CCNlite_10_099,3,2026-08-21 23:02:48,CCNlite,10,98.502
SCALE_C_CCNlite_10_100,3,2026-08-21 23:06:05,CCNlite,10,97.769
SCALE_C_CCNlite_10_101,3,2026-08-21 23:08:01,CCNlite,10,98.61
SCALE_C_CCNlite_10_102,3,2026-08-21 23:12:16,CCNlite,10,99.859
SCALE_C_CCNlite_10_103,3,2026-08-21 23:14:06,CCNlite,10,97.942
SCALE_C_CCNlite_10_104,3,2026-08-21 23:15:30,CCNlite,10,98.942
SCALE_C_CCNlite_10_105,3,2026-08-21 23:17:31,CCNlite,10,88.265
SCALE_C_CCNlite_10_106,3,2026-08-21 23:19:23,CCNlite,10,100.0
SCALE_C_CCNlite_10_107,3,2026-08-21 23:22:03,CCNlite,10,100.0
SCALE_C_CCNlite_10_108,3,2026-08-21 23:23:37,CCNlite,10,100.0
SCALE_C_CCNlite_10_109,3,2026-08-21 23:26:23,CCNlite,10,100.0
SCALE_C_CCNlite_10_110,3,2026-08-21 23:28:31,CCNlite,10,98.417
SCALE_C_CCNlite_10_111,3,2026-08-21 23:30:37,CCNlite,10,99.516
SCALE_C_CCNlite_10_112,3,2026-08-21 23:32:53,CCNlite,10,100.0
SCALE_C_CCNlite_10_113,3,2026-08-21 23:34:19,CCNlite,10,100.0
SCALE_C_CCNlite_10_114,3,2026-08-21 23:36:57,CCNlite,10,100.0
SCALE_C_PythonNDN_50_094,4,2026-08-22 01:23:52,PythonNDN,50,89.061
SCALE_C_PythonNDN_50_095,4,2026-08-22 01:25:33,PythonNDN,50,88.007
SCALE_C_PythonNDN_50_096,4,2026-08-22 01:27:15,PythonNDN,50,87.62
SCALE_C_PythonNDN_50_097,4,2026-08-22 01:30:35,PythonNDN,50,85.086
SCALE_C_PythonNDN_50_098,4,2026-08-22 01:31:11,PythonNDN,50,87.598
SCALE_C_PythonNDN_50_099,4,2026-08-22 01:32:14,PythonNDN,50,87.779
SCALE_C_PythonNDN_50_100,4,2026-08-22 01:32:48,PythonNDN,50,87.789
SCALE_C_PythonNDN_50_101,4,2026-08-22 01:33:22,PythonNDN,50,81.328
SCALE_C_PythonNDN_50_102,4,2026-08-22 01:39:16,PythonNDN,50,91.918
SCALE_C_PythonNDN_50_103,4,2026-08-22 01:40:05,PythonNDN,50,83.01
SCALE_C_PythonNDN_50_104,4,2026-08-22 01:40:58,PythonNDN,50,79.048
SCALE_C_PythonNDN_50_105,4,2026-08-22 01:42:47,PythonNDN,50,82.808
SCALE_C_PythonNDN_50_106,4,2026-08-22 01:45:08,PythonNDN,50,86.777
SCALE_C_PythonNDN_50_107,4,2026-08-22 01:46:38,PythonNDN,50,82.911
SCALE_C_PythonNDN_50_108,4,2026-08-22 01:48:11,PythonNDN,50,81.91
SCALE_C_PythonNDN_50_109,4,2026-08-22 01:52:10,PythonNDN,50,86.819
SCALE_C_PythonNDN_50_110,4,2026-08-22 01:54:02,PythonNDN,50,86.612
SCALE_C_PythonNDN_50_111,4,2026-08-22 01:55:48,PythonNDN,50,86.434
SCALE_C_PythonNDN_50_112,4,2026-08-22 01:56:35,PythonNDN,50,84.941
SCALE_C_PythonNDN_50_113,4,2026-08-22 02:00:21,PythonNDN,50,81.759
SCALE_C_PythonNDN_50_114,4,2026-08-22 02:02:39,PythonNDN,50,81.457
SCALE_C_PythonNDN_50_115,4,2026-08-22 02:07:43,PythonNDN,50,85.357
SCALE_C_PythonNDN_50_116,4,2026-08-22 02:09:21,PythonNDN,50,88.723
SCALE_C_PythonNDN_50_117,4,2026-08-22 02:10:20,PythonNDN,50,85.564
SCALE_C_PythonNDN_50_118,4,2026-08-22 02:11:23,PythonNDN,50,83.346
SCALE_C_PythonNDN_50_119,4,2026-08-22 02:12:29,PythonNDN,50,89.571
SCALE_C_PythonNDN_50_120,4,2026-08-22 02:13:47,PythonNDN,50,92.922
SCALE_C_PythonNDN_50_121,4,2026-08-22 02:16:35,PythonNDN,50,87.666
SCALE_C_PythonNDN_50_122,4,2026-08-22 02:17:44,PythonNDN,50,85.715
SCALE_C_PythonNDN_50_123,4,2026-08-22 02:19:15,PythonNDN,50,85.249
SCALE_C_PythonNDN_50_124,4,2026-08-22 02:23:30,PythonNDN,50,84.358
SCALE_C_PythonNDN_50_125,4,2026-08-22 02:26:37,PythonNDN,50,85.974
SCALE_C_uDCN_50_102,5,2026-08-22 06:36:29,uDCN,50,96.011
SCALE_C_uDCN_50_103,5,2026-08-22 06:39:13,uDCN,50,93.115
SCALE_C_uDCN_50_104,5,2026-08-22 06:40:24,uDCN,50,98.122
SCALE_C_uDCN_50_105,5,2026-08-22 06:42:23,uDCN,50,100.0
SCALE_C_uDCN_50_106,5,2026-08-22 06:43:00,uDCN,50,91.749
SCALE_C_uDCN_50_107,5,2026-08-22 06:45:44,uDCN,50,97.029
SCALE_C_uDCN_50_108,5,2026-08-22 06:46:01,uDCN,50,94.835
SCALE_C_uDCN_50_109,5,2026-08-22 06:49:48,uDCN,50,100.0
SCALE_C_uDCN_50_110,5,2026-08-22 06:51:23,uDCN,50,94.653
SCALE_C_uDCN_50_111,5,2026-08-22 06:54:16,uDCN,50,99.864
SCALE_C_uDCN_50_112,5,2026-08-22 06:56:00,uDCN,50,99.91
SCALE_C_uDCN_50_113,5,2026-08-22 06:57:10,uDCN,50,100.0
SCALE_C_uDCN_50_114,5,2026-08-22 06:58:10,uDCN,50,99.987
SCALE_C_uDCN_50_115,5,2026-08-22 07:01:40,uDCN,50,97.056
SCALE_C_uDCN_50_116,5,2026-08-22 07:03:45,uDCN,50,100.0
SCALE_C_uDCN_50_117,5,2026-08-22 07:06:10,uDCN,50,98.311
SCALE_C_uDCN_50_118,5,2026-08-22 07:07:39,uDCN,50,96.235
SCALE_C_uDCN_50_119,5,2026-08-22 07:09:32,uDCN,50,90.963
SCALE_C_uDCN_50_120,5,2026-08-22 07:10:04,uDCN,50,100.0
SCALE_C_uDCN_50_121,5,2026-08-22 07:12:58,uDCN,50,100.0
SCALE_C_uDCN_1000_104,4,2026-08-22 08:46:56,uDCN,1000,94.136
SCALE_C_uDCN_1000_105,4,2026-08-22 08:49:15,uDCN,1000,91.049
SCALE_C_uDCN_1000_106,4,2026-08-22 08:50:00,uDCN,1000,90.261
SCALE_C_uDCN_1000_107,4,2026-08-22 08:53:31,uDCN,1000,88.811
SCALE_C_uDCN_1000_108,4,2026-08-22 08:54:58,uDCN,1000,94.953
SCALE_C_uDCN_1000_109,4,2026-08-22 08:55:10,uDCN,1000,91.178
SCALE_C_uDCN_1000_110,4,2026-08-22 08:56:34,uDCN,1000,92.952
SCALE_C_uDCN_1000_111,4,2026-08-22 08:58:59,uDCN,1000,94.461
SCALE_C_CCNlite_500_001,0,2026-08-22 09:00:00,CCNlite,500,67.536
SCALE_C_PythonNDN_5000_001,0,2026-08-22 09:00:00,PythonNDN,5000,10.393
SCALE_C_CCNlite_500_002,0,2026-08-22 09:01:51,CCNlite,500,68.939
SCALE_C_CCNlite_500_003,0,2026-08-22 09:03:01,CCNlite,500,69.765
SCALE_C_PythonNDN_5000_002,0,2026-08-22 09:03:26,PythonNDN,5000,10.502
SCALE_C_PythonNDN_5000_003,0,2026-08-22 09:04:09,PythonNDN,5000,9.823
SCALE_C_uDCN_1000_112,4,2026-08-22 09:04:15,uDCN,1000,90.807
SCALE_C_CCNlite_500_004,0,2026-08-22 09:04:29,CCNlite,500,68.28
SCALE_C_CCNlite_500_005,0,2026-08-22 09:07:12,CCNlite,500,70.732
SCALE_C_PythonNDN_5000_004,0,2026-08-22 09:08:28,PythonNDN,5000,10.156
SCALE_C_CCNlite_500_006,0,2026-08-22 09:08:37,CCNlite,500,66.756
SCALE_C_PythonNDN_5000_005,0,2026-08-22 09:09:58,PythonNDN,5000,9.904
SCALE_C_uDCN_1000_113,4,2026-08-22 09:11:30,uDCN,1000,91.205
SCALE_C_CCNlite_500_007,0,2026-08-22 09:11:33,CCNlite,500,65.663
SCALE_C_PythonNDN_5000_006,0,2026-08-22 09:12:06,PythonNDN,5000,9.977
SCALE_C_CCNlite_500_008,0,2026-08-22 09:12:33,CCNlite,500,67.695
SCALE_C_uDCN_1000_114,4,2026-08-22 09:12:47,uDCN,1000,89.92
SCALE_C_PythonNDN_5000_007,0,2026-08-22 09:13:23,PythonNDN,5000,9.922
SCALE_C_PythonNDN_5000_008,0,2026-08-22 09:14:43,PythonNDN,5000,9.99
SCALE_C_CCNlite_500_009,0,2026-08-22 09:15:08,CCNlite,500,66.364
SCALE_C_PythonNDN_5000_009,0,2026-08-22 09:16:15,PythonNDN,5000,9.602
SCALE_C_uDCN_1000_115,4,2026-08-22 09:16:36,uDCN,1000,91.54
SCALE_C_CCNlite_500_010,0,2026-08-22 09:17:48,CCNlite,500,69.447
SCALE_C_PythonNDN_5000_010,0,2026-08-22 09:19:03,PythonNDN,5000,9.929
SCALE_C_uDCN_1000_116,4,2026-08-22 09:19:06,uDCN,1000,91.444
SCALE_C_CCNlite_500_011,0,2026-08-22 09:19:38,CCNlite,500,68.333
SCALE_C_PythonNDN_5000_011,0,2026-08-22 09:19:58,PythonNDN,5000,10.035
SCALE_C_CCNlite_500_012,0,2026-08-22 09:20:01,CCNlite,500,65.87
SCALE_C_uDCN_1000_117,4,2026-08-22 09:21:06,uDCN,1000,92.761
SCALE_C_uDCN_1000_118,4,2026-08-22 09:22:04,uDCN,1000,90.228
SCALE_C_PythonNDN_5000_012,0,2026-08-22 09:23:55,PythonNDN,5000,10.184
SCALE_C_CCNlite_500_013,0,2026-08-22 09:24:09,CCNlite,500,65.589
SCALE_C_uDCN_1000_119,4,2026-08-22 09:24:55,uDCN,1000,89.685
SCALE_C_CCNlite_500_014,0,2026-08-22 09:26:24,CCNlite,500,67.669
SCALE_C_CCNlite_500_015,0,2026-08-22 09:28:07,CCNlite,500,66.905
SCALE_C_PythonNDN_5000_013,0,2026-08-22 09:29:26,PythonNDN,5000,10.041
SCALE_C_uDCN_1000_120,4,2026-08-22 09:30:48,uDCN,1000,91.849
SCALE_C_CCNlite_500_016,0,2026-08-22 09:31:12,CCNlite,500,68.677
SCALE_C_uDCN_1000_121,4,2026-08-22 09:33:23,uDCN,1000,93.241
SCALE_C_PythonNDN_5000_014,0,2026-08-22 09:34:47,PythonNDN,5000,10.334
SCALE_C_uDCN_1000_122,4,2026-08-22 09:35:16,uDCN,1000,89.914
SCALE_C_uDCN_1000_123,4,2026-08-22 09:37:26,uDCN,1000,96.383
SCALE_C_CCNlite_500_017,0,2026-08-22 09:38:05,CCNlite,500,67.709
SCALE_C_uDCN_1000_124,4,2026-08-22 09:39:05,uDCN,1000,90.615
SCALE_C_PythonNDN_5000_015,0,2026-08-22 09:39:54,PythonNDN,5000,9.84
SCALE_C_PythonNDN_5000_016,0,2026-08-22 09:41:25,PythonNDN,5000,9.573
SCALE_C_CCNlite_500_018,0,2026-08-22 09:41:31,CCNlite,500,66.231
SCALE_C_PythonNDN_5000_017,0,2026-08-22 09:43:13,PythonNDN,5000,10.295
SCALE_C_CCNlite_500_019,0,2026-08-22 09:45:36,CCNlite,500,67.888
SCALE_C_PythonNDN_5000_018,0,2026-08-22 09:46:44,PythonNDN,5000,10.699
SCALE_C_CCNlite_500_020,0,2026-08-22 09:48:19,CCNlite,500,68.539
SCALE_C_PythonNDN_5000_019,0,2026-08-22 09:50:05,PythonNDN,5000,10.036
SCALE_C_CCNlite_500_021,0,2026-08-22 09:51:17,CCNlite,500,71.223
SCALE_C_PythonNDN_5000_020,0,2026-08-22 09:52:26,PythonNDN,5000,9.905
SCALE_C_PythonNDN_5000_021,0,2026-08-22 09:53:05,PythonNDN,5000,9.382
SCALE_C_CCNlite_500_022,0,2026-08-22 09:55:05,CCNlite,500,65.104
SCALE_C_PythonNDN_5000_022,0,2026-08-22 09:55:07,PythonNDN,5000,9.897
SCALE_C_PythonNDN_5000_023,0,2026-08-22 09:57:00,PythonNDN,5000,10.322
SCALE_C_CCNlite_500_023,0,2026-08-22 09:57:37,CCNlite,500,72.924
SCALE_C_CCNlite_500_024,0,2026-08-22 10:00:32,CCNlite,500,63.852
SCALE_C_CCNlite_500_025,0,2026-08-22 10:03:01,CCNlite,500,71.157
SCALE_C_PythonNDN_5000_024,1,2026-08-22 10:40:05,PythonNDN,5000,9.875
SCALE_C_PythonNDN_5000_025,1,2026-08-22 10:41:46,PythonNDN,5000,9.879
SCALE_C_PythonNDN_5000_026,1,2026-08-22 10:46:56,PythonNDN,5000,9.555
SCALE_C_PythonNDN_5000_027,1,2026-08-22 10:48:18,PythonNDN,5000,10.172
SCALE_C_PythonNDN_5000_028,1,2026-08-22 10:51:55,PythonNDN,5000,9.843
SCALE_C_PythonNDN_5000_029,1,2026-08-22 10:54:27,PythonNDN,5000,10.372
SCALE_C_PythonNDN_5000_030,1,2026-08-22 10:58:20,PythonNDN,5000,10.474
SCALE_C_PythonNDN_5000_031,1,2026-08-22 11:02:55,PythonNDN,5000,10.238
SCALE_C_PythonNDN_5000_032,1,2026-08-22 11:05:36,PythonNDN,5000,9.52
SCALE_C_PythonNDN_5000_033,1,2026-08-22 11:07:31,PythonNDN,5000,9.902
SCALE_C_PythonNDN_5000_034,1,2026-08-22 11:09:42,PythonNDN,5000,10.284
SCALE_C_PythonNDN_5000_035,1,2026-08-22 11:10:40,PythonNDN,5000,9.655
SCALE_C_PythonNDN_5000_036,1,2026-08-22 11:13:56,PythonNDN,5000,9.971
SCALE_C_PythonNDN_5000_037,1,2026-08-22 11:16:40,PythonNDN,5000,10.217
SCALE_C_PythonNDN_5000_038,1,2026-08-22 11:19:57,PythonNDN,5000,10.014
SCALE_C_PythonNDN_5000_039,1,2026-08-22 11:22:53,PythonNDN,5000,9.683
SCALE_C_PythonNDN_5000_040,1,2026-08-22 11:24:07,PythonNDN,5000,10.425
SCALE_C_NFD_100_055,2,2026-08-22 12:26:14,NFD,100,79.15
SCALE_C_NFD_100_056,2,2026-08-22 12:28:21,NFD,100,80.646
SCALE_C_NFD_100_057,2,2026-08-22 12:30:09,NFD,100,77.152
SCALE_C_NFD_100_058,2,2026-08-22 12:34:21,NFD,100,76.695
SCALE_C_NFD_100_059,2,2026-08-22 12:35:43,NFD,100,77.413
SCALE_C_NFD_100_060,2,2026-08-22 12:38:05,NFD,100,77.573
SCALE_C_NFD_100_061,2,2026-08-22 12:40:42,NFD,100,78.549
SCALE_C_NFD_100_062,2,2026-08-22 12:44:01,NFD,100,80.912
SCALE_C_NFD_100_063,2,2026-08-22 12:44:47,NFD,100,78.756
SCALE_C_NFD_100_064,2,2026-08-22 12:47:11,NFD,100,80.609
SCALE_C_NFD_100_065,2,2026-08-22 12:48:28,NFD,100,74.027
SCALE_C_NFD_100_066,2,2026-08-22 12:50:58,NFD,100,83.34
SCALE_C_NFD_500_065,3,2026-08-22 14:55:26,NFD,500,67.27
SCALE_C_NFD_500_066,3,2026-08-22 14:59:28,NFD,500,64.502
SCALE_C_NFD_500_067,3,2026-08-22 15:01:00,NFD,500,68.012
SCALE_C_NFD_500_068,3,2026-08-22 15:02:07,NFD,500,64.285
SCALE_C_NFD_500_069,3,2026-08-22 15:04:43,NFD,500,67.187
SCALE_C_NFD_500_070,3,2026-08-22 15:07:09,NFD,500,68.817
SCALE_C_NFD_500_071,3,2026-08-22 15:15:02,NFD,500,65.264
SCALE_C_NFD_500_072,3,2026-08-22 15:19:46,NFD,500,68.104
SCALE_C_NFD_500_073,3,2026-08-22 15:20:50,NFD,500,68.069
SCALE_C_NFD_500_074,3,2026-08-22 15:22:37,NFD,500,65.163
SCALE_C_NFD_500_075,3,2026-08-22 15:24:33,NFD,500,67.497
SCALE_C_NFD_500_076,3,2026-08-22 15:25:34,NFD,500,71.207
SCALE_C_NFD_500_077,3,2026-08-22 15:26:53,NFD,500,65.18
SCALE_C_NFD_500_078,3,2026-08-22 15:28:54,NFD,500,63.228
SCALE_C_NFD_500_079,3,2026-08-22 15:31:41,NFD,500,68.185
SCALE_C_NFD_500_080,3,2026-08-22 15:34:34,NFD,500,66.845
SCALE_C_NFD_500_081,3,2026-08-22 15:36:21,NFD,500,67.312
SCALE_C_NFD_500_082,3,2026-08-22 15:41:13,NFD,500,71.376
SCALE_C_NFD_100_067,3,2026-08-22 17:13:23,NFD,100,74.565
SCALE_C_NFD_100_068,3,2026-08-22 17:15:31,NFD,100,76.651
SCALE_C_NFD_100_069,3,2026-08-22 17:16:38,NFD,100,77.459
SCALE_C_NFD_100_070,3,2026-08-22 17:20:05,NFD,100,82.623
SCALE_C_NFD_100_071,3,2026-08-22 17:21:11,NFD,100,78.163
SCALE_C_NFD_100_072,3,2026-08-22 17:22:37,NFD,100,78.434
SCALE_C_NFD_100_073,3,2026-08-22 17:24:54,NFD,100,80.314
SCALE_C_NFD_100_074,3,2026-08-22 17:25:47,NFD,100,75.602
SCALE_C_NFD_100_075,3,2026-08-22 17:30:46,NFD,100,75.108
SCALE_C_NFD_100_076,3,2026-08-22 17:34:23,NFD,100,77.841
SCALE_C_NFD_100_077,3,2026-08-22 17:35:06,NFD,100,82.86
SCALE_C_NFD_100_078,3,2026-08-22 17:36:17,NFD,100,78.59
SCALE_C_NFD_100_079,3,2026-08-22 17:37:49,NFD,100,80.302
SCALE_C_NFD_100_080,3,2026-08-22 17:38:40,NFD,100,82.476
SCALE_C_NFD_100_081,3,2026-08-22 17:41:33,NFD,100,77.582
SCALE_C_NFD_100_082,3,2026-08-22 17:44:42,NFD,100,74.67
SCALE_C_NFD_100_083,3,2026-08-22 17:46:52,NFD,100,79.113
SCALE_C_NFD_100_084,3,2026-08-22 17:48:18,NFD,100,78.188
SCALE_C_NFD_100_085,3,2026-08-22 17:51:00,NFD,100,81.053
SCALE_C_PythonNDN_5000_041,2,2026-08-22 18:44:06,PythonNDN,5000,10.347
SCALE_C_PythonNDN_5000_042,2,2026-08-22 18:47:26,PythonNDN,5000,9.612
SCALE_C_PythonNDN_5000_043,2,2026-08-22 18:50:00,PythonNDN,5000,9.915
SCALE_C_PythonNDN_5000_044,2,2026-08-22 18:57:37,PythonNDN,5000,9.939
SCALE_C_PythonNDN_5000_045,2,2026-08-22 19:02:40,PythonNDN,5000,9.772
SCALE_C_NFD_50_145,5,2026-08-22 19:06:06,NFD,50,96.881
SCALE_C_PythonNDN_5000_046,2,2026-08-22 19:06:08,PythonNDN,5000,9.957
SCALE_C_NFD_50_146,5,2026-08-22 19:07:58,NFD,50,92.23
SCALE_C_PythonNDN_5000_047,2,2026-08-22 19:08:14,PythonNDN,5000,9.852
SCALE_C_PythonNDN_5000_048,2,2026-08-22 19:09:00,PythonNDN,5000,10.445
SCALE_C_NFD_50_147,5,2026-08-22 19:09:36,NFD,50,87.451
SCALE_C_NFD_50_148,5,2026-08-22 19:12:05,NFD,50,87.37
SCALE_C_PythonNDN_5000_049,2,2026-08-22 19:12:14,PythonNDN,5000,9.046
SCALE_C_PythonNDN_5000_050,2,2026-08-22 19:13:31,PythonNDN,5000,9.829
SCALE_C_PythonNDN_5000_051,2,2026-08-22 19:14:13,PythonNDN,5000,9.725
SCALE_C_NFD_50_149,5,2026-08-22 19:14:14,NFD,50,94.846
SCALE_C_NFD_50_150,5,2026-08-22 19:16:14,NFD,50,89.083
SCALE_C_PythonNDN_5000_052,2,2026-08-22 19:18:05,PythonNDN,5000,9.866
SCALE_C_PythonNDN_5000_053,2,2026-08-22 19:19:45,PythonNDN,5000,10.323
SCALE_C_PythonNDN_5000_054,2,2026-08-22 19:21:26,PythonNDN,5000,10.609
SCALE_C_PythonNDN_5000_055,2,2026-08-22 19:23:23,PythonNDN,5000,10.096
SCALE_C_PythonNDN_5000_056,2,2026-08-22 19:26:13,PythonNDN,5000,10.221
SCALE_C_PythonNDN_5000_057,2,2026-08-22 19:28:31,PythonNDN,5000,9.988
SCALE_C_PythonNDN_5000_058,2,2026-08-22 19:32:25,PythonNDN,5000,10.337
SCALE_C_PythonNDN_50_126,5,2026-08-22 19:32:56,PythonNDN,50,82.314
SCALE_C_PythonNDN_5000_059,2,2026-08-22 19:35:09,PythonNDN,5000,10.328
SCALE_C_PythonNDN_50_127,5,2026-08-22 19:37:26,PythonNDN,50,91.686
SCALE_C_PythonNDN_5000_060,2,2026-08-22 19:38:18,PythonNDN,5000,10.465
SCALE_C_PythonNDN_50_128,5,2026-08-22 19:38:23,PythonNDN,50,81.839
SCALE_C_PythonNDN_50_129,5,2026-08-22 19:40:38,PythonNDN,50,81.288
SCALE_C_PythonNDN_5000_061,2,2026-08-22 19:40:47,PythonNDN,5000,9.884
SCALE_C_PythonNDN_50_130,5,2026-08-22 19:42:50,PythonNDN,50,85.125
SCALE_C_PythonNDN_50_131,5,2026-08-22 19:43:02,PythonNDN,50,84.038
SCALE_C_PythonNDN_5000_062,2,2026-08-22 19:43:46,PythonNDN,5000,9.596
SCALE_C_PythonNDN_5000_063,2,2026-08-22 19:46:35,PythonNDN,5000,9.955
SCALE_C_PythonNDN_50_132,5,2026-08-22 19:47:12,PythonNDN,50,84.487
SCALE_C_PythonNDN_50_133,5,2026-08-22 19:48:39,PythonNDN,50,78.41
SCALE_C_PythonNDN_50_134,5,2026-08-22 19:50:56,PythonNDN,50,89.881
SCALE_C_PythonNDN_5000_064,2,2026-08-22 19:51:26,PythonNDN,5000,10.885
SCALE_C_PythonNDN_50_135,5,2026-08-22 19:52:12,PythonNDN,50,89.452
SCALE_C_PythonNDN_50_136,5,2026-08-22 19:54:18,PythonNDN,50,88.221
SCALE_C_PythonNDN_5000_065,2,2026-08-22 19:56:04,PythonNDN,5000,10.004
SCALE_C_PythonNDN_50_137,5,2026-08-22 19:56:41,PythonNDN,50,84.953
SCALE_C_PythonNDN_50_138,5,2026-08-22 19:57:19,PythonNDN,50,84.226
SCALE_C_PythonNDN_5000_066,2,2026-08-22 19:58:13,PythonNDN,5000,10.121
SCALE_C_PythonNDN_50_139,5,2026-08-22 20:00:40,PythonNDN,50,89.317
SCALE_C_PythonNDN_50_140,5,2026-08-22 20:01:51,PythonNDN,50,83.085
SCALE_C_PythonNDN_5000_067,2,2026-08-22 20:03:01,PythonNDN,5000,9.685
SCALE_C_PythonNDN_50_141,5,2026-08-22 20:03:25,PythonNDN,50,87.267
SCALE_C_PythonNDN_50_142,5,2026-08-22 20:04:27,PythonNDN,50,88.918
SCALE_C_PythonNDN_5000_068,2,2026-08-22 20:05:48,PythonNDN,5000,9.848
SCALE_C_PythonNDN_5000_069,2,2026-08-22 20:07:34,PythonNDN,5000,10.476
SCALE_C_PythonNDN_50_143,5,2026-08-22 20:07:43,PythonNDN,50,88.145
SCALE_C_PythonNDN_5000_070,2,2026-08-22 20:09:22,PythonNDN,5000,10.523
SCALE_C_PythonNDN_50_144,5,2026-08-22 20:10:20,PythonNDN,50,89.284
SCALE_C_PythonNDN_5000_071,2,2026-08-22 20:11:00,PythonNDN,5000,9.147
SCALE_C_PythonNDN_50_145,5,2026-08-22 20:13:17,PythonNDN,50,89.25
SCALE_C_PythonNDN_5000_072,2,2026-08-22 20:13:23,PythonNDN,5000,10.2
SCALE_C_PythonNDN_5000_073,2,2026-08-22 20:14:11,PythonNDN,5000,10.452
SCALE_C_PythonNDN_5000_074,2,2026-08-22 20:16:34,PythonNDN,5000,10.549
SCALE_C_PythonNDN_5000_075,2,2026-08-22 20:18:09,PythonNDN,5000,9.705
SCALE_C_uDCN_50_122,6,2026-08-22 22:36:11,uDCN,50,95.192
SCALE_C_uDCN_50_123,6,2026-08-22 22:37:51,uDCN,50,99.619
SCALE_C_uDCN_50_124,6,2026-08-22 22:42:36,uDCN,50,100.0
SCALE_C_uDCN_50_125,6,2026-08-22 22:43:32,uDCN,50,97.552
SCALE_C_uDCN_50_126,6,2026-08-22 22:45:07,uDCN,50,100.0
SCALE_C_uDCN_50_127,6,2026-08-22 22:46:23,uDCN,50,97.797
SCALE_C_uDCN_50_128,6,2026-08-22 22:48:43,uDCN,50,97.17
SCALE_C_uDCN_50_129,6,2026-08-22 22:49:37,uDCN,50,94.989
SCALE_C_uDCN_50_130,6,2026-08-22 22:52:42,uDCN,50,98.777
SCALE_C_uDCN_50_131,6,2026-08-22 22:57:48,uDCN,50,99.911
SCALE_C_uDCN_50_132,6,2026-08-22 22:59:29,uDCN,50,93.971
SCALE_C_uDCN_50_133,6,2026-08-22 23:00:35,uDCN,50,95.868
SCALE_C_uDCN_50_134,6,2026-08-22 23:03:35,uDCN,50,92.997
SCALE_C_uDCN_50_135,6,2026-08-22 23:05:08,uDCN,50,100.0
SCALE_C_uDCN_50_136,6,2026-08-22 23:07:06,uDCN,50,100.0
SCALE_C_uDCN_50_137,6,2026-08-22 23:13:03,uDCN,50,95.25
SCALE_C_uDCN_50_138,6,2026-08-22 23:19:25,uDCN,50,95.004
SCALE_C_uDCN_50_139,6,2026-08-22 23:21:02,uDCN,50,100.0
SCALE_C_uDCN_50_140,6,2026-08-22 23:23:24,uDCN,50,97.065
SCALE_C_uDCN_50_141,6,2026-08-22 23:27:19,uDCN,50,99.237
SCALE_C_uDCN_50_142,6,2026-08-22 23:28:55,uDCN,50,100.0
SCALE_C_uDCN_50_143,6,2026-08-22 23:33:23,uDCN,50,98.347
SCALE_C_uDCN_50_144,6,2026-08-22 23:36:45,uDCN,50,98.237
SCALE_C_uDCN_50_145,6,2026-08-22 23:39:21,uDCN,50,95.187
SCALE_C_uDCN_50_146,6,2026-08-22 23:41:33,uDCN,50,98.364
SCALE_C_uDCN_50_147,6,2026-08-22 23:44:21,uDCN,50,95.065
SCALE_C_uDCN_50_148,6,2026-08-22 23:48:38,uDCN,50,100.0
SCALE_C_uDCN_50_149,6,2026-08-22 23:49:24,uDCN,50,96.114
SCALE_C_uDCN_50_150,6,2026-08-22 23:52:02,uDCN,50,100.0
SCALE_C_CCNlite_500_026,1,2026-08-23 00:11:18,CCNlite,500,68.376
SCALE_C_CCNlite_500_027,1,2026-08-23 00:16:02,CCNlite,500,65.17
SCALE_C_CCNlite_500_028,1,2026-08-23 00:17:09,CCNlite,500,63.859
SCALE_C_CCNlite_100_015,1,2026-08-23 00:18:09,CCNlite,100,82.223
SCALE_C_CCNlite_100_016,1,2026-08-23 00:19:25,CCNlite,100,81.731
SCALE_C_CCNlite_500_029,1,2026-08-23 00:19:46,CCNlite,500,68.293
SCALE_C_CCNlite_500_030,1,2026-08-23 00:21:19,CCNlite,500,64.601
SCALE_C_CCNlite_100_017,1,2026-08-23 00:23:26,CCNlite,100,76.293
SCALE_C_CCNlite_10_115,4,2026-08-23 00:24:14,CCNlite,10,100.0
SCALE_C_CCNlite_100_018,1,2026-08-23 00:25:22,CCNlite,100,77.705
SCALE_C_CCNlite_100_019,1,2026-08-23 00:25:38,CCNlite,100,81.837
SCALE_C_CCNlite_100_020,1,2026-08-23 00:26:25,CCNlite,100,81.246
SCALE_C_CCNlite_10_116,4,2026-08-23 00:26:43,CCNlite,10,98.804
SCALE_C_CCNlite_100_021,1,2026-08-23 00:27:44,CCNlite,100,83.256
SCALE_C_CCNlite_500_031,1,2026-08-23 00:28:48,CCNlite,500,68.344
SCALE_C_CCNlite_100_022,1,2026-08-23 00:29:15,CCNlite,100,82.104
SCALE_C_CCNlite_500_032,1,2026-08-23 00:29:52,CCNlite,500,67.739
SCALE_C_CCNlite_10_117,4,2026-08-23 00:30:06,CCNlite,10,98.931
SCALE_C_CCNlite_500_033,1,2026-08-23 00:30:21,CCNlite,500,65.572
SCALE_C_CCNlite_10_118,4,2026-08-23 00:30:35,CCNlite,10,99.387
SCALE_C_CCNlite_10_119,4,2026-08-23 00:31:36,CCNlite,10,95.79
SCALE_C_CCNlite_100_023,1,2026-08-23 00:32:04,CCNlite,100,77.567
SCALE_C_CCNlite_10_120,4,2026-08-23 00:34:04,CCNlite,10,100.0
SCALE_C_CCNlite_100_024,1,2026-08-23 00:34:32,CCNlite,100,78.733
SCALE_C_CCNlite_10_121,4,2026-08-23 00:34:41,CCNlite,10,99.07
SCALE_C_CCNlite_500_034,1,2026-08-23 00:34:59,CCNlite,500,64.819
SCALE_C_CCNlite_10_122,4,2026-08-23 00:35:33,CCNlite,10,100.0
SCALE_C_CCNlite_100_025,1,2026-08-23 00:35:37,CCNlite,100,87.423
SCALE_C_CCNlite_100_026,1,2026-08-23 00:37:45,CCNlite,100,78.939
SCALE_C_CCNlite_10_123,4,2026-08-23 00:39:09,CCNlite,10,100.0
SCALE_C_CCNlite_500_035,1,2026-08-23 00:40:30,CCNlite,500,70.567
SCALE_C_CCNlite_10_124,4,2026-08-23 00:43:31,CCNlite,10,100.0
SCALE_C_CCNlite_10_125,4,2026-08-23 00:44:08,CCNlite,10,100.0
SCALE_C_CCNlite_500_036,1,2026-08-23 00:45:30,CCNlite,500,64.693
SCALE_C_CCNlite_10_126,4,2026-08-23 00:46:30,CCNlite,10,100.0
SCALE_C_CCNlite_500_037,1,2026-08-23 00:46:36,CCNlite,500,68.417
SCALE_C_CCNlite_500_038,1,2026-08-23 00:48:27,CCNlite,500,71.968
SCALE_C_CCNlite_10_127,4,2026-08-23 00:49:38,CCNlite,10,94.401
SCALE_C_CCNlite_10_128,4,2026-08-23 00:52:40,CCNlite,10,97.58
SCALE_C_CCNlite_500_039,1,2026-08-23 00:52:46,CCNlite,500,69.326
SCALE_C_CCNlite_500_040,1,2026-08-23 00:53:22,CCNlite,500,69.886
SCALE_C_CCNlite_10_129,4,2026-08-23 00:53:58,CCNlite,10,100.0
SCALE_C_CCNlite_10_130,4,2026-08-23 00:56:01,CCNlite,10,97.306
SCALE_C_CCNlite_500_041,1,2026-08-23 00:58:52,CCNlite,500,70.49
SCALE_C_CCNlite_10_131,4,2026-08-23 01:01:10,CCNlite,10,99.24
SCALE_C_CCNlite_500_042,1,2026-08-23 01:02:00,CCNlite,500,64.49
SCALE_C_CCNlite_10_132,4,2026-08-23 01:02:48,CCNlite,10,95.457
SCALE_C_CCNlite_500_043,1,2026-08-23 01:03:41,CCNlite,500,65.232
SCALE_C_CCNlite_10_133,4,2026-08-23 01:04:17,CCNlite,10,100.0
SCALE_C_CCNlite_500_044,1,2026-08-23 01:04:42,CCNlite,500,70.003
SCALE_C_CCNlite_10_134,4,2026-08-23 01:05:12,CCNlite,10,100.0
SCALE_C_CCNlite_10_135,4,2026-08-23 01:06:33,CCNlite,10,97.636
SCALE_C_CCNlite_500_045,1,2026-08-23 01:06:35,CCNlite,500,65.374
SCALE_C_CCNlite_500_046,1,2026-08-23 01:06:54,CCNlite,500,66.882
SCALE_C_CCNlite_500_047,1,2026-08-23 01:07:11,CCNlite,500,62.801
SCALE_C_CCNlite_10_136,4,2026-08-23 01:09:43,CCNlite,10,100.0
SCALE_C_CCNlite_10_137,4,2026-08-23 01:11:16,CCNlite,10,99.395
SCALE_C_CCNlite_500_048,1,2026-08-23 01:11:23,CCNlite,500,66.675
SCALE_C_CCNlite_500_049,1,2026-08-23 01:12:56,CCNlite,500,67.372
SCALE_C_CCNlite_500_050,1,2026-08-23 01:15:27,CCNlite,500,66.335
SCALE_C_CCNlite_10_138,4,2026-08-23 01:15:33,CCNlite,10,99.897
SCALE_C_CCNlite_500_051,1,2026-08-23 01:16:13,CCNlite,500,70.467
SCALE_C_CCNlite_10_139,4,2026-08-23 01:17:34,CCNlite,10,99.556
SCALE_C_CCNlite_500_052,1,2026-08-23 01:18:53,CCNlite,500,66.475
SCALE_C_CCNlite_500_053,1,2026-08-23 01:21:48,CCNlite,500,66.393
SCALE_C_CCNlite_500_054,1,2026-08-23 01:23:36,CCNlite,500,67.434
SCALE_C_NFD_500_083,4,2026-08-23 02:54:34,NFD,500,65.873
SCALE_C_NFD_500_084,4,2026-08-23 02:56:07,NFD,500,69.243
SCALE_C_NFD_500_085,4,2026-08-23 02:58:53,NFD,500,66.328
SCALE_C_NFD_500_086,4,2026-08-23 02:59:42,NFD,500,66.014
SCALE_C_NFD_500_087,4,2026-08-23 03:01:45,NFD,500,63.042
SCALE_C_NFD_500_088,4,2026-08-23 03:04:40,NFD,500,69.432
SCALE_C_NFD_500_089,4,2026-08-23 03:06:01,NFD,500,63.933
SCALE_C_NFD_500_090,4,2026-08-23 03:08:08,NFD,500,67.623
SCALE_C_NFD_500_091,4,2026-08-23 03:13:00,NFD,500,65.066
SCALE_C_NFD_500_092,4,2026-08-23 03:15:27,NFD,500,67.424
SCALE_C_NFD_500_093,4,2026-08-23 03:17:01,NFD,500,67.031
SCALE_C_NFD_500_094,4,2026-08-23 03:18:13,NFD,500,64.758
SCALE_C_NFD_500_095,4,2026-08-23 03:22:16,NFD,500,66.466
SCALE_C_NFD_500_096,4,2026-08-23 03:24:45,NFD,500,63.87
SCALE_C_NFD_500_097,4,2026-08-23 03:26:36,NFD,500,67.966
SCALE_C_NFD_500_098,4,2026-08-23 03:28:29,NFD,500,69.968
SCALE_C_NFD_500_099,4,2026-08-23 03:33:16,NFD,500,67.894
SCALE_C_NFD_500_100,4,2026-08-23 03:36:00,NFD,500,59.989
SCALE_C_NFD_500_101,4,2026-08-23 03:36:33,NFD,500,70.196
SCALE_C_CCNlite_100_027,2,2026-08-23 04:22:27,CCNlite,100,79.757
SCALE_C_CCNlite_100_028,2,2026-08-23 04:24:19,CCNlite,100,79.327
SCALE_C_CCNlite_100_029,2,2026-08-23 04:27:10,CCNlite,100,83.838
SCALE_C_CCNlite_100_030,2,2026-08-23 04:32:15,CCNlite,100,81.768
SCALE_C_CCNlite_100_031,2,2026-08-23 04:32:41,CCNlite,100,78.431
SCALE_C_CCNlite_100_032,2,2026-08-23 04:35:23,CCNlite,100,80.977
SCALE_C_CCNlite_100_033,2,2026-08-23 04:37:26,CCNlite,100,77.63
SCALE_C_CCNlite_100_034,2,2026-08-23 04:39:54,CCNlite,100,77.781
SCALE_C_CCNlite_100_035,2,2026-08-23 04:40:15,CCNlite,100,83.667
SCALE_C_CCNlite_100_036,2,2026-08-23 04:47:25,CCNlite,100,81.292
SCALE_C_CCNlite_100_037,2,2026-08-23 04:49:02,CCNlite,100,83.309
SCALE_C_CCNlite_100_038,2,2026-08-23 04:53:41,CCNlite,100,76.852
SCALE_C_CCNlite_100_039,2,2026-08-23 04:54:59,CCNlite,100,79.927
SCALE_C_CCNlite_100_040,2,2026-08-23 04:56:51,CCNlite,100,78.796
SCALE_C_CCNlite_100_041,2,2026-08-23 04:59:07,CCNlite,100,82.662
SCALE_C_CCNlite_100_042,2,2026-08-23 05:01:30,CCNlite,100,82.334
SCALE_C_CCNlite_100_043,2,2026-08-23 05:02:03,CCNlite,100,81.264
SCALE_C_CCNlite_100_044,2,2026-08-23 05:03:31,CCNlite,100,81.618
SCALE_C_CCNlite_100_045,2,2026-08-23 05:10:14,CCNlite,100,80.325
SCALE_C_CCNlite_100_046,2,2026-08-23 05:11:45,CCNlite,100,80.57
SCALE_C_CCNlite_100_047,2,2026-08-23 05:14:18,CCNlite,100,76.221
SCALE_C_CCNlite_100_048,2,2026-08-23 05:14:42,CCNlite,100,79.853
SCALE_C_CCNlite_100_049,2,2026-08-23 05:15:48,CCNlite,100,79.787
SCALE_C_CCNlite_100_050,2,2026-08-23 05:17:25,CCNlite,100,79.98
SCALE_C_CCNlite_100_051,2,2026-08-23 05:18:56,CCNlite,100,77.272
SCALE_C_CCNlite_100_052,2,2026-08-23 05:20:12,CCNlite,100,79.305
SCALE_C_CCNlite_100_053,2,2026-08-23 05:23:23,CCNlite,100,80.369
SCALE_C_CCNlite_100_054,2,2026-08-23 05:24:28,CCNlite,100,79.645
SCALE_C_CCNlite_100_055,2,2026-08-23 05:25:13,CCNlite,100,83.877
SCALE_C_CCNlite_100_056,2,2026-08-23 05:27:15,CCNlite,100,77.194
SCALE_C_CCNlite_100_057,2,2026-08-23 05:29:22,CCNlite,100,82.283
SCALE_C_CCNlite_100_058,2,2026-08-23 05:30:54,CCNlite,100,82.353
SCALE_C_CCNlite_10_140,5,2026-08-23 09:17:31,CCNlite,10,100.0
SCALE_C_CCNlite_10_141,5,2026-08-23 09:19:36,CCNlite,10,100.0
SCALE_C_CCNlite_10_142,5,2026-08-23 09:20:40,CCNlite,10,95.071
SCALE_C_CCNlite_10_143,5,2026-08-23 09:23:39,CCNlite,10,100.0
SCALE_C_CCNlite_10_144,5,2026-08-23 09:24:54,CCNlite,10,100.0
SCALE_C_CCNlite_10_145,5,2026-08-23 09:29:33,CCNlite,10,97.215
SCALE_C_CCNlite_10_146,5,2026-08-23 09:31:24,CCNlite,10,100.0
SCALE_C_CCNlite_10_147,5,2026-08-23 09:32:22,CCNlite,10,98.309
SCALE_C_CCNlite_10_148,5,2026-08-23 09:35:11,CCNlite,10,99.224
SCALE_C_CCNlite_10_149,5,2026-08-23 09:37:51,CCNlite,10,97.679
SCALE_C_CCNlite_10_150,5,2026-08-23 09:42:26,CCNlite,10,100.0
SCALE_C_CCNlite_50_001,0,2026-08-23 10:00:00,CCNlite,50,91.921
SCALE_C_CCNlite_50_002,0,2026-08-23 10:02:09,CCNlite,50,85.631
SCALE_C_CCNlite_50_003,0,2026-08-23 10:05:41,CCNlite,50,92.696
SCALE_C_CCNlite_50_004,0,2026-08-23 10:09:03,CCNlite,50,87.277
SCALE_C_CCNlite_50_005,0,2026-08-23 10:10:50,CCNlite,50,92.367
SCALE_C_CCNlite_50_006,0,2026-08-23 10:12:46,CCNlite,50,93.052
SCALE_C_CCNlite_50_007,0,2026-08-23 10:13:16,CCNlite,50,94.341
SCALE_C_CCNlite_50_008,0,2026-08-23 10:14:18,CCNlite,50,89.731
SCALE_C_CCNlite_50_009,0,2026-08-23 10:17:01,CCNlite,50,89.258
SCALE_C_CCNlite_50_010,0,2026-08-23 10:17:44,CCNlite,50,88.936
SCALE_C_CCNlite_50_011,0,2026-08-23 10:19:12,CCNlite,50,94.633
SCALE_C_CCNlite_50_012,0,2026-08-23 10:21:17,CCNlite,50,94.15
SCALE_C_CCNlite_50_013,0,2026-08-23 10:22:16,CCNlite,50,91.29
SCALE_C_CCNlite_50_014,0,2026-08-23 10:27:44,CCNlite,50,92.36
SCALE_C_CCNlite_50_015,0,2026-08-23 10:31:00,CCNlite,50,92.732
SCALE_C_CCNlite_50_016,0,2026-08-23 10:32:39,CCNlite,50,90.047
SCALE_C_CCNlite_50_017,0,2026-08-23 10:35:11,CCNlite,50,91.218
SCALE_C_CCNlite_50_018,0,2026-08-23 10:37:01,CCNlite,50,86.313
SCALE_C_CCNlite_50_019,0,2026-08-23 10:38:07,CCNlite,50,88.936
SCALE_C_CCNlite_50_020,0,2026-08-23 10:43:04,CCNlite,50,91.665
SCALE_C_CCNlite_50_021,0,2026-08-23 10:43:16,CCNlite,50,92.67
SCALE_C_CCNlite_50_022,0,2026-08-23 10:45:22,CCNlite,50,86.604
SCALE_C_CCNlite_50_023,0,2026-08-23 10:49:44,CCNlite,50,91.321
SCALE_C_CCNlite_50_024,0,2026-08-23 10:51:11,CCNlite,50,94.103
SCALE_C_CCNlite_50_025,0,2026-08-23 10:53:39,CCNlite,50,87.788
SCALE_C_CCNlite_50_026,0,2026-08-23 10:54:26,CCNlite,50,86.535
SCALE_C_CCNlite_50_027,0,2026-08-23 10:55:45,CCNlite,50,93.497
SCALE_C_PythonNDN_50_146,6,2026-08-23 15:33:54,PythonNDN,50,83.345
SCALE_C_PythonNDN_50_147,6,2026-08-23 15:34:53,PythonNDN,50,86.858
SCALE_C_PythonNDN_50_148,6,2026-08-23 15:37:32,PythonNDN,50,82.718
SCALE_C_PythonNDN_50_149,6,2026-08-23 15:40:10,PythonNDN,50,87.483
SCALE_C_PythonNDN_50_150,6,2026-08-23 15:41:22,PythonNDN,50,84.199
SCALE_C_NFD_100_086,4,2026-08-23 16:27:59,NFD,100,82.496
SCALE_C_NFD_100_087,4,2026-08-23 16:28:42,NFD,100,78.879
SCALE_C_NFD_100_088,4,2026-08-23 16:37:09,NFD,100,81.798
SCALE_C_NFD_100_089,4,2026-08-23 16:40:44,NFD,100,80.474
SCALE_C_NFD_100_090,4,2026-08-23 16:41:55,NFD,100,77.986
SCALE_C_NFD_100_091,4,2026-08-23 16:47:45,NFD,100,76.502
SCALE_C_NFD_100_092,4,2026-08-23 16:49:26,NFD,100,82.555
SCALE_C_NFD_100_093,4,2026-08-23 16:51:08,NFD,100,73.94
SCALE_C_NFD_100_094,4,2026-08-23 16:55:29,NFD,100,79.083
SCALE_C_NFD_100_095,4,2026-08-23 16:56:59,NFD,100,81.822
SCALE_C_NFD_100_096,4,2026-08-23 16:58:01,NFD,100,83.108
SCALE_C_NFD_100_097,4,2026-08-23 16:59:18,NFD,100,79.784
SCALE_C_NFD_100_098,4,2026-08-23 16:59:38,NFD,100,77.017
SCALE_C_NFD_100_099,4,2026-08-23 17:01:00,NFD,100,78.717
SCALE_C_NFD_100_100,4,2026-08-23 17:01:51,NFD,100,77.256
SCALE_C_NFD_100_101,4,2026-08-23 17:04:10,NFD,100,75.687
SCALE_C_NFD_100_102,4,2026-08-23 17:05:31,NFD,100,74.522
SCALE_C_NFD_100_103,4,2026-08-23 17:06:52,NFD,100,78.843
SCALE_C_NFD_100_104,4,2026-08-23 17:09:22,NFD,100,81.357
SCALE_C_NFD_100_105,4,2026-08-23 17:15:16,NFD,100,75.678
SCALE_C_NFD_100_106,4,2026-08-23 17:16:15,NFD,100,79.263
SCALE_C_NFD_100_107,4,2026-08-23 17:17:12,NFD,100,78.324
SCALE_C_NFD_100_108,4,2026-08-23 17:20:16,NFD,100,82.217
SCALE_C_NFD_100_109,4,2026-08-23 17:22:39,NFD,100,76.946
SCALE_C_NFD_100_110,4,2026-08-23 17:26:00,NFD,100,79.446
SCALE_C_NFD_100_111,4,2026-08-23 17:30:20,NFD,100,76.408
SCALE_C_NFD_100_112,4,2026-08-23 17:34:55,NFD,100,84.657
SCALE_C_NFD_100_113,4,2026-08-23 17:35:30,NFD,100,77.523
SCALE_C_NFD_100_114,4,2026-08-23 17:36:37,NFD,100,78.811
SCALE_C_NFD_100_115,4,2026-08-23 17:38:06,NFD,100,78.239
SCALE_C_NFD_100_116,4,2026-08-23 17:41:43,NFD,100,82.206
SCALE_C_NFD_100_117,4,2026-08-23 17:43:25,NFD,100,79.036
SCALE_C_NFD_100_118,4,2026-08-23 17:46:21,NFD,100,81.693
SCALE_C_NFD_100_119,4,2026-08-23 17:47:21,NFD,100,75.223
SCALE_C_NFD_100_120,4,2026-08-23 17:48:57,NFD,100,79.269
SCALE_C_NFD_500_102,5,2026-08-23 20:35:06,NFD,500,65.735
SCALE_C_NFD_500_103,5,2026-08-23 20:36:19,NFD,500,68.072
SCALE_C_NFD_500_104,5,2026-08-23 20:37:34,NFD,500,64.036
SCALE_C_NFD_500_105,5,2026-08-23 20:40:14,NFD,500,69.376
SCALE_C_NFD_500_106,5,2026-08-23 20:41:29,NFD,500,70.082
SCALE_C_NFD_500_107,5,2026-08-23 20:43:15,NFD,500,67.172
SCALE_C_NFD_500_108,5,2026-08-23 20:45:41,NFD,500,64.664
SCALE_C_NFD_500_109,5,2026-08-23 20:46:40,NFD,500,69.438
SCALE_C_NFD_500_110,5,2026-08-23 20:47:10,NFD,500,67.29
SCALE_C_NFD_500_111,5,2026-08-23 20:50:52,NFD,500,65.639
SCALE_C_NFD_500_112,5,2026-08-23 20:52:12,NFD,500,68.963
SCALE_C_NFD_500_113,5,2026-08-23 20:53:10,NFD,500,68.86
SCALE_C_NFD_500_114,5,2026-08-23 20:53:59,NFD,500,66.865
SCALE_C_NFD_500_115,5,2026-08-23 20:55:29,NFD,500,70.673
SCALE_C_NFD_500_116,5,2026-08-23 20:57:21,NFD,500,64.81
SCALE_C_NFD_500_117,5,2026-08-23 21:01:23,NFD,500,67.261
SCALE_C_NFD_500_118,5,2026-08-23 21:02:08,NFD,500,65.044
SCALE_C_NFD_500_119,5,2026-08-23 21:02:35,NFD,500,66.874
SCALE_C_NFD_500_120,5,2026-08-23 21:04:26,NFD,500,64.391
SCALE_C_PythonNDN_5000_076,3,2026-08-24 00:04:54,PythonNDN,5000,10.156
SCALE_C_PythonNDN_5000_077,3,2026-08-24 00:06:36,PythonNDN,5000,9.683
SCALE_C_PythonNDN_5000_078,3,2026-08-24 00:08:08,PythonNDN,5000,9.941
SCALE_C_PythonNDN_5000_079,3,2026-08-24 00:09:50,PythonNDN,5000,10.083
SCALE_C_PythonNDN_5000_080,3,2026-08-24 00:12:09,PythonNDN,5000,10.137
SCALE_C_PythonNDN_5000_081,3,2026-08-24 00:14:17,PythonNDN,5000,9.949
SCALE_C_PythonNDN_5000_082,3,2026-08-24 00:14:57,PythonNDN,5000,9.816
SCALE_C_PythonNDN_5000_083,3,2026-08-24 00:16:06,PythonNDN,5000,9.902
SCALE_C_CCNlite_500_055,2,2026-08-24 00:19:35,CCNlite,500,67.868
SCALE_C_PythonNDN_5000_084,3,2026-08-24 00:19:41,PythonNDN,5000,9.629
SCALE_C_PythonNDN_5000_085,3,2026-08-24 00:22:01,PythonNDN,5000,10.509
SCALE_C_CCNlite_500_056,2,2026-08-24 00:22:46,CCNlite,500,63.811
SCALE_C_PythonNDN_5000_086,3,2026-08-24 00:23:30,PythonNDN,5000,10.393
SCALE_C_CCNlite_500_057,2,2026-08-24 00:25:05,CCNlite,500,69.277
SCALE_C_CCNlite_500_058,2,2026-08-24 00:27:53,CCNlite,500,66.256
SCALE_C_PythonNDN_5000_087,3,2026-08-24 00:28:40,PythonNDN,5000,9.422
SCALE_C_PythonNDN_5000_088,3,2026-08-24 00:30:56,PythonNDN,5000,9.603
SCALE_C_PythonNDN_5000_089,3,2026-08-24 00:31:29,PythonNDN,5000,9.397
SCALE_C_CCNlite_500_059,2,2026-08-24 00:31:36,CCNlite,500,69.914
SCALE_C_PythonNDN_5000_090,3,2026-08-24 00:32:36,PythonNDN,5000,10.636
SCALE_C_CCNlite_500_060,2,2026-08-24 00:33:03,CCNlite,500,67.776
SCALE_C_PythonNDN_5000_091,3,2026-08-24 00:35:03,PythonNDN,5000,10.103
SCALE_C_CCNlite_500_061,2,2026-08-24 00:36:50,CCNlite,500,67.043
SCALE_C_PythonNDN_5000_092,3,2026-08-24 00:37:01,PythonNDN,5000,9.985
SCALE_C_PythonNDN_5000_093,3,2026-08-24 00:40:23,PythonNDN,5000,10.257
SCALE_C_CCNlite_500_062,2,2026-08-24 00:40:41,CCNlite,500,70.267
SCALE_C_CCNlite_500_063,2,2026-08-24 00:42:25,CCNlite,500,68.121
SCALE_C_PythonNDN_5000_094,3,2026-08-24 00:43:34,PythonNDN,5000,10.145
SCALE_C_CCNlite_500_064,2,2026-08-24 00:46:31,CCNlite,500,67.203
SCALE_C_PythonNDN_5000_095,3,2026-08-24 00:46:38,PythonNDN,5000,10.286
SCALE_C_PythonNDN_5000_096,3,2026-08-24 00:46:52,PythonNDN,5000,10.265
SCALE_C_CCNlite_500_065,2,2026-08-24 00:49:22,CCNlite,500,66.369
SCALE_C_CCNlite_500_066,2,2026-08-24 00:51:48,CCNlite,500,70.186
SCALE_C_CCNlite_500_067,2,2026-08-24 00:53:00,CCNlite,500,68.359
SCALE_C_CCNlite_500_068,2,2026-08-24 00:55:00,CCNlite,500,66.008
SCALE_C_CCNlite_500_069,2,2026-08-24 00:55:52,CCNlite,500,67.187
SCALE_C_CCNlite_500_070,2,2026-08-24 00:57:53,CCNlite,500,66.455
SCALE_C_CCNlite_500_071,2,2026-08-24 00:59:57,CCNlite,500,68.216
SCALE_C_CCNlite_500_072,2,2026-08-24 01:02:40,CCNlite,500,65.49
SCALE_C_CCNlite_500_073,2,2026-08-24 01:04:12,CCNlite,500,67.26
SCALE_C_CCNlite_500_074,2,2026-08-24 01:05:34,CCNlite,500,68.86
SCALE_C_CCNlite_500_075,2,2026-08-24 01:07:42,CCNlite,500,65.091
SCALE_C_CCNlite_500_076,2,2026-08-24 01:11:24,CCNlite,500,70.803
SCALE_C_CCNlite_500_077,2,2026-08-24 01:15:11,CCNlite,500,70.033
SCALE_C_CCNlite_500_078,2,2026-08-24 01:17:28,CCNlite,500,68.88
SCALE_C_CCNlite_500_079,2,2026-08-24 01:20:55,CCNlite,500,67.621
SCALE_C_CCNlite_500_080,2,2026-08-24 01:22:02,CCNlite,500,66.804
SCALE_C_CCNlite_500_081,2,2026-08-24 01:23:46,CCNlite,500,62.104
SCALE_C_CCNlite_500_082,2,2026-08-24 01:26:59,CCNlite,500,71.6
SCALE_C_CCNlite_500_083,2,2026-08-24 01:28:36,CCNlite,500,66.932
SCALE_C_CCNlite_500_084,2,2026-08-24 01:29:48,CCNlite,500,66.62
SCALE_C_CCNlite_500_085,2,2026-08-24 01:30:08,CCNlite,500,67.472
SCALE_C_CCNlite_500_086,2,2026-08-24 01:32:48,CCNlite,500,67.266
SCALE_C_uDCN_1000_125,5,2026-08-24 05:40:34,uDCN,1000,89.823
SCALE_C_uDCN_1000_126,5,2026-08-24 05:42:01,uDCN,1000,92.725
SCALE_C_uDCN_1000_127,5,2026-08-24 05:43:44,uDCN,1000,90.513
SCALE_C_uDCN_1000_128,5,2026-08-24 05:44:23,uDCN,1000,87.834
SCALE_C_uDCN_1000_129,5,2026-08-24 05:45:49,uDCN,1000,90.721
SCALE_C_uDCN_1000_130,5,2026-08-24 05:47:40,uDCN,1000,95.252
SCALE_C_uDCN_1000_131,5,2026-08-24 05:50:56,uDCN,1000,95.731
SCALE_C_uDCN_1000_132,5,2026-08-24 05:53:18,uDCN,1000,96.238
SCALE_C_uDCN_1000_133,5,2026-08-24 05:55:26,uDCN,1000,89.182
SCALE_C_uDCN_1000_134,5,2026-08-24 05:58:53,uDCN,1000,94.231
SCALE_C_uDCN_1000_135,5,2026-08-24 05:59:22,uDCN,1000,90.049
SCALE_C_uDCN_1000_136,5,2026-08-24 06:00:42,uDCN,1000,94.817
SCALE_C_uDCN_1000_137,5,2026-08-24 06:01:31,uDCN,1000,90.097
SCALE_C_uDCN_1000_138,5,2026-08-24 06:02:43,uDCN,1000,89.794
SCALE_C_uDCN_1000_139,5,2026-08-24 06:05:01,uDCN,1000,89.194
SCALE_C_uDCN_1000_140,5,2026-08-24 06:06:41,uDCN,1000,93.491
SCALE_C_NFD_100_121,5,2026-08-24 08:34:27,NFD,100,78.545
SCALE_C_NFD_100_122,5,2026-08-24 08:36:25,NFD,100,79.344
SCALE_C_NFD_100_123,5,2026-08-24 08:37:50,NFD,100,84.604
SCALE_C_NFD_100_124,5,2026-08-24 08:38:48,NFD,100,76.574
SCALE_C_NFD_100_125,5,2026-08-24 08:40:34,NFD,100,75.666
SCALE_C_NFD_100_126,5,2026-08-24 08:40:54,NFD,100,79.064
SCALE_C_NFD_100_127,5,2026-08-24 08:43:33,NFD,100,78.043
SCALE_C_NFD_100_128,5,2026-08-24 08:47:06,NFD,100,82.07
SCALE_C_NFD_100_129,5,2026-08-24 08:50:41,NFD,100,76.153
SCALE_C_NFD_100_130,5,2026-08-24 08:51:23,NFD,100,76.478
SCALE_C_NFD_100_131,5,2026-08-24 08:52:41,NFD,100,75.972
SCALE_C_NFD_100_132,5,2026-08-24 08:53:36,NFD,100,77.608
SCALE_C_NFD_100_133,5,2026-08-24 08:56:39,NFD,100,79.18
SCALE_C_NFD_100_134,5,2026-08-24 08:58:17,NFD,100,79.007
SCALE_C_NFD_100_135,5,2026-08-24 09:01:44,NFD,100,78.155
SCALE_C_NFD_100_136,5,2026-08-24 09:04:40,NFD,100,82.715
SCALE_C_NFD_100_137,5,2026-08-24 09:06:15,NFD,100,78.116
SCALE_C_NFD_100_138,5,2026-08-24 09:08:32,NFD,100,80.866
SCALE_C_NFD_100_139,5,2026-08-24 09:09:08,NFD,100,76.914
SCALE_C_NFD_100_140,5,2026-08-24 09:09:40,NFD,100,72.672
SCALE_C_NFD_100_141,5,2026-08-24 09:14:06,NFD,100,77.164
SCALE_C_NFD_100_142,5,2026-08-24 09:16:26,NFD,100,78.402
SCALE_C_NFD_100_143,5,2026-08-24 09:17:45,NFD,100,71.791
SCALE_C_NFD_100_144,5,2026-08-24 09:18:41,NFD,100,76.698
SCALE_C_NFD_100_145,5,2026-08-24 09:21:50,NFD,100,76.563
SCALE_C_NFD_100_146,5,2026-08-24 09:23:46,NFD,100,81.347
SCALE_C_NFD_100_147,5,2026-08-24 09:26:13,NFD,100,83.254
SCALE_C_NFD_100_148,5,2026-08-24 09:30:52,NFD,100,82.502
SCALE_C_NFD_100_149,5,2026-08-24 09:31:40,NFD,100,77.695
SCALE_C_NFD_100_150,5,2026-08-24 09:35:11,NFD,100,81.942
SCALE_C_uDCN_1000_141,6,2026-08-24 10:19:37,uDCN,1000,92.22
SCALE_C_uDCN_1000_142,6,2026-08-24 10:22:49,uDCN,1000,91.723
SCALE_C_uDCN_1000_143,6,2026-08-24 10:27:18,uDCN,1000,93.101
SCALE_C_uDCN_1000_144,6,2026-08-24 10:28:51,uDCN,1000,95.034
SCALE_C_uDCN_1000_145,6,2026-08-24 10:30:13,uDCN,1000,96.854
SCALE_C_uDCN_1000_146,6,2026-08-24 10:31:37,uDCN,1000,90.915
SCALE_C_uDCN_1000_147,6,2026-08-24 10:34:09,uDCN,1000,98.192
SCALE_C_uDCN_1000_148,6,2026-08-24 10:37:00,uDCN,1000,90.154
SCALE_C_uDCN_1000_149,6,2026-08-24 10:37:43,uDCN,1000,92.54
SCALE_C_uDCN_1000_150,6,2026-08-24 10:38:44,uDCN,1000,97.901
SCALE_C_NFD_500_121,6,2026-08-24 14:30:40,NFD,500,69.083
SCALE_C_NFD_500_122,6,2026-08-24 14:33:52,NFD,500,65.427
SCALE_C_NFD_500_123,6,2026-08-24 14:34:23,NFD,500,64.141
SCALE_C_NFD_500_124,6,2026-08-24 14:36:11,NFD,500,66.468
SCALE_C_NFD_500_125,6,2026-08-24 14:39:39,NFD,500,62.385
SCALE_C_NFD_500_126,6,2026-08-24 14:40:57,NFD,500,70.445
SCALE_C_NFD_500_127,6,2026-08-24 14:45:16,NFD,500,69.881
SCALE_C_NFD_500_128,6,2026-08-24 14:46:50,NFD,500,65.848
SCALE_C_NFD_500_129,6,2026-08-24 14:49:05,NFD,500,70.835
SCALE_C_NFD_500_130,6,2026-08-24 14:49:31,NFD,500,67.436
SCALE_C_NFD_500_131,6,2026-08-24 14:50:34,NFD,500,64.09
SCALE_C_NFD_500_132,6,2026-08-24 14:52:46,NFD,500,61.168
SCALE_C_NFD_500_133,6,2026-08-24 14:57:02,NFD,500,63.804
SCALE_C_NFD_500_134,6,2026-08-24 14:58:13,NFD,500,66.564
SCALE_C_NFD_500_135,6,2026-08-24 14:59:43,NFD,500,70.197
SCALE_C_NFD_500_136,6,2026-08-24 15:03:25,NFD,500,69.992
SCALE_C_NFD_500_137,6,2026-08-24 15:05:51,NFD,500,69.647
SCALE_C_NFD_500_138,6,2026-08-24 15:06:46,NFD,500,63.701
SCALE_C_NFD_500_139,6,2026-08-24 15:07:21,NFD,500,66.656
SCALE_C_NFD_500_140,6,2026-08-24 15:11:20,NFD,500,65.954
SCALE_C_NFD_500_141,6,2026-08-24 15:14:21,NFD,500,70.269
SCALE_C_NFD_500_142,6,2026-08-24 15:17:50,NFD,500,66.256
SCALE_C_NFD_500_143,6,2026-08-24 15:21:45,NFD,500,65.502
SCALE_C_NFD_500_144,6,2026-08-24 15:25:15,NFD,500,66.682
SCALE_C_NFD_500_145,6,2026-08-24 15:26:51,NFD,500,67.447
SCALE_C_NFD_500_146,6,2026-08-24 15:28:27,NFD,500,70.042
SCALE_C_PythonNDN_500_001,0,2026-08-24 16:00:00,PythonNDN,500,33.947
SCALE_C_PythonNDN_500_002,0,2026-08-24 16:00:34,PythonNDN,500,34.245
SCALE_C_PythonNDN_500_003,0,2026-08-24 16:03:54,PythonNDN,500,35.102
SCALE_C_PythonNDN_500_004,0,2026-08-24 16:06:35,PythonNDN,500,32.393
SCALE_C_PythonNDN_500_005,0,2026-08-24 16:08:03,PythonNDN,500,33.038
SCALE_C_PythonNDN_500_006,0,2026-08-24 16:09:28,PythonNDN,500,33.572
SCALE_C_PythonNDN_500_007,0,2026-08-24 16:18:21,PythonNDN,500,34.968
SCALE_C_PythonNDN_500_008,0,2026-08-24 16:18:33,PythonNDN,500,34.758
SCALE_C_NFD_1000_067,3,2026-08-24 16:18:55,NFD,1000,52.655
SCALE_C_PythonNDN_500_009,0,2026-08-24 16:20:11,PythonNDN,500,33.065
SCALE_C_NFD_1000_068,3,2026-08-24 16:21:18,NFD,1000,52.349
SCALE_C_PythonNDN_500_010,0,2026-08-24 16:21:50,PythonNDN,500,32.854
SCALE_C_PythonNDN_500_011,0,2026-08-24 16:23:28,PythonNDN,500,36.989
SCALE_C_NFD_1000_069,3,2026-08-24 16:26:49,NFD,1000,56.162
SCALE_C_PythonNDN_500_012,0,2026-08-24 16:28:37,PythonNDN,500,34.46
SCALE_C_PythonNDN_500_013,0,2026-08-24 16:28:52,PythonNDN,500,33.33
SCALE_C_PythonNDN_500_014,0,2026-08-24 16:29:50,PythonNDN,500,32.007
SCALE_C_NFD_1000_070,3,2026-08-24 16:31:20,NFD,1000,52.156
SCALE_C_PythonNDN_500_015,0,2026-08-24 16:33:03,PythonNDN,500,35.041
SCALE_C_NFD_1000_071,3,2026-08-24 16:33:47,NFD,1000,54.261
SCALE_C_PythonNDN_500_016,0,2026-08-24 16:34:01,PythonNDN,500,33.599
SCALE_C_NFD_1000_072,3,2026-08-24 16:34:37,NFD,1000,54.507
SCALE_C_PythonNDN_500_017,0,2026-08-24 16:36:41,PythonNDN,500,34.959
SCALE_C_NFD_1000_073,3,2026-08-24 16:36:56,NFD,1000,54.879
SCALE_C_PythonNDN_500_018,0,2026-08-24 16:39:11,PythonNDN,500,34.195
SCALE_C_NFD_1000_074,3,2026-08-24 16:39:58,NFD,1000,55.724
SCALE_C_NFD_1000_075,3,2026-08-24 16:40:10,NFD,1000,55.148
SCALE_C_PythonNDN_500_019,0,2026-08-24 16:41:00,PythonNDN,500,32.117
SCALE_C_PythonNDN_500_020,0,2026-08-24 16:42:25,PythonNDN,500,36.232
SCALE_C_NFD_1000_076,3,2026-08-24 16:43:23,NFD,1000,56.207
SCALE_C_PythonNDN_500_021,0,2026-08-24 16:43:39,PythonNDN,500,34.666
SCALE_C_NFD_1000_077,3,2026-08-24 16:44:37,NFD,1000,56.31
SCALE_C_PythonNDN_500_022,0,2026-08-24 16:44:47,PythonNDN,500,33.711
SCALE_C_NFD_1000_078,3,2026-08-24 16:46:03,NFD,1000,56.384
SCALE_C_PythonNDN_500_023,0,2026-08-24 16:47:02,PythonNDN,500,33.777
SCALE_C_NFD_1000_079,3,2026-08-24 16:47:25,NFD,1000,56.301
SCALE_C_PythonNDN_500_024,0,2026-08-24 16:47:57,PythonNDN,500,36.542
SCALE_C_uDCN_5000_001,0,2026-08-24 17:00:00,uDCN,5000,80.351
SCALE_C_uDCN_5000_002,0,2026-08-24 17:02:06,uDCN,5000,75.055
SCALE_C_uDCN_5000_003,0,2026-08-24 17:06:24,uDCN,5000,76.802
SCALE_C_uDCN_5000_004,0,2026-08-24 17:07:38,uDCN,5000,77.042
SCALE_C_uDCN_5000_005,0,2026-08-24 17:09:09,uDCN,5000,74.11
SCALE_C_uDCN_5000_006,0,2026-08-24 17:11:26,uDCN,5000,75.152
SCALE_C_uDCN_5000_007,0,2026-08-24 17:15:45,uDCN,5000,76.022
SCALE_C_uDCN_5000_008,0,2026-08-24 17:16:40,uDCN,5000,74.597
SCALE_C_uDCN_5000_009,0,2026-08-24 17:18:57,uDCN,5000,74.099
SCALE_C_uDCN_5000_010,0,2026-08-24 17:20:04,uDCN,5000,76.35
SCALE_C_uDCN_5000_011,0,2026-08-24 17:22:45,uDCN,5000,73.916
SCALE_C_uDCN_5000_012,0,2026-08-24 17:24:41,uDCN,5000,75.675
SCALE_C_uDCN_5000_013,0,2026-08-24 17:24:54,uDCN,5000,77.553
SCALE_C_uDCN_5000_014,0,2026-08-24 17:26:26,uDCN,5000,74.789
SCALE_C_uDCN_5000_015,0,2026-08-24 17:29:47,uDCN,5000,70.471
SCALE_C_uDCN_5000_016,0,2026-08-24 17:31:09,uDCN,5000,74.361
SCALE_C_uDCN_5000_017,0,2026-08-24 17:32:20,uDCN,5000,74.246
SCALE_C_uDCN_5000_018,0,2026-08-24 17:34:39,uDCN,5000,70.965
SCALE_C_uDCN_5000_019,0,2026-08-24 17:37:21,uDCN,5000,74.827
SCALE_C_uDCN_5000_020,0,2026-08-24 17:39:03,uDCN,5000,70.97
SCALE_C_uDCN_5000_021,0,2026-08-24 17:39:55,uDCN,5000,73.69
SCALE_C_uDCN_5000_022,0,2026-08-24 17:42:49,uDCN,5000,79.055
SCALE_C_uDCN_5000_023,0,2026-08-24 17:44:27,uDCN,5000,76.932
SCALE_C_uDCN_5000_024,0,2026-08-24 17:46:29,uDCN,5000,76.584
SCALE_C_uDCN_5000_025,0,2026-08-24 17:48:27,uDCN,5000,73.035
SCALE_C_uDCN_5000_026,0,2026-08-24 17:49:48,uDCN,5000,77.77
SCALE_C_uDCN_5000_027,0,2026-08-24 17:53:39,uDCN,5000,74.769
SCALE_C_uDCN_5000_028,0,2026-08-24 17:56:20,uDCN,5000,76.669
SCALE_C_CCNlite_500_087,3,2026-08-24 18:53:52,CCNlite,500,71.562
SCALE_C_CCNlite_500_088,3,2026-08-24 18:54:56,CCNlite,500,68.843
SCALE_C_CCNlite_500_089,3,2026-08-24 18:56:30,CCNlite,500,68.344
SCALE_C_CCNlite_500_090,3,2026-08-24 18:58:21,CCNlite,500,67.868
SCALE_C_CCNlite_500_091,3,2026-08-24 19:01:05,CCNlite,500,67.695
SCALE_C_CCNlite_500_092,3,2026-08-24 19:02:04,CCNlite,500,68.428
SCALE_C_CCNlite_500_093,3,2026-08-24 19:10:02,CCNlite,500,64.042
SCALE_C_CCNlite_500_094,3,2026-08-24 19:17:03,CCNlite,500,66.219
SCALE_C_CCNlite_500_095,3,2026-08-24 19:20:52,CCNlite,500,64.918
SCALE_C_CCNlite_500_096,3,2026-08-24 19:23:12,CCNlite,500,71.625
SCALE_C_CCNlite_500_097,3,2026-08-24 19:27:10,CCNlite,500,65.24
SCALE_C_CCNlite_500_098,3,2026-08-24 19:28:28,CCNlite,500,65.249
SCALE_C_CCNlite_500_099,3,2026-08-24 19:29:32,CCNlite,500,71.226
SCALE_C_CCNlite_500_100,3,2026-08-24 19:30:48,CCNlite,500,72.117
SCALE_C_NFD_1000_080,4,2026-08-25 00:10:21,NFD,1000,54.44
SCALE_C_NFD_1000_081,4,2026-08-25 00:15:11,NFD,1000,54.838
SCALE_C_NFD_1000_082,4,2026-08-25 00:17:00,NFD,1000,54.816
SCALE_C_NFD_1000_083,4,2026-08-25 00:20:29,NFD,1000,59.965
SCALE_C_NFD_1000_084,4,2026-08-25 00:22:00,NFD,1000,57.096
SCALE_C_NFD_1000_085,4,2026-08-25 00:26:02,NFD,1000,58.164
SCALE_C_NFD_1000_086,4,2026-08-25 00:27:32,NFD,1000,55.485
SCALE_C_NFD_1000_087,4,2026-08-25 00:29:16,NFD,1000,56.473
SCALE_C_NFD_1000_088,4,2026-08-25 00:31:49,NFD,1000,58.56
SCALE_C_NFD_1000_089,4,2026-08-25 00:33:15,NFD,1000,59.045
SCALE_C_NFD_1000_090,4,2026-08-25 00:36:42,NFD,1000,57.529
SCALE_C_NFD_1000_091,4,2026-08-25 00:39:24,NFD,1000,52.555
SCALE_C_NFD_1000_092,4,2026-08-25 00:45:29,NFD,1000,55.966
SCALE_C_NFD_1000_093,4,2026-08-25 00:47:28,NFD,1000,54.531
SCALE_C_NFD_1000_094,4,2026-08-25 00:49:54,NFD,1000,61.741
SCALE_C_NFD_1000_095,4,2026-08-25 00:50:41,NFD,1000,52.817
SCALE_C_NFD_1000_096,4,2026-08-25 00:51:00,NFD,1000,53.353
SCALE_C_NFD_1000_097,4,2026-08-25 00:51:53,NFD,1000,54.2
SCALE_C_NFD_1000_098,4,2026-08-25 00:53:27,NFD,1000,54.988
SCALE_C_NFD_1000_099,4,2026-08-25 00:57:00,NFD,1000,54.715
SCALE_C_NFD_1000_100,4,2026-08-25 00:57:43,NFD,1000,60.265
SCALE_C_NFD_1000_101,4,2026-08-25 00:59:13,NFD,1000,58.559
SCALE_C_NFD_1000_102,4,2026-08-25 01:03:58,NFD,1000,56.689
SCALE_C_PythonNDN_500_025,1,2026-08-25 05:02:33,PythonNDN,500,34.155
SCALE_C_PythonNDN_500_026,1,2026-08-25 05:04:04,PythonNDN,500,34.735
SCALE_C_PythonNDN_500_027,1,2026-08-25 05:05:19,PythonNDN,500,33.458
SCALE_C_PythonNDN_500_028,1,2026-08-25 05:08:30,PythonNDN,500,33.154
SCALE_C_PythonNDN_500_029,1,2026-08-25 05:10:30,PythonNDN,500,32.769
SCALE_C_PythonNDN_5000_097,4,2026-08-25 05:10:58,PythonNDN,5000,9.908
SCALE_C_PythonNDN_5000_098,4,2026-08-25 05:12:16,PythonNDN,5000,9.756
SCALE_C_PythonNDN_500_030,1,2026-08-25 05:12:43,PythonNDN,500,34.571
SCALE_C_PythonNDN_5000_099,4,2026-08-25 05:12:44,PythonNDN,5000,10.367
SCALE_C_PythonNDN_500_031,1,2026-08-25 05:13:49,PythonNDN,500,34.997
SCALE_C_PythonNDN_5000_100,4,2026-08-25 05:13:54,PythonNDN,5000,10.195
SCALE_C_PythonNDN_5000_101,4,2026-08-25 05:16:12,PythonNDN,5000,9.779
SCALE_C_PythonNDN_500_032,1,2026-08-25 05:17:33,PythonNDN,500,35.589
SCALE_C_PythonNDN_5000_102,4,2026-08-25 05:17:54,PythonNDN,5000,9.703
SCALE_C_PythonNDN_5000_103,4,2026-08-25 05:20:07,PythonNDN,5000,9.687
SCALE_C_PythonNDN_500_033,1,2026-08-25 05:21:24,PythonNDN,500,34.584
SCALE_C_PythonNDN_500_034,1,2026-08-25 05:23:43,PythonNDN,500,34.136
SCALE_C_PythonNDN_5000_104,4,2026-08-25 05:24:58,PythonNDN,5000,9.749
SCALE_C_PythonNDN_5000_105,4,2026-08-25 05:26:19,PythonNDN,5000,10.505
SCALE_C_PythonNDN_500_035,1,2026-08-25 05:26:44,PythonNDN,500,33.657
SCALE_C_PythonNDN_5000_106,4,2026-08-25 05:27:33,PythonNDN,5000,10.214
SCALE_C_PythonNDN_5000_107,4,2026-08-25 05:30:11,PythonNDN,5000,10.098
SCALE_C_PythonNDN_500_036,1,2026-08-25 05:30:56,PythonNDN,500,33.993
SCALE_C_PythonNDN_5000_108,4,2026-08-25 05:31:53,PythonNDN,5000,10.498
SCALE_C_PythonNDN_500_037,1,2026-08-25 05:33:19,PythonNDN,500,34.487
SCALE_C_NFD_1000_103,5,2026-08-25 05:37:42,NFD,1000,56.51
SCALE_C_PythonNDN_5000_109,4,2026-08-25 05:37:55,PythonNDN,5000,10.487
SCALE_C_NFD_1000_104,5,2026-08-25 05:39:04,NFD,1000,58.754
SCALE_C_NFD_1000_105,5,2026-08-25 05:40:20,NFD,1000,56.198
SCALE_C_PythonNDN_5000_110,4,2026-08-25 05:40:21,PythonNDN,5000,10.328
SCALE_C_PythonNDN_5000_111,4,2026-08-25 05:41:03,PythonNDN,5000,9.965
SCALE_C_NFD_1000_106,5,2026-08-25 05:41:21,NFD,1000,56.658
SCALE_C_PythonNDN_5000_112,4,2026-08-25 05:42:54,PythonNDN,5000,10.128
SCALE_C_NFD_1000_107,5,2026-08-25 05:43:11,NFD,1000,58.656
SCALE_C_NFD_1000_108,5,2026-08-25 05:45:23,NFD,1000,52.966
SCALE_C_NFD_1000_109,5,2026-08-25 05:46:23,NFD,1000,58.351
SCALE_C_PythonNDN_5000_113,4,2026-08-25 05:46:34,PythonNDN,5000,10.189
SCALE_C_PythonNDN_5000_114,4,2026-08-25 05:47:37,PythonNDN,5000,10.238
SCALE_C_PythonNDN_5000_115,4,2026-08-25 05:48:26,PythonNDN,5000,9.653
SCALE_C_PythonNDN_5000_116,4,2026-08-25 05:51:03,PythonNDN,5000,10.444
SCALE_C_NFD_1000_110,5,2026-08-25 05:51:18,NFD,1000,59.231
SCALE_C_NFD_1000_111,5,2026-08-25 05:53:34,NFD,1000,55.667
SCALE_C_PythonNDN_5000_117,4,2026-08-25 05:54:03,PythonNDN,5000,10.03
SCALE_C_NFD_1000_112,5,2026-08-25 05:54:46,NFD,1000,55.777
SCALE_C_NFD_1000_113,5,2026-08-25 05:55:44,NFD,1000,56.761
SCALE_C_PythonNDN_5000_118,4,2026-08-25 05:55:54,PythonNDN,5000,9.773
SCALE_C_NFD_1000_114,5,2026-08-25 05:56:40,NFD,1000,52.327
SCALE_C_PythonNDN_5000_119,4,2026-08-25 05:57:06,PythonNDN,5000,9.978
SCALE_C_NFD_1000_115,5,2026-08-25 05:57:59,NFD,1000,54.911
SCALE_C_PythonNDN_5000_120,4,2026-08-25 05:59:01,PythonNDN,5000,9.699
SCALE_C_NFD_1000_116,5,2026-08-25 05:59:24,NFD,1000,59.474
SCALE_C_PythonNDN_5000_121,4,2026-08-25 06:01:09,PythonNDN,5000,9.758
SCALE_C_NFD_1000_117,5,2026-08-25 06:02:34,NFD,1000,54.505
SCALE_C_PythonNDN_5000_122,4,2026-08-25 06:02:57,PythonNDN,5000,10.327
SCALE_C_NFD_1000_118,5,2026-08-25 06:03:57,NFD,1000,54.257
SCALE_C_NFD_1000_119,5,2026-08-25 06:05:39,NFD,1000,57.216
SCALE_C_NFD_1000_120,5,2026-08-25 06:06:10,NFD,1000,56.201
SCALE_C_PythonNDN_5000_123,4,2026-08-25 06:06:48,PythonNDN,5000,9.961
SCALE_C_NFD_1000_121,5,2026-08-25 06:09:17,NFD,1000,56.565
SCALE_C_PythonNDN_5000_124,4,2026-08-25 06:11:08,PythonNDN,5000,9.804
SCALE_C_PythonNDN_5000_125,4,2026-08-25 06:12:54,PythonNDN,5000,9.988
SCALE_C_PythonNDN_5000_126,4,2026-08-25 06:15:01,PythonNDN,5000,10.027
SCALE_C_NFD_1000_122,5,2026-08-25 06:15:24,NFD,1000,55.646
SCALE_C_NFD_1000_123,5,2026-08-25 06:17:00,NFD,1000,58.153
SCALE_C_PythonNDN_5000_127,4,2026-08-25 06:17:50,PythonNDN,5000,9.413
SCALE_C_NFD_1000_124,5,2026-08-25 06:19:54,NFD,1000,55.781
SCALE_C_PythonNDN_5000_128,4,2026-08-25 06:21:11,PythonNDN,5000,9.736
SCALE_C_NFD_1000_125,5,2026-08-25 06:26:14,NFD,1000,56.652
SCALE_C_NFD_1000_126,5,2026-08-25 06:28:33,NFD,1000,56.58
SCALE_C_NFD_1000_127,5,2026-08-25 06:30:52,NFD,1000,56.348
SCALE_C_NFD_1000_128,5,2026-08-25 06:33:17,NFD,1000,58.507
SCALE_C_NFD_1000_129,5,2026-08-25 06:37:10,NFD,1000,57.809
SCALE_C_NFD_1000_130,5,2026-08-25 06:42:12,NFD,1000,54.597
SCALE_C_NFD_1000_131,5,2026-08-25 06:45:26,NFD,1000,55.815
SCALE_C_NFD_1000_132,5,2026-08-25 06:48:54,NFD,1000,55.466
SCALE_C_NFD_1000_133,5,2026-08-25 06:50:20,NFD,1000,55.897
SCALE_C_NFD_1000_134,5,2026-08-25 06:51:23,NFD,1000,57.339
SCALE_C_NFD_1000_135,5,2026-08-25 06:52:06,NFD,1000,55.283
SCALE_C_NFD_1000_136,5,2026-08-25 06:54:39,NFD,1000,56.708
SCALE_C_NFD_500_147,7,2026-08-25 06:59:47,NFD,500,64.786
SCALE_C_NFD_500_148,7,2026-08-25 07:01:45,NFD,500,64.406
SCALE_C_NFD_500_149,7,2026-08-25 07:03:52,NFD,500,73.772
SCALE_C_NFD_500_150,7,2026-08-25 07:05:55,NFD,500,67.87
SCALE_C_CCNlite_50_028,1,2026-08-25 14:45:31,CCNlite,50,94.206
SCALE_C_CCNlite_50_029,1,2026-08-25 14:46:53,CCNlite,50,88.9
SCALE_C_CCNlite_50_030,1,2026-08-25 14:47:11,CCNlite,50,90.684
SCALE_C_CCNlite_50_031,1,2026-08-25 14:48:29,CCNlite,50,89.357
SCALE_C_CCNlite_50_032,1,2026-08-25 14:52:13,CCNlite,50,84.237
SCALE_C_CCNlite_50_033,1,2026-08-25 14:57:41,CCNlite,50,90.073
SCALE_C_CCNlite_50_034,1,2026-08-25 14:59:13,CCNlite,50,94.812
SCALE_C_CCNlite_50_035,1,2026-08-25 15:00:00,CCNlite,50,96.476
SCALE_C_CCNlite_50_036,1,2026-08-25 15:02:20,CCNlite,50,81.905
SCALE_C_CCNlite_50_037,1,2026-08-25 15:05:44,CCNlite,50,93.853
SCALE_C_CCNlite_50_038,1,2026-08-25 15:08:09,CCNlite,50,90.155
SCALE_C_CCNlite_50_039,1,2026-08-25 15:10:01,CCNlite,50,89.109
SCALE_C_CCNlite_50_040,1,2026-08-25 15:14:03,CCNlite,50,91.235
SCALE_C_CCNlite_500_101,4,2026-08-25 15:17:41,CCNlite,500,65.938
SCALE_C_CCNlite_50_041,1,2026-08-25 15:18:02,CCNlite,50,89.494
SCALE_C_CCNlite_50_042,1,2026-08-25 15:19:15,CCNlite,50,87.646
SCALE_C_CCNlite_500_102,4,2026-08-25 15:19:20,CCNlite,500,64.743
SCALE_C_CCNlite_50_043,1,2026-08-25 15:20:18,CCNlite,50,85.606
SCALE_C_CCNlite_50_044,1,2026-08-25 15:21:27,CCNlite,50,90.174
SCALE_C_CCNlite_500_103,4,2026-08-25 15:21:52,CCNlite,500,66.812
SCALE_C_CCNlite_50_045,1,2026-08-25 15:23:06,CCNlite,50,96.398
SCALE_C_CCNlite_500_104,4,2026-08-25 15:24:14,CCNlite,500,67.585
SCALE_C_CCNlite_500_105,4,2026-08-25 15:25:31,CCNlite,500,74.583
SCALE_C_CCNlite_50_046,1,2026-08-25 15:26:11,CCNlite,50,88.709
SCALE_C_CCNlite_50_047,1,2026-08-25 15:28:07,CCNlite,50,94.571
SCALE_C_CCNlite_500_106,4,2026-08-25 15:29:12,CCNlite,500,67.848
SCALE_C_CCNlite_500_107,4,2026-08-25 15:30:55,CCNlite,500,67.851
SCALE_C_CCNlite_50_048,1,2026-08-25 15:31:03,CCNlite,50,94.484
SCALE_C_CCNlite_50_049,1,2026-08-25 15:32:36,CCNlite,50,89.038
SCALE_C_CCNlite_500_108,4,2026-08-25 15:33:17,CCNlite,500,64.761
SCALE_C_CCNlite_50_050,1,2026-08-25 15:34:58,CCNlite,50,88.849
SCALE_C_CCNlite_500_109,4,2026-08-25 15:35:52,CCNlite,500,66.921
SCALE_C_CCNlite_50_051,1,2026-08-25 15:35:56,CCNlite,50,90.314
SCALE_C_CCNlite_500_110,4,2026-08-25 15:37:37,CCNlite,500,71.401
SCALE_C_CCNlite_50_052,1,2026-08-25 15:38:08,CCNlite,50,90.875
SCALE_C_CCNlite_500_111,4,2026-08-25 15:40:04,CCNlite,500,65.496
SCALE_C_CCNlite_50_053,1,2026-08-25 15:40:17,CCNlite,50,91.087
SCALE_C_CCNlite_500_112,4,2026-08-25 15:42:12,CCNlite,500,67.966
SCALE_C_CCNlite_500_113,4,2026-08-25 15:43:09,CCNlite,500,63.33
SCALE_C_CCNlite_50_054,1,2026-08-25 15:43:50,CCNlite,50,93.137
SCALE_C_CCNlite_500_114,4,2026-08-25 15:44:31,CCNlite,500,65.83
SCALE_C_CCNlite_50_055,1,2026-08-25 15:45:35,CCNlite,50,88.056
SCALE_C_CCNlite_500_115,4,2026-08-25 15:46:17,CCNlite,500,66.514
SCALE_C_CCNlite_500_116,4,2026-08-25 15:49:08,CCNlite,500,65.383
SCALE_C_CCNlite_50_056,1,2026-08-25 15:49:55,CCNlite,50,87.342
SCALE_C_CCNlite_500_117,4,2026-08-25 15:52:29,CCNlite,500,66.698
SCALE_C_CCNlite_50_057,1,2026-08-25 15:53:27,CCNlite,50,92.788
SCALE_C_CCNlite_500_118,4,2026-08-25 15:53:58,CCNlite,500,69.018
SCALE_C_CCNlite_50_058,1,2026-08-25 15:55:25,CCNlite,50,89.238
SCALE_C_CCNlite_500_119,4,2026-08-25 15:56:31,CCNlite,500,65.422
SCALE_C_CCNlite_50_059,1,2026-08-25 15:57:46,CCNlite,50,93.098
SCALE_C_CCNlite_500_120,4,2026-08-25 15:57:55,CCNlite,500,67.656
SCALE_C_CCNlite_500_121,4,2026-08-25 15:58:40,CCNlite,500,67.578
SCALE_C_CCNlite_500_122,4,2026-08-25 16:00:06,CCNlite,500,75.144
SCALE_C_CCNlite_50_060,1,2026-08-25 16:00:42,CCNlite,50,93.543
SCALE_C_CCNlite_500_123,4,2026-08-25 16:01:07,CCNlite,500,70.045
SCALE_C_CCNlite_50_061,1,2026-08-25 16:01:33,CCNlite,50,95.246
SCALE_C_CCNlite_500_124,4,2026-08-25 16:03:56,CCNlite,500,68.412
SCALE_C_CCNlite_500_125,4,2026-08-25 16:05:49,CCNlite,500,66.448
SCALE_C_CCNlite_500_126,4,2026-08-25 16:10:12,CCNlite,500,69.578
SCALE_C_CCNlite_500_127,4,2026-08-25 16:12:38,CCNlite,500,64.47
SCALE_C_CCNlite_500_128,4,2026-08-25 16:15:48,CCNlite,500,70.863
SCALE_C_CCNlite_500_129,4,2026-08-25 16:17:58,CCNlite,500,60.236
SCALE_C_uDCN_5000_029,1,2026-08-25 17:50:05,uDCN,5000,71.467
SCALE_C_uDCN_5000_030,1,2026-08-25 17:52:10,uDCN,5000,74.059
SCALE_C_uDCN_5000_031,1,2026-08-25 17:55:15,uDCN,5000,72.745
SCALE_C_uDCN_5000_032,1,2026-08-25 17:57:22,uDCN,5000,76.127
SCALE_C_uDCN_5000_033,1,2026-08-25 17:58:57,uDCN,5000,73.947
SCALE_C_uDCN_5000_034,1,2026-08-25 18:00:41,uDCN,5000,77.644
SCALE_C_uDCN_5000_035,1,2026-08-25 18:01:40,uDCN,5000,78.028
SCALE_C_uDCN_5000_036,1,2026-08-25 18:03:17,uDCN,5000,74.635
SCALE_C_uDCN_5000_037,1,2026-08-25 18:07:12,uDCN,5000,72.496
SCALE_C_uDCN_5000_038,1,2026-08-25 18:09:27,uDCN,5000,75.286
SCALE_C_uDCN_5000_039,1,2026-08-25 18:12:51,uDCN,5000,75.075
SCALE_C_uDCN_5000_040,1,2026-08-25 18:13:38,uDCN,5000,75.225
SCALE_C_uDCN_5000_041,1,2026-08-25 18:14:49,uDCN,5000,74.265
SCALE_C_uDCN_5000_042,1,2026-08-25 18:18:33,uDCN,5000,78.212
SCALE_C_uDCN_5000_043,1,2026-08-25 18:21:20,uDCN,5000,73.571
SCALE_C_uDCN_5000_044,1,2026-08-25 18:21:51,uDCN,5000,74.226
SCALE_C_uDCN_5000_045,1,2026-08-25 18:24:06,uDCN,5000,74.591
SCALE_C_uDCN_5000_046,1,2026-08-25 18:24:34,uDCN,5000,78.195
SCALE_C_uDCN_5000_047,1,2026-08-25 18:27:05,uDCN,5000,76.212
SCALE_C_uDCN_5000_048,1,2026-08-25 18:30:14,uDCN,5000,74.413
SCALE_C_PythonNDN_5000_129,5,2026-08-25 22:17:54,PythonNDN,5000,9.802
SCALE_C_PythonNDN_5000_130,5,2026-08-25 22:21:30,PythonNDN,5000,10.158
SCALE_C_PythonNDN_5000_131,5,2026-08-25 22:22:52,PythonNDN,5000,9.43
SCALE_C_PythonNDN_5000_132,5,2026-08-25 22:26:04,PythonNDN,5000,9.582
SCALE_C_PythonNDN_5000_133,5,2026-08-25 22:27:04,PythonNDN,5000,10.542
SCALE_C_PythonNDN_5000_134,5,2026-08-25 22:28:07,PythonNDN,5000,9.761
SCALE_C_PythonNDN_5000_135,5,2026-08-25 22:29:38,PythonNDN,5000,9.31
SCALE_C_PythonNDN_5000_136,5,2026-08-25 22:36:49,PythonNDN,5000,10.456
SCALE_C_PythonNDN_5000_137,5,2026-08-25 22:39:55,PythonNDN,5000,9.985
SCALE_C_PythonNDN_5000_138,5,2026-08-25 22:42:40,PythonNDN,5000,10.299
SCALE_C_PythonNDN_5000_139,5,2026-08-25 22:44:24,PythonNDN,5000,9.741
SCALE_C_PythonNDN_5000_140,5,2026-08-25 22:45:13,PythonNDN,5000,9.971
SCALE_C_PythonNDN_5000_141,5,2026-08-25 22:46:49,PythonNDN,5000,10.161
SCALE_C_PythonNDN_5000_142,5,2026-08-25 22:49:08,PythonNDN,5000,9.836
SCALE_C_PythonNDN_5000_143,5,2026-08-25 22:51:00,PythonNDN,5000,10.076
SCALE_C_PythonNDN_5000_144,5,2026-08-25 22:51:56,PythonNDN,5000,9.587
SCALE_C_PythonNDN_5000_145,5,2026-08-25 22:54:10,PythonNDN,5000,10.207
SCALE_C_PythonNDN_5000_146,5,2026-08-25 22:57:24,PythonNDN,5000,9.884
SCALE_C_PythonNDN_5000_147,5,2026-08-25 22:58:28,PythonNDN,5000,10.105
SCALE_C_PythonNDN_5000_148,5,2026-08-25 23:01:55,PythonNDN,5000,9.697
SCALE_C_PythonNDN_5000_149,5,2026-08-25 23:03:06,PythonNDN,5000,10.131
SCALE_C_PythonNDN_5000_150,5,2026-08-25 23:04:49,PythonNDN,5000,10.109
SCALE_C_CCNlite_500_130,5,2026-08-26 09:38:45,CCNlite,500,65.016
SCALE_C_CCNlite_500_131,5,2026-08-26 09:40:31,CCNlite,500,69.838
SCALE_C_CCNlite_500_132,5,2026-08-26 09:44:09,CCNlite,500,70.636
SCALE_C_CCNlite_500_133,5,2026-08-26 09:45:32,CCNlite,500,70.794
SCALE_C_CCNlite_500_134,5,2026-08-26 09:46:07,CCNlite,500,70.281
SCALE_C_CCNlite_500_135,5,2026-08-26 09:48:23,CCNlite,500,67.71
SCALE_C_CCNlite_500_136,5,2026-08-26 09:51:02,CCNlite,500,62.432
SCALE_C_CCNlite_500_137,5,2026-08-26 09:52:07,CCNlite,500,68.01
SCALE_C_CCNlite_500_138,5,2026-08-26 09:55:41,CCNlite,500,62.952
SCALE_C_CCNlite_500_139,5,2026-08-26 09:56:13,CCNlite,500,65.74
SCALE_C_CCNlite_500_140,5,2026-08-26 09:59:53,CCNlite,500,65.115
SCALE_C_CCNlite_500_141,5,2026-08-26 10:00:53,CCNlite,500,68.425
SCALE_C_CCNlite_500_142,5,2026-08-26 10:04:02,CCNlite,500,66.533
SCALE_C_CCNlite_500_143,5,2026-08-26 10:06:04,CCNlite,500,61.073
SCALE_C_CCNlite_500_144,5,2026-08-26 10:07:02,CCNlite,500,69.892
SCALE_C_CCNlite_500_145,5,2026-08-26 10:10:10,CCNlite,500,67.204
SCALE_C_CCNlite_500_146,5,2026-08-26 10:11:48,CCNlite,500,66.231
SCALE_C_CCNlite_500_147,5,2026-08-26 10:14:58,CCNlite,500,65.913
SCALE_C_CCNlite_500_148,5,2026-08-26 10:19:22,CCNlite,500,66.844
SCALE_C_CCNlite_500_149,5,2026-08-26 10:20:03,CCNlite,500,62.489
SCALE_C_CCNlite_500_150,5,2026-08-26 10:22:24,CCNlite,500,68.838
SCALE_C_CCNlite_100_059,3,2026-08-26 11:27:48,CCNlite,100,80.657
SCALE_C_CCNlite_100_060,3,2026-08-26 11:29:56,CCNlite,100,77.902
SCALE_C_CCNlite_100_061,3,2026-08-26 11:32:17,CCNlite,100,79.783
SCALE_C_CCNlite_100_062,3,2026-08-26 11:36:44,CCNlite,100,78.446
SCALE_C_CCNlite_100_063,3,2026-08-26 11:39:20,CCNlite,100,83.111
SCALE_C_CCNlite_100_064,3,2026-08-26 11:40:17,CCNlite,100,80.871
SCALE_C_CCNlite_100_065,3,2026-08-26 11:41:22,CCNlite,100,82.106
SCALE_C_CCNlite_100_066,3,2026-08-26 11:44:22,CCNlite,100,81.47
SCALE_C_CCNlite_100_067,3,2026-08-26 11:47:34,CCNlite,100,81.961
SCALE_C_CCNlite_100_068,3,2026-08-26 11:49:53,CCNlite,100,75.404
SCALE_C_CCNlite_100_069,3,2026-08-26 11:56:28,CCNlite,100,81.628
SCALE_C_CCNlite_100_070,3,2026-08-26 11:57:21,CCNlite,100,81.375
SCALE_C_CCNlite_100_071,3,2026-08-26 11:59:02,CCNlite,100,76.362
SCALE_C_CCNlite_100_072,3,2026-08-26 12:00:06,CCNlite,100,81.214
SCALE_C_CCNlite_100_073,3,2026-08-26 12:00:59,CCNlite,100,78.6
SCALE_C_CCNlite_100_074,3,2026-08-26 12:06:31,CCNlite,100,87.075
SCALE_C_CCNlite_100_075,3,2026-08-26 12:07:55,CCNlite,100,81.126
SCALE_C_CCNlite_100_076,3,2026-08-26 12:09:43,CCNlite,100,80.155
SCALE_C_CCNlite_100_077,3,2026-08-26 12:12:57,CCNlite,100,79.102
SCALE_C_CCNlite_100_078,3,2026-08-26 12:18:35,CCNlite,100,78.022
SCALE_C_NFD_1000_137,6,2026-08-26 12:35:35,NFD,1000,54.516
SCALE_C_NFD_1000_138,6,2026-08-26 12:39:33,NFD,1000,58.096
SCALE_C_NFD_1000_139,6,2026-08-26 12:41:12,NFD,1000,55.953
SCALE_C_NFD_1000_140,6,2026-08-26 12:46:04,NFD,1000,57.712
SCALE_C_NFD_1000_141,6,2026-08-26 12:49:24,NFD,1000,59.592
SCALE_C_NFD_1000_142,6,2026-08-26 12:52:01,NFD,1000,54.765
SCALE_C_NFD_1000_143,6,2026-08-26 12:52:58,NFD,1000,53.912
SCALE_C_NFD_1000_144,6,2026-08-26 12:54:38,NFD,1000,52.684
SCALE_C_NFD_1000_145,6,2026-08-26 12:57:56,NFD,1000,56.499
SCALE_C_NFD_1000_146,6,2026-08-26 13:01:56,NFD,1000,55.511
SCALE_C_NFD_1000_147,6,2026-08-26 13:05:22,NFD,1000,56.933
SCALE_C_NFD_1000_148,6,2026-08-26 13:06:46,NFD,1000,53.737
SCALE_C_NFD_1000_149,6,2026-08-26 13:09:07,NFD,1000,54.486
SCALE_C_NFD_1000_150,6,2026-08-26 13:10:26,NFD,1000,55.516
SCALE_C_uDCN_100_001,0,2026-08-26 14:00:00,uDCN,100,90.652
SCALE_C_uDCN_100_002,0,2026-08-26 14:02:15,uDCN,100,92.949
SCALE_C_uDCN_100_003,0,2026-08-26 14:04:12,uDCN,100,91.801
SCALE_C_uDCN_100_004,0,2026-08-26 14:05:44,uDCN,100,90.212
SCALE_C_uDCN_100_005,0,2026-08-26 14:06:44,uDCN,100,98.034
SCALE_C_uDCN_100_006,0,2026-08-26 14:07:47,uDCN,100,85.399
SCALE_C_uDCN_100_007,0,2026-08-26 14:09:40,uDCN,100,93.837
SCALE_C_uDCN_100_008,0,2026-08-26 14:13:13,uDCN,100,91.438
SCALE_C_uDCN_100_009,0,2026-08-26 14:15:32,uDCN,100,97.865
SCALE_C_uDCN_100_010,0,2026-08-26 14:20:12,uDCN,100,98.051
SCALE_C_uDCN_100_011,0,2026-08-26 14:22:09,uDCN,100,92.418
SCALE_C_uDCN_100_012,0,2026-08-26 14:24:03,uDCN,100,94.207
SCALE_C_uDCN_100_013,0,2026-08-26 14:25:45,uDCN,100,89.544
SCALE_C_uDCN_100_014,0,2026-08-26 14:30:05,uDCN,100,94.541
SCALE_C_uDCN_100_015,0,2026-08-26 14:32:01,uDCN,100,95.288
SCALE_C_uDCN_100_016,0,2026-08-26 14:37:28,uDCN,100,89.381
SCALE_C_uDCN_100_017,0,2026-08-26 14:39:07,uDCN,100,95.26
SCALE_C_uDCN_100_018,0,2026-08-26 14:40:06,uDCN,100,96.721
SCALE_C_uDCN_100_019,0,2026-08-26 14:41:22,uDCN,100,95.995
SCALE_C_uDCN_100_020,0,2026-08-26 14:43:05,uDCN,100,93.926
SCALE_C_uDCN_100_021,0,2026-08-26 14:46:46,uDCN,100,93.088
SCALE_C_uDCN_100_022,0,2026-08-26 14:51:24,uDCN,100,96.232
SCALE_C_uDCN_100_023,0,2026-08-26 14:53:29,uDCN,100,88.899
SCALE_C_uDCN_100_024,0,2026-08-26 14:55:30,uDCN,100,100.0
SCALE_C_uDCN_100_025,0,2026-08-26 14:57:55,uDCN,100,100.0
SCALE_C_uDCN_100_026,0,2026-08-26 15:00:44,uDCN,100,94.534
SCALE_C_uDCN_5000_049,2,2026-08-26 17:04:10,uDCN,5000,70.942
SCALE_C_uDCN_5000_050,2,2026-08-26 17:04:59,uDCN,5000,79.727
SCALE_C_uDCN_5000_051,2,2026-08-26 17:06:03,uDCN,5000,77.768
SCALE_C_uDCN_5000_052,2,2026-08-26 17:07:52,uDCN,5000,78.0
SCALE_C_uDCN_5000_053,2,2026-08-26 17:09:17,uDCN,5000,72.915
SCALE_C_uDCN_5000_054,2,2026-08-26 17:11:12,uDCN,5000,76.2
SCALE_C_uDCN_5000_055,2,2026-08-26 17:13:11,uDCN,5000,72.658
SCALE_C_uDCN_5000_056,2,2026-08-26 17:14:40,uDCN,5000,72.86
SCALE_C_uDCN_5000_057,2,2026-08-26 17:16:42,uDCN,5000,74.775
SCALE_C_uDCN_5000_058,2,2026-08-26 17:17:28,uDCN,5000,72.627
SCALE_C_uDCN_5000_059,2,2026-08-26 17:22:36,uDCN,5000,76.707
SCALE_C_uDCN_5000_060,2,2026-08-26 17:26:25,uDCN,5000,77.861
SCALE_C_uDCN_5000_061,2,2026-08-26 17:27:34,uDCN,5000,74.227
SCALE_C_uDCN_5000_062,2,2026-08-26 17:29:55,uDCN,5000,76.249
SCALE_C_uDCN_5000_063,2,2026-08-26 17:34:08,uDCN,5000,80.23
SCALE_C_uDCN_5000_064,2,2026-08-26 17:35:11,uDCN,5000,72.857
SCALE_C_uDCN_5000_065,2,2026-08-26 17:36:58,uDCN,5000,75.099
SCALE_C_uDCN_5000_066,2,2026-08-26 17:37:17,uDCN,5000,79.077
SCALE_C_uDCN_5000_067,2,2026-08-26 17:38:16,uDCN,5000,75.378
SCALE_C_uDCN_5000_068,2,2026-08-26 17:40:17,uDCN,5000,75.123
SCALE_C_uDCN_5000_069,2,2026-08-26 17:43:48,uDCN,5000,74.752
SCALE_C_uDCN_5000_070,2,2026-08-26 17:45:28,uDCN,5000,78.593
SCALE_C_uDCN_5000_071,2,2026-08-26 17:47:26,uDCN,5000,76.87
SCALE_C_uDCN_5000_072,2,2026-08-26 17:54:01,uDCN,5000,71.143
SCALE_C_uDCN_5000_073,2,2026-08-26 17:56:40,uDCN,5000,77.048
SCALE_C_uDCN_5000_074,2,2026-08-26 17:59:56,uDCN,5000,71.028
SCALE_C_uDCN_5000_075,2,2026-08-26 18:03:46,uDCN,5000,76.728
SCALE_C_uDCN_5000_076,2,2026-08-26 18:08:02,uDCN,5000,77.271
SCALE_C_uDCN_5000_077,2,2026-08-26 18:08:36,uDCN,5000,73.114
SCALE_C_uDCN_5000_078,2,2026-08-26 18:11:00,uDCN,5000,77.49
SCALE_C_uDCN_5000_079,2,2026-08-26 18:12:24,uDCN,5000,76.414
SCALE_C_uDCN_5000_080,2,2026-08-26 18:15:13,uDCN,5000,77.374
SCALE_C_uDCN_5000_081,2,2026-08-26 18:17:23,uDCN,5000,75.916
SCALE_C_uDCN_5000_082,2,2026-08-26 18:21:26,uDCN,5000,77.491
SCALE_C_uDCN_100_027,1,2026-08-26 23:01:11,uDCN,100,89.737
SCALE_C_uDCN_100_028,1,2026-08-26 23:03:20,uDCN,100,94.606
SCALE_C_uDCN_100_029,1,2026-08-26 23:04:51,uDCN,100,92.888
SCALE_C_uDCN_100_030,1,2026-08-26 23:08:43,uDCN,100,92.55
SCALE_C_uDCN_100_031,1,2026-08-26 23:11:13,uDCN,100,94.535
SCALE_C_uDCN_100_032,1,2026-08-26 23:15:27,uDCN,100,91.747
SCALE_C_uDCN_100_033,1,2026-08-26 23:19:08,uDCN,100,93.035
SCALE_C_uDCN_100_034,1,2026-08-26 23:20:19,uDCN,100,96.715
SCALE_C_uDCN_100_035,1,2026-08-26 23:22:10,uDCN,100,94.908
SCALE_C_uDCN_100_036,1,2026-08-26 23:24:41,uDCN,100,90.155
SCALE_C_uDCN_100_037,1,2026-08-26 23:25:57,uDCN,100,88.748
SCALE_C_uDCN_100_038,1,2026-08-26 23:27:36,uDCN,100,95.708
SCALE_C_uDCN_100_039,1,2026-08-26 23:29:58,uDCN,100,95.827
SCALE_C_uDCN_100_040,1,2026-08-26 23:30:35,uDCN,100,90.475
SCALE_C_uDCN_100_041,1,2026-08-26 23:34:26,uDCN,100,90.726
SCALE_C_uDCN_100_042,1,2026-08-26 23:36:21,uDCN,100,94.392
SCALE_C_uDCN_100_043,1,2026-08-26 23:41:21,uDCN,100,94.605
SCALE_C_uDCN_100_044,1,2026-08-26 23:42:09,uDCN,100,93.959
SCALE_C_uDCN_100_045,1,2026-08-26 23:45:32,uDCN,100,97.492
SCALE_C_uDCN_100_046,1,2026-08-26 23:46:38,uDCN,100,89.25
SCALE_C_uDCN_100_047,1,2026-08-26 23:47:38,uDCN,100,92.537
SCALE_C_uDCN_100_048,1,2026-08-26 23:48:27,uDCN,100,96.578
SCALE_C_uDCN_100_049,1,2026-08-26 23:50:24,uDCN,100,96.25
SCALE_C_uDCN_100_050,1,2026-08-26 23:54:05,uDCN,100,89.581
SCALE_C_uDCN_100_051,2,2026-08-27 04:38:54,uDCN,100,89.513
SCALE_C_uDCN_100_052,2,2026-08-27 04:39:55,uDCN,100,95.627
SCALE_C_uDCN_100_053,2,2026-08-27 04:40:56,uDCN,100,96.001
SCALE_C_uDCN_100_054,2,2026-08-27 04:42:47,uDCN,100,97.619
SCALE_C_uDCN_100_055,2,2026-08-27 04:44:11,uDCN,100,94.334
SCALE_C_uDCN_100_056,2,2026-08-27 04:47:44,uDCN,100,94.439
SCALE_C_uDCN_100_057,2,2026-08-27 04:48:46,uDCN,100,94.946
SCALE_C_uDCN_100_058,2,2026-08-27 04:51:03,uDCN,100,95.152
SCALE_C_uDCN_100_059,2,2026-08-27 04:53:01,uDCN,100,93.136
SCALE_C_uDCN_100_060,2,2026-08-27 04:54:01,uDCN,100,99.275
SCALE_C_uDCN_100_061,2,2026-08-27 04:57:34,uDCN,100,96.717
SCALE_C_uDCN_100_062,2,2026-08-27 04:58:21,uDCN,100,93.636
SCALE_C_uDCN_100_063,2,2026-08-27 05:00:23,uDCN,100,90.008
SCALE_C_uDCN_100_064,2,2026-08-27 05:03:05,uDCN,100,92.702
SCALE_C_uDCN_100_065,2,2026-08-27 05:05:40,uDCN,100,93.754
SCALE_C_uDCN_100_066,2,2026-08-27 05:06:07,uDCN,100,90.889
SCALE_C_uDCN_100_067,2,2026-08-27 05:09:14,uDCN,100,95.985
SCALE_C_uDCN_100_068,2,2026-08-27 05:11:52,uDCN,100,95.215
SCALE_C_uDCN_100_069,2,2026-08-27 05:14:45,uDCN,100,89.124
SCALE_C_uDCN_100_070,2,2026-08-27 05:15:42,uDCN,100,91.513
SCALE_C_uDCN_100_071,2,2026-08-27 05:19:13,uDCN,100,91.135
SCALE_C_uDCN_100_072,2,2026-08-27 05:20:26,uDCN,100,94.402
SCALE_C_uDCN_100_073,2,2026-08-27 05:21:25,uDCN,100,95.384
SCALE_C_NFD_10_001,0,2026-08-27 13:00:00,NFD,10,96.086
SCALE_C_NFD_10_002,0,2026-08-27 13:01:11,NFD,10,98.92
SCALE_C_NFD_10_003,0,2026-08-27 13:02:23,NFD,10,100.0
SCALE_C_NFD_10_004,0,2026-08-27 13:06:00,NFD,10,100.0
SCALE_C_NFD_10_005,0,2026-08-27 13:07:26,NFD,10,99.994
SCALE_C_NFD_10_006,0,2026-08-27 13:12:38,NFD,10,98.927
SCALE_C_NFD_10_007,0,2026-08-27 13:15:10,NFD,10,100.0
SCALE_C_NFD_10_008,0,2026-08-27 13:15:32,NFD,10,100.0
SCALE_C_NFD_10_009,0,2026-08-27 13:18:18,NFD,10,98.647
SCALE_C_NFD_10_010,0,2026-08-27 13:20:41,NFD,10,99.849
SCALE_C_NFD_10_011,0,2026-08-27 13:23:13,NFD,10,99.565
SCALE_C_NFD_10_012,0,2026-08-27 13:23:56,NFD,10,100.0
SCALE_C_NFD_10_013,0,2026-08-27 13:27:52,NFD,10,95.678
SCALE_C_NFD_10_014,0,2026-08-27 13:30:13,NFD,10,100.0
SCALE_C_NFD_10_015,0,2026-08-27 13:31:56,NFD,10,100.0
SCALE_C_NFD_10_016,0,2026-08-27 13:32:43,NFD,10,98.793
SCALE_C_NFD_10_017,0,2026-08-27 13:34:14,NFD,10,100.0
SCALE_C_NFD_10_018,0,2026-08-27 13:39:07,NFD,10,100.0
SCALE_C_NFD_10_019,0,2026-08-27 13:43:09,NFD,10,99.335
SCALE_C_NFD_10_020,0,2026-08-27 13:43:39,NFD,10,98.466
SCALE_C_NFD_10_021,0,2026-08-27 13:45:24,NFD,10,100.0
SCALE_C_NFD_10_022,0,2026-08-27 13:46:47,NFD,10,100.0
SCALE_C_NFD_10_023,0,2026-08-27 13:48:15,NFD,10,98.94
SCALE_C_NFD_10_024,0,2026-08-27 13:49:50,NFD,10,100.0
SCALE_C_NFD_10_025,0,2026-08-27 13:51:06,NFD,10,100.0
SCALE_C_NFD_10_026,0,2026-08-27 13:53:44,NFD,10,96.028
SCALE_C_NFD_10_027,0,2026-08-27 13:55:07,NFD,10,100.0
SCALE_C_NFD_10_028,0,2026-08-27 13:55:38,NFD,10,99.213
SCALE_C_NFD_10_029,0,2026-08-27 13:57:48,NFD,10,96.045
SCALE_C_NFD_10_030,0,2026-08-27 14:00:57,NFD,10,97.225
SCALE_C_NFD_10_031,0,2026-08-27 14:02:30,NFD,10,100.0
SCALE_C_CCNlite_5000_001,0,2026-08-27 18:00:00,CCNlite,5000,40.38
SCALE_C_CCNlite_5000_002,0,2026-08-27 18:03:17,CCNlite,5000,42.865
SCALE_C_CCNlite_5000_003,0,2026-08-27 18:06:26,CCNlite,5000,41.909
SCALE_C_CCNlite_5000_004,0,2026-08-27 18:07:49,CCNlite,5000,41.229
SCALE_C_CCNlite_5000_005,0,2026-08-27 18:09:27,CCNlite,5000,42.903
SCALE_C_CCNlite_5000_006,0,2026-08-27 18:11:03,CCNlite,5000,42.178
SCALE_C_CCNlite_5000_007,0,2026-08-27 18:15:27,CCNlite,5000,43.752
SCALE_C_CCNlite_5000_008,0,2026-08-27 18:21:25,CCNlite,5000,43.155
SCALE_C_CCNlite_5000_009,0,2026-08-27 18:23:59,CCNlite,5000,40.278
SCALE_C_CCNlite_5000_010,0,2026-08-27 18:26:56,CCNlite,5000,41.692
SCALE_C_CCNlite_5000_011,0,2026-08-27 18:28:38,CCNlite,5000,41.037
SCALE_C_CCNlite_5000_012,0,2026-08-27 18:30:00,CCNlite,5000,44.46
SCALE_C_CCNlite_5000_013,0,2026-08-27 18:32:49,CCNlite,5000,42.203
SCALE_C_CCNlite_5000_014,0,2026-08-27 18:34:23,CCNlite,5000,44.973
SCALE_C_CCNlite_5000_015,0,2026-08-27 18:34:52,CCNlite,5000,43.465
SCALE_C_CCNlite_5000_016,0,2026-08-27 18:36:05,CCNlite,5000,42.878
SCALE_C_CCNlite_5000_017,0,2026-08-27 18:38:05,CCNlite,5000,44.534
SCALE_C_CCNlite_5000_018,0,2026-08-27 18:41:05,CCNlite,5000,44.748
SCALE_C_CCNlite_5000_019,0,2026-08-27 18:42:46,CCNlite,5000,41.039
SCALE_C_CCNlite_5000_020,0,2026-08-27 18:45:07,CCNlite,5000,42.874
SCALE_C_CCNlite_5000_021,0,2026-08-27 18:46:05,CCNlite,5000,43.76
SCALE_C_CCNlite_5000_022,0,2026-08-27 18:47:03,CCNlite,5000,40.041
SCALE_C_CCNlite_5000_023,0,2026-08-27 18:50:25,CCNlite,5000,41.05
SCALE_C_CCNlite_5000_024,0,2026-08-27 18:52:04,CCNlite,5000,42.904
SCALE_C_CCNlite_5000_025,0,2026-08-27 18:56:08,CCNlite,5000,41.875
SCALE_C_uDCN_5000_083,3,2026-08-27 21:54:43,uDCN,5000,77.382
SCALE_C_uDCN_5000_084,3,2026-08-27 21:56:15,uDCN,5000,78.969
SCALE_C_uDCN_5000_085,3,2026-08-27 21:58:12,uDCN,5000,78.803
SCALE_C_uDCN_5000_086,3,2026-08-27 22:00:58,uDCN,5000,76.531
SCALE_C_uDCN_5000_087,3,2026-08-27 22:02:53,uDCN,5000,77.681
SCALE_C_uDCN_5000_088,3,2026-08-27 22:05:20,uDCN,5000,76.951
SCALE_C_uDCN_5000_089,3,2026-08-27 22:07:18,uDCN,5000,73.571
SCALE_C_uDCN_5000_090,3,2026-08-27 22:10:17,uDCN,5000,76.045
SCALE_C_uDCN_5000_091,3,2026-08-27 22:11:25,uDCN,5000,77.78
SCALE_C_uDCN_5000_092,3,2026-08-27 22:13:53,uDCN,5000,76.371
SCALE_C_uDCN_5000_093,3,2026-08-27 22:16:16,uDCN,5000,73.244
SCALE_C_uDCN_5000_094,3,2026-08-27 22:20:34,uDCN,5000,78.401
SCALE_C_uDCN_5000_095,3,2026-08-27 22:21:29,uDCN,5000,75.171
SCALE_C_PythonNDN_500_038,2,2026-08-28 00:10:56,PythonNDN,500,37.211
SCALE_C_PythonNDN_500_039,2,2026-08-28 00:13:54,PythonNDN,500,34.067
SCALE_C_PythonNDN_500_040,2,2026-08-28 00:16:36,PythonNDN,500,33.853
SCALE_C_PythonNDN_500_041,2,2026-08-28 00:17:46,PythonNDN,500,33.761
SCALE_C_PythonNDN_500_042,2,2026-08-28 00:22:36,PythonNDN,500,35.364
SCALE_C_PythonNDN_500_043,2,2026-08-28 00:26:56,PythonNDN,500,34.419
SCALE_C_PythonNDN_500_044,2,2026-08-28 00:27:42,PythonNDN,500,33.182
SCALE_C_CCNlite_100_079,4,2026-08-28 00:28:32,CCNlite,100,77.943
SCALE_C_PythonNDN_500_045,2,2026-08-28 00:29:50,PythonNDN,500,32.585
SCALE_C_CCNlite_100_080,4,2026-08-28 00:32:21,CCNlite,100,81.709
SCALE_C_PythonNDN_500_046,2,2026-08-28 00:34:27,PythonNDN,500,33.819
SCALE_C_PythonNDN_500_047,2,2026-08-28 00:35:21,PythonNDN,500,35.518
SCALE_C_CCNlite_100_081,4,2026-08-28 00:36:53,CCNlite,100,77.701
SCALE_C_PythonNDN_500_048,2,2026-08-28 00:39:05,PythonNDN,500,34.413
SCALE_C_CCNlite_100_082,4,2026-08-28 00:39:28,CCNlite,100,78.469
SCALE_C_CCNlite_100_083,4,2026-08-28 00:40:56,CCNlite,100,80.928
SCALE_C_PythonNDN_500_049,2,2026-08-28 00:43:27,PythonNDN,500,32.881
SCALE_C_CCNlite_100_084,4,2026-08-28 00:43:44,CCNlite,100,79.612
SCALE_C_PythonNDN_500_050,2,2026-08-28 00:44:31,PythonNDN,500,34.033
SCALE_C_PythonNDN_500_051,2,2026-08-28 00:45:37,PythonNDN,500,35.318
SCALE_C_CCNlite_100_085,4,2026-08-28 00:46:03,CCNlite,100,79.99
SCALE_C_PythonNDN_500_052,2,2026-08-28 00:46:11,PythonNDN,500,33.567
SCALE_C_PythonNDN_500_053,2,2026-08-28 00:46:43,PythonNDN,500,35.218
SCALE_C_CCNlite_100_086,4,2026-08-28 00:47:01,CCNlite,100,77.91
SCALE_C_CCNlite_100_087,4,2026-08-28 00:48:17,CCNlite,100,82.235
SCALE_C_PythonNDN_500_054,2,2026-08-28 00:48:31,PythonNDN,500,32.82
SCALE_C_PythonNDN_500_055,2,2026-08-28 00:48:55,PythonNDN,500,32.903
SCALE_C_CCNlite_100_088,4,2026-08-28 00:49:49,CCNlite,100,77.472
SCALE_C_PythonNDN_500_056,2,2026-08-28 00:51:54,PythonNDN,500,34.128
SCALE_C_PythonNDN_500_057,2,2026-08-28 00:53:31,PythonNDN,500,34.551
SCALE_C_PythonNDN_500_058,2,2026-08-28 00:55:28,PythonNDN,500,34.066
SCALE_C_CCNlite_100_089,4,2026-08-28 00:56:06,CCNlite,100,78.364
SCALE_C_PythonNDN_500_059,2,2026-08-28 00:56:33,PythonNDN,500,33.006
SCALE_C_PythonNDN_500_060,2,2026-08-28 00:57:02,PythonNDN,500,32.86
SCALE_C_CCNlite_100_090,4,2026-08-28 00:58:27,CCNlite,100,79.319
SCALE_C_PythonNDN_500_061,2,2026-08-28 00:59:20,PythonNDN,500,35.008
SCALE_C_CCNlite_100_091,4,2026-08-28 01:01:05,CCNlite,100,74.739
SCALE_C_CCNlite_100_092,4,2026-08-28 01:01:49,CCNlite,100,83.378
SCALE_C_PythonNDN_500_062,2,2026-08-28 01:02:04,PythonNDN,500,33.925
SCALE_C_CCNlite_100_093,4,2026-08-28 01:03:01,CCNlite,100,79.714
SCALE_C_PythonNDN_500_063,2,2026-08-28 01:06:53,PythonNDN,500,35.391
SCALE_C_CCNlite_100_094,4,2026-08-28 01:07:08,CCNlite,100,76.2
SCALE_C_CCNlite_100_095,4,2026-08-28 01:07:58,CCNlite,100,78.234
SCALE_C_PythonNDN_500_064,2,2026-08-28 01:09:47,PythonNDN,500,32.542
SCALE_C_CCNlite_100_096,4,2026-08-28 01:09:53,CCNlite,100,81.987
SCALE_C_PythonNDN_500_065,2,2026-08-28 01:11:25,PythonNDN,500,34.011
SCALE_C_CCNlite_100_097,4,2026-08-28 01:12:54,CCNlite,100,83.909
SCALE_C_PythonNDN_500_066,2,2026-08-28 01:14:21,PythonNDN,500,32.04
SCALE_C_CCNlite_50_062,2,2026-08-28 01:15:56,CCNlite,50,87.131
SCALE_C_CCNlite_100_098,4,2026-08-28 01:16:45,CCNlite,100,78.818
SCALE_C_PythonNDN_500_067,2,2026-08-28 01:17:01,PythonNDN,500,35.867
SCALE_C_CCNlite_50_063,2,2026-08-28 01:17:46,CCNlite,50,94.231
SCALE_C_PythonNDN_500_068,2,2026-08-28 01:18:03,PythonNDN,500,34.853
SCALE_C_CCNlite_50_064,2,2026-08-28 01:18:55,CCNlite,50,89.647
SCALE_C_CCNlite_100_099,4,2026-08-28 01:19:30,CCNlite,100,81.249
SCALE_C_CCNlite_50_065,2,2026-08-28 01:21:59,CCNlite,50,88.983
SCALE_C_CCNlite_100_100,4,2026-08-28 01:22:01,CCNlite,100,80.717
SCALE_C_CCNlite_100_101,4,2026-08-28 01:23:19,CCNlite,100,78.728
SCALE_C_PythonNDN_500_069,2,2026-08-28 01:23:59,PythonNDN,500,34.309
SCALE_C_CCNlite_100_102,4,2026-08-28 01:25:27,CCNlite,100,81.104
SCALE_C_CCNlite_50_066,2,2026-08-28 01:26:04,CCNlite,50,96.019
SCALE_C_CCNlite_100_103,4,2026-08-28 01:26:39,CCNlite,100,81.705
SCALE_C_PythonNDN_500_070,2,2026-08-28 01:27:16,PythonNDN,500,33.921
SCALE_C_PythonNDN_500_071,2,2026-08-28 01:28:34,PythonNDN,500,34.296
SCALE_C_CCNlite_50_067,2,2026-08-28 01:29:33,CCNlite,50,93.504
SCALE_C_PythonNDN_500_072,2,2026-08-28 01:30:36,PythonNDN,500,34.104
SCALE_C_CCNlite_100_104,4,2026-08-28 01:30:43,CCNlite,100,78.456
SCALE_C_CCNlite_50_068,2,2026-08-28 01:31:14,CCNlite,50,93.135
SCALE_C_CCNlite_100_105,4,2026-08-28 01:32:09,CCNlite,100,83.631
SCALE_C_CCNlite_50_069,2,2026-08-28 01:32:54,CCNlite,50,86.82
SCALE_C_CCNlite_50_070,2,2026-08-28 01:37:09,CCNlite,50,87.07
SCALE_C_CCNlite_50_071,2,2026-08-28 01:37:52,CCNlite,50,87.787
SCALE_C_CCNlite_50_072,2,2026-08-28 01:40:25,CCNlite,50,93.161
SCALE_C_CCNlite_50_073,2,2026-08-28 01:40:41,CCNlite,50,99.401
SCALE_C_CCNlite_50_074,2,2026-08-28 01:42:28,CCNlite,50,94.667
SCALE_C_CCNlite_50_075,2,2026-08-28 01:44:37,CCNlite,50,97.28
SCALE_C_CCNlite_50_076,2,2026-08-28 01:46:29,CCNlite,50,89.469
SCALE_C_CCNlite_50_077,2,2026-08-28 01:47:12,CCNlite,50,89.56
SCALE_C_CCNlite_50_078,2,2026-08-28 01:50:08,CCNlite,50,92.973
SCALE_C_PythonNDN_500_073,3,2026-08-28 05:14:46,PythonNDN,500,33.641
SCALE_C_PythonNDN_500_074,3,2026-08-28 05:16:53,PythonNDN,500,36.485
SCALE_C_PythonNDN_500_075,3,2026-08-28 05:19:25,PythonNDN,500,33.657
SCALE_C_PythonNDN_500_076,3,2026-08-28 05:23:04,PythonNDN,500,32.528
SCALE_C_PythonNDN_500_077,3,2026-08-28 05:24:50,PythonNDN,500,34.964
SCALE_C_PythonNDN_500_078,3,2026-08-28 05:27:46,PythonNDN,500,32.482
SCALE_C_PythonNDN_500_079,3,2026-08-28 05:29:58,PythonNDN,500,34.426
SCALE_C_PythonNDN_500_080,3,2026-08-28 05:32:16,PythonNDN,500,32.785
SCALE_C_PythonNDN_500_081,3,2026-08-28 05:33:07,PythonNDN,500,32.456
SCALE_C_PythonNDN_500_082,3,2026-08-28 05:35:34,PythonNDN,500,33.39
SCALE_C_PythonNDN_500_083,3,2026-08-28 05:36:38,PythonNDN,500,36.531
SCALE_C_PythonNDN_500_084,3,2026-08-28 05:38:03,PythonNDN,500,34.737
SCALE_C_PythonNDN_500_085,3,2026-08-28 05:39:41,PythonNDN,500,35.025
SCALE_C_PythonNDN_500_086,3,2026-08-28 05:40:35,PythonNDN,500,33.532
SCALE_C_PythonNDN_500_087,3,2026-08-28 05:43:42,PythonNDN,500,34.198
SCALE_C_PythonNDN_500_088,3,2026-08-28 05:47:22,PythonNDN,500,33.465
SCALE_C_PythonNDN_500_089,3,2026-08-28 05:50:10,PythonNDN,500,32.948
SCALE_C_PythonNDN_500_090,3,2026-08-28 05:53:07,PythonNDN,500,32.874
SCALE_C_uDCN_5000_096,4,2026-08-28 06:18:22,uDCN,5000,78.179
SCALE_C_uDCN_5000_097,4,2026-08-28 06:19:08,uDCN,5000,77.539
SCALE_C_uDCN_5000_098,4,2026-08-28 06:20:46,uDCN,5000,74.814
SCALE_C_uDCN_5000_099,4,2026-08-28 06:22:36,uDCN,5000,74.059
SCALE_C_uDCN_5000_100,4,2026-08-28 06:24:44,uDCN,5000,75.064
SCALE_C_uDCN_5000_101,4,2026-08-28 06:26:44,uDCN,5000,78.296
SCALE_C_uDCN_5000_102,4,2026-08-28 06:28:56,uDCN,5000,75.573
SCALE_C_uDCN_5000_103,4,2026-08-28 06:32:29,uDCN,5000,73.076
SCALE_C_uDCN_5000_104,4,2026-08-28 06:36:00,uDCN,5000,74.392
SCALE_C_uDCN_5000_105,4,2026-08-28 06:39:00,uDCN,5000,74.604
SCALE_C_uDCN_5000_106,4,2026-08-28 06:41:28,uDCN,5000,75.095
SCALE_C_uDCN_5000_107,4,2026-08-28 06:42:00,uDCN,5000,74.822
SCALE_C_uDCN_5000_108,4,2026-08-28 06:45:03,uDCN,5000,74.869
SCALE_C_uDCN_5000_109,4,2026-08-28 06:47:18,uDCN,5000,76.728
SCALE_C_uDCN_5000_110,4,2026-08-28 06:49:47,uDCN,5000,77.199
SCALE_C_uDCN_5000_111,4,2026-08-28 06:54:53,uDCN,5000,74.407
SCALE_C_uDCN_5000_112,4,2026-08-28 06:55:33,uDCN,5000,74.087
SCALE_C_uDCN_5000_113,4,2026-08-28 06:56:50,uDCN,5000,75.54
SCALE_C_uDCN_5000_114,4,2026-08-28 07:01:00,uDCN,5000,76.781
SCALE_C_uDCN_5000_115,4,2026-08-28 07:04:15,uDCN,5000,72.456
SCALE_C_uDCN_5000_116,4,2026-08-28 07:06:19,uDCN,5000,77.629
SCALE_C_uDCN_5000_117,4,2026-08-28 07:07:47,uDCN,5000,74.404
SCALE_C_uDCN_5000_118,4,2026-08-28 07:11:19,uDCN,5000,75.176
SCALE_C_uDCN_5000_119,4,2026-08-28 07:12:53,uDCN,5000,78.904
SCALE_C_uDCN_5000_120,4,2026-08-28 07:15:57,uDCN,5000,75.23
SCALE_C_uDCN_5000_121,4,2026-08-28 07:18:07,uDCN,5000,82.26
SCALE_C_uDCN_5000_122,4,2026-08-28 07:19:47,uDCN,5000,78.293
SCALE_C_uDCN_5000_123,4,2026-08-28 07:21:13,uDCN,5000,76.253
SCALE_C_uDCN_5000_124,5,2026-08-28 08:09:43,uDCN,5000,79.728
SCALE_C_uDCN_5000_125,5,2026-08-28 08:11:39,uDCN,5000,75.399
SCALE_C_uDCN_5000_126,5,2026-08-28 08:14:49,uDCN,5000,74.764
SCALE_C_uDCN_5000_127,5,2026-08-28 08:15:55,uDCN,5000,72.494
SCALE_C_uDCN_5000_128,5,2026-08-28 08:21:17,uDCN,5000,74.873
SCALE_C_uDCN_5000_129,5,2026-08-28 08:22:45,uDCN,5000,74.534
SCALE_C_uDCN_5000_130,5,2026-08-28 08:23:26,uDCN,5000,73.696
SCALE_C_uDCN_5000_131,5,2026-08-28 08:27:41,uDCN,5000,72.238
SCALE_C_uDCN_5000_132,5,2026-08-28 08:29:15,uDCN,5000,72.572
SCALE_C_uDCN_5000_133,5,2026-08-28 08:33:45,uDCN,5000,77.159
SCALE_C_uDCN_5000_134,5,2026-08-28 08:34:19,uDCN,5000,77.016
SCALE_C_uDCN_5000_135,5,2026-08-28 08:37:24,uDCN,5000,80.4
SCALE_C_uDCN_5000_136,5,2026-08-28 08:39:22,uDCN,5000,78.946
SCALE_C_uDCN_5000_137,5,2026-08-28 08:40:27,uDCN,5000,77.395
SCALE_C_uDCN_5000_138,5,2026-08-28 08:40:45,uDCN,5000,79.102
SCALE_C_uDCN_5000_139,5,2026-08-28 08:43:17,uDCN,5000,80.606
SCALE_C_uDCN_5000_140,5,2026-08-28 08:44:50,uDCN,5000,70.337
SCALE_C_uDCN_5000_141,5,2026-08-28 08:46:09,uDCN,5000,70.579
SCALE_C_uDCN_5000_142,5,2026-08-28 08:47:44,uDCN,5000,75.349
SCALE_C_uDCN_5000_143,5,2026-08-28 08:49:25,uDCN,5000,81.366
SCALE_C_uDCN_5000_144,5,2026-08-28 08:50:16,uDCN,5000,73.839
SCALE_C_uDCN_5000_145,5,2026-08-28 08:51:25,uDCN,5000,73.649
SCALE_C_uDCN_5000_146,5,2026-08-28 08:55:57,uDCN,5000,77.349
SCALE_C_uDCN_5000_147,5,2026-08-28 08:57:32,uDCN,5000,74.076
SCALE_C_uDCN_5000_148,5,2026-08-28 08:58:20,uDCN,5000,74.422
SCALE_C_uDCN_5000_149,5,2026-08-28 09:00:20,uDCN,5000,75.25
SCALE_C_uDCN_5000_150,5,2026-08-28 09:02:31,uDCN,5000,77.007
SCALE_C_uDCN_100_074,3,2026-08-28 09:50:39,uDCN,100,90.508
SCALE_C_uDCN_100_075,3,2026-08-28 09:51:48,uDCN,100,93.73
SCALE_C_uDCN_100_076,3,2026-08-28 09:53:39,uDCN,100,90.295
SCALE_C_uDCN_100_077,3,2026-08-28 09:55:42,uDCN,100,92.999
SCALE_C_uDCN_100_078,3,2026-08-28 09:58:30,uDCN,100,88.258
SCALE_C_uDCN_100_079,3,2026-08-28 10:04:50,uDCN,100,91.327
SCALE_C_uDCN_100_080,3,2026-08-28 10:06:31,uDCN,100,91.94
SCALE_C_uDCN_100_081,3,2026-08-28 10:08:48,uDCN,100,90.685
SCALE_C_uDCN_100_082,3,2026-08-28 10:10:36,uDCN,100,90.174
SCALE_C_uDCN_100_083,3,2026-08-28 10:12:44,uDCN,100,95.466
SCALE_C_uDCN_100_084,3,2026-08-28 10:15:02,uDCN,100,92.901
SCALE_C_uDCN_100_085,3,2026-08-28 10:18:04,uDCN,100,95.574
SCALE_C_uDCN_100_086,3,2026-08-28 10:19:36,uDCN,100,91.191
SCALE_C_CCNlite_50_079,3,2026-08-28 10:19:41,CCNlite,50,88.814
SCALE_C_CCNlite_50_080,3,2026-08-28 10:20:45,CCNlite,50,90.793
SCALE_C_CCNlite_50_081,3,2026-08-28 10:21:10,CCNlite,50,96.174
SCALE_C_CCNlite_50_082,3,2026-08-28 10:22:15,CCNlite,50,90.493
SCALE_C_uDCN_100_087,3,2026-08-28 10:24:50,uDCN,100,95.329
SCALE_C_CCNlite_50_083,3,2026-08-28 10:25:29,CCNlite,50,84.888
SCALE_C_uDCN_100_088,3,2026-08-28 10:26:41,uDCN,100,91.606
SCALE_C_CCNlite_50_084,3,2026-08-28 10:27:27,CCNlite,50,91.649
SCALE_C_uDCN_100_089,3,2026-08-28 10:31:32,uDCN,100,91.969
SCALE_C_CCNlite_50_085,3,2026-08-28 10:31:59,CCNlite,50,93.556
SCALE_C_uDCN_100_090,3,2026-08-28 10:33:49,uDCN,100,95.209
SCALE_C_uDCN_100_091,3,2026-08-28 10:34:36,uDCN,100,88.269
SCALE_C_uDCN_100_092,3,2026-08-28 10:37:25,uDCN,100,97.13
SCALE_C_CCNlite_50_086,3,2026-08-28 10:38:10,CCNlite,50,96.059
SCALE_C_CCNlite_50_087,3,2026-08-28 10:38:44,CCNlite,50,85.961
SCALE_C_uDCN_100_093,3,2026-08-28 10:39:34,uDCN,100,92.096
SCALE_C_CCNlite_50_088,3,2026-08-28 10:40:11,CCNlite,50,96.119
SCALE_C_CCNlite_50_089,3,2026-08-28 10:41:34,CCNlite,50,89.758
SCALE_C_uDCN_100_094,3,2026-08-28 10:41:40,uDCN,100,89.16
SCALE_C_CCNlite_50_090,3,2026-08-28 10:42:30,CCNlite,50,91.064
SCALE_C_CCNlite_50_091,3,2026-08-28 10:44:18,CCNlite,50,94.242
SCALE_C_uDCN_100_095,3,2026-08-28 10:47:32,uDCN,100,94.446
SCALE_C_CCNlite_50_092,3,2026-08-28 10:47:59,CCNlite,50,88.88
SCALE_C_uDCN_100_096,3,2026-08-28 10:50:28,uDCN,100,89.991
SCALE_C_CCNlite_50_093,3,2026-08-28 10:51:12,CCNlite,50,89.47
SCALE_C_uDCN_100_097,3,2026-08-28 10:53:12,uDCN,100,92.345
SCALE_C_uDCN_100_098,3,2026-08-28 10:57:33,uDCN,100,93.926
SCALE_C_uDCN_100_099,3,2026-08-28 11:01:32,uDCN,100,95.328
SCALE_C_uDCN_100_100,3,2026-08-28 11:03:08,uDCN,100,98.142
SCALE_C_NFD_10_032,1,2026-08-28 16:14:48,NFD,10,100.0
SCALE_C_NFD_10_033,1,2026-08-28 16:18:55,NFD,10,99.671
SCALE_C_NFD_10_034,1,2026-08-28 16:22:28,NFD,10,93.447
SCALE_C_NFD_10_035,1,2026-08-28 16:24:10,NFD,10,100.0
SCALE_C_NFD_10_036,1,2026-08-28 16:25:42,NFD,10,100.0
SCALE_C_NFD_10_037,1,2026-08-28 16:30:06,NFD,10,96.827
SCALE_C_NFD_10_038,1,2026-08-28 16:31:05,NFD,10,100.0
SCALE_C_NFD_10_039,1,2026-08-28 16:33:15,NFD,10,100.0
SCALE_C_NFD_10_040,1,2026-08-28 16:33:54,NFD,10,100.0
SCALE_C_NFD_10_041,1,2026-08-28 16:35:41,NFD,10,97.785
SCALE_C_NFD_10_042,1,2026-08-28 16:38:44,NFD,10,100.0
SCALE_C_NFD_10_043,1,2026-08-28 16:42:44,NFD,10,100.0
SCALE_C_NFD_10_044,1,2026-08-28 16:45:25,NFD,10,100.0
SCALE_C_NFD_10_045,1,2026-08-28 16:49:20,NFD,10,98.893
SCALE_C_NFD_10_046,1,2026-08-28 16:52:03,NFD,10,96.072
SCALE_C_NFD_10_047,1,2026-08-28 16:54:39,NFD,10,99.333
SCALE_C_NFD_10_048,1,2026-08-28 16:55:35,NFD,10,99.013
SCALE_C_NFD_10_049,1,2026-08-28 16:56:37,NFD,10,100.0
SCALE_C_NFD_10_050,1,2026-08-28 16:59:06,NFD,10,92.697
SCALE_C_NFD_10_051,1,2026-08-28 17:01:24,NFD,10,95.626
SCALE_C_uDCN_100_101,4,2026-08-28 20:24:14,uDCN,100,92.441
SCALE_C_uDCN_100_102,4,2026-08-28 20:27:50,uDCN,100,100.0
SCALE_C_uDCN_100_103,4,2026-08-28 20:30:34,uDCN,100,92.013
SCALE_C_uDCN_100_104,4,2026-08-28 20:33:11,uDCN,100,91.477
SCALE_C_uDCN_100_105,4,2026-08-28 20:33:46,uDCN,100,97.204
SCALE_C_uDCN_100_106,4,2026-08-28 20:34:54,uDCN,100,96.014
SCALE_C_uDCN_100_107,4,2026-08-28 20:38:05,uDCN,100,91.049
SCALE_C_uDCN_100_108,4,2026-08-28 20:39:48,uDCN,100,100.0
SCALE_C_uDCN_100_109,4,2026-08-28 20:43:15,uDCN,100,94.547
SCALE_C_uDCN_100_110,4,2026-08-28 20:44:08,uDCN,100,92.641
SCALE_C_uDCN_100_111,4,2026-08-28 20:52:21,uDCN,100,98.678
SCALE_C_uDCN_100_112,4,2026-08-28 20:55:59,uDCN,100,94.706
SCALE_C_uDCN_100_113,4,2026-08-28 20:56:17,uDCN,100,96.389
SCALE_C_uDCN_100_114,4,2026-08-28 20:59:13,uDCN,100,91.561
SCALE_C_uDCN_100_115,4,2026-08-28 21:00:17,uDCN,100,94.591
SCALE_C_uDCN_100_116,4,2026-08-28 21:03:38,uDCN,100,96.016
SCALE_C_uDCN_100_117,4,2026-08-28 21:05:10,uDCN,100,90.866
SCALE_C_uDCN_100_118,4,2026-08-28 21:06:11,uDCN,100,95.688
SCALE_C_uDCN_100_119,4,2026-08-28 21:09:36,uDCN,100,93.741
SCALE_C_uDCN_100_120,4,2026-08-28 21:10:44,uDCN,100,98.548
SCALE_C_uDCN_100_121,4,2026-08-28 21:11:26,uDCN,100,90.623
SCALE_C_uDCN_100_122,4,2026-08-28 21:13:25,uDCN,100,90.745
SCALE_C_uDCN_100_123,4,2026-08-28 21:16:02,uDCN,100,94.881
SCALE_C_uDCN_100_124,4,2026-08-28 21:18:28,uDCN,100,96.361
SCALE_C_uDCN_100_125,4,2026-08-28 21:20:42,uDCN,100,90.914
SCALE_C_uDCN_100_126,4,2026-08-28 21:21:43,uDCN,100,98.327
SCALE_C_CCNlite_5000_026,1,2026-08-28 23:49:39,CCNlite,5000,42.904
SCALE_C_CCNlite_5000_027,1,2026-08-28 23:52:05,CCNlite,5000,42.11
SCALE_C_CCNlite_5000_028,1,2026-08-28 23:54:51,CCNlite,5000,42.634
SCALE_C_CCNlite_5000_029,1,2026-08-28 23:56:10,CCNlite,5000,42.831
SCALE_C_CCNlite_5000_030,1,2026-08-28 23:57:20,CCNlite,5000,45.381
SCALE_C_CCNlite_5000_031,1,2026-08-29 00:02:48,CCNlite,5000,44.694
SCALE_C_CCNlite_5000_032,1,2026-08-29 00:06:20,CCNlite,5000,42.261
SCALE_C_CCNlite_5000_033,1,2026-08-29 00:09:53,CCNlite,5000,41.8
SCALE_C_CCNlite_5000_034,1,2026-08-29 00:12:31,CCNlite,5000,43.436
SCALE_C_CCNlite_5000_035,1,2026-08-29 00:14:17,CCNlite,5000,40.665
SCALE_C_CCNlite_5000_036,1,2026-08-29 00:14:43,CCNlite,5000,45.477
SCALE_C_CCNlite_5000_037,1,2026-08-29 00:18:28,CCNlite,5000,42.687
SCALE_C_CCNlite_5000_038,1,2026-08-29 00:20:15,CCNlite,5000,44.322
SCALE_C_CCNlite_5000_039,1,2026-08-29 00:21:55,CCNlite,5000,45.14
SCALE_C_CCNlite_5000_040,1,2026-08-29 00:24:25,CCNlite,5000,41.205
SCALE_C_CCNlite_5000_041,1,2026-08-29 00:27:36,CCNlite,5000,43.136
SCALE_C_CCNlite_5000_042,1,2026-08-29 00:30:54,CCNlite,5000,43.222
SCALE_C_CCNlite_5000_043,1,2026-08-29 00:31:50,CCNlite,5000,43.795
SCALE_C_CCNlite_5000_044,1,2026-08-29 00:33:09,CCNlite,5000,43.253
SCALE_C_CCNlite_5000_045,1,2026-08-29 00:34:29,CCNlite,5000,41.484
SCALE_C_CCNlite_5000_046,1,2026-08-29 00:37:51,CCNlite,5000,44.015
SCALE_C_CCNlite_5000_047,1,2026-08-29 00:39:55,CCNlite,5000,43.811
SCALE_C_CCNlite_5000_048,1,2026-08-29 00:42:07,CCNlite,5000,44.697
SCALE_C_CCNlite_5000_049,1,2026-08-29 00:44:00,CCNlite,5000,43.366
SCALE_C_CCNlite_5000_050,1,2026-08-29 00:45:01,CCNlite,5000,42.608
SCALE_C_CCNlite_100_106,5,2026-08-29 03:39:52,CCNlite,100,76.123
SCALE_C_CCNlite_100_107,5,2026-08-29 03:42:06,CCNlite,100,80.757
SCALE_C_CCNlite_100_108,5,2026-08-29 03:44:53,CCNlite,100,82.154
SCALE_C_CCNlite_100_109,5,2026-08-29 03:50:27,CCNlite,100,77.606
SCALE_C_CCNlite_100_110,5,2026-08-29 03:54:52,CCNlite,100,77.467
SCALE_C_CCNlite_100_111,5,2026-08-29 03:58:07,CCNlite,100,78.674
SCALE_C_CCNlite_100_112,5,2026-08-29 03:59:28,CCNlite,100,75.728
SCALE_C_CCNlite_100_113,5,2026-08-29 04:01:22,CCNlite,100,76.579
SCALE_C_CCNlite_100_114,5,2026-08-29 04:03:14,CCNlite,100,80.864
SCALE_C_CCNlite_100_115,5,2026-08-29 04:05:48,CCNlite,100,76.433
SCALE_C_CCNlite_100_116,5,2026-08-29 04:06:52,CCNlite,100,77.712
SCALE_C_CCNlite_100_117,5,2026-08-29 04:08:24,CCNlite,100,81.298
SCALE_C_CCNlite_100_118,5,2026-08-29 04:12:21,CCNlite,100,81.959
SCALE_C_CCNlite_100_119,5,2026-08-29 04:16:29,CCNlite,100,79.93
SCALE_C_CCNlite_100_120,5,2026-08-29 04:18:25,CCNlite,100,81.136
SCALE_C_CCNlite_50_094,4,2026-08-29 05:13:48,CCNlite,50,89.397
SCALE_C_CCNlite_50_095,4,2026-08-29 05:18:01,CCNlite,50,91.002
SCALE_C_CCNlite_50_096,4,2026-08-29 05:21:07,CCNlite,50,91.047
SCALE_C_CCNlite_50_097,4,2026-08-29 05:22:34,CCNlite,50,89.313
SCALE_C_CCNlite_50_098,4,2026-08-29 05:24:58,CCNlite,50,85.247
SCALE_C_CCNlite_50_099,4,2026-08-29 05:26:29,CCNlite,50,87.768
SCALE_C_CCNlite_50_100,4,2026-08-29 05:31:01,CCNlite,50,90.568
SCALE_C_CCNlite_50_101,4,2026-08-29 05:33:35,CCNlite,50,85.939
SCALE_C_CCNlite_50_102,4,2026-08-29 05:38:29,CCNlite,50,88.731
SCALE_C_CCNlite_50_103,4,2026-08-29 05:39:25,CCNlite,50,88.345
SCALE_C_CCNlite_50_104,4,2026-08-29 05:40:45,CCNlite,50,89.434
SCALE_C_CCNlite_50_105,4,2026-08-29 05:42:25,CCNlite,50,95.361
SCALE_C_CCNlite_50_106,4,2026-08-29 05:43:16,CCNlite,50,88.921
SCALE_C_CCNlite_50_107,4,2026-08-29 05:46:03,CCNlite,50,89.453
SCALE_C_CCNlite_50_108,4,2026-08-29 05:50:46,CCNlite,50,92.88
SCALE_C_CCNlite_50_109,4,2026-08-29 05:54:15,CCNlite,50,94.126
SCALE_C_CCNlite_50_110,4,2026-08-29 05:56:09,CCNlite,50,91.829
SCALE_C_CCNlite_50_111,4,2026-08-29 06:01:21,CCNlite,50,95.396
SCALE_C_CCNlite_50_112,4,2026-08-29 06:03:52,CCNlite,50,92.767
SCALE_C_CCNlite_50_113,4,2026-08-29 06:10:21,CCNlite,50,95.896
SCALE_C_CCNlite_50_114,4,2026-08-29 06:12:21,CCNlite,50,90.474
SCALE_C_CCNlite_50_115,4,2026-08-29 06:13:10,CCNlite,50,97.801
SCALE_C_CCNlite_50_116,4,2026-08-29 06:15:50,CCNlite,50,90.908
SCALE_C_CCNlite_50_117,4,2026-08-29 06:17:20,CCNlite,50,93.362
SCALE_C_CCNlite_50_118,4,2026-08-29 06:19:43,CCNlite,50,88.14
SCALE_C_CCNlite_50_119,4,2026-08-29 06:24:09,CCNlite,50,87.162
SCALE_C_CCNlite_50_120,4,2026-08-29 06:26:52,CCNlite,50,92.121
SCALE_C_CCNlite_50_121,4,2026-08-29 06:28:50,CCNlite,50,88.457
SCALE_C_CCNlite_50_122,4,2026-08-29 06:30:26,CCNlite,50,92.02
SCALE_C_CCNlite_50_123,4,2026-08-29 06:33:55,CCNlite,50,89.468
SCALE_C_CCNlite_50_124,4,2026-08-29 06:37:03,CCNlite,50,92.561
SCALE_C_PythonNDN_500_091,4,2026-08-29 07:49:11,PythonNDN,500,34.966
SCALE_C_PythonNDN_500_092,4,2026-08-29 07:51:21,PythonNDN,500,32.89
SCALE_C_PythonNDN_500_093,4,2026-08-29 07:52:40,PythonNDN,500,32.185
SCALE_C_PythonNDN_500_094,4,2026-08-29 07:56:19,PythonNDN,500,35.395
SCALE_C_PythonNDN_500_095,4,2026-08-29 07:56:54,PythonNDN,500,33.017
SCALE_C_PythonNDN_500_096,4,2026-08-29 08:00:24,PythonNDN,500,33.062
SCALE_C_PythonNDN_500_097,4,2026-08-29 08:03:16,PythonNDN,500,34.887
SCALE_C_PythonNDN_500_098,4,2026-08-29 08:04:08,PythonNDN,500,33.532
SCALE_C_PythonNDN_500_099,4,2026-08-29 08:06:02,PythonNDN,500,36.892
SCALE_C_PythonNDN_500_100,4,2026-08-29 08:10:04,PythonNDN,500,33.357
SCALE_C_PythonNDN_500_101,4,2026-08-29 08:13:31,PythonNDN,500,33.814
SCALE_C_PythonNDN_500_102,4,2026-08-29 08:16:26,PythonNDN,500,35.521
SCALE_C_PythonNDN_500_103,4,2026-08-29 08:17:42,PythonNDN,500,31.012
SCALE_C_PythonNDN_500_104,4,2026-08-29 08:18:35,PythonNDN,500,35.623
SCALE_C_PythonNDN_500_105,4,2026-08-29 08:19:40,PythonNDN,500,33.985
SCALE_C_PythonNDN_500_106,4,2026-08-29 08:22:56,PythonNDN,500,33.802
SCALE_C_PythonNDN_500_107,4,2026-08-29 08:28:21,PythonNDN,500,32.657
SCALE_C_PythonNDN_500_108,4,2026-08-29 08:30:09,PythonNDN,500,33.511
SCALE_C_PythonNDN_500_109,4,2026-08-29 08:33:17,PythonNDN,500,35.584
SCALE_C_PythonNDN_500_110,4,2026-08-29 08:33:56,PythonNDN,500,34.803
SCALE_C_PythonNDN_500_111,4,2026-08-29 08:34:43,PythonNDN,500,33.241
SCALE_C_PythonNDN_500_112,4,2026-08-29 08:35:48,PythonNDN,500,31.473
SCALE_C_PythonNDN_500_113,4,2026-08-29 08:38:59,PythonNDN,500,33.988
SCALE_C_PythonNDN_500_114,4,2026-08-29 08:41:23,PythonNDN,500,31.57
SCALE_C_PythonNDN_500_115,4,2026-08-29 08:42:11,PythonNDN,500,35.097
SCALE_C_PythonNDN_500_116,5,2026-08-29 10:55:18,PythonNDN,500,35.183
SCALE_C_PythonNDN_500_117,5,2026-08-29 10:59:51,PythonNDN,500,34.509
SCALE_C_PythonNDN_500_118,5,2026-08-29 11:02:01,PythonNDN,500,33.788
SCALE_C_PythonNDN_500_119,5,2026-08-29 11:06:20,PythonNDN,500,35.899
SCALE_C_PythonNDN_500_120,5,2026-08-29 11:10:48,PythonNDN,500,35.684
SCALE_C_PythonNDN_500_121,5,2026-08-29 11:14:33,PythonNDN,500,30.779
SCALE_C_PythonNDN_500_122,5,2026-08-29 11:16:13,PythonNDN,500,35.689
SCALE_C_PythonNDN_500_123,5,2026-08-29 11:19:28,PythonNDN,500,36.108
SCALE_C_PythonNDN_500_124,5,2026-08-29 11:21:54,PythonNDN,500,34.611
SCALE_C_PythonNDN_500_125,5,2026-08-29 11:23:11,PythonNDN,500,31.579
SCALE_C_PythonNDN_500_126,5,2026-08-29 11:26:05,PythonNDN,500,33.283
SCALE_C_PythonNDN_500_127,5,2026-08-29 11:29:01,PythonNDN,500,34.508
SCALE_C_PythonNDN_500_128,5,2026-08-29 11:29:29,PythonNDN,500,35.559
SCALE_C_PythonNDN_500_129,5,2026-08-29 11:32:33,PythonNDN,500,33.558
SCALE_C_PythonNDN_500_130,5,2026-08-29 11:34:18,PythonNDN,500,36.571
SCALE_C_PythonNDN_500_131,5,2026-08-29 11:36:13,PythonNDN,500,32.767
SCALE_C_PythonNDN_500_132,5,2026-08-29 11:39:36,PythonNDN,500,33.305
SCALE_C_PythonNDN_500_133,5,2026-08-29 11:42:19,PythonNDN,500,30.229
SCALE_C_PythonNDN_500_134,5,2026-08-29 11:47:18,PythonNDN,500,34.055
SCALE_C_PythonNDN_500_135,5,2026-08-29 11:50:39,PythonNDN,500,33.066
SCALE_C_PythonNDN_500_136,5,2026-08-29 11:51:52,PythonNDN,500,32.787
SCALE_C_PythonNDN_500_137,5,2026-08-29 11:53:14,PythonNDN,500,31.907
SCALE_C_PythonNDN_500_138,5,2026-08-29 11:57:23,PythonNDN,500,35.204
SCALE_C_PythonNDN_500_139,5,2026-08-29 11:59:22,PythonNDN,500,33.036
SCALE_C_PythonNDN_500_140,5,2026-08-29 12:00:40,PythonNDN,500,34.779
SCALE_C_PythonNDN_500_141,5,2026-08-29 12:02:55,PythonNDN,500,36.184
SCALE_C_PythonNDN_500_142,5,2026-08-29 12:06:15,PythonNDN,500,33.159
SCALE_C_PythonNDN_500_143,5,2026-08-29 12:08:47,PythonNDN,500,33.506
SCALE_C_PythonNDN_500_144,5,2026-08-29 12:10:50,PythonNDN,500,32.75
SCALE_C_PythonNDN_500_145,5,2026-08-29 12:12:03,PythonNDN,500,34.758
SCALE_C_PythonNDN_500_146,5,2026-08-29 12:16:16,PythonNDN,500,34.97
SCALE_C_PythonNDN_500_147,5,2026-08-29 12:17:54,PythonNDN,500,34.428
SCALE_C_CCNlite_50_125,5,2026-08-29 12:21:58,CCNlite,50,90.542
SCALE_C_PythonNDN_500_148,5,2026-08-29 12:22:00,PythonNDN,500,35.438
SCALE_C_CCNlite_50_126,5,2026-08-29 12:24:00,CCNlite,50,90.863
SCALE_C_CCNlite_50_127,5,2026-08-29 12:27:49,CCNlite,50,85.888
SCALE_C_CCNlite_50_128,5,2026-08-29 12:31:15,CCNlite,50,87.817
SCALE_C_CCNlite_50_129,5,2026-08-29 12:34:18,CCNlite,50,94.612
SCALE_C_CCNlite_50_130,5,2026-08-29 12:34:50,CCNlite,50,89.283
SCALE_C_CCNlite_50_131,5,2026-08-29 12:36:48,CCNlite,50,93.007
SCALE_C_CCNlite_50_132,5,2026-08-29 12:37:58,CCNlite,50,93.398
SCALE_C_CCNlite_50_133,5,2026-08-29 12:40:34,CCNlite,50,83.865
SCALE_C_CCNlite_50_134,5,2026-08-29 12:41:12,CCNlite,50,89.685
SCALE_C_CCNlite_50_135,5,2026-08-29 12:44:16,CCNlite,50,96.224
SCALE_C_CCNlite_50_136,5,2026-08-29 12:45:57,CCNlite,50,86.334
SCALE_C_CCNlite_50_137,5,2026-08-29 12:47:55,CCNlite,50,86.82
SCALE_C_CCNlite_50_138,5,2026-08-29 12:51:30,CCNlite,50,89.11
SCALE_C_CCNlite_50_139,5,2026-08-29 12:53:08,CCNlite,50,85.184
SCALE_C_CCNlite_50_140,5,2026-08-29 12:55:09,CCNlite,50,84.361
SCALE_C_CCNlite_50_141,5,2026-08-29 12:59:24,CCNlite,50,89.093
SCALE_C_CCNlite_50_142,5,2026-08-29 13:01:11,CCNlite,50,91.195
SCALE_C_CCNlite_50_143,5,2026-08-29 13:04:55,CCNlite,50,89.215
SCALE_C_CCNlite_50_144,5,2026-08-29 13:06:58,CCNlite,50,87.534
SCALE_C_CCNlite_50_145,5,2026-08-29 13:08:21,CCNlite,50,96.236
SCALE_C_CCNlite_50_146,5,2026-08-29 13:09:35,CCNlite,50,91.027
SCALE_C_CCNlite_50_147,5,2026-08-29 13:13:58,CCNlite,50,92.673
SCALE_C_CCNlite_50_148,5,2026-08-29 13:17:03,CCNlite,50,82.594
SCALE_C_CCNlite_50_149,5,2026-08-29 13:19:41,CCNlite,50,92.267
SCALE_C_CCNlite_50_150,5,2026-08-29 13:20:55,CCNlite,50,92.18
SCALE_C_CCNlite_100_121,6,2026-08-29 22:59:23,CCNlite,100,79.053
SCALE_C_CCNlite_100_122,6,2026-08-29 23:02:44,CCNlite,100,79.174
SCALE_C_CCNlite_100_123,6,2026-08-29 23:03:54,CCNlite,100,74.592
SCALE_C_CCNlite_100_124,6,2026-08-29 23:07:10,CCNlite,100,77.23
SCALE_C_CCNlite_100_125,6,2026-08-29 23:09:23,CCNlite,100,76.722
SCALE_C_CCNlite_100_126,6,2026-08-29 23:12:03,CCNlite,100,77.892
SCALE_C_CCNlite_100_127,6,2026-08-29 23:14:56,CCNlite,100,76.689
SCALE_C_CCNlite_100_128,6,2026-08-29 23:18:50,CCNlite,100,78.566
SCALE_C_CCNlite_100_129,6,2026-08-29 23:21:10,CCNlite,100,79.967
SCALE_C_CCNlite_100_130,6,2026-08-29 23:23:29,CCNlite,100,78.719
SCALE_C_CCNlite_100_131,6,2026-08-29 23:24:22,CCNlite,100,77.334
SCALE_C_CCNlite_100_132,6,2026-08-29 23:26:44,CCNlite,100,80.907
SCALE_C_CCNlite_100_133,6,2026-08-29 23:28:44,CCNlite,100,82.408
SCALE_C_CCNlite_100_134,6,2026-08-29 23:30:25,CCNlite,100,78.358
SCALE_C_CCNlite_100_135,6,2026-08-29 23:31:58,CCNlite,100,79.559
SCALE_C_CCNlite_100_136,6,2026-08-29 23:33:09,CCNlite,100,79.012
SCALE_C_CCNlite_100_137,6,2026-08-29 23:34:21,CCNlite,100,84.239
SCALE_C_CCNlite_100_138,6,2026-08-29 23:36:07,CCNlite,100,85.466
SCALE_C_CCNlite_100_139,6,2026-08-29 23:39:18,CCNlite,100,77.642
SCALE_C_CCNlite_100_140,6,2026-08-29 23:39:47,CCNlite,100,78.302
SCALE_C_CCNlite_100_141,6,2026-08-29 23:41:45,CCNlite,100,79.629
SCALE_C_CCNlite_100_142,6,2026-08-29 23:44:19,CCNlite,100,79.751
SCALE_C_CCNlite_100_143,6,2026-08-29 23:45:41,CCNlite,100,81.605
SCALE_C_CCNlite_100_144,6,2026-08-29 23:48:30,CCNlite,100,77.18
SCALE_C_CCNlite_100_145,6,2026-08-29 23:51:51,CCNlite,100,76.095
SCALE_C_CCNlite_100_146,6,2026-08-29 23:54:29,CCNlite,100,83.717
SCALE_C_CCNlite_100_147,6,2026-08-29 23:57:18,CCNlite,100,77.373
SCALE_C_CCNlite_5000_051,2,2026-08-30 06:35:51,CCNlite,5000,44.306
SCALE_C_CCNlite_5000_052,2,2026-08-30 06:39:50,CCNlite,5000,41.88
SCALE_C_CCNlite_5000_053,2,2026-08-30 06:43:36,CCNlite,5000,41.534
SCALE_C_CCNlite_5000_054,2,2026-08-30 06:45:26,CCNlite,5000,41.967
SCALE_C_CCNlite_5000_055,2,2026-08-30 06:50:35,CCNlite,5000,44.057
SCALE_C_CCNlite_5000_056,2,2026-08-30 06:52:31,CCNlite,5000,46.252
SCALE_C_CCNlite_5000_057,2,2026-08-30 06:54:13,CCNlite,5000,42.566
SCALE_C_CCNlite_5000_058,2,2026-08-30 06:56:27,CCNlite,5000,42.809
SCALE_C_CCNlite_5000_059,2,2026-08-30 06:58:26,CCNlite,5000,43.098
SCALE_C_CCNlite_5000_060,2,2026-08-30 07:00:16,CCNlite,5000,42.459
SCALE_C_CCNlite_5000_061,2,2026-08-30 07:02:07,CCNlite,5000,42.799
SCALE_C_CCNlite_5000_062,2,2026-08-30 07:07:00,CCNlite,5000,43.351
SCALE_C_CCNlite_5000_063,2,2026-08-30 07:08:45,CCNlite,5000,41.403
SCALE_C_CCNlite_5000_064,2,2026-08-30 07:12:28,CCNlite,5000,41.868
SCALE_C_CCNlite_5000_065,2,2026-08-30 07:14:25,CCNlite,5000,42.501
SCALE_C_CCNlite_5000_066,2,2026-08-30 07:17:08,CCNlite,5000,42.497
SCALE_C_PythonNDN_500_149,6,2026-08-30 11:39:17,PythonNDN,500,36.015
SCALE_C_PythonNDN_500_150,6,2026-08-30 11:41:53,PythonNDN,500,34.836
SCALE_C_CCNlite_5000_067,3,2026-08-31 00:54:11,CCNlite,5000,42.379
SCALE_C_CCNlite_5000_068,3,2026-08-31 00:55:44,CCNlite,5000,41.171
SCALE_C_CCNlite_5000_069,3,2026-08-31 00:59:18,CCNlite,5000,43.047
SCALE_C_CCNlite_5000_070,3,2026-08-31 01:02:38,CCNlite,5000,43.781
SCALE_C_CCNlite_5000_071,3,2026-08-31 01:03:46,CCNlite,5000,43.169
SCALE_C_CCNlite_5000_072,3,2026-08-31 01:04:55,CCNlite,5000,43.124
SCALE_C_CCNlite_5000_073,3,2026-08-31 01:06:22,CCNlite,5000,41.565
SCALE_C_CCNlite_5000_074,3,2026-08-31 01:08:39,CCNlite,5000,41.37
SCALE_C_CCNlite_5000_075,3,2026-08-31 01:09:17,CCNlite,5000,41.503
SCALE_C_CCNlite_5000_076,3,2026-08-31 01:11:47,CCNlite,5000,40.85
SCALE_C_CCNlite_5000_077,3,2026-08-31 01:14:14,CCNlite,5000,41.259
SCALE_C_CCNlite_5000_078,3,2026-08-31 01:18:20,CCNlite,5000,42.215
SCALE_C_CCNlite_5000_079,3,2026-08-31 01:19:05,CCNlite,5000,45.712
SCALE_C_CCNlite_5000_080,3,2026-08-31 01:20:59,CCNlite,5000,40.97
SCALE_C_CCNlite_5000_081,3,2026-08-31 01:22:54,CCNlite,5000,41.649
SCALE_C_CCNlite_5000_082,3,2026-08-31 01:24:35,CCNlite,5000,45.188
SCALE_C_uDCN_100_127,5,2026-08-31 03:45:21,uDCN,100,90.225
SCALE_C_uDCN_100_128,5,2026-08-31 03:50:41,uDCN,100,95.773
SCALE_C_uDCN_100_129,5,2026-08-31 03:52:31,uDCN,100,94.201
SCALE_C_uDCN_100_130,5,2026-08-31 03:53:30,uDCN,100,94.978
SCALE_C_uDCN_100_131,5,2026-08-31 03:56:56,uDCN,100,96.626
SCALE_C_uDCN_100_132,5,2026-08-31 03:58:53,uDCN,100,91.45
SCALE_C_uDCN_100_133,5,2026-08-31 03:59:35,uDCN,100,88.005
SCALE_C_uDCN_100_134,5,2026-08-31 04:03:49,uDCN,100,100.0
SCALE_C_uDCN_100_135,5,2026-08-31 04:04:48,uDCN,100,94.106
SCALE_C_uDCN_100_136,5,2026-08-31 04:07:14,uDCN,100,99.777
SCALE_C_uDCN_100_137,5,2026-08-31 04:08:05,uDCN,100,97.691
SCALE_C_uDCN_100_138,5,2026-08-31 04:12:36,uDCN,100,93.216
SCALE_C_uDCN_100_139,5,2026-08-31 04:13:31,uDCN,100,91.021
SCALE_C_uDCN_100_140,5,2026-08-31 04:17:11,uDCN,100,91.899
SCALE_C_uDCN_100_141,5,2026-08-31 04:18:59,uDCN,100,96.848
SCALE_C_uDCN_100_142,5,2026-08-31 04:24:10,uDCN,100,94.105
SCALE_C_uDCN_100_143,5,2026-08-31 04:24:50,uDCN,100,96.328
SCALE_C_uDCN_100_144,5,2026-08-31 04:27:08,uDCN,100,94.22
SCALE_C_uDCN_100_145,5,2026-08-31 04:28:59,uDCN,100,92.452
SCALE_C_uDCN_100_146,5,2026-08-31 04:32:20,uDCN,100,93.352
SCALE_C_uDCN_100_147,5,2026-08-31 04:33:49,uDCN,100,96.223
SCALE_C_uDCN_100_148,5,2026-08-31 04:36:51,uDCN,100,92.199
SCALE_C_uDCN_100_149,5,2026-08-31 04:38:10,uDCN,100,93.15
SCALE_C_uDCN_100_150,5,2026-08-31 04:41:22,uDCN,100,89.308
SCALE_C_NFD_10_052,2,2026-08-31 13:36:45,NFD,10,100.0
SCALE_C_NFD_10_053,2,2026-08-31 13:39:58,NFD,10,98.28
SCALE_C_NFD_10_054,2,2026-08-31 13:41:50,NFD,10,97.87
SCALE_C_NFD_10_055,2,2026-08-31 13:44:36,NFD,10,100.0
SCALE_C_NFD_10_056,2,2026-08-31 13:46:53,NFD,10,96.51
SCALE_C_NFD_10_057,2,2026-08-31 13:48:35,NFD,10,100.0
SCALE_C_NFD_10_058,2,2026-08-31 13:51:49,NFD,10,100.0
SCALE_C_NFD_10_059,2,2026-08-31 13:54:59,NFD,10,100.0
SCALE_C_NFD_10_060,2,2026-08-31 13:57:56,NFD,10,100.0
SCALE_C_NFD_10_061,2,2026-08-31 14:00:17,NFD,10,97.83
SCALE_C_NFD_10_062,2,2026-08-31 14:03:02,NFD,10,99.284
SCALE_C_NFD_10_063,2,2026-08-31 14:04:46,NFD,10,100.0
SCALE_C_NFD_10_064,2,2026-08-31 14:06:12,NFD,10,100.0
SCALE_C_NFD_10_065,2,2026-08-31 14:08:30,NFD,10,99.658
SCALE_C_NFD_10_066,2,2026-08-31 14:09:42,NFD,10,100.0
SCALE_C_CCNlite_100_148,7,2026-09-01 11:00:04,CCNlite,100,83.604
SCALE_C_CCNlite_100_149,7,2026-09-01 11:01:14,CCNlite,100,79.13
SCALE_C_CCNlite_100_150,7,2026-09-01 11:03:12,CCNlite,100,83.661
SCALE_C_NFD_10_067,3,2026-09-01 12:46:32,NFD,10,100.0
SCALE_C_NFD_10_068,3,2026-09-01 12:47:17,NFD,10,100.0
SCALE_C_NFD_10_069,3,2026-09-01 12:49:16,NFD,10,90.522
SCALE_C_NFD_10_070,3,2026-09-01 12:50:22,NFD,10,100.0
SCALE_C_NFD_10_071,3,2026-09-01 12:51:13,NFD,10,100.0
SCALE_C_NFD_10_072,3,2026-09-01 12:55:44,NFD,10,93.33
SCALE_C_NFD_10_073,3,2026-09-01 12:57:21,NFD,10,100.0
SCALE_C_NFD_10_074,3,2026-09-01 12:59:25,NFD,10,100.0
SCALE_C_NFD_10_075,3,2026-09-01 13:01:25,NFD,10,100.0
SCALE_C_NFD_10_076,3,2026-09-01 13:03:06,NFD,10,94.565
SCALE_C_NFD_10_077,3,2026-09-01 13:04:46,NFD,10,100.0
SCALE_C_NFD_10_078,3,2026-09-01 13:07:52,NFD,10,100.0
SCALE_C_NFD_10_079,3,2026-09-01 13:08:39,NFD,10,100.0
SCALE_C_NFD_10_080,3,2026-09-01 13:13:35,NFD,10,93.547
SCALE_C_NFD_10_081,3,2026-09-01 13:14:09,NFD,10,93.047
SCALE_C_NFD_10_082,3,2026-09-01 13:19:00,NFD,10,95.903
SCALE_C_NFD_10_083,3,2026-09-01 13:21:15,NFD,10,93.764
SCALE_C_NFD_10_084,3,2026-09-01 13:23:21,NFD,10,100.0
SCALE_C_NFD_10_085,4,2026-09-02 08:54:05,NFD,10,100.0
SCALE_C_NFD_10_086,4,2026-09-02 08:55:43,NFD,10,100.0
SCALE_C_NFD_10_087,4,2026-09-02 08:56:47,NFD,10,100.0
SCALE_C_NFD_10_088,4,2026-09-02 08:58:03,NFD,10,98.165
SCALE_C_NFD_10_089,4,2026-09-02 08:59:59,NFD,10,92.5
SCALE_C_NFD_10_090,4,2026-09-02 09:01:28,NFD,10,98.869
SCALE_C_NFD_10_091,4,2026-09-02 09:04:08,NFD,10,97.989
SCALE_C_NFD_10_092,4,2026-09-02 09:05:50,NFD,10,100.0
SCALE_C_NFD_10_093,4,2026-09-02 09:06:39,NFD,10,100.0
SCALE_C_NFD_10_094,4,2026-09-02 09:07:44,NFD,10,93.632
SCALE_C_NFD_10_095,4,2026-09-02 09:13:01,NFD,10,100.0
SCALE_C_NFD_10_096,4,2026-09-02 09:13:28,NFD,10,100.0
SCALE_C_NFD_10_097,4,2026-09-02 09:19:20,NFD,10,100.0
SCALE_C_NFD_10_098,4,2026-09-02 09:21:42,NFD,10,96.077
SCALE_C_NFD_10_099,4,2026-09-02 09:23:00,NFD,10,96.444
SCALE_C_NFD_10_100,4,2026-09-02 09:27:08,NFD,10,94.065
SCALE_C_NFD_10_101,4,2026-09-02 09:28:05,NFD,10,91.802
SCALE_C_NFD_10_102,5,2026-09-02 20:50:54,NFD,10,100.0
SCALE_C_NFD_10_103,5,2026-09-02 20:53:25,NFD,10,96.393
SCALE_C_NFD_10_104,5,2026-09-02 20:56:48,NFD,10,98.844
SCALE_C_NFD_10_105,5,2026-09-02 20:59:25,NFD,10,93.292
SCALE_C_NFD_10_106,5,2026-09-02 21:03:15,NFD,10,100.0
SCALE_C_NFD_10_107,5,2026-09-02 21:10:07,NFD,10,100.0
SCALE_C_NFD_10_108,5,2026-09-02 21:12:24,NFD,10,100.0
SCALE_C_NFD_10_109,5,2026-09-02 21:16:18,NFD,10,95.867
SCALE_C_NFD_10_110,5,2026-09-02 21:19:24,NFD,10,99.559
SCALE_C_NFD_10_111,5,2026-09-02 21:24:32,NFD,10,100.0
SCALE_C_NFD_10_112,5,2026-09-02 21:26:28,NFD,10,100.0
SCALE_C_NFD_10_113,5,2026-09-02 21:30:40,NFD,10,99.017
SCALE_C_NFD_10_114,5,2026-09-02 21:32:11,NFD,10,100.0
SCALE_C_NFD_10_115,5,2026-09-02 21:35:11,NFD,10,100.0
SCALE_C_NFD_10_116,5,2026-09-02 21:36:51,NFD,10,100.0
SCALE_C_NFD_10_117,5,2026-09-02 21:39:24,NFD,10,99.136
SCALE_C_NFD_10_118,5,2026-09-02 21:41:08,NFD,10,100.0
SCALE_C_NFD_10_119,5,2026-09-02 21:45:06,NFD,10,96.158
SCALE_C_NFD_10_120,5,2026-09-02 21:49:11,NFD,10,99.084
SCALE_C_NFD_10_121,5,2026-09-02 21:51:00,NFD,10,96.764
SCALE_C_NFD_10_122,5,2026-09-02 21:54:57,NFD,10,99.918
SCALE_C_CCNlite_5000_083,4,2026-09-03 03:59:40,CCNlite,5000,42.74
SCALE_C_CCNlite_5000_084,4,2026-09-03 04:01:30,CCNlite,5000,41.403
SCALE_C_CCNlite_5000_085,4,2026-09-03 04:02:09,CCNlite,5000,43.632
SCALE_C_CCNlite_5000_086,4,2026-09-03 04:03:07,CCNlite,5000,42.113
SCALE_C_CCNlite_5000_087,4,2026-09-03 04:06:42,CCNlite,5000,40.929
SCALE_C_CCNlite_5000_088,4,2026-09-03 04:08:26,CCNlite,5000,44.247
SCALE_C_CCNlite_5000_089,4,2026-09-03 04:09:52,CCNlite,5000,43.202
SCALE_C_CCNlite_5000_090,4,2026-09-03 04:12:23,CCNlite,5000,40.905
SCALE_C_CCNlite_5000_091,4,2026-09-03 04:13:27,CCNlite,5000,42.518
SCALE_C_CCNlite_5000_092,4,2026-09-03 04:17:09,CCNlite,5000,43.802
SCALE_C_CCNlite_5000_093,4,2026-09-03 04:18:53,CCNlite,5000,44.084
SCALE_C_CCNlite_5000_094,4,2026-09-03 04:19:36,CCNlite,5000,46.079
SCALE_C_CCNlite_5000_095,4,2026-09-03 04:20:01,CCNlite,5000,42.37
SCALE_C_CCNlite_5000_096,4,2026-09-03 04:21:27,CCNlite,5000,42.663
SCALE_C_CCNlite_5000_097,4,2026-09-03 04:23:53,CCNlite,5000,42.617
SCALE_C_CCNlite_5000_098,4,2026-09-03 04:24:32,CCNlite,5000,42.739
SCALE_C_CCNlite_5000_099,4,2026-09-03 04:26:12,CCNlite,5000,47.057
SCALE_C_CCNlite_5000_100,4,2026-09-03 04:29:31,CCNlite,5000,43.644
SCALE_C_CCNlite_5000_101,4,2026-09-03 04:30:29,CCNlite,5000,40.688
SCALE_C_CCNlite_5000_102,4,2026-09-03 04:30:49,CCNlite,5000,44.355
SCALE_C_CCNlite_5000_103,4,2026-09-03 04:34:13,CCNlite,5000,43.173
SCALE_C_CCNlite_5000_104,4,2026-09-03 04:39:21,CCNlite,5000,42.653
SCALE_C_CCNlite_5000_105,4,2026-09-03 04:48:21,CCNlite,5000,43.689
SCALE_C_CCNlite_5000_106,4,2026-09-03 04:52:10,CCNlite,5000,41.305
SCALE_C_CCNlite_5000_107,4,2026-09-03 04:55:07,CCNlite,5000,41.868
SCALE_C_CCNlite_5000_108,4,2026-09-03 04:58:11,CCNlite,5000,45.662
SCALE_C_CCNlite_5000_109,4,2026-09-03 05:00:52,CCNlite,5000,45.458
SCALE_C_CCNlite_5000_110,4,2026-09-03 05:02:31,CCNlite,5000,44.516
SCALE_C_CCNlite_5000_111,5,2026-09-03 13:10:37,CCNlite,5000,43.912
SCALE_C_CCNlite_5000_112,5,2026-09-03 13:11:25,CCNlite,5000,40.523
SCALE_C_CCNlite_5000_113,5,2026-09-03 13:14:20,CCNlite,5000,41.392
SCALE_C_CCNlite_5000_114,5,2026-09-03 13:14:50,CCNlite,5000,44.794
SCALE_C_CCNlite_5000_115,5,2026-09-03 13:18:00,CCNlite,5000,40.633
SCALE_C_CCNlite_5000_116,5,2026-09-03 13:18:54,CCNlite,5000,43.986
SCALE_C_CCNlite_5000_117,5,2026-09-03 13:20:28,CCNlite,5000,43.47
SCALE_C_CCNlite_5000_118,5,2026-09-03 13:23:19,CCNlite,5000,43.6
SCALE_C_CCNlite_5000_119,5,2026-09-03 13:26:15,CCNlite,5000,40.095
SCALE_C_CCNlite_5000_120,5,2026-09-03 13:29:13,CCNlite,5000,44.139
SCALE_C_CCNlite_5000_121,5,2026-09-03 13:32:25,CCNlite,5000,42.331
SCALE_C_CCNlite_5000_122,5,2026-09-03 13:33:22,CCNlite,5000,43.643
SCALE_C_CCNlite_5000_123,5,2026-09-03 13:34:44,CCNlite,5000,42.67
SCALE_C_CCNlite_5000_124,5,2026-09-03 13:38:21,CCNlite,5000,45.077
SCALE_C_CCNlite_5000_125,5,2026-09-03 13:43:13,CCNlite,5000,43.619
SCALE_C_CCNlite_5000_126,5,2026-09-03 13:44:37,CCNlite,5000,40.047
SCALE_C_CCNlite_5000_127,5,2026-09-03 13:47:16,CCNlite,5000,43.256
SCALE_C_CCNlite_5000_128,5,2026-09-03 13:50:01,CCNlite,5000,44.328
SCALE_C_CCNlite_5000_129,5,2026-09-03 13:52:13,CCNlite,5000,38.962
SCALE_C_CCNlite_5000_130,5,2026-09-03 13:54:31,CCNlite,5000,42.785
SCALE_C_CCNlite_5000_131,5,2026-09-03 13:57:23,CCNlite,5000,42.116
SCALE_C_CCNlite_5000_132,5,2026-09-03 13:57:57,CCNlite,5000,43.327
SCALE_C_CCNlite_5000_133,5,2026-09-03 13:59:22,CCNlite,5000,43.085
SCALE_C_CCNlite_5000_134,6,2026-09-04 01:56:30,CCNlite,5000,45.691
SCALE_C_CCNlite_5000_135,6,2026-09-04 01:56:57,CCNlite,5000,41.359
SCALE_C_CCNlite_5000_136,6,2026-09-04 01:59:14,CCNlite,5000,41.812
SCALE_C_CCNlite_5000_137,6,2026-09-04 02:00:54,CCNlite,5000,43.404
SCALE_C_CCNlite_5000_138,6,2026-09-04 02:02:19,CCNlite,5000,45.112
SCALE_C_CCNlite_5000_139,6,2026-09-04 02:04:25,CCNlite,5000,41.067
SCALE_C_CCNlite_5000_140,6,2026-09-04 02:06:53,CCNlite,5000,44.345
SCALE_C_CCNlite_5000_141,6,2026-09-04 02:07:26,CCNlite,5000,43.055
SCALE_C_CCNlite_5000_142,6,2026-09-04 02:08:59,CCNlite,5000,41.219
SCALE_C_CCNlite_5000_143,6,2026-09-04 02:10:28,CCNlite,5000,43.003
SCALE_C_CCNlite_5000_144,6,2026-09-04 02:12:03,CCNlite,5000,43.317
SCALE_C_CCNlite_5000_145,6,2026-09-04 02:14:19,CCNlite,5000,43.387
SCALE_C_CCNlite_5000_146,6,2026-09-04 02:16:30,CCNlite,5000,43.441
SCALE_C_CCNlite_5000_147,6,2026-09-04 02:18:17,CCNlite,5000,42.431
SCALE_C_CCNlite_5000_148,6,2026-09-04 02:19:11,CCNlite,5000,42.936
SCALE_C_CCNlite_5000_149,7,2026-09-04 03:30:18,CCNlite,5000,42.617
SCALE_C_CCNlite_5000_150,7,2026-09-04 03:31:28,CCNlite,5000,44.733
SCALE_C_NFD_10_123,6,2026-09-05 10:50:38,NFD,10,96.875
SCALE_C_NFD_10_124,6,2026-09-05 10:52:39,NFD,10,99.843
SCALE_C_NFD_10_125,6,2026-09-05 10:57:04,NFD,10,97.808
SCALE_C_NFD_10_126,6,2026-09-05 11:01:10,NFD,10,100.0
SCALE_C_NFD_10_127,6,2026-09-05 11:04:36,NFD,10,92.292
SCALE_C_NFD_10_128,6,2026-09-05 11:06:26,NFD,10,99.362
SCALE_C_NFD_10_129,6,2026-09-05 11:10:09,NFD,10,99.64
SCALE_C_NFD_10_130,6,2026-09-05 11:11:53,NFD,10,100.0
SCALE_C_NFD_10_131,6,2026-09-05 11:12:22,NFD,10,100.0
SCALE_C_NFD_10_132,6,2026-09-05 11:15:58,NFD,10,94.53
SCALE_C_NFD_10_133,6,2026-09-05 11:20:58,NFD,10,100.0
SCALE_C_NFD_10_134,6,2026-09-05 11:25:26,NFD,10,100.0
SCALE_C_NFD_10_135,6,2026-09-05 11:28:14,NFD,10,100.0
SCALE_C_NFD_10_136,6,2026-09-05 11:31:27,NFD,10,97.564
SCALE_C_NFD_10_137,6,2026-09-05 11:32:46,NFD,10,100.0
SCALE_C_NFD_10_138,6,2026-09-05 11:36:42,NFD,10,100.0
SCALE_C_NFD_10_139,6,2026-09-05 11:37:57,NFD,10,100.0
SCALE_C_NFD_10_140,6,2026-09-05 11:39:59,NFD,10,100.0
SCALE_C_NFD_10_141,6,2026-09-05 11:41:14,NFD,10,100.0
SCALE_C_NFD_10_142,6,2026-09-05 11:42:25,NFD,10,95.109
SCALE_C_NFD_10_143,6,2026-09-05 11:46:23,NFD,10,100.0
SCALE_C_NFD_10_144,6,2026-09-05 11:50:15,NFD,10,100.0
SCALE_C_NFD_10_145,6,2026-09-05 11:51:00,NFD,10,99.9
SCALE_C_NFD_10_146,6,2026-09-05 11:53:56,NFD,10,98.119
SCALE_C_NFD_10_147,6,2026-09-05 11:54:55,NFD,10,99.792
SCALE_C_NFD_10_148,6,2026-09-05 11:56:11,NFD,10,100.0
SCALE_C_NFD_10_149,6,2026-09-05 12:03:50,NFD,10,96.679
SCALE_C_NFD_10_150,6,2026-09-05 12:04:05,NFD,10,100.0
