run_id,session_id,timestamp,implementation,unique_content_objects,cache_hit_ratio
SCALE_O_uDCN_5000000_001,0,2026-08-10 13:00:00,uDCN,5000000,0.267
SCALE_O_uDCN_5000000_002,0,2026-08-10 13:00:39,uDCN,5000000,0.2748
SCALE_O_uDCN_5000000_003,0,2026-08-10 13:02:23,uDCN,5000000,0.2905
SCALE_O_uDCN_5000000_004,0,2026-08-10 13:05:42,uDCN,5000000,0.27
SCALE_O_uDCN_5000000_005,0,2026-08-10 13:08:28,uDCN,5000000,0.2742
SCALE_O_uDCN_5000000_006,0,2026-08-10 13:11:04,uDCN,5000000,0.2787
SCALE_O_uDCN_5000000_007,0,2026-08-10 13:13:16,uDCN,5000000,0.2824
SCALE_O_uDCN_5000000_008,0,2026-08-10 13:19:18,uDCN,5000000,0.2612
SCALE_O_uDCN_5000000_009,0,2026-08-10 13:20:23,uDCN,5000000,0.2743
SCALE_O_uDCN_5000000_010,0,2026-08-10 13:21:46,uDCN,5000000,0.2578
SCALE_O_uDCN_5000000_011,0,2026-08-10 13:23:28,uDCN,5000000,0.2709
SCALE_O_uDCN_5000000_012,0,2026-08-10 13:25:11,uDCN,5000000,0.2661
SCALE_O_uDCN_5000000_013,0,2026-08-10 13:26:18,uDCN,5000000,0.2674
SCALE_O_uDCN_5000000_014,0,2026-08-10 13:29:05,uDCN,5000000,0.2727
SCALE_O_uDCN_5000000_015,0,2026-08-10 13:34:24,uDCN,5000000,0.2719
SCALE_O_uDCN_5000000_016,0,2026-08-10 13:34:41,uDCN,5000000,0.2628
SCALE_O_uDCN_5000000_017,0,2026-08-10 13:36:11,uDCN,5000000,0.2723
SCALE_O_uDCN_5000000_018,0,2026-08-10 13:39:01,uDCN,5000000,0.2955
SCALE_O_uDCN_5000000_019,0,2026-08-10 13:40:31,uDCN,5000000,0.2665
SCALE_O_uDCN_5000000_020,0,2026-08-10 13:41:30,uDCN,5000000,0.2598
SCALE_O_uDCN_5000000_021,0,2026-08-10 13:44:06,uDCN,5000000,0.2673
SCALE_O_uDCN_5000000_022,0,2026-08-10 13:46:59,uDCN,5000000,0.2849
SCALE_O_uDCN_5000000_023,0,2026-08-10 13:51:05,uDCN,5000000,0.2779
SCALE_O_uDCN_5000000_024,0,2026-08-10 13:53:30,uDCN,5000000,0.263
SCALE_O_uDCN_5000000_025,0,2026-08-10 13:57:58,uDCN,5000000,0.286
SCALE_O_uDCN_5000000_026,0,2026-08-10 13:58:55,uDCN,5000000,0.2658
SCALE_O_uDCN_5000000_027,0,2026-08-10 14:02:07,uDCN,5000000,0.2459
SCALE_O_uDCN_1000_001,0,2026-08-10 17:00:00,uDCN,1000,0.9384
SCALE_O_uDCN_1000_002,0,2026-08-10 17:03:47,uDCN,1000,0.9525
SCALE_O_uDCN_1000_003,0,2026-08-10 17:05:34,uDCN,1000,0.8927
SCALE_O_uDCN_1000_004,0,2026-08-10 17:12:44,uDCN,1000,0.892
SCALE_O_uDCN_1000_005,0,2026-08-10 17:16:14,uDCN,1000,0.946
SCALE_O_uDCN_1000_006,0,2026-08-10 17:17:22,uDCN,1000,0.9229
SCALE_O_uDCN_1000_007,0,2026-08-10 17:18:02,uDCN,1000,1.0
SCALE_O_uDCN_1000_008,0,2026-08-10 17:18:42,uDCN,1000,0.901
SCALE_O_uDCN_1000_009,0,2026-08-10 17:19:26,uDCN,1000,0.9608
SCALE_O_uDCN_1000_010,0,2026-08-10 17:21:52,uDCN,1000,1.0
SCALE_O_uDCN_1000_011,0,2026-08-10 17:24:03,uDCN,1000,1.0
SCALE_O_uDCN_1000_012,0,2026-08-10 17:26:04,uDCN,1000,0.9654
SCALE_O_uDCN_1000_013,0,2026-08-10 17:28:58,uDCN,1000,0.918
SCALE_O_uDCN_1000_014,0,2026-08-10 17:30:27,uDCN,1000,0.9358
SCALE_O_uDCN_1000_015,0,2026-08-10 17:32:52,uDCN,1000,0.975
SCALE_O_uDCN_1000_016,0,2026-08-10 17:35:59,uDCN,1000,0.9455
SCALE_O_uDCN_1000_017,0,2026-08-10 17:39:51,uDCN,1000,0.9553
SCALE_O_uDCN_1000_018,0,2026-08-10 17:40:25,uDCN,1000,0.9263
SCALE_O_uDCN_1000_019,0,2026-08-10 17:41:09,uDCN,1000,0.9293
SCALE_O_uDCN_1000_020,0,2026-08-10 17:43:36,uDCN,1000,1.0
SCALE_O_uDCN_1000_021,0,2026-08-10 17:45:06,uDCN,1000,0.9937
SCALE_O_uDCN_1000_022,0,2026-08-10 17:46:39,uDCN,1000,0.8548
SCALE_O_uDCN_1000_023,0,2026-08-10 17:52:35,uDCN,1000,0.965
SCALE_O_uDCN_1000_024,0,2026-08-10 17:54:01,uDCN,1000,0.9861
SCALE_O_uDCN_1000_025,0,2026-08-10 17:56:59,uDCN,1000,0.9053
SCALE_O_uDCN_1000000_001,0,2026-08-10 18:00:00,uDCN,1000000,0.4467
SCALE_O_uDCN_1000_026,0,2026-08-10 18:00:08,uDCN,1000,0.8995
SCALE_O_uDCN_1000_027,0,2026-08-10 18:05:00,uDCN,1000,0.9274
SCALE_O_uDCN_1000_028,0,2026-08-10 18:06:01,uDCN,1000,0.9269
SCALE_O_uDCN_1000000_002,0,2026-08-10 18:06:10,uDCN,1000000,0.4206
SCALE_O_uDCN_1000000_003,0,2026-08-10 18:06:53,uDCN,1000000,0.4574
SCALE_O_uDCN_1000000_004,0,2026-08-10 18:07:47,uDCN,1000000,0.4363
SCALE_O_uDCN_1000_029,0,2026-08-10 18:07:57,uDCN,1000,0.9323
SCALE_O_uDCN_1000000_005,0,2026-08-10 18:11:32,uDCN,1000000,0.4341
SCALE_O_uDCN_1000000_006,0,2026-08-10 18:14:41,uDCN,1000000,0.4376
SCALE_O_uDCN_1000_030,0,2026-08-10 18:16:00,uDCN,1000,0.9077
SCALE_O_uDCN_1000000_007,0,2026-08-10 18:16:24,uDCN,1000000,0.4402
SCALE_O_uDCN_1000000_008,0,2026-08-10 18:18:47,uDCN,1000000,0.4363
SCALE_O_uDCN_1000_031,0,2026-08-10 18:21:06,uDCN,1000,1.0
SCALE_O_uDCN_1000000_009,0,2026-08-10 18:21:10,uDCN,1000000,0.4411
SCALE_O_uDCN_1000_032,0,2026-08-10 18:22:37,uDCN,1000,0.8998
SCALE_O_uDCN_1000000_010,0,2026-08-10 18:24:25,uDCN,1000000,0.4446
SCALE_O_uDCN_1000_033,0,2026-08-10 18:24:34,uDCN,1000,0.9736
SCALE_O_uDCN_1000_034,0,2026-08-10 18:25:47,uDCN,1000,0.9761
SCALE_O_uDCN_1000000_011,0,2026-08-10 18:26:15,uDCN,1000000,0.4267
SCALE_O_uDCN_1000000_012,0,2026-08-10 18:27:08,uDCN,1000000,0.4456
SCALE_O_uDCN_1000000_013,0,2026-08-10 18:28:20,uDCN,1000000,0.4688
SCALE_O_uDCN_1000000_014,0,2026-08-10 18:28:54,uDCN,1000000,0.4601
SCALE_O_uDCN_1000000_015,0,2026-08-10 18:30:31,uDCN,1000000,0.4573
SCALE_O_uDCN_1000000_016,0,2026-08-10 18:35:17,uDCN,1000000,0.4511
SCALE_O_uDCN_1000000_017,0,2026-08-10 18:36:46,uDCN,1000000,0.4322
SCALE_O_uDCN_1000000_018,0,2026-08-10 18:39:27,uDCN,1000000,0.4405
SCALE_O_uDCN_1000000_019,0,2026-08-10 18:47:32,uDCN,1000000,0.455
SCALE_O_uDCN_1000000_020,0,2026-08-10 18:48:44,uDCN,1000000,0.4508
SCALE_O_uDCN_1000000_021,0,2026-08-10 18:51:37,uDCN,1000000,0.4352
SCALE_O_uDCN_1000000_022,0,2026-08-10 18:55:11,uDCN,1000000,0.4439
SCALE_O_uDCN_1000000_023,0,2026-08-10 18:59:41,uDCN,1000000,0.4253
SCALE_O_uDCN_1000000_024,0,2026-08-10 19:01:04,uDCN,1000000,0.4443
SCALE_O_uDCN_1000000_025,0,2026-08-10 19:02:38,uDCN,1000000,0.4428
SCALE_O_uDCN_1000000_026,1,2026-08-10 21:32:57,uDCN,1000000,0.4584
SCALE_O_uDCN_1000000_027,1,2026-08-10 21:36:03,uDCN,1000000,0.4735
SCALE_O_uDCN_1000000_028,1,2026-08-10 21:37:58,uDCN,1000000,0.5005
SCALE_O_uDCN_1000000_029,1,2026-08-10 21:39:05,uDCN,1000000,0.4248
SCALE_O_uDCN_1000000_030,1,2026-08-10 21:44:22,uDCN,1000000,0.447
SCALE_O_uDCN_1000000_031,1,2026-08-10 21:45:19,uDCN,1000000,0.4114
SCALE_O_uDCN_1000000_032,1,2026-08-10 21:47:35,uDCN,1000000,0.4447
SCALE_O_uDCN_1000000_033,1,2026-08-10 21:48:09,uDCN,1000000,0.4386
SCALE_O_uDCN_1000000_034,1,2026-08-10 21:50:51,uDCN,1000000,0.4654
SCALE_O_uDCN_1000000_035,1,2026-08-10 21:52:46,uDCN,1000000,0.4614
SCALE_O_uDCN_1000000_036,1,2026-08-10 21:53:57,uDCN,1000000,0.4297
SCALE_O_uDCN_1000000_037,1,2026-08-10 21:56:29,uDCN,1000000,0.4992
SCALE_O_uDCN_1000000_038,1,2026-08-10 21:58:17,uDCN,1000000,0.4942
SCALE_O_uDCN_1000000_039,1,2026-08-10 22:00:52,uDCN,1000000,0.4504
SCALE_O_uDCN_1000000_040,1,2026-08-10 22:03:46,uDCN,1000000,0.4173
SCALE_O_uDCN_1000000_041,1,2026-08-10 22:05:33,uDCN,1000000,0.4516
SCALE_O_uDCN_1000000_042,1,2026-08-10 22:08:16,uDCN,1000000,0.4439
SCALE_O_uDCN_1000000_043,1,2026-08-10 22:09:44,uDCN,1000000,0.492
SCALE_O_uDCN_1000000_044,1,2026-08-10 22:11:50,uDCN,1000000,0.4542
SCALE_O_uDCN_1000000_045,1,2026-08-10 22:16:35,uDCN,1000000,0.4534
SCALE_O_uDCN_1000000_046,1,2026-08-10 22:17:20,uDCN,1000000,0.4544
SCALE_O_uDCN_1000000_047,1,2026-08-10 22:22:23,uDCN,1000000,0.4227
SCALE_O_uDCN_1000000_048,1,2026-08-10 22:23:52,uDCN,1000000,0.4547
SCALE_O_uDCN_1000000_049,1,2026-08-10 22:25:55,uDCN,1000000,0.4411
SCALE_O_uDCN_5000000_028,1,2026-08-11 03:19:38,uDCN,5000000,0.2991
SCALE_O_uDCN_5000000_029,1,2026-08-11 03:22:02,uDCN,5000000,0.2533
SCALE_O_uDCN_5000000_030,1,2026-08-11 03:24:47,uDCN,5000000,0.3009
SCALE_O_uDCN_5000000_031,1,2026-08-11 03:26:40,uDCN,5000000,0.2796
SCALE_O_uDCN_5000000_032,1,2026-08-11 03:28:00,uDCN,5000000,0.2528
SCALE_O_uDCN_5000000_033,1,2026-08-11 03:30:16,uDCN,5000000,0.2714
SCALE_O_uDCN_5000000_034,1,2026-08-11 03:31:49,uDCN,5000000,0.2559
SCALE_O_uDCN_5000000_035,1,2026-08-11 03:37:07,uDCN,5000000,0.2576
SCALE_O_uDCN_5000000_036,1,2026-08-11 03:38:52,uDCN,5000000,0.2658
SCALE_O_uDCN_5000000_037,1,2026-08-11 03:43:16,uDCN,5000000,0.2676
SCALE_O_uDCN_5000000_038,1,2026-08-11 03:45:20,uDCN,5000000,0.2691
SCALE_O_uDCN_5000000_039,1,2026-08-11 03:46:47,uDCN,5000000,0.2951
SCALE_O_uDCN_5000000_040,1,2026-08-11 03:48:24,uDCN,5000000,0.2927
SCALE_O_uDCN_5000000_041,1,2026-08-11 03:51:54,uDCN,5000000,0.2636
SCALE_O_uDCN_5000000_042,1,2026-08-11 03:52:45,uDCN,5000000,0.2647
SCALE_O_uDCN_5000000_043,1,2026-08-11 03:54:42,uDCN,5000000,0.2746
SCALE_O_uDCN_5000000_044,1,2026-08-11 03:56:41,uDCN,5000000,0.2559
SCALE_O_uDCN_5000000_045,1,2026-08-11 03:57:56,uDCN,5000000,0.2742
SCALE_O_uDCN_5000000_046,1,2026-08-11 04:01:18,uDCN,5000000,0.2624
SCALE_O_uDCN_5000000_047,1,2026-08-11 04:02:15,uDCN,5000000,0.2827
SCALE_O_uDCN_5000000_048,1,2026-08-11 04:07:28,uDCN,5000000,0.2788
SCALE_O_uDCN_5000000_049,1,2026-08-11 04:08:13,uDCN,5000000,0.2827
SCALE_O_uDCN_5000000_050,1,2026-08-11 04:10:24,uDCN,5000000,0.2896
SCALE_O_uDCN_5000000_051,1,2026-08-11 04:11:43,uDCN,5000000,0.2643
SCALE_O_uDCN_5000000_052,1,2026-08-11 04:13:35,uDCN,5000000,0.2938
SCALE_O_uDCN_1000000_050,2,2026-08-11 06:58:53,uDCN,1000000,0.4466
SCALE_O_uDCN_1000000_051,2,2026-08-11 07:00:18,uDCN,1000000,0.4164
SCALE_O_uDCN_1000000_052,2,2026-08-11 07:00:52,uDCN,1000000,0.4417
SCALE_O_uDCN_1000000_053,2,2026-08-11 07:03:09,uDCN,1000000,0.4327
SCALE_O_uDCN_1000000_054,2,2026-08-11 07:05:30,uDCN,1000000,0.445
SCALE_O_uDCN_1000000_055,2,2026-08-11 07:06:14,uDCN,1000000,0.4678
SCALE_O_uDCN_1000000_056,2,2026-08-11 07:08:53,uDCN,1000000,0.435
SCALE_O_uDCN_1000000_057,2,2026-08-11 07:12:00,uDCN,1000000,0.4376
SCALE_O_uDCN_1000000_058,2,2026-08-11 07:12:57,uDCN,1000000,0.4619
SCALE_O_uDCN_1000000_059,2,2026-08-11 07:13:32,uDCN,1000000,0.4577
SCALE_O_uDCN_1000000_060,2,2026-08-11 07:17:17,uDCN,1000000,0.4414
SCALE_O_uDCN_1000000_061,2,2026-08-11 07:17:51,uDCN,1000000,0.4522
SCALE_O_uDCN_1000000_062,2,2026-08-11 07:22:19,uDCN,1000000,0.4164
SCALE_O_uDCN_1000000_063,2,2026-08-11 07:24:18,uDCN,1000000,0.4736
SCALE_O_uDCN_1000000_064,2,2026-08-11 07:26:31,uDCN,1000000,0.4438
SCALE_O_uDCN_1000000_065,2,2026-08-11 07:29:18,uDCN,1000000,0.4327
SCALE_O_uDCN_1000000_066,2,2026-08-11 07:31:33,uDCN,1000000,0.4884
SCALE_O_uDCN_1000000_067,2,2026-08-11 07:35:57,uDCN,1000000,0.4614
SCALE_O_uDCN_1000000_068,2,2026-08-11 07:37:00,uDCN,1000000,0.4664
SCALE_O_uDCN_1000000_069,2,2026-08-11 07:38:12,uDCN,1000000,0.4265
SCALE_O_uDCN_1000000_070,2,2026-08-11 07:38:55,uDCN,1000000,0.4355
SCALE_O_uDCN_1000000_071,2,2026-08-11 07:40:23,uDCN,1000000,0.4486
SCALE_O_uDCN_1000000_072,2,2026-08-11 07:46:52,uDCN,1000000,0.4337
SCALE_O_uDCN_1000000_073,2,2026-08-11 07:48:33,uDCN,1000000,0.464
SCALE_O_uDCN_1000000_074,2,2026-08-11 07:49:48,uDCN,1000000,0.4618
SCALE_O_uDCN_1000000_075,3,2026-08-11 09:20:46,uDCN,1000000,0.481
SCALE_O_uDCN_1000000_076,3,2026-08-11 09:23:05,uDCN,1000000,0.4554
SCALE_O_uDCN_1000000_077,3,2026-08-11 09:23:30,uDCN,1000000,0.4394
SCALE_O_uDCN_1000000_078,3,2026-08-11 09:25:22,uDCN,1000000,0.4639
SCALE_O_uDCN_1000000_079,3,2026-08-11 09:29:54,uDCN,1000000,0.4466
SCALE_O_uDCN_1000000_080,3,2026-08-11 09:31:43,uDCN,1000000,0.4508
SCALE_O_uDCN_1000000_081,3,2026-08-11 09:37:18,uDCN,1000000,0.4301
SCALE_O_uDCN_1000000_082,3,2026-08-11 09:39:07,uDCN,1000000,0.4402
SCALE_O_uDCN_1000000_083,3,2026-08-11 09:40:38,uDCN,1000000,0.4284
SCALE_O_uDCN_1000000_084,3,2026-08-11 09:43:47,uDCN,1000000,0.4473
SCALE_O_uDCN_1000000_085,3,2026-08-11 09:46:29,uDCN,1000000,0.4451
SCALE_O_uDCN_1000000_086,3,2026-08-11 09:47:25,uDCN,1000000,0.4643
SCALE_O_uDCN_1000000_087,3,2026-08-11 09:48:22,uDCN,1000000,0.4219
SCALE_O_uDCN_1000000_088,3,2026-08-11 09:52:26,uDCN,1000000,0.4766
SCALE_O_uDCN_1000000_089,3,2026-08-11 09:56:36,uDCN,1000000,0.4476
SCALE_O_uDCN_1000000_090,3,2026-08-11 10:01:10,uDCN,1000000,0.4341
SCALE_O_uDCN_1000000_091,3,2026-08-11 10:02:28,uDCN,1000000,0.4624
SCALE_O_uDCN_1000000_092,3,2026-08-11 10:03:55,uDCN,1000000,0.421
SCALE_O_uDCN_1000000_093,3,2026-08-11 10:06:14,uDCN,1000000,0.4449
SCALE_O_uDCN_1000000_094,3,2026-08-11 10:07:48,uDCN,1000000,0.4252
SCALE_O_uDCN_1000000_095,3,2026-08-11 10:10:51,uDCN,1000000,0.4599
SCALE_O_uDCN_1000000_096,3,2026-08-11 10:12:58,uDCN,1000000,0.4409
SCALE_O_uDCN_1000000_097,3,2026-08-11 10:14:14,uDCN,1000000,0.4362
SCALE_O_uDCN_1000000_098,3,2026-08-11 10:17:29,uDCN,1000000,0.4338
SCALE_O_uDCN_1000000_099,3,2026-08-11 10:20:56,uDCN,1000000,0.443
SCALE_O_uDCN_1000000_100,3,2026-08-11 10:25:29,uDCN,1000000,0.4531
SCALE_O_uDCN_1000000_101,3,2026-08-11 10:30:33,uDCN,1000000,0.431
SCALE_O_uDCN_1000000_102,3,2026-08-11 10:32:20,uDCN,1000000,0.4544
SCALE_O_uDCN_1000000_103,3,2026-08-11 10:36:48,uDCN,1000000,0.4391
SCALE_O_uDCN_1000000_104,3,2026-08-11 10:39:07,uDCN,1000000,0.4227
SCALE_O_uDCN_1000000_105,3,2026-08-11 10:41:07,uDCN,1000000,0.4538
SCALE_O_uDCN_1000000_106,3,2026-08-11 10:44:28,uDCN,1000000,0.4699
SCALE_O_uDCN_1000000_107,3,2026-08-11 10:46:51,uDCN,1000000,0.4374
SCALE_O_uDCN_1000000_108,3,2026-08-11 10:48:04,uDCN,1000000,0.4632
SCALE_O_uDCN_5000000_053,2,2026-08-12 05:04:47,uDCN,5000000,0.2698
SCALE_O_uDCN_5000000_054,2,2026-08-12 05:06:33,uDCN,5000000,0.2905
SCALE_O_uDCN_5000000_055,2,2026-08-12 05:10:20,uDCN,5000000,0.2676
SCALE_O_uDCN_5000000_056,2,2026-08-12 05:10:51,uDCN,5000000,0.2627
SCALE_O_uDCN_5000000_057,2,2026-08-12 05:12:25,uDCN,5000000,0.2635
SCALE_O_uDCN_5000000_058,2,2026-08-12 05:14:48,uDCN,5000000,0.2569
SCALE_O_uDCN_5000000_059,2,2026-08-12 05:16:29,uDCN,5000000,0.2833
SCALE_O_uDCN_5000000_060,2,2026-08-12 05:18:43,uDCN,5000000,0.2772
SCALE_O_uDCN_5000000_061,2,2026-08-12 05:19:39,uDCN,5000000,0.2683
SCALE_O_uDCN_5000000_062,2,2026-08-12 05:21:25,uDCN,5000000,0.2716
SCALE_O_uDCN_5000000_063,2,2026-08-12 05:24:06,uDCN,5000000,0.2661
SCALE_O_uDCN_5000000_064,2,2026-08-12 05:27:00,uDCN,5000000,0.2639
SCALE_O_uDCN_5000000_065,2,2026-08-12 05:32:11,uDCN,5000000,0.2421
SCALE_O_uDCN_5000000_066,2,2026-08-12 05:37:07,uDCN,5000000,0.2631
SCALE_O_uDCN_5000000_067,2,2026-08-12 05:38:49,uDCN,5000000,0.2747
SCALE_O_uDCN_5000000_068,2,2026-08-12 05:40:21,uDCN,5000000,0.2628
SCALE_O_uDCN_5000000_069,2,2026-08-12 05:42:46,uDCN,5000000,0.2676
SCALE_O_uDCN_5000000_070,2,2026-08-12 05:44:24,uDCN,5000000,0.2685
SCALE_O_uDCN_5000000_071,2,2026-08-12 05:45:26,uDCN,5000000,0.3059
SCALE_O_CCNlite_1000_001,0,2026-08-12 09:00:00,CCNlite,1000,0.9009
SCALE_O_CCNlite_1000_002,0,2026-08-12 09:01:42,CCNlite,1000,0.8872
SCALE_O_CCNlite_1000_003,0,2026-08-12 09:04:43,CCNlite,1000,1.0
SCALE_O_CCNlite_1000_004,0,2026-08-12 09:05:50,CCNlite,1000,0.9216
SCALE_O_CCNlite_1000_005,0,2026-08-12 09:09:04,CCNlite,1000,0.9085
SCALE_O_CCNlite_1000_006,0,2026-08-12 09:11:36,CCNlite,1000,1.0
SCALE_O_CCNlite_1000_007,0,2026-08-12 09:12:16,CCNlite,1000,0.8826
SCALE_O_CCNlite_1000_008,0,2026-08-12 09:13:28,CCNlite,1000,0.927
SCALE_O_CCNlite_1000_009,0,2026-08-12 09:17:20,CCNlite,1000,0.9438
SCALE_O_CCNlite_1000_010,0,2026-08-12 09:18:30,CCNlite,1000,0.8957
SCALE_O_CCNlite_1000_011,0,2026-08-12 09:20:34,CCNlite,1000,0.959
SCALE_O_CCNlite_1000_012,0,2026-08-12 09:24:15,CCNlite,1000,1.0
SCALE_O_CCNlite_1000_013,0,2026-08-12 09:24:51,CCNlite,1000,0.873
SCALE_O_CCNlite_1000_014,0,2026-08-12 09:26:06,CCNlite,1000,0.9469
SCALE_O_CCNlite_1000_015,0,2026-08-12 09:27:49,CCNlite,1000,0.9062
SCALE_O_CCNlite_1000_016,0,2026-08-12 09:32:43,CCNlite,1000,0.9057
SCALE_O_CCNlite_1000_017,0,2026-08-12 09:35:43,CCNlite,1000,0.9963
SCALE_O_CCNlite_1000_018,0,2026-08-12 09:40:02,CCNlite,1000,0.8195
SCALE_O_CCNlite_1000_019,0,2026-08-12 09:41:49,CCNlite,1000,0.9256
SCALE_O_CCNlite_1000_020,0,2026-08-12 09:42:42,CCNlite,1000,0.9705
SCALE_O_CCNlite_1000_021,0,2026-08-12 09:43:35,CCNlite,1000,0.9176
SCALE_O_CCNlite_1000_022,0,2026-08-12 09:45:22,CCNlite,1000,0.9149
SCALE_O_CCNlite_1000_023,0,2026-08-12 09:46:41,CCNlite,1000,0.9594
SCALE_O_CCNlite_1000_024,0,2026-08-12 09:48:23,CCNlite,1000,0.9432
SCALE_O_CCNlite_1000_025,0,2026-08-12 09:51:32,CCNlite,1000,0.975
SCALE_O_CCNlite_1000_026,0,2026-08-12 09:53:39,CCNlite,1000,0.9308
SCALE_O_CCNlite_1000_027,0,2026-08-12 09:56:05,CCNlite,1000,0.9121
SCALE_O_CCNlite_1000_028,0,2026-08-12 09:57:04,CCNlite,1000,1.0
SCALE_O_CCNlite_1000_029,0,2026-08-12 10:01:31,CCNlite,1000,0.9128
SCALE_O_CCNlite_1000_030,0,2026-08-12 10:03:46,CCNlite,1000,0.9008
SCALE_O_CCNlite_1000_031,0,2026-08-12 10:08:16,CCNlite,1000,0.8757
SCALE_O_uDCN_1000_035,1,2026-08-13 03:43:14,uDCN,1000,0.9499
SCALE_O_uDCN_1000_036,1,2026-08-13 03:44:05,uDCN,1000,0.9763
SCALE_O_uDCN_1000_037,1,2026-08-13 03:47:38,uDCN,1000,1.0
SCALE_O_uDCN_1000_038,1,2026-08-13 03:50:49,uDCN,1000,0.9238
SCALE_O_uDCN_1000_039,1,2026-08-13 03:51:42,uDCN,1000,0.9915
SCALE_O_uDCN_1000_040,1,2026-08-13 03:52:00,uDCN,1000,0.9947
SCALE_O_uDCN_1000_041,1,2026-08-13 03:54:47,uDCN,1000,0.919
SCALE_O_uDCN_1000_042,1,2026-08-13 03:57:23,uDCN,1000,0.8454
SCALE_O_uDCN_1000_043,1,2026-08-13 03:58:25,uDCN,1000,0.9482
SCALE_O_uDCN_1000_044,1,2026-08-13 04:00:06,uDCN,1000,0.9605
SCALE_O_uDCN_1000_045,1,2026-08-13 04:01:06,uDCN,1000,0.9201
SCALE_O_uDCN_1000_046,1,2026-08-13 04:06:44,uDCN,1000,0.9368
SCALE_O_uDCN_1000_047,1,2026-08-13 04:08:34,uDCN,1000,1.0
SCALE_O_uDCN_1000_048,1,2026-08-13 04:13:12,uDCN,1000,0.9437
SCALE_O_uDCN_1000_049,1,2026-08-13 04:14:46,uDCN,1000,0.9702
SCALE_O_uDCN_1000_050,1,2026-08-13 04:18:35,uDCN,1000,0.9304
SCALE_O_uDCN_1000_051,1,2026-08-13 04:21:11,uDCN,1000,0.9386
SCALE_O_uDCN_1000_052,1,2026-08-13 04:22:04,uDCN,1000,0.934
SCALE_O_uDCN_1000_053,1,2026-08-13 04:24:42,uDCN,1000,0.9613
SCALE_O_uDCN_1000_054,1,2026-08-13 04:25:52,uDCN,1000,0.9446
SCALE_O_uDCN_1000_055,1,2026-08-13 04:27:24,uDCN,1000,0.9644
SCALE_O_uDCN_1000_056,1,2026-08-13 04:28:38,uDCN,1000,0.9487
SCALE_O_uDCN_1000_057,1,2026-08-13 04:31:17,uDCN,1000,0.9709
SCALE_O_uDCN_1000_058,1,2026-08-13 04:31:57,uDCN,1000,0.9733
SCALE_O_uDCN_1000_059,1,2026-08-13 04:35:22,uDCN,1000,0.9478
SCALE_O_uDCN_1000_060,1,2026-08-13 04:37:52,uDCN,1000,0.9231
SCALE_O_uDCN_1000_061,1,2026-08-13 04:38:04,uDCN,1000,0.888
SCALE_O_uDCN_5000000_072,3,2026-08-13 05:55:09,uDCN,5000000,0.2843
SCALE_O_uDCN_5000000_073,3,2026-08-13 05:57:31,uDCN,5000000,0.2632
SCALE_O_uDCN_5000000_074,3,2026-08-13 05:58:30,uDCN,5000000,0.2683
SCALE_O_uDCN_5000000_075,3,2026-08-13 05:59:09,uDCN,5000000,0.2711
SCALE_O_uDCN_5000000_076,3,2026-08-13 05:59:21,uDCN,5000000,0.2978
SCALE_O_uDCN_5000000_077,3,2026-08-13 06:02:25,uDCN,5000000,0.258
SCALE_O_uDCN_5000000_078,3,2026-08-13 06:02:44,uDCN,5000000,0.2702
SCALE_O_uDCN_5000000_079,3,2026-08-13 06:05:09,uDCN,5000000,0.2562
SCALE_O_uDCN_5000000_080,3,2026-08-13 06:08:39,uDCN,5000000,0.2673
SCALE_O_uDCN_5000000_081,3,2026-08-13 06:10:16,uDCN,5000000,0.2882
SCALE_O_uDCN_5000000_082,3,2026-08-13 06:11:19,uDCN,5000000,0.2591
SCALE_O_uDCN_5000000_083,3,2026-08-13 06:13:25,uDCN,5000000,0.2583
SCALE_O_uDCN_5000000_084,3,2026-08-13 06:14:55,uDCN,5000000,0.2687
SCALE_O_uDCN_5000000_085,3,2026-08-13 06:15:14,uDCN,5000000,0.251
SCALE_O_uDCN_5000000_086,3,2026-08-13 06:17:38,uDCN,5000000,0.2523
SCALE_O_uDCN_5000000_087,3,2026-08-13 06:23:24,uDCN,5000000,0.2557
SCALE_O_uDCN_5000000_088,3,2026-08-13 06:23:59,uDCN,5000000,0.279
SCALE_O_uDCN_5000000_089,3,2026-08-13 06:25:46,uDCN,5000000,0.2659
SCALE_O_uDCN_5000000_090,3,2026-08-13 06:27:52,uDCN,5000000,0.2913
SCALE_O_uDCN_5000000_091,3,2026-08-13 06:29:11,uDCN,5000000,0.2808
SCALE_O_uDCN_5000000_092,3,2026-08-13 06:32:11,uDCN,5000000,0.2599
SCALE_O_uDCN_5000000_093,3,2026-08-13 06:32:57,uDCN,5000000,0.2668
SCALE_O_uDCN_5000000_094,3,2026-08-13 06:37:48,uDCN,5000000,0.2656
SCALE_O_uDCN_5000000_095,3,2026-08-13 06:41:30,uDCN,5000000,0.2724
SCALE_O_uDCN_5000000_096,3,2026-08-13 06:42:09,uDCN,5000000,0.2691
SCALE_O_uDCN_5000000_097,3,2026-08-13 06:43:27,uDCN,5000000,0.2755
SCALE_O_uDCN_5000000_098,3,2026-08-13 06:45:30,uDCN,5000000,0.2804
SCALE_O_uDCN_5000000_099,3,2026-08-13 06:47:44,uDCN,5000000,0.2714
SCALE_O_uDCN_5000000_100,3,2026-08-13 06:49:40,uDCN,5000000,0.2503
SCALE_O_uDCN_5000000_101,3,2026-08-13 06:51:41,uDCN,5000000,0.2615
SCALE_O_uDCN_5000000_102,3,2026-08-13 06:52:27,uDCN,5000000,0.2791
SCALE_O_uDCN_5000000_103,3,2026-08-13 06:55:26,uDCN,5000000,0.2786
SCALE_O_uDCN_5000000_104,3,2026-08-13 06:56:49,uDCN,5000000,0.2711
SCALE_O_uDCN_5000000_105,3,2026-08-13 06:58:02,uDCN,5000000,0.259
SCALE_O_CCNlite_100000_001,0,2026-08-13 09:00:00,CCNlite,100000,0.6465
SCALE_O_CCNlite_100000_002,0,2026-08-13 09:01:42,CCNlite,100000,0.6407
SCALE_O_CCNlite_100000_003,0,2026-08-13 09:02:27,CCNlite,100000,0.6584
SCALE_O_CCNlite_100000_004,0,2026-08-13 09:04:37,CCNlite,100000,0.6615
SCALE_O_CCNlite_100000_005,0,2026-08-13 09:04:54,CCNlite,100000,0.6594
SCALE_O_CCNlite_100000_006,0,2026-08-13 09:05:10,CCNlite,100000,0.6057
SCALE_O_CCNlite_100000_007,0,2026-08-13 09:06:23,CCNlite,100000,0.6615
SCALE_O_CCNlite_100000_008,0,2026-08-13 09:07:08,CCNlite,100000,0.6168
SCALE_O_CCNlite_100000_009,0,2026-08-13 09:08:13,CCNlite,100000,0.5494
SCALE_O_CCNlite_100000_010,0,2026-08-13 09:09:57,CCNlite,100000,0.6214
SCALE_O_CCNlite_100000_011,0,2026-08-13 09:13:08,CCNlite,100000,0.6512
SCALE_O_CCNlite_100000_012,0,2026-08-13 09:15:05,CCNlite,100000,0.6488
SCALE_O_CCNlite_100000_013,0,2026-08-13 09:16:08,CCNlite,100000,0.664
SCALE_O_CCNlite_100000_014,0,2026-08-13 09:18:55,CCNlite,100000,0.6599
SCALE_O_CCNlite_100000_015,0,2026-08-13 09:19:39,CCNlite,100000,0.6268
SCALE_O_CCNlite_100000_016,0,2026-08-13 09:20:36,CCNlite,100000,0.5626
SCALE_O_CCNlite_100000_017,0,2026-08-13 09:21:06,CCNlite,100000,0.6225
SCALE_O_CCNlite_100000_018,0,2026-08-13 09:25:37,CCNlite,100000,0.6298
SCALE_O_CCNlite_100000_019,0,2026-08-13 09:26:51,CCNlite,100000,0.6118
SCALE_O_CCNlite_100000_020,0,2026-08-13 09:30:24,CCNlite,100000,0.6172
SCALE_O_CCNlite_100000_021,0,2026-08-13 09:35:16,CCNlite,100000,0.5869
SCALE_O_CCNlite_100000_022,0,2026-08-13 09:37:57,CCNlite,100000,0.597
SCALE_O_CCNlite_100000_023,0,2026-08-13 09:41:22,CCNlite,100000,0.6567
SCALE_O_CCNlite_100000_024,0,2026-08-13 09:42:02,CCNlite,100000,0.6275
SCALE_O_CCNlite_100000_025,0,2026-08-13 09:43:48,CCNlite,100000,0.6938
SCALE_O_CCNlite_100000_026,0,2026-08-13 09:46:16,CCNlite,100000,0.651
SCALE_O_CCNlite_100000_027,0,2026-08-13 09:50:49,CCNlite,100000,0.661
SCALE_O_CCNlite_100000_028,0,2026-08-13 09:52:09,CCNlite,100000,0.6744
SCALE_O_uDCN_1000_062,2,2026-08-13 12:48:45,uDCN,1000,0.8832
SCALE_O_uDCN_1000_063,2,2026-08-13 12:50:05,uDCN,1000,0.9669
SCALE_O_uDCN_1000_064,2,2026-08-13 12:50:25,uDCN,1000,0.9474
SCALE_O_uDCN_1000_065,2,2026-08-13 12:50:59,uDCN,1000,0.9303
SCALE_O_uDCN_1000_066,2,2026-08-13 12:53:50,uDCN,1000,0.9091
SCALE_O_uDCN_1000_067,2,2026-08-13 12:57:37,uDCN,1000,0.9473
SCALE_O_uDCN_1000_068,2,2026-08-13 12:59:21,uDCN,1000,0.9234
SCALE_O_uDCN_1000_069,2,2026-08-13 13:01:55,uDCN,1000,0.9863
SCALE_O_uDCN_1000_070,2,2026-08-13 13:04:55,uDCN,1000,0.9427
SCALE_O_uDCN_1000_071,2,2026-08-13 13:08:08,uDCN,1000,0.9109
SCALE_O_uDCN_1000_072,2,2026-08-13 13:10:05,uDCN,1000,0.9058
SCALE_O_uDCN_1000_073,2,2026-08-13 13:12:41,uDCN,1000,0.9361
SCALE_O_uDCN_1000_074,2,2026-08-13 13:13:39,uDCN,1000,1.0
SCALE_O_uDCN_1000_075,2,2026-08-13 13:15:13,uDCN,1000,0.9392
SCALE_O_uDCN_1000_076,2,2026-08-13 13:18:42,uDCN,1000,0.8913
SCALE_O_NFD_5000000_001,0,2026-08-13 14:00:00,NFD,5000000,0.1006
SCALE_O_NFD_5000000_002,0,2026-08-13 14:03:22,NFD,5000000,0.1069
SCALE_O_NFD_5000000_003,0,2026-08-13 14:07:01,NFD,5000000,0.1088
SCALE_O_NFD_5000000_004,0,2026-08-13 14:09:11,NFD,5000000,0.1038
SCALE_O_NFD_5000000_005,0,2026-08-13 14:11:21,NFD,5000000,0.1002
SCALE_O_NFD_5000000_006,0,2026-08-13 14:13:24,NFD,5000000,0.1063
SCALE_O_NFD_5000000_007,0,2026-08-13 14:14:11,NFD,5000000,0.0977
SCALE_O_NFD_5000000_008,0,2026-08-13 14:18:35,NFD,5000000,0.0959
SCALE_O_NFD_5000000_009,0,2026-08-13 14:27:49,NFD,5000000,0.1077
SCALE_O_NFD_5000000_010,0,2026-08-13 14:30:48,NFD,5000000,0.0992
SCALE_O_NFD_5000000_011,0,2026-08-13 14:32:33,NFD,5000000,0.0981
SCALE_O_NFD_5000000_012,0,2026-08-13 14:34:13,NFD,5000000,0.0966
SCALE_O_NFD_5000000_013,0,2026-08-13 14:35:10,NFD,5000000,0.1005
SCALE_O_uDCN_1000000_109,4,2026-08-13 14:35:32,uDCN,1000000,0.4387
SCALE_O_NFD_5000000_014,0,2026-08-13 14:37:36,NFD,5000000,0.1046
SCALE_O_uDCN_1000000_110,4,2026-08-13 14:40:30,uDCN,1000000,0.5091
SCALE_O_NFD_5000000_015,0,2026-08-13 14:40:52,NFD,5000000,0.1064
SCALE_O_NFD_5000000_016,0,2026-08-13 14:41:47,NFD,5000000,0.0965
SCALE_O_uDCN_1000000_111,4,2026-08-13 14:42:07,uDCN,1000000,0.4653
SCALE_O_NFD_5000000_017,0,2026-08-13 14:43:05,NFD,5000000,0.1018
SCALE_O_uDCN_1000000_112,4,2026-08-13 14:44:17,uDCN,1000000,0.4836
SCALE_O_NFD_5000000_018,0,2026-08-13 14:45:31,NFD,5000000,0.0986
SCALE_O_uDCN_1000000_113,4,2026-08-13 14:47:10,uDCN,1000000,0.4934
SCALE_O_NFD_5000000_019,0,2026-08-13 14:47:34,NFD,5000000,0.097
SCALE_O_uDCN_1000000_114,4,2026-08-13 14:48:35,uDCN,1000000,0.4318
SCALE_O_uDCN_1000000_115,4,2026-08-13 14:49:53,uDCN,1000000,0.4445
SCALE_O_NFD_5000000_020,0,2026-08-13 14:50:11,NFD,5000000,0.1088
SCALE_O_NFD_5000000_021,0,2026-08-13 14:51:40,NFD,5000000,0.0951
SCALE_O_uDCN_1000000_116,4,2026-08-13 14:52:29,uDCN,1000000,0.4039
SCALE_O_uDCN_1000000_117,4,2026-08-13 14:54:18,uDCN,1000000,0.4902
SCALE_O_NFD_5000000_022,0,2026-08-13 14:54:37,NFD,5000000,0.0976
SCALE_O_CCNlite_1000_032,1,2026-08-13 14:54:46,CCNlite,1000,0.9484
SCALE_O_uDCN_1000000_118,4,2026-08-13 14:55:57,uDCN,1000000,0.4818
SCALE_O_uDCN_1000000_119,4,2026-08-13 14:56:31,uDCN,1000000,0.4269
SCALE_O_NFD_5000000_023,0,2026-08-13 14:56:31,NFD,5000000,0.0988
SCALE_O_CCNlite_1000_033,1,2026-08-13 14:56:54,CCNlite,1000,0.9338
SCALE_O_NFD_5000000_024,0,2026-08-13 14:58:36,NFD,5000000,0.1067
SCALE_O_CCNlite_1000_034,1,2026-08-13 14:58:48,CCNlite,1000,0.8762
SCALE_O_NFD_5000000_025,0,2026-08-13 14:59:10,NFD,5000000,0.1065
SCALE_O_PythonNDN_10000_001,0,2026-08-13 15:00:00,PythonNDN,10000,0.749
SCALE_O_CCNlite_1000_035,1,2026-08-13 15:00:06,CCNlite,1000,0.9427
SCALE_O_uDCN_1000000_120,4,2026-08-13 15:00:19,uDCN,1000000,0.4539
SCALE_O_NFD_5000000_026,0,2026-08-13 15:00:39,NFD,5000000,0.1026
SCALE_O_uDCN_1000000_121,4,2026-08-13 15:00:52,uDCN,1000000,0.4408
SCALE_O_PythonNDN_10000_002,0,2026-08-13 15:01:09,PythonNDN,10000,0.7362
SCALE_O_CCNlite_1000_036,1,2026-08-13 15:02:05,CCNlite,1000,0.9336
SCALE_O_NFD_5000000_027,0,2026-08-13 15:02:19,NFD,5000000,0.1046
SCALE_O_PythonNDN_10000_003,0,2026-08-13 15:02:30,PythonNDN,10000,0.777
SCALE_O_NFD_5000000_028,0,2026-08-13 15:03:40,NFD,5000000,0.0946
SCALE_O_PythonNDN_10000_004,0,2026-08-13 15:03:59,PythonNDN,10000,0.6821
SCALE_O_CCNlite_1000_037,1,2026-08-13 15:04:37,CCNlite,1000,0.9692
SCALE_O_uDCN_1000000_122,4,2026-08-13 15:04:59,uDCN,1000000,0.4362
SCALE_O_CCNlite_1000_038,1,2026-08-13 15:05:43,CCNlite,1000,0.9396
SCALE_O_PythonNDN_10000_005,0,2026-08-13 15:07:12,PythonNDN,10000,0.6908
SCALE_O_CCNlite_1000_039,1,2026-08-13 15:07:22,CCNlite,1000,0.8811
SCALE_O_CCNlite_1000_040,1,2026-08-13 15:08:04,CCNlite,1000,0.8601
SCALE_O_PythonNDN_10000_006,0,2026-08-13 15:08:18,PythonNDN,10000,0.7455
SCALE_O_PythonNDN_10000_007,0,2026-08-13 15:13:15,PythonNDN,10000,0.7649
SCALE_O_CCNlite_1000_041,1,2026-08-13 15:14:43,CCNlite,1000,0.9395
SCALE_O_PythonNDN_10000_008,0,2026-08-13 15:14:52,PythonNDN,10000,0.7942
SCALE_O_CCNlite_1000_042,1,2026-08-13 15:15:53,CCNlite,1000,0.9257
SCALE_O_PythonNDN_10000_009,0,2026-08-13 15:16:51,PythonNDN,10000,0.7457
SCALE_O_CCNlite_1000_043,1,2026-08-13 15:17:29,CCNlite,1000,0.8813
SCALE_O_PythonNDN_10000_010,0,2026-08-13 15:19:23,PythonNDN,10000,0.7522
SCALE_O_CCNlite_1000_044,1,2026-08-13 15:19:39,CCNlite,1000,0.9093
SCALE_O_CCNlite_1000_045,1,2026-08-13 15:20:50,CCNlite,1000,0.8951
SCALE_O_PythonNDN_10000_011,0,2026-08-13 15:21:00,PythonNDN,10000,0.7388
SCALE_O_CCNlite_1000_046,1,2026-08-13 15:23:28,CCNlite,1000,0.9068
SCALE_O_PythonNDN_10000_012,0,2026-08-13 15:23:57,PythonNDN,10000,0.6899
SCALE_O_PythonNDN_10000_013,0,2026-08-13 15:26:28,PythonNDN,10000,0.6772
SCALE_O_CCNlite_1000_047,1,2026-08-13 15:26:44,CCNlite,1000,0.8311
SCALE_O_CCNlite_1000_048,1,2026-08-13 15:28:05,CCNlite,1000,0.8935
SCALE_O_CCNlite_1000_049,1,2026-08-13 15:31:07,CCNlite,1000,0.9222
SCALE_O_CCNlite_1000_050,1,2026-08-13 15:31:43,CCNlite,1000,0.8994
SCALE_O_PythonNDN_10000_014,0,2026-08-13 15:32:03,PythonNDN,10000,0.7544
SCALE_O_CCNlite_1000_051,1,2026-08-13 15:33:40,CCNlite,1000,0.9309
SCALE_O_CCNlite_1000_052,1,2026-08-13 15:36:45,CCNlite,1000,0.9036
SCALE_O_CCNlite_1000_053,1,2026-08-13 15:38:24,CCNlite,1000,0.896
SCALE_O_CCNlite_1000_054,1,2026-08-13 15:39:36,CCNlite,1000,0.8724
SCALE_O_CCNlite_1000_055,1,2026-08-13 15:41:23,CCNlite,1000,0.999
SCALE_O_CCNlite_1000_056,1,2026-08-13 15:43:36,CCNlite,1000,0.887
SCALE_O_CCNlite_1000_057,1,2026-08-13 15:47:51,CCNlite,1000,0.8862
SCALE_O_CCNlite_1000_058,1,2026-08-13 15:51:40,CCNlite,1000,0.9596
SCALE_O_CCNlite_1000_059,1,2026-08-13 15:54:22,CCNlite,1000,0.9523
SCALE_O_CCNlite_1000_060,1,2026-08-13 15:55:55,CCNlite,1000,0.8939
SCALE_O_CCNlite_1000_061,1,2026-08-13 15:56:51,CCNlite,1000,0.9238
SCALE_O_CCNlite_1000_062,1,2026-08-13 15:58:38,CCNlite,1000,0.9627
SCALE_O_CCNlite_1000_063,1,2026-08-13 16:00:24,CCNlite,1000,0.8975
SCALE_O_CCNlite_1000_064,1,2026-08-13 16:01:41,CCNlite,1000,0.9019
SCALE_O_uDCN_300000_001,0,2026-08-13 18:00:00,uDCN,300000,0.5679
SCALE_O_uDCN_300000_002,0,2026-08-13 18:01:23,uDCN,300000,0.6113
SCALE_O_uDCN_300000_003,0,2026-08-13 18:05:50,uDCN,300000,0.5914
SCALE_O_uDCN_300000_004,0,2026-08-13 18:07:34,uDCN,300000,0.6185
SCALE_O_uDCN_300000_005,0,2026-08-13 18:11:57,uDCN,300000,0.6265
SCALE_O_uDCN_300000_006,0,2026-08-13 18:15:19,uDCN,300000,0.5926
SCALE_O_uDCN_300000_007,0,2026-08-13 18:17:06,uDCN,300000,0.5801
SCALE_O_uDCN_300000_008,0,2026-08-13 18:20:39,uDCN,300000,0.5707
SCALE_O_uDCN_300000_009,0,2026-08-13 18:22:50,uDCN,300000,0.5953
SCALE_O_uDCN_300000_010,0,2026-08-13 18:25:33,uDCN,300000,0.6707
SCALE_O_uDCN_300000_011,0,2026-08-13 18:27:33,uDCN,300000,0.5708
SCALE_O_uDCN_300000_012,0,2026-08-13 18:30:32,uDCN,300000,0.6265
SCALE_O_uDCN_300000_013,0,2026-08-13 18:32:40,uDCN,300000,0.6136
SCALE_O_uDCN_300000_014,0,2026-08-13 18:35:18,uDCN,300000,0.6227
SCALE_O_uDCN_300000_015,0,2026-08-13 18:36:41,uDCN,300000,0.5892
SCALE_O_uDCN_300000_016,0,2026-08-13 18:39:41,uDCN,300000,0.6095
SCALE_O_uDCN_300000_017,0,2026-08-13 18:42:09,uDCN,300000,0.5919
SCALE_O_uDCN_300000_018,0,2026-08-13 18:43:42,uDCN,300000,0.6193
SCALE_O_uDCN_300000_019,0,2026-08-13 18:45:28,uDCN,300000,0.6089
SCALE_O_uDCN_300000_020,0,2026-08-13 18:47:17,uDCN,300000,0.5552
SCALE_O_uDCN_300000_021,0,2026-08-13 18:49:00,uDCN,300000,0.6051
SCALE_O_uDCN_300000_022,0,2026-08-13 18:52:09,uDCN,300000,0.5942
SCALE_O_uDCN_300000_023,0,2026-08-13 18:55:46,uDCN,300000,0.6319
SCALE_O_uDCN_300000_024,0,2026-08-13 18:58:48,uDCN,300000,0.5688
SCALE_O_uDCN_300000_025,0,2026-08-13 19:03:57,uDCN,300000,0.5791
SCALE_O_uDCN_300000_026,0,2026-08-13 19:05:40,uDCN,300000,0.6077
SCALE_O_uDCN_300000_027,0,2026-08-13 19:09:45,uDCN,300000,0.6397
SCALE_O_uDCN_5000000_106,4,2026-08-14 00:03:03,uDCN,5000000,0.2561
SCALE_O_uDCN_5000000_107,4,2026-08-14 00:04:25,uDCN,5000000,0.2599
SCALE_O_uDCN_5000000_108,4,2026-08-14 00:08:11,uDCN,5000000,0.2589
SCALE_O_uDCN_5000000_109,4,2026-08-14 00:13:22,uDCN,5000000,0.2711
SCALE_O_uDCN_5000000_110,4,2026-08-14 00:16:54,uDCN,5000000,0.2727
SCALE_O_uDCN_5000000_111,4,2026-08-14 00:18:38,uDCN,5000000,0.2641
SCALE_O_uDCN_5000000_112,4,2026-08-14 00:24:50,uDCN,5000000,0.2488
SCALE_O_uDCN_5000000_113,4,2026-08-14 00:27:24,uDCN,5000000,0.2691
SCALE_O_uDCN_5000000_114,4,2026-08-14 00:29:17,uDCN,5000000,0.259
SCALE_O_uDCN_5000000_115,4,2026-08-14 00:31:49,uDCN,5000000,0.2837
SCALE_O_uDCN_5000000_116,4,2026-08-14 00:33:57,uDCN,5000000,0.2654
SCALE_O_uDCN_5000000_117,4,2026-08-14 00:34:39,uDCN,5000000,0.2813
SCALE_O_uDCN_5000000_118,4,2026-08-14 00:38:01,uDCN,5000000,0.2682
SCALE_O_uDCN_5000000_119,4,2026-08-14 00:40:54,uDCN,5000000,0.2741
SCALE_O_uDCN_5000000_120,4,2026-08-14 00:44:13,uDCN,5000000,0.2729
SCALE_O_uDCN_5000000_121,4,2026-08-14 00:48:17,uDCN,5000000,0.2787
SCALE_O_uDCN_5000000_122,4,2026-08-14 00:53:12,uDCN,5000000,0.2748
SCALE_O_uDCN_5000000_123,4,2026-08-14 00:54:35,uDCN,5000000,0.2715
SCALE_O_uDCN_5000000_124,4,2026-08-14 00:57:19,uDCN,5000000,0.2795
SCALE_O_uDCN_5000000_125,4,2026-08-14 01:00:57,uDCN,5000000,0.2746
SCALE_O_CCNlite_1000_065,2,2026-08-14 02:08:47,CCNlite,1000,0.924
SCALE_O_CCNlite_1000_066,2,2026-08-14 02:10:07,CCNlite,1000,0.9385
SCALE_O_CCNlite_1000_067,2,2026-08-14 02:11:22,CCNlite,1000,1.0
SCALE_O_uDCN_300000_028,1,2026-08-14 02:12:00,uDCN,300000,0.6249
SCALE_O_CCNlite_1000_068,2,2026-08-14 02:12:26,CCNlite,1000,0.8864
SCALE_O_CCNlite_1000_069,2,2026-08-14 02:14:20,CCNlite,1000,0.9389
SCALE_O_uDCN_300000_029,1,2026-08-14 02:15:19,uDCN,300000,0.6011
SCALE_O_uDCN_300000_030,1,2026-08-14 02:16:16,uDCN,300000,0.5785
SCALE_O_CCNlite_1000_070,2,2026-08-14 02:17:28,CCNlite,1000,0.91
SCALE_O_uDCN_300000_031,1,2026-08-14 02:20:00,uDCN,300000,0.621
SCALE_O_uDCN_300000_032,1,2026-08-14 02:21:19,uDCN,300000,0.6232
SCALE_O_CCNlite_1000_071,2,2026-08-14 02:23:32,CCNlite,1000,0.9094
SCALE_O_uDCN_300000_033,1,2026-08-14 02:24:50,uDCN,300000,0.5974
SCALE_O_CCNlite_1000_072,2,2026-08-14 02:25:06,CCNlite,1000,0.99
SCALE_O_uDCN_300000_034,1,2026-08-14 02:25:49,uDCN,300000,0.6092
SCALE_O_CCNlite_1000_073,2,2026-08-14 02:26:31,CCNlite,1000,0.8524
SCALE_O_uDCN_300000_035,1,2026-08-14 02:26:57,uDCN,300000,0.5934
SCALE_O_CCNlite_1000_074,2,2026-08-14 02:28:46,CCNlite,1000,0.8991
SCALE_O_uDCN_300000_036,1,2026-08-14 02:28:57,uDCN,300000,0.5776
SCALE_O_CCNlite_1000_075,2,2026-08-14 02:31:19,CCNlite,1000,0.9767
SCALE_O_uDCN_300000_037,1,2026-08-14 02:32:43,uDCN,300000,0.6064
SCALE_O_CCNlite_1000_076,2,2026-08-14 02:34:19,CCNlite,1000,0.9769
SCALE_O_uDCN_300000_038,1,2026-08-14 02:34:41,uDCN,300000,0.614
SCALE_O_uDCN_300000_039,1,2026-08-14 02:36:42,uDCN,300000,0.5723
SCALE_O_uDCN_300000_040,1,2026-08-14 02:37:24,uDCN,300000,0.6682
SCALE_O_uDCN_300000_041,1,2026-08-14 02:37:48,uDCN,300000,0.6106
SCALE_O_CCNlite_1000_077,2,2026-08-14 02:38:46,CCNlite,1000,0.9069
SCALE_O_uDCN_300000_042,1,2026-08-14 02:39:09,uDCN,300000,0.6499
SCALE_O_CCNlite_1000_078,2,2026-08-14 02:39:11,CCNlite,1000,0.9084
SCALE_O_CCNlite_1000_079,2,2026-08-14 02:39:46,CCNlite,1000,0.8408
SCALE_O_CCNlite_1000_080,2,2026-08-14 02:42:06,CCNlite,1000,0.9261
SCALE_O_CCNlite_1000_081,2,2026-08-14 02:45:57,CCNlite,1000,0.8608
SCALE_O_CCNlite_1000_082,2,2026-08-14 02:49:55,CCNlite,1000,0.9356
SCALE_O_CCNlite_1000_083,2,2026-08-14 02:51:56,CCNlite,1000,0.9106
SCALE_O_CCNlite_1000_084,2,2026-08-14 02:53:38,CCNlite,1000,0.9179
SCALE_O_CCNlite_1000_085,2,2026-08-14 02:56:21,CCNlite,1000,0.9154
SCALE_O_CCNlite_1000_086,2,2026-08-14 02:57:22,CCNlite,1000,0.9823
SCALE_O_CCNlite_1000_087,2,2026-08-14 02:58:11,CCNlite,1000,0.9473
SCALE_O_CCNlite_1000_088,2,2026-08-14 03:03:23,CCNlite,1000,0.9045
SCALE_O_CCNlite_1000_089,2,2026-08-14 03:05:46,CCNlite,1000,0.9317
SCALE_O_CCNlite_1000_090,2,2026-08-14 03:07:01,CCNlite,1000,0.8582
SCALE_O_CCNlite_1000_091,2,2026-08-14 03:07:25,CCNlite,1000,0.8859
SCALE_O_CCNlite_1000_092,2,2026-08-14 03:09:35,CCNlite,1000,0.9159
SCALE_O_CCNlite_1000_093,2,2026-08-14 03:09:51,CCNlite,1000,0.9606
SCALE_O_CCNlite_1000_094,2,2026-08-14 03:12:10,CCNlite,1000,0.9489
SCALE_O_CCNlite_1000_095,2,2026-08-14 03:13:22,CCNlite,1000,0.9824
SCALE_O_PythonNDN_1000000_001,0,2026-08-14 08:00:00,PythonNDN,1000000,0.1256
SCALE_O_PythonNDN_1000000_002,0,2026-08-14 08:01:02,PythonNDN,1000000,0.1274
SCALE_O_PythonNDN_1000000_003,0,2026-08-14 08:03:53,PythonNDN,1000000,0.1242
SCALE_O_PythonNDN_1000000_004,0,2026-08-14 08:05:17,PythonNDN,1000000,0.1289
SCALE_O_PythonNDN_1000000_005,0,2026-08-14 08:07:54,PythonNDN,1000000,0.1236
SCALE_O_PythonNDN_1000000_006,0,2026-08-14 08:10:01,PythonNDN,1000000,0.139
SCALE_O_PythonNDN_1000000_007,0,2026-08-14 08:14:22,PythonNDN,1000000,0.1276
SCALE_O_PythonNDN_1000000_008,0,2026-08-14 08:15:33,PythonNDN,1000000,0.1316
SCALE_O_PythonNDN_1000000_009,0,2026-08-14 08:16:40,PythonNDN,1000000,0.1237
SCALE_O_PythonNDN_1000000_010,0,2026-08-14 08:18:17,PythonNDN,1000000,0.1233
SCALE_O_PythonNDN_1000000_011,0,2026-08-14 08:21:37,PythonNDN,1000000,0.1343
SCALE_O_PythonNDN_1000000_012,0,2026-08-14 08:22:07,PythonNDN,1000000,0.1359
SCALE_O_PythonNDN_1000000_013,0,2026-08-14 08:24:53,PythonNDN,1000000,0.1259
SCALE_O_PythonNDN_1000000_014,0,2026-08-14 08:25:23,PythonNDN,1000000,0.1311
SCALE_O_PythonNDN_1000000_015,0,2026-08-14 08:29:56,PythonNDN,1000000,0.1209
SCALE_O_PythonNDN_1000000_016,0,2026-08-14 08:33:44,PythonNDN,1000000,0.1324
SCALE_O_PythonNDN_1000000_017,0,2026-08-14 08:35:20,PythonNDN,1000000,0.1314
SCALE_O_PythonNDN_1000000_018,0,2026-08-14 08:38:01,PythonNDN,1000000,0.1299
SCALE_O_PythonNDN_1000000_019,0,2026-08-14 08:40:09,PythonNDN,1000000,0.1311
SCALE_O_PythonNDN_1000000_020,0,2026-08-14 08:44:34,PythonNDN,1000000,0.1209
SCALE_O_PythonNDN_1000000_021,0,2026-08-14 08:45:39,PythonNDN,1000000,0.1258
SCALE_O_PythonNDN_1000000_022,0,2026-08-14 08:49:14,PythonNDN,1000000,0.1331
SCALE_O_PythonNDN_1000000_023,0,2026-08-14 08:50:32,PythonNDN,1000000,0.1325
SCALE_O_PythonNDN_1000000_024,0,2026-08-14 08:51:14,PythonNDN,1000000,0.1318
SCALE_O_PythonNDN_1000000_025,0,2026-08-14 08:54:05,PythonNDN,1000000,0.1294
SCALE_O_PythonNDN_1000000_026,0,2026-08-14 08:56:07,PythonNDN,1000000,0.1308
SCALE_O_PythonNDN_1000000_027,0,2026-08-14 08:56:58,PythonNDN,1000000,0.1293
SCALE_O_PythonNDN_1000000_028,0,2026-08-14 08:58:32,PythonNDN,1000000,0.1397
SCALE_O_CCNlite_100000_029,1,2026-08-14 11:44:13,CCNlite,100000,0.653
SCALE_O_CCNlite_100000_030,1,2026-08-14 11:45:18,CCNlite,100000,0.6119
SCALE_O_CCNlite_100000_031,1,2026-08-14 11:49:59,CCNlite,100000,0.6393
SCALE_O_CCNlite_100000_032,1,2026-08-14 11:52:11,CCNlite,100000,0.5768
SCALE_O_CCNlite_100000_033,1,2026-08-14 11:53:29,CCNlite,100000,0.6492
SCALE_O_CCNlite_100000_034,1,2026-08-14 11:57:05,CCNlite,100000,0.6336
SCALE_O_CCNlite_100000_035,1,2026-08-14 11:59:53,CCNlite,100000,0.6769
SCALE_O_uDCN_10000_001,0,2026-08-14 12:00:00,uDCN,10000,0.9653
SCALE_O_CCNlite_100000_036,1,2026-08-14 12:01:43,CCNlite,100000,0.6012
SCALE_O_uDCN_10000_002,0,2026-08-14 12:02:24,uDCN,10000,0.9
SCALE_O_uDCN_10000_003,0,2026-08-14 12:04:03,uDCN,10000,0.8817
SCALE_O_CCNlite_100000_037,1,2026-08-14 12:05:20,CCNlite,100000,0.6988
SCALE_O_NFD_5000000_029,1,2026-08-14 12:05:33,NFD,5000000,0.1015
SCALE_O_uDCN_10000_004,0,2026-08-14 12:06:18,uDCN,10000,0.8429
SCALE_O_CCNlite_100000_038,1,2026-08-14 12:08:26,CCNlite,100000,0.6239
SCALE_O_NFD_5000000_030,1,2026-08-14 12:08:44,NFD,5000000,0.1
SCALE_O_uDCN_10000_005,0,2026-08-14 12:09:48,uDCN,10000,0.8538
SCALE_O_CCNlite_100000_039,1,2026-08-14 12:10:56,CCNlite,100000,0.6535
SCALE_O_uDCN_10000_006,0,2026-08-14 12:12:26,uDCN,10000,0.8663
SCALE_O_CCNlite_100000_040,1,2026-08-14 12:12:55,CCNlite,100000,0.5988
SCALE_O_uDCN_10000_007,0,2026-08-14 12:14:21,uDCN,10000,0.8484
SCALE_O_NFD_5000000_031,1,2026-08-14 12:15:02,NFD,5000000,0.1082
SCALE_O_CCNlite_100000_041,1,2026-08-14 12:15:14,CCNlite,100000,0.7178
SCALE_O_uDCN_10000_008,0,2026-08-14 12:15:31,uDCN,10000,0.9013
SCALE_O_uDCN_10000_009,0,2026-08-14 12:16:36,uDCN,10000,0.8932
SCALE_O_uDCN_10000_010,0,2026-08-14 12:17:18,uDCN,10000,0.8901
SCALE_O_NFD_5000000_032,1,2026-08-14 12:17:32,NFD,5000000,0.1043
SCALE_O_uDCN_10000_011,0,2026-08-14 12:18:13,uDCN,10000,0.8959
SCALE_O_NFD_5000000_033,1,2026-08-14 12:19:09,NFD,5000000,0.1051
SCALE_O_uDCN_10000_012,0,2026-08-14 12:21:16,uDCN,10000,0.8371
SCALE_O_NFD_5000000_034,1,2026-08-14 12:21:47,NFD,5000000,0.1007
SCALE_O_uDCN_10000_013,0,2026-08-14 12:24:33,uDCN,10000,0.8854
SCALE_O_NFD_5000000_035,1,2026-08-14 12:25:01,NFD,5000000,0.0992
SCALE_O_uDCN_10000_014,0,2026-08-14 12:25:57,uDCN,10000,0.8846
SCALE_O_uDCN_10000_015,0,2026-08-14 12:26:55,uDCN,10000,0.8859
SCALE_O_uDCN_10000_016,0,2026-08-14 12:27:42,uDCN,10000,0.8404
SCALE_O_uDCN_10000_017,0,2026-08-14 12:28:21,uDCN,10000,0.86
SCALE_O_NFD_5000000_036,1,2026-08-14 12:28:50,NFD,5000000,0.1012
SCALE_O_uDCN_10000_018,0,2026-08-14 12:29:55,uDCN,10000,0.8821
SCALE_O_NFD_5000000_037,1,2026-08-14 12:31:09,NFD,5000000,0.1107
SCALE_O_uDCN_10000_019,0,2026-08-14 12:31:15,uDCN,10000,0.8927
SCALE_O_NFD_5000000_038,1,2026-08-14 12:31:40,NFD,5000000,0.1055
SCALE_O_NFD_5000000_039,1,2026-08-14 12:32:14,NFD,5000000,0.1029
SCALE_O_NFD_5000000_040,1,2026-08-14 12:33:05,NFD,5000000,0.1126
SCALE_O_uDCN_10000_020,0,2026-08-14 12:34:14,uDCN,10000,0.8415
SCALE_O_uDCN_10000_021,0,2026-08-14 12:34:38,uDCN,10000,0.9395
SCALE_O_NFD_5000000_041,1,2026-08-14 12:36:04,NFD,5000000,0.0922
SCALE_O_NFD_5000000_042,1,2026-08-14 12:38:23,NFD,5000000,0.1011
SCALE_O_NFD_5000000_043,1,2026-08-14 12:39:42,NFD,5000000,0.1012
SCALE_O_uDCN_10000_022,0,2026-08-14 12:40:07,uDCN,10000,0.9408
SCALE_O_NFD_5000000_044,1,2026-08-14 12:41:00,NFD,5000000,0.1039
SCALE_O_uDCN_10000_023,0,2026-08-14 12:41:11,uDCN,10000,0.9127
SCALE_O_uDCN_10000_024,0,2026-08-14 12:42:09,uDCN,10000,0.9471
SCALE_O_uDCN_10000_025,0,2026-08-14 12:43:01,uDCN,10000,0.8649
SCALE_O_NFD_5000000_045,1,2026-08-14 12:44:22,NFD,5000000,0.0994
SCALE_O_uDCN_10000_026,0,2026-08-14 12:46:02,uDCN,10000,0.8882
SCALE_O_NFD_5000000_046,1,2026-08-14 12:46:48,NFD,5000000,0.099
SCALE_O_NFD_5000000_047,1,2026-08-14 12:47:11,NFD,5000000,0.0982
SCALE_O_uDCN_10000_027,0,2026-08-14 12:47:28,uDCN,10000,0.9125
SCALE_O_uDCN_10000_028,0,2026-08-14 12:51:37,uDCN,10000,0.8917
SCALE_O_NFD_5000000_048,1,2026-08-14 12:52:03,NFD,5000000,0.1014
SCALE_O_uDCN_10000_029,0,2026-08-14 12:54:10,uDCN,10000,0.9027
SCALE_O_NFD_5000000_049,1,2026-08-14 12:55:46,NFD,5000000,0.0914
SCALE_O_NFD_5000000_050,1,2026-08-14 12:58:49,NFD,5000000,0.101
SCALE_O_NFD_5000000_051,1,2026-08-14 12:59:42,NFD,5000000,0.1023
SCALE_O_NFD_5000000_052,1,2026-08-14 13:02:27,NFD,5000000,0.0963
SCALE_O_NFD_5000000_053,1,2026-08-14 13:04:03,NFD,5000000,0.0974
SCALE_O_NFD_5000000_054,1,2026-08-14 13:05:28,NFD,5000000,0.1052
SCALE_O_NFD_5000000_055,1,2026-08-14 13:07:12,NFD,5000000,0.0991
SCALE_O_NFD_5000000_056,1,2026-08-14 13:11:35,NFD,5000000,0.0997
SCALE_O_uDCN_5000000_126,5,2026-08-14 14:07:24,uDCN,5000000,0.2858
SCALE_O_uDCN_5000000_127,5,2026-08-14 14:12:01,uDCN,5000000,0.3048
SCALE_O_uDCN_5000000_128,5,2026-08-14 14:18:43,uDCN,5000000,0.2635
SCALE_O_uDCN_5000000_129,5,2026-08-14 14:19:25,uDCN,5000000,0.2597
SCALE_O_uDCN_5000000_130,5,2026-08-14 14:19:58,uDCN,5000000,0.2854
SCALE_O_uDCN_5000000_131,5,2026-08-14 14:23:20,uDCN,5000000,0.2559
SCALE_O_uDCN_5000000_132,5,2026-08-14 14:24:32,uDCN,5000000,0.2667
SCALE_O_uDCN_5000000_133,5,2026-08-14 14:25:54,uDCN,5000000,0.2687
SCALE_O_uDCN_5000000_134,5,2026-08-14 14:30:37,uDCN,5000000,0.2673
SCALE_O_uDCN_5000000_135,5,2026-08-14 14:31:56,uDCN,5000000,0.2637
SCALE_O_uDCN_5000000_136,5,2026-08-14 14:33:49,uDCN,5000000,0.2551
SCALE_O_uDCN_5000000_137,5,2026-08-14 14:36:55,uDCN,5000000,0.28
SCALE_O_uDCN_5000000_138,5,2026-08-14 14:37:55,uDCN,5000000,0.2699
SCALE_O_uDCN_5000000_139,5,2026-08-14 14:39:03,uDCN,5000000,0.2625
SCALE_O_uDCN_5000000_140,5,2026-08-14 14:43:00,uDCN,5000000,0.2796
SCALE_O_uDCN_5000000_141,5,2026-08-14 14:46:05,uDCN,5000000,0.2845
SCALE_O_uDCN_5000000_142,5,2026-08-14 14:48:03,uDCN,5000000,0.2768
SCALE_O_uDCN_5000000_143,5,2026-08-14 14:51:33,uDCN,5000000,0.2653
SCALE_O_uDCN_5000000_144,5,2026-08-14 14:54:31,uDCN,5000000,0.2523
SCALE_O_uDCN_5000000_145,5,2026-08-14 14:55:49,uDCN,5000000,0.2695
SCALE_O_uDCN_5000000_146,5,2026-08-14 14:58:44,uDCN,5000000,0.2677
SCALE_O_uDCN_5000000_147,5,2026-08-14 14:59:39,uDCN,5000000,0.2685
SCALE_O_uDCN_5000000_148,5,2026-08-14 15:00:26,uDCN,5000000,0.2719
SCALE_O_uDCN_5000000_149,5,2026-08-14 15:03:55,uDCN,5000000,0.2988
SCALE_O_uDCN_5000000_150,5,2026-08-14 15:09:43,uDCN,5000000,0.2842
SCALE_O_uDCN_1000000_123,5,2026-08-14 15:39:50,uDCN,1000000,0.4819
SCALE_O_uDCN_1000000_124,5,2026-08-14 15:40:50,uDCN,1000000,0.4215
SCALE_O_uDCN_1000000_125,5,2026-08-14 15:44:07,uDCN,1000000,0.4483
SCALE_O_uDCN_1000000_126,5,2026-08-14 15:47:10,uDCN,1000000,0.4685
SCALE_O_uDCN_1000000_127,5,2026-08-14 15:49:15,uDCN,1000000,0.4468
SCALE_O_uDCN_1000000_128,5,2026-08-14 15:52:43,uDCN,1000000,0.4414
SCALE_O_uDCN_1000000_129,5,2026-08-14 15:54:50,uDCN,1000000,0.4402
SCALE_O_uDCN_1000000_130,5,2026-08-14 15:56:54,uDCN,1000000,0.4436
SCALE_O_uDCN_1000000_131,5,2026-08-14 15:58:44,uDCN,1000000,0.427
SCALE_O_uDCN_1000000_132,5,2026-08-14 16:01:45,uDCN,1000000,0.5041
SCALE_O_uDCN_1000000_133,5,2026-08-14 16:03:13,uDCN,1000000,0.4687
SCALE_O_uDCN_1000000_134,5,2026-08-14 16:04:32,uDCN,1000000,0.4322
SCALE_O_uDCN_1000000_135,5,2026-08-14 16:07:05,uDCN,1000000,0.4452
SCALE_O_uDCN_1000000_136,5,2026-08-14 16:09:11,uDCN,1000000,0.4461
SCALE_O_uDCN_1000000_137,5,2026-08-14 16:11:28,uDCN,1000000,0.4557
SCALE_O_NFD_1000_001,0,2026-08-14 17:00:00,NFD,1000,0.9388
SCALE_O_NFD_1000_002,0,2026-08-14 17:00:33,NFD,1000,0.9308
SCALE_O_NFD_1000_003,0,2026-08-14 17:00:58,NFD,1000,0.9131
SCALE_O_NFD_1000_004,0,2026-08-14 17:02:13,NFD,1000,0.8899
SCALE_O_NFD_1000_005,0,2026-08-14 17:06:03,NFD,1000,0.8556
SCALE_O_NFD_1000_006,0,2026-08-14 17:07:37,NFD,1000,0.8798
SCALE_O_PythonNDN_10000_015,1,2026-08-14 17:08:08,PythonNDN,10000,0.7249
SCALE_O_NFD_1000_007,0,2026-08-14 17:10:06,NFD,1000,0.9253
SCALE_O_PythonNDN_10000_016,1,2026-08-14 17:11:25,PythonNDN,10000,0.7013
SCALE_O_NFD_1000_008,0,2026-08-14 17:11:36,NFD,1000,0.9172
SCALE_O_PythonNDN_10000_017,1,2026-08-14 17:12:51,PythonNDN,10000,0.7555
SCALE_O_NFD_1000_009,0,2026-08-14 17:13:44,NFD,1000,0.9881
SCALE_O_NFD_1000_010,0,2026-08-14 17:15:24,NFD,1000,0.9583
SCALE_O_PythonNDN_10000_018,1,2026-08-14 17:16:05,PythonNDN,10000,0.6979
SCALE_O_NFD_1000_011,0,2026-08-14 17:18:48,NFD,1000,0.8491
SCALE_O_NFD_1000_012,0,2026-08-14 17:19:20,NFD,1000,0.9328
SCALE_O_PythonNDN_10000_019,1,2026-08-14 17:19:42,PythonNDN,10000,0.7443
SCALE_O_PythonNDN_10000_020,1,2026-08-14 17:21:37,PythonNDN,10000,0.7329
SCALE_O_NFD_1000_013,0,2026-08-14 17:23:24,NFD,1000,0.8784
SCALE_O_PythonNDN_10000_021,1,2026-08-14 17:25:16,PythonNDN,10000,0.7047
SCALE_O_NFD_1000_014,0,2026-08-14 17:26:54,NFD,1000,0.9437
SCALE_O_PythonNDN_10000_022,1,2026-08-14 17:27:14,PythonNDN,10000,0.7281
SCALE_O_NFD_1000_015,0,2026-08-14 17:27:16,NFD,1000,0.9016
SCALE_O_PythonNDN_10000_023,1,2026-08-14 17:29:54,PythonNDN,10000,0.6998
SCALE_O_NFD_1000_016,0,2026-08-14 17:30:41,NFD,1000,0.9553
SCALE_O_NFD_1000_017,0,2026-08-14 17:31:22,NFD,1000,0.9044
SCALE_O_PythonNDN_10000_024,1,2026-08-14 17:32:18,PythonNDN,10000,0.7124
SCALE_O_NFD_1000_018,0,2026-08-14 17:33:31,NFD,1000,0.9363
SCALE_O_PythonNDN_10000_025,1,2026-08-14 17:34:46,PythonNDN,10000,0.7779
SCALE_O_PythonNDN_10000_026,1,2026-08-14 17:35:44,PythonNDN,10000,0.7164
SCALE_O_NFD_1000_019,0,2026-08-14 17:35:46,NFD,1000,0.8221
SCALE_O_NFD_1000_020,0,2026-08-14 17:37:43,NFD,1000,0.8758
SCALE_O_NFD_1000_021,0,2026-08-14 17:39:20,NFD,1000,0.8913
SCALE_O_NFD_1000_022,0,2026-08-14 17:40:09,NFD,1000,0.956
SCALE_O_PythonNDN_10000_027,1,2026-08-14 17:41:15,PythonNDN,10000,0.6772
SCALE_O_NFD_1000_023,0,2026-08-14 17:41:25,NFD,1000,0.9567
SCALE_O_NFD_1000_024,0,2026-08-14 17:42:32,NFD,1000,0.893
SCALE_O_NFD_1000_025,0,2026-08-14 17:43:40,NFD,1000,0.905
SCALE_O_PythonNDN_10000_028,1,2026-08-14 17:44:19,PythonNDN,10000,0.6887
SCALE_O_NFD_1000_026,0,2026-08-14 17:45:43,NFD,1000,0.8717
SCALE_O_PythonNDN_10000_029,1,2026-08-14 17:47:15,PythonNDN,10000,0.7699
SCALE_O_NFD_1000_027,0,2026-08-14 17:48:06,NFD,1000,0.9645
SCALE_O_PythonNDN_10000_030,1,2026-08-14 17:48:51,PythonNDN,10000,0.7938
SCALE_O_NFD_1000_028,0,2026-08-14 17:50:01,NFD,1000,0.9046
SCALE_O_NFD_1000_029,0,2026-08-14 17:51:15,NFD,1000,0.9158
SCALE_O_PythonNDN_10000_031,1,2026-08-14 17:52:33,PythonNDN,10000,0.7232
SCALE_O_PythonNDN_10000_032,1,2026-08-14 17:52:55,PythonNDN,10000,0.7817
SCALE_O_NFD_1000_030,0,2026-08-14 17:53:36,NFD,1000,0.8816
SCALE_O_PythonNDN_10000_033,1,2026-08-14 17:54:50,PythonNDN,10000,0.7403
SCALE_O_PythonNDN_10000_034,1,2026-08-14 17:56:14,PythonNDN,10000,0.7407
SCALE_O_NFD_1000_031,0,2026-08-14 17:58:06,NFD,1000,0.9559
SCALE_O_PythonNDN_10000_035,1,2026-08-14 17:59:26,PythonNDN,10000,0.6632
SCALE_O_CCNlite_100000_042,2,2026-08-14 18:32:41,CCNlite,100000,0.6231
SCALE_O_CCNlite_100000_043,2,2026-08-14 18:34:17,CCNlite,100000,0.621
SCALE_O_CCNlite_100000_044,2,2026-08-14 18:36:19,CCNlite,100000,0.6108
SCALE_O_CCNlite_100000_045,2,2026-08-14 18:38:41,CCNlite,100000,0.6287
SCALE_O_CCNlite_100000_046,2,2026-08-14 18:41:32,CCNlite,100000,0.6113
SCALE_O_CCNlite_100000_047,2,2026-08-14 18:42:50,CCNlite,100000,0.679
SCALE_O_CCNlite_100000_048,2,2026-08-14 18:48:38,CCNlite,100000,0.6574
SCALE_O_CCNlite_100000_049,2,2026-08-14 18:50:03,CCNlite,100000,0.6419
SCALE_O_CCNlite_100000_050,2,2026-08-14 18:53:50,CCNlite,100000,0.6139
SCALE_O_CCNlite_100000_051,2,2026-08-14 18:57:52,CCNlite,100000,0.677
SCALE_O_CCNlite_100000_052,2,2026-08-14 19:01:31,CCNlite,100000,0.6379
SCALE_O_CCNlite_100000_053,2,2026-08-14 19:04:07,CCNlite,100000,0.6151
SCALE_O_CCNlite_100000_054,2,2026-08-14 19:04:55,CCNlite,100000,0.627
SCALE_O_CCNlite_100000_055,2,2026-08-14 19:07:36,CCNlite,100000,0.6241
SCALE_O_CCNlite_100000_056,2,2026-08-14 19:10:46,CCNlite,100000,0.626
SCALE_O_CCNlite_100000_057,2,2026-08-14 19:11:58,CCNlite,100000,0.6887
SCALE_O_CCNlite_100000_058,2,2026-08-14 19:14:09,CCNlite,100000,0.6284
SCALE_O_CCNlite_100000_059,2,2026-08-14 19:15:56,CCNlite,100000,0.6382
SCALE_O_CCNlite_100000_060,2,2026-08-14 19:18:24,CCNlite,100000,0.6467
SCALE_O_CCNlite_100000_061,2,2026-08-14 19:20:39,CCNlite,100000,0.6593
SCALE_O_CCNlite_100000_062,2,2026-08-14 19:21:41,CCNlite,100000,0.6256
SCALE_O_CCNlite_100000_063,2,2026-08-14 19:23:55,CCNlite,100000,0.6508
SCALE_O_CCNlite_100000_064,2,2026-08-14 19:24:45,CCNlite,100000,0.6793
SCALE_O_CCNlite_100000_065,2,2026-08-14 19:26:48,CCNlite,100000,0.668
SCALE_O_CCNlite_100000_066,2,2026-08-14 19:30:37,CCNlite,100000,0.6891
SCALE_O_CCNlite_100000_067,2,2026-08-14 19:31:38,CCNlite,100000,0.6232
SCALE_O_CCNlite_100000_068,2,2026-08-14 19:35:22,CCNlite,100000,0.6409
SCALE_O_CCNlite_100000_069,2,2026-08-14 19:37:07,CCNlite,100000,0.6516
SCALE_O_CCNlite_100000_070,2,2026-08-14 19:40:29,CCNlite,100000,0.6383
SCALE_O_CCNlite_100000_071,2,2026-08-14 19:41:23,CCNlite,100000,0.6552
SCALE_O_CCNlite_100000_072,2,2026-08-14 19:44:14,CCNlite,100000,0.6121
SCALE_O_CCNlite_1000_096,3,2026-08-14 23:52:41,CCNlite,1000,0.8777
SCALE_O_CCNlite_1000_097,3,2026-08-14 23:54:25,CCNlite,1000,0.9143
SCALE_O_CCNlite_1000_098,3,2026-08-14 23:59:22,CCNlite,1000,0.946
SCALE_O_CCNlite_1000_099,3,2026-08-15 00:00:44,CCNlite,1000,0.8715
SCALE_O_CCNlite_1000_100,3,2026-08-15 00:04:46,CCNlite,1000,0.9077
SCALE_O_CCNlite_1000_101,3,2026-08-15 00:06:17,CCNlite,1000,0.8812
SCALE_O_CCNlite_1000_102,3,2026-08-15 00:09:29,CCNlite,1000,0.9262
SCALE_O_CCNlite_1000_103,3,2026-08-15 00:11:52,CCNlite,1000,0.9275
SCALE_O_CCNlite_1000_104,3,2026-08-15 00:13:25,CCNlite,1000,1.0
SCALE_O_CCNlite_1000_105,3,2026-08-15 00:15:34,CCNlite,1000,0.9224
SCALE_O_CCNlite_1000_106,3,2026-08-15 00:17:31,CCNlite,1000,0.917
SCALE_O_CCNlite_1000_107,3,2026-08-15 00:26:35,CCNlite,1000,0.9774
SCALE_O_CCNlite_1000_108,3,2026-08-15 00:28:58,CCNlite,1000,0.9463
SCALE_O_CCNlite_1000_109,3,2026-08-15 00:29:39,CCNlite,1000,0.8937
SCALE_O_CCNlite_1000_110,3,2026-08-15 00:30:17,CCNlite,1000,0.9028
SCALE_O_CCNlite_1000_111,3,2026-08-15 00:34:05,CCNlite,1000,0.8943
SCALE_O_CCNlite_1000_112,3,2026-08-15 00:36:03,CCNlite,1000,0.8931
SCALE_O_CCNlite_1000_113,3,2026-08-15 00:43:34,CCNlite,1000,0.9845
SCALE_O_CCNlite_1000_114,3,2026-08-15 00:44:56,CCNlite,1000,0.886
SCALE_O_CCNlite_1000_115,3,2026-08-15 00:46:40,CCNlite,1000,0.9476
SCALE_O_CCNlite_1000_116,3,2026-08-15 00:48:09,CCNlite,1000,0.9474
SCALE_O_CCNlite_1000_117,3,2026-08-15 00:52:41,CCNlite,1000,0.9373
SCALE_O_CCNlite_1000_118,3,2026-08-15 00:54:16,CCNlite,1000,0.9247
SCALE_O_CCNlite_1000_119,3,2026-08-15 00:58:38,CCNlite,1000,0.9391
SCALE_O_CCNlite_1000_120,3,2026-08-15 01:03:52,CCNlite,1000,0.933
SCALE_O_CCNlite_1000_121,3,2026-08-15 01:07:20,CCNlite,1000,0.8997
SCALE_O_CCNlite_1000_122,3,2026-08-15 01:07:49,CCNlite,1000,0.9167
SCALE_O_CCNlite_1000_123,3,2026-08-15 01:09:26,CCNlite,1000,0.942
SCALE_O_CCNlite_1000_124,3,2026-08-15 01:09:59,CCNlite,1000,0.959
SCALE_O_CCNlite_1000_125,3,2026-08-15 01:11:23,CCNlite,1000,0.9952
SCALE_O_CCNlite_1000_126,3,2026-08-15 01:13:14,CCNlite,1000,0.9601
SCALE_O_uDCN_10000_030,1,2026-08-15 03:06:03,uDCN,10000,0.8575
SCALE_O_uDCN_10000_031,1,2026-08-15 03:07:54,uDCN,10000,0.918
SCALE_O_uDCN_10000_032,1,2026-08-15 03:08:44,uDCN,10000,0.9164
SCALE_O_uDCN_10000_033,1,2026-08-15 03:10:43,uDCN,10000,0.8772
SCALE_O_uDCN_10000_034,1,2026-08-15 03:11:04,uDCN,10000,0.8009
SCALE_O_uDCN_10000_035,1,2026-08-15 03:12:35,uDCN,10000,0.9016
SCALE_O_uDCN_10000_036,1,2026-08-15 03:13:46,uDCN,10000,0.886
SCALE_O_uDCN_10000_037,1,2026-08-15 03:16:47,uDCN,10000,0.9394
SCALE_O_uDCN_10000_038,1,2026-08-15 03:17:54,uDCN,10000,0.9174
SCALE_O_uDCN_10000_039,1,2026-08-15 03:19:20,uDCN,10000,0.8853
SCALE_O_uDCN_10000_040,1,2026-08-15 03:22:00,uDCN,10000,0.9202
SCALE_O_uDCN_10000_041,1,2026-08-15 03:24:41,uDCN,10000,0.8497
SCALE_O_uDCN_10000_042,1,2026-08-15 03:27:06,uDCN,10000,0.9016
SCALE_O_uDCN_10000_043,1,2026-08-15 03:28:21,uDCN,10000,0.9066
SCALE_O_uDCN_10000_044,1,2026-08-15 03:33:25,uDCN,10000,0.8448
SCALE_O_uDCN_10000_045,1,2026-08-15 03:36:17,uDCN,10000,0.9149
SCALE_O_uDCN_10000_046,1,2026-08-15 03:37:10,uDCN,10000,0.8995
SCALE_O_uDCN_10000_047,1,2026-08-15 03:40:01,uDCN,10000,0.9427
SCALE_O_uDCN_10000_048,1,2026-08-15 03:42:53,uDCN,10000,0.935
SCALE_O_uDCN_10000_049,1,2026-08-15 03:44:35,uDCN,10000,0.8612
SCALE_O_uDCN_10000_050,1,2026-08-15 03:45:43,uDCN,10000,0.8488
SCALE_O_uDCN_10000_051,1,2026-08-15 03:48:15,uDCN,10000,0.8011
SCALE_O_uDCN_10000_052,1,2026-08-15 03:51:24,uDCN,10000,0.9232
SCALE_O_uDCN_10000_053,1,2026-08-15 03:53:17,uDCN,10000,0.9348
SCALE_O_uDCN_10000_054,1,2026-08-15 03:54:54,uDCN,10000,0.9069
SCALE_O_uDCN_10000_055,1,2026-08-15 03:56:25,uDCN,10000,0.8707
SCALE_O_uDCN_10000_056,1,2026-08-15 04:02:11,uDCN,10000,0.8803
SCALE_O_PythonNDN_10000_036,2,2026-08-15 04:43:26,PythonNDN,10000,0.7618
SCALE_O_PythonNDN_10000_037,2,2026-08-15 04:46:30,PythonNDN,10000,0.7835
SCALE_O_PythonNDN_10000_038,2,2026-08-15 04:51:53,PythonNDN,10000,0.7136
SCALE_O_PythonNDN_10000_039,2,2026-08-15 04:53:45,PythonNDN,10000,0.7564
SCALE_O_PythonNDN_10000_040,2,2026-08-15 04:57:52,PythonNDN,10000,0.773
SCALE_O_PythonNDN_10000_041,2,2026-08-15 04:59:07,PythonNDN,10000,0.7674
SCALE_O_PythonNDN_10000_042,2,2026-08-15 05:02:39,PythonNDN,10000,0.7542
SCALE_O_PythonNDN_10000_043,2,2026-08-15 05:03:32,PythonNDN,10000,0.7106
SCALE_O_PythonNDN_10000_044,2,2026-08-15 05:03:58,PythonNDN,10000,0.681
SCALE_O_PythonNDN_10000_045,2,2026-08-15 05:06:11,PythonNDN,10000,0.7731
SCALE_O_PythonNDN_10000_046,2,2026-08-15 05:08:18,PythonNDN,10000,0.7494
SCALE_O_PythonNDN_10000_047,2,2026-08-15 05:11:31,PythonNDN,10000,0.7356
SCALE_O_PythonNDN_10000_048,2,2026-08-15 05:11:53,PythonNDN,10000,0.7156
SCALE_O_PythonNDN_10000_049,2,2026-08-15 05:13:30,PythonNDN,10000,0.7439
SCALE_O_PythonNDN_10000_050,2,2026-08-15 05:14:46,PythonNDN,10000,0.705
SCALE_O_PythonNDN_10000_051,2,2026-08-15 05:16:13,PythonNDN,10000,0.7627
SCALE_O_PythonNDN_10000_052,2,2026-08-15 05:17:18,PythonNDN,10000,0.744
SCALE_O_PythonNDN_10000_053,2,2026-08-15 05:19:24,PythonNDN,10000,0.7089
SCALE_O_PythonNDN_10000_054,2,2026-08-15 05:20:52,PythonNDN,10000,0.7623
SCALE_O_PythonNDN_10000_055,2,2026-08-15 05:23:59,PythonNDN,10000,0.7297
SCALE_O_PythonNDN_10000_056,2,2026-08-15 05:28:33,PythonNDN,10000,0.7478
SCALE_O_PythonNDN_10000_057,2,2026-08-15 05:29:58,PythonNDN,10000,0.7361
SCALE_O_PythonNDN_10000_058,2,2026-08-15 05:32:41,PythonNDN,10000,0.7613
SCALE_O_PythonNDN_10000_059,2,2026-08-15 05:36:35,PythonNDN,10000,0.7561
SCALE_O_PythonNDN_10000_060,2,2026-08-15 05:39:28,PythonNDN,10000,0.7413
SCALE_O_PythonNDN_10000_061,2,2026-08-15 05:40:47,PythonNDN,10000,0.7114
SCALE_O_PythonNDN_10000_062,2,2026-08-15 05:42:52,PythonNDN,10000,0.7498
SCALE_O_PythonNDN_10000_063,2,2026-08-15 05:44:31,PythonNDN,10000,0.7279
SCALE_O_PythonNDN_10000_064,2,2026-08-15 05:47:57,PythonNDN,10000,0.7353
SCALE_O_PythonNDN_10000_065,3,2026-08-15 06:24:47,PythonNDN,10000,0.719
SCALE_O_PythonNDN_10000_066,3,2026-08-15 06:25:11,PythonNDN,10000,0.7311
SCALE_O_PythonNDN_10000_067,3,2026-08-15 06:27:39,PythonNDN,10000,0.7951
SCALE_O_PythonNDN_10000_068,3,2026-08-15 06:31:18,PythonNDN,10000,0.6755
SCALE_O_PythonNDN_10000_069,3,2026-08-15 06:35:09,PythonNDN,10000,0.7372
SCALE_O_PythonNDN_10000_070,3,2026-08-15 06:37:44,PythonNDN,10000,0.7001
SCALE_O_PythonNDN_10000_071,3,2026-08-15 06:39:03,PythonNDN,10000,0.6978
SCALE_O_PythonNDN_10000_072,3,2026-08-15 06:39:41,PythonNDN,10000,0.7476
SCALE_O_PythonNDN_10000_073,3,2026-08-15 06:43:16,PythonNDN,10000,0.707
SCALE_O_PythonNDN_10000_074,3,2026-08-15 06:44:59,PythonNDN,10000,0.7719
SCALE_O_PythonNDN_10000_075,3,2026-08-15 06:46:56,PythonNDN,10000,0.7353
SCALE_O_PythonNDN_10000_076,3,2026-08-15 06:47:50,PythonNDN,10000,0.7763
SCALE_O_PythonNDN_10000_077,3,2026-08-15 06:49:12,PythonNDN,10000,0.7819
SCALE_O_PythonNDN_10000_078,3,2026-08-15 06:51:17,PythonNDN,10000,0.7455
SCALE_O_PythonNDN_10000_079,3,2026-08-15 06:52:32,PythonNDN,10000,0.7306
SCALE_O_PythonNDN_10000_080,3,2026-08-15 06:56:02,PythonNDN,10000,0.7433
SCALE_O_PythonNDN_10000_081,3,2026-08-15 07:01:20,PythonNDN,10000,0.7867
SCALE_O_PythonNDN_10000_082,3,2026-08-15 07:05:16,PythonNDN,10000,0.6471
SCALE_O_PythonNDN_10000_083,3,2026-08-15 07:10:56,PythonNDN,10000,0.7338
SCALE_O_PythonNDN_10000_084,3,2026-08-15 07:13:04,PythonNDN,10000,0.7284
SCALE_O_PythonNDN_10000_085,3,2026-08-15 07:14:28,PythonNDN,10000,0.7046
SCALE_O_PythonNDN_10000_086,3,2026-08-15 07:15:15,PythonNDN,10000,0.6735
SCALE_O_PythonNDN_10000_087,3,2026-08-15 07:16:04,PythonNDN,10000,0.7323
SCALE_O_PythonNDN_10000_088,3,2026-08-15 07:17:05,PythonNDN,10000,0.7464
SCALE_O_PythonNDN_10000_089,3,2026-08-15 07:22:14,PythonNDN,10000,0.7066
SCALE_O_PythonNDN_10000_090,3,2026-08-15 07:23:21,PythonNDN,10000,0.7141
SCALE_O_PythonNDN_10000_091,3,2026-08-15 07:23:37,PythonNDN,10000,0.7758
SCALE_O_PythonNDN_10000_092,3,2026-08-15 07:28:46,PythonNDN,10000,0.763
SCALE_O_NFD_1000_032,1,2026-08-15 12:50:39,NFD,1000,0.9723
SCALE_O_NFD_1000_033,1,2026-08-15 12:53:30,NFD,1000,0.884
SCALE_O_NFD_1000_034,1,2026-08-15 12:57:19,NFD,1000,0.8763
SCALE_O_NFD_1000_035,1,2026-08-15 12:59:57,NFD,1000,0.9432
SCALE_O_NFD_1000_036,1,2026-08-15 13:04:01,NFD,1000,0.9037
SCALE_O_NFD_1000_037,1,2026-08-15 13:07:09,NFD,1000,0.9388
SCALE_O_NFD_1000_038,1,2026-08-15 13:09:17,NFD,1000,0.9085
SCALE_O_NFD_1000_039,1,2026-08-15 13:12:02,NFD,1000,0.885
SCALE_O_NFD_1000_040,1,2026-08-15 13:15:42,NFD,1000,0.9174
SCALE_O_NFD_1000_041,1,2026-08-15 13:21:04,NFD,1000,0.8978
SCALE_O_NFD_1000_042,1,2026-08-15 13:23:21,NFD,1000,0.9892
SCALE_O_NFD_1000_043,1,2026-08-15 13:25:41,NFD,1000,0.9601
SCALE_O_NFD_1000_044,1,2026-08-15 13:29:05,NFD,1000,0.9155
SCALE_O_NFD_1000_045,1,2026-08-15 13:30:07,NFD,1000,0.9682
SCALE_O_NFD_1000_046,1,2026-08-15 13:32:02,NFD,1000,0.9119
SCALE_O_NFD_1000_047,1,2026-08-15 13:33:22,NFD,1000,0.9624
SCALE_O_NFD_1000_048,1,2026-08-15 13:34:55,NFD,1000,0.8887
SCALE_O_NFD_1000_049,1,2026-08-15 13:35:51,NFD,1000,0.9538
SCALE_O_NFD_1000_050,1,2026-08-15 13:36:56,NFD,1000,0.8188
SCALE_O_NFD_1000_051,1,2026-08-15 13:38:55,NFD,1000,0.8818
SCALE_O_uDCN_1000000_138,6,2026-08-15 14:43:53,uDCN,1000000,0.4489
SCALE_O_uDCN_1000000_139,6,2026-08-15 14:46:10,uDCN,1000000,0.4388
SCALE_O_uDCN_1000000_140,6,2026-08-15 14:47:34,uDCN,1000000,0.4598
SCALE_O_uDCN_1000000_141,6,2026-08-15 14:51:07,uDCN,1000000,0.4696
SCALE_O_uDCN_1000000_142,6,2026-08-15 14:52:11,uDCN,1000000,0.4348
SCALE_O_uDCN_1000000_143,6,2026-08-15 14:53:03,uDCN,1000000,0.4211
SCALE_O_uDCN_1000000_144,6,2026-08-15 14:56:24,uDCN,1000000,0.4315
SCALE_O_uDCN_1000000_145,6,2026-08-15 14:58:08,uDCN,1000000,0.3999
SCALE_O_uDCN_1000000_146,6,2026-08-15 15:00:52,uDCN,1000000,0.4318
SCALE_O_uDCN_1000000_147,6,2026-08-15 15:01:33,uDCN,1000000,0.4606
SCALE_O_uDCN_1000000_148,6,2026-08-15 15:03:30,uDCN,1000000,0.4492
SCALE_O_uDCN_1000000_149,6,2026-08-15 15:04:25,uDCN,1000000,0.4352
SCALE_O_uDCN_1000000_150,6,2026-08-15 15:07:32,uDCN,1000000,0.4505
SCALE_O_uDCN_100000_001,0,2026-08-15 17:00:00,uDCN,100000,0.8494
SCALE_O_uDCN_100000_002,0,2026-08-15 17:04:41,uDCN,100000,0.8294
SCALE_O_uDCN_100000_003,0,2026-08-15 17:06:12,uDCN,100000,0.7736
SCALE_O_uDCN_100000_004,0,2026-08-15 17:07:38,uDCN,100000,0.8028
SCALE_O_uDCN_100000_005,0,2026-08-15 17:09:06,uDCN,100000,0.8121
SCALE_O_uDCN_100000_006,0,2026-08-15 17:13:23,uDCN,100000,0.8149
SCALE_O_uDCN_100000_007,0,2026-08-15 17:16:11,uDCN,100000,0.8359
SCALE_O_uDCN_100000_008,0,2026-08-15 17:18:08,uDCN,100000,0.8318
SCALE_O_uDCN_100000_009,0,2026-08-15 17:19:35,uDCN,100000,0.8762
SCALE_O_uDCN_100000_010,0,2026-08-15 17:21:43,uDCN,100000,0.7838
SCALE_O_uDCN_100000_011,0,2026-08-15 17:27:14,uDCN,100000,0.836
SCALE_O_uDCN_100000_012,0,2026-08-15 17:30:40,uDCN,100000,0.8433
SCALE_O_uDCN_100000_013,0,2026-08-15 17:31:41,uDCN,100000,0.8936
SCALE_O_uDCN_100000_014,0,2026-08-15 17:34:06,uDCN,100000,0.7673
SCALE_O_uDCN_100000_015,0,2026-08-15 17:34:48,uDCN,100000,0.803
SCALE_O_uDCN_100000_016,0,2026-08-15 17:35:40,uDCN,100000,0.7927
SCALE_O_uDCN_100000_017,0,2026-08-15 17:38:19,uDCN,100000,0.8377
SCALE_O_uDCN_300000_043,2,2026-08-15 17:39:11,uDCN,300000,0.6056
SCALE_O_uDCN_100000_018,0,2026-08-15 17:39:33,uDCN,100000,0.8366
SCALE_O_uDCN_300000_044,2,2026-08-15 17:41:19,uDCN,300000,0.5591
SCALE_O_uDCN_100000_019,0,2026-08-15 17:44:08,uDCN,100000,0.8189
SCALE_O_uDCN_100000_020,0,2026-08-15 17:45:11,uDCN,100000,0.7955
SCALE_O_uDCN_300000_045,2,2026-08-15 17:46:16,uDCN,300000,0.6258
SCALE_O_uDCN_100000_021,0,2026-08-15 17:47:29,uDCN,100000,0.9073
SCALE_O_uDCN_300000_046,2,2026-08-15 17:48:26,uDCN,300000,0.6005
SCALE_O_uDCN_100000_022,0,2026-08-15 17:48:28,uDCN,100000,0.7721
SCALE_O_uDCN_100000_023,0,2026-08-15 17:49:19,uDCN,100000,0.8536
SCALE_O_uDCN_300000_047,2,2026-08-15 17:49:20,uDCN,300000,0.6516
SCALE_O_uDCN_300000_048,2,2026-08-15 17:51:02,uDCN,300000,0.5795
SCALE_O_uDCN_100000_024,0,2026-08-15 17:53:13,uDCN,100000,0.7765
SCALE_O_uDCN_300000_049,2,2026-08-15 17:53:36,uDCN,300000,0.5801
SCALE_O_uDCN_300000_050,2,2026-08-15 17:54:22,uDCN,300000,0.593
SCALE_O_uDCN_100000_025,0,2026-08-15 17:54:54,uDCN,100000,0.7636
SCALE_O_uDCN_300000_051,2,2026-08-15 17:55:38,uDCN,300000,0.5874
SCALE_O_uDCN_100000_026,0,2026-08-15 17:57:23,uDCN,100000,0.8515
SCALE_O_uDCN_100000_027,0,2026-08-15 17:58:51,uDCN,100000,0.8895
SCALE_O_CCNlite_1000000_001,0,2026-08-15 18:00:00,CCNlite,1000000,0.2679
SCALE_O_uDCN_100000_028,0,2026-08-15 18:00:04,uDCN,100000,0.8184
SCALE_O_CCNlite_1000000_002,0,2026-08-15 18:00:12,CCNlite,1000000,0.2774
SCALE_O_uDCN_100000_029,0,2026-08-15 18:01:55,uDCN,100000,0.8599
SCALE_O_CCNlite_1000000_003,0,2026-08-15 18:03:09,CCNlite,1000000,0.2769
SCALE_O_uDCN_300000_052,2,2026-08-15 18:03:59,uDCN,300000,0.6243
SCALE_O_CCNlite_1000000_004,0,2026-08-15 18:04:23,CCNlite,1000000,0.2674
SCALE_O_uDCN_100000_030,0,2026-08-15 18:04:59,uDCN,100000,0.8345
SCALE_O_uDCN_100000_031,0,2026-08-15 18:07:24,uDCN,100000,0.8023
SCALE_O_CCNlite_1000000_005,0,2026-08-15 18:07:28,CCNlite,1000000,0.2607
SCALE_O_uDCN_300000_053,2,2026-08-15 18:07:42,uDCN,300000,0.6667
SCALE_O_uDCN_100000_032,0,2026-08-15 18:07:49,uDCN,100000,0.7733
SCALE_O_uDCN_300000_054,2,2026-08-15 18:08:18,uDCN,300000,0.5241
SCALE_O_CCNlite_1000000_006,0,2026-08-15 18:10:13,CCNlite,1000000,0.2639
SCALE_O_uDCN_100000_033,0,2026-08-15 18:10:21,uDCN,100000,0.8401
SCALE_O_uDCN_300000_055,2,2026-08-15 18:10:22,uDCN,300000,0.5922
SCALE_O_uDCN_300000_056,2,2026-08-15 18:11:42,uDCN,300000,0.5982
SCALE_O_uDCN_300000_057,2,2026-08-15 18:12:38,uDCN,300000,0.6134
SCALE_O_CCNlite_1000000_007,0,2026-08-15 18:12:45,CCNlite,1000000,0.2547
SCALE_O_uDCN_300000_058,2,2026-08-15 18:14:03,uDCN,300000,0.6343
SCALE_O_CCNlite_1000000_008,0,2026-08-15 18:14:44,CCNlite,1000000,0.2676
SCALE_O_uDCN_300000_059,2,2026-08-15 18:15:51,uDCN,300000,0.6201
SCALE_O_CCNlite_1000000_009,0,2026-08-15 18:16:22,CCNlite,1000000,0.2854
SCALE_O_CCNlite_1000000_010,0,2026-08-15 18:18:57,CCNlite,1000000,0.2666
SCALE_O_uDCN_300000_060,2,2026-08-15 18:20:05,uDCN,300000,0.6277
SCALE_O_CCNlite_1000000_011,0,2026-08-15 18:21:03,CCNlite,1000000,0.2735
SCALE_O_uDCN_300000_061,2,2026-08-15 18:22:48,uDCN,300000,0.5765
SCALE_O_uDCN_300000_062,2,2026-08-15 18:24:39,uDCN,300000,0.5473
SCALE_O_CCNlite_1000000_012,0,2026-08-15 18:27:57,CCNlite,1000000,0.2594
SCALE_O_uDCN_300000_063,2,2026-08-15 18:29:52,uDCN,300000,0.584
SCALE_O_CCNlite_1000000_013,0,2026-08-15 18:32:17,CCNlite,1000000,0.309
SCALE_O_uDCN_300000_064,2,2026-08-15 18:33:22,uDCN,300000,0.5774
SCALE_O_CCNlite_1000000_014,0,2026-08-15 18:36:48,CCNlite,1000000,0.2655
SCALE_O_uDCN_300000_065,2,2026-08-15 18:37:28,uDCN,300000,0.6244
SCALE_O_CCNlite_1000000_015,0,2026-08-15 18:39:23,CCNlite,1000000,0.2545
SCALE_O_CCNlite_1000000_016,0,2026-08-15 18:40:50,CCNlite,1000000,0.2761
SCALE_O_uDCN_300000_066,2,2026-08-15 18:41:06,uDCN,300000,0.6091
SCALE_O_uDCN_300000_067,2,2026-08-15 18:42:44,uDCN,300000,0.6129
SCALE_O_CCNlite_1000000_017,0,2026-08-15 18:43:34,CCNlite,1000000,0.3117
SCALE_O_CCNlite_1000000_018,0,2026-08-15 18:44:28,CCNlite,1000000,0.2712
SCALE_O_uDCN_300000_068,2,2026-08-15 18:45:43,uDCN,300000,0.5815
SCALE_O_CCNlite_1000000_019,0,2026-08-15 18:46:16,CCNlite,1000000,0.2661
SCALE_O_CCNlite_1000000_020,0,2026-08-15 18:47:41,CCNlite,1000000,0.2659
SCALE_O_uDCN_300000_069,2,2026-08-15 18:47:53,uDCN,300000,0.5803
SCALE_O_CCNlite_1000000_021,0,2026-08-15 18:51:19,CCNlite,1000000,0.2626
SCALE_O_CCNlite_1000000_022,0,2026-08-15 18:54:38,CCNlite,1000000,0.2837
SCALE_O_CCNlite_1000000_023,0,2026-08-15 18:55:59,CCNlite,1000000,0.2669
SCALE_O_CCNlite_1000000_024,0,2026-08-15 18:59:36,CCNlite,1000000,0.2743
SCALE_O_CCNlite_1000000_025,0,2026-08-15 19:00:34,CCNlite,1000000,0.2792
SCALE_O_CCNlite_1000000_026,0,2026-08-15 19:02:17,CCNlite,1000000,0.2605
SCALE_O_CCNlite_1000000_027,0,2026-08-15 19:03:42,CCNlite,1000000,0.276
SCALE_O_PythonNDN_1000000_029,1,2026-08-16 00:24:16,PythonNDN,1000000,0.1428
SCALE_O_PythonNDN_1000000_030,1,2026-08-16 00:24:52,PythonNDN,1000000,0.1238
SCALE_O_PythonNDN_1000000_031,1,2026-08-16 00:25:46,PythonNDN,1000000,0.1374
SCALE_O_PythonNDN_1000000_032,1,2026-08-16 00:26:47,PythonNDN,1000000,0.131
SCALE_O_PythonNDN_1000000_033,1,2026-08-16 00:27:45,PythonNDN,1000000,0.1305
SCALE_O_PythonNDN_1000000_034,1,2026-08-16 00:31:33,PythonNDN,1000000,0.1288
SCALE_O_PythonNDN_1000000_035,1,2026-08-16 00:34:08,PythonNDN,1000000,0.1404
SCALE_O_PythonNDN_1000000_036,1,2026-08-16 00:36:23,PythonNDN,1000000,0.1372
SCALE_O_PythonNDN_1000000_037,1,2026-08-16 00:39:25,PythonNDN,1000000,0.1308
SCALE_O_PythonNDN_1000000_038,1,2026-08-16 00:41:48,PythonNDN,1000000,0.141
SCALE_O_PythonNDN_1000000_039,1,2026-08-16 00:44:18,PythonNDN,1000000,0.1304
SCALE_O_PythonNDN_1000000_040,1,2026-08-16 00:45:47,PythonNDN,1000000,0.126
SCALE_O_PythonNDN_1000000_041,1,2026-08-16 00:46:09,PythonNDN,1000000,0.1337
SCALE_O_PythonNDN_1000000_042,1,2026-08-16 00:49:21,PythonNDN,1000000,0.128
SCALE_O_PythonNDN_1000000_043,1,2026-08-16 00:50:36,PythonNDN,1000000,0.1448
SCALE_O_PythonNDN_1000000_044,1,2026-08-16 00:51:30,PythonNDN,1000000,0.1264
SCALE_O_PythonNDN_1000000_045,1,2026-08-16 00:52:35,PythonNDN,1000000,0.1331
SCALE_O_PythonNDN_1000000_046,1,2026-08-16 00:53:28,PythonNDN,1000000,0.128
SCALE_O_PythonNDN_1000000_047,1,2026-08-16 00:59:31,PythonNDN,1000000,0.1288
SCALE_O_PythonNDN_1000000_048,1,2026-08-16 01:00:58,PythonNDN,1000000,0.1206
SCALE_O_PythonNDN_1000000_049,1,2026-08-16 01:05:55,PythonNDN,1000000,0.1368
SCALE_O_PythonNDN_1000000_050,1,2026-08-16 01:08:52,PythonNDN,1000000,0.1337
SCALE_O_PythonNDN_1000000_051,1,2026-08-16 01:10:49,PythonNDN,1000000,0.1231
SCALE_O_PythonNDN_1000000_052,1,2026-08-16 01:12:47,PythonNDN,1000000,0.1384
SCALE_O_PythonNDN_1000000_053,1,2026-08-16 01:16:37,PythonNDN,1000000,0.1309
SCALE_O_PythonNDN_1000000_054,1,2026-08-16 01:19:07,PythonNDN,1000000,0.1242
SCALE_O_PythonNDN_1000000_055,1,2026-08-16 01:22:14,PythonNDN,1000000,0.136
SCALE_O_PythonNDN_1000000_056,1,2026-08-16 01:24:32,PythonNDN,1000000,0.1279
SCALE_O_PythonNDN_1000000_057,1,2026-08-16 01:26:55,PythonNDN,1000000,0.1247
SCALE_O_PythonNDN_1000000_058,1,2026-08-16 01:28:08,PythonNDN,1000000,0.1292
SCALE_O_PythonNDN_1000000_059,1,2026-08-16 01:31:24,PythonNDN,1000000,0.1332
SCALE_O_PythonNDN_1000000_060,1,2026-08-16 01:34:14,PythonNDN,1000000,0.1304
SCALE_O_PythonNDN_1000000_061,1,2026-08-16 01:36:41,PythonNDN,1000000,0.1192
SCALE_O_NFD_1000_052,2,2026-08-16 02:35:29,NFD,1000,0.9275
SCALE_O_NFD_1000_053,2,2026-08-16 02:39:01,NFD,1000,0.9158
SCALE_O_NFD_1000_054,2,2026-08-16 02:40:56,NFD,1000,0.929
SCALE_O_NFD_1000_055,2,2026-08-16 02:41:57,NFD,1000,0.9635
SCALE_O_NFD_1000_056,2,2026-08-16 02:45:16,NFD,1000,0.9092
SCALE_O_NFD_1000_057,2,2026-08-16 02:45:40,NFD,1000,0.9205
SCALE_O_NFD_1000_058,2,2026-08-16 02:47:53,NFD,1000,0.9081
SCALE_O_NFD_1000_059,2,2026-08-16 02:49:23,NFD,1000,0.8939
SCALE_O_NFD_1000_060,2,2026-08-16 02:50:54,NFD,1000,0.9378
SCALE_O_NFD_1000_061,2,2026-08-16 02:55:23,NFD,1000,0.9086
SCALE_O_NFD_1000_062,2,2026-08-16 03:00:33,NFD,1000,0.921
SCALE_O_NFD_1000_063,2,2026-08-16 03:12:33,NFD,1000,0.911
SCALE_O_NFD_1000_064,2,2026-08-16 03:14:58,NFD,1000,0.8833
SCALE_O_NFD_1000_065,2,2026-08-16 03:16:44,NFD,1000,0.9132
SCALE_O_NFD_1000_066,2,2026-08-16 03:18:38,NFD,1000,0.8886
SCALE_O_NFD_1000_067,2,2026-08-16 03:20:00,NFD,1000,0.8442
SCALE_O_NFD_1000_068,2,2026-08-16 03:22:33,NFD,1000,0.9982
SCALE_O_NFD_1000_069,2,2026-08-16 03:26:21,NFD,1000,0.8684
SCALE_O_NFD_1000_070,2,2026-08-16 03:30:01,NFD,1000,0.9697
SCALE_O_NFD_1000_071,2,2026-08-16 03:31:28,NFD,1000,0.9022
SCALE_O_NFD_1000_072,2,2026-08-16 03:32:23,NFD,1000,0.8631
SCALE_O_NFD_1000_073,2,2026-08-16 03:36:00,NFD,1000,0.8776
SCALE_O_NFD_1000_074,2,2026-08-16 03:37:08,NFD,1000,0.917
SCALE_O_NFD_1000_075,2,2026-08-16 03:39:22,NFD,1000,0.8442
SCALE_O_PythonNDN_10000_093,4,2026-08-16 07:57:04,PythonNDN,10000,0.7913
SCALE_O_PythonNDN_10000_094,4,2026-08-16 07:58:44,PythonNDN,10000,0.7329
SCALE_O_PythonNDN_10000_095,4,2026-08-16 08:00:42,PythonNDN,10000,0.7769
SCALE_O_PythonNDN_10000_096,4,2026-08-16 08:02:18,PythonNDN,10000,0.716
SCALE_O_PythonNDN_10000_097,4,2026-08-16 08:02:56,PythonNDN,10000,0.7397
SCALE_O_PythonNDN_10000_098,4,2026-08-16 08:03:19,PythonNDN,10000,0.7697
SCALE_O_PythonNDN_10000_099,4,2026-08-16 08:05:40,PythonNDN,10000,0.7499
SCALE_O_PythonNDN_10000_100,4,2026-08-16 08:07:01,PythonNDN,10000,0.7196
SCALE_O_PythonNDN_10000_101,4,2026-08-16 08:08:56,PythonNDN,10000,0.7538
SCALE_O_PythonNDN_10000_102,4,2026-08-16 08:09:56,PythonNDN,10000,0.7298
SCALE_O_PythonNDN_10000_103,4,2026-08-16 08:13:34,PythonNDN,10000,0.7639
SCALE_O_PythonNDN_10000_104,4,2026-08-16 08:15:18,PythonNDN,10000,0.77
SCALE_O_PythonNDN_10000_105,4,2026-08-16 08:19:18,PythonNDN,10000,0.6894
SCALE_O_PythonNDN_10000_106,4,2026-08-16 08:23:23,PythonNDN,10000,0.6813
SCALE_O_PythonNDN_300000_001,0,2026-08-16 10:00:00,PythonNDN,300000,0.2657
SCALE_O_PythonNDN_300000_002,0,2026-08-16 10:02:15,PythonNDN,300000,0.2436
SCALE_O_PythonNDN_300000_003,0,2026-08-16 10:08:05,PythonNDN,300000,0.2247
SCALE_O_PythonNDN_300000_004,0,2026-08-16 10:09:20,PythonNDN,300000,0.2364
SCALE_O_PythonNDN_300000_005,0,2026-08-16 10:10:15,PythonNDN,300000,0.2458
SCALE_O_PythonNDN_300000_006,0,2026-08-16 10:11:56,PythonNDN,300000,0.2416
SCALE_O_PythonNDN_300000_007,0,2026-08-16 10:12:35,PythonNDN,300000,0.2546
SCALE_O_PythonNDN_300000_008,0,2026-08-16 10:14:57,PythonNDN,300000,0.2253
SCALE_O_PythonNDN_300000_009,0,2026-08-16 10:17:34,PythonNDN,300000,0.2431
SCALE_O_PythonNDN_300000_010,0,2026-08-16 10:18:18,PythonNDN,300000,0.2486
SCALE_O_PythonNDN_300000_011,0,2026-08-16 10:18:56,PythonNDN,300000,0.2534
SCALE_O_PythonNDN_300000_012,0,2026-08-16 10:20:18,PythonNDN,300000,0.2575
SCALE_O_PythonNDN_300000_013,0,2026-08-16 10:23:08,PythonNDN,300000,0.2716
SCALE_O_PythonNDN_300000_014,0,2026-08-16 10:24:21,PythonNDN,300000,0.2391
SCALE_O_PythonNDN_300000_015,0,2026-08-16 10:24:59,PythonNDN,300000,0.2503
SCALE_O_PythonNDN_300000_016,0,2026-08-16 10:28:43,PythonNDN,300000,0.2472
SCALE_O_PythonNDN_300000_017,0,2026-08-16 10:30:27,PythonNDN,300000,0.2572
SCALE_O_PythonNDN_300000_018,0,2026-08-16 10:33:27,PythonNDN,300000,0.2522
SCALE_O_PythonNDN_300000_019,0,2026-08-16 10:37:19,PythonNDN,300000,0.2478
SCALE_O_PythonNDN_300000_020,0,2026-08-16 10:38:47,PythonNDN,300000,0.2687
SCALE_O_uDCN_1000_077,3,2026-08-16 12:58:29,uDCN,1000,0.9354
SCALE_O_uDCN_1000_078,3,2026-08-16 13:01:05,uDCN,1000,0.9772
SCALE_O_uDCN_1000_079,3,2026-08-16 13:02:58,uDCN,1000,0.9859
SCALE_O_uDCN_1000_080,3,2026-08-16 13:08:05,uDCN,1000,0.9877
SCALE_O_uDCN_1000_081,3,2026-08-16 13:11:12,uDCN,1000,0.9883
SCALE_O_uDCN_1000_082,3,2026-08-16 13:13:44,uDCN,1000,0.9647
SCALE_O_uDCN_1000_083,3,2026-08-16 13:14:20,uDCN,1000,0.9641
SCALE_O_uDCN_1000_084,3,2026-08-16 13:19:59,uDCN,1000,0.9201
SCALE_O_uDCN_1000_085,3,2026-08-16 13:20:59,uDCN,1000,0.9754
SCALE_O_uDCN_1000_086,3,2026-08-16 13:21:27,uDCN,1000,0.9516
SCALE_O_uDCN_1000_087,3,2026-08-16 13:23:02,uDCN,1000,1.0
SCALE_O_uDCN_1000_088,3,2026-08-16 13:24:43,uDCN,1000,0.8986
SCALE_O_uDCN_1000_089,3,2026-08-16 13:27:59,uDCN,1000,1.0
SCALE_O_uDCN_1000_090,3,2026-08-16 13:29:27,uDCN,1000,0.9244
SCALE_O_CCNlite_1000000_028,1,2026-08-16 18:20:13,CCNlite,1000000,0.2661
SCALE_O_CCNlite_1000000_029,1,2026-08-16 18:21:20,CCNlite,1000000,0.2752
SCALE_O_CCNlite_1000000_030,1,2026-08-16 18:23:01,CCNlite,1000000,0.2545
SCALE_O_CCNlite_1000000_031,1,2026-08-16 18:25:12,CCNlite,1000000,0.27
SCALE_O_CCNlite_1000000_032,1,2026-08-16 18:26:22,CCNlite,1000000,0.2584
SCALE_O_CCNlite_1000000_033,1,2026-08-16 18:26:53,CCNlite,1000000,0.2512
SCALE_O_CCNlite_1000000_034,1,2026-08-16 18:32:09,CCNlite,1000000,0.2739
SCALE_O_CCNlite_1000000_035,1,2026-08-16 18:34:43,CCNlite,1000000,0.2739
SCALE_O_CCNlite_1000000_036,1,2026-08-16 18:36:11,CCNlite,1000000,0.2715
SCALE_O_CCNlite_1000000_037,1,2026-08-16 18:37:18,CCNlite,1000000,0.2494
SCALE_O_CCNlite_1000000_038,1,2026-08-16 18:38:22,CCNlite,1000000,0.2767
SCALE_O_CCNlite_1000000_039,1,2026-08-16 18:39:34,CCNlite,1000000,0.2734
SCALE_O_CCNlite_1000000_040,1,2026-08-16 18:42:14,CCNlite,1000000,0.2739
SCALE_O_CCNlite_1000000_041,1,2026-08-16 18:45:14,CCNlite,1000000,0.2649
SCALE_O_CCNlite_1000000_042,1,2026-08-16 18:48:02,CCNlite,1000000,0.248
SCALE_O_CCNlite_1000000_043,1,2026-08-16 18:49:40,CCNlite,1000000,0.2648
SCALE_O_CCNlite_1000000_044,1,2026-08-16 18:51:46,CCNlite,1000000,0.2547
SCALE_O_CCNlite_1000000_045,1,2026-08-16 18:53:39,CCNlite,1000000,0.2836
SCALE_O_CCNlite_1000000_046,1,2026-08-16 18:55:21,CCNlite,1000000,0.2712
SCALE_O_CCNlite_1000000_047,1,2026-08-16 18:59:23,CCNlite,1000000,0.2608
SCALE_O_CCNlite_1000000_048,1,2026-08-16 19:02:48,CCNlite,1000000,0.2629
SCALE_O_CCNlite_1000000_049,1,2026-08-16 19:04:15,CCNlite,1000000,0.2553
SCALE_O_uDCN_300000_070,3,2026-08-16 19:41:41,uDCN,300000,0.572
SCALE_O_uDCN_300000_071,3,2026-08-16 19:43:23,uDCN,300000,0.6382
SCALE_O_uDCN_300000_072,3,2026-08-16 19:46:40,uDCN,300000,0.6016
SCALE_O_uDCN_300000_073,3,2026-08-16 19:46:55,uDCN,300000,0.6176
SCALE_O_uDCN_300000_074,3,2026-08-16 19:48:01,uDCN,300000,0.5705
SCALE_O_uDCN_300000_075,3,2026-08-16 19:51:23,uDCN,300000,0.6101
SCALE_O_uDCN_300000_076,3,2026-08-16 19:52:00,uDCN,300000,0.6627
SCALE_O_uDCN_300000_077,3,2026-08-16 19:54:00,uDCN,300000,0.5693
SCALE_O_uDCN_300000_078,3,2026-08-16 19:57:52,uDCN,300000,0.5721
SCALE_O_uDCN_300000_079,3,2026-08-16 20:03:02,uDCN,300000,0.54
SCALE_O_uDCN_300000_080,3,2026-08-16 20:06:29,uDCN,300000,0.6042
SCALE_O_uDCN_300000_081,3,2026-08-16 20:07:45,uDCN,300000,0.6113
SCALE_O_uDCN_300000_082,3,2026-08-16 20:08:52,uDCN,300000,0.5541
SCALE_O_uDCN_300000_083,3,2026-08-16 20:11:02,uDCN,300000,0.6141
SCALE_O_uDCN_300000_084,3,2026-08-16 20:13:06,uDCN,300000,0.646
SCALE_O_uDCN_300000_085,3,2026-08-16 20:15:18,uDCN,300000,0.5817
SCALE_O_uDCN_300000_086,3,2026-08-16 20:18:46,uDCN,300000,0.5817
SCALE_O_uDCN_300000_087,3,2026-08-16 20:21:42,uDCN,300000,0.5944
SCALE_O_uDCN_300000_088,3,2026-08-16 20:25:13,uDCN,300000,0.6658
SCALE_O_uDCN_300000_089,3,2026-08-16 20:26:26,uDCN,300000,0.5702
SCALE_O_uDCN_300000_090,3,2026-08-16 20:29:52,uDCN,300000,0.6623
SCALE_O_uDCN_300000_091,3,2026-08-16 20:31:03,uDCN,300000,0.6415
SCALE_O_uDCN_300000_092,3,2026-08-16 20:35:39,uDCN,300000,0.584
SCALE_O_uDCN_300000_093,3,2026-08-16 20:37:30,uDCN,300000,0.5996
SCALE_O_NFD_5000000_057,2,2026-08-16 20:39:15,NFD,5000000,0.0965
SCALE_O_NFD_5000000_058,2,2026-08-16 20:40:01,NFD,5000000,0.093
SCALE_O_NFD_5000000_059,2,2026-08-16 20:42:26,NFD,5000000,0.0929
SCALE_O_NFD_5000000_060,2,2026-08-16 20:48:16,NFD,5000000,0.1011
SCALE_O_NFD_5000000_061,2,2026-08-16 20:51:45,NFD,5000000,0.094
SCALE_O_NFD_5000000_062,2,2026-08-16 20:57:03,NFD,5000000,0.1009
SCALE_O_NFD_5000000_063,2,2026-08-16 20:59:14,NFD,5000000,0.1038
SCALE_O_NFD_5000000_064,2,2026-08-16 21:01:18,NFD,5000000,0.0966
SCALE_O_PythonNDN_10000_107,5,2026-08-16 21:01:42,PythonNDN,10000,0.6982
SCALE_O_PythonNDN_10000_108,5,2026-08-16 21:01:56,PythonNDN,10000,0.7202
SCALE_O_PythonNDN_10000_109,5,2026-08-16 21:04:13,PythonNDN,10000,0.715
SCALE_O_NFD_5000000_065,2,2026-08-16 21:05:00,NFD,5000000,0.1037
SCALE_O_NFD_5000000_066,2,2026-08-16 21:07:15,NFD,5000000,0.0889
SCALE_O_PythonNDN_10000_110,5,2026-08-16 21:07:38,PythonNDN,10000,0.7648
SCALE_O_PythonNDN_10000_111,5,2026-08-16 21:08:12,PythonNDN,10000,0.7281
SCALE_O_NFD_5000000_067,2,2026-08-16 21:08:33,NFD,5000000,0.0966
SCALE_O_NFD_5000000_068,2,2026-08-16 21:10:11,NFD,5000000,0.0944
SCALE_O_PythonNDN_10000_112,5,2026-08-16 21:10:30,PythonNDN,10000,0.7412
SCALE_O_NFD_5000000_069,2,2026-08-16 21:11:35,NFD,5000000,0.1041
SCALE_O_PythonNDN_10000_113,5,2026-08-16 21:12:47,PythonNDN,10000,0.7466
SCALE_O_NFD_5000000_070,2,2026-08-16 21:12:49,NFD,5000000,0.0994
SCALE_O_PythonNDN_10000_114,5,2026-08-16 21:14:10,PythonNDN,10000,0.7559
SCALE_O_PythonNDN_10000_115,5,2026-08-16 21:14:38,PythonNDN,10000,0.7161
SCALE_O_NFD_5000000_071,2,2026-08-16 21:15:29,NFD,5000000,0.1011
SCALE_O_PythonNDN_10000_116,5,2026-08-16 21:16:32,PythonNDN,10000,0.6964
SCALE_O_NFD_5000000_072,2,2026-08-16 21:17:15,NFD,5000000,0.1009
SCALE_O_NFD_5000000_073,2,2026-08-16 21:18:54,NFD,5000000,0.1005
SCALE_O_PythonNDN_10000_117,5,2026-08-16 21:19:45,PythonNDN,10000,0.7949
SCALE_O_NFD_5000000_074,2,2026-08-16 21:22:04,NFD,5000000,0.095
SCALE_O_PythonNDN_10000_118,5,2026-08-16 21:22:40,PythonNDN,10000,0.7909
SCALE_O_NFD_5000000_075,2,2026-08-16 21:23:10,NFD,5000000,0.1005
SCALE_O_NFD_5000000_076,2,2026-08-16 21:25:23,NFD,5000000,0.106
SCALE_O_PythonNDN_10000_119,5,2026-08-16 21:25:51,PythonNDN,10000,0.7275
SCALE_O_PythonNDN_10000_120,5,2026-08-16 21:26:35,PythonNDN,10000,0.7329
SCALE_O_NFD_5000000_077,2,2026-08-16 21:28:32,NFD,5000000,0.1033
SCALE_O_PythonNDN_10000_121,5,2026-08-16 21:30:37,PythonNDN,10000,0.734
SCALE_O_NFD_5000000_078,2,2026-08-16 21:30:39,NFD,5000000,0.0901
SCALE_O_NFD_5000000_079,2,2026-08-16 21:32:26,NFD,5000000,0.0959
SCALE_O_NFD_5000000_080,2,2026-08-16 21:33:24,NFD,5000000,0.0982
SCALE_O_NFD_1000_076,3,2026-08-16 21:34:47,NFD,1000,0.9295
SCALE_O_NFD_1000_077,3,2026-08-16 21:35:25,NFD,1000,0.8982
SCALE_O_NFD_1000_078,3,2026-08-16 21:36:56,NFD,1000,0.8831
SCALE_O_NFD_1000_079,3,2026-08-16 21:39:31,NFD,1000,0.9465
SCALE_O_NFD_1000_080,3,2026-08-16 21:42:24,NFD,1000,0.9046
SCALE_O_NFD_1000_081,3,2026-08-16 21:45:52,NFD,1000,0.9144
SCALE_O_NFD_1000_082,3,2026-08-16 21:50:30,NFD,1000,0.8634
SCALE_O_NFD_1000_083,3,2026-08-16 21:52:22,NFD,1000,0.9514
SCALE_O_NFD_1000_084,3,2026-08-16 21:55:44,NFD,1000,0.9318
SCALE_O_NFD_1000_085,3,2026-08-16 21:59:05,NFD,1000,0.8604
SCALE_O_NFD_1000_086,3,2026-08-16 22:01:04,NFD,1000,0.9236
SCALE_O_NFD_1000_087,3,2026-08-16 22:03:46,NFD,1000,0.97
SCALE_O_NFD_1000_088,3,2026-08-16 22:06:15,NFD,1000,0.9381
SCALE_O_NFD_1000_089,3,2026-08-16 22:07:41,NFD,1000,0.929
SCALE_O_NFD_1000_090,3,2026-08-16 22:11:53,NFD,1000,0.8977
SCALE_O_NFD_1000_091,3,2026-08-16 22:14:09,NFD,1000,0.889
SCALE_O_NFD_1000_092,3,2026-08-16 22:15:21,NFD,1000,0.8411
SCALE_O_NFD_1000_093,3,2026-08-16 22:17:03,NFD,1000,0.8703
SCALE_O_NFD_1000_094,3,2026-08-16 22:17:35,NFD,1000,0.8986
SCALE_O_NFD_1000_095,3,2026-08-16 22:21:28,NFD,1000,0.8692
SCALE_O_NFD_1000_096,3,2026-08-16 22:22:59,NFD,1000,0.9993
SCALE_O_NFD_1000_097,3,2026-08-16 22:24:01,NFD,1000,0.8955
SCALE_O_NFD_1000_098,3,2026-08-16 22:26:41,NFD,1000,1.0
SCALE_O_NFD_1000_099,3,2026-08-16 22:28:14,NFD,1000,0.8959
SCALE_O_NFD_1000_100,3,2026-08-16 22:31:32,NFD,1000,0.9076
SCALE_O_NFD_1000_101,3,2026-08-16 22:32:59,NFD,1000,0.8598
SCALE_O_NFD_1000_102,3,2026-08-16 22:35:53,NFD,1000,0.835
SCALE_O_NFD_1000_103,3,2026-08-16 22:38:17,NFD,1000,0.8568
SCALE_O_NFD_1000_104,3,2026-08-16 22:40:43,NFD,1000,0.9549
SCALE_O_NFD_1000_105,3,2026-08-16 22:42:42,NFD,1000,0.9479
SCALE_O_NFD_1000_106,3,2026-08-16 22:45:08,NFD,1000,0.8791
SCALE_O_NFD_1000_107,3,2026-08-16 22:49:29,NFD,1000,0.9033
SCALE_O_NFD_1000_108,3,2026-08-16 22:51:55,NFD,1000,0.9337
SCALE_O_NFD_1000_109,3,2026-08-16 22:53:38,NFD,1000,0.8994
SCALE_O_uDCN_1000_091,4,2026-08-17 00:33:04,uDCN,1000,0.9785
SCALE_O_uDCN_1000_092,4,2026-08-17 00:38:54,uDCN,1000,0.9286
SCALE_O_uDCN_1000_093,4,2026-08-17 00:42:00,uDCN,1000,1.0
SCALE_O_uDCN_1000_094,4,2026-08-17 00:44:10,uDCN,1000,0.989
SCALE_O_uDCN_1000_095,4,2026-08-17 00:46:24,uDCN,1000,0.954
SCALE_O_uDCN_1000_096,4,2026-08-17 00:50:02,uDCN,1000,1.0
SCALE_O_uDCN_1000_097,4,2026-08-17 00:51:35,uDCN,1000,0.9536
SCALE_O_uDCN_1000_098,4,2026-08-17 00:53:47,uDCN,1000,0.9292
SCALE_O_uDCN_1000_099,4,2026-08-17 00:54:29,uDCN,1000,0.9078
SCALE_O_uDCN_1000_100,4,2026-08-17 00:56:34,uDCN,1000,0.9614
SCALE_O_uDCN_1000_101,4,2026-08-17 00:57:54,uDCN,1000,0.9596
SCALE_O_uDCN_1000_102,4,2026-08-17 00:59:47,uDCN,1000,0.9114
SCALE_O_PythonNDN_10000_122,6,2026-08-17 03:25:44,PythonNDN,10000,0.7251
SCALE_O_PythonNDN_10000_123,6,2026-08-17 03:26:19,PythonNDN,10000,0.7334
SCALE_O_PythonNDN_10000_124,6,2026-08-17 03:27:08,PythonNDN,10000,0.8189
SCALE_O_PythonNDN_10000_125,6,2026-08-17 03:33:02,PythonNDN,10000,0.7749
SCALE_O_PythonNDN_10000_126,6,2026-08-17 03:33:43,PythonNDN,10000,0.7188
SCALE_O_PythonNDN_10000_127,6,2026-08-17 03:37:56,PythonNDN,10000,0.7191
SCALE_O_PythonNDN_10000_128,6,2026-08-17 03:38:51,PythonNDN,10000,0.7425
SCALE_O_PythonNDN_10000_129,6,2026-08-17 03:40:23,PythonNDN,10000,0.6974
SCALE_O_PythonNDN_10000_130,6,2026-08-17 03:41:32,PythonNDN,10000,0.765
SCALE_O_PythonNDN_10000_131,6,2026-08-17 03:43:33,PythonNDN,10000,0.761
SCALE_O_PythonNDN_10000_132,6,2026-08-17 03:45:30,PythonNDN,10000,0.6755
SCALE_O_PythonNDN_10000_133,6,2026-08-17 03:50:14,PythonNDN,10000,0.7346
SCALE_O_PythonNDN_10000_134,6,2026-08-17 03:51:58,PythonNDN,10000,0.7597
SCALE_O_PythonNDN_10000_135,6,2026-08-17 03:53:39,PythonNDN,10000,0.7492
SCALE_O_PythonNDN_10000_136,6,2026-08-17 03:55:33,PythonNDN,10000,0.7297
SCALE_O_PythonNDN_10000_137,6,2026-08-17 03:56:21,PythonNDN,10000,0.7207
SCALE_O_PythonNDN_10000_138,6,2026-08-17 03:57:25,PythonNDN,10000,0.7596
SCALE_O_PythonNDN_10000_139,6,2026-08-17 04:00:21,PythonNDN,10000,0.7451
SCALE_O_PythonNDN_10000_140,6,2026-08-17 04:02:56,PythonNDN,10000,0.7347
SCALE_O_PythonNDN_10000_141,6,2026-08-17 04:03:56,PythonNDN,10000,0.6797
SCALE_O_PythonNDN_10000_142,6,2026-08-17 04:05:57,PythonNDN,10000,0.7197
SCALE_O_PythonNDN_10000_143,6,2026-08-17 04:06:55,PythonNDN,10000,0.7083
SCALE_O_PythonNDN_10000_144,6,2026-08-17 04:09:35,PythonNDN,10000,0.7728
SCALE_O_PythonNDN_10000_145,6,2026-08-17 04:11:45,PythonNDN,10000,0.7616
SCALE_O_PythonNDN_10000_146,6,2026-08-17 04:15:40,PythonNDN,10000,0.7354
SCALE_O_PythonNDN_10000_147,6,2026-08-17 04:17:27,PythonNDN,10000,0.687
SCALE_O_PythonNDN_10000_148,6,2026-08-17 04:19:20,PythonNDN,10000,0.728
SCALE_O_PythonNDN_10000_149,6,2026-08-17 04:21:41,PythonNDN,10000,0.712
SCALE_O_PythonNDN_10000_150,6,2026-08-17 04:23:12,PythonNDN,10000,0.6837
SCALE_O_PythonNDN_1000000_062,2,2026-08-17 04:54:48,PythonNDN,1000000,0.1343
SCALE_O_PythonNDN_1000000_063,2,2026-08-17 04:56:13,PythonNDN,1000000,0.1373
SCALE_O_PythonNDN_1000000_064,2,2026-08-17 05:00:46,PythonNDN,1000000,0.1258
SCALE_O_PythonNDN_1000000_065,2,2026-08-17 05:04:16,PythonNDN,1000000,0.1277
SCALE_O_PythonNDN_1000000_066,2,2026-08-17 05:06:33,PythonNDN,1000000,0.1294
SCALE_O_PythonNDN_1000000_067,2,2026-08-17 05:08:50,PythonNDN,1000000,0.1301
SCALE_O_PythonNDN_1000000_068,2,2026-08-17 05:09:46,PythonNDN,1000000,0.1297
SCALE_O_PythonNDN_1000000_069,2,2026-08-17 05:14:19,PythonNDN,1000000,0.134
SCALE_O_PythonNDN_1000000_070,2,2026-08-17 05:15:06,PythonNDN,1000000,0.1236
SCALE_O_PythonNDN_1000000_071,2,2026-08-17 05:18:20,PythonNDN,1000000,0.1198
SCALE_O_PythonNDN_1000000_072,2,2026-08-17 05:20:39,PythonNDN,1000000,0.1221
SCALE_O_PythonNDN_1000000_073,2,2026-08-17 05:24:12,PythonNDN,1000000,0.1206
SCALE_O_PythonNDN_1000000_074,2,2026-08-17 05:25:52,PythonNDN,1000000,0.1328
SCALE_O_PythonNDN_1000000_075,2,2026-08-17 05:27:33,PythonNDN,1000000,0.1288
SCALE_O_PythonNDN_1000000_076,2,2026-08-17 05:30:23,PythonNDN,1000000,0.1221
SCALE_O_PythonNDN_1000000_077,2,2026-08-17 05:32:39,PythonNDN,1000000,0.1344
SCALE_O_PythonNDN_1000000_078,2,2026-08-17 05:35:08,PythonNDN,1000000,0.1333
SCALE_O_PythonNDN_1000000_079,2,2026-08-17 05:36:10,PythonNDN,1000000,0.1318
SCALE_O_PythonNDN_1000000_080,2,2026-08-17 05:37:38,PythonNDN,1000000,0.1309
SCALE_O_PythonNDN_1000000_081,2,2026-08-17 05:39:07,PythonNDN,1000000,0.1147
SCALE_O_PythonNDN_1000000_082,2,2026-08-17 05:45:38,PythonNDN,1000000,0.1293
SCALE_O_NFD_1000000_001,0,2026-08-17 07:00:00,NFD,1000000,0.2471
SCALE_O_NFD_1000000_002,0,2026-08-17 07:02:53,NFD,1000000,0.2624
SCALE_O_NFD_1000000_003,0,2026-08-17 07:04:30,NFD,1000000,0.275
SCALE_O_NFD_1000000_004,0,2026-08-17 07:09:41,NFD,1000000,0.2587
SCALE_O_NFD_1000000_005,0,2026-08-17 07:12:32,NFD,1000000,0.273
SCALE_O_NFD_1000000_006,0,2026-08-17 07:14:03,NFD,1000000,0.2611
SCALE_O_NFD_1000000_007,0,2026-08-17 07:16:25,NFD,1000000,0.2463
SCALE_O_NFD_1000000_008,0,2026-08-17 07:18:56,NFD,1000000,0.2632
SCALE_O_NFD_1000000_009,0,2026-08-17 07:23:20,NFD,1000000,0.2621
SCALE_O_NFD_1000000_010,0,2026-08-17 07:25:55,NFD,1000000,0.26
SCALE_O_CCNlite_100000_073,3,2026-08-17 07:28:11,CCNlite,100000,0.638
SCALE_O_NFD_1000000_011,0,2026-08-17 07:30:00,NFD,1000000,0.2359
SCALE_O_NFD_1000000_012,0,2026-08-17 07:31:28,NFD,1000000,0.2505
SCALE_O_NFD_1000000_013,0,2026-08-17 07:32:24,NFD,1000000,0.2579
SCALE_O_CCNlite_100000_074,3,2026-08-17 07:33:11,CCNlite,100000,0.6135
SCALE_O_NFD_1000000_014,0,2026-08-17 07:33:39,NFD,1000000,0.2495
SCALE_O_CCNlite_100000_075,3,2026-08-17 07:34:18,CCNlite,100000,0.6174
SCALE_O_CCNlite_100000_076,3,2026-08-17 07:35:09,CCNlite,100000,0.5939
SCALE_O_NFD_1000000_015,0,2026-08-17 07:35:29,NFD,1000000,0.2485
SCALE_O_NFD_1000000_016,0,2026-08-17 07:36:25,NFD,1000000,0.241
SCALE_O_NFD_1000000_017,0,2026-08-17 07:37:49,NFD,1000000,0.2512
SCALE_O_CCNlite_100000_077,3,2026-08-17 07:38:35,CCNlite,100000,0.6105
SCALE_O_NFD_1000000_018,0,2026-08-17 07:39:53,NFD,1000000,0.2301
SCALE_O_NFD_1000000_019,0,2026-08-17 07:42:09,NFD,1000000,0.2374
SCALE_O_CCNlite_100000_078,3,2026-08-17 07:43:49,CCNlite,100000,0.6569
SCALE_O_NFD_1000000_020,0,2026-08-17 07:45:01,NFD,1000000,0.2381
SCALE_O_CCNlite_100000_079,3,2026-08-17 07:45:48,CCNlite,100000,0.6715
SCALE_O_CCNlite_100000_080,3,2026-08-17 07:47:01,CCNlite,100000,0.606
SCALE_O_NFD_1000000_021,0,2026-08-17 07:47:15,NFD,1000000,0.2372
SCALE_O_NFD_1000000_022,0,2026-08-17 07:48:50,NFD,1000000,0.2533
SCALE_O_CCNlite_100000_081,3,2026-08-17 07:50:18,CCNlite,100000,0.6212
SCALE_O_NFD_1000000_023,0,2026-08-17 07:50:58,NFD,1000000,0.2515
SCALE_O_CCNlite_100000_082,3,2026-08-17 07:52:13,CCNlite,100000,0.6556
SCALE_O_NFD_1000000_024,0,2026-08-17 07:52:46,NFD,1000000,0.2692
SCALE_O_CCNlite_100000_083,3,2026-08-17 07:53:51,CCNlite,100000,0.6407
SCALE_O_NFD_1000000_025,0,2026-08-17 07:56:53,NFD,1000000,0.248
SCALE_O_NFD_1000000_026,0,2026-08-17 07:59:23,NFD,1000000,0.252
SCALE_O_NFD_1000000_027,0,2026-08-17 08:00:57,NFD,1000000,0.2287
SCALE_O_CCNlite_100000_084,3,2026-08-17 08:01:23,CCNlite,100000,0.5878
SCALE_O_CCNlite_100000_085,3,2026-08-17 08:04:19,CCNlite,100000,0.6281
SCALE_O_NFD_1000000_028,0,2026-08-17 08:04:25,NFD,1000000,0.2348
SCALE_O_CCNlite_100000_086,3,2026-08-17 08:07:35,CCNlite,100000,0.6028
SCALE_O_NFD_1000000_029,0,2026-08-17 08:07:57,NFD,1000000,0.2461
SCALE_O_CCNlite_100000_087,3,2026-08-17 08:08:42,CCNlite,100000,0.6701
SCALE_O_CCNlite_100000_088,3,2026-08-17 08:09:38,CCNlite,100000,0.6551
SCALE_O_NFD_1000000_030,0,2026-08-17 08:10:59,NFD,1000000,0.24
SCALE_O_CCNlite_100000_089,3,2026-08-17 08:11:50,CCNlite,100000,0.6149
SCALE_O_NFD_1000000_031,0,2026-08-17 08:12:40,NFD,1000000,0.2466
SCALE_O_CCNlite_100000_090,3,2026-08-17 08:13:40,CCNlite,100000,0.6245
SCALE_O_CCNlite_100000_091,3,2026-08-17 08:14:41,CCNlite,100000,0.6601
SCALE_O_NFD_1000000_032,0,2026-08-17 08:14:59,NFD,1000000,0.2345
SCALE_O_CCNlite_100000_092,3,2026-08-17 08:15:54,CCNlite,100000,0.6256
SCALE_O_CCNlite_100000_093,3,2026-08-17 08:20:46,CCNlite,100000,0.6204
SCALE_O_CCNlite_100000_094,3,2026-08-17 08:23:28,CCNlite,100000,0.6079
SCALE_O_CCNlite_100000_095,3,2026-08-17 08:28:18,CCNlite,100000,0.6676
SCALE_O_CCNlite_100000_096,3,2026-08-17 08:29:53,CCNlite,100000,0.6869
SCALE_O_CCNlite_100000_097,3,2026-08-17 08:32:31,CCNlite,100000,0.6487
SCALE_O_CCNlite_100000_098,3,2026-08-17 08:34:28,CCNlite,100000,0.6548
SCALE_O_CCNlite_100000_099,3,2026-08-17 08:36:17,CCNlite,100000,0.7046
SCALE_O_CCNlite_100000_100,3,2026-08-17 08:37:48,CCNlite,100000,0.6043
SCALE_O_CCNlite_100000_101,3,2026-08-17 08:39:08,CCNlite,100000,0.6143
SCALE_O_CCNlite_100000_102,3,2026-08-17 08:40:35,CCNlite,100000,0.6195
SCALE_O_CCNlite_100000_103,3,2026-08-17 08:41:30,CCNlite,100000,0.6292
SCALE_O_CCNlite_100000_104,3,2026-08-17 08:44:12,CCNlite,100000,0.6329
SCALE_O_PythonNDN_300000_021,1,2026-08-17 10:02:48,PythonNDN,300000,0.2483
SCALE_O_PythonNDN_300000_022,1,2026-08-17 10:04:49,PythonNDN,300000,0.2522
SCALE_O_PythonNDN_300000_023,1,2026-08-17 10:06:37,PythonNDN,300000,0.2591
SCALE_O_PythonNDN_300000_024,1,2026-08-17 10:08:54,PythonNDN,300000,0.2497
SCALE_O_PythonNDN_300000_025,1,2026-08-17 10:11:55,PythonNDN,300000,0.248
SCALE_O_PythonNDN_300000_026,1,2026-08-17 10:17:28,PythonNDN,300000,0.2445
SCALE_O_PythonNDN_300000_027,1,2026-08-17 10:18:22,PythonNDN,300000,0.2208
SCALE_O_PythonNDN_300000_028,1,2026-08-17 10:19:09,PythonNDN,300000,0.2388
SCALE_O_PythonNDN_300000_029,1,2026-08-17 10:22:56,PythonNDN,300000,0.2557
SCALE_O_PythonNDN_300000_030,1,2026-08-17 10:24:26,PythonNDN,300000,0.2576
SCALE_O_PythonNDN_300000_031,1,2026-08-17 10:26:10,PythonNDN,300000,0.2455
SCALE_O_PythonNDN_300000_032,1,2026-08-17 10:27:35,PythonNDN,300000,0.2708
SCALE_O_PythonNDN_300000_033,1,2026-08-17 10:36:55,PythonNDN,300000,0.2357
SCALE_O_PythonNDN_300000_034,1,2026-08-17 10:38:01,PythonNDN,300000,0.2445
SCALE_O_PythonNDN_300000_035,1,2026-08-17 10:40:18,PythonNDN,300000,0.247
SCALE_O_PythonNDN_300000_036,1,2026-08-17 10:42:51,PythonNDN,300000,0.2416
SCALE_O_PythonNDN_300000_037,1,2026-08-17 10:44:51,PythonNDN,300000,0.2689
SCALE_O_PythonNDN_300000_038,1,2026-08-17 10:46:42,PythonNDN,300000,0.254
SCALE_O_PythonNDN_300000_039,1,2026-08-17 10:49:21,PythonNDN,300000,0.2477
SCALE_O_PythonNDN_300000_040,1,2026-08-17 10:51:21,PythonNDN,300000,0.2601
SCALE_O_PythonNDN_300000_041,1,2026-08-17 10:52:20,PythonNDN,300000,0.2521
SCALE_O_PythonNDN_300000_042,1,2026-08-17 10:53:11,PythonNDN,300000,0.2397
SCALE_O_PythonNDN_300000_043,1,2026-08-17 10:57:23,PythonNDN,300000,0.2462
SCALE_O_PythonNDN_300000_044,1,2026-08-17 10:59:49,PythonNDN,300000,0.2449
SCALE_O_PythonNDN_300000_045,1,2026-08-17 11:00:43,PythonNDN,300000,0.2548
SCALE_O_PythonNDN_300000_046,1,2026-08-17 11:01:08,PythonNDN,300000,0.2578
SCALE_O_PythonNDN_300000_047,1,2026-08-17 11:02:09,PythonNDN,300000,0.2456
SCALE_O_PythonNDN_300000_048,1,2026-08-17 11:03:27,PythonNDN,300000,0.2389
SCALE_O_PythonNDN_300000_049,1,2026-08-17 11:06:03,PythonNDN,300000,0.2501
SCALE_O_PythonNDN_300000_050,1,2026-08-17 11:08:52,PythonNDN,300000,0.2469
SCALE_O_NFD_5000000_081,3,2026-08-17 15:47:33,NFD,5000000,0.0925
SCALE_O_NFD_5000000_082,3,2026-08-17 15:50:33,NFD,5000000,0.0983
SCALE_O_NFD_5000000_083,3,2026-08-17 15:51:45,NFD,5000000,0.0917
SCALE_O_NFD_5000000_084,3,2026-08-17 15:53:05,NFD,5000000,0.0969
SCALE_O_NFD_5000000_085,3,2026-08-17 15:53:51,NFD,5000000,0.1071
SCALE_O_NFD_5000000_086,3,2026-08-17 15:56:06,NFD,5000000,0.0988
SCALE_O_NFD_5000000_087,3,2026-08-17 15:56:57,NFD,5000000,0.0936
SCALE_O_NFD_5000000_088,3,2026-08-17 15:57:43,NFD,5000000,0.0968
SCALE_O_NFD_5000000_089,3,2026-08-17 16:02:07,NFD,5000000,0.0928
SCALE_O_NFD_5000000_090,3,2026-08-17 16:03:01,NFD,5000000,0.0975
SCALE_O_NFD_5000000_091,3,2026-08-17 16:06:01,NFD,5000000,0.0989
SCALE_O_NFD_5000000_092,3,2026-08-17 16:08:13,NFD,5000000,0.1021
SCALE_O_NFD_5000000_093,3,2026-08-17 16:11:51,NFD,5000000,0.1015
SCALE_O_NFD_5000000_094,3,2026-08-17 16:14:06,NFD,5000000,0.1013
SCALE_O_NFD_5000000_095,3,2026-08-17 16:19:01,NFD,5000000,0.0988
SCALE_O_NFD_5000000_096,3,2026-08-17 16:19:53,NFD,5000000,0.1093
SCALE_O_NFD_5000000_097,3,2026-08-17 16:22:50,NFD,5000000,0.0968
SCALE_O_NFD_5000000_098,3,2026-08-17 16:27:15,NFD,5000000,0.0969
SCALE_O_NFD_5000000_099,3,2026-08-17 16:32:19,NFD,5000000,0.0995
SCALE_O_NFD_5000000_100,3,2026-08-17 16:35:10,NFD,5000000,0.0945
SCALE_O_NFD_5000000_101,3,2026-08-17 16:36:46,NFD,5000000,0.1007
SCALE_O_NFD_5000000_102,3,2026-08-17 16:38:49,NFD,5000000,0.0963
SCALE_O_NFD_5000000_103,3,2026-08-17 16:41:55,NFD,5000000,0.1031
SCALE_O_NFD_5000000_104,3,2026-08-17 16:46:20,NFD,5000000,0.1021
SCALE_O_NFD_5000000_105,3,2026-08-17 16:47:18,NFD,5000000,0.1029
SCALE_O_NFD_5000000_106,3,2026-08-17 16:51:02,NFD,5000000,0.1045
SCALE_O_NFD_5000000_107,3,2026-08-17 16:53:42,NFD,5000000,0.1005
SCALE_O_NFD_5000000_108,3,2026-08-17 16:56:16,NFD,5000000,0.0937
SCALE_O_NFD_5000000_109,3,2026-08-17 16:57:55,NFD,5000000,0.0963
SCALE_O_CCNlite_5000000_001,0,2026-08-17 17:00:00,CCNlite,5000000,0.0995
SCALE_O_NFD_5000000_110,3,2026-08-17 17:00:48,NFD,5000000,0.1039
SCALE_O_CCNlite_5000000_002,0,2026-08-17 17:02:16,CCNlite,5000000,0.1209
SCALE_O_NFD_5000000_111,3,2026-08-17 17:05:38,NFD,5000000,0.0976
SCALE_O_CCNlite_5000000_003,0,2026-08-17 17:08:18,CCNlite,5000000,0.1115
SCALE_O_CCNlite_5000000_004,0,2026-08-17 17:09:12,CCNlite,5000000,0.106
SCALE_O_NFD_5000000_112,3,2026-08-17 17:09:21,NFD,5000000,0.1036
SCALE_O_CCNlite_5000000_005,0,2026-08-17 17:10:58,CCNlite,5000000,0.1038
SCALE_O_NFD_5000000_113,3,2026-08-17 17:11:34,NFD,5000000,0.1044
SCALE_O_CCNlite_5000000_006,0,2026-08-17 17:14:18,CCNlite,5000000,0.1045
SCALE_O_CCNlite_5000000_007,0,2026-08-17 17:16:54,CCNlite,5000000,0.1054
SCALE_O_CCNlite_5000000_008,0,2026-08-17 17:22:04,CCNlite,5000000,0.1161
SCALE_O_CCNlite_5000000_009,0,2026-08-17 17:25:54,CCNlite,5000000,0.114
SCALE_O_CCNlite_5000000_010,0,2026-08-17 17:27:26,CCNlite,5000000,0.1179
SCALE_O_CCNlite_5000000_011,0,2026-08-17 17:28:39,CCNlite,5000000,0.1062
SCALE_O_CCNlite_5000000_012,0,2026-08-17 17:30:16,CCNlite,5000000,0.1099
SCALE_O_CCNlite_5000000_013,0,2026-08-17 17:31:52,CCNlite,5000000,0.1184
SCALE_O_CCNlite_5000000_014,0,2026-08-17 17:32:22,CCNlite,5000000,0.1156
SCALE_O_CCNlite_5000000_015,0,2026-08-17 17:34:40,CCNlite,5000000,0.1082
SCALE_O_CCNlite_5000000_016,0,2026-08-17 17:35:50,CCNlite,5000000,0.1094
SCALE_O_CCNlite_5000000_017,0,2026-08-17 17:36:16,CCNlite,5000000,0.1156
SCALE_O_CCNlite_5000000_018,0,2026-08-17 17:38:44,CCNlite,5000000,0.1031
SCALE_O_CCNlite_5000000_019,0,2026-08-17 17:40:12,CCNlite,5000000,0.1216
SCALE_O_CCNlite_5000000_020,0,2026-08-17 17:41:12,CCNlite,5000000,0.1177
SCALE_O_CCNlite_5000000_021,0,2026-08-17 17:44:01,CCNlite,5000000,0.1016
SCALE_O_CCNlite_1000_127,4,2026-08-17 21:05:25,CCNlite,1000,0.9452
SCALE_O_CCNlite_1000_128,4,2026-08-17 21:09:52,CCNlite,1000,0.9482
SCALE_O_CCNlite_1000_129,4,2026-08-17 21:13:49,CCNlite,1000,0.9587
SCALE_O_CCNlite_1000_130,4,2026-08-17 21:14:40,CCNlite,1000,0.8918
SCALE_O_CCNlite_1000_131,4,2026-08-17 21:19:02,CCNlite,1000,0.9325
SCALE_O_CCNlite_1000_132,4,2026-08-17 21:20:53,CCNlite,1000,0.9865
SCALE_O_CCNlite_1000_133,4,2026-08-17 21:22:34,CCNlite,1000,0.9154
SCALE_O_CCNlite_1000_134,4,2026-08-17 21:23:47,CCNlite,1000,0.9022
SCALE_O_CCNlite_1000_135,4,2026-08-17 21:30:26,CCNlite,1000,0.9115
SCALE_O_CCNlite_1000_136,4,2026-08-17 21:32:27,CCNlite,1000,0.9445
SCALE_O_CCNlite_1000_137,4,2026-08-17 21:34:08,CCNlite,1000,0.9648
SCALE_O_CCNlite_1000_138,4,2026-08-17 21:37:40,CCNlite,1000,0.9691
SCALE_O_CCNlite_1000_139,4,2026-08-17 21:40:08,CCNlite,1000,0.9195
SCALE_O_NFD_5000000_114,4,2026-08-17 22:11:33,NFD,5000000,0.1
SCALE_O_NFD_5000000_115,4,2026-08-17 22:13:42,NFD,5000000,0.0983
SCALE_O_NFD_5000000_116,4,2026-08-17 22:16:15,NFD,5000000,0.0993
SCALE_O_NFD_5000000_117,4,2026-08-17 22:21:06,NFD,5000000,0.1056
SCALE_O_NFD_5000000_118,4,2026-08-17 22:22:10,NFD,5000000,0.0949
SCALE_O_NFD_5000000_119,4,2026-08-17 22:23:00,NFD,5000000,0.1027
SCALE_O_NFD_5000000_120,4,2026-08-17 22:24:43,NFD,5000000,0.0893
SCALE_O_NFD_5000000_121,4,2026-08-17 22:28:38,NFD,5000000,0.105
SCALE_O_NFD_5000000_122,4,2026-08-17 22:31:00,NFD,5000000,0.0981
SCALE_O_NFD_5000000_123,4,2026-08-17 22:34:30,NFD,5000000,0.0937
SCALE_O_NFD_5000000_124,4,2026-08-17 22:37:18,NFD,5000000,0.1001
SCALE_O_NFD_5000000_125,4,2026-08-17 22:38:42,NFD,5000000,0.0974
SCALE_O_NFD_5000000_126,4,2026-08-17 22:40:16,NFD,5000000,0.1004
SCALE_O_NFD_5000000_127,4,2026-08-17 22:42:27,NFD,5000000,0.1072
SCALE_O_NFD_5000000_128,4,2026-08-17 22:44:34,NFD,5000000,0.0962
SCALE_O_NFD_5000000_129,4,2026-08-17 22:47:31,NFD,5000000,0.1025
SCALE_O_NFD_5000000_130,4,2026-08-17 22:49:47,NFD,5000000,0.0945
SCALE_O_NFD_5000000_131,4,2026-08-17 22:50:58,NFD,5000000,0.1003
SCALE_O_NFD_5000000_132,4,2026-08-17 22:52:57,NFD,5000000,0.0967
SCALE_O_NFD_5000000_133,4,2026-08-17 22:55:29,NFD,5000000,0.0993
SCALE_O_NFD_5000000_134,4,2026-08-17 22:56:31,NFD,5000000,0.1032
SCALE_O_NFD_5000000_135,4,2026-08-17 22:59:56,NFD,5000000,0.0963
SCALE_O_NFD_5000000_136,4,2026-08-17 23:02:13,NFD,5000000,0.0929
SCALE_O_NFD_5000000_137,4,2026-08-17 23:04:39,NFD,5000000,0.0902
SCALE_O_NFD_5000000_138,4,2026-08-17 23:07:07,NFD,5000000,0.1035
SCALE_O_NFD_5000000_139,4,2026-08-17 23:09:55,NFD,5000000,0.1008
SCALE_O_NFD_5000000_140,4,2026-08-17 23:13:46,NFD,5000000,0.098
SCALE_O_NFD_5000000_141,4,2026-08-17 23:16:12,NFD,5000000,0.0992
SCALE_O_NFD_5000000_142,4,2026-08-17 23:19:39,NFD,5000000,0.0945
SCALE_O_NFD_5000000_143,4,2026-08-17 23:21:47,NFD,5000000,0.0977
SCALE_O_uDCN_1000_103,5,2026-08-17 23:56:46,uDCN,1000,0.9397
SCALE_O_uDCN_1000_104,5,2026-08-17 23:58:26,uDCN,1000,0.9741
SCALE_O_uDCN_1000_105,5,2026-08-18 00:00:25,uDCN,1000,0.9186
SCALE_O_uDCN_1000_106,5,2026-08-18 00:05:11,uDCN,1000,1.0
SCALE_O_uDCN_1000_107,5,2026-08-18 00:08:09,uDCN,1000,0.9086
SCALE_O_uDCN_1000_108,5,2026-08-18 00:10:11,uDCN,1000,0.9323
SCALE_O_uDCN_1000_109,5,2026-08-18 00:14:02,uDCN,1000,0.9575
SCALE_O_uDCN_1000_110,5,2026-08-18 00:18:43,uDCN,1000,1.0
SCALE_O_uDCN_1000_111,5,2026-08-18 00:20:29,uDCN,1000,0.965
SCALE_O_uDCN_1000_112,5,2026-08-18 00:25:22,uDCN,1000,0.9224
SCALE_O_uDCN_1000_113,5,2026-08-18 00:26:58,uDCN,1000,0.8745
SCALE_O_uDCN_1000_114,5,2026-08-18 00:30:54,uDCN,1000,0.9142
SCALE_O_uDCN_1000_115,5,2026-08-18 00:32:06,uDCN,1000,0.9097
SCALE_O_uDCN_1000_116,5,2026-08-18 00:34:39,uDCN,1000,0.9884
SCALE_O_PythonNDN_300000_051,2,2026-08-18 00:35:03,PythonNDN,300000,0.2555
SCALE_O_uDCN_1000_117,5,2026-08-18 00:36:30,uDCN,1000,0.9214
SCALE_O_PythonNDN_300000_052,2,2026-08-18 00:36:52,PythonNDN,300000,0.2343
SCALE_O_uDCN_1000_118,5,2026-08-18 00:38:58,uDCN,1000,0.908
SCALE_O_PythonNDN_300000_053,2,2026-08-18 00:39:53,PythonNDN,300000,0.2367
SCALE_O_uDCN_1000_119,5,2026-08-18 00:40:11,uDCN,1000,0.945
SCALE_O_uDCN_1000_120,5,2026-08-18 00:41:02,uDCN,1000,0.9679
SCALE_O_PythonNDN_300000_054,2,2026-08-18 00:41:28,PythonNDN,300000,0.2479
SCALE_O_uDCN_1000_121,5,2026-08-18 00:43:08,uDCN,1000,0.8719
SCALE_O_uDCN_1000_122,5,2026-08-18 00:45:45,uDCN,1000,0.919
SCALE_O_PythonNDN_300000_055,2,2026-08-18 00:45:59,PythonNDN,300000,0.2238
SCALE_O_PythonNDN_300000_056,2,2026-08-18 00:46:57,PythonNDN,300000,0.2256
SCALE_O_PythonNDN_300000_057,2,2026-08-18 00:49:28,PythonNDN,300000,0.243
SCALE_O_PythonNDN_300000_058,2,2026-08-18 00:53:08,PythonNDN,300000,0.2624
SCALE_O_PythonNDN_300000_059,2,2026-08-18 00:53:56,PythonNDN,300000,0.262
SCALE_O_PythonNDN_300000_060,2,2026-08-18 00:56:22,PythonNDN,300000,0.2526
SCALE_O_PythonNDN_300000_061,2,2026-08-18 00:57:06,PythonNDN,300000,0.2346
SCALE_O_PythonNDN_300000_062,2,2026-08-18 00:58:05,PythonNDN,300000,0.2415
SCALE_O_PythonNDN_300000_063,2,2026-08-18 00:58:45,PythonNDN,300000,0.2417
SCALE_O_PythonNDN_300000_064,2,2026-08-18 01:01:01,PythonNDN,300000,0.2501
SCALE_O_PythonNDN_300000_065,2,2026-08-18 01:02:03,PythonNDN,300000,0.2496
SCALE_O_PythonNDN_300000_066,2,2026-08-18 01:03:11,PythonNDN,300000,0.2388
SCALE_O_PythonNDN_300000_067,2,2026-08-18 01:05:56,PythonNDN,300000,0.2784
SCALE_O_PythonNDN_300000_068,2,2026-08-18 01:09:44,PythonNDN,300000,0.2417
SCALE_O_PythonNDN_300000_069,2,2026-08-18 01:11:02,PythonNDN,300000,0.2473
SCALE_O_PythonNDN_300000_070,2,2026-08-18 01:17:48,PythonNDN,300000,0.2448
SCALE_O_NFD_1000000_033,1,2026-08-18 01:19:37,NFD,1000000,0.2563
SCALE_O_NFD_1000000_034,1,2026-08-18 01:21:52,NFD,1000000,0.2556
SCALE_O_PythonNDN_300000_071,2,2026-08-18 01:22:14,PythonNDN,300000,0.239
SCALE_O_NFD_1000000_035,1,2026-08-18 01:22:55,NFD,1000000,0.251
SCALE_O_NFD_1000000_036,1,2026-08-18 01:25:36,NFD,1000000,0.2653
SCALE_O_NFD_1000000_037,1,2026-08-18 01:28:44,NFD,1000000,0.2563
SCALE_O_NFD_1000000_038,1,2026-08-18 01:30:41,NFD,1000000,0.2357
SCALE_O_NFD_1000000_039,1,2026-08-18 01:33:29,NFD,1000000,0.2556
SCALE_O_NFD_1000_110,4,2026-08-18 01:34:04,NFD,1000,0.9547
SCALE_O_NFD_1000_111,4,2026-08-18 01:35:30,NFD,1000,0.9326
SCALE_O_NFD_1000000_040,1,2026-08-18 01:36:14,NFD,1000000,0.2546
SCALE_O_NFD_1000_112,4,2026-08-18 01:36:44,NFD,1000,0.8818
SCALE_O_NFD_1000000_041,1,2026-08-18 01:37:01,NFD,1000000,0.2609
SCALE_O_NFD_1000000_042,1,2026-08-18 01:38:13,NFD,1000000,0.2481
SCALE_O_NFD_1000_113,4,2026-08-18 01:38:37,NFD,1000,0.9105
SCALE_O_NFD_1000_114,4,2026-08-18 01:39:53,NFD,1000,0.8738
SCALE_O_NFD_1000000_043,1,2026-08-18 01:40:11,NFD,1000000,0.2654
SCALE_O_NFD_1000_115,4,2026-08-18 01:41:35,NFD,1000,0.8436
SCALE_O_NFD_1000000_044,1,2026-08-18 01:42:28,NFD,1000000,0.2496
SCALE_O_NFD_1000_116,4,2026-08-18 01:44:33,NFD,1000,0.9356
SCALE_O_NFD_1000000_045,1,2026-08-18 01:45:24,NFD,1000000,0.2608
SCALE_O_NFD_1000000_046,1,2026-08-18 01:48:07,NFD,1000000,0.2541
SCALE_O_NFD_1000_117,4,2026-08-18 01:48:36,NFD,1000,0.9283
SCALE_O_NFD_1000000_047,1,2026-08-18 01:49:22,NFD,1000000,0.2575
SCALE_O_NFD_1000_118,4,2026-08-18 01:51:52,NFD,1000,0.9456
SCALE_O_NFD_1000_119,4,2026-08-18 01:52:32,NFD,1000,0.8851
SCALE_O_NFD_1000000_048,1,2026-08-18 01:53:13,NFD,1000000,0.2511
SCALE_O_NFD_1000_120,4,2026-08-18 01:53:50,NFD,1000,0.9385
SCALE_O_NFD_1000_121,4,2026-08-18 01:58:01,NFD,1000,0.9705
SCALE_O_NFD_1000_122,4,2026-08-18 01:59:57,NFD,1000,0.9863
SCALE_O_NFD_1000_123,4,2026-08-18 02:02:59,NFD,1000,0.9152
SCALE_O_NFD_1000_124,4,2026-08-18 02:05:41,NFD,1000,0.9607
SCALE_O_NFD_1000_125,4,2026-08-18 02:09:21,NFD,1000,0.9228
SCALE_O_NFD_1000_126,4,2026-08-18 02:13:01,NFD,1000,0.9303
SCALE_O_NFD_1000_127,4,2026-08-18 02:14:59,NFD,1000,0.8952
SCALE_O_NFD_1000_128,4,2026-08-18 02:18:07,NFD,1000,0.9509
SCALE_O_NFD_1000_129,4,2026-08-18 02:20:15,NFD,1000,0.9633
SCALE_O_NFD_1000_130,4,2026-08-18 02:25:14,NFD,1000,0.8913
SCALE_O_NFD_1000_131,4,2026-08-18 02:28:48,NFD,1000,0.9548
SCALE_O_NFD_1000_132,4,2026-08-18 02:29:36,NFD,1000,0.9145
SCALE_O_uDCN_10000_057,2,2026-08-18 02:33:24,uDCN,10000,0.8494
SCALE_O_uDCN_10000_058,2,2026-08-18 02:36:06,uDCN,10000,0.8282
SCALE_O_uDCN_10000_059,2,2026-08-18 02:38:10,uDCN,10000,0.8715
SCALE_O_uDCN_10000_060,2,2026-08-18 02:41:19,uDCN,10000,0.9084
SCALE_O_uDCN_10000_061,2,2026-08-18 02:43:34,uDCN,10000,0.9099
SCALE_O_uDCN_10000_062,2,2026-08-18 02:46:53,uDCN,10000,0.8698
SCALE_O_uDCN_10000_063,2,2026-08-18 02:48:33,uDCN,10000,0.8822
SCALE_O_uDCN_10000_064,2,2026-08-18 02:50:32,uDCN,10000,0.8578
SCALE_O_uDCN_10000_065,2,2026-08-18 02:51:49,uDCN,10000,0.9028
SCALE_O_uDCN_10000_066,2,2026-08-18 02:54:40,uDCN,10000,0.9122
SCALE_O_uDCN_10000_067,2,2026-08-18 02:55:25,uDCN,10000,0.9309
SCALE_O_uDCN_10000_068,2,2026-08-18 02:57:59,uDCN,10000,0.9007
SCALE_O_uDCN_10000_069,2,2026-08-18 03:00:08,uDCN,10000,0.8653
SCALE_O_uDCN_10000_070,2,2026-08-18 03:01:11,uDCN,10000,0.8763
SCALE_O_uDCN_10000_071,2,2026-08-18 03:02:30,uDCN,10000,0.9501
SCALE_O_uDCN_10000_072,2,2026-08-18 03:04:46,uDCN,10000,0.8958
SCALE_O_uDCN_10000_073,2,2026-08-18 03:06:57,uDCN,10000,0.8953
SCALE_O_uDCN_10000_074,2,2026-08-18 03:07:32,uDCN,10000,0.911
SCALE_O_uDCN_10000_075,2,2026-08-18 03:09:13,uDCN,10000,0.8923
SCALE_O_uDCN_10000_076,2,2026-08-18 03:10:02,uDCN,10000,0.8308
SCALE_O_uDCN_10000_077,2,2026-08-18 03:15:08,uDCN,10000,0.9282
SCALE_O_uDCN_10000_078,2,2026-08-18 03:17:27,uDCN,10000,0.8312
SCALE_O_uDCN_10000_079,2,2026-08-18 03:18:33,uDCN,10000,0.8147
SCALE_O_uDCN_1000_123,6,2026-08-18 07:28:10,uDCN,1000,0.9431
SCALE_O_uDCN_1000_124,6,2026-08-18 07:28:41,uDCN,1000,0.994
SCALE_O_uDCN_1000_125,6,2026-08-18 07:30:57,uDCN,1000,1.0
SCALE_O_uDCN_1000_126,6,2026-08-18 07:38:20,uDCN,1000,0.989
SCALE_O_PythonNDN_1000000_083,3,2026-08-18 07:39:59,PythonNDN,1000000,0.1254
SCALE_O_PythonNDN_1000000_084,3,2026-08-18 07:41:31,PythonNDN,1000000,0.1335
SCALE_O_uDCN_1000_127,6,2026-08-18 07:42:56,uDCN,1000,0.9574
SCALE_O_PythonNDN_1000000_085,3,2026-08-18 07:44:28,PythonNDN,1000000,0.1191
SCALE_O_uDCN_1000_128,6,2026-08-18 07:45:59,uDCN,1000,0.9153
SCALE_O_PythonNDN_1000000_086,3,2026-08-18 07:47:05,PythonNDN,1000000,0.1275
SCALE_O_uDCN_1000_129,6,2026-08-18 07:48:30,uDCN,1000,0.9989
SCALE_O_uDCN_1000_130,6,2026-08-18 07:48:53,uDCN,1000,0.8793
SCALE_O_PythonNDN_1000000_087,3,2026-08-18 07:49:40,PythonNDN,1000000,0.1258
SCALE_O_uDCN_1000_131,6,2026-08-18 07:50:03,uDCN,1000,0.9426
SCALE_O_PythonNDN_1000000_088,3,2026-08-18 07:50:51,PythonNDN,1000000,0.1255
SCALE_O_uDCN_1000_132,6,2026-08-18 07:51:44,uDCN,1000,0.9738
SCALE_O_uDCN_1000_133,6,2026-08-18 07:54:53,uDCN,1000,0.9329
SCALE_O_PythonNDN_1000000_089,3,2026-08-18 07:54:54,PythonNDN,1000000,0.1287
SCALE_O_uDCN_1000_134,6,2026-08-18 07:56:28,uDCN,1000,0.8971
SCALE_O_PythonNDN_1000000_090,3,2026-08-18 07:57:04,PythonNDN,1000000,0.1357
SCALE_O_uDCN_1000_135,6,2026-08-18 07:58:02,uDCN,1000,0.9406
SCALE_O_uDCN_1000_136,6,2026-08-18 07:59:41,uDCN,1000,0.9125
SCALE_O_PythonNDN_1000000_091,3,2026-08-18 08:00:03,PythonNDN,1000000,0.1322
SCALE_O_uDCN_1000_137,6,2026-08-18 08:00:28,uDCN,1000,0.8932
SCALE_O_PythonNDN_1000000_092,3,2026-08-18 08:02:00,PythonNDN,1000000,0.1186
SCALE_O_uDCN_1000_138,6,2026-08-18 08:03:13,uDCN,1000,0.927
SCALE_O_uDCN_1000_139,6,2026-08-18 08:03:58,uDCN,1000,0.9116
SCALE_O_PythonNDN_1000000_093,3,2026-08-18 08:05:00,PythonNDN,1000000,0.1299
SCALE_O_uDCN_1000_140,6,2026-08-18 08:05:21,uDCN,1000,1.0
SCALE_O_uDCN_1000_141,6,2026-08-18 08:06:16,uDCN,1000,0.9134
SCALE_O_PythonNDN_1000000_094,3,2026-08-18 08:06:43,PythonNDN,1000000,0.127
SCALE_O_uDCN_1000_142,6,2026-08-18 08:07:06,uDCN,1000,0.9985
SCALE_O_uDCN_1000_143,6,2026-08-18 08:08:59,uDCN,1000,0.8821
SCALE_O_PythonNDN_1000000_095,3,2026-08-18 08:09:20,PythonNDN,1000000,0.1244
SCALE_O_PythonNDN_1000000_096,3,2026-08-18 08:11:01,PythonNDN,1000000,0.1181
SCALE_O_uDCN_1000_144,6,2026-08-18 08:12:07,uDCN,1000,1.0
SCALE_O_PythonNDN_1000000_097,3,2026-08-18 08:13:16,PythonNDN,1000000,0.1326
SCALE_O_PythonNDN_1000000_098,3,2026-08-18 08:14:31,PythonNDN,1000000,0.1203
SCALE_O_PythonNDN_1000000_099,3,2026-08-18 08:16:49,PythonNDN,1000000,0.1334
SCALE_O_uDCN_1000_145,6,2026-08-18 08:16:56,uDCN,1000,0.9642
SCALE_O_PythonNDN_1000000_100,3,2026-08-18 08:19:50,PythonNDN,1000000,0.1331
SCALE_O_uDCN_1000_146,6,2026-08-18 08:20:29,uDCN,1000,0.9211
SCALE_O_PythonNDN_1000000_101,3,2026-08-18 08:21:16,PythonNDN,1000000,0.1291
SCALE_O_uDCN_1000_147,6,2026-08-18 08:21:18,uDCN,1000,0.894
SCALE_O_uDCN_1000_148,6,2026-08-18 08:22:33,uDCN,1000,0.9164
SCALE_O_PythonNDN_1000000_102,3,2026-08-18 08:25:11,PythonNDN,1000000,0.1254
SCALE_O_uDCN_1000_149,6,2026-08-18 08:25:36,uDCN,1000,0.8517
SCALE_O_PythonNDN_1000000_103,3,2026-08-18 08:26:29,PythonNDN,1000000,0.119
SCALE_O_PythonNDN_1000000_104,3,2026-08-18 08:27:59,PythonNDN,1000000,0.1289
SCALE_O_uDCN_1000_150,6,2026-08-18 08:28:04,uDCN,1000,0.9596
SCALE_O_CCNlite_100000_105,4,2026-08-18 09:03:00,CCNlite,100000,0.6274
SCALE_O_CCNlite_100000_106,4,2026-08-18 09:03:42,CCNlite,100000,0.6569
SCALE_O_CCNlite_100000_107,4,2026-08-18 09:05:02,CCNlite,100000,0.6202
SCALE_O_CCNlite_100000_108,4,2026-08-18 09:07:18,CCNlite,100000,0.6806
SCALE_O_CCNlite_100000_109,4,2026-08-18 09:10:30,CCNlite,100000,0.6049
SCALE_O_CCNlite_100000_110,4,2026-08-18 09:12:39,CCNlite,100000,0.6253
SCALE_O_CCNlite_100000_111,4,2026-08-18 09:17:19,CCNlite,100000,0.5589
SCALE_O_CCNlite_100000_112,4,2026-08-18 09:19:12,CCNlite,100000,0.6262
SCALE_O_CCNlite_100000_113,4,2026-08-18 09:22:02,CCNlite,100000,0.6536
SCALE_O_CCNlite_100000_114,4,2026-08-18 09:24:48,CCNlite,100000,0.629
SCALE_O_CCNlite_100000_115,4,2026-08-18 09:25:44,CCNlite,100000,0.6393
SCALE_O_CCNlite_100000_116,4,2026-08-18 09:27:21,CCNlite,100000,0.642
SCALE_O_CCNlite_100000_117,4,2026-08-18 09:29:29,CCNlite,100000,0.6704
SCALE_O_CCNlite_100000_118,4,2026-08-18 09:31:32,CCNlite,100000,0.629
SCALE_O_CCNlite_100000_119,4,2026-08-18 09:34:16,CCNlite,100000,0.6095
SCALE_O_PythonNDN_1000000_105,4,2026-08-18 13:45:32,PythonNDN,1000000,0.1331
SCALE_O_PythonNDN_1000000_106,4,2026-08-18 13:46:46,PythonNDN,1000000,0.1409
SCALE_O_PythonNDN_1000000_107,4,2026-08-18 13:48:49,PythonNDN,1000000,0.1333
SCALE_O_PythonNDN_1000000_108,4,2026-08-18 13:51:26,PythonNDN,1000000,0.1283
SCALE_O_PythonNDN_1000000_109,4,2026-08-18 13:53:05,PythonNDN,1000000,0.1319
SCALE_O_PythonNDN_1000000_110,4,2026-08-18 13:54:43,PythonNDN,1000000,0.1303
SCALE_O_PythonNDN_1000000_111,4,2026-08-18 13:56:01,PythonNDN,1000000,0.137
SCALE_O_PythonNDN_1000000_112,4,2026-08-18 13:57:50,PythonNDN,1000000,0.1242
SCALE_O_PythonNDN_1000000_113,4,2026-08-18 14:02:00,PythonNDN,1000000,0.1255
SCALE_O_PythonNDN_1000000_114,4,2026-08-18 14:03:27,PythonNDN,1000000,0.1276
SCALE_O_PythonNDN_1000000_115,4,2026-08-18 14:05:29,PythonNDN,1000000,0.1289
SCALE_O_PythonNDN_1000000_116,4,2026-08-18 14:08:49,PythonNDN,1000000,0.1335
SCALE_O_PythonNDN_1000000_117,4,2026-08-18 14:10:47,PythonNDN,1000000,0.1318
SCALE_O_PythonNDN_1000000_118,4,2026-08-18 14:11:35,PythonNDN,1000000,0.1235
SCALE_O_PythonNDN_1000000_119,4,2026-08-18 14:16:25,PythonNDN,1000000,0.1298
SCALE_O_PythonNDN_1000000_120,4,2026-08-18 14:20:03,PythonNDN,1000000,0.1201
SCALE_O_PythonNDN_1000000_121,4,2026-08-18 14:25:06,PythonNDN,1000000,0.1336
SCALE_O_PythonNDN_1000000_122,4,2026-08-18 14:28:00,PythonNDN,1000000,0.1201
SCALE_O_PythonNDN_1000000_123,4,2026-08-18 14:31:27,PythonNDN,1000000,0.1319
SCALE_O_PythonNDN_1000000_124,4,2026-08-18 14:33:06,PythonNDN,1000000,0.1268
SCALE_O_PythonNDN_1000000_125,4,2026-08-18 14:34:48,PythonNDN,1000000,0.1254
SCALE_O_PythonNDN_1000000_126,4,2026-08-18 14:37:55,PythonNDN,1000000,0.1304
SCALE_O_PythonNDN_1000000_127,4,2026-08-18 14:41:15,PythonNDN,1000000,0.1292
SCALE_O_CCNlite_5000000_022,1,2026-08-18 15:12:45,CCNlite,5000000,0.0987
SCALE_O_CCNlite_5000000_023,1,2026-08-18 15:14:51,CCNlite,5000000,0.1146
SCALE_O_CCNlite_5000000_024,1,2026-08-18 15:16:50,CCNlite,5000000,0.1079
SCALE_O_CCNlite_5000000_025,1,2026-08-18 15:18:29,CCNlite,5000000,0.1152
SCALE_O_CCNlite_5000000_026,1,2026-08-18 15:19:25,CCNlite,5000000,0.1053
SCALE_O_CCNlite_5000000_027,1,2026-08-18 15:21:44,CCNlite,5000000,0.1163
SCALE_O_CCNlite_5000000_028,1,2026-08-18 15:24:12,CCNlite,5000000,0.1114
SCALE_O_CCNlite_5000000_029,1,2026-08-18 15:25:59,CCNlite,5000000,0.1126
SCALE_O_CCNlite_5000000_030,1,2026-08-18 15:28:17,CCNlite,5000000,0.1105
SCALE_O_CCNlite_5000000_031,1,2026-08-18 15:28:43,CCNlite,5000000,0.1107
SCALE_O_CCNlite_5000000_032,1,2026-08-18 15:29:31,CCNlite,5000000,0.1028
SCALE_O_CCNlite_5000000_033,1,2026-08-18 15:31:16,CCNlite,5000000,0.1044
SCALE_O_CCNlite_5000000_034,1,2026-08-18 15:35:11,CCNlite,5000000,0.1164
SCALE_O_CCNlite_5000000_035,1,2026-08-18 15:36:19,CCNlite,5000000,0.1114
SCALE_O_CCNlite_5000000_036,1,2026-08-18 15:37:31,CCNlite,5000000,0.1079
SCALE_O_CCNlite_5000000_037,1,2026-08-18 15:41:33,CCNlite,5000000,0.1054
SCALE_O_CCNlite_5000000_038,1,2026-08-18 15:43:30,CCNlite,5000000,0.1135
SCALE_O_CCNlite_5000000_039,1,2026-08-18 15:45:04,CCNlite,5000000,0.1075
SCALE_O_CCNlite_5000000_040,1,2026-08-18 15:45:55,CCNlite,5000000,0.1131
SCALE_O_CCNlite_5000000_041,1,2026-08-18 15:48:29,CCNlite,5000000,0.1131
SCALE_O_CCNlite_5000000_042,1,2026-08-18 15:50:16,CCNlite,5000000,0.1089
SCALE_O_CCNlite_5000000_043,1,2026-08-18 15:51:37,CCNlite,5000000,0.1158
SCALE_O_CCNlite_5000000_044,1,2026-08-18 15:56:15,CCNlite,5000000,0.108
SCALE_O_uDCN_10000_080,3,2026-08-18 15:56:50,uDCN,10000,0.8739
SCALE_O_CCNlite_5000000_045,1,2026-08-18 15:59:08,CCNlite,5000000,0.1001
SCALE_O_uDCN_10000_081,3,2026-08-18 15:59:26,uDCN,10000,0.9591
SCALE_O_CCNlite_5000000_046,1,2026-08-18 16:01:06,CCNlite,5000000,0.1146
SCALE_O_uDCN_10000_082,3,2026-08-18 16:01:46,uDCN,10000,0.7921
SCALE_O_CCNlite_5000000_047,1,2026-08-18 16:02:39,CCNlite,5000000,0.1089
SCALE_O_uDCN_10000_083,3,2026-08-18 16:03:44,uDCN,10000,0.9103
SCALE_O_uDCN_10000_084,3,2026-08-18 16:04:52,uDCN,10000,0.9511
SCALE_O_uDCN_10000_085,3,2026-08-18 16:06:58,uDCN,10000,0.9173
SCALE_O_uDCN_10000_086,3,2026-08-18 16:08:18,uDCN,10000,0.9113
SCALE_O_uDCN_10000_087,3,2026-08-18 16:11:56,uDCN,10000,0.9344
SCALE_O_uDCN_10000_088,3,2026-08-18 16:15:04,uDCN,10000,0.892
SCALE_O_uDCN_10000_089,3,2026-08-18 16:17:41,uDCN,10000,0.9433
SCALE_O_uDCN_10000_090,3,2026-08-18 16:20:02,uDCN,10000,0.8368
SCALE_O_uDCN_10000_091,3,2026-08-18 16:25:02,uDCN,10000,0.8435
SCALE_O_uDCN_10000_092,3,2026-08-18 16:27:45,uDCN,10000,0.8651
SCALE_O_uDCN_10000_093,3,2026-08-18 16:31:48,uDCN,10000,0.8703
SCALE_O_uDCN_10000_094,3,2026-08-18 16:32:47,uDCN,10000,0.8913
SCALE_O_uDCN_10000_095,3,2026-08-18 16:34:33,uDCN,10000,0.863
SCALE_O_uDCN_10000_096,3,2026-08-18 16:35:49,uDCN,10000,0.8469
SCALE_O_uDCN_10000_097,3,2026-08-18 16:38:05,uDCN,10000,0.8168
SCALE_O_uDCN_10000_098,3,2026-08-18 16:42:13,uDCN,10000,0.8765
SCALE_O_uDCN_10000_099,3,2026-08-18 16:43:33,uDCN,10000,0.8177
SCALE_O_uDCN_10000_100,3,2026-08-18 16:45:02,uDCN,10000,0.9314
SCALE_O_NFD_1000000_049,2,2026-08-18 20:35:13,NFD,1000000,0.2456
SCALE_O_NFD_1000000_050,2,2026-08-18 20:38:05,NFD,1000000,0.2433
SCALE_O_NFD_1000000_051,2,2026-08-18 20:40:14,NFD,1000000,0.2669
SCALE_O_NFD_1000000_052,2,2026-08-18 20:41:25,NFD,1000000,0.2481
SCALE_O_NFD_1000000_053,2,2026-08-18 20:43:01,NFD,1000000,0.2464
SCALE_O_NFD_1000000_054,2,2026-08-18 20:45:47,NFD,1000000,0.2343
SCALE_O_NFD_1000000_055,2,2026-08-18 20:47:09,NFD,1000000,0.2396
SCALE_O_NFD_1000000_056,2,2026-08-18 20:50:05,NFD,1000000,0.2566
SCALE_O_NFD_1000000_057,2,2026-08-18 20:51:48,NFD,1000000,0.2245
SCALE_O_NFD_1000000_058,2,2026-08-18 20:54:33,NFD,1000000,0.2522
SCALE_O_NFD_1000000_059,2,2026-08-18 20:56:14,NFD,1000000,0.259
SCALE_O_NFD_1000000_060,2,2026-08-18 20:57:20,NFD,1000000,0.2608
SCALE_O_NFD_1000000_061,2,2026-08-18 20:59:00,NFD,1000000,0.25
SCALE_O_NFD_1000000_062,2,2026-08-18 20:59:51,NFD,1000000,0.2325
SCALE_O_NFD_1000000_063,2,2026-08-18 21:04:23,NFD,1000000,0.2574
SCALE_O_NFD_1000000_064,2,2026-08-18 21:08:35,NFD,1000000,0.2528
SCALE_O_NFD_1000000_065,2,2026-08-18 21:10:03,NFD,1000000,0.2486
SCALE_O_CCNlite_5000000_048,2,2026-08-18 21:30:47,CCNlite,5000000,0.1111
SCALE_O_CCNlite_5000000_049,2,2026-08-18 21:31:41,CCNlite,5000000,0.1121
SCALE_O_CCNlite_5000000_050,2,2026-08-18 21:35:55,CCNlite,5000000,0.1139
SCALE_O_CCNlite_5000000_051,2,2026-08-18 21:37:03,CCNlite,5000000,0.1173
SCALE_O_CCNlite_5000000_052,2,2026-08-18 21:37:52,CCNlite,5000000,0.1135
SCALE_O_CCNlite_5000000_053,2,2026-08-18 21:41:11,CCNlite,5000000,0.1236
SCALE_O_CCNlite_5000000_054,2,2026-08-18 21:43:40,CCNlite,5000000,0.1109
SCALE_O_CCNlite_5000000_055,2,2026-08-18 21:47:13,CCNlite,5000000,0.1072
SCALE_O_CCNlite_5000000_056,2,2026-08-18 21:48:21,CCNlite,5000000,0.1132
SCALE_O_CCNlite_5000000_057,2,2026-08-18 21:49:39,CCNlite,5000000,0.1132
SCALE_O_CCNlite_5000000_058,2,2026-08-18 21:50:28,CCNlite,5000000,0.1155
SCALE_O_CCNlite_5000000_059,2,2026-08-18 21:52:22,CCNlite,5000000,0.1115
SCALE_O_CCNlite_5000000_060,2,2026-08-18 21:53:32,CCNlite,5000000,0.1142
SCALE_O_CCNlite_5000000_061,2,2026-08-18 21:55:02,CCNlite,5000000,0.1075
SCALE_O_CCNlite_5000000_062,2,2026-08-18 21:57:22,CCNlite,5000000,0.1102
SCALE_O_CCNlite_5000000_063,2,2026-08-18 21:58:47,CCNlite,5000000,0.1035
SCALE_O_CCNlite_5000000_064,2,2026-08-18 22:00:48,CCNlite,5000000,0.1105
SCALE_O_CCNlite_5000000_065,2,2026-08-18 22:02:11,CCNlite,5000000,0.1079
SCALE_O_uDCN_300000_094,4,2026-08-18 22:08:07,uDCN,300000,0.5949
SCALE_O_uDCN_300000_095,4,2026-08-18 22:09:22,uDCN,300000,0.6052
SCALE_O_uDCN_300000_096,4,2026-08-18 22:11:10,uDCN,300000,0.652
SCALE_O_CCNlite_100000_120,5,2026-08-18 22:13:33,CCNlite,100000,0.6357
SCALE_O_uDCN_300000_097,4,2026-08-18 22:14:13,uDCN,300000,0.6022
SCALE_O_CCNlite_100000_121,5,2026-08-18 22:15:41,CCNlite,100000,0.6186
SCALE_O_PythonNDN_300000_072,3,2026-08-18 22:16:12,PythonNDN,300000,0.2451
SCALE_O_uDCN_300000_098,4,2026-08-18 22:17:25,uDCN,300000,0.5831
SCALE_O_CCNlite_100000_122,5,2026-08-18 22:19:03,CCNlite,100000,0.6958
SCALE_O_uDCN_300000_099,4,2026-08-18 22:19:59,uDCN,300000,0.6011
SCALE_O_CCNlite_100000_123,5,2026-08-18 22:20:40,CCNlite,100000,0.6333
SCALE_O_uDCN_300000_100,4,2026-08-18 22:21:19,uDCN,300000,0.6616
SCALE_O_PythonNDN_300000_073,3,2026-08-18 22:21:26,PythonNDN,300000,0.2542
SCALE_O_CCNlite_100000_124,5,2026-08-18 22:22:13,CCNlite,100000,0.6963
SCALE_O_uDCN_300000_101,4,2026-08-18 22:22:46,uDCN,300000,0.5981
SCALE_O_uDCN_300000_102,4,2026-08-18 22:23:44,uDCN,300000,0.5776
SCALE_O_CCNlite_100000_125,5,2026-08-18 22:25:01,CCNlite,100000,0.6558
SCALE_O_PythonNDN_300000_074,3,2026-08-18 22:25:35,PythonNDN,300000,0.2726
SCALE_O_PythonNDN_300000_075,3,2026-08-18 22:26:23,PythonNDN,300000,0.2507
SCALE_O_PythonNDN_300000_076,3,2026-08-18 22:27:50,PythonNDN,300000,0.2586
SCALE_O_uDCN_300000_103,4,2026-08-18 22:28:05,uDCN,300000,0.5889
SCALE_O_CCNlite_100000_126,5,2026-08-18 22:28:29,CCNlite,100000,0.6399
SCALE_O_uDCN_300000_104,4,2026-08-18 22:29:31,uDCN,300000,0.5767
SCALE_O_PythonNDN_300000_077,3,2026-08-18 22:30:38,PythonNDN,300000,0.2529
SCALE_O_uDCN_300000_105,4,2026-08-18 22:30:55,uDCN,300000,0.6369
SCALE_O_PythonNDN_300000_078,3,2026-08-18 22:31:33,PythonNDN,300000,0.2807
SCALE_O_uDCN_300000_106,4,2026-08-18 22:32:53,uDCN,300000,0.5927
SCALE_O_PythonNDN_300000_079,3,2026-08-18 22:33:23,PythonNDN,300000,0.2712
SCALE_O_uDCN_300000_107,4,2026-08-18 22:34:01,uDCN,300000,0.6105
SCALE_O_CCNlite_100000_127,5,2026-08-18 22:34:51,CCNlite,100000,0.6972
SCALE_O_CCNlite_100000_128,5,2026-08-18 22:35:30,CCNlite,100000,0.6466
SCALE_O_PythonNDN_300000_080,3,2026-08-18 22:37:07,PythonNDN,300000,0.2442
SCALE_O_uDCN_300000_108,4,2026-08-18 22:37:15,uDCN,300000,0.5527
SCALE_O_CCNlite_100000_129,5,2026-08-18 22:37:53,CCNlite,100000,0.6429
SCALE_O_uDCN_300000_109,4,2026-08-18 22:38:17,uDCN,300000,0.579
SCALE_O_PythonNDN_300000_081,3,2026-08-18 22:39:13,PythonNDN,300000,0.2342
SCALE_O_CCNlite_100000_130,5,2026-08-18 22:42:30,CCNlite,100000,0.6331
SCALE_O_PythonNDN_300000_082,3,2026-08-18 22:42:43,PythonNDN,300000,0.2765
SCALE_O_CCNlite_100000_131,5,2026-08-18 22:44:17,CCNlite,100000,0.6668
SCALE_O_PythonNDN_300000_083,3,2026-08-18 22:44:35,PythonNDN,300000,0.2414
SCALE_O_CCNlite_100000_132,5,2026-08-18 22:46:22,CCNlite,100000,0.5924
SCALE_O_PythonNDN_300000_084,3,2026-08-18 22:47:30,PythonNDN,300000,0.2801
SCALE_O_CCNlite_100000_133,5,2026-08-18 22:48:48,CCNlite,100000,0.6218
SCALE_O_PythonNDN_300000_085,3,2026-08-18 22:49:28,PythonNDN,300000,0.2572
SCALE_O_PythonNDN_300000_086,3,2026-08-18 22:52:01,PythonNDN,300000,0.2493
SCALE_O_CCNlite_100000_134,5,2026-08-18 22:53:00,CCNlite,100000,0.6548
SCALE_O_CCNlite_100000_135,5,2026-08-18 22:53:39,CCNlite,100000,0.6537
SCALE_O_PythonNDN_300000_087,3,2026-08-18 22:54:08,PythonNDN,300000,0.2447
SCALE_O_PythonNDN_300000_088,3,2026-08-18 22:54:31,PythonNDN,300000,0.2678
SCALE_O_CCNlite_100000_136,5,2026-08-18 22:54:52,CCNlite,100000,0.6291
SCALE_O_PythonNDN_300000_089,3,2026-08-18 22:56:58,PythonNDN,300000,0.2416
SCALE_O_PythonNDN_300000_090,3,2026-08-18 23:00:16,PythonNDN,300000,0.2487
SCALE_O_PythonNDN_300000_091,3,2026-08-18 23:01:24,PythonNDN,300000,0.2458
SCALE_O_CCNlite_1000000_050,2,2026-08-19 01:48:57,CCNlite,1000000,0.2753
SCALE_O_CCNlite_1000000_051,2,2026-08-19 01:53:21,CCNlite,1000000,0.2739
SCALE_O_CCNlite_1000000_052,2,2026-08-19 01:54:16,CCNlite,1000000,0.2724
SCALE_O_CCNlite_1000000_053,2,2026-08-19 01:58:26,CCNlite,1000000,0.284
SCALE_O_CCNlite_1000000_054,2,2026-08-19 02:01:59,CCNlite,1000000,0.2748
SCALE_O_CCNlite_1000000_055,2,2026-08-19 02:02:18,CCNlite,1000000,0.2943
SCALE_O_CCNlite_1000000_056,2,2026-08-19 02:04:26,CCNlite,1000000,0.2662
SCALE_O_CCNlite_1000000_057,2,2026-08-19 02:06:50,CCNlite,1000000,0.2749
SCALE_O_CCNlite_1000000_058,2,2026-08-19 02:08:15,CCNlite,1000000,0.2734
SCALE_O_CCNlite_1000000_059,2,2026-08-19 02:09:27,CCNlite,1000000,0.2552
SCALE_O_CCNlite_1000000_060,2,2026-08-19 02:12:01,CCNlite,1000000,0.2918
SCALE_O_CCNlite_1000000_061,2,2026-08-19 02:14:32,CCNlite,1000000,0.2906
SCALE_O_CCNlite_1000000_062,2,2026-08-19 02:15:44,CCNlite,1000000,0.2723
SCALE_O_CCNlite_1000000_063,2,2026-08-19 02:19:25,CCNlite,1000000,0.2722
SCALE_O_CCNlite_1000000_064,2,2026-08-19 02:20:15,CCNlite,1000000,0.2614
SCALE_O_CCNlite_1000000_065,2,2026-08-19 02:22:37,CCNlite,1000000,0.2606
SCALE_O_CCNlite_1000000_066,2,2026-08-19 02:25:12,CCNlite,1000000,0.2651
SCALE_O_CCNlite_1000000_067,2,2026-08-19 02:28:22,CCNlite,1000000,0.2674
SCALE_O_CCNlite_1000000_068,2,2026-08-19 02:34:13,CCNlite,1000000,0.2588
SCALE_O_CCNlite_1000000_069,2,2026-08-19 02:35:20,CCNlite,1000000,0.2931
SCALE_O_CCNlite_1000000_070,2,2026-08-19 02:36:19,CCNlite,1000000,0.2651
SCALE_O_uDCN_100000_034,1,2026-08-19 03:14:45,uDCN,100000,0.8135
SCALE_O_uDCN_100000_035,1,2026-08-19 03:17:14,uDCN,100000,0.8061
SCALE_O_uDCN_100000_036,1,2026-08-19 03:20:27,uDCN,100000,0.8114
SCALE_O_uDCN_100000_037,1,2026-08-19 03:23:32,uDCN,100000,0.8194
SCALE_O_uDCN_100000_038,1,2026-08-19 03:25:39,uDCN,100000,0.8274
SCALE_O_uDCN_100000_039,1,2026-08-19 03:29:08,uDCN,100000,0.821
SCALE_O_uDCN_100000_040,1,2026-08-19 03:30:58,uDCN,100000,0.827
SCALE_O_uDCN_100000_041,1,2026-08-19 03:34:59,uDCN,100000,0.874
SCALE_O_uDCN_100000_042,1,2026-08-19 03:35:58,uDCN,100000,0.8039
SCALE_O_uDCN_100000_043,1,2026-08-19 03:36:48,uDCN,100000,0.8433
SCALE_O_uDCN_100000_044,1,2026-08-19 03:38:25,uDCN,100000,0.7888
SCALE_O_uDCN_100000_045,1,2026-08-19 03:41:26,uDCN,100000,0.8514
SCALE_O_uDCN_100000_046,1,2026-08-19 03:43:10,uDCN,100000,0.8104
SCALE_O_uDCN_100000_047,1,2026-08-19 03:44:53,uDCN,100000,0.8253
SCALE_O_uDCN_100000_048,1,2026-08-19 03:46:28,uDCN,100000,0.7942
SCALE_O_uDCN_100000_049,1,2026-08-19 03:47:35,uDCN,100000,0.8814
SCALE_O_uDCN_100000_050,1,2026-08-19 03:51:00,uDCN,100000,0.8429
SCALE_O_uDCN_100000_051,1,2026-08-19 03:53:27,uDCN,100000,0.8791
SCALE_O_uDCN_100000_052,1,2026-08-19 03:56:37,uDCN,100000,0.8226
SCALE_O_uDCN_100000_053,1,2026-08-19 03:59:26,uDCN,100000,0.7575
SCALE_O_uDCN_100000_054,1,2026-08-19 04:02:01,uDCN,100000,0.8079
SCALE_O_uDCN_100000_055,1,2026-08-19 04:03:38,uDCN,100000,0.8057
SCALE_O_uDCN_100000_056,1,2026-08-19 04:06:41,uDCN,100000,0.8255
SCALE_O_uDCN_100000_057,1,2026-08-19 04:10:12,uDCN,100000,0.8647
SCALE_O_uDCN_100000_058,1,2026-08-19 04:12:57,uDCN,100000,0.8202
SCALE_O_uDCN_100000_059,1,2026-08-19 04:15:30,uDCN,100000,0.8492
SCALE_O_uDCN_100000_060,1,2026-08-19 04:17:47,uDCN,100000,0.839
SCALE_O_uDCN_100000_061,1,2026-08-19 04:19:24,uDCN,100000,0.8415
SCALE_O_uDCN_100000_062,1,2026-08-19 04:21:18,uDCN,100000,0.8043
SCALE_O_uDCN_100000_063,1,2026-08-19 04:22:20,uDCN,100000,0.8501
SCALE_O_uDCN_100000_064,1,2026-08-19 04:26:53,uDCN,100000,0.782
SCALE_O_uDCN_100000_065,1,2026-08-19 04:29:39,uDCN,100000,0.8558
SCALE_O_NFD_1000000_066,3,2026-08-19 04:50:05,NFD,1000000,0.2498
SCALE_O_NFD_1000000_067,3,2026-08-19 04:53:47,NFD,1000000,0.2371
SCALE_O_NFD_1000000_068,3,2026-08-19 04:56:42,NFD,1000000,0.2506
SCALE_O_NFD_1000000_069,3,2026-08-19 04:57:58,NFD,1000000,0.2524
SCALE_O_NFD_1000000_070,3,2026-08-19 05:03:17,NFD,1000000,0.2407
SCALE_O_NFD_1000000_071,3,2026-08-19 05:05:08,NFD,1000000,0.2701
SCALE_O_NFD_1000000_072,3,2026-08-19 05:06:09,NFD,1000000,0.2334
SCALE_O_NFD_1000000_073,3,2026-08-19 05:08:08,NFD,1000000,0.2363
SCALE_O_NFD_1000000_074,3,2026-08-19 05:09:51,NFD,1000000,0.2667
SCALE_O_NFD_1000000_075,3,2026-08-19 05:10:40,NFD,1000000,0.2454
SCALE_O_NFD_1000000_076,3,2026-08-19 05:13:34,NFD,1000000,0.2595
SCALE_O_NFD_1000000_077,3,2026-08-19 05:15:36,NFD,1000000,0.2489
SCALE_O_NFD_1000000_078,3,2026-08-19 05:19:05,NFD,1000000,0.2415
SCALE_O_NFD_1000000_079,3,2026-08-19 05:22:29,NFD,1000000,0.2378
SCALE_O_NFD_1000000_080,3,2026-08-19 05:23:27,NFD,1000000,0.2402
SCALE_O_NFD_1000000_081,3,2026-08-19 05:25:18,NFD,1000000,0.2613
SCALE_O_NFD_1000_133,5,2026-08-19 05:27:27,NFD,1000,0.8921
SCALE_O_NFD_1000000_082,3,2026-08-19 05:29:11,NFD,1000000,0.2831
SCALE_O_NFD_1000_134,5,2026-08-19 05:33:23,NFD,1000,0.8084
SCALE_O_NFD_1000000_083,3,2026-08-19 05:33:31,NFD,1000000,0.2507
SCALE_O_NFD_1000_135,5,2026-08-19 05:35:42,NFD,1000,0.8502
SCALE_O_NFD_1000_136,5,2026-08-19 05:38:33,NFD,1000,0.8802
SCALE_O_NFD_1000_137,5,2026-08-19 05:39:50,NFD,1000,0.849
SCALE_O_NFD_1000_138,5,2026-08-19 05:41:34,NFD,1000,0.9606
SCALE_O_NFD_1000_139,5,2026-08-19 05:42:33,NFD,1000,0.9756
SCALE_O_NFD_1000_140,5,2026-08-19 05:44:40,NFD,1000,0.8688
SCALE_O_NFD_1000_141,5,2026-08-19 05:47:29,NFD,1000,0.8539
SCALE_O_NFD_1000_142,5,2026-08-19 05:49:16,NFD,1000,0.9134
SCALE_O_NFD_1000_143,5,2026-08-19 05:55:57,NFD,1000,0.889
SCALE_O_NFD_1000_144,5,2026-08-19 05:56:27,NFD,1000,0.957
SCALE_O_NFD_1000_145,5,2026-08-19 05:58:17,NFD,1000,0.8758
SCALE_O_NFD_1000_146,5,2026-08-19 06:00:00,NFD,1000,0.8726
SCALE_O_NFD_1000_147,5,2026-08-19 06:04:08,NFD,1000,0.8591
SCALE_O_uDCN_10000_101,4,2026-08-19 06:15:44,uDCN,10000,0.9108
SCALE_O_uDCN_10000_102,4,2026-08-19 06:17:20,uDCN,10000,0.953
SCALE_O_uDCN_10000_103,4,2026-08-19 06:17:56,uDCN,10000,0.8628
SCALE_O_uDCN_10000_104,4,2026-08-19 06:22:14,uDCN,10000,0.857
SCALE_O_uDCN_10000_105,4,2026-08-19 06:26:03,uDCN,10000,0.9235
SCALE_O_uDCN_10000_106,4,2026-08-19 06:27:59,uDCN,10000,0.8784
SCALE_O_uDCN_10000_107,4,2026-08-19 06:30:07,uDCN,10000,0.8825
SCALE_O_uDCN_10000_108,4,2026-08-19 06:31:49,uDCN,10000,0.9793
SCALE_O_uDCN_10000_109,4,2026-08-19 06:34:14,uDCN,10000,0.8873
SCALE_O_uDCN_10000_110,4,2026-08-19 06:34:58,uDCN,10000,0.8927
SCALE_O_uDCN_10000_111,4,2026-08-19 06:37:17,uDCN,10000,0.8999
SCALE_O_uDCN_10000_112,4,2026-08-19 06:39:59,uDCN,10000,0.8968
SCALE_O_uDCN_10000_113,4,2026-08-19 06:42:34,uDCN,10000,0.7689
SCALE_O_CCNlite_5000000_066,3,2026-08-19 07:03:37,CCNlite,5000000,0.1107
SCALE_O_CCNlite_5000000_067,3,2026-08-19 07:05:00,CCNlite,5000000,0.1046
SCALE_O_CCNlite_5000000_068,3,2026-08-19 07:07:27,CCNlite,5000000,0.1017
SCALE_O_CCNlite_5000000_069,3,2026-08-19 07:08:39,CCNlite,5000000,0.1089
SCALE_O_CCNlite_5000000_070,3,2026-08-19 07:10:12,CCNlite,5000000,0.1064
SCALE_O_CCNlite_5000000_071,3,2026-08-19 07:12:02,CCNlite,5000000,0.1084
SCALE_O_CCNlite_5000000_072,3,2026-08-19 07:13:21,CCNlite,5000000,0.1119
SCALE_O_CCNlite_5000000_073,3,2026-08-19 07:16:13,CCNlite,5000000,0.1079
SCALE_O_CCNlite_5000000_074,3,2026-08-19 07:17:08,CCNlite,5000000,0.1054
SCALE_O_CCNlite_5000000_075,3,2026-08-19 07:20:06,CCNlite,5000000,0.1151
SCALE_O_CCNlite_5000000_076,3,2026-08-19 07:21:12,CCNlite,5000000,0.117
SCALE_O_CCNlite_5000000_077,3,2026-08-19 07:25:02,CCNlite,5000000,0.1145
SCALE_O_CCNlite_5000000_078,3,2026-08-19 07:26:26,CCNlite,5000000,0.1109
SCALE_O_CCNlite_5000000_079,3,2026-08-19 07:31:01,CCNlite,5000000,0.1115
SCALE_O_CCNlite_5000000_080,3,2026-08-19 07:32:04,CCNlite,5000000,0.0992
SCALE_O_CCNlite_5000000_081,3,2026-08-19 07:34:18,CCNlite,5000000,0.1115
SCALE_O_CCNlite_5000000_082,3,2026-08-19 07:35:21,CCNlite,5000000,0.1065
SCALE_O_NFD_300000_001,0,2026-08-19 08:00:00,NFD,300000,0.4452
SCALE_O_NFD_300000_002,0,2026-08-19 08:02:16,NFD,300000,0.4639
SCALE_O_NFD_300000_003,0,2026-08-19 08:05:47,NFD,300000,0.4406
SCALE_O_NFD_300000_004,0,2026-08-19 08:07:47,NFD,300000,0.4196
SCALE_O_NFD_300000_005,0,2026-08-19 08:08:59,NFD,300000,0.464
SCALE_O_NFD_300000_006,0,2026-08-19 08:12:42,NFD,300000,0.4377
SCALE_O_NFD_300000_007,0,2026-08-19 08:16:22,NFD,300000,0.4448
SCALE_O_NFD_300000_008,0,2026-08-19 08:18:33,NFD,300000,0.4444
SCALE_O_NFD_300000_009,0,2026-08-19 08:20:38,NFD,300000,0.4436
SCALE_O_NFD_300000_010,0,2026-08-19 08:23:01,NFD,300000,0.4294
SCALE_O_NFD_300000_011,0,2026-08-19 08:23:47,NFD,300000,0.4424
SCALE_O_NFD_300000_012,0,2026-08-19 08:25:09,NFD,300000,0.4541
SCALE_O_NFD_300000_013,0,2026-08-19 08:28:47,NFD,300000,0.4243
SCALE_O_NFD_300000_014,0,2026-08-19 08:31:50,NFD,300000,0.4342
SCALE_O_NFD_300000_015,0,2026-08-19 08:35:43,NFD,300000,0.4492
SCALE_O_NFD_10000_001,0,2026-08-19 10:00:00,NFD,10000,0.7639
SCALE_O_NFD_10000_002,0,2026-08-19 10:02:41,NFD,10000,0.7789
SCALE_O_NFD_10000_003,0,2026-08-19 10:04:41,NFD,10000,0.8054
SCALE_O_NFD_10000_004,0,2026-08-19 10:09:49,NFD,10000,0.8018
SCALE_O_NFD_10000_005,0,2026-08-19 10:11:42,NFD,10000,0.8475
SCALE_O_NFD_10000_006,0,2026-08-19 10:13:05,NFD,10000,0.823
SCALE_O_NFD_10000_007,0,2026-08-19 10:13:48,NFD,10000,0.7826
SCALE_O_NFD_10000_008,0,2026-08-19 10:15:21,NFD,10000,0.8229
SCALE_O_NFD_10000_009,0,2026-08-19 10:17:38,NFD,10000,0.8033
SCALE_O_NFD_10000_010,0,2026-08-19 10:19:15,NFD,10000,0.7788
SCALE_O_NFD_10000_011,0,2026-08-19 10:23:24,NFD,10000,0.8233
SCALE_O_NFD_10000_012,0,2026-08-19 10:24:04,NFD,10000,0.8186
SCALE_O_NFD_10000_013,0,2026-08-19 10:26:20,NFD,10000,0.7785
SCALE_O_NFD_10000_014,0,2026-08-19 10:27:14,NFD,10000,0.8795
SCALE_O_NFD_10000_015,0,2026-08-19 10:29:12,NFD,10000,0.7941
SCALE_O_NFD_10000_016,0,2026-08-19 10:30:05,NFD,10000,0.8008
SCALE_O_NFD_10000_017,0,2026-08-19 10:30:51,NFD,10000,0.8078
SCALE_O_NFD_10000_018,0,2026-08-19 10:35:41,NFD,10000,0.8153
SCALE_O_NFD_10000_019,0,2026-08-19 10:37:05,NFD,10000,0.8515
SCALE_O_NFD_10000_020,0,2026-08-19 10:41:07,NFD,10000,0.8947
SCALE_O_NFD_10000_021,0,2026-08-19 10:42:24,NFD,10000,0.7674
SCALE_O_NFD_10000_022,0,2026-08-19 10:43:59,NFD,10000,0.7959
SCALE_O_NFD_10000_023,0,2026-08-19 10:47:42,NFD,10000,0.7869
SCALE_O_NFD_10000_024,0,2026-08-19 10:49:27,NFD,10000,0.7838
SCALE_O_NFD_10000_025,0,2026-08-19 10:50:46,NFD,10000,0.769
SCALE_O_NFD_1000000_084,4,2026-08-19 10:52:26,NFD,1000000,0.2414
SCALE_O_NFD_10000_026,0,2026-08-19 10:52:41,NFD,10000,0.7876
SCALE_O_NFD_1000000_085,4,2026-08-19 10:54:36,NFD,1000000,0.2494
SCALE_O_NFD_10000_027,0,2026-08-19 10:55:27,NFD,10000,0.8795
SCALE_O_NFD_1000000_086,4,2026-08-19 10:55:33,NFD,1000000,0.2495
SCALE_O_NFD_10000_028,0,2026-08-19 10:56:57,NFD,10000,0.8116
SCALE_O_NFD_10000_029,0,2026-08-19 10:57:51,NFD,10000,0.8094
SCALE_O_NFD_1000000_087,4,2026-08-19 10:58:50,NFD,1000000,0.2421
SCALE_O_NFD_1000000_088,4,2026-08-19 11:00:16,NFD,1000000,0.229
SCALE_O_NFD_10000_030,0,2026-08-19 11:01:05,NFD,10000,0.7838
SCALE_O_NFD_1000000_089,4,2026-08-19 11:02:05,NFD,1000000,0.2518
SCALE_O_CCNlite_100000_137,6,2026-08-19 11:02:38,CCNlite,100000,0.6693
SCALE_O_NFD_10000_031,0,2026-08-19 11:03:08,NFD,10000,0.8033
SCALE_O_CCNlite_100000_138,6,2026-08-19 11:03:41,CCNlite,100000,0.5653
SCALE_O_NFD_1000000_090,4,2026-08-19 11:05:20,NFD,1000000,0.2307
SCALE_O_CCNlite_100000_139,6,2026-08-19 11:05:26,CCNlite,100000,0.6525
SCALE_O_CCNlite_100000_140,6,2026-08-19 11:06:12,CCNlite,100000,0.6471
SCALE_O_NFD_1000000_091,4,2026-08-19 11:06:39,NFD,1000000,0.2492
SCALE_O_CCNlite_100000_141,6,2026-08-19 11:07:35,CCNlite,100000,0.6258
SCALE_O_CCNlite_100000_142,6,2026-08-19 11:08:35,CCNlite,100000,0.6112
SCALE_O_NFD_1000000_092,4,2026-08-19 11:10:23,NFD,1000000,0.2549
SCALE_O_NFD_1000000_093,4,2026-08-19 11:10:59,NFD,1000000,0.2547
SCALE_O_CCNlite_100000_143,6,2026-08-19 11:12:18,CCNlite,100000,0.6127
SCALE_O_NFD_1000000_094,4,2026-08-19 11:13:15,NFD,1000000,0.2602
SCALE_O_CCNlite_100000_144,6,2026-08-19 11:15:49,CCNlite,100000,0.6727
SCALE_O_NFD_1000000_095,4,2026-08-19 11:16:02,NFD,1000000,0.2501
SCALE_O_CCNlite_100000_145,6,2026-08-19 11:17:55,CCNlite,100000,0.6294
SCALE_O_NFD_1000000_096,4,2026-08-19 11:18:01,NFD,1000000,0.2463
SCALE_O_NFD_1000000_097,4,2026-08-19 11:21:00,NFD,1000000,0.253
SCALE_O_NFD_1000000_098,4,2026-08-19 11:23:38,NFD,1000000,0.2373
SCALE_O_CCNlite_100000_146,6,2026-08-19 11:23:41,CCNlite,100000,0.6369
SCALE_O_CCNlite_100000_147,6,2026-08-19 11:24:46,CCNlite,100000,0.5874
SCALE_O_NFD_1000000_099,4,2026-08-19 11:25:47,NFD,1000000,0.2718
SCALE_O_CCNlite_100000_148,6,2026-08-19 11:26:22,CCNlite,100000,0.6138
SCALE_O_NFD_1000000_100,4,2026-08-19 11:27:55,NFD,1000000,0.2512
SCALE_O_CCNlite_100000_149,6,2026-08-19 11:28:23,CCNlite,100000,0.6001
SCALE_O_CCNlite_100000_150,6,2026-08-19 11:29:14,CCNlite,100000,0.6207
SCALE_O_NFD_1000000_101,4,2026-08-19 11:30:30,NFD,1000000,0.2359
SCALE_O_NFD_1000000_102,4,2026-08-19 11:31:34,NFD,1000000,0.2502
SCALE_O_NFD_1000000_103,4,2026-08-19 11:35:42,NFD,1000000,0.2384
SCALE_O_NFD_1000000_104,4,2026-08-19 11:38:28,NFD,1000000,0.2558
SCALE_O_NFD_1000000_105,4,2026-08-19 11:41:11,NFD,1000000,0.2516
SCALE_O_NFD_1000000_106,4,2026-08-19 11:44:50,NFD,1000000,0.2453
SCALE_O_NFD_1000000_107,4,2026-08-19 11:46:01,NFD,1000000,0.235
SCALE_O_NFD_1000000_108,4,2026-08-19 11:49:57,NFD,1000000,0.2497
SCALE_O_NFD_1000000_109,4,2026-08-19 11:50:29,NFD,1000000,0.2639
SCALE_O_NFD_1000000_110,4,2026-08-19 11:54:37,NFD,1000000,0.26
SCALE_O_NFD_1000000_111,4,2026-08-19 11:56:15,NFD,1000000,0.2533
SCALE_O_NFD_1000000_112,4,2026-08-19 12:01:37,NFD,1000000,0.2351
SCALE_O_CCNlite_5000000_083,4,2026-08-19 12:01:41,CCNlite,5000000,0.1063
SCALE_O_CCNlite_5000000_084,4,2026-08-19 12:02:18,CCNlite,5000000,0.1082
SCALE_O_NFD_1000000_113,4,2026-08-19 12:03:21,NFD,1000000,0.247
SCALE_O_CCNlite_5000000_085,4,2026-08-19 12:04:17,CCNlite,5000000,0.116
SCALE_O_NFD_1000000_114,4,2026-08-19 12:05:58,NFD,1000000,0.2424
SCALE_O_CCNlite_5000000_086,4,2026-08-19 12:06:08,CCNlite,5000000,0.1109
SCALE_O_CCNlite_5000000_087,4,2026-08-19 12:07:11,CCNlite,5000000,0.105
SCALE_O_CCNlite_5000000_088,4,2026-08-19 12:10:49,CCNlite,5000000,0.1071
SCALE_O_CCNlite_5000000_089,4,2026-08-19 12:11:35,CCNlite,5000000,0.1184
SCALE_O_CCNlite_5000000_090,4,2026-08-19 12:12:50,CCNlite,5000000,0.1127
SCALE_O_CCNlite_5000000_091,4,2026-08-19 12:13:55,CCNlite,5000000,0.1121
SCALE_O_CCNlite_5000000_092,4,2026-08-19 12:15:11,CCNlite,5000000,0.1028
SCALE_O_CCNlite_5000000_093,4,2026-08-19 12:16:42,CCNlite,5000000,0.1066
SCALE_O_CCNlite_5000000_094,4,2026-08-19 12:23:11,CCNlite,5000000,0.1087
SCALE_O_CCNlite_5000000_095,4,2026-08-19 12:27:47,CCNlite,5000000,0.1054
SCALE_O_CCNlite_5000000_096,4,2026-08-19 12:29:53,CCNlite,5000000,0.1121
SCALE_O_CCNlite_5000000_097,4,2026-08-19 12:30:43,CCNlite,5000000,0.113
SCALE_O_CCNlite_5000000_098,4,2026-08-19 12:32:52,CCNlite,5000000,0.1114
SCALE_O_CCNlite_5000000_099,4,2026-08-19 12:35:05,CCNlite,5000000,0.1087
SCALE_O_CCNlite_5000000_100,4,2026-08-19 12:37:02,CCNlite,5000000,0.1102
SCALE_O_CCNlite_5000000_101,4,2026-08-19 12:38:51,CCNlite,5000000,0.1031
SCALE_O_CCNlite_5000000_102,4,2026-08-19 12:40:10,CCNlite,5000000,0.1143
SCALE_O_CCNlite_5000000_103,4,2026-08-19 12:42:44,CCNlite,5000000,0.1119
SCALE_O_CCNlite_5000000_104,4,2026-08-19 12:44:26,CCNlite,5000000,0.1052
SCALE_O_CCNlite_5000000_105,4,2026-08-19 12:49:51,CCNlite,5000000,0.1134
SCALE_O_CCNlite_5000000_106,4,2026-08-19 12:52:59,CCNlite,5000000,0.1049
SCALE_O_CCNlite_5000000_107,4,2026-08-19 12:54:09,CCNlite,5000000,0.105
SCALE_O_CCNlite_5000000_108,4,2026-08-19 12:55:00,CCNlite,5000000,0.1142
SCALE_O_CCNlite_5000000_109,4,2026-08-19 12:57:30,CCNlite,5000000,0.1126
SCALE_O_CCNlite_5000000_110,4,2026-08-19 12:59:13,CCNlite,5000000,0.1059
SCALE_O_uDCN_300000_110,5,2026-08-19 17:35:27,uDCN,300000,0.6217
SCALE_O_uDCN_300000_111,5,2026-08-19 17:36:43,uDCN,300000,0.6318
SCALE_O_uDCN_300000_112,5,2026-08-19 17:39:02,uDCN,300000,0.5551
SCALE_O_uDCN_300000_113,5,2026-08-19 17:40:42,uDCN,300000,0.5671
SCALE_O_uDCN_300000_114,5,2026-08-19 17:43:30,uDCN,300000,0.5968
SCALE_O_uDCN_300000_115,5,2026-08-19 17:45:21,uDCN,300000,0.5494
SCALE_O_uDCN_300000_116,5,2026-08-19 17:47:41,uDCN,300000,0.5648
SCALE_O_uDCN_300000_117,5,2026-08-19 17:49:39,uDCN,300000,0.577
SCALE_O_uDCN_300000_118,5,2026-08-19 17:50:25,uDCN,300000,0.6046
SCALE_O_uDCN_300000_119,5,2026-08-19 17:54:56,uDCN,300000,0.5864
SCALE_O_uDCN_300000_120,5,2026-08-19 17:58:36,uDCN,300000,0.6039
SCALE_O_uDCN_300000_121,5,2026-08-19 17:59:39,uDCN,300000,0.5981
SCALE_O_uDCN_100000_066,2,2026-08-19 18:32:03,uDCN,100000,0.802
SCALE_O_uDCN_100000_067,2,2026-08-19 18:34:29,uDCN,100000,0.8622
SCALE_O_uDCN_100000_068,2,2026-08-19 18:35:56,uDCN,100000,0.8522
SCALE_O_uDCN_100000_069,2,2026-08-19 18:37:58,uDCN,100000,0.7652
SCALE_O_uDCN_100000_070,2,2026-08-19 18:41:16,uDCN,100000,0.8428
SCALE_O_uDCN_100000_071,2,2026-08-19 18:42:51,uDCN,100000,0.8202
SCALE_O_uDCN_100000_072,2,2026-08-19 18:45:43,uDCN,100000,0.8034
SCALE_O_uDCN_100000_073,2,2026-08-19 18:51:37,uDCN,100000,0.8228
SCALE_O_uDCN_100000_074,2,2026-08-19 18:59:11,uDCN,100000,0.8461
SCALE_O_uDCN_100000_075,2,2026-08-19 19:00:44,uDCN,100000,0.8091
SCALE_O_uDCN_100000_076,2,2026-08-19 19:01:33,uDCN,100000,0.8161
SCALE_O_uDCN_100000_077,2,2026-08-19 19:03:56,uDCN,100000,0.8326
SCALE_O_uDCN_100000_078,2,2026-08-19 19:06:56,uDCN,100000,0.8046
SCALE_O_uDCN_100000_079,2,2026-08-19 19:07:44,uDCN,100000,0.8703
SCALE_O_uDCN_100000_080,2,2026-08-19 19:10:29,uDCN,100000,0.7382
SCALE_O_uDCN_100000_081,2,2026-08-19 19:11:19,uDCN,100000,0.8192
SCALE_O_uDCN_100000_082,2,2026-08-19 19:14:01,uDCN,100000,0.8601
SCALE_O_uDCN_100000_083,2,2026-08-19 19:15:48,uDCN,100000,0.7906
SCALE_O_uDCN_100000_084,2,2026-08-19 19:18:06,uDCN,100000,0.8264
SCALE_O_uDCN_100000_085,2,2026-08-19 19:19:27,uDCN,100000,0.7841
SCALE_O_uDCN_100000_086,2,2026-08-19 19:21:34,uDCN,100000,0.8267
SCALE_O_uDCN_100000_087,2,2026-08-19 19:23:10,uDCN,100000,0.8502
SCALE_O_uDCN_100000_088,2,2026-08-19 19:25:41,uDCN,100000,0.7807
SCALE_O_uDCN_100000_089,2,2026-08-19 19:27:44,uDCN,100000,0.8058
SCALE_O_uDCN_300000_122,6,2026-08-20 00:32:04,uDCN,300000,0.5773
SCALE_O_uDCN_300000_123,6,2026-08-20 00:32:31,uDCN,300000,0.654
SCALE_O_uDCN_300000_124,6,2026-08-20 00:34:02,uDCN,300000,0.5869
SCALE_O_uDCN_300000_125,6,2026-08-20 00:36:09,uDCN,300000,0.6244
SCALE_O_uDCN_300000_126,6,2026-08-20 00:38:49,uDCN,300000,0.6369
SCALE_O_uDCN_300000_127,6,2026-08-20 00:40:56,uDCN,300000,0.5615
SCALE_O_uDCN_300000_128,6,2026-08-20 00:41:31,uDCN,300000,0.6079
SCALE_O_uDCN_300000_129,6,2026-08-20 00:44:29,uDCN,300000,0.5976
SCALE_O_uDCN_300000_130,6,2026-08-20 00:45:52,uDCN,300000,0.5527
SCALE_O_uDCN_300000_131,6,2026-08-20 00:49:25,uDCN,300000,0.5326
SCALE_O_uDCN_300000_132,6,2026-08-20 00:51:23,uDCN,300000,0.6108
SCALE_O_uDCN_300000_133,6,2026-08-20 00:51:58,uDCN,300000,0.6108
SCALE_O_uDCN_300000_134,6,2026-08-20 00:52:37,uDCN,300000,0.6085
SCALE_O_uDCN_300000_135,6,2026-08-20 00:54:49,uDCN,300000,0.5653
SCALE_O_uDCN_300000_136,6,2026-08-20 00:55:24,uDCN,300000,0.567
SCALE_O_uDCN_300000_137,6,2026-08-20 00:57:33,uDCN,300000,0.5427
SCALE_O_uDCN_300000_138,6,2026-08-20 00:57:54,uDCN,300000,0.5499
SCALE_O_uDCN_300000_139,6,2026-08-20 01:01:23,uDCN,300000,0.6065
SCALE_O_uDCN_300000_140,6,2026-08-20 01:02:51,uDCN,300000,0.5997
SCALE_O_uDCN_300000_141,6,2026-08-20 01:04:58,uDCN,300000,0.6564
SCALE_O_PythonNDN_300000_092,4,2026-08-20 01:06:13,PythonNDN,300000,0.2779
SCALE_O_PythonNDN_300000_093,4,2026-08-20 01:08:05,PythonNDN,300000,0.2579
SCALE_O_uDCN_300000_142,6,2026-08-20 01:08:37,uDCN,300000,0.6037
SCALE_O_uDCN_300000_143,6,2026-08-20 01:09:30,uDCN,300000,0.5842
SCALE_O_PythonNDN_300000_094,4,2026-08-20 01:10:41,PythonNDN,300000,0.2155
SCALE_O_uDCN_300000_144,6,2026-08-20 01:12:07,uDCN,300000,0.5727
SCALE_O_PythonNDN_300000_095,4,2026-08-20 01:14:16,PythonNDN,300000,0.2724
SCALE_O_uDCN_300000_145,6,2026-08-20 01:14:29,uDCN,300000,0.5776
SCALE_O_PythonNDN_300000_096,4,2026-08-20 01:17:36,PythonNDN,300000,0.2322
SCALE_O_PythonNDN_300000_097,4,2026-08-20 01:18:30,PythonNDN,300000,0.2395
SCALE_O_PythonNDN_300000_098,4,2026-08-20 01:20:27,PythonNDN,300000,0.2384
SCALE_O_uDCN_300000_146,6,2026-08-20 01:22:27,uDCN,300000,0.5666
SCALE_O_PythonNDN_300000_099,4,2026-08-20 01:24:30,PythonNDN,300000,0.2568
SCALE_O_uDCN_300000_147,6,2026-08-20 01:25:29,uDCN,300000,0.6006
SCALE_O_PythonNDN_300000_100,4,2026-08-20 01:27:57,PythonNDN,300000,0.2461
SCALE_O_PythonNDN_300000_101,4,2026-08-20 01:29:36,PythonNDN,300000,0.2628
SCALE_O_PythonNDN_300000_102,4,2026-08-20 01:30:41,PythonNDN,300000,0.2504
SCALE_O_PythonNDN_300000_103,4,2026-08-20 01:32:15,PythonNDN,300000,0.2531
SCALE_O_PythonNDN_300000_104,4,2026-08-20 01:32:42,PythonNDN,300000,0.2324
SCALE_O_PythonNDN_300000_105,4,2026-08-20 01:33:36,PythonNDN,300000,0.2558
SCALE_O_PythonNDN_300000_106,4,2026-08-20 01:35:40,PythonNDN,300000,0.2474
SCALE_O_PythonNDN_300000_107,4,2026-08-20 01:36:02,PythonNDN,300000,0.251
SCALE_O_PythonNDN_300000_108,4,2026-08-20 01:39:10,PythonNDN,300000,0.2556
SCALE_O_PythonNDN_300000_109,4,2026-08-20 01:41:56,PythonNDN,300000,0.2599
SCALE_O_PythonNDN_300000_110,4,2026-08-20 01:42:55,PythonNDN,300000,0.2603
SCALE_O_PythonNDN_300000_111,4,2026-08-20 01:46:31,PythonNDN,300000,0.2548
SCALE_O_PythonNDN_300000_112,4,2026-08-20 01:48:40,PythonNDN,300000,0.2511
SCALE_O_PythonNDN_300000_113,4,2026-08-20 01:53:07,PythonNDN,300000,0.2703
SCALE_O_NFD_1000000_115,5,2026-08-20 04:17:05,NFD,1000000,0.2666
SCALE_O_NFD_1000000_116,5,2026-08-20 04:19:39,NFD,1000000,0.2606
SCALE_O_NFD_1000000_117,5,2026-08-20 04:22:27,NFD,1000000,0.2428
SCALE_O_NFD_1000000_118,5,2026-08-20 04:25:25,NFD,1000000,0.2479
SCALE_O_NFD_1000000_119,5,2026-08-20 04:28:43,NFD,1000000,0.2519
SCALE_O_NFD_1000000_120,5,2026-08-20 04:30:25,NFD,1000000,0.2414
SCALE_O_NFD_1000000_121,5,2026-08-20 04:34:15,NFD,1000000,0.2647
SCALE_O_NFD_1000000_122,5,2026-08-20 04:35:37,NFD,1000000,0.2344
SCALE_O_NFD_1000000_123,5,2026-08-20 04:38:46,NFD,1000000,0.2487
SCALE_O_NFD_1000000_124,5,2026-08-20 04:40:49,NFD,1000000,0.2436
SCALE_O_NFD_1000000_125,5,2026-08-20 04:43:10,NFD,1000000,0.2512
SCALE_O_NFD_1000000_126,5,2026-08-20 04:45:19,NFD,1000000,0.2419
SCALE_O_NFD_1000000_127,5,2026-08-20 04:46:09,NFD,1000000,0.2463
SCALE_O_NFD_1000000_128,5,2026-08-20 04:46:54,NFD,1000000,0.233
SCALE_O_NFD_1000000_129,5,2026-08-20 04:48:46,NFD,1000000,0.2352
SCALE_O_NFD_1000000_130,5,2026-08-20 04:53:40,NFD,1000000,0.2634
SCALE_O_NFD_1000000_131,5,2026-08-20 04:54:53,NFD,1000000,0.2452
SCALE_O_NFD_1000000_132,5,2026-08-20 04:55:51,NFD,1000000,0.245
SCALE_O_PythonNDN_300000_114,5,2026-08-20 05:44:36,PythonNDN,300000,0.2443
SCALE_O_PythonNDN_300000_115,5,2026-08-20 05:48:12,PythonNDN,300000,0.2436
SCALE_O_PythonNDN_300000_116,5,2026-08-20 05:49:06,PythonNDN,300000,0.2483
SCALE_O_PythonNDN_300000_117,5,2026-08-20 05:50:30,PythonNDN,300000,0.2541
SCALE_O_PythonNDN_300000_118,5,2026-08-20 05:53:22,PythonNDN,300000,0.2428
SCALE_O_PythonNDN_300000_119,5,2026-08-20 05:54:15,PythonNDN,300000,0.2407
SCALE_O_PythonNDN_300000_120,5,2026-08-20 05:54:46,PythonNDN,300000,0.2633
SCALE_O_PythonNDN_300000_121,5,2026-08-20 05:56:22,PythonNDN,300000,0.2632
SCALE_O_PythonNDN_300000_122,5,2026-08-20 05:57:42,PythonNDN,300000,0.2652
SCALE_O_uDCN_300000_148,7,2026-08-20 05:59:19,uDCN,300000,0.6657
SCALE_O_PythonNDN_300000_123,5,2026-08-20 06:00:35,PythonNDN,300000,0.2514
SCALE_O_PythonNDN_300000_124,5,2026-08-20 06:01:15,PythonNDN,300000,0.2282
SCALE_O_uDCN_300000_149,7,2026-08-20 06:01:19,uDCN,300000,0.5911
SCALE_O_PythonNDN_300000_125,5,2026-08-20 06:02:30,PythonNDN,300000,0.2571
SCALE_O_uDCN_300000_150,7,2026-08-20 06:05:10,uDCN,300000,0.5953
SCALE_O_PythonNDN_300000_126,5,2026-08-20 06:05:26,PythonNDN,300000,0.2529
SCALE_O_PythonNDN_300000_127,5,2026-08-20 06:06:07,PythonNDN,300000,0.2789
SCALE_O_CCNlite_1000000_071,3,2026-08-20 06:33:07,CCNlite,1000000,0.2778
SCALE_O_CCNlite_1000000_072,3,2026-08-20 06:34:56,CCNlite,1000000,0.2793
SCALE_O_CCNlite_1000000_073,3,2026-08-20 06:39:12,CCNlite,1000000,0.2938
SCALE_O_CCNlite_1000000_074,3,2026-08-20 06:40:24,CCNlite,1000000,0.2649
SCALE_O_CCNlite_1000000_075,3,2026-08-20 06:41:03,CCNlite,1000000,0.2794
SCALE_O_CCNlite_1000000_076,3,2026-08-20 06:44:07,CCNlite,1000000,0.2896
SCALE_O_CCNlite_1000000_077,3,2026-08-20 06:44:33,CCNlite,1000000,0.2688
SCALE_O_CCNlite_1000000_078,3,2026-08-20 06:48:20,CCNlite,1000000,0.2584
SCALE_O_CCNlite_1000000_079,3,2026-08-20 06:50:15,CCNlite,1000000,0.2825
SCALE_O_CCNlite_1000000_080,3,2026-08-20 06:56:29,CCNlite,1000000,0.2865
SCALE_O_CCNlite_1000000_081,3,2026-08-20 06:58:01,CCNlite,1000000,0.2761
SCALE_O_CCNlite_1000000_082,3,2026-08-20 07:01:10,CCNlite,1000000,0.3
SCALE_O_CCNlite_1000000_083,3,2026-08-20 07:05:53,CCNlite,1000000,0.2843
SCALE_O_CCNlite_1000000_084,3,2026-08-20 07:11:20,CCNlite,1000000,0.2651
SCALE_O_CCNlite_1000000_085,3,2026-08-20 07:13:42,CCNlite,1000000,0.2577
SCALE_O_CCNlite_1000000_086,3,2026-08-20 07:15:44,CCNlite,1000000,0.2783
SCALE_O_CCNlite_1000000_087,3,2026-08-20 07:17:07,CCNlite,1000000,0.2746
SCALE_O_CCNlite_1000000_088,3,2026-08-20 07:18:44,CCNlite,1000000,0.2677
SCALE_O_CCNlite_1000000_089,3,2026-08-20 07:20:45,CCNlite,1000000,0.2683
SCALE_O_CCNlite_1000000_090,3,2026-08-20 07:21:43,CCNlite,1000000,0.2827
SCALE_O_CCNlite_1000000_091,3,2026-08-20 07:25:20,CCNlite,1000000,0.2747
SCALE_O_CCNlite_1000000_092,3,2026-08-20 07:28:23,CCNlite,1000000,0.2729
SCALE_O_CCNlite_1000000_093,3,2026-08-20 07:29:42,CCNlite,1000000,0.2875
SCALE_O_CCNlite_1000000_094,3,2026-08-20 07:31:33,CCNlite,1000000,0.2808
SCALE_O_CCNlite_1000000_095,3,2026-08-20 07:37:44,CCNlite,1000000,0.2603
SCALE_O_CCNlite_1000000_096,3,2026-08-20 07:39:12,CCNlite,1000000,0.2744
SCALE_O_CCNlite_1000000_097,3,2026-08-20 07:41:23,CCNlite,1000000,0.2657
SCALE_O_CCNlite_1000000_098,3,2026-08-20 07:45:14,CCNlite,1000000,0.2675
SCALE_O_CCNlite_1000000_099,3,2026-08-20 07:48:35,CCNlite,1000000,0.2735
SCALE_O_CCNlite_1000000_100,3,2026-08-20 07:50:02,CCNlite,1000000,0.2761
SCALE_O_CCNlite_1000_140,5,2026-08-20 08:58:35,CCNlite,1000,0.9033
SCALE_O_CCNlite_1000_141,5,2026-08-20 09:01:59,CCNlite,1000,0.903
SCALE_O_CCNlite_1000_142,5,2026-08-20 09:05:22,CCNlite,1000,0.8629
SCALE_O_CCNlite_1000_143,5,2026-08-20 09:07:41,CCNlite,1000,0.8758
SCALE_O_CCNlite_1000_144,5,2026-08-20 09:08:53,CCNlite,1000,0.9048
SCALE_O_CCNlite_1000_145,5,2026-08-20 09:10:10,CCNlite,1000,0.8916
SCALE_O_CCNlite_1000_146,5,2026-08-20 09:13:12,CCNlite,1000,0.8825
SCALE_O_CCNlite_1000_147,5,2026-08-20 09:14:32,CCNlite,1000,0.8958
SCALE_O_CCNlite_1000_148,5,2026-08-20 09:17:43,CCNlite,1000,0.8489
SCALE_O_CCNlite_1000_149,5,2026-08-20 09:22:39,CCNlite,1000,0.9488
SCALE_O_CCNlite_1000_150,5,2026-08-20 09:23:30,CCNlite,1000,0.9284
SCALE_O_CCNlite_5000000_111,5,2026-08-20 10:23:33,CCNlite,5000000,0.1141
SCALE_O_CCNlite_5000000_112,5,2026-08-20 10:26:42,CCNlite,5000000,0.107
SCALE_O_CCNlite_5000000_113,5,2026-08-20 10:27:55,CCNlite,5000000,0.1043
SCALE_O_CCNlite_5000000_114,5,2026-08-20 10:28:48,CCNlite,5000000,0.1047
SCALE_O_CCNlite_5000000_115,5,2026-08-20 10:29:47,CCNlite,5000000,0.1053
SCALE_O_CCNlite_5000000_116,5,2026-08-20 10:32:49,CCNlite,5000000,0.1107
SCALE_O_CCNlite_5000000_117,5,2026-08-20 10:34:10,CCNlite,5000000,0.1183
SCALE_O_CCNlite_5000000_118,5,2026-08-20 10:36:58,CCNlite,5000000,0.1068
SCALE_O_CCNlite_5000000_119,5,2026-08-20 10:39:24,CCNlite,5000000,0.1103
SCALE_O_CCNlite_5000000_120,5,2026-08-20 10:40:26,CCNlite,5000000,0.1127
SCALE_O_CCNlite_5000000_121,5,2026-08-20 10:42:24,CCNlite,5000000,0.1123
SCALE_O_CCNlite_5000000_122,5,2026-08-20 10:43:47,CCNlite,5000000,0.1073
SCALE_O_CCNlite_5000000_123,5,2026-08-20 10:44:55,CCNlite,5000000,0.1146
SCALE_O_CCNlite_5000000_124,5,2026-08-20 10:46:52,CCNlite,5000000,0.1089
SCALE_O_CCNlite_5000000_125,5,2026-08-20 10:48:55,CCNlite,5000000,0.12
SCALE_O_CCNlite_5000000_126,5,2026-08-20 10:50:27,CCNlite,5000000,0.1038
SCALE_O_CCNlite_5000000_127,5,2026-08-20 10:52:15,CCNlite,5000000,0.1108
SCALE_O_CCNlite_5000000_128,5,2026-08-20 10:57:08,CCNlite,5000000,0.1117
SCALE_O_CCNlite_5000000_129,5,2026-08-20 10:58:33,CCNlite,5000000,0.1126
SCALE_O_CCNlite_5000000_130,5,2026-08-20 10:59:51,CCNlite,5000000,0.1159
SCALE_O_NFD_1000_148,6,2026-08-20 11:39:04,NFD,1000,0.8415
SCALE_O_NFD_1000_149,6,2026-08-20 11:45:50,NFD,1000,0.9562
SCALE_O_NFD_1000_150,6,2026-08-20 11:50:54,NFD,1000,1.0
SCALE_O_NFD_10000_032,1,2026-08-20 15:50:36,NFD,10000,0.8189
SCALE_O_NFD_10000_033,1,2026-08-20 15:53:36,NFD,10000,0.8016
SCALE_O_NFD_10000_034,1,2026-08-20 15:57:15,NFD,10000,0.7543
SCALE_O_NFD_10000_035,1,2026-08-20 15:58:12,NFD,10000,0.8224
SCALE_O_NFD_100000_001,0,2026-08-20 16:00:00,NFD,100000,0.6434
SCALE_O_NFD_10000_036,1,2026-08-20 16:00:11,NFD,10000,0.8229
SCALE_O_NFD_100000_002,0,2026-08-20 16:01:00,NFD,100000,0.6158
SCALE_O_NFD_10000_037,1,2026-08-20 16:01:49,NFD,10000,0.8909
SCALE_O_NFD_100000_003,0,2026-08-20 16:03:46,NFD,100000,0.6586
SCALE_O_NFD_10000_038,1,2026-08-20 16:04:32,NFD,10000,0.8618
SCALE_O_NFD_100000_004,0,2026-08-20 16:06:27,NFD,100000,0.6619
SCALE_O_NFD_10000_039,1,2026-08-20 16:07:22,NFD,10000,0.8186
SCALE_O_NFD_10000_040,1,2026-08-20 16:08:58,NFD,10000,0.7892
SCALE_O_NFD_100000_005,0,2026-08-20 16:11:13,NFD,100000,0.6886
SCALE_O_NFD_10000_041,1,2026-08-20 16:11:23,NFD,10000,0.7814
SCALE_O_NFD_100000_006,0,2026-08-20 16:12:49,NFD,100000,0.6569
SCALE_O_NFD_100000_007,0,2026-08-20 16:13:49,NFD,100000,0.6514
SCALE_O_NFD_10000_042,1,2026-08-20 16:14:28,NFD,10000,0.8775
SCALE_O_NFD_100000_008,0,2026-08-20 16:15:14,NFD,100000,0.6488
SCALE_O_NFD_10000_043,1,2026-08-20 16:16:28,NFD,10000,0.8032
SCALE_O_NFD_10000_044,1,2026-08-20 16:20:16,NFD,10000,0.7888
SCALE_O_NFD_100000_009,0,2026-08-20 16:22:11,NFD,100000,0.6292
SCALE_O_NFD_100000_010,0,2026-08-20 16:24:39,NFD,100000,0.6686
SCALE_O_NFD_10000_045,1,2026-08-20 16:24:58,NFD,10000,0.8126
SCALE_O_NFD_10000_046,1,2026-08-20 16:27:02,NFD,10000,0.776
SCALE_O_NFD_10000_047,1,2026-08-20 16:29:20,NFD,10000,0.7668
SCALE_O_NFD_100000_011,0,2026-08-20 16:29:41,NFD,100000,0.6495
SCALE_O_NFD_10000_048,1,2026-08-20 16:30:52,NFD,10000,0.8433
SCALE_O_NFD_100000_012,0,2026-08-20 16:32:43,NFD,100000,0.6587
SCALE_O_NFD_10000_049,1,2026-08-20 16:34:18,NFD,10000,0.7972
SCALE_O_NFD_100000_013,0,2026-08-20 16:38:21,NFD,100000,0.6278
SCALE_O_NFD_100000_014,0,2026-08-20 16:40:16,NFD,100000,0.6637
SCALE_O_NFD_1000000_133,6,2026-08-20 16:41:21,NFD,1000000,0.2397
SCALE_O_NFD_10000_050,1,2026-08-20 16:42:14,NFD,10000,0.8212
SCALE_O_NFD_10000_051,1,2026-08-20 16:42:57,NFD,10000,0.9024
SCALE_O_NFD_1000000_134,6,2026-08-20 16:42:58,NFD,1000000,0.257
SCALE_O_NFD_100000_015,0,2026-08-20 16:43:17,NFD,100000,0.6157
SCALE_O_NFD_10000_052,1,2026-08-20 16:43:32,NFD,10000,0.7783
SCALE_O_NFD_1000000_135,6,2026-08-20 16:43:34,NFD,1000000,0.2693
SCALE_O_NFD_5000000_144,5,2026-08-20 16:43:50,NFD,5000000,0.0989
SCALE_O_NFD_100000_016,0,2026-08-20 16:44:35,NFD,100000,0.6861
SCALE_O_NFD_5000000_145,5,2026-08-20 16:46:04,NFD,5000000,0.0959
SCALE_O_NFD_10000_053,1,2026-08-20 16:46:05,NFD,10000,0.8744
SCALE_O_NFD_1000000_136,6,2026-08-20 16:46:37,NFD,1000000,0.2278
SCALE_O_NFD_5000000_146,5,2026-08-20 16:47:05,NFD,5000000,0.1007
SCALE_O_NFD_1000000_137,6,2026-08-20 16:48:01,NFD,1000000,0.2676
SCALE_O_NFD_100000_017,0,2026-08-20 16:48:31,NFD,100000,0.6732
SCALE_O_NFD_5000000_147,5,2026-08-20 16:48:44,NFD,5000000,0.0993
SCALE_O_NFD_5000000_148,5,2026-08-20 16:50:33,NFD,5000000,0.0971
SCALE_O_NFD_1000000_138,6,2026-08-20 16:50:42,NFD,1000000,0.2554
SCALE_O_NFD_100000_018,0,2026-08-20 16:51:36,NFD,100000,0.6334
SCALE_O_NFD_5000000_149,5,2026-08-20 16:52:39,NFD,5000000,0.1018
SCALE_O_NFD_100000_019,0,2026-08-20 16:53:51,NFD,100000,0.618
SCALE_O_NFD_1000000_139,6,2026-08-20 16:53:57,NFD,1000000,0.2434
SCALE_O_NFD_100000_020,0,2026-08-20 16:55:02,NFD,100000,0.6291
SCALE_O_NFD_100000_021,0,2026-08-20 16:56:29,NFD,100000,0.6786
SCALE_O_NFD_5000000_150,5,2026-08-20 16:56:33,NFD,5000000,0.1013
SCALE_O_NFD_100000_022,0,2026-08-20 16:56:58,NFD,100000,0.6557
SCALE_O_NFD_1000000_140,6,2026-08-20 16:57:40,NFD,1000000,0.2388
SCALE_O_NFD_100000_023,0,2026-08-20 16:59:49,NFD,100000,0.6356
SCALE_O_NFD_100000_024,0,2026-08-20 17:01:53,NFD,100000,0.6806
SCALE_O_NFD_1000000_141,6,2026-08-20 17:01:59,NFD,1000000,0.24
SCALE_O_NFD_1000000_142,6,2026-08-20 17:03:43,NFD,1000000,0.2726
SCALE_O_NFD_100000_025,0,2026-08-20 17:05:48,NFD,100000,0.6254
SCALE_O_NFD_100000_026,0,2026-08-20 17:06:25,NFD,100000,0.675
SCALE_O_NFD_1000000_143,6,2026-08-20 17:07:47,NFD,1000000,0.2307
SCALE_O_NFD_100000_027,0,2026-08-20 17:08:08,NFD,100000,0.6248
SCALE_O_NFD_1000000_144,6,2026-08-20 17:09:54,NFD,1000000,0.2432
SCALE_O_NFD_100000_028,0,2026-08-20 17:11:02,NFD,100000,0.6585
SCALE_O_NFD_1000000_145,6,2026-08-20 17:12:46,NFD,1000000,0.2384
SCALE_O_NFD_100000_029,0,2026-08-20 17:13:32,NFD,100000,0.6194
SCALE_O_NFD_1000000_146,6,2026-08-20 17:14:20,NFD,1000000,0.2402
SCALE_O_NFD_1000000_147,6,2026-08-20 17:16:53,NFD,1000000,0.2613
SCALE_O_NFD_100000_030,0,2026-08-20 17:17:08,NFD,100000,0.6824
SCALE_O_NFD_1000000_148,6,2026-08-20 17:18:44,NFD,1000000,0.2485
SCALE_O_NFD_100000_031,0,2026-08-20 17:19:24,NFD,100000,0.6248
SCALE_O_NFD_1000000_149,6,2026-08-20 17:21:35,NFD,1000000,0.2684
SCALE_O_NFD_1000000_150,6,2026-08-20 17:23:54,NFD,1000000,0.2492
SCALE_O_NFD_100000_032,0,2026-08-20 17:24:04,NFD,100000,0.6371
SCALE_O_uDCN_100000_090,3,2026-08-20 18:26:01,uDCN,100000,0.7765
SCALE_O_uDCN_100000_091,3,2026-08-20 18:28:05,uDCN,100000,0.7902
SCALE_O_uDCN_100000_092,3,2026-08-20 18:31:19,uDCN,100000,0.8337
SCALE_O_uDCN_100000_093,3,2026-08-20 18:31:44,uDCN,100000,0.8484
SCALE_O_uDCN_100000_094,3,2026-08-20 18:33:12,uDCN,100000,0.7836
SCALE_O_uDCN_100000_095,3,2026-08-20 18:35:55,uDCN,100000,0.7779
SCALE_O_uDCN_100000_096,3,2026-08-20 18:37:31,uDCN,100000,0.7369
SCALE_O_uDCN_100000_097,3,2026-08-20 18:40:29,uDCN,100000,0.8471
SCALE_O_uDCN_100000_098,3,2026-08-20 18:45:10,uDCN,100000,0.8125
SCALE_O_uDCN_100000_099,3,2026-08-20 18:49:45,uDCN,100000,0.8474
SCALE_O_uDCN_100000_100,3,2026-08-20 18:52:23,uDCN,100000,0.8169
SCALE_O_uDCN_100000_101,3,2026-08-20 18:55:21,uDCN,100000,0.8664
SCALE_O_uDCN_100000_102,3,2026-08-20 18:57:30,uDCN,100000,0.8571
SCALE_O_uDCN_100000_103,3,2026-08-20 19:01:54,uDCN,100000,0.7971
SCALE_O_uDCN_100000_104,3,2026-08-20 19:04:08,uDCN,100000,0.8415
SCALE_O_uDCN_100000_105,3,2026-08-20 19:06:12,uDCN,100000,0.8104
SCALE_O_uDCN_100000_106,3,2026-08-20 19:07:04,uDCN,100000,0.7989
SCALE_O_uDCN_100000_107,3,2026-08-20 19:09:41,uDCN,100000,0.7887
SCALE_O_uDCN_100000_108,3,2026-08-20 19:11:30,uDCN,100000,0.7862
SCALE_O_uDCN_100000_109,3,2026-08-20 19:12:35,uDCN,100000,0.8758
SCALE_O_uDCN_100000_110,3,2026-08-20 19:15:22,uDCN,100000,0.8757
SCALE_O_uDCN_100000_111,3,2026-08-20 19:17:38,uDCN,100000,0.8343
SCALE_O_uDCN_100000_112,3,2026-08-20 19:19:29,uDCN,100000,0.7723
SCALE_O_uDCN_100000_113,3,2026-08-20 19:21:40,uDCN,100000,0.8478
SCALE_O_uDCN_100000_114,3,2026-08-20 19:23:09,uDCN,100000,0.8321
SCALE_O_CCNlite_1000000_101,4,2026-08-20 21:45:52,CCNlite,1000000,0.255
SCALE_O_CCNlite_1000000_102,4,2026-08-20 21:48:04,CCNlite,1000000,0.2795
SCALE_O_CCNlite_1000000_103,4,2026-08-20 21:51:34,CCNlite,1000000,0.2859
SCALE_O_CCNlite_1000000_104,4,2026-08-20 21:54:14,CCNlite,1000000,0.2973
SCALE_O_CCNlite_1000000_105,4,2026-08-20 21:55:51,CCNlite,1000000,0.2507
SCALE_O_CCNlite_1000000_106,4,2026-08-20 21:57:25,CCNlite,1000000,0.2667
SCALE_O_CCNlite_1000000_107,4,2026-08-20 21:59:55,CCNlite,1000000,0.2666
SCALE_O_CCNlite_1000000_108,4,2026-08-20 22:03:42,CCNlite,1000000,0.2632
SCALE_O_CCNlite_1000000_109,4,2026-08-20 22:05:07,CCNlite,1000000,0.2696
SCALE_O_CCNlite_1000000_110,4,2026-08-20 22:08:27,CCNlite,1000000,0.2525
SCALE_O_CCNlite_1000000_111,4,2026-08-20 22:09:58,CCNlite,1000000,0.2966
SCALE_O_CCNlite_1000000_112,4,2026-08-20 22:11:17,CCNlite,1000000,0.2904
SCALE_O_CCNlite_1000000_113,4,2026-08-20 22:12:56,CCNlite,1000000,0.2578
SCALE_O_CCNlite_1000000_114,4,2026-08-20 22:14:45,CCNlite,1000000,0.2805
SCALE_O_CCNlite_1000000_115,4,2026-08-20 22:18:50,CCNlite,1000000,0.2531
SCALE_O_CCNlite_1000000_116,4,2026-08-20 22:22:00,CCNlite,1000000,0.2796
SCALE_O_uDCN_10000_114,5,2026-08-21 05:02:52,uDCN,10000,0.8666
SCALE_O_uDCN_10000_115,5,2026-08-21 05:05:59,uDCN,10000,0.9463
SCALE_O_uDCN_10000_116,5,2026-08-21 05:07:16,uDCN,10000,0.8614
SCALE_O_uDCN_10000_117,5,2026-08-21 05:09:19,uDCN,10000,0.8608
SCALE_O_uDCN_10000_118,5,2026-08-21 05:11:28,uDCN,10000,0.8494
SCALE_O_uDCN_10000_119,5,2026-08-21 05:13:31,uDCN,10000,0.8834
SCALE_O_uDCN_10000_120,5,2026-08-21 05:15:48,uDCN,10000,0.8896
SCALE_O_uDCN_10000_121,5,2026-08-21 05:17:02,uDCN,10000,0.9338
SCALE_O_uDCN_10000_122,5,2026-08-21 05:18:22,uDCN,10000,0.9836
SCALE_O_uDCN_10000_123,5,2026-08-21 05:23:18,uDCN,10000,0.8693
SCALE_O_uDCN_10000_124,5,2026-08-21 05:25:11,uDCN,10000,0.902
SCALE_O_uDCN_10000_125,5,2026-08-21 05:26:05,uDCN,10000,0.9647
SCALE_O_uDCN_10000_126,5,2026-08-21 05:28:56,uDCN,10000,0.8829
SCALE_O_uDCN_10000_127,5,2026-08-21 05:31:10,uDCN,10000,0.9615
SCALE_O_uDCN_10000_128,5,2026-08-21 05:32:12,uDCN,10000,0.8675
SCALE_O_uDCN_10000_129,5,2026-08-21 05:34:10,uDCN,10000,0.8381
SCALE_O_PythonNDN_300000_128,6,2026-08-21 09:44:41,PythonNDN,300000,0.2378
SCALE_O_PythonNDN_300000_129,6,2026-08-21 09:46:55,PythonNDN,300000,0.2533
SCALE_O_PythonNDN_300000_130,6,2026-08-21 09:48:39,PythonNDN,300000,0.2552
SCALE_O_PythonNDN_300000_131,6,2026-08-21 09:51:21,PythonNDN,300000,0.2437
SCALE_O_PythonNDN_300000_132,6,2026-08-21 09:53:28,PythonNDN,300000,0.2622
SCALE_O_PythonNDN_300000_133,6,2026-08-21 09:56:42,PythonNDN,300000,0.2324
SCALE_O_PythonNDN_300000_134,6,2026-08-21 09:59:11,PythonNDN,300000,0.2352
SCALE_O_PythonNDN_300000_135,6,2026-08-21 09:59:46,PythonNDN,300000,0.2584
SCALE_O_PythonNDN_300000_136,6,2026-08-21 10:00:40,PythonNDN,300000,0.246
SCALE_O_PythonNDN_300000_137,6,2026-08-21 10:01:59,PythonNDN,300000,0.2623
SCALE_O_PythonNDN_300000_138,6,2026-08-21 10:02:14,PythonNDN,300000,0.2462
SCALE_O_PythonNDN_300000_139,6,2026-08-21 10:05:42,PythonNDN,300000,0.2506
SCALE_O_PythonNDN_300000_140,6,2026-08-21 10:06:13,PythonNDN,300000,0.2373
SCALE_O_PythonNDN_300000_141,6,2026-08-21 10:08:05,PythonNDN,300000,0.253
SCALE_O_PythonNDN_300000_142,6,2026-08-21 10:09:28,PythonNDN,300000,0.2596
SCALE_O_PythonNDN_300000_143,6,2026-08-21 10:14:19,PythonNDN,300000,0.2536
SCALE_O_PythonNDN_300000_144,6,2026-08-21 10:18:55,PythonNDN,300000,0.242
SCALE_O_PythonNDN_300000_145,6,2026-08-21 10:20:27,PythonNDN,300000,0.2496
SCALE_O_PythonNDN_300000_146,6,2026-08-21 10:25:09,PythonNDN,300000,0.2464
SCALE_O_PythonNDN_300000_147,6,2026-08-21 10:28:07,PythonNDN,300000,0.2475
SCALE_O_CCNlite_300000_001,0,2026-08-21 12:00:00,CCNlite,300000,0.4149
SCALE_O_uDCN_100000_115,4,2026-08-21 12:02:57,uDCN,100000,0.8218
SCALE_O_CCNlite_300000_002,0,2026-08-21 12:03:22,CCNlite,300000,0.445
SCALE_O_CCNlite_300000_003,0,2026-08-21 12:06:17,CCNlite,300000,0.4238
SCALE_O_CCNlite_300000_004,0,2026-08-21 12:07:39,CCNlite,300000,0.4093
SCALE_O_uDCN_100000_116,4,2026-08-21 12:07:48,uDCN,100000,0.8275
SCALE_O_uDCN_100000_117,4,2026-08-21 12:09:39,uDCN,100000,0.804
SCALE_O_CCNlite_300000_005,0,2026-08-21 12:10:12,CCNlite,300000,0.3923
SCALE_O_uDCN_100000_118,4,2026-08-21 12:10:50,uDCN,100000,0.7954
SCALE_O_uDCN_100000_119,4,2026-08-21 12:12:09,uDCN,100000,0.833
SCALE_O_CCNlite_300000_006,0,2026-08-21 12:13:07,CCNlite,300000,0.4465
SCALE_O_CCNlite_300000_007,0,2026-08-21 12:14:15,CCNlite,300000,0.4488
SCALE_O_CCNlite_300000_008,0,2026-08-21 12:14:45,CCNlite,300000,0.4399
SCALE_O_uDCN_100000_120,4,2026-08-21 12:15:05,uDCN,100000,0.8377
SCALE_O_CCNlite_300000_009,0,2026-08-21 12:16:19,CCNlite,300000,0.4126
SCALE_O_uDCN_100000_121,4,2026-08-21 12:18:46,uDCN,100000,0.8875
SCALE_O_CCNlite_300000_010,0,2026-08-21 12:20:23,CCNlite,300000,0.4014
SCALE_O_CCNlite_300000_011,0,2026-08-21 12:22:06,CCNlite,300000,0.4659
SCALE_O_uDCN_100000_122,4,2026-08-21 12:22:22,uDCN,100000,0.8622
SCALE_O_CCNlite_300000_012,0,2026-08-21 12:23:07,CCNlite,300000,0.4212
SCALE_O_uDCN_100000_123,4,2026-08-21 12:24:43,uDCN,100000,0.8774
SCALE_O_CCNlite_300000_013,0,2026-08-21 12:24:48,CCNlite,300000,0.4257
SCALE_O_uDCN_100000_124,4,2026-08-21 12:27:00,uDCN,100000,0.7961
SCALE_O_CCNlite_300000_014,0,2026-08-21 12:27:28,CCNlite,300000,0.4292
SCALE_O_CCNlite_300000_015,0,2026-08-21 12:28:17,CCNlite,300000,0.4337
SCALE_O_uDCN_100000_125,4,2026-08-21 12:28:32,uDCN,100000,0.849
SCALE_O_uDCN_100000_126,4,2026-08-21 12:29:09,uDCN,100000,0.837
SCALE_O_CCNlite_300000_016,0,2026-08-21 12:29:42,CCNlite,300000,0.44
SCALE_O_CCNlite_300000_017,0,2026-08-21 12:31:09,CCNlite,300000,0.418
SCALE_O_uDCN_100000_127,4,2026-08-21 12:31:38,uDCN,100000,0.8754
SCALE_O_CCNlite_300000_018,0,2026-08-21 12:32:28,CCNlite,300000,0.399
SCALE_O_uDCN_100000_128,4,2026-08-21 12:35:13,uDCN,100000,0.7979
SCALE_O_CCNlite_300000_019,0,2026-08-21 12:35:54,CCNlite,300000,0.4343
SCALE_O_uDCN_100000_129,4,2026-08-21 12:36:34,uDCN,100000,0.8093
SCALE_O_CCNlite_300000_020,0,2026-08-21 12:36:35,CCNlite,300000,0.4474
SCALE_O_CCNlite_300000_021,0,2026-08-21 12:38:18,CCNlite,300000,0.4151
SCALE_O_CCNlite_300000_022,0,2026-08-21 12:39:46,CCNlite,300000,0.4078
SCALE_O_CCNlite_300000_023,0,2026-08-21 12:43:03,CCNlite,300000,0.4363
SCALE_O_CCNlite_300000_024,0,2026-08-21 12:45:56,CCNlite,300000,0.4025
SCALE_O_CCNlite_300000_025,0,2026-08-21 12:47:44,CCNlite,300000,0.4358
SCALE_O_CCNlite_300000_026,0,2026-08-21 12:49:20,CCNlite,300000,0.4312
SCALE_O_CCNlite_300000_027,0,2026-08-21 12:53:38,CCNlite,300000,0.4164
SCALE_O_CCNlite_300000_028,0,2026-08-21 12:55:06,CCNlite,300000,0.4418
SCALE_O_CCNlite_300000_029,0,2026-08-21 12:56:39,CCNlite,300000,0.4381
SCALE_O_CCNlite_300000_030,0,2026-08-21 12:58:11,CCNlite,300000,0.4045
SCALE_O_CCNlite_300000_031,0,2026-08-21 13:02:13,CCNlite,300000,0.4238
SCALE_O_CCNlite_300000_032,0,2026-08-21 13:03:24,CCNlite,300000,0.4152
SCALE_O_PythonNDN_1000000_128,5,2026-08-21 14:40:19,PythonNDN,1000000,0.1287
SCALE_O_PythonNDN_1000000_129,5,2026-08-21 14:42:40,PythonNDN,1000000,0.1317
SCALE_O_PythonNDN_1000000_130,5,2026-08-21 14:46:33,PythonNDN,1000000,0.1302
SCALE_O_PythonNDN_1000000_131,5,2026-08-21 14:48:17,PythonNDN,1000000,0.1357
SCALE_O_PythonNDN_1000000_132,5,2026-08-21 14:50:32,PythonNDN,1000000,0.1268
SCALE_O_PythonNDN_1000000_133,5,2026-08-21 14:53:20,PythonNDN,1000000,0.1266
SCALE_O_PythonNDN_1000000_134,5,2026-08-21 14:54:47,PythonNDN,1000000,0.1356
SCALE_O_PythonNDN_1000000_135,5,2026-08-21 15:01:07,PythonNDN,1000000,0.1264
SCALE_O_NFD_10000_054,2,2026-08-21 15:05:03,NFD,10000,0.7593
SCALE_O_PythonNDN_1000000_136,5,2026-08-21 15:05:23,PythonNDN,1000000,0.1299
SCALE_O_PythonNDN_1000000_137,5,2026-08-21 15:06:49,PythonNDN,1000000,0.1431
SCALE_O_NFD_10000_055,2,2026-08-21 15:07:01,NFD,10000,0.7337
SCALE_O_PythonNDN_1000000_138,5,2026-08-21 15:09:27,PythonNDN,1000000,0.1252
SCALE_O_NFD_10000_056,2,2026-08-21 15:09:58,NFD,10000,0.8033
SCALE_O_NFD_10000_057,2,2026-08-21 15:10:21,NFD,10000,0.7926
SCALE_O_PythonNDN_1000000_139,5,2026-08-21 15:11:46,PythonNDN,1000000,0.1293
SCALE_O_CCNlite_300000_033,1,2026-08-21 15:13:12,CCNlite,300000,0.4117
SCALE_O_NFD_10000_058,2,2026-08-21 15:13:34,NFD,10000,0.8643
SCALE_O_NFD_10000_059,2,2026-08-21 15:14:03,NFD,10000,0.7805
SCALE_O_PythonNDN_1000000_140,5,2026-08-21 15:14:54,PythonNDN,1000000,0.1217
SCALE_O_NFD_10000_060,2,2026-08-21 15:15:21,NFD,10000,0.8359
SCALE_O_CCNlite_300000_034,1,2026-08-21 15:15:28,CCNlite,300000,0.4277
SCALE_O_CCNlite_300000_035,1,2026-08-21 15:17:47,CCNlite,300000,0.4242
SCALE_O_PythonNDN_1000000_141,5,2026-08-21 15:18:05,PythonNDN,1000000,0.1288
SCALE_O_NFD_10000_061,2,2026-08-21 15:18:30,NFD,10000,0.7955
SCALE_O_CCNlite_300000_036,1,2026-08-21 15:19:57,CCNlite,300000,0.4442
SCALE_O_NFD_10000_062,2,2026-08-21 15:20:54,NFD,10000,0.8311
SCALE_O_CCNlite_300000_037,1,2026-08-21 15:21:05,CCNlite,300000,0.4268
SCALE_O_PythonNDN_1000000_142,5,2026-08-21 15:21:20,PythonNDN,1000000,0.1269
SCALE_O_CCNlite_300000_038,1,2026-08-21 15:21:55,CCNlite,300000,0.4563
SCALE_O_CCNlite_300000_039,1,2026-08-21 15:22:42,CCNlite,300000,0.3895
SCALE_O_PythonNDN_1000000_143,5,2026-08-21 15:23:15,PythonNDN,1000000,0.1328
SCALE_O_NFD_10000_063,2,2026-08-21 15:24:04,NFD,10000,0.7931
SCALE_O_PythonNDN_1000000_144,5,2026-08-21 15:24:09,PythonNDN,1000000,0.1329
SCALE_O_NFD_10000_064,2,2026-08-21 15:24:28,NFD,10000,0.7535
SCALE_O_NFD_10000_065,2,2026-08-21 15:26:13,NFD,10000,0.8458
SCALE_O_CCNlite_300000_040,1,2026-08-21 15:26:25,CCNlite,300000,0.4365
SCALE_O_CCNlite_300000_041,1,2026-08-21 15:29:00,CCNlite,300000,0.4263
SCALE_O_NFD_10000_066,2,2026-08-21 15:29:10,NFD,10000,0.8446
SCALE_O_CCNlite_300000_042,1,2026-08-21 15:29:23,CCNlite,300000,0.4074
SCALE_O_PythonNDN_1000000_145,5,2026-08-21 15:29:45,PythonNDN,1000000,0.1392
SCALE_O_PythonNDN_1000000_146,5,2026-08-21 15:30:45,PythonNDN,1000000,0.1258
SCALE_O_NFD_10000_067,2,2026-08-21 15:31:25,NFD,10000,0.836
SCALE_O_CCNlite_300000_043,1,2026-08-21 15:32:52,CCNlite,300000,0.4077
SCALE_O_PythonNDN_1000000_147,5,2026-08-21 15:33:19,PythonNDN,1000000,0.1304
SCALE_O_NFD_10000_068,2,2026-08-21 15:34:02,NFD,10000,0.7721
SCALE_O_CCNlite_300000_044,1,2026-08-21 15:34:38,CCNlite,300000,0.4572
SCALE_O_NFD_10000_069,2,2026-08-21 15:36:48,NFD,10000,0.8329
SCALE_O_PythonNDN_1000000_148,5,2026-08-21 15:36:50,PythonNDN,1000000,0.1379
SCALE_O_CCNlite_300000_045,1,2026-08-21 15:37:14,CCNlite,300000,0.4419
SCALE_O_NFD_10000_070,2,2026-08-21 15:37:36,NFD,10000,0.8385
SCALE_O_PythonNDN_1000000_149,5,2026-08-21 15:38:14,PythonNDN,1000000,0.1284
SCALE_O_NFD_10000_071,2,2026-08-21 15:38:33,NFD,10000,0.8534
SCALE_O_NFD_10000_072,2,2026-08-21 15:40:12,NFD,10000,0.8325
SCALE_O_PythonNDN_1000000_150,5,2026-08-21 15:40:51,PythonNDN,1000000,0.1323
SCALE_O_CCNlite_300000_046,1,2026-08-21 15:42:55,CCNlite,300000,0.4783
SCALE_O_NFD_10000_073,2,2026-08-21 15:43:59,NFD,10000,0.7544
SCALE_O_CCNlite_300000_047,1,2026-08-21 15:45:27,CCNlite,300000,0.4097
SCALE_O_NFD_10000_074,2,2026-08-21 15:45:41,NFD,10000,0.8394
SCALE_O_CCNlite_300000_048,1,2026-08-21 15:47:34,CCNlite,300000,0.4522
SCALE_O_NFD_10000_075,2,2026-08-21 15:48:15,NFD,10000,0.7857
SCALE_O_CCNlite_300000_049,1,2026-08-21 15:50:49,CCNlite,300000,0.4472
SCALE_O_NFD_10000_076,2,2026-08-21 15:51:35,NFD,10000,0.7442
SCALE_O_CCNlite_300000_050,1,2026-08-21 15:52:18,CCNlite,300000,0.4454
SCALE_O_NFD_10000_077,2,2026-08-21 15:53:12,NFD,10000,0.7911
SCALE_O_NFD_10000_078,2,2026-08-21 15:54:30,NFD,10000,0.8238
SCALE_O_CCNlite_300000_051,1,2026-08-21 15:55:17,CCNlite,300000,0.4324
SCALE_O_NFD_10000_079,2,2026-08-21 15:55:34,NFD,10000,0.7654
SCALE_O_NFD_10000_080,2,2026-08-21 15:56:32,NFD,10000,0.8232
SCALE_O_NFD_10000_081,2,2026-08-21 15:57:01,NFD,10000,0.8153
SCALE_O_CCNlite_300000_052,1,2026-08-21 15:58:27,CCNlite,300000,0.4133
SCALE_O_CCNlite_300000_053,1,2026-08-21 15:58:54,CCNlite,300000,0.4352
SCALE_O_uDCN_100000_130,5,2026-08-21 16:00:14,uDCN,100000,0.8465
SCALE_O_CCNlite_300000_054,1,2026-08-21 16:00:38,CCNlite,300000,0.4497
SCALE_O_CCNlite_300000_055,1,2026-08-21 16:02:09,CCNlite,300000,0.4465
SCALE_O_CCNlite_300000_056,1,2026-08-21 16:04:14,CCNlite,300000,0.4424
SCALE_O_uDCN_100000_131,5,2026-08-21 16:05:00,uDCN,100000,0.8491
SCALE_O_uDCN_100000_132,5,2026-08-21 16:07:56,uDCN,100000,0.8133
SCALE_O_CCNlite_300000_057,1,2026-08-21 16:08:13,CCNlite,300000,0.4327
SCALE_O_CCNlite_300000_058,1,2026-08-21 16:09:01,CCNlite,300000,0.4121
SCALE_O_uDCN_100000_133,5,2026-08-21 16:12:15,uDCN,100000,0.7866
SCALE_O_uDCN_100000_134,5,2026-08-21 16:14:57,uDCN,100000,0.7972
SCALE_O_uDCN_100000_135,5,2026-08-21 16:15:09,uDCN,100000,0.7847
SCALE_O_uDCN_100000_136,5,2026-08-21 16:17:16,uDCN,100000,0.8135
SCALE_O_uDCN_100000_137,5,2026-08-21 16:23:00,uDCN,100000,0.803
SCALE_O_uDCN_100000_138,5,2026-08-21 16:24:27,uDCN,100000,0.8226
SCALE_O_uDCN_100000_139,5,2026-08-21 16:26:55,uDCN,100000,0.8682
SCALE_O_uDCN_100000_140,5,2026-08-21 16:28:22,uDCN,100000,0.8142
SCALE_O_uDCN_100000_141,5,2026-08-21 16:32:11,uDCN,100000,0.8665
SCALE_O_uDCN_100000_142,5,2026-08-21 16:36:27,uDCN,100000,0.796
SCALE_O_uDCN_100000_143,5,2026-08-21 16:37:40,uDCN,100000,0.8207
SCALE_O_uDCN_100000_144,5,2026-08-21 16:40:09,uDCN,100000,0.8654
SCALE_O_uDCN_100000_145,5,2026-08-21 16:41:44,uDCN,100000,0.7399
SCALE_O_uDCN_100000_146,5,2026-08-21 16:43:12,uDCN,100000,0.9257
SCALE_O_uDCN_100000_147,5,2026-08-21 16:46:16,uDCN,100000,0.7733
SCALE_O_uDCN_100000_148,5,2026-08-21 16:49:38,uDCN,100000,0.8509
SCALE_O_uDCN_100000_149,5,2026-08-21 16:52:09,uDCN,100000,0.7834
SCALE_O_uDCN_100000_150,5,2026-08-21 16:53:22,uDCN,100000,0.8043
SCALE_O_CCNlite_1000000_117,5,2026-08-21 19:35:38,CCNlite,1000000,0.2954
SCALE_O_CCNlite_1000000_118,5,2026-08-21 19:36:21,CCNlite,1000000,0.2841
SCALE_O_CCNlite_1000000_119,5,2026-08-21 19:37:30,CCNlite,1000000,0.2912
SCALE_O_CCNlite_1000000_120,5,2026-08-21 19:40:32,CCNlite,1000000,0.2499
SCALE_O_CCNlite_1000000_121,5,2026-08-21 19:45:24,CCNlite,1000000,0.2489
SCALE_O_CCNlite_1000000_122,5,2026-08-21 19:49:26,CCNlite,1000000,0.2508
SCALE_O_CCNlite_1000000_123,5,2026-08-21 19:51:12,CCNlite,1000000,0.2761
SCALE_O_CCNlite_1000000_124,5,2026-08-21 19:52:01,CCNlite,1000000,0.2651
SCALE_O_CCNlite_1000000_125,5,2026-08-21 19:52:32,CCNlite,1000000,0.279
SCALE_O_CCNlite_1000000_126,5,2026-08-21 19:54:50,CCNlite,1000000,0.2702
SCALE_O_CCNlite_1000000_127,5,2026-08-21 19:58:58,CCNlite,1000000,0.2515
SCALE_O_CCNlite_1000000_128,5,2026-08-21 20:00:50,CCNlite,1000000,0.2735
SCALE_O_CCNlite_1000000_129,5,2026-08-21 20:03:09,CCNlite,1000000,0.2654
SCALE_O_CCNlite_1000000_130,5,2026-08-21 20:07:23,CCNlite,1000000,0.3027
SCALE_O_CCNlite_1000000_131,5,2026-08-21 20:09:55,CCNlite,1000000,0.2739
SCALE_O_CCNlite_1000000_132,5,2026-08-21 20:11:35,CCNlite,1000000,0.2431
SCALE_O_CCNlite_1000000_133,5,2026-08-21 20:12:51,CCNlite,1000000,0.2672
SCALE_O_CCNlite_1000000_134,5,2026-08-21 20:15:09,CCNlite,1000000,0.2656
SCALE_O_CCNlite_1000000_135,5,2026-08-21 20:17:23,CCNlite,1000000,0.2659
SCALE_O_CCNlite_1000000_136,5,2026-08-21 20:20:33,CCNlite,1000000,0.2695
SCALE_O_CCNlite_1000000_137,5,2026-08-21 20:22:26,CCNlite,1000000,0.2717
SCALE_O_CCNlite_1000000_138,5,2026-08-21 20:23:47,CCNlite,1000000,0.2688
SCALE_O_CCNlite_1000000_139,5,2026-08-21 20:25:18,CCNlite,1000000,0.2568
SCALE_O_CCNlite_1000000_140,5,2026-08-21 20:26:40,CCNlite,1000000,0.2903
SCALE_O_CCNlite_1000000_141,5,2026-08-21 20:29:15,CCNlite,1000000,0.268
SCALE_O_CCNlite_1000000_142,5,2026-08-21 20:33:52,CCNlite,1000000,0.2711
SCALE_O_CCNlite_1000000_143,5,2026-08-21 20:36:20,CCNlite,1000000,0.2594
SCALE_O_CCNlite_1000000_144,5,2026-08-21 20:39:24,CCNlite,1000000,0.2621
SCALE_O_CCNlite_1000000_145,5,2026-08-21 20:44:49,CCNlite,1000000,0.2578
SCALE_O_CCNlite_1000000_146,5,2026-08-21 20:45:20,CCNlite,1000000,0.2629
SCALE_O_CCNlite_1000000_147,5,2026-08-21 20:46:40,CCNlite,1000000,0.2795
SCALE_O_CCNlite_1000000_148,5,2026-08-21 20:48:15,CCNlite,1000000,0.2757
SCALE_O_CCNlite_1000000_149,5,2026-08-21 20:50:09,CCNlite,1000000,0.2578
SCALE_O_CCNlite_1000000_150,5,2026-08-21 20:51:30,CCNlite,1000000,0.2957
SCALE_O_NFD_10000_082,3,2026-08-22 08:17:30,NFD,10000,0.8274
SCALE_O_uDCN_10000_130,6,2026-08-22 08:17:45,uDCN,10000,0.8795
SCALE_O_uDCN_10000_131,6,2026-08-22 08:18:35,uDCN,10000,0.8341
SCALE_O_uDCN_10000_132,6,2026-08-22 08:19:44,uDCN,10000,0.9031
SCALE_O_uDCN_10000_133,6,2026-08-22 08:19:58,uDCN,10000,0.8664
SCALE_O_NFD_10000_083,3,2026-08-22 08:20:13,NFD,10000,0.779
SCALE_O_NFD_10000_084,3,2026-08-22 08:22:28,NFD,10000,0.8934
SCALE_O_uDCN_10000_134,6,2026-08-22 08:22:54,uDCN,10000,0.903
SCALE_O_uDCN_10000_135,6,2026-08-22 08:24:02,uDCN,10000,0.9118
SCALE_O_NFD_10000_085,3,2026-08-22 08:24:24,NFD,10000,0.7978
SCALE_O_uDCN_10000_136,6,2026-08-22 08:25:52,uDCN,10000,0.9517
SCALE_O_NFD_10000_086,3,2026-08-22 08:27:04,NFD,10000,0.8064
SCALE_O_uDCN_10000_137,6,2026-08-22 08:27:21,uDCN,10000,0.8959
SCALE_O_NFD_10000_087,3,2026-08-22 08:29:19,NFD,10000,0.7571
SCALE_O_NFD_10000_088,3,2026-08-22 08:30:14,NFD,10000,0.8027
SCALE_O_uDCN_10000_138,6,2026-08-22 08:31:00,uDCN,10000,0.8739
SCALE_O_NFD_10000_089,3,2026-08-22 08:32:25,NFD,10000,0.8653
SCALE_O_NFD_10000_090,3,2026-08-22 08:33:24,NFD,10000,0.7659
SCALE_O_uDCN_10000_139,6,2026-08-22 08:33:33,uDCN,10000,0.887
SCALE_O_NFD_10000_091,3,2026-08-22 08:34:37,NFD,10000,0.7752
SCALE_O_uDCN_10000_140,6,2026-08-22 08:36:14,uDCN,10000,0.8784
SCALE_O_NFD_10000_092,3,2026-08-22 08:38:15,NFD,10000,0.8223
SCALE_O_uDCN_10000_141,6,2026-08-22 08:38:34,uDCN,10000,0.8247
SCALE_O_NFD_10000_093,3,2026-08-22 08:41:12,NFD,10000,0.8582
SCALE_O_NFD_10000_094,3,2026-08-22 08:42:31,NFD,10000,0.8152
SCALE_O_uDCN_10000_142,6,2026-08-22 08:43:39,uDCN,10000,0.848
SCALE_O_uDCN_10000_143,6,2026-08-22 08:43:51,uDCN,10000,0.8394
SCALE_O_NFD_10000_095,3,2026-08-22 08:44:22,NFD,10000,0.7896
SCALE_O_uDCN_10000_144,6,2026-08-22 08:44:27,uDCN,10000,0.8283
SCALE_O_uDCN_10000_145,6,2026-08-22 08:45:20,uDCN,10000,0.8405
SCALE_O_NFD_10000_096,3,2026-08-22 08:45:22,NFD,10000,0.7382
SCALE_O_uDCN_10000_146,6,2026-08-22 08:46:32,uDCN,10000,0.8231
SCALE_O_NFD_10000_097,3,2026-08-22 08:46:47,NFD,10000,0.8289
SCALE_O_uDCN_10000_147,6,2026-08-22 08:48:34,uDCN,10000,0.9057
SCALE_O_NFD_10000_098,3,2026-08-22 08:49:56,NFD,10000,0.7773
SCALE_O_NFD_10000_099,3,2026-08-22 08:52:48,NFD,10000,0.8632
SCALE_O_NFD_10000_100,3,2026-08-22 08:54:41,NFD,10000,0.8023
SCALE_O_NFD_10000_101,3,2026-08-22 08:56:11,NFD,10000,0.8993
SCALE_O_NFD_10000_102,3,2026-08-22 08:58:27,NFD,10000,0.8591
SCALE_O_NFD_10000_103,3,2026-08-22 09:03:34,NFD,10000,0.7912
SCALE_O_NFD_10000_104,3,2026-08-22 09:05:37,NFD,10000,0.8195
SCALE_O_NFD_10000_105,3,2026-08-22 09:07:07,NFD,10000,0.7896
SCALE_O_NFD_10000_106,3,2026-08-22 09:08:52,NFD,10000,0.7257
SCALE_O_NFD_10000_107,3,2026-08-22 09:10:43,NFD,10000,0.7993
SCALE_O_NFD_10000_108,3,2026-08-22 09:16:21,NFD,10000,0.8398
SCALE_O_CCNlite_300000_059,2,2026-08-22 10:20:53,CCNlite,300000,0.4074
SCALE_O_CCNlite_300000_060,2,2026-08-22 10:23:42,CCNlite,300000,0.3996
SCALE_O_CCNlite_300000_061,2,2026-08-22 10:25:04,CCNlite,300000,0.4406
SCALE_O_CCNlite_300000_062,2,2026-08-22 10:29:28,CCNlite,300000,0.4637
SCALE_O_CCNlite_300000_063,2,2026-08-22 10:32:28,CCNlite,300000,0.4185
SCALE_O_CCNlite_300000_064,2,2026-08-22 10:33:43,CCNlite,300000,0.4488
SCALE_O_CCNlite_300000_065,2,2026-08-22 10:34:42,CCNlite,300000,0.4317
SCALE_O_CCNlite_300000_066,2,2026-08-22 10:37:02,CCNlite,300000,0.4062
SCALE_O_CCNlite_300000_067,2,2026-08-22 10:42:16,CCNlite,300000,0.4458
SCALE_O_CCNlite_300000_068,2,2026-08-22 10:43:29,CCNlite,300000,0.4114
SCALE_O_CCNlite_300000_069,2,2026-08-22 10:46:19,CCNlite,300000,0.4049
SCALE_O_CCNlite_300000_070,2,2026-08-22 10:46:54,CCNlite,300000,0.4311
SCALE_O_CCNlite_300000_071,2,2026-08-22 10:48:22,CCNlite,300000,0.4337
SCALE_O_CCNlite_300000_072,2,2026-08-22 10:48:45,CCNlite,300000,0.4325
SCALE_O_CCNlite_300000_073,2,2026-08-22 10:49:48,CCNlite,300000,0.449
SCALE_O_CCNlite_300000_074,2,2026-08-22 10:55:25,CCNlite,300000,0.4285
SCALE_O_CCNlite_300000_075,2,2026-08-22 10:58:10,CCNlite,300000,0.44
SCALE_O_CCNlite_300000_076,2,2026-08-22 11:00:38,CCNlite,300000,0.4186
SCALE_O_CCNlite_300000_077,2,2026-08-22 11:02:48,CCNlite,300000,0.4032
SCALE_O_CCNlite_300000_078,2,2026-08-22 11:05:52,CCNlite,300000,0.4363
SCALE_O_CCNlite_300000_079,2,2026-08-22 11:08:45,CCNlite,300000,0.4126
SCALE_O_PythonNDN_300000_148,7,2026-08-22 11:09:43,PythonNDN,300000,0.2381
SCALE_O_PythonNDN_300000_149,7,2026-08-22 11:13:38,PythonNDN,300000,0.2316
SCALE_O_CCNlite_300000_080,2,2026-08-22 11:13:50,CCNlite,300000,0.446
SCALE_O_CCNlite_300000_081,2,2026-08-22 11:14:35,CCNlite,300000,0.4506
SCALE_O_PythonNDN_300000_150,7,2026-08-22 11:16:27,PythonNDN,300000,0.26
SCALE_O_CCNlite_300000_082,2,2026-08-22 11:17:07,CCNlite,300000,0.4144
SCALE_O_CCNlite_300000_083,2,2026-08-22 11:18:43,CCNlite,300000,0.4143
SCALE_O_NFD_300000_016,1,2026-08-22 11:42:25,NFD,300000,0.4662
SCALE_O_NFD_300000_017,1,2026-08-22 11:43:24,NFD,300000,0.5032
SCALE_O_NFD_300000_018,1,2026-08-22 11:47:08,NFD,300000,0.4379
SCALE_O_NFD_300000_019,1,2026-08-22 11:48:56,NFD,300000,0.4781
SCALE_O_NFD_300000_020,1,2026-08-22 11:49:45,NFD,300000,0.441
SCALE_O_NFD_300000_021,1,2026-08-22 11:52:50,NFD,300000,0.4399
SCALE_O_NFD_300000_022,1,2026-08-22 11:53:40,NFD,300000,0.4496
SCALE_O_NFD_300000_023,1,2026-08-22 11:56:01,NFD,300000,0.4382
SCALE_O_NFD_300000_024,1,2026-08-22 11:57:00,NFD,300000,0.4412
SCALE_O_NFD_300000_025,1,2026-08-22 11:58:34,NFD,300000,0.4916
SCALE_O_NFD_300000_026,1,2026-08-22 12:03:46,NFD,300000,0.4743
SCALE_O_NFD_300000_027,1,2026-08-22 12:05:47,NFD,300000,0.4549
SCALE_O_NFD_300000_028,1,2026-08-22 12:08:50,NFD,300000,0.4325
SCALE_O_NFD_300000_029,1,2026-08-22 12:12:42,NFD,300000,0.4294
SCALE_O_NFD_300000_030,2,2026-08-22 17:17:23,NFD,300000,0.4213
SCALE_O_NFD_300000_031,2,2026-08-22 17:18:48,NFD,300000,0.4423
SCALE_O_NFD_300000_032,2,2026-08-22 17:20:00,NFD,300000,0.457
SCALE_O_NFD_300000_033,2,2026-08-22 17:21:58,NFD,300000,0.4559
SCALE_O_NFD_300000_034,2,2026-08-22 17:24:09,NFD,300000,0.4769
SCALE_O_NFD_300000_035,2,2026-08-22 17:28:12,NFD,300000,0.4445
SCALE_O_NFD_300000_036,2,2026-08-22 17:29:17,NFD,300000,0.4542
SCALE_O_NFD_300000_037,2,2026-08-22 17:30:41,NFD,300000,0.4901
SCALE_O_NFD_300000_038,2,2026-08-22 17:33:45,NFD,300000,0.4347
SCALE_O_NFD_300000_039,2,2026-08-22 17:35:38,NFD,300000,0.4291
SCALE_O_NFD_300000_040,2,2026-08-22 17:37:35,NFD,300000,0.4177
SCALE_O_NFD_300000_041,2,2026-08-22 17:39:04,NFD,300000,0.5062
SCALE_O_NFD_300000_042,2,2026-08-22 17:44:53,NFD,300000,0.4563
SCALE_O_NFD_300000_043,2,2026-08-22 17:46:33,NFD,300000,0.4657
SCALE_O_NFD_300000_044,2,2026-08-22 17:48:13,NFD,300000,0.4276
SCALE_O_NFD_300000_045,2,2026-08-22 17:49:52,NFD,300000,0.4357
SCALE_O_NFD_300000_046,2,2026-08-22 17:51:45,NFD,300000,0.4827
SCALE_O_NFD_300000_047,2,2026-08-22 17:54:10,NFD,300000,0.4396
SCALE_O_NFD_300000_048,2,2026-08-22 17:56:33,NFD,300000,0.4471
SCALE_O_NFD_300000_049,2,2026-08-22 17:57:50,NFD,300000,0.4482
SCALE_O_NFD_300000_050,2,2026-08-22 18:00:21,NFD,300000,0.4465
SCALE_O_NFD_300000_051,2,2026-08-22 18:00:53,NFD,300000,0.4416
SCALE_O_NFD_300000_052,2,2026-08-22 18:04:22,NFD,300000,0.4297
SCALE_O_NFD_300000_053,2,2026-08-22 18:06:39,NFD,300000,0.4316
SCALE_O_NFD_300000_054,2,2026-08-22 18:09:38,NFD,300000,0.4866
SCALE_O_NFD_300000_055,2,2026-08-22 18:11:20,NFD,300000,0.4372
SCALE_O_NFD_300000_056,2,2026-08-22 18:11:49,NFD,300000,0.4198
SCALE_O_NFD_300000_057,2,2026-08-22 18:15:45,NFD,300000,0.4401
SCALE_O_NFD_300000_058,3,2026-08-22 19:52:20,NFD,300000,0.4356
SCALE_O_NFD_300000_059,3,2026-08-22 19:54:34,NFD,300000,0.471
SCALE_O_NFD_300000_060,3,2026-08-22 19:58:25,NFD,300000,0.4617
SCALE_O_NFD_300000_061,3,2026-08-22 20:00:41,NFD,300000,0.4345
SCALE_O_NFD_300000_062,3,2026-08-22 20:02:05,NFD,300000,0.4367
SCALE_O_NFD_300000_063,3,2026-08-22 20:03:12,NFD,300000,0.4286
SCALE_O_NFD_300000_064,3,2026-08-22 20:04:57,NFD,300000,0.4155
SCALE_O_NFD_300000_065,3,2026-08-22 20:10:28,NFD,300000,0.4616
SCALE_O_NFD_300000_066,3,2026-08-22 20:13:18,NFD,300000,0.4017
SCALE_O_NFD_300000_067,3,2026-08-22 20:17:24,NFD,300000,0.4393
SCALE_O_NFD_300000_068,3,2026-08-22 20:19:32,NFD,300000,0.4439
SCALE_O_CCNlite_300000_084,3,2026-08-22 20:20:24,CCNlite,300000,0.4338
SCALE_O_NFD_300000_069,3,2026-08-22 20:20:25,NFD,300000,0.456
SCALE_O_CCNlite_300000_085,3,2026-08-22 20:22:15,CCNlite,300000,0.4623
SCALE_O_NFD_300000_070,3,2026-08-22 20:22:40,NFD,300000,0.4536
SCALE_O_NFD_300000_071,3,2026-08-22 20:23:33,NFD,300000,0.4397
SCALE_O_CCNlite_300000_086,3,2026-08-22 20:24:03,CCNlite,300000,0.4327
SCALE_O_NFD_300000_072,3,2026-08-22 20:24:27,NFD,300000,0.4596
SCALE_O_NFD_300000_073,3,2026-08-22 20:26:28,NFD,300000,0.4638
SCALE_O_CCNlite_300000_087,3,2026-08-22 20:26:58,CCNlite,300000,0.4407
SCALE_O_CCNlite_300000_088,3,2026-08-22 20:27:59,CCNlite,300000,0.4635
SCALE_O_NFD_300000_074,3,2026-08-22 20:28:00,NFD,300000,0.416
SCALE_O_CCNlite_300000_089,3,2026-08-22 20:29:41,CCNlite,300000,0.4134
SCALE_O_NFD_300000_075,3,2026-08-22 20:29:49,NFD,300000,0.4425
SCALE_O_CCNlite_300000_090,3,2026-08-22 20:30:24,CCNlite,300000,0.4655
SCALE_O_CCNlite_300000_091,3,2026-08-22 20:31:44,CCNlite,300000,0.4671
SCALE_O_NFD_300000_076,3,2026-08-22 20:32:35,NFD,300000,0.4516
SCALE_O_CCNlite_300000_092,3,2026-08-22 20:33:29,CCNlite,300000,0.4294
SCALE_O_NFD_300000_077,3,2026-08-22 20:36:06,NFD,300000,0.4466
SCALE_O_CCNlite_300000_093,3,2026-08-22 20:36:49,CCNlite,300000,0.4164
SCALE_O_NFD_300000_078,3,2026-08-22 20:37:06,NFD,300000,0.4695
SCALE_O_NFD_300000_079,3,2026-08-22 20:37:24,NFD,300000,0.4424
SCALE_O_CCNlite_300000_094,3,2026-08-22 20:39:07,CCNlite,300000,0.4505
SCALE_O_CCNlite_300000_095,3,2026-08-22 20:40:14,CCNlite,300000,0.4111
SCALE_O_NFD_300000_080,3,2026-08-22 20:40:39,NFD,300000,0.4866
SCALE_O_CCNlite_300000_096,3,2026-08-22 20:41:27,CCNlite,300000,0.4439
SCALE_O_CCNlite_300000_097,3,2026-08-22 20:43:32,CCNlite,300000,0.4291
SCALE_O_NFD_300000_081,3,2026-08-22 20:43:36,NFD,300000,0.4368
SCALE_O_NFD_300000_082,3,2026-08-22 20:45:13,NFD,300000,0.4417
SCALE_O_NFD_300000_083,3,2026-08-22 20:48:51,NFD,300000,0.4316
SCALE_O_NFD_300000_084,3,2026-08-22 20:52:04,NFD,300000,0.4718
SCALE_O_NFD_300000_085,3,2026-08-22 20:57:06,NFD,300000,0.4254
SCALE_O_NFD_300000_086,3,2026-08-22 20:58:12,NFD,300000,0.4569
SCALE_O_NFD_300000_087,3,2026-08-22 20:59:09,NFD,300000,0.4558
SCALE_O_NFD_300000_088,3,2026-08-22 21:01:42,NFD,300000,0.4605
SCALE_O_NFD_300000_089,3,2026-08-22 21:04:01,NFD,300000,0.4671
SCALE_O_NFD_300000_090,3,2026-08-22 21:05:03,NFD,300000,0.4473
SCALE_O_NFD_300000_091,3,2026-08-22 21:08:30,NFD,300000,0.4324
SCALE_O_NFD_300000_092,3,2026-08-22 21:09:08,NFD,300000,0.4296
SCALE_O_NFD_100000_033,1,2026-08-23 01:05:44,NFD,100000,0.6557
SCALE_O_NFD_100000_034,1,2026-08-23 01:09:52,NFD,100000,0.7041
SCALE_O_NFD_100000_035,1,2026-08-23 01:10:54,NFD,100000,0.6589
SCALE_O_NFD_100000_036,1,2026-08-23 01:13:38,NFD,100000,0.6802
SCALE_O_NFD_100000_037,1,2026-08-23 01:16:33,NFD,100000,0.6488
SCALE_O_NFD_100000_038,1,2026-08-23 01:16:50,NFD,100000,0.6565
SCALE_O_NFD_100000_039,1,2026-08-23 01:18:55,NFD,100000,0.6418
SCALE_O_NFD_100000_040,1,2026-08-23 01:19:38,NFD,100000,0.6428
SCALE_O_NFD_100000_041,1,2026-08-23 01:23:41,NFD,100000,0.633
SCALE_O_NFD_100000_042,1,2026-08-23 01:25:25,NFD,100000,0.6424
SCALE_O_NFD_100000_043,1,2026-08-23 01:27:07,NFD,100000,0.6598
SCALE_O_NFD_100000_044,1,2026-08-23 01:29:50,NFD,100000,0.6463
SCALE_O_NFD_100000_045,1,2026-08-23 01:31:56,NFD,100000,0.6718
SCALE_O_NFD_100000_046,1,2026-08-23 01:33:20,NFD,100000,0.6481
SCALE_O_NFD_100000_047,1,2026-08-23 01:33:32,NFD,100000,0.6389
SCALE_O_NFD_100000_048,1,2026-08-23 01:37:32,NFD,100000,0.655
SCALE_O_NFD_100000_049,1,2026-08-23 01:40:08,NFD,100000,0.6671
SCALE_O_NFD_100000_050,1,2026-08-23 01:42:19,NFD,100000,0.6206
SCALE_O_NFD_100000_051,1,2026-08-23 01:44:32,NFD,100000,0.6525
SCALE_O_NFD_100000_052,1,2026-08-23 01:45:31,NFD,100000,0.6559
SCALE_O_NFD_100000_053,1,2026-08-23 01:50:55,NFD,100000,0.6533
SCALE_O_NFD_100000_054,1,2026-08-23 01:53:39,NFD,100000,0.6534
SCALE_O_NFD_100000_055,1,2026-08-23 01:54:44,NFD,100000,0.6283
SCALE_O_NFD_100000_056,1,2026-08-23 01:56:45,NFD,100000,0.683
SCALE_O_NFD_100000_057,1,2026-08-23 02:00:09,NFD,100000,0.7054
SCALE_O_NFD_100000_058,1,2026-08-23 02:08:42,NFD,100000,0.6784
SCALE_O_NFD_100000_059,1,2026-08-23 02:09:33,NFD,100000,0.6203
SCALE_O_NFD_100000_060,1,2026-08-23 02:11:28,NFD,100000,0.6519
SCALE_O_NFD_100000_061,1,2026-08-23 02:13:21,NFD,100000,0.6985
SCALE_O_NFD_100000_062,1,2026-08-23 02:13:41,NFD,100000,0.6422
SCALE_O_NFD_100000_063,1,2026-08-23 02:16:26,NFD,100000,0.6528
SCALE_O_NFD_100000_064,1,2026-08-23 02:17:52,NFD,100000,0.6527
SCALE_O_NFD_100000_065,1,2026-08-23 02:21:11,NFD,100000,0.6052
SCALE_O_CCNlite_5000000_131,6,2026-08-23 02:45:16,CCNlite,5000000,0.109
SCALE_O_CCNlite_5000000_132,6,2026-08-23 02:46:51,CCNlite,5000000,0.1093
SCALE_O_CCNlite_300000_098,4,2026-08-23 02:48:31,CCNlite,300000,0.436
SCALE_O_CCNlite_300000_099,4,2026-08-23 02:49:55,CCNlite,300000,0.3865
SCALE_O_CCNlite_5000000_133,6,2026-08-23 02:50:23,CCNlite,5000000,0.1116
SCALE_O_CCNlite_300000_100,4,2026-08-23 02:51:02,CCNlite,300000,0.4306
SCALE_O_CCNlite_300000_101,4,2026-08-23 02:51:17,CCNlite,300000,0.4441
SCALE_O_CCNlite_300000_102,4,2026-08-23 02:53:27,CCNlite,300000,0.4176
SCALE_O_CCNlite_5000000_134,6,2026-08-23 02:55:21,CCNlite,5000000,0.1157
SCALE_O_CCNlite_300000_103,4,2026-08-23 02:56:48,CCNlite,300000,0.4366
SCALE_O_CCNlite_5000000_135,6,2026-08-23 02:57:22,CCNlite,5000000,0.1076
SCALE_O_CCNlite_5000000_136,6,2026-08-23 02:58:57,CCNlite,5000000,0.1117
SCALE_O_CCNlite_300000_104,4,2026-08-23 02:59:42,CCNlite,300000,0.4048
SCALE_O_CCNlite_300000_105,4,2026-08-23 03:02:33,CCNlite,300000,0.4625
SCALE_O_CCNlite_5000000_137,6,2026-08-23 03:02:36,CCNlite,5000000,0.106
SCALE_O_CCNlite_5000000_138,6,2026-08-23 03:04:17,CCNlite,5000000,0.1076
SCALE_O_CCNlite_300000_106,4,2026-08-23 03:04:45,CCNlite,300000,0.4383
SCALE_O_CCNlite_300000_107,4,2026-08-23 03:06:08,CCNlite,300000,0.4379
SCALE_O_CCNlite_5000000_139,6,2026-08-23 03:07:35,CCNlite,5000000,0.1005
SCALE_O_CCNlite_300000_108,4,2026-08-23 03:08:02,CCNlite,300000,0.4597
SCALE_O_CCNlite_300000_109,4,2026-08-23 03:10:50,CCNlite,300000,0.3993
SCALE_O_CCNlite_5000000_140,6,2026-08-23 03:11:10,CCNlite,5000000,0.1155
SCALE_O_CCNlite_5000000_141,6,2026-08-23 03:12:12,CCNlite,5000000,0.1078
SCALE_O_CCNlite_300000_110,4,2026-08-23 03:12:18,CCNlite,300000,0.4107
SCALE_O_CCNlite_5000000_142,6,2026-08-23 03:12:55,CCNlite,5000000,0.1021
SCALE_O_CCNlite_5000000_143,6,2026-08-23 03:14:25,CCNlite,5000000,0.1105
SCALE_O_CCNlite_300000_111,4,2026-08-23 03:15:29,CCNlite,300000,0.4573
SCALE_O_CCNlite_300000_112,4,2026-08-23 03:17:53,CCNlite,300000,0.4269
SCALE_O_CCNlite_5000000_144,6,2026-08-23 03:17:59,CCNlite,5000000,0.1108
SCALE_O_CCNlite_300000_113,4,2026-08-23 03:20:06,CCNlite,300000,0.4369
SCALE_O_CCNlite_300000_114,4,2026-08-23 03:22:52,CCNlite,300000,0.4171
SCALE_O_CCNlite_300000_115,4,2026-08-23 03:25:16,CCNlite,300000,0.445
SCALE_O_CCNlite_300000_116,4,2026-08-23 03:26:02,CCNlite,300000,0.439
SCALE_O_CCNlite_300000_117,4,2026-08-23 03:27:11,CCNlite,300000,0.4163
SCALE_O_CCNlite_300000_118,4,2026-08-23 03:28:49,CCNlite,300000,0.4379
SCALE_O_CCNlite_300000_119,4,2026-08-23 03:31:51,CCNlite,300000,0.4033
SCALE_O_CCNlite_300000_120,4,2026-08-23 03:33:13,CCNlite,300000,0.4158
SCALE_O_CCNlite_300000_121,5,2026-08-23 04:33:33,CCNlite,300000,0.4394
SCALE_O_CCNlite_300000_122,5,2026-08-23 04:35:04,CCNlite,300000,0.4252
SCALE_O_CCNlite_300000_123,5,2026-08-23 04:37:53,CCNlite,300000,0.4444
SCALE_O_CCNlite_300000_124,5,2026-08-23 04:39:02,CCNlite,300000,0.4177
SCALE_O_CCNlite_300000_125,5,2026-08-23 04:39:59,CCNlite,300000,0.4423
SCALE_O_CCNlite_300000_126,5,2026-08-23 04:41:33,CCNlite,300000,0.4314
SCALE_O_CCNlite_300000_127,5,2026-08-23 04:43:10,CCNlite,300000,0.4129
SCALE_O_CCNlite_300000_128,5,2026-08-23 04:44:15,CCNlite,300000,0.4727
SCALE_O_CCNlite_300000_129,5,2026-08-23 04:47:58,CCNlite,300000,0.4103
SCALE_O_CCNlite_300000_130,5,2026-08-23 04:50:07,CCNlite,300000,0.4246
SCALE_O_CCNlite_300000_131,5,2026-08-23 04:53:56,CCNlite,300000,0.444
SCALE_O_CCNlite_300000_132,5,2026-08-23 04:58:16,CCNlite,300000,0.3824
SCALE_O_CCNlite_300000_133,5,2026-08-23 05:01:45,CCNlite,300000,0.4564
SCALE_O_CCNlite_300000_134,5,2026-08-23 05:06:56,CCNlite,300000,0.4124
SCALE_O_CCNlite_300000_135,5,2026-08-23 05:09:33,CCNlite,300000,0.4137
SCALE_O_CCNlite_300000_136,5,2026-08-23 05:13:31,CCNlite,300000,0.436
SCALE_O_CCNlite_300000_137,5,2026-08-23 05:14:59,CCNlite,300000,0.4175
SCALE_O_CCNlite_300000_138,5,2026-08-23 05:16:02,CCNlite,300000,0.4062
SCALE_O_CCNlite_300000_139,5,2026-08-23 05:18:07,CCNlite,300000,0.4158
SCALE_O_CCNlite_300000_140,5,2026-08-23 05:19:55,CCNlite,300000,0.4121
SCALE_O_CCNlite_300000_141,5,2026-08-23 05:21:46,CCNlite,300000,0.4392
SCALE_O_CCNlite_300000_142,5,2026-08-23 05:22:41,CCNlite,300000,0.4086
SCALE_O_CCNlite_300000_143,5,2026-08-23 05:25:07,CCNlite,300000,0.4326
SCALE_O_CCNlite_300000_144,5,2026-08-23 05:27:51,CCNlite,300000,0.4332
SCALE_O_CCNlite_300000_145,5,2026-08-23 05:29:33,CCNlite,300000,0.4445
SCALE_O_CCNlite_300000_146,5,2026-08-23 05:30:40,CCNlite,300000,0.467
SCALE_O_CCNlite_300000_147,5,2026-08-23 05:33:14,CCNlite,300000,0.4164
SCALE_O_CCNlite_300000_148,5,2026-08-23 05:35:55,CCNlite,300000,0.4226
SCALE_O_uDCN_10000_148,7,2026-08-23 06:45:01,uDCN,10000,0.9004
SCALE_O_uDCN_10000_149,7,2026-08-23 06:46:44,uDCN,10000,0.998
SCALE_O_uDCN_10000_150,7,2026-08-23 06:52:08,uDCN,10000,0.9063
SCALE_O_PythonNDN_100000_001,0,2026-08-23 07:00:00,PythonNDN,100000,0.4806
SCALE_O_PythonNDN_100000_002,0,2026-08-23 07:02:46,PythonNDN,100000,0.5349
SCALE_O_PythonNDN_100000_003,0,2026-08-23 07:04:34,PythonNDN,100000,0.5028
SCALE_O_PythonNDN_100000_004,0,2026-08-23 07:08:13,PythonNDN,100000,0.4758
SCALE_O_PythonNDN_100000_005,0,2026-08-23 07:12:44,PythonNDN,100000,0.5161
SCALE_O_PythonNDN_100000_006,0,2026-08-23 07:15:41,PythonNDN,100000,0.5263
SCALE_O_PythonNDN_100000_007,0,2026-08-23 07:16:41,PythonNDN,100000,0.5076
SCALE_O_PythonNDN_100000_008,0,2026-08-23 07:18:18,PythonNDN,100000,0.5072
SCALE_O_PythonNDN_100000_009,0,2026-08-23 07:19:59,PythonNDN,100000,0.5115
SCALE_O_PythonNDN_100000_010,0,2026-08-23 07:22:09,PythonNDN,100000,0.5043
SCALE_O_PythonNDN_100000_011,0,2026-08-23 07:23:55,PythonNDN,100000,0.5018
SCALE_O_PythonNDN_100000_012,0,2026-08-23 07:24:34,PythonNDN,100000,0.5083
SCALE_O_PythonNDN_100000_013,0,2026-08-23 07:29:18,PythonNDN,100000,0.495
SCALE_O_PythonNDN_100000_014,0,2026-08-23 07:30:37,PythonNDN,100000,0.5049
SCALE_O_PythonNDN_100000_015,0,2026-08-23 07:32:35,PythonNDN,100000,0.5055
SCALE_O_PythonNDN_100000_016,0,2026-08-23 07:35:20,PythonNDN,100000,0.4898
SCALE_O_PythonNDN_100000_017,0,2026-08-23 07:36:20,PythonNDN,100000,0.4833
SCALE_O_PythonNDN_100000_018,0,2026-08-23 07:38:27,PythonNDN,100000,0.5171
SCALE_O_PythonNDN_100000_019,0,2026-08-23 07:39:16,PythonNDN,100000,0.4763
SCALE_O_PythonNDN_100000_020,0,2026-08-23 07:40:04,PythonNDN,100000,0.4789
SCALE_O_PythonNDN_100000_021,0,2026-08-23 07:41:30,PythonNDN,100000,0.5013
SCALE_O_PythonNDN_100000_022,0,2026-08-23 07:44:10,PythonNDN,100000,0.5218
SCALE_O_PythonNDN_100000_023,0,2026-08-23 07:46:16,PythonNDN,100000,0.4715
SCALE_O_PythonNDN_100000_024,0,2026-08-23 07:47:22,PythonNDN,100000,0.5244
SCALE_O_PythonNDN_100000_025,0,2026-08-23 07:53:12,PythonNDN,100000,0.4884
SCALE_O_PythonNDN_100000_026,0,2026-08-23 07:54:09,PythonNDN,100000,0.493
SCALE_O_PythonNDN_100000_027,0,2026-08-23 07:58:33,PythonNDN,100000,0.4906
SCALE_O_PythonNDN_100000_028,0,2026-08-23 07:59:18,PythonNDN,100000,0.5458
SCALE_O_PythonNDN_100000_029,0,2026-08-23 08:01:28,PythonNDN,100000,0.5166
SCALE_O_PythonNDN_100000_030,0,2026-08-23 08:02:33,PythonNDN,100000,0.4843
SCALE_O_PythonNDN_100000_031,0,2026-08-23 08:05:27,PythonNDN,100000,0.4806
SCALE_O_PythonNDN_100000_032,0,2026-08-23 08:08:09,PythonNDN,100000,0.5143
SCALE_O_PythonNDN_100000_033,0,2026-08-23 08:08:57,PythonNDN,100000,0.5203
SCALE_O_PythonNDN_100000_034,0,2026-08-23 08:09:52,PythonNDN,100000,0.5244
SCALE_O_NFD_10000_109,4,2026-08-23 08:54:34,NFD,10000,0.7777
SCALE_O_NFD_10000_110,4,2026-08-23 08:56:10,NFD,10000,0.7961
SCALE_O_NFD_10000_111,4,2026-08-23 08:57:56,NFD,10000,0.8419
SCALE_O_NFD_10000_112,4,2026-08-23 09:02:35,NFD,10000,0.8073
SCALE_O_NFD_10000_113,4,2026-08-23 09:03:16,NFD,10000,0.7541
SCALE_O_NFD_10000_114,4,2026-08-23 09:07:25,NFD,10000,0.7643
SCALE_O_NFD_10000_115,4,2026-08-23 09:08:23,NFD,10000,0.8707
SCALE_O_NFD_10000_116,4,2026-08-23 09:11:59,NFD,10000,0.8391
SCALE_O_NFD_10000_117,4,2026-08-23 09:15:53,NFD,10000,0.7889
SCALE_O_NFD_10000_118,4,2026-08-23 09:16:37,NFD,10000,0.7566
SCALE_O_NFD_10000_119,4,2026-08-23 09:19:02,NFD,10000,0.7698
SCALE_O_NFD_10000_120,4,2026-08-23 09:20:56,NFD,10000,0.8902
SCALE_O_NFD_10000_121,4,2026-08-23 09:23:05,NFD,10000,0.8704
SCALE_O_NFD_10000_122,4,2026-08-23 09:25:08,NFD,10000,0.7748
SCALE_O_NFD_10000_123,4,2026-08-23 09:31:34,NFD,10000,0.745
SCALE_O_NFD_10000_124,4,2026-08-23 09:34:26,NFD,10000,0.7781
SCALE_O_NFD_10000_125,4,2026-08-23 09:34:39,NFD,10000,0.7848
SCALE_O_NFD_10000_126,4,2026-08-23 09:36:27,NFD,10000,0.7412
SCALE_O_NFD_10000_127,4,2026-08-23 09:38:27,NFD,10000,0.7632
SCALE_O_NFD_10000_128,4,2026-08-23 09:43:03,NFD,10000,0.7939
SCALE_O_NFD_10000_129,4,2026-08-23 09:44:54,NFD,10000,0.8109
SCALE_O_NFD_10000_130,4,2026-08-23 09:48:00,NFD,10000,0.8384
SCALE_O_NFD_10000_131,4,2026-08-23 09:49:02,NFD,10000,0.906
SCALE_O_NFD_10000_132,4,2026-08-23 09:49:59,NFD,10000,0.8303
SCALE_O_NFD_10000_133,4,2026-08-23 09:52:00,NFD,10000,0.7788
SCALE_O_NFD_10000_134,4,2026-08-23 09:52:30,NFD,10000,0.7878
SCALE_O_NFD_10000_135,4,2026-08-23 09:54:10,NFD,10000,0.8516
SCALE_O_NFD_10000_136,4,2026-08-23 09:57:28,NFD,10000,0.7444
SCALE_O_PythonNDN_1000_001,0,2026-08-23 10:00:00,PythonNDN,1000,0.947
SCALE_O_NFD_10000_137,4,2026-08-23 10:02:32,NFD,10000,0.8536
SCALE_O_NFD_10000_138,4,2026-08-23 10:04:24,NFD,10000,0.8244
SCALE_O_NFD_10000_139,4,2026-08-23 10:04:54,NFD,10000,0.8151
SCALE_O_PythonNDN_1000_002,0,2026-08-23 10:05:35,PythonNDN,1000,0.9743
SCALE_O_PythonNDN_1000_003,0,2026-08-23 10:08:41,PythonNDN,1000,0.8806
SCALE_O_NFD_10000_140,4,2026-08-23 10:09:43,NFD,10000,0.8239
SCALE_O_PythonNDN_1000_004,0,2026-08-23 10:10:12,PythonNDN,1000,0.9416
SCALE_O_NFD_10000_141,4,2026-08-23 10:10:23,NFD,10000,0.7607
SCALE_O_PythonNDN_1000_005,0,2026-08-23 10:11:55,PythonNDN,1000,0.921
SCALE_O_NFD_10000_142,4,2026-08-23 10:12:01,NFD,10000,0.7958
SCALE_O_PythonNDN_1000_006,0,2026-08-23 10:13:01,PythonNDN,1000,0.9115
SCALE_O_PythonNDN_1000_007,0,2026-08-23 10:16:06,PythonNDN,1000,0.8422
SCALE_O_PythonNDN_1000_008,0,2026-08-23 10:17:46,PythonNDN,1000,0.9122
SCALE_O_PythonNDN_1000_009,0,2026-08-23 10:20:14,PythonNDN,1000,0.8978
SCALE_O_PythonNDN_1000_010,0,2026-08-23 10:23:23,PythonNDN,1000,0.8804
SCALE_O_PythonNDN_1000_011,0,2026-08-23 10:26:16,PythonNDN,1000,0.9416
SCALE_O_PythonNDN_1000_012,0,2026-08-23 10:27:41,PythonNDN,1000,0.9027
SCALE_O_PythonNDN_1000_013,0,2026-08-23 10:29:33,PythonNDN,1000,0.8928
SCALE_O_PythonNDN_1000_014,0,2026-08-23 10:30:56,PythonNDN,1000,0.8744
SCALE_O_PythonNDN_1000_015,0,2026-08-23 10:35:33,PythonNDN,1000,0.8773
SCALE_O_PythonNDN_1000_016,0,2026-08-23 10:40:12,PythonNDN,1000,1.0
SCALE_O_PythonNDN_1000_017,0,2026-08-23 10:42:26,PythonNDN,1000,0.8574
SCALE_O_PythonNDN_1000_018,0,2026-08-23 10:44:12,PythonNDN,1000,0.9108
SCALE_O_PythonNDN_1000_019,0,2026-08-23 10:47:13,PythonNDN,1000,0.8629
SCALE_O_PythonNDN_1000_020,0,2026-08-23 10:49:13,PythonNDN,1000,0.8623
SCALE_O_PythonNDN_1000_021,0,2026-08-23 10:52:33,PythonNDN,1000,0.9387
SCALE_O_PythonNDN_1000_022,0,2026-08-23 10:55:29,PythonNDN,1000,0.9382
SCALE_O_PythonNDN_1000_023,0,2026-08-23 10:57:13,PythonNDN,1000,0.9379
SCALE_O_PythonNDN_1000_024,0,2026-08-23 11:00:48,PythonNDN,1000,0.84
SCALE_O_PythonNDN_1000_025,0,2026-08-23 11:01:20,PythonNDN,1000,0.909
SCALE_O_PythonNDN_1000_026,0,2026-08-23 11:04:01,PythonNDN,1000,0.9087
SCALE_O_PythonNDN_1000_027,0,2026-08-23 11:05:05,PythonNDN,1000,0.9689
SCALE_O_PythonNDN_1000_028,0,2026-08-23 11:08:17,PythonNDN,1000,0.8874
SCALE_O_PythonNDN_1000_029,0,2026-08-23 11:12:12,PythonNDN,1000,0.8728
SCALE_O_PythonNDN_5000000_001,0,2026-08-23 12:00:00,PythonNDN,5000000,0.0501
SCALE_O_PythonNDN_5000000_002,0,2026-08-23 12:01:43,PythonNDN,5000000,0.049
SCALE_O_PythonNDN_5000000_003,0,2026-08-23 12:04:29,PythonNDN,5000000,0.0501
SCALE_O_PythonNDN_5000000_004,0,2026-08-23 12:05:38,PythonNDN,5000000,0.0499
SCALE_O_PythonNDN_5000000_005,0,2026-08-23 12:09:15,PythonNDN,5000000,0.0515
SCALE_O_PythonNDN_5000000_006,0,2026-08-23 12:11:33,PythonNDN,5000000,0.0491
SCALE_O_PythonNDN_5000000_007,0,2026-08-23 12:12:06,PythonNDN,5000000,0.0512
SCALE_O_PythonNDN_5000000_008,0,2026-08-23 12:12:40,PythonNDN,5000000,0.0485
SCALE_O_PythonNDN_5000000_009,0,2026-08-23 12:13:36,PythonNDN,5000000,0.0516
SCALE_O_PythonNDN_5000000_010,0,2026-08-23 12:17:21,PythonNDN,5000000,0.0489
SCALE_O_PythonNDN_5000000_011,0,2026-08-23 12:19:41,PythonNDN,5000000,0.0488
SCALE_O_PythonNDN_5000000_012,0,2026-08-23 12:21:07,PythonNDN,5000000,0.0538
SCALE_O_NFD_100000_066,2,2026-08-23 12:22:17,NFD,100000,0.6612
SCALE_O_PythonNDN_5000000_013,0,2026-08-23 12:22:37,PythonNDN,5000000,0.048
SCALE_O_PythonNDN_5000000_014,0,2026-08-23 12:23:36,PythonNDN,5000000,0.049
SCALE_O_NFD_100000_067,2,2026-08-23 12:25:11,NFD,100000,0.5994
SCALE_O_PythonNDN_5000000_015,0,2026-08-23 12:26:15,PythonNDN,5000000,0.0507
SCALE_O_PythonNDN_5000000_016,0,2026-08-23 12:28:45,PythonNDN,5000000,0.0508
SCALE_O_NFD_100000_068,2,2026-08-23 12:29:05,NFD,100000,0.644
SCALE_O_PythonNDN_5000000_017,0,2026-08-23 12:31:20,PythonNDN,5000000,0.0481
SCALE_O_PythonNDN_5000000_018,0,2026-08-23 12:32:42,PythonNDN,5000000,0.0469
SCALE_O_NFD_100000_069,2,2026-08-23 12:33:49,NFD,100000,0.6671
SCALE_O_NFD_100000_070,2,2026-08-23 12:34:55,NFD,100000,0.6341
SCALE_O_PythonNDN_5000000_019,0,2026-08-23 12:35:46,PythonNDN,5000000,0.0512
SCALE_O_NFD_100000_071,2,2026-08-23 12:36:29,NFD,100000,0.6456
SCALE_O_PythonNDN_5000000_020,0,2026-08-23 12:36:39,PythonNDN,5000000,0.0487
SCALE_O_NFD_100000_072,2,2026-08-23 12:38:16,NFD,100000,0.6638
SCALE_O_PythonNDN_5000000_021,0,2026-08-23 12:40:02,PythonNDN,5000000,0.0501
SCALE_O_NFD_100000_073,2,2026-08-23 12:40:26,NFD,100000,0.654
SCALE_O_NFD_100000_074,2,2026-08-23 12:42:08,NFD,100000,0.6423
SCALE_O_NFD_100000_075,2,2026-08-23 12:43:28,NFD,100000,0.6244
SCALE_O_PythonNDN_5000000_022,0,2026-08-23 12:43:29,PythonNDN,5000000,0.0509
SCALE_O_PythonNDN_5000000_023,0,2026-08-23 12:44:25,PythonNDN,5000000,0.0513
SCALE_O_NFD_10000_143,5,2026-08-23 12:46:42,NFD,10000,0.8454
SCALE_O_NFD_100000_076,2,2026-08-23 12:47:00,NFD,100000,0.6808
SCALE_O_PythonNDN_5000000_024,0,2026-08-23 12:47:23,PythonNDN,5000000,0.0509
SCALE_O_NFD_10000_144,5,2026-08-23 12:48:00,NFD,10000,0.8238
SCALE_O_NFD_100000_077,2,2026-08-23 12:49:40,NFD,100000,0.678
SCALE_O_NFD_10000_145,5,2026-08-23 12:50:14,NFD,10000,0.8138
SCALE_O_PythonNDN_5000000_025,0,2026-08-23 12:50:51,PythonNDN,5000000,0.0482
SCALE_O_NFD_10000_146,5,2026-08-23 12:53:48,NFD,10000,0.7769
SCALE_O_PythonNDN_5000000_026,0,2026-08-23 12:54:25,PythonNDN,5000000,0.0483
SCALE_O_NFD_100000_078,2,2026-08-23 12:55:11,NFD,100000,0.6395
SCALE_O_PythonNDN_5000000_027,0,2026-08-23 12:56:08,PythonNDN,5000000,0.0506
SCALE_O_NFD_10000_147,5,2026-08-23 12:56:43,NFD,10000,0.8019
SCALE_O_NFD_10000_148,5,2026-08-23 12:58:37,NFD,10000,0.8013
SCALE_O_PythonNDN_5000000_028,0,2026-08-23 12:58:48,PythonNDN,5000000,0.0516
SCALE_O_PythonNDN_5000000_029,0,2026-08-23 13:01:23,PythonNDN,5000000,0.0504
SCALE_O_NFD_10000_149,5,2026-08-23 13:01:35,NFD,10000,0.8015
SCALE_O_NFD_100000_079,2,2026-08-23 13:02:28,NFD,100000,0.6663
SCALE_O_PythonNDN_5000000_030,0,2026-08-23 13:02:56,PythonNDN,5000000,0.0487
SCALE_O_NFD_10000_150,5,2026-08-23 13:03:30,NFD,10000,0.798
SCALE_O_PythonNDN_5000000_031,0,2026-08-23 13:04:45,PythonNDN,5000000,0.0487
SCALE_O_PythonNDN_5000000_032,0,2026-08-23 13:05:42,PythonNDN,5000000,0.0481
SCALE_O_NFD_100000_080,2,2026-08-23 13:07:46,NFD,100000,0.6335
SCALE_O_PythonNDN_5000000_033,0,2026-08-23 13:07:48,PythonNDN,5000000,0.0519
SCALE_O_PythonNDN_5000000_034,0,2026-08-23 13:08:06,PythonNDN,5000000,0.0513
SCALE_O_NFD_100000_081,2,2026-08-23 13:10:36,NFD,100000,0.671
SCALE_O_NFD_100000_082,2,2026-08-23 13:12:49,NFD,100000,0.6659
SCALE_O_NFD_100000_083,2,2026-08-23 13:15:30,NFD,100000,0.5848
SCALE_O_NFD_100000_084,2,2026-08-23 13:18:19,NFD,100000,0.6336
SCALE_O_NFD_100000_085,2,2026-08-23 13:19:00,NFD,100000,0.6376
SCALE_O_NFD_100000_086,2,2026-08-23 13:21:24,NFD,100000,0.6526
SCALE_O_NFD_100000_087,2,2026-08-23 13:24:02,NFD,100000,0.6015
SCALE_O_NFD_100000_088,2,2026-08-23 13:28:52,NFD,100000,0.6085
SCALE_O_NFD_100000_089,2,2026-08-23 13:31:18,NFD,100000,0.6328
SCALE_O_NFD_100000_090,2,2026-08-23 13:31:59,NFD,100000,0.6568
SCALE_O_NFD_100000_091,2,2026-08-23 13:34:12,NFD,100000,0.6148
SCALE_O_NFD_100000_092,2,2026-08-23 13:35:50,NFD,100000,0.6485
SCALE_O_NFD_100000_093,2,2026-08-23 13:41:08,NFD,100000,0.6515
SCALE_O_NFD_100000_094,2,2026-08-23 13:42:33,NFD,100000,0.6347
SCALE_O_NFD_100000_095,2,2026-08-23 13:49:39,NFD,100000,0.5909
SCALE_O_NFD_300000_093,4,2026-08-23 21:30:01,NFD,300000,0.4619
SCALE_O_NFD_300000_094,4,2026-08-23 21:33:12,NFD,300000,0.4433
SCALE_O_NFD_300000_095,4,2026-08-23 21:35:36,NFD,300000,0.4595
SCALE_O_NFD_300000_096,4,2026-08-23 21:38:27,NFD,300000,0.4536
SCALE_O_NFD_300000_097,4,2026-08-23 21:39:47,NFD,300000,0.4458
SCALE_O_NFD_300000_098,4,2026-08-23 21:42:00,NFD,300000,0.4358
SCALE_O_NFD_300000_099,4,2026-08-23 21:42:54,NFD,300000,0.4294
SCALE_O_NFD_300000_100,4,2026-08-23 21:43:30,NFD,300000,0.4699
SCALE_O_NFD_300000_101,4,2026-08-23 21:44:50,NFD,300000,0.4403
SCALE_O_NFD_300000_102,4,2026-08-23 21:51:15,NFD,300000,0.4408
SCALE_O_NFD_300000_103,4,2026-08-23 21:53:02,NFD,300000,0.4534
SCALE_O_NFD_300000_104,4,2026-08-23 21:57:24,NFD,300000,0.4705
SCALE_O_NFD_300000_105,4,2026-08-23 22:01:32,NFD,300000,0.4652
SCALE_O_NFD_300000_106,4,2026-08-23 22:03:09,NFD,300000,0.4635
SCALE_O_NFD_300000_107,4,2026-08-23 22:05:01,NFD,300000,0.4337
SCALE_O_NFD_300000_108,4,2026-08-23 22:06:40,NFD,300000,0.4305
SCALE_O_NFD_300000_109,4,2026-08-23 22:09:18,NFD,300000,0.4623
SCALE_O_NFD_300000_110,4,2026-08-23 22:14:39,NFD,300000,0.425
SCALE_O_NFD_300000_111,4,2026-08-23 22:17:27,NFD,300000,0.4579
SCALE_O_CCNlite_5000000_145,7,2026-08-24 00:31:43,CCNlite,5000000,0.104
SCALE_O_CCNlite_5000000_146,7,2026-08-24 00:33:45,CCNlite,5000000,0.1069
SCALE_O_CCNlite_5000000_147,7,2026-08-24 00:38:10,CCNlite,5000000,0.1133
SCALE_O_CCNlite_5000000_148,7,2026-08-24 00:41:56,CCNlite,5000000,0.1062
SCALE_O_CCNlite_5000000_149,7,2026-08-24 00:42:36,CCNlite,5000000,0.1125
SCALE_O_CCNlite_5000000_150,7,2026-08-24 00:44:12,CCNlite,5000000,0.1083
SCALE_O_PythonNDN_100000_035,1,2026-08-24 07:23:53,PythonNDN,100000,0.5646
SCALE_O_PythonNDN_100000_036,1,2026-08-24 07:25:55,PythonNDN,100000,0.5124
SCALE_O_PythonNDN_100000_037,1,2026-08-24 07:29:22,PythonNDN,100000,0.4865
SCALE_O_PythonNDN_100000_038,1,2026-08-24 07:31:04,PythonNDN,100000,0.502
SCALE_O_PythonNDN_100000_039,1,2026-08-24 07:32:17,PythonNDN,100000,0.505
SCALE_O_PythonNDN_100000_040,1,2026-08-24 07:34:11,PythonNDN,100000,0.5066
SCALE_O_PythonNDN_100000_041,1,2026-08-24 07:35:21,PythonNDN,100000,0.4979
SCALE_O_PythonNDN_100000_042,1,2026-08-24 07:35:52,PythonNDN,100000,0.5489
SCALE_O_PythonNDN_100000_043,1,2026-08-24 07:38:37,PythonNDN,100000,0.4935
SCALE_O_PythonNDN_100000_044,1,2026-08-24 07:41:02,PythonNDN,100000,0.5246
SCALE_O_PythonNDN_100000_045,1,2026-08-24 07:43:02,PythonNDN,100000,0.5069
SCALE_O_PythonNDN_100000_046,1,2026-08-24 07:43:51,PythonNDN,100000,0.4741
SCALE_O_PythonNDN_100000_047,1,2026-08-24 07:44:30,PythonNDN,100000,0.5081
SCALE_O_PythonNDN_100000_048,1,2026-08-24 07:45:38,PythonNDN,100000,0.5279
SCALE_O_PythonNDN_100000_049,1,2026-08-24 07:47:06,PythonNDN,100000,0.5018
SCALE_O_PythonNDN_100000_050,1,2026-08-24 07:49:32,PythonNDN,100000,0.5584
SCALE_O_PythonNDN_100000_051,1,2026-08-24 07:54:48,PythonNDN,100000,0.5086
SCALE_O_PythonNDN_100000_052,1,2026-08-24 07:55:53,PythonNDN,100000,0.4974
SCALE_O_PythonNDN_100000_053,2,2026-08-24 09:05:15,PythonNDN,100000,0.524
SCALE_O_PythonNDN_100000_054,2,2026-08-24 09:07:32,PythonNDN,100000,0.5503
SCALE_O_PythonNDN_100000_055,2,2026-08-24 09:09:25,PythonNDN,100000,0.5293
SCALE_O_PythonNDN_100000_056,2,2026-08-24 09:10:50,PythonNDN,100000,0.5134
SCALE_O_PythonNDN_100000_057,2,2026-08-24 09:12:20,PythonNDN,100000,0.5487
SCALE_O_PythonNDN_100000_058,2,2026-08-24 09:13:46,PythonNDN,100000,0.5554
SCALE_O_PythonNDN_100000_059,2,2026-08-24 09:17:52,PythonNDN,100000,0.5768
SCALE_O_PythonNDN_100000_060,2,2026-08-24 09:19:25,PythonNDN,100000,0.4657
SCALE_O_PythonNDN_100000_061,2,2026-08-24 09:22:23,PythonNDN,100000,0.4882
SCALE_O_PythonNDN_100000_062,2,2026-08-24 09:25:48,PythonNDN,100000,0.5012
SCALE_O_PythonNDN_100000_063,2,2026-08-24 09:27:44,PythonNDN,100000,0.5211
SCALE_O_PythonNDN_100000_064,2,2026-08-24 09:28:51,PythonNDN,100000,0.4715
SCALE_O_PythonNDN_100000_065,2,2026-08-24 09:30:27,PythonNDN,100000,0.4933
SCALE_O_PythonNDN_100000_066,2,2026-08-24 09:31:47,PythonNDN,100000,0.5473
SCALE_O_PythonNDN_100000_067,2,2026-08-24 09:32:56,PythonNDN,100000,0.5206
SCALE_O_PythonNDN_100000_068,2,2026-08-24 09:34:54,PythonNDN,100000,0.5131
SCALE_O_PythonNDN_100000_069,2,2026-08-24 09:35:32,PythonNDN,100000,0.4897
SCALE_O_PythonNDN_100000_070,2,2026-08-24 09:37:11,PythonNDN,100000,0.4934
SCALE_O_PythonNDN_100000_071,2,2026-08-24 09:38:24,PythonNDN,100000,0.5036
SCALE_O_PythonNDN_100000_072,2,2026-08-24 09:41:14,PythonNDN,100000,0.5091
SCALE_O_PythonNDN_100000_073,2,2026-08-24 09:42:59,PythonNDN,100000,0.4762
SCALE_O_PythonNDN_100000_074,2,2026-08-24 09:45:36,PythonNDN,100000,0.5328
SCALE_O_PythonNDN_100000_075,2,2026-08-24 09:46:24,PythonNDN,100000,0.5288
SCALE_O_PythonNDN_100000_076,2,2026-08-24 09:50:31,PythonNDN,100000,0.492
SCALE_O_PythonNDN_100000_077,2,2026-08-24 09:52:44,PythonNDN,100000,0.4546
SCALE_O_PythonNDN_100000_078,2,2026-08-24 09:54:31,PythonNDN,100000,0.5077
SCALE_O_PythonNDN_100000_079,2,2026-08-24 09:56:33,PythonNDN,100000,0.5472
SCALE_O_PythonNDN_100000_080,2,2026-08-24 10:01:20,PythonNDN,100000,0.4919
SCALE_O_PythonNDN_100000_081,2,2026-08-24 10:02:32,PythonNDN,100000,0.529
SCALE_O_NFD_300000_112,5,2026-08-24 10:06:10,NFD,300000,0.4359
SCALE_O_NFD_300000_113,5,2026-08-24 10:06:52,NFD,300000,0.4498
SCALE_O_NFD_300000_114,5,2026-08-24 10:09:55,NFD,300000,0.4371
SCALE_O_NFD_300000_115,5,2026-08-24 10:10:23,NFD,300000,0.446
SCALE_O_NFD_300000_116,5,2026-08-24 10:11:18,NFD,300000,0.4704
SCALE_O_NFD_300000_117,5,2026-08-24 10:14:22,NFD,300000,0.4659
SCALE_O_NFD_300000_118,5,2026-08-24 10:16:27,NFD,300000,0.4509
SCALE_O_NFD_300000_119,5,2026-08-24 10:21:19,NFD,300000,0.4355
SCALE_O_NFD_300000_120,5,2026-08-24 10:22:29,NFD,300000,0.4458
SCALE_O_NFD_300000_121,5,2026-08-24 10:23:18,NFD,300000,0.4418
SCALE_O_NFD_300000_122,5,2026-08-24 10:24:14,NFD,300000,0.4457
SCALE_O_NFD_300000_123,5,2026-08-24 10:25:52,NFD,300000,0.4538
SCALE_O_NFD_300000_124,5,2026-08-24 10:26:56,NFD,300000,0.4598
SCALE_O_NFD_300000_125,5,2026-08-24 10:30:17,NFD,300000,0.4534
SCALE_O_NFD_300000_126,5,2026-08-24 10:33:01,NFD,300000,0.4722
SCALE_O_NFD_300000_127,5,2026-08-24 10:36:01,NFD,300000,0.4698
SCALE_O_NFD_300000_128,5,2026-08-24 10:39:37,NFD,300000,0.4595
SCALE_O_NFD_300000_129,5,2026-08-24 10:40:58,NFD,300000,0.4743
SCALE_O_NFD_300000_130,5,2026-08-24 10:42:21,NFD,300000,0.4847
SCALE_O_NFD_300000_131,5,2026-08-24 10:42:45,NFD,300000,0.4594
SCALE_O_NFD_300000_132,5,2026-08-24 10:44:21,NFD,300000,0.5037
SCALE_O_NFD_300000_133,5,2026-08-24 10:46:16,NFD,300000,0.4684
SCALE_O_NFD_300000_134,5,2026-08-24 10:49:43,NFD,300000,0.4288
SCALE_O_NFD_300000_135,5,2026-08-24 10:52:51,NFD,300000,0.4727
SCALE_O_NFD_300000_136,5,2026-08-24 10:54:46,NFD,300000,0.4545
SCALE_O_NFD_300000_137,5,2026-08-24 10:57:06,NFD,300000,0.4462
SCALE_O_NFD_300000_138,5,2026-08-24 10:59:28,NFD,300000,0.4952
SCALE_O_NFD_300000_139,5,2026-08-24 11:01:38,NFD,300000,0.4393
SCALE_O_NFD_300000_140,5,2026-08-24 11:02:50,NFD,300000,0.4401
SCALE_O_NFD_100000_096,3,2026-08-24 11:21:30,NFD,100000,0.6761
SCALE_O_NFD_100000_097,3,2026-08-24 11:22:58,NFD,100000,0.6375
SCALE_O_NFD_100000_098,3,2026-08-24 11:25:57,NFD,100000,0.6322
SCALE_O_NFD_100000_099,3,2026-08-24 11:29:03,NFD,100000,0.6853
SCALE_O_NFD_100000_100,3,2026-08-24 11:33:33,NFD,100000,0.6125
SCALE_O_NFD_100000_101,3,2026-08-24 11:36:21,NFD,100000,0.6993
SCALE_O_NFD_100000_102,3,2026-08-24 11:38:41,NFD,100000,0.6437
SCALE_O_NFD_100000_103,3,2026-08-24 11:41:59,NFD,100000,0.5753
SCALE_O_NFD_100000_104,3,2026-08-24 11:42:34,NFD,100000,0.6795
SCALE_O_NFD_100000_105,3,2026-08-24 11:43:32,NFD,100000,0.6963
SCALE_O_NFD_100000_106,3,2026-08-24 11:45:32,NFD,100000,0.722
SCALE_O_NFD_100000_107,3,2026-08-24 11:47:30,NFD,100000,0.6137
SCALE_O_NFD_100000_108,3,2026-08-24 11:48:59,NFD,100000,0.6676
SCALE_O_NFD_100000_109,3,2026-08-24 11:51:54,NFD,100000,0.6387
SCALE_O_NFD_100000_110,3,2026-08-24 11:54:05,NFD,100000,0.636
SCALE_O_NFD_100000_111,3,2026-08-24 11:58:17,NFD,100000,0.678
SCALE_O_NFD_100000_112,3,2026-08-24 11:59:53,NFD,100000,0.7142
SCALE_O_NFD_100000_113,3,2026-08-24 12:00:49,NFD,100000,0.6253
SCALE_O_NFD_100000_114,3,2026-08-24 12:03:17,NFD,100000,0.6621
SCALE_O_PythonNDN_1000_030,1,2026-08-24 15:21:23,PythonNDN,1000,0.8594
SCALE_O_PythonNDN_1000_031,1,2026-08-24 15:22:42,PythonNDN,1000,0.8422
SCALE_O_PythonNDN_1000_032,1,2026-08-24 15:25:39,PythonNDN,1000,0.9334
SCALE_O_PythonNDN_1000_033,1,2026-08-24 15:27:58,PythonNDN,1000,0.8673
SCALE_O_PythonNDN_1000_034,1,2026-08-24 15:29:00,PythonNDN,1000,0.8965
SCALE_O_PythonNDN_1000_035,1,2026-08-24 15:31:25,PythonNDN,1000,0.9191
SCALE_O_PythonNDN_1000_036,1,2026-08-24 15:34:07,PythonNDN,1000,0.9048
SCALE_O_PythonNDN_1000_037,1,2026-08-24 15:35:30,PythonNDN,1000,0.9785
SCALE_O_PythonNDN_1000_038,1,2026-08-24 15:41:02,PythonNDN,1000,0.918
SCALE_O_PythonNDN_1000_039,1,2026-08-24 15:43:03,PythonNDN,1000,0.9202
SCALE_O_PythonNDN_1000_040,1,2026-08-24 15:45:36,PythonNDN,1000,0.9351
SCALE_O_PythonNDN_1000_041,1,2026-08-24 15:48:05,PythonNDN,1000,0.89
SCALE_O_PythonNDN_1000_042,1,2026-08-24 15:48:48,PythonNDN,1000,0.9271
SCALE_O_PythonNDN_1000_043,2,2026-08-24 17:29:47,PythonNDN,1000,0.8798
SCALE_O_PythonNDN_1000_044,2,2026-08-24 17:33:13,PythonNDN,1000,0.9442
SCALE_O_NFD_300000_141,6,2026-08-24 17:35:23,NFD,300000,0.4422
SCALE_O_PythonNDN_1000_045,2,2026-08-24 17:36:33,PythonNDN,1000,0.9522
SCALE_O_PythonNDN_1000_046,2,2026-08-24 17:37:38,PythonNDN,1000,0.8466
SCALE_O_PythonNDN_1000_047,2,2026-08-24 17:39:27,PythonNDN,1000,0.9634
SCALE_O_NFD_300000_142,6,2026-08-24 17:39:40,NFD,300000,0.4668
SCALE_O_PythonNDN_1000_048,2,2026-08-24 17:41:36,PythonNDN,1000,0.9245
SCALE_O_NFD_300000_143,6,2026-08-24 17:44:38,NFD,300000,0.4684
SCALE_O_PythonNDN_1000_049,2,2026-08-24 17:44:50,PythonNDN,1000,0.9035
SCALE_O_NFD_300000_144,6,2026-08-24 17:46:46,NFD,300000,0.4091
SCALE_O_NFD_300000_145,6,2026-08-24 17:48:34,NFD,300000,0.4528
SCALE_O_PythonNDN_1000_050,2,2026-08-24 17:49:05,PythonNDN,1000,0.9567
SCALE_O_NFD_300000_146,6,2026-08-24 17:52:41,NFD,300000,0.4378
SCALE_O_PythonNDN_1000_051,2,2026-08-24 17:53:35,PythonNDN,1000,0.8545
SCALE_O_NFD_300000_147,6,2026-08-24 17:56:15,NFD,300000,0.4603
SCALE_O_PythonNDN_1000_052,2,2026-08-24 17:58:11,PythonNDN,1000,0.8987
SCALE_O_NFD_300000_148,6,2026-08-24 17:58:19,NFD,300000,0.4116
SCALE_O_PythonNDN_1000_053,2,2026-08-24 17:59:00,PythonNDN,1000,0.8896
SCALE_O_NFD_300000_149,6,2026-08-24 17:59:45,NFD,300000,0.457
SCALE_O_PythonNDN_1000_054,2,2026-08-24 18:00:44,PythonNDN,1000,0.8763
SCALE_O_NFD_300000_150,6,2026-08-24 18:01:55,NFD,300000,0.4566
SCALE_O_PythonNDN_1000_055,2,2026-08-24 18:03:10,PythonNDN,1000,0.9079
SCALE_O_PythonNDN_1000_056,2,2026-08-24 18:05:22,PythonNDN,1000,0.9303
SCALE_O_PythonNDN_1000_057,2,2026-08-24 18:07:26,PythonNDN,1000,0.8885
SCALE_O_PythonNDN_1000_058,2,2026-08-24 18:09:17,PythonNDN,1000,0.8883
SCALE_O_PythonNDN_1000_059,2,2026-08-24 18:12:42,PythonNDN,1000,0.9235
SCALE_O_PythonNDN_1000_060,2,2026-08-24 18:14:50,PythonNDN,1000,0.886
SCALE_O_PythonNDN_1000_061,2,2026-08-24 18:15:53,PythonNDN,1000,0.9036
SCALE_O_PythonNDN_1000_062,2,2026-08-24 18:18:53,PythonNDN,1000,0.8928
SCALE_O_PythonNDN_1000_063,2,2026-08-24 18:24:29,PythonNDN,1000,0.9295
SCALE_O_PythonNDN_1000_064,2,2026-08-24 18:27:09,PythonNDN,1000,0.8994
SCALE_O_PythonNDN_1000_065,2,2026-08-24 18:28:59,PythonNDN,1000,0.9127
SCALE_O_PythonNDN_1000_066,2,2026-08-24 18:29:39,PythonNDN,1000,0.9055
SCALE_O_PythonNDN_1000_067,2,2026-08-24 18:31:57,PythonNDN,1000,0.9287
SCALE_O_PythonNDN_1000_068,2,2026-08-24 18:33:44,PythonNDN,1000,0.8857
SCALE_O_PythonNDN_1000_069,2,2026-08-24 18:36:50,PythonNDN,1000,0.8951
SCALE_O_PythonNDN_1000_070,2,2026-08-24 18:39:17,PythonNDN,1000,0.9086
SCALE_O_PythonNDN_100000_082,3,2026-08-25 09:23:21,PythonNDN,100000,0.5409
SCALE_O_PythonNDN_100000_083,3,2026-08-25 09:27:20,PythonNDN,100000,0.5246
SCALE_O_PythonNDN_100000_084,3,2026-08-25 09:29:35,PythonNDN,100000,0.496
SCALE_O_PythonNDN_100000_085,3,2026-08-25 09:33:21,PythonNDN,100000,0.4853
SCALE_O_PythonNDN_100000_086,3,2026-08-25 09:34:40,PythonNDN,100000,0.5551
SCALE_O_PythonNDN_100000_087,3,2026-08-25 09:36:38,PythonNDN,100000,0.5039
SCALE_O_PythonNDN_100000_088,3,2026-08-25 09:39:48,PythonNDN,100000,0.5227
SCALE_O_PythonNDN_100000_089,3,2026-08-25 09:42:45,PythonNDN,100000,0.4977
SCALE_O_PythonNDN_100000_090,3,2026-08-25 09:43:38,PythonNDN,100000,0.4923
SCALE_O_PythonNDN_100000_091,3,2026-08-25 09:45:04,PythonNDN,100000,0.465
SCALE_O_PythonNDN_100000_092,3,2026-08-25 09:48:25,PythonNDN,100000,0.4941
SCALE_O_PythonNDN_100000_093,3,2026-08-25 09:49:56,PythonNDN,100000,0.5127
SCALE_O_PythonNDN_100000_094,3,2026-08-25 09:51:20,PythonNDN,100000,0.4838
SCALE_O_PythonNDN_100000_095,3,2026-08-25 09:52:41,PythonNDN,100000,0.5048
SCALE_O_PythonNDN_100000_096,3,2026-08-25 09:54:37,PythonNDN,100000,0.5264
SCALE_O_PythonNDN_100000_097,3,2026-08-25 09:58:00,PythonNDN,100000,0.505
SCALE_O_PythonNDN_100000_098,3,2026-08-25 10:00:56,PythonNDN,100000,0.5173
SCALE_O_PythonNDN_100000_099,3,2026-08-25 10:05:50,PythonNDN,100000,0.5057
SCALE_O_PythonNDN_100000_100,4,2026-08-25 11:33:58,PythonNDN,100000,0.512
SCALE_O_PythonNDN_100000_101,4,2026-08-25 11:34:49,PythonNDN,100000,0.5592
SCALE_O_PythonNDN_100000_102,4,2026-08-25 11:37:42,PythonNDN,100000,0.4831
SCALE_O_PythonNDN_100000_103,4,2026-08-25 11:39:15,PythonNDN,100000,0.5096
SCALE_O_PythonNDN_100000_104,4,2026-08-25 11:41:40,PythonNDN,100000,0.4981
SCALE_O_PythonNDN_100000_105,4,2026-08-25 11:44:44,PythonNDN,100000,0.5446
SCALE_O_PythonNDN_100000_106,4,2026-08-25 11:48:02,PythonNDN,100000,0.5018
SCALE_O_PythonNDN_100000_107,4,2026-08-25 11:50:25,PythonNDN,100000,0.4407
SCALE_O_PythonNDN_100000_108,4,2026-08-25 11:54:31,PythonNDN,100000,0.4778
SCALE_O_PythonNDN_100000_109,4,2026-08-25 11:57:48,PythonNDN,100000,0.457
SCALE_O_CCNlite_10000_001,0,2026-08-25 12:00:00,CCNlite,10000,0.84
SCALE_O_CCNlite_10000_002,0,2026-08-25 12:02:32,CCNlite,10000,0.8228
SCALE_O_PythonNDN_100000_110,4,2026-08-25 12:02:47,PythonNDN,100000,0.5361
SCALE_O_PythonNDN_100000_111,4,2026-08-25 12:06:37,PythonNDN,100000,0.49
SCALE_O_PythonNDN_100000_112,4,2026-08-25 12:07:04,PythonNDN,100000,0.4746
SCALE_O_CCNlite_10000_003,0,2026-08-25 12:08:29,CCNlite,10000,0.8482
SCALE_O_PythonNDN_100000_113,4,2026-08-25 12:09:03,PythonNDN,100000,0.53
SCALE_O_PythonNDN_100000_114,4,2026-08-25 12:10:53,PythonNDN,100000,0.4525
SCALE_O_PythonNDN_100000_115,4,2026-08-25 12:13:01,PythonNDN,100000,0.4876
SCALE_O_CCNlite_10000_004,0,2026-08-25 12:13:26,CCNlite,10000,0.8718
SCALE_O_PythonNDN_100000_116,4,2026-08-25 12:17:10,PythonNDN,100000,0.516
SCALE_O_CCNlite_10000_005,0,2026-08-25 12:17:14,CCNlite,10000,0.7967
SCALE_O_CCNlite_10000_006,0,2026-08-25 12:18:10,CCNlite,10000,0.8241
SCALE_O_PythonNDN_100000_117,4,2026-08-25 12:19:18,PythonNDN,100000,0.5281
SCALE_O_PythonNDN_100000_118,4,2026-08-25 12:21:38,PythonNDN,100000,0.4696
SCALE_O_CCNlite_10000_007,0,2026-08-25 12:22:53,CCNlite,10000,0.8148
SCALE_O_PythonNDN_100000_119,4,2026-08-25 12:25:08,PythonNDN,100000,0.5371
SCALE_O_PythonNDN_100000_120,4,2026-08-25 12:27:17,PythonNDN,100000,0.4935
SCALE_O_CCNlite_10000_008,0,2026-08-25 12:27:46,CCNlite,10000,0.8391
SCALE_O_CCNlite_10000_009,0,2026-08-25 12:29:38,CCNlite,10000,0.788
SCALE_O_PythonNDN_100000_121,4,2026-08-25 12:30:11,PythonNDN,100000,0.4881
SCALE_O_CCNlite_10000_010,0,2026-08-25 12:32:15,CCNlite,10000,0.8099
SCALE_O_PythonNDN_100000_122,4,2026-08-25 12:33:47,PythonNDN,100000,0.4814
SCALE_O_PythonNDN_100000_123,4,2026-08-25 12:34:59,PythonNDN,100000,0.5039
SCALE_O_CCNlite_10000_011,0,2026-08-25 12:38:33,CCNlite,10000,0.7767
SCALE_O_CCNlite_10000_012,0,2026-08-25 12:40:30,CCNlite,10000,0.7575
SCALE_O_CCNlite_10000_013,0,2026-08-25 12:40:42,CCNlite,10000,0.7933
SCALE_O_CCNlite_10000_014,0,2026-08-25 12:45:22,CCNlite,10000,0.7788
SCALE_O_CCNlite_10000_015,0,2026-08-25 12:46:48,CCNlite,10000,0.8082
SCALE_O_CCNlite_10000_016,0,2026-08-25 12:47:59,CCNlite,10000,0.7925
SCALE_O_CCNlite_10000_017,0,2026-08-25 12:50:52,CCNlite,10000,0.8228
SCALE_O_CCNlite_10000_018,0,2026-08-25 12:51:36,CCNlite,10000,0.7745
SCALE_O_CCNlite_10000_019,0,2026-08-25 12:54:52,CCNlite,10000,0.794
SCALE_O_NFD_100000_115,4,2026-08-25 15:39:32,NFD,100000,0.6379
SCALE_O_NFD_100000_116,4,2026-08-25 15:39:58,NFD,100000,0.6498
SCALE_O_NFD_100000_117,4,2026-08-25 15:40:39,NFD,100000,0.6053
SCALE_O_NFD_100000_118,4,2026-08-25 15:42:47,NFD,100000,0.7056
SCALE_O_NFD_100000_119,4,2026-08-25 15:43:04,NFD,100000,0.6837
SCALE_O_NFD_100000_120,4,2026-08-25 15:44:38,NFD,100000,0.6797
SCALE_O_NFD_100000_121,4,2026-08-25 15:45:54,NFD,100000,0.6411
SCALE_O_NFD_100000_122,4,2026-08-25 15:51:33,NFD,100000,0.6445
SCALE_O_NFD_100000_123,4,2026-08-25 15:55:05,NFD,100000,0.6323
SCALE_O_NFD_100000_124,4,2026-08-25 15:58:46,NFD,100000,0.6287
SCALE_O_NFD_100000_125,4,2026-08-25 16:00:32,NFD,100000,0.6767
SCALE_O_NFD_100000_126,4,2026-08-25 16:01:05,NFD,100000,0.6442
SCALE_O_NFD_100000_127,4,2026-08-25 16:04:33,NFD,100000,0.5951
SCALE_O_NFD_100000_128,4,2026-08-25 16:08:21,NFD,100000,0.6378
SCALE_O_NFD_100000_129,4,2026-08-25 16:09:09,NFD,100000,0.6759
SCALE_O_NFD_100000_130,4,2026-08-25 16:09:37,NFD,100000,0.6284
SCALE_O_NFD_100000_131,4,2026-08-25 16:11:50,NFD,100000,0.6725
SCALE_O_NFD_100000_132,4,2026-08-25 16:15:31,NFD,100000,0.5954
SCALE_O_NFD_100000_133,4,2026-08-25 16:17:58,NFD,100000,0.6907
SCALE_O_NFD_100000_134,4,2026-08-25 16:20:08,NFD,100000,0.6239
SCALE_O_NFD_100000_135,4,2026-08-25 16:25:12,NFD,100000,0.6346
SCALE_O_NFD_100000_136,4,2026-08-25 16:26:07,NFD,100000,0.6675
SCALE_O_NFD_100000_137,4,2026-08-25 16:32:02,NFD,100000,0.6213
SCALE_O_NFD_100000_138,4,2026-08-25 16:33:09,NFD,100000,0.617
SCALE_O_NFD_100000_139,4,2026-08-25 16:35:51,NFD,100000,0.6908
SCALE_O_NFD_100000_140,4,2026-08-25 16:39:12,NFD,100000,0.7111
SCALE_O_NFD_100000_141,4,2026-08-25 16:40:27,NFD,100000,0.6733
SCALE_O_NFD_100000_142,4,2026-08-25 16:42:07,NFD,100000,0.6039
SCALE_O_NFD_100000_143,4,2026-08-25 16:44:05,NFD,100000,0.5874
SCALE_O_NFD_100000_144,4,2026-08-25 16:45:30,NFD,100000,0.6638
SCALE_O_NFD_100000_145,4,2026-08-25 16:46:38,NFD,100000,0.7156
SCALE_O_NFD_100000_146,4,2026-08-25 16:47:21,NFD,100000,0.686
SCALE_O_CCNlite_300000_149,6,2026-08-25 23:59:26,CCNlite,300000,0.4036
SCALE_O_CCNlite_300000_150,6,2026-08-26 00:01:46,CCNlite,300000,0.4449
SCALE_O_PythonNDN_1000_071,3,2026-08-26 00:24:07,PythonNDN,1000,0.8979
SCALE_O_PythonNDN_1000_072,3,2026-08-26 00:26:17,PythonNDN,1000,0.9126
SCALE_O_PythonNDN_1000_073,3,2026-08-26 00:28:47,PythonNDN,1000,0.8854
SCALE_O_PythonNDN_1000_074,3,2026-08-26 00:32:04,PythonNDN,1000,0.8253
SCALE_O_PythonNDN_1000_075,3,2026-08-26 00:33:35,PythonNDN,1000,0.8709
SCALE_O_PythonNDN_1000_076,3,2026-08-26 00:35:12,PythonNDN,1000,0.962
SCALE_O_PythonNDN_1000_077,3,2026-08-26 00:38:33,PythonNDN,1000,0.9533
SCALE_O_PythonNDN_1000_078,3,2026-08-26 00:39:42,PythonNDN,1000,0.9063
SCALE_O_PythonNDN_1000_079,3,2026-08-26 00:42:20,PythonNDN,1000,0.9128
SCALE_O_PythonNDN_1000_080,3,2026-08-26 00:46:55,PythonNDN,1000,0.8536
SCALE_O_PythonNDN_1000_081,3,2026-08-26 00:50:31,PythonNDN,1000,0.9816
SCALE_O_PythonNDN_1000_082,3,2026-08-26 00:53:25,PythonNDN,1000,0.8754
SCALE_O_PythonNDN_1000_083,3,2026-08-26 00:53:37,PythonNDN,1000,0.9132
SCALE_O_PythonNDN_1000_084,3,2026-08-26 00:55:50,PythonNDN,1000,0.886
SCALE_O_PythonNDN_1000_085,3,2026-08-26 00:59:53,PythonNDN,1000,0.9515
SCALE_O_PythonNDN_1000_086,3,2026-08-26 01:01:41,PythonNDN,1000,0.9806
SCALE_O_PythonNDN_1000_087,3,2026-08-26 01:03:26,PythonNDN,1000,0.9108
SCALE_O_PythonNDN_1000_088,3,2026-08-26 01:05:14,PythonNDN,1000,0.9387
SCALE_O_PythonNDN_1000_089,3,2026-08-26 01:06:53,PythonNDN,1000,0.916
SCALE_O_PythonNDN_1000_090,3,2026-08-26 01:12:15,PythonNDN,1000,0.9018
SCALE_O_PythonNDN_1000_091,3,2026-08-26 01:13:47,PythonNDN,1000,0.9008
SCALE_O_PythonNDN_1000_092,3,2026-08-26 01:16:10,PythonNDN,1000,0.8935
SCALE_O_PythonNDN_1000_093,3,2026-08-26 01:16:33,PythonNDN,1000,0.8764
SCALE_O_PythonNDN_1000_094,3,2026-08-26 01:18:11,PythonNDN,1000,0.9181
SCALE_O_PythonNDN_1000_095,3,2026-08-26 01:20:27,PythonNDN,1000,0.8871
SCALE_O_PythonNDN_1000_096,3,2026-08-26 01:23:42,PythonNDN,1000,0.8909
SCALE_O_PythonNDN_1000_097,3,2026-08-26 01:24:09,PythonNDN,1000,0.8812
SCALE_O_PythonNDN_1000_098,3,2026-08-26 01:28:01,PythonNDN,1000,0.9296
SCALE_O_PythonNDN_1000_099,3,2026-08-26 01:31:34,PythonNDN,1000,0.8827
SCALE_O_NFD_100000_147,5,2026-08-26 03:38:49,NFD,100000,0.6626
SCALE_O_NFD_100000_148,5,2026-08-26 03:40:34,NFD,100000,0.6157
SCALE_O_NFD_100000_149,5,2026-08-26 03:41:52,NFD,100000,0.6631
SCALE_O_NFD_100000_150,5,2026-08-26 03:43:12,NFD,100000,0.6658
SCALE_O_PythonNDN_100000_124,5,2026-08-26 05:44:26,PythonNDN,100000,0.5207
SCALE_O_PythonNDN_100000_125,5,2026-08-26 05:45:39,PythonNDN,100000,0.4827
SCALE_O_PythonNDN_100000_126,5,2026-08-26 05:50:28,PythonNDN,100000,0.4971
SCALE_O_PythonNDN_100000_127,5,2026-08-26 05:52:03,PythonNDN,100000,0.4951
SCALE_O_PythonNDN_100000_128,5,2026-08-26 05:57:12,PythonNDN,100000,0.4384
SCALE_O_PythonNDN_100000_129,5,2026-08-26 06:01:29,PythonNDN,100000,0.4949
SCALE_O_PythonNDN_100000_130,5,2026-08-26 06:02:19,PythonNDN,100000,0.462
SCALE_O_PythonNDN_100000_131,5,2026-08-26 06:04:10,PythonNDN,100000,0.5177
SCALE_O_PythonNDN_100000_132,5,2026-08-26 06:04:37,PythonNDN,100000,0.5193
SCALE_O_PythonNDN_100000_133,5,2026-08-26 06:09:03,PythonNDN,100000,0.4788
SCALE_O_PythonNDN_100000_134,5,2026-08-26 06:10:30,PythonNDN,100000,0.4791
SCALE_O_PythonNDN_100000_135,5,2026-08-26 06:13:14,PythonNDN,100000,0.5038
SCALE_O_PythonNDN_100000_136,5,2026-08-26 06:14:22,PythonNDN,100000,0.5217
SCALE_O_PythonNDN_100000_137,5,2026-08-26 06:18:01,PythonNDN,100000,0.4844
SCALE_O_PythonNDN_100000_138,5,2026-08-26 06:19:26,PythonNDN,100000,0.5148
SCALE_O_PythonNDN_100000_139,5,2026-08-26 06:21:12,PythonNDN,100000,0.4991
SCALE_O_PythonNDN_100000_140,5,2026-08-26 06:22:36,PythonNDN,100000,0.4994
SCALE_O_CCNlite_10000_020,1,2026-08-26 13:31:03,CCNlite,10000,0.7684
SCALE_O_CCNlite_10000_021,1,2026-08-26 13:31:28,CCNlite,10000,0.7673
SCALE_O_CCNlite_10000_022,1,2026-08-26 13:34:40,CCNlite,10000,0.8287
SCALE_O_CCNlite_10000_023,1,2026-08-26 13:35:24,CCNlite,10000,0.8128
SCALE_O_CCNlite_10000_024,1,2026-08-26 13:37:01,CCNlite,10000,0.7456
SCALE_O_CCNlite_10000_025,1,2026-08-26 13:40:56,CCNlite,10000,0.8135
SCALE_O_CCNlite_10000_026,1,2026-08-26 13:43:27,CCNlite,10000,0.7955
SCALE_O_CCNlite_10000_027,1,2026-08-26 13:45:11,CCNlite,10000,0.8299
SCALE_O_CCNlite_10000_028,1,2026-08-26 13:46:16,CCNlite,10000,0.8254
SCALE_O_CCNlite_10000_029,1,2026-08-26 13:48:13,CCNlite,10000,0.8154
SCALE_O_CCNlite_10000_030,1,2026-08-26 13:49:41,CCNlite,10000,0.8123
SCALE_O_CCNlite_10000_031,1,2026-08-26 13:57:44,CCNlite,10000,0.7852
SCALE_O_CCNlite_10000_032,1,2026-08-26 13:59:02,CCNlite,10000,0.8204
SCALE_O_CCNlite_10000_033,1,2026-08-26 14:00:31,CCNlite,10000,0.7778
SCALE_O_PythonNDN_100000_141,6,2026-08-26 15:04:51,PythonNDN,100000,0.4801
SCALE_O_PythonNDN_100000_142,6,2026-08-26 15:06:28,PythonNDN,100000,0.5162
SCALE_O_PythonNDN_100000_143,6,2026-08-26 15:08:07,PythonNDN,100000,0.4818
SCALE_O_PythonNDN_100000_144,6,2026-08-26 15:11:53,PythonNDN,100000,0.5206
SCALE_O_PythonNDN_100000_145,6,2026-08-26 15:13:35,PythonNDN,100000,0.5153
SCALE_O_PythonNDN_100000_146,6,2026-08-26 15:15:42,PythonNDN,100000,0.5033
SCALE_O_PythonNDN_100000_147,6,2026-08-26 15:18:18,PythonNDN,100000,0.4892
SCALE_O_PythonNDN_100000_148,6,2026-08-26 15:19:16,PythonNDN,100000,0.5017
SCALE_O_PythonNDN_100000_149,6,2026-08-26 15:21:27,PythonNDN,100000,0.4823
SCALE_O_PythonNDN_100000_150,6,2026-08-26 15:22:35,PythonNDN,100000,0.5215
SCALE_O_PythonNDN_5000000_035,1,2026-08-26 16:33:24,PythonNDN,5000000,0.0514
SCALE_O_PythonNDN_5000000_036,1,2026-08-26 16:35:52,PythonNDN,5000000,0.0514
SCALE_O_PythonNDN_5000000_037,1,2026-08-26 16:38:00,PythonNDN,5000000,0.0501
SCALE_O_PythonNDN_5000000_038,1,2026-08-26 16:41:14,PythonNDN,5000000,0.049
SCALE_O_PythonNDN_5000000_039,1,2026-08-26 16:42:02,PythonNDN,5000000,0.0523
SCALE_O_PythonNDN_5000000_040,1,2026-08-26 16:44:32,PythonNDN,5000000,0.0499
SCALE_O_PythonNDN_5000000_041,1,2026-08-26 16:46:12,PythonNDN,5000000,0.0508
SCALE_O_PythonNDN_5000000_042,1,2026-08-26 16:49:20,PythonNDN,5000000,0.0512
SCALE_O_PythonNDN_5000000_043,1,2026-08-26 16:51:14,PythonNDN,5000000,0.052
SCALE_O_PythonNDN_5000000_044,1,2026-08-26 16:53:28,PythonNDN,5000000,0.0495
SCALE_O_PythonNDN_5000000_045,1,2026-08-26 16:54:04,PythonNDN,5000000,0.0465
SCALE_O_PythonNDN_5000000_046,1,2026-08-26 16:58:10,PythonNDN,5000000,0.0462
SCALE_O_PythonNDN_5000000_047,1,2026-08-26 16:59:14,PythonNDN,5000000,0.0455
SCALE_O_PythonNDN_5000000_048,2,2026-08-26 19:04:09,PythonNDN,5000000,0.0501
SCALE_O_PythonNDN_5000000_049,2,2026-08-26 19:04:36,PythonNDN,5000000,0.0509
SCALE_O_PythonNDN_5000000_050,2,2026-08-26 19:05:03,PythonNDN,5000000,0.0509
SCALE_O_PythonNDN_5000000_051,2,2026-08-26 19:08:14,PythonNDN,5000000,0.0471
SCALE_O_PythonNDN_5000000_052,2,2026-08-26 19:10:07,PythonNDN,5000000,0.0526
SCALE_O_PythonNDN_5000000_053,2,2026-08-26 19:11:03,PythonNDN,5000000,0.0494
SCALE_O_PythonNDN_5000000_054,2,2026-08-26 19:12:34,PythonNDN,5000000,0.0508
SCALE_O_PythonNDN_5000000_055,2,2026-08-26 19:15:44,PythonNDN,5000000,0.0516
SCALE_O_PythonNDN_5000000_056,2,2026-08-26 19:17:28,PythonNDN,5000000,0.0506
SCALE_O_PythonNDN_5000000_057,2,2026-08-26 19:18:22,PythonNDN,5000000,0.0503
SCALE_O_PythonNDN_5000000_058,2,2026-08-26 19:26:37,PythonNDN,5000000,0.0482
SCALE_O_PythonNDN_5000000_059,2,2026-08-26 19:28:44,PythonNDN,5000000,0.0523
SCALE_O_PythonNDN_5000000_060,2,2026-08-26 19:30:57,PythonNDN,5000000,0.0485
SCALE_O_CCNlite_10000_034,2,2026-08-27 12:43:30,CCNlite,10000,0.7548
SCALE_O_CCNlite_10000_035,2,2026-08-27 12:45:29,CCNlite,10000,0.8011
SCALE_O_CCNlite_10000_036,2,2026-08-27 12:48:26,CCNlite,10000,0.8223
SCALE_O_CCNlite_10000_037,2,2026-08-27 12:50:29,CCNlite,10000,0.7853
SCALE_O_CCNlite_10000_038,2,2026-08-27 12:51:27,CCNlite,10000,0.7692
SCALE_O_CCNlite_10000_039,2,2026-08-27 12:54:36,CCNlite,10000,0.7623
SCALE_O_CCNlite_10000_040,2,2026-08-27 12:58:20,CCNlite,10000,0.7886
SCALE_O_CCNlite_10000_041,2,2026-08-27 12:58:58,CCNlite,10000,0.8024
SCALE_O_CCNlite_10000_042,2,2026-08-27 13:01:01,CCNlite,10000,0.8528
SCALE_O_CCNlite_10000_043,2,2026-08-27 13:04:30,CCNlite,10000,0.8423
SCALE_O_CCNlite_10000_044,2,2026-08-27 13:05:11,CCNlite,10000,0.8279
SCALE_O_CCNlite_10000_045,2,2026-08-27 13:07:45,CCNlite,10000,0.7745
SCALE_O_CCNlite_10000_046,2,2026-08-27 13:08:52,CCNlite,10000,0.8351
SCALE_O_CCNlite_10000_047,2,2026-08-27 13:12:40,CCNlite,10000,0.7981
SCALE_O_CCNlite_10000_048,2,2026-08-27 13:14:06,CCNlite,10000,0.802
SCALE_O_CCNlite_10000_049,2,2026-08-27 13:16:12,CCNlite,10000,0.8715
SCALE_O_CCNlite_10000_050,2,2026-08-27 13:17:37,CCNlite,10000,0.8301
SCALE_O_CCNlite_10000_051,2,2026-08-27 13:18:53,CCNlite,10000,0.7798
SCALE_O_CCNlite_10000_052,2,2026-08-27 13:19:23,CCNlite,10000,0.8202
SCALE_O_CCNlite_10000_053,2,2026-08-27 13:21:16,CCNlite,10000,0.7576
SCALE_O_CCNlite_10000_054,2,2026-08-27 13:23:02,CCNlite,10000,0.8858
SCALE_O_CCNlite_10000_055,2,2026-08-27 13:24:50,CCNlite,10000,0.7515
SCALE_O_PythonNDN_5000000_061,3,2026-08-27 17:58:47,PythonNDN,5000000,0.0521
SCALE_O_PythonNDN_5000000_062,3,2026-08-27 18:00:03,PythonNDN,5000000,0.049
SCALE_O_PythonNDN_5000000_063,3,2026-08-27 18:00:40,PythonNDN,5000000,0.0505
SCALE_O_PythonNDN_5000000_064,3,2026-08-27 18:02:03,PythonNDN,5000000,0.0488
SCALE_O_PythonNDN_5000000_065,3,2026-08-27 18:04:23,PythonNDN,5000000,0.0481
SCALE_O_PythonNDN_5000000_066,3,2026-08-27 18:06:17,PythonNDN,5000000,0.051
SCALE_O_PythonNDN_5000000_067,3,2026-08-27 18:09:54,PythonNDN,5000000,0.0492
SCALE_O_PythonNDN_5000000_068,3,2026-08-27 18:11:39,PythonNDN,5000000,0.0552
SCALE_O_PythonNDN_5000000_069,3,2026-08-27 18:14:02,PythonNDN,5000000,0.047
SCALE_O_PythonNDN_5000000_070,3,2026-08-27 18:15:33,PythonNDN,5000000,0.05
SCALE_O_PythonNDN_5000000_071,3,2026-08-27 18:17:44,PythonNDN,5000000,0.0517
SCALE_O_PythonNDN_5000000_072,3,2026-08-27 18:25:19,PythonNDN,5000000,0.0492
SCALE_O_PythonNDN_5000000_073,3,2026-08-27 18:30:22,PythonNDN,5000000,0.054
SCALE_O_PythonNDN_5000000_074,3,2026-08-27 18:30:55,PythonNDN,5000000,0.0509
SCALE_O_PythonNDN_5000000_075,3,2026-08-27 18:34:21,PythonNDN,5000000,0.0497
SCALE_O_PythonNDN_5000000_076,3,2026-08-27 18:35:58,PythonNDN,5000000,0.0506
SCALE_O_PythonNDN_5000000_077,3,2026-08-27 18:37:07,PythonNDN,5000000,0.0471
SCALE_O_PythonNDN_5000000_078,3,2026-08-27 18:40:43,PythonNDN,5000000,0.0492
SCALE_O_PythonNDN_5000000_079,3,2026-08-27 18:43:35,PythonNDN,5000000,0.0499
SCALE_O_PythonNDN_5000000_080,3,2026-08-27 18:47:20,PythonNDN,5000000,0.0494
SCALE_O_PythonNDN_5000000_081,3,2026-08-27 18:48:24,PythonNDN,5000000,0.0496
SCALE_O_PythonNDN_5000000_082,3,2026-08-27 18:51:48,PythonNDN,5000000,0.0505
SCALE_O_PythonNDN_5000000_083,3,2026-08-27 18:52:47,PythonNDN,5000000,0.0501
SCALE_O_PythonNDN_5000000_084,3,2026-08-27 18:54:07,PythonNDN,5000000,0.05
SCALE_O_PythonNDN_5000000_085,3,2026-08-27 18:54:53,PythonNDN,5000000,0.0507
SCALE_O_PythonNDN_5000000_086,3,2026-08-27 18:56:44,PythonNDN,5000000,0.046
SCALE_O_PythonNDN_5000000_087,3,2026-08-27 18:59:52,PythonNDN,5000000,0.0502
SCALE_O_PythonNDN_5000000_088,3,2026-08-27 19:01:36,PythonNDN,5000000,0.0493
SCALE_O_PythonNDN_5000000_089,3,2026-08-27 19:04:05,PythonNDN,5000000,0.0501
SCALE_O_PythonNDN_5000000_090,3,2026-08-27 19:05:57,PythonNDN,5000000,0.0481
SCALE_O_PythonNDN_5000000_091,3,2026-08-27 19:06:37,PythonNDN,5000000,0.0471
SCALE_O_PythonNDN_5000000_092,3,2026-08-27 19:08:33,PythonNDN,5000000,0.0497
SCALE_O_PythonNDN_5000000_093,3,2026-08-27 19:13:42,PythonNDN,5000000,0.051
SCALE_O_PythonNDN_5000000_094,3,2026-08-27 19:16:16,PythonNDN,5000000,0.0486
SCALE_O_PythonNDN_1000_100,4,2026-08-28 10:29:25,PythonNDN,1000,0.946
SCALE_O_PythonNDN_1000_101,4,2026-08-28 10:31:13,PythonNDN,1000,0.8871
SCALE_O_PythonNDN_1000_102,4,2026-08-28 10:31:58,PythonNDN,1000,0.8912
SCALE_O_PythonNDN_1000_103,4,2026-08-28 10:33:23,PythonNDN,1000,0.928
SCALE_O_PythonNDN_1000_104,4,2026-08-28 10:34:48,PythonNDN,1000,0.8593
SCALE_O_PythonNDN_1000_105,4,2026-08-28 10:37:49,PythonNDN,1000,0.897
SCALE_O_PythonNDN_1000_106,4,2026-08-28 10:40:51,PythonNDN,1000,0.8999
SCALE_O_PythonNDN_1000_107,4,2026-08-28 10:43:23,PythonNDN,1000,0.9145
SCALE_O_PythonNDN_1000_108,4,2026-08-28 10:45:29,PythonNDN,1000,0.8557
SCALE_O_PythonNDN_1000_109,4,2026-08-28 10:47:43,PythonNDN,1000,0.9565
SCALE_O_PythonNDN_1000_110,4,2026-08-28 10:49:24,PythonNDN,1000,0.8585
SCALE_O_PythonNDN_1000_111,4,2026-08-28 10:50:20,PythonNDN,1000,0.9011
SCALE_O_PythonNDN_1000_112,4,2026-08-28 10:54:50,PythonNDN,1000,0.8821
SCALE_O_PythonNDN_1000_113,4,2026-08-28 10:56:49,PythonNDN,1000,0.9108
SCALE_O_PythonNDN_1000_114,4,2026-08-28 10:59:12,PythonNDN,1000,0.8858
SCALE_O_PythonNDN_1000_115,4,2026-08-28 11:03:56,PythonNDN,1000,0.9232
SCALE_O_PythonNDN_1000_116,4,2026-08-28 11:08:24,PythonNDN,1000,0.8927
SCALE_O_PythonNDN_1000_117,4,2026-08-28 11:10:16,PythonNDN,1000,0.9245
SCALE_O_PythonNDN_1000_118,5,2026-08-28 13:40:21,PythonNDN,1000,0.8946
SCALE_O_PythonNDN_1000_119,5,2026-08-28 13:41:36,PythonNDN,1000,0.8727
SCALE_O_PythonNDN_1000_120,5,2026-08-28 13:43:05,PythonNDN,1000,0.9407
SCALE_O_PythonNDN_1000_121,5,2026-08-28 13:43:59,PythonNDN,1000,0.9025
SCALE_O_PythonNDN_1000_122,5,2026-08-28 13:45:11,PythonNDN,1000,0.8275
SCALE_O_PythonNDN_1000_123,5,2026-08-28 13:45:59,PythonNDN,1000,0.9207
SCALE_O_PythonNDN_1000_124,5,2026-08-28 13:46:58,PythonNDN,1000,0.9399
SCALE_O_PythonNDN_1000_125,5,2026-08-28 13:48:11,PythonNDN,1000,0.9886
SCALE_O_PythonNDN_1000_126,5,2026-08-28 13:51:27,PythonNDN,1000,0.8882
SCALE_O_PythonNDN_1000_127,5,2026-08-28 13:52:53,PythonNDN,1000,0.9284
SCALE_O_PythonNDN_1000_128,5,2026-08-28 13:53:57,PythonNDN,1000,0.8767
SCALE_O_PythonNDN_1000_129,5,2026-08-28 13:54:43,PythonNDN,1000,0.8805
SCALE_O_PythonNDN_1000_130,5,2026-08-28 13:57:04,PythonNDN,1000,0.9377
SCALE_O_CCNlite_10000_056,3,2026-08-28 17:36:42,CCNlite,10000,0.7939
SCALE_O_CCNlite_10000_057,3,2026-08-28 17:39:39,CCNlite,10000,0.7753
SCALE_O_CCNlite_10000_058,3,2026-08-28 17:41:24,CCNlite,10000,0.7796
SCALE_O_CCNlite_10000_059,3,2026-08-28 17:42:20,CCNlite,10000,0.8384
SCALE_O_CCNlite_10000_060,3,2026-08-28 17:44:01,CCNlite,10000,0.769
SCALE_O_CCNlite_10000_061,3,2026-08-28 17:44:47,CCNlite,10000,0.8069
SCALE_O_CCNlite_10000_062,3,2026-08-28 17:47:20,CCNlite,10000,0.7845
SCALE_O_CCNlite_10000_063,3,2026-08-28 17:48:46,CCNlite,10000,0.8223
SCALE_O_CCNlite_10000_064,3,2026-08-28 17:54:46,CCNlite,10000,0.8192
SCALE_O_CCNlite_10000_065,3,2026-08-28 17:56:47,CCNlite,10000,0.7884
SCALE_O_CCNlite_10000_066,3,2026-08-28 18:00:35,CCNlite,10000,0.8269
SCALE_O_CCNlite_10000_067,3,2026-08-28 18:03:21,CCNlite,10000,0.7616
SCALE_O_CCNlite_10000_068,3,2026-08-28 18:04:39,CCNlite,10000,0.8302
SCALE_O_CCNlite_10000_069,3,2026-08-28 18:10:24,CCNlite,10000,0.8013
SCALE_O_PythonNDN_5000000_095,4,2026-08-28 21:35:10,PythonNDN,5000000,0.0521
SCALE_O_PythonNDN_5000000_096,4,2026-08-28 21:37:09,PythonNDN,5000000,0.0478
SCALE_O_PythonNDN_5000000_097,4,2026-08-28 21:42:38,PythonNDN,5000000,0.0536
SCALE_O_PythonNDN_5000000_098,4,2026-08-28 21:44:00,PythonNDN,5000000,0.0508
SCALE_O_PythonNDN_5000000_099,4,2026-08-28 21:46:09,PythonNDN,5000000,0.0496
SCALE_O_PythonNDN_5000000_100,4,2026-08-28 21:49:36,PythonNDN,5000000,0.049
SCALE_O_PythonNDN_5000000_101,4,2026-08-28 21:53:22,PythonNDN,5000000,0.0492
SCALE_O_PythonNDN_5000000_102,4,2026-08-28 21:55:54,PythonNDN,5000000,0.0464
SCALE_O_PythonNDN_5000000_103,4,2026-08-28 21:57:22,PythonNDN,5000000,0.0508
SCALE_O_PythonNDN_5000000_104,4,2026-08-28 21:59:09,PythonNDN,5000000,0.0494
SCALE_O_PythonNDN_5000000_105,4,2026-08-28 22:00:27,PythonNDN,5000000,0.0487
SCALE_O_PythonNDN_5000000_106,4,2026-08-28 22:01:51,PythonNDN,5000000,0.0487
SCALE_O_PythonNDN_5000000_107,4,2026-08-28 22:04:32,PythonNDN,5000000,0.0537
SCALE_O_PythonNDN_5000000_108,4,2026-08-28 22:06:56,PythonNDN,5000000,0.0482
SCALE_O_CCNlite_10000_070,4,2026-08-29 08:56:33,CCNlite,10000,0.7972
SCALE_O_CCNlite_10000_071,4,2026-08-29 08:59:11,CCNlite,10000,0.7656
SCALE_O_CCNlite_10000_072,4,2026-08-29 09:02:06,CCNlite,10000,0.8369
SCALE_O_CCNlite_10000_073,4,2026-08-29 09:04:30,CCNlite,10000,0.8104
SCALE_O_CCNlite_10000_074,4,2026-08-29 09:06:42,CCNlite,10000,0.7859
SCALE_O_CCNlite_10000_075,4,2026-08-29 09:09:19,CCNlite,10000,0.8321
SCALE_O_CCNlite_10000_076,4,2026-08-29 09:12:18,CCNlite,10000,0.812
SCALE_O_CCNlite_10000_077,4,2026-08-29 09:14:45,CCNlite,10000,0.8094
SCALE_O_CCNlite_10000_078,4,2026-08-29 09:16:19,CCNlite,10000,0.7699
SCALE_O_CCNlite_10000_079,4,2026-08-29 09:18:34,CCNlite,10000,0.7332
SCALE_O_CCNlite_10000_080,4,2026-08-29 09:21:45,CCNlite,10000,0.831
SCALE_O_CCNlite_10000_081,4,2026-08-29 09:23:30,CCNlite,10000,0.8122
SCALE_O_CCNlite_10000_082,4,2026-08-29 09:24:51,CCNlite,10000,0.7828
SCALE_O_CCNlite_10000_083,4,2026-08-29 09:28:06,CCNlite,10000,0.8273
SCALE_O_CCNlite_10000_084,4,2026-08-29 09:28:53,CCNlite,10000,0.8361
SCALE_O_CCNlite_10000_085,4,2026-08-29 09:32:43,CCNlite,10000,0.7837
SCALE_O_CCNlite_10000_086,4,2026-08-29 09:33:22,CCNlite,10000,0.8124
SCALE_O_CCNlite_10000_087,4,2026-08-29 09:37:24,CCNlite,10000,0.788
SCALE_O_CCNlite_10000_088,4,2026-08-29 09:41:31,CCNlite,10000,0.8017
SCALE_O_CCNlite_10000_089,4,2026-08-29 09:43:37,CCNlite,10000,0.8424
SCALE_O_CCNlite_10000_090,4,2026-08-29 09:44:48,CCNlite,10000,0.7698
SCALE_O_CCNlite_10000_091,4,2026-08-29 09:48:53,CCNlite,10000,0.853
SCALE_O_CCNlite_10000_092,4,2026-08-29 09:50:40,CCNlite,10000,0.829
SCALE_O_CCNlite_10000_093,4,2026-08-29 09:51:14,CCNlite,10000,0.796
SCALE_O_CCNlite_10000_094,4,2026-08-29 09:54:02,CCNlite,10000,0.7838
SCALE_O_CCNlite_10000_095,4,2026-08-29 09:55:55,CCNlite,10000,0.8075
SCALE_O_CCNlite_10000_096,4,2026-08-29 09:59:18,CCNlite,10000,0.7408
SCALE_O_CCNlite_10000_097,4,2026-08-29 10:04:16,CCNlite,10000,0.788
SCALE_O_CCNlite_10000_098,4,2026-08-29 10:07:30,CCNlite,10000,0.7961
SCALE_O_CCNlite_10000_099,4,2026-08-29 10:08:43,CCNlite,10000,0.78
SCALE_O_CCNlite_10000_100,4,2026-08-29 10:10:49,CCNlite,10000,0.807
SCALE_O_CCNlite_10000_101,4,2026-08-29 10:11:54,CCNlite,10000,0.7923
SCALE_O_CCNlite_10000_102,4,2026-08-29 10:14:26,CCNlite,10000,0.8163
SCALE_O_CCNlite_10000_103,5,2026-08-29 11:30:21,CCNlite,10000,0.8542
SCALE_O_CCNlite_10000_104,5,2026-08-29 11:31:39,CCNlite,10000,0.7785
SCALE_O_CCNlite_10000_105,5,2026-08-29 11:33:40,CCNlite,10000,0.8343
SCALE_O_CCNlite_10000_106,5,2026-08-29 11:37:12,CCNlite,10000,0.7871
SCALE_O_CCNlite_10000_107,5,2026-08-29 11:40:29,CCNlite,10000,0.7668
SCALE_O_CCNlite_10000_108,5,2026-08-29 11:43:01,CCNlite,10000,0.7476
SCALE_O_CCNlite_10000_109,5,2026-08-29 11:44:46,CCNlite,10000,0.7745
SCALE_O_CCNlite_10000_110,5,2026-08-29 11:46:48,CCNlite,10000,0.7319
SCALE_O_CCNlite_10000_111,5,2026-08-29 11:48:26,CCNlite,10000,0.7847
SCALE_O_CCNlite_10000_112,5,2026-08-29 11:51:00,CCNlite,10000,0.8108
SCALE_O_CCNlite_10000_113,5,2026-08-29 11:51:40,CCNlite,10000,0.7945
SCALE_O_CCNlite_10000_114,5,2026-08-29 11:55:35,CCNlite,10000,0.8355
SCALE_O_CCNlite_10000_115,5,2026-08-29 11:57:52,CCNlite,10000,0.781
SCALE_O_CCNlite_10000_116,5,2026-08-29 12:00:48,CCNlite,10000,0.7337
SCALE_O_CCNlite_10000_117,5,2026-08-29 12:05:37,CCNlite,10000,0.7586
SCALE_O_CCNlite_10000_118,5,2026-08-29 12:06:48,CCNlite,10000,0.7953
SCALE_O_CCNlite_10000_119,5,2026-08-29 12:08:58,CCNlite,10000,0.8144
SCALE_O_CCNlite_10000_120,5,2026-08-29 12:11:57,CCNlite,10000,0.8383
SCALE_O_CCNlite_10000_121,5,2026-08-29 12:13:59,CCNlite,10000,0.8023
SCALE_O_CCNlite_10000_122,5,2026-08-29 12:15:44,CCNlite,10000,0.7805
SCALE_O_CCNlite_10000_123,5,2026-08-29 12:17:30,CCNlite,10000,0.7601
SCALE_O_CCNlite_10000_124,5,2026-08-29 12:22:49,CCNlite,10000,0.7463
SCALE_O_CCNlite_10000_125,5,2026-08-29 12:25:48,CCNlite,10000,0.794
SCALE_O_CCNlite_10000_126,5,2026-08-29 12:31:40,CCNlite,10000,0.7448
SCALE_O_CCNlite_10000_127,5,2026-08-29 12:34:22,CCNlite,10000,0.8148
SCALE_O_CCNlite_10000_128,5,2026-08-29 12:35:16,CCNlite,10000,0.8908
SCALE_O_CCNlite_10000_129,5,2026-08-29 12:36:50,CCNlite,10000,0.8177
SCALE_O_CCNlite_10000_130,5,2026-08-29 12:38:20,CCNlite,10000,0.8608
SCALE_O_CCNlite_10000_131,5,2026-08-29 12:39:20,CCNlite,10000,0.7973
SCALE_O_CCNlite_10000_132,5,2026-08-29 12:40:30,CCNlite,10000,0.795
SCALE_O_CCNlite_10000_133,5,2026-08-29 12:42:19,CCNlite,10000,0.8073
SCALE_O_CCNlite_10000_134,5,2026-08-29 12:44:52,CCNlite,10000,0.758
SCALE_O_PythonNDN_5000000_109,5,2026-08-29 16:54:42,PythonNDN,5000000,0.0496
SCALE_O_PythonNDN_5000000_110,5,2026-08-29 16:57:39,PythonNDN,5000000,0.0489
SCALE_O_PythonNDN_5000000_111,5,2026-08-29 17:00:24,PythonNDN,5000000,0.0479
SCALE_O_PythonNDN_5000000_112,5,2026-08-29 17:01:56,PythonNDN,5000000,0.0479
SCALE_O_PythonNDN_5000000_113,5,2026-08-29 17:05:23,PythonNDN,5000000,0.0485
SCALE_O_PythonNDN_5000000_114,5,2026-08-29 17:08:54,PythonNDN,5000000,0.0511
SCALE_O_PythonNDN_5000000_115,5,2026-08-29 17:11:03,PythonNDN,5000000,0.0513
SCALE_O_PythonNDN_5000000_116,5,2026-08-29 17:13:19,PythonNDN,5000000,0.0478
SCALE_O_PythonNDN_5000000_117,5,2026-08-29 17:17:38,PythonNDN,5000000,0.0468
SCALE_O_PythonNDN_5000000_118,5,2026-08-29 17:19:28,PythonNDN,5000000,0.0489
SCALE_O_PythonNDN_5000000_119,5,2026-08-29 17:23:52,PythonNDN,5000000,0.0469
SCALE_O_PythonNDN_5000000_120,5,2026-08-29 17:24:56,PythonNDN,5000000,0.0519
SCALE_O_PythonNDN_5000000_121,5,2026-08-29 17:26:03,PythonNDN,5000000,0.0508
SCALE_O_PythonNDN_5000000_122,5,2026-08-29 17:28:41,PythonNDN,5000000,0.0506
SCALE_O_PythonNDN_5000000_123,5,2026-08-29 17:31:13,PythonNDN,5000000,0.0523
SCALE_O_PythonNDN_5000000_124,5,2026-08-29 17:33:44,PythonNDN,5000000,0.0483
SCALE_O_PythonNDN_5000000_125,5,2026-08-29 17:41:58,PythonNDN,5000000,0.0526
SCALE_O_PythonNDN_5000000_126,5,2026-08-29 17:44:21,PythonNDN,5000000,0.0483
SCALE_O_PythonNDN_5000000_127,5,2026-08-29 17:45:06,PythonNDN,5000000,0.0519
SCALE_O_PythonNDN_5000000_128,5,2026-08-29 17:46:48,PythonNDN,5000000,0.0463
SCALE_O_PythonNDN_5000000_129,5,2026-08-29 17:51:10,PythonNDN,5000000,0.0496
SCALE_O_PythonNDN_5000000_130,5,2026-08-29 17:52:29,PythonNDN,5000000,0.0483
SCALE_O_PythonNDN_5000000_131,5,2026-08-29 17:53:01,PythonNDN,5000000,0.0482
SCALE_O_PythonNDN_5000000_132,5,2026-08-29 17:59:08,PythonNDN,5000000,0.0502
SCALE_O_PythonNDN_5000000_133,6,2026-08-30 05:44:14,PythonNDN,5000000,0.0518
SCALE_O_PythonNDN_5000000_134,6,2026-08-30 05:46:30,PythonNDN,5000000,0.0457
SCALE_O_PythonNDN_5000000_135,6,2026-08-30 05:48:42,PythonNDN,5000000,0.0483
SCALE_O_PythonNDN_5000000_136,6,2026-08-30 05:52:35,PythonNDN,5000000,0.0527
SCALE_O_PythonNDN_5000000_137,6,2026-08-30 05:55:11,PythonNDN,5000000,0.0464
SCALE_O_PythonNDN_5000000_138,6,2026-08-30 05:57:54,PythonNDN,5000000,0.0505
SCALE_O_PythonNDN_5000000_139,6,2026-08-30 06:01:33,PythonNDN,5000000,0.0494
SCALE_O_PythonNDN_5000000_140,6,2026-08-30 06:01:49,PythonNDN,5000000,0.0557
SCALE_O_PythonNDN_5000000_141,6,2026-08-30 06:02:28,PythonNDN,5000000,0.051
SCALE_O_PythonNDN_5000000_142,6,2026-08-30 06:03:25,PythonNDN,5000000,0.0503
SCALE_O_PythonNDN_5000000_143,6,2026-08-30 06:05:00,PythonNDN,5000000,0.0514
SCALE_O_PythonNDN_5000000_144,6,2026-08-30 06:06:16,PythonNDN,5000000,0.0508
SCALE_O_PythonNDN_5000000_145,6,2026-08-30 06:10:05,PythonNDN,5000000,0.0487
SCALE_O_PythonNDN_1000_131,6,2026-08-30 07:07:44,PythonNDN,1000,0.8616
SCALE_O_PythonNDN_1000_132,6,2026-08-30 07:09:02,PythonNDN,1000,0.8978
SCALE_O_PythonNDN_1000_133,6,2026-08-30 07:13:57,PythonNDN,1000,0.8702
SCALE_O_PythonNDN_1000_134,6,2026-08-30 07:16:42,PythonNDN,1000,0.9386
SCALE_O_PythonNDN_1000_135,6,2026-08-30 07:19:01,PythonNDN,1000,0.937
SCALE_O_PythonNDN_1000_136,6,2026-08-30 07:24:47,PythonNDN,1000,0.8802
SCALE_O_PythonNDN_1000_137,6,2026-08-30 07:26:41,PythonNDN,1000,0.8785
SCALE_O_PythonNDN_1000_138,6,2026-08-30 07:29:11,PythonNDN,1000,0.9422
SCALE_O_PythonNDN_1000_139,6,2026-08-30 07:31:12,PythonNDN,1000,0.9626
SCALE_O_PythonNDN_1000_140,6,2026-08-30 07:34:29,PythonNDN,1000,0.8977
SCALE_O_PythonNDN_1000_141,6,2026-08-30 07:38:46,PythonNDN,1000,0.9089
SCALE_O_PythonNDN_1000_142,6,2026-08-30 07:40:02,PythonNDN,1000,0.9277
SCALE_O_PythonNDN_1000_143,6,2026-08-30 07:42:23,PythonNDN,1000,0.886
SCALE_O_PythonNDN_1000_144,6,2026-08-30 07:44:20,PythonNDN,1000,0.9828
SCALE_O_PythonNDN_1000_145,6,2026-08-30 07:47:24,PythonNDN,1000,0.8765
SCALE_O_PythonNDN_1000_146,6,2026-08-30 07:50:33,PythonNDN,1000,0.8797
SCALE_O_PythonNDN_1000_147,6,2026-08-30 07:52:01,PythonNDN,1000,0.8525
SCALE_O_PythonNDN_1000_148,6,2026-08-30 07:54:35,PythonNDN,1000,0.9653
SCALE_O_PythonNDN_1000_149,6,2026-08-30 07:55:55,PythonNDN,1000,0.8833
SCALE_O_PythonNDN_1000_150,6,2026-08-30 08:01:02,PythonNDN,1000,0.8864
SCALE_O_CCNlite_10000_135,6,2026-08-30 18:10:32,CCNlite,10000,0.8139
SCALE_O_CCNlite_10000_136,6,2026-08-30 18:11:37,CCNlite,10000,0.8224
SCALE_O_CCNlite_10000_137,6,2026-08-30 18:14:07,CCNlite,10000,0.8176
SCALE_O_CCNlite_10000_138,6,2026-08-30 18:16:43,CCNlite,10000,0.8188
SCALE_O_CCNlite_10000_139,6,2026-08-30 18:17:31,CCNlite,10000,0.7368
SCALE_O_CCNlite_10000_140,6,2026-08-30 18:18:22,CCNlite,10000,0.7627
SCALE_O_CCNlite_10000_141,6,2026-08-30 18:19:58,CCNlite,10000,0.7908
SCALE_O_CCNlite_10000_142,6,2026-08-30 18:22:13,CCNlite,10000,0.8028
SCALE_O_CCNlite_10000_143,6,2026-08-30 18:23:31,CCNlite,10000,0.7842
SCALE_O_CCNlite_10000_144,6,2026-08-30 18:24:58,CCNlite,10000,0.8172
SCALE_O_CCNlite_10000_145,6,2026-08-30 18:31:00,CCNlite,10000,0.8349
SCALE_O_CCNlite_10000_146,6,2026-08-30 18:31:26,CCNlite,10000,0.7847
SCALE_O_CCNlite_10000_147,6,2026-08-30 18:32:32,CCNlite,10000,0.8071
SCALE_O_CCNlite_10000_148,6,2026-08-30 18:34:14,CCNlite,10000,0.7649
SCALE_O_CCNlite_10000_149,6,2026-08-30 18:35:06,CCNlite,10000,0.8248
SCALE_O_CCNlite_10000_150,6,2026-08-30 18:37:27,CCNlite,10000,0.8589
SCALE_O_PythonNDN_5000000_146,7,2026-08-30 19:37:41,PythonNDN,5000000,0.0472
SCALE_O_PythonNDN_5000000_147,7,2026-08-30 19:39:54,PythonNDN,5000000,0.0537
SCALE_O_PythonNDN_5000000_148,7,2026-08-30 19:41:26,PythonNDN,5000000,0.0528
SCALE_O_PythonNDN_5000000_149,7,2026-08-30 19:45:10,PythonNDN,5000000,0.0499
SCALE_O_PythonNDN_5000000_150,7,2026-08-30 19:46:23,PythonNDN,5000000,0.0489
