[2026-08-11T08:38:03] TRACE_START run_id=72
[2026-08-11T08:38:03] SAMPLE t=0s phase=Stable adaptation=with_ML throughput_gbps=8.078 latency_ms=65.2925
[2026-08-11T08:38:04] SAMPLE t=1s phase=Stable adaptation=with_ML throughput_gbps=7.933 latency_ms=66.8333
[2026-08-11T08:38:05] SAMPLE t=2s phase=Stable adaptation=with_ML throughput_gbps=8.0345 latency_ms=66.8976
[2026-08-11T08:38:06] SAMPLE t=3s phase=Stable adaptation=with_ML throughput_gbps=8.0117 latency_ms=65.8574
[2026-08-11T08:38:07] SAMPLE t=4s phase=Stable adaptation=with_ML throughput_gbps=8.1697 latency_ms=68.0977
[2026-08-11T08:38:08] SAMPLE t=5s phase=Stable adaptation=with_ML throughput_gbps=7.8281 latency_ms=67.6277
[2026-08-11T08:38:09] SAMPLE t=6s phase=Stable adaptation=with_ML throughput_gbps=8.1643 latency_ms=66.5291
[2026-08-11T08:38:10] SAMPLE t=7s phase=Stable adaptation=with_ML throughput_gbps=7.7984 latency_ms=65.7024
[2026-08-11T08:38:11] SAMPLE t=8s phase=Stable adaptation=with_ML throughput_gbps=7.8608 latency_ms=65.4488
[2026-08-11T08:38:12] SAMPLE t=9s phase=Stable adaptation=with_ML throughput_gbps=8.3047 latency_ms=67.5823
[2026-08-11T08:38:13] SAMPLE t=10s phase=Stable adaptation=with_ML throughput_gbps=8.2788 latency_ms=66.2068
[2026-08-11T08:38:14] SAMPLE t=11s phase=Stable adaptation=with_ML throughput_gbps=7.997 latency_ms=66.4783
[2026-08-11T08:38:15] SAMPLE t=12s phase=Stable adaptation=with_ML throughput_gbps=8.0192 latency_ms=66.7627
[2026-08-11T08:38:16] SAMPLE t=13s phase=Stable adaptation=with_ML throughput_gbps=7.9767 latency_ms=67.6224
[2026-08-11T08:38:17] SAMPLE t=14s phase=Stable adaptation=with_ML throughput_gbps=8.2825 latency_ms=66.7386
[2026-08-11T08:38:18] SAMPLE t=15s phase=Stable adaptation=with_ML throughput_gbps=8.2624 latency_ms=66.8492
[2026-08-11T08:38:19] SAMPLE t=16s phase=Stable adaptation=with_ML throughput_gbps=8.0228 latency_ms=67.3569
[2026-08-11T08:38:20] SAMPLE t=17s phase=Stable adaptation=with_ML throughput_gbps=7.9838 latency_ms=65.1811
[2026-08-11T08:38:21] SAMPLE t=18s phase=Stable adaptation=with_ML throughput_gbps=7.862 latency_ms=66.0961
[2026-08-11T08:38:22] SAMPLE t=19s phase=Stable adaptation=with_ML throughput_gbps=8.294 latency_ms=65.9813
[2026-08-11T08:38:23] SAMPLE t=20s phase=Congestion adaptation=with_ML throughput_gbps=7.9718 latency_ms=68.6297
[2026-08-11T08:38:24] SAMPLE t=21s phase=Congestion adaptation=with_ML throughput_gbps=8.0516 latency_ms=68.3778
[2026-08-11T08:38:25] SAMPLE t=22s phase=Congestion adaptation=with_ML throughput_gbps=8.0547 latency_ms=68.638
[2026-08-11T08:38:26] SAMPLE t=23s phase=Congestion adaptation=with_ML throughput_gbps=8.1563 latency_ms=67.0034
[2026-08-11T08:38:27] SAMPLE t=24s phase=Congestion adaptation=with_ML throughput_gbps=7.9697 latency_ms=66.0432
[2026-08-11T08:38:28] SAMPLE t=25s phase=Congestion adaptation=with_ML throughput_gbps=8.0344 latency_ms=68.1776
[2026-08-11T08:38:29] SAMPLE t=26s phase=Congestion adaptation=with_ML throughput_gbps=7.9181 latency_ms=67.8484
[2026-08-11T08:38:30] SAMPLE t=27s phase=Congestion adaptation=with_ML throughput_gbps=7.9223 latency_ms=65.3362
[2026-08-11T08:38:31] SAMPLE t=28s phase=Congestion adaptation=with_ML throughput_gbps=8.1055 latency_ms=66.4107
[2026-08-11T08:38:32] SAMPLE t=29s phase=Congestion adaptation=with_ML throughput_gbps=8.2649 latency_ms=65.3542
[2026-08-11T08:38:33] SAMPLE t=30s phase=Congestion adaptation=with_ML throughput_gbps=8.0321 latency_ms=67.506
[2026-08-11T08:38:34] SAMPLE t=31s phase=Congestion adaptation=with_ML throughput_gbps=8.0604 latency_ms=65.7061
[2026-08-11T08:38:35] SAMPLE t=32s phase=Congestion adaptation=with_ML throughput_gbps=8.2047 latency_ms=67.4527
[2026-08-11T08:38:36] SAMPLE t=33s phase=Congestion adaptation=with_ML throughput_gbps=8.1439 latency_ms=67.0478
[2026-08-11T08:38:37] SAMPLE t=34s phase=Congestion adaptation=with_ML throughput_gbps=7.9873 latency_ms=63.7906
[2026-08-11T08:38:38] SAMPLE t=35s phase=Congestion adaptation=with_ML throughput_gbps=8.0133 latency_ms=64.1475
[2026-08-11T08:38:39] SAMPLE t=36s phase=Congestion adaptation=with_ML throughput_gbps=7.9958 latency_ms=67.4018
[2026-08-11T08:38:40] SAMPLE t=37s phase=Congestion adaptation=with_ML throughput_gbps=8.0553 latency_ms=67.4951
[2026-08-11T08:38:41] SAMPLE t=38s phase=Congestion adaptation=with_ML throughput_gbps=8.3882 latency_ms=65.606
[2026-08-11T08:38:42] SAMPLE t=39s phase=Congestion adaptation=with_ML throughput_gbps=8.0032 latency_ms=65.2346
[2026-08-11T08:38:43] SAMPLE t=40s phase=Path_change adaptation=with_ML throughput_gbps=7.8643 latency_ms=67.0011
[2026-08-11T08:38:44] SAMPLE t=41s phase=Path_change adaptation=with_ML throughput_gbps=8.3297 latency_ms=67.3135
[2026-08-11T08:38:45] SAMPLE t=42s phase=Path_change adaptation=with_ML throughput_gbps=7.633 latency_ms=64.6755
[2026-08-11T08:38:46] SAMPLE t=43s phase=Path_change adaptation=with_ML throughput_gbps=7.6188 latency_ms=67.9899
[2026-08-11T08:38:47] SAMPLE t=44s phase=Path_change adaptation=with_ML throughput_gbps=7.5684 latency_ms=70.1464
[2026-08-11T08:38:48] SAMPLE t=45s phase=Path_change adaptation=with_ML throughput_gbps=7.7269 latency_ms=65.4594
[2026-08-11T08:38:49] SAMPLE t=46s phase=Path_change adaptation=with_ML throughput_gbps=7.3843 latency_ms=68.4706
[2026-08-11T08:38:50] SAMPLE t=47s phase=Path_change adaptation=with_ML throughput_gbps=7.3637 latency_ms=69.7418
[2026-08-11T08:38:51] SAMPLE t=48s phase=Path_change adaptation=with_ML throughput_gbps=7.1504 latency_ms=68.0186
[2026-08-11T08:38:52] SAMPLE t=49s phase=Path_change adaptation=with_ML throughput_gbps=7.1817 latency_ms=68.4137
[2026-08-11T08:38:53] SAMPLE t=50s phase=Path_change adaptation=with_ML throughput_gbps=7.2461 latency_ms=69.4481
[2026-08-11T08:38:54] SAMPLE t=51s phase=Path_change adaptation=with_ML throughput_gbps=7.1947 latency_ms=67.3933
[2026-08-11T08:38:55] SAMPLE t=52s phase=Path_change adaptation=with_ML throughput_gbps=7.0849 latency_ms=68.305
[2026-08-11T08:38:56] SAMPLE t=53s phase=Path_change adaptation=with_ML throughput_gbps=7.485 latency_ms=68.0959
[2026-08-11T08:38:57] SAMPLE t=54s phase=Path_change adaptation=with_ML throughput_gbps=7.4798 latency_ms=65.4409
[2026-08-11T08:38:58] SAMPLE t=55s phase=Path_change adaptation=with_ML throughput_gbps=7.653 latency_ms=68.7092
[2026-08-11T08:38:59] SAMPLE t=56s phase=Path_change adaptation=with_ML throughput_gbps=7.7097 latency_ms=69.2758
[2026-08-11T08:39:00] SAMPLE t=57s phase=Path_change adaptation=with_ML throughput_gbps=7.7383 latency_ms=65.5921
[2026-08-11T08:39:01] SAMPLE t=58s phase=Path_change adaptation=with_ML throughput_gbps=7.5622 latency_ms=66.6917
[2026-08-11T08:39:02] SAMPLE t=59s phase=Path_change adaptation=with_ML throughput_gbps=8.1333 latency_ms=65.7275
[2026-08-11T08:39:03] SAMPLE t=60s phase=Loss_spike adaptation=with_ML throughput_gbps=7.2008 latency_ms=66.7888
[2026-08-11T08:39:04] SAMPLE t=61s phase=Loss_spike adaptation=with_ML throughput_gbps=8.3052 latency_ms=71.5748
[2026-08-11T08:39:05] SAMPLE t=62s phase=Loss_spike adaptation=with_ML throughput_gbps=7.8671 latency_ms=71.1082
[2026-08-11T08:39:06] SAMPLE t=63s phase=Loss_spike adaptation=with_ML throughput_gbps=6.62 latency_ms=69.9347
[2026-08-11T08:39:07] SAMPLE t=64s phase=Loss_spike adaptation=with_ML throughput_gbps=6.2238 latency_ms=72.1551
[2026-08-11T08:39:08] SAMPLE t=65s phase=Loss_spike adaptation=with_ML throughput_gbps=7.2609 latency_ms=66.922
[2026-08-11T08:39:09] SAMPLE t=66s phase=Loss_spike adaptation=with_ML throughput_gbps=8.2418 latency_ms=70.1819
[2026-08-11T08:39:10] SAMPLE t=67s phase=Loss_spike adaptation=with_ML throughput_gbps=7.5802 latency_ms=72.0576
[2026-08-11T08:39:11] SAMPLE t=68s phase=Loss_spike adaptation=with_ML throughput_gbps=6.4751 latency_ms=69.8752
[2026-08-11T08:39:12] SAMPLE t=69s phase=Loss_spike adaptation=with_ML throughput_gbps=6.1874 latency_ms=69.8235
[2026-08-11T08:39:13] SAMPLE t=70s phase=Loss_spike adaptation=with_ML throughput_gbps=7.2562 latency_ms=67.3122
[2026-08-11T08:39:14] SAMPLE t=71s phase=Loss_spike adaptation=with_ML throughput_gbps=8.403 latency_ms=72.9629
[2026-08-11T08:39:15] SAMPLE t=72s phase=Loss_spike adaptation=with_ML throughput_gbps=7.5877 latency_ms=69.7015
[2026-08-11T08:39:16] SAMPLE t=73s phase=Loss_spike adaptation=with_ML throughput_gbps=6.6338 latency_ms=68.6992
[2026-08-11T08:39:17] SAMPLE t=74s phase=Loss_spike adaptation=with_ML throughput_gbps=6.3417 latency_ms=70.3188
[2026-08-11T08:39:18] SAMPLE t=75s phase=Loss_spike adaptation=with_ML throughput_gbps=7.1925 latency_ms=67.8528
[2026-08-11T08:39:19] SAMPLE t=76s phase=Loss_spike adaptation=with_ML throughput_gbps=8.4691 latency_ms=70.7497
[2026-08-11T08:39:20] SAMPLE t=77s phase=Loss_spike adaptation=with_ML throughput_gbps=7.762 latency_ms=68.1291
[2026-08-11T08:39:21] SAMPLE t=78s phase=Loss_spike adaptation=with_ML throughput_gbps=6.4857 latency_ms=69.1921
[2026-08-11T08:39:22] SAMPLE t=79s phase=Loss_spike adaptation=with_ML throughput_gbps=6.3534 latency_ms=71.6438
[2026-08-11T08:39:23] SAMPLE t=80s phase=Recovery adaptation=with_ML throughput_gbps=7.755 latency_ms=64.5458
[2026-08-11T08:39:24] SAMPLE t=81s phase=Recovery adaptation=with_ML throughput_gbps=7.8578 latency_ms=63.6011
[2026-08-11T08:39:25] SAMPLE t=82s phase=Recovery adaptation=with_ML throughput_gbps=7.7856 latency_ms=67.4046
[2026-08-11T08:39:26] SAMPLE t=83s phase=Recovery adaptation=with_ML throughput_gbps=8.6904 latency_ms=67.647
[2026-08-11T08:39:27] SAMPLE t=84s phase=Recovery adaptation=with_ML throughput_gbps=8.4361 latency_ms=65.8472
[2026-08-11T08:39:28] SAMPLE t=85s phase=Recovery adaptation=with_ML throughput_gbps=8.3409 latency_ms=63.7897
[2026-08-11T08:39:29] SAMPLE t=86s phase=Recovery adaptation=with_ML throughput_gbps=7.9752 latency_ms=66.3529
[2026-08-11T08:39:30] SAMPLE t=87s phase=Recovery adaptation=with_ML throughput_gbps=8.0963 latency_ms=66.7121
[2026-08-11T08:39:31] SAMPLE t=88s phase=Recovery adaptation=with_ML throughput_gbps=7.9197 latency_ms=64.2462
[2026-08-11T08:39:32] SAMPLE t=89s phase=Recovery adaptation=with_ML throughput_gbps=8.1727 latency_ms=66.1983
[2026-08-11T08:39:33] SAMPLE t=90s phase=Recovery adaptation=with_ML throughput_gbps=7.9093 latency_ms=65.6927
[2026-08-11T08:39:34] SAMPLE t=91s phase=Recovery adaptation=with_ML throughput_gbps=8.1043 latency_ms=65.003
[2026-08-11T08:39:35] SAMPLE t=92s phase=Recovery adaptation=with_ML throughput_gbps=8.2472 latency_ms=64.7905
[2026-08-11T08:39:36] SAMPLE t=93s phase=Recovery adaptation=with_ML throughput_gbps=8.3674 latency_ms=65.0264
[2026-08-11T08:39:37] SAMPLE t=94s phase=Recovery adaptation=with_ML throughput_gbps=8.8067 latency_ms=65.3516
[2026-08-11T08:39:38] SAMPLE t=95s phase=Recovery adaptation=with_ML throughput_gbps=8.8845 latency_ms=67.1885
[2026-08-11T08:39:39] SAMPLE t=96s phase=Recovery adaptation=with_ML throughput_gbps=8.4206 latency_ms=62.6975
[2026-08-11T08:39:40] SAMPLE t=97s phase=Recovery adaptation=with_ML throughput_gbps=8.3169 latency_ms=66.867
[2026-08-11T08:39:41] SAMPLE t=98s phase=Recovery adaptation=with_ML throughput_gbps=8.0295 latency_ms=64.3983
[2026-08-11T08:39:42] SAMPLE t=99s phase=Recovery adaptation=with_ML throughput_gbps=8.1116 latency_ms=65.5318
[2026-08-11T08:38:03] SAMPLE t=0s phase=Stable adaptation=without_ML throughput_gbps=8.4804 latency_ms=65.8363
[2026-08-11T08:38:04] SAMPLE t=1s phase=Stable adaptation=without_ML throughput_gbps=8.0705 latency_ms=65.088
[2026-08-11T08:38:05] SAMPLE t=2s phase=Stable adaptation=without_ML throughput_gbps=7.613 latency_ms=66.152
[2026-08-11T08:38:06] SAMPLE t=3s phase=Stable adaptation=without_ML throughput_gbps=7.852 latency_ms=67.4203
[2026-08-11T08:38:07] SAMPLE t=4s phase=Stable adaptation=without_ML throughput_gbps=7.4835 latency_ms=64.109
[2026-08-11T08:38:08] SAMPLE t=5s phase=Stable adaptation=without_ML throughput_gbps=7.6258 latency_ms=63.9515
[2026-08-11T08:38:09] SAMPLE t=6s phase=Stable adaptation=without_ML throughput_gbps=8.3694 latency_ms=64.1901
[2026-08-11T08:38:10] SAMPLE t=7s phase=Stable adaptation=without_ML throughput_gbps=8.0519 latency_ms=65.2095
[2026-08-11T08:38:11] SAMPLE t=8s phase=Stable adaptation=without_ML throughput_gbps=8.081 latency_ms=69.1298
[2026-08-11T08:38:12] SAMPLE t=9s phase=Stable adaptation=without_ML throughput_gbps=8.3007 latency_ms=65.4224
[2026-08-11T08:38:13] SAMPLE t=10s phase=Stable adaptation=without_ML throughput_gbps=7.7975 latency_ms=66.6766
[2026-08-11T08:38:14] SAMPLE t=11s phase=Stable adaptation=without_ML throughput_gbps=8.0452 latency_ms=64.9461
[2026-08-11T08:38:15] SAMPLE t=12s phase=Stable adaptation=without_ML throughput_gbps=7.7832 latency_ms=67.5621
[2026-08-11T08:38:16] SAMPLE t=13s phase=Stable adaptation=without_ML throughput_gbps=7.9816 latency_ms=69.1573
[2026-08-11T08:38:17] SAMPLE t=14s phase=Stable adaptation=without_ML throughput_gbps=7.5554 latency_ms=65.3522
[2026-08-11T08:38:18] SAMPLE t=15s phase=Stable adaptation=without_ML throughput_gbps=7.843 latency_ms=64.8212
[2026-08-11T08:38:19] SAMPLE t=16s phase=Stable adaptation=without_ML throughput_gbps=8.0039 latency_ms=66.9951
[2026-08-11T08:38:20] SAMPLE t=17s phase=Stable adaptation=without_ML throughput_gbps=7.9105 latency_ms=65.3888
[2026-08-11T08:38:21] SAMPLE t=18s phase=Stable adaptation=without_ML throughput_gbps=7.9538 latency_ms=67.8521
[2026-08-11T08:38:22] SAMPLE t=19s phase=Stable adaptation=without_ML throughput_gbps=8.1884 latency_ms=67.5144
[2026-08-11T08:38:23] SAMPLE t=20s phase=Congestion adaptation=without_ML throughput_gbps=8.0326 latency_ms=65.5416
[2026-08-11T08:38:24] SAMPLE t=21s phase=Congestion adaptation=without_ML throughput_gbps=8.2479 latency_ms=65.5226
[2026-08-11T08:38:25] SAMPLE t=22s phase=Congestion adaptation=without_ML throughput_gbps=8.3809 latency_ms=66.4685
[2026-08-11T08:38:26] SAMPLE t=23s phase=Congestion adaptation=without_ML throughput_gbps=7.9599 latency_ms=68.4296
[2026-08-11T08:38:27] SAMPLE t=24s phase=Congestion adaptation=without_ML throughput_gbps=8.1018 latency_ms=65.7147
[2026-08-11T08:38:28] SAMPLE t=25s phase=Congestion adaptation=without_ML throughput_gbps=7.5152 latency_ms=65.1351
[2026-08-11T08:38:29] SAMPLE t=26s phase=Congestion adaptation=without_ML throughput_gbps=8.0822 latency_ms=64.6712
[2026-08-11T08:38:30] SAMPLE t=27s phase=Congestion adaptation=without_ML throughput_gbps=8.0888 latency_ms=64.6963
[2026-08-11T08:38:31] SAMPLE t=28s phase=Congestion adaptation=without_ML throughput_gbps=7.8207 latency_ms=67.1769
[2026-08-11T08:38:32] SAMPLE t=29s phase=Congestion adaptation=without_ML throughput_gbps=8.1408 latency_ms=67.0719
[2026-08-11T08:38:33] SAMPLE t=30s phase=Congestion adaptation=without_ML throughput_gbps=7.5757 latency_ms=67.1049
[2026-08-11T08:38:34] SAMPLE t=31s phase=Congestion adaptation=without_ML throughput_gbps=7.8975 latency_ms=68.3394
[2026-08-11T08:38:35] SAMPLE t=32s phase=Congestion adaptation=without_ML throughput_gbps=8.0542 latency_ms=66.1038
[2026-08-11T08:38:36] SAMPLE t=33s phase=Congestion adaptation=without_ML throughput_gbps=7.6542 latency_ms=64.6601
[2026-08-11T08:38:37] SAMPLE t=34s phase=Congestion adaptation=without_ML throughput_gbps=8.1969 latency_ms=63.9567
[2026-08-11T08:38:38] SAMPLE t=35s phase=Congestion adaptation=without_ML throughput_gbps=7.5599 latency_ms=63.7381
[2026-08-11T08:38:39] SAMPLE t=36s phase=Congestion adaptation=without_ML throughput_gbps=8.0304 latency_ms=66.6728
[2026-08-11T08:38:40] SAMPLE t=37s phase=Congestion adaptation=without_ML throughput_gbps=8.3036 latency_ms=65.2112
[2026-08-11T08:38:41] SAMPLE t=38s phase=Congestion adaptation=without_ML throughput_gbps=8.1946 latency_ms=64.1301
[2026-08-11T08:38:42] SAMPLE t=39s phase=Congestion adaptation=without_ML throughput_gbps=8.3007 latency_ms=64.3897
[2026-08-11T08:38:43] SAMPLE t=40s phase=Path_change adaptation=without_ML throughput_gbps=8.4837 latency_ms=65.1095
[2026-08-11T08:38:44] SAMPLE t=41s phase=Path_change adaptation=without_ML throughput_gbps=7.5895 latency_ms=66.7137
[2026-08-11T08:38:45] SAMPLE t=42s phase=Path_change adaptation=without_ML throughput_gbps=7.0791 latency_ms=69.1082
[2026-08-11T08:38:46] SAMPLE t=43s phase=Path_change adaptation=without_ML throughput_gbps=6.9501 latency_ms=70.6977
[2026-08-11T08:38:47] SAMPLE t=44s phase=Path_change adaptation=without_ML throughput_gbps=6.7802 latency_ms=71.7433
[2026-08-11T08:38:48] SAMPLE t=45s phase=Path_change adaptation=without_ML throughput_gbps=6.0904 latency_ms=72.2705
[2026-08-11T08:38:49] SAMPLE t=46s phase=Path_change adaptation=without_ML throughput_gbps=6.2338 latency_ms=73.0103
[2026-08-11T08:38:50] SAMPLE t=47s phase=Path_change adaptation=without_ML throughput_gbps=5.6761 latency_ms=69.2895
[2026-08-11T08:38:51] SAMPLE t=48s phase=Path_change adaptation=without_ML throughput_gbps=5.8715 latency_ms=73.5913
[2026-08-11T08:38:52] SAMPLE t=49s phase=Path_change adaptation=without_ML throughput_gbps=5.7979 latency_ms=71.9304
[2026-08-11T08:38:53] SAMPLE t=50s phase=Path_change adaptation=without_ML throughput_gbps=5.8283 latency_ms=74.7066
[2026-08-11T08:38:54] SAMPLE t=51s phase=Path_change adaptation=without_ML throughput_gbps=5.86 latency_ms=76.8278
[2026-08-11T08:38:55] SAMPLE t=52s phase=Path_change adaptation=without_ML throughput_gbps=5.5775 latency_ms=75.0322
[2026-08-11T08:38:56] SAMPLE t=53s phase=Path_change adaptation=without_ML throughput_gbps=5.9614 latency_ms=70.7008
[2026-08-11T08:38:57] SAMPLE t=54s phase=Path_change adaptation=without_ML throughput_gbps=6.2178 latency_ms=72.9529
[2026-08-11T08:38:58] SAMPLE t=55s phase=Path_change adaptation=without_ML throughput_gbps=6.6168 latency_ms=71.6935
[2026-08-11T08:38:59] SAMPLE t=56s phase=Path_change adaptation=without_ML throughput_gbps=6.6348 latency_ms=68.5365
[2026-08-11T08:39:00] SAMPLE t=57s phase=Path_change adaptation=without_ML throughput_gbps=7.4021 latency_ms=68.7617
[2026-08-11T08:39:01] SAMPLE t=58s phase=Path_change adaptation=without_ML throughput_gbps=7.1403 latency_ms=69.84
[2026-08-11T08:39:02] SAMPLE t=59s phase=Path_change adaptation=without_ML throughput_gbps=7.3455 latency_ms=66.8862
[2026-08-11T08:39:03] SAMPLE t=60s phase=Loss_spike adaptation=without_ML throughput_gbps=6.1521 latency_ms=71.1426
[2026-08-11T08:39:04] SAMPLE t=61s phase=Loss_spike adaptation=without_ML throughput_gbps=8.3421 latency_ms=80.273
[2026-08-11T08:39:05] SAMPLE t=62s phase=Loss_spike adaptation=without_ML throughput_gbps=7.4004 latency_ms=75.2047
[2026-08-11T08:39:06] SAMPLE t=63s phase=Loss_spike adaptation=without_ML throughput_gbps=4.9891 latency_ms=79.0658
[2026-08-11T08:39:07] SAMPLE t=64s phase=Loss_spike adaptation=without_ML throughput_gbps=3.9614 latency_ms=81.7753
[2026-08-11T08:39:08] SAMPLE t=65s phase=Loss_spike adaptation=without_ML throughput_gbps=6.1155 latency_ms=68.163
[2026-08-11T08:39:09] SAMPLE t=66s phase=Loss_spike adaptation=without_ML throughput_gbps=8.4033 latency_ms=82.4638
[2026-08-11T08:39:10] SAMPLE t=67s phase=Loss_spike adaptation=without_ML throughput_gbps=7.2986 latency_ms=76.8953
[2026-08-11T08:39:11] SAMPLE t=68s phase=Loss_spike adaptation=without_ML throughput_gbps=4.9289 latency_ms=75.8856
[2026-08-11T08:39:12] SAMPLE t=69s phase=Loss_spike adaptation=without_ML throughput_gbps=4.0499 latency_ms=78.7981
[2026-08-11T08:39:13] SAMPLE t=70s phase=Loss_spike adaptation=without_ML throughput_gbps=6.1567 latency_ms=65.9887
[2026-08-11T08:39:14] SAMPLE t=71s phase=Loss_spike adaptation=without_ML throughput_gbps=8.1947 latency_ms=81.4189
[2026-08-11T08:39:15] SAMPLE t=72s phase=Loss_spike adaptation=without_ML throughput_gbps=7.6655 latency_ms=77.7465
[2026-08-11T08:39:16] SAMPLE t=73s phase=Loss_spike adaptation=without_ML throughput_gbps=4.516 latency_ms=76.6947
[2026-08-11T08:39:17] SAMPLE t=74s phase=Loss_spike adaptation=without_ML throughput_gbps=3.917 latency_ms=77.6275
[2026-08-11T08:39:18] SAMPLE t=75s phase=Loss_spike adaptation=without_ML throughput_gbps=6.2252 latency_ms=69.2433
[2026-08-11T08:39:19] SAMPLE t=76s phase=Loss_spike adaptation=without_ML throughput_gbps=8.5649 latency_ms=78.1453
[2026-08-11T08:39:20] SAMPLE t=77s phase=Loss_spike adaptation=without_ML throughput_gbps=7.7213 latency_ms=75.7145
[2026-08-11T08:39:21] SAMPLE t=78s phase=Loss_spike adaptation=without_ML throughput_gbps=4.8513 latency_ms=77.5531
[2026-08-11T08:39:22] SAMPLE t=79s phase=Loss_spike adaptation=without_ML throughput_gbps=3.9963 latency_ms=79.4331
[2026-08-11T08:39:23] SAMPLE t=80s phase=Recovery adaptation=without_ML throughput_gbps=8.0612 latency_ms=67.0338
[2026-08-11T08:39:24] SAMPLE t=81s phase=Recovery adaptation=without_ML throughput_gbps=7.6947 latency_ms=67.5
[2026-08-11T08:39:25] SAMPLE t=82s phase=Recovery adaptation=without_ML throughput_gbps=8.1692 latency_ms=68.8469
[2026-08-11T08:39:26] SAMPLE t=83s phase=Recovery adaptation=without_ML throughput_gbps=8.344 latency_ms=66.9403
[2026-08-11T08:39:27] SAMPLE t=84s phase=Recovery adaptation=without_ML throughput_gbps=8.3806 latency_ms=67.0912
[2026-08-11T08:39:28] SAMPLE t=85s phase=Recovery adaptation=without_ML throughput_gbps=8.2506 latency_ms=65.3408
[2026-08-11T08:39:29] SAMPLE t=86s phase=Recovery adaptation=without_ML throughput_gbps=7.9483 latency_ms=66.6334
[2026-08-11T08:39:30] SAMPLE t=87s phase=Recovery adaptation=without_ML throughput_gbps=7.9577 latency_ms=65.7946
[2026-08-11T08:39:31] SAMPLE t=88s phase=Recovery adaptation=without_ML throughput_gbps=8.0292 latency_ms=67.1492
[2026-08-11T08:39:32] SAMPLE t=89s phase=Recovery adaptation=without_ML throughput_gbps=7.8281 latency_ms=67.7012
[2026-08-11T08:39:33] SAMPLE t=90s phase=Recovery adaptation=without_ML throughput_gbps=8.326 latency_ms=65.2611
[2026-08-11T08:39:34] SAMPLE t=91s phase=Recovery adaptation=without_ML throughput_gbps=7.8658 latency_ms=66.8547
[2026-08-11T08:39:35] SAMPLE t=92s phase=Recovery adaptation=without_ML throughput_gbps=8.3228 latency_ms=64.0529
[2026-08-11T08:39:36] SAMPLE t=93s phase=Recovery adaptation=without_ML throughput_gbps=7.9198 latency_ms=68.1713
[2026-08-11T08:39:37] SAMPLE t=94s phase=Recovery adaptation=without_ML throughput_gbps=7.9274 latency_ms=65.6363
[2026-08-11T08:39:38] SAMPLE t=95s phase=Recovery adaptation=without_ML throughput_gbps=7.7863 latency_ms=66.5771
[2026-08-11T08:39:39] SAMPLE t=96s phase=Recovery adaptation=without_ML throughput_gbps=8.1162 latency_ms=65.4061
[2026-08-11T08:39:40] SAMPLE t=97s phase=Recovery adaptation=without_ML throughput_gbps=7.7659 latency_ms=66.7668
[2026-08-11T08:39:41] SAMPLE t=98s phase=Recovery adaptation=without_ML throughput_gbps=8.0135 latency_ms=66.2798
[2026-08-11T08:39:42] SAMPLE t=99s phase=Recovery adaptation=without_ML throughput_gbps=7.9182 latency_ms=67.7517
[2026-08-11T08:38:03] TRACE_END run_id=72 status=OK
[2026-08-11T08:47:45] TRACE_START run_id=73
[2026-08-11T08:47:45] SAMPLE t=0s phase=Stable adaptation=with_ML throughput_gbps=8.261 latency_ms=65.4783
[2026-08-11T08:47:46] SAMPLE t=1s phase=Stable adaptation=with_ML throughput_gbps=8.1603 latency_ms=66.5584
[2026-08-11T08:47:47] SAMPLE t=2s phase=Stable adaptation=with_ML throughput_gbps=8.1579 latency_ms=67.1117
[2026-08-11T08:47:48] SAMPLE t=3s phase=Stable adaptation=with_ML throughput_gbps=8.2191 latency_ms=64.0806
[2026-08-11T08:47:49] SAMPLE t=4s phase=Stable adaptation=with_ML throughput_gbps=8.9768 latency_ms=66.3198
[2026-08-11T08:47:50] SAMPLE t=5s phase=Stable adaptation=with_ML throughput_gbps=7.9623 latency_ms=65.8377
[2026-08-11T08:47:51] SAMPLE t=6s phase=Stable adaptation=with_ML throughput_gbps=8.4712 latency_ms=66.0441
[2026-08-11T08:47:52] SAMPLE t=7s phase=Stable adaptation=with_ML throughput_gbps=8.2478 latency_ms=66.4726
[2026-08-11T08:47:53] SAMPLE t=8s phase=Stable adaptation=with_ML throughput_gbps=8.1955 latency_ms=66.4577
[2026-08-11T08:47:54] SAMPLE t=9s phase=Stable adaptation=with_ML throughput_gbps=8.2211 latency_ms=67.2877
[2026-08-11T08:47:55] SAMPLE t=10s phase=Stable adaptation=with_ML throughput_gbps=8.0988 latency_ms=64.4282
[2026-08-11T08:47:56] SAMPLE t=11s phase=Stable adaptation=with_ML throughput_gbps=8.039 latency_ms=66.1898
[2026-08-11T08:47:57] SAMPLE t=12s phase=Stable adaptation=with_ML throughput_gbps=8.1298 latency_ms=68.0371
[2026-08-11T08:47:58] SAMPLE t=13s phase=Stable adaptation=with_ML throughput_gbps=7.7939 latency_ms=65.0355
[2026-08-11T08:47:59] SAMPLE t=14s phase=Stable adaptation=with_ML throughput_gbps=7.9034 latency_ms=69.1457
[2026-08-11T08:48:00] SAMPLE t=15s phase=Stable adaptation=with_ML throughput_gbps=8.0861 latency_ms=64.9499
[2026-08-11T08:48:01] SAMPLE t=16s phase=Stable adaptation=with_ML throughput_gbps=8.1015 latency_ms=67.9198
[2026-08-11T08:48:02] SAMPLE t=17s phase=Stable adaptation=with_ML throughput_gbps=8.4243 latency_ms=65.8502
[2026-08-11T08:48:03] SAMPLE t=18s phase=Stable adaptation=with_ML throughput_gbps=8.0917 latency_ms=64.4425
[2026-08-11T08:48:04] SAMPLE t=19s phase=Stable adaptation=with_ML throughput_gbps=8.4144 latency_ms=65.4043
[2026-08-11T08:48:05] SAMPLE t=20s phase=Congestion adaptation=with_ML throughput_gbps=8.3114 latency_ms=65.1056
[2026-08-11T08:48:06] SAMPLE t=21s phase=Congestion adaptation=with_ML throughput_gbps=8.0844 latency_ms=65.5624
[2026-08-11T08:48:07] SAMPLE t=22s phase=Congestion adaptation=with_ML throughput_gbps=8.299 latency_ms=66.8863
[2026-08-11T08:48:08] SAMPLE t=23s phase=Congestion adaptation=with_ML throughput_gbps=8.0042 latency_ms=65.3874
[2026-08-11T08:48:09] SAMPLE t=24s phase=Congestion adaptation=with_ML throughput_gbps=7.936 latency_ms=65.9673
[2026-08-11T08:48:10] SAMPLE t=25s phase=Congestion adaptation=with_ML throughput_gbps=8.0894 latency_ms=65.6251
[2026-08-11T08:48:11] SAMPLE t=26s phase=Congestion adaptation=with_ML throughput_gbps=8.0539 latency_ms=65.624
[2026-08-11T08:48:12] SAMPLE t=27s phase=Congestion adaptation=with_ML throughput_gbps=8.2236 latency_ms=66.695
[2026-08-11T08:48:13] SAMPLE t=28s phase=Congestion adaptation=with_ML throughput_gbps=8.1797 latency_ms=64.1956
[2026-08-11T08:48:14] SAMPLE t=29s phase=Congestion adaptation=with_ML throughput_gbps=8.4336 latency_ms=65.8806
[2026-08-11T08:48:15] SAMPLE t=30s phase=Congestion adaptation=with_ML throughput_gbps=8.4619 latency_ms=66.6432
[2026-08-11T08:48:16] SAMPLE t=31s phase=Congestion adaptation=with_ML throughput_gbps=8.2055 latency_ms=65.5722
[2026-08-11T08:48:17] SAMPLE t=32s phase=Congestion adaptation=with_ML throughput_gbps=8.1704 latency_ms=66.0595
[2026-08-11T08:48:18] SAMPLE t=33s phase=Congestion adaptation=with_ML throughput_gbps=8.0132 latency_ms=67.0691
[2026-08-11T08:48:19] SAMPLE t=34s phase=Congestion adaptation=with_ML throughput_gbps=8.2169 latency_ms=67.1108
[2026-08-11T08:48:20] SAMPLE t=35s phase=Congestion adaptation=with_ML throughput_gbps=8.1355 latency_ms=66.2421
[2026-08-11T08:48:21] SAMPLE t=36s phase=Congestion adaptation=with_ML throughput_gbps=8.2264 latency_ms=65.9621
[2026-08-11T08:48:22] SAMPLE t=37s phase=Congestion adaptation=with_ML throughput_gbps=8.001 latency_ms=66.9304
[2026-08-11T08:48:23] SAMPLE t=38s phase=Congestion adaptation=with_ML throughput_gbps=8.5303 latency_ms=67.1199
[2026-08-11T08:48:24] SAMPLE t=39s phase=Congestion adaptation=with_ML throughput_gbps=8.2002 latency_ms=67.8387
[2026-08-11T08:48:25] SAMPLE t=40s phase=Path_change adaptation=with_ML throughput_gbps=7.942 latency_ms=67.0387
[2026-08-11T08:48:26] SAMPLE t=41s phase=Path_change adaptation=with_ML throughput_gbps=7.8819 latency_ms=67.1149
[2026-08-11T08:48:27] SAMPLE t=42s phase=Path_change adaptation=with_ML throughput_gbps=8.1056 latency_ms=67.6017
[2026-08-11T08:48:28] SAMPLE t=43s phase=Path_change adaptation=with_ML throughput_gbps=7.3695 latency_ms=68.9039
[2026-08-11T08:48:29] SAMPLE t=44s phase=Path_change adaptation=with_ML throughput_gbps=7.5983 latency_ms=69.3568
[2026-08-11T08:48:30] SAMPLE t=45s phase=Path_change adaptation=with_ML throughput_gbps=7.272 latency_ms=66.9354
[2026-08-11T08:48:31] SAMPLE t=46s phase=Path_change adaptation=with_ML throughput_gbps=7.1924 latency_ms=67.9135
[2026-08-11T08:48:32] SAMPLE t=47s phase=Path_change adaptation=with_ML throughput_gbps=7.4918 latency_ms=65.019
[2026-08-11T08:48:33] SAMPLE t=48s phase=Path_change adaptation=with_ML throughput_gbps=7.4831 latency_ms=68.3162
[2026-08-11T08:48:34] SAMPLE t=49s phase=Path_change adaptation=with_ML throughput_gbps=7.2322 latency_ms=67.6728
[2026-08-11T08:48:35] SAMPLE t=50s phase=Path_change adaptation=with_ML throughput_gbps=6.9115 latency_ms=69.2675
[2026-08-11T08:48:36] SAMPLE t=51s phase=Path_change adaptation=with_ML throughput_gbps=7.0565 latency_ms=65.503
[2026-08-11T08:48:37] SAMPLE t=52s phase=Path_change adaptation=with_ML throughput_gbps=7.1766 latency_ms=69.9378
[2026-08-11T08:48:38] SAMPLE t=53s phase=Path_change adaptation=with_ML throughput_gbps=7.0749 latency_ms=69.8724
[2026-08-11T08:48:39] SAMPLE t=54s phase=Path_change adaptation=with_ML throughput_gbps=7.4022 latency_ms=70.4452
[2026-08-11T08:48:40] SAMPLE t=55s phase=Path_change adaptation=with_ML throughput_gbps=7.6027 latency_ms=67.7544
[2026-08-11T08:48:41] SAMPLE t=56s phase=Path_change adaptation=with_ML throughput_gbps=7.637 latency_ms=66.7389
[2026-08-11T08:48:42] SAMPLE t=57s phase=Path_change adaptation=with_ML throughput_gbps=7.7131 latency_ms=67.6524
[2026-08-11T08:48:43] SAMPLE t=58s phase=Path_change adaptation=with_ML throughput_gbps=7.8329 latency_ms=66.7603
[2026-08-11T08:48:44] SAMPLE t=59s phase=Path_change adaptation=with_ML throughput_gbps=7.9041 latency_ms=65.5947
[2026-08-11T08:48:45] SAMPLE t=60s phase=Loss_spike adaptation=with_ML throughput_gbps=7.1773 latency_ms=70.5324
[2026-08-11T08:48:46] SAMPLE t=61s phase=Loss_spike adaptation=with_ML throughput_gbps=8.3238 latency_ms=71.3842
[2026-08-11T08:48:47] SAMPLE t=62s phase=Loss_spike adaptation=with_ML throughput_gbps=7.8891 latency_ms=68.074
[2026-08-11T08:48:48] SAMPLE t=63s phase=Loss_spike adaptation=with_ML throughput_gbps=6.4434 latency_ms=69.8051
[2026-08-11T08:48:49] SAMPLE t=64s phase=Loss_spike adaptation=with_ML throughput_gbps=6.2189 latency_ms=69.5706
[2026-08-11T08:48:50] SAMPLE t=65s phase=Loss_spike adaptation=with_ML throughput_gbps=7.6777 latency_ms=67.5392
[2026-08-11T08:48:51] SAMPLE t=66s phase=Loss_spike adaptation=with_ML throughput_gbps=8.7107 latency_ms=72.2627
[2026-08-11T08:48:52] SAMPLE t=67s phase=Loss_spike adaptation=with_ML throughput_gbps=7.9036 latency_ms=68.1378
[2026-08-11T08:48:53] SAMPLE t=68s phase=Loss_spike adaptation=with_ML throughput_gbps=6.3952 latency_ms=71.6564
[2026-08-11T08:48:54] SAMPLE t=69s phase=Loss_spike adaptation=with_ML throughput_gbps=6.3732 latency_ms=70.3084
[2026-08-11T08:48:55] SAMPLE t=70s phase=Loss_spike adaptation=with_ML throughput_gbps=7.4318 latency_ms=69.7751
[2026-08-11T08:48:56] SAMPLE t=71s phase=Loss_spike adaptation=with_ML throughput_gbps=8.2118 latency_ms=72.2732
[2026-08-11T08:48:57] SAMPLE t=72s phase=Loss_spike adaptation=with_ML throughput_gbps=7.8436 latency_ms=68.7593
[2026-08-11T08:48:58] SAMPLE t=73s phase=Loss_spike adaptation=with_ML throughput_gbps=6.8217 latency_ms=71.0431
[2026-08-11T08:48:59] SAMPLE t=74s phase=Loss_spike adaptation=with_ML throughput_gbps=6.4536 latency_ms=70.1704
[2026-08-11T08:49:00] SAMPLE t=75s phase=Loss_spike adaptation=with_ML throughput_gbps=6.8898 latency_ms=66.4461
[2026-08-11T08:49:01] SAMPLE t=76s phase=Loss_spike adaptation=with_ML throughput_gbps=8.0971 latency_ms=71.8991
[2026-08-11T08:49:02] SAMPLE t=77s phase=Loss_spike adaptation=with_ML throughput_gbps=7.787 latency_ms=67.2501
[2026-08-11T08:49:03] SAMPLE t=78s phase=Loss_spike adaptation=with_ML throughput_gbps=6.7585 latency_ms=69.7974
[2026-08-11T08:49:04] SAMPLE t=79s phase=Loss_spike adaptation=with_ML throughput_gbps=6.4759 latency_ms=71.4093
[2026-08-11T08:49:05] SAMPLE t=80s phase=Recovery adaptation=with_ML throughput_gbps=8.0284 latency_ms=64.9193
[2026-08-11T08:49:06] SAMPLE t=81s phase=Recovery adaptation=with_ML throughput_gbps=8.0921 latency_ms=66.6079
[2026-08-11T08:49:07] SAMPLE t=82s phase=Recovery adaptation=with_ML throughput_gbps=8.0185 latency_ms=65.8352
[2026-08-11T08:49:08] SAMPLE t=83s phase=Recovery adaptation=with_ML throughput_gbps=8.2813 latency_ms=66.5194
[2026-08-11T08:49:09] SAMPLE t=84s phase=Recovery adaptation=with_ML throughput_gbps=7.9485 latency_ms=66.7091
[2026-08-11T08:49:10] SAMPLE t=85s phase=Recovery adaptation=with_ML throughput_gbps=8.3849 latency_ms=65.7776
[2026-08-11T08:49:11] SAMPLE t=86s phase=Recovery adaptation=with_ML throughput_gbps=8.0862 latency_ms=65.7982
[2026-08-11T08:49:12] SAMPLE t=87s phase=Recovery adaptation=with_ML throughput_gbps=8.2218 latency_ms=67.7843
[2026-08-11T08:49:13] SAMPLE t=88s phase=Recovery adaptation=with_ML throughput_gbps=8.3239 latency_ms=69.4232
[2026-08-11T08:49:14] SAMPLE t=89s phase=Recovery adaptation=with_ML throughput_gbps=8.3343 latency_ms=64.3929
[2026-08-11T08:49:15] SAMPLE t=90s phase=Recovery adaptation=with_ML throughput_gbps=8.2135 latency_ms=66.3279
[2026-08-11T08:49:16] SAMPLE t=91s phase=Recovery adaptation=with_ML throughput_gbps=7.92 latency_ms=65.8999
[2026-08-11T08:49:17] SAMPLE t=92s phase=Recovery adaptation=with_ML throughput_gbps=8.3464 latency_ms=65.6232
[2026-08-11T08:49:18] SAMPLE t=93s phase=Recovery adaptation=with_ML throughput_gbps=8.5317 latency_ms=64.5646
[2026-08-11T08:49:19] SAMPLE t=94s phase=Recovery adaptation=with_ML throughput_gbps=8.4547 latency_ms=64.7495
[2026-08-11T08:49:20] SAMPLE t=95s phase=Recovery adaptation=with_ML throughput_gbps=8.5704 latency_ms=66.7292
[2026-08-11T08:49:21] SAMPLE t=96s phase=Recovery adaptation=with_ML throughput_gbps=8.4473 latency_ms=66.9386
[2026-08-11T08:49:22] SAMPLE t=97s phase=Recovery adaptation=with_ML throughput_gbps=8.5805 latency_ms=64.2222
[2026-08-11T08:49:23] SAMPLE t=98s phase=Recovery adaptation=with_ML throughput_gbps=8.5364 latency_ms=66.0715
[2026-08-11T08:49:24] SAMPLE t=99s phase=Recovery adaptation=with_ML throughput_gbps=8.4181 latency_ms=63.0264
[2026-08-11T08:47:45] SAMPLE t=0s phase=Stable adaptation=without_ML throughput_gbps=7.7672 latency_ms=64.1937
[2026-08-11T08:47:46] SAMPLE t=1s phase=Stable adaptation=without_ML throughput_gbps=7.946 latency_ms=67.8927
[2026-08-11T08:47:47] SAMPLE t=2s phase=Stable adaptation=without_ML throughput_gbps=8.5001 latency_ms=67.8164
[2026-08-11T08:47:48] SAMPLE t=3s phase=Stable adaptation=without_ML throughput_gbps=8.0932 latency_ms=65.8163
[2026-08-11T08:47:49] SAMPLE t=4s phase=Stable adaptation=without_ML throughput_gbps=7.8571 latency_ms=65.8193
[2026-08-11T08:47:50] SAMPLE t=5s phase=Stable adaptation=without_ML throughput_gbps=7.6323 latency_ms=66.5351
[2026-08-11T08:47:51] SAMPLE t=6s phase=Stable adaptation=without_ML throughput_gbps=8.4367 latency_ms=65.899
[2026-08-11T08:47:52] SAMPLE t=7s phase=Stable adaptation=without_ML throughput_gbps=7.7732 latency_ms=64.8966
[2026-08-11T08:47:53] SAMPLE t=8s phase=Stable adaptation=without_ML throughput_gbps=7.8341 latency_ms=65.9609
[2026-08-11T08:47:54] SAMPLE t=9s phase=Stable adaptation=without_ML throughput_gbps=8.4266 latency_ms=66.8793
[2026-08-11T08:47:55] SAMPLE t=10s phase=Stable adaptation=without_ML throughput_gbps=8.307 latency_ms=65.1624
[2026-08-11T08:47:56] SAMPLE t=11s phase=Stable adaptation=without_ML throughput_gbps=7.948 latency_ms=66.6885
[2026-08-11T08:47:57] SAMPLE t=12s phase=Stable adaptation=without_ML throughput_gbps=7.8318 latency_ms=66.5861
[2026-08-11T08:47:58] SAMPLE t=13s phase=Stable adaptation=without_ML throughput_gbps=8.2745 latency_ms=64.1275
[2026-08-11T08:47:59] SAMPLE t=14s phase=Stable adaptation=without_ML throughput_gbps=8.0459 latency_ms=65.8358
[2026-08-11T08:48:00] SAMPLE t=15s phase=Stable adaptation=without_ML throughput_gbps=8.279 latency_ms=66.1998
[2026-08-11T08:48:01] SAMPLE t=16s phase=Stable adaptation=without_ML throughput_gbps=8.1939 latency_ms=67.6844
[2026-08-11T08:48:02] SAMPLE t=17s phase=Stable adaptation=without_ML throughput_gbps=8.1218 latency_ms=64.934
[2026-08-11T08:48:03] SAMPLE t=18s phase=Stable adaptation=without_ML throughput_gbps=7.7151 latency_ms=66.7606
[2026-08-11T08:48:04] SAMPLE t=19s phase=Stable adaptation=without_ML throughput_gbps=8.3813 latency_ms=65.8467
[2026-08-11T08:48:05] SAMPLE t=20s phase=Congestion adaptation=without_ML throughput_gbps=7.9138 latency_ms=65.8519
[2026-08-11T08:48:06] SAMPLE t=21s phase=Congestion adaptation=without_ML throughput_gbps=8.0175 latency_ms=66.5029
[2026-08-11T08:48:07] SAMPLE t=22s phase=Congestion adaptation=without_ML throughput_gbps=7.9387 latency_ms=65.7925
[2026-08-11T08:48:08] SAMPLE t=23s phase=Congestion adaptation=without_ML throughput_gbps=7.9063 latency_ms=66.3242
[2026-08-11T08:48:09] SAMPLE t=24s phase=Congestion adaptation=without_ML throughput_gbps=8.4216 latency_ms=65.7998
[2026-08-11T08:48:10] SAMPLE t=25s phase=Congestion adaptation=without_ML throughput_gbps=7.8652 latency_ms=66.4869
[2026-08-11T08:48:11] SAMPLE t=26s phase=Congestion adaptation=without_ML throughput_gbps=7.995 latency_ms=67.4498
[2026-08-11T08:48:12] SAMPLE t=27s phase=Congestion adaptation=without_ML throughput_gbps=8.0659 latency_ms=66.9094
[2026-08-11T08:48:13] SAMPLE t=28s phase=Congestion adaptation=without_ML throughput_gbps=8.3352 latency_ms=67.4708
[2026-08-11T08:48:14] SAMPLE t=29s phase=Congestion adaptation=without_ML throughput_gbps=8.4771 latency_ms=66.0975
[2026-08-11T08:48:15] SAMPLE t=30s phase=Congestion adaptation=without_ML throughput_gbps=7.7991 latency_ms=64.3038
[2026-08-11T08:48:16] SAMPLE t=31s phase=Congestion adaptation=without_ML throughput_gbps=7.9184 latency_ms=66.8854
[2026-08-11T08:48:17] SAMPLE t=32s phase=Congestion adaptation=without_ML throughput_gbps=7.6972 latency_ms=66.0398
[2026-08-11T08:48:18] SAMPLE t=33s phase=Congestion adaptation=without_ML throughput_gbps=7.9604 latency_ms=67.4999
[2026-08-11T08:48:19] SAMPLE t=34s phase=Congestion adaptation=without_ML throughput_gbps=8.0652 latency_ms=65.7459
[2026-08-11T08:48:20] SAMPLE t=35s phase=Congestion adaptation=without_ML throughput_gbps=8.25 latency_ms=64.9779
[2026-08-11T08:48:21] SAMPLE t=36s phase=Congestion adaptation=without_ML throughput_gbps=8.1537 latency_ms=65.3907
[2026-08-11T08:48:22] SAMPLE t=37s phase=Congestion adaptation=without_ML throughput_gbps=7.7091 latency_ms=66.0402
[2026-08-11T08:48:23] SAMPLE t=38s phase=Congestion adaptation=without_ML throughput_gbps=8.03 latency_ms=65.9988
[2026-08-11T08:48:24] SAMPLE t=39s phase=Congestion adaptation=without_ML throughput_gbps=7.8671 latency_ms=68.2884
[2026-08-11T08:48:25] SAMPLE t=40s phase=Path_change adaptation=without_ML throughput_gbps=7.5464 latency_ms=65.2337
[2026-08-11T08:48:26] SAMPLE t=41s phase=Path_change adaptation=without_ML throughput_gbps=7.1896 latency_ms=65.9521
[2026-08-11T08:48:27] SAMPLE t=42s phase=Path_change adaptation=without_ML throughput_gbps=7.4702 latency_ms=66.2954
[2026-08-11T08:48:28] SAMPLE t=43s phase=Path_change adaptation=without_ML throughput_gbps=6.7003 latency_ms=69.6136
[2026-08-11T08:48:29] SAMPLE t=44s phase=Path_change adaptation=without_ML throughput_gbps=6.6089 latency_ms=68.2999
[2026-08-11T08:48:30] SAMPLE t=45s phase=Path_change adaptation=without_ML throughput_gbps=6.6298 latency_ms=70.2222
[2026-08-11T08:48:31] SAMPLE t=46s phase=Path_change adaptation=without_ML throughput_gbps=6.2301 latency_ms=70.5766
[2026-08-11T08:48:32] SAMPLE t=47s phase=Path_change adaptation=without_ML throughput_gbps=5.9642 latency_ms=71.6326
[2026-08-11T08:48:33] SAMPLE t=48s phase=Path_change adaptation=without_ML throughput_gbps=5.6763 latency_ms=72.9771
[2026-08-11T08:48:34] SAMPLE t=49s phase=Path_change adaptation=without_ML throughput_gbps=5.6295 latency_ms=69.575
[2026-08-11T08:48:35] SAMPLE t=50s phase=Path_change adaptation=without_ML throughput_gbps=5.5607 latency_ms=76.2273
[2026-08-11T08:48:36] SAMPLE t=51s phase=Path_change adaptation=without_ML throughput_gbps=5.9124 latency_ms=73.632
[2026-08-11T08:48:37] SAMPLE t=52s phase=Path_change adaptation=without_ML throughput_gbps=5.8897 latency_ms=74.8935
[2026-08-11T08:48:38] SAMPLE t=53s phase=Path_change adaptation=without_ML throughput_gbps=5.9589 latency_ms=74.6056
[2026-08-11T08:48:39] SAMPLE t=54s phase=Path_change adaptation=without_ML throughput_gbps=5.9148 latency_ms=69.5112
[2026-08-11T08:48:40] SAMPLE t=55s phase=Path_change adaptation=without_ML throughput_gbps=6.3973 latency_ms=70.198
[2026-08-11T08:48:41] SAMPLE t=56s phase=Path_change adaptation=without_ML throughput_gbps=6.6675 latency_ms=69.999
[2026-08-11T08:48:42] SAMPLE t=57s phase=Path_change adaptation=without_ML throughput_gbps=6.9689 latency_ms=68.1724
[2026-08-11T08:48:43] SAMPLE t=58s phase=Path_change adaptation=without_ML throughput_gbps=7.3496 latency_ms=69.7547
[2026-08-11T08:48:44] SAMPLE t=59s phase=Path_change adaptation=without_ML throughput_gbps=7.679 latency_ms=69.6287
[2026-08-11T08:48:45] SAMPLE t=60s phase=Loss_spike adaptation=without_ML throughput_gbps=6.3522 latency_ms=70.6283
[2026-08-11T08:48:46] SAMPLE t=61s phase=Loss_spike adaptation=without_ML throughput_gbps=8.3007 latency_ms=80.2934
[2026-08-11T08:48:47] SAMPLE t=62s phase=Loss_spike adaptation=without_ML throughput_gbps=7.3651 latency_ms=79.5313
[2026-08-11T08:48:48] SAMPLE t=63s phase=Loss_spike adaptation=without_ML throughput_gbps=5.0753 latency_ms=75.8766
[2026-08-11T08:48:49] SAMPLE t=64s phase=Loss_spike adaptation=without_ML throughput_gbps=4.343 latency_ms=79.3078
[2026-08-11T08:48:50] SAMPLE t=65s phase=Loss_spike adaptation=without_ML throughput_gbps=6.2308 latency_ms=69.8529
[2026-08-11T08:48:51] SAMPLE t=66s phase=Loss_spike adaptation=without_ML throughput_gbps=8.2636 latency_ms=78.1225
[2026-08-11T08:48:52] SAMPLE t=67s phase=Loss_spike adaptation=without_ML throughput_gbps=7.8481 latency_ms=74.6866
[2026-08-11T08:48:53] SAMPLE t=68s phase=Loss_spike adaptation=without_ML throughput_gbps=4.8854 latency_ms=74.2192
[2026-08-11T08:48:54] SAMPLE t=69s phase=Loss_spike adaptation=without_ML throughput_gbps=4.0507 latency_ms=79.4113
[2026-08-11T08:48:55] SAMPLE t=70s phase=Loss_spike adaptation=without_ML throughput_gbps=5.9832 latency_ms=69.7772
[2026-08-11T08:48:56] SAMPLE t=71s phase=Loss_spike adaptation=without_ML throughput_gbps=8.4717 latency_ms=81.2931
[2026-08-11T08:48:57] SAMPLE t=72s phase=Loss_spike adaptation=without_ML throughput_gbps=7.3886 latency_ms=76.4588
[2026-08-11T08:48:58] SAMPLE t=73s phase=Loss_spike adaptation=without_ML throughput_gbps=4.5202 latency_ms=74.0298
[2026-08-11T08:48:59] SAMPLE t=74s phase=Loss_spike adaptation=without_ML throughput_gbps=4.0167 latency_ms=82.5107
[2026-08-11T08:49:00] SAMPLE t=75s phase=Loss_spike adaptation=without_ML throughput_gbps=6.397 latency_ms=67.6599
[2026-08-11T08:49:01] SAMPLE t=76s phase=Loss_spike adaptation=without_ML throughput_gbps=8.1912 latency_ms=77.2727
[2026-08-11T08:49:02] SAMPLE t=77s phase=Loss_spike adaptation=without_ML throughput_gbps=7.5615 latency_ms=76.889
[2026-08-11T08:49:03] SAMPLE t=78s phase=Loss_spike adaptation=without_ML throughput_gbps=4.7832 latency_ms=76.7762
[2026-08-11T08:49:04] SAMPLE t=79s phase=Loss_spike adaptation=without_ML throughput_gbps=3.8478 latency_ms=80.3807
[2026-08-11T08:49:05] SAMPLE t=80s phase=Recovery adaptation=without_ML throughput_gbps=7.9071 latency_ms=69.8415
[2026-08-11T08:49:06] SAMPLE t=81s phase=Recovery adaptation=without_ML throughput_gbps=8.0188 latency_ms=66.2029
[2026-08-11T08:49:07] SAMPLE t=82s phase=Recovery adaptation=without_ML throughput_gbps=7.9274 latency_ms=63.0738
[2026-08-11T08:49:08] SAMPLE t=83s phase=Recovery adaptation=without_ML throughput_gbps=8.0289 latency_ms=66.9209
[2026-08-11T08:49:09] SAMPLE t=84s phase=Recovery adaptation=without_ML throughput_gbps=8.0223 latency_ms=65.7806
[2026-08-11T08:49:10] SAMPLE t=85s phase=Recovery adaptation=without_ML throughput_gbps=7.8165 latency_ms=66.4902
[2026-08-11T08:49:11] SAMPLE t=86s phase=Recovery adaptation=without_ML throughput_gbps=8.2348 latency_ms=65.8469
[2026-08-11T08:49:12] SAMPLE t=87s phase=Recovery adaptation=without_ML throughput_gbps=7.9412 latency_ms=67.5217
[2026-08-11T08:49:13] SAMPLE t=88s phase=Recovery adaptation=without_ML throughput_gbps=8.1378 latency_ms=66.9747
[2026-08-11T08:49:14] SAMPLE t=89s phase=Recovery adaptation=without_ML throughput_gbps=8.186 latency_ms=64.8523
[2026-08-11T08:49:15] SAMPLE t=90s phase=Recovery adaptation=without_ML throughput_gbps=7.773 latency_ms=65.9979
[2026-08-11T08:49:16] SAMPLE t=91s phase=Recovery adaptation=without_ML throughput_gbps=8.2317 latency_ms=66.4174
[2026-08-11T08:49:17] SAMPLE t=92s phase=Recovery adaptation=without_ML throughput_gbps=8.0068 latency_ms=64.7077
[2026-08-11T08:49:18] SAMPLE t=93s phase=Recovery adaptation=without_ML throughput_gbps=7.9084 latency_ms=66.6431
[2026-08-11T08:49:19] SAMPLE t=94s phase=Recovery adaptation=without_ML throughput_gbps=8.0376 latency_ms=64.9845
[2026-08-11T08:49:20] SAMPLE t=95s phase=Recovery adaptation=without_ML throughput_gbps=7.8605 latency_ms=63.8475
[2026-08-11T08:49:21] SAMPLE t=96s phase=Recovery adaptation=without_ML throughput_gbps=7.8283 latency_ms=64.7577
[2026-08-11T08:49:22] SAMPLE t=97s phase=Recovery adaptation=without_ML throughput_gbps=7.7804 latency_ms=66.5982
[2026-08-11T08:49:23] SAMPLE t=98s phase=Recovery adaptation=without_ML throughput_gbps=7.8464 latency_ms=65.1085
[2026-08-11T08:49:24] SAMPLE t=99s phase=Recovery adaptation=without_ML throughput_gbps=8.471 latency_ms=63.8384
[2026-08-11T08:47:45] TRACE_END run_id=73 status=OK
[2026-08-11T23:17:11] TRACE_START run_id=74
[2026-08-11T23:17:11] SAMPLE t=0s phase=Stable adaptation=with_ML throughput_gbps=7.9291 latency_ms=67.8646
[2026-08-11T23:17:12] SAMPLE t=1s phase=Stable adaptation=with_ML throughput_gbps=8.1524 latency_ms=69.4275
[2026-08-11T23:17:13] SAMPLE t=2s phase=Stable adaptation=with_ML throughput_gbps=8.3492 latency_ms=66.9853
[2026-08-11T23:17:14] SAMPLE t=3s phase=Stable adaptation=with_ML throughput_gbps=8.0786 latency_ms=64.7201
[2026-08-11T23:17:15] SAMPLE t=4s phase=Stable adaptation=with_ML throughput_gbps=8.353 latency_ms=67.3855
[2026-08-11T23:17:16] SAMPLE t=5s phase=Stable adaptation=with_ML throughput_gbps=8.3633 latency_ms=65.3556
[2026-08-11T23:17:17] SAMPLE t=6s phase=Stable adaptation=with_ML throughput_gbps=7.8533 latency_ms=67.6891
[2026-08-11T23:17:18] SAMPLE t=7s phase=Stable adaptation=with_ML throughput_gbps=8.3516 latency_ms=67.8826
[2026-08-11T23:17:19] SAMPLE t=8s phase=Stable adaptation=with_ML throughput_gbps=8.1112 latency_ms=65.2468
[2026-08-11T23:17:20] SAMPLE t=9s phase=Stable adaptation=with_ML throughput_gbps=7.9814 latency_ms=65.3063
[2026-08-11T23:17:21] SAMPLE t=10s phase=Stable adaptation=with_ML throughput_gbps=8.4203 latency_ms=66.6762
[2026-08-11T23:17:22] SAMPLE t=11s phase=Stable adaptation=with_ML throughput_gbps=7.6889 latency_ms=64.9371
[2026-08-11T23:17:23] SAMPLE t=12s phase=Stable adaptation=with_ML throughput_gbps=8.223 latency_ms=64.9735
[2026-08-11T23:17:24] SAMPLE t=13s phase=Stable adaptation=with_ML throughput_gbps=8.2445 latency_ms=65.4007
[2026-08-11T23:17:25] SAMPLE t=14s phase=Stable adaptation=with_ML throughput_gbps=8.2727 latency_ms=67.137
[2026-08-11T23:17:26] SAMPLE t=15s phase=Stable adaptation=with_ML throughput_gbps=8.4685 latency_ms=68.4984
[2026-08-11T23:17:27] SAMPLE t=16s phase=Stable adaptation=with_ML throughput_gbps=8.2578 latency_ms=65.6208
[2026-08-11T23:17:28] SAMPLE t=17s phase=Stable adaptation=with_ML throughput_gbps=8.0747 latency_ms=66.6779
[2026-08-11T23:17:29] SAMPLE t=18s phase=Stable adaptation=with_ML throughput_gbps=8.2547 latency_ms=67.7105
[2026-08-11T23:17:30] SAMPLE t=19s phase=Stable adaptation=with_ML throughput_gbps=8.1758 latency_ms=65.8345
[2026-08-11T23:17:31] SAMPLE t=20s phase=Congestion adaptation=with_ML throughput_gbps=7.6417 latency_ms=67.1871
[2026-08-11T23:17:32] SAMPLE t=21s phase=Congestion adaptation=with_ML throughput_gbps=8.6035 latency_ms=65.0995
[2026-08-11T23:17:33] SAMPLE t=22s phase=Congestion adaptation=with_ML throughput_gbps=8.5237 latency_ms=67.0588
[2026-08-11T23:17:34] SAMPLE t=23s phase=Congestion adaptation=with_ML throughput_gbps=7.8046 latency_ms=65.591
[2026-08-11T23:17:35] SAMPLE t=24s phase=Congestion adaptation=with_ML throughput_gbps=7.9371 latency_ms=68.1128
[2026-08-11T23:17:36] SAMPLE t=25s phase=Congestion adaptation=with_ML throughput_gbps=8.2905 latency_ms=67.218
[2026-08-11T23:17:37] SAMPLE t=26s phase=Congestion adaptation=with_ML throughput_gbps=8.3488 latency_ms=66.0934
[2026-08-11T23:17:38] SAMPLE t=27s phase=Congestion adaptation=with_ML throughput_gbps=8.1426 latency_ms=68.205
[2026-08-11T23:17:39] SAMPLE t=28s phase=Congestion adaptation=with_ML throughput_gbps=8.0824 latency_ms=67.0659
[2026-08-11T23:17:40] SAMPLE t=29s phase=Congestion adaptation=with_ML throughput_gbps=8.2709 latency_ms=67.0997
[2026-08-11T23:17:41] SAMPLE t=30s phase=Congestion adaptation=with_ML throughput_gbps=8.2 latency_ms=65.7988
[2026-08-11T23:17:42] SAMPLE t=31s phase=Congestion adaptation=with_ML throughput_gbps=8.0722 latency_ms=68.7029
[2026-08-11T23:17:43] SAMPLE t=32s phase=Congestion adaptation=with_ML throughput_gbps=8.2357 latency_ms=66.5793
[2026-08-11T23:17:44] SAMPLE t=33s phase=Congestion adaptation=with_ML throughput_gbps=8.3011 latency_ms=65.2563
[2026-08-11T23:17:45] SAMPLE t=34s phase=Congestion adaptation=with_ML throughput_gbps=7.9646 latency_ms=67.909
[2026-08-11T23:17:46] SAMPLE t=35s phase=Congestion adaptation=with_ML throughput_gbps=8.066 latency_ms=65.3386
[2026-08-11T23:17:47] SAMPLE t=36s phase=Congestion adaptation=with_ML throughput_gbps=8.1911 latency_ms=66.9828
[2026-08-11T23:17:48] SAMPLE t=37s phase=Congestion adaptation=with_ML throughput_gbps=7.9919 latency_ms=66.5877
[2026-08-11T23:17:49] SAMPLE t=38s phase=Congestion adaptation=with_ML throughput_gbps=8.479 latency_ms=66.2867
[2026-08-11T23:17:50] SAMPLE t=39s phase=Congestion adaptation=with_ML throughput_gbps=8.2535 latency_ms=66.6107
[2026-08-11T23:17:51] SAMPLE t=40s phase=Path_change adaptation=with_ML throughput_gbps=7.7651 latency_ms=65.6627
[2026-08-11T23:17:52] SAMPLE t=41s phase=Path_change adaptation=with_ML throughput_gbps=7.9822 latency_ms=67.3095
[2026-08-11T23:17:53] SAMPLE t=42s phase=Path_change adaptation=with_ML throughput_gbps=7.9846 latency_ms=67.9837
[2026-08-11T23:17:54] SAMPLE t=43s phase=Path_change adaptation=with_ML throughput_gbps=7.6549 latency_ms=66.6315
[2026-08-11T23:17:55] SAMPLE t=44s phase=Path_change adaptation=with_ML throughput_gbps=7.7706 latency_ms=68.3531
[2026-08-11T23:17:56] SAMPLE t=45s phase=Path_change adaptation=with_ML throughput_gbps=7.1496 latency_ms=68.6808
[2026-08-11T23:17:57] SAMPLE t=46s phase=Path_change adaptation=with_ML throughput_gbps=7.1591 latency_ms=67.5759
[2026-08-11T23:17:58] SAMPLE t=47s phase=Path_change adaptation=with_ML throughput_gbps=7.6574 latency_ms=68.3432
[2026-08-11T23:17:59] SAMPLE t=48s phase=Path_change adaptation=with_ML throughput_gbps=7.2838 latency_ms=68.7525
[2026-08-11T23:18:00] SAMPLE t=49s phase=Path_change adaptation=with_ML throughput_gbps=7.3077 latency_ms=70.085
[2026-08-11T23:18:01] SAMPLE t=50s phase=Path_change adaptation=with_ML throughput_gbps=6.9784 latency_ms=68.4558
[2026-08-11T23:18:02] SAMPLE t=51s phase=Path_change adaptation=with_ML throughput_gbps=7.0064 latency_ms=68.3907
[2026-08-11T23:18:03] SAMPLE t=52s phase=Path_change adaptation=with_ML throughput_gbps=7.1867 latency_ms=68.4615
[2026-08-11T23:18:04] SAMPLE t=53s phase=Path_change adaptation=with_ML throughput_gbps=7.623 latency_ms=67.776
[2026-08-11T23:18:05] SAMPLE t=54s phase=Path_change adaptation=with_ML throughput_gbps=7.4428 latency_ms=68.6465
[2026-08-11T23:18:06] SAMPLE t=55s phase=Path_change adaptation=with_ML throughput_gbps=7.5796 latency_ms=69.876
[2026-08-11T23:18:07] SAMPLE t=56s phase=Path_change adaptation=with_ML throughput_gbps=7.5163 latency_ms=68.4244
[2026-08-11T23:18:08] SAMPLE t=57s phase=Path_change adaptation=with_ML throughput_gbps=7.5229 latency_ms=66.135
[2026-08-11T23:18:09] SAMPLE t=58s phase=Path_change adaptation=with_ML throughput_gbps=7.7659 latency_ms=68.4718
[2026-08-11T23:18:10] SAMPLE t=59s phase=Path_change adaptation=with_ML throughput_gbps=7.9549 latency_ms=68.2944
[2026-08-11T23:18:11] SAMPLE t=60s phase=Loss_spike adaptation=with_ML throughput_gbps=7.1629 latency_ms=67.1175
[2026-08-11T23:18:12] SAMPLE t=61s phase=Loss_spike adaptation=with_ML throughput_gbps=8.6386 latency_ms=69.5466
[2026-08-11T23:18:13] SAMPLE t=62s phase=Loss_spike adaptation=with_ML throughput_gbps=7.7207 latency_ms=68.543
[2026-08-11T23:18:14] SAMPLE t=63s phase=Loss_spike adaptation=with_ML throughput_gbps=6.8384 latency_ms=69.7017
[2026-08-11T23:18:15] SAMPLE t=64s phase=Loss_spike adaptation=with_ML throughput_gbps=6.267 latency_ms=71.4243
[2026-08-11T23:18:16] SAMPLE t=65s phase=Loss_spike adaptation=with_ML throughput_gbps=6.9899 latency_ms=69.5652
[2026-08-11T23:18:17] SAMPLE t=66s phase=Loss_spike adaptation=with_ML throughput_gbps=8.4064 latency_ms=70.6673
[2026-08-11T23:18:18] SAMPLE t=67s phase=Loss_spike adaptation=with_ML throughput_gbps=8.2752 latency_ms=70.4923
[2026-08-11T23:18:19] SAMPLE t=68s phase=Loss_spike adaptation=with_ML throughput_gbps=6.4313 latency_ms=69.0954
[2026-08-11T23:18:20] SAMPLE t=69s phase=Loss_spike adaptation=with_ML throughput_gbps=6.2392 latency_ms=71.3321
[2026-08-11T23:18:21] SAMPLE t=70s phase=Loss_spike adaptation=with_ML throughput_gbps=7.2225 latency_ms=67.2726
[2026-08-11T23:18:22] SAMPLE t=71s phase=Loss_spike adaptation=with_ML throughput_gbps=8.4255 latency_ms=69.5864
[2026-08-11T23:18:23] SAMPLE t=72s phase=Loss_spike adaptation=with_ML throughput_gbps=7.7207 latency_ms=71.186
[2026-08-11T23:18:24] SAMPLE t=73s phase=Loss_spike adaptation=with_ML throughput_gbps=6.8693 latency_ms=68.581
[2026-08-11T23:18:25] SAMPLE t=74s phase=Loss_spike adaptation=with_ML throughput_gbps=6.4867 latency_ms=71.8431
[2026-08-11T23:18:26] SAMPLE t=75s phase=Loss_spike adaptation=with_ML throughput_gbps=7.0366 latency_ms=70.9308
[2026-08-11T23:18:27] SAMPLE t=76s phase=Loss_spike adaptation=with_ML throughput_gbps=8.7259 latency_ms=70.1558
[2026-08-11T23:18:28] SAMPLE t=77s phase=Loss_spike adaptation=with_ML throughput_gbps=7.7362 latency_ms=69.5049
[2026-08-11T23:18:29] SAMPLE t=78s phase=Loss_spike adaptation=with_ML throughput_gbps=6.4793 latency_ms=69.6719
[2026-08-11T23:18:30] SAMPLE t=79s phase=Loss_spike adaptation=with_ML throughput_gbps=5.9735 latency_ms=71.0667
[2026-08-11T23:18:31] SAMPLE t=80s phase=Recovery adaptation=with_ML throughput_gbps=7.7521 latency_ms=66.0117
[2026-08-11T23:18:32] SAMPLE t=81s phase=Recovery adaptation=with_ML throughput_gbps=7.9758 latency_ms=66.2121
[2026-08-11T23:18:33] SAMPLE t=82s phase=Recovery adaptation=with_ML throughput_gbps=8.1309 latency_ms=66.4757
[2026-08-11T23:18:34] SAMPLE t=83s phase=Recovery adaptation=with_ML throughput_gbps=7.9211 latency_ms=65.2628
[2026-08-11T23:18:35] SAMPLE t=84s phase=Recovery adaptation=with_ML throughput_gbps=8.2365 latency_ms=64.6974
[2026-08-11T23:18:36] SAMPLE t=85s phase=Recovery adaptation=with_ML throughput_gbps=8.3985 latency_ms=64.9453
[2026-08-11T23:18:37] SAMPLE t=86s phase=Recovery adaptation=with_ML throughput_gbps=8.0147 latency_ms=65.3341
[2026-08-11T23:18:38] SAMPLE t=87s phase=Recovery adaptation=with_ML throughput_gbps=8.468 latency_ms=68.3177
[2026-08-11T23:18:39] SAMPLE t=88s phase=Recovery adaptation=with_ML throughput_gbps=8.0131 latency_ms=65.9476
[2026-08-11T23:18:40] SAMPLE t=89s phase=Recovery adaptation=with_ML throughput_gbps=8.3386 latency_ms=65.3058
[2026-08-11T23:18:41] SAMPLE t=90s phase=Recovery adaptation=with_ML throughput_gbps=7.7432 latency_ms=66.3682
[2026-08-11T23:18:42] SAMPLE t=91s phase=Recovery adaptation=with_ML throughput_gbps=8.4567 latency_ms=66.0025
[2026-08-11T23:18:43] SAMPLE t=92s phase=Recovery adaptation=with_ML throughput_gbps=8.2835 latency_ms=66.1717
[2026-08-11T23:18:44] SAMPLE t=93s phase=Recovery adaptation=with_ML throughput_gbps=8.2822 latency_ms=64.5083
[2026-08-11T23:18:45] SAMPLE t=94s phase=Recovery adaptation=with_ML throughput_gbps=8.4515 latency_ms=67.3193
[2026-08-11T23:18:46] SAMPLE t=95s phase=Recovery adaptation=with_ML throughput_gbps=8.1788 latency_ms=63.3081
[2026-08-11T23:18:47] SAMPLE t=96s phase=Recovery adaptation=with_ML throughput_gbps=8.1498 latency_ms=64.5954
[2026-08-11T23:18:48] SAMPLE t=97s phase=Recovery adaptation=with_ML throughput_gbps=8.8891 latency_ms=64.9578
[2026-08-11T23:18:49] SAMPLE t=98s phase=Recovery adaptation=with_ML throughput_gbps=8.2629 latency_ms=67.1492
[2026-08-11T23:18:50] SAMPLE t=99s phase=Recovery adaptation=with_ML throughput_gbps=8.2911 latency_ms=64.6341
[2026-08-11T23:17:11] SAMPLE t=0s phase=Stable adaptation=without_ML throughput_gbps=7.8154 latency_ms=66.7325
[2026-08-11T23:17:12] SAMPLE t=1s phase=Stable adaptation=without_ML throughput_gbps=7.399 latency_ms=65.2022
[2026-08-11T23:17:13] SAMPLE t=2s phase=Stable adaptation=without_ML throughput_gbps=7.5986 latency_ms=65.2629
[2026-08-11T23:17:14] SAMPLE t=3s phase=Stable adaptation=without_ML throughput_gbps=7.7685 latency_ms=64.7306
[2026-08-11T23:17:15] SAMPLE t=4s phase=Stable adaptation=without_ML throughput_gbps=8.0639 latency_ms=64.7259
[2026-08-11T23:17:16] SAMPLE t=5s phase=Stable adaptation=without_ML throughput_gbps=7.9484 latency_ms=64.6818
[2026-08-11T23:17:17] SAMPLE t=6s phase=Stable adaptation=without_ML throughput_gbps=7.7774 latency_ms=67.5157
[2026-08-11T23:17:18] SAMPLE t=7s phase=Stable adaptation=without_ML throughput_gbps=8.2998 latency_ms=63.9153
[2026-08-11T23:17:19] SAMPLE t=8s phase=Stable adaptation=without_ML throughput_gbps=8.0939 latency_ms=64.8074
[2026-08-11T23:17:20] SAMPLE t=9s phase=Stable adaptation=without_ML throughput_gbps=7.8391 latency_ms=65.3649
[2026-08-11T23:17:21] SAMPLE t=10s phase=Stable adaptation=without_ML throughput_gbps=8.2413 latency_ms=65.6889
[2026-08-11T23:17:22] SAMPLE t=11s phase=Stable adaptation=without_ML throughput_gbps=8.0346 latency_ms=63.6057
[2026-08-11T23:17:23] SAMPLE t=12s phase=Stable adaptation=without_ML throughput_gbps=7.8145 latency_ms=63.2943
[2026-08-11T23:17:24] SAMPLE t=13s phase=Stable adaptation=without_ML throughput_gbps=7.9937 latency_ms=67.8036
[2026-08-11T23:17:25] SAMPLE t=14s phase=Stable adaptation=without_ML throughput_gbps=8.6206 latency_ms=66.1594
[2026-08-11T23:17:26] SAMPLE t=15s phase=Stable adaptation=without_ML throughput_gbps=7.687 latency_ms=64.5393
[2026-08-11T23:17:27] SAMPLE t=16s phase=Stable adaptation=without_ML throughput_gbps=7.8356 latency_ms=66.0737
[2026-08-11T23:17:28] SAMPLE t=17s phase=Stable adaptation=without_ML throughput_gbps=7.8143 latency_ms=65.6961
[2026-08-11T23:17:29] SAMPLE t=18s phase=Stable adaptation=without_ML throughput_gbps=7.8647 latency_ms=65.8773
[2026-08-11T23:17:30] SAMPLE t=19s phase=Stable adaptation=without_ML throughput_gbps=7.8252 latency_ms=64.3114
[2026-08-11T23:17:31] SAMPLE t=20s phase=Congestion adaptation=without_ML throughput_gbps=7.899 latency_ms=64.7099
[2026-08-11T23:17:32] SAMPLE t=21s phase=Congestion adaptation=without_ML throughput_gbps=8.3234 latency_ms=67.3958
[2026-08-11T23:17:33] SAMPLE t=22s phase=Congestion adaptation=without_ML throughput_gbps=7.6258 latency_ms=65.3072
[2026-08-11T23:17:34] SAMPLE t=23s phase=Congestion adaptation=without_ML throughput_gbps=8.3374 latency_ms=67.947
[2026-08-11T23:17:35] SAMPLE t=24s phase=Congestion adaptation=without_ML throughput_gbps=8.09 latency_ms=66.0644
[2026-08-11T23:17:36] SAMPLE t=25s phase=Congestion adaptation=without_ML throughput_gbps=7.9955 latency_ms=66.2221
[2026-08-11T23:17:37] SAMPLE t=26s phase=Congestion adaptation=without_ML throughput_gbps=8.1052 latency_ms=66.123
[2026-08-11T23:17:38] SAMPLE t=27s phase=Congestion adaptation=without_ML throughput_gbps=7.6939 latency_ms=64.5352
[2026-08-11T23:17:39] SAMPLE t=28s phase=Congestion adaptation=without_ML throughput_gbps=7.8883 latency_ms=65.6768
[2026-08-11T23:17:40] SAMPLE t=29s phase=Congestion adaptation=without_ML throughput_gbps=8.2072 latency_ms=65.5558
[2026-08-11T23:17:41] SAMPLE t=30s phase=Congestion adaptation=without_ML throughput_gbps=7.4651 latency_ms=65.3314
[2026-08-11T23:17:42] SAMPLE t=31s phase=Congestion adaptation=without_ML throughput_gbps=7.8004 latency_ms=65.4518
[2026-08-11T23:17:43] SAMPLE t=32s phase=Congestion adaptation=without_ML throughput_gbps=8.2595 latency_ms=65.5018
[2026-08-11T23:17:44] SAMPLE t=33s phase=Congestion adaptation=without_ML throughput_gbps=7.8285 latency_ms=68.0679
[2026-08-11T23:17:45] SAMPLE t=34s phase=Congestion adaptation=without_ML throughput_gbps=8.1163 latency_ms=66.4238
[2026-08-11T23:17:46] SAMPLE t=35s phase=Congestion adaptation=without_ML throughput_gbps=7.8988 latency_ms=63.901
[2026-08-11T23:17:47] SAMPLE t=36s phase=Congestion adaptation=without_ML throughput_gbps=7.8439 latency_ms=67.8546
[2026-08-11T23:17:48] SAMPLE t=37s phase=Congestion adaptation=without_ML throughput_gbps=8.0621 latency_ms=66.5163
[2026-08-11T23:17:49] SAMPLE t=38s phase=Congestion adaptation=without_ML throughput_gbps=7.6808 latency_ms=66.6456
[2026-08-11T23:17:50] SAMPLE t=39s phase=Congestion adaptation=without_ML throughput_gbps=7.7582 latency_ms=64.9896
[2026-08-11T23:17:51] SAMPLE t=40s phase=Path_change adaptation=without_ML throughput_gbps=7.8759 latency_ms=65.1801
[2026-08-11T23:17:52] SAMPLE t=41s phase=Path_change adaptation=without_ML throughput_gbps=7.6547 latency_ms=66.6822
[2026-08-11T23:17:53] SAMPLE t=42s phase=Path_change adaptation=without_ML throughput_gbps=7.1084 latency_ms=69.334
[2026-08-11T23:17:54] SAMPLE t=43s phase=Path_change adaptation=without_ML throughput_gbps=7.0841 latency_ms=69.56
[2026-08-11T23:17:55] SAMPLE t=44s phase=Path_change adaptation=without_ML throughput_gbps=6.789 latency_ms=71.7494
[2026-08-11T23:17:56] SAMPLE t=45s phase=Path_change adaptation=without_ML throughput_gbps=6.135 latency_ms=70.334
[2026-08-11T23:17:57] SAMPLE t=46s phase=Path_change adaptation=without_ML throughput_gbps=6.1236 latency_ms=73.8105
[2026-08-11T23:17:58] SAMPLE t=47s phase=Path_change adaptation=without_ML throughput_gbps=5.8453 latency_ms=71.0148
[2026-08-11T23:17:59] SAMPLE t=48s phase=Path_change adaptation=without_ML throughput_gbps=5.753 latency_ms=71.5587
[2026-08-11T23:18:00] SAMPLE t=49s phase=Path_change adaptation=without_ML throughput_gbps=5.9135 latency_ms=74.0144
[2026-08-11T23:18:01] SAMPLE t=50s phase=Path_change adaptation=without_ML throughput_gbps=5.4625 latency_ms=73.7559
[2026-08-11T23:18:02] SAMPLE t=51s phase=Path_change adaptation=without_ML throughput_gbps=5.8153 latency_ms=74.0749
[2026-08-11T23:18:03] SAMPLE t=52s phase=Path_change adaptation=without_ML throughput_gbps=6.1711 latency_ms=74.0727
[2026-08-11T23:18:04] SAMPLE t=53s phase=Path_change adaptation=without_ML throughput_gbps=5.9036 latency_ms=70.0967
[2026-08-11T23:18:05] SAMPLE t=54s phase=Path_change adaptation=without_ML throughput_gbps=5.7706 latency_ms=72.9371
[2026-08-11T23:18:06] SAMPLE t=55s phase=Path_change adaptation=without_ML throughput_gbps=6.7858 latency_ms=71.5449
[2026-08-11T23:18:07] SAMPLE t=56s phase=Path_change adaptation=without_ML throughput_gbps=6.7676 latency_ms=68.1287
[2026-08-11T23:18:08] SAMPLE t=57s phase=Path_change adaptation=without_ML throughput_gbps=7.0622 latency_ms=68.0329
[2026-08-11T23:18:09] SAMPLE t=58s phase=Path_change adaptation=without_ML throughput_gbps=7.0423 latency_ms=68.5913
[2026-08-11T23:18:10] SAMPLE t=59s phase=Path_change adaptation=without_ML throughput_gbps=7.7675 latency_ms=66.1066
[2026-08-11T23:18:11] SAMPLE t=60s phase=Loss_spike adaptation=without_ML throughput_gbps=6.5565 latency_ms=71.2021
[2026-08-11T23:18:12] SAMPLE t=61s phase=Loss_spike adaptation=without_ML throughput_gbps=8.2675 latency_ms=79.2464
[2026-08-11T23:18:13] SAMPLE t=62s phase=Loss_spike adaptation=without_ML throughput_gbps=7.2677 latency_ms=74.9495
[2026-08-11T23:18:14] SAMPLE t=63s phase=Loss_spike adaptation=without_ML throughput_gbps=5.2972 latency_ms=75.4521
[2026-08-11T23:18:15] SAMPLE t=64s phase=Loss_spike adaptation=without_ML throughput_gbps=3.9347 latency_ms=78.6209
[2026-08-11T23:18:16] SAMPLE t=65s phase=Loss_spike adaptation=without_ML throughput_gbps=6.0873 latency_ms=69.4393
[2026-08-11T23:18:17] SAMPLE t=66s phase=Loss_spike adaptation=without_ML throughput_gbps=8.1396 latency_ms=78.6707
[2026-08-11T23:18:18] SAMPLE t=67s phase=Loss_spike adaptation=without_ML throughput_gbps=7.8768 latency_ms=79.8434
[2026-08-11T23:18:19] SAMPLE t=68s phase=Loss_spike adaptation=without_ML throughput_gbps=5.0055 latency_ms=74.7516
[2026-08-11T23:18:20] SAMPLE t=69s phase=Loss_spike adaptation=without_ML throughput_gbps=4.0077 latency_ms=80.1787
[2026-08-11T23:18:21] SAMPLE t=70s phase=Loss_spike adaptation=without_ML throughput_gbps=5.9101 latency_ms=71.684
[2026-08-11T23:18:22] SAMPLE t=71s phase=Loss_spike adaptation=without_ML throughput_gbps=8.6471 latency_ms=76.4368
[2026-08-11T23:18:23] SAMPLE t=72s phase=Loss_spike adaptation=without_ML throughput_gbps=7.4776 latency_ms=76.0096
[2026-08-11T23:18:24] SAMPLE t=73s phase=Loss_spike adaptation=without_ML throughput_gbps=4.9977 latency_ms=75.2147
[2026-08-11T23:18:25] SAMPLE t=74s phase=Loss_spike adaptation=without_ML throughput_gbps=4.1275 latency_ms=79.498
[2026-08-11T23:18:26] SAMPLE t=75s phase=Loss_spike adaptation=without_ML throughput_gbps=6.0851 latency_ms=71.3922
[2026-08-11T23:18:27] SAMPLE t=76s phase=Loss_spike adaptation=without_ML throughput_gbps=8.444 latency_ms=75.228
[2026-08-11T23:18:28] SAMPLE t=77s phase=Loss_spike adaptation=without_ML throughput_gbps=7.8202 latency_ms=75.8368
[2026-08-11T23:18:29] SAMPLE t=78s phase=Loss_spike adaptation=without_ML throughput_gbps=4.9801 latency_ms=73.3331
[2026-08-11T23:18:30] SAMPLE t=79s phase=Loss_spike adaptation=without_ML throughput_gbps=4.0337 latency_ms=80.7198
[2026-08-11T23:18:31] SAMPLE t=80s phase=Recovery adaptation=without_ML throughput_gbps=7.8693 latency_ms=67.6153
[2026-08-11T23:18:32] SAMPLE t=81s phase=Recovery adaptation=without_ML throughput_gbps=7.7078 latency_ms=65.6051
[2026-08-11T23:18:33] SAMPLE t=82s phase=Recovery adaptation=without_ML throughput_gbps=8.0489 latency_ms=66.7297
[2026-08-11T23:18:34] SAMPLE t=83s phase=Recovery adaptation=without_ML throughput_gbps=8.1279 latency_ms=66.5541
[2026-08-11T23:18:35] SAMPLE t=84s phase=Recovery adaptation=without_ML throughput_gbps=7.7979 latency_ms=67.7541
[2026-08-11T23:18:36] SAMPLE t=85s phase=Recovery adaptation=without_ML throughput_gbps=8.0402 latency_ms=68.8749
[2026-08-11T23:18:37] SAMPLE t=86s phase=Recovery adaptation=without_ML throughput_gbps=8.0336 latency_ms=67.9724
[2026-08-11T23:18:38] SAMPLE t=87s phase=Recovery adaptation=without_ML throughput_gbps=8.0133 latency_ms=65.0288
[2026-08-11T23:18:39] SAMPLE t=88s phase=Recovery adaptation=without_ML throughput_gbps=8.4415 latency_ms=65.4765
[2026-08-11T23:18:40] SAMPLE t=89s phase=Recovery adaptation=without_ML throughput_gbps=7.8124 latency_ms=64.4024
[2026-08-11T23:18:41] SAMPLE t=90s phase=Recovery adaptation=without_ML throughput_gbps=7.9284 latency_ms=67.1109
[2026-08-11T23:18:42] SAMPLE t=91s phase=Recovery adaptation=without_ML throughput_gbps=7.8723 latency_ms=64.0407
[2026-08-11T23:18:43] SAMPLE t=92s phase=Recovery adaptation=without_ML throughput_gbps=7.6373 latency_ms=65.0801
[2026-08-11T23:18:44] SAMPLE t=93s phase=Recovery adaptation=without_ML throughput_gbps=8.1678 latency_ms=66.6573
[2026-08-11T23:18:45] SAMPLE t=94s phase=Recovery adaptation=without_ML throughput_gbps=7.5085 latency_ms=65.256
[2026-08-11T23:18:46] SAMPLE t=95s phase=Recovery adaptation=without_ML throughput_gbps=7.9793 latency_ms=68.1891
[2026-08-11T23:18:47] SAMPLE t=96s phase=Recovery adaptation=without_ML throughput_gbps=7.96 latency_ms=66.4295
[2026-08-11T23:18:48] SAMPLE t=97s phase=Recovery adaptation=without_ML throughput_gbps=8.0365 latency_ms=66.5018
[2026-08-11T23:18:49] SAMPLE t=98s phase=Recovery adaptation=without_ML throughput_gbps=7.835 latency_ms=67.3554
[2026-08-11T23:18:50] SAMPLE t=99s phase=Recovery adaptation=without_ML throughput_gbps=7.4112 latency_ms=63.942
[2026-08-11T23:17:11] TRACE_END run_id=74 status=OK
[2026-08-11T23:25:54] TRACE_START run_id=75
[2026-08-11T23:25:54] SAMPLE t=0s phase=Stable adaptation=with_ML throughput_gbps=8.1193 latency_ms=68.3642
[2026-08-11T23:25:55] SAMPLE t=1s phase=Stable adaptation=with_ML throughput_gbps=8.2646 latency_ms=65.259
[2026-08-11T23:25:56] SAMPLE t=2s phase=Stable adaptation=with_ML throughput_gbps=8.1721 latency_ms=66.7884
[2026-08-11T23:25:57] SAMPLE t=3s phase=Stable adaptation=with_ML throughput_gbps=8.1112 latency_ms=64.4666
[2026-08-11T23:25:58] SAMPLE t=4s phase=Stable adaptation=with_ML throughput_gbps=8.0032 latency_ms=65.1673
[2026-08-11T23:25:59] SAMPLE t=5s phase=Stable adaptation=with_ML throughput_gbps=7.7958 latency_ms=66.8474
[2026-08-11T23:26:00] SAMPLE t=6s phase=Stable adaptation=with_ML throughput_gbps=7.8803 latency_ms=65.791
[2026-08-11T23:26:01] SAMPLE t=7s phase=Stable adaptation=with_ML throughput_gbps=8.2482 latency_ms=65.9773
[2026-08-11T23:26:02] SAMPLE t=8s phase=Stable adaptation=with_ML throughput_gbps=7.9891 latency_ms=66.2041
[2026-08-11T23:26:03] SAMPLE t=9s phase=Stable adaptation=with_ML throughput_gbps=7.8525 latency_ms=66.0951
[2026-08-11T23:26:04] SAMPLE t=10s phase=Stable adaptation=with_ML throughput_gbps=7.8466 latency_ms=67.2772
[2026-08-11T23:26:05] SAMPLE t=11s phase=Stable adaptation=with_ML throughput_gbps=8.1943 latency_ms=66.6914
[2026-08-11T23:26:06] SAMPLE t=12s phase=Stable adaptation=with_ML throughput_gbps=8.2261 latency_ms=64.5016
[2026-08-11T23:26:07] SAMPLE t=13s phase=Stable adaptation=with_ML throughput_gbps=8.0423 latency_ms=67.1732
[2026-08-11T23:26:08] SAMPLE t=14s phase=Stable adaptation=with_ML throughput_gbps=7.9159 latency_ms=66.5412
[2026-08-11T23:26:09] SAMPLE t=15s phase=Stable adaptation=with_ML throughput_gbps=8.0299 latency_ms=65.5049
[2026-08-11T23:26:10] SAMPLE t=16s phase=Stable adaptation=with_ML throughput_gbps=7.988 latency_ms=65.7104
[2026-08-11T23:26:11] SAMPLE t=17s phase=Stable adaptation=with_ML throughput_gbps=7.9889 latency_ms=67.7974
[2026-08-11T23:26:12] SAMPLE t=18s phase=Stable adaptation=with_ML throughput_gbps=8.0575 latency_ms=69.5805
[2026-08-11T23:26:13] SAMPLE t=19s phase=Stable adaptation=with_ML throughput_gbps=7.9716 latency_ms=66.6155
[2026-08-11T23:26:14] SAMPLE t=20s phase=Congestion adaptation=with_ML throughput_gbps=8.0372 latency_ms=67.3165
[2026-08-11T23:26:15] SAMPLE t=21s phase=Congestion adaptation=with_ML throughput_gbps=7.765 latency_ms=65.0921
[2026-08-11T23:26:16] SAMPLE t=22s phase=Congestion adaptation=with_ML throughput_gbps=8.3509 latency_ms=66.2754
[2026-08-11T23:26:17] SAMPLE t=23s phase=Congestion adaptation=with_ML throughput_gbps=8.2038 latency_ms=65.4846
[2026-08-11T23:26:18] SAMPLE t=24s phase=Congestion adaptation=with_ML throughput_gbps=8.3072 latency_ms=63.408
[2026-08-11T23:26:19] SAMPLE t=25s phase=Congestion adaptation=with_ML throughput_gbps=8.0599 latency_ms=66.5695
[2026-08-11T23:26:20] SAMPLE t=26s phase=Congestion adaptation=with_ML throughput_gbps=8.1902 latency_ms=67.1932
[2026-08-11T23:26:21] SAMPLE t=27s phase=Congestion adaptation=with_ML throughput_gbps=8.3424 latency_ms=65.5405
[2026-08-11T23:26:22] SAMPLE t=28s phase=Congestion adaptation=with_ML throughput_gbps=8.2375 latency_ms=65.8969
[2026-08-11T23:26:23] SAMPLE t=29s phase=Congestion adaptation=with_ML throughput_gbps=7.9304 latency_ms=64.222
[2026-08-11T23:26:24] SAMPLE t=30s phase=Congestion adaptation=with_ML throughput_gbps=8.1616 latency_ms=64.9627
[2026-08-11T23:26:25] SAMPLE t=31s phase=Congestion adaptation=with_ML throughput_gbps=7.9142 latency_ms=66.4399
[2026-08-11T23:26:26] SAMPLE t=32s phase=Congestion adaptation=with_ML throughput_gbps=8.1895 latency_ms=67.1367
[2026-08-11T23:26:27] SAMPLE t=33s phase=Congestion adaptation=with_ML throughput_gbps=8.1868 latency_ms=65.1387
[2026-08-11T23:26:28] SAMPLE t=34s phase=Congestion adaptation=with_ML throughput_gbps=7.9561 latency_ms=69.3496
[2026-08-11T23:26:29] SAMPLE t=35s phase=Congestion adaptation=with_ML throughput_gbps=8.4579 latency_ms=65.4868
[2026-08-11T23:26:30] SAMPLE t=36s phase=Congestion adaptation=with_ML throughput_gbps=7.6976 latency_ms=65.7936
[2026-08-11T23:26:31] SAMPLE t=37s phase=Congestion adaptation=with_ML throughput_gbps=7.7825 latency_ms=63.9899
[2026-08-11T23:26:32] SAMPLE t=38s phase=Congestion adaptation=with_ML throughput_gbps=7.7648 latency_ms=66.2301
[2026-08-11T23:26:33] SAMPLE t=39s phase=Congestion adaptation=with_ML throughput_gbps=8.022 latency_ms=66.3269
[2026-08-11T23:26:34] SAMPLE t=40s phase=Path_change adaptation=with_ML throughput_gbps=8.0907 latency_ms=66.716
[2026-08-11T23:26:35] SAMPLE t=41s phase=Path_change adaptation=with_ML throughput_gbps=8.063 latency_ms=67.4888
[2026-08-11T23:26:36] SAMPLE t=42s phase=Path_change adaptation=with_ML throughput_gbps=7.8629 latency_ms=65.4148
[2026-08-11T23:26:37] SAMPLE t=43s phase=Path_change adaptation=with_ML throughput_gbps=7.6502 latency_ms=67.0601
[2026-08-11T23:26:38] SAMPLE t=44s phase=Path_change adaptation=with_ML throughput_gbps=7.5401 latency_ms=67.9794
[2026-08-11T23:26:39] SAMPLE t=45s phase=Path_change adaptation=with_ML throughput_gbps=7.6473 latency_ms=66.8451
[2026-08-11T23:26:40] SAMPLE t=46s phase=Path_change adaptation=with_ML throughput_gbps=7.6419 latency_ms=68.4995
[2026-08-11T23:26:41] SAMPLE t=47s phase=Path_change adaptation=with_ML throughput_gbps=7.1363 latency_ms=67.4421
[2026-08-11T23:26:42] SAMPLE t=48s phase=Path_change adaptation=with_ML throughput_gbps=7.6299 latency_ms=68.8679
[2026-08-11T23:26:43] SAMPLE t=49s phase=Path_change adaptation=with_ML throughput_gbps=7.1789 latency_ms=68.3289
[2026-08-11T23:26:44] SAMPLE t=50s phase=Path_change adaptation=with_ML throughput_gbps=7.2203 latency_ms=68.6344
[2026-08-11T23:26:45] SAMPLE t=51s phase=Path_change adaptation=with_ML throughput_gbps=7.1542 latency_ms=69.0652
[2026-08-11T23:26:46] SAMPLE t=52s phase=Path_change adaptation=with_ML throughput_gbps=7.1313 latency_ms=65.2406
[2026-08-11T23:26:47] SAMPLE t=53s phase=Path_change adaptation=with_ML throughput_gbps=7.3063 latency_ms=68.8529
[2026-08-11T23:26:48] SAMPLE t=54s phase=Path_change adaptation=with_ML throughput_gbps=7.3789 latency_ms=65.4323
[2026-08-11T23:26:49] SAMPLE t=55s phase=Path_change adaptation=with_ML throughput_gbps=7.7008 latency_ms=70.07
[2026-08-11T23:26:50] SAMPLE t=56s phase=Path_change adaptation=with_ML throughput_gbps=7.6908 latency_ms=68.3526
[2026-08-11T23:26:51] SAMPLE t=57s phase=Path_change adaptation=with_ML throughput_gbps=7.7295 latency_ms=69.5114
[2026-08-11T23:26:52] SAMPLE t=58s phase=Path_change adaptation=with_ML throughput_gbps=8.0396 latency_ms=66.8454
[2026-08-11T23:26:53] SAMPLE t=59s phase=Path_change adaptation=with_ML throughput_gbps=8.1967 latency_ms=68.3011
[2026-08-11T23:26:54] SAMPLE t=60s phase=Loss_spike adaptation=with_ML throughput_gbps=7.7636 latency_ms=68.7221
[2026-08-11T23:26:55] SAMPLE t=61s phase=Loss_spike adaptation=with_ML throughput_gbps=8.6135 latency_ms=70.6223
[2026-08-11T23:26:56] SAMPLE t=62s phase=Loss_spike adaptation=with_ML throughput_gbps=7.9231 latency_ms=70.8738
[2026-08-11T23:26:57] SAMPLE t=63s phase=Loss_spike adaptation=with_ML throughput_gbps=6.6133 latency_ms=68.1643
[2026-08-11T23:26:58] SAMPLE t=64s phase=Loss_spike adaptation=with_ML throughput_gbps=6.1996 latency_ms=70.1193
[2026-08-11T23:26:59] SAMPLE t=65s phase=Loss_spike adaptation=with_ML throughput_gbps=6.8304 latency_ms=68.1695
[2026-08-11T23:27:00] SAMPLE t=66s phase=Loss_spike adaptation=with_ML throughput_gbps=8.5943 latency_ms=69.4832
[2026-08-11T23:27:01] SAMPLE t=67s phase=Loss_spike adaptation=with_ML throughput_gbps=8.183 latency_ms=69.2431
[2026-08-11T23:27:02] SAMPLE t=68s phase=Loss_spike adaptation=with_ML throughput_gbps=6.2913 latency_ms=69.5246
[2026-08-11T23:27:03] SAMPLE t=69s phase=Loss_spike adaptation=with_ML throughput_gbps=6.4115 latency_ms=71.7357
[2026-08-11T23:27:04] SAMPLE t=70s phase=Loss_spike adaptation=with_ML throughput_gbps=7.096 latency_ms=67.9037
[2026-08-11T23:27:05] SAMPLE t=71s phase=Loss_spike adaptation=with_ML throughput_gbps=8.0142 latency_ms=70.2436
[2026-08-11T23:27:06] SAMPLE t=72s phase=Loss_spike adaptation=with_ML throughput_gbps=8.0778 latency_ms=69.4408
[2026-08-11T23:27:07] SAMPLE t=73s phase=Loss_spike adaptation=with_ML throughput_gbps=6.3949 latency_ms=67.4421
[2026-08-11T23:27:08] SAMPLE t=74s phase=Loss_spike adaptation=with_ML throughput_gbps=6.2353 latency_ms=71.2082
[2026-08-11T23:27:09] SAMPLE t=75s phase=Loss_spike adaptation=with_ML throughput_gbps=6.8407 latency_ms=68.5823
[2026-08-11T23:27:10] SAMPLE t=76s phase=Loss_spike adaptation=with_ML throughput_gbps=8.3297 latency_ms=68.6917
[2026-08-11T23:27:11] SAMPLE t=77s phase=Loss_spike adaptation=with_ML throughput_gbps=7.9301 latency_ms=71.1812
[2026-08-11T23:27:12] SAMPLE t=78s phase=Loss_spike adaptation=with_ML throughput_gbps=6.2445 latency_ms=70.3165
[2026-08-11T23:27:13] SAMPLE t=79s phase=Loss_spike adaptation=with_ML throughput_gbps=6.2961 latency_ms=68.5834
[2026-08-11T23:27:14] SAMPLE t=80s phase=Recovery adaptation=with_ML throughput_gbps=8.165 latency_ms=65.8033
[2026-08-11T23:27:15] SAMPLE t=81s phase=Recovery adaptation=with_ML throughput_gbps=7.9081 latency_ms=67.2052
[2026-08-11T23:27:16] SAMPLE t=82s phase=Recovery adaptation=with_ML throughput_gbps=8.3179 latency_ms=65.1889
[2026-08-11T23:27:17] SAMPLE t=83s phase=Recovery adaptation=with_ML throughput_gbps=8.149 latency_ms=67.3587
[2026-08-11T23:27:18] SAMPLE t=84s phase=Recovery adaptation=with_ML throughput_gbps=8.2513 latency_ms=63.9701
[2026-08-11T23:27:19] SAMPLE t=85s phase=Recovery adaptation=with_ML throughput_gbps=8.158 latency_ms=65.3681
[2026-08-11T23:27:20] SAMPLE t=86s phase=Recovery adaptation=with_ML throughput_gbps=8.3121 latency_ms=64.5608
[2026-08-11T23:27:21] SAMPLE t=87s phase=Recovery adaptation=with_ML throughput_gbps=8.0239 latency_ms=66.1344
[2026-08-11T23:27:22] SAMPLE t=88s phase=Recovery adaptation=with_ML throughput_gbps=8.2889 latency_ms=65.3131
[2026-08-11T23:27:23] SAMPLE t=89s phase=Recovery adaptation=with_ML throughput_gbps=8.3182 latency_ms=66.9662
[2026-08-11T23:27:24] SAMPLE t=90s phase=Recovery adaptation=with_ML throughput_gbps=8.4907 latency_ms=63.3552
[2026-08-11T23:27:25] SAMPLE t=91s phase=Recovery adaptation=with_ML throughput_gbps=8.7686 latency_ms=67.7945
[2026-08-11T23:27:26] SAMPLE t=92s phase=Recovery adaptation=with_ML throughput_gbps=8.0846 latency_ms=66.4236
[2026-08-11T23:27:27] SAMPLE t=93s phase=Recovery adaptation=with_ML throughput_gbps=8.7369 latency_ms=64.9148
[2026-08-11T23:27:28] SAMPLE t=94s phase=Recovery adaptation=with_ML throughput_gbps=8.4177 latency_ms=63.7372
[2026-08-11T23:27:29] SAMPLE t=95s phase=Recovery adaptation=with_ML throughput_gbps=8.3082 latency_ms=65.727
[2026-08-11T23:27:30] SAMPLE t=96s phase=Recovery adaptation=with_ML throughput_gbps=8.7824 latency_ms=63.4315
[2026-08-11T23:27:31] SAMPLE t=97s phase=Recovery adaptation=with_ML throughput_gbps=8.479 latency_ms=62.7286
[2026-08-11T23:27:32] SAMPLE t=98s phase=Recovery adaptation=with_ML throughput_gbps=8.3329 latency_ms=65.9104
[2026-08-11T23:27:33] SAMPLE t=99s phase=Recovery adaptation=with_ML throughput_gbps=8.7894 latency_ms=63.414
[2026-08-11T23:25:54] SAMPLE t=0s phase=Stable adaptation=without_ML throughput_gbps=7.7872 latency_ms=64.3766
[2026-08-11T23:25:55] SAMPLE t=1s phase=Stable adaptation=without_ML throughput_gbps=7.8291 latency_ms=66.4496
[2026-08-11T23:25:56] SAMPLE t=2s phase=Stable adaptation=without_ML throughput_gbps=7.6997 latency_ms=67.7673
[2026-08-11T23:25:57] SAMPLE t=3s phase=Stable adaptation=without_ML throughput_gbps=8.3545 latency_ms=62.9986
[2026-08-11T23:25:58] SAMPLE t=4s phase=Stable adaptation=without_ML throughput_gbps=7.7029 latency_ms=66.8034
[2026-08-11T23:25:59] SAMPLE t=5s phase=Stable adaptation=without_ML throughput_gbps=8.2648 latency_ms=66.7696
[2026-08-11T23:26:00] SAMPLE t=6s phase=Stable adaptation=without_ML throughput_gbps=7.9864 latency_ms=65.8834
[2026-08-11T23:26:01] SAMPLE t=7s phase=Stable adaptation=without_ML throughput_gbps=7.9826 latency_ms=67.7403
[2026-08-11T23:26:02] SAMPLE t=8s phase=Stable adaptation=without_ML throughput_gbps=7.9864 latency_ms=67.106
[2026-08-11T23:26:03] SAMPLE t=9s phase=Stable adaptation=without_ML throughput_gbps=7.498 latency_ms=64.3778
[2026-08-11T23:26:04] SAMPLE t=10s phase=Stable adaptation=without_ML throughput_gbps=8.0929 latency_ms=66.1679
[2026-08-11T23:26:05] SAMPLE t=11s phase=Stable adaptation=without_ML throughput_gbps=7.851 latency_ms=66.3112
[2026-08-11T23:26:06] SAMPLE t=12s phase=Stable adaptation=without_ML throughput_gbps=7.9138 latency_ms=67.9351
[2026-08-11T23:26:07] SAMPLE t=13s phase=Stable adaptation=without_ML throughput_gbps=7.85 latency_ms=65.1434
[2026-08-11T23:26:08] SAMPLE t=14s phase=Stable adaptation=without_ML throughput_gbps=8.035 latency_ms=68.6207
[2026-08-11T23:26:09] SAMPLE t=15s phase=Stable adaptation=without_ML throughput_gbps=7.8039 latency_ms=66.6069
[2026-08-11T23:26:10] SAMPLE t=16s phase=Stable adaptation=without_ML throughput_gbps=8.1228 latency_ms=65.1315
[2026-08-11T23:26:11] SAMPLE t=17s phase=Stable adaptation=without_ML throughput_gbps=7.6096 latency_ms=68.8474
[2026-08-11T23:26:12] SAMPLE t=18s phase=Stable adaptation=without_ML throughput_gbps=8.0192 latency_ms=65.9046
[2026-08-11T23:26:13] SAMPLE t=19s phase=Stable adaptation=without_ML throughput_gbps=8.022 latency_ms=64.5762
[2026-08-11T23:26:14] SAMPLE t=20s phase=Congestion adaptation=without_ML throughput_gbps=8.4736 latency_ms=65.2978
[2026-08-11T23:26:15] SAMPLE t=21s phase=Congestion adaptation=without_ML throughput_gbps=7.7851 latency_ms=63.6573
[2026-08-11T23:26:16] SAMPLE t=22s phase=Congestion adaptation=without_ML throughput_gbps=8.0228 latency_ms=67.872
[2026-08-11T23:26:17] SAMPLE t=23s phase=Congestion adaptation=without_ML throughput_gbps=8.0262 latency_ms=66.293
[2026-08-11T23:26:18] SAMPLE t=24s phase=Congestion adaptation=without_ML throughput_gbps=7.9993 latency_ms=67.0579
[2026-08-11T23:26:19] SAMPLE t=25s phase=Congestion adaptation=without_ML throughput_gbps=8.1347 latency_ms=63.9773
[2026-08-11T23:26:20] SAMPLE t=26s phase=Congestion adaptation=without_ML throughput_gbps=8.1414 latency_ms=67.8578
[2026-08-11T23:26:21] SAMPLE t=27s phase=Congestion adaptation=without_ML throughput_gbps=7.833 latency_ms=66.1635
[2026-08-11T23:26:22] SAMPLE t=28s phase=Congestion adaptation=without_ML throughput_gbps=7.706 latency_ms=65.2517
[2026-08-11T23:26:23] SAMPLE t=29s phase=Congestion adaptation=without_ML throughput_gbps=7.6685 latency_ms=64.5754
[2026-08-11T23:26:24] SAMPLE t=30s phase=Congestion adaptation=without_ML throughput_gbps=8.0042 latency_ms=65.2392
[2026-08-11T23:26:25] SAMPLE t=31s phase=Congestion adaptation=without_ML throughput_gbps=7.9209 latency_ms=67.0498
[2026-08-11T23:26:26] SAMPLE t=32s phase=Congestion adaptation=without_ML throughput_gbps=7.7089 latency_ms=66.877
[2026-08-11T23:26:27] SAMPLE t=33s phase=Congestion adaptation=without_ML throughput_gbps=7.9136 latency_ms=66.22
[2026-08-11T23:26:28] SAMPLE t=34s phase=Congestion adaptation=without_ML throughput_gbps=7.9567 latency_ms=63.6307
[2026-08-11T23:26:29] SAMPLE t=35s phase=Congestion adaptation=without_ML throughput_gbps=7.9801 latency_ms=66.2903
[2026-08-11T23:26:30] SAMPLE t=36s phase=Congestion adaptation=without_ML throughput_gbps=8.3304 latency_ms=66.7367
[2026-08-11T23:26:31] SAMPLE t=37s phase=Congestion adaptation=without_ML throughput_gbps=7.9621 latency_ms=64.1555
[2026-08-11T23:26:32] SAMPLE t=38s phase=Congestion adaptation=without_ML throughput_gbps=8.2737 latency_ms=64.2302
[2026-08-11T23:26:33] SAMPLE t=39s phase=Congestion adaptation=without_ML throughput_gbps=8.1767 latency_ms=68.7344
[2026-08-11T23:26:34] SAMPLE t=40s phase=Path_change adaptation=without_ML throughput_gbps=7.7885 latency_ms=69.2925
[2026-08-11T23:26:35] SAMPLE t=41s phase=Path_change adaptation=without_ML throughput_gbps=7.7987 latency_ms=66.9115
[2026-08-11T23:26:36] SAMPLE t=42s phase=Path_change adaptation=without_ML throughput_gbps=7.6513 latency_ms=70.2573
[2026-08-11T23:26:37] SAMPLE t=43s phase=Path_change adaptation=without_ML throughput_gbps=6.7212 latency_ms=69.4509
[2026-08-11T23:26:38] SAMPLE t=44s phase=Path_change adaptation=without_ML throughput_gbps=6.4647 latency_ms=67.7247
[2026-08-11T23:26:39] SAMPLE t=45s phase=Path_change adaptation=without_ML throughput_gbps=6.4031 latency_ms=72.5427
[2026-08-11T23:26:40] SAMPLE t=46s phase=Path_change adaptation=without_ML throughput_gbps=6.2784 latency_ms=72.2958
[2026-08-11T23:26:41] SAMPLE t=47s phase=Path_change adaptation=without_ML throughput_gbps=6.1042 latency_ms=71.7847
[2026-08-11T23:26:42] SAMPLE t=48s phase=Path_change adaptation=without_ML throughput_gbps=5.7811 latency_ms=71.5993
[2026-08-11T23:26:43] SAMPLE t=49s phase=Path_change adaptation=without_ML throughput_gbps=6.0101 latency_ms=74.2598
[2026-08-11T23:26:44] SAMPLE t=50s phase=Path_change adaptation=without_ML throughput_gbps=5.4965 latency_ms=72.3207
[2026-08-11T23:26:45] SAMPLE t=51s phase=Path_change adaptation=without_ML throughput_gbps=6.1174 latency_ms=74.8389
[2026-08-11T23:26:46] SAMPLE t=52s phase=Path_change adaptation=without_ML throughput_gbps=5.7009 latency_ms=70.9156
[2026-08-11T23:26:47] SAMPLE t=53s phase=Path_change adaptation=without_ML throughput_gbps=6.207 latency_ms=71.9688
[2026-08-11T23:26:48] SAMPLE t=54s phase=Path_change adaptation=without_ML throughput_gbps=6.2097 latency_ms=71.2819
[2026-08-11T23:26:49] SAMPLE t=55s phase=Path_change adaptation=without_ML throughput_gbps=6.3402 latency_ms=72.6102
[2026-08-11T23:26:50] SAMPLE t=56s phase=Path_change adaptation=without_ML throughput_gbps=6.9379 latency_ms=68.0183
[2026-08-11T23:26:51] SAMPLE t=57s phase=Path_change adaptation=without_ML throughput_gbps=6.8654 latency_ms=69.7073
[2026-08-11T23:26:52] SAMPLE t=58s phase=Path_change adaptation=without_ML throughput_gbps=7.8404 latency_ms=69.4856
[2026-08-11T23:26:53] SAMPLE t=59s phase=Path_change adaptation=without_ML throughput_gbps=7.8665 latency_ms=67.2316
[2026-08-11T23:26:54] SAMPLE t=60s phase=Loss_spike adaptation=without_ML throughput_gbps=6.3413 latency_ms=70.0696
[2026-08-11T23:26:55] SAMPLE t=61s phase=Loss_spike adaptation=without_ML throughput_gbps=8.6404 latency_ms=78.1255
[2026-08-11T23:26:56] SAMPLE t=62s phase=Loss_spike adaptation=without_ML throughput_gbps=7.6289 latency_ms=74.8321
[2026-08-11T23:26:57] SAMPLE t=63s phase=Loss_spike adaptation=without_ML throughput_gbps=5.0316 latency_ms=77.4514
[2026-08-11T23:26:58] SAMPLE t=64s phase=Loss_spike adaptation=without_ML throughput_gbps=3.9089 latency_ms=79.9279
[2026-08-11T23:26:59] SAMPLE t=65s phase=Loss_spike adaptation=without_ML throughput_gbps=6.1311 latency_ms=71.9876
[2026-08-11T23:27:00] SAMPLE t=66s phase=Loss_spike adaptation=without_ML throughput_gbps=8.0662 latency_ms=78.3407
[2026-08-11T23:27:01] SAMPLE t=67s phase=Loss_spike adaptation=without_ML throughput_gbps=7.5807 latency_ms=76.2741
[2026-08-11T23:27:02] SAMPLE t=68s phase=Loss_spike adaptation=without_ML throughput_gbps=4.8536 latency_ms=74.4951
[2026-08-11T23:27:03] SAMPLE t=69s phase=Loss_spike adaptation=without_ML throughput_gbps=4.0413 latency_ms=79.0305
[2026-08-11T23:27:04] SAMPLE t=70s phase=Loss_spike adaptation=without_ML throughput_gbps=6.1458 latency_ms=70.2701
[2026-08-11T23:27:05] SAMPLE t=71s phase=Loss_spike adaptation=without_ML throughput_gbps=8.2192 latency_ms=79.1365
[2026-08-11T23:27:06] SAMPLE t=72s phase=Loss_spike adaptation=without_ML throughput_gbps=7.6439 latency_ms=75.1299
[2026-08-11T23:27:07] SAMPLE t=73s phase=Loss_spike adaptation=without_ML throughput_gbps=4.9695 latency_ms=74.5128
[2026-08-11T23:27:08] SAMPLE t=74s phase=Loss_spike adaptation=without_ML throughput_gbps=3.9618 latency_ms=79.8701
[2026-08-11T23:27:09] SAMPLE t=75s phase=Loss_spike adaptation=without_ML throughput_gbps=6.2367 latency_ms=70.5484
[2026-08-11T23:27:10] SAMPLE t=76s phase=Loss_spike adaptation=without_ML throughput_gbps=8.2831 latency_ms=78.1024
[2026-08-11T23:27:11] SAMPLE t=77s phase=Loss_spike adaptation=without_ML throughput_gbps=7.8933 latency_ms=75.0227
[2026-08-11T23:27:12] SAMPLE t=78s phase=Loss_spike adaptation=without_ML throughput_gbps=4.6373 latency_ms=73.5326
[2026-08-11T23:27:13] SAMPLE t=79s phase=Loss_spike adaptation=without_ML throughput_gbps=4.0654 latency_ms=77.0635
[2026-08-11T23:27:14] SAMPLE t=80s phase=Recovery adaptation=without_ML throughput_gbps=7.9864 latency_ms=65.0699
[2026-08-11T23:27:15] SAMPLE t=81s phase=Recovery adaptation=without_ML throughput_gbps=7.6548 latency_ms=66.6861
[2026-08-11T23:27:16] SAMPLE t=82s phase=Recovery adaptation=without_ML throughput_gbps=7.808 latency_ms=64.2888
[2026-08-11T23:27:17] SAMPLE t=83s phase=Recovery adaptation=without_ML throughput_gbps=7.815 latency_ms=65.4578
[2026-08-11T23:27:18] SAMPLE t=84s phase=Recovery adaptation=without_ML throughput_gbps=8.0191 latency_ms=62.8497
[2026-08-11T23:27:19] SAMPLE t=85s phase=Recovery adaptation=without_ML throughput_gbps=8.2675 latency_ms=66.7323
[2026-08-11T23:27:20] SAMPLE t=86s phase=Recovery adaptation=without_ML throughput_gbps=7.7579 latency_ms=67.0854
[2026-08-11T23:27:21] SAMPLE t=87s phase=Recovery adaptation=without_ML throughput_gbps=8.2977 latency_ms=66.471
[2026-08-11T23:27:22] SAMPLE t=88s phase=Recovery adaptation=without_ML throughput_gbps=7.7241 latency_ms=66.1363
[2026-08-11T23:27:23] SAMPLE t=89s phase=Recovery adaptation=without_ML throughput_gbps=8.1486 latency_ms=65.6468
[2026-08-11T23:27:24] SAMPLE t=90s phase=Recovery adaptation=without_ML throughput_gbps=7.8803 latency_ms=65.876
[2026-08-11T23:27:25] SAMPLE t=91s phase=Recovery adaptation=without_ML throughput_gbps=8.2847 latency_ms=65.5492
[2026-08-11T23:27:26] SAMPLE t=92s phase=Recovery adaptation=without_ML throughput_gbps=8.2373 latency_ms=66.1453
[2026-08-11T23:27:27] SAMPLE t=93s phase=Recovery adaptation=without_ML throughput_gbps=8.0818 latency_ms=67.2954
[2026-08-11T23:27:28] SAMPLE t=94s phase=Recovery adaptation=without_ML throughput_gbps=7.9674 latency_ms=68.0521
[2026-08-11T23:27:29] SAMPLE t=95s phase=Recovery adaptation=without_ML throughput_gbps=7.8699 latency_ms=64.85
[2026-08-11T23:27:30] SAMPLE t=96s phase=Recovery adaptation=without_ML throughput_gbps=8.0134 latency_ms=64.4845
[2026-08-11T23:27:31] SAMPLE t=97s phase=Recovery adaptation=without_ML throughput_gbps=7.6416 latency_ms=66.9824
[2026-08-11T23:27:32] SAMPLE t=98s phase=Recovery adaptation=without_ML throughput_gbps=7.7456 latency_ms=65.5153
[2026-08-11T23:27:33] SAMPLE t=99s phase=Recovery adaptation=without_ML throughput_gbps=8.2131 latency_ms=66.5227
[2026-08-11T23:25:54] TRACE_END run_id=75 status=OK
[2026-08-11T23:52:13] TRACE_START run_id=76
[2026-08-11T23:52:13] SAMPLE t=0s phase=Stable adaptation=with_ML throughput_gbps=7.9591 latency_ms=64.8129
[2026-08-11T23:52:14] SAMPLE t=1s phase=Stable adaptation=with_ML throughput_gbps=8.1351 latency_ms=67.1173
[2026-08-11T23:52:15] SAMPLE t=2s phase=Stable adaptation=with_ML throughput_gbps=8.0043 latency_ms=65.3911
[2026-08-11T23:52:16] SAMPLE t=3s phase=Stable adaptation=with_ML throughput_gbps=8.0842 latency_ms=67.2884
[2026-08-11T23:52:17] SAMPLE t=4s phase=Stable adaptation=with_ML throughput_gbps=8.1212 latency_ms=68.0719
[2026-08-11T23:52:18] SAMPLE t=5s phase=Stable adaptation=with_ML throughput_gbps=8.18 latency_ms=65.6875
[2026-08-11T23:52:19] SAMPLE t=6s phase=Stable adaptation=with_ML throughput_gbps=8.2118 latency_ms=67.9606
[2026-08-11T23:52:20] SAMPLE t=7s phase=Stable adaptation=with_ML throughput_gbps=8.3673 latency_ms=67.6559
[2026-08-11T23:52:21] SAMPLE t=8s phase=Stable adaptation=with_ML throughput_gbps=7.7928 latency_ms=66.087
[2026-08-11T23:52:22] SAMPLE t=9s phase=Stable adaptation=with_ML throughput_gbps=8.2995 latency_ms=65.7896
[2026-08-11T23:52:23] SAMPLE t=10s phase=Stable adaptation=with_ML throughput_gbps=7.8948 latency_ms=66.8539
[2026-08-11T23:52:24] SAMPLE t=11s phase=Stable adaptation=with_ML throughput_gbps=7.9709 latency_ms=66.5052
[2026-08-11T23:52:25] SAMPLE t=12s phase=Stable adaptation=with_ML throughput_gbps=8.0173 latency_ms=65.8869
[2026-08-11T23:52:26] SAMPLE t=13s phase=Stable adaptation=with_ML throughput_gbps=8.3692 latency_ms=66.0385
[2026-08-11T23:52:27] SAMPLE t=14s phase=Stable adaptation=with_ML throughput_gbps=8.1316 latency_ms=64.0638
[2026-08-11T23:52:28] SAMPLE t=15s phase=Stable adaptation=with_ML throughput_gbps=8.2669 latency_ms=66.31
[2026-08-11T23:52:29] SAMPLE t=16s phase=Stable adaptation=with_ML throughput_gbps=7.9346 latency_ms=64.8792
[2026-08-11T23:52:30] SAMPLE t=17s phase=Stable adaptation=with_ML throughput_gbps=8.3255 latency_ms=65.3907
[2026-08-11T23:52:31] SAMPLE t=18s phase=Stable adaptation=with_ML throughput_gbps=7.9802 latency_ms=66.3541
[2026-08-11T23:52:32] SAMPLE t=19s phase=Stable adaptation=with_ML throughput_gbps=8.0346 latency_ms=66.6554
[2026-08-11T23:52:33] SAMPLE t=20s phase=Congestion adaptation=with_ML throughput_gbps=8.1872 latency_ms=64.4608
[2026-08-11T23:52:34] SAMPLE t=21s phase=Congestion adaptation=with_ML throughput_gbps=8.2678 latency_ms=65.32
[2026-08-11T23:52:35] SAMPLE t=22s phase=Congestion adaptation=with_ML throughput_gbps=7.89 latency_ms=67.3179
[2026-08-11T23:52:36] SAMPLE t=23s phase=Congestion adaptation=with_ML throughput_gbps=8.1025 latency_ms=64.6492
[2026-08-11T23:52:37] SAMPLE t=24s phase=Congestion adaptation=with_ML throughput_gbps=7.9113 latency_ms=66.3697
[2026-08-11T23:52:38] SAMPLE t=25s phase=Congestion adaptation=with_ML throughput_gbps=8.4345 latency_ms=66.5293
[2026-08-11T23:52:39] SAMPLE t=26s phase=Congestion adaptation=with_ML throughput_gbps=8.1326 latency_ms=68.272
[2026-08-11T23:52:40] SAMPLE t=27s phase=Congestion adaptation=with_ML throughput_gbps=7.864 latency_ms=64.9408
[2026-08-11T23:52:41] SAMPLE t=28s phase=Congestion adaptation=with_ML throughput_gbps=8.0913 latency_ms=65.4865
[2026-08-11T23:52:42] SAMPLE t=29s phase=Congestion adaptation=with_ML throughput_gbps=8.4989 latency_ms=65.1635
[2026-08-11T23:52:43] SAMPLE t=30s phase=Congestion adaptation=with_ML throughput_gbps=8.3935 latency_ms=65.9269
[2026-08-11T23:52:44] SAMPLE t=31s phase=Congestion adaptation=with_ML throughput_gbps=8.1417 latency_ms=65.8626
[2026-08-11T23:52:45] SAMPLE t=32s phase=Congestion adaptation=with_ML throughput_gbps=7.6859 latency_ms=68.2199
[2026-08-11T23:52:46] SAMPLE t=33s phase=Congestion adaptation=with_ML throughput_gbps=7.7693 latency_ms=66.1843
[2026-08-11T23:52:47] SAMPLE t=34s phase=Congestion adaptation=with_ML throughput_gbps=8.1088 latency_ms=64.5215
[2026-08-11T23:52:48] SAMPLE t=35s phase=Congestion adaptation=with_ML throughput_gbps=8.4488 latency_ms=66.9223
[2026-08-11T23:52:49] SAMPLE t=36s phase=Congestion adaptation=with_ML throughput_gbps=8.323 latency_ms=66.4141
[2026-08-11T23:52:50] SAMPLE t=37s phase=Congestion adaptation=with_ML throughput_gbps=8.3905 latency_ms=66.1782
[2026-08-11T23:52:51] SAMPLE t=38s phase=Congestion adaptation=with_ML throughput_gbps=8.6367 latency_ms=66.7069
[2026-08-11T23:52:52] SAMPLE t=39s phase=Congestion adaptation=with_ML throughput_gbps=8.1083 latency_ms=66.4465
[2026-08-11T23:52:53] SAMPLE t=40s phase=Path_change adaptation=with_ML throughput_gbps=8.2575 latency_ms=66.6281
[2026-08-11T23:52:54] SAMPLE t=41s phase=Path_change adaptation=with_ML throughput_gbps=8.0242 latency_ms=67.6038
[2026-08-11T23:52:55] SAMPLE t=42s phase=Path_change adaptation=with_ML throughput_gbps=7.5194 latency_ms=66.9807
[2026-08-11T23:52:56] SAMPLE t=43s phase=Path_change adaptation=with_ML throughput_gbps=7.5146 latency_ms=67.24
[2026-08-11T23:52:57] SAMPLE t=44s phase=Path_change adaptation=with_ML throughput_gbps=7.5764 latency_ms=67.4089
[2026-08-11T23:52:58] SAMPLE t=45s phase=Path_change adaptation=with_ML throughput_gbps=7.6444 latency_ms=67.8768
[2026-08-11T23:52:59] SAMPLE t=46s phase=Path_change adaptation=with_ML throughput_gbps=7.57 latency_ms=67.7625
[2026-08-11T23:53:00] SAMPLE t=47s phase=Path_change adaptation=with_ML throughput_gbps=7.1305 latency_ms=67.7937
[2026-08-11T23:53:01] SAMPLE t=48s phase=Path_change adaptation=with_ML throughput_gbps=7.5337 latency_ms=68.4189
[2026-08-11T23:53:02] SAMPLE t=49s phase=Path_change adaptation=with_ML throughput_gbps=7.277 latency_ms=68.3863
[2026-08-11T23:53:03] SAMPLE t=50s phase=Path_change adaptation=with_ML throughput_gbps=7.1224 latency_ms=69.0197
[2026-08-11T23:53:04] SAMPLE t=51s phase=Path_change adaptation=with_ML throughput_gbps=7.1483 latency_ms=68.4093
[2026-08-11T23:53:05] SAMPLE t=52s phase=Path_change adaptation=with_ML throughput_gbps=7.3068 latency_ms=70.8441
[2026-08-11T23:53:06] SAMPLE t=53s phase=Path_change adaptation=with_ML throughput_gbps=7.0561 latency_ms=70.1245
[2026-08-11T23:53:07] SAMPLE t=54s phase=Path_change adaptation=with_ML throughput_gbps=7.3835 latency_ms=66.6863
[2026-08-11T23:53:08] SAMPLE t=55s phase=Path_change adaptation=with_ML throughput_gbps=7.0783 latency_ms=68.4687
[2026-08-11T23:53:09] SAMPLE t=56s phase=Path_change adaptation=with_ML throughput_gbps=7.6191 latency_ms=69.6715
[2026-08-11T23:53:10] SAMPLE t=57s phase=Path_change adaptation=with_ML throughput_gbps=7.8132 latency_ms=67.6229
[2026-08-11T23:53:11] SAMPLE t=58s phase=Path_change adaptation=with_ML throughput_gbps=7.5088 latency_ms=67.1808
[2026-08-11T23:53:12] SAMPLE t=59s phase=Path_change adaptation=with_ML throughput_gbps=8.3263 latency_ms=66.1652
[2026-08-11T23:53:13] SAMPLE t=60s phase=Loss_spike adaptation=with_ML throughput_gbps=7.0709 latency_ms=68.4834
[2026-08-11T23:53:14] SAMPLE t=61s phase=Loss_spike adaptation=with_ML throughput_gbps=8.4745 latency_ms=70.3872
[2026-08-11T23:53:15] SAMPLE t=62s phase=Loss_spike adaptation=with_ML throughput_gbps=7.7723 latency_ms=69.3297
[2026-08-11T23:53:16] SAMPLE t=63s phase=Loss_spike adaptation=with_ML throughput_gbps=6.5008 latency_ms=71.1902
[2026-08-11T23:53:17] SAMPLE t=64s phase=Loss_spike adaptation=with_ML throughput_gbps=6.4416 latency_ms=71.7437
[2026-08-11T23:53:18] SAMPLE t=65s phase=Loss_spike adaptation=with_ML throughput_gbps=7.3552 latency_ms=67.3097
[2026-08-11T23:53:19] SAMPLE t=66s phase=Loss_spike adaptation=with_ML throughput_gbps=8.0896 latency_ms=69.6773
[2026-08-11T23:53:20] SAMPLE t=67s phase=Loss_spike adaptation=with_ML throughput_gbps=7.558 latency_ms=70.1071
[2026-08-11T23:53:21] SAMPLE t=68s phase=Loss_spike adaptation=with_ML throughput_gbps=6.3856 latency_ms=68.8637
[2026-08-11T23:53:22] SAMPLE t=69s phase=Loss_spike adaptation=with_ML throughput_gbps=6.3251 latency_ms=70.1036
[2026-08-11T23:53:23] SAMPLE t=70s phase=Loss_spike adaptation=with_ML throughput_gbps=7.4032 latency_ms=65.2647
[2026-08-11T23:53:24] SAMPLE t=71s phase=Loss_spike adaptation=with_ML throughput_gbps=8.2099 latency_ms=71.0582
[2026-08-11T23:53:25] SAMPLE t=72s phase=Loss_spike adaptation=with_ML throughput_gbps=8.1182 latency_ms=71.0004
[2026-08-11T23:53:26] SAMPLE t=73s phase=Loss_spike adaptation=with_ML throughput_gbps=6.2491 latency_ms=69.2158
[2026-08-11T23:53:27] SAMPLE t=74s phase=Loss_spike adaptation=with_ML throughput_gbps=6.0903 latency_ms=71.6275
[2026-08-11T23:53:28] SAMPLE t=75s phase=Loss_spike adaptation=with_ML throughput_gbps=7.3668 latency_ms=69.9078
[2026-08-11T23:53:29] SAMPLE t=76s phase=Loss_spike adaptation=with_ML throughput_gbps=8.6662 latency_ms=72.1796
[2026-08-11T23:53:30] SAMPLE t=77s phase=Loss_spike adaptation=with_ML throughput_gbps=8.0702 latency_ms=67.7835
[2026-08-11T23:53:31] SAMPLE t=78s phase=Loss_spike adaptation=with_ML throughput_gbps=6.6091 latency_ms=70.7546
[2026-08-11T23:53:32] SAMPLE t=79s phase=Loss_spike adaptation=with_ML throughput_gbps=6.1229 latency_ms=70.5498
[2026-08-11T23:53:33] SAMPLE t=80s phase=Recovery adaptation=with_ML throughput_gbps=7.866 latency_ms=64.8985
[2026-08-11T23:53:34] SAMPLE t=81s phase=Recovery adaptation=with_ML throughput_gbps=8.0089 latency_ms=64.6838
[2026-08-11T23:53:35] SAMPLE t=82s phase=Recovery adaptation=with_ML throughput_gbps=8.2582 latency_ms=66.9012
[2026-08-11T23:53:36] SAMPLE t=83s phase=Recovery adaptation=with_ML throughput_gbps=8.1134 latency_ms=66.3619
[2026-08-11T23:53:37] SAMPLE t=84s phase=Recovery adaptation=with_ML throughput_gbps=7.9151 latency_ms=64.4101
[2026-08-11T23:53:38] SAMPLE t=85s phase=Recovery adaptation=with_ML throughput_gbps=8.1617 latency_ms=65.9033
[2026-08-11T23:53:39] SAMPLE t=86s phase=Recovery adaptation=with_ML throughput_gbps=8.1102 latency_ms=66.8548
[2026-08-11T23:53:40] SAMPLE t=87s phase=Recovery adaptation=with_ML throughput_gbps=8.3724 latency_ms=65.8261
[2026-08-11T23:53:41] SAMPLE t=88s phase=Recovery adaptation=with_ML throughput_gbps=8.4122 latency_ms=64.5462
[2026-08-11T23:53:42] SAMPLE t=89s phase=Recovery adaptation=with_ML throughput_gbps=8.2349 latency_ms=66.0315
[2026-08-11T23:53:43] SAMPLE t=90s phase=Recovery adaptation=with_ML throughput_gbps=8.3685 latency_ms=67.8025
[2026-08-11T23:53:44] SAMPLE t=91s phase=Recovery adaptation=with_ML throughput_gbps=8.4887 latency_ms=64.6472
[2026-08-11T23:53:45] SAMPLE t=92s phase=Recovery adaptation=with_ML throughput_gbps=8.5669 latency_ms=65.1442
[2026-08-11T23:53:46] SAMPLE t=93s phase=Recovery adaptation=with_ML throughput_gbps=8.0222 latency_ms=67.4661
[2026-08-11T23:53:47] SAMPLE t=94s phase=Recovery adaptation=with_ML throughput_gbps=8.254 latency_ms=67.0325
[2026-08-11T23:53:48] SAMPLE t=95s phase=Recovery adaptation=with_ML throughput_gbps=8.6956 latency_ms=65.8281
[2026-08-11T23:53:49] SAMPLE t=96s phase=Recovery adaptation=with_ML throughput_gbps=8.1741 latency_ms=65.6408
[2026-08-11T23:53:50] SAMPLE t=97s phase=Recovery adaptation=with_ML throughput_gbps=8.3737 latency_ms=63.8611
[2026-08-11T23:53:51] SAMPLE t=98s phase=Recovery adaptation=with_ML throughput_gbps=8.6206 latency_ms=65.7351
[2026-08-11T23:53:52] SAMPLE t=99s phase=Recovery adaptation=with_ML throughput_gbps=8.4523 latency_ms=63.5968
[2026-08-11T23:52:13] SAMPLE t=0s phase=Stable adaptation=without_ML throughput_gbps=8.2622 latency_ms=64.4211
[2026-08-11T23:52:14] SAMPLE t=1s phase=Stable adaptation=without_ML throughput_gbps=8.2639 latency_ms=66.455
[2026-08-11T23:52:15] SAMPLE t=2s phase=Stable adaptation=without_ML throughput_gbps=8.4247 latency_ms=65.7225
[2026-08-11T23:52:16] SAMPLE t=3s phase=Stable adaptation=without_ML throughput_gbps=8.0067 latency_ms=68.1693
[2026-08-11T23:52:17] SAMPLE t=4s phase=Stable adaptation=without_ML throughput_gbps=8.073 latency_ms=66.4753
[2026-08-11T23:52:18] SAMPLE t=5s phase=Stable adaptation=without_ML throughput_gbps=8.3523 latency_ms=68.3583
[2026-08-11T23:52:19] SAMPLE t=6s phase=Stable adaptation=without_ML throughput_gbps=8.3869 latency_ms=64.8596
[2026-08-11T23:52:20] SAMPLE t=7s phase=Stable adaptation=without_ML throughput_gbps=7.886 latency_ms=66.7706
[2026-08-11T23:52:21] SAMPLE t=8s phase=Stable adaptation=without_ML throughput_gbps=7.9856 latency_ms=63.2489
[2026-08-11T23:52:22] SAMPLE t=9s phase=Stable adaptation=without_ML throughput_gbps=8.8391 latency_ms=65.6084
[2026-08-11T23:52:23] SAMPLE t=10s phase=Stable adaptation=without_ML throughput_gbps=8.1401 latency_ms=66.1984
[2026-08-11T23:52:24] SAMPLE t=11s phase=Stable adaptation=without_ML throughput_gbps=7.6011 latency_ms=64.2178
[2026-08-11T23:52:25] SAMPLE t=12s phase=Stable adaptation=without_ML throughput_gbps=7.7974 latency_ms=64.933
[2026-08-11T23:52:26] SAMPLE t=13s phase=Stable adaptation=without_ML throughput_gbps=7.8857 latency_ms=66.4271
[2026-08-11T23:52:27] SAMPLE t=14s phase=Stable adaptation=without_ML throughput_gbps=7.9604 latency_ms=65.4288
[2026-08-11T23:52:28] SAMPLE t=15s phase=Stable adaptation=without_ML throughput_gbps=7.9599 latency_ms=66.8286
[2026-08-11T23:52:29] SAMPLE t=16s phase=Stable adaptation=without_ML throughput_gbps=8.2473 latency_ms=65.3149
[2026-08-11T23:52:30] SAMPLE t=17s phase=Stable adaptation=without_ML throughput_gbps=8.2547 latency_ms=65.5567
[2026-08-11T23:52:31] SAMPLE t=18s phase=Stable adaptation=without_ML throughput_gbps=8.1059 latency_ms=66.3868
[2026-08-11T23:52:32] SAMPLE t=19s phase=Stable adaptation=without_ML throughput_gbps=7.7084 latency_ms=66.6099
[2026-08-11T23:52:33] SAMPLE t=20s phase=Congestion adaptation=without_ML throughput_gbps=8.0046 latency_ms=69.0197
[2026-08-11T23:52:34] SAMPLE t=21s phase=Congestion adaptation=without_ML throughput_gbps=8.2202 latency_ms=65.5329
[2026-08-11T23:52:35] SAMPLE t=22s phase=Congestion adaptation=without_ML throughput_gbps=7.8142 latency_ms=66.7109
[2026-08-11T23:52:36] SAMPLE t=23s phase=Congestion adaptation=without_ML throughput_gbps=8.1667 latency_ms=66.4424
[2026-08-11T23:52:37] SAMPLE t=24s phase=Congestion adaptation=without_ML throughput_gbps=7.7367 latency_ms=66.6368
[2026-08-11T23:52:38] SAMPLE t=25s phase=Congestion adaptation=without_ML throughput_gbps=7.8249 latency_ms=66.4411
[2026-08-11T23:52:39] SAMPLE t=26s phase=Congestion adaptation=without_ML throughput_gbps=8.0478 latency_ms=66.4528
[2026-08-11T23:52:40] SAMPLE t=27s phase=Congestion adaptation=without_ML throughput_gbps=8.0752 latency_ms=66.8095
[2026-08-11T23:52:41] SAMPLE t=28s phase=Congestion adaptation=without_ML throughput_gbps=8.2271 latency_ms=65.7377
[2026-08-11T23:52:42] SAMPLE t=29s phase=Congestion adaptation=without_ML throughput_gbps=7.9814 latency_ms=64.2601
[2026-08-11T23:52:43] SAMPLE t=30s phase=Congestion adaptation=without_ML throughput_gbps=8.1274 latency_ms=64.7448
[2026-08-11T23:52:44] SAMPLE t=31s phase=Congestion adaptation=without_ML throughput_gbps=7.8057 latency_ms=65.8107
[2026-08-11T23:52:45] SAMPLE t=32s phase=Congestion adaptation=without_ML throughput_gbps=9.0479 latency_ms=64.0592
[2026-08-11T23:52:46] SAMPLE t=33s phase=Congestion adaptation=without_ML throughput_gbps=7.7201 latency_ms=65.682
[2026-08-11T23:52:47] SAMPLE t=34s phase=Congestion adaptation=without_ML throughput_gbps=8.4834 latency_ms=65.8001
[2026-08-11T23:52:48] SAMPLE t=35s phase=Congestion adaptation=without_ML throughput_gbps=8.2488 latency_ms=68.5808
[2026-08-11T23:52:49] SAMPLE t=36s phase=Congestion adaptation=without_ML throughput_gbps=7.9432 latency_ms=66.9758
[2026-08-11T23:52:50] SAMPLE t=37s phase=Congestion adaptation=without_ML throughput_gbps=7.8331 latency_ms=67.8055
[2026-08-11T23:52:51] SAMPLE t=38s phase=Congestion adaptation=without_ML throughput_gbps=8.404 latency_ms=64.872
[2026-08-11T23:52:52] SAMPLE t=39s phase=Congestion adaptation=without_ML throughput_gbps=8.0284 latency_ms=65.6203
[2026-08-11T23:52:53] SAMPLE t=40s phase=Path_change adaptation=without_ML throughput_gbps=8.1859 latency_ms=64.9246
[2026-08-11T23:52:54] SAMPLE t=41s phase=Path_change adaptation=without_ML throughput_gbps=7.4078 latency_ms=66.0494
[2026-08-11T23:52:55] SAMPLE t=42s phase=Path_change adaptation=without_ML throughput_gbps=7.3228 latency_ms=68.2751
[2026-08-11T23:52:56] SAMPLE t=43s phase=Path_change adaptation=without_ML throughput_gbps=7.1412 latency_ms=67.593
[2026-08-11T23:52:57] SAMPLE t=44s phase=Path_change adaptation=without_ML throughput_gbps=6.6142 latency_ms=70.4291
[2026-08-11T23:52:58] SAMPLE t=45s phase=Path_change adaptation=without_ML throughput_gbps=6.2973 latency_ms=69.8297
[2026-08-11T23:52:59] SAMPLE t=46s phase=Path_change adaptation=without_ML throughput_gbps=6.2515 latency_ms=71.4627
[2026-08-11T23:53:00] SAMPLE t=47s phase=Path_change adaptation=without_ML throughput_gbps=5.5636 latency_ms=72.3493
[2026-08-11T23:53:01] SAMPLE t=48s phase=Path_change adaptation=without_ML throughput_gbps=5.8391 latency_ms=74.2968
[2026-08-11T23:53:02] SAMPLE t=49s phase=Path_change adaptation=without_ML throughput_gbps=5.8299 latency_ms=72.6444
[2026-08-11T23:53:03] SAMPLE t=50s phase=Path_change adaptation=without_ML throughput_gbps=5.9467 latency_ms=73.1019
[2026-08-11T23:53:04] SAMPLE t=51s phase=Path_change adaptation=without_ML throughput_gbps=5.5456 latency_ms=71.4627
[2026-08-11T23:53:05] SAMPLE t=52s phase=Path_change adaptation=without_ML throughput_gbps=5.9464 latency_ms=71.9739
[2026-08-11T23:53:06] SAMPLE t=53s phase=Path_change adaptation=without_ML throughput_gbps=6.3781 latency_ms=70.5589
[2026-08-11T23:53:07] SAMPLE t=54s phase=Path_change adaptation=without_ML throughput_gbps=6.3657 latency_ms=72.058
[2026-08-11T23:53:08] SAMPLE t=55s phase=Path_change adaptation=without_ML throughput_gbps=6.3882 latency_ms=71.9743
[2026-08-11T23:53:09] SAMPLE t=56s phase=Path_change adaptation=without_ML throughput_gbps=6.8168 latency_ms=68.3076
[2026-08-11T23:53:10] SAMPLE t=57s phase=Path_change adaptation=without_ML throughput_gbps=7.0818 latency_ms=68.3302
[2026-08-11T23:53:11] SAMPLE t=58s phase=Path_change adaptation=without_ML throughput_gbps=7.0956 latency_ms=68.0357
[2026-08-11T23:53:12] SAMPLE t=59s phase=Path_change adaptation=without_ML throughput_gbps=7.665 latency_ms=68.5918
[2026-08-11T23:53:13] SAMPLE t=60s phase=Loss_spike adaptation=without_ML throughput_gbps=6.0307 latency_ms=70.5885
[2026-08-11T23:53:14] SAMPLE t=61s phase=Loss_spike adaptation=without_ML throughput_gbps=8.5171 latency_ms=80.8449
[2026-08-11T23:53:15] SAMPLE t=62s phase=Loss_spike adaptation=without_ML throughput_gbps=7.5921 latency_ms=76.2301
[2026-08-11T23:53:16] SAMPLE t=63s phase=Loss_spike adaptation=without_ML throughput_gbps=4.6965 latency_ms=75.222
[2026-08-11T23:53:17] SAMPLE t=64s phase=Loss_spike adaptation=without_ML throughput_gbps=3.9196 latency_ms=79.1731
[2026-08-11T23:53:18] SAMPLE t=65s phase=Loss_spike adaptation=without_ML throughput_gbps=6.1487 latency_ms=69.6554
[2026-08-11T23:53:19] SAMPLE t=66s phase=Loss_spike adaptation=without_ML throughput_gbps=7.8981 latency_ms=75.4858
[2026-08-11T23:53:20] SAMPLE t=67s phase=Loss_spike adaptation=without_ML throughput_gbps=7.7198 latency_ms=74.4756
[2026-08-11T23:53:21] SAMPLE t=68s phase=Loss_spike adaptation=without_ML throughput_gbps=4.7724 latency_ms=74.4655
[2026-08-11T23:53:22] SAMPLE t=69s phase=Loss_spike adaptation=without_ML throughput_gbps=4.124 latency_ms=76.844
[2026-08-11T23:53:23] SAMPLE t=70s phase=Loss_spike adaptation=without_ML throughput_gbps=6.2325 latency_ms=69.8125
[2026-08-11T23:53:24] SAMPLE t=71s phase=Loss_spike adaptation=without_ML throughput_gbps=8.2836 latency_ms=78.4274
[2026-08-11T23:53:25] SAMPLE t=72s phase=Loss_spike adaptation=without_ML throughput_gbps=7.8661 latency_ms=75.6058
[2026-08-11T23:53:26] SAMPLE t=73s phase=Loss_spike adaptation=without_ML throughput_gbps=4.6503 latency_ms=75.8509
[2026-08-11T23:53:27] SAMPLE t=74s phase=Loss_spike adaptation=without_ML throughput_gbps=4.1081 latency_ms=77.3863
[2026-08-11T23:53:28] SAMPLE t=75s phase=Loss_spike adaptation=without_ML throughput_gbps=6.0375 latency_ms=70.3413
[2026-08-11T23:53:29] SAMPLE t=76s phase=Loss_spike adaptation=without_ML throughput_gbps=8.5489 latency_ms=82.0624
[2026-08-11T23:53:30] SAMPLE t=77s phase=Loss_spike adaptation=without_ML throughput_gbps=7.8203 latency_ms=73.9848
[2026-08-11T23:53:31] SAMPLE t=78s phase=Loss_spike adaptation=without_ML throughput_gbps=5.0071 latency_ms=76.0706
[2026-08-11T23:53:32] SAMPLE t=79s phase=Loss_spike adaptation=without_ML throughput_gbps=4.0349 latency_ms=78.862
[2026-08-11T23:53:33] SAMPLE t=80s phase=Recovery adaptation=without_ML throughput_gbps=8.1936 latency_ms=66.092
[2026-08-11T23:53:34] SAMPLE t=81s phase=Recovery adaptation=without_ML throughput_gbps=7.7696 latency_ms=64.5516
[2026-08-11T23:53:35] SAMPLE t=82s phase=Recovery adaptation=without_ML throughput_gbps=7.6245 latency_ms=65.6754
[2026-08-11T23:53:36] SAMPLE t=83s phase=Recovery adaptation=without_ML throughput_gbps=8.325 latency_ms=66.0862
[2026-08-11T23:53:37] SAMPLE t=84s phase=Recovery adaptation=without_ML throughput_gbps=8.153 latency_ms=65.9853
[2026-08-11T23:53:38] SAMPLE t=85s phase=Recovery adaptation=without_ML throughput_gbps=8.1845 latency_ms=64.5805
[2026-08-11T23:53:39] SAMPLE t=86s phase=Recovery adaptation=without_ML throughput_gbps=8.1187 latency_ms=67.2334
[2026-08-11T23:53:40] SAMPLE t=87s phase=Recovery adaptation=without_ML throughput_gbps=8.2938 latency_ms=65.8462
[2026-08-11T23:53:41] SAMPLE t=88s phase=Recovery adaptation=without_ML throughput_gbps=7.1357 latency_ms=68.2215
[2026-08-11T23:53:42] SAMPLE t=89s phase=Recovery adaptation=without_ML throughput_gbps=8.1761 latency_ms=64.9461
[2026-08-11T23:53:43] SAMPLE t=90s phase=Recovery adaptation=without_ML throughput_gbps=7.9272 latency_ms=65.689
[2026-08-11T23:53:44] SAMPLE t=91s phase=Recovery adaptation=without_ML throughput_gbps=7.9013 latency_ms=65.1985
[2026-08-11T23:53:45] SAMPLE t=92s phase=Recovery adaptation=without_ML throughput_gbps=8.0554 latency_ms=63.0275
[2026-08-11T23:53:46] SAMPLE t=93s phase=Recovery adaptation=without_ML throughput_gbps=7.9465 latency_ms=66.4285
[2026-08-11T23:53:47] SAMPLE t=94s phase=Recovery adaptation=without_ML throughput_gbps=7.9511 latency_ms=68.0961
[2026-08-11T23:53:48] SAMPLE t=95s phase=Recovery adaptation=without_ML throughput_gbps=8.2472 latency_ms=65.3931
[2026-08-11T23:53:49] SAMPLE t=96s phase=Recovery adaptation=without_ML throughput_gbps=8.0281 latency_ms=66.1189
[2026-08-11T23:53:50] SAMPLE t=97s phase=Recovery adaptation=without_ML throughput_gbps=7.9344 latency_ms=66.2002
[2026-08-11T23:53:51] SAMPLE t=98s phase=Recovery adaptation=without_ML throughput_gbps=7.9783 latency_ms=65.48
[2026-08-11T23:53:52] SAMPLE t=99s phase=Recovery adaptation=without_ML throughput_gbps=7.9041 latency_ms=67.8517
[2026-08-11T23:52:13] TRACE_END run_id=76 status=OK
[2026-08-12T00:05:21] TRACE_START run_id=77
[2026-08-12T00:05:21] SAMPLE t=0s phase=Stable adaptation=with_ML throughput_gbps=8.0627 latency_ms=67.8139
[2026-08-12T00:05:22] SAMPLE t=1s phase=Stable adaptation=with_ML throughput_gbps=7.7609 latency_ms=66.2048
[2026-08-12T00:05:23] SAMPLE t=2s phase=Stable adaptation=with_ML throughput_gbps=8.111 latency_ms=67.7406
[2026-08-12T00:05:24] SAMPLE t=3s phase=Stable adaptation=with_ML throughput_gbps=8.0657 latency_ms=65.2203
[2026-08-12T00:05:25] SAMPLE t=4s phase=Stable adaptation=with_ML throughput_gbps=7.8636 latency_ms=66.9642
[2026-08-12T00:05:26] SAMPLE t=5s phase=Stable adaptation=with_ML throughput_gbps=8.0775 latency_ms=66.556
[2026-08-12T00:05:27] SAMPLE t=6s phase=Stable adaptation=with_ML throughput_gbps=8.1701 latency_ms=68.8898
[2026-08-12T00:05:28] SAMPLE t=7s phase=Stable adaptation=with_ML throughput_gbps=8.1305 latency_ms=67.7709
[2026-08-12T00:05:29] SAMPLE t=8s phase=Stable adaptation=with_ML throughput_gbps=7.8706 latency_ms=66.8827
[2026-08-12T00:05:30] SAMPLE t=9s phase=Stable adaptation=with_ML throughput_gbps=7.8158 latency_ms=65.917
[2026-08-12T00:05:31] SAMPLE t=10s phase=Stable adaptation=with_ML throughput_gbps=8.0913 latency_ms=64.6048
[2026-08-12T00:05:32] SAMPLE t=11s phase=Stable adaptation=with_ML throughput_gbps=7.8641 latency_ms=66.3972
[2026-08-12T00:05:33] SAMPLE t=12s phase=Stable adaptation=with_ML throughput_gbps=7.6458 latency_ms=67.0523
[2026-08-12T00:05:34] SAMPLE t=13s phase=Stable adaptation=with_ML throughput_gbps=7.8121 latency_ms=66.813
[2026-08-12T00:05:35] SAMPLE t=14s phase=Stable adaptation=with_ML throughput_gbps=7.9165 latency_ms=68.5002
[2026-08-12T00:05:36] SAMPLE t=15s phase=Stable adaptation=with_ML throughput_gbps=8.0106 latency_ms=70.2988
[2026-08-12T00:05:37] SAMPLE t=16s phase=Stable adaptation=with_ML throughput_gbps=8.0323 latency_ms=64.855
[2026-08-12T00:05:38] SAMPLE t=17s phase=Stable adaptation=with_ML throughput_gbps=7.9762 latency_ms=66.7167
[2026-08-12T00:05:39] SAMPLE t=18s phase=Stable adaptation=with_ML throughput_gbps=7.8933 latency_ms=64.4598
[2026-08-12T00:05:40] SAMPLE t=19s phase=Stable adaptation=with_ML throughput_gbps=7.9243 latency_ms=67.5792
[2026-08-12T00:05:41] SAMPLE t=20s phase=Congestion adaptation=with_ML throughput_gbps=8.1873 latency_ms=66.4204
[2026-08-12T00:05:42] SAMPLE t=21s phase=Congestion adaptation=with_ML throughput_gbps=8.105 latency_ms=67.0475
[2026-08-12T00:05:43] SAMPLE t=22s phase=Congestion adaptation=with_ML throughput_gbps=8.0987 latency_ms=66.7877
[2026-08-12T00:05:44] SAMPLE t=23s phase=Congestion adaptation=with_ML throughput_gbps=7.8626 latency_ms=65.3577
[2026-08-12T00:05:45] SAMPLE t=24s phase=Congestion adaptation=with_ML throughput_gbps=7.8262 latency_ms=65.1377
[2026-08-12T00:05:46] SAMPLE t=25s phase=Congestion adaptation=with_ML throughput_gbps=7.8102 latency_ms=66.8767
[2026-08-12T00:05:47] SAMPLE t=26s phase=Congestion adaptation=with_ML throughput_gbps=8.098 latency_ms=67.8975
[2026-08-12T00:05:48] SAMPLE t=27s phase=Congestion adaptation=with_ML throughput_gbps=7.8327 latency_ms=65.077
[2026-08-12T00:05:49] SAMPLE t=28s phase=Congestion adaptation=with_ML throughput_gbps=7.8989 latency_ms=65.1477
[2026-08-12T00:05:50] SAMPLE t=29s phase=Congestion adaptation=with_ML throughput_gbps=8.3738 latency_ms=67.6057
[2026-08-12T00:05:51] SAMPLE t=30s phase=Congestion adaptation=with_ML throughput_gbps=7.8688 latency_ms=68.294
[2026-08-12T00:05:52] SAMPLE t=31s phase=Congestion adaptation=with_ML throughput_gbps=8.14 latency_ms=66.8102
[2026-08-12T00:05:53] SAMPLE t=32s phase=Congestion adaptation=with_ML throughput_gbps=8.4491 latency_ms=66.2947
[2026-08-12T00:05:54] SAMPLE t=33s phase=Congestion adaptation=with_ML throughput_gbps=8.0505 latency_ms=67.6864
[2026-08-12T00:05:55] SAMPLE t=34s phase=Congestion adaptation=with_ML throughput_gbps=8.2085 latency_ms=66.0122
[2026-08-12T00:05:56] SAMPLE t=35s phase=Congestion adaptation=with_ML throughput_gbps=8.4236 latency_ms=64.7807
[2026-08-12T00:05:57] SAMPLE t=36s phase=Congestion adaptation=with_ML throughput_gbps=7.934 latency_ms=65.8132
[2026-08-12T00:05:58] SAMPLE t=37s phase=Congestion adaptation=with_ML throughput_gbps=8.0321 latency_ms=64.9613
[2026-08-12T00:05:59] SAMPLE t=38s phase=Congestion adaptation=with_ML throughput_gbps=7.7714 latency_ms=65.9366
[2026-08-12T00:06:00] SAMPLE t=39s phase=Congestion adaptation=with_ML throughput_gbps=8.1398 latency_ms=68.0134
[2026-08-12T00:06:01] SAMPLE t=40s phase=Path_change adaptation=with_ML throughput_gbps=8.2069 latency_ms=66.5868
[2026-08-12T00:06:02] SAMPLE t=41s phase=Path_change adaptation=with_ML throughput_gbps=7.6946 latency_ms=65.6963
[2026-08-12T00:06:03] SAMPLE t=42s phase=Path_change adaptation=with_ML throughput_gbps=8.1852 latency_ms=66.5993
[2026-08-12T00:06:04] SAMPLE t=43s phase=Path_change adaptation=with_ML throughput_gbps=7.664 latency_ms=66.7117
[2026-08-12T00:06:05] SAMPLE t=44s phase=Path_change adaptation=with_ML throughput_gbps=7.7773 latency_ms=68.1374
[2026-08-12T00:06:06] SAMPLE t=45s phase=Path_change adaptation=with_ML throughput_gbps=7.5288 latency_ms=68.6801
[2026-08-12T00:06:07] SAMPLE t=46s phase=Path_change adaptation=with_ML throughput_gbps=7.2866 latency_ms=67.8906
[2026-08-12T00:06:08] SAMPLE t=47s phase=Path_change adaptation=with_ML throughput_gbps=7.3503 latency_ms=67.0737
[2026-08-12T00:06:09] SAMPLE t=48s phase=Path_change adaptation=with_ML throughput_gbps=7.1509 latency_ms=69.0806
[2026-08-12T00:06:10] SAMPLE t=49s phase=Path_change adaptation=with_ML throughput_gbps=7.0097 latency_ms=68.2948
[2026-08-12T00:06:11] SAMPLE t=50s phase=Path_change adaptation=with_ML throughput_gbps=7.3679 latency_ms=69.8291
[2026-08-12T00:06:12] SAMPLE t=51s phase=Path_change adaptation=with_ML throughput_gbps=7.0787 latency_ms=67.0055
[2026-08-12T00:06:13] SAMPLE t=52s phase=Path_change adaptation=with_ML throughput_gbps=7.4117 latency_ms=65.1899
[2026-08-12T00:06:14] SAMPLE t=53s phase=Path_change adaptation=with_ML throughput_gbps=7.3317 latency_ms=67.4045
[2026-08-12T00:06:15] SAMPLE t=54s phase=Path_change adaptation=with_ML throughput_gbps=7.4928 latency_ms=68.013
[2026-08-12T00:06:16] SAMPLE t=55s phase=Path_change adaptation=with_ML throughput_gbps=7.8383 latency_ms=67.8494
[2026-08-12T00:06:17] SAMPLE t=56s phase=Path_change adaptation=with_ML throughput_gbps=7.5472 latency_ms=66.4421
[2026-08-12T00:06:18] SAMPLE t=57s phase=Path_change adaptation=with_ML throughput_gbps=7.4794 latency_ms=68.66
[2026-08-12T00:06:19] SAMPLE t=58s phase=Path_change adaptation=with_ML throughput_gbps=7.67 latency_ms=66.7125
[2026-08-12T00:06:20] SAMPLE t=59s phase=Path_change adaptation=with_ML throughput_gbps=7.6523 latency_ms=67.3983
[2026-08-12T00:06:21] SAMPLE t=60s phase=Loss_spike adaptation=with_ML throughput_gbps=7.3402 latency_ms=68.4702
[2026-08-12T00:06:22] SAMPLE t=61s phase=Loss_spike adaptation=with_ML throughput_gbps=8.5636 latency_ms=70.9059
[2026-08-12T00:06:23] SAMPLE t=62s phase=Loss_spike adaptation=with_ML throughput_gbps=7.7069 latency_ms=71.3702
[2026-08-12T00:06:24] SAMPLE t=63s phase=Loss_spike adaptation=with_ML throughput_gbps=6.7545 latency_ms=71.1503
[2026-08-12T00:06:25] SAMPLE t=64s phase=Loss_spike adaptation=with_ML throughput_gbps=6.2931 latency_ms=71.0892
[2026-08-12T00:06:26] SAMPLE t=65s phase=Loss_spike adaptation=with_ML throughput_gbps=7.4673 latency_ms=69.8395
[2026-08-12T00:06:27] SAMPLE t=66s phase=Loss_spike adaptation=with_ML throughput_gbps=8.1956 latency_ms=70.1636
[2026-08-12T00:06:28] SAMPLE t=67s phase=Loss_spike adaptation=with_ML throughput_gbps=8.2057 latency_ms=68.98
[2026-08-12T00:06:29] SAMPLE t=68s phase=Loss_spike adaptation=with_ML throughput_gbps=6.5854 latency_ms=71.735
[2026-08-12T00:06:30] SAMPLE t=69s phase=Loss_spike adaptation=with_ML throughput_gbps=5.9003 latency_ms=70.1212
[2026-08-12T00:06:31] SAMPLE t=70s phase=Loss_spike adaptation=with_ML throughput_gbps=7.3089 latency_ms=67.1563
[2026-08-12T00:06:32] SAMPLE t=71s phase=Loss_spike adaptation=with_ML throughput_gbps=8.346 latency_ms=70.4676
[2026-08-12T00:06:33] SAMPLE t=72s phase=Loss_spike adaptation=with_ML throughput_gbps=8.1745 latency_ms=69.9508
[2026-08-12T00:06:34] SAMPLE t=73s phase=Loss_spike adaptation=with_ML throughput_gbps=6.8861 latency_ms=68.5926
[2026-08-12T00:06:35] SAMPLE t=74s phase=Loss_spike adaptation=with_ML throughput_gbps=6.1307 latency_ms=72.2627
[2026-08-12T00:06:36] SAMPLE t=75s phase=Loss_spike adaptation=with_ML throughput_gbps=7.3834 latency_ms=68.0799
[2026-08-12T00:06:37] SAMPLE t=76s phase=Loss_spike adaptation=with_ML throughput_gbps=8.0285 latency_ms=71.6267
[2026-08-12T00:06:38] SAMPLE t=77s phase=Loss_spike adaptation=with_ML throughput_gbps=7.9302 latency_ms=72.0728
[2026-08-12T00:06:39] SAMPLE t=78s phase=Loss_spike adaptation=with_ML throughput_gbps=6.4848 latency_ms=69.2833
[2026-08-12T00:06:40] SAMPLE t=79s phase=Loss_spike adaptation=with_ML throughput_gbps=6.1149 latency_ms=70.1556
[2026-08-12T00:06:41] SAMPLE t=80s phase=Recovery adaptation=with_ML throughput_gbps=8.5007 latency_ms=66.0182
[2026-08-12T00:06:42] SAMPLE t=81s phase=Recovery adaptation=with_ML throughput_gbps=8.0486 latency_ms=65.7973
[2026-08-12T00:06:43] SAMPLE t=82s phase=Recovery adaptation=with_ML throughput_gbps=7.9341 latency_ms=65.7428
[2026-08-12T00:06:44] SAMPLE t=83s phase=Recovery adaptation=with_ML throughput_gbps=8.2519 latency_ms=66.4768
[2026-08-12T00:06:45] SAMPLE t=84s phase=Recovery adaptation=with_ML throughput_gbps=8.0032 latency_ms=66.3805
[2026-08-12T00:06:46] SAMPLE t=85s phase=Recovery adaptation=with_ML throughput_gbps=7.8052 latency_ms=63.4016
[2026-08-12T00:06:47] SAMPLE t=86s phase=Recovery adaptation=with_ML throughput_gbps=8.4005 latency_ms=66.949
[2026-08-12T00:06:48] SAMPLE t=87s phase=Recovery adaptation=with_ML throughput_gbps=8.0965 latency_ms=66.2526
[2026-08-12T00:06:49] SAMPLE t=88s phase=Recovery adaptation=with_ML throughput_gbps=8.6855 latency_ms=66.6801
[2026-08-12T00:06:50] SAMPLE t=89s phase=Recovery adaptation=with_ML throughput_gbps=8.0534 latency_ms=64.3622
[2026-08-12T00:06:51] SAMPLE t=90s phase=Recovery adaptation=with_ML throughput_gbps=8.4502 latency_ms=65.2369
[2026-08-12T00:06:52] SAMPLE t=91s phase=Recovery adaptation=with_ML throughput_gbps=8.0025 latency_ms=65.2738
[2026-08-12T00:06:53] SAMPLE t=92s phase=Recovery adaptation=with_ML throughput_gbps=8.4594 latency_ms=64.1071
[2026-08-12T00:06:54] SAMPLE t=93s phase=Recovery adaptation=with_ML throughput_gbps=8.5109 latency_ms=64.8966
[2026-08-12T00:06:55] SAMPLE t=94s phase=Recovery adaptation=with_ML throughput_gbps=8.3953 latency_ms=64.9178
[2026-08-12T00:06:56] SAMPLE t=95s phase=Recovery adaptation=with_ML throughput_gbps=8.423 latency_ms=65.5831
[2026-08-12T00:06:57] SAMPLE t=96s phase=Recovery adaptation=with_ML throughput_gbps=8.8469 latency_ms=67.0503
[2026-08-12T00:06:58] SAMPLE t=97s phase=Recovery adaptation=with_ML throughput_gbps=8.6585 latency_ms=65.0675
[2026-08-12T00:06:59] SAMPLE t=98s phase=Recovery adaptation=with_ML throughput_gbps=8.2556 latency_ms=65.5208
[2026-08-12T00:07:00] SAMPLE t=99s phase=Recovery adaptation=with_ML throughput_gbps=8.3438 latency_ms=65.0634
[2026-08-12T00:05:21] SAMPLE t=0s phase=Stable adaptation=without_ML throughput_gbps=8.0197 latency_ms=64.9104
[2026-08-12T00:05:22] SAMPLE t=1s phase=Stable adaptation=without_ML throughput_gbps=7.7598 latency_ms=65.2462
[2026-08-12T00:05:23] SAMPLE t=2s phase=Stable adaptation=without_ML throughput_gbps=7.7795 latency_ms=64.277
[2026-08-12T00:05:24] SAMPLE t=3s phase=Stable adaptation=without_ML throughput_gbps=7.9183 latency_ms=66.2904
[2026-08-12T00:05:25] SAMPLE t=4s phase=Stable adaptation=without_ML throughput_gbps=7.8136 latency_ms=66.8692
[2026-08-12T00:05:26] SAMPLE t=5s phase=Stable adaptation=without_ML throughput_gbps=7.8087 latency_ms=63.4105
[2026-08-12T00:05:27] SAMPLE t=6s phase=Stable adaptation=without_ML throughput_gbps=8.2342 latency_ms=65.804
[2026-08-12T00:05:28] SAMPLE t=7s phase=Stable adaptation=without_ML throughput_gbps=8.0854 latency_ms=63.1295
[2026-08-12T00:05:29] SAMPLE t=8s phase=Stable adaptation=without_ML throughput_gbps=7.7192 latency_ms=62.8
[2026-08-12T00:05:30] SAMPLE t=9s phase=Stable adaptation=without_ML throughput_gbps=8.1013 latency_ms=66.1163
[2026-08-12T00:05:31] SAMPLE t=10s phase=Stable adaptation=without_ML throughput_gbps=7.9698 latency_ms=65.417
[2026-08-12T00:05:32] SAMPLE t=11s phase=Stable adaptation=without_ML throughput_gbps=8.0112 latency_ms=65.7892
[2026-08-12T00:05:33] SAMPLE t=12s phase=Stable adaptation=without_ML throughput_gbps=8.0328 latency_ms=67.3465
[2026-08-12T00:05:34] SAMPLE t=13s phase=Stable adaptation=without_ML throughput_gbps=7.6319 latency_ms=67.6847
[2026-08-12T00:05:35] SAMPLE t=14s phase=Stable adaptation=without_ML throughput_gbps=7.7528 latency_ms=63.9028
[2026-08-12T00:05:36] SAMPLE t=15s phase=Stable adaptation=without_ML throughput_gbps=8.2168 latency_ms=65.5831
[2026-08-12T00:05:37] SAMPLE t=16s phase=Stable adaptation=without_ML throughput_gbps=8.0085 latency_ms=67.7833
[2026-08-12T00:05:38] SAMPLE t=17s phase=Stable adaptation=without_ML throughput_gbps=8.1656 latency_ms=65.4509
[2026-08-12T00:05:39] SAMPLE t=18s phase=Stable adaptation=without_ML throughput_gbps=7.6367 latency_ms=65.6374
[2026-08-12T00:05:40] SAMPLE t=19s phase=Stable adaptation=without_ML throughput_gbps=7.9576 latency_ms=66.6838
[2026-08-12T00:05:41] SAMPLE t=20s phase=Congestion adaptation=without_ML throughput_gbps=7.8577 latency_ms=64.9055
[2026-08-12T00:05:42] SAMPLE t=21s phase=Congestion adaptation=without_ML throughput_gbps=8.116 latency_ms=67.0571
[2026-08-12T00:05:43] SAMPLE t=22s phase=Congestion adaptation=without_ML throughput_gbps=7.9856 latency_ms=64.4848
[2026-08-12T00:05:44] SAMPLE t=23s phase=Congestion adaptation=without_ML throughput_gbps=8.3759 latency_ms=67.271
[2026-08-12T00:05:45] SAMPLE t=24s phase=Congestion adaptation=without_ML throughput_gbps=7.9192 latency_ms=65.719
[2026-08-12T00:05:46] SAMPLE t=25s phase=Congestion adaptation=without_ML throughput_gbps=8.1899 latency_ms=67.9081
[2026-08-12T00:05:47] SAMPLE t=26s phase=Congestion adaptation=without_ML throughput_gbps=7.9586 latency_ms=64.0179
[2026-08-12T00:05:48] SAMPLE t=27s phase=Congestion adaptation=without_ML throughput_gbps=7.879 latency_ms=65.8731
[2026-08-12T00:05:49] SAMPLE t=28s phase=Congestion adaptation=without_ML throughput_gbps=7.9406 latency_ms=67.7629
[2026-08-12T00:05:50] SAMPLE t=29s phase=Congestion adaptation=without_ML throughput_gbps=7.861 latency_ms=65.7382
[2026-08-12T00:05:51] SAMPLE t=30s phase=Congestion adaptation=without_ML throughput_gbps=8.3937 latency_ms=66.8035
[2026-08-12T00:05:52] SAMPLE t=31s phase=Congestion adaptation=without_ML throughput_gbps=8.3741 latency_ms=66.334
[2026-08-12T00:05:53] SAMPLE t=32s phase=Congestion adaptation=without_ML throughput_gbps=7.8736 latency_ms=68.614
[2026-08-12T00:05:54] SAMPLE t=33s phase=Congestion adaptation=without_ML throughput_gbps=8.1972 latency_ms=68.3204
[2026-08-12T00:05:55] SAMPLE t=34s phase=Congestion adaptation=without_ML throughput_gbps=8.6147 latency_ms=65.9432
[2026-08-12T00:05:56] SAMPLE t=35s phase=Congestion adaptation=without_ML throughput_gbps=7.9079 latency_ms=65.95
[2026-08-12T00:05:57] SAMPLE t=36s phase=Congestion adaptation=without_ML throughput_gbps=8.1872 latency_ms=65.7964
[2026-08-12T00:05:58] SAMPLE t=37s phase=Congestion adaptation=without_ML throughput_gbps=7.9853 latency_ms=66.4645
[2026-08-12T00:05:59] SAMPLE t=38s phase=Congestion adaptation=without_ML throughput_gbps=7.7866 latency_ms=65.0236
[2026-08-12T00:06:00] SAMPLE t=39s phase=Congestion adaptation=without_ML throughput_gbps=8.0936 latency_ms=66.5516
[2026-08-12T00:06:01] SAMPLE t=40s phase=Path_change adaptation=without_ML throughput_gbps=7.7796 latency_ms=65.7283
[2026-08-12T00:06:02] SAMPLE t=41s phase=Path_change adaptation=without_ML throughput_gbps=7.891 latency_ms=64.7737
[2026-08-12T00:06:03] SAMPLE t=42s phase=Path_change adaptation=without_ML throughput_gbps=7.2485 latency_ms=66.3503
[2026-08-12T00:06:04] SAMPLE t=43s phase=Path_change adaptation=without_ML throughput_gbps=6.9683 latency_ms=69.2666
[2026-08-12T00:06:05] SAMPLE t=44s phase=Path_change adaptation=without_ML throughput_gbps=6.4428 latency_ms=68.3954
[2026-08-12T00:06:06] SAMPLE t=45s phase=Path_change adaptation=without_ML throughput_gbps=6.2188 latency_ms=70.1601
[2026-08-12T00:06:07] SAMPLE t=46s phase=Path_change adaptation=without_ML throughput_gbps=6.0621 latency_ms=72.8592
[2026-08-12T00:06:08] SAMPLE t=47s phase=Path_change adaptation=without_ML throughput_gbps=5.8694 latency_ms=73.5835
[2026-08-12T00:06:09] SAMPLE t=48s phase=Path_change adaptation=without_ML throughput_gbps=5.799 latency_ms=71.4992
[2026-08-12T00:06:10] SAMPLE t=49s phase=Path_change adaptation=without_ML throughput_gbps=5.5182 latency_ms=75.4883
[2026-08-12T00:06:11] SAMPLE t=50s phase=Path_change adaptation=without_ML throughput_gbps=5.5831 latency_ms=72.3258
[2026-08-12T00:06:12] SAMPLE t=51s phase=Path_change adaptation=without_ML throughput_gbps=5.767 latency_ms=74.8933
[2026-08-12T00:06:13] SAMPLE t=52s phase=Path_change adaptation=without_ML throughput_gbps=5.8542 latency_ms=72.5877
[2026-08-12T00:06:14] SAMPLE t=53s phase=Path_change adaptation=without_ML throughput_gbps=5.8115 latency_ms=73.1406
[2026-08-12T00:06:15] SAMPLE t=54s phase=Path_change adaptation=without_ML throughput_gbps=6.3955 latency_ms=70.4281
[2026-08-12T00:06:16] SAMPLE t=55s phase=Path_change adaptation=without_ML throughput_gbps=6.3938 latency_ms=71.6674
[2026-08-12T00:06:17] SAMPLE t=56s phase=Path_change adaptation=without_ML throughput_gbps=6.5924 latency_ms=70.5682
[2026-08-12T00:06:18] SAMPLE t=57s phase=Path_change adaptation=without_ML throughput_gbps=7.1675 latency_ms=68.1383
[2026-08-12T00:06:19] SAMPLE t=58s phase=Path_change adaptation=without_ML throughput_gbps=7.4203 latency_ms=68.4298
[2026-08-12T00:06:20] SAMPLE t=59s phase=Path_change adaptation=without_ML throughput_gbps=7.6525 latency_ms=66.7515
[2026-08-12T00:06:21] SAMPLE t=60s phase=Loss_spike adaptation=without_ML throughput_gbps=5.9855 latency_ms=71.0223
[2026-08-12T00:06:22] SAMPLE t=61s phase=Loss_spike adaptation=without_ML throughput_gbps=8.61 latency_ms=79.4511
[2026-08-12T00:06:23] SAMPLE t=62s phase=Loss_spike adaptation=without_ML throughput_gbps=7.4998 latency_ms=74.8294
[2026-08-12T00:06:24] SAMPLE t=63s phase=Loss_spike adaptation=without_ML throughput_gbps=4.6569 latency_ms=74.6571
[2026-08-12T00:06:25] SAMPLE t=64s phase=Loss_spike adaptation=without_ML throughput_gbps=3.8934 latency_ms=80.5079
[2026-08-12T00:06:26] SAMPLE t=65s phase=Loss_spike adaptation=without_ML throughput_gbps=6.1499 latency_ms=71.6728
[2026-08-12T00:06:27] SAMPLE t=66s phase=Loss_spike adaptation=without_ML throughput_gbps=8.4148 latency_ms=79.8495
[2026-08-12T00:06:28] SAMPLE t=67s phase=Loss_spike adaptation=without_ML throughput_gbps=7.7687 latency_ms=77.484
[2026-08-12T00:06:29] SAMPLE t=68s phase=Loss_spike adaptation=without_ML throughput_gbps=4.7387 latency_ms=76.504
[2026-08-12T00:06:30] SAMPLE t=69s phase=Loss_spike adaptation=without_ML throughput_gbps=4.1704 latency_ms=79.6913
[2026-08-12T00:06:31] SAMPLE t=70s phase=Loss_spike adaptation=without_ML throughput_gbps=5.6421 latency_ms=70.3685
[2026-08-12T00:06:32] SAMPLE t=71s phase=Loss_spike adaptation=without_ML throughput_gbps=8.2092 latency_ms=79.1456
[2026-08-12T00:06:33] SAMPLE t=72s phase=Loss_spike adaptation=without_ML throughput_gbps=7.6205 latency_ms=76.0592
[2026-08-12T00:06:34] SAMPLE t=73s phase=Loss_spike adaptation=without_ML throughput_gbps=4.7618 latency_ms=79.3684
[2026-08-12T00:06:35] SAMPLE t=74s phase=Loss_spike adaptation=without_ML throughput_gbps=4.1261 latency_ms=78.3247
[2026-08-12T00:06:36] SAMPLE t=75s phase=Loss_spike adaptation=without_ML throughput_gbps=6.537 latency_ms=70.8862
[2026-08-12T00:06:37] SAMPLE t=76s phase=Loss_spike adaptation=without_ML throughput_gbps=8.3979 latency_ms=80.5392
[2026-08-12T00:06:38] SAMPLE t=77s phase=Loss_spike adaptation=without_ML throughput_gbps=7.5378 latency_ms=78.5237
[2026-08-12T00:06:39] SAMPLE t=78s phase=Loss_spike adaptation=without_ML throughput_gbps=4.6859 latency_ms=76.3276
[2026-08-12T00:06:40] SAMPLE t=79s phase=Loss_spike adaptation=without_ML throughput_gbps=4.028 latency_ms=81.1479
[2026-08-12T00:06:41] SAMPLE t=80s phase=Recovery adaptation=without_ML throughput_gbps=7.7095 latency_ms=64.1161
[2026-08-12T00:06:42] SAMPLE t=81s phase=Recovery adaptation=without_ML throughput_gbps=8.0303 latency_ms=66.0049
[2026-08-12T00:06:43] SAMPLE t=82s phase=Recovery adaptation=without_ML throughput_gbps=7.7337 latency_ms=65.6065
[2026-08-12T00:06:44] SAMPLE t=83s phase=Recovery adaptation=without_ML throughput_gbps=7.9884 latency_ms=65.1336
[2026-08-12T00:06:45] SAMPLE t=84s phase=Recovery adaptation=without_ML throughput_gbps=8.2871 latency_ms=63.4033
[2026-08-12T00:06:46] SAMPLE t=85s phase=Recovery adaptation=without_ML throughput_gbps=8.2273 latency_ms=67.628
[2026-08-12T00:06:47] SAMPLE t=86s phase=Recovery adaptation=without_ML throughput_gbps=8.3941 latency_ms=68.2496
[2026-08-12T00:06:48] SAMPLE t=87s phase=Recovery adaptation=without_ML throughput_gbps=8.1838 latency_ms=65.5115
[2026-08-12T00:06:49] SAMPLE t=88s phase=Recovery adaptation=without_ML throughput_gbps=8.1216 latency_ms=68.2267
[2026-08-12T00:06:50] SAMPLE t=89s phase=Recovery adaptation=without_ML throughput_gbps=8.043 latency_ms=65.8623
[2026-08-12T00:06:51] SAMPLE t=90s phase=Recovery adaptation=without_ML throughput_gbps=7.9501 latency_ms=66.3922
[2026-08-12T00:06:52] SAMPLE t=91s phase=Recovery adaptation=without_ML throughput_gbps=8.2576 latency_ms=66.0958
[2026-08-12T00:06:53] SAMPLE t=92s phase=Recovery adaptation=without_ML throughput_gbps=8.1154 latency_ms=66.0091
[2026-08-12T00:06:54] SAMPLE t=93s phase=Recovery adaptation=without_ML throughput_gbps=8.6541 latency_ms=64.5822
[2026-08-12T00:06:55] SAMPLE t=94s phase=Recovery adaptation=without_ML throughput_gbps=7.9948 latency_ms=67.5966
[2026-08-12T00:06:56] SAMPLE t=95s phase=Recovery adaptation=without_ML throughput_gbps=8.3177 latency_ms=67.5358
[2026-08-12T00:06:57] SAMPLE t=96s phase=Recovery adaptation=without_ML throughput_gbps=7.5061 latency_ms=65.149
[2026-08-12T00:06:58] SAMPLE t=97s phase=Recovery adaptation=without_ML throughput_gbps=8.1289 latency_ms=65.6624
[2026-08-12T00:06:59] SAMPLE t=98s phase=Recovery adaptation=without_ML throughput_gbps=7.755 latency_ms=68.3487
[2026-08-12T00:07:00] SAMPLE t=99s phase=Recovery adaptation=without_ML throughput_gbps=8.678 latency_ms=66.7262
[2026-08-12T00:05:21] TRACE_END run_id=77 status=OK
[2026-08-12T04:26:10] TRACE_START run_id=78
[2026-08-12T04:26:10] SAMPLE t=0s phase=Stable adaptation=with_ML throughput_gbps=8.1892 latency_ms=66.6637
[2026-08-12T04:26:11] SAMPLE t=1s phase=Stable adaptation=with_ML throughput_gbps=8.4028 latency_ms=66.1218
[2026-08-12T04:26:12] SAMPLE t=2s phase=Stable adaptation=with_ML throughput_gbps=8.0163 latency_ms=65.7612
[2026-08-12T04:26:13] SAMPLE t=3s phase=Stable adaptation=with_ML throughput_gbps=8.2287 latency_ms=65.7491
[2026-08-12T04:26:14] SAMPLE t=4s phase=Stable adaptation=with_ML throughput_gbps=8.006 latency_ms=66.9951
[2026-08-12T04:26:15] SAMPLE t=5s phase=Stable adaptation=with_ML throughput_gbps=8.1501 latency_ms=65.7198
[2026-08-12T04:26:16] SAMPLE t=6s phase=Stable adaptation=with_ML throughput_gbps=7.9161 latency_ms=65.9478
[2026-08-12T04:26:17] SAMPLE t=7s phase=Stable adaptation=with_ML throughput_gbps=8.2116 latency_ms=64.1048
[2026-08-12T04:26:18] SAMPLE t=8s phase=Stable adaptation=with_ML throughput_gbps=8.2031 latency_ms=66.1665
[2026-08-12T04:26:19] SAMPLE t=9s phase=Stable adaptation=with_ML throughput_gbps=8.0905 latency_ms=65.4677
[2026-08-12T04:26:20] SAMPLE t=10s phase=Stable adaptation=with_ML throughput_gbps=8.1036 latency_ms=65.5756
[2026-08-12T04:26:21] SAMPLE t=11s phase=Stable adaptation=with_ML throughput_gbps=8.4317 latency_ms=65.1791
[2026-08-12T04:26:22] SAMPLE t=12s phase=Stable adaptation=with_ML throughput_gbps=8.2098 latency_ms=66.6587
[2026-08-12T04:26:23] SAMPLE t=13s phase=Stable adaptation=with_ML throughput_gbps=7.8325 latency_ms=68.1182
[2026-08-12T04:26:24] SAMPLE t=14s phase=Stable adaptation=with_ML throughput_gbps=8.0404 latency_ms=65.9212
[2026-08-12T04:26:25] SAMPLE t=15s phase=Stable adaptation=with_ML throughput_gbps=8.6554 latency_ms=65.3451
[2026-08-12T04:26:26] SAMPLE t=16s phase=Stable adaptation=with_ML throughput_gbps=8.3717 latency_ms=64.2758
[2026-08-12T04:26:27] SAMPLE t=17s phase=Stable adaptation=with_ML throughput_gbps=7.9143 latency_ms=65.1331
[2026-08-12T04:26:28] SAMPLE t=18s phase=Stable adaptation=with_ML throughput_gbps=7.9287 latency_ms=66.1283
[2026-08-12T04:26:29] SAMPLE t=19s phase=Stable adaptation=with_ML throughput_gbps=8.6539 latency_ms=67.1055
[2026-08-12T04:26:30] SAMPLE t=20s phase=Congestion adaptation=with_ML throughput_gbps=8.0328 latency_ms=64.5032
[2026-08-12T04:26:31] SAMPLE t=21s phase=Congestion adaptation=with_ML throughput_gbps=7.9217 latency_ms=66.7371
[2026-08-12T04:26:32] SAMPLE t=22s phase=Congestion adaptation=with_ML throughput_gbps=8.193 latency_ms=64.5494
[2026-08-12T04:26:33] SAMPLE t=23s phase=Congestion adaptation=with_ML throughput_gbps=8.3219 latency_ms=66.9403
[2026-08-12T04:26:34] SAMPLE t=24s phase=Congestion adaptation=with_ML throughput_gbps=7.9993 latency_ms=67.1812
[2026-08-12T04:26:35] SAMPLE t=25s phase=Congestion adaptation=with_ML throughput_gbps=8.1219 latency_ms=67.7487
[2026-08-12T04:26:36] SAMPLE t=26s phase=Congestion adaptation=with_ML throughput_gbps=7.8825 latency_ms=65.755
[2026-08-12T04:26:37] SAMPLE t=27s phase=Congestion adaptation=with_ML throughput_gbps=8.3214 latency_ms=67.7964
[2026-08-12T04:26:38] SAMPLE t=28s phase=Congestion adaptation=with_ML throughput_gbps=8.0268 latency_ms=66.3251
[2026-08-12T04:26:39] SAMPLE t=29s phase=Congestion adaptation=with_ML throughput_gbps=8.1578 latency_ms=66.4998
[2026-08-12T04:26:40] SAMPLE t=30s phase=Congestion adaptation=with_ML throughput_gbps=8.0497 latency_ms=66.6172
[2026-08-12T04:26:41] SAMPLE t=31s phase=Congestion adaptation=with_ML throughput_gbps=8.0182 latency_ms=62.2666
[2026-08-12T04:26:42] SAMPLE t=32s phase=Congestion adaptation=with_ML throughput_gbps=8.5223 latency_ms=65.974
[2026-08-12T04:26:43] SAMPLE t=33s phase=Congestion adaptation=with_ML throughput_gbps=8.2183 latency_ms=68.2315
[2026-08-12T04:26:44] SAMPLE t=34s phase=Congestion adaptation=with_ML throughput_gbps=7.9875 latency_ms=65.2254
[2026-08-12T04:26:45] SAMPLE t=35s phase=Congestion adaptation=with_ML throughput_gbps=7.9555 latency_ms=68.6087
[2026-08-12T04:26:46] SAMPLE t=36s phase=Congestion adaptation=with_ML throughput_gbps=8.571 latency_ms=66.1333
[2026-08-12T04:26:47] SAMPLE t=37s phase=Congestion adaptation=with_ML throughput_gbps=8.0928 latency_ms=68.1867
[2026-08-12T04:26:48] SAMPLE t=38s phase=Congestion adaptation=with_ML throughput_gbps=8.3952 latency_ms=68.2339
[2026-08-12T04:26:49] SAMPLE t=39s phase=Congestion adaptation=with_ML throughput_gbps=8.4312 latency_ms=68.2155
[2026-08-12T04:26:50] SAMPLE t=40s phase=Path_change adaptation=with_ML throughput_gbps=8.5576 latency_ms=66.6397
[2026-08-12T04:26:51] SAMPLE t=41s phase=Path_change adaptation=with_ML throughput_gbps=8.0283 latency_ms=67.5264
[2026-08-12T04:26:52] SAMPLE t=42s phase=Path_change adaptation=with_ML throughput_gbps=7.3566 latency_ms=65.1066
[2026-08-12T04:26:53] SAMPLE t=43s phase=Path_change adaptation=with_ML throughput_gbps=7.5689 latency_ms=67.6533
[2026-08-12T04:26:54] SAMPLE t=44s phase=Path_change adaptation=with_ML throughput_gbps=7.5305 latency_ms=69.4501
[2026-08-12T04:26:55] SAMPLE t=45s phase=Path_change adaptation=with_ML throughput_gbps=7.4547 latency_ms=68.0485
[2026-08-12T04:26:56] SAMPLE t=46s phase=Path_change adaptation=with_ML throughput_gbps=7.5549 latency_ms=69.8901
[2026-08-12T04:26:57] SAMPLE t=47s phase=Path_change adaptation=with_ML throughput_gbps=6.8989 latency_ms=66.7234
[2026-08-12T04:26:58] SAMPLE t=48s phase=Path_change adaptation=with_ML throughput_gbps=7.2725 latency_ms=67.9044
[2026-08-12T04:26:59] SAMPLE t=49s phase=Path_change adaptation=with_ML throughput_gbps=7.2565 latency_ms=69.6648
[2026-08-12T04:27:00] SAMPLE t=50s phase=Path_change adaptation=with_ML throughput_gbps=7.0195 latency_ms=69.3285
[2026-08-12T04:27:01] SAMPLE t=51s phase=Path_change adaptation=with_ML throughput_gbps=7.1004 latency_ms=69.5256
[2026-08-12T04:27:02] SAMPLE t=52s phase=Path_change adaptation=with_ML throughput_gbps=6.8625 latency_ms=66.8212
[2026-08-12T04:27:03] SAMPLE t=53s phase=Path_change adaptation=with_ML throughput_gbps=7.7448 latency_ms=68.5474
[2026-08-12T04:27:04] SAMPLE t=54s phase=Path_change adaptation=with_ML throughput_gbps=7.4643 latency_ms=68.8771
[2026-08-12T04:27:05] SAMPLE t=55s phase=Path_change adaptation=with_ML throughput_gbps=7.3859 latency_ms=67.2156
[2026-08-12T04:27:06] SAMPLE t=56s phase=Path_change adaptation=with_ML throughput_gbps=7.4829 latency_ms=67.4384
[2026-08-12T04:27:07] SAMPLE t=57s phase=Path_change adaptation=with_ML throughput_gbps=7.3606 latency_ms=67.3914
[2026-08-12T04:27:08] SAMPLE t=58s phase=Path_change adaptation=with_ML throughput_gbps=7.739 latency_ms=67.5285
[2026-08-12T04:27:09] SAMPLE t=59s phase=Path_change adaptation=with_ML throughput_gbps=7.8105 latency_ms=65.1378
[2026-08-12T04:27:10] SAMPLE t=60s phase=Loss_spike adaptation=with_ML throughput_gbps=7.2757 latency_ms=66.8258
[2026-08-12T04:27:11] SAMPLE t=61s phase=Loss_spike adaptation=with_ML throughput_gbps=8.676 latency_ms=69.8456
[2026-08-12T04:27:12] SAMPLE t=62s phase=Loss_spike adaptation=with_ML throughput_gbps=7.956 latency_ms=69.7876
[2026-08-12T04:27:13] SAMPLE t=63s phase=Loss_spike adaptation=with_ML throughput_gbps=6.7778 latency_ms=71.4641
[2026-08-12T04:27:14] SAMPLE t=64s phase=Loss_spike adaptation=with_ML throughput_gbps=6.1917 latency_ms=71.5948
[2026-08-12T04:27:15] SAMPLE t=65s phase=Loss_spike adaptation=with_ML throughput_gbps=7.3306 latency_ms=68.3007
[2026-08-12T04:27:16] SAMPLE t=66s phase=Loss_spike adaptation=with_ML throughput_gbps=8.7589 latency_ms=71.8127
[2026-08-12T04:27:17] SAMPLE t=67s phase=Loss_spike adaptation=with_ML throughput_gbps=8.0697 latency_ms=69.189
[2026-08-12T04:27:18] SAMPLE t=68s phase=Loss_spike adaptation=with_ML throughput_gbps=6.3978 latency_ms=72.2594
[2026-08-12T04:27:19] SAMPLE t=69s phase=Loss_spike adaptation=with_ML throughput_gbps=6.154 latency_ms=70.1511
[2026-08-12T04:27:20] SAMPLE t=70s phase=Loss_spike adaptation=with_ML throughput_gbps=7.5101 latency_ms=68.181
[2026-08-12T04:27:21] SAMPLE t=71s phase=Loss_spike adaptation=with_ML throughput_gbps=8.3865 latency_ms=69.9518
[2026-08-12T04:27:22] SAMPLE t=72s phase=Loss_spike adaptation=with_ML throughput_gbps=8.1743 latency_ms=71.8437
[2026-08-12T04:27:23] SAMPLE t=73s phase=Loss_spike adaptation=with_ML throughput_gbps=6.4484 latency_ms=68.1828
[2026-08-12T04:27:24] SAMPLE t=74s phase=Loss_spike adaptation=with_ML throughput_gbps=6.5505 latency_ms=69.3128
[2026-08-12T04:27:25] SAMPLE t=75s phase=Loss_spike adaptation=with_ML throughput_gbps=7.3471 latency_ms=66.8428
[2026-08-12T04:27:26] SAMPLE t=76s phase=Loss_spike adaptation=with_ML throughput_gbps=8.156 latency_ms=69.8617
[2026-08-12T04:27:27] SAMPLE t=77s phase=Loss_spike adaptation=with_ML throughput_gbps=8.2197 latency_ms=68.659
[2026-08-12T04:27:28] SAMPLE t=78s phase=Loss_spike adaptation=with_ML throughput_gbps=6.7753 latency_ms=70.0973
[2026-08-12T04:27:29] SAMPLE t=79s phase=Loss_spike adaptation=with_ML throughput_gbps=6.2503 latency_ms=72.2032
[2026-08-12T04:27:30] SAMPLE t=80s phase=Recovery adaptation=with_ML throughput_gbps=8.5485 latency_ms=64.2358
[2026-08-12T04:27:31] SAMPLE t=81s phase=Recovery adaptation=with_ML throughput_gbps=7.7911 latency_ms=66.2598
[2026-08-12T04:27:32] SAMPLE t=82s phase=Recovery adaptation=with_ML throughput_gbps=8.5164 latency_ms=65.6175
[2026-08-12T04:27:33] SAMPLE t=83s phase=Recovery adaptation=with_ML throughput_gbps=8.1145 latency_ms=65.4585
[2026-08-12T04:27:34] SAMPLE t=84s phase=Recovery adaptation=with_ML throughput_gbps=8.0791 latency_ms=66.6719
[2026-08-12T04:27:35] SAMPLE t=85s phase=Recovery adaptation=with_ML throughput_gbps=8.4179 latency_ms=67.6305
[2026-08-12T04:27:36] SAMPLE t=86s phase=Recovery adaptation=with_ML throughput_gbps=8.2329 latency_ms=65.7558
[2026-08-12T04:27:37] SAMPLE t=87s phase=Recovery adaptation=with_ML throughput_gbps=7.9894 latency_ms=65.3543
[2026-08-12T04:27:38] SAMPLE t=88s phase=Recovery adaptation=with_ML throughput_gbps=8.1529 latency_ms=66.425
[2026-08-12T04:27:39] SAMPLE t=89s phase=Recovery adaptation=with_ML throughput_gbps=8.2372 latency_ms=65.5312
[2026-08-12T04:27:40] SAMPLE t=90s phase=Recovery adaptation=with_ML throughput_gbps=8.327 latency_ms=65.1558
[2026-08-12T04:27:41] SAMPLE t=91s phase=Recovery adaptation=with_ML throughput_gbps=8.2061 latency_ms=65.0498
[2026-08-12T04:27:42] SAMPLE t=92s phase=Recovery adaptation=with_ML throughput_gbps=8.4403 latency_ms=66.4173
[2026-08-12T04:27:43] SAMPLE t=93s phase=Recovery adaptation=with_ML throughput_gbps=8.5497 latency_ms=64.7237
[2026-08-12T04:27:44] SAMPLE t=94s phase=Recovery adaptation=with_ML throughput_gbps=8.5094 latency_ms=64.0611
[2026-08-12T04:27:45] SAMPLE t=95s phase=Recovery adaptation=with_ML throughput_gbps=8.616 latency_ms=66.7241
[2026-08-12T04:27:46] SAMPLE t=96s phase=Recovery adaptation=with_ML throughput_gbps=8.5533 latency_ms=66.4111
[2026-08-12T04:27:47] SAMPLE t=97s phase=Recovery adaptation=with_ML throughput_gbps=8.5729 latency_ms=66.5316
[2026-08-12T04:27:48] SAMPLE t=98s phase=Recovery adaptation=with_ML throughput_gbps=8.7088 latency_ms=63.8533
[2026-08-12T04:27:49] SAMPLE t=99s phase=Recovery adaptation=with_ML throughput_gbps=8.6678 latency_ms=67.0817
[2026-08-12T04:26:10] SAMPLE t=0s phase=Stable adaptation=without_ML throughput_gbps=7.9877 latency_ms=66.7004
[2026-08-12T04:26:11] SAMPLE t=1s phase=Stable adaptation=without_ML throughput_gbps=7.771 latency_ms=65.4833
[2026-08-12T04:26:12] SAMPLE t=2s phase=Stable adaptation=without_ML throughput_gbps=7.8588 latency_ms=68.885
[2026-08-12T04:26:13] SAMPLE t=3s phase=Stable adaptation=without_ML throughput_gbps=8.23 latency_ms=65.995
[2026-08-12T04:26:14] SAMPLE t=4s phase=Stable adaptation=without_ML throughput_gbps=8.1337 latency_ms=67.318
[2026-08-12T04:26:15] SAMPLE t=5s phase=Stable adaptation=without_ML throughput_gbps=8.2577 latency_ms=66.762
[2026-08-12T04:26:16] SAMPLE t=6s phase=Stable adaptation=without_ML throughput_gbps=8.318 latency_ms=65.2752
[2026-08-12T04:26:17] SAMPLE t=7s phase=Stable adaptation=without_ML throughput_gbps=7.9374 latency_ms=66.5967
[2026-08-12T04:26:18] SAMPLE t=8s phase=Stable adaptation=without_ML throughput_gbps=7.651 latency_ms=65.1074
[2026-08-12T04:26:19] SAMPLE t=9s phase=Stable adaptation=without_ML throughput_gbps=7.8246 latency_ms=66.0469
[2026-08-12T04:26:20] SAMPLE t=10s phase=Stable adaptation=without_ML throughput_gbps=8.2484 latency_ms=64.2332
[2026-08-12T04:26:21] SAMPLE t=11s phase=Stable adaptation=without_ML throughput_gbps=8.1163 latency_ms=64.1458
[2026-08-12T04:26:22] SAMPLE t=12s phase=Stable adaptation=without_ML throughput_gbps=7.7902 latency_ms=67.0932
[2026-08-12T04:26:23] SAMPLE t=13s phase=Stable adaptation=without_ML throughput_gbps=7.9598 latency_ms=65.9776
[2026-08-12T04:26:24] SAMPLE t=14s phase=Stable adaptation=without_ML throughput_gbps=8.3519 latency_ms=67.0005
[2026-08-12T04:26:25] SAMPLE t=15s phase=Stable adaptation=without_ML throughput_gbps=7.9074 latency_ms=64.9066
[2026-08-12T04:26:26] SAMPLE t=16s phase=Stable adaptation=without_ML throughput_gbps=7.9818 latency_ms=66.8688
[2026-08-12T04:26:27] SAMPLE t=17s phase=Stable adaptation=without_ML throughput_gbps=7.9573 latency_ms=66.8481
[2026-08-12T04:26:28] SAMPLE t=18s phase=Stable adaptation=without_ML throughput_gbps=8.0013 latency_ms=64.8654
[2026-08-12T04:26:29] SAMPLE t=19s phase=Stable adaptation=without_ML throughput_gbps=7.9561 latency_ms=64.8178
[2026-08-12T04:26:30] SAMPLE t=20s phase=Congestion adaptation=without_ML throughput_gbps=8.0808 latency_ms=66.4748
[2026-08-12T04:26:31] SAMPLE t=21s phase=Congestion adaptation=without_ML throughput_gbps=8.0739 latency_ms=65.3696
[2026-08-12T04:26:32] SAMPLE t=22s phase=Congestion adaptation=without_ML throughput_gbps=8.2211 latency_ms=67.5983
[2026-08-12T04:26:33] SAMPLE t=23s phase=Congestion adaptation=without_ML throughput_gbps=8.191 latency_ms=65.62
[2026-08-12T04:26:34] SAMPLE t=24s phase=Congestion adaptation=without_ML throughput_gbps=8.1535 latency_ms=64.9618
[2026-08-12T04:26:35] SAMPLE t=25s phase=Congestion adaptation=without_ML throughput_gbps=7.8359 latency_ms=67.3495
[2026-08-12T04:26:36] SAMPLE t=26s phase=Congestion adaptation=without_ML throughput_gbps=7.9473 latency_ms=63.4326
[2026-08-12T04:26:37] SAMPLE t=27s phase=Congestion adaptation=without_ML throughput_gbps=8.0246 latency_ms=66.2942
[2026-08-12T04:26:38] SAMPLE t=28s phase=Congestion adaptation=without_ML throughput_gbps=7.8935 latency_ms=64.6411
[2026-08-12T04:26:39] SAMPLE t=29s phase=Congestion adaptation=without_ML throughput_gbps=8.1302 latency_ms=65.9025
[2026-08-12T04:26:40] SAMPLE t=30s phase=Congestion adaptation=without_ML throughput_gbps=7.4418 latency_ms=64.9729
[2026-08-12T04:26:41] SAMPLE t=31s phase=Congestion adaptation=without_ML throughput_gbps=7.8091 latency_ms=66.6178
[2026-08-12T04:26:42] SAMPLE t=32s phase=Congestion adaptation=without_ML throughput_gbps=7.6486 latency_ms=66.1007
[2026-08-12T04:26:43] SAMPLE t=33s phase=Congestion adaptation=without_ML throughput_gbps=8.2063 latency_ms=69.4261
[2026-08-12T04:26:44] SAMPLE t=34s phase=Congestion adaptation=without_ML throughput_gbps=8.1455 latency_ms=65.3028
[2026-08-12T04:26:45] SAMPLE t=35s phase=Congestion adaptation=without_ML throughput_gbps=8.201 latency_ms=65.0175
[2026-08-12T04:26:46] SAMPLE t=36s phase=Congestion adaptation=without_ML throughput_gbps=8.2797 latency_ms=66.7453
[2026-08-12T04:26:47] SAMPLE t=37s phase=Congestion adaptation=without_ML throughput_gbps=7.8931 latency_ms=67.2105
[2026-08-12T04:26:48] SAMPLE t=38s phase=Congestion adaptation=without_ML throughput_gbps=7.7627 latency_ms=65.1884
[2026-08-12T04:26:49] SAMPLE t=39s phase=Congestion adaptation=without_ML throughput_gbps=8.1828 latency_ms=66.3981
[2026-08-12T04:26:50] SAMPLE t=40s phase=Path_change adaptation=without_ML throughput_gbps=8.251 latency_ms=63.8205
[2026-08-12T04:26:51] SAMPLE t=41s phase=Path_change adaptation=without_ML throughput_gbps=7.1262 latency_ms=68.3955
[2026-08-12T04:26:52] SAMPLE t=42s phase=Path_change adaptation=without_ML throughput_gbps=7.2257 latency_ms=67.8716
[2026-08-12T04:26:53] SAMPLE t=43s phase=Path_change adaptation=without_ML throughput_gbps=7.2209 latency_ms=68.9378
[2026-08-12T04:26:54] SAMPLE t=44s phase=Path_change adaptation=without_ML throughput_gbps=6.9608 latency_ms=69.1879
[2026-08-12T04:26:55] SAMPLE t=45s phase=Path_change adaptation=without_ML throughput_gbps=6.2629 latency_ms=69.768
[2026-08-12T04:26:56] SAMPLE t=46s phase=Path_change adaptation=without_ML throughput_gbps=6.0742 latency_ms=68.4152
[2026-08-12T04:26:57] SAMPLE t=47s phase=Path_change adaptation=without_ML throughput_gbps=5.9013 latency_ms=69.5969
[2026-08-12T04:26:58] SAMPLE t=48s phase=Path_change adaptation=without_ML throughput_gbps=5.776 latency_ms=70.3553
[2026-08-12T04:26:59] SAMPLE t=49s phase=Path_change adaptation=without_ML throughput_gbps=6.1224 latency_ms=74.994
[2026-08-12T04:27:00] SAMPLE t=50s phase=Path_change adaptation=without_ML throughput_gbps=5.6115 latency_ms=76.6616
[2026-08-12T04:27:01] SAMPLE t=51s phase=Path_change adaptation=without_ML throughput_gbps=5.7529 latency_ms=73.7009
[2026-08-12T04:27:02] SAMPLE t=52s phase=Path_change adaptation=without_ML throughput_gbps=5.6563 latency_ms=73.8452
[2026-08-12T04:27:03] SAMPLE t=53s phase=Path_change adaptation=without_ML throughput_gbps=5.9637 latency_ms=72.7805
[2026-08-12T04:27:04] SAMPLE t=54s phase=Path_change adaptation=without_ML throughput_gbps=5.9052 latency_ms=70.6328
[2026-08-12T04:27:05] SAMPLE t=55s phase=Path_change adaptation=without_ML throughput_gbps=6.7337 latency_ms=69.3278
[2026-08-12T04:27:06] SAMPLE t=56s phase=Path_change adaptation=without_ML throughput_gbps=6.97 latency_ms=70.927
[2026-08-12T04:27:07] SAMPLE t=57s phase=Path_change adaptation=without_ML throughput_gbps=7.1329 latency_ms=68.6524
[2026-08-12T04:27:08] SAMPLE t=58s phase=Path_change adaptation=without_ML throughput_gbps=7.1691 latency_ms=69.6399
[2026-08-12T04:27:09] SAMPLE t=59s phase=Path_change adaptation=without_ML throughput_gbps=7.9158 latency_ms=67.7596
[2026-08-12T04:27:10] SAMPLE t=60s phase=Loss_spike adaptation=without_ML throughput_gbps=6.4907 latency_ms=71.0204
[2026-08-12T04:27:11] SAMPLE t=61s phase=Loss_spike adaptation=without_ML throughput_gbps=8.0018 latency_ms=79.3866
[2026-08-12T04:27:12] SAMPLE t=62s phase=Loss_spike adaptation=without_ML throughput_gbps=7.331 latency_ms=74.8915
[2026-08-12T04:27:13] SAMPLE t=63s phase=Loss_spike adaptation=without_ML throughput_gbps=5.0114 latency_ms=76.5434
[2026-08-12T04:27:14] SAMPLE t=64s phase=Loss_spike adaptation=without_ML throughput_gbps=4.0815 latency_ms=77.3499
[2026-08-12T04:27:15] SAMPLE t=65s phase=Loss_spike adaptation=without_ML throughput_gbps=6.1018 latency_ms=71.3606
[2026-08-12T04:27:16] SAMPLE t=66s phase=Loss_spike adaptation=without_ML throughput_gbps=8.2659 latency_ms=80.1255
[2026-08-12T04:27:17] SAMPLE t=67s phase=Loss_spike adaptation=without_ML throughput_gbps=7.3849 latency_ms=77.5424
[2026-08-12T04:27:18] SAMPLE t=68s phase=Loss_spike adaptation=without_ML throughput_gbps=4.8532 latency_ms=73.6797
[2026-08-12T04:27:19] SAMPLE t=69s phase=Loss_spike adaptation=without_ML throughput_gbps=4.049 latency_ms=81.1039
[2026-08-12T04:27:20] SAMPLE t=70s phase=Loss_spike adaptation=without_ML throughput_gbps=6.3108 latency_ms=69.1826
[2026-08-12T04:27:21] SAMPLE t=71s phase=Loss_spike adaptation=without_ML throughput_gbps=8.5935 latency_ms=76.8044
[2026-08-12T04:27:22] SAMPLE t=72s phase=Loss_spike adaptation=without_ML throughput_gbps=7.4848 latency_ms=75.3577
[2026-08-12T04:27:23] SAMPLE t=73s phase=Loss_spike adaptation=without_ML throughput_gbps=4.7019 latency_ms=75.7436
[2026-08-12T04:27:24] SAMPLE t=74s phase=Loss_spike adaptation=without_ML throughput_gbps=3.8268 latency_ms=80.5213
[2026-08-12T04:27:25] SAMPLE t=75s phase=Loss_spike adaptation=without_ML throughput_gbps=6.3592 latency_ms=70.5673
[2026-08-12T04:27:26] SAMPLE t=76s phase=Loss_spike adaptation=without_ML throughput_gbps=8.0345 latency_ms=79.6883
[2026-08-12T04:27:27] SAMPLE t=77s phase=Loss_spike adaptation=without_ML throughput_gbps=7.1665 latency_ms=77.9562
[2026-08-12T04:27:28] SAMPLE t=78s phase=Loss_spike adaptation=without_ML throughput_gbps=4.7798 latency_ms=79.1452
[2026-08-12T04:27:29] SAMPLE t=79s phase=Loss_spike adaptation=without_ML throughput_gbps=3.9426 latency_ms=78.3164
[2026-08-12T04:27:30] SAMPLE t=80s phase=Recovery adaptation=without_ML throughput_gbps=8.1268 latency_ms=65.4741
[2026-08-12T04:27:31] SAMPLE t=81s phase=Recovery adaptation=without_ML throughput_gbps=7.8976 latency_ms=65.424
[2026-08-12T04:27:32] SAMPLE t=82s phase=Recovery adaptation=without_ML throughput_gbps=8.1062 latency_ms=65.4289
[2026-08-12T04:27:33] SAMPLE t=83s phase=Recovery adaptation=without_ML throughput_gbps=7.8849 latency_ms=64.8218
[2026-08-12T04:27:34] SAMPLE t=84s phase=Recovery adaptation=without_ML throughput_gbps=7.9742 latency_ms=65.2439
[2026-08-12T04:27:35] SAMPLE t=85s phase=Recovery adaptation=without_ML throughput_gbps=8.2114 latency_ms=64.0136
[2026-08-12T04:27:36] SAMPLE t=86s phase=Recovery adaptation=without_ML throughput_gbps=7.8936 latency_ms=66.6202
[2026-08-12T04:27:37] SAMPLE t=87s phase=Recovery adaptation=without_ML throughput_gbps=8.1595 latency_ms=65.5962
[2026-08-12T04:27:38] SAMPLE t=88s phase=Recovery adaptation=without_ML throughput_gbps=8.4946 latency_ms=64.9672
[2026-08-12T04:27:39] SAMPLE t=89s phase=Recovery adaptation=without_ML throughput_gbps=8.2313 latency_ms=67.0875
[2026-08-12T04:27:40] SAMPLE t=90s phase=Recovery adaptation=without_ML throughput_gbps=7.8167 latency_ms=65.6065
[2026-08-12T04:27:41] SAMPLE t=91s phase=Recovery adaptation=without_ML throughput_gbps=8.2537 latency_ms=65.165
[2026-08-12T04:27:42] SAMPLE t=92s phase=Recovery adaptation=without_ML throughput_gbps=7.9814 latency_ms=67.8903
[2026-08-12T04:27:43] SAMPLE t=93s phase=Recovery adaptation=without_ML throughput_gbps=7.9953 latency_ms=67.3322
[2026-08-12T04:27:44] SAMPLE t=94s phase=Recovery adaptation=without_ML throughput_gbps=8.2443 latency_ms=66.8172
[2026-08-12T04:27:45] SAMPLE t=95s phase=Recovery adaptation=without_ML throughput_gbps=8.1821 latency_ms=65.5135
[2026-08-12T04:27:46] SAMPLE t=96s phase=Recovery adaptation=without_ML throughput_gbps=8.2333 latency_ms=65.3134
[2026-08-12T04:27:47] SAMPLE t=97s phase=Recovery adaptation=without_ML throughput_gbps=8.1164 latency_ms=66.6244
[2026-08-12T04:27:48] SAMPLE t=98s phase=Recovery adaptation=without_ML throughput_gbps=7.7918 latency_ms=68.7456
[2026-08-12T04:27:49] SAMPLE t=99s phase=Recovery adaptation=without_ML throughput_gbps=7.907 latency_ms=64.5674
[2026-08-12T04:26:10] TRACE_END run_id=78 status=OK
[2026-08-12T04:45:12] TRACE_START run_id=79
[2026-08-12T04:45:12] SAMPLE t=0s phase=Stable adaptation=with_ML throughput_gbps=8.1128 latency_ms=65.4527
[2026-08-12T04:45:13] SAMPLE t=1s phase=Stable adaptation=with_ML throughput_gbps=8.3023 latency_ms=65.9215
[2026-08-12T04:45:14] SAMPLE t=2s phase=Stable adaptation=with_ML throughput_gbps=7.8868 latency_ms=66.4832
[2026-08-12T04:45:15] SAMPLE t=3s phase=Stable adaptation=with_ML throughput_gbps=8.0865 latency_ms=67.1124
[2026-08-12T04:45:16] SAMPLE t=4s phase=Stable adaptation=with_ML throughput_gbps=8.2298 latency_ms=67.722
[2026-08-12T04:45:17] SAMPLE t=5s phase=Stable adaptation=with_ML throughput_gbps=7.999 latency_ms=66.7728
[2026-08-12T04:45:18] SAMPLE t=6s phase=Stable adaptation=with_ML throughput_gbps=8.1265 latency_ms=66.9031
[2026-08-12T04:45:19] SAMPLE t=7s phase=Stable adaptation=with_ML throughput_gbps=8.0337 latency_ms=66.9043
[2026-08-12T04:45:20] SAMPLE t=8s phase=Stable adaptation=with_ML throughput_gbps=8.2341 latency_ms=64.9211
[2026-08-12T04:45:21] SAMPLE t=9s phase=Stable adaptation=with_ML throughput_gbps=8.3194 latency_ms=68.8987
[2026-08-12T04:45:22] SAMPLE t=10s phase=Stable adaptation=with_ML throughput_gbps=8.1514 latency_ms=64.1998
[2026-08-12T04:45:23] SAMPLE t=11s phase=Stable adaptation=with_ML throughput_gbps=8.0846 latency_ms=66.2186
[2026-08-12T04:45:24] SAMPLE t=12s phase=Stable adaptation=with_ML throughput_gbps=8.1461 latency_ms=67.0563
[2026-08-12T04:45:25] SAMPLE t=13s phase=Stable adaptation=with_ML throughput_gbps=8.118 latency_ms=65.8302
[2026-08-12T04:45:26] SAMPLE t=14s phase=Stable adaptation=with_ML throughput_gbps=8.2499 latency_ms=67.211
[2026-08-12T04:45:27] SAMPLE t=15s phase=Stable adaptation=with_ML throughput_gbps=8.2916 latency_ms=66.4902
[2026-08-12T04:45:28] SAMPLE t=16s phase=Stable adaptation=with_ML throughput_gbps=8.2675 latency_ms=66.6106
[2026-08-12T04:45:29] SAMPLE t=17s phase=Stable adaptation=with_ML throughput_gbps=7.8742 latency_ms=66.7195
[2026-08-12T04:45:30] SAMPLE t=18s phase=Stable adaptation=with_ML throughput_gbps=8.2248 latency_ms=63.8233
[2026-08-12T04:45:31] SAMPLE t=19s phase=Stable adaptation=with_ML throughput_gbps=8.0615 latency_ms=66.4291
[2026-08-12T04:45:32] SAMPLE t=20s phase=Congestion adaptation=with_ML throughput_gbps=8.281 latency_ms=66.0024
[2026-08-12T04:45:33] SAMPLE t=21s phase=Congestion adaptation=with_ML throughput_gbps=7.8785 latency_ms=68.2642
[2026-08-12T04:45:34] SAMPLE t=22s phase=Congestion adaptation=with_ML throughput_gbps=8.0279 latency_ms=65.6605
[2026-08-12T04:45:35] SAMPLE t=23s phase=Congestion adaptation=with_ML throughput_gbps=8.1289 latency_ms=66.2042
[2026-08-12T04:45:36] SAMPLE t=24s phase=Congestion adaptation=with_ML throughput_gbps=7.8843 latency_ms=65.8668
[2026-08-12T04:45:37] SAMPLE t=25s phase=Congestion adaptation=with_ML throughput_gbps=7.5658 latency_ms=65.6833
[2026-08-12T04:45:38] SAMPLE t=26s phase=Congestion adaptation=with_ML throughput_gbps=8.2606 latency_ms=67.9912
[2026-08-12T04:45:39] SAMPLE t=27s phase=Congestion adaptation=with_ML throughput_gbps=8.4236 latency_ms=65.4693
[2026-08-12T04:45:40] SAMPLE t=28s phase=Congestion adaptation=with_ML throughput_gbps=8.3031 latency_ms=68.5143
[2026-08-12T04:45:41] SAMPLE t=29s phase=Congestion adaptation=with_ML throughput_gbps=8.1725 latency_ms=65.676
[2026-08-12T04:45:42] SAMPLE t=30s phase=Congestion adaptation=with_ML throughput_gbps=7.8992 latency_ms=67.094
[2026-08-12T04:45:43] SAMPLE t=31s phase=Congestion adaptation=with_ML throughput_gbps=8.1372 latency_ms=66.0796
[2026-08-12T04:45:44] SAMPLE t=32s phase=Congestion adaptation=with_ML throughput_gbps=8.1116 latency_ms=66.8861
[2026-08-12T04:45:45] SAMPLE t=33s phase=Congestion adaptation=with_ML throughput_gbps=7.9816 latency_ms=66.5584
[2026-08-12T04:45:46] SAMPLE t=34s phase=Congestion adaptation=with_ML throughput_gbps=7.7453 latency_ms=67.1243
[2026-08-12T04:45:47] SAMPLE t=35s phase=Congestion adaptation=with_ML throughput_gbps=8.1099 latency_ms=64.7124
[2026-08-12T04:45:48] SAMPLE t=36s phase=Congestion adaptation=with_ML throughput_gbps=8.3003 latency_ms=65.8084
[2026-08-12T04:45:49] SAMPLE t=37s phase=Congestion adaptation=with_ML throughput_gbps=7.8674 latency_ms=65.2703
[2026-08-12T04:45:50] SAMPLE t=38s phase=Congestion adaptation=with_ML throughput_gbps=7.894 latency_ms=66.643
[2026-08-12T04:45:51] SAMPLE t=39s phase=Congestion adaptation=with_ML throughput_gbps=8.1298 latency_ms=68.3076
[2026-08-12T04:45:52] SAMPLE t=40s phase=Path_change adaptation=with_ML throughput_gbps=7.858 latency_ms=66.0161
[2026-08-12T04:45:53] SAMPLE t=41s phase=Path_change adaptation=with_ML throughput_gbps=7.8891 latency_ms=66.4893
[2026-08-12T04:45:54] SAMPLE t=42s phase=Path_change adaptation=with_ML throughput_gbps=7.5925 latency_ms=67.5391
[2026-08-12T04:45:55] SAMPLE t=43s phase=Path_change adaptation=with_ML throughput_gbps=7.7615 latency_ms=67.9658
[2026-08-12T04:45:56] SAMPLE t=44s phase=Path_change adaptation=with_ML throughput_gbps=7.685 latency_ms=68.7599
[2026-08-12T04:45:57] SAMPLE t=45s phase=Path_change adaptation=with_ML throughput_gbps=7.5 latency_ms=69.3846
[2026-08-12T04:45:58] SAMPLE t=46s phase=Path_change adaptation=with_ML throughput_gbps=7.1363 latency_ms=69.6297
[2026-08-12T04:45:59] SAMPLE t=47s phase=Path_change adaptation=with_ML throughput_gbps=7.4312 latency_ms=69.1374
[2026-08-12T04:46:00] SAMPLE t=48s phase=Path_change adaptation=with_ML throughput_gbps=7.2335 latency_ms=67.3596
[2026-08-12T04:46:01] SAMPLE t=49s phase=Path_change adaptation=with_ML throughput_gbps=7.0133 latency_ms=66.7794
[2026-08-12T04:46:02] SAMPLE t=50s phase=Path_change adaptation=with_ML throughput_gbps=6.8302 latency_ms=67.2288
[2026-08-12T04:46:03] SAMPLE t=51s phase=Path_change adaptation=with_ML throughput_gbps=6.8674 latency_ms=68.5458
[2026-08-12T04:46:04] SAMPLE t=52s phase=Path_change adaptation=with_ML throughput_gbps=7.3641 latency_ms=69.8882
[2026-08-12T04:46:05] SAMPLE t=53s phase=Path_change adaptation=with_ML throughput_gbps=7.3274 latency_ms=69.5968
[2026-08-12T04:46:06] SAMPLE t=54s phase=Path_change adaptation=with_ML throughput_gbps=6.9448 latency_ms=68.181
[2026-08-12T04:46:07] SAMPLE t=55s phase=Path_change adaptation=with_ML throughput_gbps=7.3405 latency_ms=68.6973
[2026-08-12T04:46:08] SAMPLE t=56s phase=Path_change adaptation=with_ML throughput_gbps=7.5974 latency_ms=68.3172
[2026-08-12T04:46:09] SAMPLE t=57s phase=Path_change adaptation=with_ML throughput_gbps=7.4906 latency_ms=68.1335
[2026-08-12T04:46:10] SAMPLE t=58s phase=Path_change adaptation=with_ML throughput_gbps=7.881 latency_ms=68.0265
[2026-08-12T04:46:11] SAMPLE t=59s phase=Path_change adaptation=with_ML throughput_gbps=8.0642 latency_ms=68.1665
[2026-08-12T04:46:12] SAMPLE t=60s phase=Loss_spike adaptation=with_ML throughput_gbps=7.227 latency_ms=67.7157
[2026-08-12T04:46:13] SAMPLE t=61s phase=Loss_spike adaptation=with_ML throughput_gbps=8.7871 latency_ms=69.6262
[2026-08-12T04:46:14] SAMPLE t=62s phase=Loss_spike adaptation=with_ML throughput_gbps=8.0958 latency_ms=70.0621
[2026-08-12T04:46:15] SAMPLE t=63s phase=Loss_spike adaptation=with_ML throughput_gbps=6.5972 latency_ms=68.6592
[2026-08-12T04:46:16] SAMPLE t=64s phase=Loss_spike adaptation=with_ML throughput_gbps=6.1363 latency_ms=69.5282
[2026-08-12T04:46:17] SAMPLE t=65s phase=Loss_spike adaptation=with_ML throughput_gbps=7.2379 latency_ms=66.3839
[2026-08-12T04:46:18] SAMPLE t=66s phase=Loss_spike adaptation=with_ML throughput_gbps=8.8638 latency_ms=70.1075
[2026-08-12T04:46:19] SAMPLE t=67s phase=Loss_spike adaptation=with_ML throughput_gbps=7.5617 latency_ms=69.3872
[2026-08-12T04:46:20] SAMPLE t=68s phase=Loss_spike adaptation=with_ML throughput_gbps=6.5451 latency_ms=69.8702
[2026-08-12T04:46:21] SAMPLE t=69s phase=Loss_spike adaptation=with_ML throughput_gbps=6.058 latency_ms=69.6667
[2026-08-12T04:46:22] SAMPLE t=70s phase=Loss_spike adaptation=with_ML throughput_gbps=7.1292 latency_ms=68.9533
[2026-08-12T04:46:23] SAMPLE t=71s phase=Loss_spike adaptation=with_ML throughput_gbps=8.1634 latency_ms=69.9353
[2026-08-12T04:46:24] SAMPLE t=72s phase=Loss_spike adaptation=with_ML throughput_gbps=8.0239 latency_ms=71.353
[2026-08-12T04:46:25] SAMPLE t=73s phase=Loss_spike adaptation=with_ML throughput_gbps=6.5981 latency_ms=68.2454
[2026-08-12T04:46:26] SAMPLE t=74s phase=Loss_spike adaptation=with_ML throughput_gbps=6.3108 latency_ms=72.2991
[2026-08-12T04:46:27] SAMPLE t=75s phase=Loss_spike adaptation=with_ML throughput_gbps=7.1735 latency_ms=69.2372
[2026-08-12T04:46:28] SAMPLE t=76s phase=Loss_spike adaptation=with_ML throughput_gbps=8.3461 latency_ms=71.5717
[2026-08-12T04:46:29] SAMPLE t=77s phase=Loss_spike adaptation=with_ML throughput_gbps=7.8214 latency_ms=68.9915
[2026-08-12T04:46:30] SAMPLE t=78s phase=Loss_spike adaptation=with_ML throughput_gbps=6.45 latency_ms=70.7424
[2026-08-12T04:46:31] SAMPLE t=79s phase=Loss_spike adaptation=with_ML throughput_gbps=6.2208 latency_ms=71.9486
[2026-08-12T04:46:32] SAMPLE t=80s phase=Recovery adaptation=with_ML throughput_gbps=7.8706 latency_ms=65.1656
[2026-08-12T04:46:33] SAMPLE t=81s phase=Recovery adaptation=with_ML throughput_gbps=7.8757 latency_ms=66.3936
[2026-08-12T04:46:34] SAMPLE t=82s phase=Recovery adaptation=with_ML throughput_gbps=7.9151 latency_ms=66.5437
[2026-08-12T04:46:35] SAMPLE t=83s phase=Recovery adaptation=with_ML throughput_gbps=8.4696 latency_ms=65.0637
[2026-08-12T04:46:36] SAMPLE t=84s phase=Recovery adaptation=with_ML throughput_gbps=8.6283 latency_ms=65.5702
[2026-08-12T04:46:37] SAMPLE t=85s phase=Recovery adaptation=with_ML throughput_gbps=8.2915 latency_ms=66.9523
[2026-08-12T04:46:38] SAMPLE t=86s phase=Recovery adaptation=with_ML throughput_gbps=8.104 latency_ms=67.0889
[2026-08-12T04:46:39] SAMPLE t=87s phase=Recovery adaptation=with_ML throughput_gbps=8.2445 latency_ms=66.5285
[2026-08-12T04:46:40] SAMPLE t=88s phase=Recovery adaptation=with_ML throughput_gbps=8.207 latency_ms=64.7818
[2026-08-12T04:46:41] SAMPLE t=89s phase=Recovery adaptation=with_ML throughput_gbps=8.3225 latency_ms=66.8466
[2026-08-12T04:46:42] SAMPLE t=90s phase=Recovery adaptation=with_ML throughput_gbps=8.4265 latency_ms=65.892
[2026-08-12T04:46:43] SAMPLE t=91s phase=Recovery adaptation=with_ML throughput_gbps=8.3454 latency_ms=66.0366
[2026-08-12T04:46:44] SAMPLE t=92s phase=Recovery adaptation=with_ML throughput_gbps=8.4297 latency_ms=64.9438
[2026-08-12T04:46:45] SAMPLE t=93s phase=Recovery adaptation=with_ML throughput_gbps=8.2901 latency_ms=65.5588
[2026-08-12T04:46:46] SAMPLE t=94s phase=Recovery adaptation=with_ML throughput_gbps=8.1335 latency_ms=64.7358
[2026-08-12T04:46:47] SAMPLE t=95s phase=Recovery adaptation=with_ML throughput_gbps=8.2139 latency_ms=64.8098
[2026-08-12T04:46:48] SAMPLE t=96s phase=Recovery adaptation=with_ML throughput_gbps=8.6158 latency_ms=64.3997
[2026-08-12T04:46:49] SAMPLE t=97s phase=Recovery adaptation=with_ML throughput_gbps=8.579 latency_ms=64.4138
[2026-08-12T04:46:50] SAMPLE t=98s phase=Recovery adaptation=with_ML throughput_gbps=8.3852 latency_ms=66.6851
[2026-08-12T04:46:51] SAMPLE t=99s phase=Recovery adaptation=with_ML throughput_gbps=8.6841 latency_ms=65.7397
[2026-08-12T04:45:12] SAMPLE t=0s phase=Stable adaptation=without_ML throughput_gbps=8.0406 latency_ms=66.6718
[2026-08-12T04:45:13] SAMPLE t=1s phase=Stable adaptation=without_ML throughput_gbps=8.0554 latency_ms=65.2205
[2026-08-12T04:45:14] SAMPLE t=2s phase=Stable adaptation=without_ML throughput_gbps=7.9604 latency_ms=66.5748
[2026-08-12T04:45:15] SAMPLE t=3s phase=Stable adaptation=without_ML throughput_gbps=8.1761 latency_ms=66.6958
[2026-08-12T04:45:16] SAMPLE t=4s phase=Stable adaptation=without_ML throughput_gbps=8.1871 latency_ms=67.0145
[2026-08-12T04:45:17] SAMPLE t=5s phase=Stable adaptation=without_ML throughput_gbps=7.9908 latency_ms=66.0405
[2026-08-12T04:45:18] SAMPLE t=6s phase=Stable adaptation=without_ML throughput_gbps=8.239 latency_ms=67.5195
[2026-08-12T04:45:19] SAMPLE t=7s phase=Stable adaptation=without_ML throughput_gbps=7.7558 latency_ms=65.8175
[2026-08-12T04:45:20] SAMPLE t=8s phase=Stable adaptation=without_ML throughput_gbps=8.1933 latency_ms=64.1371
[2026-08-12T04:45:21] SAMPLE t=9s phase=Stable adaptation=without_ML throughput_gbps=8.121 latency_ms=65.1009
[2026-08-12T04:45:22] SAMPLE t=10s phase=Stable adaptation=without_ML throughput_gbps=7.8281 latency_ms=65.2034
[2026-08-12T04:45:23] SAMPLE t=11s phase=Stable adaptation=without_ML throughput_gbps=8.1167 latency_ms=64.8733
[2026-08-12T04:45:24] SAMPLE t=12s phase=Stable adaptation=without_ML throughput_gbps=8.0015 latency_ms=66.2353
[2026-08-12T04:45:25] SAMPLE t=13s phase=Stable adaptation=without_ML throughput_gbps=7.9421 latency_ms=64.2845
[2026-08-12T04:45:26] SAMPLE t=14s phase=Stable adaptation=without_ML throughput_gbps=8.0244 latency_ms=65.0204
[2026-08-12T04:45:27] SAMPLE t=15s phase=Stable adaptation=without_ML throughput_gbps=7.9859 latency_ms=66.2079
[2026-08-12T04:45:28] SAMPLE t=16s phase=Stable adaptation=without_ML throughput_gbps=7.795 latency_ms=69.229
[2026-08-12T04:45:29] SAMPLE t=17s phase=Stable adaptation=without_ML throughput_gbps=8.1904 latency_ms=65.3203
[2026-08-12T04:45:30] SAMPLE t=18s phase=Stable adaptation=without_ML throughput_gbps=7.8667 latency_ms=68.5947
[2026-08-12T04:45:31] SAMPLE t=19s phase=Stable adaptation=without_ML throughput_gbps=8.132 latency_ms=66.5255
[2026-08-12T04:45:32] SAMPLE t=20s phase=Congestion adaptation=without_ML throughput_gbps=7.5152 latency_ms=65.7226
[2026-08-12T04:45:33] SAMPLE t=21s phase=Congestion adaptation=without_ML throughput_gbps=8.1201 latency_ms=66.4561
[2026-08-12T04:45:34] SAMPLE t=22s phase=Congestion adaptation=without_ML throughput_gbps=8.0873 latency_ms=65.749
[2026-08-12T04:45:35] SAMPLE t=23s phase=Congestion adaptation=without_ML throughput_gbps=8.1204 latency_ms=65.9138
[2026-08-12T04:45:36] SAMPLE t=24s phase=Congestion adaptation=without_ML throughput_gbps=7.7384 latency_ms=67.8095
[2026-08-12T04:45:37] SAMPLE t=25s phase=Congestion adaptation=without_ML throughput_gbps=7.926 latency_ms=67.6087
[2026-08-12T04:45:38] SAMPLE t=26s phase=Congestion adaptation=without_ML throughput_gbps=7.5684 latency_ms=65.2
[2026-08-12T04:45:39] SAMPLE t=27s phase=Congestion adaptation=without_ML throughput_gbps=7.7756 latency_ms=65.4041
[2026-08-12T04:45:40] SAMPLE t=28s phase=Congestion adaptation=without_ML throughput_gbps=8.4567 latency_ms=66.8234
[2026-08-12T04:45:41] SAMPLE t=29s phase=Congestion adaptation=without_ML throughput_gbps=8.1992 latency_ms=64.7108
[2026-08-12T04:45:42] SAMPLE t=30s phase=Congestion adaptation=without_ML throughput_gbps=8.1355 latency_ms=65.8008
[2026-08-12T04:45:43] SAMPLE t=31s phase=Congestion adaptation=without_ML throughput_gbps=8.1985 latency_ms=65.093
[2026-08-12T04:45:44] SAMPLE t=32s phase=Congestion adaptation=without_ML throughput_gbps=8.5458 latency_ms=64.4582
[2026-08-12T04:45:45] SAMPLE t=33s phase=Congestion adaptation=without_ML throughput_gbps=8.12 latency_ms=66.4725
[2026-08-12T04:45:46] SAMPLE t=34s phase=Congestion adaptation=without_ML throughput_gbps=8.0971 latency_ms=65.0805
[2026-08-12T04:45:47] SAMPLE t=35s phase=Congestion adaptation=without_ML throughput_gbps=8.8792 latency_ms=64.2549
[2026-08-12T04:45:48] SAMPLE t=36s phase=Congestion adaptation=without_ML throughput_gbps=7.8403 latency_ms=67.9465
[2026-08-12T04:45:49] SAMPLE t=37s phase=Congestion adaptation=without_ML throughput_gbps=8.3563 latency_ms=65.6313
[2026-08-12T04:45:50] SAMPLE t=38s phase=Congestion adaptation=without_ML throughput_gbps=8.2053 latency_ms=65.4565
[2026-08-12T04:45:51] SAMPLE t=39s phase=Congestion adaptation=without_ML throughput_gbps=7.8951 latency_ms=65.7539
[2026-08-12T04:45:52] SAMPLE t=40s phase=Path_change adaptation=without_ML throughput_gbps=7.9188 latency_ms=65.7935
[2026-08-12T04:45:53] SAMPLE t=41s phase=Path_change adaptation=without_ML throughput_gbps=7.654 latency_ms=68.8975
[2026-08-12T04:45:54] SAMPLE t=42s phase=Path_change adaptation=without_ML throughput_gbps=7.6059 latency_ms=68.586
[2026-08-12T04:45:55] SAMPLE t=43s phase=Path_change adaptation=without_ML throughput_gbps=6.776 latency_ms=70.1869
[2026-08-12T04:45:56] SAMPLE t=44s phase=Path_change adaptation=without_ML throughput_gbps=6.6219 latency_ms=67.6939
[2026-08-12T04:45:57] SAMPLE t=45s phase=Path_change adaptation=without_ML throughput_gbps=5.9912 latency_ms=70.2223
[2026-08-12T04:45:58] SAMPLE t=46s phase=Path_change adaptation=without_ML throughput_gbps=6.2512 latency_ms=74.3626
[2026-08-12T04:45:59] SAMPLE t=47s phase=Path_change adaptation=without_ML throughput_gbps=6.0012 latency_ms=71.5191
[2026-08-12T04:46:00] SAMPLE t=48s phase=Path_change adaptation=without_ML throughput_gbps=5.5516 latency_ms=71.7296
[2026-08-12T04:46:01] SAMPLE t=49s phase=Path_change adaptation=without_ML throughput_gbps=5.7456 latency_ms=69.7909
[2026-08-12T04:46:02] SAMPLE t=50s phase=Path_change adaptation=without_ML throughput_gbps=5.8019 latency_ms=74.2269
[2026-08-12T04:46:03] SAMPLE t=51s phase=Path_change adaptation=without_ML throughput_gbps=5.499 latency_ms=73.0396
[2026-08-12T04:46:04] SAMPLE t=52s phase=Path_change adaptation=without_ML throughput_gbps=5.653 latency_ms=73.1516
[2026-08-12T04:46:05] SAMPLE t=53s phase=Path_change adaptation=without_ML throughput_gbps=5.8578 latency_ms=69.5527
[2026-08-12T04:46:06] SAMPLE t=54s phase=Path_change adaptation=without_ML throughput_gbps=5.831 latency_ms=70.8736
[2026-08-12T04:46:07] SAMPLE t=55s phase=Path_change adaptation=without_ML throughput_gbps=6.2668 latency_ms=72.2305
[2026-08-12T04:46:08] SAMPLE t=56s phase=Path_change adaptation=without_ML throughput_gbps=6.5131 latency_ms=69.266
[2026-08-12T04:46:09] SAMPLE t=57s phase=Path_change adaptation=without_ML throughput_gbps=7.2958 latency_ms=68.6642
[2026-08-12T04:46:10] SAMPLE t=58s phase=Path_change adaptation=without_ML throughput_gbps=7.18 latency_ms=67.2759
[2026-08-12T04:46:11] SAMPLE t=59s phase=Path_change adaptation=without_ML throughput_gbps=7.4485 latency_ms=66.0298
[2026-08-12T04:46:12] SAMPLE t=60s phase=Loss_spike adaptation=without_ML throughput_gbps=5.9686 latency_ms=68.0745
[2026-08-12T04:46:13] SAMPLE t=61s phase=Loss_spike adaptation=without_ML throughput_gbps=8.5597 latency_ms=80.3109
[2026-08-12T04:46:14] SAMPLE t=62s phase=Loss_spike adaptation=without_ML throughput_gbps=7.8799 latency_ms=74.9802
[2026-08-12T04:46:15] SAMPLE t=63s phase=Loss_spike adaptation=without_ML throughput_gbps=5.0024 latency_ms=75.7604
[2026-08-12T04:46:16] SAMPLE t=64s phase=Loss_spike adaptation=without_ML throughput_gbps=3.8084 latency_ms=81.2092
[2026-08-12T04:46:17] SAMPLE t=65s phase=Loss_spike adaptation=without_ML throughput_gbps=6.0321 latency_ms=69.4771
[2026-08-12T04:46:18] SAMPLE t=66s phase=Loss_spike adaptation=without_ML throughput_gbps=8.3317 latency_ms=79.9139
[2026-08-12T04:46:19] SAMPLE t=67s phase=Loss_spike adaptation=without_ML throughput_gbps=7.4735 latency_ms=74.2554
[2026-08-12T04:46:20] SAMPLE t=68s phase=Loss_spike adaptation=without_ML throughput_gbps=4.9725 latency_ms=78.5317
[2026-08-12T04:46:21] SAMPLE t=69s phase=Loss_spike adaptation=without_ML throughput_gbps=4.0738 latency_ms=81.138
[2026-08-12T04:46:22] SAMPLE t=70s phase=Loss_spike adaptation=without_ML throughput_gbps=6.2633 latency_ms=70.1203
[2026-08-12T04:46:23] SAMPLE t=71s phase=Loss_spike adaptation=without_ML throughput_gbps=8.5733 latency_ms=77.7289
[2026-08-12T04:46:24] SAMPLE t=72s phase=Loss_spike adaptation=without_ML throughput_gbps=7.56 latency_ms=75.1233
[2026-08-12T04:46:25] SAMPLE t=73s phase=Loss_spike adaptation=without_ML throughput_gbps=4.6717 latency_ms=75.5234
[2026-08-12T04:46:26] SAMPLE t=74s phase=Loss_spike adaptation=without_ML throughput_gbps=4.2174 latency_ms=82.1504
[2026-08-12T04:46:27] SAMPLE t=75s phase=Loss_spike adaptation=without_ML throughput_gbps=6.285 latency_ms=71.0993
[2026-08-12T04:46:28] SAMPLE t=76s phase=Loss_spike adaptation=without_ML throughput_gbps=8.8167 latency_ms=78.9289
[2026-08-12T04:46:29] SAMPLE t=77s phase=Loss_spike adaptation=without_ML throughput_gbps=7.3916 latency_ms=75.6622
[2026-08-12T04:46:30] SAMPLE t=78s phase=Loss_spike adaptation=without_ML throughput_gbps=4.6233 latency_ms=77.8023
[2026-08-12T04:46:31] SAMPLE t=79s phase=Loss_spike adaptation=without_ML throughput_gbps=4.3566 latency_ms=80.1332
[2026-08-12T04:46:32] SAMPLE t=80s phase=Recovery adaptation=without_ML throughput_gbps=8.0321 latency_ms=65.2194
[2026-08-12T04:46:33] SAMPLE t=81s phase=Recovery adaptation=without_ML throughput_gbps=8.0141 latency_ms=65.7659
[2026-08-12T04:46:34] SAMPLE t=82s phase=Recovery adaptation=without_ML throughput_gbps=7.9382 latency_ms=64.5779
[2026-08-12T04:46:35] SAMPLE t=83s phase=Recovery adaptation=without_ML throughput_gbps=7.999 latency_ms=66.9745
[2026-08-12T04:46:36] SAMPLE t=84s phase=Recovery adaptation=without_ML throughput_gbps=8.1577 latency_ms=62.5861
[2026-08-12T04:46:37] SAMPLE t=85s phase=Recovery adaptation=without_ML throughput_gbps=8.0335 latency_ms=68.2649
[2026-08-12T04:46:38] SAMPLE t=86s phase=Recovery adaptation=without_ML throughput_gbps=7.9236 latency_ms=66.9954
[2026-08-12T04:46:39] SAMPLE t=87s phase=Recovery adaptation=without_ML throughput_gbps=8.014 latency_ms=66.823
[2026-08-12T04:46:40] SAMPLE t=88s phase=Recovery adaptation=without_ML throughput_gbps=8.1654 latency_ms=66.2861
[2026-08-12T04:46:41] SAMPLE t=89s phase=Recovery adaptation=without_ML throughput_gbps=8.1194 latency_ms=67.9659
[2026-08-12T04:46:42] SAMPLE t=90s phase=Recovery adaptation=without_ML throughput_gbps=8.0492 latency_ms=66.1853
[2026-08-12T04:46:43] SAMPLE t=91s phase=Recovery adaptation=without_ML throughput_gbps=7.4685 latency_ms=67.2271
[2026-08-12T04:46:44] SAMPLE t=92s phase=Recovery adaptation=without_ML throughput_gbps=8.0958 latency_ms=63.9218
[2026-08-12T04:46:45] SAMPLE t=93s phase=Recovery adaptation=without_ML throughput_gbps=8.3968 latency_ms=65.3746
[2026-08-12T04:46:46] SAMPLE t=94s phase=Recovery adaptation=without_ML throughput_gbps=8.0764 latency_ms=65.8646
[2026-08-12T04:46:47] SAMPLE t=95s phase=Recovery adaptation=without_ML throughput_gbps=7.7497 latency_ms=67.9163
[2026-08-12T04:46:48] SAMPLE t=96s phase=Recovery adaptation=without_ML throughput_gbps=8.37 latency_ms=65.9963
[2026-08-12T04:46:49] SAMPLE t=97s phase=Recovery adaptation=without_ML throughput_gbps=8.2668 latency_ms=66.9317
[2026-08-12T04:46:50] SAMPLE t=98s phase=Recovery adaptation=without_ML throughput_gbps=8.1325 latency_ms=65.8981
[2026-08-12T04:46:51] SAMPLE t=99s phase=Recovery adaptation=without_ML throughput_gbps=8.0631 latency_ms=64.4004
[2026-08-12T04:45:12] TRACE_END run_id=79 status=OK
[2026-08-12T04:59:11] TRACE_START run_id=80
[2026-08-12T04:59:11] SAMPLE t=0s phase=Stable adaptation=with_ML throughput_gbps=7.6406 latency_ms=66.2386
[2026-08-12T04:59:12] SAMPLE t=1s phase=Stable adaptation=with_ML throughput_gbps=8.1128 latency_ms=65.9787
[2026-08-12T04:59:13] SAMPLE t=2s phase=Stable adaptation=with_ML throughput_gbps=7.8936 latency_ms=64.5871
[2026-08-12T04:59:14] SAMPLE t=3s phase=Stable adaptation=with_ML throughput_gbps=8.1582 latency_ms=66.7851
[2026-08-12T04:59:15] SAMPLE t=4s phase=Stable adaptation=with_ML throughput_gbps=7.9775 latency_ms=67.7935
[2026-08-12T04:59:16] SAMPLE t=5s phase=Stable adaptation=with_ML throughput_gbps=8.1087 latency_ms=65.386
[2026-08-12T04:59:17] SAMPLE t=6s phase=Stable adaptation=with_ML throughput_gbps=8.2653 latency_ms=67.7903
[2026-08-12T04:59:18] SAMPLE t=7s phase=Stable adaptation=with_ML throughput_gbps=8.3701 latency_ms=68.098
[2026-08-12T04:59:19] SAMPLE t=8s phase=Stable adaptation=with_ML throughput_gbps=7.9597 latency_ms=64.286
[2026-08-12T04:59:20] SAMPLE t=9s phase=Stable adaptation=with_ML throughput_gbps=8.2505 latency_ms=66.7374
[2026-08-12T04:59:21] SAMPLE t=10s phase=Stable adaptation=with_ML throughput_gbps=8.0308 latency_ms=66.5837
[2026-08-12T04:59:22] SAMPLE t=11s phase=Stable adaptation=with_ML throughput_gbps=7.9702 latency_ms=66.0547
[2026-08-12T04:59:23] SAMPLE t=12s phase=Stable adaptation=with_ML throughput_gbps=7.9798 latency_ms=66.4666
[2026-08-12T04:59:24] SAMPLE t=13s phase=Stable adaptation=with_ML throughput_gbps=7.8134 latency_ms=65.9841
[2026-08-12T04:59:25] SAMPLE t=14s phase=Stable adaptation=with_ML throughput_gbps=8.5112 latency_ms=68.6402
[2026-08-12T04:59:26] SAMPLE t=15s phase=Stable adaptation=with_ML throughput_gbps=8.2628 latency_ms=67.9451
[2026-08-12T04:59:27] SAMPLE t=16s phase=Stable adaptation=with_ML throughput_gbps=7.8193 latency_ms=64.8558
[2026-08-12T04:59:28] SAMPLE t=17s phase=Stable adaptation=with_ML throughput_gbps=8.1478 latency_ms=67.8842
[2026-08-12T04:59:29] SAMPLE t=18s phase=Stable adaptation=with_ML throughput_gbps=8.4898 latency_ms=68.132
[2026-08-12T04:59:30] SAMPLE t=19s phase=Stable adaptation=with_ML throughput_gbps=7.8047 latency_ms=64.5159
[2026-08-12T04:59:31] SAMPLE t=20s phase=Congestion adaptation=with_ML throughput_gbps=8.2916 latency_ms=68.051
[2026-08-12T04:59:32] SAMPLE t=21s phase=Congestion adaptation=with_ML throughput_gbps=7.9371 latency_ms=66.2793
[2026-08-12T04:59:33] SAMPLE t=22s phase=Congestion adaptation=with_ML throughput_gbps=8.1361 latency_ms=65.4864
[2026-08-12T04:59:34] SAMPLE t=23s phase=Congestion adaptation=with_ML throughput_gbps=7.9846 latency_ms=66.8991
[2026-08-12T04:59:35] SAMPLE t=24s phase=Congestion adaptation=with_ML throughput_gbps=8.3247 latency_ms=67.9635
[2026-08-12T04:59:36] SAMPLE t=25s phase=Congestion adaptation=with_ML throughput_gbps=8.2664 latency_ms=66.8172
[2026-08-12T04:59:37] SAMPLE t=26s phase=Congestion adaptation=with_ML throughput_gbps=8.227 latency_ms=64.6072
[2026-08-12T04:59:38] SAMPLE t=27s phase=Congestion adaptation=with_ML throughput_gbps=7.9991 latency_ms=62.7698
[2026-08-12T04:59:39] SAMPLE t=28s phase=Congestion adaptation=with_ML throughput_gbps=8.2677 latency_ms=66.1973
[2026-08-12T04:59:40] SAMPLE t=29s phase=Congestion adaptation=with_ML throughput_gbps=8.3424 latency_ms=66.3522
[2026-08-12T04:59:41] SAMPLE t=30s phase=Congestion adaptation=with_ML throughput_gbps=7.9947 latency_ms=65.97
[2026-08-12T04:59:42] SAMPLE t=31s phase=Congestion adaptation=with_ML throughput_gbps=8.181 latency_ms=67.1562
[2026-08-12T04:59:43] SAMPLE t=32s phase=Congestion adaptation=with_ML throughput_gbps=8.3395 latency_ms=67.316
[2026-08-12T04:59:44] SAMPLE t=33s phase=Congestion adaptation=with_ML throughput_gbps=7.8694 latency_ms=66.3169
[2026-08-12T04:59:45] SAMPLE t=34s phase=Congestion adaptation=with_ML throughput_gbps=7.6447 latency_ms=65.8623
[2026-08-12T04:59:46] SAMPLE t=35s phase=Congestion adaptation=with_ML throughput_gbps=8.2876 latency_ms=67.396
[2026-08-12T04:59:47] SAMPLE t=36s phase=Congestion adaptation=with_ML throughput_gbps=8.2265 latency_ms=64.1206
[2026-08-12T04:59:48] SAMPLE t=37s phase=Congestion adaptation=with_ML throughput_gbps=8.0318 latency_ms=65.5345
[2026-08-12T04:59:49] SAMPLE t=38s phase=Congestion adaptation=with_ML throughput_gbps=8.433 latency_ms=67.6473
[2026-08-12T04:59:50] SAMPLE t=39s phase=Congestion adaptation=with_ML throughput_gbps=8.008 latency_ms=66.1356
[2026-08-12T04:59:51] SAMPLE t=40s phase=Path_change adaptation=with_ML throughput_gbps=8.2669 latency_ms=66.8267
[2026-08-12T04:59:52] SAMPLE t=41s phase=Path_change adaptation=with_ML throughput_gbps=7.9532 latency_ms=66.4111
[2026-08-12T04:59:53] SAMPLE t=42s phase=Path_change adaptation=with_ML throughput_gbps=7.7404 latency_ms=68.4904
[2026-08-12T04:59:54] SAMPLE t=43s phase=Path_change adaptation=with_ML throughput_gbps=7.8478 latency_ms=67.5428
[2026-08-12T04:59:55] SAMPLE t=44s phase=Path_change adaptation=with_ML throughput_gbps=7.4068 latency_ms=68.9007
[2026-08-12T04:59:56] SAMPLE t=45s phase=Path_change adaptation=with_ML throughput_gbps=7.3715 latency_ms=66.3885
[2026-08-12T04:59:57] SAMPLE t=46s phase=Path_change adaptation=with_ML throughput_gbps=7.4493 latency_ms=67.7727
[2026-08-12T04:59:58] SAMPLE t=47s phase=Path_change adaptation=with_ML throughput_gbps=7.1716 latency_ms=69.0034
[2026-08-12T04:59:59] SAMPLE t=48s phase=Path_change adaptation=with_ML throughput_gbps=7.2121 latency_ms=67.7308
[2026-08-12T05:00:00] SAMPLE t=49s phase=Path_change adaptation=with_ML throughput_gbps=7.0894 latency_ms=68.5892
[2026-08-12T05:00:01] SAMPLE t=50s phase=Path_change adaptation=with_ML throughput_gbps=7.0988 latency_ms=68.9508
[2026-08-12T05:00:02] SAMPLE t=51s phase=Path_change adaptation=with_ML throughput_gbps=6.7901 latency_ms=67.3019
[2026-08-12T05:00:03] SAMPLE t=52s phase=Path_change adaptation=with_ML throughput_gbps=7.1708 latency_ms=70.0956
[2026-08-12T05:00:04] SAMPLE t=53s phase=Path_change adaptation=with_ML throughput_gbps=7.5289 latency_ms=68.5534
[2026-08-12T05:00:05] SAMPLE t=54s phase=Path_change adaptation=with_ML throughput_gbps=7.4423 latency_ms=68.8334
[2026-08-12T05:00:06] SAMPLE t=55s phase=Path_change adaptation=with_ML throughput_gbps=7.1235 latency_ms=69.6878
[2026-08-12T05:00:07] SAMPLE t=56s phase=Path_change adaptation=with_ML throughput_gbps=8.1729 latency_ms=66.4056
[2026-08-12T05:00:08] SAMPLE t=57s phase=Path_change adaptation=with_ML throughput_gbps=7.4449 latency_ms=67.3746
[2026-08-12T05:00:09] SAMPLE t=58s phase=Path_change adaptation=with_ML throughput_gbps=7.7738 latency_ms=67.6416
[2026-08-12T05:00:10] SAMPLE t=59s phase=Path_change adaptation=with_ML throughput_gbps=8.2317 latency_ms=65.8569
[2026-08-12T05:00:11] SAMPLE t=60s phase=Loss_spike adaptation=with_ML throughput_gbps=7.4232 latency_ms=68.6832
[2026-08-12T05:00:12] SAMPLE t=61s phase=Loss_spike adaptation=with_ML throughput_gbps=8.3928 latency_ms=69.5831
[2026-08-12T05:00:13] SAMPLE t=62s phase=Loss_spike adaptation=with_ML throughput_gbps=7.4936 latency_ms=69.8116
[2026-08-12T05:00:14] SAMPLE t=63s phase=Loss_spike adaptation=with_ML throughput_gbps=6.637 latency_ms=72.8248
[2026-08-12T05:00:15] SAMPLE t=64s phase=Loss_spike adaptation=with_ML throughput_gbps=6.2277 latency_ms=73.1717
[2026-08-12T05:00:16] SAMPLE t=65s phase=Loss_spike adaptation=with_ML throughput_gbps=7.3709 latency_ms=66.1197
[2026-08-12T05:00:17] SAMPLE t=66s phase=Loss_spike adaptation=with_ML throughput_gbps=8.2027 latency_ms=68.1166
[2026-08-12T05:00:18] SAMPLE t=67s phase=Loss_spike adaptation=with_ML throughput_gbps=7.6466 latency_ms=67.8268
[2026-08-12T05:00:19] SAMPLE t=68s phase=Loss_spike adaptation=with_ML throughput_gbps=6.8447 latency_ms=72.8427
[2026-08-12T05:00:20] SAMPLE t=69s phase=Loss_spike adaptation=with_ML throughput_gbps=6.0989 latency_ms=73.0257
[2026-08-12T05:00:21] SAMPLE t=70s phase=Loss_spike adaptation=with_ML throughput_gbps=7.2395 latency_ms=67.6574
[2026-08-12T05:00:22] SAMPLE t=71s phase=Loss_spike adaptation=with_ML throughput_gbps=8.1068 latency_ms=72.1212
[2026-08-12T05:00:23] SAMPLE t=72s phase=Loss_spike adaptation=with_ML throughput_gbps=7.7737 latency_ms=68.5385
[2026-08-12T05:00:24] SAMPLE t=73s phase=Loss_spike adaptation=with_ML throughput_gbps=6.9089 latency_ms=72.6915
[2026-08-12T05:00:25] SAMPLE t=74s phase=Loss_spike adaptation=with_ML throughput_gbps=6.3143 latency_ms=70.1112
[2026-08-12T05:00:26] SAMPLE t=75s phase=Loss_spike adaptation=with_ML throughput_gbps=7.1903 latency_ms=68.0667
[2026-08-12T05:00:27] SAMPLE t=76s phase=Loss_spike adaptation=with_ML throughput_gbps=8.0787 latency_ms=71.6397
[2026-08-12T05:00:28] SAMPLE t=77s phase=Loss_spike adaptation=with_ML throughput_gbps=8.0479 latency_ms=66.8656
[2026-08-12T05:00:29] SAMPLE t=78s phase=Loss_spike adaptation=with_ML throughput_gbps=6.4866 latency_ms=69.3038
[2026-08-12T05:00:30] SAMPLE t=79s phase=Loss_spike adaptation=with_ML throughput_gbps=6.2787 latency_ms=71.8829
[2026-08-12T05:00:31] SAMPLE t=80s phase=Recovery adaptation=with_ML throughput_gbps=7.6969 latency_ms=65.1611
[2026-08-12T05:00:32] SAMPLE t=81s phase=Recovery adaptation=with_ML throughput_gbps=8.0337 latency_ms=67.0154
[2026-08-12T05:00:33] SAMPLE t=82s phase=Recovery adaptation=with_ML throughput_gbps=7.7574 latency_ms=64.8478
[2026-08-12T05:00:34] SAMPLE t=83s phase=Recovery adaptation=with_ML throughput_gbps=8.1374 latency_ms=67.4763
[2026-08-12T05:00:35] SAMPLE t=84s phase=Recovery adaptation=with_ML throughput_gbps=8.122 latency_ms=65.1548
[2026-08-12T05:00:36] SAMPLE t=85s phase=Recovery adaptation=with_ML throughput_gbps=8.2593 latency_ms=66.1683
[2026-08-12T05:00:37] SAMPLE t=86s phase=Recovery adaptation=with_ML throughput_gbps=8.0389 latency_ms=68.8404
[2026-08-12T05:00:38] SAMPLE t=87s phase=Recovery adaptation=with_ML throughput_gbps=8.5359 latency_ms=64.9095
[2026-08-12T05:00:39] SAMPLE t=88s phase=Recovery adaptation=with_ML throughput_gbps=8.105 latency_ms=66.8047
[2026-08-12T05:00:40] SAMPLE t=89s phase=Recovery adaptation=with_ML throughput_gbps=8.5671 latency_ms=64.0152
[2026-08-12T05:00:41] SAMPLE t=90s phase=Recovery adaptation=with_ML throughput_gbps=8.239 latency_ms=68.9624
[2026-08-12T05:00:42] SAMPLE t=91s phase=Recovery adaptation=with_ML throughput_gbps=8.1971 latency_ms=65.9267
[2026-08-12T05:00:43] SAMPLE t=92s phase=Recovery adaptation=with_ML throughput_gbps=8.4105 latency_ms=64.0687
[2026-08-12T05:00:44] SAMPLE t=93s phase=Recovery adaptation=with_ML throughput_gbps=8.2031 latency_ms=65.5249
[2026-08-12T05:00:45] SAMPLE t=94s phase=Recovery adaptation=with_ML throughput_gbps=8.3061 latency_ms=68.0471
[2026-08-12T05:00:46] SAMPLE t=95s phase=Recovery adaptation=with_ML throughput_gbps=8.3107 latency_ms=64.544
[2026-08-12T05:00:47] SAMPLE t=96s phase=Recovery adaptation=with_ML throughput_gbps=8.2485 latency_ms=65.6861
[2026-08-12T05:00:48] SAMPLE t=97s phase=Recovery adaptation=with_ML throughput_gbps=8.5216 latency_ms=62.8678
[2026-08-12T05:00:49] SAMPLE t=98s phase=Recovery adaptation=with_ML throughput_gbps=8.607 latency_ms=66.6131
[2026-08-12T05:00:50] SAMPLE t=99s phase=Recovery adaptation=with_ML throughput_gbps=8.5655 latency_ms=64.7731
[2026-08-12T04:59:11] SAMPLE t=0s phase=Stable adaptation=without_ML throughput_gbps=7.8638 latency_ms=66.1766
[2026-08-12T04:59:12] SAMPLE t=1s phase=Stable adaptation=without_ML throughput_gbps=7.6275 latency_ms=62.5972
[2026-08-12T04:59:13] SAMPLE t=2s phase=Stable adaptation=without_ML throughput_gbps=8.0753 latency_ms=65.7671
[2026-08-12T04:59:14] SAMPLE t=3s phase=Stable adaptation=without_ML throughput_gbps=7.8493 latency_ms=68.3854
[2026-08-12T04:59:15] SAMPLE t=4s phase=Stable adaptation=without_ML throughput_gbps=7.8772 latency_ms=62.1615
[2026-08-12T04:59:16] SAMPLE t=5s phase=Stable adaptation=without_ML throughput_gbps=7.418 latency_ms=68.398
[2026-08-12T04:59:17] SAMPLE t=6s phase=Stable adaptation=without_ML throughput_gbps=7.9634 latency_ms=65.6485
[2026-08-12T04:59:18] SAMPLE t=7s phase=Stable adaptation=without_ML throughput_gbps=8.0336 latency_ms=66.5935
[2026-08-12T04:59:19] SAMPLE t=8s phase=Stable adaptation=without_ML throughput_gbps=8.0309 latency_ms=65.2144
[2026-08-12T04:59:20] SAMPLE t=9s phase=Stable adaptation=without_ML throughput_gbps=8.3221 latency_ms=64.9648
[2026-08-12T04:59:21] SAMPLE t=10s phase=Stable adaptation=without_ML throughput_gbps=8.3998 latency_ms=66.1583
[2026-08-12T04:59:22] SAMPLE t=11s phase=Stable adaptation=without_ML throughput_gbps=7.9606 latency_ms=65.6994
[2026-08-12T04:59:23] SAMPLE t=12s phase=Stable adaptation=without_ML throughput_gbps=8.06 latency_ms=66.2189
[2026-08-12T04:59:24] SAMPLE t=13s phase=Stable adaptation=without_ML throughput_gbps=7.7827 latency_ms=64.6373
[2026-08-12T04:59:25] SAMPLE t=14s phase=Stable adaptation=without_ML throughput_gbps=7.9959 latency_ms=65.9491
[2026-08-12T04:59:26] SAMPLE t=15s phase=Stable adaptation=without_ML throughput_gbps=8.3243 latency_ms=65.9417
[2026-08-12T04:59:27] SAMPLE t=16s phase=Stable adaptation=without_ML throughput_gbps=7.8639 latency_ms=64.5591
[2026-08-12T04:59:28] SAMPLE t=17s phase=Stable adaptation=without_ML throughput_gbps=8.0495 latency_ms=66.5213
[2026-08-12T04:59:29] SAMPLE t=18s phase=Stable adaptation=without_ML throughput_gbps=8.1072 latency_ms=66.0431
[2026-08-12T04:59:30] SAMPLE t=19s phase=Stable adaptation=without_ML throughput_gbps=7.9115 latency_ms=67.3231
[2026-08-12T04:59:31] SAMPLE t=20s phase=Congestion adaptation=without_ML throughput_gbps=7.7893 latency_ms=66.5745
[2026-08-12T04:59:32] SAMPLE t=21s phase=Congestion adaptation=without_ML throughput_gbps=8.2903 latency_ms=68.3779
[2026-08-12T04:59:33] SAMPLE t=22s phase=Congestion adaptation=without_ML throughput_gbps=7.5975 latency_ms=66.4534
[2026-08-12T04:59:34] SAMPLE t=23s phase=Congestion adaptation=without_ML throughput_gbps=8.2439 latency_ms=65.1124
[2026-08-12T04:59:35] SAMPLE t=24s phase=Congestion adaptation=without_ML throughput_gbps=7.4664 latency_ms=66.0205
[2026-08-12T04:59:36] SAMPLE t=25s phase=Congestion adaptation=without_ML throughput_gbps=8.3457 latency_ms=66.2485
[2026-08-12T04:59:37] SAMPLE t=26s phase=Congestion adaptation=without_ML throughput_gbps=8.607 latency_ms=66.0697
[2026-08-12T04:59:38] SAMPLE t=27s phase=Congestion adaptation=without_ML throughput_gbps=8.1343 latency_ms=64.9742
[2026-08-12T04:59:39] SAMPLE t=28s phase=Congestion adaptation=without_ML throughput_gbps=8.1395 latency_ms=65.5647
[2026-08-12T04:59:40] SAMPLE t=29s phase=Congestion adaptation=without_ML throughput_gbps=7.7854 latency_ms=63.0514
[2026-08-12T04:59:41] SAMPLE t=30s phase=Congestion adaptation=without_ML throughput_gbps=8.5492 latency_ms=65.9105
[2026-08-12T04:59:42] SAMPLE t=31s phase=Congestion adaptation=without_ML throughput_gbps=7.8526 latency_ms=65.5459
[2026-08-12T04:59:43] SAMPLE t=32s phase=Congestion adaptation=without_ML throughput_gbps=8.3066 latency_ms=65.3991
[2026-08-12T04:59:44] SAMPLE t=33s phase=Congestion adaptation=without_ML throughput_gbps=7.8013 latency_ms=67.7955
[2026-08-12T04:59:45] SAMPLE t=34s phase=Congestion adaptation=without_ML throughput_gbps=7.8443 latency_ms=66.7634
[2026-08-12T04:59:46] SAMPLE t=35s phase=Congestion adaptation=without_ML throughput_gbps=8.035 latency_ms=63.0933
[2026-08-12T04:59:47] SAMPLE t=36s phase=Congestion adaptation=without_ML throughput_gbps=8.2779 latency_ms=66.3521
[2026-08-12T04:59:48] SAMPLE t=37s phase=Congestion adaptation=without_ML throughput_gbps=7.7731 latency_ms=65.3811
[2026-08-12T04:59:49] SAMPLE t=38s phase=Congestion adaptation=without_ML throughput_gbps=7.6659 latency_ms=64.9774
[2026-08-12T04:59:50] SAMPLE t=39s phase=Congestion adaptation=without_ML throughput_gbps=8.115 latency_ms=66.8501
[2026-08-12T04:59:51] SAMPLE t=40s phase=Path_change adaptation=without_ML throughput_gbps=8.1654 latency_ms=63.3075
[2026-08-12T04:59:52] SAMPLE t=41s phase=Path_change adaptation=without_ML throughput_gbps=7.6488 latency_ms=68.2611
[2026-08-12T04:59:53] SAMPLE t=42s phase=Path_change adaptation=without_ML throughput_gbps=6.9772 latency_ms=70.5512
[2026-08-12T04:59:54] SAMPLE t=43s phase=Path_change adaptation=without_ML throughput_gbps=6.5927 latency_ms=68.4102
[2026-08-12T04:59:55] SAMPLE t=44s phase=Path_change adaptation=without_ML throughput_gbps=6.8688 latency_ms=70.8681
[2026-08-12T04:59:56] SAMPLE t=45s phase=Path_change adaptation=without_ML throughput_gbps=6.4766 latency_ms=72.7561
[2026-08-12T04:59:57] SAMPLE t=46s phase=Path_change adaptation=without_ML throughput_gbps=6.2247 latency_ms=72.4563
[2026-08-12T04:59:58] SAMPLE t=47s phase=Path_change adaptation=without_ML throughput_gbps=5.8728 latency_ms=70.8196
[2026-08-12T04:59:59] SAMPLE t=48s phase=Path_change adaptation=without_ML throughput_gbps=5.859 latency_ms=71.5281
[2026-08-12T05:00:00] SAMPLE t=49s phase=Path_change adaptation=without_ML throughput_gbps=5.7023 latency_ms=73.9836
[2026-08-12T05:00:01] SAMPLE t=50s phase=Path_change adaptation=without_ML throughput_gbps=6.0965 latency_ms=74.9169
[2026-08-12T05:00:02] SAMPLE t=51s phase=Path_change adaptation=without_ML throughput_gbps=5.8457 latency_ms=71.1301
[2026-08-12T05:00:03] SAMPLE t=52s phase=Path_change adaptation=without_ML throughput_gbps=5.8837 latency_ms=72.8684
[2026-08-12T05:00:04] SAMPLE t=53s phase=Path_change adaptation=without_ML throughput_gbps=5.761 latency_ms=73.0908
[2026-08-12T05:00:05] SAMPLE t=54s phase=Path_change adaptation=without_ML throughput_gbps=5.9301 latency_ms=73.8545
[2026-08-12T05:00:06] SAMPLE t=55s phase=Path_change adaptation=without_ML throughput_gbps=6.4586 latency_ms=70.4605
[2026-08-12T05:00:07] SAMPLE t=56s phase=Path_change adaptation=without_ML throughput_gbps=6.7938 latency_ms=71.7435
[2026-08-12T05:00:08] SAMPLE t=57s phase=Path_change adaptation=without_ML throughput_gbps=6.9024 latency_ms=68.1607
[2026-08-12T05:00:09] SAMPLE t=58s phase=Path_change adaptation=without_ML throughput_gbps=7.3809 latency_ms=69.1233
[2026-08-12T05:00:10] SAMPLE t=59s phase=Path_change adaptation=without_ML throughput_gbps=7.3796 latency_ms=67.4737
[2026-08-12T05:00:11] SAMPLE t=60s phase=Loss_spike adaptation=without_ML throughput_gbps=6.2624 latency_ms=70.2296
[2026-08-12T05:00:12] SAMPLE t=61s phase=Loss_spike adaptation=without_ML throughput_gbps=8.2352 latency_ms=79.4242
[2026-08-12T05:00:13] SAMPLE t=62s phase=Loss_spike adaptation=without_ML throughput_gbps=7.6308 latency_ms=75.2348
[2026-08-12T05:00:14] SAMPLE t=63s phase=Loss_spike adaptation=without_ML throughput_gbps=4.8393 latency_ms=77.2452
[2026-08-12T05:00:15] SAMPLE t=64s phase=Loss_spike adaptation=without_ML throughput_gbps=3.937 latency_ms=78.7002
[2026-08-12T05:00:16] SAMPLE t=65s phase=Loss_spike adaptation=without_ML throughput_gbps=6.0206 latency_ms=71.4763
[2026-08-12T05:00:17] SAMPLE t=66s phase=Loss_spike adaptation=without_ML throughput_gbps=8.4302 latency_ms=81.3599
[2026-08-12T05:00:18] SAMPLE t=67s phase=Loss_spike adaptation=without_ML throughput_gbps=7.3613 latency_ms=75.6067
[2026-08-12T05:00:19] SAMPLE t=68s phase=Loss_spike adaptation=without_ML throughput_gbps=4.9387 latency_ms=76.9827
[2026-08-12T05:00:20] SAMPLE t=69s phase=Loss_spike adaptation=without_ML throughput_gbps=4.1933 latency_ms=79.3455
[2026-08-12T05:00:21] SAMPLE t=70s phase=Loss_spike adaptation=without_ML throughput_gbps=5.9589 latency_ms=69.9387
[2026-08-12T05:00:22] SAMPLE t=71s phase=Loss_spike adaptation=without_ML throughput_gbps=8.2581 latency_ms=80.4222
[2026-08-12T05:00:23] SAMPLE t=72s phase=Loss_spike adaptation=without_ML throughput_gbps=7.6309 latency_ms=77.2749
[2026-08-12T05:00:24] SAMPLE t=73s phase=Loss_spike adaptation=without_ML throughput_gbps=4.6686 latency_ms=77.51
[2026-08-12T05:00:25] SAMPLE t=74s phase=Loss_spike adaptation=without_ML throughput_gbps=4.1978 latency_ms=79.7628
[2026-08-12T05:00:26] SAMPLE t=75s phase=Loss_spike adaptation=without_ML throughput_gbps=6.439 latency_ms=68.6946
[2026-08-12T05:00:27] SAMPLE t=76s phase=Loss_spike adaptation=without_ML throughput_gbps=8.8573 latency_ms=81.8151
[2026-08-12T05:00:28] SAMPLE t=77s phase=Loss_spike adaptation=without_ML throughput_gbps=7.7689 latency_ms=77.889
[2026-08-12T05:00:29] SAMPLE t=78s phase=Loss_spike adaptation=without_ML throughput_gbps=4.9639 latency_ms=75.2211
[2026-08-12T05:00:30] SAMPLE t=79s phase=Loss_spike adaptation=without_ML throughput_gbps=3.8213 latency_ms=80.2446
[2026-08-12T05:00:31] SAMPLE t=80s phase=Recovery adaptation=without_ML throughput_gbps=8.0028 latency_ms=65.8377
[2026-08-12T05:00:32] SAMPLE t=81s phase=Recovery adaptation=without_ML throughput_gbps=8.1816 latency_ms=68.2669
[2026-08-12T05:00:33] SAMPLE t=82s phase=Recovery adaptation=without_ML throughput_gbps=7.562 latency_ms=66.0039
[2026-08-12T05:00:34] SAMPLE t=83s phase=Recovery adaptation=without_ML throughput_gbps=8.1229 latency_ms=66.8572
[2026-08-12T05:00:35] SAMPLE t=84s phase=Recovery adaptation=without_ML throughput_gbps=8.1359 latency_ms=67.0076
[2026-08-12T05:00:36] SAMPLE t=85s phase=Recovery adaptation=without_ML throughput_gbps=7.9325 latency_ms=66.1506
[2026-08-12T05:00:37] SAMPLE t=86s phase=Recovery adaptation=without_ML throughput_gbps=8.04 latency_ms=67.0779
[2026-08-12T05:00:38] SAMPLE t=87s phase=Recovery adaptation=without_ML throughput_gbps=8.2005 latency_ms=67.5394
[2026-08-12T05:00:39] SAMPLE t=88s phase=Recovery adaptation=without_ML throughput_gbps=7.93 latency_ms=64.201
[2026-08-12T05:00:40] SAMPLE t=89s phase=Recovery adaptation=without_ML throughput_gbps=7.5321 latency_ms=64.9341
[2026-08-12T05:00:41] SAMPLE t=90s phase=Recovery adaptation=without_ML throughput_gbps=7.9055 latency_ms=66.1628
[2026-08-12T05:00:42] SAMPLE t=91s phase=Recovery adaptation=without_ML throughput_gbps=7.7721 latency_ms=64.6801
[2026-08-12T05:00:43] SAMPLE t=92s phase=Recovery adaptation=without_ML throughput_gbps=8.3647 latency_ms=65.636
[2026-08-12T05:00:44] SAMPLE t=93s phase=Recovery adaptation=without_ML throughput_gbps=8.2405 latency_ms=65.7887
[2026-08-12T05:00:45] SAMPLE t=94s phase=Recovery adaptation=without_ML throughput_gbps=8.2023 latency_ms=65.8431
[2026-08-12T05:00:46] SAMPLE t=95s phase=Recovery adaptation=without_ML throughput_gbps=7.9748 latency_ms=65.9243
[2026-08-12T05:00:47] SAMPLE t=96s phase=Recovery adaptation=without_ML throughput_gbps=7.6332 latency_ms=66.8185
[2026-08-12T05:00:48] SAMPLE t=97s phase=Recovery adaptation=without_ML throughput_gbps=8.5039 latency_ms=67.4314
[2026-08-12T05:00:49] SAMPLE t=98s phase=Recovery adaptation=without_ML throughput_gbps=7.9662 latency_ms=63.0928
[2026-08-12T05:00:50] SAMPLE t=99s phase=Recovery adaptation=without_ML throughput_gbps=7.9979 latency_ms=65.0689
[2026-08-12T04:59:11] TRACE_END run_id=80 status=OK
