[2026-08-17T21:55:35] TRACE_START run_id=135
[2026-08-17T21:55:35] SAMPLE t=0s phase=Stable adaptation=with_ML throughput_gbps=8.3838 latency_ms=67.4739
[2026-08-17T21:55:36] SAMPLE t=1s phase=Stable adaptation=with_ML throughput_gbps=8.4288 latency_ms=68.5466
[2026-08-17T21:55:37] SAMPLE t=2s phase=Stable adaptation=with_ML throughput_gbps=8.2623 latency_ms=66.8964
[2026-08-17T21:55:38] SAMPLE t=3s phase=Stable adaptation=with_ML throughput_gbps=8.3328 latency_ms=66.4149
[2026-08-17T21:55:39] SAMPLE t=4s phase=Stable adaptation=with_ML throughput_gbps=8.3655 latency_ms=63.8019
[2026-08-17T21:55:40] SAMPLE t=5s phase=Stable adaptation=with_ML throughput_gbps=7.948 latency_ms=65.7343
[2026-08-17T21:55:41] SAMPLE t=6s phase=Stable adaptation=with_ML throughput_gbps=8.1074 latency_ms=66.1015
[2026-08-17T21:55:42] SAMPLE t=7s phase=Stable adaptation=with_ML throughput_gbps=7.7522 latency_ms=66.1601
[2026-08-17T21:55:43] SAMPLE t=8s phase=Stable adaptation=with_ML throughput_gbps=8.4813 latency_ms=67.0353
[2026-08-17T21:55:44] SAMPLE t=9s phase=Stable adaptation=with_ML throughput_gbps=7.7991 latency_ms=64.1999
[2026-08-17T21:55:45] SAMPLE t=10s phase=Stable adaptation=with_ML throughput_gbps=7.9765 latency_ms=65.8965
[2026-08-17T21:55:46] SAMPLE t=11s phase=Stable adaptation=with_ML throughput_gbps=8.1183 latency_ms=68.9894
[2026-08-17T21:55:47] SAMPLE t=12s phase=Stable adaptation=with_ML throughput_gbps=8.0054 latency_ms=69.1108
[2026-08-17T21:55:48] SAMPLE t=13s phase=Stable adaptation=with_ML throughput_gbps=8.1427 latency_ms=68.6858
[2026-08-17T21:55:49] SAMPLE t=14s phase=Stable adaptation=with_ML throughput_gbps=7.9127 latency_ms=64.6882
[2026-08-17T21:55:50] SAMPLE t=15s phase=Stable adaptation=with_ML throughput_gbps=7.8538 latency_ms=63.9938
[2026-08-17T21:55:51] SAMPLE t=16s phase=Stable adaptation=with_ML throughput_gbps=7.9567 latency_ms=67.8415
[2026-08-17T21:55:52] SAMPLE t=17s phase=Stable adaptation=with_ML throughput_gbps=8.1845 latency_ms=67.2766
[2026-08-17T21:55:53] SAMPLE t=18s phase=Stable adaptation=with_ML throughput_gbps=7.8014 latency_ms=64.6622
[2026-08-17T21:55:54] SAMPLE t=19s phase=Stable adaptation=with_ML throughput_gbps=7.9834 latency_ms=64.509
[2026-08-17T21:55:55] SAMPLE t=20s phase=Congestion adaptation=with_ML throughput_gbps=8.1693 latency_ms=67.7494
[2026-08-17T21:55:56] SAMPLE t=21s phase=Congestion adaptation=with_ML throughput_gbps=8.3492 latency_ms=67.3166
[2026-08-17T21:55:57] SAMPLE t=22s phase=Congestion adaptation=with_ML throughput_gbps=7.7419 latency_ms=66.4525
[2026-08-17T21:55:58] SAMPLE t=23s phase=Congestion adaptation=with_ML throughput_gbps=8.0249 latency_ms=64.6005
[2026-08-17T21:55:59] SAMPLE t=24s phase=Congestion adaptation=with_ML throughput_gbps=8.0988 latency_ms=65.1917
[2026-08-17T21:56:00] SAMPLE t=25s phase=Congestion adaptation=with_ML throughput_gbps=8.0088 latency_ms=69.3425
[2026-08-17T21:56:01] SAMPLE t=26s phase=Congestion adaptation=with_ML throughput_gbps=8.1692 latency_ms=67.5403
[2026-08-17T21:56:02] SAMPLE t=27s phase=Congestion adaptation=with_ML throughput_gbps=8.0926 latency_ms=67.0012
[2026-08-17T21:56:03] SAMPLE t=28s phase=Congestion adaptation=with_ML throughput_gbps=8.3556 latency_ms=67.0757
[2026-08-17T21:56:04] SAMPLE t=29s phase=Congestion adaptation=with_ML throughput_gbps=7.8862 latency_ms=67.4014
[2026-08-17T21:56:05] SAMPLE t=30s phase=Congestion adaptation=with_ML throughput_gbps=8.2773 latency_ms=64.9991
[2026-08-17T21:56:06] SAMPLE t=31s phase=Congestion adaptation=with_ML throughput_gbps=7.6671 latency_ms=65.3125
[2026-08-17T21:56:07] SAMPLE t=32s phase=Congestion adaptation=with_ML throughput_gbps=8.2707 latency_ms=66.4884
[2026-08-17T21:56:08] SAMPLE t=33s phase=Congestion adaptation=with_ML throughput_gbps=8.026 latency_ms=66.1716
[2026-08-17T21:56:09] SAMPLE t=34s phase=Congestion adaptation=with_ML throughput_gbps=8.0704 latency_ms=67.6933
[2026-08-17T21:56:10] SAMPLE t=35s phase=Congestion adaptation=with_ML throughput_gbps=8.3099 latency_ms=66.0713
[2026-08-17T21:56:11] SAMPLE t=36s phase=Congestion adaptation=with_ML throughput_gbps=8.2588 latency_ms=67.4694
[2026-08-17T21:56:12] SAMPLE t=37s phase=Congestion adaptation=with_ML throughput_gbps=8.1376 latency_ms=66.3165
[2026-08-17T21:56:13] SAMPLE t=38s phase=Congestion adaptation=with_ML throughput_gbps=7.6547 latency_ms=66.2199
[2026-08-17T21:56:14] SAMPLE t=39s phase=Congestion adaptation=with_ML throughput_gbps=8.0793 latency_ms=65.3881
[2026-08-17T21:56:15] SAMPLE t=40s phase=Path_change adaptation=with_ML throughput_gbps=8.1261 latency_ms=65.1434
[2026-08-17T21:56:16] SAMPLE t=41s phase=Path_change adaptation=with_ML throughput_gbps=7.8263 latency_ms=66.51
[2026-08-17T21:56:17] SAMPLE t=42s phase=Path_change adaptation=with_ML throughput_gbps=7.7856 latency_ms=70.198
[2026-08-17T21:56:18] SAMPLE t=43s phase=Path_change adaptation=with_ML throughput_gbps=7.4872 latency_ms=67.6528
[2026-08-17T21:56:19] SAMPLE t=44s phase=Path_change adaptation=with_ML throughput_gbps=7.5896 latency_ms=67.9978
[2026-08-17T21:56:20] SAMPLE t=45s phase=Path_change adaptation=with_ML throughput_gbps=7.5157 latency_ms=65.1116
[2026-08-17T21:56:21] SAMPLE t=46s phase=Path_change adaptation=with_ML throughput_gbps=7.3692 latency_ms=67.1725
[2026-08-17T21:56:22] SAMPLE t=47s phase=Path_change adaptation=with_ML throughput_gbps=7.2088 latency_ms=69.1586
[2026-08-17T21:56:23] SAMPLE t=48s phase=Path_change adaptation=with_ML throughput_gbps=7.6429 latency_ms=66.6025
[2026-08-17T21:56:24] SAMPLE t=49s phase=Path_change adaptation=with_ML throughput_gbps=7.4086 latency_ms=67.5784
[2026-08-17T21:56:25] SAMPLE t=50s phase=Path_change adaptation=with_ML throughput_gbps=6.9388 latency_ms=68.1535
[2026-08-17T21:56:26] SAMPLE t=51s phase=Path_change adaptation=with_ML throughput_gbps=7.1518 latency_ms=68.2655
[2026-08-17T21:56:27] SAMPLE t=52s phase=Path_change adaptation=with_ML throughput_gbps=7.4479 latency_ms=66.6645
[2026-08-17T21:56:28] SAMPLE t=53s phase=Path_change adaptation=with_ML throughput_gbps=7.2593 latency_ms=69.7611
[2026-08-17T21:56:29] SAMPLE t=54s phase=Path_change adaptation=with_ML throughput_gbps=7.4388 latency_ms=66.9664
[2026-08-17T21:56:30] SAMPLE t=55s phase=Path_change adaptation=with_ML throughput_gbps=7.4926 latency_ms=69.0307
[2026-08-17T21:56:31] SAMPLE t=56s phase=Path_change adaptation=with_ML throughput_gbps=7.4285 latency_ms=67.9499
[2026-08-17T21:56:32] SAMPLE t=57s phase=Path_change adaptation=with_ML throughput_gbps=7.6251 latency_ms=68.2081
[2026-08-17T21:56:33] SAMPLE t=58s phase=Path_change adaptation=with_ML throughput_gbps=7.8909 latency_ms=65.4724
[2026-08-17T21:56:34] SAMPLE t=59s phase=Path_change adaptation=with_ML throughput_gbps=8.3431 latency_ms=67.19
[2026-08-17T21:56:35] SAMPLE t=60s phase=Loss_spike adaptation=with_ML throughput_gbps=7.4132 latency_ms=67.1274
[2026-08-17T21:56:36] SAMPLE t=61s phase=Loss_spike adaptation=with_ML throughput_gbps=8.157 latency_ms=70.1433
[2026-08-17T21:56:37] SAMPLE t=62s phase=Loss_spike adaptation=with_ML throughput_gbps=7.9389 latency_ms=69.6237
[2026-08-17T21:56:38] SAMPLE t=63s phase=Loss_spike adaptation=with_ML throughput_gbps=6.5541 latency_ms=72.4343
[2026-08-17T21:56:39] SAMPLE t=64s phase=Loss_spike adaptation=with_ML throughput_gbps=6.2142 latency_ms=69.9405
[2026-08-17T21:56:40] SAMPLE t=65s phase=Loss_spike adaptation=with_ML throughput_gbps=7.606 latency_ms=70.3201
[2026-08-17T21:56:41] SAMPLE t=66s phase=Loss_spike adaptation=with_ML throughput_gbps=8.5178 latency_ms=69.1302
[2026-08-17T21:56:42] SAMPLE t=67s phase=Loss_spike adaptation=with_ML throughput_gbps=7.788 latency_ms=70.2934
[2026-08-17T21:56:43] SAMPLE t=68s phase=Loss_spike adaptation=with_ML throughput_gbps=6.7334 latency_ms=70.4714
[2026-08-17T21:56:44] SAMPLE t=69s phase=Loss_spike adaptation=with_ML throughput_gbps=5.9922 latency_ms=68.3435
[2026-08-17T21:56:45] SAMPLE t=70s phase=Loss_spike adaptation=with_ML throughput_gbps=7.3226 latency_ms=67.4184
[2026-08-17T21:56:46] SAMPLE t=71s phase=Loss_spike adaptation=with_ML throughput_gbps=8.5307 latency_ms=71.3391
[2026-08-17T21:56:47] SAMPLE t=72s phase=Loss_spike adaptation=with_ML throughput_gbps=7.7127 latency_ms=68.2215
[2026-08-17T21:56:48] SAMPLE t=73s phase=Loss_spike adaptation=with_ML throughput_gbps=6.6946 latency_ms=69.3739
[2026-08-17T21:56:49] SAMPLE t=74s phase=Loss_spike adaptation=with_ML throughput_gbps=5.981 latency_ms=70.4672
[2026-08-17T21:56:50] SAMPLE t=75s phase=Loss_spike adaptation=with_ML throughput_gbps=7.49 latency_ms=67.6116
[2026-08-17T21:56:51] SAMPLE t=76s phase=Loss_spike adaptation=with_ML throughput_gbps=8.6232 latency_ms=72.4763
[2026-08-17T21:56:52] SAMPLE t=77s phase=Loss_spike adaptation=with_ML throughput_gbps=7.8767 latency_ms=67.8293
[2026-08-17T21:56:53] SAMPLE t=78s phase=Loss_spike adaptation=with_ML throughput_gbps=6.4397 latency_ms=70.5843
[2026-08-17T21:56:54] SAMPLE t=79s phase=Loss_spike adaptation=with_ML throughput_gbps=6.2866 latency_ms=70.9145
[2026-08-17T21:56:55] SAMPLE t=80s phase=Recovery adaptation=with_ML throughput_gbps=8.2269 latency_ms=64.9616
[2026-08-17T21:56:56] SAMPLE t=81s phase=Recovery adaptation=with_ML throughput_gbps=7.8974 latency_ms=66.5921
[2026-08-17T21:56:57] SAMPLE t=82s phase=Recovery adaptation=with_ML throughput_gbps=8.4597 latency_ms=66.1721
[2026-08-17T21:56:58] SAMPLE t=83s phase=Recovery adaptation=with_ML throughput_gbps=7.9721 latency_ms=65.7912
[2026-08-17T21:56:59] SAMPLE t=84s phase=Recovery adaptation=with_ML throughput_gbps=8.2268 latency_ms=64.4074
[2026-08-17T21:57:00] SAMPLE t=85s phase=Recovery adaptation=with_ML throughput_gbps=8.0665 latency_ms=65.0825
[2026-08-17T21:57:01] SAMPLE t=86s phase=Recovery adaptation=with_ML throughput_gbps=8.2123 latency_ms=66.1628
[2026-08-17T21:57:02] SAMPLE t=87s phase=Recovery adaptation=with_ML throughput_gbps=8.1778 latency_ms=63.0724
[2026-08-17T21:57:03] SAMPLE t=88s phase=Recovery adaptation=with_ML throughput_gbps=8.2294 latency_ms=64.9529
[2026-08-17T21:57:04] SAMPLE t=89s phase=Recovery adaptation=with_ML throughput_gbps=8.154 latency_ms=67.1103
[2026-08-17T21:57:05] SAMPLE t=90s phase=Recovery adaptation=with_ML throughput_gbps=8.7282 latency_ms=66.2361
[2026-08-17T21:57:06] SAMPLE t=91s phase=Recovery adaptation=with_ML throughput_gbps=8.1538 latency_ms=68.5773
[2026-08-17T21:57:07] SAMPLE t=92s phase=Recovery adaptation=with_ML throughput_gbps=8.2111 latency_ms=64.8262
[2026-08-17T21:57:08] SAMPLE t=93s phase=Recovery adaptation=with_ML throughput_gbps=8.1879 latency_ms=65.525
[2026-08-17T21:57:09] SAMPLE t=94s phase=Recovery adaptation=with_ML throughput_gbps=8.4904 latency_ms=64.9247
[2026-08-17T21:57:10] SAMPLE t=95s phase=Recovery adaptation=with_ML throughput_gbps=8.5723 latency_ms=65.3071
[2026-08-17T21:57:11] SAMPLE t=96s phase=Recovery adaptation=with_ML throughput_gbps=8.6511 latency_ms=66.2513
[2026-08-17T21:57:12] SAMPLE t=97s phase=Recovery adaptation=with_ML throughput_gbps=8.1465 latency_ms=64.8836
[2026-08-17T21:57:13] SAMPLE t=98s phase=Recovery adaptation=with_ML throughput_gbps=8.4025 latency_ms=64.5617
[2026-08-17T21:57:14] SAMPLE t=99s phase=Recovery adaptation=with_ML throughput_gbps=8.889 latency_ms=66.6766
[2026-08-17T21:55:35] SAMPLE t=0s phase=Stable adaptation=without_ML throughput_gbps=7.4682 latency_ms=67.2424
[2026-08-17T21:55:36] SAMPLE t=1s phase=Stable adaptation=without_ML throughput_gbps=8.0593 latency_ms=64.1497
[2026-08-17T21:55:37] SAMPLE t=2s phase=Stable adaptation=without_ML throughput_gbps=7.9168 latency_ms=66.9059
[2026-08-17T21:55:38] SAMPLE t=3s phase=Stable adaptation=without_ML throughput_gbps=8.0402 latency_ms=68.3714
[2026-08-17T21:55:39] SAMPLE t=4s phase=Stable adaptation=without_ML throughput_gbps=7.7792 latency_ms=67.6834
[2026-08-17T21:55:40] SAMPLE t=5s phase=Stable adaptation=without_ML throughput_gbps=7.7559 latency_ms=67.9351
[2026-08-17T21:55:41] SAMPLE t=6s phase=Stable adaptation=without_ML throughput_gbps=7.8625 latency_ms=65.7241
[2026-08-17T21:55:42] SAMPLE t=7s phase=Stable adaptation=without_ML throughput_gbps=8.5456 latency_ms=69.0261
[2026-08-17T21:55:43] SAMPLE t=8s phase=Stable adaptation=without_ML throughput_gbps=8.4878 latency_ms=68.9897
[2026-08-17T21:55:44] SAMPLE t=9s phase=Stable adaptation=without_ML throughput_gbps=7.5995 latency_ms=65.5427
[2026-08-17T21:55:45] SAMPLE t=10s phase=Stable adaptation=without_ML throughput_gbps=7.6111 latency_ms=66.2368
[2026-08-17T21:55:46] SAMPLE t=11s phase=Stable adaptation=without_ML throughput_gbps=8.1814 latency_ms=66.0873
[2026-08-17T21:55:47] SAMPLE t=12s phase=Stable adaptation=without_ML throughput_gbps=7.7015 latency_ms=68.4418
[2026-08-17T21:55:48] SAMPLE t=13s phase=Stable adaptation=without_ML throughput_gbps=8.4878 latency_ms=66.8631
[2026-08-17T21:55:49] SAMPLE t=14s phase=Stable adaptation=without_ML throughput_gbps=7.7239 latency_ms=66.9134
[2026-08-17T21:55:50] SAMPLE t=15s phase=Stable adaptation=without_ML throughput_gbps=7.9807 latency_ms=67.5129
[2026-08-17T21:55:51] SAMPLE t=16s phase=Stable adaptation=without_ML throughput_gbps=7.8204 latency_ms=65.7775
[2026-08-17T21:55:52] SAMPLE t=17s phase=Stable adaptation=without_ML throughput_gbps=7.845 latency_ms=67.2685
[2026-08-17T21:55:53] SAMPLE t=18s phase=Stable adaptation=without_ML throughput_gbps=8.0638 latency_ms=66.606
[2026-08-17T21:55:54] SAMPLE t=19s phase=Stable adaptation=without_ML throughput_gbps=8.2106 latency_ms=67.8796
[2026-08-17T21:55:55] SAMPLE t=20s phase=Congestion adaptation=without_ML throughput_gbps=7.858 latency_ms=65.2491
[2026-08-17T21:55:56] SAMPLE t=21s phase=Congestion adaptation=without_ML throughput_gbps=8.2233 latency_ms=66.1928
[2026-08-17T21:55:57] SAMPLE t=22s phase=Congestion adaptation=without_ML throughput_gbps=8.1789 latency_ms=67.0914
[2026-08-17T21:55:58] SAMPLE t=23s phase=Congestion adaptation=without_ML throughput_gbps=7.988 latency_ms=68.0808
[2026-08-17T21:55:59] SAMPLE t=24s phase=Congestion adaptation=without_ML throughput_gbps=7.8407 latency_ms=65.27
[2026-08-17T21:56:00] SAMPLE t=25s phase=Congestion adaptation=without_ML throughput_gbps=8.1872 latency_ms=67.3348
[2026-08-17T21:56:01] SAMPLE t=26s phase=Congestion adaptation=without_ML throughput_gbps=7.9642 latency_ms=67.0589
[2026-08-17T21:56:02] SAMPLE t=27s phase=Congestion adaptation=without_ML throughput_gbps=8.3657 latency_ms=66.6959
[2026-08-17T21:56:03] SAMPLE t=28s phase=Congestion adaptation=without_ML throughput_gbps=7.8585 latency_ms=66.9321
[2026-08-17T21:56:04] SAMPLE t=29s phase=Congestion adaptation=without_ML throughput_gbps=7.9559 latency_ms=66.4639
[2026-08-17T21:56:05] SAMPLE t=30s phase=Congestion adaptation=without_ML throughput_gbps=8.2733 latency_ms=66.0779
[2026-08-17T21:56:06] SAMPLE t=31s phase=Congestion adaptation=without_ML throughput_gbps=7.7841 latency_ms=64.5552
[2026-08-17T21:56:07] SAMPLE t=32s phase=Congestion adaptation=without_ML throughput_gbps=8.2686 latency_ms=66.2185
[2026-08-17T21:56:08] SAMPLE t=33s phase=Congestion adaptation=without_ML throughput_gbps=7.8615 latency_ms=65.8574
[2026-08-17T21:56:09] SAMPLE t=34s phase=Congestion adaptation=without_ML throughput_gbps=8.03 latency_ms=66.0994
[2026-08-17T21:56:10] SAMPLE t=35s phase=Congestion adaptation=without_ML throughput_gbps=7.7446 latency_ms=63.8583
[2026-08-17T21:56:11] SAMPLE t=36s phase=Congestion adaptation=without_ML throughput_gbps=8.407 latency_ms=64.9689
[2026-08-17T21:56:12] SAMPLE t=37s phase=Congestion adaptation=without_ML throughput_gbps=8.3361 latency_ms=65.7751
[2026-08-17T21:56:13] SAMPLE t=38s phase=Congestion adaptation=without_ML throughput_gbps=7.6913 latency_ms=64.8656
[2026-08-17T21:56:14] SAMPLE t=39s phase=Congestion adaptation=without_ML throughput_gbps=7.7115 latency_ms=66.9845
[2026-08-17T21:56:15] SAMPLE t=40s phase=Path_change adaptation=without_ML throughput_gbps=7.6215 latency_ms=67.7124
[2026-08-17T21:56:16] SAMPLE t=41s phase=Path_change adaptation=without_ML throughput_gbps=7.5478 latency_ms=67.993
[2026-08-17T21:56:17] SAMPLE t=42s phase=Path_change adaptation=without_ML throughput_gbps=7.1743 latency_ms=66.2157
[2026-08-17T21:56:18] SAMPLE t=43s phase=Path_change adaptation=without_ML throughput_gbps=6.7116 latency_ms=71.1139
[2026-08-17T21:56:19] SAMPLE t=44s phase=Path_change adaptation=without_ML throughput_gbps=6.6594 latency_ms=69.4074
[2026-08-17T21:56:20] SAMPLE t=45s phase=Path_change adaptation=without_ML throughput_gbps=6.5998 latency_ms=69.5068
[2026-08-17T21:56:21] SAMPLE t=46s phase=Path_change adaptation=without_ML throughput_gbps=6.2914 latency_ms=72.1086
[2026-08-17T21:56:22] SAMPLE t=47s phase=Path_change adaptation=without_ML throughput_gbps=6.0544 latency_ms=71.4303
[2026-08-17T21:56:23] SAMPLE t=48s phase=Path_change adaptation=without_ML throughput_gbps=5.6707 latency_ms=75.2377
[2026-08-17T21:56:24] SAMPLE t=49s phase=Path_change adaptation=without_ML throughput_gbps=5.9868 latency_ms=72.3638
[2026-08-17T21:56:25] SAMPLE t=50s phase=Path_change adaptation=without_ML throughput_gbps=5.5956 latency_ms=75.4053
[2026-08-17T21:56:26] SAMPLE t=51s phase=Path_change adaptation=without_ML throughput_gbps=5.6836 latency_ms=71.3667
[2026-08-17T21:56:27] SAMPLE t=52s phase=Path_change adaptation=without_ML throughput_gbps=5.7279 latency_ms=73.4743
[2026-08-17T21:56:28] SAMPLE t=53s phase=Path_change adaptation=without_ML throughput_gbps=5.8768 latency_ms=73.2984
[2026-08-17T21:56:29] SAMPLE t=54s phase=Path_change adaptation=without_ML throughput_gbps=6.211 latency_ms=73.6501
[2026-08-17T21:56:30] SAMPLE t=55s phase=Path_change adaptation=without_ML throughput_gbps=6.377 latency_ms=69.9535
[2026-08-17T21:56:31] SAMPLE t=56s phase=Path_change adaptation=without_ML throughput_gbps=6.758 latency_ms=70.071
[2026-08-17T21:56:32] SAMPLE t=57s phase=Path_change adaptation=without_ML throughput_gbps=6.6388 latency_ms=70.1368
[2026-08-17T21:56:33] SAMPLE t=58s phase=Path_change adaptation=without_ML throughput_gbps=7.3605 latency_ms=66.305
[2026-08-17T21:56:34] SAMPLE t=59s phase=Path_change adaptation=without_ML throughput_gbps=7.5438 latency_ms=66.2843
[2026-08-17T21:56:35] SAMPLE t=60s phase=Loss_spike adaptation=without_ML throughput_gbps=6.3889 latency_ms=69.8956
[2026-08-17T21:56:36] SAMPLE t=61s phase=Loss_spike adaptation=without_ML throughput_gbps=8.1626 latency_ms=78.5863
[2026-08-17T21:56:37] SAMPLE t=62s phase=Loss_spike adaptation=without_ML throughput_gbps=7.5338 latency_ms=77.176
[2026-08-17T21:56:38] SAMPLE t=63s phase=Loss_spike adaptation=without_ML throughput_gbps=4.6855 latency_ms=77.4738
[2026-08-17T21:56:39] SAMPLE t=64s phase=Loss_spike adaptation=without_ML throughput_gbps=3.8113 latency_ms=79.472
[2026-08-17T21:56:40] SAMPLE t=65s phase=Loss_spike adaptation=without_ML throughput_gbps=6.2085 latency_ms=67.018
[2026-08-17T21:56:41] SAMPLE t=66s phase=Loss_spike adaptation=without_ML throughput_gbps=8.522 latency_ms=80.3793
[2026-08-17T21:56:42] SAMPLE t=67s phase=Loss_spike adaptation=without_ML throughput_gbps=7.2995 latency_ms=74.8614
[2026-08-17T21:56:43] SAMPLE t=68s phase=Loss_spike adaptation=without_ML throughput_gbps=4.6929 latency_ms=75.9583
[2026-08-17T21:56:44] SAMPLE t=69s phase=Loss_spike adaptation=without_ML throughput_gbps=4.0372 latency_ms=80.6951
[2026-08-17T21:56:45] SAMPLE t=70s phase=Loss_spike adaptation=without_ML throughput_gbps=5.7407 latency_ms=67.6476
[2026-08-17T21:56:46] SAMPLE t=71s phase=Loss_spike adaptation=without_ML throughput_gbps=8.7534 latency_ms=76.9194
[2026-08-17T21:56:47] SAMPLE t=72s phase=Loss_spike adaptation=without_ML throughput_gbps=7.8981 latency_ms=74.4093
[2026-08-17T21:56:48] SAMPLE t=73s phase=Loss_spike adaptation=without_ML throughput_gbps=4.5644 latency_ms=76.2755
[2026-08-17T21:56:49] SAMPLE t=74s phase=Loss_spike adaptation=without_ML throughput_gbps=3.8861 latency_ms=76.5531
[2026-08-17T21:56:50] SAMPLE t=75s phase=Loss_spike adaptation=without_ML throughput_gbps=6.1567 latency_ms=73.0462
[2026-08-17T21:56:51] SAMPLE t=76s phase=Loss_spike adaptation=without_ML throughput_gbps=8.5328 latency_ms=80.7728
[2026-08-17T21:56:52] SAMPLE t=77s phase=Loss_spike adaptation=without_ML throughput_gbps=7.2201 latency_ms=74.3189
[2026-08-17T21:56:53] SAMPLE t=78s phase=Loss_spike adaptation=without_ML throughput_gbps=4.8779 latency_ms=76.3641
[2026-08-17T21:56:54] SAMPLE t=79s phase=Loss_spike adaptation=without_ML throughput_gbps=3.9691 latency_ms=78.6301
[2026-08-17T21:56:55] SAMPLE t=80s phase=Recovery adaptation=without_ML throughput_gbps=8.2456 latency_ms=64.5656
[2026-08-17T21:56:56] SAMPLE t=81s phase=Recovery adaptation=without_ML throughput_gbps=8.4857 latency_ms=65.5421
[2026-08-17T21:56:57] SAMPLE t=82s phase=Recovery adaptation=without_ML throughput_gbps=8.258 latency_ms=65.4171
[2026-08-17T21:56:58] SAMPLE t=83s phase=Recovery adaptation=without_ML throughput_gbps=7.6776 latency_ms=67.3504
[2026-08-17T21:56:59] SAMPLE t=84s phase=Recovery adaptation=without_ML throughput_gbps=8.418 latency_ms=67.432
[2026-08-17T21:57:00] SAMPLE t=85s phase=Recovery adaptation=without_ML throughput_gbps=8.0181 latency_ms=66.7696
[2026-08-17T21:57:01] SAMPLE t=86s phase=Recovery adaptation=without_ML throughput_gbps=8.2378 latency_ms=67.2547
[2026-08-17T21:57:02] SAMPLE t=87s phase=Recovery adaptation=without_ML throughput_gbps=8.1381 latency_ms=67.5343
[2026-08-17T21:57:03] SAMPLE t=88s phase=Recovery adaptation=without_ML throughput_gbps=7.7543 latency_ms=66.888
[2026-08-17T21:57:04] SAMPLE t=89s phase=Recovery adaptation=without_ML throughput_gbps=8.0546 latency_ms=66.5956
[2026-08-17T21:57:05] SAMPLE t=90s phase=Recovery adaptation=without_ML throughput_gbps=7.9381 latency_ms=66.7364
[2026-08-17T21:57:06] SAMPLE t=91s phase=Recovery adaptation=without_ML throughput_gbps=7.6001 latency_ms=67.0381
[2026-08-17T21:57:07] SAMPLE t=92s phase=Recovery adaptation=without_ML throughput_gbps=8.4178 latency_ms=66.7108
[2026-08-17T21:57:08] SAMPLE t=93s phase=Recovery adaptation=without_ML throughput_gbps=8.4358 latency_ms=69.5783
[2026-08-17T21:57:09] SAMPLE t=94s phase=Recovery adaptation=without_ML throughput_gbps=8.0334 latency_ms=66.0413
[2026-08-17T21:57:10] SAMPLE t=95s phase=Recovery adaptation=without_ML throughput_gbps=8.124 latency_ms=64.0074
[2026-08-17T21:57:11] SAMPLE t=96s phase=Recovery adaptation=without_ML throughput_gbps=8.0597 latency_ms=66.442
[2026-08-17T21:57:12] SAMPLE t=97s phase=Recovery adaptation=without_ML throughput_gbps=8.0939 latency_ms=66.422
[2026-08-17T21:57:13] SAMPLE t=98s phase=Recovery adaptation=without_ML throughput_gbps=8.1259 latency_ms=66.8776
[2026-08-17T21:57:14] SAMPLE t=99s phase=Recovery adaptation=without_ML throughput_gbps=7.9154 latency_ms=65.1846
[2026-08-17T21:55:35] TRACE_END run_id=135 status=OK
[2026-08-17T22:09:44] TRACE_START run_id=136
[2026-08-17T22:09:44] SAMPLE t=0s phase=Stable adaptation=with_ML throughput_gbps=8.053 latency_ms=66.5177
[2026-08-17T22:09:45] SAMPLE t=1s phase=Stable adaptation=with_ML throughput_gbps=7.9164 latency_ms=64.3964
[2026-08-17T22:09:46] SAMPLE t=2s phase=Stable adaptation=with_ML throughput_gbps=8.1503 latency_ms=67.5726
[2026-08-17T22:09:47] SAMPLE t=3s phase=Stable adaptation=with_ML throughput_gbps=8.1307 latency_ms=65.4697
[2026-08-17T22:09:48] SAMPLE t=4s phase=Stable adaptation=with_ML throughput_gbps=8.2286 latency_ms=66.4703
[2026-08-17T22:09:49] SAMPLE t=5s phase=Stable adaptation=with_ML throughput_gbps=8.242 latency_ms=67.8991
[2026-08-17T22:09:50] SAMPLE t=6s phase=Stable adaptation=with_ML throughput_gbps=7.6188 latency_ms=66.8281
[2026-08-17T22:09:51] SAMPLE t=7s phase=Stable adaptation=with_ML throughput_gbps=8.0454 latency_ms=66.7789
[2026-08-17T22:09:52] SAMPLE t=8s phase=Stable adaptation=with_ML throughput_gbps=8.4064 latency_ms=67.7376
[2026-08-17T22:09:53] SAMPLE t=9s phase=Stable adaptation=with_ML throughput_gbps=8.3778 latency_ms=67.0592
[2026-08-17T22:09:54] SAMPLE t=10s phase=Stable adaptation=with_ML throughput_gbps=7.9882 latency_ms=67.8975
[2026-08-17T22:09:55] SAMPLE t=11s phase=Stable adaptation=with_ML throughput_gbps=7.9607 latency_ms=67.3664
[2026-08-17T22:09:56] SAMPLE t=12s phase=Stable adaptation=with_ML throughput_gbps=7.9412 latency_ms=66.5389
[2026-08-17T22:09:57] SAMPLE t=13s phase=Stable adaptation=with_ML throughput_gbps=7.83 latency_ms=66.0421
[2026-08-17T22:09:58] SAMPLE t=14s phase=Stable adaptation=with_ML throughput_gbps=8.4357 latency_ms=64.639
[2026-08-17T22:09:59] SAMPLE t=15s phase=Stable adaptation=with_ML throughput_gbps=8.1622 latency_ms=67.1573
[2026-08-17T22:10:00] SAMPLE t=16s phase=Stable adaptation=with_ML throughput_gbps=7.9205 latency_ms=68.8935
[2026-08-17T22:10:01] SAMPLE t=17s phase=Stable adaptation=with_ML throughput_gbps=8.0058 latency_ms=64.6647
[2026-08-17T22:10:02] SAMPLE t=18s phase=Stable adaptation=with_ML throughput_gbps=8.0304 latency_ms=65.7797
[2026-08-17T22:10:03] SAMPLE t=19s phase=Stable adaptation=with_ML throughput_gbps=8.0712 latency_ms=66.3275
[2026-08-17T22:10:04] SAMPLE t=20s phase=Congestion adaptation=with_ML throughput_gbps=7.7165 latency_ms=65.2183
[2026-08-17T22:10:05] SAMPLE t=21s phase=Congestion adaptation=with_ML throughput_gbps=8.2116 latency_ms=64.4845
[2026-08-17T22:10:06] SAMPLE t=22s phase=Congestion adaptation=with_ML throughput_gbps=8.2929 latency_ms=66.434
[2026-08-17T22:10:07] SAMPLE t=23s phase=Congestion adaptation=with_ML throughput_gbps=8.1515 latency_ms=65.5916
[2026-08-17T22:10:08] SAMPLE t=24s phase=Congestion adaptation=with_ML throughput_gbps=7.965 latency_ms=64.9819
[2026-08-17T22:10:09] SAMPLE t=25s phase=Congestion adaptation=with_ML throughput_gbps=8.2552 latency_ms=64.6915
[2026-08-17T22:10:10] SAMPLE t=26s phase=Congestion adaptation=with_ML throughput_gbps=8.1291 latency_ms=66.6195
[2026-08-17T22:10:11] SAMPLE t=27s phase=Congestion adaptation=with_ML throughput_gbps=8.1087 latency_ms=64.6941
[2026-08-17T22:10:12] SAMPLE t=28s phase=Congestion adaptation=with_ML throughput_gbps=8.2811 latency_ms=65.8335
[2026-08-17T22:10:13] SAMPLE t=29s phase=Congestion adaptation=with_ML throughput_gbps=8.028 latency_ms=65.728
[2026-08-17T22:10:14] SAMPLE t=30s phase=Congestion adaptation=with_ML throughput_gbps=8.1111 latency_ms=65.1597
[2026-08-17T22:10:15] SAMPLE t=31s phase=Congestion adaptation=with_ML throughput_gbps=8.157 latency_ms=65.3266
[2026-08-17T22:10:16] SAMPLE t=32s phase=Congestion adaptation=with_ML throughput_gbps=8.3171 latency_ms=65.7559
[2026-08-17T22:10:17] SAMPLE t=33s phase=Congestion adaptation=with_ML throughput_gbps=8.0658 latency_ms=65.182
[2026-08-17T22:10:18] SAMPLE t=34s phase=Congestion adaptation=with_ML throughput_gbps=7.6741 latency_ms=66.0293
[2026-08-17T22:10:19] SAMPLE t=35s phase=Congestion adaptation=with_ML throughput_gbps=8.429 latency_ms=68.2073
[2026-08-17T22:10:20] SAMPLE t=36s phase=Congestion adaptation=with_ML throughput_gbps=8.0187 latency_ms=65.6066
[2026-08-17T22:10:21] SAMPLE t=37s phase=Congestion adaptation=with_ML throughput_gbps=8.4892 latency_ms=67.2636
[2026-08-17T22:10:22] SAMPLE t=38s phase=Congestion adaptation=with_ML throughput_gbps=8.1397 latency_ms=66.9341
[2026-08-17T22:10:23] SAMPLE t=39s phase=Congestion adaptation=with_ML throughput_gbps=8.0641 latency_ms=66.6264
[2026-08-17T22:10:24] SAMPLE t=40s phase=Path_change adaptation=with_ML throughput_gbps=8.0722 latency_ms=65.3815
[2026-08-17T22:10:25] SAMPLE t=41s phase=Path_change adaptation=with_ML throughput_gbps=7.8058 latency_ms=68.7725
[2026-08-17T22:10:26] SAMPLE t=42s phase=Path_change adaptation=with_ML throughput_gbps=8.1239 latency_ms=66.9034
[2026-08-17T22:10:27] SAMPLE t=43s phase=Path_change adaptation=with_ML throughput_gbps=7.7342 latency_ms=67.0872
[2026-08-17T22:10:28] SAMPLE t=44s phase=Path_change adaptation=with_ML throughput_gbps=7.8922 latency_ms=68.5903
[2026-08-17T22:10:29] SAMPLE t=45s phase=Path_change adaptation=with_ML throughput_gbps=7.4677 latency_ms=67.2452
[2026-08-17T22:10:30] SAMPLE t=46s phase=Path_change adaptation=with_ML throughput_gbps=7.4229 latency_ms=66.3518
[2026-08-17T22:10:31] SAMPLE t=47s phase=Path_change adaptation=with_ML throughput_gbps=6.9261 latency_ms=69.1847
[2026-08-17T22:10:32] SAMPLE t=48s phase=Path_change adaptation=with_ML throughput_gbps=7.372 latency_ms=70.0037
[2026-08-17T22:10:33] SAMPLE t=49s phase=Path_change adaptation=with_ML throughput_gbps=7.3593 latency_ms=69.9664
[2026-08-17T22:10:34] SAMPLE t=50s phase=Path_change adaptation=with_ML throughput_gbps=6.9899 latency_ms=67.1845
[2026-08-17T22:10:35] SAMPLE t=51s phase=Path_change adaptation=with_ML throughput_gbps=7.2411 latency_ms=66.5354
[2026-08-17T22:10:36] SAMPLE t=52s phase=Path_change adaptation=with_ML throughput_gbps=7.3293 latency_ms=67.4568
[2026-08-17T22:10:37] SAMPLE t=53s phase=Path_change adaptation=with_ML throughput_gbps=7.2116 latency_ms=69.5187
[2026-08-17T22:10:38] SAMPLE t=54s phase=Path_change adaptation=with_ML throughput_gbps=7.5434 latency_ms=68.0933
[2026-08-17T22:10:39] SAMPLE t=55s phase=Path_change adaptation=with_ML throughput_gbps=7.5789 latency_ms=67.8864
[2026-08-17T22:10:40] SAMPLE t=56s phase=Path_change adaptation=with_ML throughput_gbps=7.6409 latency_ms=66.842
[2026-08-17T22:10:41] SAMPLE t=57s phase=Path_change adaptation=with_ML throughput_gbps=7.6428 latency_ms=67.9706
[2026-08-17T22:10:42] SAMPLE t=58s phase=Path_change adaptation=with_ML throughput_gbps=8.0705 latency_ms=68.4643
[2026-08-17T22:10:43] SAMPLE t=59s phase=Path_change adaptation=with_ML throughput_gbps=8.1501 latency_ms=67.2729
[2026-08-17T22:10:44] SAMPLE t=60s phase=Loss_spike adaptation=with_ML throughput_gbps=7.1844 latency_ms=67.5404
[2026-08-17T22:10:45] SAMPLE t=61s phase=Loss_spike adaptation=with_ML throughput_gbps=8.5656 latency_ms=70.563
[2026-08-17T22:10:46] SAMPLE t=62s phase=Loss_spike adaptation=with_ML throughput_gbps=7.9267 latency_ms=68.8476
[2026-08-17T22:10:47] SAMPLE t=63s phase=Loss_spike adaptation=with_ML throughput_gbps=6.8891 latency_ms=68.836
[2026-08-17T22:10:48] SAMPLE t=64s phase=Loss_spike adaptation=with_ML throughput_gbps=6.3306 latency_ms=71.2544
[2026-08-17T22:10:49] SAMPLE t=65s phase=Loss_spike adaptation=with_ML throughput_gbps=7.4099 latency_ms=67.4701
[2026-08-17T22:10:50] SAMPLE t=66s phase=Loss_spike adaptation=with_ML throughput_gbps=8.8209 latency_ms=68.9502
[2026-08-17T22:10:51] SAMPLE t=67s phase=Loss_spike adaptation=with_ML throughput_gbps=8.1143 latency_ms=70.6624
[2026-08-17T22:10:52] SAMPLE t=68s phase=Loss_spike adaptation=with_ML throughput_gbps=6.9175 latency_ms=69.3045
[2026-08-17T22:10:53] SAMPLE t=69s phase=Loss_spike adaptation=with_ML throughput_gbps=6.4752 latency_ms=70.5871
[2026-08-17T22:10:54] SAMPLE t=70s phase=Loss_spike adaptation=with_ML throughput_gbps=7.5202 latency_ms=68.1447
[2026-08-17T22:10:55] SAMPLE t=71s phase=Loss_spike adaptation=with_ML throughput_gbps=8.6329 latency_ms=72.0366
[2026-08-17T22:10:56] SAMPLE t=72s phase=Loss_spike adaptation=with_ML throughput_gbps=7.8706 latency_ms=68.2785
[2026-08-17T22:10:57] SAMPLE t=73s phase=Loss_spike adaptation=with_ML throughput_gbps=6.7204 latency_ms=70.9887
[2026-08-17T22:10:58] SAMPLE t=74s phase=Loss_spike adaptation=with_ML throughput_gbps=6.1136 latency_ms=69.8762
[2026-08-17T22:10:59] SAMPLE t=75s phase=Loss_spike adaptation=with_ML throughput_gbps=6.9512 latency_ms=68.4105
[2026-08-17T22:11:00] SAMPLE t=76s phase=Loss_spike adaptation=with_ML throughput_gbps=8.4911 latency_ms=71.651
[2026-08-17T22:11:01] SAMPLE t=77s phase=Loss_spike adaptation=with_ML throughput_gbps=7.8104 latency_ms=70.1878
[2026-08-17T22:11:02] SAMPLE t=78s phase=Loss_spike adaptation=with_ML throughput_gbps=6.6126 latency_ms=72.6171
[2026-08-17T22:11:03] SAMPLE t=79s phase=Loss_spike adaptation=with_ML throughput_gbps=6.3371 latency_ms=71.7017
[2026-08-17T22:11:04] SAMPLE t=80s phase=Recovery adaptation=with_ML throughput_gbps=8.2199 latency_ms=68.3338
[2026-08-17T22:11:05] SAMPLE t=81s phase=Recovery adaptation=with_ML throughput_gbps=8.3193 latency_ms=66.4116
[2026-08-17T22:11:06] SAMPLE t=82s phase=Recovery adaptation=with_ML throughput_gbps=7.9667 latency_ms=65.5106
[2026-08-17T22:11:07] SAMPLE t=83s phase=Recovery adaptation=with_ML throughput_gbps=7.964 latency_ms=65.6275
[2026-08-17T22:11:08] SAMPLE t=84s phase=Recovery adaptation=with_ML throughput_gbps=7.9608 latency_ms=65.9439
[2026-08-17T22:11:09] SAMPLE t=85s phase=Recovery adaptation=with_ML throughput_gbps=8.3881 latency_ms=66.0879
[2026-08-17T22:11:10] SAMPLE t=86s phase=Recovery adaptation=with_ML throughput_gbps=8.2977 latency_ms=64.4239
[2026-08-17T22:11:11] SAMPLE t=87s phase=Recovery adaptation=with_ML throughput_gbps=8.4065 latency_ms=68.3551
[2026-08-17T22:11:12] SAMPLE t=88s phase=Recovery adaptation=with_ML throughput_gbps=8.2117 latency_ms=64.7974
[2026-08-17T22:11:13] SAMPLE t=89s phase=Recovery adaptation=with_ML throughput_gbps=8.4183 latency_ms=67.6336
[2026-08-17T22:11:14] SAMPLE t=90s phase=Recovery adaptation=with_ML throughput_gbps=7.8719 latency_ms=67.1534
[2026-08-17T22:11:15] SAMPLE t=91s phase=Recovery adaptation=with_ML throughput_gbps=8.4301 latency_ms=65.3418
[2026-08-17T22:11:16] SAMPLE t=92s phase=Recovery adaptation=with_ML throughput_gbps=8.3823 latency_ms=67.4853
[2026-08-17T22:11:17] SAMPLE t=93s phase=Recovery adaptation=with_ML throughput_gbps=8.4433 latency_ms=66.1512
[2026-08-17T22:11:18] SAMPLE t=94s phase=Recovery adaptation=with_ML throughput_gbps=7.9793 latency_ms=66.5085
[2026-08-17T22:11:19] SAMPLE t=95s phase=Recovery adaptation=with_ML throughput_gbps=8.4587 latency_ms=64.94
[2026-08-17T22:11:20] SAMPLE t=96s phase=Recovery adaptation=with_ML throughput_gbps=8.3609 latency_ms=66.3515
[2026-08-17T22:11:21] SAMPLE t=97s phase=Recovery adaptation=with_ML throughput_gbps=8.5248 latency_ms=66.3149
[2026-08-17T22:11:22] SAMPLE t=98s phase=Recovery adaptation=with_ML throughput_gbps=8.2868 latency_ms=66.5842
[2026-08-17T22:11:23] SAMPLE t=99s phase=Recovery adaptation=with_ML throughput_gbps=8.5545 latency_ms=64.5938
[2026-08-17T22:09:44] SAMPLE t=0s phase=Stable adaptation=without_ML throughput_gbps=7.3999 latency_ms=64.3539
[2026-08-17T22:09:45] SAMPLE t=1s phase=Stable adaptation=without_ML throughput_gbps=7.8345 latency_ms=65.1021
[2026-08-17T22:09:46] SAMPLE t=2s phase=Stable adaptation=without_ML throughput_gbps=8.0162 latency_ms=64.1567
[2026-08-17T22:09:47] SAMPLE t=3s phase=Stable adaptation=without_ML throughput_gbps=7.8646 latency_ms=65.6175
[2026-08-17T22:09:48] SAMPLE t=4s phase=Stable adaptation=without_ML throughput_gbps=8.0922 latency_ms=64.5479
[2026-08-17T22:09:49] SAMPLE t=5s phase=Stable adaptation=without_ML throughput_gbps=7.9013 latency_ms=67.3008
[2026-08-17T22:09:50] SAMPLE t=6s phase=Stable adaptation=without_ML throughput_gbps=7.9367 latency_ms=66.8392
[2026-08-17T22:09:51] SAMPLE t=7s phase=Stable adaptation=without_ML throughput_gbps=8.132 latency_ms=63.8089
[2026-08-17T22:09:52] SAMPLE t=8s phase=Stable adaptation=without_ML throughput_gbps=7.9223 latency_ms=65.8868
[2026-08-17T22:09:53] SAMPLE t=9s phase=Stable adaptation=without_ML throughput_gbps=7.7807 latency_ms=66.2113
[2026-08-17T22:09:54] SAMPLE t=10s phase=Stable adaptation=without_ML throughput_gbps=8.4084 latency_ms=65.448
[2026-08-17T22:09:55] SAMPLE t=11s phase=Stable adaptation=without_ML throughput_gbps=8.5334 latency_ms=63.3824
[2026-08-17T22:09:56] SAMPLE t=12s phase=Stable adaptation=without_ML throughput_gbps=7.7048 latency_ms=65.1696
[2026-08-17T22:09:57] SAMPLE t=13s phase=Stable adaptation=without_ML throughput_gbps=8.2606 latency_ms=67.3746
[2026-08-17T22:09:58] SAMPLE t=14s phase=Stable adaptation=without_ML throughput_gbps=8.4751 latency_ms=64.4006
[2026-08-17T22:09:59] SAMPLE t=15s phase=Stable adaptation=without_ML throughput_gbps=8.266 latency_ms=65.1166
[2026-08-17T22:10:00] SAMPLE t=16s phase=Stable adaptation=without_ML throughput_gbps=8.1484 latency_ms=62.4863
[2026-08-17T22:10:01] SAMPLE t=17s phase=Stable adaptation=without_ML throughput_gbps=8.1566 latency_ms=64.5208
[2026-08-17T22:10:02] SAMPLE t=18s phase=Stable adaptation=without_ML throughput_gbps=8.095 latency_ms=66.3386
[2026-08-17T22:10:03] SAMPLE t=19s phase=Stable adaptation=without_ML throughput_gbps=7.8304 latency_ms=65.1846
[2026-08-17T22:10:04] SAMPLE t=20s phase=Congestion adaptation=without_ML throughput_gbps=7.4189 latency_ms=65.5218
[2026-08-17T22:10:05] SAMPLE t=21s phase=Congestion adaptation=without_ML throughput_gbps=8.0411 latency_ms=66.4869
[2026-08-17T22:10:06] SAMPLE t=22s phase=Congestion adaptation=without_ML throughput_gbps=7.9417 latency_ms=66.7657
[2026-08-17T22:10:07] SAMPLE t=23s phase=Congestion adaptation=without_ML throughput_gbps=8.6445 latency_ms=67.0311
[2026-08-17T22:10:08] SAMPLE t=24s phase=Congestion adaptation=without_ML throughput_gbps=8.1333 latency_ms=65.0932
[2026-08-17T22:10:09] SAMPLE t=25s phase=Congestion adaptation=without_ML throughput_gbps=8.515 latency_ms=66.0639
[2026-08-17T22:10:10] SAMPLE t=26s phase=Congestion adaptation=without_ML throughput_gbps=7.8364 latency_ms=65.3407
[2026-08-17T22:10:11] SAMPLE t=27s phase=Congestion adaptation=without_ML throughput_gbps=8.4912 latency_ms=62.561
[2026-08-17T22:10:12] SAMPLE t=28s phase=Congestion adaptation=without_ML throughput_gbps=7.9788 latency_ms=64.9465
[2026-08-17T22:10:13] SAMPLE t=29s phase=Congestion adaptation=without_ML throughput_gbps=7.9761 latency_ms=65.0898
[2026-08-17T22:10:14] SAMPLE t=30s phase=Congestion adaptation=without_ML throughput_gbps=7.9325 latency_ms=66.552
[2026-08-17T22:10:15] SAMPLE t=31s phase=Congestion adaptation=without_ML throughput_gbps=8.1837 latency_ms=64.3312
[2026-08-17T22:10:16] SAMPLE t=32s phase=Congestion adaptation=without_ML throughput_gbps=8.273 latency_ms=65.756
[2026-08-17T22:10:17] SAMPLE t=33s phase=Congestion adaptation=without_ML throughput_gbps=8.1328 latency_ms=68.3148
[2026-08-17T22:10:18] SAMPLE t=34s phase=Congestion adaptation=without_ML throughput_gbps=7.9795 latency_ms=67.3929
[2026-08-17T22:10:19] SAMPLE t=35s phase=Congestion adaptation=without_ML throughput_gbps=7.9785 latency_ms=63.0438
[2026-08-17T22:10:20] SAMPLE t=36s phase=Congestion adaptation=without_ML throughput_gbps=7.72 latency_ms=66.9573
[2026-08-17T22:10:21] SAMPLE t=37s phase=Congestion adaptation=without_ML throughput_gbps=8.376 latency_ms=65.5301
[2026-08-17T22:10:22] SAMPLE t=38s phase=Congestion adaptation=without_ML throughput_gbps=8.0503 latency_ms=69.9201
[2026-08-17T22:10:23] SAMPLE t=39s phase=Congestion adaptation=without_ML throughput_gbps=7.7623 latency_ms=66.5949
[2026-08-17T22:10:24] SAMPLE t=40s phase=Path_change adaptation=without_ML throughput_gbps=7.9809 latency_ms=65.4919
[2026-08-17T22:10:25] SAMPLE t=41s phase=Path_change adaptation=without_ML throughput_gbps=7.4655 latency_ms=65.3933
[2026-08-17T22:10:26] SAMPLE t=42s phase=Path_change adaptation=without_ML throughput_gbps=7.2569 latency_ms=70.4575
[2026-08-17T22:10:27] SAMPLE t=43s phase=Path_change adaptation=without_ML throughput_gbps=6.7642 latency_ms=70.8721
[2026-08-17T22:10:28] SAMPLE t=44s phase=Path_change adaptation=without_ML throughput_gbps=6.7408 latency_ms=72.5554
[2026-08-17T22:10:29] SAMPLE t=45s phase=Path_change adaptation=without_ML throughput_gbps=6.1129 latency_ms=69.6023
[2026-08-17T22:10:30] SAMPLE t=46s phase=Path_change adaptation=without_ML throughput_gbps=6.2612 latency_ms=72.7426
[2026-08-17T22:10:31] SAMPLE t=47s phase=Path_change adaptation=without_ML throughput_gbps=5.9366 latency_ms=73.2471
[2026-08-17T22:10:32] SAMPLE t=48s phase=Path_change adaptation=without_ML throughput_gbps=5.8627 latency_ms=72.5202
[2026-08-17T22:10:33] SAMPLE t=49s phase=Path_change adaptation=without_ML throughput_gbps=5.8347 latency_ms=72.9764
[2026-08-17T22:10:34] SAMPLE t=50s phase=Path_change adaptation=without_ML throughput_gbps=5.3847 latency_ms=71.4332
[2026-08-17T22:10:35] SAMPLE t=51s phase=Path_change adaptation=without_ML throughput_gbps=5.8838 latency_ms=71.3485
[2026-08-17T22:10:36] SAMPLE t=52s phase=Path_change adaptation=without_ML throughput_gbps=5.9102 latency_ms=71.8742
[2026-08-17T22:10:37] SAMPLE t=53s phase=Path_change adaptation=without_ML throughput_gbps=5.9777 latency_ms=70.1431
[2026-08-17T22:10:38] SAMPLE t=54s phase=Path_change adaptation=without_ML throughput_gbps=5.9369 latency_ms=73.7658
[2026-08-17T22:10:39] SAMPLE t=55s phase=Path_change adaptation=without_ML throughput_gbps=6.6251 latency_ms=72.1775
[2026-08-17T22:10:40] SAMPLE t=56s phase=Path_change adaptation=without_ML throughput_gbps=6.4063 latency_ms=68.7944
[2026-08-17T22:10:41] SAMPLE t=57s phase=Path_change adaptation=without_ML throughput_gbps=7.2935 latency_ms=68.7245
[2026-08-17T22:10:42] SAMPLE t=58s phase=Path_change adaptation=without_ML throughput_gbps=7.043 latency_ms=68.3942
[2026-08-17T22:10:43] SAMPLE t=59s phase=Path_change adaptation=without_ML throughput_gbps=7.5481 latency_ms=66.3002
[2026-08-17T22:10:44] SAMPLE t=60s phase=Loss_spike adaptation=without_ML throughput_gbps=6.0098 latency_ms=69.5404
[2026-08-17T22:10:45] SAMPLE t=61s phase=Loss_spike adaptation=without_ML throughput_gbps=8.1123 latency_ms=79.1421
[2026-08-17T22:10:46] SAMPLE t=62s phase=Loss_spike adaptation=without_ML throughput_gbps=7.6458 latency_ms=78.7952
[2026-08-17T22:10:47] SAMPLE t=63s phase=Loss_spike adaptation=without_ML throughput_gbps=4.8933 latency_ms=74.7295
[2026-08-17T22:10:48] SAMPLE t=64s phase=Loss_spike adaptation=without_ML throughput_gbps=3.927 latency_ms=78.8795
[2026-08-17T22:10:49] SAMPLE t=65s phase=Loss_spike adaptation=without_ML throughput_gbps=6.3607 latency_ms=71.0365
[2026-08-17T22:10:50] SAMPLE t=66s phase=Loss_spike adaptation=without_ML throughput_gbps=8.3184 latency_ms=80.5266
[2026-08-17T22:10:51] SAMPLE t=67s phase=Loss_spike adaptation=without_ML throughput_gbps=7.5686 latency_ms=75.8415
[2026-08-17T22:10:52] SAMPLE t=68s phase=Loss_spike adaptation=without_ML throughput_gbps=5.0124 latency_ms=76.1108
[2026-08-17T22:10:53] SAMPLE t=69s phase=Loss_spike adaptation=without_ML throughput_gbps=3.9426 latency_ms=78.3639
[2026-08-17T22:10:54] SAMPLE t=70s phase=Loss_spike adaptation=without_ML throughput_gbps=5.9816 latency_ms=69.8649
[2026-08-17T22:10:55] SAMPLE t=71s phase=Loss_spike adaptation=without_ML throughput_gbps=8.3437 latency_ms=81.3116
[2026-08-17T22:10:56] SAMPLE t=72s phase=Loss_spike adaptation=without_ML throughput_gbps=7.6244 latency_ms=72.4684
[2026-08-17T22:10:57] SAMPLE t=73s phase=Loss_spike adaptation=without_ML throughput_gbps=4.8103 latency_ms=76.6208
[2026-08-17T22:10:58] SAMPLE t=74s phase=Loss_spike adaptation=without_ML throughput_gbps=4.0027 latency_ms=79.4405
[2026-08-17T22:10:59] SAMPLE t=75s phase=Loss_spike adaptation=without_ML throughput_gbps=6.149 latency_ms=72.9036
[2026-08-17T22:11:00] SAMPLE t=76s phase=Loss_spike adaptation=without_ML throughput_gbps=8.3706 latency_ms=79.5782
[2026-08-17T22:11:01] SAMPLE t=77s phase=Loss_spike adaptation=without_ML throughput_gbps=7.6358 latency_ms=74.9809
[2026-08-17T22:11:02] SAMPLE t=78s phase=Loss_spike adaptation=without_ML throughput_gbps=4.9813 latency_ms=78.0314
[2026-08-17T22:11:03] SAMPLE t=79s phase=Loss_spike adaptation=without_ML throughput_gbps=3.9897 latency_ms=78.4908
[2026-08-17T22:11:04] SAMPLE t=80s phase=Recovery adaptation=without_ML throughput_gbps=7.5923 latency_ms=67.9015
[2026-08-17T22:11:05] SAMPLE t=81s phase=Recovery adaptation=without_ML throughput_gbps=7.7531 latency_ms=65.7209
[2026-08-17T22:11:06] SAMPLE t=82s phase=Recovery adaptation=without_ML throughput_gbps=8.191 latency_ms=68.5211
[2026-08-17T22:11:07] SAMPLE t=83s phase=Recovery adaptation=without_ML throughput_gbps=8.1074 latency_ms=68.4817
[2026-08-17T22:11:08] SAMPLE t=84s phase=Recovery adaptation=without_ML throughput_gbps=7.7591 latency_ms=65.7003
[2026-08-17T22:11:09] SAMPLE t=85s phase=Recovery adaptation=without_ML throughput_gbps=8.2016 latency_ms=64.8714
[2026-08-17T22:11:10] SAMPLE t=86s phase=Recovery adaptation=without_ML throughput_gbps=7.9921 latency_ms=66.9176
[2026-08-17T22:11:11] SAMPLE t=87s phase=Recovery adaptation=without_ML throughput_gbps=7.9417 latency_ms=66.4884
[2026-08-17T22:11:12] SAMPLE t=88s phase=Recovery adaptation=without_ML throughput_gbps=8.1567 latency_ms=65.3564
[2026-08-17T22:11:13] SAMPLE t=89s phase=Recovery adaptation=without_ML throughput_gbps=7.7838 latency_ms=64.6233
[2026-08-17T22:11:14] SAMPLE t=90s phase=Recovery adaptation=without_ML throughput_gbps=7.8432 latency_ms=63.2564
[2026-08-17T22:11:15] SAMPLE t=91s phase=Recovery adaptation=without_ML throughput_gbps=7.8787 latency_ms=64.4205
[2026-08-17T22:11:16] SAMPLE t=92s phase=Recovery adaptation=without_ML throughput_gbps=8.2585 latency_ms=66.2758
[2026-08-17T22:11:17] SAMPLE t=93s phase=Recovery adaptation=without_ML throughput_gbps=8.4367 latency_ms=65.9075
[2026-08-17T22:11:18] SAMPLE t=94s phase=Recovery adaptation=without_ML throughput_gbps=7.5928 latency_ms=65.9633
[2026-08-17T22:11:19] SAMPLE t=95s phase=Recovery adaptation=without_ML throughput_gbps=8.0676 latency_ms=65.974
[2026-08-17T22:11:20] SAMPLE t=96s phase=Recovery adaptation=without_ML throughput_gbps=7.4936 latency_ms=65.9242
[2026-08-17T22:11:21] SAMPLE t=97s phase=Recovery adaptation=without_ML throughput_gbps=7.7765 latency_ms=66.7315
[2026-08-17T22:11:22] SAMPLE t=98s phase=Recovery adaptation=without_ML throughput_gbps=7.9647 latency_ms=65.7154
[2026-08-17T22:11:23] SAMPLE t=99s phase=Recovery adaptation=without_ML throughput_gbps=8.3119 latency_ms=65.7894
[2026-08-17T22:09:44] TRACE_END run_id=136 status=OK
[2026-08-17T22:17:18] TRACE_START run_id=137
[2026-08-17T22:17:18] SAMPLE t=0s phase=Stable adaptation=with_ML throughput_gbps=8.0113 latency_ms=64.7034
[2026-08-17T22:17:19] SAMPLE t=1s phase=Stable adaptation=with_ML throughput_gbps=8.1883 latency_ms=66.2822
[2026-08-17T22:17:20] SAMPLE t=2s phase=Stable adaptation=with_ML throughput_gbps=7.7793 latency_ms=65.6878
[2026-08-17T22:17:21] SAMPLE t=3s phase=Stable adaptation=with_ML throughput_gbps=8.0143 latency_ms=68.9144
[2026-08-17T22:17:22] SAMPLE t=4s phase=Stable adaptation=with_ML throughput_gbps=8.0215 latency_ms=67.1075
[2026-08-17T22:17:23] SAMPLE t=5s phase=Stable adaptation=with_ML throughput_gbps=8.0363 latency_ms=66.9658
[2026-08-17T22:17:24] SAMPLE t=6s phase=Stable adaptation=with_ML throughput_gbps=8.0636 latency_ms=66.5203
[2026-08-17T22:17:25] SAMPLE t=7s phase=Stable adaptation=with_ML throughput_gbps=8.2256 latency_ms=66.2742
[2026-08-17T22:17:26] SAMPLE t=8s phase=Stable adaptation=with_ML throughput_gbps=7.9456 latency_ms=64.4705
[2026-08-17T22:17:27] SAMPLE t=9s phase=Stable adaptation=with_ML throughput_gbps=7.9729 latency_ms=68.8778
[2026-08-17T22:17:28] SAMPLE t=10s phase=Stable adaptation=with_ML throughput_gbps=7.8107 latency_ms=67.0872
[2026-08-17T22:17:29] SAMPLE t=11s phase=Stable adaptation=with_ML throughput_gbps=8.2822 latency_ms=65.3917
[2026-08-17T22:17:30] SAMPLE t=12s phase=Stable adaptation=with_ML throughput_gbps=7.9916 latency_ms=65.1918
[2026-08-17T22:17:31] SAMPLE t=13s phase=Stable adaptation=with_ML throughput_gbps=8.3334 latency_ms=66.4273
[2026-08-17T22:17:32] SAMPLE t=14s phase=Stable adaptation=with_ML throughput_gbps=8.1349 latency_ms=65.9823
[2026-08-17T22:17:33] SAMPLE t=15s phase=Stable adaptation=with_ML throughput_gbps=7.9741 latency_ms=66.1991
[2026-08-17T22:17:34] SAMPLE t=16s phase=Stable adaptation=with_ML throughput_gbps=8.1555 latency_ms=67.2048
[2026-08-17T22:17:35] SAMPLE t=17s phase=Stable adaptation=with_ML throughput_gbps=8.0041 latency_ms=65.3676
[2026-08-17T22:17:36] SAMPLE t=18s phase=Stable adaptation=with_ML throughput_gbps=8.2914 latency_ms=67.705
[2026-08-17T22:17:37] SAMPLE t=19s phase=Stable adaptation=with_ML throughput_gbps=7.9846 latency_ms=68.0858
[2026-08-17T22:17:38] SAMPLE t=20s phase=Congestion adaptation=with_ML throughput_gbps=7.9985 latency_ms=66.5733
[2026-08-17T22:17:39] SAMPLE t=21s phase=Congestion adaptation=with_ML throughput_gbps=8.0803 latency_ms=65.0883
[2026-08-17T22:17:40] SAMPLE t=22s phase=Congestion adaptation=with_ML throughput_gbps=7.9934 latency_ms=66.316
[2026-08-17T22:17:41] SAMPLE t=23s phase=Congestion adaptation=with_ML throughput_gbps=7.9367 latency_ms=67.2965
[2026-08-17T22:17:42] SAMPLE t=24s phase=Congestion adaptation=with_ML throughput_gbps=8.3284 latency_ms=66.7127
[2026-08-17T22:17:43] SAMPLE t=25s phase=Congestion adaptation=with_ML throughput_gbps=7.8292 latency_ms=67.3329
[2026-08-17T22:17:44] SAMPLE t=26s phase=Congestion adaptation=with_ML throughput_gbps=7.7285 latency_ms=67.426
[2026-08-17T22:17:45] SAMPLE t=27s phase=Congestion adaptation=with_ML throughput_gbps=8.2246 latency_ms=67.625
[2026-08-17T22:17:46] SAMPLE t=28s phase=Congestion adaptation=with_ML throughput_gbps=7.8938 latency_ms=68.1609
[2026-08-17T22:17:47] SAMPLE t=29s phase=Congestion adaptation=with_ML throughput_gbps=7.7658 latency_ms=64.6807
[2026-08-17T22:17:48] SAMPLE t=30s phase=Congestion adaptation=with_ML throughput_gbps=7.8505 latency_ms=65.3343
[2026-08-17T22:17:49] SAMPLE t=31s phase=Congestion adaptation=with_ML throughput_gbps=8.0604 latency_ms=65.9102
[2026-08-17T22:17:50] SAMPLE t=32s phase=Congestion adaptation=with_ML throughput_gbps=8.364 latency_ms=66.9744
[2026-08-17T22:17:51] SAMPLE t=33s phase=Congestion adaptation=with_ML throughput_gbps=8.1657 latency_ms=66.1673
[2026-08-17T22:17:52] SAMPLE t=34s phase=Congestion adaptation=with_ML throughput_gbps=8.3072 latency_ms=64.5363
[2026-08-17T22:17:53] SAMPLE t=35s phase=Congestion adaptation=with_ML throughput_gbps=8.3378 latency_ms=66.363
[2026-08-17T22:17:54] SAMPLE t=36s phase=Congestion adaptation=with_ML throughput_gbps=7.916 latency_ms=65.5694
[2026-08-17T22:17:55] SAMPLE t=37s phase=Congestion adaptation=with_ML throughput_gbps=7.9636 latency_ms=66.5498
[2026-08-17T22:17:56] SAMPLE t=38s phase=Congestion adaptation=with_ML throughput_gbps=8.2689 latency_ms=66.4473
[2026-08-17T22:17:57] SAMPLE t=39s phase=Congestion adaptation=with_ML throughput_gbps=7.9377 latency_ms=67.6946
[2026-08-17T22:17:58] SAMPLE t=40s phase=Path_change adaptation=with_ML throughput_gbps=7.8615 latency_ms=65.292
[2026-08-17T22:17:59] SAMPLE t=41s phase=Path_change adaptation=with_ML throughput_gbps=8.149 latency_ms=67.808
[2026-08-17T22:18:00] SAMPLE t=42s phase=Path_change adaptation=with_ML throughput_gbps=7.766 latency_ms=67.185
[2026-08-17T22:18:01] SAMPLE t=43s phase=Path_change adaptation=with_ML throughput_gbps=7.5211 latency_ms=67.1312
[2026-08-17T22:18:02] SAMPLE t=44s phase=Path_change adaptation=with_ML throughput_gbps=7.6723 latency_ms=69.7996
[2026-08-17T22:18:03] SAMPLE t=45s phase=Path_change adaptation=with_ML throughput_gbps=7.1349 latency_ms=67.2622
[2026-08-17T22:18:04] SAMPLE t=46s phase=Path_change adaptation=with_ML throughput_gbps=7.5457 latency_ms=66.1897
[2026-08-17T22:18:05] SAMPLE t=47s phase=Path_change adaptation=with_ML throughput_gbps=7.3444 latency_ms=69.0187
[2026-08-17T22:18:06] SAMPLE t=48s phase=Path_change adaptation=with_ML throughput_gbps=7.4821 latency_ms=68.5644
[2026-08-17T22:18:07] SAMPLE t=49s phase=Path_change adaptation=with_ML throughput_gbps=7.2745 latency_ms=67.7368
[2026-08-17T22:18:08] SAMPLE t=50s phase=Path_change adaptation=with_ML throughput_gbps=7.0629 latency_ms=66.7581
[2026-08-17T22:18:09] SAMPLE t=51s phase=Path_change adaptation=with_ML throughput_gbps=7.3362 latency_ms=68.0386
[2026-08-17T22:18:10] SAMPLE t=52s phase=Path_change adaptation=with_ML throughput_gbps=7.2173 latency_ms=67.1528
[2026-08-17T22:18:11] SAMPLE t=53s phase=Path_change adaptation=with_ML throughput_gbps=7.1826 latency_ms=69.1801
[2026-08-17T22:18:12] SAMPLE t=54s phase=Path_change adaptation=with_ML throughput_gbps=7.297 latency_ms=68.7399
[2026-08-17T22:18:13] SAMPLE t=55s phase=Path_change adaptation=with_ML throughput_gbps=7.5346 latency_ms=67.9346
[2026-08-17T22:18:14] SAMPLE t=56s phase=Path_change adaptation=with_ML throughput_gbps=7.5103 latency_ms=66.4453
[2026-08-17T22:18:15] SAMPLE t=57s phase=Path_change adaptation=with_ML throughput_gbps=7.4987 latency_ms=66.9808
[2026-08-17T22:18:16] SAMPLE t=58s phase=Path_change adaptation=with_ML throughput_gbps=7.9682 latency_ms=67.2003
[2026-08-17T22:18:17] SAMPLE t=59s phase=Path_change adaptation=with_ML throughput_gbps=7.7338 latency_ms=67.9024
[2026-08-17T22:18:18] SAMPLE t=60s phase=Loss_spike adaptation=with_ML throughput_gbps=7.2736 latency_ms=67.2869
[2026-08-17T22:18:19] SAMPLE t=61s phase=Loss_spike adaptation=with_ML throughput_gbps=8.4474 latency_ms=70.4095
[2026-08-17T22:18:20] SAMPLE t=62s phase=Loss_spike adaptation=with_ML throughput_gbps=7.923 latency_ms=70.6084
[2026-08-17T22:18:21] SAMPLE t=63s phase=Loss_spike adaptation=with_ML throughput_gbps=6.6232 latency_ms=69.8354
[2026-08-17T22:18:22] SAMPLE t=64s phase=Loss_spike adaptation=with_ML throughput_gbps=6.0148 latency_ms=72.4161
[2026-08-17T22:18:23] SAMPLE t=65s phase=Loss_spike adaptation=with_ML throughput_gbps=7.2474 latency_ms=68.3403
[2026-08-17T22:18:24] SAMPLE t=66s phase=Loss_spike adaptation=with_ML throughput_gbps=8.5014 latency_ms=72.5999
[2026-08-17T22:18:25] SAMPLE t=67s phase=Loss_spike adaptation=with_ML throughput_gbps=8.0305 latency_ms=69.7724
[2026-08-17T22:18:26] SAMPLE t=68s phase=Loss_spike adaptation=with_ML throughput_gbps=6.9871 latency_ms=70.3033
[2026-08-17T22:18:27] SAMPLE t=69s phase=Loss_spike adaptation=with_ML throughput_gbps=6.2707 latency_ms=70.5924
[2026-08-17T22:18:28] SAMPLE t=70s phase=Loss_spike adaptation=with_ML throughput_gbps=7.0719 latency_ms=65.8962
[2026-08-17T22:18:29] SAMPLE t=71s phase=Loss_spike adaptation=with_ML throughput_gbps=8.2301 latency_ms=71.3997
[2026-08-17T22:18:30] SAMPLE t=72s phase=Loss_spike adaptation=with_ML throughput_gbps=8.1338 latency_ms=69.018
[2026-08-17T22:18:31] SAMPLE t=73s phase=Loss_spike adaptation=with_ML throughput_gbps=6.4253 latency_ms=68.428
[2026-08-17T22:18:32] SAMPLE t=74s phase=Loss_spike adaptation=with_ML throughput_gbps=6.2153 latency_ms=73.0398
[2026-08-17T22:18:33] SAMPLE t=75s phase=Loss_spike adaptation=with_ML throughput_gbps=7.3904 latency_ms=68.3887
[2026-08-17T22:18:34] SAMPLE t=76s phase=Loss_spike adaptation=with_ML throughput_gbps=8.2592 latency_ms=69.4721
[2026-08-17T22:18:35] SAMPLE t=77s phase=Loss_spike adaptation=with_ML throughput_gbps=8.0869 latency_ms=68.7435
[2026-08-17T22:18:36] SAMPLE t=78s phase=Loss_spike adaptation=with_ML throughput_gbps=6.3857 latency_ms=71.9222
[2026-08-17T22:18:37] SAMPLE t=79s phase=Loss_spike adaptation=with_ML throughput_gbps=6.4682 latency_ms=70.9427
[2026-08-17T22:18:38] SAMPLE t=80s phase=Recovery adaptation=with_ML throughput_gbps=8.2843 latency_ms=67.4355
[2026-08-17T22:18:39] SAMPLE t=81s phase=Recovery adaptation=with_ML throughput_gbps=8.2727 latency_ms=64.8702
[2026-08-17T22:18:40] SAMPLE t=82s phase=Recovery adaptation=with_ML throughput_gbps=8.3693 latency_ms=66.7623
[2026-08-17T22:18:41] SAMPLE t=83s phase=Recovery adaptation=with_ML throughput_gbps=8.5521 latency_ms=67.4401
[2026-08-17T22:18:42] SAMPLE t=84s phase=Recovery adaptation=with_ML throughput_gbps=7.9669 latency_ms=68.22
[2026-08-17T22:18:43] SAMPLE t=85s phase=Recovery adaptation=with_ML throughput_gbps=8.2047 latency_ms=67.8333
[2026-08-17T22:18:44] SAMPLE t=86s phase=Recovery adaptation=with_ML throughput_gbps=7.8977 latency_ms=66.0124
[2026-08-17T22:18:45] SAMPLE t=87s phase=Recovery adaptation=with_ML throughput_gbps=8.239 latency_ms=66.4336
[2026-08-17T22:18:46] SAMPLE t=88s phase=Recovery adaptation=with_ML throughput_gbps=7.8396 latency_ms=65.5722
[2026-08-17T22:18:47] SAMPLE t=89s phase=Recovery adaptation=with_ML throughput_gbps=8.2268 latency_ms=66.6557
[2026-08-17T22:18:48] SAMPLE t=90s phase=Recovery adaptation=with_ML throughput_gbps=8.1032 latency_ms=64.6513
[2026-08-17T22:18:49] SAMPLE t=91s phase=Recovery adaptation=with_ML throughput_gbps=8.3151 latency_ms=65.831
[2026-08-17T22:18:50] SAMPLE t=92s phase=Recovery adaptation=with_ML throughput_gbps=7.8707 latency_ms=64.2944
[2026-08-17T22:18:51] SAMPLE t=93s phase=Recovery adaptation=with_ML throughput_gbps=8.4631 latency_ms=68.0191
[2026-08-17T22:18:52] SAMPLE t=94s phase=Recovery adaptation=with_ML throughput_gbps=8.3402 latency_ms=66.3505
[2026-08-17T22:18:53] SAMPLE t=95s phase=Recovery adaptation=with_ML throughput_gbps=8.6711 latency_ms=65.6135
[2026-08-17T22:18:54] SAMPLE t=96s phase=Recovery adaptation=with_ML throughput_gbps=8.326 latency_ms=63.6559
[2026-08-17T22:18:55] SAMPLE t=97s phase=Recovery adaptation=with_ML throughput_gbps=8.6424 latency_ms=65.7368
[2026-08-17T22:18:56] SAMPLE t=98s phase=Recovery adaptation=with_ML throughput_gbps=8.3963 latency_ms=63.4804
[2026-08-17T22:18:57] SAMPLE t=99s phase=Recovery adaptation=with_ML throughput_gbps=8.5242 latency_ms=62.3449
[2026-08-17T22:17:18] SAMPLE t=0s phase=Stable adaptation=without_ML throughput_gbps=8.2143 latency_ms=67.3427
[2026-08-17T22:17:19] SAMPLE t=1s phase=Stable adaptation=without_ML throughput_gbps=7.8275 latency_ms=66.5292
[2026-08-17T22:17:20] SAMPLE t=2s phase=Stable adaptation=without_ML throughput_gbps=8.1325 latency_ms=64.3672
[2026-08-17T22:17:21] SAMPLE t=3s phase=Stable adaptation=without_ML throughput_gbps=7.8336 latency_ms=65.6329
[2026-08-17T22:17:22] SAMPLE t=4s phase=Stable adaptation=without_ML throughput_gbps=8.575 latency_ms=64.9359
[2026-08-17T22:17:23] SAMPLE t=5s phase=Stable adaptation=without_ML throughput_gbps=8.4867 latency_ms=65.271
[2026-08-17T22:17:24] SAMPLE t=6s phase=Stable adaptation=without_ML throughput_gbps=8.1641 latency_ms=67.0045
[2026-08-17T22:17:25] SAMPLE t=7s phase=Stable adaptation=without_ML throughput_gbps=7.8558 latency_ms=66.3109
[2026-08-17T22:17:26] SAMPLE t=8s phase=Stable adaptation=without_ML throughput_gbps=8.0515 latency_ms=64.9815
[2026-08-17T22:17:27] SAMPLE t=9s phase=Stable adaptation=without_ML throughput_gbps=8.4697 latency_ms=66.266
[2026-08-17T22:17:28] SAMPLE t=10s phase=Stable adaptation=without_ML throughput_gbps=8.0705 latency_ms=64.5102
[2026-08-17T22:17:29] SAMPLE t=11s phase=Stable adaptation=without_ML throughput_gbps=8.2839 latency_ms=65.2944
[2026-08-17T22:17:30] SAMPLE t=12s phase=Stable adaptation=without_ML throughput_gbps=7.7544 latency_ms=64.2228
[2026-08-17T22:17:31] SAMPLE t=13s phase=Stable adaptation=without_ML throughput_gbps=7.86 latency_ms=63.9664
[2026-08-17T22:17:32] SAMPLE t=14s phase=Stable adaptation=without_ML throughput_gbps=8.0057 latency_ms=65.1795
[2026-08-17T22:17:33] SAMPLE t=15s phase=Stable adaptation=without_ML throughput_gbps=7.7476 latency_ms=65.7406
[2026-08-17T22:17:34] SAMPLE t=16s phase=Stable adaptation=without_ML throughput_gbps=8.1414 latency_ms=67.5853
[2026-08-17T22:17:35] SAMPLE t=17s phase=Stable adaptation=without_ML throughput_gbps=8.3082 latency_ms=63.2026
[2026-08-17T22:17:36] SAMPLE t=18s phase=Stable adaptation=without_ML throughput_gbps=7.879 latency_ms=65.2811
[2026-08-17T22:17:37] SAMPLE t=19s phase=Stable adaptation=without_ML throughput_gbps=7.8207 latency_ms=67.3156
[2026-08-17T22:17:38] SAMPLE t=20s phase=Congestion adaptation=without_ML throughput_gbps=8.1391 latency_ms=67.1212
[2026-08-17T22:17:39] SAMPLE t=21s phase=Congestion adaptation=without_ML throughput_gbps=7.8527 latency_ms=64.5492
[2026-08-17T22:17:40] SAMPLE t=22s phase=Congestion adaptation=without_ML throughput_gbps=8.3714 latency_ms=67.9915
[2026-08-17T22:17:41] SAMPLE t=23s phase=Congestion adaptation=without_ML throughput_gbps=8.153 latency_ms=66.656
[2026-08-17T22:17:42] SAMPLE t=24s phase=Congestion adaptation=without_ML throughput_gbps=8.1193 latency_ms=67.1958
[2026-08-17T22:17:43] SAMPLE t=25s phase=Congestion adaptation=without_ML throughput_gbps=8.2066 latency_ms=67.0037
[2026-08-17T22:17:44] SAMPLE t=26s phase=Congestion adaptation=without_ML throughput_gbps=7.7017 latency_ms=65.0199
[2026-08-17T22:17:45] SAMPLE t=27s phase=Congestion adaptation=without_ML throughput_gbps=7.8979 latency_ms=65.9606
[2026-08-17T22:17:46] SAMPLE t=28s phase=Congestion adaptation=without_ML throughput_gbps=8.0231 latency_ms=66.5419
[2026-08-17T22:17:47] SAMPLE t=29s phase=Congestion adaptation=without_ML throughput_gbps=8.2747 latency_ms=65.3354
[2026-08-17T22:17:48] SAMPLE t=30s phase=Congestion adaptation=without_ML throughput_gbps=7.8566 latency_ms=63.7671
[2026-08-17T22:17:49] SAMPLE t=31s phase=Congestion adaptation=without_ML throughput_gbps=8.3652 latency_ms=67.0491
[2026-08-17T22:17:50] SAMPLE t=32s phase=Congestion adaptation=without_ML throughput_gbps=8.0333 latency_ms=65.5182
[2026-08-17T22:17:51] SAMPLE t=33s phase=Congestion adaptation=without_ML throughput_gbps=8.0187 latency_ms=65.6808
[2026-08-17T22:17:52] SAMPLE t=34s phase=Congestion adaptation=without_ML throughput_gbps=7.7703 latency_ms=65.6067
[2026-08-17T22:17:53] SAMPLE t=35s phase=Congestion adaptation=without_ML throughput_gbps=8.3175 latency_ms=65.3487
[2026-08-17T22:17:54] SAMPLE t=36s phase=Congestion adaptation=without_ML throughput_gbps=7.8891 latency_ms=66.88
[2026-08-17T22:17:55] SAMPLE t=37s phase=Congestion adaptation=without_ML throughput_gbps=7.9162 latency_ms=64.356
[2026-08-17T22:17:56] SAMPLE t=38s phase=Congestion adaptation=without_ML throughput_gbps=7.8723 latency_ms=67.9421
[2026-08-17T22:17:57] SAMPLE t=39s phase=Congestion adaptation=without_ML throughput_gbps=7.9509 latency_ms=66.031
[2026-08-17T22:17:58] SAMPLE t=40s phase=Path_change adaptation=without_ML throughput_gbps=8.2544 latency_ms=64.2538
[2026-08-17T22:17:59] SAMPLE t=41s phase=Path_change adaptation=without_ML throughput_gbps=7.9585 latency_ms=67.9653
[2026-08-17T22:18:00] SAMPLE t=42s phase=Path_change adaptation=without_ML throughput_gbps=7.3932 latency_ms=68.736
[2026-08-17T22:18:01] SAMPLE t=43s phase=Path_change adaptation=without_ML throughput_gbps=6.837 latency_ms=68.4923
[2026-08-17T22:18:02] SAMPLE t=44s phase=Path_change adaptation=without_ML throughput_gbps=6.5807 latency_ms=70.9441
[2026-08-17T22:18:03] SAMPLE t=45s phase=Path_change adaptation=without_ML throughput_gbps=6.4116 latency_ms=72.8321
[2026-08-17T22:18:04] SAMPLE t=46s phase=Path_change adaptation=without_ML throughput_gbps=6.0203 latency_ms=72.39
[2026-08-17T22:18:05] SAMPLE t=47s phase=Path_change adaptation=without_ML throughput_gbps=5.9891 latency_ms=73.1871
[2026-08-17T22:18:06] SAMPLE t=48s phase=Path_change adaptation=without_ML throughput_gbps=5.7681 latency_ms=72.9007
[2026-08-17T22:18:07] SAMPLE t=49s phase=Path_change adaptation=without_ML throughput_gbps=5.6657 latency_ms=72.1945
[2026-08-17T22:18:08] SAMPLE t=50s phase=Path_change adaptation=without_ML throughput_gbps=5.7818 latency_ms=75.1252
[2026-08-17T22:18:09] SAMPLE t=51s phase=Path_change adaptation=without_ML throughput_gbps=5.7425 latency_ms=71.5628
[2026-08-17T22:18:10] SAMPLE t=52s phase=Path_change adaptation=without_ML throughput_gbps=6.0826 latency_ms=70.9252
[2026-08-17T22:18:11] SAMPLE t=53s phase=Path_change adaptation=without_ML throughput_gbps=6.049 latency_ms=73.7697
[2026-08-17T22:18:12] SAMPLE t=54s phase=Path_change adaptation=without_ML throughput_gbps=5.8755 latency_ms=71.1425
[2026-08-17T22:18:13] SAMPLE t=55s phase=Path_change adaptation=without_ML throughput_gbps=6.3348 latency_ms=71.7027
[2026-08-17T22:18:14] SAMPLE t=56s phase=Path_change adaptation=without_ML throughput_gbps=6.4643 latency_ms=69.1564
[2026-08-17T22:18:15] SAMPLE t=57s phase=Path_change adaptation=without_ML throughput_gbps=6.8979 latency_ms=69.4836
[2026-08-17T22:18:16] SAMPLE t=58s phase=Path_change adaptation=without_ML throughput_gbps=6.8427 latency_ms=68.9287
[2026-08-17T22:18:17] SAMPLE t=59s phase=Path_change adaptation=without_ML throughput_gbps=7.6485 latency_ms=63.9333
[2026-08-17T22:18:18] SAMPLE t=60s phase=Loss_spike adaptation=without_ML throughput_gbps=6.0167 latency_ms=68.398
[2026-08-17T22:18:19] SAMPLE t=61s phase=Loss_spike adaptation=without_ML throughput_gbps=8.6521 latency_ms=78.5842
[2026-08-17T22:18:20] SAMPLE t=62s phase=Loss_spike adaptation=without_ML throughput_gbps=7.619 latency_ms=75.6196
[2026-08-17T22:18:21] SAMPLE t=63s phase=Loss_spike adaptation=without_ML throughput_gbps=4.8433 latency_ms=75.7475
[2026-08-17T22:18:22] SAMPLE t=64s phase=Loss_spike adaptation=without_ML throughput_gbps=3.9545 latency_ms=80.8868
[2026-08-17T22:18:23] SAMPLE t=65s phase=Loss_spike adaptation=without_ML throughput_gbps=6.065 latency_ms=70.9942
[2026-08-17T22:18:24] SAMPLE t=66s phase=Loss_spike adaptation=without_ML throughput_gbps=8.6322 latency_ms=82.7385
[2026-08-17T22:18:25] SAMPLE t=67s phase=Loss_spike adaptation=without_ML throughput_gbps=7.7538 latency_ms=74.3398
[2026-08-17T22:18:26] SAMPLE t=68s phase=Loss_spike adaptation=without_ML throughput_gbps=4.7454 latency_ms=76.9767
[2026-08-17T22:18:27] SAMPLE t=69s phase=Loss_spike adaptation=without_ML throughput_gbps=3.8378 latency_ms=79.9503
[2026-08-17T22:18:28] SAMPLE t=70s phase=Loss_spike adaptation=without_ML throughput_gbps=6.2598 latency_ms=71.0351
[2026-08-17T22:18:29] SAMPLE t=71s phase=Loss_spike adaptation=without_ML throughput_gbps=8.5132 latency_ms=79.6819
[2026-08-17T22:18:30] SAMPLE t=72s phase=Loss_spike adaptation=without_ML throughput_gbps=7.5807 latency_ms=77.1409
[2026-08-17T22:18:31] SAMPLE t=73s phase=Loss_spike adaptation=without_ML throughput_gbps=4.7239 latency_ms=72.3406
[2026-08-17T22:18:32] SAMPLE t=74s phase=Loss_spike adaptation=without_ML throughput_gbps=3.9443 latency_ms=78.2631
[2026-08-17T22:18:33] SAMPLE t=75s phase=Loss_spike adaptation=without_ML throughput_gbps=5.9957 latency_ms=68.4839
[2026-08-17T22:18:34] SAMPLE t=76s phase=Loss_spike adaptation=without_ML throughput_gbps=8.3009 latency_ms=77.7467
[2026-08-17T22:18:35] SAMPLE t=77s phase=Loss_spike adaptation=without_ML throughput_gbps=7.7488 latency_ms=78.3238
[2026-08-17T22:18:36] SAMPLE t=78s phase=Loss_spike adaptation=without_ML throughput_gbps=4.7392 latency_ms=75.5978
[2026-08-17T22:18:37] SAMPLE t=79s phase=Loss_spike adaptation=without_ML throughput_gbps=3.9804 latency_ms=76.7542
[2026-08-17T22:18:38] SAMPLE t=80s phase=Recovery adaptation=without_ML throughput_gbps=8.2469 latency_ms=65.3098
[2026-08-17T22:18:39] SAMPLE t=81s phase=Recovery adaptation=without_ML throughput_gbps=8.1309 latency_ms=66.9342
[2026-08-17T22:18:40] SAMPLE t=82s phase=Recovery adaptation=without_ML throughput_gbps=8.017 latency_ms=65.8527
[2026-08-17T22:18:41] SAMPLE t=83s phase=Recovery adaptation=without_ML throughput_gbps=8.0605 latency_ms=65.7014
[2026-08-17T22:18:42] SAMPLE t=84s phase=Recovery adaptation=without_ML throughput_gbps=8.1046 latency_ms=65.0729
[2026-08-17T22:18:43] SAMPLE t=85s phase=Recovery adaptation=without_ML throughput_gbps=7.6938 latency_ms=66.0522
[2026-08-17T22:18:44] SAMPLE t=86s phase=Recovery adaptation=without_ML throughput_gbps=8.0442 latency_ms=67.9494
[2026-08-17T22:18:45] SAMPLE t=87s phase=Recovery adaptation=without_ML throughput_gbps=7.786 latency_ms=64.4058
[2026-08-17T22:18:46] SAMPLE t=88s phase=Recovery adaptation=without_ML throughput_gbps=8.4094 latency_ms=65.3637
[2026-08-17T22:18:47] SAMPLE t=89s phase=Recovery adaptation=without_ML throughput_gbps=8.3866 latency_ms=66.0564
[2026-08-17T22:18:48] SAMPLE t=90s phase=Recovery adaptation=without_ML throughput_gbps=7.5498 latency_ms=64.6649
[2026-08-17T22:18:49] SAMPLE t=91s phase=Recovery adaptation=without_ML throughput_gbps=7.8814 latency_ms=64.3775
[2026-08-17T22:18:50] SAMPLE t=92s phase=Recovery adaptation=without_ML throughput_gbps=7.919 latency_ms=67.2009
[2026-08-17T22:18:51] SAMPLE t=93s phase=Recovery adaptation=without_ML throughput_gbps=7.7731 latency_ms=67.0086
[2026-08-17T22:18:52] SAMPLE t=94s phase=Recovery adaptation=without_ML throughput_gbps=7.7398 latency_ms=67.2094
[2026-08-17T22:18:53] SAMPLE t=95s phase=Recovery adaptation=without_ML throughput_gbps=7.9476 latency_ms=63.9859
[2026-08-17T22:18:54] SAMPLE t=96s phase=Recovery adaptation=without_ML throughput_gbps=7.6295 latency_ms=66.4397
[2026-08-17T22:18:55] SAMPLE t=97s phase=Recovery adaptation=without_ML throughput_gbps=8.1411 latency_ms=67.4887
[2026-08-17T22:18:56] SAMPLE t=98s phase=Recovery adaptation=without_ML throughput_gbps=7.6369 latency_ms=67.4587
[2026-08-17T22:18:57] SAMPLE t=99s phase=Recovery adaptation=without_ML throughput_gbps=8.1034 latency_ms=66.8646
[2026-08-17T22:17:18] TRACE_END run_id=137 status=OK
[2026-08-17T22:32:46] TRACE_START run_id=138
[2026-08-17T22:32:46] SAMPLE t=0s phase=Stable adaptation=with_ML throughput_gbps=7.8785 latency_ms=66.8442
[2026-08-17T22:32:47] SAMPLE t=1s phase=Stable adaptation=with_ML throughput_gbps=8.1184 latency_ms=67.086
[2026-08-17T22:32:48] SAMPLE t=2s phase=Stable adaptation=with_ML throughput_gbps=8.2234 latency_ms=66.9914
[2026-08-17T22:32:49] SAMPLE t=3s phase=Stable adaptation=with_ML throughput_gbps=8.3774 latency_ms=64.5706
[2026-08-17T22:32:50] SAMPLE t=4s phase=Stable adaptation=with_ML throughput_gbps=8.0255 latency_ms=66.5061
[2026-08-17T22:32:51] SAMPLE t=5s phase=Stable adaptation=with_ML throughput_gbps=7.8666 latency_ms=66.8395
[2026-08-17T22:32:52] SAMPLE t=6s phase=Stable adaptation=with_ML throughput_gbps=7.9783 latency_ms=66.9903
[2026-08-17T22:32:53] SAMPLE t=7s phase=Stable adaptation=with_ML throughput_gbps=8.3836 latency_ms=66.2476
[2026-08-17T22:32:54] SAMPLE t=8s phase=Stable adaptation=with_ML throughput_gbps=8.2776 latency_ms=67.3898
[2026-08-17T22:32:55] SAMPLE t=9s phase=Stable adaptation=with_ML throughput_gbps=7.787 latency_ms=66.5367
[2026-08-17T22:32:56] SAMPLE t=10s phase=Stable adaptation=with_ML throughput_gbps=7.917 latency_ms=65.5269
[2026-08-17T22:32:57] SAMPLE t=11s phase=Stable adaptation=with_ML throughput_gbps=7.9813 latency_ms=65.9956
[2026-08-17T22:32:58] SAMPLE t=12s phase=Stable adaptation=with_ML throughput_gbps=8.2893 latency_ms=65.8076
[2026-08-17T22:32:59] SAMPLE t=13s phase=Stable adaptation=with_ML throughput_gbps=8.1275 latency_ms=67.028
[2026-08-17T22:33:00] SAMPLE t=14s phase=Stable adaptation=with_ML throughput_gbps=8.0586 latency_ms=66.8321
[2026-08-17T22:33:01] SAMPLE t=15s phase=Stable adaptation=with_ML throughput_gbps=8.4292 latency_ms=66.5379
[2026-08-17T22:33:02] SAMPLE t=16s phase=Stable adaptation=with_ML throughput_gbps=7.9764 latency_ms=66.7015
[2026-08-17T22:33:03] SAMPLE t=17s phase=Stable adaptation=with_ML throughput_gbps=8.2307 latency_ms=65.7148
[2026-08-17T22:33:04] SAMPLE t=18s phase=Stable adaptation=with_ML throughput_gbps=8.1852 latency_ms=65.9175
[2026-08-17T22:33:05] SAMPLE t=19s phase=Stable adaptation=with_ML throughput_gbps=8.2336 latency_ms=65.3666
[2026-08-17T22:33:06] SAMPLE t=20s phase=Congestion adaptation=with_ML throughput_gbps=7.9492 latency_ms=65.8513
[2026-08-17T22:33:07] SAMPLE t=21s phase=Congestion adaptation=with_ML throughput_gbps=7.9262 latency_ms=67.936
[2026-08-17T22:33:08] SAMPLE t=22s phase=Congestion adaptation=with_ML throughput_gbps=8.1479 latency_ms=68.1007
[2026-08-17T22:33:09] SAMPLE t=23s phase=Congestion adaptation=with_ML throughput_gbps=8.0455 latency_ms=69.0834
[2026-08-17T22:33:10] SAMPLE t=24s phase=Congestion adaptation=with_ML throughput_gbps=7.9562 latency_ms=66.323
[2026-08-17T22:33:11] SAMPLE t=25s phase=Congestion adaptation=with_ML throughput_gbps=8.1914 latency_ms=65.9896
[2026-08-17T22:33:12] SAMPLE t=26s phase=Congestion adaptation=with_ML throughput_gbps=8.233 latency_ms=65.6886
[2026-08-17T22:33:13] SAMPLE t=27s phase=Congestion adaptation=with_ML throughput_gbps=7.8223 latency_ms=66.2144
[2026-08-17T22:33:14] SAMPLE t=28s phase=Congestion adaptation=with_ML throughput_gbps=8.1705 latency_ms=66.9352
[2026-08-17T22:33:15] SAMPLE t=29s phase=Congestion adaptation=with_ML throughput_gbps=8.0411 latency_ms=65.3819
[2026-08-17T22:33:16] SAMPLE t=30s phase=Congestion adaptation=with_ML throughput_gbps=7.9553 latency_ms=64.7817
[2026-08-17T22:33:17] SAMPLE t=31s phase=Congestion adaptation=with_ML throughput_gbps=8.3651 latency_ms=66.6841
[2026-08-17T22:33:18] SAMPLE t=32s phase=Congestion adaptation=with_ML throughput_gbps=8.4391 latency_ms=66.7006
[2026-08-17T22:33:19] SAMPLE t=33s phase=Congestion adaptation=with_ML throughput_gbps=8.0887 latency_ms=66.752
[2026-08-17T22:33:20] SAMPLE t=34s phase=Congestion adaptation=with_ML throughput_gbps=8.1818 latency_ms=66.4351
[2026-08-17T22:33:21] SAMPLE t=35s phase=Congestion adaptation=with_ML throughput_gbps=8.124 latency_ms=65.3573
[2026-08-17T22:33:22] SAMPLE t=36s phase=Congestion adaptation=with_ML throughput_gbps=8.1669 latency_ms=64.3388
[2026-08-17T22:33:23] SAMPLE t=37s phase=Congestion adaptation=with_ML throughput_gbps=7.8758 latency_ms=67.1799
[2026-08-17T22:33:24] SAMPLE t=38s phase=Congestion adaptation=with_ML throughput_gbps=8.0004 latency_ms=68.35
[2026-08-17T22:33:25] SAMPLE t=39s phase=Congestion adaptation=with_ML throughput_gbps=8.306 latency_ms=68.0213
[2026-08-17T22:33:26] SAMPLE t=40s phase=Path_change adaptation=with_ML throughput_gbps=7.6826 latency_ms=65.3956
[2026-08-17T22:33:27] SAMPLE t=41s phase=Path_change adaptation=with_ML throughput_gbps=7.9224 latency_ms=63.4736
[2026-08-17T22:33:28] SAMPLE t=42s phase=Path_change adaptation=with_ML throughput_gbps=7.878 latency_ms=65.17
[2026-08-17T22:33:29] SAMPLE t=43s phase=Path_change adaptation=with_ML throughput_gbps=7.7491 latency_ms=68.2253
[2026-08-17T22:33:30] SAMPLE t=44s phase=Path_change adaptation=with_ML throughput_gbps=7.6458 latency_ms=67.3842
[2026-08-17T22:33:31] SAMPLE t=45s phase=Path_change adaptation=with_ML throughput_gbps=7.5982 latency_ms=68.6349
[2026-08-17T22:33:32] SAMPLE t=46s phase=Path_change adaptation=with_ML throughput_gbps=6.9429 latency_ms=69.3165
[2026-08-17T22:33:33] SAMPLE t=47s phase=Path_change adaptation=with_ML throughput_gbps=7.5848 latency_ms=66.9934
[2026-08-17T22:33:34] SAMPLE t=48s phase=Path_change adaptation=with_ML throughput_gbps=7.2644 latency_ms=67.3055
[2026-08-17T22:33:35] SAMPLE t=49s phase=Path_change adaptation=with_ML throughput_gbps=7.2616 latency_ms=67.1305
[2026-08-17T22:33:36] SAMPLE t=50s phase=Path_change adaptation=with_ML throughput_gbps=6.9863 latency_ms=70.9065
[2026-08-17T22:33:37] SAMPLE t=51s phase=Path_change adaptation=with_ML throughput_gbps=7.1924 latency_ms=68.3739
[2026-08-17T22:33:38] SAMPLE t=52s phase=Path_change adaptation=with_ML throughput_gbps=7.3164 latency_ms=70.269
[2026-08-17T22:33:39] SAMPLE t=53s phase=Path_change adaptation=with_ML throughput_gbps=7.4231 latency_ms=67.7633
[2026-08-17T22:33:40] SAMPLE t=54s phase=Path_change adaptation=with_ML throughput_gbps=7.4472 latency_ms=67.2572
[2026-08-17T22:33:41] SAMPLE t=55s phase=Path_change adaptation=with_ML throughput_gbps=7.6545 latency_ms=67.333
[2026-08-17T22:33:42] SAMPLE t=56s phase=Path_change adaptation=with_ML throughput_gbps=7.8504 latency_ms=67.9345
[2026-08-17T22:33:43] SAMPLE t=57s phase=Path_change adaptation=with_ML throughput_gbps=7.5854 latency_ms=66.3919
[2026-08-17T22:33:44] SAMPLE t=58s phase=Path_change adaptation=with_ML throughput_gbps=8.0881 latency_ms=68.3538
[2026-08-17T22:33:45] SAMPLE t=59s phase=Path_change adaptation=with_ML throughput_gbps=7.7605 latency_ms=65.6728
[2026-08-17T22:33:46] SAMPLE t=60s phase=Loss_spike adaptation=with_ML throughput_gbps=7.2352 latency_ms=67.2315
[2026-08-17T22:33:47] SAMPLE t=61s phase=Loss_spike adaptation=with_ML throughput_gbps=8.5941 latency_ms=68.799
[2026-08-17T22:33:48] SAMPLE t=62s phase=Loss_spike adaptation=with_ML throughput_gbps=8.0791 latency_ms=70.1608
[2026-08-17T22:33:49] SAMPLE t=63s phase=Loss_spike adaptation=with_ML throughput_gbps=6.6165 latency_ms=69.9387
[2026-08-17T22:33:50] SAMPLE t=64s phase=Loss_spike adaptation=with_ML throughput_gbps=6.0642 latency_ms=70.5411
[2026-08-17T22:33:51] SAMPLE t=65s phase=Loss_spike adaptation=with_ML throughput_gbps=7.345 latency_ms=68.0151
[2026-08-17T22:33:52] SAMPLE t=66s phase=Loss_spike adaptation=with_ML throughput_gbps=8.43 latency_ms=73.3768
[2026-08-17T22:33:53] SAMPLE t=67s phase=Loss_spike adaptation=with_ML throughput_gbps=7.8558 latency_ms=70.6464
[2026-08-17T22:33:54] SAMPLE t=68s phase=Loss_spike adaptation=with_ML throughput_gbps=6.4519 latency_ms=71.8897
[2026-08-17T22:33:55] SAMPLE t=69s phase=Loss_spike adaptation=with_ML throughput_gbps=6.3627 latency_ms=69.9171
[2026-08-17T22:33:56] SAMPLE t=70s phase=Loss_spike adaptation=with_ML throughput_gbps=7.1412 latency_ms=68.3722
[2026-08-17T22:33:57] SAMPLE t=71s phase=Loss_spike adaptation=with_ML throughput_gbps=8.8716 latency_ms=70.8482
[2026-08-17T22:33:58] SAMPLE t=72s phase=Loss_spike adaptation=with_ML throughput_gbps=7.7998 latency_ms=71.0977
[2026-08-17T22:33:59] SAMPLE t=73s phase=Loss_spike adaptation=with_ML throughput_gbps=6.5804 latency_ms=68.8745
[2026-08-17T22:34:00] SAMPLE t=74s phase=Loss_spike adaptation=with_ML throughput_gbps=6.4366 latency_ms=70.9112
[2026-08-17T22:34:01] SAMPLE t=75s phase=Loss_spike adaptation=with_ML throughput_gbps=7.2221 latency_ms=68.8085
[2026-08-17T22:34:02] SAMPLE t=76s phase=Loss_spike adaptation=with_ML throughput_gbps=8.305 latency_ms=72.4163
[2026-08-17T22:34:03] SAMPLE t=77s phase=Loss_spike adaptation=with_ML throughput_gbps=7.9257 latency_ms=69.5556
[2026-08-17T22:34:04] SAMPLE t=78s phase=Loss_spike adaptation=with_ML throughput_gbps=6.728 latency_ms=70.7299
[2026-08-17T22:34:05] SAMPLE t=79s phase=Loss_spike adaptation=with_ML throughput_gbps=6.1609 latency_ms=71.2151
[2026-08-17T22:34:06] SAMPLE t=80s phase=Recovery adaptation=with_ML throughput_gbps=7.9972 latency_ms=65.8159
[2026-08-17T22:34:07] SAMPLE t=81s phase=Recovery adaptation=with_ML throughput_gbps=8.1774 latency_ms=67.5979
[2026-08-17T22:34:08] SAMPLE t=82s phase=Recovery adaptation=with_ML throughput_gbps=8.5877 latency_ms=65.1851
[2026-08-17T22:34:09] SAMPLE t=83s phase=Recovery adaptation=with_ML throughput_gbps=8.2159 latency_ms=68.1726
[2026-08-17T22:34:10] SAMPLE t=84s phase=Recovery adaptation=with_ML throughput_gbps=8.356 latency_ms=63.9251
[2026-08-17T22:34:11] SAMPLE t=85s phase=Recovery adaptation=with_ML throughput_gbps=8.6562 latency_ms=66.4092
[2026-08-17T22:34:12] SAMPLE t=86s phase=Recovery adaptation=with_ML throughput_gbps=8.2181 latency_ms=65.7635
[2026-08-17T22:34:13] SAMPLE t=87s phase=Recovery adaptation=with_ML throughput_gbps=8.199 latency_ms=63.973
[2026-08-17T22:34:14] SAMPLE t=88s phase=Recovery adaptation=with_ML throughput_gbps=7.8166 latency_ms=67.1454
[2026-08-17T22:34:15] SAMPLE t=89s phase=Recovery adaptation=with_ML throughput_gbps=8.4628 latency_ms=63.4002
[2026-08-17T22:34:16] SAMPLE t=90s phase=Recovery adaptation=with_ML throughput_gbps=8.0986 latency_ms=63.5813
[2026-08-17T22:34:17] SAMPLE t=91s phase=Recovery adaptation=with_ML throughput_gbps=8.1454 latency_ms=64.3987
[2026-08-17T22:34:18] SAMPLE t=92s phase=Recovery adaptation=with_ML throughput_gbps=8.3457 latency_ms=64.5139
[2026-08-17T22:34:19] SAMPLE t=93s phase=Recovery adaptation=with_ML throughput_gbps=8.4722 latency_ms=66.027
[2026-08-17T22:34:20] SAMPLE t=94s phase=Recovery adaptation=with_ML throughput_gbps=8.4883 latency_ms=65.6557
[2026-08-17T22:34:21] SAMPLE t=95s phase=Recovery adaptation=with_ML throughput_gbps=8.1907 latency_ms=66.9614
[2026-08-17T22:34:22] SAMPLE t=96s phase=Recovery adaptation=with_ML throughput_gbps=8.2458 latency_ms=66.2194
[2026-08-17T22:34:23] SAMPLE t=97s phase=Recovery adaptation=with_ML throughput_gbps=8.4372 latency_ms=65.6885
[2026-08-17T22:34:24] SAMPLE t=98s phase=Recovery adaptation=with_ML throughput_gbps=8.7082 latency_ms=66.904
[2026-08-17T22:34:25] SAMPLE t=99s phase=Recovery adaptation=with_ML throughput_gbps=8.3892 latency_ms=64.6658
[2026-08-17T22:32:46] SAMPLE t=0s phase=Stable adaptation=without_ML throughput_gbps=7.8987 latency_ms=64.7852
[2026-08-17T22:32:47] SAMPLE t=1s phase=Stable adaptation=without_ML throughput_gbps=8.4547 latency_ms=66.9425
[2026-08-17T22:32:48] SAMPLE t=2s phase=Stable adaptation=without_ML throughput_gbps=7.999 latency_ms=66.4821
[2026-08-17T22:32:49] SAMPLE t=3s phase=Stable adaptation=without_ML throughput_gbps=7.7276 latency_ms=66.6691
[2026-08-17T22:32:50] SAMPLE t=4s phase=Stable adaptation=without_ML throughput_gbps=8.4945 latency_ms=63.8825
[2026-08-17T22:32:51] SAMPLE t=5s phase=Stable adaptation=without_ML throughput_gbps=7.613 latency_ms=64.4677
[2026-08-17T22:32:52] SAMPLE t=6s phase=Stable adaptation=without_ML throughput_gbps=8.1124 latency_ms=66.4759
[2026-08-17T22:32:53] SAMPLE t=7s phase=Stable adaptation=without_ML throughput_gbps=7.8941 latency_ms=65.4983
[2026-08-17T22:32:54] SAMPLE t=8s phase=Stable adaptation=without_ML throughput_gbps=8.039 latency_ms=66.7242
[2026-08-17T22:32:55] SAMPLE t=9s phase=Stable adaptation=without_ML throughput_gbps=7.8249 latency_ms=64.6443
[2026-08-17T22:32:56] SAMPLE t=10s phase=Stable adaptation=without_ML throughput_gbps=7.9956 latency_ms=64.4047
[2026-08-17T22:32:57] SAMPLE t=11s phase=Stable adaptation=without_ML throughput_gbps=7.6282 latency_ms=67.4617
[2026-08-17T22:32:58] SAMPLE t=12s phase=Stable adaptation=without_ML throughput_gbps=8.4158 latency_ms=64.735
[2026-08-17T22:32:59] SAMPLE t=13s phase=Stable adaptation=without_ML throughput_gbps=7.7616 latency_ms=66.1185
[2026-08-17T22:33:00] SAMPLE t=14s phase=Stable adaptation=without_ML throughput_gbps=8.0418 latency_ms=65.4445
[2026-08-17T22:33:01] SAMPLE t=15s phase=Stable adaptation=without_ML throughput_gbps=8.4712 latency_ms=65.8538
[2026-08-17T22:33:02] SAMPLE t=16s phase=Stable adaptation=without_ML throughput_gbps=7.6271 latency_ms=66.644
[2026-08-17T22:33:03] SAMPLE t=17s phase=Stable adaptation=without_ML throughput_gbps=8.1323 latency_ms=65.4988
[2026-08-17T22:33:04] SAMPLE t=18s phase=Stable adaptation=without_ML throughput_gbps=8.1467 latency_ms=65.0357
[2026-08-17T22:33:05] SAMPLE t=19s phase=Stable adaptation=without_ML throughput_gbps=7.8946 latency_ms=66.5097
[2026-08-17T22:33:06] SAMPLE t=20s phase=Congestion adaptation=without_ML throughput_gbps=8.3396 latency_ms=68.2149
[2026-08-17T22:33:07] SAMPLE t=21s phase=Congestion adaptation=without_ML throughput_gbps=8.1186 latency_ms=66.317
[2026-08-17T22:33:08] SAMPLE t=22s phase=Congestion adaptation=without_ML throughput_gbps=7.6798 latency_ms=65.349
[2026-08-17T22:33:09] SAMPLE t=23s phase=Congestion adaptation=without_ML throughput_gbps=7.912 latency_ms=65.8167
[2026-08-17T22:33:10] SAMPLE t=24s phase=Congestion adaptation=without_ML throughput_gbps=7.9983 latency_ms=65.4575
[2026-08-17T22:33:11] SAMPLE t=25s phase=Congestion adaptation=without_ML throughput_gbps=7.679 latency_ms=65.1781
[2026-08-17T22:33:12] SAMPLE t=26s phase=Congestion adaptation=without_ML throughput_gbps=7.7419 latency_ms=65.3891
[2026-08-17T22:33:13] SAMPLE t=27s phase=Congestion adaptation=without_ML throughput_gbps=8.3089 latency_ms=66.5426
[2026-08-17T22:33:14] SAMPLE t=28s phase=Congestion adaptation=without_ML throughput_gbps=8.4756 latency_ms=68.915
[2026-08-17T22:33:15] SAMPLE t=29s phase=Congestion adaptation=without_ML throughput_gbps=8.1176 latency_ms=64.144
[2026-08-17T22:33:16] SAMPLE t=30s phase=Congestion adaptation=without_ML throughput_gbps=8.0157 latency_ms=68.1691
[2026-08-17T22:33:17] SAMPLE t=31s phase=Congestion adaptation=without_ML throughput_gbps=7.9552 latency_ms=64.0129
[2026-08-17T22:33:18] SAMPLE t=32s phase=Congestion adaptation=without_ML throughput_gbps=7.8619 latency_ms=65.9599
[2026-08-17T22:33:19] SAMPLE t=33s phase=Congestion adaptation=without_ML throughput_gbps=8.0141 latency_ms=65.9602
[2026-08-17T22:33:20] SAMPLE t=34s phase=Congestion adaptation=without_ML throughput_gbps=7.7984 latency_ms=65.3988
[2026-08-17T22:33:21] SAMPLE t=35s phase=Congestion adaptation=without_ML throughput_gbps=7.7993 latency_ms=65.7013
[2026-08-17T22:33:22] SAMPLE t=36s phase=Congestion adaptation=without_ML throughput_gbps=8.2099 latency_ms=63.352
[2026-08-17T22:33:23] SAMPLE t=37s phase=Congestion adaptation=without_ML throughput_gbps=7.2951 latency_ms=66.3958
[2026-08-17T22:33:24] SAMPLE t=38s phase=Congestion adaptation=without_ML throughput_gbps=7.4056 latency_ms=66.5943
[2026-08-17T22:33:25] SAMPLE t=39s phase=Congestion adaptation=without_ML throughput_gbps=7.8991 latency_ms=65.3692
[2026-08-17T22:33:26] SAMPLE t=40s phase=Path_change adaptation=without_ML throughput_gbps=7.8137 latency_ms=65.7833
[2026-08-17T22:33:27] SAMPLE t=41s phase=Path_change adaptation=without_ML throughput_gbps=7.7372 latency_ms=65.7845
[2026-08-17T22:33:28] SAMPLE t=42s phase=Path_change adaptation=without_ML throughput_gbps=7.0297 latency_ms=69.505
[2026-08-17T22:33:29] SAMPLE t=43s phase=Path_change adaptation=without_ML throughput_gbps=6.9193 latency_ms=69.9784
[2026-08-17T22:33:30] SAMPLE t=44s phase=Path_change adaptation=without_ML throughput_gbps=6.7773 latency_ms=68.2079
[2026-08-17T22:33:31] SAMPLE t=45s phase=Path_change adaptation=without_ML throughput_gbps=6.3403 latency_ms=71.9802
[2026-08-17T22:33:32] SAMPLE t=46s phase=Path_change adaptation=without_ML throughput_gbps=6.1089 latency_ms=70.1893
[2026-08-17T22:33:33] SAMPLE t=47s phase=Path_change adaptation=without_ML throughput_gbps=5.9618 latency_ms=71.5947
[2026-08-17T22:33:34] SAMPLE t=48s phase=Path_change adaptation=without_ML throughput_gbps=5.9412 latency_ms=70.9916
[2026-08-17T22:33:35] SAMPLE t=49s phase=Path_change adaptation=without_ML throughput_gbps=5.6159 latency_ms=73.2261
[2026-08-17T22:33:36] SAMPLE t=50s phase=Path_change adaptation=without_ML throughput_gbps=5.5662 latency_ms=72.5211
[2026-08-17T22:33:37] SAMPLE t=51s phase=Path_change adaptation=without_ML throughput_gbps=5.9015 latency_ms=72.9839
[2026-08-17T22:33:38] SAMPLE t=52s phase=Path_change adaptation=without_ML throughput_gbps=6.1048 latency_ms=72.3635
[2026-08-17T22:33:39] SAMPLE t=53s phase=Path_change adaptation=without_ML throughput_gbps=5.8362 latency_ms=73.1237
[2026-08-17T22:33:40] SAMPLE t=54s phase=Path_change adaptation=without_ML throughput_gbps=6.0988 latency_ms=68.5184
[2026-08-17T22:33:41] SAMPLE t=55s phase=Path_change adaptation=without_ML throughput_gbps=6.3862 latency_ms=69.1098
[2026-08-17T22:33:42] SAMPLE t=56s phase=Path_change adaptation=without_ML throughput_gbps=6.7209 latency_ms=73.8246
[2026-08-17T22:33:43] SAMPLE t=57s phase=Path_change adaptation=without_ML throughput_gbps=6.9593 latency_ms=69.317
[2026-08-17T22:33:44] SAMPLE t=58s phase=Path_change adaptation=without_ML throughput_gbps=7.4343 latency_ms=66.7178
[2026-08-17T22:33:45] SAMPLE t=59s phase=Path_change adaptation=without_ML throughput_gbps=7.8628 latency_ms=67.8753
[2026-08-17T22:33:46] SAMPLE t=60s phase=Loss_spike adaptation=without_ML throughput_gbps=6.0598 latency_ms=71.247
[2026-08-17T22:33:47] SAMPLE t=61s phase=Loss_spike adaptation=without_ML throughput_gbps=8.4759 latency_ms=79.0022
[2026-08-17T22:33:48] SAMPLE t=62s phase=Loss_spike adaptation=without_ML throughput_gbps=7.0225 latency_ms=75.5615
[2026-08-17T22:33:49] SAMPLE t=63s phase=Loss_spike adaptation=without_ML throughput_gbps=5.1183 latency_ms=76.1276
[2026-08-17T22:33:50] SAMPLE t=64s phase=Loss_spike adaptation=without_ML throughput_gbps=4.0515 latency_ms=79.0359
[2026-08-17T22:33:51] SAMPLE t=65s phase=Loss_spike adaptation=without_ML throughput_gbps=6.1827 latency_ms=69.267
[2026-08-17T22:33:52] SAMPLE t=66s phase=Loss_spike adaptation=without_ML throughput_gbps=8.1391 latency_ms=79.2911
[2026-08-17T22:33:53] SAMPLE t=67s phase=Loss_spike adaptation=without_ML throughput_gbps=7.8599 latency_ms=76.808
[2026-08-17T22:33:54] SAMPLE t=68s phase=Loss_spike adaptation=without_ML throughput_gbps=4.9851 latency_ms=77.884
[2026-08-17T22:33:55] SAMPLE t=69s phase=Loss_spike adaptation=without_ML throughput_gbps=3.8403 latency_ms=79.2105
[2026-08-17T22:33:56] SAMPLE t=70s phase=Loss_spike adaptation=without_ML throughput_gbps=6.1142 latency_ms=69.2156
[2026-08-17T22:33:57] SAMPLE t=71s phase=Loss_spike adaptation=without_ML throughput_gbps=8.8404 latency_ms=79.7963
[2026-08-17T22:33:58] SAMPLE t=72s phase=Loss_spike adaptation=without_ML throughput_gbps=7.5341 latency_ms=75.5036
[2026-08-17T22:33:59] SAMPLE t=73s phase=Loss_spike adaptation=without_ML throughput_gbps=4.7293 latency_ms=76.2807
[2026-08-17T22:34:00] SAMPLE t=74s phase=Loss_spike adaptation=without_ML throughput_gbps=3.931 latency_ms=77.8765
[2026-08-17T22:34:01] SAMPLE t=75s phase=Loss_spike adaptation=without_ML throughput_gbps=6.3717 latency_ms=68.6767
[2026-08-17T22:34:02] SAMPLE t=76s phase=Loss_spike adaptation=without_ML throughput_gbps=8.1454 latency_ms=79.777
[2026-08-17T22:34:03] SAMPLE t=77s phase=Loss_spike adaptation=without_ML throughput_gbps=7.1951 latency_ms=73.1085
[2026-08-17T22:34:04] SAMPLE t=78s phase=Loss_spike adaptation=without_ML throughput_gbps=5.0301 latency_ms=73.8625
[2026-08-17T22:34:05] SAMPLE t=79s phase=Loss_spike adaptation=without_ML throughput_gbps=4.0306 latency_ms=80.9435
[2026-08-17T22:34:06] SAMPLE t=80s phase=Recovery adaptation=without_ML throughput_gbps=7.7786 latency_ms=69.9977
[2026-08-17T22:34:07] SAMPLE t=81s phase=Recovery adaptation=without_ML throughput_gbps=8.3964 latency_ms=66.5774
[2026-08-17T22:34:08] SAMPLE t=82s phase=Recovery adaptation=without_ML throughput_gbps=7.9935 latency_ms=63.5245
[2026-08-17T22:34:09] SAMPLE t=83s phase=Recovery adaptation=without_ML throughput_gbps=8.2742 latency_ms=68.68
[2026-08-17T22:34:10] SAMPLE t=84s phase=Recovery adaptation=without_ML throughput_gbps=8.2773 latency_ms=66.8517
[2026-08-17T22:34:11] SAMPLE t=85s phase=Recovery adaptation=without_ML throughput_gbps=7.8519 latency_ms=67.2617
[2026-08-17T22:34:12] SAMPLE t=86s phase=Recovery adaptation=without_ML throughput_gbps=7.6102 latency_ms=67.3469
[2026-08-17T22:34:13] SAMPLE t=87s phase=Recovery adaptation=without_ML throughput_gbps=7.9442 latency_ms=68.3412
[2026-08-17T22:34:14] SAMPLE t=88s phase=Recovery adaptation=without_ML throughput_gbps=7.6897 latency_ms=63.67
[2026-08-17T22:34:15] SAMPLE t=89s phase=Recovery adaptation=without_ML throughput_gbps=8.416 latency_ms=65.7849
[2026-08-17T22:34:16] SAMPLE t=90s phase=Recovery adaptation=without_ML throughput_gbps=8.4731 latency_ms=65.7589
[2026-08-17T22:34:17] SAMPLE t=91s phase=Recovery adaptation=without_ML throughput_gbps=8.1831 latency_ms=65.752
[2026-08-17T22:34:18] SAMPLE t=92s phase=Recovery adaptation=without_ML throughput_gbps=8.0494 latency_ms=64.2147
[2026-08-17T22:34:19] SAMPLE t=93s phase=Recovery adaptation=without_ML throughput_gbps=7.8684 latency_ms=64.6805
[2026-08-17T22:34:20] SAMPLE t=94s phase=Recovery adaptation=without_ML throughput_gbps=8.0546 latency_ms=65.6546
[2026-08-17T22:34:21] SAMPLE t=95s phase=Recovery adaptation=without_ML throughput_gbps=7.9378 latency_ms=64.9153
[2026-08-17T22:34:22] SAMPLE t=96s phase=Recovery adaptation=without_ML throughput_gbps=8.3479 latency_ms=69.1052
[2026-08-17T22:34:23] SAMPLE t=97s phase=Recovery adaptation=without_ML throughput_gbps=7.5753 latency_ms=66.6193
[2026-08-17T22:34:24] SAMPLE t=98s phase=Recovery adaptation=without_ML throughput_gbps=8.33 latency_ms=67.8348
[2026-08-17T22:34:25] SAMPLE t=99s phase=Recovery adaptation=without_ML throughput_gbps=8.1027 latency_ms=66.499
[2026-08-17T22:32:46] TRACE_END run_id=138 status=OK
[2026-08-17T22:42:53] TRACE_START run_id=139
[2026-08-17T22:42:53] SAMPLE t=0s phase=Stable adaptation=with_ML throughput_gbps=7.6919 latency_ms=65.268
[2026-08-17T22:42:54] SAMPLE t=1s phase=Stable adaptation=with_ML throughput_gbps=8.0192 latency_ms=68.8918
[2026-08-17T22:42:55] SAMPLE t=2s phase=Stable adaptation=with_ML throughput_gbps=8.0464 latency_ms=68.1334
[2026-08-17T22:42:56] SAMPLE t=3s phase=Stable adaptation=with_ML throughput_gbps=7.8974 latency_ms=66.944
[2026-08-17T22:42:57] SAMPLE t=4s phase=Stable adaptation=with_ML throughput_gbps=8.2308 latency_ms=65.375
[2026-08-17T22:42:58] SAMPLE t=5s phase=Stable adaptation=with_ML throughput_gbps=7.9871 latency_ms=64.989
[2026-08-17T22:42:59] SAMPLE t=6s phase=Stable adaptation=with_ML throughput_gbps=8.0979 latency_ms=64.6431
[2026-08-17T22:43:00] SAMPLE t=7s phase=Stable adaptation=with_ML throughput_gbps=8.2912 latency_ms=66.6625
[2026-08-17T22:43:01] SAMPLE t=8s phase=Stable adaptation=with_ML throughput_gbps=7.9801 latency_ms=65.2814
[2026-08-17T22:43:02] SAMPLE t=9s phase=Stable adaptation=with_ML throughput_gbps=8.1679 latency_ms=65.7983
[2026-08-17T22:43:03] SAMPLE t=10s phase=Stable adaptation=with_ML throughput_gbps=8.0304 latency_ms=67.1961
[2026-08-17T22:43:04] SAMPLE t=11s phase=Stable adaptation=with_ML throughput_gbps=8.2492 latency_ms=66.1622
[2026-08-17T22:43:05] SAMPLE t=12s phase=Stable adaptation=with_ML throughput_gbps=7.8664 latency_ms=66.0869
[2026-08-17T22:43:06] SAMPLE t=13s phase=Stable adaptation=with_ML throughput_gbps=8.1202 latency_ms=66.9963
[2026-08-17T22:43:07] SAMPLE t=14s phase=Stable adaptation=with_ML throughput_gbps=8.0939 latency_ms=66.7363
[2026-08-17T22:43:08] SAMPLE t=15s phase=Stable adaptation=with_ML throughput_gbps=8.0901 latency_ms=67.738
[2026-08-17T22:43:09] SAMPLE t=16s phase=Stable adaptation=with_ML throughput_gbps=7.9792 latency_ms=67.0354
[2026-08-17T22:43:10] SAMPLE t=17s phase=Stable adaptation=with_ML throughput_gbps=8.0559 latency_ms=68.7696
[2026-08-17T22:43:11] SAMPLE t=18s phase=Stable adaptation=with_ML throughput_gbps=8.3575 latency_ms=68.0897
[2026-08-17T22:43:12] SAMPLE t=19s phase=Stable adaptation=with_ML throughput_gbps=8.168 latency_ms=65.637
[2026-08-17T22:43:13] SAMPLE t=20s phase=Congestion adaptation=with_ML throughput_gbps=7.7085 latency_ms=62.3693
[2026-08-17T22:43:14] SAMPLE t=21s phase=Congestion adaptation=with_ML throughput_gbps=8.5122 latency_ms=64.7585
[2026-08-17T22:43:15] SAMPLE t=22s phase=Congestion adaptation=with_ML throughput_gbps=8.4651 latency_ms=66.8426
[2026-08-17T22:43:16] SAMPLE t=23s phase=Congestion adaptation=with_ML throughput_gbps=8.4025 latency_ms=67.7982
[2026-08-17T22:43:17] SAMPLE t=24s phase=Congestion adaptation=with_ML throughput_gbps=8.1474 latency_ms=67.462
[2026-08-17T22:43:18] SAMPLE t=25s phase=Congestion adaptation=with_ML throughput_gbps=7.6201 latency_ms=66.7252
[2026-08-17T22:43:19] SAMPLE t=26s phase=Congestion adaptation=with_ML throughput_gbps=8.1778 latency_ms=66.4675
[2026-08-17T22:43:20] SAMPLE t=27s phase=Congestion adaptation=with_ML throughput_gbps=8.2787 latency_ms=67.249
[2026-08-17T22:43:21] SAMPLE t=28s phase=Congestion adaptation=with_ML throughput_gbps=8.1413 latency_ms=66.4123
[2026-08-17T22:43:22] SAMPLE t=29s phase=Congestion adaptation=with_ML throughput_gbps=8.0525 latency_ms=64.9861
[2026-08-17T22:43:23] SAMPLE t=30s phase=Congestion adaptation=with_ML throughput_gbps=7.8878 latency_ms=67.5279
[2026-08-17T22:43:24] SAMPLE t=31s phase=Congestion adaptation=with_ML throughput_gbps=8.4715 latency_ms=66.2622
[2026-08-17T22:43:25] SAMPLE t=32s phase=Congestion adaptation=with_ML throughput_gbps=8.2252 latency_ms=66.4709
[2026-08-17T22:43:26] SAMPLE t=33s phase=Congestion adaptation=with_ML throughput_gbps=7.9425 latency_ms=66.6604
[2026-08-17T22:43:27] SAMPLE t=34s phase=Congestion adaptation=with_ML throughput_gbps=8.2929 latency_ms=70.5243
[2026-08-17T22:43:28] SAMPLE t=35s phase=Congestion adaptation=with_ML throughput_gbps=8.0326 latency_ms=65.7963
[2026-08-17T22:43:29] SAMPLE t=36s phase=Congestion adaptation=with_ML throughput_gbps=8.3262 latency_ms=65.6474
[2026-08-17T22:43:30] SAMPLE t=37s phase=Congestion adaptation=with_ML throughput_gbps=8.1422 latency_ms=66.4945
[2026-08-17T22:43:31] SAMPLE t=38s phase=Congestion adaptation=with_ML throughput_gbps=7.9972 latency_ms=66.1248
[2026-08-17T22:43:32] SAMPLE t=39s phase=Congestion adaptation=with_ML throughput_gbps=8.011 latency_ms=66.7254
[2026-08-17T22:43:33] SAMPLE t=40s phase=Path_change adaptation=with_ML throughput_gbps=8.4986 latency_ms=68.0833
[2026-08-17T22:43:34] SAMPLE t=41s phase=Path_change adaptation=with_ML throughput_gbps=8.0601 latency_ms=63.2092
[2026-08-17T22:43:35] SAMPLE t=42s phase=Path_change adaptation=with_ML throughput_gbps=8.0027 latency_ms=66.8535
[2026-08-17T22:43:36] SAMPLE t=43s phase=Path_change adaptation=with_ML throughput_gbps=7.6285 latency_ms=66.5068
[2026-08-17T22:43:37] SAMPLE t=44s phase=Path_change adaptation=with_ML throughput_gbps=7.6449 latency_ms=66.0328
[2026-08-17T22:43:38] SAMPLE t=45s phase=Path_change adaptation=with_ML throughput_gbps=7.5455 latency_ms=70.536
[2026-08-17T22:43:39] SAMPLE t=46s phase=Path_change adaptation=with_ML throughput_gbps=7.6611 latency_ms=66.7317
[2026-08-17T22:43:40] SAMPLE t=47s phase=Path_change adaptation=with_ML throughput_gbps=7.6222 latency_ms=66.662
[2026-08-17T22:43:41] SAMPLE t=48s phase=Path_change adaptation=with_ML throughput_gbps=7.4981 latency_ms=66.3743
[2026-08-17T22:43:42] SAMPLE t=49s phase=Path_change adaptation=with_ML throughput_gbps=7.0646 latency_ms=68.5543
[2026-08-17T22:43:43] SAMPLE t=50s phase=Path_change adaptation=with_ML throughput_gbps=6.8845 latency_ms=67.7071
[2026-08-17T22:43:44] SAMPLE t=51s phase=Path_change adaptation=with_ML throughput_gbps=7.33 latency_ms=68.6797
[2026-08-17T22:43:45] SAMPLE t=52s phase=Path_change adaptation=with_ML throughput_gbps=7.2283 latency_ms=68.3544
[2026-08-17T22:43:46] SAMPLE t=53s phase=Path_change adaptation=with_ML throughput_gbps=7.3885 latency_ms=68.6406
[2026-08-17T22:43:47] SAMPLE t=54s phase=Path_change adaptation=with_ML throughput_gbps=7.4503 latency_ms=66.8411
[2026-08-17T22:43:48] SAMPLE t=55s phase=Path_change adaptation=with_ML throughput_gbps=7.5079 latency_ms=69.5026
[2026-08-17T22:43:49] SAMPLE t=56s phase=Path_change adaptation=with_ML throughput_gbps=7.7505 latency_ms=66.4369
[2026-08-17T22:43:50] SAMPLE t=57s phase=Path_change adaptation=with_ML throughput_gbps=7.7039 latency_ms=67.0192
[2026-08-17T22:43:51] SAMPLE t=58s phase=Path_change adaptation=with_ML throughput_gbps=7.5523 latency_ms=68.9466
[2026-08-17T22:43:52] SAMPLE t=59s phase=Path_change adaptation=with_ML throughput_gbps=7.8956 latency_ms=67.002
[2026-08-17T22:43:53] SAMPLE t=60s phase=Loss_spike adaptation=with_ML throughput_gbps=7.2264 latency_ms=67.0593
[2026-08-17T22:43:54] SAMPLE t=61s phase=Loss_spike adaptation=with_ML throughput_gbps=8.0355 latency_ms=73.0539
[2026-08-17T22:43:55] SAMPLE t=62s phase=Loss_spike adaptation=with_ML throughput_gbps=8.1556 latency_ms=69.9113
[2026-08-17T22:43:56] SAMPLE t=63s phase=Loss_spike adaptation=with_ML throughput_gbps=6.5441 latency_ms=70.1558
[2026-08-17T22:43:57] SAMPLE t=64s phase=Loss_spike adaptation=with_ML throughput_gbps=6.3558 latency_ms=73.1398
[2026-08-17T22:43:58] SAMPLE t=65s phase=Loss_spike adaptation=with_ML throughput_gbps=7.9934 latency_ms=69.4174
[2026-08-17T22:43:59] SAMPLE t=66s phase=Loss_spike adaptation=with_ML throughput_gbps=8.4882 latency_ms=68.6813
[2026-08-17T22:44:00] SAMPLE t=67s phase=Loss_spike adaptation=with_ML throughput_gbps=7.911 latency_ms=69.0429
[2026-08-17T22:44:01] SAMPLE t=68s phase=Loss_spike adaptation=with_ML throughput_gbps=6.7432 latency_ms=71.4341
[2026-08-17T22:44:02] SAMPLE t=69s phase=Loss_spike adaptation=with_ML throughput_gbps=6.2573 latency_ms=69.0452
[2026-08-17T22:44:03] SAMPLE t=70s phase=Loss_spike adaptation=with_ML throughput_gbps=7.3415 latency_ms=66.742
[2026-08-17T22:44:04] SAMPLE t=71s phase=Loss_spike adaptation=with_ML throughput_gbps=8.2509 latency_ms=72.0256
[2026-08-17T22:44:05] SAMPLE t=72s phase=Loss_spike adaptation=with_ML throughput_gbps=7.9308 latency_ms=69.1769
[2026-08-17T22:44:06] SAMPLE t=73s phase=Loss_spike adaptation=with_ML throughput_gbps=6.6084 latency_ms=71.9041
[2026-08-17T22:44:07] SAMPLE t=74s phase=Loss_spike adaptation=with_ML throughput_gbps=6.1663 latency_ms=70.2203
[2026-08-17T22:44:08] SAMPLE t=75s phase=Loss_spike adaptation=with_ML throughput_gbps=7.1299 latency_ms=67.8896
[2026-08-17T22:44:09] SAMPLE t=76s phase=Loss_spike adaptation=with_ML throughput_gbps=8.7696 latency_ms=70.6928
[2026-08-17T22:44:10] SAMPLE t=77s phase=Loss_spike adaptation=with_ML throughput_gbps=7.5661 latency_ms=70.6578
[2026-08-17T22:44:11] SAMPLE t=78s phase=Loss_spike adaptation=with_ML throughput_gbps=6.4476 latency_ms=70.4957
[2026-08-17T22:44:12] SAMPLE t=79s phase=Loss_spike adaptation=with_ML throughput_gbps=6.0851 latency_ms=71.1934
[2026-08-17T22:44:13] SAMPLE t=80s phase=Recovery adaptation=with_ML throughput_gbps=8.236 latency_ms=67.6976
[2026-08-17T22:44:14] SAMPLE t=81s phase=Recovery adaptation=with_ML throughput_gbps=8.1257 latency_ms=64.3345
[2026-08-17T22:44:15] SAMPLE t=82s phase=Recovery adaptation=with_ML throughput_gbps=7.7534 latency_ms=63.3914
[2026-08-17T22:44:16] SAMPLE t=83s phase=Recovery adaptation=with_ML throughput_gbps=8.0311 latency_ms=67.5263
[2026-08-17T22:44:17] SAMPLE t=84s phase=Recovery adaptation=with_ML throughput_gbps=8.1484 latency_ms=63.9113
[2026-08-17T22:44:18] SAMPLE t=85s phase=Recovery adaptation=with_ML throughput_gbps=8.4275 latency_ms=66.1516
[2026-08-17T22:44:19] SAMPLE t=86s phase=Recovery adaptation=with_ML throughput_gbps=8.2628 latency_ms=65.1853
[2026-08-17T22:44:20] SAMPLE t=87s phase=Recovery adaptation=with_ML throughput_gbps=8.1239 latency_ms=67.0849
[2026-08-17T22:44:21] SAMPLE t=88s phase=Recovery adaptation=with_ML throughput_gbps=8.1517 latency_ms=64.9233
[2026-08-17T22:44:22] SAMPLE t=89s phase=Recovery adaptation=with_ML throughput_gbps=8.113 latency_ms=64.9279
[2026-08-17T22:44:23] SAMPLE t=90s phase=Recovery adaptation=with_ML throughput_gbps=7.9568 latency_ms=66.6934
[2026-08-17T22:44:24] SAMPLE t=91s phase=Recovery adaptation=with_ML throughput_gbps=8.1724 latency_ms=66.8083
[2026-08-17T22:44:25] SAMPLE t=92s phase=Recovery adaptation=with_ML throughput_gbps=8.125 latency_ms=66.8196
[2026-08-17T22:44:26] SAMPLE t=93s phase=Recovery adaptation=with_ML throughput_gbps=8.5637 latency_ms=66.6534
[2026-08-17T22:44:27] SAMPLE t=94s phase=Recovery adaptation=with_ML throughput_gbps=8.2765 latency_ms=66.6006
[2026-08-17T22:44:28] SAMPLE t=95s phase=Recovery adaptation=with_ML throughput_gbps=8.5025 latency_ms=66.9896
[2026-08-17T22:44:29] SAMPLE t=96s phase=Recovery adaptation=with_ML throughput_gbps=8.8031 latency_ms=67.0388
[2026-08-17T22:44:30] SAMPLE t=97s phase=Recovery adaptation=with_ML throughput_gbps=8.2637 latency_ms=64.9117
[2026-08-17T22:44:31] SAMPLE t=98s phase=Recovery adaptation=with_ML throughput_gbps=8.1776 latency_ms=66.3473
[2026-08-17T22:44:32] SAMPLE t=99s phase=Recovery adaptation=with_ML throughput_gbps=8.4231 latency_ms=64.7577
[2026-08-17T22:42:53] SAMPLE t=0s phase=Stable adaptation=without_ML throughput_gbps=8.1759 latency_ms=66.7244
[2026-08-17T22:42:54] SAMPLE t=1s phase=Stable adaptation=without_ML throughput_gbps=8.2103 latency_ms=67.7828
[2026-08-17T22:42:55] SAMPLE t=2s phase=Stable adaptation=without_ML throughput_gbps=7.9655 latency_ms=63.9391
[2026-08-17T22:42:56] SAMPLE t=3s phase=Stable adaptation=without_ML throughput_gbps=8.1137 latency_ms=66.575
[2026-08-17T22:42:57] SAMPLE t=4s phase=Stable adaptation=without_ML throughput_gbps=8.3658 latency_ms=66.2344
[2026-08-17T22:42:58] SAMPLE t=5s phase=Stable adaptation=without_ML throughput_gbps=7.8989 latency_ms=66.9149
[2026-08-17T22:42:59] SAMPLE t=6s phase=Stable adaptation=without_ML throughput_gbps=8.2409 latency_ms=68.6089
[2026-08-17T22:43:00] SAMPLE t=7s phase=Stable adaptation=without_ML throughput_gbps=7.9438 latency_ms=68.9899
[2026-08-17T22:43:01] SAMPLE t=8s phase=Stable adaptation=without_ML throughput_gbps=8.1568 latency_ms=65.3287
[2026-08-17T22:43:02] SAMPLE t=9s phase=Stable adaptation=without_ML throughput_gbps=7.6715 latency_ms=65.9292
[2026-08-17T22:43:03] SAMPLE t=10s phase=Stable adaptation=without_ML throughput_gbps=7.904 latency_ms=67.1783
[2026-08-17T22:43:04] SAMPLE t=11s phase=Stable adaptation=without_ML throughput_gbps=8.3382 latency_ms=66.1305
[2026-08-17T22:43:05] SAMPLE t=12s phase=Stable adaptation=without_ML throughput_gbps=8.0882 latency_ms=64.5891
[2026-08-17T22:43:06] SAMPLE t=13s phase=Stable adaptation=without_ML throughput_gbps=8.2343 latency_ms=68.1793
[2026-08-17T22:43:07] SAMPLE t=14s phase=Stable adaptation=without_ML throughput_gbps=7.917 latency_ms=65.4313
[2026-08-17T22:43:08] SAMPLE t=15s phase=Stable adaptation=without_ML throughput_gbps=8.1534 latency_ms=63.7621
[2026-08-17T22:43:09] SAMPLE t=16s phase=Stable adaptation=without_ML throughput_gbps=7.7693 latency_ms=65.3328
[2026-08-17T22:43:10] SAMPLE t=17s phase=Stable adaptation=without_ML throughput_gbps=8.254 latency_ms=65.8172
[2026-08-17T22:43:11] SAMPLE t=18s phase=Stable adaptation=without_ML throughput_gbps=8.0558 latency_ms=66.9885
[2026-08-17T22:43:12] SAMPLE t=19s phase=Stable adaptation=without_ML throughput_gbps=8.38 latency_ms=65.7165
[2026-08-17T22:43:13] SAMPLE t=20s phase=Congestion adaptation=without_ML throughput_gbps=8.0513 latency_ms=66.6849
[2026-08-17T22:43:14] SAMPLE t=21s phase=Congestion adaptation=without_ML throughput_gbps=7.9973 latency_ms=65.4779
[2026-08-17T22:43:15] SAMPLE t=22s phase=Congestion adaptation=without_ML throughput_gbps=8.1192 latency_ms=64.6939
[2026-08-17T22:43:16] SAMPLE t=23s phase=Congestion adaptation=without_ML throughput_gbps=8.1795 latency_ms=66.0248
[2026-08-17T22:43:17] SAMPLE t=24s phase=Congestion adaptation=without_ML throughput_gbps=7.7151 latency_ms=67.3505
[2026-08-17T22:43:18] SAMPLE t=25s phase=Congestion adaptation=without_ML throughput_gbps=8.4731 latency_ms=65.8929
[2026-08-17T22:43:19] SAMPLE t=26s phase=Congestion adaptation=without_ML throughput_gbps=8.1791 latency_ms=67.4824
[2026-08-17T22:43:20] SAMPLE t=27s phase=Congestion adaptation=without_ML throughput_gbps=8.164 latency_ms=65.9996
[2026-08-17T22:43:21] SAMPLE t=28s phase=Congestion adaptation=without_ML throughput_gbps=7.9387 latency_ms=65.787
[2026-08-17T22:43:22] SAMPLE t=29s phase=Congestion adaptation=without_ML throughput_gbps=7.802 latency_ms=67.612
[2026-08-17T22:43:23] SAMPLE t=30s phase=Congestion adaptation=without_ML throughput_gbps=8.0647 latency_ms=65.6162
[2026-08-17T22:43:24] SAMPLE t=31s phase=Congestion adaptation=without_ML throughput_gbps=8.397 latency_ms=64.2379
[2026-08-17T22:43:25] SAMPLE t=32s phase=Congestion adaptation=without_ML throughput_gbps=7.8318 latency_ms=66.2237
[2026-08-17T22:43:26] SAMPLE t=33s phase=Congestion adaptation=without_ML throughput_gbps=7.8883 latency_ms=67.1081
[2026-08-17T22:43:27] SAMPLE t=34s phase=Congestion adaptation=without_ML throughput_gbps=7.9593 latency_ms=65.2572
[2026-08-17T22:43:28] SAMPLE t=35s phase=Congestion adaptation=without_ML throughput_gbps=8.422 latency_ms=65.3685
[2026-08-17T22:43:29] SAMPLE t=36s phase=Congestion adaptation=without_ML throughput_gbps=8.0436 latency_ms=67.1123
[2026-08-17T22:43:30] SAMPLE t=37s phase=Congestion adaptation=without_ML throughput_gbps=8.0705 latency_ms=66.2428
[2026-08-17T22:43:31] SAMPLE t=38s phase=Congestion adaptation=without_ML throughput_gbps=7.9897 latency_ms=65.5214
[2026-08-17T22:43:32] SAMPLE t=39s phase=Congestion adaptation=without_ML throughput_gbps=8.2463 latency_ms=68.2703
[2026-08-17T22:43:33] SAMPLE t=40s phase=Path_change adaptation=without_ML throughput_gbps=7.8832 latency_ms=66.24
[2026-08-17T22:43:34] SAMPLE t=41s phase=Path_change adaptation=without_ML throughput_gbps=7.574 latency_ms=67.756
[2026-08-17T22:43:35] SAMPLE t=42s phase=Path_change adaptation=without_ML throughput_gbps=7.1759 latency_ms=67.3412
[2026-08-17T22:43:36] SAMPLE t=43s phase=Path_change adaptation=without_ML throughput_gbps=7.1539 latency_ms=70.1457
[2026-08-17T22:43:37] SAMPLE t=44s phase=Path_change adaptation=without_ML throughput_gbps=6.7313 latency_ms=70.0538
[2026-08-17T22:43:38] SAMPLE t=45s phase=Path_change adaptation=without_ML throughput_gbps=6.6855 latency_ms=70.589
[2026-08-17T22:43:39] SAMPLE t=46s phase=Path_change adaptation=without_ML throughput_gbps=6.2726 latency_ms=73.4871
[2026-08-17T22:43:40] SAMPLE t=47s phase=Path_change adaptation=without_ML throughput_gbps=6.1556 latency_ms=70.3707
[2026-08-17T22:43:41] SAMPLE t=48s phase=Path_change adaptation=without_ML throughput_gbps=5.5504 latency_ms=70.5125
[2026-08-17T22:43:42] SAMPLE t=49s phase=Path_change adaptation=without_ML throughput_gbps=5.788 latency_ms=72.7612
[2026-08-17T22:43:43] SAMPLE t=50s phase=Path_change adaptation=without_ML throughput_gbps=5.6709 latency_ms=71.9466
[2026-08-17T22:43:44] SAMPLE t=51s phase=Path_change adaptation=without_ML throughput_gbps=5.5933 latency_ms=74.5214
[2026-08-17T22:43:45] SAMPLE t=52s phase=Path_change adaptation=without_ML throughput_gbps=6.1022 latency_ms=69.9425
[2026-08-17T22:43:46] SAMPLE t=53s phase=Path_change adaptation=without_ML throughput_gbps=5.9195 latency_ms=71.406
[2026-08-17T22:43:47] SAMPLE t=54s phase=Path_change adaptation=without_ML throughput_gbps=5.7922 latency_ms=70.8723
[2026-08-17T22:43:48] SAMPLE t=55s phase=Path_change adaptation=without_ML throughput_gbps=6.1752 latency_ms=72.3441
[2026-08-17T22:43:49] SAMPLE t=56s phase=Path_change adaptation=without_ML throughput_gbps=6.4782 latency_ms=70.4598
[2026-08-17T22:43:50] SAMPLE t=57s phase=Path_change adaptation=without_ML throughput_gbps=6.9521 latency_ms=71.013
[2026-08-17T22:43:51] SAMPLE t=58s phase=Path_change adaptation=without_ML throughput_gbps=6.8923 latency_ms=67.9026
[2026-08-17T22:43:52] SAMPLE t=59s phase=Path_change adaptation=without_ML throughput_gbps=7.4806 latency_ms=63.3252
[2026-08-17T22:43:53] SAMPLE t=60s phase=Loss_spike adaptation=without_ML throughput_gbps=6.4125 latency_ms=71.8283
[2026-08-17T22:43:54] SAMPLE t=61s phase=Loss_spike adaptation=without_ML throughput_gbps=8.3895 latency_ms=81.7877
[2026-08-17T22:43:55] SAMPLE t=62s phase=Loss_spike adaptation=without_ML throughput_gbps=7.3116 latency_ms=74.6275
[2026-08-17T22:43:56] SAMPLE t=63s phase=Loss_spike adaptation=without_ML throughput_gbps=5.1185 latency_ms=74.0654
[2026-08-17T22:43:57] SAMPLE t=64s phase=Loss_spike adaptation=without_ML throughput_gbps=3.8447 latency_ms=81.0757
[2026-08-17T22:43:58] SAMPLE t=65s phase=Loss_spike adaptation=without_ML throughput_gbps=6.2428 latency_ms=69.5415
[2026-08-17T22:43:59] SAMPLE t=66s phase=Loss_spike adaptation=without_ML throughput_gbps=8.414 latency_ms=79.4982
[2026-08-17T22:44:00] SAMPLE t=67s phase=Loss_spike adaptation=without_ML throughput_gbps=7.4411 latency_ms=74.9369
[2026-08-17T22:44:01] SAMPLE t=68s phase=Loss_spike adaptation=without_ML throughput_gbps=4.6593 latency_ms=76.4759
[2026-08-17T22:44:02] SAMPLE t=69s phase=Loss_spike adaptation=without_ML throughput_gbps=4.0335 latency_ms=79.7223
[2026-08-17T22:44:03] SAMPLE t=70s phase=Loss_spike adaptation=without_ML throughput_gbps=5.905 latency_ms=70.2007
[2026-08-17T22:44:04] SAMPLE t=71s phase=Loss_spike adaptation=without_ML throughput_gbps=8.6618 latency_ms=79.7357
[2026-08-17T22:44:05] SAMPLE t=72s phase=Loss_spike adaptation=without_ML throughput_gbps=7.3908 latency_ms=76.5848
[2026-08-17T22:44:06] SAMPLE t=73s phase=Loss_spike adaptation=without_ML throughput_gbps=4.7723 latency_ms=75.2308
[2026-08-17T22:44:07] SAMPLE t=74s phase=Loss_spike adaptation=without_ML throughput_gbps=3.7758 latency_ms=78.9664
[2026-08-17T22:44:08] SAMPLE t=75s phase=Loss_spike adaptation=without_ML throughput_gbps=6.289 latency_ms=70.3922
[2026-08-17T22:44:09] SAMPLE t=76s phase=Loss_spike adaptation=without_ML throughput_gbps=8.0716 latency_ms=80.0273
[2026-08-17T22:44:10] SAMPLE t=77s phase=Loss_spike adaptation=without_ML throughput_gbps=7.5115 latency_ms=76.6737
[2026-08-17T22:44:11] SAMPLE t=78s phase=Loss_spike adaptation=without_ML throughput_gbps=4.7128 latency_ms=77.3757
[2026-08-17T22:44:12] SAMPLE t=79s phase=Loss_spike adaptation=without_ML throughput_gbps=3.9237 latency_ms=79.5633
[2026-08-17T22:44:13] SAMPLE t=80s phase=Recovery adaptation=without_ML throughput_gbps=8.0606 latency_ms=63.7428
[2026-08-17T22:44:14] SAMPLE t=81s phase=Recovery adaptation=without_ML throughput_gbps=7.8407 latency_ms=66.1082
[2026-08-17T22:44:15] SAMPLE t=82s phase=Recovery adaptation=without_ML throughput_gbps=8.0458 latency_ms=66.8079
[2026-08-17T22:44:16] SAMPLE t=83s phase=Recovery adaptation=without_ML throughput_gbps=7.8004 latency_ms=66.6033
[2026-08-17T22:44:17] SAMPLE t=84s phase=Recovery adaptation=without_ML throughput_gbps=8.1765 latency_ms=65.9891
[2026-08-17T22:44:18] SAMPLE t=85s phase=Recovery adaptation=without_ML throughput_gbps=8.1383 latency_ms=65.9905
[2026-08-17T22:44:19] SAMPLE t=86s phase=Recovery adaptation=without_ML throughput_gbps=8.3061 latency_ms=65.0039
[2026-08-17T22:44:20] SAMPLE t=87s phase=Recovery adaptation=without_ML throughput_gbps=8.1169 latency_ms=64.9505
[2026-08-17T22:44:21] SAMPLE t=88s phase=Recovery adaptation=without_ML throughput_gbps=7.7558 latency_ms=64.9816
[2026-08-17T22:44:22] SAMPLE t=89s phase=Recovery adaptation=without_ML throughput_gbps=8.1834 latency_ms=66.6968
[2026-08-17T22:44:23] SAMPLE t=90s phase=Recovery adaptation=without_ML throughput_gbps=8.3111 latency_ms=66.8062
[2026-08-17T22:44:24] SAMPLE t=91s phase=Recovery adaptation=without_ML throughput_gbps=7.9501 latency_ms=68.4806
[2026-08-17T22:44:25] SAMPLE t=92s phase=Recovery adaptation=without_ML throughput_gbps=7.9665 latency_ms=64.4607
[2026-08-17T22:44:26] SAMPLE t=93s phase=Recovery adaptation=without_ML throughput_gbps=8.3119 latency_ms=66.1591
[2026-08-17T22:44:27] SAMPLE t=94s phase=Recovery adaptation=without_ML throughput_gbps=8.1299 latency_ms=66.265
[2026-08-17T22:44:28] SAMPLE t=95s phase=Recovery adaptation=without_ML throughput_gbps=7.8812 latency_ms=65.6209
[2026-08-17T22:44:29] SAMPLE t=96s phase=Recovery adaptation=without_ML throughput_gbps=8.3929 latency_ms=66.7727
[2026-08-17T22:44:30] SAMPLE t=97s phase=Recovery adaptation=without_ML throughput_gbps=7.9413 latency_ms=64.9425
[2026-08-17T22:44:31] SAMPLE t=98s phase=Recovery adaptation=without_ML throughput_gbps=8.0544 latency_ms=67.3132
[2026-08-17T22:44:32] SAMPLE t=99s phase=Recovery adaptation=without_ML throughput_gbps=8.3734 latency_ms=64.9861
[2026-08-17T22:42:53] TRACE_END run_id=139 status=OK
[2026-08-17T22:48:51] TRACE_START run_id=140
[2026-08-17T22:48:51] SAMPLE t=0s phase=Stable adaptation=with_ML throughput_gbps=7.9923 latency_ms=68.4377
[2026-08-17T22:48:52] SAMPLE t=1s phase=Stable adaptation=with_ML throughput_gbps=8.4455 latency_ms=65.8926
[2026-08-17T22:48:53] SAMPLE t=2s phase=Stable adaptation=with_ML throughput_gbps=8.3664 latency_ms=68.1917
[2026-08-17T22:48:54] SAMPLE t=3s phase=Stable adaptation=with_ML throughput_gbps=8.3456 latency_ms=64.9403
[2026-08-17T22:48:55] SAMPLE t=4s phase=Stable adaptation=with_ML throughput_gbps=8.1962 latency_ms=67.1548
[2026-08-17T22:48:56] SAMPLE t=5s phase=Stable adaptation=with_ML throughput_gbps=7.9508 latency_ms=66.2525
[2026-08-17T22:48:57] SAMPLE t=6s phase=Stable adaptation=with_ML throughput_gbps=8.2115 latency_ms=65.1853
[2026-08-17T22:48:58] SAMPLE t=7s phase=Stable adaptation=with_ML throughput_gbps=8.0654 latency_ms=68.4696
[2026-08-17T22:48:59] SAMPLE t=8s phase=Stable adaptation=with_ML throughput_gbps=8.02 latency_ms=65.4562
[2026-08-17T22:49:00] SAMPLE t=9s phase=Stable adaptation=with_ML throughput_gbps=7.8524 latency_ms=68.9063
[2026-08-17T22:49:01] SAMPLE t=10s phase=Stable adaptation=with_ML throughput_gbps=8.5988 latency_ms=65.9788
[2026-08-17T22:49:02] SAMPLE t=11s phase=Stable adaptation=with_ML throughput_gbps=7.9528 latency_ms=66.128
[2026-08-17T22:49:03] SAMPLE t=12s phase=Stable adaptation=with_ML throughput_gbps=8.1928 latency_ms=65.2418
[2026-08-17T22:49:04] SAMPLE t=13s phase=Stable adaptation=with_ML throughput_gbps=8.0809 latency_ms=66.1634
[2026-08-17T22:49:05] SAMPLE t=14s phase=Stable adaptation=with_ML throughput_gbps=8.3187 latency_ms=67.7445
[2026-08-17T22:49:06] SAMPLE t=15s phase=Stable adaptation=with_ML throughput_gbps=7.6909 latency_ms=66.2775
[2026-08-17T22:49:07] SAMPLE t=16s phase=Stable adaptation=with_ML throughput_gbps=8.1784 latency_ms=65.9133
[2026-08-17T22:49:08] SAMPLE t=17s phase=Stable adaptation=with_ML throughput_gbps=8.3517 latency_ms=68.248
[2026-08-17T22:49:09] SAMPLE t=18s phase=Stable adaptation=with_ML throughput_gbps=8.0981 latency_ms=65.7541
[2026-08-17T22:49:10] SAMPLE t=19s phase=Stable adaptation=with_ML throughput_gbps=8.2545 latency_ms=66.404
[2026-08-17T22:49:11] SAMPLE t=20s phase=Congestion adaptation=with_ML throughput_gbps=7.8793 latency_ms=66.0897
[2026-08-17T22:49:12] SAMPLE t=21s phase=Congestion adaptation=with_ML throughput_gbps=8.1708 latency_ms=64.4999
[2026-08-17T22:49:13] SAMPLE t=22s phase=Congestion adaptation=with_ML throughput_gbps=7.9028 latency_ms=66.6967
[2026-08-17T22:49:14] SAMPLE t=23s phase=Congestion adaptation=with_ML throughput_gbps=7.8164 latency_ms=66.9391
[2026-08-17T22:49:15] SAMPLE t=24s phase=Congestion adaptation=with_ML throughput_gbps=8.0042 latency_ms=67.2243
[2026-08-17T22:49:16] SAMPLE t=25s phase=Congestion adaptation=with_ML throughput_gbps=7.9537 latency_ms=65.8979
[2026-08-17T22:49:17] SAMPLE t=26s phase=Congestion adaptation=with_ML throughput_gbps=7.9546 latency_ms=67.8934
[2026-08-17T22:49:18] SAMPLE t=27s phase=Congestion adaptation=with_ML throughput_gbps=7.98 latency_ms=66.0226
[2026-08-17T22:49:19] SAMPLE t=28s phase=Congestion adaptation=with_ML throughput_gbps=8.2476 latency_ms=67.4983
[2026-08-17T22:49:20] SAMPLE t=29s phase=Congestion adaptation=with_ML throughput_gbps=8.2127 latency_ms=66.2296
[2026-08-17T22:49:21] SAMPLE t=30s phase=Congestion adaptation=with_ML throughput_gbps=8.1043 latency_ms=64.8056
[2026-08-17T22:49:22] SAMPLE t=31s phase=Congestion adaptation=with_ML throughput_gbps=7.7088 latency_ms=68.4827
[2026-08-17T22:49:23] SAMPLE t=32s phase=Congestion adaptation=with_ML throughput_gbps=8.1501 latency_ms=66.5412
[2026-08-17T22:49:24] SAMPLE t=33s phase=Congestion adaptation=with_ML throughput_gbps=8.2167 latency_ms=67.6805
[2026-08-17T22:49:25] SAMPLE t=34s phase=Congestion adaptation=with_ML throughput_gbps=8.2384 latency_ms=64.5611
[2026-08-17T22:49:26] SAMPLE t=35s phase=Congestion adaptation=with_ML throughput_gbps=8.1899 latency_ms=66.8668
[2026-08-17T22:49:27] SAMPLE t=36s phase=Congestion adaptation=with_ML throughput_gbps=7.8958 latency_ms=65.689
[2026-08-17T22:49:28] SAMPLE t=37s phase=Congestion adaptation=with_ML throughput_gbps=7.8412 latency_ms=66.4346
[2026-08-17T22:49:29] SAMPLE t=38s phase=Congestion adaptation=with_ML throughput_gbps=8.0038 latency_ms=66.1907
[2026-08-17T22:49:30] SAMPLE t=39s phase=Congestion adaptation=with_ML throughput_gbps=7.9286 latency_ms=68.3826
[2026-08-17T22:49:31] SAMPLE t=40s phase=Path_change adaptation=with_ML throughput_gbps=7.6723 latency_ms=66.413
[2026-08-17T22:49:32] SAMPLE t=41s phase=Path_change adaptation=with_ML throughput_gbps=7.8849 latency_ms=67.0642
[2026-08-17T22:49:33] SAMPLE t=42s phase=Path_change adaptation=with_ML throughput_gbps=7.844 latency_ms=67.7656
[2026-08-17T22:49:34] SAMPLE t=43s phase=Path_change adaptation=with_ML throughput_gbps=7.637 latency_ms=67.9571
[2026-08-17T22:49:35] SAMPLE t=44s phase=Path_change adaptation=with_ML throughput_gbps=7.6437 latency_ms=67.9167
[2026-08-17T22:49:36] SAMPLE t=45s phase=Path_change adaptation=with_ML throughput_gbps=7.5585 latency_ms=67.7614
[2026-08-17T22:49:37] SAMPLE t=46s phase=Path_change adaptation=with_ML throughput_gbps=7.0811 latency_ms=67.5756
[2026-08-17T22:49:38] SAMPLE t=47s phase=Path_change adaptation=with_ML throughput_gbps=7.167 latency_ms=69.7898
[2026-08-17T22:49:39] SAMPLE t=48s phase=Path_change adaptation=with_ML throughput_gbps=7.4057 latency_ms=67.9442
[2026-08-17T22:49:40] SAMPLE t=49s phase=Path_change adaptation=with_ML throughput_gbps=7.0748 latency_ms=69.0832
[2026-08-17T22:49:41] SAMPLE t=50s phase=Path_change adaptation=with_ML throughput_gbps=7.0378 latency_ms=68.4347
[2026-08-17T22:49:42] SAMPLE t=51s phase=Path_change adaptation=with_ML throughput_gbps=7.4538 latency_ms=69.2925
[2026-08-17T22:49:43] SAMPLE t=52s phase=Path_change adaptation=with_ML throughput_gbps=7.3033 latency_ms=68.665
[2026-08-17T22:49:44] SAMPLE t=53s phase=Path_change adaptation=with_ML throughput_gbps=7.161 latency_ms=68.9058
[2026-08-17T22:49:45] SAMPLE t=54s phase=Path_change adaptation=with_ML throughput_gbps=7.555 latency_ms=68.141
[2026-08-17T22:49:46] SAMPLE t=55s phase=Path_change adaptation=with_ML throughput_gbps=7.4794 latency_ms=64.8563
[2026-08-17T22:49:47] SAMPLE t=56s phase=Path_change adaptation=with_ML throughput_gbps=7.3995 latency_ms=68.3157
[2026-08-17T22:49:48] SAMPLE t=57s phase=Path_change adaptation=with_ML throughput_gbps=7.6328 latency_ms=68.1848
[2026-08-17T22:49:49] SAMPLE t=58s phase=Path_change adaptation=with_ML throughput_gbps=7.726 latency_ms=68.5079
[2026-08-17T22:49:50] SAMPLE t=59s phase=Path_change adaptation=with_ML throughput_gbps=7.924 latency_ms=69.6656
[2026-08-17T22:49:51] SAMPLE t=60s phase=Loss_spike adaptation=with_ML throughput_gbps=7.2141 latency_ms=66.3033
[2026-08-17T22:49:52] SAMPLE t=61s phase=Loss_spike adaptation=with_ML throughput_gbps=8.0841 latency_ms=71.3395
[2026-08-17T22:49:53] SAMPLE t=62s phase=Loss_spike adaptation=with_ML throughput_gbps=7.9236 latency_ms=70.6771
[2026-08-17T22:49:54] SAMPLE t=63s phase=Loss_spike adaptation=with_ML throughput_gbps=6.3964 latency_ms=69.0251
[2026-08-17T22:49:55] SAMPLE t=64s phase=Loss_spike adaptation=with_ML throughput_gbps=6.2691 latency_ms=74.4045
[2026-08-17T22:49:56] SAMPLE t=65s phase=Loss_spike adaptation=with_ML throughput_gbps=7.4022 latency_ms=68.7276
[2026-08-17T22:49:57] SAMPLE t=66s phase=Loss_spike adaptation=with_ML throughput_gbps=8.0563 latency_ms=72.1054
[2026-08-17T22:49:58] SAMPLE t=67s phase=Loss_spike adaptation=with_ML throughput_gbps=7.9418 latency_ms=69.5558
[2026-08-17T22:49:59] SAMPLE t=68s phase=Loss_spike adaptation=with_ML throughput_gbps=6.7523 latency_ms=71.1394
[2026-08-17T22:50:00] SAMPLE t=69s phase=Loss_spike adaptation=with_ML throughput_gbps=6.3692 latency_ms=71.4601
[2026-08-17T22:50:01] SAMPLE t=70s phase=Loss_spike adaptation=with_ML throughput_gbps=7.3127 latency_ms=66.1185
[2026-08-17T22:50:02] SAMPLE t=71s phase=Loss_spike adaptation=with_ML throughput_gbps=8.7474 latency_ms=71.1671
[2026-08-17T22:50:03] SAMPLE t=72s phase=Loss_spike adaptation=with_ML throughput_gbps=7.9017 latency_ms=67.6645
[2026-08-17T22:50:04] SAMPLE t=73s phase=Loss_spike adaptation=with_ML throughput_gbps=6.4281 latency_ms=70.9035
[2026-08-17T22:50:05] SAMPLE t=74s phase=Loss_spike adaptation=with_ML throughput_gbps=6.2542 latency_ms=70.2735
[2026-08-17T22:50:06] SAMPLE t=75s phase=Loss_spike adaptation=with_ML throughput_gbps=7.0575 latency_ms=69.5244
[2026-08-17T22:50:07] SAMPLE t=76s phase=Loss_spike adaptation=with_ML throughput_gbps=8.4828 latency_ms=71.8352
[2026-08-17T22:50:08] SAMPLE t=77s phase=Loss_spike adaptation=with_ML throughput_gbps=7.7118 latency_ms=70.8786
[2026-08-17T22:50:09] SAMPLE t=78s phase=Loss_spike adaptation=with_ML throughput_gbps=6.5132 latency_ms=69.0253
[2026-08-17T22:50:10] SAMPLE t=79s phase=Loss_spike adaptation=with_ML throughput_gbps=5.9478 latency_ms=68.9245
[2026-08-17T22:50:11] SAMPLE t=80s phase=Recovery adaptation=with_ML throughput_gbps=8.0465 latency_ms=64.4288
[2026-08-17T22:50:12] SAMPLE t=81s phase=Recovery adaptation=with_ML throughput_gbps=8.0217 latency_ms=65.717
[2026-08-17T22:50:13] SAMPLE t=82s phase=Recovery adaptation=with_ML throughput_gbps=8.0801 latency_ms=65.9847
[2026-08-17T22:50:14] SAMPLE t=83s phase=Recovery adaptation=with_ML throughput_gbps=7.842 latency_ms=66.8648
[2026-08-17T22:50:15] SAMPLE t=84s phase=Recovery adaptation=with_ML throughput_gbps=8.4735 latency_ms=65.954
[2026-08-17T22:50:16] SAMPLE t=85s phase=Recovery adaptation=with_ML throughput_gbps=8.2756 latency_ms=63.9003
[2026-08-17T22:50:17] SAMPLE t=86s phase=Recovery adaptation=with_ML throughput_gbps=7.9966 latency_ms=64.5256
[2026-08-17T22:50:18] SAMPLE t=87s phase=Recovery adaptation=with_ML throughput_gbps=8.175 latency_ms=65.9854
[2026-08-17T22:50:19] SAMPLE t=88s phase=Recovery adaptation=with_ML throughput_gbps=8.171 latency_ms=64.4417
[2026-08-17T22:50:20] SAMPLE t=89s phase=Recovery adaptation=with_ML throughput_gbps=8.6214 latency_ms=64.6403
[2026-08-17T22:50:21] SAMPLE t=90s phase=Recovery adaptation=with_ML throughput_gbps=8.4979 latency_ms=65.5729
[2026-08-17T22:50:22] SAMPLE t=91s phase=Recovery adaptation=with_ML throughput_gbps=8.6897 latency_ms=65.8991
[2026-08-17T22:50:23] SAMPLE t=92s phase=Recovery adaptation=with_ML throughput_gbps=8.4902 latency_ms=69.0912
[2026-08-17T22:50:24] SAMPLE t=93s phase=Recovery adaptation=with_ML throughput_gbps=8.3008 latency_ms=65.9778
[2026-08-17T22:50:25] SAMPLE t=94s phase=Recovery adaptation=with_ML throughput_gbps=8.2257 latency_ms=64.2993
[2026-08-17T22:50:26] SAMPLE t=95s phase=Recovery adaptation=with_ML throughput_gbps=8.1428 latency_ms=65.8998
[2026-08-17T22:50:27] SAMPLE t=96s phase=Recovery adaptation=with_ML throughput_gbps=8.2243 latency_ms=64.0851
[2026-08-17T22:50:28] SAMPLE t=97s phase=Recovery adaptation=with_ML throughput_gbps=8.4628 latency_ms=65.0986
[2026-08-17T22:50:29] SAMPLE t=98s phase=Recovery adaptation=with_ML throughput_gbps=8.6851 latency_ms=65.5752
[2026-08-17T22:50:30] SAMPLE t=99s phase=Recovery adaptation=with_ML throughput_gbps=8.4479 latency_ms=66.1231
[2026-08-17T22:48:51] SAMPLE t=0s phase=Stable adaptation=without_ML throughput_gbps=7.8938 latency_ms=65.5216
[2026-08-17T22:48:52] SAMPLE t=1s phase=Stable adaptation=without_ML throughput_gbps=8.2052 latency_ms=65.7018
[2026-08-17T22:48:53] SAMPLE t=2s phase=Stable adaptation=without_ML throughput_gbps=8.4072 latency_ms=64.4117
[2026-08-17T22:48:54] SAMPLE t=3s phase=Stable adaptation=without_ML throughput_gbps=7.9604 latency_ms=65.3705
[2026-08-17T22:48:55] SAMPLE t=4s phase=Stable adaptation=without_ML throughput_gbps=7.797 latency_ms=67.1539
[2026-08-17T22:48:56] SAMPLE t=5s phase=Stable adaptation=without_ML throughput_gbps=8.2095 latency_ms=66.6682
[2026-08-17T22:48:57] SAMPLE t=6s phase=Stable adaptation=without_ML throughput_gbps=7.9319 latency_ms=65.8353
[2026-08-17T22:48:58] SAMPLE t=7s phase=Stable adaptation=without_ML throughput_gbps=7.9247 latency_ms=65.222
[2026-08-17T22:48:59] SAMPLE t=8s phase=Stable adaptation=without_ML throughput_gbps=8.1459 latency_ms=67.0466
[2026-08-17T22:49:00] SAMPLE t=9s phase=Stable adaptation=without_ML throughput_gbps=7.7392 latency_ms=63.9736
[2026-08-17T22:49:01] SAMPLE t=10s phase=Stable adaptation=without_ML throughput_gbps=8.2421 latency_ms=66.3551
[2026-08-17T22:49:02] SAMPLE t=11s phase=Stable adaptation=without_ML throughput_gbps=7.939 latency_ms=63.4214
[2026-08-17T22:49:03] SAMPLE t=12s phase=Stable adaptation=without_ML throughput_gbps=8.113 latency_ms=66.4637
[2026-08-17T22:49:04] SAMPLE t=13s phase=Stable adaptation=without_ML throughput_gbps=7.8701 latency_ms=65.3837
[2026-08-17T22:49:05] SAMPLE t=14s phase=Stable adaptation=without_ML throughput_gbps=8.0309 latency_ms=66.7439
[2026-08-17T22:49:06] SAMPLE t=15s phase=Stable adaptation=without_ML throughput_gbps=7.6863 latency_ms=66.4601
[2026-08-17T22:49:07] SAMPLE t=16s phase=Stable adaptation=without_ML throughput_gbps=7.8263 latency_ms=67.2942
[2026-08-17T22:49:08] SAMPLE t=17s phase=Stable adaptation=without_ML throughput_gbps=7.9718 latency_ms=66.252
[2026-08-17T22:49:09] SAMPLE t=18s phase=Stable adaptation=without_ML throughput_gbps=7.7774 latency_ms=65.1256
[2026-08-17T22:49:10] SAMPLE t=19s phase=Stable adaptation=without_ML throughput_gbps=7.9317 latency_ms=66.46
[2026-08-17T22:49:11] SAMPLE t=20s phase=Congestion adaptation=without_ML throughput_gbps=7.9263 latency_ms=66.7049
[2026-08-17T22:49:12] SAMPLE t=21s phase=Congestion adaptation=without_ML throughput_gbps=8.023 latency_ms=64.9736
[2026-08-17T22:49:13] SAMPLE t=22s phase=Congestion adaptation=without_ML throughput_gbps=8.1319 latency_ms=66.9794
[2026-08-17T22:49:14] SAMPLE t=23s phase=Congestion adaptation=without_ML throughput_gbps=8.0476 latency_ms=63.1112
[2026-08-17T22:49:15] SAMPLE t=24s phase=Congestion adaptation=without_ML throughput_gbps=8.3735 latency_ms=65.8732
[2026-08-17T22:49:16] SAMPLE t=25s phase=Congestion adaptation=without_ML throughput_gbps=8.2765 latency_ms=66.2975
[2026-08-17T22:49:17] SAMPLE t=26s phase=Congestion adaptation=without_ML throughput_gbps=7.6762 latency_ms=66.9266
[2026-08-17T22:49:18] SAMPLE t=27s phase=Congestion adaptation=without_ML throughput_gbps=7.8203 latency_ms=66.1345
[2026-08-17T22:49:19] SAMPLE t=28s phase=Congestion adaptation=without_ML throughput_gbps=7.9732 latency_ms=67.499
[2026-08-17T22:49:20] SAMPLE t=29s phase=Congestion adaptation=without_ML throughput_gbps=7.8211 latency_ms=68.2631
[2026-08-17T22:49:21] SAMPLE t=30s phase=Congestion adaptation=without_ML throughput_gbps=8.1217 latency_ms=66.4373
[2026-08-17T22:49:22] SAMPLE t=31s phase=Congestion adaptation=without_ML throughput_gbps=7.949 latency_ms=65.7621
[2026-08-17T22:49:23] SAMPLE t=32s phase=Congestion adaptation=without_ML throughput_gbps=7.9988 latency_ms=66.4355
[2026-08-17T22:49:24] SAMPLE t=33s phase=Congestion adaptation=without_ML throughput_gbps=8.118 latency_ms=66.1503
[2026-08-17T22:49:25] SAMPLE t=34s phase=Congestion adaptation=without_ML throughput_gbps=7.6278 latency_ms=67.0489
[2026-08-17T22:49:26] SAMPLE t=35s phase=Congestion adaptation=without_ML throughput_gbps=8.0514 latency_ms=64.0509
[2026-08-17T22:49:27] SAMPLE t=36s phase=Congestion adaptation=without_ML throughput_gbps=7.7632 latency_ms=67.5016
[2026-08-17T22:49:28] SAMPLE t=37s phase=Congestion adaptation=without_ML throughput_gbps=8.0983 latency_ms=66.783
[2026-08-17T22:49:29] SAMPLE t=38s phase=Congestion adaptation=without_ML throughput_gbps=8.2359 latency_ms=66.7768
[2026-08-17T22:49:30] SAMPLE t=39s phase=Congestion adaptation=without_ML throughput_gbps=7.7802 latency_ms=64.9805
[2026-08-17T22:49:31] SAMPLE t=40s phase=Path_change adaptation=without_ML throughput_gbps=8.0809 latency_ms=65.1402
[2026-08-17T22:49:32] SAMPLE t=41s phase=Path_change adaptation=without_ML throughput_gbps=7.6504 latency_ms=67.7115
[2026-08-17T22:49:33] SAMPLE t=42s phase=Path_change adaptation=without_ML throughput_gbps=7.138 latency_ms=70.2926
[2026-08-17T22:49:34] SAMPLE t=43s phase=Path_change adaptation=without_ML throughput_gbps=6.9915 latency_ms=68.3233
[2026-08-17T22:49:35] SAMPLE t=44s phase=Path_change adaptation=without_ML throughput_gbps=6.7127 latency_ms=72.5283
[2026-08-17T22:49:36] SAMPLE t=45s phase=Path_change adaptation=without_ML throughput_gbps=5.9123 latency_ms=71.5397
[2026-08-17T22:49:37] SAMPLE t=46s phase=Path_change adaptation=without_ML throughput_gbps=6.2572 latency_ms=70.8555
[2026-08-17T22:49:38] SAMPLE t=47s phase=Path_change adaptation=without_ML throughput_gbps=5.5817 latency_ms=73.8172
[2026-08-17T22:49:39] SAMPLE t=48s phase=Path_change adaptation=without_ML throughput_gbps=5.7853 latency_ms=69.1609
[2026-08-17T22:49:40] SAMPLE t=49s phase=Path_change adaptation=without_ML throughput_gbps=5.545 latency_ms=72.2985
[2026-08-17T22:49:41] SAMPLE t=50s phase=Path_change adaptation=without_ML throughput_gbps=6.0439 latency_ms=73.2567
[2026-08-17T22:49:42] SAMPLE t=51s phase=Path_change adaptation=without_ML throughput_gbps=5.5878 latency_ms=71.9644
[2026-08-17T22:49:43] SAMPLE t=52s phase=Path_change adaptation=without_ML throughput_gbps=5.4841 latency_ms=71.678
[2026-08-17T22:49:44] SAMPLE t=53s phase=Path_change adaptation=without_ML throughput_gbps=5.7047 latency_ms=72.2706
[2026-08-17T22:49:45] SAMPLE t=54s phase=Path_change adaptation=without_ML throughput_gbps=6.0275 latency_ms=71.3604
[2026-08-17T22:49:46] SAMPLE t=55s phase=Path_change adaptation=without_ML throughput_gbps=6.5192 latency_ms=70.6276
[2026-08-17T22:49:47] SAMPLE t=56s phase=Path_change adaptation=without_ML throughput_gbps=6.7787 latency_ms=72.2723
[2026-08-17T22:49:48] SAMPLE t=57s phase=Path_change adaptation=without_ML throughput_gbps=7.0225 latency_ms=69.9375
[2026-08-17T22:49:49] SAMPLE t=58s phase=Path_change adaptation=without_ML throughput_gbps=7.5569 latency_ms=67.0695
[2026-08-17T22:49:50] SAMPLE t=59s phase=Path_change adaptation=without_ML throughput_gbps=7.7038 latency_ms=67.2835
[2026-08-17T22:49:51] SAMPLE t=60s phase=Loss_spike adaptation=without_ML throughput_gbps=6.121 latency_ms=68.5885
[2026-08-17T22:49:52] SAMPLE t=61s phase=Loss_spike adaptation=without_ML throughput_gbps=8.6294 latency_ms=80.8616
[2026-08-17T22:49:53] SAMPLE t=62s phase=Loss_spike adaptation=without_ML throughput_gbps=7.4286 latency_ms=76.4399
[2026-08-17T22:49:54] SAMPLE t=63s phase=Loss_spike adaptation=without_ML throughput_gbps=4.7681 latency_ms=74.4735
[2026-08-17T22:49:55] SAMPLE t=64s phase=Loss_spike adaptation=without_ML throughput_gbps=4.1068 latency_ms=79.0616
[2026-08-17T22:49:56] SAMPLE t=65s phase=Loss_spike adaptation=without_ML throughput_gbps=6.1396 latency_ms=69.633
[2026-08-17T22:49:57] SAMPLE t=66s phase=Loss_spike adaptation=without_ML throughput_gbps=8.1705 latency_ms=81.1039
[2026-08-17T22:49:58] SAMPLE t=67s phase=Loss_spike adaptation=without_ML throughput_gbps=7.6987 latency_ms=73.7455
[2026-08-17T22:49:59] SAMPLE t=68s phase=Loss_spike adaptation=without_ML throughput_gbps=4.7815 latency_ms=75.6246
[2026-08-17T22:50:00] SAMPLE t=69s phase=Loss_spike adaptation=without_ML throughput_gbps=4.0654 latency_ms=79.7047
[2026-08-17T22:50:01] SAMPLE t=70s phase=Loss_spike adaptation=without_ML throughput_gbps=6.1006 latency_ms=70.5259
[2026-08-17T22:50:02] SAMPLE t=71s phase=Loss_spike adaptation=without_ML throughput_gbps=8.2781 latency_ms=79.9202
[2026-08-17T22:50:03] SAMPLE t=72s phase=Loss_spike adaptation=without_ML throughput_gbps=7.7099 latency_ms=73.849
[2026-08-17T22:50:04] SAMPLE t=73s phase=Loss_spike adaptation=without_ML throughput_gbps=5.1335 latency_ms=77.1514
[2026-08-17T22:50:05] SAMPLE t=74s phase=Loss_spike adaptation=without_ML throughput_gbps=3.943 latency_ms=77.262
[2026-08-17T22:50:06] SAMPLE t=75s phase=Loss_spike adaptation=without_ML throughput_gbps=6.2349 latency_ms=72.4826
[2026-08-17T22:50:07] SAMPLE t=76s phase=Loss_spike adaptation=without_ML throughput_gbps=8.4867 latency_ms=76.668
[2026-08-17T22:50:08] SAMPLE t=77s phase=Loss_spike adaptation=without_ML throughput_gbps=7.8062 latency_ms=75.7953
[2026-08-17T22:50:09] SAMPLE t=78s phase=Loss_spike adaptation=without_ML throughput_gbps=4.6241 latency_ms=74.5499
[2026-08-17T22:50:10] SAMPLE t=79s phase=Loss_spike adaptation=without_ML throughput_gbps=3.898 latency_ms=78.7248
[2026-08-17T22:50:11] SAMPLE t=80s phase=Recovery adaptation=without_ML throughput_gbps=8.0155 latency_ms=67.0079
[2026-08-17T22:50:12] SAMPLE t=81s phase=Recovery adaptation=without_ML throughput_gbps=7.8806 latency_ms=65.9031
[2026-08-17T22:50:13] SAMPLE t=82s phase=Recovery adaptation=without_ML throughput_gbps=7.7141 latency_ms=65.6385
[2026-08-17T22:50:14] SAMPLE t=83s phase=Recovery adaptation=without_ML throughput_gbps=7.7875 latency_ms=64.4364
[2026-08-17T22:50:15] SAMPLE t=84s phase=Recovery adaptation=without_ML throughput_gbps=8.355 latency_ms=67.0408
[2026-08-17T22:50:16] SAMPLE t=85s phase=Recovery adaptation=without_ML throughput_gbps=8.1175 latency_ms=64.5079
[2026-08-17T22:50:17] SAMPLE t=86s phase=Recovery adaptation=without_ML throughput_gbps=7.7984 latency_ms=65.3354
[2026-08-17T22:50:18] SAMPLE t=87s phase=Recovery adaptation=without_ML throughput_gbps=8.0329 latency_ms=65.3049
[2026-08-17T22:50:19] SAMPLE t=88s phase=Recovery adaptation=without_ML throughput_gbps=7.7866 latency_ms=67.1817
[2026-08-17T22:50:20] SAMPLE t=89s phase=Recovery adaptation=without_ML throughput_gbps=7.8754 latency_ms=65.9968
[2026-08-17T22:50:21] SAMPLE t=90s phase=Recovery adaptation=without_ML throughput_gbps=7.6146 latency_ms=66.2133
[2026-08-17T22:50:22] SAMPLE t=91s phase=Recovery adaptation=without_ML throughput_gbps=7.6459 latency_ms=66.8361
[2026-08-17T22:50:23] SAMPLE t=92s phase=Recovery adaptation=without_ML throughput_gbps=7.8509 latency_ms=66.1783
[2026-08-17T22:50:24] SAMPLE t=93s phase=Recovery adaptation=without_ML throughput_gbps=7.8979 latency_ms=65.3661
[2026-08-17T22:50:25] SAMPLE t=94s phase=Recovery adaptation=without_ML throughput_gbps=7.7176 latency_ms=66.3343
[2026-08-17T22:50:26] SAMPLE t=95s phase=Recovery adaptation=without_ML throughput_gbps=8.1944 latency_ms=66.5776
[2026-08-17T22:50:27] SAMPLE t=96s phase=Recovery adaptation=without_ML throughput_gbps=8.3242 latency_ms=66.9508
[2026-08-17T22:50:28] SAMPLE t=97s phase=Recovery adaptation=without_ML throughput_gbps=7.9996 latency_ms=67.8443
[2026-08-17T22:50:29] SAMPLE t=98s phase=Recovery adaptation=without_ML throughput_gbps=7.7295 latency_ms=67.219
[2026-08-17T22:50:30] SAMPLE t=99s phase=Recovery adaptation=without_ML throughput_gbps=7.8355 latency_ms=65.3279
[2026-08-17T22:48:51] TRACE_END run_id=140 status=OK
