[2026-08-14T12:11:34] TRACE_START run_id=97
[2026-08-14T12:11:34] SAMPLE t=0s phase=Stable adaptation=with_ML throughput_gbps=8.042 latency_ms=65.6607
[2026-08-14T12:11:35] SAMPLE t=1s phase=Stable adaptation=with_ML throughput_gbps=8.3421 latency_ms=65.6664
[2026-08-14T12:11:36] SAMPLE t=2s phase=Stable adaptation=with_ML throughput_gbps=8.0912 latency_ms=66.8896
[2026-08-14T12:11:37] SAMPLE t=3s phase=Stable adaptation=with_ML throughput_gbps=8.3199 latency_ms=66.1933
[2026-08-14T12:11:38] SAMPLE t=4s phase=Stable adaptation=with_ML throughput_gbps=8.0495 latency_ms=66.4574
[2026-08-14T12:11:39] SAMPLE t=5s phase=Stable adaptation=with_ML throughput_gbps=7.8802 latency_ms=66.0025
[2026-08-14T12:11:40] SAMPLE t=6s phase=Stable adaptation=with_ML throughput_gbps=8.2626 latency_ms=67.2948
[2026-08-14T12:11:41] SAMPLE t=7s phase=Stable adaptation=with_ML throughput_gbps=8.4041 latency_ms=64.7762
[2026-08-14T12:11:42] SAMPLE t=8s phase=Stable adaptation=with_ML throughput_gbps=8.0494 latency_ms=65.0732
[2026-08-14T12:11:43] SAMPLE t=9s phase=Stable adaptation=with_ML throughput_gbps=8.3638 latency_ms=66.2369
[2026-08-14T12:11:44] SAMPLE t=10s phase=Stable adaptation=with_ML throughput_gbps=7.9768 latency_ms=65.3215
[2026-08-14T12:11:45] SAMPLE t=11s phase=Stable adaptation=with_ML throughput_gbps=8.0641 latency_ms=67.3949
[2026-08-14T12:11:46] SAMPLE t=12s phase=Stable adaptation=with_ML throughput_gbps=7.9177 latency_ms=67.1785
[2026-08-14T12:11:47] SAMPLE t=13s phase=Stable adaptation=with_ML throughput_gbps=7.9225 latency_ms=66.3439
[2026-08-14T12:11:48] SAMPLE t=14s phase=Stable adaptation=with_ML throughput_gbps=7.9455 latency_ms=68.6414
[2026-08-14T12:11:49] SAMPLE t=15s phase=Stable adaptation=with_ML throughput_gbps=8.1315 latency_ms=66.9182
[2026-08-14T12:11:50] SAMPLE t=16s phase=Stable adaptation=with_ML throughput_gbps=7.9799 latency_ms=65.8669
[2026-08-14T12:11:51] SAMPLE t=17s phase=Stable adaptation=with_ML throughput_gbps=8.3375 latency_ms=64.6325
[2026-08-14T12:11:52] SAMPLE t=18s phase=Stable adaptation=with_ML throughput_gbps=8.3014 latency_ms=65.2643
[2026-08-14T12:11:53] SAMPLE t=19s phase=Stable adaptation=with_ML throughput_gbps=7.9917 latency_ms=64.8927
[2026-08-14T12:11:54] SAMPLE t=20s phase=Congestion adaptation=with_ML throughput_gbps=8.5193 latency_ms=64.9373
[2026-08-14T12:11:55] SAMPLE t=21s phase=Congestion adaptation=with_ML throughput_gbps=8.3511 latency_ms=68.8955
[2026-08-14T12:11:56] SAMPLE t=22s phase=Congestion adaptation=with_ML throughput_gbps=8.2879 latency_ms=65.3299
[2026-08-14T12:11:57] SAMPLE t=23s phase=Congestion adaptation=with_ML throughput_gbps=7.9473 latency_ms=64.7094
[2026-08-14T12:11:58] SAMPLE t=24s phase=Congestion adaptation=with_ML throughput_gbps=7.7737 latency_ms=65.0136
[2026-08-14T12:11:59] SAMPLE t=25s phase=Congestion adaptation=with_ML throughput_gbps=8.0516 latency_ms=67.1717
[2026-08-14T12:12:00] SAMPLE t=26s phase=Congestion adaptation=with_ML throughput_gbps=8.058 latency_ms=67.9404
[2026-08-14T12:12:01] SAMPLE t=27s phase=Congestion adaptation=with_ML throughput_gbps=8.0831 latency_ms=66.6237
[2026-08-14T12:12:02] SAMPLE t=28s phase=Congestion adaptation=with_ML throughput_gbps=7.8704 latency_ms=67.0339
[2026-08-14T12:12:03] SAMPLE t=29s phase=Congestion adaptation=with_ML throughput_gbps=8.3033 latency_ms=67.4018
[2026-08-14T12:12:04] SAMPLE t=30s phase=Congestion adaptation=with_ML throughput_gbps=8.2305 latency_ms=67.7837
[2026-08-14T12:12:05] SAMPLE t=31s phase=Congestion adaptation=with_ML throughput_gbps=8.0696 latency_ms=64.6321
[2026-08-14T12:12:06] SAMPLE t=32s phase=Congestion adaptation=with_ML throughput_gbps=8.1228 latency_ms=68.6644
[2026-08-14T12:12:07] SAMPLE t=33s phase=Congestion adaptation=with_ML throughput_gbps=8.1053 latency_ms=66.1334
[2026-08-14T12:12:08] SAMPLE t=34s phase=Congestion adaptation=with_ML throughput_gbps=8.3428 latency_ms=66.6157
[2026-08-14T12:12:09] SAMPLE t=35s phase=Congestion adaptation=with_ML throughput_gbps=7.9392 latency_ms=64.1215
[2026-08-14T12:12:10] SAMPLE t=36s phase=Congestion adaptation=with_ML throughput_gbps=7.893 latency_ms=65.6914
[2026-08-14T12:12:11] SAMPLE t=37s phase=Congestion adaptation=with_ML throughput_gbps=8.2223 latency_ms=66.087
[2026-08-14T12:12:12] SAMPLE t=38s phase=Congestion adaptation=with_ML throughput_gbps=8.5192 latency_ms=65.0529
[2026-08-14T12:12:13] SAMPLE t=39s phase=Congestion adaptation=with_ML throughput_gbps=8.2535 latency_ms=66.9576
[2026-08-14T12:12:14] SAMPLE t=40s phase=Path_change adaptation=with_ML throughput_gbps=7.9789 latency_ms=65.6744
[2026-08-14T12:12:15] SAMPLE t=41s phase=Path_change adaptation=with_ML throughput_gbps=7.8069 latency_ms=66.0828
[2026-08-14T12:12:16] SAMPLE t=42s phase=Path_change adaptation=with_ML throughput_gbps=7.6878 latency_ms=68.1644
[2026-08-14T12:12:17] SAMPLE t=43s phase=Path_change adaptation=with_ML throughput_gbps=7.6677 latency_ms=67.7746
[2026-08-14T12:12:18] SAMPLE t=44s phase=Path_change adaptation=with_ML throughput_gbps=7.4947 latency_ms=68.149
[2026-08-14T12:12:19] SAMPLE t=45s phase=Path_change adaptation=with_ML throughput_gbps=7.2195 latency_ms=67.792
[2026-08-14T12:12:20] SAMPLE t=46s phase=Path_change adaptation=with_ML throughput_gbps=7.2988 latency_ms=68.5512
[2026-08-14T12:12:21] SAMPLE t=47s phase=Path_change adaptation=with_ML throughput_gbps=7.4368 latency_ms=69.4998
[2026-08-14T12:12:22] SAMPLE t=48s phase=Path_change adaptation=with_ML throughput_gbps=7.1815 latency_ms=67.3923
[2026-08-14T12:12:23] SAMPLE t=49s phase=Path_change adaptation=with_ML throughput_gbps=7.1558 latency_ms=67.206
[2026-08-14T12:12:24] SAMPLE t=50s phase=Path_change adaptation=with_ML throughput_gbps=7.1835 latency_ms=69.2069
[2026-08-14T12:12:25] SAMPLE t=51s phase=Path_change adaptation=with_ML throughput_gbps=7.0351 latency_ms=68.9222
[2026-08-14T12:12:26] SAMPLE t=52s phase=Path_change adaptation=with_ML throughput_gbps=7.3399 latency_ms=65.6099
[2026-08-14T12:12:27] SAMPLE t=53s phase=Path_change adaptation=with_ML throughput_gbps=7.0381 latency_ms=67.1586
[2026-08-14T12:12:28] SAMPLE t=54s phase=Path_change adaptation=with_ML throughput_gbps=7.3604 latency_ms=66.6603
[2026-08-14T12:12:29] SAMPLE t=55s phase=Path_change adaptation=with_ML throughput_gbps=7.851 latency_ms=66.9312
[2026-08-14T12:12:30] SAMPLE t=56s phase=Path_change adaptation=with_ML throughput_gbps=7.6756 latency_ms=67.4626
[2026-08-14T12:12:31] SAMPLE t=57s phase=Path_change adaptation=with_ML throughput_gbps=8.0176 latency_ms=68.4667
[2026-08-14T12:12:32] SAMPLE t=58s phase=Path_change adaptation=with_ML throughput_gbps=7.7216 latency_ms=67.9591
[2026-08-14T12:12:33] SAMPLE t=59s phase=Path_change adaptation=with_ML throughput_gbps=8.0726 latency_ms=68.126
[2026-08-14T12:12:34] SAMPLE t=60s phase=Loss_spike adaptation=with_ML throughput_gbps=7.0618 latency_ms=69.5006
[2026-08-14T12:12:35] SAMPLE t=61s phase=Loss_spike adaptation=with_ML throughput_gbps=8.4261 latency_ms=69.6247
[2026-08-14T12:12:36] SAMPLE t=62s phase=Loss_spike adaptation=with_ML throughput_gbps=7.8949 latency_ms=70.1168
[2026-08-14T12:12:37] SAMPLE t=63s phase=Loss_spike adaptation=with_ML throughput_gbps=6.3459 latency_ms=70.6082
[2026-08-14T12:12:38] SAMPLE t=64s phase=Loss_spike adaptation=with_ML throughput_gbps=5.94 latency_ms=68.6495
[2026-08-14T12:12:39] SAMPLE t=65s phase=Loss_spike adaptation=with_ML throughput_gbps=7.1484 latency_ms=68.3744
[2026-08-14T12:12:40] SAMPLE t=66s phase=Loss_spike adaptation=with_ML throughput_gbps=8.5798 latency_ms=72.8593
[2026-08-14T12:12:41] SAMPLE t=67s phase=Loss_spike adaptation=with_ML throughput_gbps=8.0052 latency_ms=68.8342
[2026-08-14T12:12:42] SAMPLE t=68s phase=Loss_spike adaptation=with_ML throughput_gbps=6.7886 latency_ms=68.8627
[2026-08-14T12:12:43] SAMPLE t=69s phase=Loss_spike adaptation=with_ML throughput_gbps=6.2229 latency_ms=71.6111
[2026-08-14T12:12:44] SAMPLE t=70s phase=Loss_spike adaptation=with_ML throughput_gbps=7.2054 latency_ms=68.9236
[2026-08-14T12:12:45] SAMPLE t=71s phase=Loss_spike adaptation=with_ML throughput_gbps=8.6065 latency_ms=70.5116
[2026-08-14T12:12:46] SAMPLE t=72s phase=Loss_spike adaptation=with_ML throughput_gbps=8.0993 latency_ms=70.461
[2026-08-14T12:12:47] SAMPLE t=73s phase=Loss_spike adaptation=with_ML throughput_gbps=6.6664 latency_ms=68.8222
[2026-08-14T12:12:48] SAMPLE t=74s phase=Loss_spike adaptation=with_ML throughput_gbps=6.0347 latency_ms=71.4271
[2026-08-14T12:12:49] SAMPLE t=75s phase=Loss_spike adaptation=with_ML throughput_gbps=7.0803 latency_ms=66.13
[2026-08-14T12:12:50] SAMPLE t=76s phase=Loss_spike adaptation=with_ML throughput_gbps=8.71 latency_ms=71.1162
[2026-08-14T12:12:51] SAMPLE t=77s phase=Loss_spike adaptation=with_ML throughput_gbps=7.9175 latency_ms=68.435
[2026-08-14T12:12:52] SAMPLE t=78s phase=Loss_spike adaptation=with_ML throughput_gbps=6.9631 latency_ms=69.5013
[2026-08-14T12:12:53] SAMPLE t=79s phase=Loss_spike adaptation=with_ML throughput_gbps=6.0986 latency_ms=73.7734
[2026-08-14T12:12:54] SAMPLE t=80s phase=Recovery adaptation=with_ML throughput_gbps=7.8809 latency_ms=65.5074
[2026-08-14T12:12:55] SAMPLE t=81s phase=Recovery adaptation=with_ML throughput_gbps=8.1263 latency_ms=64.0238
[2026-08-14T12:12:56] SAMPLE t=82s phase=Recovery adaptation=with_ML throughput_gbps=8.2453 latency_ms=65.1027
[2026-08-14T12:12:57] SAMPLE t=83s phase=Recovery adaptation=with_ML throughput_gbps=8.5443 latency_ms=66.2284
[2026-08-14T12:12:58] SAMPLE t=84s phase=Recovery adaptation=with_ML throughput_gbps=8.5664 latency_ms=67.7685
[2026-08-14T12:12:59] SAMPLE t=85s phase=Recovery adaptation=with_ML throughput_gbps=8.2628 latency_ms=65.7853
[2026-08-14T12:13:00] SAMPLE t=86s phase=Recovery adaptation=with_ML throughput_gbps=7.7624 latency_ms=65.2735
[2026-08-14T12:13:01] SAMPLE t=87s phase=Recovery adaptation=with_ML throughput_gbps=8.3119 latency_ms=63.8008
[2026-08-14T12:13:02] SAMPLE t=88s phase=Recovery adaptation=with_ML throughput_gbps=8.1215 latency_ms=64.4446
[2026-08-14T12:13:03] SAMPLE t=89s phase=Recovery adaptation=with_ML throughput_gbps=8.6164 latency_ms=65.6254
[2026-08-14T12:13:04] SAMPLE t=90s phase=Recovery adaptation=with_ML throughput_gbps=8.4876 latency_ms=65.6793
[2026-08-14T12:13:05] SAMPLE t=91s phase=Recovery adaptation=with_ML throughput_gbps=8.4205 latency_ms=65.0502
[2026-08-14T12:13:06] SAMPLE t=92s phase=Recovery adaptation=with_ML throughput_gbps=8.3995 latency_ms=66.0501
[2026-08-14T12:13:07] SAMPLE t=93s phase=Recovery adaptation=with_ML throughput_gbps=8.2823 latency_ms=65.1307
[2026-08-14T12:13:08] SAMPLE t=94s phase=Recovery adaptation=with_ML throughput_gbps=8.2983 latency_ms=65.4569
[2026-08-14T12:13:09] SAMPLE t=95s phase=Recovery adaptation=with_ML throughput_gbps=8.4455 latency_ms=66.9767
[2026-08-14T12:13:10] SAMPLE t=96s phase=Recovery adaptation=with_ML throughput_gbps=8.2512 latency_ms=65.8343
[2026-08-14T12:13:11] SAMPLE t=97s phase=Recovery adaptation=with_ML throughput_gbps=8.5375 latency_ms=63.4861
[2026-08-14T12:13:12] SAMPLE t=98s phase=Recovery adaptation=with_ML throughput_gbps=8.6982 latency_ms=62.3098
[2026-08-14T12:13:13] SAMPLE t=99s phase=Recovery adaptation=with_ML throughput_gbps=8.4438 latency_ms=63.2487
[2026-08-14T12:11:34] SAMPLE t=0s phase=Stable adaptation=without_ML throughput_gbps=8.278 latency_ms=66.1148
[2026-08-14T12:11:35] SAMPLE t=1s phase=Stable adaptation=without_ML throughput_gbps=7.9239 latency_ms=67.1927
[2026-08-14T12:11:36] SAMPLE t=2s phase=Stable adaptation=without_ML throughput_gbps=8.1714 latency_ms=64.1425
[2026-08-14T12:11:37] SAMPLE t=3s phase=Stable adaptation=without_ML throughput_gbps=8.0341 latency_ms=63.307
[2026-08-14T12:11:38] SAMPLE t=4s phase=Stable adaptation=without_ML throughput_gbps=7.6325 latency_ms=66.8099
[2026-08-14T12:11:39] SAMPLE t=5s phase=Stable adaptation=without_ML throughput_gbps=7.9843 latency_ms=66.2788
[2026-08-14T12:11:40] SAMPLE t=6s phase=Stable adaptation=without_ML throughput_gbps=7.8855 latency_ms=64.8665
[2026-08-14T12:11:41] SAMPLE t=7s phase=Stable adaptation=without_ML throughput_gbps=8.1496 latency_ms=66.8021
[2026-08-14T12:11:42] SAMPLE t=8s phase=Stable adaptation=without_ML throughput_gbps=8.3781 latency_ms=66.6545
[2026-08-14T12:11:43] SAMPLE t=9s phase=Stable adaptation=without_ML throughput_gbps=8.2967 latency_ms=64.706
[2026-08-14T12:11:44] SAMPLE t=10s phase=Stable adaptation=without_ML throughput_gbps=8.2022 latency_ms=67.6172
[2026-08-14T12:11:45] SAMPLE t=11s phase=Stable adaptation=without_ML throughput_gbps=7.6952 latency_ms=67.3602
[2026-08-14T12:11:46] SAMPLE t=12s phase=Stable adaptation=without_ML throughput_gbps=8.2362 latency_ms=69.0559
[2026-08-14T12:11:47] SAMPLE t=13s phase=Stable adaptation=without_ML throughput_gbps=8.0836 latency_ms=66.023
[2026-08-14T12:11:48] SAMPLE t=14s phase=Stable adaptation=without_ML throughput_gbps=8.0408 latency_ms=66.4255
[2026-08-14T12:11:49] SAMPLE t=15s phase=Stable adaptation=without_ML throughput_gbps=7.8899 latency_ms=67.9702
[2026-08-14T12:11:50] SAMPLE t=16s phase=Stable adaptation=without_ML throughput_gbps=8.272 latency_ms=65.5172
[2026-08-14T12:11:51] SAMPLE t=17s phase=Stable adaptation=without_ML throughput_gbps=8.073 latency_ms=65.9002
[2026-08-14T12:11:52] SAMPLE t=18s phase=Stable adaptation=without_ML throughput_gbps=8.1583 latency_ms=65.9309
[2026-08-14T12:11:53] SAMPLE t=19s phase=Stable adaptation=without_ML throughput_gbps=8.234 latency_ms=66.1061
[2026-08-14T12:11:54] SAMPLE t=20s phase=Congestion adaptation=without_ML throughput_gbps=7.9315 latency_ms=66.7649
[2026-08-14T12:11:55] SAMPLE t=21s phase=Congestion adaptation=without_ML throughput_gbps=7.8282 latency_ms=65.6974
[2026-08-14T12:11:56] SAMPLE t=22s phase=Congestion adaptation=without_ML throughput_gbps=8.0853 latency_ms=65.7044
[2026-08-14T12:11:57] SAMPLE t=23s phase=Congestion adaptation=without_ML throughput_gbps=7.9242 latency_ms=65.6533
[2026-08-14T12:11:58] SAMPLE t=24s phase=Congestion adaptation=without_ML throughput_gbps=7.7772 latency_ms=65.3293
[2026-08-14T12:11:59] SAMPLE t=25s phase=Congestion adaptation=without_ML throughput_gbps=7.4976 latency_ms=66.0636
[2026-08-14T12:12:00] SAMPLE t=26s phase=Congestion adaptation=without_ML throughput_gbps=7.759 latency_ms=67.8021
[2026-08-14T12:12:01] SAMPLE t=27s phase=Congestion adaptation=without_ML throughput_gbps=8.166 latency_ms=66.4494
[2026-08-14T12:12:02] SAMPLE t=28s phase=Congestion adaptation=without_ML throughput_gbps=7.9578 latency_ms=65.4329
[2026-08-14T12:12:03] SAMPLE t=29s phase=Congestion adaptation=without_ML throughput_gbps=8.0695 latency_ms=63.329
[2026-08-14T12:12:04] SAMPLE t=30s phase=Congestion adaptation=without_ML throughput_gbps=8.0429 latency_ms=64.6361
[2026-08-14T12:12:05] SAMPLE t=31s phase=Congestion adaptation=without_ML throughput_gbps=7.817 latency_ms=64.9304
[2026-08-14T12:12:06] SAMPLE t=32s phase=Congestion adaptation=without_ML throughput_gbps=8.2264 latency_ms=65.6329
[2026-08-14T12:12:07] SAMPLE t=33s phase=Congestion adaptation=without_ML throughput_gbps=7.7397 latency_ms=66.4944
[2026-08-14T12:12:08] SAMPLE t=34s phase=Congestion adaptation=without_ML throughput_gbps=8.1712 latency_ms=66.6602
[2026-08-14T12:12:09] SAMPLE t=35s phase=Congestion adaptation=without_ML throughput_gbps=7.5447 latency_ms=63.9306
[2026-08-14T12:12:10] SAMPLE t=36s phase=Congestion adaptation=without_ML throughput_gbps=8.218 latency_ms=64.195
[2026-08-14T12:12:11] SAMPLE t=37s phase=Congestion adaptation=without_ML throughput_gbps=8.0874 latency_ms=63.0901
[2026-08-14T12:12:12] SAMPLE t=38s phase=Congestion adaptation=without_ML throughput_gbps=7.9738 latency_ms=66.1734
[2026-08-14T12:12:13] SAMPLE t=39s phase=Congestion adaptation=without_ML throughput_gbps=8.039 latency_ms=65.6475
[2026-08-14T12:12:14] SAMPLE t=40s phase=Path_change adaptation=without_ML throughput_gbps=8.086 latency_ms=66.1417
[2026-08-14T12:12:15] SAMPLE t=41s phase=Path_change adaptation=without_ML throughput_gbps=7.3619 latency_ms=67.8672
[2026-08-14T12:12:16] SAMPLE t=42s phase=Path_change adaptation=without_ML throughput_gbps=7.4015 latency_ms=64.6452
[2026-08-14T12:12:17] SAMPLE t=43s phase=Path_change adaptation=without_ML throughput_gbps=7.2293 latency_ms=70.2964
[2026-08-14T12:12:18] SAMPLE t=44s phase=Path_change adaptation=without_ML throughput_gbps=6.7723 latency_ms=71.4618
[2026-08-14T12:12:19] SAMPLE t=45s phase=Path_change adaptation=without_ML throughput_gbps=6.2673 latency_ms=68.4158
[2026-08-14T12:12:20] SAMPLE t=46s phase=Path_change adaptation=without_ML throughput_gbps=6.0643 latency_ms=71.8396
[2026-08-14T12:12:21] SAMPLE t=47s phase=Path_change adaptation=without_ML throughput_gbps=5.8219 latency_ms=72.2058
[2026-08-14T12:12:22] SAMPLE t=48s phase=Path_change adaptation=without_ML throughput_gbps=5.6417 latency_ms=72.4186
[2026-08-14T12:12:23] SAMPLE t=49s phase=Path_change adaptation=without_ML throughput_gbps=6.0256 latency_ms=72.9765
[2026-08-14T12:12:24] SAMPLE t=50s phase=Path_change adaptation=without_ML throughput_gbps=6.0016 latency_ms=73.5783
[2026-08-14T12:12:25] SAMPLE t=51s phase=Path_change adaptation=without_ML throughput_gbps=5.7578 latency_ms=74.2494
[2026-08-14T12:12:26] SAMPLE t=52s phase=Path_change adaptation=without_ML throughput_gbps=5.7385 latency_ms=74.467
[2026-08-14T12:12:27] SAMPLE t=53s phase=Path_change adaptation=without_ML throughput_gbps=5.8868 latency_ms=69.5855
[2026-08-14T12:12:28] SAMPLE t=54s phase=Path_change adaptation=without_ML throughput_gbps=5.9524 latency_ms=71.115
[2026-08-14T12:12:29] SAMPLE t=55s phase=Path_change adaptation=without_ML throughput_gbps=6.4593 latency_ms=70.734
[2026-08-14T12:12:30] SAMPLE t=56s phase=Path_change adaptation=without_ML throughput_gbps=6.5752 latency_ms=72.5603
[2026-08-14T12:12:31] SAMPLE t=57s phase=Path_change adaptation=without_ML throughput_gbps=7.021 latency_ms=67.3764
[2026-08-14T12:12:32] SAMPLE t=58s phase=Path_change adaptation=without_ML throughput_gbps=7.1403 latency_ms=66.1116
[2026-08-14T12:12:33] SAMPLE t=59s phase=Path_change adaptation=without_ML throughput_gbps=7.4211 latency_ms=67.6619
[2026-08-14T12:12:34] SAMPLE t=60s phase=Loss_spike adaptation=without_ML throughput_gbps=6.2268 latency_ms=69.0441
[2026-08-14T12:12:35] SAMPLE t=61s phase=Loss_spike adaptation=without_ML throughput_gbps=8.758 latency_ms=78.1052
[2026-08-14T12:12:36] SAMPLE t=62s phase=Loss_spike adaptation=without_ML throughput_gbps=7.2963 latency_ms=76.235
[2026-08-14T12:12:37] SAMPLE t=63s phase=Loss_spike adaptation=without_ML throughput_gbps=4.729 latency_ms=79.6281
[2026-08-14T12:12:38] SAMPLE t=64s phase=Loss_spike adaptation=without_ML throughput_gbps=4.0562 latency_ms=78.6684
[2026-08-14T12:12:39] SAMPLE t=65s phase=Loss_spike adaptation=without_ML throughput_gbps=6.0229 latency_ms=72.4093
[2026-08-14T12:12:40] SAMPLE t=66s phase=Loss_spike adaptation=without_ML throughput_gbps=8.3635 latency_ms=77.5891
[2026-08-14T12:12:41] SAMPLE t=67s phase=Loss_spike adaptation=without_ML throughput_gbps=7.8744 latency_ms=74.7238
[2026-08-14T12:12:42] SAMPLE t=68s phase=Loss_spike adaptation=without_ML throughput_gbps=4.7216 latency_ms=76.777
[2026-08-14T12:12:43] SAMPLE t=69s phase=Loss_spike adaptation=without_ML throughput_gbps=3.9849 latency_ms=79.327
[2026-08-14T12:12:44] SAMPLE t=70s phase=Loss_spike adaptation=without_ML throughput_gbps=6.3197 latency_ms=68.9401
[2026-08-14T12:12:45] SAMPLE t=71s phase=Loss_spike adaptation=without_ML throughput_gbps=8.2168 latency_ms=79.893
[2026-08-14T12:12:46] SAMPLE t=72s phase=Loss_spike adaptation=without_ML throughput_gbps=7.3603 latency_ms=75.3945
[2026-08-14T12:12:47] SAMPLE t=73s phase=Loss_spike adaptation=without_ML throughput_gbps=4.7311 latency_ms=76.8261
[2026-08-14T12:12:48] SAMPLE t=74s phase=Loss_spike adaptation=without_ML throughput_gbps=3.9802 latency_ms=81.6089
[2026-08-14T12:12:49] SAMPLE t=75s phase=Loss_spike adaptation=without_ML throughput_gbps=6.4326 latency_ms=68.9398
[2026-08-14T12:12:50] SAMPLE t=76s phase=Loss_spike adaptation=without_ML throughput_gbps=8.1484 latency_ms=78.4399
[2026-08-14T12:12:51] SAMPLE t=77s phase=Loss_spike adaptation=without_ML throughput_gbps=7.5931 latency_ms=75.896
[2026-08-14T12:12:52] SAMPLE t=78s phase=Loss_spike adaptation=without_ML throughput_gbps=4.9212 latency_ms=77.1342
[2026-08-14T12:12:53] SAMPLE t=79s phase=Loss_spike adaptation=without_ML throughput_gbps=4.0331 latency_ms=78.0675
[2026-08-14T12:12:54] SAMPLE t=80s phase=Recovery adaptation=without_ML throughput_gbps=8.0203 latency_ms=66.6076
[2026-08-14T12:12:55] SAMPLE t=81s phase=Recovery adaptation=without_ML throughput_gbps=8.1234 latency_ms=67.2015
[2026-08-14T12:12:56] SAMPLE t=82s phase=Recovery adaptation=without_ML throughput_gbps=7.6165 latency_ms=66.4544
[2026-08-14T12:12:57] SAMPLE t=83s phase=Recovery adaptation=without_ML throughput_gbps=7.9408 latency_ms=64.9707
[2026-08-14T12:12:58] SAMPLE t=84s phase=Recovery adaptation=without_ML throughput_gbps=7.9419 latency_ms=63.7934
[2026-08-14T12:12:59] SAMPLE t=85s phase=Recovery adaptation=without_ML throughput_gbps=7.7422 latency_ms=65.9636
[2026-08-14T12:13:00] SAMPLE t=86s phase=Recovery adaptation=without_ML throughput_gbps=7.9697 latency_ms=64.9044
[2026-08-14T12:13:01] SAMPLE t=87s phase=Recovery adaptation=without_ML throughput_gbps=7.5833 latency_ms=65.3032
[2026-08-14T12:13:02] SAMPLE t=88s phase=Recovery adaptation=without_ML throughput_gbps=7.8559 latency_ms=66.4592
[2026-08-14T12:13:03] SAMPLE t=89s phase=Recovery adaptation=without_ML throughput_gbps=7.9586 latency_ms=67.8026
[2026-08-14T12:13:04] SAMPLE t=90s phase=Recovery adaptation=without_ML throughput_gbps=7.9612 latency_ms=67.0636
[2026-08-14T12:13:05] SAMPLE t=91s phase=Recovery adaptation=without_ML throughput_gbps=7.9582 latency_ms=65.3451
[2026-08-14T12:13:06] SAMPLE t=92s phase=Recovery adaptation=without_ML throughput_gbps=7.9106 latency_ms=66.6287
[2026-08-14T12:13:07] SAMPLE t=93s phase=Recovery adaptation=without_ML throughput_gbps=7.8736 latency_ms=67.9596
[2026-08-14T12:13:08] SAMPLE t=94s phase=Recovery adaptation=without_ML throughput_gbps=7.8765 latency_ms=66.7166
[2026-08-14T12:13:09] SAMPLE t=95s phase=Recovery adaptation=without_ML throughput_gbps=7.8237 latency_ms=66.7196
[2026-08-14T12:13:10] SAMPLE t=96s phase=Recovery adaptation=without_ML throughput_gbps=8.0141 latency_ms=64.264
[2026-08-14T12:13:11] SAMPLE t=97s phase=Recovery adaptation=without_ML throughput_gbps=8.0882 latency_ms=64.7932
[2026-08-14T12:13:12] SAMPLE t=98s phase=Recovery adaptation=without_ML throughput_gbps=7.9549 latency_ms=65.6889
[2026-08-14T12:13:13] SAMPLE t=99s phase=Recovery adaptation=without_ML throughput_gbps=7.8223 latency_ms=67.9681
[2026-08-14T12:11:34] TRACE_END run_id=97 status=OK
[2026-08-15T08:03:50] TRACE_START run_id=98
[2026-08-15T08:03:50] SAMPLE t=0s phase=Stable adaptation=with_ML throughput_gbps=8.0721 latency_ms=66.0883
[2026-08-15T08:03:51] SAMPLE t=1s phase=Stable adaptation=with_ML throughput_gbps=8.4853 latency_ms=66.3408
[2026-08-15T08:03:52] SAMPLE t=2s phase=Stable adaptation=with_ML throughput_gbps=8.1865 latency_ms=63.8143
[2026-08-15T08:03:53] SAMPLE t=3s phase=Stable adaptation=with_ML throughput_gbps=8.394 latency_ms=65.2004
[2026-08-15T08:03:54] SAMPLE t=4s phase=Stable adaptation=with_ML throughput_gbps=7.7139 latency_ms=66.6229
[2026-08-15T08:03:55] SAMPLE t=5s phase=Stable adaptation=with_ML throughput_gbps=8.1852 latency_ms=64.1387
[2026-08-15T08:03:56] SAMPLE t=6s phase=Stable adaptation=with_ML throughput_gbps=8.4673 latency_ms=66.2793
[2026-08-15T08:03:57] SAMPLE t=7s phase=Stable adaptation=with_ML throughput_gbps=8.2502 latency_ms=67.2514
[2026-08-15T08:03:58] SAMPLE t=8s phase=Stable adaptation=with_ML throughput_gbps=8.0255 latency_ms=67.2207
[2026-08-15T08:03:59] SAMPLE t=9s phase=Stable adaptation=with_ML throughput_gbps=8.0137 latency_ms=66.0923
[2026-08-15T08:04:00] SAMPLE t=10s phase=Stable adaptation=with_ML throughput_gbps=8.415 latency_ms=65.0997
[2026-08-15T08:04:01] SAMPLE t=11s phase=Stable adaptation=with_ML throughput_gbps=7.6444 latency_ms=64.6172
[2026-08-15T08:04:02] SAMPLE t=12s phase=Stable adaptation=with_ML throughput_gbps=8.1169 latency_ms=64.5387
[2026-08-15T08:04:03] SAMPLE t=13s phase=Stable adaptation=with_ML throughput_gbps=8.2325 latency_ms=66.8576
[2026-08-15T08:04:04] SAMPLE t=14s phase=Stable adaptation=with_ML throughput_gbps=8.0676 latency_ms=66.1299
[2026-08-15T08:04:05] SAMPLE t=15s phase=Stable adaptation=with_ML throughput_gbps=7.9417 latency_ms=66.4341
[2026-08-15T08:04:06] SAMPLE t=16s phase=Stable adaptation=with_ML throughput_gbps=7.8764 latency_ms=67.1371
[2026-08-15T08:04:07] SAMPLE t=17s phase=Stable adaptation=with_ML throughput_gbps=8.2311 latency_ms=67.2399
[2026-08-15T08:04:08] SAMPLE t=18s phase=Stable adaptation=with_ML throughput_gbps=7.8972 latency_ms=67.3639
[2026-08-15T08:04:09] SAMPLE t=19s phase=Stable adaptation=with_ML throughput_gbps=8.2584 latency_ms=66.4927
[2026-08-15T08:04:10] SAMPLE t=20s phase=Congestion adaptation=with_ML throughput_gbps=7.904 latency_ms=67.508
[2026-08-15T08:04:11] SAMPLE t=21s phase=Congestion adaptation=with_ML throughput_gbps=7.9637 latency_ms=67.0258
[2026-08-15T08:04:12] SAMPLE t=22s phase=Congestion adaptation=with_ML throughput_gbps=8.0949 latency_ms=65.4264
[2026-08-15T08:04:13] SAMPLE t=23s phase=Congestion adaptation=with_ML throughput_gbps=8.5736 latency_ms=67.1852
[2026-08-15T08:04:14] SAMPLE t=24s phase=Congestion adaptation=with_ML throughput_gbps=8.1215 latency_ms=65.1866
[2026-08-15T08:04:15] SAMPLE t=25s phase=Congestion adaptation=with_ML throughput_gbps=8.1579 latency_ms=67.0993
[2026-08-15T08:04:16] SAMPLE t=26s phase=Congestion adaptation=with_ML throughput_gbps=8.2177 latency_ms=66.8005
[2026-08-15T08:04:17] SAMPLE t=27s phase=Congestion adaptation=with_ML throughput_gbps=8.2289 latency_ms=65.5535
[2026-08-15T08:04:18] SAMPLE t=28s phase=Congestion adaptation=with_ML throughput_gbps=8.46 latency_ms=65.633
[2026-08-15T08:04:19] SAMPLE t=29s phase=Congestion adaptation=with_ML throughput_gbps=8.3232 latency_ms=66.8997
[2026-08-15T08:04:20] SAMPLE t=30s phase=Congestion adaptation=with_ML throughput_gbps=7.9967 latency_ms=66.2094
[2026-08-15T08:04:21] SAMPLE t=31s phase=Congestion adaptation=with_ML throughput_gbps=8.3396 latency_ms=65.6195
[2026-08-15T08:04:22] SAMPLE t=32s phase=Congestion adaptation=with_ML throughput_gbps=8.3252 latency_ms=64.887
[2026-08-15T08:04:23] SAMPLE t=33s phase=Congestion adaptation=with_ML throughput_gbps=8.292 latency_ms=66.3196
[2026-08-15T08:04:24] SAMPLE t=34s phase=Congestion adaptation=with_ML throughput_gbps=8.1831 latency_ms=65.186
[2026-08-15T08:04:25] SAMPLE t=35s phase=Congestion adaptation=with_ML throughput_gbps=8.2987 latency_ms=66.663
[2026-08-15T08:04:26] SAMPLE t=36s phase=Congestion adaptation=with_ML throughput_gbps=8.1981 latency_ms=66.2383
[2026-08-15T08:04:27] SAMPLE t=37s phase=Congestion adaptation=with_ML throughput_gbps=8.1088 latency_ms=67.5801
[2026-08-15T08:04:28] SAMPLE t=38s phase=Congestion adaptation=with_ML throughput_gbps=8.4952 latency_ms=67.4021
[2026-08-15T08:04:29] SAMPLE t=39s phase=Congestion adaptation=with_ML throughput_gbps=8.0888 latency_ms=64.7792
[2026-08-15T08:04:30] SAMPLE t=40s phase=Path_change adaptation=with_ML throughput_gbps=8.0369 latency_ms=66.149
[2026-08-15T08:04:31] SAMPLE t=41s phase=Path_change adaptation=with_ML throughput_gbps=8.452 latency_ms=66.3298
[2026-08-15T08:04:32] SAMPLE t=42s phase=Path_change adaptation=with_ML throughput_gbps=7.7168 latency_ms=67.6125
[2026-08-15T08:04:33] SAMPLE t=43s phase=Path_change adaptation=with_ML throughput_gbps=8.0504 latency_ms=64.5658
[2026-08-15T08:04:34] SAMPLE t=44s phase=Path_change adaptation=with_ML throughput_gbps=7.7658 latency_ms=66.8218
[2026-08-15T08:04:35] SAMPLE t=45s phase=Path_change adaptation=with_ML throughput_gbps=7.293 latency_ms=68.7118
[2026-08-15T08:04:36] SAMPLE t=46s phase=Path_change adaptation=with_ML throughput_gbps=7.3484 latency_ms=69.2747
[2026-08-15T08:04:37] SAMPLE t=47s phase=Path_change adaptation=with_ML throughput_gbps=7.5285 latency_ms=70.6092
[2026-08-15T08:04:38] SAMPLE t=48s phase=Path_change adaptation=with_ML throughput_gbps=7.1768 latency_ms=67.6859
[2026-08-15T08:04:39] SAMPLE t=49s phase=Path_change adaptation=with_ML throughput_gbps=7.3956 latency_ms=67.3105
[2026-08-15T08:04:40] SAMPLE t=50s phase=Path_change adaptation=with_ML throughput_gbps=7.1625 latency_ms=68.7819
[2026-08-15T08:04:41] SAMPLE t=51s phase=Path_change adaptation=with_ML throughput_gbps=7.3857 latency_ms=69.0469
[2026-08-15T08:04:42] SAMPLE t=52s phase=Path_change adaptation=with_ML throughput_gbps=7.2054 latency_ms=69.8839
[2026-08-15T08:04:43] SAMPLE t=53s phase=Path_change adaptation=with_ML throughput_gbps=7.7571 latency_ms=68.0075
[2026-08-15T08:04:44] SAMPLE t=54s phase=Path_change adaptation=with_ML throughput_gbps=7.1927 latency_ms=67.4607
[2026-08-15T08:04:45] SAMPLE t=55s phase=Path_change adaptation=with_ML throughput_gbps=7.639 latency_ms=68.8846
[2026-08-15T08:04:46] SAMPLE t=56s phase=Path_change adaptation=with_ML throughput_gbps=7.736 latency_ms=68.3945
[2026-08-15T08:04:47] SAMPLE t=57s phase=Path_change adaptation=with_ML throughput_gbps=7.7873 latency_ms=67.5063
[2026-08-15T08:04:48] SAMPLE t=58s phase=Path_change adaptation=with_ML throughput_gbps=7.5626 latency_ms=69.7679
[2026-08-15T08:04:49] SAMPLE t=59s phase=Path_change adaptation=with_ML throughput_gbps=7.7139 latency_ms=68.7622
[2026-08-15T08:04:50] SAMPLE t=60s phase=Loss_spike adaptation=with_ML throughput_gbps=7.3853 latency_ms=67.5019
[2026-08-15T08:04:51] SAMPLE t=61s phase=Loss_spike adaptation=with_ML throughput_gbps=7.9024 latency_ms=70.4957
[2026-08-15T08:04:52] SAMPLE t=62s phase=Loss_spike adaptation=with_ML throughput_gbps=8.0311 latency_ms=68.7198
[2026-08-15T08:04:53] SAMPLE t=63s phase=Loss_spike adaptation=with_ML throughput_gbps=6.5534 latency_ms=69.5196
[2026-08-15T08:04:54] SAMPLE t=64s phase=Loss_spike adaptation=with_ML throughput_gbps=6.3206 latency_ms=68.817
[2026-08-15T08:04:55] SAMPLE t=65s phase=Loss_spike adaptation=with_ML throughput_gbps=7.2148 latency_ms=68.099
[2026-08-15T08:04:56] SAMPLE t=66s phase=Loss_spike adaptation=with_ML throughput_gbps=8.2908 latency_ms=68.1746
[2026-08-15T08:04:57] SAMPLE t=67s phase=Loss_spike adaptation=with_ML throughput_gbps=7.9201 latency_ms=69.6301
[2026-08-15T08:04:58] SAMPLE t=68s phase=Loss_spike adaptation=with_ML throughput_gbps=6.5827 latency_ms=67.8343
[2026-08-15T08:04:59] SAMPLE t=69s phase=Loss_spike adaptation=with_ML throughput_gbps=6.3675 latency_ms=72.3555
[2026-08-15T08:05:00] SAMPLE t=70s phase=Loss_spike adaptation=with_ML throughput_gbps=7.1905 latency_ms=70.1046
[2026-08-15T08:05:01] SAMPLE t=71s phase=Loss_spike adaptation=with_ML throughput_gbps=8.2413 latency_ms=71.2823
[2026-08-15T08:05:02] SAMPLE t=72s phase=Loss_spike adaptation=with_ML throughput_gbps=7.8273 latency_ms=69.5121
[2026-08-15T08:05:03] SAMPLE t=73s phase=Loss_spike adaptation=with_ML throughput_gbps=6.7814 latency_ms=69.9138
[2026-08-15T08:05:04] SAMPLE t=74s phase=Loss_spike adaptation=with_ML throughput_gbps=6.3118 latency_ms=72.3224
[2026-08-15T08:05:05] SAMPLE t=75s phase=Loss_spike adaptation=with_ML throughput_gbps=7.4308 latency_ms=67.4241
[2026-08-15T08:05:06] SAMPLE t=76s phase=Loss_spike adaptation=with_ML throughput_gbps=8.4788 latency_ms=72.0341
[2026-08-15T08:05:07] SAMPLE t=77s phase=Loss_spike adaptation=with_ML throughput_gbps=7.8308 latency_ms=70.2341
[2026-08-15T08:05:08] SAMPLE t=78s phase=Loss_spike adaptation=with_ML throughput_gbps=6.757 latency_ms=72.0687
[2026-08-15T08:05:09] SAMPLE t=79s phase=Loss_spike adaptation=with_ML throughput_gbps=6.453 latency_ms=71.1083
[2026-08-15T08:05:10] SAMPLE t=80s phase=Recovery adaptation=with_ML throughput_gbps=8.0859 latency_ms=65.4678
[2026-08-15T08:05:11] SAMPLE t=81s phase=Recovery adaptation=with_ML throughput_gbps=8.2423 latency_ms=66.9844
[2026-08-15T08:05:12] SAMPLE t=82s phase=Recovery adaptation=with_ML throughput_gbps=8.0081 latency_ms=64.5343
[2026-08-15T08:05:13] SAMPLE t=83s phase=Recovery adaptation=with_ML throughput_gbps=8.2062 latency_ms=65.6747
[2026-08-15T08:05:14] SAMPLE t=84s phase=Recovery adaptation=with_ML throughput_gbps=8.4102 latency_ms=65.7191
[2026-08-15T08:05:15] SAMPLE t=85s phase=Recovery adaptation=with_ML throughput_gbps=8.0852 latency_ms=65.6516
[2026-08-15T08:05:16] SAMPLE t=86s phase=Recovery adaptation=with_ML throughput_gbps=8.5158 latency_ms=65.4369
[2026-08-15T08:05:17] SAMPLE t=87s phase=Recovery adaptation=with_ML throughput_gbps=8.315 latency_ms=65.7581
[2026-08-15T08:05:18] SAMPLE t=88s phase=Recovery adaptation=with_ML throughput_gbps=8.2819 latency_ms=67.5664
[2026-08-15T08:05:19] SAMPLE t=89s phase=Recovery adaptation=with_ML throughput_gbps=8.6836 latency_ms=66.2673
[2026-08-15T08:05:20] SAMPLE t=90s phase=Recovery adaptation=with_ML throughput_gbps=8.333 latency_ms=65.7663
[2026-08-15T08:05:21] SAMPLE t=91s phase=Recovery adaptation=with_ML throughput_gbps=8.185 latency_ms=66.5592
[2026-08-15T08:05:22] SAMPLE t=92s phase=Recovery adaptation=with_ML throughput_gbps=8.475 latency_ms=65.1925
[2026-08-15T08:05:23] SAMPLE t=93s phase=Recovery adaptation=with_ML throughput_gbps=8.1399 latency_ms=64.9797
[2026-08-15T08:05:24] SAMPLE t=94s phase=Recovery adaptation=with_ML throughput_gbps=8.2395 latency_ms=65.2657
[2026-08-15T08:05:25] SAMPLE t=95s phase=Recovery adaptation=with_ML throughput_gbps=8.2698 latency_ms=65.963
[2026-08-15T08:05:26] SAMPLE t=96s phase=Recovery adaptation=with_ML throughput_gbps=8.2407 latency_ms=65.8301
[2026-08-15T08:05:27] SAMPLE t=97s phase=Recovery adaptation=with_ML throughput_gbps=8.5535 latency_ms=62.3208
[2026-08-15T08:05:28] SAMPLE t=98s phase=Recovery adaptation=with_ML throughput_gbps=8.6914 latency_ms=65.2736
[2026-08-15T08:05:29] SAMPLE t=99s phase=Recovery adaptation=with_ML throughput_gbps=8.2563 latency_ms=64.287
[2026-08-15T08:03:50] SAMPLE t=0s phase=Stable adaptation=without_ML throughput_gbps=7.639 latency_ms=66.2384
[2026-08-15T08:03:51] SAMPLE t=1s phase=Stable adaptation=without_ML throughput_gbps=8.2483 latency_ms=67.4796
[2026-08-15T08:03:52] SAMPLE t=2s phase=Stable adaptation=without_ML throughput_gbps=8.13 latency_ms=65.2352
[2026-08-15T08:03:53] SAMPLE t=3s phase=Stable adaptation=without_ML throughput_gbps=7.7761 latency_ms=64.7274
[2026-08-15T08:03:54] SAMPLE t=4s phase=Stable adaptation=without_ML throughput_gbps=7.7089 latency_ms=66.5384
[2026-08-15T08:03:55] SAMPLE t=5s phase=Stable adaptation=without_ML throughput_gbps=7.7089 latency_ms=64.6286
[2026-08-15T08:03:56] SAMPLE t=6s phase=Stable adaptation=without_ML throughput_gbps=8.1209 latency_ms=66.7743
[2026-08-15T08:03:57] SAMPLE t=7s phase=Stable adaptation=without_ML throughput_gbps=7.5524 latency_ms=66.6572
[2026-08-15T08:03:58] SAMPLE t=8s phase=Stable adaptation=without_ML throughput_gbps=8.1552 latency_ms=66.019
[2026-08-15T08:03:59] SAMPLE t=9s phase=Stable adaptation=without_ML throughput_gbps=7.7643 latency_ms=65.9628
[2026-08-15T08:04:00] SAMPLE t=10s phase=Stable adaptation=without_ML throughput_gbps=7.5366 latency_ms=65.1813
[2026-08-15T08:04:01] SAMPLE t=11s phase=Stable adaptation=without_ML throughput_gbps=7.9394 latency_ms=67.5328
[2026-08-15T08:04:02] SAMPLE t=12s phase=Stable adaptation=without_ML throughput_gbps=8.1056 latency_ms=65.3928
[2026-08-15T08:04:03] SAMPLE t=13s phase=Stable adaptation=without_ML throughput_gbps=8.1707 latency_ms=65.0261
[2026-08-15T08:04:04] SAMPLE t=14s phase=Stable adaptation=without_ML throughput_gbps=8.2281 latency_ms=65.6979
[2026-08-15T08:04:05] SAMPLE t=15s phase=Stable adaptation=without_ML throughput_gbps=8.3479 latency_ms=69.0009
[2026-08-15T08:04:06] SAMPLE t=16s phase=Stable adaptation=without_ML throughput_gbps=7.5941 latency_ms=66.2139
[2026-08-15T08:04:07] SAMPLE t=17s phase=Stable adaptation=without_ML throughput_gbps=7.5613 latency_ms=65.9087
[2026-08-15T08:04:08] SAMPLE t=18s phase=Stable adaptation=without_ML throughput_gbps=7.6196 latency_ms=68.7684
[2026-08-15T08:04:09] SAMPLE t=19s phase=Stable adaptation=without_ML throughput_gbps=8.0275 latency_ms=64.5872
[2026-08-15T08:04:10] SAMPLE t=20s phase=Congestion adaptation=without_ML throughput_gbps=7.7389 latency_ms=65.9075
[2026-08-15T08:04:11] SAMPLE t=21s phase=Congestion adaptation=without_ML throughput_gbps=8.3535 latency_ms=67.3922
[2026-08-15T08:04:12] SAMPLE t=22s phase=Congestion adaptation=without_ML throughput_gbps=8.0576 latency_ms=65.3123
[2026-08-15T08:04:13] SAMPLE t=23s phase=Congestion adaptation=without_ML throughput_gbps=8.2588 latency_ms=66.3807
[2026-08-15T08:04:14] SAMPLE t=24s phase=Congestion adaptation=without_ML throughput_gbps=7.8791 latency_ms=63.5207
[2026-08-15T08:04:15] SAMPLE t=25s phase=Congestion adaptation=without_ML throughput_gbps=8.0678 latency_ms=67.0333
[2026-08-15T08:04:16] SAMPLE t=26s phase=Congestion adaptation=without_ML throughput_gbps=8.2552 latency_ms=64.6239
[2026-08-15T08:04:17] SAMPLE t=27s phase=Congestion adaptation=without_ML throughput_gbps=7.6669 latency_ms=65.791
[2026-08-15T08:04:18] SAMPLE t=28s phase=Congestion adaptation=without_ML throughput_gbps=8.1863 latency_ms=66.1471
[2026-08-15T08:04:19] SAMPLE t=29s phase=Congestion adaptation=without_ML throughput_gbps=7.6375 latency_ms=68.0602
[2026-08-15T08:04:20] SAMPLE t=30s phase=Congestion adaptation=without_ML throughput_gbps=7.9492 latency_ms=66.5207
[2026-08-15T08:04:21] SAMPLE t=31s phase=Congestion adaptation=without_ML throughput_gbps=7.6806 latency_ms=65.4638
[2026-08-15T08:04:22] SAMPLE t=32s phase=Congestion adaptation=without_ML throughput_gbps=8.0708 latency_ms=66.5683
[2026-08-15T08:04:23] SAMPLE t=33s phase=Congestion adaptation=without_ML throughput_gbps=8.1413 latency_ms=66.9752
[2026-08-15T08:04:24] SAMPLE t=34s phase=Congestion adaptation=without_ML throughput_gbps=7.938 latency_ms=64.6716
[2026-08-15T08:04:25] SAMPLE t=35s phase=Congestion adaptation=without_ML throughput_gbps=8.0943 latency_ms=64.3739
[2026-08-15T08:04:26] SAMPLE t=36s phase=Congestion adaptation=without_ML throughput_gbps=8.1146 latency_ms=66.601
[2026-08-15T08:04:27] SAMPLE t=37s phase=Congestion adaptation=without_ML throughput_gbps=8.1842 latency_ms=65.1024
[2026-08-15T08:04:28] SAMPLE t=38s phase=Congestion adaptation=without_ML throughput_gbps=7.9804 latency_ms=66.3284
[2026-08-15T08:04:29] SAMPLE t=39s phase=Congestion adaptation=without_ML throughput_gbps=7.7294 latency_ms=66.3498
[2026-08-15T08:04:30] SAMPLE t=40s phase=Path_change adaptation=without_ML throughput_gbps=8.1697 latency_ms=65.3979
[2026-08-15T08:04:31] SAMPLE t=41s phase=Path_change adaptation=without_ML throughput_gbps=7.8016 latency_ms=66.8087
[2026-08-15T08:04:32] SAMPLE t=42s phase=Path_change adaptation=without_ML throughput_gbps=7.4449 latency_ms=66.2348
[2026-08-15T08:04:33] SAMPLE t=43s phase=Path_change adaptation=without_ML throughput_gbps=6.6186 latency_ms=70.1349
[2026-08-15T08:04:34] SAMPLE t=44s phase=Path_change adaptation=without_ML throughput_gbps=6.286 latency_ms=71.1995
[2026-08-15T08:04:35] SAMPLE t=45s phase=Path_change adaptation=without_ML throughput_gbps=6.1858 latency_ms=70.6321
[2026-08-15T08:04:36] SAMPLE t=46s phase=Path_change adaptation=without_ML throughput_gbps=6.1338 latency_ms=71.8108
[2026-08-15T08:04:37] SAMPLE t=47s phase=Path_change adaptation=without_ML throughput_gbps=6.0166 latency_ms=73.6847
[2026-08-15T08:04:38] SAMPLE t=48s phase=Path_change adaptation=without_ML throughput_gbps=5.9117 latency_ms=71.9571
[2026-08-15T08:04:39] SAMPLE t=49s phase=Path_change adaptation=without_ML throughput_gbps=5.7697 latency_ms=75.1738
[2026-08-15T08:04:40] SAMPLE t=50s phase=Path_change adaptation=without_ML throughput_gbps=5.7522 latency_ms=74.1578
[2026-08-15T08:04:41] SAMPLE t=51s phase=Path_change adaptation=without_ML throughput_gbps=5.7334 latency_ms=73.8445
[2026-08-15T08:04:42] SAMPLE t=52s phase=Path_change adaptation=without_ML throughput_gbps=5.639 latency_ms=69.4851
[2026-08-15T08:04:43] SAMPLE t=53s phase=Path_change adaptation=without_ML throughput_gbps=5.9985 latency_ms=71.8833
[2026-08-15T08:04:44] SAMPLE t=54s phase=Path_change adaptation=without_ML throughput_gbps=6.1003 latency_ms=71.9849
[2026-08-15T08:04:45] SAMPLE t=55s phase=Path_change adaptation=without_ML throughput_gbps=6.5752 latency_ms=72.8783
[2026-08-15T08:04:46] SAMPLE t=56s phase=Path_change adaptation=without_ML throughput_gbps=6.5343 latency_ms=70.0458
[2026-08-15T08:04:47] SAMPLE t=57s phase=Path_change adaptation=without_ML throughput_gbps=7.1758 latency_ms=69.9297
[2026-08-15T08:04:48] SAMPLE t=58s phase=Path_change adaptation=without_ML throughput_gbps=7.1426 latency_ms=67.4325
[2026-08-15T08:04:49] SAMPLE t=59s phase=Path_change adaptation=without_ML throughput_gbps=7.4193 latency_ms=67.429
[2026-08-15T08:04:50] SAMPLE t=60s phase=Loss_spike adaptation=without_ML throughput_gbps=6.5265 latency_ms=71.9413
[2026-08-15T08:04:51] SAMPLE t=61s phase=Loss_spike adaptation=without_ML throughput_gbps=8.373 latency_ms=81.2028
[2026-08-15T08:04:52] SAMPLE t=62s phase=Loss_spike adaptation=without_ML throughput_gbps=7.6889 latency_ms=75.6747
[2026-08-15T08:04:53] SAMPLE t=63s phase=Loss_spike adaptation=without_ML throughput_gbps=4.854 latency_ms=74.6448
[2026-08-15T08:04:54] SAMPLE t=64s phase=Loss_spike adaptation=without_ML throughput_gbps=3.9501 latency_ms=77.0631
[2026-08-15T08:04:55] SAMPLE t=65s phase=Loss_spike adaptation=without_ML throughput_gbps=6.3429 latency_ms=70.9177
[2026-08-15T08:04:56] SAMPLE t=66s phase=Loss_spike adaptation=without_ML throughput_gbps=8.505 latency_ms=79.8376
[2026-08-15T08:04:57] SAMPLE t=67s phase=Loss_spike adaptation=without_ML throughput_gbps=7.6814 latency_ms=74.6332
[2026-08-15T08:04:58] SAMPLE t=68s phase=Loss_spike adaptation=without_ML throughput_gbps=4.8193 latency_ms=74.7665
[2026-08-15T08:04:59] SAMPLE t=69s phase=Loss_spike adaptation=without_ML throughput_gbps=4.074 latency_ms=77.8591
[2026-08-15T08:05:00] SAMPLE t=70s phase=Loss_spike adaptation=without_ML throughput_gbps=6.2441 latency_ms=69.4367
[2026-08-15T08:05:01] SAMPLE t=71s phase=Loss_spike adaptation=without_ML throughput_gbps=8.3236 latency_ms=79.0943
[2026-08-15T08:05:02] SAMPLE t=72s phase=Loss_spike adaptation=without_ML throughput_gbps=7.9045 latency_ms=77.9349
[2026-08-15T08:05:03] SAMPLE t=73s phase=Loss_spike adaptation=without_ML throughput_gbps=4.8561 latency_ms=75.5107
[2026-08-15T08:05:04] SAMPLE t=74s phase=Loss_spike adaptation=without_ML throughput_gbps=3.9539 latency_ms=80.099
[2026-08-15T08:05:05] SAMPLE t=75s phase=Loss_spike adaptation=without_ML throughput_gbps=6.1461 latency_ms=70.2741
[2026-08-15T08:05:06] SAMPLE t=76s phase=Loss_spike adaptation=without_ML throughput_gbps=8.1897 latency_ms=79.1229
[2026-08-15T08:05:07] SAMPLE t=77s phase=Loss_spike adaptation=without_ML throughput_gbps=8.221 latency_ms=78.4728
[2026-08-15T08:05:08] SAMPLE t=78s phase=Loss_spike adaptation=without_ML throughput_gbps=4.9322 latency_ms=73.8108
[2026-08-15T08:05:09] SAMPLE t=79s phase=Loss_spike adaptation=without_ML throughput_gbps=4.0556 latency_ms=77.7243
[2026-08-15T08:05:10] SAMPLE t=80s phase=Recovery adaptation=without_ML throughput_gbps=7.5147 latency_ms=64.6928
[2026-08-15T08:05:11] SAMPLE t=81s phase=Recovery adaptation=without_ML throughput_gbps=8.0564 latency_ms=66.0563
[2026-08-15T08:05:12] SAMPLE t=82s phase=Recovery adaptation=without_ML throughput_gbps=8.1235 latency_ms=65.4488
[2026-08-15T08:05:13] SAMPLE t=83s phase=Recovery adaptation=without_ML throughput_gbps=8.3463 latency_ms=65.896
[2026-08-15T08:05:14] SAMPLE t=84s phase=Recovery adaptation=without_ML throughput_gbps=8.1611 latency_ms=66.4246
[2026-08-15T08:05:15] SAMPLE t=85s phase=Recovery adaptation=without_ML throughput_gbps=8.4026 latency_ms=65.47
[2026-08-15T08:05:16] SAMPLE t=86s phase=Recovery adaptation=without_ML throughput_gbps=8.2078 latency_ms=67.3866
[2026-08-15T08:05:17] SAMPLE t=87s phase=Recovery adaptation=without_ML throughput_gbps=7.9604 latency_ms=65.3548
[2026-08-15T08:05:18] SAMPLE t=88s phase=Recovery adaptation=without_ML throughput_gbps=8.0395 latency_ms=65.5804
[2026-08-15T08:05:19] SAMPLE t=89s phase=Recovery adaptation=without_ML throughput_gbps=8.0438 latency_ms=65.9433
[2026-08-15T08:05:20] SAMPLE t=90s phase=Recovery adaptation=without_ML throughput_gbps=7.7573 latency_ms=64.1423
[2026-08-15T08:05:21] SAMPLE t=91s phase=Recovery adaptation=without_ML throughput_gbps=8.5493 latency_ms=66.6251
[2026-08-15T08:05:22] SAMPLE t=92s phase=Recovery adaptation=without_ML throughput_gbps=8.1051 latency_ms=64.7376
[2026-08-15T08:05:23] SAMPLE t=93s phase=Recovery adaptation=without_ML throughput_gbps=7.9662 latency_ms=67.0152
[2026-08-15T08:05:24] SAMPLE t=94s phase=Recovery adaptation=without_ML throughput_gbps=8.2017 latency_ms=67.4218
[2026-08-15T08:05:25] SAMPLE t=95s phase=Recovery adaptation=without_ML throughput_gbps=7.9606 latency_ms=67.0577
[2026-08-15T08:05:26] SAMPLE t=96s phase=Recovery adaptation=without_ML throughput_gbps=8.0427 latency_ms=66.163
[2026-08-15T08:05:27] SAMPLE t=97s phase=Recovery adaptation=without_ML throughput_gbps=8.0463 latency_ms=64.5172
[2026-08-15T08:05:28] SAMPLE t=98s phase=Recovery adaptation=without_ML throughput_gbps=7.9432 latency_ms=65.6221
[2026-08-15T08:05:29] SAMPLE t=99s phase=Recovery adaptation=without_ML throughput_gbps=8.1786 latency_ms=67.3357
[2026-08-15T08:03:50] TRACE_END run_id=98 status=OK
[2026-08-15T08:09:57] TRACE_START run_id=99
[2026-08-15T08:09:57] SAMPLE t=0s phase=Stable adaptation=with_ML throughput_gbps=7.831 latency_ms=66.7688
[2026-08-15T08:09:58] SAMPLE t=1s phase=Stable adaptation=with_ML throughput_gbps=8.0288 latency_ms=67.5234
[2026-08-15T08:09:59] SAMPLE t=2s phase=Stable adaptation=with_ML throughput_gbps=8.1948 latency_ms=66.7959
[2026-08-15T08:10:00] SAMPLE t=3s phase=Stable adaptation=with_ML throughput_gbps=8.1552 latency_ms=65.5383
[2026-08-15T08:10:01] SAMPLE t=4s phase=Stable adaptation=with_ML throughput_gbps=8.15 latency_ms=66.2214
[2026-08-15T08:10:02] SAMPLE t=5s phase=Stable adaptation=with_ML throughput_gbps=8.2175 latency_ms=66.0438
[2026-08-15T08:10:03] SAMPLE t=6s phase=Stable adaptation=with_ML throughput_gbps=7.9217 latency_ms=65.3943
[2026-08-15T08:10:04] SAMPLE t=7s phase=Stable adaptation=with_ML throughput_gbps=8.1398 latency_ms=67.8193
[2026-08-15T08:10:05] SAMPLE t=8s phase=Stable adaptation=with_ML throughput_gbps=8.299 latency_ms=67.8763
[2026-08-15T08:10:06] SAMPLE t=9s phase=Stable adaptation=with_ML throughput_gbps=7.8857 latency_ms=66.1487
[2026-08-15T08:10:07] SAMPLE t=10s phase=Stable adaptation=with_ML throughput_gbps=8.0932 latency_ms=66.0045
[2026-08-15T08:10:08] SAMPLE t=11s phase=Stable adaptation=with_ML throughput_gbps=8.3084 latency_ms=66.6485
[2026-08-15T08:10:09] SAMPLE t=12s phase=Stable adaptation=with_ML throughput_gbps=7.9721 latency_ms=63.8229
[2026-08-15T08:10:10] SAMPLE t=13s phase=Stable adaptation=with_ML throughput_gbps=7.7162 latency_ms=67.1886
[2026-08-15T08:10:11] SAMPLE t=14s phase=Stable adaptation=with_ML throughput_gbps=8.4465 latency_ms=64.92
[2026-08-15T08:10:12] SAMPLE t=15s phase=Stable adaptation=with_ML throughput_gbps=7.931 latency_ms=66.6017
[2026-08-15T08:10:13] SAMPLE t=16s phase=Stable adaptation=with_ML throughput_gbps=8.3406 latency_ms=67.0903
[2026-08-15T08:10:14] SAMPLE t=17s phase=Stable adaptation=with_ML throughput_gbps=8.0389 latency_ms=67.5793
[2026-08-15T08:10:15] SAMPLE t=18s phase=Stable adaptation=with_ML throughput_gbps=8.135 latency_ms=66.2115
[2026-08-15T08:10:16] SAMPLE t=19s phase=Stable adaptation=with_ML throughput_gbps=7.9915 latency_ms=67.0432
[2026-08-15T08:10:17] SAMPLE t=20s phase=Congestion adaptation=with_ML throughput_gbps=8.2124 latency_ms=65.8339
[2026-08-15T08:10:18] SAMPLE t=21s phase=Congestion adaptation=with_ML throughput_gbps=8.3598 latency_ms=67.5892
[2026-08-15T08:10:19] SAMPLE t=22s phase=Congestion adaptation=with_ML throughput_gbps=8.0464 latency_ms=66.9071
[2026-08-15T08:10:20] SAMPLE t=23s phase=Congestion adaptation=with_ML throughput_gbps=8.2034 latency_ms=66.0378
[2026-08-15T08:10:21] SAMPLE t=24s phase=Congestion adaptation=with_ML throughput_gbps=8.076 latency_ms=65.3063
[2026-08-15T08:10:22] SAMPLE t=25s phase=Congestion adaptation=with_ML throughput_gbps=8.0154 latency_ms=67.0651
[2026-08-15T08:10:23] SAMPLE t=26s phase=Congestion adaptation=with_ML throughput_gbps=8.4011 latency_ms=66.7277
[2026-08-15T08:10:24] SAMPLE t=27s phase=Congestion adaptation=with_ML throughput_gbps=8.3304 latency_ms=67.2961
[2026-08-15T08:10:25] SAMPLE t=28s phase=Congestion adaptation=with_ML throughput_gbps=8.3018 latency_ms=66.7676
[2026-08-15T08:10:26] SAMPLE t=29s phase=Congestion adaptation=with_ML throughput_gbps=8.2451 latency_ms=66.7462
[2026-08-15T08:10:27] SAMPLE t=30s phase=Congestion adaptation=with_ML throughput_gbps=8.2497 latency_ms=65.8198
[2026-08-15T08:10:28] SAMPLE t=31s phase=Congestion adaptation=with_ML throughput_gbps=8.1781 latency_ms=65.4491
[2026-08-15T08:10:29] SAMPLE t=32s phase=Congestion adaptation=with_ML throughput_gbps=8.1648 latency_ms=67.0076
[2026-08-15T08:10:30] SAMPLE t=33s phase=Congestion adaptation=with_ML throughput_gbps=7.6093 latency_ms=67.2322
[2026-08-15T08:10:31] SAMPLE t=34s phase=Congestion adaptation=with_ML throughput_gbps=8.1862 latency_ms=68.5927
[2026-08-15T08:10:32] SAMPLE t=35s phase=Congestion adaptation=with_ML throughput_gbps=8.2496 latency_ms=65.5777
[2026-08-15T08:10:33] SAMPLE t=36s phase=Congestion adaptation=with_ML throughput_gbps=8.2618 latency_ms=66.9738
[2026-08-15T08:10:34] SAMPLE t=37s phase=Congestion adaptation=with_ML throughput_gbps=7.8826 latency_ms=67.5477
[2026-08-15T08:10:35] SAMPLE t=38s phase=Congestion adaptation=with_ML throughput_gbps=7.9292 latency_ms=68.6558
[2026-08-15T08:10:36] SAMPLE t=39s phase=Congestion adaptation=with_ML throughput_gbps=8.2198 latency_ms=64.7952
[2026-08-15T08:10:37] SAMPLE t=40s phase=Path_change adaptation=with_ML throughput_gbps=8.0368 latency_ms=68.3303
[2026-08-15T08:10:38] SAMPLE t=41s phase=Path_change adaptation=with_ML throughput_gbps=8.2754 latency_ms=65.8562
[2026-08-15T08:10:39] SAMPLE t=42s phase=Path_change adaptation=with_ML throughput_gbps=7.9531 latency_ms=66.9797
[2026-08-15T08:10:40] SAMPLE t=43s phase=Path_change adaptation=with_ML throughput_gbps=7.8657 latency_ms=66.7265
[2026-08-15T08:10:41] SAMPLE t=44s phase=Path_change adaptation=with_ML throughput_gbps=7.5827 latency_ms=69.1649
[2026-08-15T08:10:42] SAMPLE t=45s phase=Path_change adaptation=with_ML throughput_gbps=7.6458 latency_ms=68.1743
[2026-08-15T08:10:43] SAMPLE t=46s phase=Path_change adaptation=with_ML throughput_gbps=7.2474 latency_ms=69.5144
[2026-08-15T08:10:44] SAMPLE t=47s phase=Path_change adaptation=with_ML throughput_gbps=7.3086 latency_ms=66.7124
[2026-08-15T08:10:45] SAMPLE t=48s phase=Path_change adaptation=with_ML throughput_gbps=6.9781 latency_ms=70.4826
[2026-08-15T08:10:46] SAMPLE t=49s phase=Path_change adaptation=with_ML throughput_gbps=7.0826 latency_ms=69.0922
[2026-08-15T08:10:47] SAMPLE t=50s phase=Path_change adaptation=with_ML throughput_gbps=7.2289 latency_ms=70.7888
[2026-08-15T08:10:48] SAMPLE t=51s phase=Path_change adaptation=with_ML throughput_gbps=6.931 latency_ms=69.0296
[2026-08-15T08:10:49] SAMPLE t=52s phase=Path_change adaptation=with_ML throughput_gbps=7.2154 latency_ms=68.8839
[2026-08-15T08:10:50] SAMPLE t=53s phase=Path_change adaptation=with_ML throughput_gbps=7.4297 latency_ms=68.7444
[2026-08-15T08:10:51] SAMPLE t=54s phase=Path_change adaptation=with_ML throughput_gbps=7.19 latency_ms=69.4487
[2026-08-15T08:10:52] SAMPLE t=55s phase=Path_change adaptation=with_ML throughput_gbps=7.4212 latency_ms=68.7157
[2026-08-15T08:10:53] SAMPLE t=56s phase=Path_change adaptation=with_ML throughput_gbps=7.7105 latency_ms=68.0049
[2026-08-15T08:10:54] SAMPLE t=57s phase=Path_change adaptation=with_ML throughput_gbps=7.527 latency_ms=67.9385
[2026-08-15T08:10:55] SAMPLE t=58s phase=Path_change adaptation=with_ML throughput_gbps=7.8895 latency_ms=66.5048
[2026-08-15T08:10:56] SAMPLE t=59s phase=Path_change adaptation=with_ML throughput_gbps=8.1343 latency_ms=65.3084
[2026-08-15T08:10:57] SAMPLE t=60s phase=Loss_spike adaptation=with_ML throughput_gbps=7.4047 latency_ms=68.5641
[2026-08-15T08:10:58] SAMPLE t=61s phase=Loss_spike adaptation=with_ML throughput_gbps=8.1119 latency_ms=73.3817
[2026-08-15T08:10:59] SAMPLE t=62s phase=Loss_spike adaptation=with_ML throughput_gbps=7.5949 latency_ms=67.6805
[2026-08-15T08:11:00] SAMPLE t=63s phase=Loss_spike adaptation=with_ML throughput_gbps=6.4567 latency_ms=68.9738
[2026-08-15T08:11:01] SAMPLE t=64s phase=Loss_spike adaptation=with_ML throughput_gbps=6.2233 latency_ms=71.4367
[2026-08-15T08:11:02] SAMPLE t=65s phase=Loss_spike adaptation=with_ML throughput_gbps=7.4613 latency_ms=70.2293
[2026-08-15T08:11:03] SAMPLE t=66s phase=Loss_spike adaptation=with_ML throughput_gbps=8.1443 latency_ms=70.054
[2026-08-15T08:11:04] SAMPLE t=67s phase=Loss_spike adaptation=with_ML throughput_gbps=7.9544 latency_ms=69.8101
[2026-08-15T08:11:05] SAMPLE t=68s phase=Loss_spike adaptation=with_ML throughput_gbps=6.561 latency_ms=70.0892
[2026-08-15T08:11:06] SAMPLE t=69s phase=Loss_spike adaptation=with_ML throughput_gbps=6.2614 latency_ms=71.6098
[2026-08-15T08:11:07] SAMPLE t=70s phase=Loss_spike adaptation=with_ML throughput_gbps=7.3692 latency_ms=67.4368
[2026-08-15T08:11:08] SAMPLE t=71s phase=Loss_spike adaptation=with_ML throughput_gbps=8.8987 latency_ms=70.8337
[2026-08-15T08:11:09] SAMPLE t=72s phase=Loss_spike adaptation=with_ML throughput_gbps=8.1077 latency_ms=69.413
[2026-08-15T08:11:10] SAMPLE t=73s phase=Loss_spike adaptation=with_ML throughput_gbps=6.5348 latency_ms=69.2622
[2026-08-15T08:11:11] SAMPLE t=74s phase=Loss_spike adaptation=with_ML throughput_gbps=6.3818 latency_ms=69.8944
[2026-08-15T08:11:12] SAMPLE t=75s phase=Loss_spike adaptation=with_ML throughput_gbps=7.429 latency_ms=68.7794
[2026-08-15T08:11:13] SAMPLE t=76s phase=Loss_spike adaptation=with_ML throughput_gbps=8.2869 latency_ms=70.8629
[2026-08-15T08:11:14] SAMPLE t=77s phase=Loss_spike adaptation=with_ML throughput_gbps=7.9732 latency_ms=67.1537
[2026-08-15T08:11:15] SAMPLE t=78s phase=Loss_spike adaptation=with_ML throughput_gbps=6.3989 latency_ms=70.2317
[2026-08-15T08:11:16] SAMPLE t=79s phase=Loss_spike adaptation=with_ML throughput_gbps=6.1487 latency_ms=71.2017
[2026-08-15T08:11:17] SAMPLE t=80s phase=Recovery adaptation=with_ML throughput_gbps=8.1264 latency_ms=68.9566
[2026-08-15T08:11:18] SAMPLE t=81s phase=Recovery adaptation=with_ML throughput_gbps=8.7008 latency_ms=67.07
[2026-08-15T08:11:19] SAMPLE t=82s phase=Recovery adaptation=with_ML throughput_gbps=8.0914 latency_ms=65.6983
[2026-08-15T08:11:20] SAMPLE t=83s phase=Recovery adaptation=with_ML throughput_gbps=8.1247 latency_ms=69.1384
[2026-08-15T08:11:21] SAMPLE t=84s phase=Recovery adaptation=with_ML throughput_gbps=8.2695 latency_ms=64.7995
[2026-08-15T08:11:22] SAMPLE t=85s phase=Recovery adaptation=with_ML throughput_gbps=8.4118 latency_ms=66.6261
[2026-08-15T08:11:23] SAMPLE t=86s phase=Recovery adaptation=with_ML throughput_gbps=7.8738 latency_ms=67.1387
[2026-08-15T08:11:24] SAMPLE t=87s phase=Recovery adaptation=with_ML throughput_gbps=7.9728 latency_ms=65.8576
[2026-08-15T08:11:25] SAMPLE t=88s phase=Recovery adaptation=with_ML throughput_gbps=8.5475 latency_ms=65.8343
[2026-08-15T08:11:26] SAMPLE t=89s phase=Recovery adaptation=with_ML throughput_gbps=8.284 latency_ms=64.1402
[2026-08-15T08:11:27] SAMPLE t=90s phase=Recovery adaptation=with_ML throughput_gbps=8.8126 latency_ms=66.2985
[2026-08-15T08:11:28] SAMPLE t=91s phase=Recovery adaptation=with_ML throughput_gbps=8.0856 latency_ms=65.5279
[2026-08-15T08:11:29] SAMPLE t=92s phase=Recovery adaptation=with_ML throughput_gbps=8.2597 latency_ms=66.1498
[2026-08-15T08:11:30] SAMPLE t=93s phase=Recovery adaptation=with_ML throughput_gbps=8.6568 latency_ms=63.1498
[2026-08-15T08:11:31] SAMPLE t=94s phase=Recovery adaptation=with_ML throughput_gbps=8.4561 latency_ms=65.8758
[2026-08-15T08:11:32] SAMPLE t=95s phase=Recovery adaptation=with_ML throughput_gbps=8.3719 latency_ms=66.2895
[2026-08-15T08:11:33] SAMPLE t=96s phase=Recovery adaptation=with_ML throughput_gbps=8.4987 latency_ms=66.6991
[2026-08-15T08:11:34] SAMPLE t=97s phase=Recovery adaptation=with_ML throughput_gbps=8.2987 latency_ms=62.6103
[2026-08-15T08:11:35] SAMPLE t=98s phase=Recovery adaptation=with_ML throughput_gbps=8.5078 latency_ms=63.0023
[2026-08-15T08:11:36] SAMPLE t=99s phase=Recovery adaptation=with_ML throughput_gbps=8.4895 latency_ms=62.8407
[2026-08-15T08:09:57] SAMPLE t=0s phase=Stable adaptation=without_ML throughput_gbps=7.8476 latency_ms=65.7384
[2026-08-15T08:09:58] SAMPLE t=1s phase=Stable adaptation=without_ML throughput_gbps=7.6657 latency_ms=65.3584
[2026-08-15T08:09:59] SAMPLE t=2s phase=Stable adaptation=without_ML throughput_gbps=7.5317 latency_ms=66.5387
[2026-08-15T08:10:00] SAMPLE t=3s phase=Stable adaptation=without_ML throughput_gbps=8.1583 latency_ms=65.6607
[2026-08-15T08:10:01] SAMPLE t=4s phase=Stable adaptation=without_ML throughput_gbps=7.9542 latency_ms=63.5884
[2026-08-15T08:10:02] SAMPLE t=5s phase=Stable adaptation=without_ML throughput_gbps=8.1714 latency_ms=65.7444
[2026-08-15T08:10:03] SAMPLE t=6s phase=Stable adaptation=without_ML throughput_gbps=8.0501 latency_ms=67.7723
[2026-08-15T08:10:04] SAMPLE t=7s phase=Stable adaptation=without_ML throughput_gbps=8.1743 latency_ms=67.918
[2026-08-15T08:10:05] SAMPLE t=8s phase=Stable adaptation=without_ML throughput_gbps=7.766 latency_ms=63.7434
[2026-08-15T08:10:06] SAMPLE t=9s phase=Stable adaptation=without_ML throughput_gbps=7.6081 latency_ms=67.506
[2026-08-15T08:10:07] SAMPLE t=10s phase=Stable adaptation=without_ML throughput_gbps=7.9977 latency_ms=66.2021
[2026-08-15T08:10:08] SAMPLE t=11s phase=Stable adaptation=without_ML throughput_gbps=7.8061 latency_ms=64.1493
[2026-08-15T08:10:09] SAMPLE t=12s phase=Stable adaptation=without_ML throughput_gbps=8.1366 latency_ms=64.8541
[2026-08-15T08:10:10] SAMPLE t=13s phase=Stable adaptation=without_ML throughput_gbps=7.9054 latency_ms=64.4998
[2026-08-15T08:10:11] SAMPLE t=14s phase=Stable adaptation=without_ML throughput_gbps=7.9331 latency_ms=64.3343
[2026-08-15T08:10:12] SAMPLE t=15s phase=Stable adaptation=without_ML throughput_gbps=7.9832 latency_ms=62.7606
[2026-08-15T08:10:13] SAMPLE t=16s phase=Stable adaptation=without_ML throughput_gbps=7.8117 latency_ms=66.3129
[2026-08-15T08:10:14] SAMPLE t=17s phase=Stable adaptation=without_ML throughput_gbps=7.7789 latency_ms=66.7179
[2026-08-15T08:10:15] SAMPLE t=18s phase=Stable adaptation=without_ML throughput_gbps=7.9046 latency_ms=65.8838
[2026-08-15T08:10:16] SAMPLE t=19s phase=Stable adaptation=without_ML throughput_gbps=7.9088 latency_ms=65.6795
[2026-08-15T08:10:17] SAMPLE t=20s phase=Congestion adaptation=without_ML throughput_gbps=8.1559 latency_ms=65.9589
[2026-08-15T08:10:18] SAMPLE t=21s phase=Congestion adaptation=without_ML throughput_gbps=7.7882 latency_ms=64.312
[2026-08-15T08:10:19] SAMPLE t=22s phase=Congestion adaptation=without_ML throughput_gbps=7.5463 latency_ms=65.2578
[2026-08-15T08:10:20] SAMPLE t=23s phase=Congestion adaptation=without_ML throughput_gbps=8.1143 latency_ms=65.3689
[2026-08-15T08:10:21] SAMPLE t=24s phase=Congestion adaptation=without_ML throughput_gbps=7.7562 latency_ms=66.2872
[2026-08-15T08:10:22] SAMPLE t=25s phase=Congestion adaptation=without_ML throughput_gbps=7.8462 latency_ms=64.792
[2026-08-15T08:10:23] SAMPLE t=26s phase=Congestion adaptation=without_ML throughput_gbps=7.9035 latency_ms=65.9375
[2026-08-15T08:10:24] SAMPLE t=27s phase=Congestion adaptation=without_ML throughput_gbps=7.919 latency_ms=66.514
[2026-08-15T08:10:25] SAMPLE t=28s phase=Congestion adaptation=without_ML throughput_gbps=8.1566 latency_ms=64.2677
[2026-08-15T08:10:26] SAMPLE t=29s phase=Congestion adaptation=without_ML throughput_gbps=8.2261 latency_ms=65.1798
[2026-08-15T08:10:27] SAMPLE t=30s phase=Congestion adaptation=without_ML throughput_gbps=8.1875 latency_ms=65.8155
[2026-08-15T08:10:28] SAMPLE t=31s phase=Congestion adaptation=without_ML throughput_gbps=7.9108 latency_ms=67.8315
[2026-08-15T08:10:29] SAMPLE t=32s phase=Congestion adaptation=without_ML throughput_gbps=7.9027 latency_ms=64.5284
[2026-08-15T08:10:30] SAMPLE t=33s phase=Congestion adaptation=without_ML throughput_gbps=8.086 latency_ms=64.8836
[2026-08-15T08:10:31] SAMPLE t=34s phase=Congestion adaptation=without_ML throughput_gbps=7.8139 latency_ms=67.0836
[2026-08-15T08:10:32] SAMPLE t=35s phase=Congestion adaptation=without_ML throughput_gbps=8.1238 latency_ms=62.7864
[2026-08-15T08:10:33] SAMPLE t=36s phase=Congestion adaptation=without_ML throughput_gbps=7.9284 latency_ms=67.9874
[2026-08-15T08:10:34] SAMPLE t=37s phase=Congestion adaptation=without_ML throughput_gbps=7.9076 latency_ms=66.9085
[2026-08-15T08:10:35] SAMPLE t=38s phase=Congestion adaptation=without_ML throughput_gbps=8.0806 latency_ms=66.7125
[2026-08-15T08:10:36] SAMPLE t=39s phase=Congestion adaptation=without_ML throughput_gbps=8.0704 latency_ms=64.5234
[2026-08-15T08:10:37] SAMPLE t=40s phase=Path_change adaptation=without_ML throughput_gbps=8.0146 latency_ms=66.9372
[2026-08-15T08:10:38] SAMPLE t=41s phase=Path_change adaptation=without_ML throughput_gbps=7.0494 latency_ms=64.0069
[2026-08-15T08:10:39] SAMPLE t=42s phase=Path_change adaptation=without_ML throughput_gbps=7.2551 latency_ms=67.7284
[2026-08-15T08:10:40] SAMPLE t=43s phase=Path_change adaptation=without_ML throughput_gbps=7.147 latency_ms=68.3151
[2026-08-15T08:10:41] SAMPLE t=44s phase=Path_change adaptation=without_ML throughput_gbps=6.535 latency_ms=68.7535
[2026-08-15T08:10:42] SAMPLE t=45s phase=Path_change adaptation=without_ML throughput_gbps=6.0834 latency_ms=72.2051
[2026-08-15T08:10:43] SAMPLE t=46s phase=Path_change adaptation=without_ML throughput_gbps=6.398 latency_ms=71.1698
[2026-08-15T08:10:44] SAMPLE t=47s phase=Path_change adaptation=without_ML throughput_gbps=6.2891 latency_ms=75.7957
[2026-08-15T08:10:45] SAMPLE t=48s phase=Path_change adaptation=without_ML throughput_gbps=5.794 latency_ms=71.805
[2026-08-15T08:10:46] SAMPLE t=49s phase=Path_change adaptation=without_ML throughput_gbps=5.601 latency_ms=74.3687
[2026-08-15T08:10:47] SAMPLE t=50s phase=Path_change adaptation=without_ML throughput_gbps=5.6594 latency_ms=72.5981
[2026-08-15T08:10:48] SAMPLE t=51s phase=Path_change adaptation=without_ML throughput_gbps=5.6196 latency_ms=71.5475
[2026-08-15T08:10:49] SAMPLE t=52s phase=Path_change adaptation=without_ML throughput_gbps=6.0681 latency_ms=73.7152
[2026-08-15T08:10:50] SAMPLE t=53s phase=Path_change adaptation=without_ML throughput_gbps=5.9097 latency_ms=74.9899
[2026-08-15T08:10:51] SAMPLE t=54s phase=Path_change adaptation=without_ML throughput_gbps=6.1468 latency_ms=70.8893
[2026-08-15T08:10:52] SAMPLE t=55s phase=Path_change adaptation=without_ML throughput_gbps=6.399 latency_ms=68.9871
[2026-08-15T08:10:53] SAMPLE t=56s phase=Path_change adaptation=without_ML throughput_gbps=6.8313 latency_ms=70.4571
[2026-08-15T08:10:54] SAMPLE t=57s phase=Path_change adaptation=without_ML throughput_gbps=6.8958 latency_ms=68.2432
[2026-08-15T08:10:55] SAMPLE t=58s phase=Path_change adaptation=without_ML throughput_gbps=7.7339 latency_ms=70.1299
[2026-08-15T08:10:56] SAMPLE t=59s phase=Path_change adaptation=without_ML throughput_gbps=8.0079 latency_ms=67.5589
[2026-08-15T08:10:57] SAMPLE t=60s phase=Loss_spike adaptation=without_ML throughput_gbps=6.0241 latency_ms=72.0624
[2026-08-15T08:10:58] SAMPLE t=61s phase=Loss_spike adaptation=without_ML throughput_gbps=8.0001 latency_ms=80.5933
[2026-08-15T08:10:59] SAMPLE t=62s phase=Loss_spike adaptation=without_ML throughput_gbps=7.4449 latency_ms=76.3461
[2026-08-15T08:11:00] SAMPLE t=63s phase=Loss_spike adaptation=without_ML throughput_gbps=4.9974 latency_ms=73.738
[2026-08-15T08:11:01] SAMPLE t=64s phase=Loss_spike adaptation=without_ML throughput_gbps=3.9086 latency_ms=77.6192
[2026-08-15T08:11:02] SAMPLE t=65s phase=Loss_spike adaptation=without_ML throughput_gbps=6.2702 latency_ms=71.2476
[2026-08-15T08:11:03] SAMPLE t=66s phase=Loss_spike adaptation=without_ML throughput_gbps=8.8409 latency_ms=83.2466
[2026-08-15T08:11:04] SAMPLE t=67s phase=Loss_spike adaptation=without_ML throughput_gbps=7.7023 latency_ms=75.9114
[2026-08-15T08:11:05] SAMPLE t=68s phase=Loss_spike adaptation=without_ML throughput_gbps=4.9764 latency_ms=75.5691
[2026-08-15T08:11:06] SAMPLE t=69s phase=Loss_spike adaptation=without_ML throughput_gbps=4.1265 latency_ms=79.9156
[2026-08-15T08:11:07] SAMPLE t=70s phase=Loss_spike adaptation=without_ML throughput_gbps=6.0257 latency_ms=67.6827
[2026-08-15T08:11:08] SAMPLE t=71s phase=Loss_spike adaptation=without_ML throughput_gbps=8.419 latency_ms=82.7674
[2026-08-15T08:11:09] SAMPLE t=72s phase=Loss_spike adaptation=without_ML throughput_gbps=7.4035 latency_ms=74.7467
[2026-08-15T08:11:10] SAMPLE t=73s phase=Loss_spike adaptation=without_ML throughput_gbps=4.5907 latency_ms=76.5667
[2026-08-15T08:11:11] SAMPLE t=74s phase=Loss_spike adaptation=without_ML throughput_gbps=3.9662 latency_ms=79.3105
[2026-08-15T08:11:12] SAMPLE t=75s phase=Loss_spike adaptation=without_ML throughput_gbps=6.335 latency_ms=69.615
[2026-08-15T08:11:13] SAMPLE t=76s phase=Loss_spike adaptation=without_ML throughput_gbps=8.367 latency_ms=80.9989
[2026-08-15T08:11:14] SAMPLE t=77s phase=Loss_spike adaptation=without_ML throughput_gbps=7.5699 latency_ms=74.8543
[2026-08-15T08:11:15] SAMPLE t=78s phase=Loss_spike adaptation=without_ML throughput_gbps=4.7813 latency_ms=76.3362
[2026-08-15T08:11:16] SAMPLE t=79s phase=Loss_spike adaptation=without_ML throughput_gbps=3.7428 latency_ms=79.3122
[2026-08-15T08:11:17] SAMPLE t=80s phase=Recovery adaptation=without_ML throughput_gbps=7.813 latency_ms=67.4663
[2026-08-15T08:11:18] SAMPLE t=81s phase=Recovery adaptation=without_ML throughput_gbps=8.1318 latency_ms=64.7263
[2026-08-15T08:11:19] SAMPLE t=82s phase=Recovery adaptation=without_ML throughput_gbps=7.805 latency_ms=67.3057
[2026-08-15T08:11:20] SAMPLE t=83s phase=Recovery adaptation=without_ML throughput_gbps=8.3198 latency_ms=66.1562
[2026-08-15T08:11:21] SAMPLE t=84s phase=Recovery adaptation=without_ML throughput_gbps=8.0269 latency_ms=67.9917
[2026-08-15T08:11:22] SAMPLE t=85s phase=Recovery adaptation=without_ML throughput_gbps=7.9302 latency_ms=66.6455
[2026-08-15T08:11:23] SAMPLE t=86s phase=Recovery adaptation=without_ML throughput_gbps=7.7529 latency_ms=68.5337
[2026-08-15T08:11:24] SAMPLE t=87s phase=Recovery adaptation=without_ML throughput_gbps=8.1145 latency_ms=65.836
[2026-08-15T08:11:25] SAMPLE t=88s phase=Recovery adaptation=without_ML throughput_gbps=7.9705 latency_ms=66.9989
[2026-08-15T08:11:26] SAMPLE t=89s phase=Recovery adaptation=without_ML throughput_gbps=7.805 latency_ms=63.3767
[2026-08-15T08:11:27] SAMPLE t=90s phase=Recovery adaptation=without_ML throughput_gbps=7.7815 latency_ms=66.6727
[2026-08-15T08:11:28] SAMPLE t=91s phase=Recovery adaptation=without_ML throughput_gbps=8.0861 latency_ms=68.498
[2026-08-15T08:11:29] SAMPLE t=92s phase=Recovery adaptation=without_ML throughput_gbps=7.9797 latency_ms=63.8539
[2026-08-15T08:11:30] SAMPLE t=93s phase=Recovery adaptation=without_ML throughput_gbps=7.7586 latency_ms=66.8113
[2026-08-15T08:11:31] SAMPLE t=94s phase=Recovery adaptation=without_ML throughput_gbps=7.9792 latency_ms=66.3665
[2026-08-15T08:11:32] SAMPLE t=95s phase=Recovery adaptation=without_ML throughput_gbps=7.9024 latency_ms=66.0182
[2026-08-15T08:11:33] SAMPLE t=96s phase=Recovery adaptation=without_ML throughput_gbps=8.3482 latency_ms=67.7205
[2026-08-15T08:11:34] SAMPLE t=97s phase=Recovery adaptation=without_ML throughput_gbps=8.2992 latency_ms=65.9332
[2026-08-15T08:11:35] SAMPLE t=98s phase=Recovery adaptation=without_ML throughput_gbps=7.7929 latency_ms=66.966
[2026-08-15T08:11:36] SAMPLE t=99s phase=Recovery adaptation=without_ML throughput_gbps=8.2124 latency_ms=66.5418
[2026-08-15T08:09:57] TRACE_END run_id=99 status=OK
[2026-08-15T08:43:24] TRACE_START run_id=100
[2026-08-15T08:43:24] SAMPLE t=0s phase=Stable adaptation=with_ML throughput_gbps=8.3521 latency_ms=68.3645
[2026-08-15T08:43:25] SAMPLE t=1s phase=Stable adaptation=with_ML throughput_gbps=8.1937 latency_ms=69.0015
[2026-08-15T08:43:26] SAMPLE t=2s phase=Stable adaptation=with_ML throughput_gbps=8.1502 latency_ms=67.3018
[2026-08-15T08:43:27] SAMPLE t=3s phase=Stable adaptation=with_ML throughput_gbps=8.074 latency_ms=64.9466
[2026-08-15T08:43:28] SAMPLE t=4s phase=Stable adaptation=with_ML throughput_gbps=7.8148 latency_ms=64.9142
[2026-08-15T08:43:29] SAMPLE t=5s phase=Stable adaptation=with_ML throughput_gbps=7.8407 latency_ms=64.6905
[2026-08-15T08:43:30] SAMPLE t=6s phase=Stable adaptation=with_ML throughput_gbps=8.1187 latency_ms=65.5606
[2026-08-15T08:43:31] SAMPLE t=7s phase=Stable adaptation=with_ML throughput_gbps=8.5613 latency_ms=67.0909
[2026-08-15T08:43:32] SAMPLE t=8s phase=Stable adaptation=with_ML throughput_gbps=7.7802 latency_ms=64.6532
[2026-08-15T08:43:33] SAMPLE t=9s phase=Stable adaptation=with_ML throughput_gbps=8.1908 latency_ms=65.1071
[2026-08-15T08:43:34] SAMPLE t=10s phase=Stable adaptation=with_ML throughput_gbps=8.1925 latency_ms=68.0182
[2026-08-15T08:43:35] SAMPLE t=11s phase=Stable adaptation=with_ML throughput_gbps=8.3037 latency_ms=65.6581
[2026-08-15T08:43:36] SAMPLE t=12s phase=Stable adaptation=with_ML throughput_gbps=7.8605 latency_ms=66.4094
[2026-08-15T08:43:37] SAMPLE t=13s phase=Stable adaptation=with_ML throughput_gbps=8.2541 latency_ms=65.387
[2026-08-15T08:43:38] SAMPLE t=14s phase=Stable adaptation=with_ML throughput_gbps=8.1029 latency_ms=66.2285
[2026-08-15T08:43:39] SAMPLE t=15s phase=Stable adaptation=with_ML throughput_gbps=8.0261 latency_ms=67.5186
[2026-08-15T08:43:40] SAMPLE t=16s phase=Stable adaptation=with_ML throughput_gbps=8.3864 latency_ms=66.7449
[2026-08-15T08:43:41] SAMPLE t=17s phase=Stable adaptation=with_ML throughput_gbps=8.247 latency_ms=66.3521
[2026-08-15T08:43:42] SAMPLE t=18s phase=Stable adaptation=with_ML throughput_gbps=7.9234 latency_ms=66.5022
[2026-08-15T08:43:43] SAMPLE t=19s phase=Stable adaptation=with_ML throughput_gbps=8.0502 latency_ms=65.5054
[2026-08-15T08:43:44] SAMPLE t=20s phase=Congestion adaptation=with_ML throughput_gbps=8.0292 latency_ms=68.6732
[2026-08-15T08:43:45] SAMPLE t=21s phase=Congestion adaptation=with_ML throughput_gbps=7.9842 latency_ms=65.7196
[2026-08-15T08:43:46] SAMPLE t=22s phase=Congestion adaptation=with_ML throughput_gbps=7.9561 latency_ms=65.9193
[2026-08-15T08:43:47] SAMPLE t=23s phase=Congestion adaptation=with_ML throughput_gbps=8.0399 latency_ms=63.3854
[2026-08-15T08:43:48] SAMPLE t=24s phase=Congestion adaptation=with_ML throughput_gbps=7.9771 latency_ms=66.8809
[2026-08-15T08:43:49] SAMPLE t=25s phase=Congestion adaptation=with_ML throughput_gbps=8.0111 latency_ms=66.6836
[2026-08-15T08:43:50] SAMPLE t=26s phase=Congestion adaptation=with_ML throughput_gbps=8.0056 latency_ms=64.2225
[2026-08-15T08:43:51] SAMPLE t=27s phase=Congestion adaptation=with_ML throughput_gbps=8.0582 latency_ms=66.0027
[2026-08-15T08:43:52] SAMPLE t=28s phase=Congestion adaptation=with_ML throughput_gbps=8.5291 latency_ms=65.6528
[2026-08-15T08:43:53] SAMPLE t=29s phase=Congestion adaptation=with_ML throughput_gbps=8.1535 latency_ms=65.5154
[2026-08-15T08:43:54] SAMPLE t=30s phase=Congestion adaptation=with_ML throughput_gbps=8.0106 latency_ms=65.2871
[2026-08-15T08:43:55] SAMPLE t=31s phase=Congestion adaptation=with_ML throughput_gbps=8.1125 latency_ms=67.5807
[2026-08-15T08:43:56] SAMPLE t=32s phase=Congestion adaptation=with_ML throughput_gbps=7.7716 latency_ms=66.4953
[2026-08-15T08:43:57] SAMPLE t=33s phase=Congestion adaptation=with_ML throughput_gbps=8.3823 latency_ms=68.0105
[2026-08-15T08:43:58] SAMPLE t=34s phase=Congestion adaptation=with_ML throughput_gbps=8.5398 latency_ms=64.8806
[2026-08-15T08:43:59] SAMPLE t=35s phase=Congestion adaptation=with_ML throughput_gbps=7.7367 latency_ms=68.5104
[2026-08-15T08:44:00] SAMPLE t=36s phase=Congestion adaptation=with_ML throughput_gbps=7.8809 latency_ms=69.0502
[2026-08-15T08:44:01] SAMPLE t=37s phase=Congestion adaptation=with_ML throughput_gbps=8.0575 latency_ms=65.4769
[2026-08-15T08:44:02] SAMPLE t=38s phase=Congestion adaptation=with_ML throughput_gbps=8.2362 latency_ms=65.4575
[2026-08-15T08:44:03] SAMPLE t=39s phase=Congestion adaptation=with_ML throughput_gbps=8.0437 latency_ms=66.2821
[2026-08-15T08:44:04] SAMPLE t=40s phase=Path_change adaptation=with_ML throughput_gbps=8.26 latency_ms=67.0504
[2026-08-15T08:44:05] SAMPLE t=41s phase=Path_change adaptation=with_ML throughput_gbps=8.2006 latency_ms=66.2182
[2026-08-15T08:44:06] SAMPLE t=42s phase=Path_change adaptation=with_ML throughput_gbps=8.1534 latency_ms=65.8474
[2026-08-15T08:44:07] SAMPLE t=43s phase=Path_change adaptation=with_ML throughput_gbps=7.5669 latency_ms=65.9
[2026-08-15T08:44:08] SAMPLE t=44s phase=Path_change adaptation=with_ML throughput_gbps=7.561 latency_ms=67.7867
[2026-08-15T08:44:09] SAMPLE t=45s phase=Path_change adaptation=with_ML throughput_gbps=7.7548 latency_ms=66.4648
[2026-08-15T08:44:10] SAMPLE t=46s phase=Path_change adaptation=with_ML throughput_gbps=7.1811 latency_ms=67.68
[2026-08-15T08:44:11] SAMPLE t=47s phase=Path_change adaptation=with_ML throughput_gbps=7.2884 latency_ms=69.6743
[2026-08-15T08:44:12] SAMPLE t=48s phase=Path_change adaptation=with_ML throughput_gbps=7.0691 latency_ms=66.536
[2026-08-15T08:44:13] SAMPLE t=49s phase=Path_change adaptation=with_ML throughput_gbps=7.5485 latency_ms=69.1857
[2026-08-15T08:44:14] SAMPLE t=50s phase=Path_change adaptation=with_ML throughput_gbps=7.0888 latency_ms=70.2233
[2026-08-15T08:44:15] SAMPLE t=51s phase=Path_change adaptation=with_ML throughput_gbps=6.9587 latency_ms=67.9507
[2026-08-15T08:44:16] SAMPLE t=52s phase=Path_change adaptation=with_ML throughput_gbps=7.2244 latency_ms=68.3885
[2026-08-15T08:44:17] SAMPLE t=53s phase=Path_change adaptation=with_ML throughput_gbps=7.5741 latency_ms=66.1098
[2026-08-15T08:44:18] SAMPLE t=54s phase=Path_change adaptation=with_ML throughput_gbps=7.4361 latency_ms=68.3756
[2026-08-15T08:44:19] SAMPLE t=55s phase=Path_change adaptation=with_ML throughput_gbps=7.661 latency_ms=68.9701
[2026-08-15T08:44:20] SAMPLE t=56s phase=Path_change adaptation=with_ML throughput_gbps=7.7336 latency_ms=67.3308
[2026-08-15T08:44:21] SAMPLE t=57s phase=Path_change adaptation=with_ML throughput_gbps=7.7936 latency_ms=67.3752
[2026-08-15T08:44:22] SAMPLE t=58s phase=Path_change adaptation=with_ML throughput_gbps=7.7622 latency_ms=69.9381
[2026-08-15T08:44:23] SAMPLE t=59s phase=Path_change adaptation=with_ML throughput_gbps=7.9468 latency_ms=65.7713
[2026-08-15T08:44:24] SAMPLE t=60s phase=Loss_spike adaptation=with_ML throughput_gbps=7.5144 latency_ms=68.1311
[2026-08-15T08:44:25] SAMPLE t=61s phase=Loss_spike adaptation=with_ML throughput_gbps=8.1773 latency_ms=70.2819
[2026-08-15T08:44:26] SAMPLE t=62s phase=Loss_spike adaptation=with_ML throughput_gbps=7.779 latency_ms=69.7834
[2026-08-15T08:44:27] SAMPLE t=63s phase=Loss_spike adaptation=with_ML throughput_gbps=6.7287 latency_ms=69.8919
[2026-08-15T08:44:28] SAMPLE t=64s phase=Loss_spike adaptation=with_ML throughput_gbps=6.3269 latency_ms=69.1825
[2026-08-15T08:44:29] SAMPLE t=65s phase=Loss_spike adaptation=with_ML throughput_gbps=7.5289 latency_ms=68.5705
[2026-08-15T08:44:30] SAMPLE t=66s phase=Loss_spike adaptation=with_ML throughput_gbps=8.2951 latency_ms=72.5576
[2026-08-15T08:44:31] SAMPLE t=67s phase=Loss_spike adaptation=with_ML throughput_gbps=8.0829 latency_ms=68.3148
[2026-08-15T08:44:32] SAMPLE t=68s phase=Loss_spike adaptation=with_ML throughput_gbps=6.8155 latency_ms=68.8464
[2026-08-15T08:44:33] SAMPLE t=69s phase=Loss_spike adaptation=with_ML throughput_gbps=6.2841 latency_ms=70.4786
[2026-08-15T08:44:34] SAMPLE t=70s phase=Loss_spike adaptation=with_ML throughput_gbps=7.3662 latency_ms=67.0424
[2026-08-15T08:44:35] SAMPLE t=71s phase=Loss_spike adaptation=with_ML throughput_gbps=7.8636 latency_ms=71.6487
[2026-08-15T08:44:36] SAMPLE t=72s phase=Loss_spike adaptation=with_ML throughput_gbps=7.7638 latency_ms=71.7653
[2026-08-15T08:44:37] SAMPLE t=73s phase=Loss_spike adaptation=with_ML throughput_gbps=6.698 latency_ms=68.413
[2026-08-15T08:44:38] SAMPLE t=74s phase=Loss_spike adaptation=with_ML throughput_gbps=6.204 latency_ms=70.0206
[2026-08-15T08:44:39] SAMPLE t=75s phase=Loss_spike adaptation=with_ML throughput_gbps=7.4508 latency_ms=66.293
[2026-08-15T08:44:40] SAMPLE t=76s phase=Loss_spike adaptation=with_ML throughput_gbps=8.823 latency_ms=69.4596
[2026-08-15T08:44:41] SAMPLE t=77s phase=Loss_spike adaptation=with_ML throughput_gbps=8.2472 latency_ms=68.4424
[2026-08-15T08:44:42] SAMPLE t=78s phase=Loss_spike adaptation=with_ML throughput_gbps=6.8732 latency_ms=69.9514
[2026-08-15T08:44:43] SAMPLE t=79s phase=Loss_spike adaptation=with_ML throughput_gbps=6.166 latency_ms=70.1756
[2026-08-15T08:44:44] SAMPLE t=80s phase=Recovery adaptation=with_ML throughput_gbps=8.2 latency_ms=66.1546
[2026-08-15T08:44:45] SAMPLE t=81s phase=Recovery adaptation=with_ML throughput_gbps=7.9545 latency_ms=65.1627
[2026-08-15T08:44:46] SAMPLE t=82s phase=Recovery adaptation=with_ML throughput_gbps=8.35 latency_ms=66.5152
[2026-08-15T08:44:47] SAMPLE t=83s phase=Recovery adaptation=with_ML throughput_gbps=8.1479 latency_ms=66.2968
[2026-08-15T08:44:48] SAMPLE t=84s phase=Recovery adaptation=with_ML throughput_gbps=8.1328 latency_ms=64.0109
[2026-08-15T08:44:49] SAMPLE t=85s phase=Recovery adaptation=with_ML throughput_gbps=8.2053 latency_ms=66.1907
[2026-08-15T08:44:50] SAMPLE t=86s phase=Recovery adaptation=with_ML throughput_gbps=8.4879 latency_ms=66.4459
[2026-08-15T08:44:51] SAMPLE t=87s phase=Recovery adaptation=with_ML throughput_gbps=7.9565 latency_ms=65.1423
[2026-08-15T08:44:52] SAMPLE t=88s phase=Recovery adaptation=with_ML throughput_gbps=7.9677 latency_ms=64.2583
[2026-08-15T08:44:53] SAMPLE t=89s phase=Recovery adaptation=with_ML throughput_gbps=8.4002 latency_ms=63.8245
[2026-08-15T08:44:54] SAMPLE t=90s phase=Recovery adaptation=with_ML throughput_gbps=8.2108 latency_ms=66.4985
[2026-08-15T08:44:55] SAMPLE t=91s phase=Recovery adaptation=with_ML throughput_gbps=8.4166 latency_ms=64.0245
[2026-08-15T08:44:56] SAMPLE t=92s phase=Recovery adaptation=with_ML throughput_gbps=8.3835 latency_ms=65.5071
[2026-08-15T08:44:57] SAMPLE t=93s phase=Recovery adaptation=with_ML throughput_gbps=8.4158 latency_ms=66.9992
[2026-08-15T08:44:58] SAMPLE t=94s phase=Recovery adaptation=with_ML throughput_gbps=8.0751 latency_ms=64.0472
[2026-08-15T08:44:59] SAMPLE t=95s phase=Recovery adaptation=with_ML throughput_gbps=8.3329 latency_ms=66.2961
[2026-08-15T08:45:00] SAMPLE t=96s phase=Recovery adaptation=with_ML throughput_gbps=8.4796 latency_ms=65.8107
[2026-08-15T08:45:01] SAMPLE t=97s phase=Recovery adaptation=with_ML throughput_gbps=8.4642 latency_ms=64.9669
[2026-08-15T08:45:02] SAMPLE t=98s phase=Recovery adaptation=with_ML throughput_gbps=8.4527 latency_ms=66.1895
[2026-08-15T08:45:03] SAMPLE t=99s phase=Recovery adaptation=with_ML throughput_gbps=8.514 latency_ms=65.085
[2026-08-15T08:43:24] SAMPLE t=0s phase=Stable adaptation=without_ML throughput_gbps=7.5256 latency_ms=65.6327
[2026-08-15T08:43:25] SAMPLE t=1s phase=Stable adaptation=without_ML throughput_gbps=8.0081 latency_ms=64.1945
[2026-08-15T08:43:26] SAMPLE t=2s phase=Stable adaptation=without_ML throughput_gbps=7.7254 latency_ms=64.5033
[2026-08-15T08:43:27] SAMPLE t=3s phase=Stable adaptation=without_ML throughput_gbps=7.8684 latency_ms=63.6537
[2026-08-15T08:43:28] SAMPLE t=4s phase=Stable adaptation=without_ML throughput_gbps=7.9766 latency_ms=65.2884
[2026-08-15T08:43:29] SAMPLE t=5s phase=Stable adaptation=without_ML throughput_gbps=7.8216 latency_ms=69.1233
[2026-08-15T08:43:30] SAMPLE t=6s phase=Stable adaptation=without_ML throughput_gbps=8.1055 latency_ms=66.2447
[2026-08-15T08:43:31] SAMPLE t=7s phase=Stable adaptation=without_ML throughput_gbps=8.2479 latency_ms=66.1783
[2026-08-15T08:43:32] SAMPLE t=8s phase=Stable adaptation=without_ML throughput_gbps=7.9213 latency_ms=65.1938
[2026-08-15T08:43:33] SAMPLE t=9s phase=Stable adaptation=without_ML throughput_gbps=8.2548 latency_ms=66.9052
[2026-08-15T08:43:34] SAMPLE t=10s phase=Stable adaptation=without_ML throughput_gbps=7.9056 latency_ms=67.3691
[2026-08-15T08:43:35] SAMPLE t=11s phase=Stable adaptation=without_ML throughput_gbps=7.9172 latency_ms=65.0954
[2026-08-15T08:43:36] SAMPLE t=12s phase=Stable adaptation=without_ML throughput_gbps=8.2972 latency_ms=65.609
[2026-08-15T08:43:37] SAMPLE t=13s phase=Stable adaptation=without_ML throughput_gbps=8.109 latency_ms=64.7433
[2026-08-15T08:43:38] SAMPLE t=14s phase=Stable adaptation=without_ML throughput_gbps=7.6518 latency_ms=66.589
[2026-08-15T08:43:39] SAMPLE t=15s phase=Stable adaptation=without_ML throughput_gbps=8.0418 latency_ms=65.2783
[2026-08-15T08:43:40] SAMPLE t=16s phase=Stable adaptation=without_ML throughput_gbps=8.2301 latency_ms=63.7472
[2026-08-15T08:43:41] SAMPLE t=17s phase=Stable adaptation=without_ML throughput_gbps=8.3143 latency_ms=66.4704
[2026-08-15T08:43:42] SAMPLE t=18s phase=Stable adaptation=without_ML throughput_gbps=7.7914 latency_ms=65.6202
[2026-08-15T08:43:43] SAMPLE t=19s phase=Stable adaptation=without_ML throughput_gbps=7.3708 latency_ms=64.841
[2026-08-15T08:43:44] SAMPLE t=20s phase=Congestion adaptation=without_ML throughput_gbps=7.9663 latency_ms=68.463
[2026-08-15T08:43:45] SAMPLE t=21s phase=Congestion adaptation=without_ML throughput_gbps=8.1328 latency_ms=67.4859
[2026-08-15T08:43:46] SAMPLE t=22s phase=Congestion adaptation=without_ML throughput_gbps=7.8214 latency_ms=65.2911
[2026-08-15T08:43:47] SAMPLE t=23s phase=Congestion adaptation=without_ML throughput_gbps=8.1523 latency_ms=64.5481
[2026-08-15T08:43:48] SAMPLE t=24s phase=Congestion adaptation=without_ML throughput_gbps=7.6049 latency_ms=65.1329
[2026-08-15T08:43:49] SAMPLE t=25s phase=Congestion adaptation=without_ML throughput_gbps=8.1936 latency_ms=66.4781
[2026-08-15T08:43:50] SAMPLE t=26s phase=Congestion adaptation=without_ML throughput_gbps=8.6065 latency_ms=68.6028
[2026-08-15T08:43:51] SAMPLE t=27s phase=Congestion adaptation=without_ML throughput_gbps=8.1693 latency_ms=69.7262
[2026-08-15T08:43:52] SAMPLE t=28s phase=Congestion adaptation=without_ML throughput_gbps=7.8279 latency_ms=66.3878
[2026-08-15T08:43:53] SAMPLE t=29s phase=Congestion adaptation=without_ML throughput_gbps=7.9474 latency_ms=65.5754
[2026-08-15T08:43:54] SAMPLE t=30s phase=Congestion adaptation=without_ML throughput_gbps=8.1812 latency_ms=65.3679
[2026-08-15T08:43:55] SAMPLE t=31s phase=Congestion adaptation=without_ML throughput_gbps=7.9644 latency_ms=66.6385
[2026-08-15T08:43:56] SAMPLE t=32s phase=Congestion adaptation=without_ML throughput_gbps=8.0171 latency_ms=66.5492
[2026-08-15T08:43:57] SAMPLE t=33s phase=Congestion adaptation=without_ML throughput_gbps=7.9701 latency_ms=65.8248
[2026-08-15T08:43:58] SAMPLE t=34s phase=Congestion adaptation=without_ML throughput_gbps=8.2245 latency_ms=65.0219
[2026-08-15T08:43:59] SAMPLE t=35s phase=Congestion adaptation=without_ML throughput_gbps=7.6432 latency_ms=64.0006
[2026-08-15T08:44:00] SAMPLE t=36s phase=Congestion adaptation=without_ML throughput_gbps=7.8616 latency_ms=66.0393
[2026-08-15T08:44:01] SAMPLE t=37s phase=Congestion adaptation=without_ML throughput_gbps=8.2185 latency_ms=63.7341
[2026-08-15T08:44:02] SAMPLE t=38s phase=Congestion adaptation=without_ML throughput_gbps=8.0 latency_ms=62.1896
[2026-08-15T08:44:03] SAMPLE t=39s phase=Congestion adaptation=without_ML throughput_gbps=8.2651 latency_ms=65.8489
[2026-08-15T08:44:04] SAMPLE t=40s phase=Path_change adaptation=without_ML throughput_gbps=7.5137 latency_ms=69.7068
[2026-08-15T08:44:05] SAMPLE t=41s phase=Path_change adaptation=without_ML throughput_gbps=7.8796 latency_ms=66.6741
[2026-08-15T08:44:06] SAMPLE t=42s phase=Path_change adaptation=without_ML throughput_gbps=7.2749 latency_ms=65.806
[2026-08-15T08:44:07] SAMPLE t=43s phase=Path_change adaptation=without_ML throughput_gbps=6.8931 latency_ms=69.7294
[2026-08-15T08:44:08] SAMPLE t=44s phase=Path_change adaptation=without_ML throughput_gbps=6.8433 latency_ms=70.4841
[2026-08-15T08:44:09] SAMPLE t=45s phase=Path_change adaptation=without_ML throughput_gbps=6.552 latency_ms=69.0353
[2026-08-15T08:44:10] SAMPLE t=46s phase=Path_change adaptation=without_ML throughput_gbps=6.3943 latency_ms=72.0412
[2026-08-15T08:44:11] SAMPLE t=47s phase=Path_change adaptation=without_ML throughput_gbps=5.6327 latency_ms=71.1303
[2026-08-15T08:44:12] SAMPLE t=48s phase=Path_change adaptation=without_ML throughput_gbps=5.6476 latency_ms=74.8522
[2026-08-15T08:44:13] SAMPLE t=49s phase=Path_change adaptation=without_ML throughput_gbps=5.7484 latency_ms=74.1359
[2026-08-15T08:44:14] SAMPLE t=50s phase=Path_change adaptation=without_ML throughput_gbps=5.7207 latency_ms=71.2593
[2026-08-15T08:44:15] SAMPLE t=51s phase=Path_change adaptation=without_ML throughput_gbps=5.7175 latency_ms=73.4104
[2026-08-15T08:44:16] SAMPLE t=52s phase=Path_change adaptation=without_ML throughput_gbps=5.9129 latency_ms=72.8286
[2026-08-15T08:44:17] SAMPLE t=53s phase=Path_change adaptation=without_ML throughput_gbps=6.0094 latency_ms=70.7417
[2026-08-15T08:44:18] SAMPLE t=54s phase=Path_change adaptation=without_ML throughput_gbps=6.1287 latency_ms=71.7829
[2026-08-15T08:44:19] SAMPLE t=55s phase=Path_change adaptation=without_ML throughput_gbps=6.1068 latency_ms=70.4493
[2026-08-15T08:44:20] SAMPLE t=56s phase=Path_change adaptation=without_ML throughput_gbps=6.5558 latency_ms=70.4869
[2026-08-15T08:44:21] SAMPLE t=57s phase=Path_change adaptation=without_ML throughput_gbps=7.4196 latency_ms=70.7104
[2026-08-15T08:44:22] SAMPLE t=58s phase=Path_change adaptation=without_ML throughput_gbps=7.115 latency_ms=67.2635
[2026-08-15T08:44:23] SAMPLE t=59s phase=Path_change adaptation=without_ML throughput_gbps=7.5226 latency_ms=66.6423
[2026-08-15T08:44:24] SAMPLE t=60s phase=Loss_spike adaptation=without_ML throughput_gbps=6.4225 latency_ms=67.9769
[2026-08-15T08:44:25] SAMPLE t=61s phase=Loss_spike adaptation=without_ML throughput_gbps=8.1486 latency_ms=81.7701
[2026-08-15T08:44:26] SAMPLE t=62s phase=Loss_spike adaptation=without_ML throughput_gbps=7.5601 latency_ms=75.247
[2026-08-15T08:44:27] SAMPLE t=63s phase=Loss_spike adaptation=without_ML throughput_gbps=4.9087 latency_ms=75.4496
[2026-08-15T08:44:28] SAMPLE t=64s phase=Loss_spike adaptation=without_ML throughput_gbps=4.1512 latency_ms=81.0404
[2026-08-15T08:44:29] SAMPLE t=65s phase=Loss_spike adaptation=without_ML throughput_gbps=6.0084 latency_ms=69.102
[2026-08-15T08:44:30] SAMPLE t=66s phase=Loss_spike adaptation=without_ML throughput_gbps=8.7258 latency_ms=79.6347
[2026-08-15T08:44:31] SAMPLE t=67s phase=Loss_spike adaptation=without_ML throughput_gbps=7.4645 latency_ms=78.4651
[2026-08-15T08:44:32] SAMPLE t=68s phase=Loss_spike adaptation=without_ML throughput_gbps=4.7211 latency_ms=76.0828
[2026-08-15T08:44:33] SAMPLE t=69s phase=Loss_spike adaptation=without_ML throughput_gbps=3.7342 latency_ms=82.2281
[2026-08-15T08:44:34] SAMPLE t=70s phase=Loss_spike adaptation=without_ML throughput_gbps=6.6663 latency_ms=69.5916
[2026-08-15T08:44:35] SAMPLE t=71s phase=Loss_spike adaptation=without_ML throughput_gbps=8.5397 latency_ms=80.7078
[2026-08-15T08:44:36] SAMPLE t=72s phase=Loss_spike adaptation=without_ML throughput_gbps=7.8146 latency_ms=78.3154
[2026-08-15T08:44:37] SAMPLE t=73s phase=Loss_spike adaptation=without_ML throughput_gbps=4.9872 latency_ms=75.099
[2026-08-15T08:44:38] SAMPLE t=74s phase=Loss_spike adaptation=without_ML throughput_gbps=4.1663 latency_ms=78.9538
[2026-08-15T08:44:39] SAMPLE t=75s phase=Loss_spike adaptation=without_ML throughput_gbps=6.1514 latency_ms=70.7379
[2026-08-15T08:44:40] SAMPLE t=76s phase=Loss_spike adaptation=without_ML throughput_gbps=8.1487 latency_ms=77.8704
[2026-08-15T08:44:41] SAMPLE t=77s phase=Loss_spike adaptation=without_ML throughput_gbps=7.8164 latency_ms=73.191
[2026-08-15T08:44:42] SAMPLE t=78s phase=Loss_spike adaptation=without_ML throughput_gbps=4.7007 latency_ms=75.6208
[2026-08-15T08:44:43] SAMPLE t=79s phase=Loss_spike adaptation=without_ML throughput_gbps=3.9182 latency_ms=81.3048
[2026-08-15T08:44:44] SAMPLE t=80s phase=Recovery adaptation=without_ML throughput_gbps=8.1048 latency_ms=64.3032
[2026-08-15T08:44:45] SAMPLE t=81s phase=Recovery adaptation=without_ML throughput_gbps=8.074 latency_ms=66.323
[2026-08-15T08:44:46] SAMPLE t=82s phase=Recovery adaptation=without_ML throughput_gbps=7.823 latency_ms=66.1224
[2026-08-15T08:44:47] SAMPLE t=83s phase=Recovery adaptation=without_ML throughput_gbps=7.9059 latency_ms=67.8524
[2026-08-15T08:44:48] SAMPLE t=84s phase=Recovery adaptation=without_ML throughput_gbps=7.5187 latency_ms=65.5708
[2026-08-15T08:44:49] SAMPLE t=85s phase=Recovery adaptation=without_ML throughput_gbps=8.461 latency_ms=67.6149
[2026-08-15T08:44:50] SAMPLE t=86s phase=Recovery adaptation=without_ML throughput_gbps=7.6737 latency_ms=65.2938
[2026-08-15T08:44:51] SAMPLE t=87s phase=Recovery adaptation=without_ML throughput_gbps=8.1206 latency_ms=65.6009
[2026-08-15T08:44:52] SAMPLE t=88s phase=Recovery adaptation=without_ML throughput_gbps=7.9584 latency_ms=65.7488
[2026-08-15T08:44:53] SAMPLE t=89s phase=Recovery adaptation=without_ML throughput_gbps=8.2384 latency_ms=66.6705
[2026-08-15T08:44:54] SAMPLE t=90s phase=Recovery adaptation=without_ML throughput_gbps=7.9858 latency_ms=64.5889
[2026-08-15T08:44:55] SAMPLE t=91s phase=Recovery adaptation=without_ML throughput_gbps=8.1136 latency_ms=63.4057
[2026-08-15T08:44:56] SAMPLE t=92s phase=Recovery adaptation=without_ML throughput_gbps=8.0129 latency_ms=65.7872
[2026-08-15T08:44:57] SAMPLE t=93s phase=Recovery adaptation=without_ML throughput_gbps=7.8659 latency_ms=65.0932
[2026-08-15T08:44:58] SAMPLE t=94s phase=Recovery adaptation=without_ML throughput_gbps=8.1875 latency_ms=63.5938
[2026-08-15T08:44:59] SAMPLE t=95s phase=Recovery adaptation=without_ML throughput_gbps=8.2387 latency_ms=67.4232
[2026-08-15T08:45:00] SAMPLE t=96s phase=Recovery adaptation=without_ML throughput_gbps=8.3531 latency_ms=66.5531
[2026-08-15T08:45:01] SAMPLE t=97s phase=Recovery adaptation=without_ML throughput_gbps=8.1371 latency_ms=67.3281
[2026-08-15T08:45:02] SAMPLE t=98s phase=Recovery adaptation=without_ML throughput_gbps=8.2306 latency_ms=66.549
[2026-08-15T08:45:03] SAMPLE t=99s phase=Recovery adaptation=without_ML throughput_gbps=8.1859 latency_ms=64.019
[2026-08-15T08:43:24] TRACE_END run_id=100 status=OK
[2026-08-15T08:52:23] TRACE_START run_id=101
[2026-08-15T08:52:23] SAMPLE t=0s phase=Stable adaptation=with_ML throughput_gbps=8.2022 latency_ms=68.7719
[2026-08-15T08:52:24] SAMPLE t=1s phase=Stable adaptation=with_ML throughput_gbps=8.2294 latency_ms=65.5417
[2026-08-15T08:52:25] SAMPLE t=2s phase=Stable adaptation=with_ML throughput_gbps=7.8863 latency_ms=67.7208
[2026-08-15T08:52:26] SAMPLE t=3s phase=Stable adaptation=with_ML throughput_gbps=8.5294 latency_ms=66.3789
[2026-08-15T08:52:27] SAMPLE t=4s phase=Stable adaptation=with_ML throughput_gbps=8.0032 latency_ms=66.8679
[2026-08-15T08:52:28] SAMPLE t=5s phase=Stable adaptation=with_ML throughput_gbps=7.8633 latency_ms=67.3941
[2026-08-15T08:52:29] SAMPLE t=6s phase=Stable adaptation=with_ML throughput_gbps=8.2456 latency_ms=65.282
[2026-08-15T08:52:30] SAMPLE t=7s phase=Stable adaptation=with_ML throughput_gbps=8.1763 latency_ms=64.8905
[2026-08-15T08:52:31] SAMPLE t=8s phase=Stable adaptation=with_ML throughput_gbps=7.6206 latency_ms=64.9207
[2026-08-15T08:52:32] SAMPLE t=9s phase=Stable adaptation=with_ML throughput_gbps=8.3719 latency_ms=67.1784
[2026-08-15T08:52:33] SAMPLE t=10s phase=Stable adaptation=with_ML throughput_gbps=8.0323 latency_ms=64.2331
[2026-08-15T08:52:34] SAMPLE t=11s phase=Stable adaptation=with_ML throughput_gbps=7.6882 latency_ms=66.6166
[2026-08-15T08:52:35] SAMPLE t=12s phase=Stable adaptation=with_ML throughput_gbps=7.9148 latency_ms=66.0909
[2026-08-15T08:52:36] SAMPLE t=13s phase=Stable adaptation=with_ML throughput_gbps=8.0151 latency_ms=66.0742
[2026-08-15T08:52:37] SAMPLE t=14s phase=Stable adaptation=with_ML throughput_gbps=8.3534 latency_ms=65.0999
[2026-08-15T08:52:38] SAMPLE t=15s phase=Stable adaptation=with_ML throughput_gbps=8.0872 latency_ms=66.1447
[2026-08-15T08:52:39] SAMPLE t=16s phase=Stable adaptation=with_ML throughput_gbps=8.1246 latency_ms=65.7115
[2026-08-15T08:52:40] SAMPLE t=17s phase=Stable adaptation=with_ML throughput_gbps=8.3394 latency_ms=67.8507
[2026-08-15T08:52:41] SAMPLE t=18s phase=Stable adaptation=with_ML throughput_gbps=8.2441 latency_ms=65.4753
[2026-08-15T08:52:42] SAMPLE t=19s phase=Stable adaptation=with_ML throughput_gbps=8.5604 latency_ms=66.8127
[2026-08-15T08:52:43] SAMPLE t=20s phase=Congestion adaptation=with_ML throughput_gbps=8.1369 latency_ms=66.4686
[2026-08-15T08:52:44] SAMPLE t=21s phase=Congestion adaptation=with_ML throughput_gbps=8.4122 latency_ms=66.7794
[2026-08-15T08:52:45] SAMPLE t=22s phase=Congestion adaptation=with_ML throughput_gbps=8.088 latency_ms=66.3115
[2026-08-15T08:52:46] SAMPLE t=23s phase=Congestion adaptation=with_ML throughput_gbps=8.369 latency_ms=65.7368
[2026-08-15T08:52:47] SAMPLE t=24s phase=Congestion adaptation=with_ML throughput_gbps=7.891 latency_ms=65.7478
[2026-08-15T08:52:48] SAMPLE t=25s phase=Congestion adaptation=with_ML throughput_gbps=8.3735 latency_ms=68.1064
[2026-08-15T08:52:49] SAMPLE t=26s phase=Congestion adaptation=with_ML throughput_gbps=8.2563 latency_ms=65.1028
[2026-08-15T08:52:50] SAMPLE t=27s phase=Congestion adaptation=with_ML throughput_gbps=8.2166 latency_ms=66.6057
[2026-08-15T08:52:51] SAMPLE t=28s phase=Congestion adaptation=with_ML throughput_gbps=8.164 latency_ms=66.3692
[2026-08-15T08:52:52] SAMPLE t=29s phase=Congestion adaptation=with_ML throughput_gbps=8.1303 latency_ms=65.1382
[2026-08-15T08:52:53] SAMPLE t=30s phase=Congestion adaptation=with_ML throughput_gbps=8.2435 latency_ms=64.8236
[2026-08-15T08:52:54] SAMPLE t=31s phase=Congestion adaptation=with_ML throughput_gbps=8.5065 latency_ms=65.7325
[2026-08-15T08:52:55] SAMPLE t=32s phase=Congestion adaptation=with_ML throughput_gbps=7.9658 latency_ms=65.535
[2026-08-15T08:52:56] SAMPLE t=33s phase=Congestion adaptation=with_ML throughput_gbps=8.3203 latency_ms=68.1591
[2026-08-15T08:52:57] SAMPLE t=34s phase=Congestion adaptation=with_ML throughput_gbps=8.1348 latency_ms=66.6066
[2026-08-15T08:52:58] SAMPLE t=35s phase=Congestion adaptation=with_ML throughput_gbps=8.0953 latency_ms=65.8539
[2026-08-15T08:52:59] SAMPLE t=36s phase=Congestion adaptation=with_ML throughput_gbps=8.5731 latency_ms=64.7992
[2026-08-15T08:53:00] SAMPLE t=37s phase=Congestion adaptation=with_ML throughput_gbps=7.9895 latency_ms=67.3412
[2026-08-15T08:53:01] SAMPLE t=38s phase=Congestion adaptation=with_ML throughput_gbps=7.9803 latency_ms=65.6199
[2026-08-15T08:53:02] SAMPLE t=39s phase=Congestion adaptation=with_ML throughput_gbps=8.0065 latency_ms=68.3028
[2026-08-15T08:53:03] SAMPLE t=40s phase=Path_change adaptation=with_ML throughput_gbps=7.713 latency_ms=65.8601
[2026-08-15T08:53:04] SAMPLE t=41s phase=Path_change adaptation=with_ML throughput_gbps=7.9205 latency_ms=65.5092
[2026-08-15T08:53:05] SAMPLE t=42s phase=Path_change adaptation=with_ML throughput_gbps=8.049 latency_ms=68.1063
[2026-08-15T08:53:06] SAMPLE t=43s phase=Path_change adaptation=with_ML throughput_gbps=7.6334 latency_ms=66.5545
[2026-08-15T08:53:07] SAMPLE t=44s phase=Path_change adaptation=with_ML throughput_gbps=7.8932 latency_ms=66.9855
[2026-08-15T08:53:08] SAMPLE t=45s phase=Path_change adaptation=with_ML throughput_gbps=7.7484 latency_ms=66.8293
[2026-08-15T08:53:09] SAMPLE t=46s phase=Path_change adaptation=with_ML throughput_gbps=7.5436 latency_ms=67.6249
[2026-08-15T08:53:10] SAMPLE t=47s phase=Path_change adaptation=with_ML throughput_gbps=7.4088 latency_ms=66.8365
[2026-08-15T08:53:11] SAMPLE t=48s phase=Path_change adaptation=with_ML throughput_gbps=7.0302 latency_ms=67.808
[2026-08-15T08:53:12] SAMPLE t=49s phase=Path_change adaptation=with_ML throughput_gbps=6.9776 latency_ms=69.3832
[2026-08-15T08:53:13] SAMPLE t=50s phase=Path_change adaptation=with_ML throughput_gbps=7.0622 latency_ms=68.7712
[2026-08-15T08:53:14] SAMPLE t=51s phase=Path_change adaptation=with_ML throughput_gbps=7.2351 latency_ms=69.7325
[2026-08-15T08:53:15] SAMPLE t=52s phase=Path_change adaptation=with_ML throughput_gbps=6.9338 latency_ms=67.818
[2026-08-15T08:53:16] SAMPLE t=53s phase=Path_change adaptation=with_ML throughput_gbps=7.4632 latency_ms=69.3568
[2026-08-15T08:53:17] SAMPLE t=54s phase=Path_change adaptation=with_ML throughput_gbps=7.2273 latency_ms=68.7492
[2026-08-15T08:53:18] SAMPLE t=55s phase=Path_change adaptation=with_ML throughput_gbps=7.5958 latency_ms=68.7824
[2026-08-15T08:53:19] SAMPLE t=56s phase=Path_change adaptation=with_ML throughput_gbps=7.5192 latency_ms=66.3573
[2026-08-15T08:53:20] SAMPLE t=57s phase=Path_change adaptation=with_ML throughput_gbps=7.6007 latency_ms=68.588
[2026-08-15T08:53:21] SAMPLE t=58s phase=Path_change adaptation=with_ML throughput_gbps=8.0406 latency_ms=66.4456
[2026-08-15T08:53:22] SAMPLE t=59s phase=Path_change adaptation=with_ML throughput_gbps=8.0588 latency_ms=68.4596
[2026-08-15T08:53:23] SAMPLE t=60s phase=Loss_spike adaptation=with_ML throughput_gbps=7.4726 latency_ms=69.9332
[2026-08-15T08:53:24] SAMPLE t=61s phase=Loss_spike adaptation=with_ML throughput_gbps=8.6405 latency_ms=69.4449
[2026-08-15T08:53:25] SAMPLE t=62s phase=Loss_spike adaptation=with_ML throughput_gbps=7.8041 latency_ms=66.6711
[2026-08-15T08:53:26] SAMPLE t=63s phase=Loss_spike adaptation=with_ML throughput_gbps=6.9583 latency_ms=67.2964
[2026-08-15T08:53:27] SAMPLE t=64s phase=Loss_spike adaptation=with_ML throughput_gbps=6.2708 latency_ms=71.7188
[2026-08-15T08:53:28] SAMPLE t=65s phase=Loss_spike adaptation=with_ML throughput_gbps=7.2906 latency_ms=71.4004
[2026-08-15T08:53:29] SAMPLE t=66s phase=Loss_spike adaptation=with_ML throughput_gbps=8.4023 latency_ms=72.6144
[2026-08-15T08:53:30] SAMPLE t=67s phase=Loss_spike adaptation=with_ML throughput_gbps=8.13 latency_ms=67.8294
[2026-08-15T08:53:31] SAMPLE t=68s phase=Loss_spike adaptation=with_ML throughput_gbps=6.7657 latency_ms=71.2932
[2026-08-15T08:53:32] SAMPLE t=69s phase=Loss_spike adaptation=with_ML throughput_gbps=5.9666 latency_ms=71.7279
[2026-08-15T08:53:33] SAMPLE t=70s phase=Loss_spike adaptation=with_ML throughput_gbps=7.4721 latency_ms=67.2158
[2026-08-15T08:53:34] SAMPLE t=71s phase=Loss_spike adaptation=with_ML throughput_gbps=8.1243 latency_ms=70.6274
[2026-08-15T08:53:35] SAMPLE t=72s phase=Loss_spike adaptation=with_ML throughput_gbps=7.7663 latency_ms=73.0618
[2026-08-15T08:53:36] SAMPLE t=73s phase=Loss_spike adaptation=with_ML throughput_gbps=6.6 latency_ms=72.5682
[2026-08-15T08:53:37] SAMPLE t=74s phase=Loss_spike adaptation=with_ML throughput_gbps=6.1824 latency_ms=71.4404
[2026-08-15T08:53:38] SAMPLE t=75s phase=Loss_spike adaptation=with_ML throughput_gbps=7.2832 latency_ms=67.2765
[2026-08-15T08:53:39] SAMPLE t=76s phase=Loss_spike adaptation=with_ML throughput_gbps=8.4894 latency_ms=69.2485
[2026-08-15T08:53:40] SAMPLE t=77s phase=Loss_spike adaptation=with_ML throughput_gbps=7.7983 latency_ms=68.1158
[2026-08-15T08:53:41] SAMPLE t=78s phase=Loss_spike adaptation=with_ML throughput_gbps=6.6206 latency_ms=70.9624
[2026-08-15T08:53:42] SAMPLE t=79s phase=Loss_spike adaptation=with_ML throughput_gbps=6.1186 latency_ms=70.4679
[2026-08-15T08:53:43] SAMPLE t=80s phase=Recovery adaptation=with_ML throughput_gbps=8.2929 latency_ms=66.1832
[2026-08-15T08:53:44] SAMPLE t=81s phase=Recovery adaptation=with_ML throughput_gbps=8.3604 latency_ms=68.0602
[2026-08-15T08:53:45] SAMPLE t=82s phase=Recovery adaptation=with_ML throughput_gbps=7.935 latency_ms=67.034
[2026-08-15T08:53:46] SAMPLE t=83s phase=Recovery adaptation=with_ML throughput_gbps=8.0259 latency_ms=66.2553
[2026-08-15T08:53:47] SAMPLE t=84s phase=Recovery adaptation=with_ML throughput_gbps=7.9407 latency_ms=65.1307
[2026-08-15T08:53:48] SAMPLE t=85s phase=Recovery adaptation=with_ML throughput_gbps=7.7504 latency_ms=65.3462
[2026-08-15T08:53:49] SAMPLE t=86s phase=Recovery adaptation=with_ML throughput_gbps=7.9592 latency_ms=65.6589
[2026-08-15T08:53:50] SAMPLE t=87s phase=Recovery adaptation=with_ML throughput_gbps=7.9808 latency_ms=64.8532
[2026-08-15T08:53:51] SAMPLE t=88s phase=Recovery adaptation=with_ML throughput_gbps=8.2741 latency_ms=65.6108
[2026-08-15T08:53:52] SAMPLE t=89s phase=Recovery adaptation=with_ML throughput_gbps=8.0728 latency_ms=64.8405
[2026-08-15T08:53:53] SAMPLE t=90s phase=Recovery adaptation=with_ML throughput_gbps=8.0825 latency_ms=64.754
[2026-08-15T08:53:54] SAMPLE t=91s phase=Recovery adaptation=with_ML throughput_gbps=8.2824 latency_ms=64.6123
[2026-08-15T08:53:55] SAMPLE t=92s phase=Recovery adaptation=with_ML throughput_gbps=7.9861 latency_ms=63.3213
[2026-08-15T08:53:56] SAMPLE t=93s phase=Recovery adaptation=with_ML throughput_gbps=8.4316 latency_ms=66.0602
[2026-08-15T08:53:57] SAMPLE t=94s phase=Recovery adaptation=with_ML throughput_gbps=8.3269 latency_ms=65.9142
[2026-08-15T08:53:58] SAMPLE t=95s phase=Recovery adaptation=with_ML throughput_gbps=8.2071 latency_ms=64.9498
[2026-08-15T08:53:59] SAMPLE t=96s phase=Recovery adaptation=with_ML throughput_gbps=8.622 latency_ms=65.4363
[2026-08-15T08:54:00] SAMPLE t=97s phase=Recovery adaptation=with_ML throughput_gbps=8.5152 latency_ms=65.9751
[2026-08-15T08:54:01] SAMPLE t=98s phase=Recovery adaptation=with_ML throughput_gbps=8.2244 latency_ms=63.9295
[2026-08-15T08:54:02] SAMPLE t=99s phase=Recovery adaptation=with_ML throughput_gbps=8.3502 latency_ms=66.7581
[2026-08-15T08:52:23] SAMPLE t=0s phase=Stable adaptation=without_ML throughput_gbps=8.1284 latency_ms=66.7472
[2026-08-15T08:52:24] SAMPLE t=1s phase=Stable adaptation=without_ML throughput_gbps=7.8811 latency_ms=64.6272
[2026-08-15T08:52:25] SAMPLE t=2s phase=Stable adaptation=without_ML throughput_gbps=8.0562 latency_ms=64.0371
[2026-08-15T08:52:26] SAMPLE t=3s phase=Stable adaptation=without_ML throughput_gbps=7.9881 latency_ms=67.209
[2026-08-15T08:52:27] SAMPLE t=4s phase=Stable adaptation=without_ML throughput_gbps=8.0173 latency_ms=66.4191
[2026-08-15T08:52:28] SAMPLE t=5s phase=Stable adaptation=without_ML throughput_gbps=7.8832 latency_ms=64.1861
[2026-08-15T08:52:29] SAMPLE t=6s phase=Stable adaptation=without_ML throughput_gbps=7.8532 latency_ms=65.7638
[2026-08-15T08:52:30] SAMPLE t=7s phase=Stable adaptation=without_ML throughput_gbps=8.0394 latency_ms=65.5061
[2026-08-15T08:52:31] SAMPLE t=8s phase=Stable adaptation=without_ML throughput_gbps=8.1683 latency_ms=65.0853
[2026-08-15T08:52:32] SAMPLE t=9s phase=Stable adaptation=without_ML throughput_gbps=7.9108 latency_ms=63.9186
[2026-08-15T08:52:33] SAMPLE t=10s phase=Stable adaptation=without_ML throughput_gbps=8.0339 latency_ms=69.5132
[2026-08-15T08:52:34] SAMPLE t=11s phase=Stable adaptation=without_ML throughput_gbps=8.1972 latency_ms=65.6716
[2026-08-15T08:52:35] SAMPLE t=12s phase=Stable adaptation=without_ML throughput_gbps=7.7359 latency_ms=67.4373
[2026-08-15T08:52:36] SAMPLE t=13s phase=Stable adaptation=without_ML throughput_gbps=8.3339 latency_ms=67.2228
[2026-08-15T08:52:37] SAMPLE t=14s phase=Stable adaptation=without_ML throughput_gbps=8.5982 latency_ms=69.3747
[2026-08-15T08:52:38] SAMPLE t=15s phase=Stable adaptation=without_ML throughput_gbps=7.5391 latency_ms=65.3624
[2026-08-15T08:52:39] SAMPLE t=16s phase=Stable adaptation=without_ML throughput_gbps=8.0279 latency_ms=65.0171
[2026-08-15T08:52:40] SAMPLE t=17s phase=Stable adaptation=without_ML throughput_gbps=8.1759 latency_ms=66.7308
[2026-08-15T08:52:41] SAMPLE t=18s phase=Stable adaptation=without_ML throughput_gbps=8.0503 latency_ms=66.5497
[2026-08-15T08:52:42] SAMPLE t=19s phase=Stable adaptation=without_ML throughput_gbps=7.8932 latency_ms=66.4218
[2026-08-15T08:52:43] SAMPLE t=20s phase=Congestion adaptation=without_ML throughput_gbps=8.17 latency_ms=64.0754
[2026-08-15T08:52:44] SAMPLE t=21s phase=Congestion adaptation=without_ML throughput_gbps=7.6469 latency_ms=67.5755
[2026-08-15T08:52:45] SAMPLE t=22s phase=Congestion adaptation=without_ML throughput_gbps=7.6414 latency_ms=65.7666
[2026-08-15T08:52:46] SAMPLE t=23s phase=Congestion adaptation=without_ML throughput_gbps=8.2006 latency_ms=67.7093
[2026-08-15T08:52:47] SAMPLE t=24s phase=Congestion adaptation=without_ML throughput_gbps=8.2637 latency_ms=67.8454
[2026-08-15T08:52:48] SAMPLE t=25s phase=Congestion adaptation=without_ML throughput_gbps=7.9239 latency_ms=66.0725
[2026-08-15T08:52:49] SAMPLE t=26s phase=Congestion adaptation=without_ML throughput_gbps=7.989 latency_ms=65.5093
[2026-08-15T08:52:50] SAMPLE t=27s phase=Congestion adaptation=without_ML throughput_gbps=7.809 latency_ms=67.0355
[2026-08-15T08:52:51] SAMPLE t=28s phase=Congestion adaptation=without_ML throughput_gbps=7.8567 latency_ms=66.076
[2026-08-15T08:52:52] SAMPLE t=29s phase=Congestion adaptation=without_ML throughput_gbps=7.7524 latency_ms=63.3852
[2026-08-15T08:52:53] SAMPLE t=30s phase=Congestion adaptation=without_ML throughput_gbps=7.8776 latency_ms=63.8699
[2026-08-15T08:52:54] SAMPLE t=31s phase=Congestion adaptation=without_ML throughput_gbps=8.12 latency_ms=65.4788
[2026-08-15T08:52:55] SAMPLE t=32s phase=Congestion adaptation=without_ML throughput_gbps=7.8741 latency_ms=66.465
[2026-08-15T08:52:56] SAMPLE t=33s phase=Congestion adaptation=without_ML throughput_gbps=8.0465 latency_ms=66.8587
[2026-08-15T08:52:57] SAMPLE t=34s phase=Congestion adaptation=without_ML throughput_gbps=7.7712 latency_ms=64.3217
[2026-08-15T08:52:58] SAMPLE t=35s phase=Congestion adaptation=without_ML throughput_gbps=7.8275 latency_ms=64.9633
[2026-08-15T08:52:59] SAMPLE t=36s phase=Congestion adaptation=without_ML throughput_gbps=7.7265 latency_ms=63.654
[2026-08-15T08:53:00] SAMPLE t=37s phase=Congestion adaptation=without_ML throughput_gbps=8.0132 latency_ms=64.5272
[2026-08-15T08:53:01] SAMPLE t=38s phase=Congestion adaptation=without_ML throughput_gbps=7.8875 latency_ms=64.1758
[2026-08-15T08:53:02] SAMPLE t=39s phase=Congestion adaptation=without_ML throughput_gbps=7.9931 latency_ms=63.7712
[2026-08-15T08:53:03] SAMPLE t=40s phase=Path_change adaptation=without_ML throughput_gbps=7.4736 latency_ms=68.0034
[2026-08-15T08:53:04] SAMPLE t=41s phase=Path_change adaptation=without_ML throughput_gbps=7.3938 latency_ms=67.2166
[2026-08-15T08:53:05] SAMPLE t=42s phase=Path_change adaptation=without_ML throughput_gbps=7.1306 latency_ms=68.8578
[2026-08-15T08:53:06] SAMPLE t=43s phase=Path_change adaptation=without_ML throughput_gbps=7.2148 latency_ms=68.7332
[2026-08-15T08:53:07] SAMPLE t=44s phase=Path_change adaptation=without_ML throughput_gbps=6.3079 latency_ms=68.8931
[2026-08-15T08:53:08] SAMPLE t=45s phase=Path_change adaptation=without_ML throughput_gbps=6.2228 latency_ms=69.3184
[2026-08-15T08:53:09] SAMPLE t=46s phase=Path_change adaptation=without_ML throughput_gbps=6.0669 latency_ms=71.5973
[2026-08-15T08:53:10] SAMPLE t=47s phase=Path_change adaptation=without_ML throughput_gbps=6.2263 latency_ms=69.9285
[2026-08-15T08:53:11] SAMPLE t=48s phase=Path_change adaptation=without_ML throughput_gbps=5.3682 latency_ms=71.831
[2026-08-15T08:53:12] SAMPLE t=49s phase=Path_change adaptation=without_ML throughput_gbps=5.8716 latency_ms=75.1446
[2026-08-15T08:53:13] SAMPLE t=50s phase=Path_change adaptation=without_ML throughput_gbps=5.7871 latency_ms=74.0789
[2026-08-15T08:53:14] SAMPLE t=51s phase=Path_change adaptation=without_ML throughput_gbps=5.4892 latency_ms=72.8489
[2026-08-15T08:53:15] SAMPLE t=52s phase=Path_change adaptation=without_ML throughput_gbps=5.4986 latency_ms=71.4835
[2026-08-15T08:53:16] SAMPLE t=53s phase=Path_change adaptation=without_ML throughput_gbps=6.4656 latency_ms=72.6363
[2026-08-15T08:53:17] SAMPLE t=54s phase=Path_change adaptation=without_ML throughput_gbps=6.3277 latency_ms=68.2892
[2026-08-15T08:53:18] SAMPLE t=55s phase=Path_change adaptation=without_ML throughput_gbps=6.6285 latency_ms=72.4979
[2026-08-15T08:53:19] SAMPLE t=56s phase=Path_change adaptation=without_ML throughput_gbps=6.4634 latency_ms=70.1938
[2026-08-15T08:53:20] SAMPLE t=57s phase=Path_change adaptation=without_ML throughput_gbps=7.0473 latency_ms=71.6057
[2026-08-15T08:53:21] SAMPLE t=58s phase=Path_change adaptation=without_ML throughput_gbps=7.0965 latency_ms=69.7317
[2026-08-15T08:53:22] SAMPLE t=59s phase=Path_change adaptation=without_ML throughput_gbps=7.8926 latency_ms=66.9488
[2026-08-15T08:53:23] SAMPLE t=60s phase=Loss_spike adaptation=without_ML throughput_gbps=6.332 latency_ms=69.4235
[2026-08-15T08:53:24] SAMPLE t=61s phase=Loss_spike adaptation=without_ML throughput_gbps=8.8682 latency_ms=78.2865
[2026-08-15T08:53:25] SAMPLE t=62s phase=Loss_spike adaptation=without_ML throughput_gbps=7.421 latency_ms=76.7241
[2026-08-15T08:53:26] SAMPLE t=63s phase=Loss_spike adaptation=without_ML throughput_gbps=4.9124 latency_ms=76.2288
[2026-08-15T08:53:27] SAMPLE t=64s phase=Loss_spike adaptation=without_ML throughput_gbps=3.9567 latency_ms=80.2158
[2026-08-15T08:53:28] SAMPLE t=65s phase=Loss_spike adaptation=without_ML throughput_gbps=5.9175 latency_ms=71.1006
[2026-08-15T08:53:29] SAMPLE t=66s phase=Loss_spike adaptation=without_ML throughput_gbps=8.4975 latency_ms=77.446
[2026-08-15T08:53:30] SAMPLE t=67s phase=Loss_spike adaptation=without_ML throughput_gbps=8.012 latency_ms=76.8523
[2026-08-15T08:53:31] SAMPLE t=68s phase=Loss_spike adaptation=without_ML throughput_gbps=4.9835 latency_ms=76.1403
[2026-08-15T08:53:32] SAMPLE t=69s phase=Loss_spike adaptation=without_ML throughput_gbps=4.2569 latency_ms=79.6721
[2026-08-15T08:53:33] SAMPLE t=70s phase=Loss_spike adaptation=without_ML throughput_gbps=6.1242 latency_ms=73.1281
[2026-08-15T08:53:34] SAMPLE t=71s phase=Loss_spike adaptation=without_ML throughput_gbps=8.7356 latency_ms=81.3802
[2026-08-15T08:53:35] SAMPLE t=72s phase=Loss_spike adaptation=without_ML throughput_gbps=7.9053 latency_ms=76.1777
[2026-08-15T08:53:36] SAMPLE t=73s phase=Loss_spike adaptation=without_ML throughput_gbps=4.8529 latency_ms=74.5857
[2026-08-15T08:53:37] SAMPLE t=74s phase=Loss_spike adaptation=without_ML throughput_gbps=4.1481 latency_ms=76.7587
[2026-08-15T08:53:38] SAMPLE t=75s phase=Loss_spike adaptation=without_ML throughput_gbps=5.9649 latency_ms=70.8128
[2026-08-15T08:53:39] SAMPLE t=76s phase=Loss_spike adaptation=without_ML throughput_gbps=8.3034 latency_ms=78.9532
[2026-08-15T08:53:40] SAMPLE t=77s phase=Loss_spike adaptation=without_ML throughput_gbps=7.3608 latency_ms=73.9045
[2026-08-15T08:53:41] SAMPLE t=78s phase=Loss_spike adaptation=without_ML throughput_gbps=5.0337 latency_ms=73.4684
[2026-08-15T08:53:42] SAMPLE t=79s phase=Loss_spike adaptation=without_ML throughput_gbps=3.9543 latency_ms=78.0402
[2026-08-15T08:53:43] SAMPLE t=80s phase=Recovery adaptation=without_ML throughput_gbps=8.4206 latency_ms=67.4909
[2026-08-15T08:53:44] SAMPLE t=81s phase=Recovery adaptation=without_ML throughput_gbps=7.9239 latency_ms=63.7231
[2026-08-15T08:53:45] SAMPLE t=82s phase=Recovery adaptation=without_ML throughput_gbps=8.1113 latency_ms=68.4573
[2026-08-15T08:53:46] SAMPLE t=83s phase=Recovery adaptation=without_ML throughput_gbps=8.1233 latency_ms=64.1926
[2026-08-15T08:53:47] SAMPLE t=84s phase=Recovery adaptation=without_ML throughput_gbps=7.8618 latency_ms=64.3549
[2026-08-15T08:53:48] SAMPLE t=85s phase=Recovery adaptation=without_ML throughput_gbps=8.0876 latency_ms=68.2592
[2026-08-15T08:53:49] SAMPLE t=86s phase=Recovery adaptation=without_ML throughput_gbps=8.0793 latency_ms=64.6074
[2026-08-15T08:53:50] SAMPLE t=87s phase=Recovery adaptation=without_ML throughput_gbps=8.0852 latency_ms=67.4523
[2026-08-15T08:53:51] SAMPLE t=88s phase=Recovery adaptation=without_ML throughput_gbps=8.0179 latency_ms=67.9323
[2026-08-15T08:53:52] SAMPLE t=89s phase=Recovery adaptation=without_ML throughput_gbps=8.2705 latency_ms=67.1769
[2026-08-15T08:53:53] SAMPLE t=90s phase=Recovery adaptation=without_ML throughput_gbps=7.798 latency_ms=65.1506
[2026-08-15T08:53:54] SAMPLE t=91s phase=Recovery adaptation=without_ML throughput_gbps=8.4172 latency_ms=66.7586
[2026-08-15T08:53:55] SAMPLE t=92s phase=Recovery adaptation=without_ML throughput_gbps=8.0317 latency_ms=65.4105
[2026-08-15T08:53:56] SAMPLE t=93s phase=Recovery adaptation=without_ML throughput_gbps=8.295 latency_ms=65.1422
[2026-08-15T08:53:57] SAMPLE t=94s phase=Recovery adaptation=without_ML throughput_gbps=7.6722 latency_ms=63.5075
[2026-08-15T08:53:58] SAMPLE t=95s phase=Recovery adaptation=without_ML throughput_gbps=7.8804 latency_ms=65.9265
[2026-08-15T08:53:59] SAMPLE t=96s phase=Recovery adaptation=without_ML throughput_gbps=7.6674 latency_ms=68.9756
[2026-08-15T08:54:00] SAMPLE t=97s phase=Recovery adaptation=without_ML throughput_gbps=8.3162 latency_ms=65.7929
[2026-08-15T08:54:01] SAMPLE t=98s phase=Recovery adaptation=without_ML throughput_gbps=8.146 latency_ms=65.6387
[2026-08-15T08:54:02] SAMPLE t=99s phase=Recovery adaptation=without_ML throughput_gbps=7.9483 latency_ms=67.5428
[2026-08-15T08:52:23] TRACE_END run_id=101 status=OK
[2026-08-15T09:05:45] TRACE_START run_id=102
[2026-08-15T09:05:45] SAMPLE t=0s phase=Stable adaptation=with_ML throughput_gbps=8.0288 latency_ms=66.165
[2026-08-15T09:05:46] SAMPLE t=1s phase=Stable adaptation=with_ML throughput_gbps=7.8674 latency_ms=66.582
[2026-08-15T09:05:47] SAMPLE t=2s phase=Stable adaptation=with_ML throughput_gbps=8.0234 latency_ms=67.1032
[2026-08-15T09:05:48] SAMPLE t=3s phase=Stable adaptation=with_ML throughput_gbps=8.1803 latency_ms=66.3031
[2026-08-15T09:05:49] SAMPLE t=4s phase=Stable adaptation=with_ML throughput_gbps=8.2995 latency_ms=65.8924
[2026-08-15T09:05:50] SAMPLE t=5s phase=Stable adaptation=with_ML throughput_gbps=8.06 latency_ms=66.0506
[2026-08-15T09:05:51] SAMPLE t=6s phase=Stable adaptation=with_ML throughput_gbps=7.9159 latency_ms=65.0625
[2026-08-15T09:05:52] SAMPLE t=7s phase=Stable adaptation=with_ML throughput_gbps=7.8867 latency_ms=64.4132
[2026-08-15T09:05:53] SAMPLE t=8s phase=Stable adaptation=with_ML throughput_gbps=7.7514 latency_ms=68.2884
[2026-08-15T09:05:54] SAMPLE t=9s phase=Stable adaptation=with_ML throughput_gbps=7.742 latency_ms=64.6129
[2026-08-15T09:05:55] SAMPLE t=10s phase=Stable adaptation=with_ML throughput_gbps=7.8005 latency_ms=66.5518
[2026-08-15T09:05:56] SAMPLE t=11s phase=Stable adaptation=with_ML throughput_gbps=8.4893 latency_ms=67.2172
[2026-08-15T09:05:57] SAMPLE t=12s phase=Stable adaptation=with_ML throughput_gbps=8.302 latency_ms=65.5929
[2026-08-15T09:05:58] SAMPLE t=13s phase=Stable adaptation=with_ML throughput_gbps=8.211 latency_ms=65.0755
[2026-08-15T09:05:59] SAMPLE t=14s phase=Stable adaptation=with_ML throughput_gbps=8.0039 latency_ms=64.8664
[2026-08-15T09:06:00] SAMPLE t=15s phase=Stable adaptation=with_ML throughput_gbps=7.9228 latency_ms=67.067
[2026-08-15T09:06:01] SAMPLE t=16s phase=Stable adaptation=with_ML throughput_gbps=8.1616 latency_ms=64.7497
[2026-08-15T09:06:02] SAMPLE t=17s phase=Stable adaptation=with_ML throughput_gbps=8.2572 latency_ms=65.7401
[2026-08-15T09:06:03] SAMPLE t=18s phase=Stable adaptation=with_ML throughput_gbps=8.3309 latency_ms=66.5093
[2026-08-15T09:06:04] SAMPLE t=19s phase=Stable adaptation=with_ML throughput_gbps=7.967 latency_ms=67.5724
[2026-08-15T09:06:05] SAMPLE t=20s phase=Congestion adaptation=with_ML throughput_gbps=7.8881 latency_ms=65.9899
[2026-08-15T09:06:06] SAMPLE t=21s phase=Congestion adaptation=with_ML throughput_gbps=8.5738 latency_ms=66.0103
[2026-08-15T09:06:07] SAMPLE t=22s phase=Congestion adaptation=with_ML throughput_gbps=8.0655 latency_ms=66.0692
[2026-08-15T09:06:08] SAMPLE t=23s phase=Congestion adaptation=with_ML throughput_gbps=8.1784 latency_ms=66.7041
[2026-08-15T09:06:09] SAMPLE t=24s phase=Congestion adaptation=with_ML throughput_gbps=8.4159 latency_ms=65.6665
[2026-08-15T09:06:10] SAMPLE t=25s phase=Congestion adaptation=with_ML throughput_gbps=8.318 latency_ms=66.7131
[2026-08-15T09:06:11] SAMPLE t=26s phase=Congestion adaptation=with_ML throughput_gbps=8.1019 latency_ms=65.0945
[2026-08-15T09:06:12] SAMPLE t=27s phase=Congestion adaptation=with_ML throughput_gbps=8.0309 latency_ms=67.4146
[2026-08-15T09:06:13] SAMPLE t=28s phase=Congestion adaptation=with_ML throughput_gbps=7.9271 latency_ms=65.9622
[2026-08-15T09:06:14] SAMPLE t=29s phase=Congestion adaptation=with_ML throughput_gbps=7.6539 latency_ms=66.6145
[2026-08-15T09:06:15] SAMPLE t=30s phase=Congestion adaptation=with_ML throughput_gbps=8.1227 latency_ms=69.5912
[2026-08-15T09:06:16] SAMPLE t=31s phase=Congestion adaptation=with_ML throughput_gbps=7.9185 latency_ms=67.3634
[2026-08-15T09:06:17] SAMPLE t=32s phase=Congestion adaptation=with_ML throughput_gbps=8.3029 latency_ms=67.1604
[2026-08-15T09:06:18] SAMPLE t=33s phase=Congestion adaptation=with_ML throughput_gbps=8.4041 latency_ms=65.7622
[2026-08-15T09:06:19] SAMPLE t=34s phase=Congestion adaptation=with_ML throughput_gbps=7.8178 latency_ms=67.7303
[2026-08-15T09:06:20] SAMPLE t=35s phase=Congestion adaptation=with_ML throughput_gbps=7.6906 latency_ms=68.1418
[2026-08-15T09:06:21] SAMPLE t=36s phase=Congestion adaptation=with_ML throughput_gbps=7.7408 latency_ms=67.0826
[2026-08-15T09:06:22] SAMPLE t=37s phase=Congestion adaptation=with_ML throughput_gbps=8.0501 latency_ms=64.1392
[2026-08-15T09:06:23] SAMPLE t=38s phase=Congestion adaptation=with_ML throughput_gbps=8.2663 latency_ms=65.6358
[2026-08-15T09:06:24] SAMPLE t=39s phase=Congestion adaptation=with_ML throughput_gbps=8.3482 latency_ms=65.6587
[2026-08-15T09:06:25] SAMPLE t=40s phase=Path_change adaptation=with_ML throughput_gbps=8.282 latency_ms=66.8713
[2026-08-15T09:06:26] SAMPLE t=41s phase=Path_change adaptation=with_ML throughput_gbps=7.9338 latency_ms=67.4858
[2026-08-15T09:06:27] SAMPLE t=42s phase=Path_change adaptation=with_ML throughput_gbps=7.6265 latency_ms=67.6622
[2026-08-15T09:06:28] SAMPLE t=43s phase=Path_change adaptation=with_ML throughput_gbps=7.5302 latency_ms=67.6043
[2026-08-15T09:06:29] SAMPLE t=44s phase=Path_change adaptation=with_ML throughput_gbps=7.616 latency_ms=66.6435
[2026-08-15T09:06:30] SAMPLE t=45s phase=Path_change adaptation=with_ML throughput_gbps=7.6043 latency_ms=65.8031
[2026-08-15T09:06:31] SAMPLE t=46s phase=Path_change adaptation=with_ML throughput_gbps=7.3084 latency_ms=67.8889
[2026-08-15T09:06:32] SAMPLE t=47s phase=Path_change adaptation=with_ML throughput_gbps=7.2239 latency_ms=67.5819
[2026-08-15T09:06:33] SAMPLE t=48s phase=Path_change adaptation=with_ML throughput_gbps=7.3603 latency_ms=66.5102
[2026-08-15T09:06:34] SAMPLE t=49s phase=Path_change adaptation=with_ML throughput_gbps=7.2928 latency_ms=68.1597
[2026-08-15T09:06:35] SAMPLE t=50s phase=Path_change adaptation=with_ML throughput_gbps=7.2829 latency_ms=67.2098
[2026-08-15T09:06:36] SAMPLE t=51s phase=Path_change adaptation=with_ML throughput_gbps=7.0208 latency_ms=67.0391
[2026-08-15T09:06:37] SAMPLE t=52s phase=Path_change adaptation=with_ML throughput_gbps=7.2324 latency_ms=67.3474
[2026-08-15T09:06:38] SAMPLE t=53s phase=Path_change adaptation=with_ML throughput_gbps=7.5041 latency_ms=66.4433
[2026-08-15T09:06:39] SAMPLE t=54s phase=Path_change adaptation=with_ML throughput_gbps=7.3592 latency_ms=68.5407
[2026-08-15T09:06:40] SAMPLE t=55s phase=Path_change adaptation=with_ML throughput_gbps=7.3291 latency_ms=68.1332
[2026-08-15T09:06:41] SAMPLE t=56s phase=Path_change adaptation=with_ML throughput_gbps=7.7662 latency_ms=67.8796
[2026-08-15T09:06:42] SAMPLE t=57s phase=Path_change adaptation=with_ML throughput_gbps=8.0618 latency_ms=66.5582
[2026-08-15T09:06:43] SAMPLE t=58s phase=Path_change adaptation=with_ML throughput_gbps=7.8678 latency_ms=66.6426
[2026-08-15T09:06:44] SAMPLE t=59s phase=Path_change adaptation=with_ML throughput_gbps=8.2814 latency_ms=66.4177
[2026-08-15T09:06:45] SAMPLE t=60s phase=Loss_spike adaptation=with_ML throughput_gbps=7.176 latency_ms=67.4137
[2026-08-15T09:06:46] SAMPLE t=61s phase=Loss_spike adaptation=with_ML throughput_gbps=8.082 latency_ms=71.3623
[2026-08-15T09:06:47] SAMPLE t=62s phase=Loss_spike adaptation=with_ML throughput_gbps=8.4181 latency_ms=67.965
[2026-08-15T09:06:48] SAMPLE t=63s phase=Loss_spike adaptation=with_ML throughput_gbps=6.5518 latency_ms=68.2
[2026-08-15T09:06:49] SAMPLE t=64s phase=Loss_spike adaptation=with_ML throughput_gbps=6.169 latency_ms=70.145
[2026-08-15T09:06:50] SAMPLE t=65s phase=Loss_spike adaptation=with_ML throughput_gbps=7.1217 latency_ms=69.0983
[2026-08-15T09:06:51] SAMPLE t=66s phase=Loss_spike adaptation=with_ML throughput_gbps=8.1207 latency_ms=72.0459
[2026-08-15T09:06:52] SAMPLE t=67s phase=Loss_spike adaptation=with_ML throughput_gbps=7.8549 latency_ms=68.7046
[2026-08-15T09:06:53] SAMPLE t=68s phase=Loss_spike adaptation=with_ML throughput_gbps=6.5303 latency_ms=71.9096
[2026-08-15T09:06:54] SAMPLE t=69s phase=Loss_spike adaptation=with_ML throughput_gbps=6.3113 latency_ms=71.0691
[2026-08-15T09:06:55] SAMPLE t=70s phase=Loss_spike adaptation=with_ML throughput_gbps=7.33 latency_ms=68.3073
[2026-08-15T09:06:56] SAMPLE t=71s phase=Loss_spike adaptation=with_ML throughput_gbps=8.5182 latency_ms=70.7928
[2026-08-15T09:06:57] SAMPLE t=72s phase=Loss_spike adaptation=with_ML throughput_gbps=8.0141 latency_ms=69.3727
[2026-08-15T09:06:58] SAMPLE t=73s phase=Loss_spike adaptation=with_ML throughput_gbps=6.7525 latency_ms=67.6341
[2026-08-15T09:06:59] SAMPLE t=74s phase=Loss_spike adaptation=with_ML throughput_gbps=6.5383 latency_ms=72.8784
[2026-08-15T09:07:00] SAMPLE t=75s phase=Loss_spike adaptation=with_ML throughput_gbps=7.1293 latency_ms=66.9913
[2026-08-15T09:07:01] SAMPLE t=76s phase=Loss_spike adaptation=with_ML throughput_gbps=8.6317 latency_ms=70.318
[2026-08-15T09:07:02] SAMPLE t=77s phase=Loss_spike adaptation=with_ML throughput_gbps=8.0536 latency_ms=68.4423
[2026-08-15T09:07:03] SAMPLE t=78s phase=Loss_spike adaptation=with_ML throughput_gbps=6.6188 latency_ms=68.2047
[2026-08-15T09:07:04] SAMPLE t=79s phase=Loss_spike adaptation=with_ML throughput_gbps=6.2301 latency_ms=69.3497
[2026-08-15T09:07:05] SAMPLE t=80s phase=Recovery adaptation=with_ML throughput_gbps=7.9938 latency_ms=65.8733
[2026-08-15T09:07:06] SAMPLE t=81s phase=Recovery adaptation=with_ML throughput_gbps=8.4297 latency_ms=66.9284
[2026-08-15T09:07:07] SAMPLE t=82s phase=Recovery adaptation=with_ML throughput_gbps=7.9657 latency_ms=66.4328
[2026-08-15T09:07:08] SAMPLE t=83s phase=Recovery adaptation=with_ML throughput_gbps=7.8032 latency_ms=66.7515
[2026-08-15T09:07:09] SAMPLE t=84s phase=Recovery adaptation=with_ML throughput_gbps=7.8932 latency_ms=67.9362
[2026-08-15T09:07:10] SAMPLE t=85s phase=Recovery adaptation=with_ML throughput_gbps=8.3042 latency_ms=66.7128
[2026-08-15T09:07:11] SAMPLE t=86s phase=Recovery adaptation=with_ML throughput_gbps=8.3384 latency_ms=65.9122
[2026-08-15T09:07:12] SAMPLE t=87s phase=Recovery adaptation=with_ML throughput_gbps=8.1087 latency_ms=64.9928
[2026-08-15T09:07:13] SAMPLE t=88s phase=Recovery adaptation=with_ML throughput_gbps=8.1664 latency_ms=66.4505
[2026-08-15T09:07:14] SAMPLE t=89s phase=Recovery adaptation=with_ML throughput_gbps=8.4492 latency_ms=65.1454
[2026-08-15T09:07:15] SAMPLE t=90s phase=Recovery adaptation=with_ML throughput_gbps=8.0443 latency_ms=66.9439
[2026-08-15T09:07:16] SAMPLE t=91s phase=Recovery adaptation=with_ML throughput_gbps=8.2746 latency_ms=65.6772
[2026-08-15T09:07:17] SAMPLE t=92s phase=Recovery adaptation=with_ML throughput_gbps=8.2712 latency_ms=65.3193
[2026-08-15T09:07:18] SAMPLE t=93s phase=Recovery adaptation=with_ML throughput_gbps=8.367 latency_ms=66.1255
[2026-08-15T09:07:19] SAMPLE t=94s phase=Recovery adaptation=with_ML throughput_gbps=8.369 latency_ms=64.1316
[2026-08-15T09:07:20] SAMPLE t=95s phase=Recovery adaptation=with_ML throughput_gbps=8.456 latency_ms=63.8822
[2026-08-15T09:07:21] SAMPLE t=96s phase=Recovery adaptation=with_ML throughput_gbps=8.2516 latency_ms=66.1961
[2026-08-15T09:07:22] SAMPLE t=97s phase=Recovery adaptation=with_ML throughput_gbps=8.591 latency_ms=65.4093
[2026-08-15T09:07:23] SAMPLE t=98s phase=Recovery adaptation=with_ML throughput_gbps=8.4708 latency_ms=63.2645
[2026-08-15T09:07:24] SAMPLE t=99s phase=Recovery adaptation=with_ML throughput_gbps=8.8731 latency_ms=64.4276
[2026-08-15T09:05:45] SAMPLE t=0s phase=Stable adaptation=without_ML throughput_gbps=7.9559 latency_ms=64.4767
[2026-08-15T09:05:46] SAMPLE t=1s phase=Stable adaptation=without_ML throughput_gbps=8.0668 latency_ms=64.0941
[2026-08-15T09:05:47] SAMPLE t=2s phase=Stable adaptation=without_ML throughput_gbps=7.7343 latency_ms=65.8378
[2026-08-15T09:05:48] SAMPLE t=3s phase=Stable adaptation=without_ML throughput_gbps=7.8858 latency_ms=64.804
[2026-08-15T09:05:49] SAMPLE t=4s phase=Stable adaptation=without_ML throughput_gbps=8.0015 latency_ms=66.5889
[2026-08-15T09:05:50] SAMPLE t=5s phase=Stable adaptation=without_ML throughput_gbps=8.1952 latency_ms=66.2361
[2026-08-15T09:05:51] SAMPLE t=6s phase=Stable adaptation=without_ML throughput_gbps=8.2564 latency_ms=67.1589
[2026-08-15T09:05:52] SAMPLE t=7s phase=Stable adaptation=without_ML throughput_gbps=8.0323 latency_ms=65.7434
[2026-08-15T09:05:53] SAMPLE t=8s phase=Stable adaptation=without_ML throughput_gbps=7.9191 latency_ms=65.3052
[2026-08-15T09:05:54] SAMPLE t=9s phase=Stable adaptation=without_ML throughput_gbps=8.3312 latency_ms=65.4106
[2026-08-15T09:05:55] SAMPLE t=10s phase=Stable adaptation=without_ML throughput_gbps=8.1191 latency_ms=68.822
[2026-08-15T09:05:56] SAMPLE t=11s phase=Stable adaptation=without_ML throughput_gbps=7.5928 latency_ms=66.2382
[2026-08-15T09:05:57] SAMPLE t=12s phase=Stable adaptation=without_ML throughput_gbps=7.803 latency_ms=67.2912
[2026-08-15T09:05:58] SAMPLE t=13s phase=Stable adaptation=without_ML throughput_gbps=7.8671 latency_ms=65.944
[2026-08-15T09:05:59] SAMPLE t=14s phase=Stable adaptation=without_ML throughput_gbps=7.5625 latency_ms=65.4934
[2026-08-15T09:06:00] SAMPLE t=15s phase=Stable adaptation=without_ML throughput_gbps=7.8137 latency_ms=66.6978
[2026-08-15T09:06:01] SAMPLE t=16s phase=Stable adaptation=without_ML throughput_gbps=7.9667 latency_ms=65.2481
[2026-08-15T09:06:02] SAMPLE t=17s phase=Stable adaptation=without_ML throughput_gbps=8.1776 latency_ms=64.4005
[2026-08-15T09:06:03] SAMPLE t=18s phase=Stable adaptation=without_ML throughput_gbps=7.7162 latency_ms=63.736
[2026-08-15T09:06:04] SAMPLE t=19s phase=Stable adaptation=without_ML throughput_gbps=7.9113 latency_ms=67.5713
[2026-08-15T09:06:05] SAMPLE t=20s phase=Congestion adaptation=without_ML throughput_gbps=7.9264 latency_ms=65.0507
[2026-08-15T09:06:06] SAMPLE t=21s phase=Congestion adaptation=without_ML throughput_gbps=7.4275 latency_ms=62.3648
[2026-08-15T09:06:07] SAMPLE t=22s phase=Congestion adaptation=without_ML throughput_gbps=8.0394 latency_ms=67.9491
[2026-08-15T09:06:08] SAMPLE t=23s phase=Congestion adaptation=without_ML throughput_gbps=8.0967 latency_ms=66.2204
[2026-08-15T09:06:09] SAMPLE t=24s phase=Congestion adaptation=without_ML throughput_gbps=7.9412 latency_ms=68.5357
[2026-08-15T09:06:10] SAMPLE t=25s phase=Congestion adaptation=without_ML throughput_gbps=8.0151 latency_ms=67.1469
[2026-08-15T09:06:11] SAMPLE t=26s phase=Congestion adaptation=without_ML throughput_gbps=7.6478 latency_ms=68.3113
[2026-08-15T09:06:12] SAMPLE t=27s phase=Congestion adaptation=without_ML throughput_gbps=7.6561 latency_ms=64.3179
[2026-08-15T09:06:13] SAMPLE t=28s phase=Congestion adaptation=without_ML throughput_gbps=7.9076 latency_ms=65.6061
[2026-08-15T09:06:14] SAMPLE t=29s phase=Congestion adaptation=without_ML throughput_gbps=7.6882 latency_ms=66.5754
[2026-08-15T09:06:15] SAMPLE t=30s phase=Congestion adaptation=without_ML throughput_gbps=7.7826 latency_ms=66.8947
[2026-08-15T09:06:16] SAMPLE t=31s phase=Congestion adaptation=without_ML throughput_gbps=8.1792 latency_ms=65.8275
[2026-08-15T09:06:17] SAMPLE t=32s phase=Congestion adaptation=without_ML throughput_gbps=8.1795 latency_ms=65.3892
[2026-08-15T09:06:18] SAMPLE t=33s phase=Congestion adaptation=without_ML throughput_gbps=8.1817 latency_ms=63.9551
[2026-08-15T09:06:19] SAMPLE t=34s phase=Congestion adaptation=without_ML throughput_gbps=7.5569 latency_ms=66.7491
[2026-08-15T09:06:20] SAMPLE t=35s phase=Congestion adaptation=without_ML throughput_gbps=8.3029 latency_ms=65.8661
[2026-08-15T09:06:21] SAMPLE t=36s phase=Congestion adaptation=without_ML throughput_gbps=7.9752 latency_ms=66.3287
[2026-08-15T09:06:22] SAMPLE t=37s phase=Congestion adaptation=without_ML throughput_gbps=8.1198 latency_ms=65.4925
[2026-08-15T09:06:23] SAMPLE t=38s phase=Congestion adaptation=without_ML throughput_gbps=8.7341 latency_ms=65.6323
[2026-08-15T09:06:24] SAMPLE t=39s phase=Congestion adaptation=without_ML throughput_gbps=8.0796 latency_ms=67.6171
[2026-08-15T09:06:25] SAMPLE t=40s phase=Path_change adaptation=without_ML throughput_gbps=7.9938 latency_ms=64.8179
[2026-08-15T09:06:26] SAMPLE t=41s phase=Path_change adaptation=without_ML throughput_gbps=7.5989 latency_ms=66.7165
[2026-08-15T09:06:27] SAMPLE t=42s phase=Path_change adaptation=without_ML throughput_gbps=7.0342 latency_ms=69.832
[2026-08-15T09:06:28] SAMPLE t=43s phase=Path_change adaptation=without_ML throughput_gbps=6.9797 latency_ms=71.2744
[2026-08-15T09:06:29] SAMPLE t=44s phase=Path_change adaptation=without_ML throughput_gbps=6.7083 latency_ms=67.2987
[2026-08-15T09:06:30] SAMPLE t=45s phase=Path_change adaptation=without_ML throughput_gbps=6.2323 latency_ms=70.0299
[2026-08-15T09:06:31] SAMPLE t=46s phase=Path_change adaptation=without_ML throughput_gbps=6.3057 latency_ms=70.6223
[2026-08-15T09:06:32] SAMPLE t=47s phase=Path_change adaptation=without_ML throughput_gbps=5.961 latency_ms=70.829
[2026-08-15T09:06:33] SAMPLE t=48s phase=Path_change adaptation=without_ML throughput_gbps=5.6868 latency_ms=71.2631
[2026-08-15T09:06:34] SAMPLE t=49s phase=Path_change adaptation=without_ML throughput_gbps=5.7976 latency_ms=74.7322
[2026-08-15T09:06:35] SAMPLE t=50s phase=Path_change adaptation=without_ML throughput_gbps=5.5693 latency_ms=72.0685
[2026-08-15T09:06:36] SAMPLE t=51s phase=Path_change adaptation=without_ML throughput_gbps=5.9351 latency_ms=70.2758
[2026-08-15T09:06:37] SAMPLE t=52s phase=Path_change adaptation=without_ML throughput_gbps=5.8074 latency_ms=73.8956
[2026-08-15T09:06:38] SAMPLE t=53s phase=Path_change adaptation=without_ML throughput_gbps=6.0939 latency_ms=71.7853
[2026-08-15T09:06:39] SAMPLE t=54s phase=Path_change adaptation=without_ML throughput_gbps=6.2917 latency_ms=71.5612
[2026-08-15T09:06:40] SAMPLE t=55s phase=Path_change adaptation=without_ML throughput_gbps=6.548 latency_ms=69.1858
[2026-08-15T09:06:41] SAMPLE t=56s phase=Path_change adaptation=without_ML throughput_gbps=6.7051 latency_ms=70.166
[2026-08-15T09:06:42] SAMPLE t=57s phase=Path_change adaptation=without_ML throughput_gbps=6.8547 latency_ms=66.4093
[2026-08-15T09:06:43] SAMPLE t=58s phase=Path_change adaptation=without_ML throughput_gbps=7.162 latency_ms=69.5637
[2026-08-15T09:06:44] SAMPLE t=59s phase=Path_change adaptation=without_ML throughput_gbps=7.7105 latency_ms=66.1709
[2026-08-15T09:06:45] SAMPLE t=60s phase=Loss_spike adaptation=without_ML throughput_gbps=6.1201 latency_ms=71.4649
[2026-08-15T09:06:46] SAMPLE t=61s phase=Loss_spike adaptation=without_ML throughput_gbps=9.2923 latency_ms=77.848
[2026-08-15T09:06:47] SAMPLE t=62s phase=Loss_spike adaptation=without_ML throughput_gbps=7.6635 latency_ms=76.7543
[2026-08-15T09:06:48] SAMPLE t=63s phase=Loss_spike adaptation=without_ML throughput_gbps=5.0263 latency_ms=76.1028
[2026-08-15T09:06:49] SAMPLE t=64s phase=Loss_spike adaptation=without_ML throughput_gbps=4.1019 latency_ms=78.4852
[2026-08-15T09:06:50] SAMPLE t=65s phase=Loss_spike adaptation=without_ML throughput_gbps=6.0297 latency_ms=68.5379
[2026-08-15T09:06:51] SAMPLE t=66s phase=Loss_spike adaptation=without_ML throughput_gbps=8.2482 latency_ms=81.0179
[2026-08-15T09:06:52] SAMPLE t=67s phase=Loss_spike adaptation=without_ML throughput_gbps=7.5 latency_ms=78.2468
[2026-08-15T09:06:53] SAMPLE t=68s phase=Loss_spike adaptation=without_ML throughput_gbps=4.6667 latency_ms=77.0202
[2026-08-15T09:06:54] SAMPLE t=69s phase=Loss_spike adaptation=without_ML throughput_gbps=4.1549 latency_ms=79.2105
[2026-08-15T09:06:55] SAMPLE t=70s phase=Loss_spike adaptation=without_ML throughput_gbps=6.1682 latency_ms=71.2359
[2026-08-15T09:06:56] SAMPLE t=71s phase=Loss_spike adaptation=without_ML throughput_gbps=8.2873 latency_ms=83.3203
[2026-08-15T09:06:57] SAMPLE t=72s phase=Loss_spike adaptation=without_ML throughput_gbps=7.4582 latency_ms=75.4036
[2026-08-15T09:06:58] SAMPLE t=73s phase=Loss_spike adaptation=without_ML throughput_gbps=4.827 latency_ms=75.5717
[2026-08-15T09:06:59] SAMPLE t=74s phase=Loss_spike adaptation=without_ML throughput_gbps=4.2212 latency_ms=79.1958
[2026-08-15T09:07:00] SAMPLE t=75s phase=Loss_spike adaptation=without_ML throughput_gbps=6.1455 latency_ms=72.6281
[2026-08-15T09:07:01] SAMPLE t=76s phase=Loss_spike adaptation=without_ML throughput_gbps=8.3582 latency_ms=77.4719
[2026-08-15T09:07:02] SAMPLE t=77s phase=Loss_spike adaptation=without_ML throughput_gbps=7.5619 latency_ms=74.9984
[2026-08-15T09:07:03] SAMPLE t=78s phase=Loss_spike adaptation=without_ML throughput_gbps=4.9493 latency_ms=73.8043
[2026-08-15T09:07:04] SAMPLE t=79s phase=Loss_spike adaptation=without_ML throughput_gbps=4.2603 latency_ms=79.2552
[2026-08-15T09:07:05] SAMPLE t=80s phase=Recovery adaptation=without_ML throughput_gbps=7.8517 latency_ms=65.9837
[2026-08-15T09:07:06] SAMPLE t=81s phase=Recovery adaptation=without_ML throughput_gbps=8.273 latency_ms=68.3394
[2026-08-15T09:07:07] SAMPLE t=82s phase=Recovery adaptation=without_ML throughput_gbps=8.3991 latency_ms=68.4939
[2026-08-15T09:07:08] SAMPLE t=83s phase=Recovery adaptation=without_ML throughput_gbps=7.9884 latency_ms=67.3552
[2026-08-15T09:07:09] SAMPLE t=84s phase=Recovery adaptation=without_ML throughput_gbps=7.938 latency_ms=67.2603
[2026-08-15T09:07:10] SAMPLE t=85s phase=Recovery adaptation=without_ML throughput_gbps=8.0648 latency_ms=66.4376
[2026-08-15T09:07:11] SAMPLE t=86s phase=Recovery adaptation=without_ML throughput_gbps=8.092 latency_ms=64.7838
[2026-08-15T09:07:12] SAMPLE t=87s phase=Recovery adaptation=without_ML throughput_gbps=7.8417 latency_ms=66.8183
[2026-08-15T09:07:13] SAMPLE t=88s phase=Recovery adaptation=without_ML throughput_gbps=7.6777 latency_ms=66.2602
[2026-08-15T09:07:14] SAMPLE t=89s phase=Recovery adaptation=without_ML throughput_gbps=8.1635 latency_ms=67.8206
[2026-08-15T09:07:15] SAMPLE t=90s phase=Recovery adaptation=without_ML throughput_gbps=7.945 latency_ms=65.8901
[2026-08-15T09:07:16] SAMPLE t=91s phase=Recovery adaptation=without_ML throughput_gbps=7.9537 latency_ms=65.7351
[2026-08-15T09:07:17] SAMPLE t=92s phase=Recovery adaptation=without_ML throughput_gbps=8.1627 latency_ms=63.5954
[2026-08-15T09:07:18] SAMPLE t=93s phase=Recovery adaptation=without_ML throughput_gbps=7.9562 latency_ms=65.9653
[2026-08-15T09:07:19] SAMPLE t=94s phase=Recovery adaptation=without_ML throughput_gbps=7.7476 latency_ms=67.4647
[2026-08-15T09:07:20] SAMPLE t=95s phase=Recovery adaptation=without_ML throughput_gbps=8.2796 latency_ms=65.925
[2026-08-15T09:07:21] SAMPLE t=96s phase=Recovery adaptation=without_ML throughput_gbps=8.3397 latency_ms=65.8005
[2026-08-15T09:07:22] SAMPLE t=97s phase=Recovery adaptation=without_ML throughput_gbps=7.7527 latency_ms=65.2128
[2026-08-15T09:07:23] SAMPLE t=98s phase=Recovery adaptation=without_ML throughput_gbps=7.6327 latency_ms=68.7661
[2026-08-15T09:07:24] SAMPLE t=99s phase=Recovery adaptation=without_ML throughput_gbps=7.7607 latency_ms=65.8533
[2026-08-15T09:05:45] TRACE_END run_id=102 status=OK
