[2026-08-01T08:51:08] TRACE_START run_id=7
[2026-08-01T08:51:08] SAMPLE t=0s phase=Stable adaptation=with_ML throughput_gbps=7.9038 latency_ms=67.6959
[2026-08-01T08:51:09] SAMPLE t=1s phase=Stable adaptation=with_ML throughput_gbps=8.0506 latency_ms=67.8841
[2026-08-01T08:51:10] SAMPLE t=2s phase=Stable adaptation=with_ML throughput_gbps=8.2075 latency_ms=66.9142
[2026-08-01T08:51:11] SAMPLE t=3s phase=Stable adaptation=with_ML throughput_gbps=7.9775 latency_ms=63.8028
[2026-08-01T08:51:12] SAMPLE t=4s phase=Stable adaptation=with_ML throughput_gbps=8.4637 latency_ms=66.7889
[2026-08-01T08:51:13] SAMPLE t=5s phase=Stable adaptation=with_ML throughput_gbps=8.0164 latency_ms=67.2723
[2026-08-01T08:51:14] SAMPLE t=6s phase=Stable adaptation=with_ML throughput_gbps=7.9398 latency_ms=65.5169
[2026-08-01T08:51:15] SAMPLE t=7s phase=Stable adaptation=with_ML throughput_gbps=7.9187 latency_ms=66.9048
[2026-08-01T08:51:16] SAMPLE t=8s phase=Stable adaptation=with_ML throughput_gbps=7.9658 latency_ms=66.8583
[2026-08-01T08:51:17] SAMPLE t=9s phase=Stable adaptation=with_ML throughput_gbps=8.3789 latency_ms=65.6942
[2026-08-01T08:51:18] SAMPLE t=10s phase=Stable adaptation=with_ML throughput_gbps=8.1307 latency_ms=66.7325
[2026-08-01T08:51:19] SAMPLE t=11s phase=Stable adaptation=with_ML throughput_gbps=8.3554 latency_ms=65.827
[2026-08-01T08:51:20] SAMPLE t=12s phase=Stable adaptation=with_ML throughput_gbps=8.3028 latency_ms=67.5242
[2026-08-01T08:51:21] SAMPLE t=13s phase=Stable adaptation=with_ML throughput_gbps=7.8629 latency_ms=66.9418
[2026-08-01T08:51:22] SAMPLE t=14s phase=Stable adaptation=with_ML throughput_gbps=8.2817 latency_ms=67.5842
[2026-08-01T08:51:23] SAMPLE t=15s phase=Stable adaptation=with_ML throughput_gbps=8.2114 latency_ms=69.5529
[2026-08-01T08:51:24] SAMPLE t=16s phase=Stable adaptation=with_ML throughput_gbps=7.9453 latency_ms=65.5534
[2026-08-01T08:51:25] SAMPLE t=17s phase=Stable adaptation=with_ML throughput_gbps=8.3203 latency_ms=66.9326
[2026-08-01T08:51:26] SAMPLE t=18s phase=Stable adaptation=with_ML throughput_gbps=7.9492 latency_ms=64.606
[2026-08-01T08:51:27] SAMPLE t=19s phase=Stable adaptation=with_ML throughput_gbps=8.2943 latency_ms=65.2774
[2026-08-01T08:51:28] SAMPLE t=20s phase=Congestion adaptation=with_ML throughput_gbps=8.1133 latency_ms=68.543
[2026-08-01T08:51:29] SAMPLE t=21s phase=Congestion adaptation=with_ML throughput_gbps=8.0569 latency_ms=66.8035
[2026-08-01T08:51:30] SAMPLE t=22s phase=Congestion adaptation=with_ML throughput_gbps=8.0762 latency_ms=66.5824
[2026-08-01T08:51:31] SAMPLE t=23s phase=Congestion adaptation=with_ML throughput_gbps=8.3703 latency_ms=65.4623
[2026-08-01T08:51:32] SAMPLE t=24s phase=Congestion adaptation=with_ML throughput_gbps=7.869 latency_ms=66.2743
[2026-08-01T08:51:33] SAMPLE t=25s phase=Congestion adaptation=with_ML throughput_gbps=8.1552 latency_ms=66.986
[2026-08-01T08:51:34] SAMPLE t=26s phase=Congestion adaptation=with_ML throughput_gbps=8.5512 latency_ms=68.64
[2026-08-01T08:51:35] SAMPLE t=27s phase=Congestion adaptation=with_ML throughput_gbps=8.5489 latency_ms=67.2575
[2026-08-01T08:51:36] SAMPLE t=28s phase=Congestion adaptation=with_ML throughput_gbps=7.9918 latency_ms=66.5783
[2026-08-01T08:51:37] SAMPLE t=29s phase=Congestion adaptation=with_ML throughput_gbps=8.239 latency_ms=69.5021
[2026-08-01T08:51:38] SAMPLE t=30s phase=Congestion adaptation=with_ML throughput_gbps=8.0076 latency_ms=66.4303
[2026-08-01T08:51:39] SAMPLE t=31s phase=Congestion adaptation=with_ML throughput_gbps=8.0193 latency_ms=67.9866
[2026-08-01T08:51:40] SAMPLE t=32s phase=Congestion adaptation=with_ML throughput_gbps=8.2062 latency_ms=65.9053
[2026-08-01T08:51:41] SAMPLE t=33s phase=Congestion adaptation=with_ML throughput_gbps=8.0924 latency_ms=65.9974
[2026-08-01T08:51:42] SAMPLE t=34s phase=Congestion adaptation=with_ML throughput_gbps=7.9872 latency_ms=66.4882
[2026-08-01T08:51:43] SAMPLE t=35s phase=Congestion adaptation=with_ML throughput_gbps=8.2142 latency_ms=66.7131
[2026-08-01T08:51:44] SAMPLE t=36s phase=Congestion adaptation=with_ML throughput_gbps=8.0015 latency_ms=66.1709
[2026-08-01T08:51:45] SAMPLE t=37s phase=Congestion adaptation=with_ML throughput_gbps=8.2533 latency_ms=66.6469
[2026-08-01T08:51:46] SAMPLE t=38s phase=Congestion adaptation=with_ML throughput_gbps=8.0365 latency_ms=66.8959
[2026-08-01T08:51:47] SAMPLE t=39s phase=Congestion adaptation=with_ML throughput_gbps=7.6905 latency_ms=65.8793
[2026-08-01T08:51:48] SAMPLE t=40s phase=Path_change adaptation=with_ML throughput_gbps=8.1803 latency_ms=69.8777
[2026-08-01T08:51:49] SAMPLE t=41s phase=Path_change adaptation=with_ML throughput_gbps=8.2834 latency_ms=67.4627
[2026-08-01T08:51:50] SAMPLE t=42s phase=Path_change adaptation=with_ML throughput_gbps=7.8135 latency_ms=65.8139
[2026-08-01T08:51:51] SAMPLE t=43s phase=Path_change adaptation=with_ML throughput_gbps=7.853 latency_ms=65.7725
[2026-08-01T08:51:52] SAMPLE t=44s phase=Path_change adaptation=with_ML throughput_gbps=7.8057 latency_ms=68.6943
[2026-08-01T08:51:53] SAMPLE t=45s phase=Path_change adaptation=with_ML throughput_gbps=7.5713 latency_ms=69.1324
[2026-08-01T08:51:54] SAMPLE t=46s phase=Path_change adaptation=with_ML throughput_gbps=7.2447 latency_ms=67.0759
[2026-08-01T08:51:55] SAMPLE t=47s phase=Path_change adaptation=with_ML throughput_gbps=7.3104 latency_ms=67.483
[2026-08-01T08:51:56] SAMPLE t=48s phase=Path_change adaptation=with_ML throughput_gbps=7.0631 latency_ms=67.5153
[2026-08-01T08:51:57] SAMPLE t=49s phase=Path_change adaptation=with_ML throughput_gbps=7.2068 latency_ms=70.4438
[2026-08-01T08:51:58] SAMPLE t=50s phase=Path_change adaptation=with_ML throughput_gbps=7.2586 latency_ms=67.8587
[2026-08-01T08:51:59] SAMPLE t=51s phase=Path_change adaptation=with_ML throughput_gbps=7.2925 latency_ms=65.5171
[2026-08-01T08:52:00] SAMPLE t=52s phase=Path_change adaptation=with_ML throughput_gbps=7.2494 latency_ms=69.4326
[2026-08-01T08:52:01] SAMPLE t=53s phase=Path_change adaptation=with_ML throughput_gbps=7.4553 latency_ms=66.5206
[2026-08-01T08:52:02] SAMPLE t=54s phase=Path_change adaptation=with_ML throughput_gbps=7.4601 latency_ms=70.2288
[2026-08-01T08:52:03] SAMPLE t=55s phase=Path_change adaptation=with_ML throughput_gbps=7.5093 latency_ms=67.0638
[2026-08-01T08:52:04] SAMPLE t=56s phase=Path_change adaptation=with_ML throughput_gbps=7.6908 latency_ms=67.621
[2026-08-01T08:52:05] SAMPLE t=57s phase=Path_change adaptation=with_ML throughput_gbps=7.8066 latency_ms=67.283
[2026-08-01T08:52:06] SAMPLE t=58s phase=Path_change adaptation=with_ML throughput_gbps=7.8361 latency_ms=66.2554
[2026-08-01T08:52:07] SAMPLE t=59s phase=Path_change adaptation=with_ML throughput_gbps=8.1636 latency_ms=67.0529
[2026-08-01T08:52:08] SAMPLE t=60s phase=Loss_spike adaptation=with_ML throughput_gbps=7.4555 latency_ms=69.3016
[2026-08-01T08:52:09] SAMPLE t=61s phase=Loss_spike adaptation=with_ML throughput_gbps=8.4292 latency_ms=69.3592
[2026-08-01T08:52:10] SAMPLE t=62s phase=Loss_spike adaptation=with_ML throughput_gbps=7.977 latency_ms=68.9848
[2026-08-01T08:52:11] SAMPLE t=63s phase=Loss_spike adaptation=with_ML throughput_gbps=6.8321 latency_ms=69.9507
[2026-08-01T08:52:12] SAMPLE t=64s phase=Loss_spike adaptation=with_ML throughput_gbps=6.1792 latency_ms=71.0375
[2026-08-01T08:52:13] SAMPLE t=65s phase=Loss_spike adaptation=with_ML throughput_gbps=7.3647 latency_ms=68.7721
[2026-08-01T08:52:14] SAMPLE t=66s phase=Loss_spike adaptation=with_ML throughput_gbps=8.4239 latency_ms=71.8258
[2026-08-01T08:52:15] SAMPLE t=67s phase=Loss_spike adaptation=with_ML throughput_gbps=7.3587 latency_ms=69.7987
[2026-08-01T08:52:16] SAMPLE t=68s phase=Loss_spike adaptation=with_ML throughput_gbps=6.6244 latency_ms=69.6065
[2026-08-01T08:52:17] SAMPLE t=69s phase=Loss_spike adaptation=with_ML throughput_gbps=6.1403 latency_ms=70.0165
[2026-08-01T08:52:18] SAMPLE t=70s phase=Loss_spike adaptation=with_ML throughput_gbps=7.1857 latency_ms=67.85
[2026-08-01T08:52:19] SAMPLE t=71s phase=Loss_spike adaptation=with_ML throughput_gbps=8.2261 latency_ms=73.4649
[2026-08-01T08:52:20] SAMPLE t=72s phase=Loss_spike adaptation=with_ML throughput_gbps=7.8826 latency_ms=70.1075
[2026-08-01T08:52:21] SAMPLE t=73s phase=Loss_spike adaptation=with_ML throughput_gbps=6.4732 latency_ms=71.6854
[2026-08-01T08:52:22] SAMPLE t=74s phase=Loss_spike adaptation=with_ML throughput_gbps=6.1758 latency_ms=71.034
[2026-08-01T08:52:23] SAMPLE t=75s phase=Loss_spike adaptation=with_ML throughput_gbps=7.1452 latency_ms=69.0012
[2026-08-01T08:52:24] SAMPLE t=76s phase=Loss_spike adaptation=with_ML throughput_gbps=8.3062 latency_ms=72.4337
[2026-08-01T08:52:25] SAMPLE t=77s phase=Loss_spike adaptation=with_ML throughput_gbps=7.7805 latency_ms=72.151
[2026-08-01T08:52:26] SAMPLE t=78s phase=Loss_spike adaptation=with_ML throughput_gbps=6.7283 latency_ms=70.0891
[2026-08-01T08:52:27] SAMPLE t=79s phase=Loss_spike adaptation=with_ML throughput_gbps=6.5259 latency_ms=71.2589
[2026-08-01T08:52:28] SAMPLE t=80s phase=Recovery adaptation=with_ML throughput_gbps=8.5202 latency_ms=66.5207
[2026-08-01T08:52:29] SAMPLE t=81s phase=Recovery adaptation=with_ML throughput_gbps=8.0555 latency_ms=65.8596
[2026-08-01T08:52:30] SAMPLE t=82s phase=Recovery adaptation=with_ML throughput_gbps=7.9571 latency_ms=68.6099
[2026-08-01T08:52:31] SAMPLE t=83s phase=Recovery adaptation=with_ML throughput_gbps=7.9046 latency_ms=65.6232
[2026-08-01T08:52:32] SAMPLE t=84s phase=Recovery adaptation=with_ML throughput_gbps=8.2026 latency_ms=66.8542
[2026-08-01T08:52:33] SAMPLE t=85s phase=Recovery adaptation=with_ML throughput_gbps=8.1345 latency_ms=66.7979
[2026-08-01T08:52:34] SAMPLE t=86s phase=Recovery adaptation=with_ML throughput_gbps=7.7058 latency_ms=65.5711
[2026-08-01T08:52:35] SAMPLE t=87s phase=Recovery adaptation=with_ML throughput_gbps=8.4564 latency_ms=64.1702
[2026-08-01T08:52:36] SAMPLE t=88s phase=Recovery adaptation=with_ML throughput_gbps=8.3806 latency_ms=68.4772
[2026-08-01T08:52:37] SAMPLE t=89s phase=Recovery adaptation=with_ML throughput_gbps=8.0794 latency_ms=64.8067
[2026-08-01T08:52:38] SAMPLE t=90s phase=Recovery adaptation=with_ML throughput_gbps=8.5507 latency_ms=66.4506
[2026-08-01T08:52:39] SAMPLE t=91s phase=Recovery adaptation=with_ML throughput_gbps=8.5259 latency_ms=66.0253
[2026-08-01T08:52:40] SAMPLE t=92s phase=Recovery adaptation=with_ML throughput_gbps=8.3852 latency_ms=64.4867
[2026-08-01T08:52:41] SAMPLE t=93s phase=Recovery adaptation=with_ML throughput_gbps=8.6018 latency_ms=65.6181
[2026-08-01T08:52:42] SAMPLE t=94s phase=Recovery adaptation=with_ML throughput_gbps=8.5315 latency_ms=65.8329
[2026-08-01T08:52:43] SAMPLE t=95s phase=Recovery adaptation=with_ML throughput_gbps=8.666 latency_ms=64.4085
[2026-08-01T08:52:44] SAMPLE t=96s phase=Recovery adaptation=with_ML throughput_gbps=8.4089 latency_ms=66.0678
[2026-08-01T08:52:45] SAMPLE t=97s phase=Recovery adaptation=with_ML throughput_gbps=8.4308 latency_ms=66.1286
[2026-08-01T08:52:46] SAMPLE t=98s phase=Recovery adaptation=with_ML throughput_gbps=8.3732 latency_ms=65.4889
[2026-08-01T08:52:47] SAMPLE t=99s phase=Recovery adaptation=with_ML throughput_gbps=8.126 latency_ms=66.457
[2026-08-01T08:51:08] SAMPLE t=0s phase=Stable adaptation=without_ML throughput_gbps=7.9044 latency_ms=67.8436
[2026-08-01T08:51:09] SAMPLE t=1s phase=Stable adaptation=without_ML throughput_gbps=7.8027 latency_ms=65.8801
[2026-08-01T08:51:10] SAMPLE t=2s phase=Stable adaptation=without_ML throughput_gbps=8.4924 latency_ms=64.8656
[2026-08-01T08:51:11] SAMPLE t=3s phase=Stable adaptation=without_ML throughput_gbps=8.1435 latency_ms=65.48
[2026-08-01T08:51:12] SAMPLE t=4s phase=Stable adaptation=without_ML throughput_gbps=8.1195 latency_ms=64.2107
[2026-08-01T08:51:13] SAMPLE t=5s phase=Stable adaptation=without_ML throughput_gbps=8.1065 latency_ms=67.1062
[2026-08-01T08:51:14] SAMPLE t=6s phase=Stable adaptation=without_ML throughput_gbps=8.2736 latency_ms=65.9448
[2026-08-01T08:51:15] SAMPLE t=7s phase=Stable adaptation=without_ML throughput_gbps=7.6429 latency_ms=68.2531
[2026-08-01T08:51:16] SAMPLE t=8s phase=Stable adaptation=without_ML throughput_gbps=7.4845 latency_ms=66.2204
[2026-08-01T08:51:17] SAMPLE t=9s phase=Stable adaptation=without_ML throughput_gbps=8.0542 latency_ms=65.949
[2026-08-01T08:51:18] SAMPLE t=10s phase=Stable adaptation=without_ML throughput_gbps=8.3293 latency_ms=67.026
[2026-08-01T08:51:19] SAMPLE t=11s phase=Stable adaptation=without_ML throughput_gbps=7.7586 latency_ms=67.6611
[2026-08-01T08:51:20] SAMPLE t=12s phase=Stable adaptation=without_ML throughput_gbps=8.414 latency_ms=67.1102
[2026-08-01T08:51:21] SAMPLE t=13s phase=Stable adaptation=without_ML throughput_gbps=7.7433 latency_ms=65.7068
[2026-08-01T08:51:22] SAMPLE t=14s phase=Stable adaptation=without_ML throughput_gbps=8.2856 latency_ms=65.5658
[2026-08-01T08:51:23] SAMPLE t=15s phase=Stable adaptation=without_ML throughput_gbps=8.0066 latency_ms=66.1321
[2026-08-01T08:51:24] SAMPLE t=16s phase=Stable adaptation=without_ML throughput_gbps=7.7573 latency_ms=64.0236
[2026-08-01T08:51:25] SAMPLE t=17s phase=Stable adaptation=without_ML throughput_gbps=7.7169 latency_ms=66.3751
[2026-08-01T08:51:26] SAMPLE t=18s phase=Stable adaptation=without_ML throughput_gbps=7.8761 latency_ms=65.9537
[2026-08-01T08:51:27] SAMPLE t=19s phase=Stable adaptation=without_ML throughput_gbps=7.6021 latency_ms=65.3772
[2026-08-01T08:51:28] SAMPLE t=20s phase=Congestion adaptation=without_ML throughput_gbps=8.3686 latency_ms=63.8697
[2026-08-01T08:51:29] SAMPLE t=21s phase=Congestion adaptation=without_ML throughput_gbps=7.9789 latency_ms=66.8236
[2026-08-01T08:51:30] SAMPLE t=22s phase=Congestion adaptation=without_ML throughput_gbps=8.1754 latency_ms=64.0267
[2026-08-01T08:51:31] SAMPLE t=23s phase=Congestion adaptation=without_ML throughput_gbps=8.0438 latency_ms=62.7833
[2026-08-01T08:51:32] SAMPLE t=24s phase=Congestion adaptation=without_ML throughput_gbps=8.6025 latency_ms=65.5784
[2026-08-01T08:51:33] SAMPLE t=25s phase=Congestion adaptation=without_ML throughput_gbps=8.2416 latency_ms=67.426
[2026-08-01T08:51:34] SAMPLE t=26s phase=Congestion adaptation=without_ML throughput_gbps=7.893 latency_ms=66.9368
[2026-08-01T08:51:35] SAMPLE t=27s phase=Congestion adaptation=without_ML throughput_gbps=8.0736 latency_ms=67.3986
[2026-08-01T08:51:36] SAMPLE t=28s phase=Congestion adaptation=without_ML throughput_gbps=8.0967 latency_ms=67.5031
[2026-08-01T08:51:37] SAMPLE t=29s phase=Congestion adaptation=without_ML throughput_gbps=8.0642 latency_ms=66.5796
[2026-08-01T08:51:38] SAMPLE t=30s phase=Congestion adaptation=without_ML throughput_gbps=8.4111 latency_ms=67.0032
[2026-08-01T08:51:39] SAMPLE t=31s phase=Congestion adaptation=without_ML throughput_gbps=7.8264 latency_ms=64.0894
[2026-08-01T08:51:40] SAMPLE t=32s phase=Congestion adaptation=without_ML throughput_gbps=7.7486 latency_ms=64.3682
[2026-08-01T08:51:41] SAMPLE t=33s phase=Congestion adaptation=without_ML throughput_gbps=7.538 latency_ms=65.2511
[2026-08-01T08:51:42] SAMPLE t=34s phase=Congestion adaptation=without_ML throughput_gbps=8.1505 latency_ms=65.9397
[2026-08-01T08:51:43] SAMPLE t=35s phase=Congestion adaptation=without_ML throughput_gbps=7.9227 latency_ms=64.599
[2026-08-01T08:51:44] SAMPLE t=36s phase=Congestion adaptation=without_ML throughput_gbps=7.9854 latency_ms=66.011
[2026-08-01T08:51:45] SAMPLE t=37s phase=Congestion adaptation=without_ML throughput_gbps=7.7415 latency_ms=65.5315
[2026-08-01T08:51:46] SAMPLE t=38s phase=Congestion adaptation=without_ML throughput_gbps=8.2463 latency_ms=65.7706
[2026-08-01T08:51:47] SAMPLE t=39s phase=Congestion adaptation=without_ML throughput_gbps=7.8229 latency_ms=67.3105
[2026-08-01T08:51:48] SAMPLE t=40s phase=Path_change adaptation=without_ML throughput_gbps=7.9739 latency_ms=64.1798
[2026-08-01T08:51:49] SAMPLE t=41s phase=Path_change adaptation=without_ML throughput_gbps=7.6293 latency_ms=68.5287
[2026-08-01T08:51:50] SAMPLE t=42s phase=Path_change adaptation=without_ML throughput_gbps=7.1156 latency_ms=67.1838
[2026-08-01T08:51:51] SAMPLE t=43s phase=Path_change adaptation=without_ML throughput_gbps=6.9174 latency_ms=70.2188
[2026-08-01T08:51:52] SAMPLE t=44s phase=Path_change adaptation=without_ML throughput_gbps=6.8606 latency_ms=70.7633
[2026-08-01T08:51:53] SAMPLE t=45s phase=Path_change adaptation=without_ML throughput_gbps=6.5014 latency_ms=68.016
[2026-08-01T08:51:54] SAMPLE t=46s phase=Path_change adaptation=without_ML throughput_gbps=6.2548 latency_ms=70.9131
[2026-08-01T08:51:55] SAMPLE t=47s phase=Path_change adaptation=without_ML throughput_gbps=5.9868 latency_ms=70.3393
[2026-08-01T08:51:56] SAMPLE t=48s phase=Path_change adaptation=without_ML throughput_gbps=5.6787 latency_ms=71.9781
[2026-08-01T08:51:57] SAMPLE t=49s phase=Path_change adaptation=without_ML throughput_gbps=5.7377 latency_ms=71.6837
[2026-08-01T08:51:58] SAMPLE t=50s phase=Path_change adaptation=without_ML throughput_gbps=5.7209 latency_ms=73.4251
[2026-08-01T08:51:59] SAMPLE t=51s phase=Path_change adaptation=without_ML throughput_gbps=5.8286 latency_ms=74.4577
[2026-08-01T08:52:00] SAMPLE t=52s phase=Path_change adaptation=without_ML throughput_gbps=5.777 latency_ms=74.2972
[2026-08-01T08:52:01] SAMPLE t=53s phase=Path_change adaptation=without_ML throughput_gbps=6.1312 latency_ms=73.2613
[2026-08-01T08:52:02] SAMPLE t=54s phase=Path_change adaptation=without_ML throughput_gbps=6.0291 latency_ms=71.4607
[2026-08-01T08:52:03] SAMPLE t=55s phase=Path_change adaptation=without_ML throughput_gbps=6.296 latency_ms=68.0263
[2026-08-01T08:52:04] SAMPLE t=56s phase=Path_change adaptation=without_ML throughput_gbps=6.6021 latency_ms=70.4581
[2026-08-01T08:52:05] SAMPLE t=57s phase=Path_change adaptation=without_ML throughput_gbps=6.7789 latency_ms=68.2861
[2026-08-01T08:52:06] SAMPLE t=58s phase=Path_change adaptation=without_ML throughput_gbps=7.8814 latency_ms=66.3645
[2026-08-01T08:52:07] SAMPLE t=59s phase=Path_change adaptation=without_ML throughput_gbps=7.6429 latency_ms=65.4891
[2026-08-01T08:52:08] SAMPLE t=60s phase=Loss_spike adaptation=without_ML throughput_gbps=6.403 latency_ms=70.5465
[2026-08-01T08:52:09] SAMPLE t=61s phase=Loss_spike adaptation=without_ML throughput_gbps=8.516 latency_ms=76.3244
[2026-08-01T08:52:10] SAMPLE t=62s phase=Loss_spike adaptation=without_ML throughput_gbps=7.8447 latency_ms=75.5682
[2026-08-01T08:52:11] SAMPLE t=63s phase=Loss_spike adaptation=without_ML throughput_gbps=4.9165 latency_ms=77.4364
[2026-08-01T08:52:12] SAMPLE t=64s phase=Loss_spike adaptation=without_ML throughput_gbps=3.7631 latency_ms=79.3327
[2026-08-01T08:52:13] SAMPLE t=65s phase=Loss_spike adaptation=without_ML throughput_gbps=6.3016 latency_ms=70.5342
[2026-08-01T08:52:14] SAMPLE t=66s phase=Loss_spike adaptation=without_ML throughput_gbps=8.2013 latency_ms=78.2326
[2026-08-01T08:52:15] SAMPLE t=67s phase=Loss_spike adaptation=without_ML throughput_gbps=7.8811 latency_ms=75.0922
[2026-08-01T08:52:16] SAMPLE t=68s phase=Loss_spike adaptation=without_ML throughput_gbps=4.8682 latency_ms=74.265
[2026-08-01T08:52:17] SAMPLE t=69s phase=Loss_spike adaptation=without_ML throughput_gbps=4.0055 latency_ms=78.1958
[2026-08-01T08:52:18] SAMPLE t=70s phase=Loss_spike adaptation=without_ML throughput_gbps=6.206 latency_ms=70.3474
[2026-08-01T08:52:19] SAMPLE t=71s phase=Loss_spike adaptation=without_ML throughput_gbps=8.1387 latency_ms=80.2796
[2026-08-01T08:52:20] SAMPLE t=72s phase=Loss_spike adaptation=without_ML throughput_gbps=7.2862 latency_ms=76.36
[2026-08-01T08:52:21] SAMPLE t=73s phase=Loss_spike adaptation=without_ML throughput_gbps=4.8239 latency_ms=74.9643
[2026-08-01T08:52:22] SAMPLE t=74s phase=Loss_spike adaptation=without_ML throughput_gbps=3.9866 latency_ms=81.6283
[2026-08-01T08:52:23] SAMPLE t=75s phase=Loss_spike adaptation=without_ML throughput_gbps=6.0134 latency_ms=70.1494
[2026-08-01T08:52:24] SAMPLE t=76s phase=Loss_spike adaptation=without_ML throughput_gbps=8.4281 latency_ms=76.3044
[2026-08-01T08:52:25] SAMPLE t=77s phase=Loss_spike adaptation=without_ML throughput_gbps=7.7319 latency_ms=78.8245
[2026-08-01T08:52:26] SAMPLE t=78s phase=Loss_spike adaptation=without_ML throughput_gbps=4.7183 latency_ms=75.6338
[2026-08-01T08:52:27] SAMPLE t=79s phase=Loss_spike adaptation=without_ML throughput_gbps=4.0005 latency_ms=79.0478
[2026-08-01T08:52:28] SAMPLE t=80s phase=Recovery adaptation=without_ML throughput_gbps=7.5616 latency_ms=67.8689
[2026-08-01T08:52:29] SAMPLE t=81s phase=Recovery adaptation=without_ML throughput_gbps=8.2629 latency_ms=67.4308
[2026-08-01T08:52:30] SAMPLE t=82s phase=Recovery adaptation=without_ML throughput_gbps=8.3245 latency_ms=65.465
[2026-08-01T08:52:31] SAMPLE t=83s phase=Recovery adaptation=without_ML throughput_gbps=7.8313 latency_ms=66.6154
[2026-08-01T08:52:32] SAMPLE t=84s phase=Recovery adaptation=without_ML throughput_gbps=8.2855 latency_ms=65.9851
[2026-08-01T08:52:33] SAMPLE t=85s phase=Recovery adaptation=without_ML throughput_gbps=8.1335 latency_ms=65.6353
[2026-08-01T08:52:34] SAMPLE t=86s phase=Recovery adaptation=without_ML throughput_gbps=7.9844 latency_ms=63.8675
[2026-08-01T08:52:35] SAMPLE t=87s phase=Recovery adaptation=without_ML throughput_gbps=8.07 latency_ms=65.934
[2026-08-01T08:52:36] SAMPLE t=88s phase=Recovery adaptation=without_ML throughput_gbps=8.261 latency_ms=64.2146
[2026-08-01T08:52:37] SAMPLE t=89s phase=Recovery adaptation=without_ML throughput_gbps=8.2521 latency_ms=66.5206
[2026-08-01T08:52:38] SAMPLE t=90s phase=Recovery adaptation=without_ML throughput_gbps=8.0137 latency_ms=64.8946
[2026-08-01T08:52:39] SAMPLE t=91s phase=Recovery adaptation=without_ML throughput_gbps=7.5983 latency_ms=65.2394
[2026-08-01T08:52:40] SAMPLE t=92s phase=Recovery adaptation=without_ML throughput_gbps=7.8437 latency_ms=67.0681
[2026-08-01T08:52:41] SAMPLE t=93s phase=Recovery adaptation=without_ML throughput_gbps=7.795 latency_ms=65.4645
[2026-08-01T08:52:42] SAMPLE t=94s phase=Recovery adaptation=without_ML throughput_gbps=7.988 latency_ms=66.4844
[2026-08-01T08:52:43] SAMPLE t=95s phase=Recovery adaptation=without_ML throughput_gbps=7.9958 latency_ms=65.197
[2026-08-01T08:52:44] SAMPLE t=96s phase=Recovery adaptation=without_ML throughput_gbps=7.7868 latency_ms=65.4227
[2026-08-01T08:52:45] SAMPLE t=97s phase=Recovery adaptation=without_ML throughput_gbps=8.1944 latency_ms=64.6764
[2026-08-01T08:52:46] SAMPLE t=98s phase=Recovery adaptation=without_ML throughput_gbps=8.1136 latency_ms=63.8651
[2026-08-01T08:52:47] SAMPLE t=99s phase=Recovery adaptation=without_ML throughput_gbps=7.9148 latency_ms=67.3734
[2026-08-01T08:51:08] TRACE_END run_id=7 status=OK
[2026-08-03T13:26:35] TRACE_START run_id=8
[2026-08-03T13:26:35] SAMPLE t=0s phase=Stable adaptation=with_ML throughput_gbps=7.9673 latency_ms=65.5382
[2026-08-03T13:26:36] SAMPLE t=1s phase=Stable adaptation=with_ML throughput_gbps=7.9683 latency_ms=67.9437
[2026-08-03T13:26:37] SAMPLE t=2s phase=Stable adaptation=with_ML throughput_gbps=8.4343 latency_ms=67.9567
[2026-08-03T13:26:38] SAMPLE t=3s phase=Stable adaptation=with_ML throughput_gbps=7.6963 latency_ms=70.2097
[2026-08-03T13:26:39] SAMPLE t=4s phase=Stable adaptation=with_ML throughput_gbps=7.9745 latency_ms=65.7676
[2026-08-03T13:26:40] SAMPLE t=5s phase=Stable adaptation=with_ML throughput_gbps=7.9321 latency_ms=67.6956
[2026-08-03T13:26:41] SAMPLE t=6s phase=Stable adaptation=with_ML throughput_gbps=8.2989 latency_ms=66.3909
[2026-08-03T13:26:42] SAMPLE t=7s phase=Stable adaptation=with_ML throughput_gbps=8.0601 latency_ms=67.1494
[2026-08-03T13:26:43] SAMPLE t=8s phase=Stable adaptation=with_ML throughput_gbps=8.074 latency_ms=65.7839
[2026-08-03T13:26:44] SAMPLE t=9s phase=Stable adaptation=with_ML throughput_gbps=8.5153 latency_ms=65.9489
[2026-08-03T13:26:45] SAMPLE t=10s phase=Stable adaptation=with_ML throughput_gbps=7.812 latency_ms=64.2919
[2026-08-03T13:26:46] SAMPLE t=11s phase=Stable adaptation=with_ML throughput_gbps=7.998 latency_ms=66.5187
[2026-08-03T13:26:47] SAMPLE t=12s phase=Stable adaptation=with_ML throughput_gbps=7.9518 latency_ms=66.8288
[2026-08-03T13:26:48] SAMPLE t=13s phase=Stable adaptation=with_ML throughput_gbps=8.1203 latency_ms=68.9588
[2026-08-03T13:26:49] SAMPLE t=14s phase=Stable adaptation=with_ML throughput_gbps=7.6536 latency_ms=65.5418
[2026-08-03T13:26:50] SAMPLE t=15s phase=Stable adaptation=with_ML throughput_gbps=8.0591 latency_ms=66.6673
[2026-08-03T13:26:51] SAMPLE t=16s phase=Stable adaptation=with_ML throughput_gbps=8.3817 latency_ms=65.5625
[2026-08-03T13:26:52] SAMPLE t=17s phase=Stable adaptation=with_ML throughput_gbps=8.0159 latency_ms=66.3901
[2026-08-03T13:26:53] SAMPLE t=18s phase=Stable adaptation=with_ML throughput_gbps=8.0588 latency_ms=67.5456
[2026-08-03T13:26:54] SAMPLE t=19s phase=Stable adaptation=with_ML throughput_gbps=8.013 latency_ms=66.2785
[2026-08-03T13:26:55] SAMPLE t=20s phase=Congestion adaptation=with_ML throughput_gbps=8.2665 latency_ms=68.4503
[2026-08-03T13:26:56] SAMPLE t=21s phase=Congestion adaptation=with_ML throughput_gbps=8.4844 latency_ms=68.5325
[2026-08-03T13:26:57] SAMPLE t=22s phase=Congestion adaptation=with_ML throughput_gbps=8.1848 latency_ms=64.4932
[2026-08-03T13:26:58] SAMPLE t=23s phase=Congestion adaptation=with_ML throughput_gbps=8.1303 latency_ms=69.7769
[2026-08-03T13:26:59] SAMPLE t=24s phase=Congestion adaptation=with_ML throughput_gbps=7.9357 latency_ms=66.4017
[2026-08-03T13:27:00] SAMPLE t=25s phase=Congestion adaptation=with_ML throughput_gbps=7.9044 latency_ms=64.7642
[2026-08-03T13:27:01] SAMPLE t=26s phase=Congestion adaptation=with_ML throughput_gbps=7.8509 latency_ms=69.113
[2026-08-03T13:27:02] SAMPLE t=27s phase=Congestion adaptation=with_ML throughput_gbps=8.0049 latency_ms=66.6833
[2026-08-03T13:27:03] SAMPLE t=28s phase=Congestion adaptation=with_ML throughput_gbps=8.3351 latency_ms=63.9962
[2026-08-03T13:27:04] SAMPLE t=29s phase=Congestion adaptation=with_ML throughput_gbps=8.2327 latency_ms=66.669
[2026-08-03T13:27:05] SAMPLE t=30s phase=Congestion adaptation=with_ML throughput_gbps=8.2463 latency_ms=65.2579
[2026-08-03T13:27:06] SAMPLE t=31s phase=Congestion adaptation=with_ML throughput_gbps=8.1125 latency_ms=65.7356
[2026-08-03T13:27:07] SAMPLE t=32s phase=Congestion adaptation=with_ML throughput_gbps=8.1023 latency_ms=66.016
[2026-08-03T13:27:08] SAMPLE t=33s phase=Congestion adaptation=with_ML throughput_gbps=8.3832 latency_ms=68.4548
[2026-08-03T13:27:09] SAMPLE t=34s phase=Congestion adaptation=with_ML throughput_gbps=7.7716 latency_ms=67.2929
[2026-08-03T13:27:10] SAMPLE t=35s phase=Congestion adaptation=with_ML throughput_gbps=8.3021 latency_ms=64.6972
[2026-08-03T13:27:11] SAMPLE t=36s phase=Congestion adaptation=with_ML throughput_gbps=8.2839 latency_ms=64.6998
[2026-08-03T13:27:12] SAMPLE t=37s phase=Congestion adaptation=with_ML throughput_gbps=8.0142 latency_ms=65.4636
[2026-08-03T13:27:13] SAMPLE t=38s phase=Congestion adaptation=with_ML throughput_gbps=7.8711 latency_ms=67.1614
[2026-08-03T13:27:14] SAMPLE t=39s phase=Congestion adaptation=with_ML throughput_gbps=7.873 latency_ms=66.7332
[2026-08-03T13:27:15] SAMPLE t=40s phase=Path_change adaptation=with_ML throughput_gbps=8.1822 latency_ms=67.3904
[2026-08-03T13:27:16] SAMPLE t=41s phase=Path_change adaptation=with_ML throughput_gbps=7.9854 latency_ms=66.1834
[2026-08-03T13:27:17] SAMPLE t=42s phase=Path_change adaptation=with_ML throughput_gbps=7.6927 latency_ms=66.7431
[2026-08-03T13:27:18] SAMPLE t=43s phase=Path_change adaptation=with_ML throughput_gbps=7.622 latency_ms=66.0192
[2026-08-03T13:27:19] SAMPLE t=44s phase=Path_change adaptation=with_ML throughput_gbps=7.807 latency_ms=66.7004
[2026-08-03T13:27:20] SAMPLE t=45s phase=Path_change adaptation=with_ML throughput_gbps=7.2886 latency_ms=66.73
[2026-08-03T13:27:21] SAMPLE t=46s phase=Path_change adaptation=with_ML throughput_gbps=7.1209 latency_ms=69.829
[2026-08-03T13:27:22] SAMPLE t=47s phase=Path_change adaptation=with_ML throughput_gbps=7.2952 latency_ms=68.9024
[2026-08-03T13:27:23] SAMPLE t=48s phase=Path_change adaptation=with_ML throughput_gbps=7.1567 latency_ms=68.3834
[2026-08-03T13:27:24] SAMPLE t=49s phase=Path_change adaptation=with_ML throughput_gbps=7.2305 latency_ms=68.7178
[2026-08-03T13:27:25] SAMPLE t=50s phase=Path_change adaptation=with_ML throughput_gbps=6.915 latency_ms=68.0324
[2026-08-03T13:27:26] SAMPLE t=51s phase=Path_change adaptation=with_ML throughput_gbps=7.432 latency_ms=68.2426
[2026-08-03T13:27:27] SAMPLE t=52s phase=Path_change adaptation=with_ML throughput_gbps=7.3153 latency_ms=66.8376
[2026-08-03T13:27:28] SAMPLE t=53s phase=Path_change adaptation=with_ML throughput_gbps=7.3777 latency_ms=66.3776
[2026-08-03T13:27:29] SAMPLE t=54s phase=Path_change adaptation=with_ML throughput_gbps=7.2014 latency_ms=69.1353
[2026-08-03T13:27:30] SAMPLE t=55s phase=Path_change adaptation=with_ML throughput_gbps=7.3793 latency_ms=68.1302
[2026-08-03T13:27:31] SAMPLE t=56s phase=Path_change adaptation=with_ML throughput_gbps=7.8105 latency_ms=67.5903
[2026-08-03T13:27:32] SAMPLE t=57s phase=Path_change adaptation=with_ML throughput_gbps=7.7491 latency_ms=66.8643
[2026-08-03T13:27:33] SAMPLE t=58s phase=Path_change adaptation=with_ML throughput_gbps=7.668 latency_ms=64.971
[2026-08-03T13:27:34] SAMPLE t=59s phase=Path_change adaptation=with_ML throughput_gbps=8.1124 latency_ms=65.4399
[2026-08-03T13:27:35] SAMPLE t=60s phase=Loss_spike adaptation=with_ML throughput_gbps=7.2473 latency_ms=68.5925
[2026-08-03T13:27:36] SAMPLE t=61s phase=Loss_spike adaptation=with_ML throughput_gbps=8.3426 latency_ms=70.6173
[2026-08-03T13:27:37] SAMPLE t=62s phase=Loss_spike adaptation=with_ML throughput_gbps=8.1105 latency_ms=67.6557
[2026-08-03T13:27:38] SAMPLE t=63s phase=Loss_spike adaptation=with_ML throughput_gbps=7.0337 latency_ms=68.352
[2026-08-03T13:27:39] SAMPLE t=64s phase=Loss_spike adaptation=with_ML throughput_gbps=6.4323 latency_ms=70.4308
[2026-08-03T13:27:40] SAMPLE t=65s phase=Loss_spike adaptation=with_ML throughput_gbps=7.0823 latency_ms=66.2411
[2026-08-03T13:27:41] SAMPLE t=66s phase=Loss_spike adaptation=with_ML throughput_gbps=8.4611 latency_ms=70.3628
[2026-08-03T13:27:42] SAMPLE t=67s phase=Loss_spike adaptation=with_ML throughput_gbps=8.2378 latency_ms=68.9372
[2026-08-03T13:27:43] SAMPLE t=68s phase=Loss_spike adaptation=with_ML throughput_gbps=6.4633 latency_ms=69.2265
[2026-08-03T13:27:44] SAMPLE t=69s phase=Loss_spike adaptation=with_ML throughput_gbps=6.3823 latency_ms=71.0878
[2026-08-03T13:27:45] SAMPLE t=70s phase=Loss_spike adaptation=with_ML throughput_gbps=7.3539 latency_ms=67.1266
[2026-08-03T13:27:46] SAMPLE t=71s phase=Loss_spike adaptation=with_ML throughput_gbps=8.5943 latency_ms=72.3718
[2026-08-03T13:27:47] SAMPLE t=72s phase=Loss_spike adaptation=with_ML throughput_gbps=7.8689 latency_ms=69.6485
[2026-08-03T13:27:48] SAMPLE t=73s phase=Loss_spike adaptation=with_ML throughput_gbps=6.5662 latency_ms=70.0482
[2026-08-03T13:27:49] SAMPLE t=74s phase=Loss_spike adaptation=with_ML throughput_gbps=6.3977 latency_ms=72.596
[2026-08-03T13:27:50] SAMPLE t=75s phase=Loss_spike adaptation=with_ML throughput_gbps=7.1614 latency_ms=68.8493
[2026-08-03T13:27:51] SAMPLE t=76s phase=Loss_spike adaptation=with_ML throughput_gbps=8.5432 latency_ms=73.815
[2026-08-03T13:27:52] SAMPLE t=77s phase=Loss_spike adaptation=with_ML throughput_gbps=8.0463 latency_ms=68.0287
[2026-08-03T13:27:53] SAMPLE t=78s phase=Loss_spike adaptation=with_ML throughput_gbps=6.5241 latency_ms=68.0876
[2026-08-03T13:27:54] SAMPLE t=79s phase=Loss_spike adaptation=with_ML throughput_gbps=6.2297 latency_ms=72.1976
[2026-08-03T13:27:55] SAMPLE t=80s phase=Recovery adaptation=with_ML throughput_gbps=8.1038 latency_ms=68.1213
[2026-08-03T13:27:56] SAMPLE t=81s phase=Recovery adaptation=with_ML throughput_gbps=8.2095 latency_ms=64.4999
[2026-08-03T13:27:57] SAMPLE t=82s phase=Recovery adaptation=with_ML throughput_gbps=8.0261 latency_ms=66.4952
[2026-08-03T13:27:58] SAMPLE t=83s phase=Recovery adaptation=with_ML throughput_gbps=8.3058 latency_ms=66.9798
[2026-08-03T13:27:59] SAMPLE t=84s phase=Recovery adaptation=with_ML throughput_gbps=8.2565 latency_ms=64.2353
[2026-08-03T13:28:00] SAMPLE t=85s phase=Recovery adaptation=with_ML throughput_gbps=8.0435 latency_ms=65.2126
[2026-08-03T13:28:01] SAMPLE t=86s phase=Recovery adaptation=with_ML throughput_gbps=8.3334 latency_ms=66.6052
[2026-08-03T13:28:02] SAMPLE t=87s phase=Recovery adaptation=with_ML throughput_gbps=8.1336 latency_ms=65.4828
[2026-08-03T13:28:03] SAMPLE t=88s phase=Recovery adaptation=with_ML throughput_gbps=8.5233 latency_ms=68.5397
[2026-08-03T13:28:04] SAMPLE t=89s phase=Recovery adaptation=with_ML throughput_gbps=8.558 latency_ms=64.3942
[2026-08-03T13:28:05] SAMPLE t=90s phase=Recovery adaptation=with_ML throughput_gbps=8.1061 latency_ms=64.8135
[2026-08-03T13:28:06] SAMPLE t=91s phase=Recovery adaptation=with_ML throughput_gbps=8.2348 latency_ms=64.6108
[2026-08-03T13:28:07] SAMPLE t=92s phase=Recovery adaptation=with_ML throughput_gbps=8.0662 latency_ms=67.4759
[2026-08-03T13:28:08] SAMPLE t=93s phase=Recovery adaptation=with_ML throughput_gbps=8.0255 latency_ms=65.4113
[2026-08-03T13:28:09] SAMPLE t=94s phase=Recovery adaptation=with_ML throughput_gbps=8.5254 latency_ms=64.8283
[2026-08-03T13:28:10] SAMPLE t=95s phase=Recovery adaptation=with_ML throughput_gbps=8.5719 latency_ms=66.9131
[2026-08-03T13:28:11] SAMPLE t=96s phase=Recovery adaptation=with_ML throughput_gbps=8.7926 latency_ms=64.4188
[2026-08-03T13:28:12] SAMPLE t=97s phase=Recovery adaptation=with_ML throughput_gbps=8.962 latency_ms=66.1202
[2026-08-03T13:28:13] SAMPLE t=98s phase=Recovery adaptation=with_ML throughput_gbps=8.1406 latency_ms=64.5939
[2026-08-03T13:28:14] SAMPLE t=99s phase=Recovery adaptation=with_ML throughput_gbps=8.6291 latency_ms=66.4951
[2026-08-03T13:26:35] SAMPLE t=0s phase=Stable adaptation=without_ML throughput_gbps=7.999 latency_ms=63.958
[2026-08-03T13:26:36] SAMPLE t=1s phase=Stable adaptation=without_ML throughput_gbps=7.6649 latency_ms=65.0226
[2026-08-03T13:26:37] SAMPLE t=2s phase=Stable adaptation=without_ML throughput_gbps=7.8354 latency_ms=65.2565
[2026-08-03T13:26:38] SAMPLE t=3s phase=Stable adaptation=without_ML throughput_gbps=8.0062 latency_ms=64.1072
[2026-08-03T13:26:39] SAMPLE t=4s phase=Stable adaptation=without_ML throughput_gbps=8.1963 latency_ms=63.4061
[2026-08-03T13:26:40] SAMPLE t=5s phase=Stable adaptation=without_ML throughput_gbps=7.9173 latency_ms=66.0817
[2026-08-03T13:26:41] SAMPLE t=6s phase=Stable adaptation=without_ML throughput_gbps=7.7691 latency_ms=64.8805
[2026-08-03T13:26:42] SAMPLE t=7s phase=Stable adaptation=without_ML throughput_gbps=8.0543 latency_ms=64.6645
[2026-08-03T13:26:43] SAMPLE t=8s phase=Stable adaptation=without_ML throughput_gbps=8.0015 latency_ms=66.3204
[2026-08-03T13:26:44] SAMPLE t=9s phase=Stable adaptation=without_ML throughput_gbps=8.0981 latency_ms=64.3954
[2026-08-03T13:26:45] SAMPLE t=10s phase=Stable adaptation=without_ML throughput_gbps=8.14 latency_ms=64.7123
[2026-08-03T13:26:46] SAMPLE t=11s phase=Stable adaptation=without_ML throughput_gbps=8.1496 latency_ms=67.1541
[2026-08-03T13:26:47] SAMPLE t=12s phase=Stable adaptation=without_ML throughput_gbps=7.9308 latency_ms=67.063
[2026-08-03T13:26:48] SAMPLE t=13s phase=Stable adaptation=without_ML throughput_gbps=7.5966 latency_ms=63.6311
[2026-08-03T13:26:49] SAMPLE t=14s phase=Stable adaptation=without_ML throughput_gbps=8.291 latency_ms=63.9724
[2026-08-03T13:26:50] SAMPLE t=15s phase=Stable adaptation=without_ML throughput_gbps=8.2211 latency_ms=64.3902
[2026-08-03T13:26:51] SAMPLE t=16s phase=Stable adaptation=without_ML throughput_gbps=8.3785 latency_ms=67.9419
[2026-08-03T13:26:52] SAMPLE t=17s phase=Stable adaptation=without_ML throughput_gbps=8.3746 latency_ms=66.9691
[2026-08-03T13:26:53] SAMPLE t=18s phase=Stable adaptation=without_ML throughput_gbps=8.1672 latency_ms=63.377
[2026-08-03T13:26:54] SAMPLE t=19s phase=Stable adaptation=without_ML throughput_gbps=7.8612 latency_ms=68.0481
[2026-08-03T13:26:55] SAMPLE t=20s phase=Congestion adaptation=without_ML throughput_gbps=8.1472 latency_ms=67.7528
[2026-08-03T13:26:56] SAMPLE t=21s phase=Congestion adaptation=without_ML throughput_gbps=8.0117 latency_ms=63.3082
[2026-08-03T13:26:57] SAMPLE t=22s phase=Congestion adaptation=without_ML throughput_gbps=8.0769 latency_ms=66.2482
[2026-08-03T13:26:58] SAMPLE t=23s phase=Congestion adaptation=without_ML throughput_gbps=7.6946 latency_ms=64.3044
[2026-08-03T13:26:59] SAMPLE t=24s phase=Congestion adaptation=without_ML throughput_gbps=7.9189 latency_ms=65.583
[2026-08-03T13:27:00] SAMPLE t=25s phase=Congestion adaptation=without_ML throughput_gbps=7.8823 latency_ms=67.9622
[2026-08-03T13:27:01] SAMPLE t=26s phase=Congestion adaptation=without_ML throughput_gbps=8.0355 latency_ms=65.2214
[2026-08-03T13:27:02] SAMPLE t=27s phase=Congestion adaptation=without_ML throughput_gbps=7.8639 latency_ms=66.0979
[2026-08-03T13:27:03] SAMPLE t=28s phase=Congestion adaptation=without_ML throughput_gbps=7.9072 latency_ms=65.523
[2026-08-03T13:27:04] SAMPLE t=29s phase=Congestion adaptation=without_ML throughput_gbps=8.2514 latency_ms=65.8478
[2026-08-03T13:27:05] SAMPLE t=30s phase=Congestion adaptation=without_ML throughput_gbps=8.0167 latency_ms=66.8609
[2026-08-03T13:27:06] SAMPLE t=31s phase=Congestion adaptation=without_ML throughput_gbps=7.6327 latency_ms=67.6446
[2026-08-03T13:27:07] SAMPLE t=32s phase=Congestion adaptation=without_ML throughput_gbps=8.1012 latency_ms=68.3516
[2026-08-03T13:27:08] SAMPLE t=33s phase=Congestion adaptation=without_ML throughput_gbps=7.9557 latency_ms=64.5862
[2026-08-03T13:27:09] SAMPLE t=34s phase=Congestion adaptation=without_ML throughput_gbps=7.361 latency_ms=67.1893
[2026-08-03T13:27:10] SAMPLE t=35s phase=Congestion adaptation=without_ML throughput_gbps=8.1638 latency_ms=65.1588
[2026-08-03T13:27:11] SAMPLE t=36s phase=Congestion adaptation=without_ML throughput_gbps=8.1578 latency_ms=68.3669
[2026-08-03T13:27:12] SAMPLE t=37s phase=Congestion adaptation=without_ML throughput_gbps=8.0839 latency_ms=64.651
[2026-08-03T13:27:13] SAMPLE t=38s phase=Congestion adaptation=without_ML throughput_gbps=8.1316 latency_ms=65.5571
[2026-08-03T13:27:14] SAMPLE t=39s phase=Congestion adaptation=without_ML throughput_gbps=7.6912 latency_ms=64.597
[2026-08-03T13:27:15] SAMPLE t=40s phase=Path_change adaptation=without_ML throughput_gbps=7.9279 latency_ms=67.1964
[2026-08-03T13:27:16] SAMPLE t=41s phase=Path_change adaptation=without_ML throughput_gbps=7.5473 latency_ms=68.6878
[2026-08-03T13:27:17] SAMPLE t=42s phase=Path_change adaptation=without_ML throughput_gbps=7.1945 latency_ms=67.3611
[2026-08-03T13:27:18] SAMPLE t=43s phase=Path_change adaptation=without_ML throughput_gbps=7.3542 latency_ms=68.9879
[2026-08-03T13:27:19] SAMPLE t=44s phase=Path_change adaptation=without_ML throughput_gbps=6.8688 latency_ms=68.9523
[2026-08-03T13:27:20] SAMPLE t=45s phase=Path_change adaptation=without_ML throughput_gbps=6.8239 latency_ms=72.1569
[2026-08-03T13:27:21] SAMPLE t=46s phase=Path_change adaptation=without_ML throughput_gbps=6.3627 latency_ms=69.9188
[2026-08-03T13:27:22] SAMPLE t=47s phase=Path_change adaptation=without_ML throughput_gbps=5.9208 latency_ms=72.3227
[2026-08-03T13:27:23] SAMPLE t=48s phase=Path_change adaptation=without_ML throughput_gbps=5.7442 latency_ms=73.1473
[2026-08-03T13:27:24] SAMPLE t=49s phase=Path_change adaptation=without_ML throughput_gbps=5.9753 latency_ms=74.4088
[2026-08-03T13:27:25] SAMPLE t=50s phase=Path_change adaptation=without_ML throughput_gbps=5.7453 latency_ms=72.7976
[2026-08-03T13:27:26] SAMPLE t=51s phase=Path_change adaptation=without_ML throughput_gbps=5.7754 latency_ms=72.1794
[2026-08-03T13:27:27] SAMPLE t=52s phase=Path_change adaptation=without_ML throughput_gbps=5.4707 latency_ms=70.8537
[2026-08-03T13:27:28] SAMPLE t=53s phase=Path_change adaptation=without_ML throughput_gbps=6.0431 latency_ms=71.7937
[2026-08-03T13:27:29] SAMPLE t=54s phase=Path_change adaptation=without_ML throughput_gbps=6.1197 latency_ms=70.0505
[2026-08-03T13:27:30] SAMPLE t=55s phase=Path_change adaptation=without_ML throughput_gbps=6.1042 latency_ms=71.0965
[2026-08-03T13:27:31] SAMPLE t=56s phase=Path_change adaptation=without_ML throughput_gbps=6.7553 latency_ms=68.5861
[2026-08-03T13:27:32] SAMPLE t=57s phase=Path_change adaptation=without_ML throughput_gbps=6.7575 latency_ms=67.8755
[2026-08-03T13:27:33] SAMPLE t=58s phase=Path_change adaptation=without_ML throughput_gbps=7.4897 latency_ms=68.3805
[2026-08-03T13:27:34] SAMPLE t=59s phase=Path_change adaptation=without_ML throughput_gbps=7.4385 latency_ms=65.2497
[2026-08-03T13:27:35] SAMPLE t=60s phase=Loss_spike adaptation=without_ML throughput_gbps=6.4447 latency_ms=69.939
[2026-08-03T13:27:36] SAMPLE t=61s phase=Loss_spike adaptation=without_ML throughput_gbps=8.3389 latency_ms=78.6341
[2026-08-03T13:27:37] SAMPLE t=62s phase=Loss_spike adaptation=without_ML throughput_gbps=7.9393 latency_ms=74.4872
[2026-08-03T13:27:38] SAMPLE t=63s phase=Loss_spike adaptation=without_ML throughput_gbps=4.9133 latency_ms=78.4052
[2026-08-03T13:27:39] SAMPLE t=64s phase=Loss_spike adaptation=without_ML throughput_gbps=4.1494 latency_ms=82.9311
[2026-08-03T13:27:40] SAMPLE t=65s phase=Loss_spike adaptation=without_ML throughput_gbps=6.4784 latency_ms=70.037
[2026-08-03T13:27:41] SAMPLE t=66s phase=Loss_spike adaptation=without_ML throughput_gbps=8.7454 latency_ms=79.4474
[2026-08-03T13:27:42] SAMPLE t=67s phase=Loss_spike adaptation=without_ML throughput_gbps=7.73 latency_ms=74.6955
[2026-08-03T13:27:43] SAMPLE t=68s phase=Loss_spike adaptation=without_ML throughput_gbps=4.7139 latency_ms=74.6844
[2026-08-03T13:27:44] SAMPLE t=69s phase=Loss_spike adaptation=without_ML throughput_gbps=4.0904 latency_ms=81.812
[2026-08-03T13:27:45] SAMPLE t=70s phase=Loss_spike adaptation=without_ML throughput_gbps=6.0951 latency_ms=70.7721
[2026-08-03T13:27:46] SAMPLE t=71s phase=Loss_spike adaptation=without_ML throughput_gbps=8.7708 latency_ms=78.9951
[2026-08-03T13:27:47] SAMPLE t=72s phase=Loss_spike adaptation=without_ML throughput_gbps=7.3947 latency_ms=76.6634
[2026-08-03T13:27:48] SAMPLE t=73s phase=Loss_spike adaptation=without_ML throughput_gbps=4.7279 latency_ms=75.753
[2026-08-03T13:27:49] SAMPLE t=74s phase=Loss_spike adaptation=without_ML throughput_gbps=3.9953 latency_ms=81.477
[2026-08-03T13:27:50] SAMPLE t=75s phase=Loss_spike adaptation=without_ML throughput_gbps=6.3996 latency_ms=70.0163
[2026-08-03T13:27:51] SAMPLE t=76s phase=Loss_spike adaptation=without_ML throughput_gbps=8.1806 latency_ms=77.9366
[2026-08-03T13:27:52] SAMPLE t=77s phase=Loss_spike adaptation=without_ML throughput_gbps=7.4797 latency_ms=77.5532
[2026-08-03T13:27:53] SAMPLE t=78s phase=Loss_spike adaptation=without_ML throughput_gbps=4.9949 latency_ms=78.3783
[2026-08-03T13:27:54] SAMPLE t=79s phase=Loss_spike adaptation=without_ML throughput_gbps=4.0092 latency_ms=79.2084
[2026-08-03T13:27:55] SAMPLE t=80s phase=Recovery adaptation=without_ML throughput_gbps=8.0347 latency_ms=66.8522
[2026-08-03T13:27:56] SAMPLE t=81s phase=Recovery adaptation=without_ML throughput_gbps=8.2653 latency_ms=67.223
[2026-08-03T13:27:57] SAMPLE t=82s phase=Recovery adaptation=without_ML throughput_gbps=8.1174 latency_ms=66.8804
[2026-08-03T13:27:58] SAMPLE t=83s phase=Recovery adaptation=without_ML throughput_gbps=7.6539 latency_ms=66.6767
[2026-08-03T13:27:59] SAMPLE t=84s phase=Recovery adaptation=without_ML throughput_gbps=7.7558 latency_ms=67.5476
[2026-08-03T13:28:00] SAMPLE t=85s phase=Recovery adaptation=without_ML throughput_gbps=7.7318 latency_ms=67.7211
[2026-08-03T13:28:01] SAMPLE t=86s phase=Recovery adaptation=without_ML throughput_gbps=8.3562 latency_ms=67.7386
[2026-08-03T13:28:02] SAMPLE t=87s phase=Recovery adaptation=without_ML throughput_gbps=7.6958 latency_ms=66.5625
[2026-08-03T13:28:03] SAMPLE t=88s phase=Recovery adaptation=without_ML throughput_gbps=7.9868 latency_ms=63.0415
[2026-08-03T13:28:04] SAMPLE t=89s phase=Recovery adaptation=without_ML throughput_gbps=7.802 latency_ms=66.6952
[2026-08-03T13:28:05] SAMPLE t=90s phase=Recovery adaptation=without_ML throughput_gbps=8.4627 latency_ms=67.4557
[2026-08-03T13:28:06] SAMPLE t=91s phase=Recovery adaptation=without_ML throughput_gbps=7.9776 latency_ms=66.5329
[2026-08-03T13:28:07] SAMPLE t=92s phase=Recovery adaptation=without_ML throughput_gbps=7.9214 latency_ms=64.2306
[2026-08-03T13:28:08] SAMPLE t=93s phase=Recovery adaptation=without_ML throughput_gbps=8.3262 latency_ms=67.6183
[2026-08-03T13:28:09] SAMPLE t=94s phase=Recovery adaptation=without_ML throughput_gbps=8.4126 latency_ms=66.2347
[2026-08-03T13:28:10] SAMPLE t=95s phase=Recovery adaptation=without_ML throughput_gbps=8.242 latency_ms=64.707
[2026-08-03T13:28:11] SAMPLE t=96s phase=Recovery adaptation=without_ML throughput_gbps=8.0765 latency_ms=64.6233
[2026-08-03T13:28:12] SAMPLE t=97s phase=Recovery adaptation=without_ML throughput_gbps=7.9471 latency_ms=64.9384
[2026-08-03T13:28:13] SAMPLE t=98s phase=Recovery adaptation=without_ML throughput_gbps=8.4432 latency_ms=65.0625
[2026-08-03T13:28:14] SAMPLE t=99s phase=Recovery adaptation=without_ML throughput_gbps=8.0015 latency_ms=65.4939
[2026-08-03T13:26:35] TRACE_END run_id=8 status=OK
[2026-08-03T13:41:20] TRACE_START run_id=9
[2026-08-03T13:41:20] SAMPLE t=0s phase=Stable adaptation=with_ML throughput_gbps=7.8961 latency_ms=64.5965
[2026-08-03T13:41:21] SAMPLE t=1s phase=Stable adaptation=with_ML throughput_gbps=8.4106 latency_ms=66.9453
[2026-08-03T13:41:22] SAMPLE t=2s phase=Stable adaptation=with_ML throughput_gbps=8.3408 latency_ms=66.0123
[2026-08-03T13:41:23] SAMPLE t=3s phase=Stable adaptation=with_ML throughput_gbps=8.3719 latency_ms=66.529
[2026-08-03T13:41:24] SAMPLE t=4s phase=Stable adaptation=with_ML throughput_gbps=7.9056 latency_ms=66.0125
[2026-08-03T13:41:25] SAMPLE t=5s phase=Stable adaptation=with_ML throughput_gbps=8.1703 latency_ms=66.9631
[2026-08-03T13:41:26] SAMPLE t=6s phase=Stable adaptation=with_ML throughput_gbps=8.0534 latency_ms=67.7004
[2026-08-03T13:41:27] SAMPLE t=7s phase=Stable adaptation=with_ML throughput_gbps=7.664 latency_ms=66.5369
[2026-08-03T13:41:28] SAMPLE t=8s phase=Stable adaptation=with_ML throughput_gbps=8.1134 latency_ms=68.7248
[2026-08-03T13:41:29] SAMPLE t=9s phase=Stable adaptation=with_ML throughput_gbps=8.0238 latency_ms=67.6441
[2026-08-03T13:41:30] SAMPLE t=10s phase=Stable adaptation=with_ML throughput_gbps=8.1579 latency_ms=68.3967
[2026-08-03T13:41:31] SAMPLE t=11s phase=Stable adaptation=with_ML throughput_gbps=8.1154 latency_ms=66.6682
[2026-08-03T13:41:32] SAMPLE t=12s phase=Stable adaptation=with_ML throughput_gbps=8.0162 latency_ms=66.2491
[2026-08-03T13:41:33] SAMPLE t=13s phase=Stable adaptation=with_ML throughput_gbps=8.1256 latency_ms=65.4002
[2026-08-03T13:41:34] SAMPLE t=14s phase=Stable adaptation=with_ML throughput_gbps=8.2435 latency_ms=66.0609
[2026-08-03T13:41:35] SAMPLE t=15s phase=Stable adaptation=with_ML throughput_gbps=8.3404 latency_ms=65.5839
[2026-08-03T13:41:36] SAMPLE t=16s phase=Stable adaptation=with_ML throughput_gbps=7.8879 latency_ms=64.8862
[2026-08-03T13:41:37] SAMPLE t=17s phase=Stable adaptation=with_ML throughput_gbps=8.1845 latency_ms=66.9053
[2026-08-03T13:41:38] SAMPLE t=18s phase=Stable adaptation=with_ML throughput_gbps=8.6402 latency_ms=65.7661
[2026-08-03T13:41:39] SAMPLE t=19s phase=Stable adaptation=with_ML throughput_gbps=8.4808 latency_ms=66.1326
[2026-08-03T13:41:40] SAMPLE t=20s phase=Congestion adaptation=with_ML throughput_gbps=7.9791 latency_ms=64.2963
[2026-08-03T13:41:41] SAMPLE t=21s phase=Congestion adaptation=with_ML throughput_gbps=8.1224 latency_ms=67.1898
[2026-08-03T13:41:42] SAMPLE t=22s phase=Congestion adaptation=with_ML throughput_gbps=8.376 latency_ms=65.6569
[2026-08-03T13:41:43] SAMPLE t=23s phase=Congestion adaptation=with_ML throughput_gbps=8.1719 latency_ms=65.5178
[2026-08-03T13:41:44] SAMPLE t=24s phase=Congestion adaptation=with_ML throughput_gbps=8.0358 latency_ms=66.3038
[2026-08-03T13:41:45] SAMPLE t=25s phase=Congestion adaptation=with_ML throughput_gbps=8.2835 latency_ms=65.7534
[2026-08-03T13:41:46] SAMPLE t=26s phase=Congestion adaptation=with_ML throughput_gbps=8.0215 latency_ms=66.6813
[2026-08-03T13:41:47] SAMPLE t=27s phase=Congestion adaptation=with_ML throughput_gbps=8.3709 latency_ms=63.5921
[2026-08-03T13:41:48] SAMPLE t=28s phase=Congestion adaptation=with_ML throughput_gbps=8.1233 latency_ms=67.2166
[2026-08-03T13:41:49] SAMPLE t=29s phase=Congestion adaptation=with_ML throughput_gbps=7.9833 latency_ms=67.8005
[2026-08-03T13:41:50] SAMPLE t=30s phase=Congestion adaptation=with_ML throughput_gbps=8.1702 latency_ms=68.6217
[2026-08-03T13:41:51] SAMPLE t=31s phase=Congestion adaptation=with_ML throughput_gbps=8.1156 latency_ms=66.6206
[2026-08-03T13:41:52] SAMPLE t=32s phase=Congestion adaptation=with_ML throughput_gbps=8.2214 latency_ms=67.5623
[2026-08-03T13:41:53] SAMPLE t=33s phase=Congestion adaptation=with_ML throughput_gbps=8.2495 latency_ms=66.2641
[2026-08-03T13:41:54] SAMPLE t=34s phase=Congestion adaptation=with_ML throughput_gbps=8.1531 latency_ms=66.8734
[2026-08-03T13:41:55] SAMPLE t=35s phase=Congestion adaptation=with_ML throughput_gbps=7.9916 latency_ms=67.7706
[2026-08-03T13:41:56] SAMPLE t=36s phase=Congestion adaptation=with_ML throughput_gbps=7.6851 latency_ms=63.7774
[2026-08-03T13:41:57] SAMPLE t=37s phase=Congestion adaptation=with_ML throughput_gbps=8.0837 latency_ms=67.051
[2026-08-03T13:41:58] SAMPLE t=38s phase=Congestion adaptation=with_ML throughput_gbps=8.349 latency_ms=69.1635
[2026-08-03T13:41:59] SAMPLE t=39s phase=Congestion adaptation=with_ML throughput_gbps=8.1848 latency_ms=67.0216
[2026-08-03T13:42:00] SAMPLE t=40s phase=Path_change adaptation=with_ML throughput_gbps=8.2699 latency_ms=67.2178
[2026-08-03T13:42:01] SAMPLE t=41s phase=Path_change adaptation=with_ML throughput_gbps=8.1455 latency_ms=66.8052
[2026-08-03T13:42:02] SAMPLE t=42s phase=Path_change adaptation=with_ML throughput_gbps=7.7466 latency_ms=67.3954
[2026-08-03T13:42:03] SAMPLE t=43s phase=Path_change adaptation=with_ML throughput_gbps=7.5813 latency_ms=64.5589
[2026-08-03T13:42:04] SAMPLE t=44s phase=Path_change adaptation=with_ML throughput_gbps=7.4002 latency_ms=68.7104
[2026-08-03T13:42:05] SAMPLE t=45s phase=Path_change adaptation=with_ML throughput_gbps=7.6483 latency_ms=67.0525
[2026-08-03T13:42:06] SAMPLE t=46s phase=Path_change adaptation=with_ML throughput_gbps=7.1328 latency_ms=70.7862
[2026-08-03T13:42:07] SAMPLE t=47s phase=Path_change adaptation=with_ML throughput_gbps=7.2688 latency_ms=69.5537
[2026-08-03T13:42:08] SAMPLE t=48s phase=Path_change adaptation=with_ML throughput_gbps=7.685 latency_ms=68.7886
[2026-08-03T13:42:09] SAMPLE t=49s phase=Path_change adaptation=with_ML throughput_gbps=7.5151 latency_ms=69.134
[2026-08-03T13:42:10] SAMPLE t=50s phase=Path_change adaptation=with_ML throughput_gbps=7.1029 latency_ms=67.88
[2026-08-03T13:42:11] SAMPLE t=51s phase=Path_change adaptation=with_ML throughput_gbps=7.4442 latency_ms=67.7302
[2026-08-03T13:42:12] SAMPLE t=52s phase=Path_change adaptation=with_ML throughput_gbps=7.2837 latency_ms=68.1681
[2026-08-03T13:42:13] SAMPLE t=53s phase=Path_change adaptation=with_ML throughput_gbps=7.3805 latency_ms=67.7529
[2026-08-03T13:42:14] SAMPLE t=54s phase=Path_change adaptation=with_ML throughput_gbps=7.1769 latency_ms=67.3599
[2026-08-03T13:42:15] SAMPLE t=55s phase=Path_change adaptation=with_ML throughput_gbps=7.8176 latency_ms=67.4949
[2026-08-03T13:42:16] SAMPLE t=56s phase=Path_change adaptation=with_ML throughput_gbps=7.8126 latency_ms=70.0362
[2026-08-03T13:42:17] SAMPLE t=57s phase=Path_change adaptation=with_ML throughput_gbps=7.8304 latency_ms=67.3054
[2026-08-03T13:42:18] SAMPLE t=58s phase=Path_change adaptation=with_ML throughput_gbps=7.8295 latency_ms=66.7157
[2026-08-03T13:42:19] SAMPLE t=59s phase=Path_change adaptation=with_ML throughput_gbps=7.7694 latency_ms=66.0128
[2026-08-03T13:42:20] SAMPLE t=60s phase=Loss_spike adaptation=with_ML throughput_gbps=7.1705 latency_ms=69.6762
[2026-08-03T13:42:21] SAMPLE t=61s phase=Loss_spike adaptation=with_ML throughput_gbps=8.4094 latency_ms=69.2251
[2026-08-03T13:42:22] SAMPLE t=62s phase=Loss_spike adaptation=with_ML throughput_gbps=7.8415 latency_ms=70.2649
[2026-08-03T13:42:23] SAMPLE t=63s phase=Loss_spike adaptation=with_ML throughput_gbps=6.6008 latency_ms=71.3715
[2026-08-03T13:42:24] SAMPLE t=64s phase=Loss_spike adaptation=with_ML throughput_gbps=6.3511 latency_ms=71.8852
[2026-08-03T13:42:25] SAMPLE t=65s phase=Loss_spike adaptation=with_ML throughput_gbps=7.0645 latency_ms=65.4062
[2026-08-03T13:42:26] SAMPLE t=66s phase=Loss_spike adaptation=with_ML throughput_gbps=8.5841 latency_ms=71.0979
[2026-08-03T13:42:27] SAMPLE t=67s phase=Loss_spike adaptation=with_ML throughput_gbps=7.6891 latency_ms=69.1956
[2026-08-03T13:42:28] SAMPLE t=68s phase=Loss_spike adaptation=with_ML throughput_gbps=6.5407 latency_ms=67.734
[2026-08-03T13:42:29] SAMPLE t=69s phase=Loss_spike adaptation=with_ML throughput_gbps=6.164 latency_ms=72.235
[2026-08-03T13:42:30] SAMPLE t=70s phase=Loss_spike adaptation=with_ML throughput_gbps=7.3557 latency_ms=68.4758
[2026-08-03T13:42:31] SAMPLE t=71s phase=Loss_spike adaptation=with_ML throughput_gbps=8.1122 latency_ms=69.2063
[2026-08-03T13:42:32] SAMPLE t=72s phase=Loss_spike adaptation=with_ML throughput_gbps=7.6311 latency_ms=67.8402
[2026-08-03T13:42:33] SAMPLE t=73s phase=Loss_spike adaptation=with_ML throughput_gbps=6.4485 latency_ms=68.3683
[2026-08-03T13:42:34] SAMPLE t=74s phase=Loss_spike adaptation=with_ML throughput_gbps=6.0841 latency_ms=71.4841
[2026-08-03T13:42:35] SAMPLE t=75s phase=Loss_spike adaptation=with_ML throughput_gbps=7.1514 latency_ms=66.1627
[2026-08-03T13:42:36] SAMPLE t=76s phase=Loss_spike adaptation=with_ML throughput_gbps=8.8337 latency_ms=71.6367
[2026-08-03T13:42:37] SAMPLE t=77s phase=Loss_spike adaptation=with_ML throughput_gbps=7.9087 latency_ms=71.621
[2026-08-03T13:42:38] SAMPLE t=78s phase=Loss_spike adaptation=with_ML throughput_gbps=6.7722 latency_ms=69.7953
[2026-08-03T13:42:39] SAMPLE t=79s phase=Loss_spike adaptation=with_ML throughput_gbps=6.2366 latency_ms=70.5857
[2026-08-03T13:42:40] SAMPLE t=80s phase=Recovery adaptation=with_ML throughput_gbps=8.191 latency_ms=65.4553
[2026-08-03T13:42:41] SAMPLE t=81s phase=Recovery adaptation=with_ML throughput_gbps=8.4825 latency_ms=67.8565
[2026-08-03T13:42:42] SAMPLE t=82s phase=Recovery adaptation=with_ML throughput_gbps=8.3404 latency_ms=66.3766
[2026-08-03T13:42:43] SAMPLE t=83s phase=Recovery adaptation=with_ML throughput_gbps=8.3401 latency_ms=66.3807
[2026-08-03T13:42:44] SAMPLE t=84s phase=Recovery adaptation=with_ML throughput_gbps=7.9992 latency_ms=65.8935
[2026-08-03T13:42:45] SAMPLE t=85s phase=Recovery adaptation=with_ML throughput_gbps=8.4268 latency_ms=65.2234
[2026-08-03T13:42:46] SAMPLE t=86s phase=Recovery adaptation=with_ML throughput_gbps=8.4423 latency_ms=66.4107
[2026-08-03T13:42:47] SAMPLE t=87s phase=Recovery adaptation=with_ML throughput_gbps=8.0373 latency_ms=65.3026
[2026-08-03T13:42:48] SAMPLE t=88s phase=Recovery adaptation=with_ML throughput_gbps=8.3557 latency_ms=65.0994
[2026-08-03T13:42:49] SAMPLE t=89s phase=Recovery adaptation=with_ML throughput_gbps=8.7067 latency_ms=65.1254
[2026-08-03T13:42:50] SAMPLE t=90s phase=Recovery adaptation=with_ML throughput_gbps=8.5082 latency_ms=67.1737
[2026-08-03T13:42:51] SAMPLE t=91s phase=Recovery adaptation=with_ML throughput_gbps=8.3024 latency_ms=61.8794
[2026-08-03T13:42:52] SAMPLE t=92s phase=Recovery adaptation=with_ML throughput_gbps=8.1335 latency_ms=65.198
[2026-08-03T13:42:53] SAMPLE t=93s phase=Recovery adaptation=with_ML throughput_gbps=8.2282 latency_ms=64.3797
[2026-08-03T13:42:54] SAMPLE t=94s phase=Recovery adaptation=with_ML throughput_gbps=8.591 latency_ms=67.2242
[2026-08-03T13:42:55] SAMPLE t=95s phase=Recovery adaptation=with_ML throughput_gbps=8.2926 latency_ms=64.6488
[2026-08-03T13:42:56] SAMPLE t=96s phase=Recovery adaptation=with_ML throughput_gbps=8.6642 latency_ms=64.9117
[2026-08-03T13:42:57] SAMPLE t=97s phase=Recovery adaptation=with_ML throughput_gbps=8.0894 latency_ms=63.7146
[2026-08-03T13:42:58] SAMPLE t=98s phase=Recovery adaptation=with_ML throughput_gbps=8.4864 latency_ms=65.8729
[2026-08-03T13:42:59] SAMPLE t=99s phase=Recovery adaptation=with_ML throughput_gbps=8.3912 latency_ms=67.2627
[2026-08-03T13:41:20] SAMPLE t=0s phase=Stable adaptation=without_ML throughput_gbps=7.9699 latency_ms=65.1557
[2026-08-03T13:41:21] SAMPLE t=1s phase=Stable adaptation=without_ML throughput_gbps=7.8757 latency_ms=66.2873
[2026-08-03T13:41:22] SAMPLE t=2s phase=Stable adaptation=without_ML throughput_gbps=8.2095 latency_ms=65.2289
[2026-08-03T13:41:23] SAMPLE t=3s phase=Stable adaptation=without_ML throughput_gbps=8.1274 latency_ms=65.8372
[2026-08-03T13:41:24] SAMPLE t=4s phase=Stable adaptation=without_ML throughput_gbps=7.7 latency_ms=62.9685
[2026-08-03T13:41:25] SAMPLE t=5s phase=Stable adaptation=without_ML throughput_gbps=8.0473 latency_ms=65.0589
[2026-08-03T13:41:26] SAMPLE t=6s phase=Stable adaptation=without_ML throughput_gbps=8.0897 latency_ms=67.9424
[2026-08-03T13:41:27] SAMPLE t=7s phase=Stable adaptation=without_ML throughput_gbps=7.9098 latency_ms=65.7151
[2026-08-03T13:41:28] SAMPLE t=8s phase=Stable adaptation=without_ML throughput_gbps=7.9955 latency_ms=67.1885
[2026-08-03T13:41:29] SAMPLE t=9s phase=Stable adaptation=without_ML throughput_gbps=8.1837 latency_ms=65.8455
[2026-08-03T13:41:30] SAMPLE t=10s phase=Stable adaptation=without_ML throughput_gbps=7.9237 latency_ms=65.8884
[2026-08-03T13:41:31] SAMPLE t=11s phase=Stable adaptation=without_ML throughput_gbps=7.3914 latency_ms=65.1259
[2026-08-03T13:41:32] SAMPLE t=12s phase=Stable adaptation=without_ML throughput_gbps=7.9753 latency_ms=67.0738
[2026-08-03T13:41:33] SAMPLE t=13s phase=Stable adaptation=without_ML throughput_gbps=7.9716 latency_ms=66.2079
[2026-08-03T13:41:34] SAMPLE t=14s phase=Stable adaptation=without_ML throughput_gbps=8.0125 latency_ms=66.1768
[2026-08-03T13:41:35] SAMPLE t=15s phase=Stable adaptation=without_ML throughput_gbps=7.7053 latency_ms=66.5916
[2026-08-03T13:41:36] SAMPLE t=16s phase=Stable adaptation=without_ML throughput_gbps=7.9976 latency_ms=63.4112
[2026-08-03T13:41:37] SAMPLE t=17s phase=Stable adaptation=without_ML throughput_gbps=8.274 latency_ms=66.0274
[2026-08-03T13:41:38] SAMPLE t=18s phase=Stable adaptation=without_ML throughput_gbps=8.088 latency_ms=66.5393
[2026-08-03T13:41:39] SAMPLE t=19s phase=Stable adaptation=without_ML throughput_gbps=8.2895 latency_ms=65.7506
[2026-08-03T13:41:40] SAMPLE t=20s phase=Congestion adaptation=without_ML throughput_gbps=8.0282 latency_ms=64.6507
[2026-08-03T13:41:41] SAMPLE t=21s phase=Congestion adaptation=without_ML throughput_gbps=8.446 latency_ms=66.5884
[2026-08-03T13:41:42] SAMPLE t=22s phase=Congestion adaptation=without_ML throughput_gbps=7.9424 latency_ms=66.2515
[2026-08-03T13:41:43] SAMPLE t=23s phase=Congestion adaptation=without_ML throughput_gbps=7.736 latency_ms=66.934
[2026-08-03T13:41:44] SAMPLE t=24s phase=Congestion adaptation=without_ML throughput_gbps=7.9505 latency_ms=67.3879
[2026-08-03T13:41:45] SAMPLE t=25s phase=Congestion adaptation=without_ML throughput_gbps=8.1206 latency_ms=65.8112
[2026-08-03T13:41:46] SAMPLE t=26s phase=Congestion adaptation=without_ML throughput_gbps=7.8296 latency_ms=64.9142
[2026-08-03T13:41:47] SAMPLE t=27s phase=Congestion adaptation=without_ML throughput_gbps=8.4945 latency_ms=65.8643
[2026-08-03T13:41:48] SAMPLE t=28s phase=Congestion adaptation=without_ML throughput_gbps=8.3579 latency_ms=66.3023
[2026-08-03T13:41:49] SAMPLE t=29s phase=Congestion adaptation=without_ML throughput_gbps=7.9507 latency_ms=67.4566
[2026-08-03T13:41:50] SAMPLE t=30s phase=Congestion adaptation=without_ML throughput_gbps=8.0344 latency_ms=66.2719
[2026-08-03T13:41:51] SAMPLE t=31s phase=Congestion adaptation=without_ML throughput_gbps=8.5787 latency_ms=66.5786
[2026-08-03T13:41:52] SAMPLE t=32s phase=Congestion adaptation=without_ML throughput_gbps=7.7907 latency_ms=65.8299
[2026-08-03T13:41:53] SAMPLE t=33s phase=Congestion adaptation=without_ML throughput_gbps=7.8855 latency_ms=66.991
[2026-08-03T13:41:54] SAMPLE t=34s phase=Congestion adaptation=without_ML throughput_gbps=7.7818 latency_ms=64.3375
[2026-08-03T13:41:55] SAMPLE t=35s phase=Congestion adaptation=without_ML throughput_gbps=7.9663 latency_ms=66.3027
[2026-08-03T13:41:56] SAMPLE t=36s phase=Congestion adaptation=without_ML throughput_gbps=7.9298 latency_ms=64.1719
[2026-08-03T13:41:57] SAMPLE t=37s phase=Congestion adaptation=without_ML throughput_gbps=7.73 latency_ms=65.5719
[2026-08-03T13:41:58] SAMPLE t=38s phase=Congestion adaptation=without_ML throughput_gbps=7.9325 latency_ms=64.7834
[2026-08-03T13:41:59] SAMPLE t=39s phase=Congestion adaptation=without_ML throughput_gbps=8.3995 latency_ms=65.4345
[2026-08-03T13:42:00] SAMPLE t=40s phase=Path_change adaptation=without_ML throughput_gbps=8.0107 latency_ms=65.6581
[2026-08-03T13:42:01] SAMPLE t=41s phase=Path_change adaptation=without_ML throughput_gbps=7.5629 latency_ms=69.5426
[2026-08-03T13:42:02] SAMPLE t=42s phase=Path_change adaptation=without_ML throughput_gbps=7.3952 latency_ms=67.3249
[2026-08-03T13:42:03] SAMPLE t=43s phase=Path_change adaptation=without_ML throughput_gbps=6.3042 latency_ms=68.3931
[2026-08-03T13:42:04] SAMPLE t=44s phase=Path_change adaptation=without_ML throughput_gbps=7.1141 latency_ms=70.7906
[2026-08-03T13:42:05] SAMPLE t=45s phase=Path_change adaptation=without_ML throughput_gbps=6.5807 latency_ms=68.9127
[2026-08-03T13:42:06] SAMPLE t=46s phase=Path_change adaptation=without_ML throughput_gbps=6.3288 latency_ms=73.3564
[2026-08-03T13:42:07] SAMPLE t=47s phase=Path_change adaptation=without_ML throughput_gbps=6.1102 latency_ms=73.1047
[2026-08-03T13:42:08] SAMPLE t=48s phase=Path_change adaptation=without_ML throughput_gbps=5.9224 latency_ms=74.3991
[2026-08-03T13:42:09] SAMPLE t=49s phase=Path_change adaptation=without_ML throughput_gbps=5.7465 latency_ms=72.8936
[2026-08-03T13:42:10] SAMPLE t=50s phase=Path_change adaptation=without_ML throughput_gbps=5.95 latency_ms=74.0474
[2026-08-03T13:42:11] SAMPLE t=51s phase=Path_change adaptation=without_ML throughput_gbps=5.7035 latency_ms=73.6165
[2026-08-03T13:42:12] SAMPLE t=52s phase=Path_change adaptation=without_ML throughput_gbps=5.9279 latency_ms=74.4938
[2026-08-03T13:42:13] SAMPLE t=53s phase=Path_change adaptation=without_ML throughput_gbps=5.738 latency_ms=74.1126
[2026-08-03T13:42:14] SAMPLE t=54s phase=Path_change adaptation=without_ML throughput_gbps=6.2064 latency_ms=70.6655
[2026-08-03T13:42:15] SAMPLE t=55s phase=Path_change adaptation=without_ML throughput_gbps=6.3289 latency_ms=69.676
[2026-08-03T13:42:16] SAMPLE t=56s phase=Path_change adaptation=without_ML throughput_gbps=6.6109 latency_ms=71.4764
[2026-08-03T13:42:17] SAMPLE t=57s phase=Path_change adaptation=without_ML throughput_gbps=7.0431 latency_ms=67.5991
[2026-08-03T13:42:18] SAMPLE t=58s phase=Path_change adaptation=without_ML throughput_gbps=7.2017 latency_ms=66.1115
[2026-08-03T13:42:19] SAMPLE t=59s phase=Path_change adaptation=without_ML throughput_gbps=7.8544 latency_ms=64.9063
[2026-08-03T13:42:20] SAMPLE t=60s phase=Loss_spike adaptation=without_ML throughput_gbps=5.9622 latency_ms=70.5203
[2026-08-03T13:42:21] SAMPLE t=61s phase=Loss_spike adaptation=without_ML throughput_gbps=8.1207 latency_ms=79.1816
[2026-08-03T13:42:22] SAMPLE t=62s phase=Loss_spike adaptation=without_ML throughput_gbps=7.6621 latency_ms=77.4777
[2026-08-03T13:42:23] SAMPLE t=63s phase=Loss_spike adaptation=without_ML throughput_gbps=4.916 latency_ms=77.6319
[2026-08-03T13:42:24] SAMPLE t=64s phase=Loss_spike adaptation=without_ML throughput_gbps=3.8748 latency_ms=77.909
[2026-08-03T13:42:25] SAMPLE t=65s phase=Loss_spike adaptation=without_ML throughput_gbps=6.1199 latency_ms=70.5914
[2026-08-03T13:42:26] SAMPLE t=66s phase=Loss_spike adaptation=without_ML throughput_gbps=8.4193 latency_ms=77.5131
[2026-08-03T13:42:27] SAMPLE t=67s phase=Loss_spike adaptation=without_ML throughput_gbps=7.528 latency_ms=77.5344
[2026-08-03T13:42:28] SAMPLE t=68s phase=Loss_spike adaptation=without_ML throughput_gbps=4.9063 latency_ms=76.5987
[2026-08-03T13:42:29] SAMPLE t=69s phase=Loss_spike adaptation=without_ML throughput_gbps=3.9828 latency_ms=81.1488
[2026-08-03T13:42:30] SAMPLE t=70s phase=Loss_spike adaptation=without_ML throughput_gbps=6.2216 latency_ms=70.7501
[2026-08-03T13:42:31] SAMPLE t=71s phase=Loss_spike adaptation=without_ML throughput_gbps=8.3545 latency_ms=78.5431
[2026-08-03T13:42:32] SAMPLE t=72s phase=Loss_spike adaptation=without_ML throughput_gbps=7.5889 latency_ms=72.1243
[2026-08-03T13:42:33] SAMPLE t=73s phase=Loss_spike adaptation=without_ML throughput_gbps=4.8631 latency_ms=75.9623
[2026-08-03T13:42:34] SAMPLE t=74s phase=Loss_spike adaptation=without_ML throughput_gbps=4.0896 latency_ms=78.6328
[2026-08-03T13:42:35] SAMPLE t=75s phase=Loss_spike adaptation=without_ML throughput_gbps=6.0104 latency_ms=67.9889
[2026-08-03T13:42:36] SAMPLE t=76s phase=Loss_spike adaptation=without_ML throughput_gbps=8.2407 latency_ms=78.596
[2026-08-03T13:42:37] SAMPLE t=77s phase=Loss_spike adaptation=without_ML throughput_gbps=7.2436 latency_ms=75.6786
[2026-08-03T13:42:38] SAMPLE t=78s phase=Loss_spike adaptation=without_ML throughput_gbps=5.0208 latency_ms=75.1848
[2026-08-03T13:42:39] SAMPLE t=79s phase=Loss_spike adaptation=without_ML throughput_gbps=4.2813 latency_ms=79.2838
[2026-08-03T13:42:40] SAMPLE t=80s phase=Recovery adaptation=without_ML throughput_gbps=7.7694 latency_ms=65.0245
[2026-08-03T13:42:41] SAMPLE t=81s phase=Recovery adaptation=without_ML throughput_gbps=7.7463 latency_ms=67.7245
[2026-08-03T13:42:42] SAMPLE t=82s phase=Recovery adaptation=without_ML throughput_gbps=8.1488 latency_ms=67.2347
[2026-08-03T13:42:43] SAMPLE t=83s phase=Recovery adaptation=without_ML throughput_gbps=8.302 latency_ms=67.4015
[2026-08-03T13:42:44] SAMPLE t=84s phase=Recovery adaptation=without_ML throughput_gbps=8.001 latency_ms=66.6533
[2026-08-03T13:42:45] SAMPLE t=85s phase=Recovery adaptation=without_ML throughput_gbps=7.7989 latency_ms=66.071
[2026-08-03T13:42:46] SAMPLE t=86s phase=Recovery adaptation=without_ML throughput_gbps=8.2961 latency_ms=65.3831
[2026-08-03T13:42:47] SAMPLE t=87s phase=Recovery adaptation=without_ML throughput_gbps=8.0801 latency_ms=66.1307
[2026-08-03T13:42:48] SAMPLE t=88s phase=Recovery adaptation=without_ML throughput_gbps=8.3996 latency_ms=63.8378
[2026-08-03T13:42:49] SAMPLE t=89s phase=Recovery adaptation=without_ML throughput_gbps=8.0298 latency_ms=65.9544
[2026-08-03T13:42:50] SAMPLE t=90s phase=Recovery adaptation=without_ML throughput_gbps=7.5973 latency_ms=65.6139
[2026-08-03T13:42:51] SAMPLE t=91s phase=Recovery adaptation=without_ML throughput_gbps=8.2391 latency_ms=64.8576
[2026-08-03T13:42:52] SAMPLE t=92s phase=Recovery adaptation=without_ML throughput_gbps=7.9332 latency_ms=65.5373
[2026-08-03T13:42:53] SAMPLE t=93s phase=Recovery adaptation=without_ML throughput_gbps=7.8141 latency_ms=68.0368
[2026-08-03T13:42:54] SAMPLE t=94s phase=Recovery adaptation=without_ML throughput_gbps=7.9665 latency_ms=65.6406
[2026-08-03T13:42:55] SAMPLE t=95s phase=Recovery adaptation=without_ML throughput_gbps=8.2211 latency_ms=65.2215
[2026-08-03T13:42:56] SAMPLE t=96s phase=Recovery adaptation=without_ML throughput_gbps=7.5461 latency_ms=65.2278
[2026-08-03T13:42:57] SAMPLE t=97s phase=Recovery adaptation=without_ML throughput_gbps=7.8415 latency_ms=66.7175
[2026-08-03T13:42:58] SAMPLE t=98s phase=Recovery adaptation=without_ML throughput_gbps=8.0337 latency_ms=66.4361
[2026-08-03T13:42:59] SAMPLE t=99s phase=Recovery adaptation=without_ML throughput_gbps=8.1852 latency_ms=66.949
[2026-08-03T13:41:20] TRACE_END run_id=9 status=OK
[2026-08-03T13:49:26] TRACE_START run_id=10
[2026-08-03T13:49:26] SAMPLE t=0s phase=Stable adaptation=with_ML throughput_gbps=8.1345 latency_ms=67.419
[2026-08-03T13:49:27] SAMPLE t=1s phase=Stable adaptation=with_ML throughput_gbps=8.4956 latency_ms=68.3504
[2026-08-03T13:49:28] SAMPLE t=2s phase=Stable adaptation=with_ML throughput_gbps=8.3278 latency_ms=66.9473
[2026-08-03T13:49:29] SAMPLE t=3s phase=Stable adaptation=with_ML throughput_gbps=7.981 latency_ms=66.4183
[2026-08-03T13:49:30] SAMPLE t=4s phase=Stable adaptation=with_ML throughput_gbps=8.3409 latency_ms=65.2062
[2026-08-03T13:49:31] SAMPLE t=5s phase=Stable adaptation=with_ML throughput_gbps=8.3225 latency_ms=67.1841
[2026-08-03T13:49:32] SAMPLE t=6s phase=Stable adaptation=with_ML throughput_gbps=8.324 latency_ms=66.4452
[2026-08-03T13:49:33] SAMPLE t=7s phase=Stable adaptation=with_ML throughput_gbps=7.8262 latency_ms=67.1524
[2026-08-03T13:49:34] SAMPLE t=8s phase=Stable adaptation=with_ML throughput_gbps=8.196 latency_ms=67.7956
[2026-08-03T13:49:35] SAMPLE t=9s phase=Stable adaptation=with_ML throughput_gbps=7.9455 latency_ms=66.639
[2026-08-03T13:49:36] SAMPLE t=10s phase=Stable adaptation=with_ML throughput_gbps=7.9676 latency_ms=64.9695
[2026-08-03T13:49:37] SAMPLE t=11s phase=Stable adaptation=with_ML throughput_gbps=7.8951 latency_ms=65.2207
[2026-08-03T13:49:38] SAMPLE t=12s phase=Stable adaptation=with_ML throughput_gbps=8.1754 latency_ms=66.592
[2026-08-03T13:49:39] SAMPLE t=13s phase=Stable adaptation=with_ML throughput_gbps=8.4006 latency_ms=67.589
[2026-08-03T13:49:40] SAMPLE t=14s phase=Stable adaptation=with_ML throughput_gbps=8.3336 latency_ms=66.5624
[2026-08-03T13:49:41] SAMPLE t=15s phase=Stable adaptation=with_ML throughput_gbps=8.0424 latency_ms=68.6713
[2026-08-03T13:49:42] SAMPLE t=16s phase=Stable adaptation=with_ML throughput_gbps=7.9572 latency_ms=64.0029
[2026-08-03T13:49:43] SAMPLE t=17s phase=Stable adaptation=with_ML throughput_gbps=7.9532 latency_ms=66.1113
[2026-08-03T13:49:44] SAMPLE t=18s phase=Stable adaptation=with_ML throughput_gbps=8.0945 latency_ms=64.401
[2026-08-03T13:49:45] SAMPLE t=19s phase=Stable adaptation=with_ML throughput_gbps=7.9259 latency_ms=67.2155
[2026-08-03T13:49:46] SAMPLE t=20s phase=Congestion adaptation=with_ML throughput_gbps=7.9296 latency_ms=67.5187
[2026-08-03T13:49:47] SAMPLE t=21s phase=Congestion adaptation=with_ML throughput_gbps=8.2101 latency_ms=67.4007
[2026-08-03T13:49:48] SAMPLE t=22s phase=Congestion adaptation=with_ML throughput_gbps=8.2689 latency_ms=66.2666
[2026-08-03T13:49:49] SAMPLE t=23s phase=Congestion adaptation=with_ML throughput_gbps=8.4503 latency_ms=65.8767
[2026-08-03T13:49:50] SAMPLE t=24s phase=Congestion adaptation=with_ML throughput_gbps=8.2328 latency_ms=66.8146
[2026-08-03T13:49:51] SAMPLE t=25s phase=Congestion adaptation=with_ML throughput_gbps=8.1572 latency_ms=66.0429
[2026-08-03T13:49:52] SAMPLE t=26s phase=Congestion adaptation=with_ML throughput_gbps=8.1557 latency_ms=66.4576
[2026-08-03T13:49:53] SAMPLE t=27s phase=Congestion adaptation=with_ML throughput_gbps=8.3914 latency_ms=67.2941
[2026-08-03T13:49:54] SAMPLE t=28s phase=Congestion adaptation=with_ML throughput_gbps=7.4505 latency_ms=67.4546
[2026-08-03T13:49:55] SAMPLE t=29s phase=Congestion adaptation=with_ML throughput_gbps=8.4262 latency_ms=66.6652
[2026-08-03T13:49:56] SAMPLE t=30s phase=Congestion adaptation=with_ML throughput_gbps=7.9428 latency_ms=67.7395
[2026-08-03T13:49:57] SAMPLE t=31s phase=Congestion adaptation=with_ML throughput_gbps=7.8625 latency_ms=66.4566
[2026-08-03T13:49:58] SAMPLE t=32s phase=Congestion adaptation=with_ML throughput_gbps=8.5035 latency_ms=65.189
[2026-08-03T13:49:59] SAMPLE t=33s phase=Congestion adaptation=with_ML throughput_gbps=8.2834 latency_ms=65.4371
[2026-08-03T13:50:00] SAMPLE t=34s phase=Congestion adaptation=with_ML throughput_gbps=7.8385 latency_ms=65.2831
[2026-08-03T13:50:01] SAMPLE t=35s phase=Congestion adaptation=with_ML throughput_gbps=7.9711 latency_ms=66.3573
[2026-08-03T13:50:02] SAMPLE t=36s phase=Congestion adaptation=with_ML throughput_gbps=8.4885 latency_ms=65.6419
[2026-08-03T13:50:03] SAMPLE t=37s phase=Congestion adaptation=with_ML throughput_gbps=8.0504 latency_ms=66.7527
[2026-08-03T13:50:04] SAMPLE t=38s phase=Congestion adaptation=with_ML throughput_gbps=8.0081 latency_ms=64.5571
[2026-08-03T13:50:05] SAMPLE t=39s phase=Congestion adaptation=with_ML throughput_gbps=7.8944 latency_ms=65.6286
[2026-08-03T13:50:06] SAMPLE t=40s phase=Path_change adaptation=with_ML throughput_gbps=7.9225 latency_ms=69.2316
[2026-08-03T13:50:07] SAMPLE t=41s phase=Path_change adaptation=with_ML throughput_gbps=8.0107 latency_ms=66.9876
[2026-08-03T13:50:08] SAMPLE t=42s phase=Path_change adaptation=with_ML throughput_gbps=7.6996 latency_ms=67.1866
[2026-08-03T13:50:09] SAMPLE t=43s phase=Path_change adaptation=with_ML throughput_gbps=7.8151 latency_ms=67.9046
[2026-08-03T13:50:10] SAMPLE t=44s phase=Path_change adaptation=with_ML throughput_gbps=7.7764 latency_ms=70.0284
[2026-08-03T13:50:11] SAMPLE t=45s phase=Path_change adaptation=with_ML throughput_gbps=7.1498 latency_ms=68.1646
[2026-08-03T13:50:12] SAMPLE t=46s phase=Path_change adaptation=with_ML throughput_gbps=7.206 latency_ms=67.7034
[2026-08-03T13:50:13] SAMPLE t=47s phase=Path_change adaptation=with_ML throughput_gbps=7.2536 latency_ms=67.3111
[2026-08-03T13:50:14] SAMPLE t=48s phase=Path_change adaptation=with_ML throughput_gbps=7.3951 latency_ms=68.4352
[2026-08-03T13:50:15] SAMPLE t=49s phase=Path_change adaptation=with_ML throughput_gbps=7.2802 latency_ms=69.6044
[2026-08-03T13:50:16] SAMPLE t=50s phase=Path_change adaptation=with_ML throughput_gbps=7.0656 latency_ms=66.9337
[2026-08-03T13:50:17] SAMPLE t=51s phase=Path_change adaptation=with_ML throughput_gbps=7.0612 latency_ms=68.0228
[2026-08-03T13:50:18] SAMPLE t=52s phase=Path_change adaptation=with_ML throughput_gbps=7.023 latency_ms=71.1209
[2026-08-03T13:50:19] SAMPLE t=53s phase=Path_change adaptation=with_ML throughput_gbps=7.3432 latency_ms=66.29
[2026-08-03T13:50:20] SAMPLE t=54s phase=Path_change adaptation=with_ML throughput_gbps=7.4489 latency_ms=68.1721
[2026-08-03T13:50:21] SAMPLE t=55s phase=Path_change adaptation=with_ML throughput_gbps=7.5249 latency_ms=67.9055
[2026-08-03T13:50:22] SAMPLE t=56s phase=Path_change adaptation=with_ML throughput_gbps=7.5813 latency_ms=67.6627
[2026-08-03T13:50:23] SAMPLE t=57s phase=Path_change adaptation=with_ML throughput_gbps=7.8014 latency_ms=66.9088
[2026-08-03T13:50:24] SAMPLE t=58s phase=Path_change adaptation=with_ML throughput_gbps=7.848 latency_ms=66.6038
[2026-08-03T13:50:25] SAMPLE t=59s phase=Path_change adaptation=with_ML throughput_gbps=7.9976 latency_ms=65.4387
[2026-08-03T13:50:26] SAMPLE t=60s phase=Loss_spike adaptation=with_ML throughput_gbps=7.0853 latency_ms=67.2738
[2026-08-03T13:50:27] SAMPLE t=61s phase=Loss_spike adaptation=with_ML throughput_gbps=8.412 latency_ms=70.4078
[2026-08-03T13:50:28] SAMPLE t=62s phase=Loss_spike adaptation=with_ML throughput_gbps=7.9028 latency_ms=70.7626
[2026-08-03T13:50:29] SAMPLE t=63s phase=Loss_spike adaptation=with_ML throughput_gbps=6.6548 latency_ms=70.8191
[2026-08-03T13:50:30] SAMPLE t=64s phase=Loss_spike adaptation=with_ML throughput_gbps=6.4304 latency_ms=73.2724
[2026-08-03T13:50:31] SAMPLE t=65s phase=Loss_spike adaptation=with_ML throughput_gbps=7.1553 latency_ms=69.8878
[2026-08-03T13:50:32] SAMPLE t=66s phase=Loss_spike adaptation=with_ML throughput_gbps=8.2166 latency_ms=71.633
[2026-08-03T13:50:33] SAMPLE t=67s phase=Loss_spike adaptation=with_ML throughput_gbps=7.6532 latency_ms=69.672
[2026-08-03T13:50:34] SAMPLE t=68s phase=Loss_spike adaptation=with_ML throughput_gbps=6.8579 latency_ms=69.0864
[2026-08-03T13:50:35] SAMPLE t=69s phase=Loss_spike adaptation=with_ML throughput_gbps=6.5476 latency_ms=70.6018
[2026-08-03T13:50:36] SAMPLE t=70s phase=Loss_spike adaptation=with_ML throughput_gbps=7.3068 latency_ms=68.7709
[2026-08-03T13:50:37] SAMPLE t=71s phase=Loss_spike adaptation=with_ML throughput_gbps=8.4483 latency_ms=71.2153
[2026-08-03T13:50:38] SAMPLE t=72s phase=Loss_spike adaptation=with_ML throughput_gbps=8.2223 latency_ms=68.974
[2026-08-03T13:50:39] SAMPLE t=73s phase=Loss_spike adaptation=with_ML throughput_gbps=6.7602 latency_ms=71.196
[2026-08-03T13:50:40] SAMPLE t=74s phase=Loss_spike adaptation=with_ML throughput_gbps=6.3406 latency_ms=71.5946
[2026-08-03T13:50:41] SAMPLE t=75s phase=Loss_spike adaptation=with_ML throughput_gbps=7.4507 latency_ms=67.3287
[2026-08-03T13:50:42] SAMPLE t=76s phase=Loss_spike adaptation=with_ML throughput_gbps=8.5706 latency_ms=69.6035
[2026-08-03T13:50:43] SAMPLE t=77s phase=Loss_spike adaptation=with_ML throughput_gbps=7.7078 latency_ms=69.4477
[2026-08-03T13:50:44] SAMPLE t=78s phase=Loss_spike adaptation=with_ML throughput_gbps=6.7188 latency_ms=68.8406
[2026-08-03T13:50:45] SAMPLE t=79s phase=Loss_spike adaptation=with_ML throughput_gbps=6.2369 latency_ms=71.3983
[2026-08-03T13:50:46] SAMPLE t=80s phase=Recovery adaptation=with_ML throughput_gbps=8.0905 latency_ms=66.0152
[2026-08-03T13:50:47] SAMPLE t=81s phase=Recovery adaptation=with_ML throughput_gbps=7.9595 latency_ms=67.587
[2026-08-03T13:50:48] SAMPLE t=82s phase=Recovery adaptation=with_ML throughput_gbps=7.5906 latency_ms=63.6411
[2026-08-03T13:50:49] SAMPLE t=83s phase=Recovery adaptation=with_ML throughput_gbps=8.3649 latency_ms=67.4892
[2026-08-03T13:50:50] SAMPLE t=84s phase=Recovery adaptation=with_ML throughput_gbps=8.0604 latency_ms=65.9804
[2026-08-03T13:50:51] SAMPLE t=85s phase=Recovery adaptation=with_ML throughput_gbps=8.3734 latency_ms=66.5403
[2026-08-03T13:50:52] SAMPLE t=86s phase=Recovery adaptation=with_ML throughput_gbps=8.2643 latency_ms=63.9961
[2026-08-03T13:50:53] SAMPLE t=87s phase=Recovery adaptation=with_ML throughput_gbps=8.4839 latency_ms=64.1537
[2026-08-03T13:50:54] SAMPLE t=88s phase=Recovery adaptation=with_ML throughput_gbps=8.3696 latency_ms=69.1418
[2026-08-03T13:50:55] SAMPLE t=89s phase=Recovery adaptation=with_ML throughput_gbps=8.5542 latency_ms=64.973
[2026-08-03T13:50:56] SAMPLE t=90s phase=Recovery adaptation=with_ML throughput_gbps=8.3665 latency_ms=63.3249
[2026-08-03T13:50:57] SAMPLE t=91s phase=Recovery adaptation=with_ML throughput_gbps=8.2632 latency_ms=66.3675
[2026-08-03T13:50:58] SAMPLE t=92s phase=Recovery adaptation=with_ML throughput_gbps=8.1899 latency_ms=65.4396
[2026-08-03T13:50:59] SAMPLE t=93s phase=Recovery adaptation=with_ML throughput_gbps=8.6164 latency_ms=65.012
[2026-08-03T13:51:00] SAMPLE t=94s phase=Recovery adaptation=with_ML throughput_gbps=8.6504 latency_ms=65.1313
[2026-08-03T13:51:01] SAMPLE t=95s phase=Recovery adaptation=with_ML throughput_gbps=8.3144 latency_ms=66.3502
[2026-08-03T13:51:02] SAMPLE t=96s phase=Recovery adaptation=with_ML throughput_gbps=8.4423 latency_ms=65.798
[2026-08-03T13:51:03] SAMPLE t=97s phase=Recovery adaptation=with_ML throughput_gbps=8.8575 latency_ms=67.4267
[2026-08-03T13:51:04] SAMPLE t=98s phase=Recovery adaptation=with_ML throughput_gbps=8.3018 latency_ms=67.0327
[2026-08-03T13:51:05] SAMPLE t=99s phase=Recovery adaptation=with_ML throughput_gbps=8.4287 latency_ms=65.9665
[2026-08-03T13:49:26] SAMPLE t=0s phase=Stable adaptation=without_ML throughput_gbps=7.6799 latency_ms=65.0958
[2026-08-03T13:49:27] SAMPLE t=1s phase=Stable adaptation=without_ML throughput_gbps=7.8149 latency_ms=65.4814
[2026-08-03T13:49:28] SAMPLE t=2s phase=Stable adaptation=without_ML throughput_gbps=8.2194 latency_ms=63.3303
[2026-08-03T13:49:29] SAMPLE t=3s phase=Stable adaptation=without_ML throughput_gbps=8.2459 latency_ms=64.5454
[2026-08-03T13:49:30] SAMPLE t=4s phase=Stable adaptation=without_ML throughput_gbps=8.1355 latency_ms=66.2467
[2026-08-03T13:49:31] SAMPLE t=5s phase=Stable adaptation=without_ML throughput_gbps=8.0449 latency_ms=64.4288
[2026-08-03T13:49:32] SAMPLE t=6s phase=Stable adaptation=without_ML throughput_gbps=7.9834 latency_ms=66.7006
[2026-08-03T13:49:33] SAMPLE t=7s phase=Stable adaptation=without_ML throughput_gbps=7.6654 latency_ms=69.5431
[2026-08-03T13:49:34] SAMPLE t=8s phase=Stable adaptation=without_ML throughput_gbps=8.3226 latency_ms=65.4271
[2026-08-03T13:49:35] SAMPLE t=9s phase=Stable adaptation=without_ML throughput_gbps=8.3202 latency_ms=65.0476
[2026-08-03T13:49:36] SAMPLE t=10s phase=Stable adaptation=without_ML throughput_gbps=7.8565 latency_ms=65.7561
[2026-08-03T13:49:37] SAMPLE t=11s phase=Stable adaptation=without_ML throughput_gbps=8.064 latency_ms=69.5208
[2026-08-03T13:49:38] SAMPLE t=12s phase=Stable adaptation=without_ML throughput_gbps=7.8099 latency_ms=66.0059
[2026-08-03T13:49:39] SAMPLE t=13s phase=Stable adaptation=without_ML throughput_gbps=8.526 latency_ms=65.1954
[2026-08-03T13:49:40] SAMPLE t=14s phase=Stable adaptation=without_ML throughput_gbps=8.2366 latency_ms=65.6621
[2026-08-03T13:49:41] SAMPLE t=15s phase=Stable adaptation=without_ML throughput_gbps=8.3685 latency_ms=64.8712
[2026-08-03T13:49:42] SAMPLE t=16s phase=Stable adaptation=without_ML throughput_gbps=8.1786 latency_ms=66.2303
[2026-08-03T13:49:43] SAMPLE t=17s phase=Stable adaptation=without_ML throughput_gbps=8.352 latency_ms=66.4555
[2026-08-03T13:49:44] SAMPLE t=18s phase=Stable adaptation=without_ML throughput_gbps=7.5484 latency_ms=66.6895
[2026-08-03T13:49:45] SAMPLE t=19s phase=Stable adaptation=without_ML throughput_gbps=8.0482 latency_ms=67.5265
[2026-08-03T13:49:46] SAMPLE t=20s phase=Congestion adaptation=without_ML throughput_gbps=7.9237 latency_ms=65.5126
[2026-08-03T13:49:47] SAMPLE t=21s phase=Congestion adaptation=without_ML throughput_gbps=7.9608 latency_ms=64.9203
[2026-08-03T13:49:48] SAMPLE t=22s phase=Congestion adaptation=without_ML throughput_gbps=7.6845 latency_ms=65.9428
[2026-08-03T13:49:49] SAMPLE t=23s phase=Congestion adaptation=without_ML throughput_gbps=7.9496 latency_ms=65.3976
[2026-08-03T13:49:50] SAMPLE t=24s phase=Congestion adaptation=without_ML throughput_gbps=7.876 latency_ms=65.8998
[2026-08-03T13:49:51] SAMPLE t=25s phase=Congestion adaptation=without_ML throughput_gbps=7.8294 latency_ms=65.4739
[2026-08-03T13:49:52] SAMPLE t=26s phase=Congestion adaptation=without_ML throughput_gbps=7.9057 latency_ms=64.9147
[2026-08-03T13:49:53] SAMPLE t=27s phase=Congestion adaptation=without_ML throughput_gbps=8.2377 latency_ms=67.4638
[2026-08-03T13:49:54] SAMPLE t=28s phase=Congestion adaptation=without_ML throughput_gbps=8.4608 latency_ms=66.9071
[2026-08-03T13:49:55] SAMPLE t=29s phase=Congestion adaptation=without_ML throughput_gbps=8.3438 latency_ms=67.6488
[2026-08-03T13:49:56] SAMPLE t=30s phase=Congestion adaptation=without_ML throughput_gbps=7.9964 latency_ms=66.4663
[2026-08-03T13:49:57] SAMPLE t=31s phase=Congestion adaptation=without_ML throughput_gbps=8.2693 latency_ms=65.0019
[2026-08-03T13:49:58] SAMPLE t=32s phase=Congestion adaptation=without_ML throughput_gbps=7.9184 latency_ms=64.7048
[2026-08-03T13:49:59] SAMPLE t=33s phase=Congestion adaptation=without_ML throughput_gbps=7.7622 latency_ms=65.3301
[2026-08-03T13:50:00] SAMPLE t=34s phase=Congestion adaptation=without_ML throughput_gbps=8.0008 latency_ms=66.6994
[2026-08-03T13:50:01] SAMPLE t=35s phase=Congestion adaptation=without_ML throughput_gbps=8.4258 latency_ms=66.6606
[2026-08-03T13:50:02] SAMPLE t=36s phase=Congestion adaptation=without_ML throughput_gbps=8.2047 latency_ms=65.3267
[2026-08-03T13:50:03] SAMPLE t=37s phase=Congestion adaptation=without_ML throughput_gbps=7.9125 latency_ms=67.2905
[2026-08-03T13:50:04] SAMPLE t=38s phase=Congestion adaptation=without_ML throughput_gbps=8.184 latency_ms=65.7655
[2026-08-03T13:50:05] SAMPLE t=39s phase=Congestion adaptation=without_ML throughput_gbps=7.6598 latency_ms=64.009
[2026-08-03T13:50:06] SAMPLE t=40s phase=Path_change adaptation=without_ML throughput_gbps=8.0095 latency_ms=67.7017
[2026-08-03T13:50:07] SAMPLE t=41s phase=Path_change adaptation=without_ML throughput_gbps=7.6271 latency_ms=64.8451
[2026-08-03T13:50:08] SAMPLE t=42s phase=Path_change adaptation=without_ML throughput_gbps=7.5311 latency_ms=67.6929
[2026-08-03T13:50:09] SAMPLE t=43s phase=Path_change adaptation=without_ML throughput_gbps=7.1503 latency_ms=70.8098
[2026-08-03T13:50:10] SAMPLE t=44s phase=Path_change adaptation=without_ML throughput_gbps=6.8125 latency_ms=69.1776
[2026-08-03T13:50:11] SAMPLE t=45s phase=Path_change adaptation=without_ML throughput_gbps=6.291 latency_ms=70.1366
[2026-08-03T13:50:12] SAMPLE t=46s phase=Path_change adaptation=without_ML throughput_gbps=6.3743 latency_ms=68.2878
[2026-08-03T13:50:13] SAMPLE t=47s phase=Path_change adaptation=without_ML throughput_gbps=6.0355 latency_ms=70.5039
[2026-08-03T13:50:14] SAMPLE t=48s phase=Path_change adaptation=without_ML throughput_gbps=5.8605 latency_ms=73.6699
[2026-08-03T13:50:15] SAMPLE t=49s phase=Path_change adaptation=without_ML throughput_gbps=5.6032 latency_ms=74.5277
[2026-08-03T13:50:16] SAMPLE t=50s phase=Path_change adaptation=without_ML throughput_gbps=5.5016 latency_ms=71.4759
[2026-08-03T13:50:17] SAMPLE t=51s phase=Path_change adaptation=without_ML throughput_gbps=6.0371 latency_ms=73.0813
[2026-08-03T13:50:18] SAMPLE t=52s phase=Path_change adaptation=without_ML throughput_gbps=5.7535 latency_ms=74.397
[2026-08-03T13:50:19] SAMPLE t=53s phase=Path_change adaptation=without_ML throughput_gbps=5.9294 latency_ms=72.2512
[2026-08-03T13:50:20] SAMPLE t=54s phase=Path_change adaptation=without_ML throughput_gbps=6.2706 latency_ms=69.8402
[2026-08-03T13:50:21] SAMPLE t=55s phase=Path_change adaptation=without_ML throughput_gbps=6.4986 latency_ms=70.4165
[2026-08-03T13:50:22] SAMPLE t=56s phase=Path_change adaptation=without_ML throughput_gbps=6.5826 latency_ms=71.6685
[2026-08-03T13:50:23] SAMPLE t=57s phase=Path_change adaptation=without_ML throughput_gbps=6.9808 latency_ms=71.1942
[2026-08-03T13:50:24] SAMPLE t=58s phase=Path_change adaptation=without_ML throughput_gbps=7.6347 latency_ms=66.564
[2026-08-03T13:50:25] SAMPLE t=59s phase=Path_change adaptation=without_ML throughput_gbps=7.3868 latency_ms=67.9108
[2026-08-03T13:50:26] SAMPLE t=60s phase=Loss_spike adaptation=without_ML throughput_gbps=5.8238 latency_ms=69.2535
[2026-08-03T13:50:27] SAMPLE t=61s phase=Loss_spike adaptation=without_ML throughput_gbps=8.7306 latency_ms=81.4919
[2026-08-03T13:50:28] SAMPLE t=62s phase=Loss_spike adaptation=without_ML throughput_gbps=7.4641 latency_ms=76.0943
[2026-08-03T13:50:29] SAMPLE t=63s phase=Loss_spike adaptation=without_ML throughput_gbps=4.9966 latency_ms=77.1125
[2026-08-03T13:50:30] SAMPLE t=64s phase=Loss_spike adaptation=without_ML throughput_gbps=3.9103 latency_ms=78.7846
[2026-08-03T13:50:31] SAMPLE t=65s phase=Loss_spike adaptation=without_ML throughput_gbps=6.1463 latency_ms=70.5156
[2026-08-03T13:50:32] SAMPLE t=66s phase=Loss_spike adaptation=without_ML throughput_gbps=8.2318 latency_ms=78.8342
[2026-08-03T13:50:33] SAMPLE t=67s phase=Loss_spike adaptation=without_ML throughput_gbps=7.3648 latency_ms=74.7777
[2026-08-03T13:50:34] SAMPLE t=68s phase=Loss_spike adaptation=without_ML throughput_gbps=4.5903 latency_ms=78.0089
[2026-08-03T13:50:35] SAMPLE t=69s phase=Loss_spike adaptation=without_ML throughput_gbps=3.8925 latency_ms=80.0183
[2026-08-03T13:50:36] SAMPLE t=70s phase=Loss_spike adaptation=without_ML throughput_gbps=6.2827 latency_ms=68.5613
[2026-08-03T13:50:37] SAMPLE t=71s phase=Loss_spike adaptation=without_ML throughput_gbps=8.2381 latency_ms=79.2813
[2026-08-03T13:50:38] SAMPLE t=72s phase=Loss_spike adaptation=without_ML throughput_gbps=7.4097 latency_ms=74.4126
[2026-08-03T13:50:39] SAMPLE t=73s phase=Loss_spike adaptation=without_ML throughput_gbps=5.1204 latency_ms=76.1364
[2026-08-03T13:50:40] SAMPLE t=74s phase=Loss_spike adaptation=without_ML throughput_gbps=3.8705 latency_ms=76.934
[2026-08-03T13:50:41] SAMPLE t=75s phase=Loss_spike adaptation=without_ML throughput_gbps=5.9482 latency_ms=70.4239
[2026-08-03T13:50:42] SAMPLE t=76s phase=Loss_spike adaptation=without_ML throughput_gbps=8.8328 latency_ms=84.9743
[2026-08-03T13:50:43] SAMPLE t=77s phase=Loss_spike adaptation=without_ML throughput_gbps=7.4026 latency_ms=74.829
[2026-08-03T13:50:44] SAMPLE t=78s phase=Loss_spike adaptation=without_ML throughput_gbps=4.8904 latency_ms=75.0407
[2026-08-03T13:50:45] SAMPLE t=79s phase=Loss_spike adaptation=without_ML throughput_gbps=3.9194 latency_ms=78.6669
[2026-08-03T13:50:46] SAMPLE t=80s phase=Recovery adaptation=without_ML throughput_gbps=8.2838 latency_ms=67.8096
[2026-08-03T13:50:47] SAMPLE t=81s phase=Recovery adaptation=without_ML throughput_gbps=8.2556 latency_ms=66.6517
[2026-08-03T13:50:48] SAMPLE t=82s phase=Recovery adaptation=without_ML throughput_gbps=8.1239 latency_ms=65.1805
[2026-08-03T13:50:49] SAMPLE t=83s phase=Recovery adaptation=without_ML throughput_gbps=7.621 latency_ms=65.3423
[2026-08-03T13:50:50] SAMPLE t=84s phase=Recovery adaptation=without_ML throughput_gbps=7.8193 latency_ms=67.761
[2026-08-03T13:50:51] SAMPLE t=85s phase=Recovery adaptation=without_ML throughput_gbps=7.7075 latency_ms=65.376
[2026-08-03T13:50:52] SAMPLE t=86s phase=Recovery adaptation=without_ML throughput_gbps=7.6829 latency_ms=66.9509
[2026-08-03T13:50:53] SAMPLE t=87s phase=Recovery adaptation=without_ML throughput_gbps=7.8298 latency_ms=65.8223
[2026-08-03T13:50:54] SAMPLE t=88s phase=Recovery adaptation=without_ML throughput_gbps=7.9908 latency_ms=66.6697
[2026-08-03T13:50:55] SAMPLE t=89s phase=Recovery adaptation=without_ML throughput_gbps=7.9513 latency_ms=67.5008
[2026-08-03T13:50:56] SAMPLE t=90s phase=Recovery adaptation=without_ML throughput_gbps=8.1683 latency_ms=63.9631
[2026-08-03T13:50:57] SAMPLE t=91s phase=Recovery adaptation=without_ML throughput_gbps=8.0808 latency_ms=64.7449
[2026-08-03T13:50:58] SAMPLE t=92s phase=Recovery adaptation=without_ML throughput_gbps=8.1541 latency_ms=66.983
[2026-08-03T13:50:59] SAMPLE t=93s phase=Recovery adaptation=without_ML throughput_gbps=7.9483 latency_ms=63.7695
[2026-08-03T13:51:00] SAMPLE t=94s phase=Recovery adaptation=without_ML throughput_gbps=8.2049 latency_ms=65.7466
[2026-08-03T13:51:01] SAMPLE t=95s phase=Recovery adaptation=without_ML throughput_gbps=8.1289 latency_ms=66.7188
[2026-08-03T13:51:02] SAMPLE t=96s phase=Recovery adaptation=without_ML throughput_gbps=8.1968 latency_ms=66.3476
[2026-08-03T13:51:03] SAMPLE t=97s phase=Recovery adaptation=without_ML throughput_gbps=7.855 latency_ms=67.5345
[2026-08-03T13:51:04] SAMPLE t=98s phase=Recovery adaptation=without_ML throughput_gbps=8.2221 latency_ms=65.7429
[2026-08-03T13:51:05] SAMPLE t=99s phase=Recovery adaptation=without_ML throughput_gbps=8.0479 latency_ms=67.7459
[2026-08-03T13:49:26] TRACE_END run_id=10 status=OK
[2026-08-03T14:04:55] TRACE_START run_id=11
[2026-08-03T14:04:55] SAMPLE t=0s phase=Stable adaptation=with_ML throughput_gbps=8.1279 latency_ms=67.2058
[2026-08-03T14:04:56] SAMPLE t=1s phase=Stable adaptation=with_ML throughput_gbps=7.9924 latency_ms=65.3786
[2026-08-03T14:04:57] SAMPLE t=2s phase=Stable adaptation=with_ML throughput_gbps=8.4373 latency_ms=65.2285
[2026-08-03T14:04:58] SAMPLE t=3s phase=Stable adaptation=with_ML throughput_gbps=7.9766 latency_ms=66.0562
[2026-08-03T14:04:59] SAMPLE t=4s phase=Stable adaptation=with_ML throughput_gbps=8.0808 latency_ms=66.3474
[2026-08-03T14:05:00] SAMPLE t=5s phase=Stable adaptation=with_ML throughput_gbps=8.1955 latency_ms=66.3575
[2026-08-03T14:05:01] SAMPLE t=6s phase=Stable adaptation=with_ML throughput_gbps=8.0248 latency_ms=65.2611
[2026-08-03T14:05:02] SAMPLE t=7s phase=Stable adaptation=with_ML throughput_gbps=8.251 latency_ms=67.3749
[2026-08-03T14:05:03] SAMPLE t=8s phase=Stable adaptation=with_ML throughput_gbps=7.8157 latency_ms=66.1046
[2026-08-03T14:05:04] SAMPLE t=9s phase=Stable adaptation=with_ML throughput_gbps=7.9425 latency_ms=68.231
[2026-08-03T14:05:05] SAMPLE t=10s phase=Stable adaptation=with_ML throughput_gbps=8.0943 latency_ms=64.0401
[2026-08-03T14:05:06] SAMPLE t=11s phase=Stable adaptation=with_ML throughput_gbps=7.9245 latency_ms=67.0148
[2026-08-03T14:05:07] SAMPLE t=12s phase=Stable adaptation=with_ML throughput_gbps=7.9449 latency_ms=66.5151
[2026-08-03T14:05:08] SAMPLE t=13s phase=Stable adaptation=with_ML throughput_gbps=8.1315 latency_ms=64.0187
[2026-08-03T14:05:09] SAMPLE t=14s phase=Stable adaptation=with_ML throughput_gbps=8.0181 latency_ms=67.5736
[2026-08-03T14:05:10] SAMPLE t=15s phase=Stable adaptation=with_ML throughput_gbps=8.088 latency_ms=67.4254
[2026-08-03T14:05:11] SAMPLE t=16s phase=Stable adaptation=with_ML throughput_gbps=8.0981 latency_ms=67.3819
[2026-08-03T14:05:12] SAMPLE t=17s phase=Stable adaptation=with_ML throughput_gbps=7.8843 latency_ms=67.3075
[2026-08-03T14:05:13] SAMPLE t=18s phase=Stable adaptation=with_ML throughput_gbps=7.7859 latency_ms=66.0643
[2026-08-03T14:05:14] SAMPLE t=19s phase=Stable adaptation=with_ML throughput_gbps=8.194 latency_ms=66.5989
[2026-08-03T14:05:15] SAMPLE t=20s phase=Congestion adaptation=with_ML throughput_gbps=8.1207 latency_ms=65.718
[2026-08-03T14:05:16] SAMPLE t=21s phase=Congestion adaptation=with_ML throughput_gbps=8.2042 latency_ms=65.8422
[2026-08-03T14:05:17] SAMPLE t=22s phase=Congestion adaptation=with_ML throughput_gbps=8.2824 latency_ms=64.5079
[2026-08-03T14:05:18] SAMPLE t=23s phase=Congestion adaptation=with_ML throughput_gbps=8.406 latency_ms=66.8319
[2026-08-03T14:05:19] SAMPLE t=24s phase=Congestion adaptation=with_ML throughput_gbps=8.2927 latency_ms=66.0115
[2026-08-03T14:05:20] SAMPLE t=25s phase=Congestion adaptation=with_ML throughput_gbps=7.9975 latency_ms=69.0929
[2026-08-03T14:05:21] SAMPLE t=26s phase=Congestion adaptation=with_ML throughput_gbps=8.2457 latency_ms=68.521
[2026-08-03T14:05:22] SAMPLE t=27s phase=Congestion adaptation=with_ML throughput_gbps=7.8904 latency_ms=66.7683
[2026-08-03T14:05:23] SAMPLE t=28s phase=Congestion adaptation=with_ML throughput_gbps=8.0349 latency_ms=65.5081
[2026-08-03T14:05:24] SAMPLE t=29s phase=Congestion adaptation=with_ML throughput_gbps=8.1047 latency_ms=66.5303
[2026-08-03T14:05:25] SAMPLE t=30s phase=Congestion adaptation=with_ML throughput_gbps=7.8283 latency_ms=65.7613
[2026-08-03T14:05:26] SAMPLE t=31s phase=Congestion adaptation=with_ML throughput_gbps=7.8294 latency_ms=66.1631
[2026-08-03T14:05:27] SAMPLE t=32s phase=Congestion adaptation=with_ML throughput_gbps=8.5317 latency_ms=65.3439
[2026-08-03T14:05:28] SAMPLE t=33s phase=Congestion adaptation=with_ML throughput_gbps=8.0916 latency_ms=66.0914
[2026-08-03T14:05:29] SAMPLE t=34s phase=Congestion adaptation=with_ML throughput_gbps=7.3572 latency_ms=66.7901
[2026-08-03T14:05:30] SAMPLE t=35s phase=Congestion adaptation=with_ML throughput_gbps=7.9803 latency_ms=67.265
[2026-08-03T14:05:31] SAMPLE t=36s phase=Congestion adaptation=with_ML throughput_gbps=8.1859 latency_ms=65.7345
[2026-08-03T14:05:32] SAMPLE t=37s phase=Congestion adaptation=with_ML throughput_gbps=8.2061 latency_ms=65.6537
[2026-08-03T14:05:33] SAMPLE t=38s phase=Congestion adaptation=with_ML throughput_gbps=7.7312 latency_ms=67.4166
[2026-08-03T14:05:34] SAMPLE t=39s phase=Congestion adaptation=with_ML throughput_gbps=7.8315 latency_ms=67.6991
[2026-08-03T14:05:35] SAMPLE t=40s phase=Path_change adaptation=with_ML throughput_gbps=7.9569 latency_ms=65.9966
[2026-08-03T14:05:36] SAMPLE t=41s phase=Path_change adaptation=with_ML throughput_gbps=7.6289 latency_ms=67.035
[2026-08-03T14:05:37] SAMPLE t=42s phase=Path_change adaptation=with_ML throughput_gbps=7.9089 latency_ms=64.4909
[2026-08-03T14:05:38] SAMPLE t=43s phase=Path_change adaptation=with_ML throughput_gbps=7.7794 latency_ms=68.3463
[2026-08-03T14:05:39] SAMPLE t=44s phase=Path_change adaptation=with_ML throughput_gbps=7.3769 latency_ms=67.6381
[2026-08-03T14:05:40] SAMPLE t=45s phase=Path_change adaptation=with_ML throughput_gbps=7.7441 latency_ms=66.2162
[2026-08-03T14:05:41] SAMPLE t=46s phase=Path_change adaptation=with_ML throughput_gbps=7.6854 latency_ms=66.9815
[2026-08-03T14:05:42] SAMPLE t=47s phase=Path_change adaptation=with_ML throughput_gbps=7.2201 latency_ms=67.3734
[2026-08-03T14:05:43] SAMPLE t=48s phase=Path_change adaptation=with_ML throughput_gbps=7.3252 latency_ms=67.3626
[2026-08-03T14:05:44] SAMPLE t=49s phase=Path_change adaptation=with_ML throughput_gbps=6.9656 latency_ms=69.2934
[2026-08-03T14:05:45] SAMPLE t=50s phase=Path_change adaptation=with_ML throughput_gbps=7.2848 latency_ms=67.3249
[2026-08-03T14:05:46] SAMPLE t=51s phase=Path_change adaptation=with_ML throughput_gbps=7.2019 latency_ms=69.5942
[2026-08-03T14:05:47] SAMPLE t=52s phase=Path_change adaptation=with_ML throughput_gbps=7.2062 latency_ms=67.7291
[2026-08-03T14:05:48] SAMPLE t=53s phase=Path_change adaptation=with_ML throughput_gbps=7.1787 latency_ms=67.4611
[2026-08-03T14:05:49] SAMPLE t=54s phase=Path_change adaptation=with_ML throughput_gbps=7.2588 latency_ms=71.3415
[2026-08-03T14:05:50] SAMPLE t=55s phase=Path_change adaptation=with_ML throughput_gbps=7.5692 latency_ms=68.9354
[2026-08-03T14:05:51] SAMPLE t=56s phase=Path_change adaptation=with_ML throughput_gbps=7.7667 latency_ms=69.0498
[2026-08-03T14:05:52] SAMPLE t=57s phase=Path_change adaptation=with_ML throughput_gbps=7.5543 latency_ms=65.8421
[2026-08-03T14:05:53] SAMPLE t=58s phase=Path_change adaptation=with_ML throughput_gbps=8.0291 latency_ms=67.5702
[2026-08-03T14:05:54] SAMPLE t=59s phase=Path_change adaptation=with_ML throughput_gbps=7.8753 latency_ms=63.7341
[2026-08-03T14:05:55] SAMPLE t=60s phase=Loss_spike adaptation=with_ML throughput_gbps=7.0206 latency_ms=70.1924
[2026-08-03T14:05:56] SAMPLE t=61s phase=Loss_spike adaptation=with_ML throughput_gbps=8.1978 latency_ms=69.3927
[2026-08-03T14:05:57] SAMPLE t=62s phase=Loss_spike adaptation=with_ML throughput_gbps=7.817 latency_ms=70.1037
[2026-08-03T14:05:58] SAMPLE t=63s phase=Loss_spike adaptation=with_ML throughput_gbps=6.4631 latency_ms=69.8846
[2026-08-03T14:05:59] SAMPLE t=64s phase=Loss_spike adaptation=with_ML throughput_gbps=6.2413 latency_ms=68.4672
[2026-08-03T14:06:00] SAMPLE t=65s phase=Loss_spike adaptation=with_ML throughput_gbps=7.053 latency_ms=67.7839
[2026-08-03T14:06:01] SAMPLE t=66s phase=Loss_spike adaptation=with_ML throughput_gbps=8.1368 latency_ms=70.3009
[2026-08-03T14:06:02] SAMPLE t=67s phase=Loss_spike adaptation=with_ML throughput_gbps=8.1777 latency_ms=71.5337
[2026-08-03T14:06:03] SAMPLE t=68s phase=Loss_spike adaptation=with_ML throughput_gbps=6.7559 latency_ms=70.4214
[2026-08-03T14:06:04] SAMPLE t=69s phase=Loss_spike adaptation=with_ML throughput_gbps=6.2276 latency_ms=71.397
[2026-08-03T14:06:05] SAMPLE t=70s phase=Loss_spike adaptation=with_ML throughput_gbps=7.1534 latency_ms=68.7019
[2026-08-03T14:06:06] SAMPLE t=71s phase=Loss_spike adaptation=with_ML throughput_gbps=8.3278 latency_ms=72.5907
[2026-08-03T14:06:07] SAMPLE t=72s phase=Loss_spike adaptation=with_ML throughput_gbps=7.8729 latency_ms=70.2512
[2026-08-03T14:06:08] SAMPLE t=73s phase=Loss_spike adaptation=with_ML throughput_gbps=6.3199 latency_ms=70.1107
[2026-08-03T14:06:09] SAMPLE t=74s phase=Loss_spike adaptation=with_ML throughput_gbps=6.1943 latency_ms=72.3417
[2026-08-03T14:06:10] SAMPLE t=75s phase=Loss_spike adaptation=with_ML throughput_gbps=7.2239 latency_ms=64.9591
[2026-08-03T14:06:11] SAMPLE t=76s phase=Loss_spike adaptation=with_ML throughput_gbps=8.4301 latency_ms=70.252
[2026-08-03T14:06:12] SAMPLE t=77s phase=Loss_spike adaptation=with_ML throughput_gbps=7.816 latency_ms=68.9323
[2026-08-03T14:06:13] SAMPLE t=78s phase=Loss_spike adaptation=with_ML throughput_gbps=6.6536 latency_ms=69.6137
[2026-08-03T14:06:14] SAMPLE t=79s phase=Loss_spike adaptation=with_ML throughput_gbps=6.1744 latency_ms=71.4131
[2026-08-03T14:06:15] SAMPLE t=80s phase=Recovery adaptation=with_ML throughput_gbps=7.8772 latency_ms=66.0179
[2026-08-03T14:06:16] SAMPLE t=81s phase=Recovery adaptation=with_ML throughput_gbps=7.9621 latency_ms=65.3756
[2026-08-03T14:06:17] SAMPLE t=82s phase=Recovery adaptation=with_ML throughput_gbps=8.2779 latency_ms=65.6263
[2026-08-03T14:06:18] SAMPLE t=83s phase=Recovery adaptation=with_ML throughput_gbps=8.1389 latency_ms=66.1488
[2026-08-03T14:06:19] SAMPLE t=84s phase=Recovery adaptation=with_ML throughput_gbps=8.5255 latency_ms=65.4762
[2026-08-03T14:06:20] SAMPLE t=85s phase=Recovery adaptation=with_ML throughput_gbps=8.0807 latency_ms=66.6758
[2026-08-03T14:06:21] SAMPLE t=86s phase=Recovery adaptation=with_ML throughput_gbps=8.1999 latency_ms=65.5112
[2026-08-03T14:06:22] SAMPLE t=87s phase=Recovery adaptation=with_ML throughput_gbps=8.3921 latency_ms=66.4165
[2026-08-03T14:06:23] SAMPLE t=88s phase=Recovery adaptation=with_ML throughput_gbps=8.1387 latency_ms=65.6221
[2026-08-03T14:06:24] SAMPLE t=89s phase=Recovery adaptation=with_ML throughput_gbps=8.6071 latency_ms=65.3932
[2026-08-03T14:06:25] SAMPLE t=90s phase=Recovery adaptation=with_ML throughput_gbps=8.2908 latency_ms=66.4962
[2026-08-03T14:06:26] SAMPLE t=91s phase=Recovery adaptation=with_ML throughput_gbps=8.4571 latency_ms=66.6345
[2026-08-03T14:06:27] SAMPLE t=92s phase=Recovery adaptation=with_ML throughput_gbps=7.9896 latency_ms=66.9985
[2026-08-03T14:06:28] SAMPLE t=93s phase=Recovery adaptation=with_ML throughput_gbps=8.4635 latency_ms=65.4502
[2026-08-03T14:06:29] SAMPLE t=94s phase=Recovery adaptation=with_ML throughput_gbps=8.4144 latency_ms=63.9413
[2026-08-03T14:06:30] SAMPLE t=95s phase=Recovery adaptation=with_ML throughput_gbps=8.3495 latency_ms=65.5969
[2026-08-03T14:06:31] SAMPLE t=96s phase=Recovery adaptation=with_ML throughput_gbps=8.3696 latency_ms=64.5364
[2026-08-03T14:06:32] SAMPLE t=97s phase=Recovery adaptation=with_ML throughput_gbps=8.4749 latency_ms=67.3872
[2026-08-03T14:06:33] SAMPLE t=98s phase=Recovery adaptation=with_ML throughput_gbps=8.6151 latency_ms=64.1158
[2026-08-03T14:06:34] SAMPLE t=99s phase=Recovery adaptation=with_ML throughput_gbps=8.3777 latency_ms=64.5237
[2026-08-03T14:04:55] SAMPLE t=0s phase=Stable adaptation=without_ML throughput_gbps=7.9102 latency_ms=66.5401
[2026-08-03T14:04:56] SAMPLE t=1s phase=Stable adaptation=without_ML throughput_gbps=7.9097 latency_ms=64.6693
[2026-08-03T14:04:57] SAMPLE t=2s phase=Stable adaptation=without_ML throughput_gbps=8.2829 latency_ms=67.3844
[2026-08-03T14:04:58] SAMPLE t=3s phase=Stable adaptation=without_ML throughput_gbps=8.3303 latency_ms=66.7204
[2026-08-03T14:04:59] SAMPLE t=4s phase=Stable adaptation=without_ML throughput_gbps=8.1664 latency_ms=67.9034
[2026-08-03T14:05:00] SAMPLE t=5s phase=Stable adaptation=without_ML throughput_gbps=8.0779 latency_ms=67.5234
[2026-08-03T14:05:01] SAMPLE t=6s phase=Stable adaptation=without_ML throughput_gbps=8.0051 latency_ms=64.1168
[2026-08-03T14:05:02] SAMPLE t=7s phase=Stable adaptation=without_ML throughput_gbps=8.6341 latency_ms=65.9485
[2026-08-03T14:05:03] SAMPLE t=8s phase=Stable adaptation=without_ML throughput_gbps=8.0545 latency_ms=65.2232
[2026-08-03T14:05:04] SAMPLE t=9s phase=Stable adaptation=without_ML throughput_gbps=8.2856 latency_ms=66.7112
[2026-08-03T14:05:05] SAMPLE t=10s phase=Stable adaptation=without_ML throughput_gbps=7.9715 latency_ms=65.6042
[2026-08-03T14:05:06] SAMPLE t=11s phase=Stable adaptation=without_ML throughput_gbps=8.1522 latency_ms=65.8916
[2026-08-03T14:05:07] SAMPLE t=12s phase=Stable adaptation=without_ML throughput_gbps=7.7126 latency_ms=65.6692
[2026-08-03T14:05:08] SAMPLE t=13s phase=Stable adaptation=without_ML throughput_gbps=8.1688 latency_ms=67.2905
[2026-08-03T14:05:09] SAMPLE t=14s phase=Stable adaptation=without_ML throughput_gbps=7.9432 latency_ms=64.6052
[2026-08-03T14:05:10] SAMPLE t=15s phase=Stable adaptation=without_ML throughput_gbps=7.8637 latency_ms=66.5426
[2026-08-03T14:05:11] SAMPLE t=16s phase=Stable adaptation=without_ML throughput_gbps=7.7446 latency_ms=64.8882
[2026-08-03T14:05:12] SAMPLE t=17s phase=Stable adaptation=without_ML throughput_gbps=7.8056 latency_ms=66.7955
[2026-08-03T14:05:13] SAMPLE t=18s phase=Stable adaptation=without_ML throughput_gbps=7.9074 latency_ms=66.7124
[2026-08-03T14:05:14] SAMPLE t=19s phase=Stable adaptation=without_ML throughput_gbps=8.1602 latency_ms=64.9009
[2026-08-03T14:05:15] SAMPLE t=20s phase=Congestion adaptation=without_ML throughput_gbps=8.1834 latency_ms=67.309
[2026-08-03T14:05:16] SAMPLE t=21s phase=Congestion adaptation=without_ML throughput_gbps=7.9442 latency_ms=66.5577
[2026-08-03T14:05:17] SAMPLE t=22s phase=Congestion adaptation=without_ML throughput_gbps=7.7453 latency_ms=65.5578
[2026-08-03T14:05:18] SAMPLE t=23s phase=Congestion adaptation=without_ML throughput_gbps=8.3379 latency_ms=66.0868
[2026-08-03T14:05:19] SAMPLE t=24s phase=Congestion adaptation=without_ML throughput_gbps=7.7228 latency_ms=66.3373
[2026-08-03T14:05:20] SAMPLE t=25s phase=Congestion adaptation=without_ML throughput_gbps=7.758 latency_ms=64.5415
[2026-08-03T14:05:21] SAMPLE t=26s phase=Congestion adaptation=without_ML throughput_gbps=8.1917 latency_ms=64.5609
[2026-08-03T14:05:22] SAMPLE t=27s phase=Congestion adaptation=without_ML throughput_gbps=7.9687 latency_ms=66.7499
[2026-08-03T14:05:23] SAMPLE t=28s phase=Congestion adaptation=without_ML throughput_gbps=7.9561 latency_ms=64.0161
[2026-08-03T14:05:24] SAMPLE t=29s phase=Congestion adaptation=without_ML throughput_gbps=8.2198 latency_ms=64.1286
[2026-08-03T14:05:25] SAMPLE t=30s phase=Congestion adaptation=without_ML throughput_gbps=7.9831 latency_ms=65.9958
[2026-08-03T14:05:26] SAMPLE t=31s phase=Congestion adaptation=without_ML throughput_gbps=8.1962 latency_ms=67.0982
[2026-08-03T14:05:27] SAMPLE t=32s phase=Congestion adaptation=without_ML throughput_gbps=8.0094 latency_ms=65.9896
[2026-08-03T14:05:28] SAMPLE t=33s phase=Congestion adaptation=without_ML throughput_gbps=8.1466 latency_ms=65.4789
[2026-08-03T14:05:29] SAMPLE t=34s phase=Congestion adaptation=without_ML throughput_gbps=7.8076 latency_ms=66.65
[2026-08-03T14:05:30] SAMPLE t=35s phase=Congestion adaptation=without_ML throughput_gbps=8.244 latency_ms=64.6751
[2026-08-03T14:05:31] SAMPLE t=36s phase=Congestion adaptation=without_ML throughput_gbps=8.0297 latency_ms=64.2377
[2026-08-03T14:05:32] SAMPLE t=37s phase=Congestion adaptation=without_ML throughput_gbps=8.1003 latency_ms=66.9953
[2026-08-03T14:05:33] SAMPLE t=38s phase=Congestion adaptation=without_ML throughput_gbps=8.0298 latency_ms=66.6077
[2026-08-03T14:05:34] SAMPLE t=39s phase=Congestion adaptation=without_ML throughput_gbps=8.0608 latency_ms=65.8865
[2026-08-03T14:05:35] SAMPLE t=40s phase=Path_change adaptation=without_ML throughput_gbps=7.7632 latency_ms=63.8091
[2026-08-03T14:05:36] SAMPLE t=41s phase=Path_change adaptation=without_ML throughput_gbps=7.8599 latency_ms=65.9377
[2026-08-03T14:05:37] SAMPLE t=42s phase=Path_change adaptation=without_ML throughput_gbps=7.2812 latency_ms=67.1641
[2026-08-03T14:05:38] SAMPLE t=43s phase=Path_change adaptation=without_ML throughput_gbps=7.0972 latency_ms=69.8708
[2026-08-03T14:05:39] SAMPLE t=44s phase=Path_change adaptation=without_ML throughput_gbps=6.6657 latency_ms=71.7519
[2026-08-03T14:05:40] SAMPLE t=45s phase=Path_change adaptation=without_ML throughput_gbps=6.1452 latency_ms=70.6479
[2026-08-03T14:05:41] SAMPLE t=46s phase=Path_change adaptation=without_ML throughput_gbps=6.2643 latency_ms=68.5815
[2026-08-03T14:05:42] SAMPLE t=47s phase=Path_change adaptation=without_ML throughput_gbps=5.9224 latency_ms=74.663
[2026-08-03T14:05:43] SAMPLE t=48s phase=Path_change adaptation=without_ML throughput_gbps=5.8765 latency_ms=75.4626
[2026-08-03T14:05:44] SAMPLE t=49s phase=Path_change adaptation=without_ML throughput_gbps=5.7722 latency_ms=70.2489
[2026-08-03T14:05:45] SAMPLE t=50s phase=Path_change adaptation=without_ML throughput_gbps=5.9464 latency_ms=72.8098
[2026-08-03T14:05:46] SAMPLE t=51s phase=Path_change adaptation=without_ML throughput_gbps=5.4132 latency_ms=71.1882
[2026-08-03T14:05:47] SAMPLE t=52s phase=Path_change adaptation=without_ML throughput_gbps=5.7902 latency_ms=72.791
[2026-08-03T14:05:48] SAMPLE t=53s phase=Path_change adaptation=without_ML throughput_gbps=6.1403 latency_ms=72.4235
[2026-08-03T14:05:49] SAMPLE t=54s phase=Path_change adaptation=without_ML throughput_gbps=6.1236 latency_ms=70.9686
[2026-08-03T14:05:50] SAMPLE t=55s phase=Path_change adaptation=without_ML throughput_gbps=6.3542 latency_ms=72.0654
[2026-08-03T14:05:51] SAMPLE t=56s phase=Path_change adaptation=without_ML throughput_gbps=6.8875 latency_ms=72.1325
[2026-08-03T14:05:52] SAMPLE t=57s phase=Path_change adaptation=without_ML throughput_gbps=6.8866 latency_ms=67.4958
[2026-08-03T14:05:53] SAMPLE t=58s phase=Path_change adaptation=without_ML throughput_gbps=7.6585 latency_ms=68.1536
[2026-08-03T14:05:54] SAMPLE t=59s phase=Path_change adaptation=without_ML throughput_gbps=7.6398 latency_ms=67.0403
[2026-08-03T14:05:55] SAMPLE t=60s phase=Loss_spike adaptation=without_ML throughput_gbps=6.2409 latency_ms=72.8431
[2026-08-03T14:05:56] SAMPLE t=61s phase=Loss_spike adaptation=without_ML throughput_gbps=8.3575 latency_ms=80.6645
[2026-08-03T14:05:57] SAMPLE t=62s phase=Loss_spike adaptation=without_ML throughput_gbps=7.3029 latency_ms=74.935
[2026-08-03T14:05:58] SAMPLE t=63s phase=Loss_spike adaptation=without_ML throughput_gbps=4.6765 latency_ms=74.3589
[2026-08-03T14:05:59] SAMPLE t=64s phase=Loss_spike adaptation=without_ML throughput_gbps=3.88 latency_ms=81.7392
[2026-08-03T14:06:00] SAMPLE t=65s phase=Loss_spike adaptation=without_ML throughput_gbps=6.1826 latency_ms=71.2596
[2026-08-03T14:06:01] SAMPLE t=66s phase=Loss_spike adaptation=without_ML throughput_gbps=8.2969 latency_ms=81.6515
[2026-08-03T14:06:02] SAMPLE t=67s phase=Loss_spike adaptation=without_ML throughput_gbps=7.5998 latency_ms=76.8774
[2026-08-03T14:06:03] SAMPLE t=68s phase=Loss_spike adaptation=without_ML throughput_gbps=4.7418 latency_ms=77.6809
[2026-08-03T14:06:04] SAMPLE t=69s phase=Loss_spike adaptation=without_ML throughput_gbps=3.8707 latency_ms=78.9793
[2026-08-03T14:06:05] SAMPLE t=70s phase=Loss_spike adaptation=without_ML throughput_gbps=6.3999 latency_ms=70.8096
[2026-08-03T14:06:06] SAMPLE t=71s phase=Loss_spike adaptation=without_ML throughput_gbps=8.0006 latency_ms=77.1447
[2026-08-03T14:06:07] SAMPLE t=72s phase=Loss_spike adaptation=without_ML throughput_gbps=7.5837 latency_ms=76.3642
[2026-08-03T14:06:08] SAMPLE t=73s phase=Loss_spike adaptation=without_ML throughput_gbps=4.9386 latency_ms=75.2806
[2026-08-03T14:06:09] SAMPLE t=74s phase=Loss_spike adaptation=without_ML throughput_gbps=3.8491 latency_ms=79.1639
[2026-08-03T14:06:10] SAMPLE t=75s phase=Loss_spike adaptation=without_ML throughput_gbps=6.1796 latency_ms=72.2067
[2026-08-03T14:06:11] SAMPLE t=76s phase=Loss_spike adaptation=without_ML throughput_gbps=8.6632 latency_ms=76.4227
[2026-08-03T14:06:12] SAMPLE t=77s phase=Loss_spike adaptation=without_ML throughput_gbps=7.2622 latency_ms=76.354
[2026-08-03T14:06:13] SAMPLE t=78s phase=Loss_spike adaptation=without_ML throughput_gbps=5.0442 latency_ms=75.3008
[2026-08-03T14:06:14] SAMPLE t=79s phase=Loss_spike adaptation=without_ML throughput_gbps=3.9701 latency_ms=80.7643
[2026-08-03T14:06:15] SAMPLE t=80s phase=Recovery adaptation=without_ML throughput_gbps=8.0005 latency_ms=64.851
[2026-08-03T14:06:16] SAMPLE t=81s phase=Recovery adaptation=without_ML throughput_gbps=8.0463 latency_ms=68.7345
[2026-08-03T14:06:17] SAMPLE t=82s phase=Recovery adaptation=without_ML throughput_gbps=7.8542 latency_ms=65.9447
[2026-08-03T14:06:18] SAMPLE t=83s phase=Recovery adaptation=without_ML throughput_gbps=7.9875 latency_ms=63.9385
[2026-08-03T14:06:19] SAMPLE t=84s phase=Recovery adaptation=without_ML throughput_gbps=7.9969 latency_ms=65.5157
[2026-08-03T14:06:20] SAMPLE t=85s phase=Recovery adaptation=without_ML throughput_gbps=8.0196 latency_ms=64.9032
[2026-08-03T14:06:21] SAMPLE t=86s phase=Recovery adaptation=without_ML throughput_gbps=8.313 latency_ms=67.4658
[2026-08-03T14:06:22] SAMPLE t=87s phase=Recovery adaptation=without_ML throughput_gbps=8.0295 latency_ms=65.3533
[2026-08-03T14:06:23] SAMPLE t=88s phase=Recovery adaptation=without_ML throughput_gbps=7.8639 latency_ms=65.5664
[2026-08-03T14:06:24] SAMPLE t=89s phase=Recovery adaptation=without_ML throughput_gbps=7.6111 latency_ms=65.3708
[2026-08-03T14:06:25] SAMPLE t=90s phase=Recovery adaptation=without_ML throughput_gbps=7.7385 latency_ms=66.1539
[2026-08-03T14:06:26] SAMPLE t=91s phase=Recovery adaptation=without_ML throughput_gbps=8.0859 latency_ms=67.1643
[2026-08-03T14:06:27] SAMPLE t=92s phase=Recovery adaptation=without_ML throughput_gbps=8.195 latency_ms=68.6369
[2026-08-03T14:06:28] SAMPLE t=93s phase=Recovery adaptation=without_ML throughput_gbps=7.9992 latency_ms=66.1128
[2026-08-03T14:06:29] SAMPLE t=94s phase=Recovery adaptation=without_ML throughput_gbps=7.9497 latency_ms=63.8424
[2026-08-03T14:06:30] SAMPLE t=95s phase=Recovery adaptation=without_ML throughput_gbps=7.7994 latency_ms=65.1089
[2026-08-03T14:06:31] SAMPLE t=96s phase=Recovery adaptation=without_ML throughput_gbps=8.0404 latency_ms=67.8441
[2026-08-03T14:06:32] SAMPLE t=97s phase=Recovery adaptation=without_ML throughput_gbps=7.9971 latency_ms=63.7779
[2026-08-03T14:06:33] SAMPLE t=98s phase=Recovery adaptation=without_ML throughput_gbps=7.6637 latency_ms=63.2548
[2026-08-03T14:06:34] SAMPLE t=99s phase=Recovery adaptation=without_ML throughput_gbps=7.9127 latency_ms=68.8872
[2026-08-03T14:04:55] TRACE_END run_id=11 status=OK
