[2026-08-16T08:51:58] TRACE_START run_id=116
[2026-08-16T08:51:58] SAMPLE t=0s phase=Stable adaptation=with_ML throughput_gbps=8.226 latency_ms=66.5195
[2026-08-16T08:51:59] SAMPLE t=1s phase=Stable adaptation=with_ML throughput_gbps=8.0255 latency_ms=68.3248
[2026-08-16T08:52:00] SAMPLE t=2s phase=Stable adaptation=with_ML throughput_gbps=7.9709 latency_ms=68.1458
[2026-08-16T08:52:01] SAMPLE t=3s phase=Stable adaptation=with_ML throughput_gbps=8.1352 latency_ms=66.6805
[2026-08-16T08:52:02] SAMPLE t=4s phase=Stable adaptation=with_ML throughput_gbps=8.073 latency_ms=65.9772
[2026-08-16T08:52:03] SAMPLE t=5s phase=Stable adaptation=with_ML throughput_gbps=8.0702 latency_ms=66.484
[2026-08-16T08:52:04] SAMPLE t=6s phase=Stable adaptation=with_ML throughput_gbps=8.0889 latency_ms=65.9128
[2026-08-16T08:52:05] SAMPLE t=7s phase=Stable adaptation=with_ML throughput_gbps=8.1432 latency_ms=67.1036
[2026-08-16T08:52:06] SAMPLE t=8s phase=Stable adaptation=with_ML throughput_gbps=8.4786 latency_ms=66.9746
[2026-08-16T08:52:07] SAMPLE t=9s phase=Stable adaptation=with_ML throughput_gbps=8.0697 latency_ms=68.2585
[2026-08-16T08:52:08] SAMPLE t=10s phase=Stable adaptation=with_ML throughput_gbps=7.9967 latency_ms=65.1669
[2026-08-16T08:52:09] SAMPLE t=11s phase=Stable adaptation=with_ML throughput_gbps=8.1353 latency_ms=66.1585
[2026-08-16T08:52:10] SAMPLE t=12s phase=Stable adaptation=with_ML throughput_gbps=8.3987 latency_ms=65.3939
[2026-08-16T08:52:11] SAMPLE t=13s phase=Stable adaptation=with_ML throughput_gbps=8.0524 latency_ms=65.7783
[2026-08-16T08:52:12] SAMPLE t=14s phase=Stable adaptation=with_ML throughput_gbps=8.1971 latency_ms=67.6901
[2026-08-16T08:52:13] SAMPLE t=15s phase=Stable adaptation=with_ML throughput_gbps=7.736 latency_ms=67.9419
[2026-08-16T08:52:14] SAMPLE t=16s phase=Stable adaptation=with_ML throughput_gbps=7.7671 latency_ms=67.1539
[2026-08-16T08:52:15] SAMPLE t=17s phase=Stable adaptation=with_ML throughput_gbps=7.9885 latency_ms=65.0275
[2026-08-16T08:52:16] SAMPLE t=18s phase=Stable adaptation=with_ML throughput_gbps=8.5428 latency_ms=66.5559
[2026-08-16T08:52:17] SAMPLE t=19s phase=Stable adaptation=with_ML throughput_gbps=8.1416 latency_ms=67.4013
[2026-08-16T08:52:18] SAMPLE t=20s phase=Congestion adaptation=with_ML throughput_gbps=7.7982 latency_ms=68.7425
[2026-08-16T08:52:19] SAMPLE t=21s phase=Congestion adaptation=with_ML throughput_gbps=8.2701 latency_ms=68.0954
[2026-08-16T08:52:20] SAMPLE t=22s phase=Congestion adaptation=with_ML throughput_gbps=8.1585 latency_ms=65.0604
[2026-08-16T08:52:21] SAMPLE t=23s phase=Congestion adaptation=with_ML throughput_gbps=8.1392 latency_ms=66.4403
[2026-08-16T08:52:22] SAMPLE t=24s phase=Congestion adaptation=with_ML throughput_gbps=8.1435 latency_ms=65.35
[2026-08-16T08:52:23] SAMPLE t=25s phase=Congestion adaptation=with_ML throughput_gbps=8.1804 latency_ms=66.459
[2026-08-16T08:52:24] SAMPLE t=26s phase=Congestion adaptation=with_ML throughput_gbps=8.3994 latency_ms=68.8689
[2026-08-16T08:52:25] SAMPLE t=27s phase=Congestion adaptation=with_ML throughput_gbps=8.0669 latency_ms=65.8489
[2026-08-16T08:52:26] SAMPLE t=28s phase=Congestion adaptation=with_ML throughput_gbps=8.0481 latency_ms=66.6337
[2026-08-16T08:52:27] SAMPLE t=29s phase=Congestion adaptation=with_ML throughput_gbps=8.3008 latency_ms=68.7222
[2026-08-16T08:52:28] SAMPLE t=30s phase=Congestion adaptation=with_ML throughput_gbps=8.0112 latency_ms=66.2275
[2026-08-16T08:52:29] SAMPLE t=31s phase=Congestion adaptation=with_ML throughput_gbps=7.7174 latency_ms=64.2499
[2026-08-16T08:52:30] SAMPLE t=32s phase=Congestion adaptation=with_ML throughput_gbps=7.9887 latency_ms=67.1069
[2026-08-16T08:52:31] SAMPLE t=33s phase=Congestion adaptation=with_ML throughput_gbps=8.1672 latency_ms=67.0795
[2026-08-16T08:52:32] SAMPLE t=34s phase=Congestion adaptation=with_ML throughput_gbps=7.8093 latency_ms=66.8058
[2026-08-16T08:52:33] SAMPLE t=35s phase=Congestion adaptation=with_ML throughput_gbps=8.4916 latency_ms=65.7314
[2026-08-16T08:52:34] SAMPLE t=36s phase=Congestion adaptation=with_ML throughput_gbps=8.2346 latency_ms=68.284
[2026-08-16T08:52:35] SAMPLE t=37s phase=Congestion adaptation=with_ML throughput_gbps=8.0741 latency_ms=66.0349
[2026-08-16T08:52:36] SAMPLE t=38s phase=Congestion adaptation=with_ML throughput_gbps=7.9535 latency_ms=65.9104
[2026-08-16T08:52:37] SAMPLE t=39s phase=Congestion adaptation=with_ML throughput_gbps=8.0455 latency_ms=68.1192
[2026-08-16T08:52:38] SAMPLE t=40s phase=Path_change adaptation=with_ML throughput_gbps=8.0778 latency_ms=65.6918
[2026-08-16T08:52:39] SAMPLE t=41s phase=Path_change adaptation=with_ML throughput_gbps=7.7192 latency_ms=68.0358
[2026-08-16T08:52:40] SAMPLE t=42s phase=Path_change adaptation=with_ML throughput_gbps=7.724 latency_ms=66.3934
[2026-08-16T08:52:41] SAMPLE t=43s phase=Path_change adaptation=with_ML throughput_gbps=7.6767 latency_ms=68.1213
[2026-08-16T08:52:42] SAMPLE t=44s phase=Path_change adaptation=with_ML throughput_gbps=7.4913 latency_ms=67.4866
[2026-08-16T08:52:43] SAMPLE t=45s phase=Path_change adaptation=with_ML throughput_gbps=7.6021 latency_ms=69.7231
[2026-08-16T08:52:44] SAMPLE t=46s phase=Path_change adaptation=with_ML throughput_gbps=7.214 latency_ms=66.7732
[2026-08-16T08:52:45] SAMPLE t=47s phase=Path_change adaptation=with_ML throughput_gbps=7.0777 latency_ms=68.5969
[2026-08-16T08:52:46] SAMPLE t=48s phase=Path_change adaptation=with_ML throughput_gbps=6.9519 latency_ms=68.8192
[2026-08-16T08:52:47] SAMPLE t=49s phase=Path_change adaptation=with_ML throughput_gbps=6.9533 latency_ms=65.4954
[2026-08-16T08:52:48] SAMPLE t=50s phase=Path_change adaptation=with_ML throughput_gbps=7.0607 latency_ms=68.6458
[2026-08-16T08:52:49] SAMPLE t=51s phase=Path_change adaptation=with_ML throughput_gbps=7.2941 latency_ms=67.7628
[2026-08-16T08:52:50] SAMPLE t=52s phase=Path_change adaptation=with_ML throughput_gbps=7.2343 latency_ms=67.6185
[2026-08-16T08:52:51] SAMPLE t=53s phase=Path_change adaptation=with_ML throughput_gbps=7.6451 latency_ms=67.9393
[2026-08-16T08:52:52] SAMPLE t=54s phase=Path_change adaptation=with_ML throughput_gbps=7.5841 latency_ms=69.0391
[2026-08-16T08:52:53] SAMPLE t=55s phase=Path_change adaptation=with_ML throughput_gbps=7.7571 latency_ms=66.2459
[2026-08-16T08:52:54] SAMPLE t=56s phase=Path_change adaptation=with_ML throughput_gbps=8.01 latency_ms=66.8333
[2026-08-16T08:52:55] SAMPLE t=57s phase=Path_change adaptation=with_ML throughput_gbps=7.8126 latency_ms=67.6867
[2026-08-16T08:52:56] SAMPLE t=58s phase=Path_change adaptation=with_ML throughput_gbps=7.7916 latency_ms=64.4976
[2026-08-16T08:52:57] SAMPLE t=59s phase=Path_change adaptation=with_ML throughput_gbps=7.7307 latency_ms=67.8937
[2026-08-16T08:52:58] SAMPLE t=60s phase=Loss_spike adaptation=with_ML throughput_gbps=7.2393 latency_ms=66.5895
[2026-08-16T08:52:59] SAMPLE t=61s phase=Loss_spike adaptation=with_ML throughput_gbps=8.2994 latency_ms=70.4363
[2026-08-16T08:53:00] SAMPLE t=62s phase=Loss_spike adaptation=with_ML throughput_gbps=7.9088 latency_ms=68.0259
[2026-08-16T08:53:01] SAMPLE t=63s phase=Loss_spike adaptation=with_ML throughput_gbps=6.474 latency_ms=69.2446
[2026-08-16T08:53:02] SAMPLE t=64s phase=Loss_spike adaptation=with_ML throughput_gbps=6.3167 latency_ms=69.8125
[2026-08-16T08:53:03] SAMPLE t=65s phase=Loss_spike adaptation=with_ML throughput_gbps=7.117 latency_ms=70.8896
[2026-08-16T08:53:04] SAMPLE t=66s phase=Loss_spike adaptation=with_ML throughput_gbps=8.5552 latency_ms=68.0565
[2026-08-16T08:53:05] SAMPLE t=67s phase=Loss_spike adaptation=with_ML throughput_gbps=7.6712 latency_ms=70.437
[2026-08-16T08:53:06] SAMPLE t=68s phase=Loss_spike adaptation=with_ML throughput_gbps=6.4387 latency_ms=69.6517
[2026-08-16T08:53:07] SAMPLE t=69s phase=Loss_spike adaptation=with_ML throughput_gbps=6.2095 latency_ms=70.3291
[2026-08-16T08:53:08] SAMPLE t=70s phase=Loss_spike adaptation=with_ML throughput_gbps=7.088 latency_ms=69.787
[2026-08-16T08:53:09] SAMPLE t=71s phase=Loss_spike adaptation=with_ML throughput_gbps=7.9771 latency_ms=71.7152
[2026-08-16T08:53:10] SAMPLE t=72s phase=Loss_spike adaptation=with_ML throughput_gbps=7.646 latency_ms=70.4903
[2026-08-16T08:53:11] SAMPLE t=73s phase=Loss_spike adaptation=with_ML throughput_gbps=6.5082 latency_ms=72.7179
[2026-08-16T08:53:12] SAMPLE t=74s phase=Loss_spike adaptation=with_ML throughput_gbps=6.0649 latency_ms=71.8594
[2026-08-16T08:53:13] SAMPLE t=75s phase=Loss_spike adaptation=with_ML throughput_gbps=7.1318 latency_ms=68.2601
[2026-08-16T08:53:14] SAMPLE t=76s phase=Loss_spike adaptation=with_ML throughput_gbps=7.9916 latency_ms=69.5672
[2026-08-16T08:53:15] SAMPLE t=77s phase=Loss_spike adaptation=with_ML throughput_gbps=8.2368 latency_ms=69.3876
[2026-08-16T08:53:16] SAMPLE t=78s phase=Loss_spike adaptation=with_ML throughput_gbps=6.5721 latency_ms=69.8042
[2026-08-16T08:53:17] SAMPLE t=79s phase=Loss_spike adaptation=with_ML throughput_gbps=6.0938 latency_ms=69.5146
[2026-08-16T08:53:18] SAMPLE t=80s phase=Recovery adaptation=with_ML throughput_gbps=7.8983 latency_ms=69.5834
[2026-08-16T08:53:19] SAMPLE t=81s phase=Recovery adaptation=with_ML throughput_gbps=8.4806 latency_ms=65.5249
[2026-08-16T08:53:20] SAMPLE t=82s phase=Recovery adaptation=with_ML throughput_gbps=8.0906 latency_ms=63.8712
[2026-08-16T08:53:21] SAMPLE t=83s phase=Recovery adaptation=with_ML throughput_gbps=8.3207 latency_ms=66.377
[2026-08-16T08:53:22] SAMPLE t=84s phase=Recovery adaptation=with_ML throughput_gbps=8.2327 latency_ms=66.0497
[2026-08-16T08:53:23] SAMPLE t=85s phase=Recovery adaptation=with_ML throughput_gbps=7.966 latency_ms=66.6072
[2026-08-16T08:53:24] SAMPLE t=86s phase=Recovery adaptation=with_ML throughput_gbps=8.2901 latency_ms=66.4215
[2026-08-16T08:53:25] SAMPLE t=87s phase=Recovery adaptation=with_ML throughput_gbps=8.1191 latency_ms=66.341
[2026-08-16T08:53:26] SAMPLE t=88s phase=Recovery adaptation=with_ML throughput_gbps=8.5253 latency_ms=66.0029
[2026-08-16T08:53:27] SAMPLE t=89s phase=Recovery adaptation=with_ML throughput_gbps=8.1926 latency_ms=66.506
[2026-08-16T08:53:28] SAMPLE t=90s phase=Recovery adaptation=with_ML throughput_gbps=8.3008 latency_ms=64.7557
[2026-08-16T08:53:29] SAMPLE t=91s phase=Recovery adaptation=with_ML throughput_gbps=8.2485 latency_ms=63.7482
[2026-08-16T08:53:30] SAMPLE t=92s phase=Recovery adaptation=with_ML throughput_gbps=8.3701 latency_ms=64.582
[2026-08-16T08:53:31] SAMPLE t=93s phase=Recovery adaptation=with_ML throughput_gbps=8.4458 latency_ms=65.4636
[2026-08-16T08:53:32] SAMPLE t=94s phase=Recovery adaptation=with_ML throughput_gbps=8.5694 latency_ms=64.9592
[2026-08-16T08:53:33] SAMPLE t=95s phase=Recovery adaptation=with_ML throughput_gbps=8.5954 latency_ms=65.1054
[2026-08-16T08:53:34] SAMPLE t=96s phase=Recovery adaptation=with_ML throughput_gbps=8.2528 latency_ms=65.9271
[2026-08-16T08:53:35] SAMPLE t=97s phase=Recovery adaptation=with_ML throughput_gbps=8.4301 latency_ms=64.3209
[2026-08-16T08:53:36] SAMPLE t=98s phase=Recovery adaptation=with_ML throughput_gbps=8.5052 latency_ms=65.0135
[2026-08-16T08:53:37] SAMPLE t=99s phase=Recovery adaptation=with_ML throughput_gbps=8.7088 latency_ms=63.4378
[2026-08-16T08:51:58] SAMPLE t=0s phase=Stable adaptation=without_ML throughput_gbps=8.0236 latency_ms=65.641
[2026-08-16T08:51:59] SAMPLE t=1s phase=Stable adaptation=without_ML throughput_gbps=7.7917 latency_ms=66.672
[2026-08-16T08:52:00] SAMPLE t=2s phase=Stable adaptation=without_ML throughput_gbps=7.9734 latency_ms=66.1338
[2026-08-16T08:52:01] SAMPLE t=3s phase=Stable adaptation=without_ML throughput_gbps=8.0543 latency_ms=63.7966
[2026-08-16T08:52:02] SAMPLE t=4s phase=Stable adaptation=without_ML throughput_gbps=8.0099 latency_ms=67.0346
[2026-08-16T08:52:03] SAMPLE t=5s phase=Stable adaptation=without_ML throughput_gbps=8.2468 latency_ms=66.3989
[2026-08-16T08:52:04] SAMPLE t=6s phase=Stable adaptation=without_ML throughput_gbps=8.1148 latency_ms=66.1698
[2026-08-16T08:52:05] SAMPLE t=7s phase=Stable adaptation=without_ML throughput_gbps=7.8878 latency_ms=64.5079
[2026-08-16T08:52:06] SAMPLE t=8s phase=Stable adaptation=without_ML throughput_gbps=7.9267 latency_ms=65.9467
[2026-08-16T08:52:07] SAMPLE t=9s phase=Stable adaptation=without_ML throughput_gbps=7.9787 latency_ms=68.2792
[2026-08-16T08:52:08] SAMPLE t=10s phase=Stable adaptation=without_ML throughput_gbps=7.9718 latency_ms=67.1069
[2026-08-16T08:52:09] SAMPLE t=11s phase=Stable adaptation=without_ML throughput_gbps=8.068 latency_ms=66.7649
[2026-08-16T08:52:10] SAMPLE t=12s phase=Stable adaptation=without_ML throughput_gbps=8.0545 latency_ms=64.069
[2026-08-16T08:52:11] SAMPLE t=13s phase=Stable adaptation=without_ML throughput_gbps=8.0401 latency_ms=65.4844
[2026-08-16T08:52:12] SAMPLE t=14s phase=Stable adaptation=without_ML throughput_gbps=8.0936 latency_ms=62.871
[2026-08-16T08:52:13] SAMPLE t=15s phase=Stable adaptation=without_ML throughput_gbps=8.1276 latency_ms=66.2402
[2026-08-16T08:52:14] SAMPLE t=16s phase=Stable adaptation=without_ML throughput_gbps=7.9254 latency_ms=65.8267
[2026-08-16T08:52:15] SAMPLE t=17s phase=Stable adaptation=without_ML throughput_gbps=7.8553 latency_ms=65.6942
[2026-08-16T08:52:16] SAMPLE t=18s phase=Stable adaptation=without_ML throughput_gbps=7.5849 latency_ms=64.8739
[2026-08-16T08:52:17] SAMPLE t=19s phase=Stable adaptation=without_ML throughput_gbps=7.9058 latency_ms=66.6341
[2026-08-16T08:52:18] SAMPLE t=20s phase=Congestion adaptation=without_ML throughput_gbps=8.2343 latency_ms=64.1135
[2026-08-16T08:52:19] SAMPLE t=21s phase=Congestion adaptation=without_ML throughput_gbps=8.1005 latency_ms=65.8663
[2026-08-16T08:52:20] SAMPLE t=22s phase=Congestion adaptation=without_ML throughput_gbps=7.8114 latency_ms=66.9177
[2026-08-16T08:52:21] SAMPLE t=23s phase=Congestion adaptation=without_ML throughput_gbps=7.9015 latency_ms=64.8291
[2026-08-16T08:52:22] SAMPLE t=24s phase=Congestion adaptation=without_ML throughput_gbps=8.3608 latency_ms=66.4274
[2026-08-16T08:52:23] SAMPLE t=25s phase=Congestion adaptation=without_ML throughput_gbps=7.7699 latency_ms=65.3876
[2026-08-16T08:52:24] SAMPLE t=26s phase=Congestion adaptation=without_ML throughput_gbps=8.1869 latency_ms=65.9175
[2026-08-16T08:52:25] SAMPLE t=27s phase=Congestion adaptation=without_ML throughput_gbps=7.9938 latency_ms=64.0114
[2026-08-16T08:52:26] SAMPLE t=28s phase=Congestion adaptation=without_ML throughput_gbps=8.1602 latency_ms=66.5625
[2026-08-16T08:52:27] SAMPLE t=29s phase=Congestion adaptation=without_ML throughput_gbps=7.552 latency_ms=65.7943
[2026-08-16T08:52:28] SAMPLE t=30s phase=Congestion adaptation=without_ML throughput_gbps=8.0518 latency_ms=65.8681
[2026-08-16T08:52:29] SAMPLE t=31s phase=Congestion adaptation=without_ML throughput_gbps=8.0289 latency_ms=64.9571
[2026-08-16T08:52:30] SAMPLE t=32s phase=Congestion adaptation=without_ML throughput_gbps=7.8636 latency_ms=64.1353
[2026-08-16T08:52:31] SAMPLE t=33s phase=Congestion adaptation=without_ML throughput_gbps=8.1226 latency_ms=64.784
[2026-08-16T08:52:32] SAMPLE t=34s phase=Congestion adaptation=without_ML throughput_gbps=8.2824 latency_ms=64.7173
[2026-08-16T08:52:33] SAMPLE t=35s phase=Congestion adaptation=without_ML throughput_gbps=8.0567 latency_ms=68.0444
[2026-08-16T08:52:34] SAMPLE t=36s phase=Congestion adaptation=without_ML throughput_gbps=8.1894 latency_ms=65.6794
[2026-08-16T08:52:35] SAMPLE t=37s phase=Congestion adaptation=without_ML throughput_gbps=8.0806 latency_ms=64.9782
[2026-08-16T08:52:36] SAMPLE t=38s phase=Congestion adaptation=without_ML throughput_gbps=7.8854 latency_ms=64.4573
[2026-08-16T08:52:37] SAMPLE t=39s phase=Congestion adaptation=without_ML throughput_gbps=8.0062 latency_ms=68.0378
[2026-08-16T08:52:38] SAMPLE t=40s phase=Path_change adaptation=without_ML throughput_gbps=7.6751 latency_ms=63.6303
[2026-08-16T08:52:39] SAMPLE t=41s phase=Path_change adaptation=without_ML throughput_gbps=7.8198 latency_ms=68.0357
[2026-08-16T08:52:40] SAMPLE t=42s phase=Path_change adaptation=without_ML throughput_gbps=7.5943 latency_ms=68.1893
[2026-08-16T08:52:41] SAMPLE t=43s phase=Path_change adaptation=without_ML throughput_gbps=7.0018 latency_ms=68.3413
[2026-08-16T08:52:42] SAMPLE t=44s phase=Path_change adaptation=without_ML throughput_gbps=6.3589 latency_ms=71.6574
[2026-08-16T08:52:43] SAMPLE t=45s phase=Path_change adaptation=without_ML throughput_gbps=6.2541 latency_ms=71.1095
[2026-08-16T08:52:44] SAMPLE t=46s phase=Path_change adaptation=without_ML throughput_gbps=6.3224 latency_ms=74.4962
[2026-08-16T08:52:45] SAMPLE t=47s phase=Path_change adaptation=without_ML throughput_gbps=6.0943 latency_ms=72.4513
[2026-08-16T08:52:46] SAMPLE t=48s phase=Path_change adaptation=without_ML throughput_gbps=5.7806 latency_ms=71.7339
[2026-08-16T08:52:47] SAMPLE t=49s phase=Path_change adaptation=without_ML throughput_gbps=5.9308 latency_ms=71.2266
[2026-08-16T08:52:48] SAMPLE t=50s phase=Path_change adaptation=without_ML throughput_gbps=5.5965 latency_ms=72.6522
[2026-08-16T08:52:49] SAMPLE t=51s phase=Path_change adaptation=without_ML throughput_gbps=5.3142 latency_ms=72.21
[2026-08-16T08:52:50] SAMPLE t=52s phase=Path_change adaptation=without_ML throughput_gbps=5.5297 latency_ms=72.3423
[2026-08-16T08:52:51] SAMPLE t=53s phase=Path_change adaptation=without_ML throughput_gbps=5.8397 latency_ms=74.2298
[2026-08-16T08:52:52] SAMPLE t=54s phase=Path_change adaptation=without_ML throughput_gbps=6.4866 latency_ms=71.8884
[2026-08-16T08:52:53] SAMPLE t=55s phase=Path_change adaptation=without_ML throughput_gbps=6.3547 latency_ms=72.347
[2026-08-16T08:52:54] SAMPLE t=56s phase=Path_change adaptation=without_ML throughput_gbps=6.7764 latency_ms=68.3174
[2026-08-16T08:52:55] SAMPLE t=57s phase=Path_change adaptation=without_ML throughput_gbps=7.2683 latency_ms=69.3703
[2026-08-16T08:52:56] SAMPLE t=58s phase=Path_change adaptation=without_ML throughput_gbps=7.3041 latency_ms=66.1097
[2026-08-16T08:52:57] SAMPLE t=59s phase=Path_change adaptation=without_ML throughput_gbps=7.804 latency_ms=66.4836
[2026-08-16T08:52:58] SAMPLE t=60s phase=Loss_spike adaptation=without_ML throughput_gbps=6.3132 latency_ms=71.6034
[2026-08-16T08:52:59] SAMPLE t=61s phase=Loss_spike adaptation=without_ML throughput_gbps=8.6635 latency_ms=79.297
[2026-08-16T08:53:00] SAMPLE t=62s phase=Loss_spike adaptation=without_ML throughput_gbps=7.2588 latency_ms=74.854
[2026-08-16T08:53:01] SAMPLE t=63s phase=Loss_spike adaptation=without_ML throughput_gbps=5.0021 latency_ms=72.9158
[2026-08-16T08:53:02] SAMPLE t=64s phase=Loss_spike adaptation=without_ML throughput_gbps=3.9391 latency_ms=75.8829
[2026-08-16T08:53:03] SAMPLE t=65s phase=Loss_spike adaptation=without_ML throughput_gbps=6.1996 latency_ms=66.9558
[2026-08-16T08:53:04] SAMPLE t=66s phase=Loss_spike adaptation=without_ML throughput_gbps=8.6788 latency_ms=79.4443
[2026-08-16T08:53:05] SAMPLE t=67s phase=Loss_spike adaptation=without_ML throughput_gbps=7.5105 latency_ms=72.943
[2026-08-16T08:53:06] SAMPLE t=68s phase=Loss_spike adaptation=without_ML throughput_gbps=4.9678 latency_ms=76.6999
[2026-08-16T08:53:07] SAMPLE t=69s phase=Loss_spike adaptation=without_ML throughput_gbps=3.9793 latency_ms=79.3343
[2026-08-16T08:53:08] SAMPLE t=70s phase=Loss_spike adaptation=without_ML throughput_gbps=6.2656 latency_ms=70.8181
[2026-08-16T08:53:09] SAMPLE t=71s phase=Loss_spike adaptation=without_ML throughput_gbps=8.5777 latency_ms=79.3309
[2026-08-16T08:53:10] SAMPLE t=72s phase=Loss_spike adaptation=without_ML throughput_gbps=7.4025 latency_ms=77.4265
[2026-08-16T08:53:11] SAMPLE t=73s phase=Loss_spike adaptation=without_ML throughput_gbps=4.6652 latency_ms=77.5733
[2026-08-16T08:53:12] SAMPLE t=74s phase=Loss_spike adaptation=without_ML throughput_gbps=4.2015 latency_ms=79.2553
[2026-08-16T08:53:13] SAMPLE t=75s phase=Loss_spike adaptation=without_ML throughput_gbps=6.3825 latency_ms=68.505
[2026-08-16T08:53:14] SAMPLE t=76s phase=Loss_spike adaptation=without_ML throughput_gbps=8.2085 latency_ms=81.8107
[2026-08-16T08:53:15] SAMPLE t=77s phase=Loss_spike adaptation=without_ML throughput_gbps=7.9084 latency_ms=76.6723
[2026-08-16T08:53:16] SAMPLE t=78s phase=Loss_spike adaptation=without_ML throughput_gbps=5.0478 latency_ms=75.6114
[2026-08-16T08:53:17] SAMPLE t=79s phase=Loss_spike adaptation=without_ML throughput_gbps=4.0026 latency_ms=81.4584
[2026-08-16T08:53:18] SAMPLE t=80s phase=Recovery adaptation=without_ML throughput_gbps=8.0095 latency_ms=67.3765
[2026-08-16T08:53:19] SAMPLE t=81s phase=Recovery adaptation=without_ML throughput_gbps=8.1601 latency_ms=63.9847
[2026-08-16T08:53:20] SAMPLE t=82s phase=Recovery adaptation=without_ML throughput_gbps=8.308 latency_ms=66.0264
[2026-08-16T08:53:21] SAMPLE t=83s phase=Recovery adaptation=without_ML throughput_gbps=8.2445 latency_ms=65.715
[2026-08-16T08:53:22] SAMPLE t=84s phase=Recovery adaptation=without_ML throughput_gbps=8.223 latency_ms=65.2519
[2026-08-16T08:53:23] SAMPLE t=85s phase=Recovery adaptation=without_ML throughput_gbps=7.71 latency_ms=66.1791
[2026-08-16T08:53:24] SAMPLE t=86s phase=Recovery adaptation=without_ML throughput_gbps=8.2238 latency_ms=66.4114
[2026-08-16T08:53:25] SAMPLE t=87s phase=Recovery adaptation=without_ML throughput_gbps=7.9183 latency_ms=65.1309
[2026-08-16T08:53:26] SAMPLE t=88s phase=Recovery adaptation=without_ML throughput_gbps=8.1683 latency_ms=66.1006
[2026-08-16T08:53:27] SAMPLE t=89s phase=Recovery adaptation=without_ML throughput_gbps=8.0359 latency_ms=66.2364
[2026-08-16T08:53:28] SAMPLE t=90s phase=Recovery adaptation=without_ML throughput_gbps=8.1819 latency_ms=62.3832
[2026-08-16T08:53:29] SAMPLE t=91s phase=Recovery adaptation=without_ML throughput_gbps=8.0829 latency_ms=66.149
[2026-08-16T08:53:30] SAMPLE t=92s phase=Recovery adaptation=without_ML throughput_gbps=8.1349 latency_ms=65.7178
[2026-08-16T08:53:31] SAMPLE t=93s phase=Recovery adaptation=without_ML throughput_gbps=7.9813 latency_ms=64.0994
[2026-08-16T08:53:32] SAMPLE t=94s phase=Recovery adaptation=without_ML throughput_gbps=8.324 latency_ms=67.2202
[2026-08-16T08:53:33] SAMPLE t=95s phase=Recovery adaptation=without_ML throughput_gbps=8.1214 latency_ms=65.4366
[2026-08-16T08:53:34] SAMPLE t=96s phase=Recovery adaptation=without_ML throughput_gbps=8.2105 latency_ms=68.2027
[2026-08-16T08:53:35] SAMPLE t=97s phase=Recovery adaptation=without_ML throughput_gbps=8.3521 latency_ms=65.9371
[2026-08-16T08:53:36] SAMPLE t=98s phase=Recovery adaptation=without_ML throughput_gbps=7.4803 latency_ms=67.2214
[2026-08-16T08:53:37] SAMPLE t=99s phase=Recovery adaptation=without_ML throughput_gbps=7.9085 latency_ms=65.2098
[2026-08-16T08:51:58] TRACE_END run_id=116 status=OK
[2026-08-16T08:57:42] TRACE_START run_id=117
[2026-08-16T08:57:42] SAMPLE t=0s phase=Stable adaptation=with_ML throughput_gbps=8.226 latency_ms=65.8523
[2026-08-16T08:57:43] SAMPLE t=1s phase=Stable adaptation=with_ML throughput_gbps=8.3235 latency_ms=65.5945
[2026-08-16T08:57:44] SAMPLE t=2s phase=Stable adaptation=with_ML throughput_gbps=8.2118 latency_ms=69.3882
[2026-08-16T08:57:45] SAMPLE t=3s phase=Stable adaptation=with_ML throughput_gbps=7.9289 latency_ms=67.0153
[2026-08-16T08:57:46] SAMPLE t=4s phase=Stable adaptation=with_ML throughput_gbps=8.3407 latency_ms=68.1444
[2026-08-16T08:57:47] SAMPLE t=5s phase=Stable adaptation=with_ML throughput_gbps=8.4587 latency_ms=66.5948
[2026-08-16T08:57:48] SAMPLE t=6s phase=Stable adaptation=with_ML throughput_gbps=7.6491 latency_ms=65.4723
[2026-08-16T08:57:49] SAMPLE t=7s phase=Stable adaptation=with_ML throughput_gbps=8.4364 latency_ms=66.089
[2026-08-16T08:57:50] SAMPLE t=8s phase=Stable adaptation=with_ML throughput_gbps=7.9528 latency_ms=65.236
[2026-08-16T08:57:51] SAMPLE t=9s phase=Stable adaptation=with_ML throughput_gbps=8.3674 latency_ms=65.6864
[2026-08-16T08:57:52] SAMPLE t=10s phase=Stable adaptation=with_ML throughput_gbps=7.8322 latency_ms=66.6743
[2026-08-16T08:57:53] SAMPLE t=11s phase=Stable adaptation=with_ML throughput_gbps=7.8899 latency_ms=65.2591
[2026-08-16T08:57:54] SAMPLE t=12s phase=Stable adaptation=with_ML throughput_gbps=8.0277 latency_ms=66.6897
[2026-08-16T08:57:55] SAMPLE t=13s phase=Stable adaptation=with_ML throughput_gbps=8.106 latency_ms=66.0623
[2026-08-16T08:57:56] SAMPLE t=14s phase=Stable adaptation=with_ML throughput_gbps=7.6134 latency_ms=64.4088
[2026-08-16T08:57:57] SAMPLE t=15s phase=Stable adaptation=with_ML throughput_gbps=8.1108 latency_ms=66.2859
[2026-08-16T08:57:58] SAMPLE t=16s phase=Stable adaptation=with_ML throughput_gbps=8.1187 latency_ms=66.3473
[2026-08-16T08:57:59] SAMPLE t=17s phase=Stable adaptation=with_ML throughput_gbps=8.2752 latency_ms=66.8026
[2026-08-16T08:58:00] SAMPLE t=18s phase=Stable adaptation=with_ML throughput_gbps=8.3162 latency_ms=66.5988
[2026-08-16T08:58:01] SAMPLE t=19s phase=Stable adaptation=with_ML throughput_gbps=7.8585 latency_ms=65.2886
[2026-08-16T08:58:02] SAMPLE t=20s phase=Congestion adaptation=with_ML throughput_gbps=8.0118 latency_ms=66.6648
[2026-08-16T08:58:03] SAMPLE t=21s phase=Congestion adaptation=with_ML throughput_gbps=8.0591 latency_ms=67.1198
[2026-08-16T08:58:04] SAMPLE t=22s phase=Congestion adaptation=with_ML throughput_gbps=8.0493 latency_ms=66.3867
[2026-08-16T08:58:05] SAMPLE t=23s phase=Congestion adaptation=with_ML throughput_gbps=8.1201 latency_ms=67.4047
[2026-08-16T08:58:06] SAMPLE t=24s phase=Congestion adaptation=with_ML throughput_gbps=8.1993 latency_ms=66.2352
[2026-08-16T08:58:07] SAMPLE t=25s phase=Congestion adaptation=with_ML throughput_gbps=7.9626 latency_ms=68.1345
[2026-08-16T08:58:08] SAMPLE t=26s phase=Congestion adaptation=with_ML throughput_gbps=8.4302 latency_ms=66.1321
[2026-08-16T08:58:09] SAMPLE t=27s phase=Congestion adaptation=with_ML throughput_gbps=8.3143 latency_ms=65.9989
[2026-08-16T08:58:10] SAMPLE t=28s phase=Congestion adaptation=with_ML throughput_gbps=8.1478 latency_ms=65.2338
[2026-08-16T08:58:11] SAMPLE t=29s phase=Congestion adaptation=with_ML throughput_gbps=8.3464 latency_ms=66.8867
[2026-08-16T08:58:12] SAMPLE t=30s phase=Congestion adaptation=with_ML throughput_gbps=8.1175 latency_ms=66.9797
[2026-08-16T08:58:13] SAMPLE t=31s phase=Congestion adaptation=with_ML throughput_gbps=7.952 latency_ms=68.1852
[2026-08-16T08:58:14] SAMPLE t=32s phase=Congestion adaptation=with_ML throughput_gbps=8.3436 latency_ms=65.5976
[2026-08-16T08:58:15] SAMPLE t=33s phase=Congestion adaptation=with_ML throughput_gbps=8.2787 latency_ms=64.9391
[2026-08-16T08:58:16] SAMPLE t=34s phase=Congestion adaptation=with_ML throughput_gbps=8.0909 latency_ms=65.432
[2026-08-16T08:58:17] SAMPLE t=35s phase=Congestion adaptation=with_ML throughput_gbps=7.9941 latency_ms=66.1698
[2026-08-16T08:58:18] SAMPLE t=36s phase=Congestion adaptation=with_ML throughput_gbps=8.1712 latency_ms=67.9512
[2026-08-16T08:58:19] SAMPLE t=37s phase=Congestion adaptation=with_ML throughput_gbps=8.1611 latency_ms=66.1229
[2026-08-16T08:58:20] SAMPLE t=38s phase=Congestion adaptation=with_ML throughput_gbps=8.0505 latency_ms=64.6285
[2026-08-16T08:58:21] SAMPLE t=39s phase=Congestion adaptation=with_ML throughput_gbps=8.3716 latency_ms=65.6415
[2026-08-16T08:58:22] SAMPLE t=40s phase=Path_change adaptation=with_ML throughput_gbps=8.2374 latency_ms=66.5399
[2026-08-16T08:58:23] SAMPLE t=41s phase=Path_change adaptation=with_ML throughput_gbps=8.025 latency_ms=67.0433
[2026-08-16T08:58:24] SAMPLE t=42s phase=Path_change adaptation=with_ML throughput_gbps=7.8048 latency_ms=67.356
[2026-08-16T08:58:25] SAMPLE t=43s phase=Path_change adaptation=with_ML throughput_gbps=7.8004 latency_ms=67.8337
[2026-08-16T08:58:26] SAMPLE t=44s phase=Path_change adaptation=with_ML throughput_gbps=7.5105 latency_ms=68.05
[2026-08-16T08:58:27] SAMPLE t=45s phase=Path_change adaptation=with_ML throughput_gbps=7.25 latency_ms=66.1543
[2026-08-16T08:58:28] SAMPLE t=46s phase=Path_change adaptation=with_ML throughput_gbps=7.3366 latency_ms=67.1827
[2026-08-16T08:58:29] SAMPLE t=47s phase=Path_change adaptation=with_ML throughput_gbps=7.2753 latency_ms=68.4893
[2026-08-16T08:58:30] SAMPLE t=48s phase=Path_change adaptation=with_ML throughput_gbps=7.3301 latency_ms=68.3876
[2026-08-16T08:58:31] SAMPLE t=49s phase=Path_change adaptation=with_ML throughput_gbps=7.3599 latency_ms=69.2716
[2026-08-16T08:58:32] SAMPLE t=50s phase=Path_change adaptation=with_ML throughput_gbps=7.2849 latency_ms=67.9717
[2026-08-16T08:58:33] SAMPLE t=51s phase=Path_change adaptation=with_ML throughput_gbps=7.0849 latency_ms=68.8999
[2026-08-16T08:58:34] SAMPLE t=52s phase=Path_change adaptation=with_ML throughput_gbps=7.414 latency_ms=67.7786
[2026-08-16T08:58:35] SAMPLE t=53s phase=Path_change adaptation=with_ML throughput_gbps=7.4118 latency_ms=66.8825
[2026-08-16T08:58:36] SAMPLE t=54s phase=Path_change adaptation=with_ML throughput_gbps=7.3555 latency_ms=69.2823
[2026-08-16T08:58:37] SAMPLE t=55s phase=Path_change adaptation=with_ML throughput_gbps=7.5121 latency_ms=68.0899
[2026-08-16T08:58:38] SAMPLE t=56s phase=Path_change adaptation=with_ML throughput_gbps=7.7107 latency_ms=64.7748
[2026-08-16T08:58:39] SAMPLE t=57s phase=Path_change adaptation=with_ML throughput_gbps=7.5546 latency_ms=68.3389
[2026-08-16T08:58:40] SAMPLE t=58s phase=Path_change adaptation=with_ML throughput_gbps=7.8614 latency_ms=66.4852
[2026-08-16T08:58:41] SAMPLE t=59s phase=Path_change adaptation=with_ML throughput_gbps=7.8699 latency_ms=67.349
[2026-08-16T08:58:42] SAMPLE t=60s phase=Loss_spike adaptation=with_ML throughput_gbps=7.3139 latency_ms=69.6047
[2026-08-16T08:58:43] SAMPLE t=61s phase=Loss_spike adaptation=with_ML throughput_gbps=8.3531 latency_ms=71.3863
[2026-08-16T08:58:44] SAMPLE t=62s phase=Loss_spike adaptation=with_ML throughput_gbps=8.3136 latency_ms=68.7946
[2026-08-16T08:58:45] SAMPLE t=63s phase=Loss_spike adaptation=with_ML throughput_gbps=6.6462 latency_ms=71.729
[2026-08-16T08:58:46] SAMPLE t=64s phase=Loss_spike adaptation=with_ML throughput_gbps=6.1149 latency_ms=69.3426
[2026-08-16T08:58:47] SAMPLE t=65s phase=Loss_spike adaptation=with_ML throughput_gbps=7.2432 latency_ms=70.2829
[2026-08-16T08:58:48] SAMPLE t=66s phase=Loss_spike adaptation=with_ML throughput_gbps=8.5189 latency_ms=71.3221
[2026-08-16T08:58:49] SAMPLE t=67s phase=Loss_spike adaptation=with_ML throughput_gbps=7.7103 latency_ms=69.3194
[2026-08-16T08:58:50] SAMPLE t=68s phase=Loss_spike adaptation=with_ML throughput_gbps=6.8615 latency_ms=71.3597
[2026-08-16T08:58:51] SAMPLE t=69s phase=Loss_spike adaptation=with_ML throughput_gbps=6.0486 latency_ms=71.3285
[2026-08-16T08:58:52] SAMPLE t=70s phase=Loss_spike adaptation=with_ML throughput_gbps=7.3998 latency_ms=69.6527
[2026-08-16T08:58:53] SAMPLE t=71s phase=Loss_spike adaptation=with_ML throughput_gbps=8.2695 latency_ms=69.8721
[2026-08-16T08:58:54] SAMPLE t=72s phase=Loss_spike adaptation=with_ML throughput_gbps=7.936 latency_ms=71.8761
[2026-08-16T08:58:55] SAMPLE t=73s phase=Loss_spike adaptation=with_ML throughput_gbps=6.8279 latency_ms=68.9449
[2026-08-16T08:58:56] SAMPLE t=74s phase=Loss_spike adaptation=with_ML throughput_gbps=6.1475 latency_ms=73.3234
[2026-08-16T08:58:57] SAMPLE t=75s phase=Loss_spike adaptation=with_ML throughput_gbps=7.5695 latency_ms=67.449
[2026-08-16T08:58:58] SAMPLE t=76s phase=Loss_spike adaptation=with_ML throughput_gbps=8.2239 latency_ms=70.5009
[2026-08-16T08:58:59] SAMPLE t=77s phase=Loss_spike adaptation=with_ML throughput_gbps=7.6961 latency_ms=68.0221
[2026-08-16T08:59:00] SAMPLE t=78s phase=Loss_spike adaptation=with_ML throughput_gbps=6.6385 latency_ms=69.8441
[2026-08-16T08:59:01] SAMPLE t=79s phase=Loss_spike adaptation=with_ML throughput_gbps=6.3142 latency_ms=70.421
[2026-08-16T08:59:02] SAMPLE t=80s phase=Recovery adaptation=with_ML throughput_gbps=7.981 latency_ms=67.2388
[2026-08-16T08:59:03] SAMPLE t=81s phase=Recovery adaptation=with_ML throughput_gbps=8.1404 latency_ms=66.7635
[2026-08-16T08:59:04] SAMPLE t=82s phase=Recovery adaptation=with_ML throughput_gbps=7.9885 latency_ms=66.0073
[2026-08-16T08:59:05] SAMPLE t=83s phase=Recovery adaptation=with_ML throughput_gbps=8.2594 latency_ms=63.7647
[2026-08-16T08:59:06] SAMPLE t=84s phase=Recovery adaptation=with_ML throughput_gbps=8.5115 latency_ms=68.0722
[2026-08-16T08:59:07] SAMPLE t=85s phase=Recovery adaptation=with_ML throughput_gbps=8.3005 latency_ms=65.6662
[2026-08-16T08:59:08] SAMPLE t=86s phase=Recovery adaptation=with_ML throughput_gbps=8.686 latency_ms=67.2241
[2026-08-16T08:59:09] SAMPLE t=87s phase=Recovery adaptation=with_ML throughput_gbps=8.7455 latency_ms=66.4153
[2026-08-16T08:59:10] SAMPLE t=88s phase=Recovery adaptation=with_ML throughput_gbps=8.0938 latency_ms=64.9848
[2026-08-16T08:59:11] SAMPLE t=89s phase=Recovery adaptation=with_ML throughput_gbps=8.1413 latency_ms=66.9239
[2026-08-16T08:59:12] SAMPLE t=90s phase=Recovery adaptation=with_ML throughput_gbps=8.2393 latency_ms=66.4731
[2026-08-16T08:59:13] SAMPLE t=91s phase=Recovery adaptation=with_ML throughput_gbps=8.0442 latency_ms=63.5043
[2026-08-16T08:59:14] SAMPLE t=92s phase=Recovery adaptation=with_ML throughput_gbps=8.2793 latency_ms=65.3332
[2026-08-16T08:59:15] SAMPLE t=93s phase=Recovery adaptation=with_ML throughput_gbps=7.9482 latency_ms=63.8341
[2026-08-16T08:59:16] SAMPLE t=94s phase=Recovery adaptation=with_ML throughput_gbps=8.4063 latency_ms=65.2209
[2026-08-16T08:59:17] SAMPLE t=95s phase=Recovery adaptation=with_ML throughput_gbps=8.2586 latency_ms=64.0127
[2026-08-16T08:59:18] SAMPLE t=96s phase=Recovery adaptation=with_ML throughput_gbps=8.1846 latency_ms=65.1343
[2026-08-16T08:59:19] SAMPLE t=97s phase=Recovery adaptation=with_ML throughput_gbps=8.0853 latency_ms=65.3775
[2026-08-16T08:59:20] SAMPLE t=98s phase=Recovery adaptation=with_ML throughput_gbps=8.263 latency_ms=65.4632
[2026-08-16T08:59:21] SAMPLE t=99s phase=Recovery adaptation=with_ML throughput_gbps=8.7163 latency_ms=64.3411
[2026-08-16T08:57:42] SAMPLE t=0s phase=Stable adaptation=without_ML throughput_gbps=7.7203 latency_ms=65.7037
[2026-08-16T08:57:43] SAMPLE t=1s phase=Stable adaptation=without_ML throughput_gbps=7.9668 latency_ms=68.2193
[2026-08-16T08:57:44] SAMPLE t=2s phase=Stable adaptation=without_ML throughput_gbps=7.8783 latency_ms=67.8321
[2026-08-16T08:57:45] SAMPLE t=3s phase=Stable adaptation=without_ML throughput_gbps=8.0701 latency_ms=65.5856
[2026-08-16T08:57:46] SAMPLE t=4s phase=Stable adaptation=without_ML throughput_gbps=7.744 latency_ms=66.6446
[2026-08-16T08:57:47] SAMPLE t=5s phase=Stable adaptation=without_ML throughput_gbps=7.7686 latency_ms=67.9233
[2026-08-16T08:57:48] SAMPLE t=6s phase=Stable adaptation=without_ML throughput_gbps=7.9409 latency_ms=65.3116
[2026-08-16T08:57:49] SAMPLE t=7s phase=Stable adaptation=without_ML throughput_gbps=8.2505 latency_ms=65.7288
[2026-08-16T08:57:50] SAMPLE t=8s phase=Stable adaptation=without_ML throughput_gbps=8.3294 latency_ms=64.1276
[2026-08-16T08:57:51] SAMPLE t=9s phase=Stable adaptation=without_ML throughput_gbps=7.6093 latency_ms=65.888
[2026-08-16T08:57:52] SAMPLE t=10s phase=Stable adaptation=without_ML throughput_gbps=7.9954 latency_ms=67.1383
[2026-08-16T08:57:53] SAMPLE t=11s phase=Stable adaptation=without_ML throughput_gbps=8.3096 latency_ms=64.7911
[2026-08-16T08:57:54] SAMPLE t=12s phase=Stable adaptation=without_ML throughput_gbps=7.8512 latency_ms=67.0161
[2026-08-16T08:57:55] SAMPLE t=13s phase=Stable adaptation=without_ML throughput_gbps=8.3283 latency_ms=66.4282
[2026-08-16T08:57:56] SAMPLE t=14s phase=Stable adaptation=without_ML throughput_gbps=8.272 latency_ms=65.7224
[2026-08-16T08:57:57] SAMPLE t=15s phase=Stable adaptation=without_ML throughput_gbps=8.3418 latency_ms=64.16
[2026-08-16T08:57:58] SAMPLE t=16s phase=Stable adaptation=without_ML throughput_gbps=7.6491 latency_ms=66.2558
[2026-08-16T08:57:59] SAMPLE t=17s phase=Stable adaptation=without_ML throughput_gbps=8.1531 latency_ms=64.6121
[2026-08-16T08:58:00] SAMPLE t=18s phase=Stable adaptation=without_ML throughput_gbps=8.226 latency_ms=65.1331
[2026-08-16T08:58:01] SAMPLE t=19s phase=Stable adaptation=without_ML throughput_gbps=8.14 latency_ms=67.3192
[2026-08-16T08:58:02] SAMPLE t=20s phase=Congestion adaptation=without_ML throughput_gbps=7.8707 latency_ms=68.9238
[2026-08-16T08:58:03] SAMPLE t=21s phase=Congestion adaptation=without_ML throughput_gbps=7.9777 latency_ms=64.7076
[2026-08-16T08:58:04] SAMPLE t=22s phase=Congestion adaptation=without_ML throughput_gbps=7.7388 latency_ms=62.8355
[2026-08-16T08:58:05] SAMPLE t=23s phase=Congestion adaptation=without_ML throughput_gbps=7.7507 latency_ms=65.8122
[2026-08-16T08:58:06] SAMPLE t=24s phase=Congestion adaptation=without_ML throughput_gbps=7.8572 latency_ms=65.6146
[2026-08-16T08:58:07] SAMPLE t=25s phase=Congestion adaptation=without_ML throughput_gbps=7.7272 latency_ms=66.8557
[2026-08-16T08:58:08] SAMPLE t=26s phase=Congestion adaptation=without_ML throughput_gbps=8.5229 latency_ms=65.4744
[2026-08-16T08:58:09] SAMPLE t=27s phase=Congestion adaptation=without_ML throughput_gbps=7.8118 latency_ms=65.7061
[2026-08-16T08:58:10] SAMPLE t=28s phase=Congestion adaptation=without_ML throughput_gbps=7.7008 latency_ms=65.8447
[2026-08-16T08:58:11] SAMPLE t=29s phase=Congestion adaptation=without_ML throughput_gbps=8.0688 latency_ms=67.8182
[2026-08-16T08:58:12] SAMPLE t=30s phase=Congestion adaptation=without_ML throughput_gbps=8.1445 latency_ms=66.7928
[2026-08-16T08:58:13] SAMPLE t=31s phase=Congestion adaptation=without_ML throughput_gbps=8.4749 latency_ms=65.121
[2026-08-16T08:58:14] SAMPLE t=32s phase=Congestion adaptation=without_ML throughput_gbps=7.6358 latency_ms=66.2005
[2026-08-16T08:58:15] SAMPLE t=33s phase=Congestion adaptation=without_ML throughput_gbps=8.0044 latency_ms=67.0774
[2026-08-16T08:58:16] SAMPLE t=34s phase=Congestion adaptation=without_ML throughput_gbps=7.6309 latency_ms=65.5513
[2026-08-16T08:58:17] SAMPLE t=35s phase=Congestion adaptation=without_ML throughput_gbps=7.4059 latency_ms=64.3148
[2026-08-16T08:58:18] SAMPLE t=36s phase=Congestion adaptation=without_ML throughput_gbps=7.8702 latency_ms=66.6449
[2026-08-16T08:58:19] SAMPLE t=37s phase=Congestion adaptation=without_ML throughput_gbps=7.7154 latency_ms=66.2594
[2026-08-16T08:58:20] SAMPLE t=38s phase=Congestion adaptation=without_ML throughput_gbps=7.4985 latency_ms=65.6401
[2026-08-16T08:58:21] SAMPLE t=39s phase=Congestion adaptation=without_ML throughput_gbps=8.0975 latency_ms=66.1177
[2026-08-16T08:58:22] SAMPLE t=40s phase=Path_change adaptation=without_ML throughput_gbps=8.4114 latency_ms=66.4661
[2026-08-16T08:58:23] SAMPLE t=41s phase=Path_change adaptation=without_ML throughput_gbps=7.7671 latency_ms=66.5899
[2026-08-16T08:58:24] SAMPLE t=42s phase=Path_change adaptation=without_ML throughput_gbps=7.1599 latency_ms=68.6433
[2026-08-16T08:58:25] SAMPLE t=43s phase=Path_change adaptation=without_ML throughput_gbps=7.1184 latency_ms=69.2295
[2026-08-16T08:58:26] SAMPLE t=44s phase=Path_change adaptation=without_ML throughput_gbps=6.7627 latency_ms=69.2601
[2026-08-16T08:58:27] SAMPLE t=45s phase=Path_change adaptation=without_ML throughput_gbps=6.3484 latency_ms=71.6643
[2026-08-16T08:58:28] SAMPLE t=46s phase=Path_change adaptation=without_ML throughput_gbps=6.6405 latency_ms=71.3019
[2026-08-16T08:58:29] SAMPLE t=47s phase=Path_change adaptation=without_ML throughput_gbps=5.7433 latency_ms=72.6395
[2026-08-16T08:58:30] SAMPLE t=48s phase=Path_change adaptation=without_ML throughput_gbps=6.0072 latency_ms=72.6125
[2026-08-16T08:58:31] SAMPLE t=49s phase=Path_change adaptation=without_ML throughput_gbps=5.6448 latency_ms=74.9215
[2026-08-16T08:58:32] SAMPLE t=50s phase=Path_change adaptation=without_ML throughput_gbps=5.8844 latency_ms=72.8262
[2026-08-16T08:58:33] SAMPLE t=51s phase=Path_change adaptation=without_ML throughput_gbps=5.8355 latency_ms=71.3766
[2026-08-16T08:58:34] SAMPLE t=52s phase=Path_change adaptation=without_ML throughput_gbps=5.7823 latency_ms=73.0788
[2026-08-16T08:58:35] SAMPLE t=53s phase=Path_change adaptation=without_ML throughput_gbps=6.2115 latency_ms=73.2116
[2026-08-16T08:58:36] SAMPLE t=54s phase=Path_change adaptation=without_ML throughput_gbps=6.3575 latency_ms=72.5332
[2026-08-16T08:58:37] SAMPLE t=55s phase=Path_change adaptation=without_ML throughput_gbps=6.5897 latency_ms=71.5606
[2026-08-16T08:58:38] SAMPLE t=56s phase=Path_change adaptation=without_ML throughput_gbps=6.8046 latency_ms=67.8731
[2026-08-16T08:58:39] SAMPLE t=57s phase=Path_change adaptation=without_ML throughput_gbps=6.5253 latency_ms=69.0479
[2026-08-16T08:58:40] SAMPLE t=58s phase=Path_change adaptation=without_ML throughput_gbps=7.0847 latency_ms=67.6425
[2026-08-16T08:58:41] SAMPLE t=59s phase=Path_change adaptation=without_ML throughput_gbps=7.9644 latency_ms=65.1989
[2026-08-16T08:58:42] SAMPLE t=60s phase=Loss_spike adaptation=without_ML throughput_gbps=6.0041 latency_ms=70.9948
[2026-08-16T08:58:43] SAMPLE t=61s phase=Loss_spike adaptation=without_ML throughput_gbps=8.8315 latency_ms=78.9965
[2026-08-16T08:58:44] SAMPLE t=62s phase=Loss_spike adaptation=without_ML throughput_gbps=7.8899 latency_ms=76.7887
[2026-08-16T08:58:45] SAMPLE t=63s phase=Loss_spike adaptation=without_ML throughput_gbps=4.7871 latency_ms=77.6261
[2026-08-16T08:58:46] SAMPLE t=64s phase=Loss_spike adaptation=without_ML throughput_gbps=4.0106 latency_ms=81.2564
[2026-08-16T08:58:47] SAMPLE t=65s phase=Loss_spike adaptation=without_ML throughput_gbps=6.0349 latency_ms=71.1917
[2026-08-16T08:58:48] SAMPLE t=66s phase=Loss_spike adaptation=without_ML throughput_gbps=8.5444 latency_ms=82.0721
[2026-08-16T08:58:49] SAMPLE t=67s phase=Loss_spike adaptation=without_ML throughput_gbps=7.7056 latency_ms=72.9569
[2026-08-16T08:58:50] SAMPLE t=68s phase=Loss_spike adaptation=without_ML throughput_gbps=4.8161 latency_ms=76.4426
[2026-08-16T08:58:51] SAMPLE t=69s phase=Loss_spike adaptation=without_ML throughput_gbps=3.9472 latency_ms=80.4097
[2026-08-16T08:58:52] SAMPLE t=70s phase=Loss_spike adaptation=without_ML throughput_gbps=6.681 latency_ms=70.5281
[2026-08-16T08:58:53] SAMPLE t=71s phase=Loss_spike adaptation=without_ML throughput_gbps=8.1069 latency_ms=80.9731
[2026-08-16T08:58:54] SAMPLE t=72s phase=Loss_spike adaptation=without_ML throughput_gbps=7.6223 latency_ms=76.5481
[2026-08-16T08:58:55] SAMPLE t=73s phase=Loss_spike adaptation=without_ML throughput_gbps=4.7294 latency_ms=78.1873
[2026-08-16T08:58:56] SAMPLE t=74s phase=Loss_spike adaptation=without_ML throughput_gbps=4.1241 latency_ms=80.6939
[2026-08-16T08:58:57] SAMPLE t=75s phase=Loss_spike adaptation=without_ML throughput_gbps=6.3254 latency_ms=69.9194
[2026-08-16T08:58:58] SAMPLE t=76s phase=Loss_spike adaptation=without_ML throughput_gbps=8.169 latency_ms=79.3839
[2026-08-16T08:58:59] SAMPLE t=77s phase=Loss_spike adaptation=without_ML throughput_gbps=7.7222 latency_ms=77.261
[2026-08-16T08:59:00] SAMPLE t=78s phase=Loss_spike adaptation=without_ML throughput_gbps=4.6347 latency_ms=76.3379
[2026-08-16T08:59:01] SAMPLE t=79s phase=Loss_spike adaptation=without_ML throughput_gbps=4.1806 latency_ms=79.11
[2026-08-16T08:59:02] SAMPLE t=80s phase=Recovery adaptation=without_ML throughput_gbps=8.0495 latency_ms=66.6071
[2026-08-16T08:59:03] SAMPLE t=81s phase=Recovery adaptation=without_ML throughput_gbps=8.3371 latency_ms=67.1844
[2026-08-16T08:59:04] SAMPLE t=82s phase=Recovery adaptation=without_ML throughput_gbps=8.1254 latency_ms=66.2865
[2026-08-16T08:59:05] SAMPLE t=83s phase=Recovery adaptation=without_ML throughput_gbps=7.8256 latency_ms=67.5096
[2026-08-16T08:59:06] SAMPLE t=84s phase=Recovery adaptation=without_ML throughput_gbps=8.1708 latency_ms=65.1683
[2026-08-16T08:59:07] SAMPLE t=85s phase=Recovery adaptation=without_ML throughput_gbps=7.9555 latency_ms=64.8029
[2026-08-16T08:59:08] SAMPLE t=86s phase=Recovery adaptation=without_ML throughput_gbps=8.1207 latency_ms=66.9288
[2026-08-16T08:59:09] SAMPLE t=87s phase=Recovery adaptation=without_ML throughput_gbps=8.0861 latency_ms=64.6045
[2026-08-16T08:59:10] SAMPLE t=88s phase=Recovery adaptation=without_ML throughput_gbps=8.3222 latency_ms=65.7073
[2026-08-16T08:59:11] SAMPLE t=89s phase=Recovery adaptation=without_ML throughput_gbps=8.0003 latency_ms=66.2025
[2026-08-16T08:59:12] SAMPLE t=90s phase=Recovery adaptation=without_ML throughput_gbps=8.1947 latency_ms=65.6341
[2026-08-16T08:59:13] SAMPLE t=91s phase=Recovery adaptation=without_ML throughput_gbps=8.0211 latency_ms=65.3492
[2026-08-16T08:59:14] SAMPLE t=92s phase=Recovery adaptation=without_ML throughput_gbps=8.3082 latency_ms=67.3089
[2026-08-16T08:59:15] SAMPLE t=93s phase=Recovery adaptation=without_ML throughput_gbps=8.4058 latency_ms=66.7432
[2026-08-16T08:59:16] SAMPLE t=94s phase=Recovery adaptation=without_ML throughput_gbps=8.0026 latency_ms=65.4227
[2026-08-16T08:59:17] SAMPLE t=95s phase=Recovery adaptation=without_ML throughput_gbps=8.1554 latency_ms=64.1599
[2026-08-16T08:59:18] SAMPLE t=96s phase=Recovery adaptation=without_ML throughput_gbps=8.2615 latency_ms=64.6636
[2026-08-16T08:59:19] SAMPLE t=97s phase=Recovery adaptation=without_ML throughput_gbps=7.8392 latency_ms=68.0226
[2026-08-16T08:59:20] SAMPLE t=98s phase=Recovery adaptation=without_ML throughput_gbps=8.2106 latency_ms=63.0119
[2026-08-16T08:59:21] SAMPLE t=99s phase=Recovery adaptation=without_ML throughput_gbps=8.1599 latency_ms=66.5286
[2026-08-16T08:57:42] TRACE_END run_id=117 status=OK
[2026-08-16T09:26:21] TRACE_START run_id=118
[2026-08-16T09:26:21] SAMPLE t=0s phase=Stable adaptation=with_ML throughput_gbps=8.1133 latency_ms=67.6959
[2026-08-16T09:26:22] SAMPLE t=1s phase=Stable adaptation=with_ML throughput_gbps=8.1468 latency_ms=65.4922
[2026-08-16T09:26:23] SAMPLE t=2s phase=Stable adaptation=with_ML throughput_gbps=8.4175 latency_ms=66.7086
[2026-08-16T09:26:24] SAMPLE t=3s phase=Stable adaptation=with_ML throughput_gbps=7.9339 latency_ms=65.025
[2026-08-16T09:26:25] SAMPLE t=4s phase=Stable adaptation=with_ML throughput_gbps=8.2685 latency_ms=66.7935
[2026-08-16T09:26:26] SAMPLE t=5s phase=Stable adaptation=with_ML throughput_gbps=7.9714 latency_ms=66.4363
[2026-08-16T09:26:27] SAMPLE t=6s phase=Stable adaptation=with_ML throughput_gbps=8.2941 latency_ms=65.8148
[2026-08-16T09:26:28] SAMPLE t=7s phase=Stable adaptation=with_ML throughput_gbps=8.1246 latency_ms=66.4634
[2026-08-16T09:26:29] SAMPLE t=8s phase=Stable adaptation=with_ML throughput_gbps=8.246 latency_ms=68.0277
[2026-08-16T09:26:30] SAMPLE t=9s phase=Stable adaptation=with_ML throughput_gbps=8.2758 latency_ms=67.4872
[2026-08-16T09:26:31] SAMPLE t=10s phase=Stable adaptation=with_ML throughput_gbps=7.7898 latency_ms=65.4607
[2026-08-16T09:26:32] SAMPLE t=11s phase=Stable adaptation=with_ML throughput_gbps=8.3934 latency_ms=66.0106
[2026-08-16T09:26:33] SAMPLE t=12s phase=Stable adaptation=with_ML throughput_gbps=8.1458 latency_ms=66.9499
[2026-08-16T09:26:34] SAMPLE t=13s phase=Stable adaptation=with_ML throughput_gbps=7.979 latency_ms=66.511
[2026-08-16T09:26:35] SAMPLE t=14s phase=Stable adaptation=with_ML throughput_gbps=8.1905 latency_ms=68.2185
[2026-08-16T09:26:36] SAMPLE t=15s phase=Stable adaptation=with_ML throughput_gbps=7.8632 latency_ms=67.0725
[2026-08-16T09:26:37] SAMPLE t=16s phase=Stable adaptation=with_ML throughput_gbps=8.028 latency_ms=66.6019
[2026-08-16T09:26:38] SAMPLE t=17s phase=Stable adaptation=with_ML throughput_gbps=7.8812 latency_ms=66.2783
[2026-08-16T09:26:39] SAMPLE t=18s phase=Stable adaptation=with_ML throughput_gbps=8.392 latency_ms=66.334
[2026-08-16T09:26:40] SAMPLE t=19s phase=Stable adaptation=with_ML throughput_gbps=7.99 latency_ms=66.524
[2026-08-16T09:26:41] SAMPLE t=20s phase=Congestion adaptation=with_ML throughput_gbps=8.4609 latency_ms=66.0743
[2026-08-16T09:26:42] SAMPLE t=21s phase=Congestion adaptation=with_ML throughput_gbps=8.3142 latency_ms=66.8364
[2026-08-16T09:26:43] SAMPLE t=22s phase=Congestion adaptation=with_ML throughput_gbps=7.8286 latency_ms=65.3105
[2026-08-16T09:26:44] SAMPLE t=23s phase=Congestion adaptation=with_ML throughput_gbps=8.2688 latency_ms=64.7286
[2026-08-16T09:26:45] SAMPLE t=24s phase=Congestion adaptation=with_ML throughput_gbps=7.8993 latency_ms=66.5097
[2026-08-16T09:26:46] SAMPLE t=25s phase=Congestion adaptation=with_ML throughput_gbps=8.1491 latency_ms=65.2701
[2026-08-16T09:26:47] SAMPLE t=26s phase=Congestion adaptation=with_ML throughput_gbps=8.597 latency_ms=65.0294
[2026-08-16T09:26:48] SAMPLE t=27s phase=Congestion adaptation=with_ML throughput_gbps=8.0618 latency_ms=66.1465
[2026-08-16T09:26:49] SAMPLE t=28s phase=Congestion adaptation=with_ML throughput_gbps=8.2839 latency_ms=67.0444
[2026-08-16T09:26:50] SAMPLE t=29s phase=Congestion adaptation=with_ML throughput_gbps=7.8926 latency_ms=69.9849
[2026-08-16T09:26:51] SAMPLE t=30s phase=Congestion adaptation=with_ML throughput_gbps=7.5932 latency_ms=65.38
[2026-08-16T09:26:52] SAMPLE t=31s phase=Congestion adaptation=with_ML throughput_gbps=8.2881 latency_ms=67.4698
[2026-08-16T09:26:53] SAMPLE t=32s phase=Congestion adaptation=with_ML throughput_gbps=8.0827 latency_ms=66.4353
[2026-08-16T09:26:54] SAMPLE t=33s phase=Congestion adaptation=with_ML throughput_gbps=7.8556 latency_ms=66.3672
[2026-08-16T09:26:55] SAMPLE t=34s phase=Congestion adaptation=with_ML throughput_gbps=7.7691 latency_ms=68.5303
[2026-08-16T09:26:56] SAMPLE t=35s phase=Congestion adaptation=with_ML throughput_gbps=8.2198 latency_ms=65.8112
[2026-08-16T09:26:57] SAMPLE t=36s phase=Congestion adaptation=with_ML throughput_gbps=7.9813 latency_ms=69.4156
[2026-08-16T09:26:58] SAMPLE t=37s phase=Congestion adaptation=with_ML throughput_gbps=7.9617 latency_ms=67.5178
[2026-08-16T09:26:59] SAMPLE t=38s phase=Congestion adaptation=with_ML throughput_gbps=7.6417 latency_ms=68.3614
[2026-08-16T09:27:00] SAMPLE t=39s phase=Congestion adaptation=with_ML throughput_gbps=8.3376 latency_ms=68.0638
[2026-08-16T09:27:01] SAMPLE t=40s phase=Path_change adaptation=with_ML throughput_gbps=8.1687 latency_ms=66.6604
[2026-08-16T09:27:02] SAMPLE t=41s phase=Path_change adaptation=with_ML throughput_gbps=7.815 latency_ms=65.8406
[2026-08-16T09:27:03] SAMPLE t=42s phase=Path_change adaptation=with_ML throughput_gbps=7.6075 latency_ms=66.1124
[2026-08-16T09:27:04] SAMPLE t=43s phase=Path_change adaptation=with_ML throughput_gbps=7.8929 latency_ms=67.296
[2026-08-16T09:27:05] SAMPLE t=44s phase=Path_change adaptation=with_ML throughput_gbps=7.2577 latency_ms=68.4507
[2026-08-16T09:27:06] SAMPLE t=45s phase=Path_change adaptation=with_ML throughput_gbps=7.8222 latency_ms=68.6999
[2026-08-16T09:27:07] SAMPLE t=46s phase=Path_change adaptation=with_ML throughput_gbps=7.3693 latency_ms=68.3454
[2026-08-16T09:27:08] SAMPLE t=47s phase=Path_change adaptation=with_ML throughput_gbps=7.175 latency_ms=66.5726
[2026-08-16T09:27:09] SAMPLE t=48s phase=Path_change adaptation=with_ML throughput_gbps=7.4548 latency_ms=67.4126
[2026-08-16T09:27:10] SAMPLE t=49s phase=Path_change adaptation=with_ML throughput_gbps=7.1477 latency_ms=67.0156
[2026-08-16T09:27:11] SAMPLE t=50s phase=Path_change adaptation=with_ML throughput_gbps=7.2903 latency_ms=68.7551
[2026-08-16T09:27:12] SAMPLE t=51s phase=Path_change adaptation=with_ML throughput_gbps=7.2116 latency_ms=68.9473
[2026-08-16T09:27:13] SAMPLE t=52s phase=Path_change adaptation=with_ML throughput_gbps=7.1379 latency_ms=69.3051
[2026-08-16T09:27:14] SAMPLE t=53s phase=Path_change adaptation=with_ML throughput_gbps=7.2837 latency_ms=67.5945
[2026-08-16T09:27:15] SAMPLE t=54s phase=Path_change adaptation=with_ML throughput_gbps=7.2418 latency_ms=69.1844
[2026-08-16T09:27:16] SAMPLE t=55s phase=Path_change adaptation=with_ML throughput_gbps=7.4104 latency_ms=67.524
[2026-08-16T09:27:17] SAMPLE t=56s phase=Path_change adaptation=with_ML throughput_gbps=7.4551 latency_ms=66.041
[2026-08-16T09:27:18] SAMPLE t=57s phase=Path_change adaptation=with_ML throughput_gbps=7.6222 latency_ms=68.3171
[2026-08-16T09:27:19] SAMPLE t=58s phase=Path_change adaptation=with_ML throughput_gbps=7.7944 latency_ms=68.6789
[2026-08-16T09:27:20] SAMPLE t=59s phase=Path_change adaptation=with_ML throughput_gbps=8.0433 latency_ms=65.5788
[2026-08-16T09:27:21] SAMPLE t=60s phase=Loss_spike adaptation=with_ML throughput_gbps=7.1722 latency_ms=68.6778
[2026-08-16T09:27:22] SAMPLE t=61s phase=Loss_spike adaptation=with_ML throughput_gbps=8.27 latency_ms=71.8646
[2026-08-16T09:27:23] SAMPLE t=62s phase=Loss_spike adaptation=with_ML throughput_gbps=7.9913 latency_ms=69.3787
[2026-08-16T09:27:24] SAMPLE t=63s phase=Loss_spike adaptation=with_ML throughput_gbps=6.7293 latency_ms=68.4631
[2026-08-16T09:27:25] SAMPLE t=64s phase=Loss_spike adaptation=with_ML throughput_gbps=5.9727 latency_ms=72.6485
[2026-08-16T09:27:26] SAMPLE t=65s phase=Loss_spike adaptation=with_ML throughput_gbps=7.1549 latency_ms=66.4518
[2026-08-16T09:27:27] SAMPLE t=66s phase=Loss_spike adaptation=with_ML throughput_gbps=8.4692 latency_ms=71.5674
[2026-08-16T09:27:28] SAMPLE t=67s phase=Loss_spike adaptation=with_ML throughput_gbps=8.1211 latency_ms=71.6661
[2026-08-16T09:27:29] SAMPLE t=68s phase=Loss_spike adaptation=with_ML throughput_gbps=6.8427 latency_ms=68.2695
[2026-08-16T09:27:30] SAMPLE t=69s phase=Loss_spike adaptation=with_ML throughput_gbps=6.2692 latency_ms=69.7337
[2026-08-16T09:27:31] SAMPLE t=70s phase=Loss_spike adaptation=with_ML throughput_gbps=7.4877 latency_ms=68.8718
[2026-08-16T09:27:32] SAMPLE t=71s phase=Loss_spike adaptation=with_ML throughput_gbps=8.5028 latency_ms=71.1254
[2026-08-16T09:27:33] SAMPLE t=72s phase=Loss_spike adaptation=with_ML throughput_gbps=7.9085 latency_ms=69.2947
[2026-08-16T09:27:34] SAMPLE t=73s phase=Loss_spike adaptation=with_ML throughput_gbps=6.8409 latency_ms=69.2822
[2026-08-16T09:27:35] SAMPLE t=74s phase=Loss_spike adaptation=with_ML throughput_gbps=6.1308 latency_ms=71.3573
[2026-08-16T09:27:36] SAMPLE t=75s phase=Loss_spike adaptation=with_ML throughput_gbps=7.3171 latency_ms=68.4106
[2026-08-16T09:27:37] SAMPLE t=76s phase=Loss_spike adaptation=with_ML throughput_gbps=8.1458 latency_ms=70.5852
[2026-08-16T09:27:38] SAMPLE t=77s phase=Loss_spike adaptation=with_ML throughput_gbps=7.8504 latency_ms=69.888
[2026-08-16T09:27:39] SAMPLE t=78s phase=Loss_spike adaptation=with_ML throughput_gbps=6.4746 latency_ms=69.3742
[2026-08-16T09:27:40] SAMPLE t=79s phase=Loss_spike adaptation=with_ML throughput_gbps=6.1282 latency_ms=70.2154
[2026-08-16T09:27:41] SAMPLE t=80s phase=Recovery adaptation=with_ML throughput_gbps=8.0919 latency_ms=66.0509
[2026-08-16T09:27:42] SAMPLE t=81s phase=Recovery adaptation=with_ML throughput_gbps=8.2817 latency_ms=63.6039
[2026-08-16T09:27:43] SAMPLE t=82s phase=Recovery adaptation=with_ML throughput_gbps=8.0965 latency_ms=64.1945
[2026-08-16T09:27:44] SAMPLE t=83s phase=Recovery adaptation=with_ML throughput_gbps=8.1531 latency_ms=65.5488
[2026-08-16T09:27:45] SAMPLE t=84s phase=Recovery adaptation=with_ML throughput_gbps=7.9503 latency_ms=65.0078
[2026-08-16T09:27:46] SAMPLE t=85s phase=Recovery adaptation=with_ML throughput_gbps=8.5974 latency_ms=65.8297
[2026-08-16T09:27:47] SAMPLE t=86s phase=Recovery adaptation=with_ML throughput_gbps=8.0675 latency_ms=65.237
[2026-08-16T09:27:48] SAMPLE t=87s phase=Recovery adaptation=with_ML throughput_gbps=8.3205 latency_ms=65.3617
[2026-08-16T09:27:49] SAMPLE t=88s phase=Recovery adaptation=with_ML throughput_gbps=8.1623 latency_ms=65.247
[2026-08-16T09:27:50] SAMPLE t=89s phase=Recovery adaptation=with_ML throughput_gbps=8.1281 latency_ms=68.3816
[2026-08-16T09:27:51] SAMPLE t=90s phase=Recovery adaptation=with_ML throughput_gbps=8.4525 latency_ms=63.2682
[2026-08-16T09:27:52] SAMPLE t=91s phase=Recovery adaptation=with_ML throughput_gbps=8.3835 latency_ms=65.6474
[2026-08-16T09:27:53] SAMPLE t=92s phase=Recovery adaptation=with_ML throughput_gbps=8.2881 latency_ms=65.3845
[2026-08-16T09:27:54] SAMPLE t=93s phase=Recovery adaptation=with_ML throughput_gbps=8.5683 latency_ms=65.3951
[2026-08-16T09:27:55] SAMPLE t=94s phase=Recovery adaptation=with_ML throughput_gbps=8.7404 latency_ms=65.4925
[2026-08-16T09:27:56] SAMPLE t=95s phase=Recovery adaptation=with_ML throughput_gbps=8.0921 latency_ms=66.6236
[2026-08-16T09:27:57] SAMPLE t=96s phase=Recovery adaptation=with_ML throughput_gbps=8.3855 latency_ms=64.0846
[2026-08-16T09:27:58] SAMPLE t=97s phase=Recovery adaptation=with_ML throughput_gbps=8.0811 latency_ms=64.8848
[2026-08-16T09:27:59] SAMPLE t=98s phase=Recovery adaptation=with_ML throughput_gbps=8.2084 latency_ms=66.3432
[2026-08-16T09:28:00] SAMPLE t=99s phase=Recovery adaptation=with_ML throughput_gbps=8.6285 latency_ms=66.7352
[2026-08-16T09:26:21] SAMPLE t=0s phase=Stable adaptation=without_ML throughput_gbps=8.1992 latency_ms=66.8574
[2026-08-16T09:26:22] SAMPLE t=1s phase=Stable adaptation=without_ML throughput_gbps=7.5557 latency_ms=68.219
[2026-08-16T09:26:23] SAMPLE t=2s phase=Stable adaptation=without_ML throughput_gbps=8.5222 latency_ms=65.8787
[2026-08-16T09:26:24] SAMPLE t=3s phase=Stable adaptation=without_ML throughput_gbps=7.7571 latency_ms=65.1065
[2026-08-16T09:26:25] SAMPLE t=4s phase=Stable adaptation=without_ML throughput_gbps=8.3996 latency_ms=64.5143
[2026-08-16T09:26:26] SAMPLE t=5s phase=Stable adaptation=without_ML throughput_gbps=7.8624 latency_ms=67.074
[2026-08-16T09:26:27] SAMPLE t=6s phase=Stable adaptation=without_ML throughput_gbps=7.7847 latency_ms=65.1253
[2026-08-16T09:26:28] SAMPLE t=7s phase=Stable adaptation=without_ML throughput_gbps=7.9042 latency_ms=63.7489
[2026-08-16T09:26:29] SAMPLE t=8s phase=Stable adaptation=without_ML throughput_gbps=7.812 latency_ms=66.2419
[2026-08-16T09:26:30] SAMPLE t=9s phase=Stable adaptation=without_ML throughput_gbps=7.7901 latency_ms=64.1665
[2026-08-16T09:26:31] SAMPLE t=10s phase=Stable adaptation=without_ML throughput_gbps=7.7844 latency_ms=67.6625
[2026-08-16T09:26:32] SAMPLE t=11s phase=Stable adaptation=without_ML throughput_gbps=7.9263 latency_ms=68.3442
[2026-08-16T09:26:33] SAMPLE t=12s phase=Stable adaptation=without_ML throughput_gbps=7.5694 latency_ms=64.3285
[2026-08-16T09:26:34] SAMPLE t=13s phase=Stable adaptation=without_ML throughput_gbps=8.0179 latency_ms=63.5199
[2026-08-16T09:26:35] SAMPLE t=14s phase=Stable adaptation=without_ML throughput_gbps=7.9694 latency_ms=66.2076
[2026-08-16T09:26:36] SAMPLE t=15s phase=Stable adaptation=without_ML throughput_gbps=8.2239 latency_ms=65.3995
[2026-08-16T09:26:37] SAMPLE t=16s phase=Stable adaptation=without_ML throughput_gbps=7.6383 latency_ms=66.9531
[2026-08-16T09:26:38] SAMPLE t=17s phase=Stable adaptation=without_ML throughput_gbps=7.8555 latency_ms=63.8194
[2026-08-16T09:26:39] SAMPLE t=18s phase=Stable adaptation=without_ML throughput_gbps=7.9435 latency_ms=65.8639
[2026-08-16T09:26:40] SAMPLE t=19s phase=Stable adaptation=without_ML throughput_gbps=7.7229 latency_ms=67.9391
[2026-08-16T09:26:41] SAMPLE t=20s phase=Congestion adaptation=without_ML throughput_gbps=7.6193 latency_ms=67.0104
[2026-08-16T09:26:42] SAMPLE t=21s phase=Congestion adaptation=without_ML throughput_gbps=8.3472 latency_ms=64.3686
[2026-08-16T09:26:43] SAMPLE t=22s phase=Congestion adaptation=without_ML throughput_gbps=8.1611 latency_ms=65.0348
[2026-08-16T09:26:44] SAMPLE t=23s phase=Congestion adaptation=without_ML throughput_gbps=8.151 latency_ms=65.8169
[2026-08-16T09:26:45] SAMPLE t=24s phase=Congestion adaptation=without_ML throughput_gbps=8.1682 latency_ms=66.0943
[2026-08-16T09:26:46] SAMPLE t=25s phase=Congestion adaptation=without_ML throughput_gbps=8.0602 latency_ms=66.0916
[2026-08-16T09:26:47] SAMPLE t=26s phase=Congestion adaptation=without_ML throughput_gbps=8.4974 latency_ms=67.3439
[2026-08-16T09:26:48] SAMPLE t=27s phase=Congestion adaptation=without_ML throughput_gbps=7.9716 latency_ms=64.8918
[2026-08-16T09:26:49] SAMPLE t=28s phase=Congestion adaptation=without_ML throughput_gbps=7.5672 latency_ms=65.6688
[2026-08-16T09:26:50] SAMPLE t=29s phase=Congestion adaptation=without_ML throughput_gbps=8.2057 latency_ms=66.4944
[2026-08-16T09:26:51] SAMPLE t=30s phase=Congestion adaptation=without_ML throughput_gbps=8.0905 latency_ms=66.3378
[2026-08-16T09:26:52] SAMPLE t=31s phase=Congestion adaptation=without_ML throughput_gbps=7.8561 latency_ms=65.3052
[2026-08-16T09:26:53] SAMPLE t=32s phase=Congestion adaptation=without_ML throughput_gbps=7.8953 latency_ms=65.4061
[2026-08-16T09:26:54] SAMPLE t=33s phase=Congestion adaptation=without_ML throughput_gbps=8.2337 latency_ms=65.4583
[2026-08-16T09:26:55] SAMPLE t=34s phase=Congestion adaptation=without_ML throughput_gbps=8.2422 latency_ms=64.1822
[2026-08-16T09:26:56] SAMPLE t=35s phase=Congestion adaptation=without_ML throughput_gbps=8.4983 latency_ms=67.659
[2026-08-16T09:26:57] SAMPLE t=36s phase=Congestion adaptation=without_ML throughput_gbps=8.2202 latency_ms=67.3916
[2026-08-16T09:26:58] SAMPLE t=37s phase=Congestion adaptation=without_ML throughput_gbps=8.0819 latency_ms=67.7827
[2026-08-16T09:26:59] SAMPLE t=38s phase=Congestion adaptation=without_ML throughput_gbps=7.8124 latency_ms=67.2591
[2026-08-16T09:27:00] SAMPLE t=39s phase=Congestion adaptation=without_ML throughput_gbps=8.4504 latency_ms=64.3033
[2026-08-16T09:27:01] SAMPLE t=40s phase=Path_change adaptation=without_ML throughput_gbps=7.8088 latency_ms=64.7404
[2026-08-16T09:27:02] SAMPLE t=41s phase=Path_change adaptation=without_ML throughput_gbps=7.2655 latency_ms=63.9615
[2026-08-16T09:27:03] SAMPLE t=42s phase=Path_change adaptation=without_ML throughput_gbps=7.002 latency_ms=67.7492
[2026-08-16T09:27:04] SAMPLE t=43s phase=Path_change adaptation=without_ML throughput_gbps=6.8247 latency_ms=67.736
[2026-08-16T09:27:05] SAMPLE t=44s phase=Path_change adaptation=without_ML throughput_gbps=6.7906 latency_ms=70.3853
[2026-08-16T09:27:06] SAMPLE t=45s phase=Path_change adaptation=without_ML throughput_gbps=6.3696 latency_ms=71.3019
[2026-08-16T09:27:07] SAMPLE t=46s phase=Path_change adaptation=without_ML throughput_gbps=5.9138 latency_ms=72.2261
[2026-08-16T09:27:08] SAMPLE t=47s phase=Path_change adaptation=without_ML throughput_gbps=5.7789 latency_ms=75.5463
[2026-08-16T09:27:09] SAMPLE t=48s phase=Path_change adaptation=without_ML throughput_gbps=5.728 latency_ms=71.7321
[2026-08-16T09:27:10] SAMPLE t=49s phase=Path_change adaptation=without_ML throughput_gbps=5.7621 latency_ms=72.0312
[2026-08-16T09:27:11] SAMPLE t=50s phase=Path_change adaptation=without_ML throughput_gbps=5.8352 latency_ms=74.3189
[2026-08-16T09:27:12] SAMPLE t=51s phase=Path_change adaptation=without_ML throughput_gbps=5.7992 latency_ms=73.3588
[2026-08-16T09:27:13] SAMPLE t=52s phase=Path_change adaptation=without_ML throughput_gbps=5.7221 latency_ms=75.1439
[2026-08-16T09:27:14] SAMPLE t=53s phase=Path_change adaptation=without_ML throughput_gbps=5.9891 latency_ms=73.388
[2026-08-16T09:27:15] SAMPLE t=54s phase=Path_change adaptation=without_ML throughput_gbps=5.9343 latency_ms=71.7812
[2026-08-16T09:27:16] SAMPLE t=55s phase=Path_change adaptation=without_ML throughput_gbps=6.5237 latency_ms=71.3664
[2026-08-16T09:27:17] SAMPLE t=56s phase=Path_change adaptation=without_ML throughput_gbps=6.746 latency_ms=72.7769
[2026-08-16T09:27:18] SAMPLE t=57s phase=Path_change adaptation=without_ML throughput_gbps=6.9226 latency_ms=70.1991
[2026-08-16T09:27:19] SAMPLE t=58s phase=Path_change adaptation=without_ML throughput_gbps=7.0171 latency_ms=67.715
[2026-08-16T09:27:20] SAMPLE t=59s phase=Path_change adaptation=without_ML throughput_gbps=7.1921 latency_ms=67.1542
[2026-08-16T09:27:21] SAMPLE t=60s phase=Loss_spike adaptation=without_ML throughput_gbps=6.0879 latency_ms=71.3721
[2026-08-16T09:27:22] SAMPLE t=61s phase=Loss_spike adaptation=without_ML throughput_gbps=8.5365 latency_ms=79.6089
[2026-08-16T09:27:23] SAMPLE t=62s phase=Loss_spike adaptation=without_ML throughput_gbps=7.6622 latency_ms=74.5906
[2026-08-16T09:27:24] SAMPLE t=63s phase=Loss_spike adaptation=without_ML throughput_gbps=4.9276 latency_ms=74.7648
[2026-08-16T09:27:25] SAMPLE t=64s phase=Loss_spike adaptation=without_ML throughput_gbps=3.7996 latency_ms=76.7633
[2026-08-16T09:27:26] SAMPLE t=65s phase=Loss_spike adaptation=without_ML throughput_gbps=6.2401 latency_ms=69.0665
[2026-08-16T09:27:27] SAMPLE t=66s phase=Loss_spike adaptation=without_ML throughput_gbps=8.1606 latency_ms=78.8667
[2026-08-16T09:27:28] SAMPLE t=67s phase=Loss_spike adaptation=without_ML throughput_gbps=7.3498 latency_ms=74.9662
[2026-08-16T09:27:29] SAMPLE t=68s phase=Loss_spike adaptation=without_ML throughput_gbps=4.7376 latency_ms=75.1936
[2026-08-16T09:27:30] SAMPLE t=69s phase=Loss_spike adaptation=without_ML throughput_gbps=3.9615 latency_ms=80.7588
[2026-08-16T09:27:31] SAMPLE t=70s phase=Loss_spike adaptation=without_ML throughput_gbps=5.9367 latency_ms=71.0362
[2026-08-16T09:27:32] SAMPLE t=71s phase=Loss_spike adaptation=without_ML throughput_gbps=7.9726 latency_ms=79.1685
[2026-08-16T09:27:33] SAMPLE t=72s phase=Loss_spike adaptation=without_ML throughput_gbps=7.6357 latency_ms=76.0748
[2026-08-16T09:27:34] SAMPLE t=73s phase=Loss_spike adaptation=without_ML throughput_gbps=4.9627 latency_ms=76.6048
[2026-08-16T09:27:35] SAMPLE t=74s phase=Loss_spike adaptation=without_ML throughput_gbps=4.0958 latency_ms=79.5413
[2026-08-16T09:27:36] SAMPLE t=75s phase=Loss_spike adaptation=without_ML throughput_gbps=6.0399 latency_ms=70.4554
[2026-08-16T09:27:37] SAMPLE t=76s phase=Loss_spike adaptation=without_ML throughput_gbps=8.6742 latency_ms=82.7967
[2026-08-16T09:27:38] SAMPLE t=77s phase=Loss_spike adaptation=without_ML throughput_gbps=7.3082 latency_ms=76.0185
[2026-08-16T09:27:39] SAMPLE t=78s phase=Loss_spike adaptation=without_ML throughput_gbps=4.8684 latency_ms=75.1728
[2026-08-16T09:27:40] SAMPLE t=79s phase=Loss_spike adaptation=without_ML throughput_gbps=4.0391 latency_ms=77.4068
[2026-08-16T09:27:41] SAMPLE t=80s phase=Recovery adaptation=without_ML throughput_gbps=7.6062 latency_ms=65.2043
[2026-08-16T09:27:42] SAMPLE t=81s phase=Recovery adaptation=without_ML throughput_gbps=7.7092 latency_ms=66.3698
[2026-08-16T09:27:43] SAMPLE t=82s phase=Recovery adaptation=without_ML throughput_gbps=8.274 latency_ms=66.0055
[2026-08-16T09:27:44] SAMPLE t=83s phase=Recovery adaptation=without_ML throughput_gbps=8.006 latency_ms=66.5945
[2026-08-16T09:27:45] SAMPLE t=84s phase=Recovery adaptation=without_ML throughput_gbps=7.6866 latency_ms=65.3935
[2026-08-16T09:27:46] SAMPLE t=85s phase=Recovery adaptation=without_ML throughput_gbps=8.8544 latency_ms=65.0363
[2026-08-16T09:27:47] SAMPLE t=86s phase=Recovery adaptation=without_ML throughput_gbps=8.0351 latency_ms=65.3916
[2026-08-16T09:27:48] SAMPLE t=87s phase=Recovery adaptation=without_ML throughput_gbps=8.0162 latency_ms=64.3213
[2026-08-16T09:27:49] SAMPLE t=88s phase=Recovery adaptation=without_ML throughput_gbps=8.0768 latency_ms=66.5407
[2026-08-16T09:27:50] SAMPLE t=89s phase=Recovery adaptation=without_ML throughput_gbps=7.9272 latency_ms=66.0903
[2026-08-16T09:27:51] SAMPLE t=90s phase=Recovery adaptation=without_ML throughput_gbps=7.3422 latency_ms=66.1001
[2026-08-16T09:27:52] SAMPLE t=91s phase=Recovery adaptation=without_ML throughput_gbps=7.7905 latency_ms=66.7423
[2026-08-16T09:27:53] SAMPLE t=92s phase=Recovery adaptation=without_ML throughput_gbps=8.1999 latency_ms=65.475
[2026-08-16T09:27:54] SAMPLE t=93s phase=Recovery adaptation=without_ML throughput_gbps=7.8777 latency_ms=66.5575
[2026-08-16T09:27:55] SAMPLE t=94s phase=Recovery adaptation=without_ML throughput_gbps=8.5997 latency_ms=69.4801
[2026-08-16T09:27:56] SAMPLE t=95s phase=Recovery adaptation=without_ML throughput_gbps=8.0089 latency_ms=63.8152
[2026-08-16T09:27:57] SAMPLE t=96s phase=Recovery adaptation=without_ML throughput_gbps=8.1855 latency_ms=67.3224
[2026-08-16T09:27:58] SAMPLE t=97s phase=Recovery adaptation=without_ML throughput_gbps=7.8891 latency_ms=69.5664
[2026-08-16T09:27:59] SAMPLE t=98s phase=Recovery adaptation=without_ML throughput_gbps=8.0317 latency_ms=65.6766
[2026-08-16T09:28:00] SAMPLE t=99s phase=Recovery adaptation=without_ML throughput_gbps=7.9179 latency_ms=65.9011
[2026-08-16T09:26:21] TRACE_END run_id=118 status=OK
[2026-08-16T09:34:02] TRACE_START run_id=119
[2026-08-16T09:34:02] SAMPLE t=0s phase=Stable adaptation=with_ML throughput_gbps=8.1003 latency_ms=67.1727
[2026-08-16T09:34:03] SAMPLE t=1s phase=Stable adaptation=with_ML throughput_gbps=8.362 latency_ms=68.3008
[2026-08-16T09:34:04] SAMPLE t=2s phase=Stable adaptation=with_ML throughput_gbps=8.1751 latency_ms=64.9852
[2026-08-16T09:34:05] SAMPLE t=3s phase=Stable adaptation=with_ML throughput_gbps=7.9251 latency_ms=64.9295
[2026-08-16T09:34:06] SAMPLE t=4s phase=Stable adaptation=with_ML throughput_gbps=8.1176 latency_ms=68.1262
[2026-08-16T09:34:07] SAMPLE t=5s phase=Stable adaptation=with_ML throughput_gbps=7.9764 latency_ms=68.0896
[2026-08-16T09:34:08] SAMPLE t=6s phase=Stable adaptation=with_ML throughput_gbps=8.0427 latency_ms=66.09
[2026-08-16T09:34:09] SAMPLE t=7s phase=Stable adaptation=with_ML throughput_gbps=7.9412 latency_ms=65.4262
[2026-08-16T09:34:10] SAMPLE t=8s phase=Stable adaptation=with_ML throughput_gbps=8.0235 latency_ms=65.9871
[2026-08-16T09:34:11] SAMPLE t=9s phase=Stable adaptation=with_ML throughput_gbps=8.3525 latency_ms=65.7539
[2026-08-16T09:34:12] SAMPLE t=10s phase=Stable adaptation=with_ML throughput_gbps=7.7614 latency_ms=66.0465
[2026-08-16T09:34:13] SAMPLE t=11s phase=Stable adaptation=with_ML throughput_gbps=8.0907 latency_ms=67.0949
[2026-08-16T09:34:14] SAMPLE t=12s phase=Stable adaptation=with_ML throughput_gbps=8.0244 latency_ms=66.1704
[2026-08-16T09:34:15] SAMPLE t=13s phase=Stable adaptation=with_ML throughput_gbps=7.9671 latency_ms=67.6633
[2026-08-16T09:34:16] SAMPLE t=14s phase=Stable adaptation=with_ML throughput_gbps=8.4253 latency_ms=67.5118
[2026-08-16T09:34:17] SAMPLE t=15s phase=Stable adaptation=with_ML throughput_gbps=8.1316 latency_ms=65.7262
[2026-08-16T09:34:18] SAMPLE t=16s phase=Stable adaptation=with_ML throughput_gbps=8.2086 latency_ms=63.7919
[2026-08-16T09:34:19] SAMPLE t=17s phase=Stable adaptation=with_ML throughput_gbps=8.0973 latency_ms=65.4907
[2026-08-16T09:34:20] SAMPLE t=18s phase=Stable adaptation=with_ML throughput_gbps=8.1695 latency_ms=65.9812
[2026-08-16T09:34:21] SAMPLE t=19s phase=Stable adaptation=with_ML throughput_gbps=8.2045 latency_ms=67.6685
[2026-08-16T09:34:22] SAMPLE t=20s phase=Congestion adaptation=with_ML throughput_gbps=8.0879 latency_ms=66.3006
[2026-08-16T09:34:23] SAMPLE t=21s phase=Congestion adaptation=with_ML throughput_gbps=8.4618 latency_ms=66.3708
[2026-08-16T09:34:24] SAMPLE t=22s phase=Congestion adaptation=with_ML throughput_gbps=8.3896 latency_ms=67.678
[2026-08-16T09:34:25] SAMPLE t=23s phase=Congestion adaptation=with_ML throughput_gbps=7.93 latency_ms=66.2618
[2026-08-16T09:34:26] SAMPLE t=24s phase=Congestion adaptation=with_ML throughput_gbps=8.169 latency_ms=65.3323
[2026-08-16T09:34:27] SAMPLE t=25s phase=Congestion adaptation=with_ML throughput_gbps=8.3555 latency_ms=66.1589
[2026-08-16T09:34:28] SAMPLE t=26s phase=Congestion adaptation=with_ML throughput_gbps=8.3127 latency_ms=67.7373
[2026-08-16T09:34:29] SAMPLE t=27s phase=Congestion adaptation=with_ML throughput_gbps=8.1161 latency_ms=65.8526
[2026-08-16T09:34:30] SAMPLE t=28s phase=Congestion adaptation=with_ML throughput_gbps=8.2952 latency_ms=65.7306
[2026-08-16T09:34:31] SAMPLE t=29s phase=Congestion adaptation=with_ML throughput_gbps=8.0691 latency_ms=67.0666
[2026-08-16T09:34:32] SAMPLE t=30s phase=Congestion adaptation=with_ML throughput_gbps=8.13 latency_ms=66.4159
[2026-08-16T09:34:33] SAMPLE t=31s phase=Congestion adaptation=with_ML throughput_gbps=7.9421 latency_ms=66.669
[2026-08-16T09:34:34] SAMPLE t=32s phase=Congestion adaptation=with_ML throughput_gbps=7.8268 latency_ms=65.6982
[2026-08-16T09:34:35] SAMPLE t=33s phase=Congestion adaptation=with_ML throughput_gbps=7.8277 latency_ms=65.3534
[2026-08-16T09:34:36] SAMPLE t=34s phase=Congestion adaptation=with_ML throughput_gbps=7.97 latency_ms=63.3332
[2026-08-16T09:34:37] SAMPLE t=35s phase=Congestion adaptation=with_ML throughput_gbps=8.0977 latency_ms=66.4392
[2026-08-16T09:34:38] SAMPLE t=36s phase=Congestion adaptation=with_ML throughput_gbps=7.672 latency_ms=66.6446
[2026-08-16T09:34:39] SAMPLE t=37s phase=Congestion adaptation=with_ML throughput_gbps=8.2212 latency_ms=66.673
[2026-08-16T09:34:40] SAMPLE t=38s phase=Congestion adaptation=with_ML throughput_gbps=8.2603 latency_ms=66.9378
[2026-08-16T09:34:41] SAMPLE t=39s phase=Congestion adaptation=with_ML throughput_gbps=8.0398 latency_ms=67.5828
[2026-08-16T09:34:42] SAMPLE t=40s phase=Path_change adaptation=with_ML throughput_gbps=8.0738 latency_ms=67.4633
[2026-08-16T09:34:43] SAMPLE t=41s phase=Path_change adaptation=with_ML throughput_gbps=7.7915 latency_ms=67.6074
[2026-08-16T09:34:44] SAMPLE t=42s phase=Path_change adaptation=with_ML throughput_gbps=7.9218 latency_ms=67.2201
[2026-08-16T09:34:45] SAMPLE t=43s phase=Path_change adaptation=with_ML throughput_gbps=7.9035 latency_ms=65.4089
[2026-08-16T09:34:46] SAMPLE t=44s phase=Path_change adaptation=with_ML throughput_gbps=7.6417 latency_ms=68.2457
[2026-08-16T09:34:47] SAMPLE t=45s phase=Path_change adaptation=with_ML throughput_gbps=7.6567 latency_ms=67.538
[2026-08-16T09:34:48] SAMPLE t=46s phase=Path_change adaptation=with_ML throughput_gbps=7.3044 latency_ms=68.8556
[2026-08-16T09:34:49] SAMPLE t=47s phase=Path_change adaptation=with_ML throughput_gbps=7.1817 latency_ms=68.1077
[2026-08-16T09:34:50] SAMPLE t=48s phase=Path_change adaptation=with_ML throughput_gbps=7.1745 latency_ms=68.265
[2026-08-16T09:34:51] SAMPLE t=49s phase=Path_change adaptation=with_ML throughput_gbps=7.4267 latency_ms=68.6511
[2026-08-16T09:34:52] SAMPLE t=50s phase=Path_change adaptation=with_ML throughput_gbps=7.2006 latency_ms=69.6359
[2026-08-16T09:34:53] SAMPLE t=51s phase=Path_change adaptation=with_ML throughput_gbps=7.0336 latency_ms=67.698
[2026-08-16T09:34:54] SAMPLE t=52s phase=Path_change adaptation=with_ML throughput_gbps=7.0549 latency_ms=66.5608
[2026-08-16T09:34:55] SAMPLE t=53s phase=Path_change adaptation=with_ML throughput_gbps=7.2872 latency_ms=66.8456
[2026-08-16T09:34:56] SAMPLE t=54s phase=Path_change adaptation=with_ML throughput_gbps=7.3864 latency_ms=66.9089
[2026-08-16T09:34:57] SAMPLE t=55s phase=Path_change adaptation=with_ML throughput_gbps=7.4047 latency_ms=65.788
[2026-08-16T09:34:58] SAMPLE t=56s phase=Path_change adaptation=with_ML throughput_gbps=7.3775 latency_ms=67.9132
[2026-08-16T09:34:59] SAMPLE t=57s phase=Path_change adaptation=with_ML throughput_gbps=7.4375 latency_ms=66.0501
[2026-08-16T09:35:00] SAMPLE t=58s phase=Path_change adaptation=with_ML throughput_gbps=7.9087 latency_ms=67.6347
[2026-08-16T09:35:01] SAMPLE t=59s phase=Path_change adaptation=with_ML throughput_gbps=8.1096 latency_ms=68.8298
[2026-08-16T09:35:02] SAMPLE t=60s phase=Loss_spike adaptation=with_ML throughput_gbps=7.5527 latency_ms=67.5266
[2026-08-16T09:35:03] SAMPLE t=61s phase=Loss_spike adaptation=with_ML throughput_gbps=8.6744 latency_ms=70.6759
[2026-08-16T09:35:04] SAMPLE t=62s phase=Loss_spike adaptation=with_ML throughput_gbps=7.6818 latency_ms=70.1692
[2026-08-16T09:35:05] SAMPLE t=63s phase=Loss_spike adaptation=with_ML throughput_gbps=6.9335 latency_ms=69.2659
[2026-08-16T09:35:06] SAMPLE t=64s phase=Loss_spike adaptation=with_ML throughput_gbps=6.3782 latency_ms=70.4503
[2026-08-16T09:35:07] SAMPLE t=65s phase=Loss_spike adaptation=with_ML throughput_gbps=7.437 latency_ms=68.5824
[2026-08-16T09:35:08] SAMPLE t=66s phase=Loss_spike adaptation=with_ML throughput_gbps=8.4411 latency_ms=68.5631
[2026-08-16T09:35:09] SAMPLE t=67s phase=Loss_spike adaptation=with_ML throughput_gbps=8.1098 latency_ms=70.1431
[2026-08-16T09:35:10] SAMPLE t=68s phase=Loss_spike adaptation=with_ML throughput_gbps=6.5697 latency_ms=67.819
[2026-08-16T09:35:11] SAMPLE t=69s phase=Loss_spike adaptation=with_ML throughput_gbps=6.144 latency_ms=70.1562
[2026-08-16T09:35:12] SAMPLE t=70s phase=Loss_spike adaptation=with_ML throughput_gbps=7.0128 latency_ms=67.3769
[2026-08-16T09:35:13] SAMPLE t=71s phase=Loss_spike adaptation=with_ML throughput_gbps=8.6276 latency_ms=70.4307
[2026-08-16T09:35:14] SAMPLE t=72s phase=Loss_spike adaptation=with_ML throughput_gbps=7.7156 latency_ms=70.5277
[2026-08-16T09:35:15] SAMPLE t=73s phase=Loss_spike adaptation=with_ML throughput_gbps=6.522 latency_ms=68.5003
[2026-08-16T09:35:16] SAMPLE t=74s phase=Loss_spike adaptation=with_ML throughput_gbps=6.0918 latency_ms=68.1385
[2026-08-16T09:35:17] SAMPLE t=75s phase=Loss_spike adaptation=with_ML throughput_gbps=7.3017 latency_ms=70.0543
[2026-08-16T09:35:18] SAMPLE t=76s phase=Loss_spike adaptation=with_ML throughput_gbps=8.315 latency_ms=70.0178
[2026-08-16T09:35:19] SAMPLE t=77s phase=Loss_spike adaptation=with_ML throughput_gbps=7.5964 latency_ms=69.0761
[2026-08-16T09:35:20] SAMPLE t=78s phase=Loss_spike adaptation=with_ML throughput_gbps=6.6624 latency_ms=71.0055
[2026-08-16T09:35:21] SAMPLE t=79s phase=Loss_spike adaptation=with_ML throughput_gbps=6.124 latency_ms=69.0321
[2026-08-16T09:35:22] SAMPLE t=80s phase=Recovery adaptation=with_ML throughput_gbps=7.7034 latency_ms=67.5518
[2026-08-16T09:35:23] SAMPLE t=81s phase=Recovery adaptation=with_ML throughput_gbps=7.9074 latency_ms=65.4823
[2026-08-16T09:35:24] SAMPLE t=82s phase=Recovery adaptation=with_ML throughput_gbps=8.103 latency_ms=66.3027
[2026-08-16T09:35:25] SAMPLE t=83s phase=Recovery adaptation=with_ML throughput_gbps=8.2229 latency_ms=63.489
[2026-08-16T09:35:26] SAMPLE t=84s phase=Recovery adaptation=with_ML throughput_gbps=8.1855 latency_ms=67.4983
[2026-08-16T09:35:27] SAMPLE t=85s phase=Recovery adaptation=with_ML throughput_gbps=8.3428 latency_ms=68.7521
[2026-08-16T09:35:28] SAMPLE t=86s phase=Recovery adaptation=with_ML throughput_gbps=7.8889 latency_ms=66.1297
[2026-08-16T09:35:29] SAMPLE t=87s phase=Recovery adaptation=with_ML throughput_gbps=8.1974 latency_ms=65.2455
[2026-08-16T09:35:30] SAMPLE t=88s phase=Recovery adaptation=with_ML throughput_gbps=8.1671 latency_ms=63.8551
[2026-08-16T09:35:31] SAMPLE t=89s phase=Recovery adaptation=with_ML throughput_gbps=8.2263 latency_ms=65.8101
[2026-08-16T09:35:32] SAMPLE t=90s phase=Recovery adaptation=with_ML throughput_gbps=8.4074 latency_ms=63.5709
[2026-08-16T09:35:33] SAMPLE t=91s phase=Recovery adaptation=with_ML throughput_gbps=8.2861 latency_ms=65.9572
[2026-08-16T09:35:34] SAMPLE t=92s phase=Recovery adaptation=with_ML throughput_gbps=8.7346 latency_ms=66.7953
[2026-08-16T09:35:35] SAMPLE t=93s phase=Recovery adaptation=with_ML throughput_gbps=8.7585 latency_ms=62.7116
[2026-08-16T09:35:36] SAMPLE t=94s phase=Recovery adaptation=with_ML throughput_gbps=8.3076 latency_ms=66.0002
[2026-08-16T09:35:37] SAMPLE t=95s phase=Recovery adaptation=with_ML throughput_gbps=8.4264 latency_ms=66.648
[2026-08-16T09:35:38] SAMPLE t=96s phase=Recovery adaptation=with_ML throughput_gbps=8.8723 latency_ms=66.4333
[2026-08-16T09:35:39] SAMPLE t=97s phase=Recovery adaptation=with_ML throughput_gbps=8.3323 latency_ms=65.8843
[2026-08-16T09:35:40] SAMPLE t=98s phase=Recovery adaptation=with_ML throughput_gbps=8.3334 latency_ms=66.3763
[2026-08-16T09:35:41] SAMPLE t=99s phase=Recovery adaptation=with_ML throughput_gbps=8.6008 latency_ms=65.5945
[2026-08-16T09:34:02] SAMPLE t=0s phase=Stable adaptation=without_ML throughput_gbps=7.7917 latency_ms=66.9734
[2026-08-16T09:34:03] SAMPLE t=1s phase=Stable adaptation=without_ML throughput_gbps=8.6232 latency_ms=64.4669
[2026-08-16T09:34:04] SAMPLE t=2s phase=Stable adaptation=without_ML throughput_gbps=8.0209 latency_ms=63.9096
[2026-08-16T09:34:05] SAMPLE t=3s phase=Stable adaptation=without_ML throughput_gbps=8.4151 latency_ms=64.9468
[2026-08-16T09:34:06] SAMPLE t=4s phase=Stable adaptation=without_ML throughput_gbps=8.2089 latency_ms=66.4112
[2026-08-16T09:34:07] SAMPLE t=5s phase=Stable adaptation=without_ML throughput_gbps=8.2121 latency_ms=65.3933
[2026-08-16T09:34:08] SAMPLE t=6s phase=Stable adaptation=without_ML throughput_gbps=8.1657 latency_ms=66.2177
[2026-08-16T09:34:09] SAMPLE t=7s phase=Stable adaptation=without_ML throughput_gbps=7.6556 latency_ms=65.6623
[2026-08-16T09:34:10] SAMPLE t=8s phase=Stable adaptation=without_ML throughput_gbps=7.9084 latency_ms=65.7255
[2026-08-16T09:34:11] SAMPLE t=9s phase=Stable adaptation=without_ML throughput_gbps=7.7448 latency_ms=65.825
[2026-08-16T09:34:12] SAMPLE t=10s phase=Stable adaptation=without_ML throughput_gbps=7.5828 latency_ms=66.1973
[2026-08-16T09:34:13] SAMPLE t=11s phase=Stable adaptation=without_ML throughput_gbps=7.5651 latency_ms=65.7538
[2026-08-16T09:34:14] SAMPLE t=12s phase=Stable adaptation=without_ML throughput_gbps=7.614 latency_ms=66.9299
[2026-08-16T09:34:15] SAMPLE t=13s phase=Stable adaptation=without_ML throughput_gbps=7.9754 latency_ms=63.3468
[2026-08-16T09:34:16] SAMPLE t=14s phase=Stable adaptation=without_ML throughput_gbps=8.1056 latency_ms=65.8116
[2026-08-16T09:34:17] SAMPLE t=15s phase=Stable adaptation=without_ML throughput_gbps=7.9118 latency_ms=68.4487
[2026-08-16T09:34:18] SAMPLE t=16s phase=Stable adaptation=without_ML throughput_gbps=7.9381 latency_ms=66.7242
[2026-08-16T09:34:19] SAMPLE t=17s phase=Stable adaptation=without_ML throughput_gbps=7.8508 latency_ms=67.3434
[2026-08-16T09:34:20] SAMPLE t=18s phase=Stable adaptation=without_ML throughput_gbps=7.7437 latency_ms=64.1986
[2026-08-16T09:34:21] SAMPLE t=19s phase=Stable adaptation=without_ML throughput_gbps=8.4076 latency_ms=67.1144
[2026-08-16T09:34:22] SAMPLE t=20s phase=Congestion adaptation=without_ML throughput_gbps=8.1299 latency_ms=65.3374
[2026-08-16T09:34:23] SAMPLE t=21s phase=Congestion adaptation=without_ML throughput_gbps=7.8425 latency_ms=67.7774
[2026-08-16T09:34:24] SAMPLE t=22s phase=Congestion adaptation=without_ML throughput_gbps=7.7859 latency_ms=67.3147
[2026-08-16T09:34:25] SAMPLE t=23s phase=Congestion adaptation=without_ML throughput_gbps=8.049 latency_ms=65.13
[2026-08-16T09:34:26] SAMPLE t=24s phase=Congestion adaptation=without_ML throughput_gbps=8.38 latency_ms=66.7439
[2026-08-16T09:34:27] SAMPLE t=25s phase=Congestion adaptation=without_ML throughput_gbps=7.7681 latency_ms=66.4769
[2026-08-16T09:34:28] SAMPLE t=26s phase=Congestion adaptation=without_ML throughput_gbps=8.0942 latency_ms=67.0943
[2026-08-16T09:34:29] SAMPLE t=27s phase=Congestion adaptation=without_ML throughput_gbps=7.8586 latency_ms=65.6827
[2026-08-16T09:34:30] SAMPLE t=28s phase=Congestion adaptation=without_ML throughput_gbps=7.6921 latency_ms=66.7566
[2026-08-16T09:34:31] SAMPLE t=29s phase=Congestion adaptation=without_ML throughput_gbps=7.8115 latency_ms=66.9066
[2026-08-16T09:34:32] SAMPLE t=30s phase=Congestion adaptation=without_ML throughput_gbps=7.9771 latency_ms=66.7303
[2026-08-16T09:34:33] SAMPLE t=31s phase=Congestion adaptation=without_ML throughput_gbps=7.7815 latency_ms=65.5282
[2026-08-16T09:34:34] SAMPLE t=32s phase=Congestion adaptation=without_ML throughput_gbps=7.9822 latency_ms=65.9504
[2026-08-16T09:34:35] SAMPLE t=33s phase=Congestion adaptation=without_ML throughput_gbps=7.7721 latency_ms=67.6408
[2026-08-16T09:34:36] SAMPLE t=34s phase=Congestion adaptation=without_ML throughput_gbps=8.4079 latency_ms=65.6279
[2026-08-16T09:34:37] SAMPLE t=35s phase=Congestion adaptation=without_ML throughput_gbps=8.2007 latency_ms=67.2686
[2026-08-16T09:34:38] SAMPLE t=36s phase=Congestion adaptation=without_ML throughput_gbps=7.9048 latency_ms=65.0659
[2026-08-16T09:34:39] SAMPLE t=37s phase=Congestion adaptation=without_ML throughput_gbps=7.8898 latency_ms=66.5641
[2026-08-16T09:34:40] SAMPLE t=38s phase=Congestion adaptation=without_ML throughput_gbps=7.9331 latency_ms=67.5741
[2026-08-16T09:34:41] SAMPLE t=39s phase=Congestion adaptation=without_ML throughput_gbps=7.7037 latency_ms=68.1319
[2026-08-16T09:34:42] SAMPLE t=40s phase=Path_change adaptation=without_ML throughput_gbps=8.0373 latency_ms=67.9747
[2026-08-16T09:34:43] SAMPLE t=41s phase=Path_change adaptation=without_ML throughput_gbps=7.4911 latency_ms=66.8514
[2026-08-16T09:34:44] SAMPLE t=42s phase=Path_change adaptation=without_ML throughput_gbps=7.3417 latency_ms=69.2178
[2026-08-16T09:34:45] SAMPLE t=43s phase=Path_change adaptation=without_ML throughput_gbps=6.989 latency_ms=69.7419
[2026-08-16T09:34:46] SAMPLE t=44s phase=Path_change adaptation=without_ML throughput_gbps=6.8911 latency_ms=70.4939
[2026-08-16T09:34:47] SAMPLE t=45s phase=Path_change adaptation=without_ML throughput_gbps=6.0073 latency_ms=70.4955
[2026-08-16T09:34:48] SAMPLE t=46s phase=Path_change adaptation=without_ML throughput_gbps=6.1641 latency_ms=74.2107
[2026-08-16T09:34:49] SAMPLE t=47s phase=Path_change adaptation=without_ML throughput_gbps=5.9787 latency_ms=72.2498
[2026-08-16T09:34:50] SAMPLE t=48s phase=Path_change adaptation=without_ML throughput_gbps=5.9628 latency_ms=72.0796
[2026-08-16T09:34:51] SAMPLE t=49s phase=Path_change adaptation=without_ML throughput_gbps=5.7658 latency_ms=74.4418
[2026-08-16T09:34:52] SAMPLE t=50s phase=Path_change adaptation=without_ML throughput_gbps=5.8802 latency_ms=72.5931
[2026-08-16T09:34:53] SAMPLE t=51s phase=Path_change adaptation=without_ML throughput_gbps=5.8209 latency_ms=74.4899
[2026-08-16T09:34:54] SAMPLE t=52s phase=Path_change adaptation=without_ML throughput_gbps=5.8156 latency_ms=75.167
[2026-08-16T09:34:55] SAMPLE t=53s phase=Path_change adaptation=without_ML throughput_gbps=6.0786 latency_ms=71.9533
[2026-08-16T09:34:56] SAMPLE t=54s phase=Path_change adaptation=without_ML throughput_gbps=5.9104 latency_ms=72.2885
[2026-08-16T09:34:57] SAMPLE t=55s phase=Path_change adaptation=without_ML throughput_gbps=6.6359 latency_ms=72.1029
[2026-08-16T09:34:58] SAMPLE t=56s phase=Path_change adaptation=without_ML throughput_gbps=6.697 latency_ms=67.7606
[2026-08-16T09:34:59] SAMPLE t=57s phase=Path_change adaptation=without_ML throughput_gbps=7.0113 latency_ms=70.348
[2026-08-16T09:35:00] SAMPLE t=58s phase=Path_change adaptation=without_ML throughput_gbps=6.9947 latency_ms=68.7677
[2026-08-16T09:35:01] SAMPLE t=59s phase=Path_change adaptation=without_ML throughput_gbps=7.7849 latency_ms=67.988
[2026-08-16T09:35:02] SAMPLE t=60s phase=Loss_spike adaptation=without_ML throughput_gbps=6.4313 latency_ms=69.7571
[2026-08-16T09:35:03] SAMPLE t=61s phase=Loss_spike adaptation=without_ML throughput_gbps=8.4546 latency_ms=78.9016
[2026-08-16T09:35:04] SAMPLE t=62s phase=Loss_spike adaptation=without_ML throughput_gbps=7.9121 latency_ms=76.8774
[2026-08-16T09:35:05] SAMPLE t=63s phase=Loss_spike adaptation=without_ML throughput_gbps=5.1127 latency_ms=74.2318
[2026-08-16T09:35:06] SAMPLE t=64s phase=Loss_spike adaptation=without_ML throughput_gbps=3.8338 latency_ms=80.0894
[2026-08-16T09:35:07] SAMPLE t=65s phase=Loss_spike adaptation=without_ML throughput_gbps=6.4478 latency_ms=71.862
[2026-08-16T09:35:08] SAMPLE t=66s phase=Loss_spike adaptation=without_ML throughput_gbps=8.4707 latency_ms=80.9297
[2026-08-16T09:35:09] SAMPLE t=67s phase=Loss_spike adaptation=without_ML throughput_gbps=7.4532 latency_ms=75.2291
[2026-08-16T09:35:10] SAMPLE t=68s phase=Loss_spike adaptation=without_ML throughput_gbps=4.8487 latency_ms=74.7347
[2026-08-16T09:35:11] SAMPLE t=69s phase=Loss_spike adaptation=without_ML throughput_gbps=4.2134 latency_ms=77.2489
[2026-08-16T09:35:12] SAMPLE t=70s phase=Loss_spike adaptation=without_ML throughput_gbps=6.1434 latency_ms=70.8104
[2026-08-16T09:35:13] SAMPLE t=71s phase=Loss_spike adaptation=without_ML throughput_gbps=8.1848 latency_ms=78.5067
[2026-08-16T09:35:14] SAMPLE t=72s phase=Loss_spike adaptation=without_ML throughput_gbps=7.6302 latency_ms=76.0041
[2026-08-16T09:35:15] SAMPLE t=73s phase=Loss_spike adaptation=without_ML throughput_gbps=4.8365 latency_ms=74.7311
[2026-08-16T09:35:16] SAMPLE t=74s phase=Loss_spike adaptation=without_ML throughput_gbps=3.9221 latency_ms=80.6849
[2026-08-16T09:35:17] SAMPLE t=75s phase=Loss_spike adaptation=without_ML throughput_gbps=6.1361 latency_ms=68.2996
[2026-08-16T09:35:18] SAMPLE t=76s phase=Loss_spike adaptation=without_ML throughput_gbps=8.5791 latency_ms=77.647
[2026-08-16T09:35:19] SAMPLE t=77s phase=Loss_spike adaptation=without_ML throughput_gbps=7.7074 latency_ms=77.7072
[2026-08-16T09:35:20] SAMPLE t=78s phase=Loss_spike adaptation=without_ML throughput_gbps=4.7842 latency_ms=73.4324
[2026-08-16T09:35:21] SAMPLE t=79s phase=Loss_spike adaptation=without_ML throughput_gbps=3.9039 latency_ms=80.3794
[2026-08-16T09:35:22] SAMPLE t=80s phase=Recovery adaptation=without_ML throughput_gbps=7.5929 latency_ms=65.9311
[2026-08-16T09:35:23] SAMPLE t=81s phase=Recovery adaptation=without_ML throughput_gbps=7.9187 latency_ms=65.6012
[2026-08-16T09:35:24] SAMPLE t=82s phase=Recovery adaptation=without_ML throughput_gbps=7.8845 latency_ms=65.7026
[2026-08-16T09:35:25] SAMPLE t=83s phase=Recovery adaptation=without_ML throughput_gbps=8.056 latency_ms=65.8526
[2026-08-16T09:35:26] SAMPLE t=84s phase=Recovery adaptation=without_ML throughput_gbps=8.4326 latency_ms=66.2934
[2026-08-16T09:35:27] SAMPLE t=85s phase=Recovery adaptation=without_ML throughput_gbps=7.6227 latency_ms=64.6512
[2026-08-16T09:35:28] SAMPLE t=86s phase=Recovery adaptation=without_ML throughput_gbps=7.6544 latency_ms=66.1408
[2026-08-16T09:35:29] SAMPLE t=87s phase=Recovery adaptation=without_ML throughput_gbps=7.8434 latency_ms=65.8589
[2026-08-16T09:35:30] SAMPLE t=88s phase=Recovery adaptation=without_ML throughput_gbps=7.9779 latency_ms=66.1805
[2026-08-16T09:35:31] SAMPLE t=89s phase=Recovery adaptation=without_ML throughput_gbps=8.0461 latency_ms=65.7126
[2026-08-16T09:35:32] SAMPLE t=90s phase=Recovery adaptation=without_ML throughput_gbps=8.0748 latency_ms=64.1171
[2026-08-16T09:35:33] SAMPLE t=91s phase=Recovery adaptation=without_ML throughput_gbps=8.3501 latency_ms=65.3598
[2026-08-16T09:35:34] SAMPLE t=92s phase=Recovery adaptation=without_ML throughput_gbps=7.8489 latency_ms=66.1806
[2026-08-16T09:35:35] SAMPLE t=93s phase=Recovery adaptation=without_ML throughput_gbps=8.1052 latency_ms=65.3952
[2026-08-16T09:35:36] SAMPLE t=94s phase=Recovery adaptation=without_ML throughput_gbps=8.0089 latency_ms=66.0828
[2026-08-16T09:35:37] SAMPLE t=95s phase=Recovery adaptation=without_ML throughput_gbps=7.7574 latency_ms=66.649
[2026-08-16T09:35:38] SAMPLE t=96s phase=Recovery adaptation=without_ML throughput_gbps=7.9641 latency_ms=67.1391
[2026-08-16T09:35:39] SAMPLE t=97s phase=Recovery adaptation=without_ML throughput_gbps=8.1786 latency_ms=63.8981
[2026-08-16T09:35:40] SAMPLE t=98s phase=Recovery adaptation=without_ML throughput_gbps=8.3329 latency_ms=68.0718
[2026-08-16T09:35:41] SAMPLE t=99s phase=Recovery adaptation=without_ML throughput_gbps=7.9396 latency_ms=67.2385
[2026-08-16T09:34:02] TRACE_END run_id=119 status=OK
[2026-08-16T09:40:12] TRACE_START run_id=120
[2026-08-16T09:40:12] SAMPLE t=0s phase=Stable adaptation=with_ML throughput_gbps=8.1056 latency_ms=67.8216
[2026-08-16T09:40:13] SAMPLE t=1s phase=Stable adaptation=with_ML throughput_gbps=8.2533 latency_ms=69.482
[2026-08-16T09:40:14] SAMPLE t=2s phase=Stable adaptation=with_ML throughput_gbps=7.8864 latency_ms=65.1481
[2026-08-16T09:40:15] SAMPLE t=3s phase=Stable adaptation=with_ML throughput_gbps=7.5781 latency_ms=65.4322
[2026-08-16T09:40:16] SAMPLE t=4s phase=Stable adaptation=with_ML throughput_gbps=8.3034 latency_ms=67.2455
[2026-08-16T09:40:17] SAMPLE t=5s phase=Stable adaptation=with_ML throughput_gbps=7.9407 latency_ms=64.5792
[2026-08-16T09:40:18] SAMPLE t=6s phase=Stable adaptation=with_ML throughput_gbps=8.1879 latency_ms=65.1653
[2026-08-16T09:40:19] SAMPLE t=7s phase=Stable adaptation=with_ML throughput_gbps=7.9333 latency_ms=64.7516
[2026-08-16T09:40:20] SAMPLE t=8s phase=Stable adaptation=with_ML throughput_gbps=8.0161 latency_ms=67.0722
[2026-08-16T09:40:21] SAMPLE t=9s phase=Stable adaptation=with_ML throughput_gbps=8.2628 latency_ms=69.2877
[2026-08-16T09:40:22] SAMPLE t=10s phase=Stable adaptation=with_ML throughput_gbps=8.3461 latency_ms=69.0109
[2026-08-16T09:40:23] SAMPLE t=11s phase=Stable adaptation=with_ML throughput_gbps=8.0891 latency_ms=66.2573
[2026-08-16T09:40:24] SAMPLE t=12s phase=Stable adaptation=with_ML throughput_gbps=8.1987 latency_ms=67.8303
[2026-08-16T09:40:25] SAMPLE t=13s phase=Stable adaptation=with_ML throughput_gbps=8.2381 latency_ms=66.7448
[2026-08-16T09:40:26] SAMPLE t=14s phase=Stable adaptation=with_ML throughput_gbps=7.9502 latency_ms=67.2875
[2026-08-16T09:40:27] SAMPLE t=15s phase=Stable adaptation=with_ML throughput_gbps=7.9681 latency_ms=66.8885
[2026-08-16T09:40:28] SAMPLE t=16s phase=Stable adaptation=with_ML throughput_gbps=7.8468 latency_ms=67.2818
[2026-08-16T09:40:29] SAMPLE t=17s phase=Stable adaptation=with_ML throughput_gbps=8.3167 latency_ms=64.41
[2026-08-16T09:40:30] SAMPLE t=18s phase=Stable adaptation=with_ML throughput_gbps=8.1374 latency_ms=66.3874
[2026-08-16T09:40:31] SAMPLE t=19s phase=Stable adaptation=with_ML throughput_gbps=7.9472 latency_ms=66.443
[2026-08-16T09:40:32] SAMPLE t=20s phase=Congestion adaptation=with_ML throughput_gbps=8.3658 latency_ms=67.5594
[2026-08-16T09:40:33] SAMPLE t=21s phase=Congestion adaptation=with_ML throughput_gbps=8.3823 latency_ms=66.3048
[2026-08-16T09:40:34] SAMPLE t=22s phase=Congestion adaptation=with_ML throughput_gbps=7.813 latency_ms=68.4397
[2026-08-16T09:40:35] SAMPLE t=23s phase=Congestion adaptation=with_ML throughput_gbps=7.8994 latency_ms=66.6828
[2026-08-16T09:40:36] SAMPLE t=24s phase=Congestion adaptation=with_ML throughput_gbps=8.0406 latency_ms=69.8963
[2026-08-16T09:40:37] SAMPLE t=25s phase=Congestion adaptation=with_ML throughput_gbps=7.8419 latency_ms=64.4751
[2026-08-16T09:40:38] SAMPLE t=26s phase=Congestion adaptation=with_ML throughput_gbps=8.1026 latency_ms=66.8278
[2026-08-16T09:40:39] SAMPLE t=27s phase=Congestion adaptation=with_ML throughput_gbps=7.9684 latency_ms=68.6327
[2026-08-16T09:40:40] SAMPLE t=28s phase=Congestion adaptation=with_ML throughput_gbps=7.87 latency_ms=66.8112
[2026-08-16T09:40:41] SAMPLE t=29s phase=Congestion adaptation=with_ML throughput_gbps=8.0031 latency_ms=68.0718
[2026-08-16T09:40:42] SAMPLE t=30s phase=Congestion adaptation=with_ML throughput_gbps=8.0509 latency_ms=66.2755
[2026-08-16T09:40:43] SAMPLE t=31s phase=Congestion adaptation=with_ML throughput_gbps=8.0856 latency_ms=63.9052
[2026-08-16T09:40:44] SAMPLE t=32s phase=Congestion adaptation=with_ML throughput_gbps=8.1941 latency_ms=68.0556
[2026-08-16T09:40:45] SAMPLE t=33s phase=Congestion adaptation=with_ML throughput_gbps=8.0843 latency_ms=65.2045
[2026-08-16T09:40:46] SAMPLE t=34s phase=Congestion adaptation=with_ML throughput_gbps=8.0936 latency_ms=66.5275
[2026-08-16T09:40:47] SAMPLE t=35s phase=Congestion adaptation=with_ML throughput_gbps=8.0572 latency_ms=64.7605
[2026-08-16T09:40:48] SAMPLE t=36s phase=Congestion adaptation=with_ML throughput_gbps=8.2583 latency_ms=65.6842
[2026-08-16T09:40:49] SAMPLE t=37s phase=Congestion adaptation=with_ML throughput_gbps=8.4889 latency_ms=64.4662
[2026-08-16T09:40:50] SAMPLE t=38s phase=Congestion adaptation=with_ML throughput_gbps=8.168 latency_ms=65.7717
[2026-08-16T09:40:51] SAMPLE t=39s phase=Congestion adaptation=with_ML throughput_gbps=8.1027 latency_ms=65.4863
[2026-08-16T09:40:52] SAMPLE t=40s phase=Path_change adaptation=with_ML throughput_gbps=7.862 latency_ms=66.3872
[2026-08-16T09:40:53] SAMPLE t=41s phase=Path_change adaptation=with_ML throughput_gbps=7.9532 latency_ms=64.699
[2026-08-16T09:40:54] SAMPLE t=42s phase=Path_change adaptation=with_ML throughput_gbps=7.8338 latency_ms=67.6519
[2026-08-16T09:40:55] SAMPLE t=43s phase=Path_change adaptation=with_ML throughput_gbps=7.8027 latency_ms=69.0687
[2026-08-16T09:40:56] SAMPLE t=44s phase=Path_change adaptation=with_ML throughput_gbps=7.5916 latency_ms=65.4017
[2026-08-16T09:40:57] SAMPLE t=45s phase=Path_change adaptation=with_ML throughput_gbps=7.3703 latency_ms=67.2344
[2026-08-16T09:40:58] SAMPLE t=46s phase=Path_change adaptation=with_ML throughput_gbps=7.3497 latency_ms=69.0628
[2026-08-16T09:40:59] SAMPLE t=47s phase=Path_change adaptation=with_ML throughput_gbps=7.5594 latency_ms=68.6525
[2026-08-16T09:41:00] SAMPLE t=48s phase=Path_change adaptation=with_ML throughput_gbps=7.2157 latency_ms=69.5751
[2026-08-16T09:41:01] SAMPLE t=49s phase=Path_change adaptation=with_ML throughput_gbps=7.28 latency_ms=66.6779
[2026-08-16T09:41:02] SAMPLE t=50s phase=Path_change adaptation=with_ML throughput_gbps=7.2101 latency_ms=71.0164
[2026-08-16T09:41:03] SAMPLE t=51s phase=Path_change adaptation=with_ML throughput_gbps=6.9826 latency_ms=69.9011
[2026-08-16T09:41:04] SAMPLE t=52s phase=Path_change adaptation=with_ML throughput_gbps=7.3208 latency_ms=68.4165
[2026-08-16T09:41:05] SAMPLE t=53s phase=Path_change adaptation=with_ML throughput_gbps=7.2666 latency_ms=68.3229
[2026-08-16T09:41:06] SAMPLE t=54s phase=Path_change adaptation=with_ML throughput_gbps=7.3856 latency_ms=66.4071
[2026-08-16T09:41:07] SAMPLE t=55s phase=Path_change adaptation=with_ML throughput_gbps=7.3423 latency_ms=69.2442
[2026-08-16T09:41:08] SAMPLE t=56s phase=Path_change adaptation=with_ML throughput_gbps=7.5715 latency_ms=68.2979
[2026-08-16T09:41:09] SAMPLE t=57s phase=Path_change adaptation=with_ML throughput_gbps=7.6912 latency_ms=70.5057
[2026-08-16T09:41:10] SAMPLE t=58s phase=Path_change adaptation=with_ML throughput_gbps=7.7278 latency_ms=66.3144
[2026-08-16T09:41:11] SAMPLE t=59s phase=Path_change adaptation=with_ML throughput_gbps=7.8622 latency_ms=67.3925
[2026-08-16T09:41:12] SAMPLE t=60s phase=Loss_spike adaptation=with_ML throughput_gbps=7.3494 latency_ms=68.7624
[2026-08-16T09:41:13] SAMPLE t=61s phase=Loss_spike adaptation=with_ML throughput_gbps=8.434 latency_ms=69.6846
[2026-08-16T09:41:14] SAMPLE t=62s phase=Loss_spike adaptation=with_ML throughput_gbps=8.2089 latency_ms=68.5759
[2026-08-16T09:41:15] SAMPLE t=63s phase=Loss_spike adaptation=with_ML throughput_gbps=6.5044 latency_ms=69.2508
[2026-08-16T09:41:16] SAMPLE t=64s phase=Loss_spike adaptation=with_ML throughput_gbps=6.3015 latency_ms=68.8616
[2026-08-16T09:41:17] SAMPLE t=65s phase=Loss_spike adaptation=with_ML throughput_gbps=7.4825 latency_ms=68.8204
[2026-08-16T09:41:18] SAMPLE t=66s phase=Loss_spike adaptation=with_ML throughput_gbps=8.2112 latency_ms=71.1909
[2026-08-16T09:41:19] SAMPLE t=67s phase=Loss_spike adaptation=with_ML throughput_gbps=7.8538 latency_ms=69.5613
[2026-08-16T09:41:20] SAMPLE t=68s phase=Loss_spike adaptation=with_ML throughput_gbps=6.552 latency_ms=70.2571
[2026-08-16T09:41:21] SAMPLE t=69s phase=Loss_spike adaptation=with_ML throughput_gbps=5.9609 latency_ms=70.5805
[2026-08-16T09:41:22] SAMPLE t=70s phase=Loss_spike adaptation=with_ML throughput_gbps=7.3144 latency_ms=68.3129
[2026-08-16T09:41:23] SAMPLE t=71s phase=Loss_spike adaptation=with_ML throughput_gbps=8.4478 latency_ms=73.3721
[2026-08-16T09:41:24] SAMPLE t=72s phase=Loss_spike adaptation=with_ML throughput_gbps=8.1496 latency_ms=70.2841
[2026-08-16T09:41:25] SAMPLE t=73s phase=Loss_spike adaptation=with_ML throughput_gbps=6.7538 latency_ms=67.2764
[2026-08-16T09:41:26] SAMPLE t=74s phase=Loss_spike adaptation=with_ML throughput_gbps=6.1639 latency_ms=70.5084
[2026-08-16T09:41:27] SAMPLE t=75s phase=Loss_spike adaptation=with_ML throughput_gbps=7.2488 latency_ms=65.6335
[2026-08-16T09:41:28] SAMPLE t=76s phase=Loss_spike adaptation=with_ML throughput_gbps=8.211 latency_ms=68.2827
[2026-08-16T09:41:29] SAMPLE t=77s phase=Loss_spike adaptation=with_ML throughput_gbps=7.5808 latency_ms=70.6396
[2026-08-16T09:41:30] SAMPLE t=78s phase=Loss_spike adaptation=with_ML throughput_gbps=6.7186 latency_ms=69.7252
[2026-08-16T09:41:31] SAMPLE t=79s phase=Loss_spike adaptation=with_ML throughput_gbps=6.4019 latency_ms=71.9023
[2026-08-16T09:41:32] SAMPLE t=80s phase=Recovery adaptation=with_ML throughput_gbps=7.8544 latency_ms=65.946
[2026-08-16T09:41:33] SAMPLE t=81s phase=Recovery adaptation=with_ML throughput_gbps=7.661 latency_ms=64.8516
[2026-08-16T09:41:34] SAMPLE t=82s phase=Recovery adaptation=with_ML throughput_gbps=8.198 latency_ms=68.534
[2026-08-16T09:41:35] SAMPLE t=83s phase=Recovery adaptation=with_ML throughput_gbps=7.965 latency_ms=66.3017
[2026-08-16T09:41:36] SAMPLE t=84s phase=Recovery adaptation=with_ML throughput_gbps=8.1308 latency_ms=64.989
[2026-08-16T09:41:37] SAMPLE t=85s phase=Recovery adaptation=with_ML throughput_gbps=8.2861 latency_ms=64.0724
[2026-08-16T09:41:38] SAMPLE t=86s phase=Recovery adaptation=with_ML throughput_gbps=8.4454 latency_ms=65.3796
[2026-08-16T09:41:39] SAMPLE t=87s phase=Recovery adaptation=with_ML throughput_gbps=7.9425 latency_ms=64.5325
[2026-08-16T09:41:40] SAMPLE t=88s phase=Recovery adaptation=with_ML throughput_gbps=8.3311 latency_ms=64.8103
[2026-08-16T09:41:41] SAMPLE t=89s phase=Recovery adaptation=with_ML throughput_gbps=8.6186 latency_ms=66.7209
[2026-08-16T09:41:42] SAMPLE t=90s phase=Recovery adaptation=with_ML throughput_gbps=8.549 latency_ms=65.3504
[2026-08-16T09:41:43] SAMPLE t=91s phase=Recovery adaptation=with_ML throughput_gbps=8.5017 latency_ms=67.5067
[2026-08-16T09:41:44] SAMPLE t=92s phase=Recovery adaptation=with_ML throughput_gbps=8.0283 latency_ms=68.3534
[2026-08-16T09:41:45] SAMPLE t=93s phase=Recovery adaptation=with_ML throughput_gbps=8.2727 latency_ms=67.2144
[2026-08-16T09:41:46] SAMPLE t=94s phase=Recovery adaptation=with_ML throughput_gbps=8.0997 latency_ms=67.2379
[2026-08-16T09:41:47] SAMPLE t=95s phase=Recovery adaptation=with_ML throughput_gbps=8.1904 latency_ms=64.6737
[2026-08-16T09:41:48] SAMPLE t=96s phase=Recovery adaptation=with_ML throughput_gbps=8.6725 latency_ms=65.6568
[2026-08-16T09:41:49] SAMPLE t=97s phase=Recovery adaptation=with_ML throughput_gbps=8.2574 latency_ms=65.3967
[2026-08-16T09:41:50] SAMPLE t=98s phase=Recovery adaptation=with_ML throughput_gbps=8.5211 latency_ms=63.711
[2026-08-16T09:41:51] SAMPLE t=99s phase=Recovery adaptation=with_ML throughput_gbps=8.2106 latency_ms=63.593
[2026-08-16T09:40:12] SAMPLE t=0s phase=Stable adaptation=without_ML throughput_gbps=7.8902 latency_ms=65.6645
[2026-08-16T09:40:13] SAMPLE t=1s phase=Stable adaptation=without_ML throughput_gbps=8.0116 latency_ms=65.2955
[2026-08-16T09:40:14] SAMPLE t=2s phase=Stable adaptation=without_ML throughput_gbps=8.2378 latency_ms=65.1983
[2026-08-16T09:40:15] SAMPLE t=3s phase=Stable adaptation=without_ML throughput_gbps=8.2667 latency_ms=63.6214
[2026-08-16T09:40:16] SAMPLE t=4s phase=Stable adaptation=without_ML throughput_gbps=8.0662 latency_ms=66.0135
[2026-08-16T09:40:17] SAMPLE t=5s phase=Stable adaptation=without_ML throughput_gbps=7.8233 latency_ms=66.8795
[2026-08-16T09:40:18] SAMPLE t=6s phase=Stable adaptation=without_ML throughput_gbps=8.0112 latency_ms=63.8782
[2026-08-16T09:40:19] SAMPLE t=7s phase=Stable adaptation=without_ML throughput_gbps=7.7475 latency_ms=66.6632
[2026-08-16T09:40:20] SAMPLE t=8s phase=Stable adaptation=without_ML throughput_gbps=8.0417 latency_ms=68.6525
[2026-08-16T09:40:21] SAMPLE t=9s phase=Stable adaptation=without_ML throughput_gbps=8.3237 latency_ms=66.9406
[2026-08-16T09:40:22] SAMPLE t=10s phase=Stable adaptation=without_ML throughput_gbps=8.1862 latency_ms=65.7695
[2026-08-16T09:40:23] SAMPLE t=11s phase=Stable adaptation=without_ML throughput_gbps=7.7451 latency_ms=68.7206
[2026-08-16T09:40:24] SAMPLE t=12s phase=Stable adaptation=without_ML throughput_gbps=7.82 latency_ms=65.9936
[2026-08-16T09:40:25] SAMPLE t=13s phase=Stable adaptation=without_ML throughput_gbps=7.6742 latency_ms=65.558
[2026-08-16T09:40:26] SAMPLE t=14s phase=Stable adaptation=without_ML throughput_gbps=7.6341 latency_ms=65.0109
[2026-08-16T09:40:27] SAMPLE t=15s phase=Stable adaptation=without_ML throughput_gbps=7.8012 latency_ms=64.8614
[2026-08-16T09:40:28] SAMPLE t=16s phase=Stable adaptation=without_ML throughput_gbps=8.1056 latency_ms=63.9623
[2026-08-16T09:40:29] SAMPLE t=17s phase=Stable adaptation=without_ML throughput_gbps=8.2062 latency_ms=65.2839
[2026-08-16T09:40:30] SAMPLE t=18s phase=Stable adaptation=without_ML throughput_gbps=8.2032 latency_ms=70.1807
[2026-08-16T09:40:31] SAMPLE t=19s phase=Stable adaptation=without_ML throughput_gbps=7.7793 latency_ms=68.0429
[2026-08-16T09:40:32] SAMPLE t=20s phase=Congestion adaptation=without_ML throughput_gbps=8.1466 latency_ms=64.471
[2026-08-16T09:40:33] SAMPLE t=21s phase=Congestion adaptation=without_ML throughput_gbps=8.095 latency_ms=66.3373
[2026-08-16T09:40:34] SAMPLE t=22s phase=Congestion adaptation=without_ML throughput_gbps=7.7864 latency_ms=64.9832
[2026-08-16T09:40:35] SAMPLE t=23s phase=Congestion adaptation=without_ML throughput_gbps=7.8446 latency_ms=68.2808
[2026-08-16T09:40:36] SAMPLE t=24s phase=Congestion adaptation=without_ML throughput_gbps=7.9964 latency_ms=66.8972
[2026-08-16T09:40:37] SAMPLE t=25s phase=Congestion adaptation=without_ML throughput_gbps=7.7959 latency_ms=64.6435
[2026-08-16T09:40:38] SAMPLE t=26s phase=Congestion adaptation=without_ML throughput_gbps=8.2771 latency_ms=65.2656
[2026-08-16T09:40:39] SAMPLE t=27s phase=Congestion adaptation=without_ML throughput_gbps=8.2594 latency_ms=66.1476
[2026-08-16T09:40:40] SAMPLE t=28s phase=Congestion adaptation=without_ML throughput_gbps=8.3 latency_ms=65.5697
[2026-08-16T09:40:41] SAMPLE t=29s phase=Congestion adaptation=without_ML throughput_gbps=7.953 latency_ms=67.8209
[2026-08-16T09:40:42] SAMPLE t=30s phase=Congestion adaptation=without_ML throughput_gbps=7.956 latency_ms=64.4468
[2026-08-16T09:40:43] SAMPLE t=31s phase=Congestion adaptation=without_ML throughput_gbps=8.1683 latency_ms=65.3191
[2026-08-16T09:40:44] SAMPLE t=32s phase=Congestion adaptation=without_ML throughput_gbps=8.0223 latency_ms=65.5075
[2026-08-16T09:40:45] SAMPLE t=33s phase=Congestion adaptation=without_ML throughput_gbps=7.876 latency_ms=66.353
[2026-08-16T09:40:46] SAMPLE t=34s phase=Congestion adaptation=without_ML throughput_gbps=8.1368 latency_ms=66.2398
[2026-08-16T09:40:47] SAMPLE t=35s phase=Congestion adaptation=without_ML throughput_gbps=8.2569 latency_ms=65.6702
[2026-08-16T09:40:48] SAMPLE t=36s phase=Congestion adaptation=without_ML throughput_gbps=7.9949 latency_ms=65.8629
[2026-08-16T09:40:49] SAMPLE t=37s phase=Congestion adaptation=without_ML throughput_gbps=7.9609 latency_ms=63.8038
[2026-08-16T09:40:50] SAMPLE t=38s phase=Congestion adaptation=without_ML throughput_gbps=8.1506 latency_ms=67.384
[2026-08-16T09:40:51] SAMPLE t=39s phase=Congestion adaptation=without_ML throughput_gbps=7.8264 latency_ms=66.4155
[2026-08-16T09:40:52] SAMPLE t=40s phase=Path_change adaptation=without_ML throughput_gbps=8.3592 latency_ms=67.3304
[2026-08-16T09:40:53] SAMPLE t=41s phase=Path_change adaptation=without_ML throughput_gbps=7.9056 latency_ms=66.3494
[2026-08-16T09:40:54] SAMPLE t=42s phase=Path_change adaptation=without_ML throughput_gbps=7.5603 latency_ms=67.7328
[2026-08-16T09:40:55] SAMPLE t=43s phase=Path_change adaptation=without_ML throughput_gbps=6.9466 latency_ms=67.5901
[2026-08-16T09:40:56] SAMPLE t=44s phase=Path_change adaptation=without_ML throughput_gbps=6.4906 latency_ms=68.0589
[2026-08-16T09:40:57] SAMPLE t=45s phase=Path_change adaptation=without_ML throughput_gbps=6.6242 latency_ms=71.634
[2026-08-16T09:40:58] SAMPLE t=46s phase=Path_change adaptation=without_ML throughput_gbps=6.5425 latency_ms=71.3108
[2026-08-16T09:40:59] SAMPLE t=47s phase=Path_change adaptation=without_ML throughput_gbps=6.0586 latency_ms=75.0244
[2026-08-16T09:41:00] SAMPLE t=48s phase=Path_change adaptation=without_ML throughput_gbps=5.5292 latency_ms=74.4739
[2026-08-16T09:41:01] SAMPLE t=49s phase=Path_change adaptation=without_ML throughput_gbps=5.8322 latency_ms=71.0104
[2026-08-16T09:41:02] SAMPLE t=50s phase=Path_change adaptation=without_ML throughput_gbps=5.5439 latency_ms=74.8754
[2026-08-16T09:41:03] SAMPLE t=51s phase=Path_change adaptation=without_ML throughput_gbps=6.1241 latency_ms=72.1616
[2026-08-16T09:41:04] SAMPLE t=52s phase=Path_change adaptation=without_ML throughput_gbps=5.6778 latency_ms=69.8335
[2026-08-16T09:41:05] SAMPLE t=53s phase=Path_change adaptation=without_ML throughput_gbps=6.2249 latency_ms=73.5801
[2026-08-16T09:41:06] SAMPLE t=54s phase=Path_change adaptation=without_ML throughput_gbps=6.1937 latency_ms=70.359
[2026-08-16T09:41:07] SAMPLE t=55s phase=Path_change adaptation=without_ML throughput_gbps=6.3031 latency_ms=68.4327
[2026-08-16T09:41:08] SAMPLE t=56s phase=Path_change adaptation=without_ML throughput_gbps=6.6377 latency_ms=70.7343
[2026-08-16T09:41:09] SAMPLE t=57s phase=Path_change adaptation=without_ML throughput_gbps=6.9599 latency_ms=70.299
[2026-08-16T09:41:10] SAMPLE t=58s phase=Path_change adaptation=without_ML throughput_gbps=7.5382 latency_ms=68.3966
[2026-08-16T09:41:11] SAMPLE t=59s phase=Path_change adaptation=without_ML throughput_gbps=7.5478 latency_ms=66.8889
[2026-08-16T09:41:12] SAMPLE t=60s phase=Loss_spike adaptation=without_ML throughput_gbps=6.3072 latency_ms=71.2923
[2026-08-16T09:41:13] SAMPLE t=61s phase=Loss_spike adaptation=without_ML throughput_gbps=7.8953 latency_ms=78.1654
[2026-08-16T09:41:14] SAMPLE t=62s phase=Loss_spike adaptation=without_ML throughput_gbps=7.5944 latency_ms=75.3921
[2026-08-16T09:41:15] SAMPLE t=63s phase=Loss_spike adaptation=without_ML throughput_gbps=4.9222 latency_ms=77.2075
[2026-08-16T09:41:16] SAMPLE t=64s phase=Loss_spike adaptation=without_ML throughput_gbps=3.978 latency_ms=82.5966
[2026-08-16T09:41:17] SAMPLE t=65s phase=Loss_spike adaptation=without_ML throughput_gbps=6.3912 latency_ms=68.895
[2026-08-16T09:41:18] SAMPLE t=66s phase=Loss_spike adaptation=without_ML throughput_gbps=8.3668 latency_ms=81.3497
[2026-08-16T09:41:19] SAMPLE t=67s phase=Loss_spike adaptation=without_ML throughput_gbps=7.8653 latency_ms=73.86
[2026-08-16T09:41:20] SAMPLE t=68s phase=Loss_spike adaptation=without_ML throughput_gbps=5.1772 latency_ms=79.2405
[2026-08-16T09:41:21] SAMPLE t=69s phase=Loss_spike adaptation=without_ML throughput_gbps=4.1337 latency_ms=82.606
[2026-08-16T09:41:22] SAMPLE t=70s phase=Loss_spike adaptation=without_ML throughput_gbps=6.3408 latency_ms=70.5825
[2026-08-16T09:41:23] SAMPLE t=71s phase=Loss_spike adaptation=without_ML throughput_gbps=8.6969 latency_ms=80.842
[2026-08-16T09:41:24] SAMPLE t=72s phase=Loss_spike adaptation=without_ML throughput_gbps=7.5086 latency_ms=74.3104
[2026-08-16T09:41:25] SAMPLE t=73s phase=Loss_spike adaptation=without_ML throughput_gbps=4.7351 latency_ms=77.7048
[2026-08-16T09:41:26] SAMPLE t=74s phase=Loss_spike adaptation=without_ML throughput_gbps=4.0296 latency_ms=83.1981
[2026-08-16T09:41:27] SAMPLE t=75s phase=Loss_spike adaptation=without_ML throughput_gbps=6.4513 latency_ms=68.3989
[2026-08-16T09:41:28] SAMPLE t=76s phase=Loss_spike adaptation=without_ML throughput_gbps=8.53 latency_ms=80.8813
[2026-08-16T09:41:29] SAMPLE t=77s phase=Loss_spike adaptation=without_ML throughput_gbps=8.008 latency_ms=75.8152
[2026-08-16T09:41:30] SAMPLE t=78s phase=Loss_spike adaptation=without_ML throughput_gbps=4.8974 latency_ms=74.7558
[2026-08-16T09:41:31] SAMPLE t=79s phase=Loss_spike adaptation=without_ML throughput_gbps=3.9485 latency_ms=79.7585
[2026-08-16T09:41:32] SAMPLE t=80s phase=Recovery adaptation=without_ML throughput_gbps=8.6204 latency_ms=66.4029
[2026-08-16T09:41:33] SAMPLE t=81s phase=Recovery adaptation=without_ML throughput_gbps=8.2292 latency_ms=66.1609
[2026-08-16T09:41:34] SAMPLE t=82s phase=Recovery adaptation=without_ML throughput_gbps=8.1284 latency_ms=65.8581
[2026-08-16T09:41:35] SAMPLE t=83s phase=Recovery adaptation=without_ML throughput_gbps=7.8866 latency_ms=65.9631
[2026-08-16T09:41:36] SAMPLE t=84s phase=Recovery adaptation=without_ML throughput_gbps=8.1723 latency_ms=67.6555
[2026-08-16T09:41:37] SAMPLE t=85s phase=Recovery adaptation=without_ML throughput_gbps=7.9783 latency_ms=65.4119
[2026-08-16T09:41:38] SAMPLE t=86s phase=Recovery adaptation=without_ML throughput_gbps=8.2779 latency_ms=64.5838
[2026-08-16T09:41:39] SAMPLE t=87s phase=Recovery adaptation=without_ML throughput_gbps=7.992 latency_ms=66.4963
[2026-08-16T09:41:40] SAMPLE t=88s phase=Recovery adaptation=without_ML throughput_gbps=8.2122 latency_ms=65.0347
[2026-08-16T09:41:41] SAMPLE t=89s phase=Recovery adaptation=without_ML throughput_gbps=7.7934 latency_ms=65.0146
[2026-08-16T09:41:42] SAMPLE t=90s phase=Recovery adaptation=without_ML throughput_gbps=7.6462 latency_ms=66.8469
[2026-08-16T09:41:43] SAMPLE t=91s phase=Recovery adaptation=without_ML throughput_gbps=8.1199 latency_ms=67.656
[2026-08-16T09:41:44] SAMPLE t=92s phase=Recovery adaptation=without_ML throughput_gbps=7.2674 latency_ms=65.1802
[2026-08-16T09:41:45] SAMPLE t=93s phase=Recovery adaptation=without_ML throughput_gbps=8.061 latency_ms=66.3626
[2026-08-16T09:41:46] SAMPLE t=94s phase=Recovery adaptation=without_ML throughput_gbps=7.8219 latency_ms=65.4659
[2026-08-16T09:41:47] SAMPLE t=95s phase=Recovery adaptation=without_ML throughput_gbps=7.6149 latency_ms=63.9578
[2026-08-16T09:41:48] SAMPLE t=96s phase=Recovery adaptation=without_ML throughput_gbps=7.844 latency_ms=66.0493
[2026-08-16T09:41:49] SAMPLE t=97s phase=Recovery adaptation=without_ML throughput_gbps=7.8114 latency_ms=66.4716
[2026-08-16T09:41:50] SAMPLE t=98s phase=Recovery adaptation=without_ML throughput_gbps=7.9129 latency_ms=66.697
[2026-08-16T09:41:51] SAMPLE t=99s phase=Recovery adaptation=without_ML throughput_gbps=7.935 latency_ms=65.9879
[2026-08-16T09:40:12] TRACE_END run_id=120 status=OK
[2026-08-17T00:08:25] TRACE_START run_id=121
[2026-08-17T00:08:25] SAMPLE t=0s phase=Stable adaptation=with_ML throughput_gbps=8.2094 latency_ms=67.9344
[2026-08-17T00:08:26] SAMPLE t=1s phase=Stable adaptation=with_ML throughput_gbps=8.0651 latency_ms=68.6268
[2026-08-17T00:08:27] SAMPLE t=2s phase=Stable adaptation=with_ML throughput_gbps=7.9291 latency_ms=68.371
[2026-08-17T00:08:28] SAMPLE t=3s phase=Stable adaptation=with_ML throughput_gbps=8.3538 latency_ms=67.0615
[2026-08-17T00:08:29] SAMPLE t=4s phase=Stable adaptation=with_ML throughput_gbps=7.782 latency_ms=68.0702
[2026-08-17T00:08:30] SAMPLE t=5s phase=Stable adaptation=with_ML throughput_gbps=8.0108 latency_ms=66.4205
[2026-08-17T00:08:31] SAMPLE t=6s phase=Stable adaptation=with_ML throughput_gbps=8.0788 latency_ms=65.3777
[2026-08-17T00:08:32] SAMPLE t=7s phase=Stable adaptation=with_ML throughput_gbps=7.8432 latency_ms=68.3806
[2026-08-17T00:08:33] SAMPLE t=8s phase=Stable adaptation=with_ML throughput_gbps=8.144 latency_ms=64.8102
[2026-08-17T00:08:34] SAMPLE t=9s phase=Stable adaptation=with_ML throughput_gbps=7.9475 latency_ms=64.234
[2026-08-17T00:08:35] SAMPLE t=10s phase=Stable adaptation=with_ML throughput_gbps=8.0741 latency_ms=66.0886
[2026-08-17T00:08:36] SAMPLE t=11s phase=Stable adaptation=with_ML throughput_gbps=7.9611 latency_ms=65.4931
[2026-08-17T00:08:37] SAMPLE t=12s phase=Stable adaptation=with_ML throughput_gbps=7.7728 latency_ms=68.2781
[2026-08-17T00:08:38] SAMPLE t=13s phase=Stable adaptation=with_ML throughput_gbps=8.1765 latency_ms=67.0744
[2026-08-17T00:08:39] SAMPLE t=14s phase=Stable adaptation=with_ML throughput_gbps=7.961 latency_ms=65.2692
[2026-08-17T00:08:40] SAMPLE t=15s phase=Stable adaptation=with_ML throughput_gbps=7.9629 latency_ms=65.6922
[2026-08-17T00:08:41] SAMPLE t=16s phase=Stable adaptation=with_ML throughput_gbps=7.731 latency_ms=65.6674
[2026-08-17T00:08:42] SAMPLE t=17s phase=Stable adaptation=with_ML throughput_gbps=8.4439 latency_ms=67.3449
[2026-08-17T00:08:43] SAMPLE t=18s phase=Stable adaptation=with_ML throughput_gbps=8.0473 latency_ms=66.1424
[2026-08-17T00:08:44] SAMPLE t=19s phase=Stable adaptation=with_ML throughput_gbps=8.2175 latency_ms=66.0566
[2026-08-17T00:08:45] SAMPLE t=20s phase=Congestion adaptation=with_ML throughput_gbps=7.962 latency_ms=66.536
[2026-08-17T00:08:46] SAMPLE t=21s phase=Congestion adaptation=with_ML throughput_gbps=7.7641 latency_ms=67.8596
[2026-08-17T00:08:47] SAMPLE t=22s phase=Congestion adaptation=with_ML throughput_gbps=8.0849 latency_ms=68.2209
[2026-08-17T00:08:48] SAMPLE t=23s phase=Congestion adaptation=with_ML throughput_gbps=8.2561 latency_ms=66.2162
[2026-08-17T00:08:49] SAMPLE t=24s phase=Congestion adaptation=with_ML throughput_gbps=8.3668 latency_ms=67.4929
[2026-08-17T00:08:50] SAMPLE t=25s phase=Congestion adaptation=with_ML throughput_gbps=8.5872 latency_ms=67.9739
[2026-08-17T00:08:51] SAMPLE t=26s phase=Congestion adaptation=with_ML throughput_gbps=8.0917 latency_ms=65.2279
[2026-08-17T00:08:52] SAMPLE t=27s phase=Congestion adaptation=with_ML throughput_gbps=7.9728 latency_ms=66.8922
[2026-08-17T00:08:53] SAMPLE t=28s phase=Congestion adaptation=with_ML throughput_gbps=8.1471 latency_ms=65.4709
[2026-08-17T00:08:54] SAMPLE t=29s phase=Congestion adaptation=with_ML throughput_gbps=7.8554 latency_ms=67.3425
[2026-08-17T00:08:55] SAMPLE t=30s phase=Congestion adaptation=with_ML throughput_gbps=7.7918 latency_ms=66.5543
[2026-08-17T00:08:56] SAMPLE t=31s phase=Congestion adaptation=with_ML throughput_gbps=8.4208 latency_ms=67.7339
[2026-08-17T00:08:57] SAMPLE t=32s phase=Congestion adaptation=with_ML throughput_gbps=8.1278 latency_ms=67.3799
[2026-08-17T00:08:58] SAMPLE t=33s phase=Congestion adaptation=with_ML throughput_gbps=7.8116 latency_ms=64.9844
[2026-08-17T00:08:59] SAMPLE t=34s phase=Congestion adaptation=with_ML throughput_gbps=7.9651 latency_ms=65.4254
[2026-08-17T00:09:00] SAMPLE t=35s phase=Congestion adaptation=with_ML throughput_gbps=8.3873 latency_ms=65.9582
[2026-08-17T00:09:01] SAMPLE t=36s phase=Congestion adaptation=with_ML throughput_gbps=7.8305 latency_ms=65.9017
[2026-08-17T00:09:02] SAMPLE t=37s phase=Congestion adaptation=with_ML throughput_gbps=8.2262 latency_ms=67.4048
[2026-08-17T00:09:03] SAMPLE t=38s phase=Congestion adaptation=with_ML throughput_gbps=7.9653 latency_ms=67.366
[2026-08-17T00:09:04] SAMPLE t=39s phase=Congestion adaptation=with_ML throughput_gbps=8.1964 latency_ms=66.521
[2026-08-17T00:09:05] SAMPLE t=40s phase=Path_change adaptation=with_ML throughput_gbps=8.0639 latency_ms=67.4146
[2026-08-17T00:09:06] SAMPLE t=41s phase=Path_change adaptation=with_ML throughput_gbps=7.8518 latency_ms=68.2
[2026-08-17T00:09:07] SAMPLE t=42s phase=Path_change adaptation=with_ML throughput_gbps=7.7057 latency_ms=68.0261
[2026-08-17T00:09:08] SAMPLE t=43s phase=Path_change adaptation=with_ML throughput_gbps=7.9953 latency_ms=66.6509
[2026-08-17T00:09:09] SAMPLE t=44s phase=Path_change adaptation=with_ML throughput_gbps=7.6697 latency_ms=69.4634
[2026-08-17T00:09:10] SAMPLE t=45s phase=Path_change adaptation=with_ML throughput_gbps=7.4578 latency_ms=68.2668
[2026-08-17T00:09:11] SAMPLE t=46s phase=Path_change adaptation=with_ML throughput_gbps=7.2856 latency_ms=67.046
[2026-08-17T00:09:12] SAMPLE t=47s phase=Path_change adaptation=with_ML throughput_gbps=7.266 latency_ms=67.847
[2026-08-17T00:09:13] SAMPLE t=48s phase=Path_change adaptation=with_ML throughput_gbps=7.2477 latency_ms=66.2585
[2026-08-17T00:09:14] SAMPLE t=49s phase=Path_change adaptation=with_ML throughput_gbps=7.1034 latency_ms=68.2298
[2026-08-17T00:09:15] SAMPLE t=50s phase=Path_change adaptation=with_ML throughput_gbps=7.4368 latency_ms=69.1882
[2026-08-17T00:09:16] SAMPLE t=51s phase=Path_change adaptation=with_ML throughput_gbps=6.9667 latency_ms=67.9673
[2026-08-17T00:09:17] SAMPLE t=52s phase=Path_change adaptation=with_ML throughput_gbps=7.1281 latency_ms=69.4899
[2026-08-17T00:09:18] SAMPLE t=53s phase=Path_change adaptation=with_ML throughput_gbps=7.7055 latency_ms=67.0257
[2026-08-17T00:09:19] SAMPLE t=54s phase=Path_change adaptation=with_ML throughput_gbps=7.5643 latency_ms=68.0333
[2026-08-17T00:09:20] SAMPLE t=55s phase=Path_change adaptation=with_ML throughput_gbps=7.276 latency_ms=67.4424
[2026-08-17T00:09:21] SAMPLE t=56s phase=Path_change adaptation=with_ML throughput_gbps=7.5793 latency_ms=69.4985
[2026-08-17T00:09:22] SAMPLE t=57s phase=Path_change adaptation=with_ML throughput_gbps=8.0964 latency_ms=67.3682
[2026-08-17T00:09:23] SAMPLE t=58s phase=Path_change adaptation=with_ML throughput_gbps=7.8172 latency_ms=68.4703
[2026-08-17T00:09:24] SAMPLE t=59s phase=Path_change adaptation=with_ML throughput_gbps=7.9011 latency_ms=65.7675
[2026-08-17T00:09:25] SAMPLE t=60s phase=Loss_spike adaptation=with_ML throughput_gbps=7.3565 latency_ms=67.1853
[2026-08-17T00:09:26] SAMPLE t=61s phase=Loss_spike adaptation=with_ML throughput_gbps=8.3365 latency_ms=71.1203
[2026-08-17T00:09:27] SAMPLE t=62s phase=Loss_spike adaptation=with_ML throughput_gbps=8.339 latency_ms=70.2647
[2026-08-17T00:09:28] SAMPLE t=63s phase=Loss_spike adaptation=with_ML throughput_gbps=6.4771 latency_ms=67.9845
[2026-08-17T00:09:29] SAMPLE t=64s phase=Loss_spike adaptation=with_ML throughput_gbps=6.0727 latency_ms=72.4983
[2026-08-17T00:09:30] SAMPLE t=65s phase=Loss_spike adaptation=with_ML throughput_gbps=7.6061 latency_ms=67.9864
[2026-08-17T00:09:31] SAMPLE t=66s phase=Loss_spike adaptation=with_ML throughput_gbps=8.3014 latency_ms=71.0262
[2026-08-17T00:09:32] SAMPLE t=67s phase=Loss_spike adaptation=with_ML throughput_gbps=7.857 latency_ms=70.7252
[2026-08-17T00:09:33] SAMPLE t=68s phase=Loss_spike adaptation=with_ML throughput_gbps=6.4614 latency_ms=69.4209
[2026-08-17T00:09:34] SAMPLE t=69s phase=Loss_spike adaptation=with_ML throughput_gbps=6.4082 latency_ms=68.7065
[2026-08-17T00:09:35] SAMPLE t=70s phase=Loss_spike adaptation=with_ML throughput_gbps=7.473 latency_ms=67.6297
[2026-08-17T00:09:36] SAMPLE t=71s phase=Loss_spike adaptation=with_ML throughput_gbps=8.2573 latency_ms=72.6651
[2026-08-17T00:09:37] SAMPLE t=72s phase=Loss_spike adaptation=with_ML throughput_gbps=8.1048 latency_ms=68.4138
[2026-08-17T00:09:38] SAMPLE t=73s phase=Loss_spike adaptation=with_ML throughput_gbps=6.6135 latency_ms=71.1218
[2026-08-17T00:09:39] SAMPLE t=74s phase=Loss_spike adaptation=with_ML throughput_gbps=5.9731 latency_ms=71.0095
[2026-08-17T00:09:40] SAMPLE t=75s phase=Loss_spike adaptation=with_ML throughput_gbps=7.2524 latency_ms=67.7537
[2026-08-17T00:09:41] SAMPLE t=76s phase=Loss_spike adaptation=with_ML throughput_gbps=8.4298 latency_ms=70.007
[2026-08-17T00:09:42] SAMPLE t=77s phase=Loss_spike adaptation=with_ML throughput_gbps=7.946 latency_ms=68.9339
[2026-08-17T00:09:43] SAMPLE t=78s phase=Loss_spike adaptation=with_ML throughput_gbps=6.4762 latency_ms=71.0079
[2026-08-17T00:09:44] SAMPLE t=79s phase=Loss_spike adaptation=with_ML throughput_gbps=6.2356 latency_ms=71.1738
[2026-08-17T00:09:45] SAMPLE t=80s phase=Recovery adaptation=with_ML throughput_gbps=8.2582 latency_ms=65.5041
[2026-08-17T00:09:46] SAMPLE t=81s phase=Recovery adaptation=with_ML throughput_gbps=8.1041 latency_ms=68.0807
[2026-08-17T00:09:47] SAMPLE t=82s phase=Recovery adaptation=with_ML throughput_gbps=8.4403 latency_ms=66.7865
[2026-08-17T00:09:48] SAMPLE t=83s phase=Recovery adaptation=with_ML throughput_gbps=8.0311 latency_ms=63.9031
[2026-08-17T00:09:49] SAMPLE t=84s phase=Recovery adaptation=with_ML throughput_gbps=8.4057 latency_ms=66.527
[2026-08-17T00:09:50] SAMPLE t=85s phase=Recovery adaptation=with_ML throughput_gbps=8.1756 latency_ms=64.1535
[2026-08-17T00:09:51] SAMPLE t=86s phase=Recovery adaptation=with_ML throughput_gbps=8.0901 latency_ms=67.3872
[2026-08-17T00:09:52] SAMPLE t=87s phase=Recovery adaptation=with_ML throughput_gbps=8.4736 latency_ms=68.2818
[2026-08-17T00:09:53] SAMPLE t=88s phase=Recovery adaptation=with_ML throughput_gbps=8.2302 latency_ms=65.0639
[2026-08-17T00:09:54] SAMPLE t=89s phase=Recovery adaptation=with_ML throughput_gbps=8.0076 latency_ms=67.0675
[2026-08-17T00:09:55] SAMPLE t=90s phase=Recovery adaptation=with_ML throughput_gbps=8.09 latency_ms=64.8003
[2026-08-17T00:09:56] SAMPLE t=91s phase=Recovery adaptation=with_ML throughput_gbps=8.1141 latency_ms=64.3683
[2026-08-17T00:09:57] SAMPLE t=92s phase=Recovery adaptation=with_ML throughput_gbps=8.4357 latency_ms=65.7036
[2026-08-17T00:09:58] SAMPLE t=93s phase=Recovery adaptation=with_ML throughput_gbps=8.2325 latency_ms=65.3419
[2026-08-17T00:09:59] SAMPLE t=94s phase=Recovery adaptation=with_ML throughput_gbps=8.391 latency_ms=63.0945
[2026-08-17T00:10:00] SAMPLE t=95s phase=Recovery adaptation=with_ML throughput_gbps=8.742 latency_ms=63.1985
[2026-08-17T00:10:01] SAMPLE t=96s phase=Recovery adaptation=with_ML throughput_gbps=8.0482 latency_ms=65.2939
[2026-08-17T00:10:02] SAMPLE t=97s phase=Recovery adaptation=with_ML throughput_gbps=8.3188 latency_ms=64.2517
[2026-08-17T00:10:03] SAMPLE t=98s phase=Recovery adaptation=with_ML throughput_gbps=8.5116 latency_ms=64.6158
[2026-08-17T00:10:04] SAMPLE t=99s phase=Recovery adaptation=with_ML throughput_gbps=8.3993 latency_ms=62.9731
[2026-08-17T00:08:25] SAMPLE t=0s phase=Stable adaptation=without_ML throughput_gbps=8.0138 latency_ms=66.0858
[2026-08-17T00:08:26] SAMPLE t=1s phase=Stable adaptation=without_ML throughput_gbps=8.1645 latency_ms=65.3957
[2026-08-17T00:08:27] SAMPLE t=2s phase=Stable adaptation=without_ML throughput_gbps=7.818 latency_ms=66.2239
[2026-08-17T00:08:28] SAMPLE t=3s phase=Stable adaptation=without_ML throughput_gbps=8.2933 latency_ms=65.7811
[2026-08-17T00:08:29] SAMPLE t=4s phase=Stable adaptation=without_ML throughput_gbps=8.1914 latency_ms=64.9754
[2026-08-17T00:08:30] SAMPLE t=5s phase=Stable adaptation=without_ML throughput_gbps=7.8696 latency_ms=65.5563
[2026-08-17T00:08:31] SAMPLE t=6s phase=Stable adaptation=without_ML throughput_gbps=8.1221 latency_ms=65.3472
[2026-08-17T00:08:32] SAMPLE t=7s phase=Stable adaptation=without_ML throughput_gbps=8.2605 latency_ms=68.253
[2026-08-17T00:08:33] SAMPLE t=8s phase=Stable adaptation=without_ML throughput_gbps=8.0943 latency_ms=66.0443
[2026-08-17T00:08:34] SAMPLE t=9s phase=Stable adaptation=without_ML throughput_gbps=7.8405 latency_ms=64.7683
[2026-08-17T00:08:35] SAMPLE t=10s phase=Stable adaptation=without_ML throughput_gbps=7.8482 latency_ms=65.2479
[2026-08-17T00:08:36] SAMPLE t=11s phase=Stable adaptation=without_ML throughput_gbps=8.2248 latency_ms=64.8845
[2026-08-17T00:08:37] SAMPLE t=12s phase=Stable adaptation=without_ML throughput_gbps=7.7777 latency_ms=67.7406
[2026-08-17T00:08:38] SAMPLE t=13s phase=Stable adaptation=without_ML throughput_gbps=8.2804 latency_ms=64.9202
[2026-08-17T00:08:39] SAMPLE t=14s phase=Stable adaptation=without_ML throughput_gbps=8.234 latency_ms=68.1599
[2026-08-17T00:08:40] SAMPLE t=15s phase=Stable adaptation=without_ML throughput_gbps=7.8064 latency_ms=67.629
[2026-08-17T00:08:41] SAMPLE t=16s phase=Stable adaptation=without_ML throughput_gbps=7.7507 latency_ms=64.3478
[2026-08-17T00:08:42] SAMPLE t=17s phase=Stable adaptation=without_ML throughput_gbps=7.9443 latency_ms=65.3374
[2026-08-17T00:08:43] SAMPLE t=18s phase=Stable adaptation=without_ML throughput_gbps=7.4401 latency_ms=65.3327
[2026-08-17T00:08:44] SAMPLE t=19s phase=Stable adaptation=without_ML throughput_gbps=8.0021 latency_ms=66.5708
[2026-08-17T00:08:45] SAMPLE t=20s phase=Congestion adaptation=without_ML throughput_gbps=8.34 latency_ms=64.9105
[2026-08-17T00:08:46] SAMPLE t=21s phase=Congestion adaptation=without_ML throughput_gbps=8.0764 latency_ms=66.3454
[2026-08-17T00:08:47] SAMPLE t=22s phase=Congestion adaptation=without_ML throughput_gbps=8.0571 latency_ms=64.3467
[2026-08-17T00:08:48] SAMPLE t=23s phase=Congestion adaptation=without_ML throughput_gbps=8.099 latency_ms=66.873
[2026-08-17T00:08:49] SAMPLE t=24s phase=Congestion adaptation=without_ML throughput_gbps=7.7284 latency_ms=65.5759
[2026-08-17T00:08:50] SAMPLE t=25s phase=Congestion adaptation=without_ML throughput_gbps=8.0776 latency_ms=63.9746
[2026-08-17T00:08:51] SAMPLE t=26s phase=Congestion adaptation=without_ML throughput_gbps=8.1782 latency_ms=65.5539
[2026-08-17T00:08:52] SAMPLE t=27s phase=Congestion adaptation=without_ML throughput_gbps=8.0437 latency_ms=64.0945
[2026-08-17T00:08:53] SAMPLE t=28s phase=Congestion adaptation=without_ML throughput_gbps=7.8048 latency_ms=66.6852
[2026-08-17T00:08:54] SAMPLE t=29s phase=Congestion adaptation=without_ML throughput_gbps=8.2621 latency_ms=65.7917
[2026-08-17T00:08:55] SAMPLE t=30s phase=Congestion adaptation=without_ML throughput_gbps=8.2836 latency_ms=66.1085
[2026-08-17T00:08:56] SAMPLE t=31s phase=Congestion adaptation=without_ML throughput_gbps=7.8843 latency_ms=68.8566
[2026-08-17T00:08:57] SAMPLE t=32s phase=Congestion adaptation=without_ML throughput_gbps=8.0493 latency_ms=63.3274
[2026-08-17T00:08:58] SAMPLE t=33s phase=Congestion adaptation=without_ML throughput_gbps=7.9295 latency_ms=68.0856
[2026-08-17T00:08:59] SAMPLE t=34s phase=Congestion adaptation=without_ML throughput_gbps=7.6606 latency_ms=65.5057
[2026-08-17T00:09:00] SAMPLE t=35s phase=Congestion adaptation=without_ML throughput_gbps=7.8527 latency_ms=67.6611
[2026-08-17T00:09:01] SAMPLE t=36s phase=Congestion adaptation=without_ML throughput_gbps=7.9103 latency_ms=65.1022
[2026-08-17T00:09:02] SAMPLE t=37s phase=Congestion adaptation=without_ML throughput_gbps=7.8465 latency_ms=65.9442
[2026-08-17T00:09:03] SAMPLE t=38s phase=Congestion adaptation=without_ML throughput_gbps=7.644 latency_ms=64.0623
[2026-08-17T00:09:04] SAMPLE t=39s phase=Congestion adaptation=without_ML throughput_gbps=7.9689 latency_ms=65.7987
[2026-08-17T00:09:05] SAMPLE t=40s phase=Path_change adaptation=without_ML throughput_gbps=8.2706 latency_ms=68.2855
[2026-08-17T00:09:06] SAMPLE t=41s phase=Path_change adaptation=without_ML throughput_gbps=7.5631 latency_ms=67.2237
[2026-08-17T00:09:07] SAMPLE t=42s phase=Path_change adaptation=without_ML throughput_gbps=7.1047 latency_ms=69.2153
[2026-08-17T00:09:08] SAMPLE t=43s phase=Path_change adaptation=without_ML throughput_gbps=7.0724 latency_ms=69.6225
[2026-08-17T00:09:09] SAMPLE t=44s phase=Path_change adaptation=without_ML throughput_gbps=6.7101 latency_ms=70.5999
[2026-08-17T00:09:10] SAMPLE t=45s phase=Path_change adaptation=without_ML throughput_gbps=6.3848 latency_ms=70.8222
[2026-08-17T00:09:11] SAMPLE t=46s phase=Path_change adaptation=without_ML throughput_gbps=6.4745 latency_ms=71.1799
[2026-08-17T00:09:12] SAMPLE t=47s phase=Path_change adaptation=without_ML throughput_gbps=5.8635 latency_ms=75.2047
[2026-08-17T00:09:13] SAMPLE t=48s phase=Path_change adaptation=without_ML throughput_gbps=5.6633 latency_ms=71.893
[2026-08-17T00:09:14] SAMPLE t=49s phase=Path_change adaptation=without_ML throughput_gbps=5.7801 latency_ms=73.9582
[2026-08-17T00:09:15] SAMPLE t=50s phase=Path_change adaptation=without_ML throughput_gbps=5.8212 latency_ms=71.7584
[2026-08-17T00:09:16] SAMPLE t=51s phase=Path_change adaptation=without_ML throughput_gbps=5.7129 latency_ms=73.8593
[2026-08-17T00:09:17] SAMPLE t=52s phase=Path_change adaptation=without_ML throughput_gbps=5.8393 latency_ms=73.9556
[2026-08-17T00:09:18] SAMPLE t=53s phase=Path_change adaptation=without_ML throughput_gbps=6.1901 latency_ms=74.0998
[2026-08-17T00:09:19] SAMPLE t=54s phase=Path_change adaptation=without_ML throughput_gbps=5.7392 latency_ms=70.3567
[2026-08-17T00:09:20] SAMPLE t=55s phase=Path_change adaptation=without_ML throughput_gbps=6.2136 latency_ms=71.8708
[2026-08-17T00:09:21] SAMPLE t=56s phase=Path_change adaptation=without_ML throughput_gbps=6.6125 latency_ms=67.6196
[2026-08-17T00:09:22] SAMPLE t=57s phase=Path_change adaptation=without_ML throughput_gbps=7.3597 latency_ms=68.4754
[2026-08-17T00:09:23] SAMPLE t=58s phase=Path_change adaptation=without_ML throughput_gbps=7.6724 latency_ms=66.1705
[2026-08-17T00:09:24] SAMPLE t=59s phase=Path_change adaptation=without_ML throughput_gbps=7.8286 latency_ms=69.2676
[2026-08-17T00:09:25] SAMPLE t=60s phase=Loss_spike adaptation=without_ML throughput_gbps=6.4121 latency_ms=71.6912
[2026-08-17T00:09:26] SAMPLE t=61s phase=Loss_spike adaptation=without_ML throughput_gbps=8.7732 latency_ms=78.063
[2026-08-17T00:09:27] SAMPLE t=62s phase=Loss_spike adaptation=without_ML throughput_gbps=8.2628 latency_ms=79.2797
[2026-08-17T00:09:28] SAMPLE t=63s phase=Loss_spike adaptation=without_ML throughput_gbps=4.9539 latency_ms=75.0072
[2026-08-17T00:09:29] SAMPLE t=64s phase=Loss_spike adaptation=without_ML throughput_gbps=3.8612 latency_ms=77.4217
[2026-08-17T00:09:30] SAMPLE t=65s phase=Loss_spike adaptation=without_ML throughput_gbps=6.2358 latency_ms=68.2495
[2026-08-17T00:09:31] SAMPLE t=66s phase=Loss_spike adaptation=without_ML throughput_gbps=8.1456 latency_ms=81.171
[2026-08-17T00:09:32] SAMPLE t=67s phase=Loss_spike adaptation=without_ML throughput_gbps=7.7447 latency_ms=76.0434
[2026-08-17T00:09:33] SAMPLE t=68s phase=Loss_spike adaptation=without_ML throughput_gbps=4.8379 latency_ms=79.773
[2026-08-17T00:09:34] SAMPLE t=69s phase=Loss_spike adaptation=without_ML throughput_gbps=4.0436 latency_ms=78.3231
[2026-08-17T00:09:35] SAMPLE t=70s phase=Loss_spike adaptation=without_ML throughput_gbps=6.4187 latency_ms=70.8611
[2026-08-17T00:09:36] SAMPLE t=71s phase=Loss_spike adaptation=without_ML throughput_gbps=8.142 latency_ms=81.0391
[2026-08-17T00:09:37] SAMPLE t=72s phase=Loss_spike adaptation=without_ML throughput_gbps=7.5951 latency_ms=75.8407
[2026-08-17T00:09:38] SAMPLE t=73s phase=Loss_spike adaptation=without_ML throughput_gbps=4.6779 latency_ms=76.1754
[2026-08-17T00:09:39] SAMPLE t=74s phase=Loss_spike adaptation=without_ML throughput_gbps=4.312 latency_ms=79.722
[2026-08-17T00:09:40] SAMPLE t=75s phase=Loss_spike adaptation=without_ML throughput_gbps=5.9087 latency_ms=69.2623
[2026-08-17T00:09:41] SAMPLE t=76s phase=Loss_spike adaptation=without_ML throughput_gbps=8.8035 latency_ms=80.9743
[2026-08-17T00:09:42] SAMPLE t=77s phase=Loss_spike adaptation=without_ML throughput_gbps=7.6478 latency_ms=77.144
[2026-08-17T00:09:43] SAMPLE t=78s phase=Loss_spike adaptation=without_ML throughput_gbps=4.8085 latency_ms=76.2671
[2026-08-17T00:09:44] SAMPLE t=79s phase=Loss_spike adaptation=without_ML throughput_gbps=3.981 latency_ms=80.8763
[2026-08-17T00:09:45] SAMPLE t=80s phase=Recovery adaptation=without_ML throughput_gbps=7.8695 latency_ms=67.6637
[2026-08-17T00:09:46] SAMPLE t=81s phase=Recovery adaptation=without_ML throughput_gbps=7.5675 latency_ms=64.9958
[2026-08-17T00:09:47] SAMPLE t=82s phase=Recovery adaptation=without_ML throughput_gbps=8.2443 latency_ms=67.1754
[2026-08-17T00:09:48] SAMPLE t=83s phase=Recovery adaptation=without_ML throughput_gbps=7.9634 latency_ms=66.2201
[2026-08-17T00:09:49] SAMPLE t=84s phase=Recovery adaptation=without_ML throughput_gbps=7.9079 latency_ms=65.7119
[2026-08-17T00:09:50] SAMPLE t=85s phase=Recovery adaptation=without_ML throughput_gbps=8.5501 latency_ms=64.809
[2026-08-17T00:09:51] SAMPLE t=86s phase=Recovery adaptation=without_ML throughput_gbps=7.9177 latency_ms=67.019
[2026-08-17T00:09:52] SAMPLE t=87s phase=Recovery adaptation=without_ML throughput_gbps=8.1101 latency_ms=65.4929
[2026-08-17T00:09:53] SAMPLE t=88s phase=Recovery adaptation=without_ML throughput_gbps=8.2111 latency_ms=66.3757
[2026-08-17T00:09:54] SAMPLE t=89s phase=Recovery adaptation=without_ML throughput_gbps=7.9203 latency_ms=66.2101
[2026-08-17T00:09:55] SAMPLE t=90s phase=Recovery adaptation=without_ML throughput_gbps=8.3948 latency_ms=66.0977
[2026-08-17T00:09:56] SAMPLE t=91s phase=Recovery adaptation=without_ML throughput_gbps=8.0983 latency_ms=65.8525
[2026-08-17T00:09:57] SAMPLE t=92s phase=Recovery adaptation=without_ML throughput_gbps=7.8872 latency_ms=66.2841
[2026-08-17T00:09:58] SAMPLE t=93s phase=Recovery adaptation=without_ML throughput_gbps=7.9525 latency_ms=67.6886
[2026-08-17T00:09:59] SAMPLE t=94s phase=Recovery adaptation=without_ML throughput_gbps=7.8823 latency_ms=64.38
[2026-08-17T00:10:00] SAMPLE t=95s phase=Recovery adaptation=without_ML throughput_gbps=8.45 latency_ms=66.3835
[2026-08-17T00:10:01] SAMPLE t=96s phase=Recovery adaptation=without_ML throughput_gbps=8.0801 latency_ms=65.8022
[2026-08-17T00:10:02] SAMPLE t=97s phase=Recovery adaptation=without_ML throughput_gbps=8.0631 latency_ms=66.1796
[2026-08-17T00:10:03] SAMPLE t=98s phase=Recovery adaptation=without_ML throughput_gbps=7.7524 latency_ms=64.3409
[2026-08-17T00:10:04] SAMPLE t=99s phase=Recovery adaptation=without_ML throughput_gbps=8.0727 latency_ms=66.6431
[2026-08-17T00:08:25] TRACE_END run_id=121 status=OK
[2026-08-17T00:18:34] TRACE_START run_id=122
[2026-08-17T00:18:34] SAMPLE t=0s phase=Stable adaptation=with_ML throughput_gbps=8.1335 latency_ms=66.1918
[2026-08-17T00:18:35] SAMPLE t=1s phase=Stable adaptation=with_ML throughput_gbps=8.2937 latency_ms=65.5797
[2026-08-17T00:18:36] SAMPLE t=2s phase=Stable adaptation=with_ML throughput_gbps=8.37 latency_ms=65.4526
[2026-08-17T00:18:37] SAMPLE t=3s phase=Stable adaptation=with_ML throughput_gbps=8.2696 latency_ms=66.2377
[2026-08-17T00:18:38] SAMPLE t=4s phase=Stable adaptation=with_ML throughput_gbps=8.0985 latency_ms=66.6554
[2026-08-17T00:18:39] SAMPLE t=5s phase=Stable adaptation=with_ML throughput_gbps=7.922 latency_ms=67.0517
[2026-08-17T00:18:40] SAMPLE t=6s phase=Stable adaptation=with_ML throughput_gbps=8.2262 latency_ms=67.0953
[2026-08-17T00:18:41] SAMPLE t=7s phase=Stable adaptation=with_ML throughput_gbps=8.5213 latency_ms=68.039
[2026-08-17T00:18:42] SAMPLE t=8s phase=Stable adaptation=with_ML throughput_gbps=8.0902 latency_ms=65.8904
[2026-08-17T00:18:43] SAMPLE t=9s phase=Stable adaptation=with_ML throughput_gbps=8.1395 latency_ms=68.4615
[2026-08-17T00:18:44] SAMPLE t=10s phase=Stable adaptation=with_ML throughput_gbps=7.9185 latency_ms=68.8126
[2026-08-17T00:18:45] SAMPLE t=11s phase=Stable adaptation=with_ML throughput_gbps=8.2537 latency_ms=65.7487
[2026-08-17T00:18:46] SAMPLE t=12s phase=Stable adaptation=with_ML throughput_gbps=8.2038 latency_ms=65.9608
[2026-08-17T00:18:47] SAMPLE t=13s phase=Stable adaptation=with_ML throughput_gbps=7.7876 latency_ms=65.4378
[2026-08-17T00:18:48] SAMPLE t=14s phase=Stable adaptation=with_ML throughput_gbps=7.7866 latency_ms=66.6172
[2026-08-17T00:18:49] SAMPLE t=15s phase=Stable adaptation=with_ML throughput_gbps=8.3507 latency_ms=66.4479
[2026-08-17T00:18:50] SAMPLE t=16s phase=Stable adaptation=with_ML throughput_gbps=8.0414 latency_ms=67.8721
[2026-08-17T00:18:51] SAMPLE t=17s phase=Stable adaptation=with_ML throughput_gbps=7.9533 latency_ms=66.9892
[2026-08-17T00:18:52] SAMPLE t=18s phase=Stable adaptation=with_ML throughput_gbps=7.7898 latency_ms=66.6116
[2026-08-17T00:18:53] SAMPLE t=19s phase=Stable adaptation=with_ML throughput_gbps=8.1769 latency_ms=67.0102
[2026-08-17T00:18:54] SAMPLE t=20s phase=Congestion adaptation=with_ML throughput_gbps=8.3837 latency_ms=66.7657
[2026-08-17T00:18:55] SAMPLE t=21s phase=Congestion adaptation=with_ML throughput_gbps=8.2127 latency_ms=67.3781
[2026-08-17T00:18:56] SAMPLE t=22s phase=Congestion adaptation=with_ML throughput_gbps=7.7015 latency_ms=64.6521
[2026-08-17T00:18:57] SAMPLE t=23s phase=Congestion adaptation=with_ML throughput_gbps=8.0762 latency_ms=64.0549
[2026-08-17T00:18:58] SAMPLE t=24s phase=Congestion adaptation=with_ML throughput_gbps=7.826 latency_ms=67.5272
[2026-08-17T00:18:59] SAMPLE t=25s phase=Congestion adaptation=with_ML throughput_gbps=8.2887 latency_ms=67.2068
[2026-08-17T00:19:00] SAMPLE t=26s phase=Congestion adaptation=with_ML throughput_gbps=8.0259 latency_ms=67.2336
[2026-08-17T00:19:01] SAMPLE t=27s phase=Congestion adaptation=with_ML throughput_gbps=8.192 latency_ms=68.3797
[2026-08-17T00:19:02] SAMPLE t=28s phase=Congestion adaptation=with_ML throughput_gbps=8.1232 latency_ms=65.274
[2026-08-17T00:19:03] SAMPLE t=29s phase=Congestion adaptation=with_ML throughput_gbps=8.2429 latency_ms=65.0163
[2026-08-17T00:19:04] SAMPLE t=30s phase=Congestion adaptation=with_ML throughput_gbps=8.0432 latency_ms=65.9292
[2026-08-17T00:19:05] SAMPLE t=31s phase=Congestion adaptation=with_ML throughput_gbps=8.0691 latency_ms=67.2029
[2026-08-17T00:19:06] SAMPLE t=32s phase=Congestion adaptation=with_ML throughput_gbps=8.1073 latency_ms=67.6528
[2026-08-17T00:19:07] SAMPLE t=33s phase=Congestion adaptation=with_ML throughput_gbps=7.8488 latency_ms=66.6555
[2026-08-17T00:19:08] SAMPLE t=34s phase=Congestion adaptation=with_ML throughput_gbps=7.9179 latency_ms=67.0354
[2026-08-17T00:19:09] SAMPLE t=35s phase=Congestion adaptation=with_ML throughput_gbps=7.7736 latency_ms=67.5965
[2026-08-17T00:19:10] SAMPLE t=36s phase=Congestion adaptation=with_ML throughput_gbps=7.9632 latency_ms=66.0103
[2026-08-17T00:19:11] SAMPLE t=37s phase=Congestion adaptation=with_ML throughput_gbps=8.3831 latency_ms=64.9682
[2026-08-17T00:19:12] SAMPLE t=38s phase=Congestion adaptation=with_ML throughput_gbps=8.3827 latency_ms=65.5527
[2026-08-17T00:19:13] SAMPLE t=39s phase=Congestion adaptation=with_ML throughput_gbps=8.2522 latency_ms=64.6356
[2026-08-17T00:19:14] SAMPLE t=40s phase=Path_change adaptation=with_ML throughput_gbps=8.2721 latency_ms=67.7581
[2026-08-17T00:19:15] SAMPLE t=41s phase=Path_change adaptation=with_ML throughput_gbps=8.0213 latency_ms=65.3386
[2026-08-17T00:19:16] SAMPLE t=42s phase=Path_change adaptation=with_ML throughput_gbps=8.1663 latency_ms=67.3818
[2026-08-17T00:19:17] SAMPLE t=43s phase=Path_change adaptation=with_ML throughput_gbps=7.5864 latency_ms=66.2227
[2026-08-17T00:19:18] SAMPLE t=44s phase=Path_change adaptation=with_ML throughput_gbps=7.5798 latency_ms=68.7748
[2026-08-17T00:19:19] SAMPLE t=45s phase=Path_change adaptation=with_ML throughput_gbps=7.6173 latency_ms=68.1226
[2026-08-17T00:19:20] SAMPLE t=46s phase=Path_change adaptation=with_ML throughput_gbps=7.2055 latency_ms=69.2639
[2026-08-17T00:19:21] SAMPLE t=47s phase=Path_change adaptation=with_ML throughput_gbps=7.4399 latency_ms=67.8818
[2026-08-17T00:19:22] SAMPLE t=48s phase=Path_change adaptation=with_ML throughput_gbps=6.9548 latency_ms=68.0608
[2026-08-17T00:19:23] SAMPLE t=49s phase=Path_change adaptation=with_ML throughput_gbps=7.3099 latency_ms=67.9186
[2026-08-17T00:19:24] SAMPLE t=50s phase=Path_change adaptation=with_ML throughput_gbps=7.1715 latency_ms=69.4806
[2026-08-17T00:19:25] SAMPLE t=51s phase=Path_change adaptation=with_ML throughput_gbps=6.9687 latency_ms=68.0085
[2026-08-17T00:19:26] SAMPLE t=52s phase=Path_change adaptation=with_ML throughput_gbps=7.3449 latency_ms=69.0111
[2026-08-17T00:19:27] SAMPLE t=53s phase=Path_change adaptation=with_ML throughput_gbps=7.0576 latency_ms=69.691
[2026-08-17T00:19:28] SAMPLE t=54s phase=Path_change adaptation=with_ML throughput_gbps=7.467 latency_ms=67.105
[2026-08-17T00:19:29] SAMPLE t=55s phase=Path_change adaptation=with_ML throughput_gbps=7.2749 latency_ms=64.6059
[2026-08-17T00:19:30] SAMPLE t=56s phase=Path_change adaptation=with_ML throughput_gbps=7.3159 latency_ms=69.3696
[2026-08-17T00:19:31] SAMPLE t=57s phase=Path_change adaptation=with_ML throughput_gbps=7.6631 latency_ms=67.3799
[2026-08-17T00:19:32] SAMPLE t=58s phase=Path_change adaptation=with_ML throughput_gbps=7.7346 latency_ms=68.2356
[2026-08-17T00:19:33] SAMPLE t=59s phase=Path_change adaptation=with_ML throughput_gbps=7.9512 latency_ms=65.4122
[2026-08-17T00:19:34] SAMPLE t=60s phase=Loss_spike adaptation=with_ML throughput_gbps=7.4348 latency_ms=69.5109
[2026-08-17T00:19:35] SAMPLE t=61s phase=Loss_spike adaptation=with_ML throughput_gbps=8.2159 latency_ms=69.7809
[2026-08-17T00:19:36] SAMPLE t=62s phase=Loss_spike adaptation=with_ML throughput_gbps=7.9217 latency_ms=70.3889
[2026-08-17T00:19:37] SAMPLE t=63s phase=Loss_spike adaptation=with_ML throughput_gbps=6.7157 latency_ms=69.1859
[2026-08-17T00:19:38] SAMPLE t=64s phase=Loss_spike adaptation=with_ML throughput_gbps=6.2338 latency_ms=72.4363
[2026-08-17T00:19:39] SAMPLE t=65s phase=Loss_spike adaptation=with_ML throughput_gbps=7.7523 latency_ms=65.6526
[2026-08-17T00:19:40] SAMPLE t=66s phase=Loss_spike adaptation=with_ML throughput_gbps=8.3163 latency_ms=70.5496
[2026-08-17T00:19:41] SAMPLE t=67s phase=Loss_spike adaptation=with_ML throughput_gbps=8.0548 latency_ms=70.8031
[2026-08-17T00:19:42] SAMPLE t=68s phase=Loss_spike adaptation=with_ML throughput_gbps=6.4651 latency_ms=67.9799
[2026-08-17T00:19:43] SAMPLE t=69s phase=Loss_spike adaptation=with_ML throughput_gbps=5.9989 latency_ms=69.9319
[2026-08-17T00:19:44] SAMPLE t=70s phase=Loss_spike adaptation=with_ML throughput_gbps=7.2246 latency_ms=66.2152
[2026-08-17T00:19:45] SAMPLE t=71s phase=Loss_spike adaptation=with_ML throughput_gbps=8.2467 latency_ms=70.032
[2026-08-17T00:19:46] SAMPLE t=72s phase=Loss_spike adaptation=with_ML throughput_gbps=7.8258 latency_ms=69.308
[2026-08-17T00:19:47] SAMPLE t=73s phase=Loss_spike adaptation=with_ML throughput_gbps=6.5484 latency_ms=71.502
[2026-08-17T00:19:48] SAMPLE t=74s phase=Loss_spike adaptation=with_ML throughput_gbps=6.2092 latency_ms=69.803
[2026-08-17T00:19:49] SAMPLE t=75s phase=Loss_spike adaptation=with_ML throughput_gbps=7.3285 latency_ms=68.1433
[2026-08-17T00:19:50] SAMPLE t=76s phase=Loss_spike adaptation=with_ML throughput_gbps=8.5748 latency_ms=70.9546
[2026-08-17T00:19:51] SAMPLE t=77s phase=Loss_spike adaptation=with_ML throughput_gbps=7.8519 latency_ms=69.9525
[2026-08-17T00:19:52] SAMPLE t=78s phase=Loss_spike adaptation=with_ML throughput_gbps=6.6415 latency_ms=70.6364
[2026-08-17T00:19:53] SAMPLE t=79s phase=Loss_spike adaptation=with_ML throughput_gbps=6.1019 latency_ms=72.3647
[2026-08-17T00:19:54] SAMPLE t=80s phase=Recovery adaptation=with_ML throughput_gbps=7.8277 latency_ms=64.66
[2026-08-17T00:19:55] SAMPLE t=81s phase=Recovery adaptation=with_ML throughput_gbps=8.2084 latency_ms=64.8437
[2026-08-17T00:19:56] SAMPLE t=82s phase=Recovery adaptation=with_ML throughput_gbps=8.3454 latency_ms=65.2227
[2026-08-17T00:19:57] SAMPLE t=83s phase=Recovery adaptation=with_ML throughput_gbps=8.366 latency_ms=65.6799
[2026-08-17T00:19:58] SAMPLE t=84s phase=Recovery adaptation=with_ML throughput_gbps=8.1607 latency_ms=65.8492
[2026-08-17T00:19:59] SAMPLE t=85s phase=Recovery adaptation=with_ML throughput_gbps=8.0714 latency_ms=64.6458
[2026-08-17T00:20:00] SAMPLE t=86s phase=Recovery adaptation=with_ML throughput_gbps=7.7687 latency_ms=66.9544
[2026-08-17T00:20:01] SAMPLE t=87s phase=Recovery adaptation=with_ML throughput_gbps=8.4612 latency_ms=65.5718
[2026-08-17T00:20:02] SAMPLE t=88s phase=Recovery adaptation=with_ML throughput_gbps=8.6981 latency_ms=65.2394
[2026-08-17T00:20:03] SAMPLE t=89s phase=Recovery adaptation=with_ML throughput_gbps=8.3188 latency_ms=65.4978
[2026-08-17T00:20:04] SAMPLE t=90s phase=Recovery adaptation=with_ML throughput_gbps=8.6511 latency_ms=65.2937
[2026-08-17T00:20:05] SAMPLE t=91s phase=Recovery adaptation=with_ML throughput_gbps=8.423 latency_ms=65.393
[2026-08-17T00:20:06] SAMPLE t=92s phase=Recovery adaptation=with_ML throughput_gbps=8.394 latency_ms=67.6913
[2026-08-17T00:20:07] SAMPLE t=93s phase=Recovery adaptation=with_ML throughput_gbps=8.5672 latency_ms=66.7085
[2026-08-17T00:20:08] SAMPLE t=94s phase=Recovery adaptation=with_ML throughput_gbps=8.5518 latency_ms=66.3539
[2026-08-17T00:20:09] SAMPLE t=95s phase=Recovery adaptation=with_ML throughput_gbps=8.3653 latency_ms=65.492
[2026-08-17T00:20:10] SAMPLE t=96s phase=Recovery adaptation=with_ML throughput_gbps=8.3819 latency_ms=64.0967
[2026-08-17T00:20:11] SAMPLE t=97s phase=Recovery adaptation=with_ML throughput_gbps=8.4772 latency_ms=64.2223
[2026-08-17T00:20:12] SAMPLE t=98s phase=Recovery adaptation=with_ML throughput_gbps=8.8607 latency_ms=67.6657
[2026-08-17T00:20:13] SAMPLE t=99s phase=Recovery adaptation=with_ML throughput_gbps=8.4481 latency_ms=65.2083
[2026-08-17T00:18:34] SAMPLE t=0s phase=Stable adaptation=without_ML throughput_gbps=8.0601 latency_ms=67.2601
[2026-08-17T00:18:35] SAMPLE t=1s phase=Stable adaptation=without_ML throughput_gbps=8.1946 latency_ms=66.6564
[2026-08-17T00:18:36] SAMPLE t=2s phase=Stable adaptation=without_ML throughput_gbps=8.156 latency_ms=66.2853
[2026-08-17T00:18:37] SAMPLE t=3s phase=Stable adaptation=without_ML throughput_gbps=7.838 latency_ms=66.185
[2026-08-17T00:18:38] SAMPLE t=4s phase=Stable adaptation=without_ML throughput_gbps=8.1809 latency_ms=64.1188
[2026-08-17T00:18:39] SAMPLE t=5s phase=Stable adaptation=without_ML throughput_gbps=8.1091 latency_ms=64.9391
[2026-08-17T00:18:40] SAMPLE t=6s phase=Stable adaptation=without_ML throughput_gbps=7.8425 latency_ms=67.2138
[2026-08-17T00:18:41] SAMPLE t=7s phase=Stable adaptation=without_ML throughput_gbps=8.2092 latency_ms=65.7426
[2026-08-17T00:18:42] SAMPLE t=8s phase=Stable adaptation=without_ML throughput_gbps=8.112 latency_ms=65.6473
[2026-08-17T00:18:43] SAMPLE t=9s phase=Stable adaptation=without_ML throughput_gbps=7.835 latency_ms=64.5378
[2026-08-17T00:18:44] SAMPLE t=10s phase=Stable adaptation=without_ML throughput_gbps=7.5865 latency_ms=65.9406
[2026-08-17T00:18:45] SAMPLE t=11s phase=Stable adaptation=without_ML throughput_gbps=7.7533 latency_ms=68.4812
[2026-08-17T00:18:46] SAMPLE t=12s phase=Stable adaptation=without_ML throughput_gbps=8.1292 latency_ms=66.3217
[2026-08-17T00:18:47] SAMPLE t=13s phase=Stable adaptation=without_ML throughput_gbps=8.049 latency_ms=65.378
[2026-08-17T00:18:48] SAMPLE t=14s phase=Stable adaptation=without_ML throughput_gbps=7.6371 latency_ms=66.0499
[2026-08-17T00:18:49] SAMPLE t=15s phase=Stable adaptation=without_ML throughput_gbps=8.0839 latency_ms=66.1663
[2026-08-17T00:18:50] SAMPLE t=16s phase=Stable adaptation=without_ML throughput_gbps=8.4227 latency_ms=67.8224
[2026-08-17T00:18:51] SAMPLE t=17s phase=Stable adaptation=without_ML throughput_gbps=7.7977 latency_ms=63.2373
[2026-08-17T00:18:52] SAMPLE t=18s phase=Stable adaptation=without_ML throughput_gbps=8.2875 latency_ms=67.7681
[2026-08-17T00:18:53] SAMPLE t=19s phase=Stable adaptation=without_ML throughput_gbps=7.8461 latency_ms=64.2916
[2026-08-17T00:18:54] SAMPLE t=20s phase=Congestion adaptation=without_ML throughput_gbps=7.5767 latency_ms=67.3771
[2026-08-17T00:18:55] SAMPLE t=21s phase=Congestion adaptation=without_ML throughput_gbps=7.9923 latency_ms=67.744
[2026-08-17T00:18:56] SAMPLE t=22s phase=Congestion adaptation=without_ML throughput_gbps=7.7573 latency_ms=64.5474
[2026-08-17T00:18:57] SAMPLE t=23s phase=Congestion adaptation=without_ML throughput_gbps=7.8137 latency_ms=67.024
[2026-08-17T00:18:58] SAMPLE t=24s phase=Congestion adaptation=without_ML throughput_gbps=8.4208 latency_ms=65.4162
[2026-08-17T00:18:59] SAMPLE t=25s phase=Congestion adaptation=without_ML throughput_gbps=8.1982 latency_ms=67.3162
[2026-08-17T00:19:00] SAMPLE t=26s phase=Congestion adaptation=without_ML throughput_gbps=7.7533 latency_ms=65.7776
[2026-08-17T00:19:01] SAMPLE t=27s phase=Congestion adaptation=without_ML throughput_gbps=7.857 latency_ms=67.3148
[2026-08-17T00:19:02] SAMPLE t=28s phase=Congestion adaptation=without_ML throughput_gbps=8.2606 latency_ms=67.6494
[2026-08-17T00:19:03] SAMPLE t=29s phase=Congestion adaptation=without_ML throughput_gbps=8.1183 latency_ms=67.9
[2026-08-17T00:19:04] SAMPLE t=30s phase=Congestion adaptation=without_ML throughput_gbps=8.4049 latency_ms=64.2304
[2026-08-17T00:19:05] SAMPLE t=31s phase=Congestion adaptation=without_ML throughput_gbps=7.8623 latency_ms=68.3244
[2026-08-17T00:19:06] SAMPLE t=32s phase=Congestion adaptation=without_ML throughput_gbps=7.8182 latency_ms=66.3414
[2026-08-17T00:19:07] SAMPLE t=33s phase=Congestion adaptation=without_ML throughput_gbps=7.7126 latency_ms=66.1024
[2026-08-17T00:19:08] SAMPLE t=34s phase=Congestion adaptation=without_ML throughput_gbps=8.5366 latency_ms=68.1335
[2026-08-17T00:19:09] SAMPLE t=35s phase=Congestion adaptation=without_ML throughput_gbps=8.0889 latency_ms=66.5513
[2026-08-17T00:19:10] SAMPLE t=36s phase=Congestion adaptation=without_ML throughput_gbps=7.8512 latency_ms=64.5096
[2026-08-17T00:19:11] SAMPLE t=37s phase=Congestion adaptation=without_ML throughput_gbps=8.3612 latency_ms=63.7958
[2026-08-17T00:19:12] SAMPLE t=38s phase=Congestion adaptation=without_ML throughput_gbps=7.9698 latency_ms=64.6934
[2026-08-17T00:19:13] SAMPLE t=39s phase=Congestion adaptation=without_ML throughput_gbps=8.0105 latency_ms=64.3618
[2026-08-17T00:19:14] SAMPLE t=40s phase=Path_change adaptation=without_ML throughput_gbps=8.1196 latency_ms=64.6859
[2026-08-17T00:19:15] SAMPLE t=41s phase=Path_change adaptation=without_ML throughput_gbps=7.6147 latency_ms=68.5314
[2026-08-17T00:19:16] SAMPLE t=42s phase=Path_change adaptation=without_ML throughput_gbps=7.3115 latency_ms=66.6967
[2026-08-17T00:19:17] SAMPLE t=43s phase=Path_change adaptation=without_ML throughput_gbps=7.0025 latency_ms=70.793
[2026-08-17T00:19:18] SAMPLE t=44s phase=Path_change adaptation=without_ML throughput_gbps=6.9857 latency_ms=70.6713
[2026-08-17T00:19:19] SAMPLE t=45s phase=Path_change adaptation=without_ML throughput_gbps=6.5149 latency_ms=70.391
[2026-08-17T00:19:20] SAMPLE t=46s phase=Path_change adaptation=without_ML throughput_gbps=6.1453 latency_ms=69.9775
[2026-08-17T00:19:21] SAMPLE t=47s phase=Path_change adaptation=without_ML throughput_gbps=5.8643 latency_ms=74.0684
[2026-08-17T00:19:22] SAMPLE t=48s phase=Path_change adaptation=without_ML throughput_gbps=5.727 latency_ms=72.5978
[2026-08-17T00:19:23] SAMPLE t=49s phase=Path_change adaptation=without_ML throughput_gbps=6.0993 latency_ms=72.7352
[2026-08-17T00:19:24] SAMPLE t=50s phase=Path_change adaptation=without_ML throughput_gbps=5.5616 latency_ms=75.4896
[2026-08-17T00:19:25] SAMPLE t=51s phase=Path_change adaptation=without_ML throughput_gbps=5.6387 latency_ms=71.8262
[2026-08-17T00:19:26] SAMPLE t=52s phase=Path_change adaptation=without_ML throughput_gbps=5.903 latency_ms=70.879
[2026-08-17T00:19:27] SAMPLE t=53s phase=Path_change adaptation=without_ML throughput_gbps=6.0394 latency_ms=72.9208
[2026-08-17T00:19:28] SAMPLE t=54s phase=Path_change adaptation=without_ML throughput_gbps=6.109 latency_ms=71.646
[2026-08-17T00:19:29] SAMPLE t=55s phase=Path_change adaptation=without_ML throughput_gbps=6.2913 latency_ms=69.6655
[2026-08-17T00:19:30] SAMPLE t=56s phase=Path_change adaptation=without_ML throughput_gbps=6.5535 latency_ms=71.1214
[2026-08-17T00:19:31] SAMPLE t=57s phase=Path_change adaptation=without_ML throughput_gbps=6.9969 latency_ms=69.3396
[2026-08-17T00:19:32] SAMPLE t=58s phase=Path_change adaptation=without_ML throughput_gbps=7.262 latency_ms=68.508
[2026-08-17T00:19:33] SAMPLE t=59s phase=Path_change adaptation=without_ML throughput_gbps=7.4807 latency_ms=69.0508
[2026-08-17T00:19:34] SAMPLE t=60s phase=Loss_spike adaptation=without_ML throughput_gbps=6.4584 latency_ms=72.7979
[2026-08-17T00:19:35] SAMPLE t=61s phase=Loss_spike adaptation=without_ML throughput_gbps=8.362 latency_ms=81.2039
[2026-08-17T00:19:36] SAMPLE t=62s phase=Loss_spike adaptation=without_ML throughput_gbps=7.8707 latency_ms=77.1813
[2026-08-17T00:19:37] SAMPLE t=63s phase=Loss_spike adaptation=without_ML throughput_gbps=4.6568 latency_ms=73.9113
[2026-08-17T00:19:38] SAMPLE t=64s phase=Loss_spike adaptation=without_ML throughput_gbps=4.1121 latency_ms=79.0352
[2026-08-17T00:19:39] SAMPLE t=65s phase=Loss_spike adaptation=without_ML throughput_gbps=6.2115 latency_ms=68.8782
[2026-08-17T00:19:40] SAMPLE t=66s phase=Loss_spike adaptation=without_ML throughput_gbps=8.6752 latency_ms=79.4846
[2026-08-17T00:19:41] SAMPLE t=67s phase=Loss_spike adaptation=without_ML throughput_gbps=7.5803 latency_ms=73.533
[2026-08-17T00:19:42] SAMPLE t=68s phase=Loss_spike adaptation=without_ML throughput_gbps=4.7727 latency_ms=76.3189
[2026-08-17T00:19:43] SAMPLE t=69s phase=Loss_spike adaptation=without_ML throughput_gbps=4.0893 latency_ms=81.7974
[2026-08-17T00:19:44] SAMPLE t=70s phase=Loss_spike adaptation=without_ML throughput_gbps=6.387 latency_ms=71.3952
[2026-08-17T00:19:45] SAMPLE t=71s phase=Loss_spike adaptation=without_ML throughput_gbps=8.0919 latency_ms=80.8282
[2026-08-17T00:19:46] SAMPLE t=72s phase=Loss_spike adaptation=without_ML throughput_gbps=7.2118 latency_ms=75.2785
[2026-08-17T00:19:47] SAMPLE t=73s phase=Loss_spike adaptation=without_ML throughput_gbps=4.6153 latency_ms=73.9119
[2026-08-17T00:19:48] SAMPLE t=74s phase=Loss_spike adaptation=without_ML throughput_gbps=4.0983 latency_ms=77.0453
[2026-08-17T00:19:49] SAMPLE t=75s phase=Loss_spike adaptation=without_ML throughput_gbps=6.2153 latency_ms=70.8969
[2026-08-17T00:19:50] SAMPLE t=76s phase=Loss_spike adaptation=without_ML throughput_gbps=8.4503 latency_ms=81.082
[2026-08-17T00:19:51] SAMPLE t=77s phase=Loss_spike adaptation=without_ML throughput_gbps=7.5846 latency_ms=71.9125
[2026-08-17T00:19:52] SAMPLE t=78s phase=Loss_spike adaptation=without_ML throughput_gbps=5.239 latency_ms=74.7937
[2026-08-17T00:19:53] SAMPLE t=79s phase=Loss_spike adaptation=without_ML throughput_gbps=3.9311 latency_ms=82.6482
[2026-08-17T00:19:54] SAMPLE t=80s phase=Recovery adaptation=without_ML throughput_gbps=8.0331 latency_ms=64.2359
[2026-08-17T00:19:55] SAMPLE t=81s phase=Recovery adaptation=without_ML throughput_gbps=8.0266 latency_ms=66.8604
[2026-08-17T00:19:56] SAMPLE t=82s phase=Recovery adaptation=without_ML throughput_gbps=7.8797 latency_ms=64.6914
[2026-08-17T00:19:57] SAMPLE t=83s phase=Recovery adaptation=without_ML throughput_gbps=8.1285 latency_ms=66.8437
[2026-08-17T00:19:58] SAMPLE t=84s phase=Recovery adaptation=without_ML throughput_gbps=7.8972 latency_ms=66.527
[2026-08-17T00:19:59] SAMPLE t=85s phase=Recovery adaptation=without_ML throughput_gbps=8.8455 latency_ms=65.8588
[2026-08-17T00:20:00] SAMPLE t=86s phase=Recovery adaptation=without_ML throughput_gbps=8.0794 latency_ms=66.1075
[2026-08-17T00:20:01] SAMPLE t=87s phase=Recovery adaptation=without_ML throughput_gbps=8.2881 latency_ms=67.1143
[2026-08-17T00:20:02] SAMPLE t=88s phase=Recovery adaptation=without_ML throughput_gbps=8.0147 latency_ms=66.8704
[2026-08-17T00:20:03] SAMPLE t=89s phase=Recovery adaptation=without_ML throughput_gbps=8.2131 latency_ms=66.4577
[2026-08-17T00:20:04] SAMPLE t=90s phase=Recovery adaptation=without_ML throughput_gbps=8.0086 latency_ms=67.952
[2026-08-17T00:20:05] SAMPLE t=91s phase=Recovery adaptation=without_ML throughput_gbps=7.9841 latency_ms=66.7308
[2026-08-17T00:20:06] SAMPLE t=92s phase=Recovery adaptation=without_ML throughput_gbps=8.2315 latency_ms=64.3306
[2026-08-17T00:20:07] SAMPLE t=93s phase=Recovery adaptation=without_ML throughput_gbps=7.8643 latency_ms=67.119
[2026-08-17T00:20:08] SAMPLE t=94s phase=Recovery adaptation=without_ML throughput_gbps=8.158 latency_ms=65.1801
[2026-08-17T00:20:09] SAMPLE t=95s phase=Recovery adaptation=without_ML throughput_gbps=7.8432 latency_ms=67.0414
[2026-08-17T00:20:10] SAMPLE t=96s phase=Recovery adaptation=without_ML throughput_gbps=7.6748 latency_ms=66.8527
[2026-08-17T00:20:11] SAMPLE t=97s phase=Recovery adaptation=without_ML throughput_gbps=8.2828 latency_ms=66.18
[2026-08-17T00:20:12] SAMPLE t=98s phase=Recovery adaptation=without_ML throughput_gbps=8.1026 latency_ms=65.6382
[2026-08-17T00:20:13] SAMPLE t=99s phase=Recovery adaptation=without_ML throughput_gbps=8.2459 latency_ms=65.8314
[2026-08-17T00:18:34] TRACE_END run_id=122 status=OK
[2026-08-17T00:34:40] TRACE_START run_id=123
[2026-08-17T00:34:40] SAMPLE t=0s phase=Stable adaptation=with_ML throughput_gbps=7.8869 latency_ms=65.6742
[2026-08-17T00:34:41] SAMPLE t=1s phase=Stable adaptation=with_ML throughput_gbps=7.9446 latency_ms=65.0919
[2026-08-17T00:34:42] SAMPLE t=2s phase=Stable adaptation=with_ML throughput_gbps=8.3525 latency_ms=67.3107
[2026-08-17T00:34:43] SAMPLE t=3s phase=Stable adaptation=with_ML throughput_gbps=8.1755 latency_ms=66.3682
[2026-08-17T00:34:44] SAMPLE t=4s phase=Stable adaptation=with_ML throughput_gbps=7.7447 latency_ms=66.3571
[2026-08-17T00:34:45] SAMPLE t=5s phase=Stable adaptation=with_ML throughput_gbps=7.8839 latency_ms=66.3677
[2026-08-17T00:34:46] SAMPLE t=6s phase=Stable adaptation=with_ML throughput_gbps=8.0426 latency_ms=66.9253
[2026-08-17T00:34:47] SAMPLE t=7s phase=Stable adaptation=with_ML throughput_gbps=8.1211 latency_ms=68.3561
[2026-08-17T00:34:48] SAMPLE t=8s phase=Stable adaptation=with_ML throughput_gbps=7.9015 latency_ms=66.4269
[2026-08-17T00:34:49] SAMPLE t=9s phase=Stable adaptation=with_ML throughput_gbps=8.1391 latency_ms=66.7201
[2026-08-17T00:34:50] SAMPLE t=10s phase=Stable adaptation=with_ML throughput_gbps=7.985 latency_ms=67.3779
[2026-08-17T00:34:51] SAMPLE t=11s phase=Stable adaptation=with_ML throughput_gbps=7.9043 latency_ms=64.8676
[2026-08-17T00:34:52] SAMPLE t=12s phase=Stable adaptation=with_ML throughput_gbps=8.1476 latency_ms=66.7063
[2026-08-17T00:34:53] SAMPLE t=13s phase=Stable adaptation=with_ML throughput_gbps=8.2048 latency_ms=68.2288
[2026-08-17T00:34:54] SAMPLE t=14s phase=Stable adaptation=with_ML throughput_gbps=7.8787 latency_ms=67.7542
[2026-08-17T00:34:55] SAMPLE t=15s phase=Stable adaptation=with_ML throughput_gbps=8.0702 latency_ms=65.534
[2026-08-17T00:34:56] SAMPLE t=16s phase=Stable adaptation=with_ML throughput_gbps=8.0191 latency_ms=66.5564
[2026-08-17T00:34:57] SAMPLE t=17s phase=Stable adaptation=with_ML throughput_gbps=7.8729 latency_ms=64.9867
[2026-08-17T00:34:58] SAMPLE t=18s phase=Stable adaptation=with_ML throughput_gbps=7.6785 latency_ms=65.7816
[2026-08-17T00:34:59] SAMPLE t=19s phase=Stable adaptation=with_ML throughput_gbps=8.3234 latency_ms=65.4764
[2026-08-17T00:35:00] SAMPLE t=20s phase=Congestion adaptation=with_ML throughput_gbps=8.1781 latency_ms=66.5832
[2026-08-17T00:35:01] SAMPLE t=21s phase=Congestion adaptation=with_ML throughput_gbps=7.847 latency_ms=66.0886
[2026-08-17T00:35:02] SAMPLE t=22s phase=Congestion adaptation=with_ML throughput_gbps=8.1572 latency_ms=66.2078
[2026-08-17T00:35:03] SAMPLE t=23s phase=Congestion adaptation=with_ML throughput_gbps=7.9835 latency_ms=67.6567
[2026-08-17T00:35:04] SAMPLE t=24s phase=Congestion adaptation=with_ML throughput_gbps=8.1648 latency_ms=63.7299
[2026-08-17T00:35:05] SAMPLE t=25s phase=Congestion adaptation=with_ML throughput_gbps=8.2032 latency_ms=67.6166
[2026-08-17T00:35:06] SAMPLE t=26s phase=Congestion adaptation=with_ML throughput_gbps=7.7154 latency_ms=66.7775
[2026-08-17T00:35:07] SAMPLE t=27s phase=Congestion adaptation=with_ML throughput_gbps=7.9524 latency_ms=65.92
[2026-08-17T00:35:08] SAMPLE t=28s phase=Congestion adaptation=with_ML throughput_gbps=8.0353 latency_ms=65.3169
[2026-08-17T00:35:09] SAMPLE t=29s phase=Congestion adaptation=with_ML throughput_gbps=7.9507 latency_ms=66.7362
[2026-08-17T00:35:10] SAMPLE t=30s phase=Congestion adaptation=with_ML throughput_gbps=8.325 latency_ms=68.1729
[2026-08-17T00:35:11] SAMPLE t=31s phase=Congestion adaptation=with_ML throughput_gbps=8.2949 latency_ms=68.337
[2026-08-17T00:35:12] SAMPLE t=32s phase=Congestion adaptation=with_ML throughput_gbps=7.7366 latency_ms=67.3729
[2026-08-17T00:35:13] SAMPLE t=33s phase=Congestion adaptation=with_ML throughput_gbps=8.33 latency_ms=67.1967
[2026-08-17T00:35:14] SAMPLE t=34s phase=Congestion adaptation=with_ML throughput_gbps=8.0866 latency_ms=69.0403
[2026-08-17T00:35:15] SAMPLE t=35s phase=Congestion adaptation=with_ML throughput_gbps=7.9679 latency_ms=66.9154
[2026-08-17T00:35:16] SAMPLE t=36s phase=Congestion adaptation=with_ML throughput_gbps=8.0748 latency_ms=65.346
[2026-08-17T00:35:17] SAMPLE t=37s phase=Congestion adaptation=with_ML throughput_gbps=8.2182 latency_ms=64.0849
[2026-08-17T00:35:18] SAMPLE t=38s phase=Congestion adaptation=with_ML throughput_gbps=8.0612 latency_ms=66.0615
[2026-08-17T00:35:19] SAMPLE t=39s phase=Congestion adaptation=with_ML throughput_gbps=8.2457 latency_ms=66.0928
[2026-08-17T00:35:20] SAMPLE t=40s phase=Path_change adaptation=with_ML throughput_gbps=8.2011 latency_ms=67.0199
[2026-08-17T00:35:21] SAMPLE t=41s phase=Path_change adaptation=with_ML throughput_gbps=7.4435 latency_ms=67.6916
[2026-08-17T00:35:22] SAMPLE t=42s phase=Path_change adaptation=with_ML throughput_gbps=7.9878 latency_ms=67.4122
[2026-08-17T00:35:23] SAMPLE t=43s phase=Path_change adaptation=with_ML throughput_gbps=7.6154 latency_ms=65.6354
[2026-08-17T00:35:24] SAMPLE t=44s phase=Path_change adaptation=with_ML throughput_gbps=7.3888 latency_ms=65.5128
[2026-08-17T00:35:25] SAMPLE t=45s phase=Path_change adaptation=with_ML throughput_gbps=7.614 latency_ms=68.3532
[2026-08-17T00:35:26] SAMPLE t=46s phase=Path_change adaptation=with_ML throughput_gbps=7.1819 latency_ms=69.1094
[2026-08-17T00:35:27] SAMPLE t=47s phase=Path_change adaptation=with_ML throughput_gbps=7.015 latency_ms=66.4781
[2026-08-17T00:35:28] SAMPLE t=48s phase=Path_change adaptation=with_ML throughput_gbps=7.066 latency_ms=68.9202
[2026-08-17T00:35:29] SAMPLE t=49s phase=Path_change adaptation=with_ML throughput_gbps=7.0045 latency_ms=68.1171
[2026-08-17T00:35:30] SAMPLE t=50s phase=Path_change adaptation=with_ML throughput_gbps=7.1536 latency_ms=66.8724
[2026-08-17T00:35:31] SAMPLE t=51s phase=Path_change adaptation=with_ML throughput_gbps=7.1196 latency_ms=69.7659
[2026-08-17T00:35:32] SAMPLE t=52s phase=Path_change adaptation=with_ML throughput_gbps=7.4628 latency_ms=67.8396
[2026-08-17T00:35:33] SAMPLE t=53s phase=Path_change adaptation=with_ML throughput_gbps=7.4096 latency_ms=68.5026
[2026-08-17T00:35:34] SAMPLE t=54s phase=Path_change adaptation=with_ML throughput_gbps=7.2087 latency_ms=69.3414
[2026-08-17T00:35:35] SAMPLE t=55s phase=Path_change adaptation=with_ML throughput_gbps=7.5097 latency_ms=68.5892
[2026-08-17T00:35:36] SAMPLE t=56s phase=Path_change adaptation=with_ML throughput_gbps=7.3294 latency_ms=66.1835
[2026-08-17T00:35:37] SAMPLE t=57s phase=Path_change adaptation=with_ML throughput_gbps=8.0216 latency_ms=66.0265
[2026-08-17T00:35:38] SAMPLE t=58s phase=Path_change adaptation=with_ML throughput_gbps=7.7884 latency_ms=68.3715
[2026-08-17T00:35:39] SAMPLE t=59s phase=Path_change adaptation=with_ML throughput_gbps=7.8471 latency_ms=65.2956
[2026-08-17T00:35:40] SAMPLE t=60s phase=Loss_spike adaptation=with_ML throughput_gbps=7.6027 latency_ms=68.7509
[2026-08-17T00:35:41] SAMPLE t=61s phase=Loss_spike adaptation=with_ML throughput_gbps=8.5562 latency_ms=71.974
[2026-08-17T00:35:42] SAMPLE t=62s phase=Loss_spike adaptation=with_ML throughput_gbps=8.1056 latency_ms=72.1367
[2026-08-17T00:35:43] SAMPLE t=63s phase=Loss_spike adaptation=with_ML throughput_gbps=6.4774 latency_ms=69.4915
[2026-08-17T00:35:44] SAMPLE t=64s phase=Loss_spike adaptation=with_ML throughput_gbps=6.0698 latency_ms=70.089
[2026-08-17T00:35:45] SAMPLE t=65s phase=Loss_spike adaptation=with_ML throughput_gbps=7.5871 latency_ms=69.2209
[2026-08-17T00:35:46] SAMPLE t=66s phase=Loss_spike adaptation=with_ML throughput_gbps=8.3013 latency_ms=70.7649
[2026-08-17T00:35:47] SAMPLE t=67s phase=Loss_spike adaptation=with_ML throughput_gbps=8.2459 latency_ms=67.7477
[2026-08-17T00:35:48] SAMPLE t=68s phase=Loss_spike adaptation=with_ML throughput_gbps=6.4435 latency_ms=69.2025
[2026-08-17T00:35:49] SAMPLE t=69s phase=Loss_spike adaptation=with_ML throughput_gbps=6.3269 latency_ms=70.8651
[2026-08-17T00:35:50] SAMPLE t=70s phase=Loss_spike adaptation=with_ML throughput_gbps=7.0787 latency_ms=70.4512
[2026-08-17T00:35:51] SAMPLE t=71s phase=Loss_spike adaptation=with_ML throughput_gbps=8.3149 latency_ms=67.9383
[2026-08-17T00:35:52] SAMPLE t=72s phase=Loss_spike adaptation=with_ML throughput_gbps=7.9904 latency_ms=72.0588
[2026-08-17T00:35:53] SAMPLE t=73s phase=Loss_spike adaptation=with_ML throughput_gbps=6.6574 latency_ms=71.0363
[2026-08-17T00:35:54] SAMPLE t=74s phase=Loss_spike adaptation=with_ML throughput_gbps=6.2393 latency_ms=69.8463
[2026-08-17T00:35:55] SAMPLE t=75s phase=Loss_spike adaptation=with_ML throughput_gbps=7.282 latency_ms=68.9212
[2026-08-17T00:35:56] SAMPLE t=76s phase=Loss_spike adaptation=with_ML throughput_gbps=8.3234 latency_ms=71.4185
[2026-08-17T00:35:57] SAMPLE t=77s phase=Loss_spike adaptation=with_ML throughput_gbps=8.2244 latency_ms=70.1271
[2026-08-17T00:35:58] SAMPLE t=78s phase=Loss_spike adaptation=with_ML throughput_gbps=6.6411 latency_ms=69.6284
[2026-08-17T00:35:59] SAMPLE t=79s phase=Loss_spike adaptation=with_ML throughput_gbps=6.213 latency_ms=72.9143
[2026-08-17T00:36:00] SAMPLE t=80s phase=Recovery adaptation=with_ML throughput_gbps=8.3517 latency_ms=67.2147
[2026-08-17T00:36:01] SAMPLE t=81s phase=Recovery adaptation=with_ML throughput_gbps=7.9656 latency_ms=63.2564
[2026-08-17T00:36:02] SAMPLE t=82s phase=Recovery adaptation=with_ML throughput_gbps=8.1275 latency_ms=65.8434
[2026-08-17T00:36:03] SAMPLE t=83s phase=Recovery adaptation=with_ML throughput_gbps=8.0297 latency_ms=63.8689
[2026-08-17T00:36:04] SAMPLE t=84s phase=Recovery adaptation=with_ML throughput_gbps=7.8891 latency_ms=66.1384
[2026-08-17T00:36:05] SAMPLE t=85s phase=Recovery adaptation=with_ML throughput_gbps=8.278 latency_ms=65.4111
[2026-08-17T00:36:06] SAMPLE t=86s phase=Recovery adaptation=with_ML throughput_gbps=7.9636 latency_ms=65.7829
[2026-08-17T00:36:07] SAMPLE t=87s phase=Recovery adaptation=with_ML throughput_gbps=8.196 latency_ms=63.9375
[2026-08-17T00:36:08] SAMPLE t=88s phase=Recovery adaptation=with_ML throughput_gbps=8.0168 latency_ms=65.7206
[2026-08-17T00:36:09] SAMPLE t=89s phase=Recovery adaptation=with_ML throughput_gbps=8.1399 latency_ms=66.5873
[2026-08-17T00:36:10] SAMPLE t=90s phase=Recovery adaptation=with_ML throughput_gbps=8.2917 latency_ms=67.0577
[2026-08-17T00:36:11] SAMPLE t=91s phase=Recovery adaptation=with_ML throughput_gbps=8.3014 latency_ms=66.4488
[2026-08-17T00:36:12] SAMPLE t=92s phase=Recovery adaptation=with_ML throughput_gbps=8.3333 latency_ms=62.8951
[2026-08-17T00:36:13] SAMPLE t=93s phase=Recovery adaptation=with_ML throughput_gbps=8.3347 latency_ms=67.1271
[2026-08-17T00:36:14] SAMPLE t=94s phase=Recovery adaptation=with_ML throughput_gbps=8.5078 latency_ms=65.4993
[2026-08-17T00:36:15] SAMPLE t=95s phase=Recovery adaptation=with_ML throughput_gbps=8.5938 latency_ms=66.886
[2026-08-17T00:36:16] SAMPLE t=96s phase=Recovery adaptation=with_ML throughput_gbps=8.3171 latency_ms=63.9389
[2026-08-17T00:36:17] SAMPLE t=97s phase=Recovery adaptation=with_ML throughput_gbps=8.405 latency_ms=66.5739
[2026-08-17T00:36:18] SAMPLE t=98s phase=Recovery adaptation=with_ML throughput_gbps=8.5805 latency_ms=66.1583
[2026-08-17T00:36:19] SAMPLE t=99s phase=Recovery adaptation=with_ML throughput_gbps=8.5345 latency_ms=65.1653
[2026-08-17T00:34:40] SAMPLE t=0s phase=Stable adaptation=without_ML throughput_gbps=7.7118 latency_ms=64.4582
[2026-08-17T00:34:41] SAMPLE t=1s phase=Stable adaptation=without_ML throughput_gbps=7.8076 latency_ms=65.4508
[2026-08-17T00:34:42] SAMPLE t=2s phase=Stable adaptation=without_ML throughput_gbps=8.0118 latency_ms=67.1519
[2026-08-17T00:34:43] SAMPLE t=3s phase=Stable adaptation=without_ML throughput_gbps=7.5657 latency_ms=66.7718
[2026-08-17T00:34:44] SAMPLE t=4s phase=Stable adaptation=without_ML throughput_gbps=7.7916 latency_ms=65.0483
[2026-08-17T00:34:45] SAMPLE t=5s phase=Stable adaptation=without_ML throughput_gbps=7.591 latency_ms=65.127
[2026-08-17T00:34:46] SAMPLE t=6s phase=Stable adaptation=without_ML throughput_gbps=7.8329 latency_ms=65.1846
[2026-08-17T00:34:47] SAMPLE t=7s phase=Stable adaptation=without_ML throughput_gbps=7.8773 latency_ms=66.0043
[2026-08-17T00:34:48] SAMPLE t=8s phase=Stable adaptation=without_ML throughput_gbps=7.8732 latency_ms=65.5829
[2026-08-17T00:34:49] SAMPLE t=9s phase=Stable adaptation=without_ML throughput_gbps=8.1825 latency_ms=64.3694
[2026-08-17T00:34:50] SAMPLE t=10s phase=Stable adaptation=without_ML throughput_gbps=8.295 latency_ms=66.6841
[2026-08-17T00:34:51] SAMPLE t=11s phase=Stable adaptation=without_ML throughput_gbps=7.9263 latency_ms=68.0132
[2026-08-17T00:34:52] SAMPLE t=12s phase=Stable adaptation=without_ML throughput_gbps=7.8719 latency_ms=66.9972
[2026-08-17T00:34:53] SAMPLE t=13s phase=Stable adaptation=without_ML throughput_gbps=8.6179 latency_ms=65.619
[2026-08-17T00:34:54] SAMPLE t=14s phase=Stable adaptation=without_ML throughput_gbps=8.1798 latency_ms=67.1643
[2026-08-17T00:34:55] SAMPLE t=15s phase=Stable adaptation=without_ML throughput_gbps=7.7921 latency_ms=65.2395
[2026-08-17T00:34:56] SAMPLE t=16s phase=Stable adaptation=without_ML throughput_gbps=7.9241 latency_ms=66.8396
[2026-08-17T00:34:57] SAMPLE t=17s phase=Stable adaptation=without_ML throughput_gbps=8.5241 latency_ms=66.7035
[2026-08-17T00:34:58] SAMPLE t=18s phase=Stable adaptation=without_ML throughput_gbps=7.8658 latency_ms=65.4335
[2026-08-17T00:34:59] SAMPLE t=19s phase=Stable adaptation=without_ML throughput_gbps=7.9893 latency_ms=65.1036
[2026-08-17T00:35:00] SAMPLE t=20s phase=Congestion adaptation=without_ML throughput_gbps=7.5305 latency_ms=64.5733
[2026-08-17T00:35:01] SAMPLE t=21s phase=Congestion adaptation=without_ML throughput_gbps=7.5071 latency_ms=68.326
[2026-08-17T00:35:02] SAMPLE t=22s phase=Congestion adaptation=without_ML throughput_gbps=8.0174 latency_ms=64.5618
[2026-08-17T00:35:03] SAMPLE t=23s phase=Congestion adaptation=without_ML throughput_gbps=8.2555 latency_ms=66.2635
[2026-08-17T00:35:04] SAMPLE t=24s phase=Congestion adaptation=without_ML throughput_gbps=8.0827 latency_ms=64.5529
[2026-08-17T00:35:05] SAMPLE t=25s phase=Congestion adaptation=without_ML throughput_gbps=7.7191 latency_ms=67.7096
[2026-08-17T00:35:06] SAMPLE t=26s phase=Congestion adaptation=without_ML throughput_gbps=7.5927 latency_ms=65.6843
[2026-08-17T00:35:07] SAMPLE t=27s phase=Congestion adaptation=without_ML throughput_gbps=7.9064 latency_ms=64.5654
[2026-08-17T00:35:08] SAMPLE t=28s phase=Congestion adaptation=without_ML throughput_gbps=7.9759 latency_ms=67.5152
[2026-08-17T00:35:09] SAMPLE t=29s phase=Congestion adaptation=without_ML throughput_gbps=8.4491 latency_ms=66.3764
[2026-08-17T00:35:10] SAMPLE t=30s phase=Congestion adaptation=without_ML throughput_gbps=8.0737 latency_ms=67.0794
[2026-08-17T00:35:11] SAMPLE t=31s phase=Congestion adaptation=without_ML throughput_gbps=8.0877 latency_ms=68.5771
[2026-08-17T00:35:12] SAMPLE t=32s phase=Congestion adaptation=without_ML throughput_gbps=8.2011 latency_ms=66.6179
[2026-08-17T00:35:13] SAMPLE t=33s phase=Congestion adaptation=without_ML throughput_gbps=8.0309 latency_ms=63.7604
[2026-08-17T00:35:14] SAMPLE t=34s phase=Congestion adaptation=without_ML throughput_gbps=7.9031 latency_ms=67.4292
[2026-08-17T00:35:15] SAMPLE t=35s phase=Congestion adaptation=without_ML throughput_gbps=8.0767 latency_ms=66.6626
[2026-08-17T00:35:16] SAMPLE t=36s phase=Congestion adaptation=without_ML throughput_gbps=7.8945 latency_ms=65.9835
[2026-08-17T00:35:17] SAMPLE t=37s phase=Congestion adaptation=without_ML throughput_gbps=8.5242 latency_ms=66.66
[2026-08-17T00:35:18] SAMPLE t=38s phase=Congestion adaptation=without_ML throughput_gbps=7.7129 latency_ms=64.6909
[2026-08-17T00:35:19] SAMPLE t=39s phase=Congestion adaptation=without_ML throughput_gbps=8.2017 latency_ms=66.1646
[2026-08-17T00:35:20] SAMPLE t=40s phase=Path_change adaptation=without_ML throughput_gbps=8.2015 latency_ms=65.4359
[2026-08-17T00:35:21] SAMPLE t=41s phase=Path_change adaptation=without_ML throughput_gbps=7.7947 latency_ms=67.19
[2026-08-17T00:35:22] SAMPLE t=42s phase=Path_change adaptation=without_ML throughput_gbps=7.2725 latency_ms=67.2624
[2026-08-17T00:35:23] SAMPLE t=43s phase=Path_change adaptation=without_ML throughput_gbps=6.6963 latency_ms=70.4993
[2026-08-17T00:35:24] SAMPLE t=44s phase=Path_change adaptation=without_ML throughput_gbps=6.7045 latency_ms=69.4037
[2026-08-17T00:35:25] SAMPLE t=45s phase=Path_change adaptation=without_ML throughput_gbps=6.3568 latency_ms=70.4908
[2026-08-17T00:35:26] SAMPLE t=46s phase=Path_change adaptation=without_ML throughput_gbps=6.1212 latency_ms=72.2046
[2026-08-17T00:35:27] SAMPLE t=47s phase=Path_change adaptation=without_ML throughput_gbps=6.0316 latency_ms=73.7027
[2026-08-17T00:35:28] SAMPLE t=48s phase=Path_change adaptation=without_ML throughput_gbps=5.9416 latency_ms=70.8878
[2026-08-17T00:35:29] SAMPLE t=49s phase=Path_change adaptation=without_ML throughput_gbps=5.6738 latency_ms=72.9095
[2026-08-17T00:35:30] SAMPLE t=50s phase=Path_change adaptation=without_ML throughput_gbps=5.4258 latency_ms=71.4372
[2026-08-17T00:35:31] SAMPLE t=51s phase=Path_change adaptation=without_ML throughput_gbps=5.8712 latency_ms=75.1272
[2026-08-17T00:35:32] SAMPLE t=52s phase=Path_change adaptation=without_ML throughput_gbps=5.8509 latency_ms=72.874
[2026-08-17T00:35:33] SAMPLE t=53s phase=Path_change adaptation=without_ML throughput_gbps=6.086 latency_ms=72.4087
[2026-08-17T00:35:34] SAMPLE t=54s phase=Path_change adaptation=without_ML throughput_gbps=6.033 latency_ms=72.2154
[2026-08-17T00:35:35] SAMPLE t=55s phase=Path_change adaptation=without_ML throughput_gbps=6.2464 latency_ms=72.544
[2026-08-17T00:35:36] SAMPLE t=56s phase=Path_change adaptation=without_ML throughput_gbps=6.6623 latency_ms=68.4933
[2026-08-17T00:35:37] SAMPLE t=57s phase=Path_change adaptation=without_ML throughput_gbps=7.1743 latency_ms=68.6807
[2026-08-17T00:35:38] SAMPLE t=58s phase=Path_change adaptation=without_ML throughput_gbps=7.4852 latency_ms=67.2206
[2026-08-17T00:35:39] SAMPLE t=59s phase=Path_change adaptation=without_ML throughput_gbps=7.3682 latency_ms=66.954
[2026-08-17T00:35:40] SAMPLE t=60s phase=Loss_spike adaptation=without_ML throughput_gbps=5.9985 latency_ms=68.415
[2026-08-17T00:35:41] SAMPLE t=61s phase=Loss_spike adaptation=without_ML throughput_gbps=7.9539 latency_ms=76.5912
[2026-08-17T00:35:42] SAMPLE t=62s phase=Loss_spike adaptation=without_ML throughput_gbps=7.4468 latency_ms=75.2352
[2026-08-17T00:35:43] SAMPLE t=63s phase=Loss_spike adaptation=without_ML throughput_gbps=4.7441 latency_ms=73.5222
[2026-08-17T00:35:44] SAMPLE t=64s phase=Loss_spike adaptation=without_ML throughput_gbps=3.9493 latency_ms=81.1704
[2026-08-17T00:35:45] SAMPLE t=65s phase=Loss_spike adaptation=without_ML throughput_gbps=6.1353 latency_ms=68.0907
[2026-08-17T00:35:46] SAMPLE t=66s phase=Loss_spike adaptation=without_ML throughput_gbps=8.4471 latency_ms=80.1972
[2026-08-17T00:35:47] SAMPLE t=67s phase=Loss_spike adaptation=without_ML throughput_gbps=8.0197 latency_ms=76.7087
[2026-08-17T00:35:48] SAMPLE t=68s phase=Loss_spike adaptation=without_ML throughput_gbps=4.7457 latency_ms=76.213
[2026-08-17T00:35:49] SAMPLE t=69s phase=Loss_spike adaptation=without_ML throughput_gbps=4.0518 latency_ms=78.3614
[2026-08-17T00:35:50] SAMPLE t=70s phase=Loss_spike adaptation=without_ML throughput_gbps=6.2189 latency_ms=68.1466
[2026-08-17T00:35:51] SAMPLE t=71s phase=Loss_spike adaptation=without_ML throughput_gbps=8.188 latency_ms=78.861
[2026-08-17T00:35:52] SAMPLE t=72s phase=Loss_spike adaptation=without_ML throughput_gbps=7.7957 latency_ms=76.206
[2026-08-17T00:35:53] SAMPLE t=73s phase=Loss_spike adaptation=without_ML throughput_gbps=4.9233 latency_ms=78.5685
[2026-08-17T00:35:54] SAMPLE t=74s phase=Loss_spike adaptation=without_ML throughput_gbps=3.8987 latency_ms=80.9703
[2026-08-17T00:35:55] SAMPLE t=75s phase=Loss_spike adaptation=without_ML throughput_gbps=6.2671 latency_ms=69.2585
[2026-08-17T00:35:56] SAMPLE t=76s phase=Loss_spike adaptation=without_ML throughput_gbps=8.5001 latency_ms=82.7343
[2026-08-17T00:35:57] SAMPLE t=77s phase=Loss_spike adaptation=without_ML throughput_gbps=7.4208 latency_ms=75.4483
[2026-08-17T00:35:58] SAMPLE t=78s phase=Loss_spike adaptation=without_ML throughput_gbps=5.0446 latency_ms=75.0628
[2026-08-17T00:35:59] SAMPLE t=79s phase=Loss_spike adaptation=without_ML throughput_gbps=3.7783 latency_ms=83.5443
[2026-08-17T00:36:00] SAMPLE t=80s phase=Recovery adaptation=without_ML throughput_gbps=7.8498 latency_ms=65.5899
[2026-08-17T00:36:01] SAMPLE t=81s phase=Recovery adaptation=without_ML throughput_gbps=7.9447 latency_ms=67.383
[2026-08-17T00:36:02] SAMPLE t=82s phase=Recovery adaptation=without_ML throughput_gbps=8.0897 latency_ms=67.4154
[2026-08-17T00:36:03] SAMPLE t=83s phase=Recovery adaptation=without_ML throughput_gbps=7.9631 latency_ms=64.2523
[2026-08-17T00:36:04] SAMPLE t=84s phase=Recovery adaptation=without_ML throughput_gbps=7.5323 latency_ms=65.9928
[2026-08-17T00:36:05] SAMPLE t=85s phase=Recovery adaptation=without_ML throughput_gbps=8.2219 latency_ms=65.1518
[2026-08-17T00:36:06] SAMPLE t=86s phase=Recovery adaptation=without_ML throughput_gbps=8.1938 latency_ms=67.1782
[2026-08-17T00:36:07] SAMPLE t=87s phase=Recovery adaptation=without_ML throughput_gbps=7.6787 latency_ms=65.3501
[2026-08-17T00:36:08] SAMPLE t=88s phase=Recovery adaptation=without_ML throughput_gbps=7.9985 latency_ms=65.8974
[2026-08-17T00:36:09] SAMPLE t=89s phase=Recovery adaptation=without_ML throughput_gbps=8.18 latency_ms=64.7012
[2026-08-17T00:36:10] SAMPLE t=90s phase=Recovery adaptation=without_ML throughput_gbps=8.436 latency_ms=66.6724
[2026-08-17T00:36:11] SAMPLE t=91s phase=Recovery adaptation=without_ML throughput_gbps=8.0969 latency_ms=62.255
[2026-08-17T00:36:12] SAMPLE t=92s phase=Recovery adaptation=without_ML throughput_gbps=8.1083 latency_ms=67.6988
[2026-08-17T00:36:13] SAMPLE t=93s phase=Recovery adaptation=without_ML throughput_gbps=8.4163 latency_ms=65.022
[2026-08-17T00:36:14] SAMPLE t=94s phase=Recovery adaptation=without_ML throughput_gbps=7.8821 latency_ms=67.7925
[2026-08-17T00:36:15] SAMPLE t=95s phase=Recovery adaptation=without_ML throughput_gbps=7.8467 latency_ms=67.4418
[2026-08-17T00:36:16] SAMPLE t=96s phase=Recovery adaptation=without_ML throughput_gbps=8.2051 latency_ms=66.5382
[2026-08-17T00:36:17] SAMPLE t=97s phase=Recovery adaptation=without_ML throughput_gbps=8.0931 latency_ms=64.6135
[2026-08-17T00:36:18] SAMPLE t=98s phase=Recovery adaptation=without_ML throughput_gbps=7.891 latency_ms=65.333
[2026-08-17T00:36:19] SAMPLE t=99s phase=Recovery adaptation=without_ML throughput_gbps=8.0293 latency_ms=66.3445
[2026-08-17T00:34:40] TRACE_END run_id=123 status=OK
[2026-08-17T00:38:53] TRACE_START run_id=124
[2026-08-17T00:38:53] SAMPLE t=0s phase=Stable adaptation=with_ML throughput_gbps=8.1911 latency_ms=67.2622
[2026-08-17T00:38:54] SAMPLE t=1s phase=Stable adaptation=with_ML throughput_gbps=7.7797 latency_ms=64.9012
[2026-08-17T00:38:55] SAMPLE t=2s phase=Stable adaptation=with_ML throughput_gbps=8.0695 latency_ms=65.8404
[2026-08-17T00:38:56] SAMPLE t=3s phase=Stable adaptation=with_ML throughput_gbps=8.4165 latency_ms=64.6466
[2026-08-17T00:38:57] SAMPLE t=4s phase=Stable adaptation=with_ML throughput_gbps=8.0993 latency_ms=66.3289
[2026-08-17T00:38:58] SAMPLE t=5s phase=Stable adaptation=with_ML throughput_gbps=8.0271 latency_ms=66.4062
[2026-08-17T00:38:59] SAMPLE t=6s phase=Stable adaptation=with_ML throughput_gbps=8.1504 latency_ms=66.57
[2026-08-17T00:39:00] SAMPLE t=7s phase=Stable adaptation=with_ML throughput_gbps=8.0805 latency_ms=65.7829
[2026-08-17T00:39:01] SAMPLE t=8s phase=Stable adaptation=with_ML throughput_gbps=8.3219 latency_ms=69.7261
[2026-08-17T00:39:02] SAMPLE t=9s phase=Stable adaptation=with_ML throughput_gbps=8.1356 latency_ms=67.7271
[2026-08-17T00:39:03] SAMPLE t=10s phase=Stable adaptation=with_ML throughput_gbps=8.055 latency_ms=64.8594
[2026-08-17T00:39:04] SAMPLE t=11s phase=Stable adaptation=with_ML throughput_gbps=7.6977 latency_ms=67.6356
[2026-08-17T00:39:05] SAMPLE t=12s phase=Stable adaptation=with_ML throughput_gbps=7.8947 latency_ms=67.3745
[2026-08-17T00:39:06] SAMPLE t=13s phase=Stable adaptation=with_ML throughput_gbps=8.2621 latency_ms=66.2432
[2026-08-17T00:39:07] SAMPLE t=14s phase=Stable adaptation=with_ML throughput_gbps=8.2312 latency_ms=65.9518
[2026-08-17T00:39:08] SAMPLE t=15s phase=Stable adaptation=with_ML throughput_gbps=8.1115 latency_ms=66.1547
[2026-08-17T00:39:09] SAMPLE t=16s phase=Stable adaptation=with_ML throughput_gbps=7.97 latency_ms=65.8696
[2026-08-17T00:39:10] SAMPLE t=17s phase=Stable adaptation=with_ML throughput_gbps=7.9407 latency_ms=69.0033
[2026-08-17T00:39:11] SAMPLE t=18s phase=Stable adaptation=with_ML throughput_gbps=8.2169 latency_ms=65.7351
[2026-08-17T00:39:12] SAMPLE t=19s phase=Stable adaptation=with_ML throughput_gbps=8.269 latency_ms=68.0728
[2026-08-17T00:39:13] SAMPLE t=20s phase=Congestion adaptation=with_ML throughput_gbps=8.0372 latency_ms=66.0026
[2026-08-17T00:39:14] SAMPLE t=21s phase=Congestion adaptation=with_ML throughput_gbps=7.9321 latency_ms=65.4613
[2026-08-17T00:39:15] SAMPLE t=22s phase=Congestion adaptation=with_ML throughput_gbps=8.3902 latency_ms=67.2754
[2026-08-17T00:39:16] SAMPLE t=23s phase=Congestion adaptation=with_ML throughput_gbps=8.1536 latency_ms=67.0018
[2026-08-17T00:39:17] SAMPLE t=24s phase=Congestion adaptation=with_ML throughput_gbps=7.9363 latency_ms=68.2522
[2026-08-17T00:39:18] SAMPLE t=25s phase=Congestion adaptation=with_ML throughput_gbps=8.144 latency_ms=66.4048
[2026-08-17T00:39:19] SAMPLE t=26s phase=Congestion adaptation=with_ML throughput_gbps=7.8774 latency_ms=66.6032
[2026-08-17T00:39:20] SAMPLE t=27s phase=Congestion adaptation=with_ML throughput_gbps=8.4704 latency_ms=66.7214
[2026-08-17T00:39:21] SAMPLE t=28s phase=Congestion adaptation=with_ML throughput_gbps=8.1752 latency_ms=65.3661
[2026-08-17T00:39:22] SAMPLE t=29s phase=Congestion adaptation=with_ML throughput_gbps=8.1648 latency_ms=67.258
[2026-08-17T00:39:23] SAMPLE t=30s phase=Congestion adaptation=with_ML throughput_gbps=7.7506 latency_ms=67.2336
[2026-08-17T00:39:24] SAMPLE t=31s phase=Congestion adaptation=with_ML throughput_gbps=8.294 latency_ms=67.1026
[2026-08-17T00:39:25] SAMPLE t=32s phase=Congestion adaptation=with_ML throughput_gbps=8.0396 latency_ms=66.6332
[2026-08-17T00:39:26] SAMPLE t=33s phase=Congestion adaptation=with_ML throughput_gbps=7.9498 latency_ms=68.2962
[2026-08-17T00:39:27] SAMPLE t=34s phase=Congestion adaptation=with_ML throughput_gbps=8.1176 latency_ms=68.0796
[2026-08-17T00:39:28] SAMPLE t=35s phase=Congestion adaptation=with_ML throughput_gbps=8.2008 latency_ms=64.6515
[2026-08-17T00:39:29] SAMPLE t=36s phase=Congestion adaptation=with_ML throughput_gbps=7.9804 latency_ms=68.8178
[2026-08-17T00:39:30] SAMPLE t=37s phase=Congestion adaptation=with_ML throughput_gbps=8.3158 latency_ms=64.7409
[2026-08-17T00:39:31] SAMPLE t=38s phase=Congestion adaptation=with_ML throughput_gbps=8.1043 latency_ms=65.6209
[2026-08-17T00:39:32] SAMPLE t=39s phase=Congestion adaptation=with_ML throughput_gbps=8.2406 latency_ms=65.7797
[2026-08-17T00:39:33] SAMPLE t=40s phase=Path_change adaptation=with_ML throughput_gbps=8.3042 latency_ms=66.8537
[2026-08-17T00:39:34] SAMPLE t=41s phase=Path_change adaptation=with_ML throughput_gbps=8.1214 latency_ms=66.0261
[2026-08-17T00:39:35] SAMPLE t=42s phase=Path_change adaptation=with_ML throughput_gbps=8.1064 latency_ms=67.8274
[2026-08-17T00:39:36] SAMPLE t=43s phase=Path_change adaptation=with_ML throughput_gbps=7.5568 latency_ms=68.1437
[2026-08-17T00:39:37] SAMPLE t=44s phase=Path_change adaptation=with_ML throughput_gbps=7.6304 latency_ms=67.636
[2026-08-17T00:39:38] SAMPLE t=45s phase=Path_change adaptation=with_ML throughput_gbps=7.9005 latency_ms=66.8261
[2026-08-17T00:39:39] SAMPLE t=46s phase=Path_change adaptation=with_ML throughput_gbps=7.5819 latency_ms=66.5788
[2026-08-17T00:39:40] SAMPLE t=47s phase=Path_change adaptation=with_ML throughput_gbps=7.2316 latency_ms=69.4323
[2026-08-17T00:39:41] SAMPLE t=48s phase=Path_change adaptation=with_ML throughput_gbps=7.3698 latency_ms=68.0369
[2026-08-17T00:39:42] SAMPLE t=49s phase=Path_change adaptation=with_ML throughput_gbps=6.8682 latency_ms=68.8874
[2026-08-17T00:39:43] SAMPLE t=50s phase=Path_change adaptation=with_ML throughput_gbps=7.4607 latency_ms=65.497
[2026-08-17T00:39:44] SAMPLE t=51s phase=Path_change adaptation=with_ML throughput_gbps=7.0651 latency_ms=68.2727
[2026-08-17T00:39:45] SAMPLE t=52s phase=Path_change adaptation=with_ML throughput_gbps=7.2775 latency_ms=68.5803
[2026-08-17T00:39:46] SAMPLE t=53s phase=Path_change adaptation=with_ML throughput_gbps=7.0193 latency_ms=70.262
[2026-08-17T00:39:47] SAMPLE t=54s phase=Path_change adaptation=with_ML throughput_gbps=7.3612 latency_ms=69.4379
[2026-08-17T00:39:48] SAMPLE t=55s phase=Path_change adaptation=with_ML throughput_gbps=7.6625 latency_ms=66.566
[2026-08-17T00:39:49] SAMPLE t=56s phase=Path_change adaptation=with_ML throughput_gbps=7.6673 latency_ms=67.2123
[2026-08-17T00:39:50] SAMPLE t=57s phase=Path_change adaptation=with_ML throughput_gbps=7.6077 latency_ms=68.7993
[2026-08-17T00:39:51] SAMPLE t=58s phase=Path_change adaptation=with_ML throughput_gbps=8.0686 latency_ms=66.9281
[2026-08-17T00:39:52] SAMPLE t=59s phase=Path_change adaptation=with_ML throughput_gbps=8.1846 latency_ms=68.2456
[2026-08-17T00:39:53] SAMPLE t=60s phase=Loss_spike adaptation=with_ML throughput_gbps=7.4856 latency_ms=69.213
[2026-08-17T00:39:54] SAMPLE t=61s phase=Loss_spike adaptation=with_ML throughput_gbps=8.8551 latency_ms=72.7917
[2026-08-17T00:39:55] SAMPLE t=62s phase=Loss_spike adaptation=with_ML throughput_gbps=7.7399 latency_ms=68.7913
[2026-08-17T00:39:56] SAMPLE t=63s phase=Loss_spike adaptation=with_ML throughput_gbps=6.8228 latency_ms=70.5782
[2026-08-17T00:39:57] SAMPLE t=64s phase=Loss_spike adaptation=with_ML throughput_gbps=6.265 latency_ms=70.0696
[2026-08-17T00:39:58] SAMPLE t=65s phase=Loss_spike adaptation=with_ML throughput_gbps=7.5799 latency_ms=66.804
[2026-08-17T00:39:59] SAMPLE t=66s phase=Loss_spike adaptation=with_ML throughput_gbps=8.4458 latency_ms=68.6828
[2026-08-17T00:40:00] SAMPLE t=67s phase=Loss_spike adaptation=with_ML throughput_gbps=8.1192 latency_ms=68.7682
[2026-08-17T00:40:01] SAMPLE t=68s phase=Loss_spike adaptation=with_ML throughput_gbps=6.5221 latency_ms=68.5871
[2026-08-17T00:40:02] SAMPLE t=69s phase=Loss_spike adaptation=with_ML throughput_gbps=6.1919 latency_ms=70.9901
[2026-08-17T00:40:03] SAMPLE t=70s phase=Loss_spike adaptation=with_ML throughput_gbps=7.2647 latency_ms=67.919
[2026-08-17T00:40:04] SAMPLE t=71s phase=Loss_spike adaptation=with_ML throughput_gbps=8.2695 latency_ms=71.9875
[2026-08-17T00:40:05] SAMPLE t=72s phase=Loss_spike adaptation=with_ML throughput_gbps=8.1584 latency_ms=69.1597
[2026-08-17T00:40:06] SAMPLE t=73s phase=Loss_spike adaptation=with_ML throughput_gbps=6.6849 latency_ms=70.9538
[2026-08-17T00:40:07] SAMPLE t=74s phase=Loss_spike adaptation=with_ML throughput_gbps=6.1918 latency_ms=71.9436
[2026-08-17T00:40:08] SAMPLE t=75s phase=Loss_spike adaptation=with_ML throughput_gbps=7.149 latency_ms=68.0699
[2026-08-17T00:40:09] SAMPLE t=76s phase=Loss_spike adaptation=with_ML throughput_gbps=8.3617 latency_ms=69.2757
[2026-08-17T00:40:10] SAMPLE t=77s phase=Loss_spike adaptation=with_ML throughput_gbps=8.2093 latency_ms=69.8918
[2026-08-17T00:40:11] SAMPLE t=78s phase=Loss_spike adaptation=with_ML throughput_gbps=6.4143 latency_ms=69.9949
[2026-08-17T00:40:12] SAMPLE t=79s phase=Loss_spike adaptation=with_ML throughput_gbps=6.3573 latency_ms=72.4413
[2026-08-17T00:40:13] SAMPLE t=80s phase=Recovery adaptation=with_ML throughput_gbps=7.8497 latency_ms=66.2352
[2026-08-17T00:40:14] SAMPLE t=81s phase=Recovery adaptation=with_ML throughput_gbps=8.1363 latency_ms=66.0403
[2026-08-17T00:40:15] SAMPLE t=82s phase=Recovery adaptation=with_ML throughput_gbps=7.9702 latency_ms=65.1094
[2026-08-17T00:40:16] SAMPLE t=83s phase=Recovery adaptation=with_ML throughput_gbps=8.0312 latency_ms=66.9648
[2026-08-17T00:40:17] SAMPLE t=84s phase=Recovery adaptation=with_ML throughput_gbps=8.2535 latency_ms=65.3217
[2026-08-17T00:40:18] SAMPLE t=85s phase=Recovery adaptation=with_ML throughput_gbps=8.3661 latency_ms=67.159
[2026-08-17T00:40:19] SAMPLE t=86s phase=Recovery adaptation=with_ML throughput_gbps=7.7963 latency_ms=63.8772
[2026-08-17T00:40:20] SAMPLE t=87s phase=Recovery adaptation=with_ML throughput_gbps=8.2646 latency_ms=63.7453
[2026-08-17T00:40:21] SAMPLE t=88s phase=Recovery adaptation=with_ML throughput_gbps=8.2252 latency_ms=66.5908
[2026-08-17T00:40:22] SAMPLE t=89s phase=Recovery adaptation=with_ML throughput_gbps=8.5151 latency_ms=63.5941
[2026-08-17T00:40:23] SAMPLE t=90s phase=Recovery adaptation=with_ML throughput_gbps=8.4904 latency_ms=66.4987
[2026-08-17T00:40:24] SAMPLE t=91s phase=Recovery adaptation=with_ML throughput_gbps=8.2176 latency_ms=65.6119
[2026-08-17T00:40:25] SAMPLE t=92s phase=Recovery adaptation=with_ML throughput_gbps=8.5362 latency_ms=64.3503
[2026-08-17T00:40:26] SAMPLE t=93s phase=Recovery adaptation=with_ML throughput_gbps=8.3046 latency_ms=64.6126
[2026-08-17T00:40:27] SAMPLE t=94s phase=Recovery adaptation=with_ML throughput_gbps=8.3218 latency_ms=65.3222
[2026-08-17T00:40:28] SAMPLE t=95s phase=Recovery adaptation=with_ML throughput_gbps=7.9823 latency_ms=65.3314
[2026-08-17T00:40:29] SAMPLE t=96s phase=Recovery adaptation=with_ML throughput_gbps=8.3825 latency_ms=67.1114
[2026-08-17T00:40:30] SAMPLE t=97s phase=Recovery adaptation=with_ML throughput_gbps=8.3861 latency_ms=63.6424
[2026-08-17T00:40:31] SAMPLE t=98s phase=Recovery adaptation=with_ML throughput_gbps=8.5926 latency_ms=65.2321
[2026-08-17T00:40:32] SAMPLE t=99s phase=Recovery adaptation=with_ML throughput_gbps=8.4361 latency_ms=64.8925
[2026-08-17T00:38:53] SAMPLE t=0s phase=Stable adaptation=without_ML throughput_gbps=7.8198 latency_ms=66.1292
[2026-08-17T00:38:54] SAMPLE t=1s phase=Stable adaptation=without_ML throughput_gbps=7.8942 latency_ms=64.2057
[2026-08-17T00:38:55] SAMPLE t=2s phase=Stable adaptation=without_ML throughput_gbps=7.8546 latency_ms=64.1914
[2026-08-17T00:38:56] SAMPLE t=3s phase=Stable adaptation=without_ML throughput_gbps=8.2082 latency_ms=66.6828
[2026-08-17T00:38:57] SAMPLE t=4s phase=Stable adaptation=without_ML throughput_gbps=8.0823 latency_ms=66.072
[2026-08-17T00:38:58] SAMPLE t=5s phase=Stable adaptation=without_ML throughput_gbps=7.6326 latency_ms=64.799
[2026-08-17T00:38:59] SAMPLE t=6s phase=Stable adaptation=without_ML throughput_gbps=8.3055 latency_ms=65.2049
[2026-08-17T00:39:00] SAMPLE t=7s phase=Stable adaptation=without_ML throughput_gbps=8.036 latency_ms=65.903
[2026-08-17T00:39:01] SAMPLE t=8s phase=Stable adaptation=without_ML throughput_gbps=7.8281 latency_ms=64.9718
[2026-08-17T00:39:02] SAMPLE t=9s phase=Stable adaptation=without_ML throughput_gbps=7.6424 latency_ms=66.9575
[2026-08-17T00:39:03] SAMPLE t=10s phase=Stable adaptation=without_ML throughput_gbps=8.2773 latency_ms=64.4213
[2026-08-17T00:39:04] SAMPLE t=11s phase=Stable adaptation=without_ML throughput_gbps=7.5693 latency_ms=64.6336
[2026-08-17T00:39:05] SAMPLE t=12s phase=Stable adaptation=without_ML throughput_gbps=7.913 latency_ms=65.405
[2026-08-17T00:39:06] SAMPLE t=13s phase=Stable adaptation=without_ML throughput_gbps=7.8024 latency_ms=67.0786
[2026-08-17T00:39:07] SAMPLE t=14s phase=Stable adaptation=without_ML throughput_gbps=8.1759 latency_ms=66.3523
[2026-08-17T00:39:08] SAMPLE t=15s phase=Stable adaptation=without_ML throughput_gbps=7.9506 latency_ms=64.44
[2026-08-17T00:39:09] SAMPLE t=16s phase=Stable adaptation=without_ML throughput_gbps=8.0507 latency_ms=66.7265
[2026-08-17T00:39:10] SAMPLE t=17s phase=Stable adaptation=without_ML throughput_gbps=8.1973 latency_ms=66.6297
[2026-08-17T00:39:11] SAMPLE t=18s phase=Stable adaptation=without_ML throughput_gbps=8.3335 latency_ms=65.9912
[2026-08-17T00:39:12] SAMPLE t=19s phase=Stable adaptation=without_ML throughput_gbps=8.372 latency_ms=64.7116
[2026-08-17T00:39:13] SAMPLE t=20s phase=Congestion adaptation=without_ML throughput_gbps=7.9814 latency_ms=66.9955
[2026-08-17T00:39:14] SAMPLE t=21s phase=Congestion adaptation=without_ML throughput_gbps=7.8822 latency_ms=65.2927
[2026-08-17T00:39:15] SAMPLE t=22s phase=Congestion adaptation=without_ML throughput_gbps=8.1309 latency_ms=65.9138
[2026-08-17T00:39:16] SAMPLE t=23s phase=Congestion adaptation=without_ML throughput_gbps=7.7047 latency_ms=64.8151
[2026-08-17T00:39:17] SAMPLE t=24s phase=Congestion adaptation=without_ML throughput_gbps=8.0415 latency_ms=66.3265
[2026-08-17T00:39:18] SAMPLE t=25s phase=Congestion adaptation=without_ML throughput_gbps=7.7534 latency_ms=65.8258
[2026-08-17T00:39:19] SAMPLE t=26s phase=Congestion adaptation=without_ML throughput_gbps=8.5459 latency_ms=66.1463
[2026-08-17T00:39:20] SAMPLE t=27s phase=Congestion adaptation=without_ML throughput_gbps=8.1097 latency_ms=66.2007
[2026-08-17T00:39:21] SAMPLE t=28s phase=Congestion adaptation=without_ML throughput_gbps=7.9753 latency_ms=66.1971
[2026-08-17T00:39:22] SAMPLE t=29s phase=Congestion adaptation=without_ML throughput_gbps=7.6928 latency_ms=66.9442
[2026-08-17T00:39:23] SAMPLE t=30s phase=Congestion adaptation=without_ML throughput_gbps=7.9877 latency_ms=64.5094
[2026-08-17T00:39:24] SAMPLE t=31s phase=Congestion adaptation=without_ML throughput_gbps=8.6467 latency_ms=65.7057
[2026-08-17T00:39:25] SAMPLE t=32s phase=Congestion adaptation=without_ML throughput_gbps=7.6437 latency_ms=67.2031
[2026-08-17T00:39:26] SAMPLE t=33s phase=Congestion adaptation=without_ML throughput_gbps=7.5931 latency_ms=67.1447
[2026-08-17T00:39:27] SAMPLE t=34s phase=Congestion adaptation=without_ML throughput_gbps=7.6806 latency_ms=66.4011
[2026-08-17T00:39:28] SAMPLE t=35s phase=Congestion adaptation=without_ML throughput_gbps=8.1938 latency_ms=64.354
[2026-08-17T00:39:29] SAMPLE t=36s phase=Congestion adaptation=without_ML throughput_gbps=7.743 latency_ms=66.1075
[2026-08-17T00:39:30] SAMPLE t=37s phase=Congestion adaptation=without_ML throughput_gbps=7.8722 latency_ms=63.1577
[2026-08-17T00:39:31] SAMPLE t=38s phase=Congestion adaptation=without_ML throughput_gbps=8.0779 latency_ms=68.3102
[2026-08-17T00:39:32] SAMPLE t=39s phase=Congestion adaptation=without_ML throughput_gbps=7.984 latency_ms=65.3949
[2026-08-17T00:39:33] SAMPLE t=40s phase=Path_change adaptation=without_ML throughput_gbps=8.0963 latency_ms=65.5459
[2026-08-17T00:39:34] SAMPLE t=41s phase=Path_change adaptation=without_ML throughput_gbps=7.9706 latency_ms=68.0865
[2026-08-17T00:39:35] SAMPLE t=42s phase=Path_change adaptation=without_ML throughput_gbps=7.6233 latency_ms=68.2261
[2026-08-17T00:39:36] SAMPLE t=43s phase=Path_change adaptation=without_ML throughput_gbps=6.7635 latency_ms=70.6183
[2026-08-17T00:39:37] SAMPLE t=44s phase=Path_change adaptation=without_ML throughput_gbps=6.5494 latency_ms=69.0436
[2026-08-17T00:39:38] SAMPLE t=45s phase=Path_change adaptation=without_ML throughput_gbps=6.7492 latency_ms=72.9074
[2026-08-17T00:39:39] SAMPLE t=46s phase=Path_change adaptation=without_ML throughput_gbps=6.051 latency_ms=71.3754
[2026-08-17T00:39:40] SAMPLE t=47s phase=Path_change adaptation=without_ML throughput_gbps=5.7845 latency_ms=72.6736
[2026-08-17T00:39:41] SAMPLE t=48s phase=Path_change adaptation=without_ML throughput_gbps=6.012 latency_ms=71.7474
[2026-08-17T00:39:42] SAMPLE t=49s phase=Path_change adaptation=without_ML throughput_gbps=5.7656 latency_ms=70.1318
[2026-08-17T00:39:43] SAMPLE t=50s phase=Path_change adaptation=without_ML throughput_gbps=5.8132 latency_ms=74.0942
[2026-08-17T00:39:44] SAMPLE t=51s phase=Path_change adaptation=without_ML throughput_gbps=5.7658 latency_ms=73.8993
[2026-08-17T00:39:45] SAMPLE t=52s phase=Path_change adaptation=without_ML throughput_gbps=5.7264 latency_ms=73.999
[2026-08-17T00:39:46] SAMPLE t=53s phase=Path_change adaptation=without_ML throughput_gbps=6.1164 latency_ms=70.4592
[2026-08-17T00:39:47] SAMPLE t=54s phase=Path_change adaptation=without_ML throughput_gbps=6.5788 latency_ms=72.9529
[2026-08-17T00:39:48] SAMPLE t=55s phase=Path_change adaptation=without_ML throughput_gbps=6.1968 latency_ms=69.6045
[2026-08-17T00:39:49] SAMPLE t=56s phase=Path_change adaptation=without_ML throughput_gbps=6.7381 latency_ms=71.8359
[2026-08-17T00:39:50] SAMPLE t=57s phase=Path_change adaptation=without_ML throughput_gbps=6.9869 latency_ms=68.515
[2026-08-17T00:39:51] SAMPLE t=58s phase=Path_change adaptation=without_ML throughput_gbps=7.3062 latency_ms=68.5655
[2026-08-17T00:39:52] SAMPLE t=59s phase=Path_change adaptation=without_ML throughput_gbps=7.933 latency_ms=68.3707
[2026-08-17T00:39:53] SAMPLE t=60s phase=Loss_spike adaptation=without_ML throughput_gbps=5.8938 latency_ms=69.6219
[2026-08-17T00:39:54] SAMPLE t=61s phase=Loss_spike adaptation=without_ML throughput_gbps=8.3367 latency_ms=77.6986
[2026-08-17T00:39:55] SAMPLE t=62s phase=Loss_spike adaptation=without_ML throughput_gbps=7.6108 latency_ms=74.5746
[2026-08-17T00:39:56] SAMPLE t=63s phase=Loss_spike adaptation=without_ML throughput_gbps=4.8683 latency_ms=76.3195
[2026-08-17T00:39:57] SAMPLE t=64s phase=Loss_spike adaptation=without_ML throughput_gbps=3.8777 latency_ms=78.0483
[2026-08-17T00:39:58] SAMPLE t=65s phase=Loss_spike adaptation=without_ML throughput_gbps=6.2112 latency_ms=71.7547
[2026-08-17T00:39:59] SAMPLE t=66s phase=Loss_spike adaptation=without_ML throughput_gbps=8.3789 latency_ms=77.9832
[2026-08-17T00:40:00] SAMPLE t=67s phase=Loss_spike adaptation=without_ML throughput_gbps=7.6145 latency_ms=75.2248
[2026-08-17T00:40:01] SAMPLE t=68s phase=Loss_spike adaptation=without_ML throughput_gbps=4.973 latency_ms=73.6758
[2026-08-17T00:40:02] SAMPLE t=69s phase=Loss_spike adaptation=without_ML throughput_gbps=4.2101 latency_ms=78.4297
[2026-08-17T00:40:03] SAMPLE t=70s phase=Loss_spike adaptation=without_ML throughput_gbps=6.2076 latency_ms=69.2551
[2026-08-17T00:40:04] SAMPLE t=71s phase=Loss_spike adaptation=without_ML throughput_gbps=8.58 latency_ms=80.4801
[2026-08-17T00:40:05] SAMPLE t=72s phase=Loss_spike adaptation=without_ML throughput_gbps=7.6138 latency_ms=74.802
[2026-08-17T00:40:06] SAMPLE t=73s phase=Loss_spike adaptation=without_ML throughput_gbps=5.0696 latency_ms=76.3896
[2026-08-17T00:40:07] SAMPLE t=74s phase=Loss_spike adaptation=without_ML throughput_gbps=3.8013 latency_ms=78.6571
[2026-08-17T00:40:08] SAMPLE t=75s phase=Loss_spike adaptation=without_ML throughput_gbps=6.1052 latency_ms=70.3151
[2026-08-17T00:40:09] SAMPLE t=76s phase=Loss_spike adaptation=without_ML throughput_gbps=8.3231 latency_ms=77.7472
[2026-08-17T00:40:10] SAMPLE t=77s phase=Loss_spike adaptation=without_ML throughput_gbps=7.4208 latency_ms=74.4862
[2026-08-17T00:40:11] SAMPLE t=78s phase=Loss_spike adaptation=without_ML throughput_gbps=4.5478 latency_ms=76.3377
[2026-08-17T00:40:12] SAMPLE t=79s phase=Loss_spike adaptation=without_ML throughput_gbps=4.0715 latency_ms=77.3631
[2026-08-17T00:40:13] SAMPLE t=80s phase=Recovery adaptation=without_ML throughput_gbps=7.8546 latency_ms=64.3361
[2026-08-17T00:40:14] SAMPLE t=81s phase=Recovery adaptation=without_ML throughput_gbps=8.3052 latency_ms=67.6196
[2026-08-17T00:40:15] SAMPLE t=82s phase=Recovery adaptation=without_ML throughput_gbps=7.9625 latency_ms=65.7267
[2026-08-17T00:40:16] SAMPLE t=83s phase=Recovery adaptation=without_ML throughput_gbps=8.0149 latency_ms=65.6003
[2026-08-17T00:40:17] SAMPLE t=84s phase=Recovery adaptation=without_ML throughput_gbps=8.3731 latency_ms=64.6274
[2026-08-17T00:40:18] SAMPLE t=85s phase=Recovery adaptation=without_ML throughput_gbps=7.9392 latency_ms=67.9803
[2026-08-17T00:40:19] SAMPLE t=86s phase=Recovery adaptation=without_ML throughput_gbps=8.1992 latency_ms=63.9531
[2026-08-17T00:40:20] SAMPLE t=87s phase=Recovery adaptation=without_ML throughput_gbps=7.5994 latency_ms=69.3516
[2026-08-17T00:40:21] SAMPLE t=88s phase=Recovery adaptation=without_ML throughput_gbps=8.2156 latency_ms=64.0052
[2026-08-17T00:40:22] SAMPLE t=89s phase=Recovery adaptation=without_ML throughput_gbps=7.9866 latency_ms=64.6549
[2026-08-17T00:40:23] SAMPLE t=90s phase=Recovery adaptation=without_ML throughput_gbps=8.0077 latency_ms=65.7549
[2026-08-17T00:40:24] SAMPLE t=91s phase=Recovery adaptation=without_ML throughput_gbps=7.9902 latency_ms=64.6258
[2026-08-17T00:40:25] SAMPLE t=92s phase=Recovery adaptation=without_ML throughput_gbps=7.9424 latency_ms=68.2993
[2026-08-17T00:40:26] SAMPLE t=93s phase=Recovery adaptation=without_ML throughput_gbps=7.5411 latency_ms=64.9024
[2026-08-17T00:40:27] SAMPLE t=94s phase=Recovery adaptation=without_ML throughput_gbps=8.1556 latency_ms=64.9552
[2026-08-17T00:40:28] SAMPLE t=95s phase=Recovery adaptation=without_ML throughput_gbps=8.0857 latency_ms=66.7748
[2026-08-17T00:40:29] SAMPLE t=96s phase=Recovery adaptation=without_ML throughput_gbps=7.8158 latency_ms=65.3608
[2026-08-17T00:40:30] SAMPLE t=97s phase=Recovery adaptation=without_ML throughput_gbps=7.2542 latency_ms=70.3694
[2026-08-17T00:40:31] SAMPLE t=98s phase=Recovery adaptation=without_ML throughput_gbps=7.8393 latency_ms=66.1179
[2026-08-17T00:40:32] SAMPLE t=99s phase=Recovery adaptation=without_ML throughput_gbps=8.0514 latency_ms=65.0311
[2026-08-17T00:38:53] TRACE_END run_id=124 status=OK
