[2026-08-18T06:13:36] TRACE_START run_id=145
[2026-08-18T06:13:36] SAMPLE t=0s phase=Stable adaptation=with_ML throughput_gbps=8.0241 latency_ms=67.5603
[2026-08-18T06:13:37] SAMPLE t=1s phase=Stable adaptation=with_ML throughput_gbps=8.1785 latency_ms=68.149
[2026-08-18T06:13:38] SAMPLE t=2s phase=Stable adaptation=with_ML throughput_gbps=7.8221 latency_ms=66.9324
[2026-08-18T06:13:39] SAMPLE t=3s phase=Stable adaptation=with_ML throughput_gbps=8.174 latency_ms=67.4028
[2026-08-18T06:13:40] SAMPLE t=4s phase=Stable adaptation=with_ML throughput_gbps=7.9846 latency_ms=65.8136
[2026-08-18T06:13:41] SAMPLE t=5s phase=Stable adaptation=with_ML throughput_gbps=8.0517 latency_ms=67.2923
[2026-08-18T06:13:42] SAMPLE t=6s phase=Stable adaptation=with_ML throughput_gbps=7.9849 latency_ms=66.1199
[2026-08-18T06:13:43] SAMPLE t=7s phase=Stable adaptation=with_ML throughput_gbps=8.3188 latency_ms=65.4601
[2026-08-18T06:13:44] SAMPLE t=8s phase=Stable adaptation=with_ML throughput_gbps=8.2188 latency_ms=65.3878
[2026-08-18T06:13:45] SAMPLE t=9s phase=Stable adaptation=with_ML throughput_gbps=8.1795 latency_ms=65.4036
[2026-08-18T06:13:46] SAMPLE t=10s phase=Stable adaptation=with_ML throughput_gbps=8.1497 latency_ms=64.463
[2026-08-18T06:13:47] SAMPLE t=11s phase=Stable adaptation=with_ML throughput_gbps=8.0753 latency_ms=67.685
[2026-08-18T06:13:48] SAMPLE t=12s phase=Stable adaptation=with_ML throughput_gbps=8.0771 latency_ms=67.3288
[2026-08-18T06:13:49] SAMPLE t=13s phase=Stable adaptation=with_ML throughput_gbps=7.755 latency_ms=63.8995
[2026-08-18T06:13:50] SAMPLE t=14s phase=Stable adaptation=with_ML throughput_gbps=8.0058 latency_ms=66.2202
[2026-08-18T06:13:51] SAMPLE t=15s phase=Stable adaptation=with_ML throughput_gbps=8.0008 latency_ms=65.2706
[2026-08-18T06:13:52] SAMPLE t=16s phase=Stable adaptation=with_ML throughput_gbps=8.0133 latency_ms=68.2592
[2026-08-18T06:13:53] SAMPLE t=17s phase=Stable adaptation=with_ML throughput_gbps=8.1523 latency_ms=66.4258
[2026-08-18T06:13:54] SAMPLE t=18s phase=Stable adaptation=with_ML throughput_gbps=8.3621 latency_ms=65.5523
[2026-08-18T06:13:55] SAMPLE t=19s phase=Stable adaptation=with_ML throughput_gbps=7.9128 latency_ms=67.9604
[2026-08-18T06:13:56] SAMPLE t=20s phase=Congestion adaptation=with_ML throughput_gbps=8.1353 latency_ms=65.1787
[2026-08-18T06:13:57] SAMPLE t=21s phase=Congestion adaptation=with_ML throughput_gbps=8.2499 latency_ms=64.8635
[2026-08-18T06:13:58] SAMPLE t=22s phase=Congestion adaptation=with_ML throughput_gbps=8.263 latency_ms=64.9046
[2026-08-18T06:13:59] SAMPLE t=23s phase=Congestion adaptation=with_ML throughput_gbps=8.1013 latency_ms=65.1898
[2026-08-18T06:14:00] SAMPLE t=24s phase=Congestion adaptation=with_ML throughput_gbps=8.0602 latency_ms=68.2572
[2026-08-18T06:14:01] SAMPLE t=25s phase=Congestion adaptation=with_ML throughput_gbps=8.3665 latency_ms=64.7482
[2026-08-18T06:14:02] SAMPLE t=26s phase=Congestion adaptation=with_ML throughput_gbps=8.0103 latency_ms=64.8891
[2026-08-18T06:14:03] SAMPLE t=27s phase=Congestion adaptation=with_ML throughput_gbps=8.0142 latency_ms=67.6719
[2026-08-18T06:14:04] SAMPLE t=28s phase=Congestion adaptation=with_ML throughput_gbps=8.1157 latency_ms=66.1585
[2026-08-18T06:14:05] SAMPLE t=29s phase=Congestion adaptation=with_ML throughput_gbps=8.0758 latency_ms=66.4476
[2026-08-18T06:14:06] SAMPLE t=30s phase=Congestion adaptation=with_ML throughput_gbps=8.395 latency_ms=66.1831
[2026-08-18T06:14:07] SAMPLE t=31s phase=Congestion adaptation=with_ML throughput_gbps=8.3194 latency_ms=67.9726
[2026-08-18T06:14:08] SAMPLE t=32s phase=Congestion adaptation=with_ML throughput_gbps=8.0066 latency_ms=67.1028
[2026-08-18T06:14:09] SAMPLE t=33s phase=Congestion adaptation=with_ML throughput_gbps=8.3878 latency_ms=66.8513
[2026-08-18T06:14:10] SAMPLE t=34s phase=Congestion adaptation=with_ML throughput_gbps=7.7101 latency_ms=65.4347
[2026-08-18T06:14:11] SAMPLE t=35s phase=Congestion adaptation=with_ML throughput_gbps=8.2151 latency_ms=65.9246
[2026-08-18T06:14:12] SAMPLE t=36s phase=Congestion adaptation=with_ML throughput_gbps=8.3739 latency_ms=68.2465
[2026-08-18T06:14:13] SAMPLE t=37s phase=Congestion adaptation=with_ML throughput_gbps=8.0834 latency_ms=65.4688
[2026-08-18T06:14:14] SAMPLE t=38s phase=Congestion adaptation=with_ML throughput_gbps=8.096 latency_ms=65.9925
[2026-08-18T06:14:15] SAMPLE t=39s phase=Congestion adaptation=with_ML throughput_gbps=7.906 latency_ms=68.4269
[2026-08-18T06:14:16] SAMPLE t=40s phase=Path_change adaptation=with_ML throughput_gbps=8.6765 latency_ms=66.2198
[2026-08-18T06:14:17] SAMPLE t=41s phase=Path_change adaptation=with_ML throughput_gbps=8.0881 latency_ms=68.1684
[2026-08-18T06:14:18] SAMPLE t=42s phase=Path_change adaptation=with_ML throughput_gbps=8.1384 latency_ms=67.9782
[2026-08-18T06:14:19] SAMPLE t=43s phase=Path_change adaptation=with_ML throughput_gbps=7.2893 latency_ms=68.112
[2026-08-18T06:14:20] SAMPLE t=44s phase=Path_change adaptation=with_ML throughput_gbps=7.403 latency_ms=68.7651
[2026-08-18T06:14:21] SAMPLE t=45s phase=Path_change adaptation=with_ML throughput_gbps=7.4189 latency_ms=69.3254
[2026-08-18T06:14:22] SAMPLE t=46s phase=Path_change adaptation=with_ML throughput_gbps=7.2594 latency_ms=71.0494
[2026-08-18T06:14:23] SAMPLE t=47s phase=Path_change adaptation=with_ML throughput_gbps=7.4944 latency_ms=73.0658
[2026-08-18T06:14:24] SAMPLE t=48s phase=Path_change adaptation=with_ML throughput_gbps=7.0855 latency_ms=66.4502
[2026-08-18T06:14:25] SAMPLE t=49s phase=Path_change adaptation=with_ML throughput_gbps=7.3134 latency_ms=71.0763
[2026-08-18T06:14:26] SAMPLE t=50s phase=Path_change adaptation=with_ML throughput_gbps=7.1411 latency_ms=68.633
[2026-08-18T06:14:27] SAMPLE t=51s phase=Path_change adaptation=with_ML throughput_gbps=7.1471 latency_ms=68.0008
[2026-08-18T06:14:28] SAMPLE t=52s phase=Path_change adaptation=with_ML throughput_gbps=7.1988 latency_ms=67.3441
[2026-08-18T06:14:29] SAMPLE t=53s phase=Path_change adaptation=with_ML throughput_gbps=7.0399 latency_ms=68.6439
[2026-08-18T06:14:30] SAMPLE t=54s phase=Path_change adaptation=with_ML throughput_gbps=7.6537 latency_ms=67.3323
[2026-08-18T06:14:31] SAMPLE t=55s phase=Path_change adaptation=with_ML throughput_gbps=7.6942 latency_ms=69.7502
[2026-08-18T06:14:32] SAMPLE t=56s phase=Path_change adaptation=with_ML throughput_gbps=8.1166 latency_ms=67.8503
[2026-08-18T06:14:33] SAMPLE t=57s phase=Path_change adaptation=with_ML throughput_gbps=7.6059 latency_ms=68.5113
[2026-08-18T06:14:34] SAMPLE t=58s phase=Path_change adaptation=with_ML throughput_gbps=7.9233 latency_ms=66.6422
[2026-08-18T06:14:35] SAMPLE t=59s phase=Path_change adaptation=with_ML throughput_gbps=7.9405 latency_ms=66.6214
[2026-08-18T06:14:36] SAMPLE t=60s phase=Loss_spike adaptation=with_ML throughput_gbps=7.2872 latency_ms=70.2721
[2026-08-18T06:14:37] SAMPLE t=61s phase=Loss_spike adaptation=with_ML throughput_gbps=8.2434 latency_ms=70.8016
[2026-08-18T06:14:38] SAMPLE t=62s phase=Loss_spike adaptation=with_ML throughput_gbps=8.0906 latency_ms=68.9429
[2026-08-18T06:14:39] SAMPLE t=63s phase=Loss_spike adaptation=with_ML throughput_gbps=6.7005 latency_ms=69.4911
[2026-08-18T06:14:40] SAMPLE t=64s phase=Loss_spike adaptation=with_ML throughput_gbps=6.3601 latency_ms=70.5166
[2026-08-18T06:14:41] SAMPLE t=65s phase=Loss_spike adaptation=with_ML throughput_gbps=7.3129 latency_ms=69.4933
[2026-08-18T06:14:42] SAMPLE t=66s phase=Loss_spike adaptation=with_ML throughput_gbps=8.4347 latency_ms=70.9848
[2026-08-18T06:14:43] SAMPLE t=67s phase=Loss_spike adaptation=with_ML throughput_gbps=8.0084 latency_ms=69.9115
[2026-08-18T06:14:44] SAMPLE t=68s phase=Loss_spike adaptation=with_ML throughput_gbps=6.8248 latency_ms=70.5874
[2026-08-18T06:14:45] SAMPLE t=69s phase=Loss_spike adaptation=with_ML throughput_gbps=6.281 latency_ms=72.8562
[2026-08-18T06:14:46] SAMPLE t=70s phase=Loss_spike adaptation=with_ML throughput_gbps=7.4973 latency_ms=70.0019
[2026-08-18T06:14:47] SAMPLE t=71s phase=Loss_spike adaptation=with_ML throughput_gbps=8.2268 latency_ms=70.5231
[2026-08-18T06:14:48] SAMPLE t=72s phase=Loss_spike adaptation=with_ML throughput_gbps=7.8356 latency_ms=68.5572
[2026-08-18T06:14:49] SAMPLE t=73s phase=Loss_spike adaptation=with_ML throughput_gbps=6.6605 latency_ms=69.95
[2026-08-18T06:14:50] SAMPLE t=74s phase=Loss_spike adaptation=with_ML throughput_gbps=6.1139 latency_ms=72.2743
[2026-08-18T06:14:51] SAMPLE t=75s phase=Loss_spike adaptation=with_ML throughput_gbps=7.3763 latency_ms=69.0628
[2026-08-18T06:14:52] SAMPLE t=76s phase=Loss_spike adaptation=with_ML throughput_gbps=8.0461 latency_ms=70.5559
[2026-08-18T06:14:53] SAMPLE t=77s phase=Loss_spike adaptation=with_ML throughput_gbps=8.023 latency_ms=68.5859
[2026-08-18T06:14:54] SAMPLE t=78s phase=Loss_spike adaptation=with_ML throughput_gbps=6.4771 latency_ms=68.8378
[2026-08-18T06:14:55] SAMPLE t=79s phase=Loss_spike adaptation=with_ML throughput_gbps=6.1761 latency_ms=71.4451
[2026-08-18T06:14:56] SAMPLE t=80s phase=Recovery adaptation=with_ML throughput_gbps=8.1944 latency_ms=65.3425
[2026-08-18T06:14:57] SAMPLE t=81s phase=Recovery adaptation=with_ML throughput_gbps=8.1292 latency_ms=67.8869
[2026-08-18T06:14:58] SAMPLE t=82s phase=Recovery adaptation=with_ML throughput_gbps=8.0232 latency_ms=67.2072
[2026-08-18T06:14:59] SAMPLE t=83s phase=Recovery adaptation=with_ML throughput_gbps=8.1897 latency_ms=63.3853
[2026-08-18T06:15:00] SAMPLE t=84s phase=Recovery adaptation=with_ML throughput_gbps=8.3885 latency_ms=67.3787
[2026-08-18T06:15:01] SAMPLE t=85s phase=Recovery adaptation=with_ML throughput_gbps=8.0235 latency_ms=66.5154
[2026-08-18T06:15:02] SAMPLE t=86s phase=Recovery adaptation=with_ML throughput_gbps=8.2313 latency_ms=64.2357
[2026-08-18T06:15:03] SAMPLE t=87s phase=Recovery adaptation=with_ML throughput_gbps=8.228 latency_ms=67.2418
[2026-08-18T06:15:04] SAMPLE t=88s phase=Recovery adaptation=with_ML throughput_gbps=8.2593 latency_ms=65.8674
[2026-08-18T06:15:05] SAMPLE t=89s phase=Recovery adaptation=with_ML throughput_gbps=8.1309 latency_ms=66.1653
[2026-08-18T06:15:06] SAMPLE t=90s phase=Recovery adaptation=with_ML throughput_gbps=8.3818 latency_ms=65.8375
[2026-08-18T06:15:07] SAMPLE t=91s phase=Recovery adaptation=with_ML throughput_gbps=8.4502 latency_ms=64.6333
[2026-08-18T06:15:08] SAMPLE t=92s phase=Recovery adaptation=with_ML throughput_gbps=8.1084 latency_ms=64.5761
[2026-08-18T06:15:09] SAMPLE t=93s phase=Recovery adaptation=with_ML throughput_gbps=8.5003 latency_ms=67.0276
[2026-08-18T06:15:10] SAMPLE t=94s phase=Recovery adaptation=with_ML throughput_gbps=8.331 latency_ms=66.6179
[2026-08-18T06:15:11] SAMPLE t=95s phase=Recovery adaptation=with_ML throughput_gbps=8.176 latency_ms=66.4434
[2026-08-18T06:15:12] SAMPLE t=96s phase=Recovery adaptation=with_ML throughput_gbps=8.6173 latency_ms=64.642
[2026-08-18T06:15:13] SAMPLE t=97s phase=Recovery adaptation=with_ML throughput_gbps=8.4156 latency_ms=66.3339
[2026-08-18T06:15:14] SAMPLE t=98s phase=Recovery adaptation=with_ML throughput_gbps=8.2726 latency_ms=64.1514
[2026-08-18T06:15:15] SAMPLE t=99s phase=Recovery adaptation=with_ML throughput_gbps=8.547 latency_ms=65.8331
[2026-08-18T06:13:36] SAMPLE t=0s phase=Stable adaptation=without_ML throughput_gbps=7.9825 latency_ms=67.0487
[2026-08-18T06:13:37] SAMPLE t=1s phase=Stable adaptation=without_ML throughput_gbps=7.9121 latency_ms=66.5675
[2026-08-18T06:13:38] SAMPLE t=2s phase=Stable adaptation=without_ML throughput_gbps=8.4359 latency_ms=64.9324
[2026-08-18T06:13:39] SAMPLE t=3s phase=Stable adaptation=without_ML throughput_gbps=8.1648 latency_ms=65.6687
[2026-08-18T06:13:40] SAMPLE t=4s phase=Stable adaptation=without_ML throughput_gbps=8.1099 latency_ms=66.7347
[2026-08-18T06:13:41] SAMPLE t=5s phase=Stable adaptation=without_ML throughput_gbps=7.8259 latency_ms=66.756
[2026-08-18T06:13:42] SAMPLE t=6s phase=Stable adaptation=without_ML throughput_gbps=8.2139 latency_ms=66.6143
[2026-08-18T06:13:43] SAMPLE t=7s phase=Stable adaptation=without_ML throughput_gbps=7.9473 latency_ms=64.8381
[2026-08-18T06:13:44] SAMPLE t=8s phase=Stable adaptation=without_ML throughput_gbps=8.0152 latency_ms=66.561
[2026-08-18T06:13:45] SAMPLE t=9s phase=Stable adaptation=without_ML throughput_gbps=7.7507 latency_ms=63.7837
[2026-08-18T06:13:46] SAMPLE t=10s phase=Stable adaptation=without_ML throughput_gbps=7.9501 latency_ms=65.3116
[2026-08-18T06:13:47] SAMPLE t=11s phase=Stable adaptation=without_ML throughput_gbps=7.4865 latency_ms=65.3258
[2026-08-18T06:13:48] SAMPLE t=12s phase=Stable adaptation=without_ML throughput_gbps=7.6669 latency_ms=65.0773
[2026-08-18T06:13:49] SAMPLE t=13s phase=Stable adaptation=without_ML throughput_gbps=8.2087 latency_ms=66.0067
[2026-08-18T06:13:50] SAMPLE t=14s phase=Stable adaptation=without_ML throughput_gbps=8.2013 latency_ms=65.4084
[2026-08-18T06:13:51] SAMPLE t=15s phase=Stable adaptation=without_ML throughput_gbps=7.8832 latency_ms=66.6796
[2026-08-18T06:13:52] SAMPLE t=16s phase=Stable adaptation=without_ML throughput_gbps=8.0105 latency_ms=65.5292
[2026-08-18T06:13:53] SAMPLE t=17s phase=Stable adaptation=without_ML throughput_gbps=8.4279 latency_ms=66.3719
[2026-08-18T06:13:54] SAMPLE t=18s phase=Stable adaptation=without_ML throughput_gbps=8.4276 latency_ms=66.2154
[2026-08-18T06:13:55] SAMPLE t=19s phase=Stable adaptation=without_ML throughput_gbps=8.1922 latency_ms=68.1829
[2026-08-18T06:13:56] SAMPLE t=20s phase=Congestion adaptation=without_ML throughput_gbps=8.0891 latency_ms=65.4318
[2026-08-18T06:13:57] SAMPLE t=21s phase=Congestion adaptation=without_ML throughput_gbps=8.3863 latency_ms=67.9271
[2026-08-18T06:13:58] SAMPLE t=22s phase=Congestion adaptation=without_ML throughput_gbps=8.5733 latency_ms=66.9885
[2026-08-18T06:13:59] SAMPLE t=23s phase=Congestion adaptation=without_ML throughput_gbps=7.7535 latency_ms=67.8563
[2026-08-18T06:14:00] SAMPLE t=24s phase=Congestion adaptation=without_ML throughput_gbps=7.9307 latency_ms=67.4868
[2026-08-18T06:14:01] SAMPLE t=25s phase=Congestion adaptation=without_ML throughput_gbps=7.8937 latency_ms=67.0683
[2026-08-18T06:14:02] SAMPLE t=26s phase=Congestion adaptation=without_ML throughput_gbps=8.0287 latency_ms=67.3466
[2026-08-18T06:14:03] SAMPLE t=27s phase=Congestion adaptation=without_ML throughput_gbps=8.5295 latency_ms=70.6685
[2026-08-18T06:14:04] SAMPLE t=28s phase=Congestion adaptation=without_ML throughput_gbps=8.104 latency_ms=66.3064
[2026-08-18T06:14:05] SAMPLE t=29s phase=Congestion adaptation=without_ML throughput_gbps=8.438 latency_ms=65.7614
[2026-08-18T06:14:06] SAMPLE t=30s phase=Congestion adaptation=without_ML throughput_gbps=7.7959 latency_ms=66.4495
[2026-08-18T06:14:07] SAMPLE t=31s phase=Congestion adaptation=without_ML throughput_gbps=7.7528 latency_ms=65.3268
[2026-08-18T06:14:08] SAMPLE t=32s phase=Congestion adaptation=without_ML throughput_gbps=7.9936 latency_ms=65.7231
[2026-08-18T06:14:09] SAMPLE t=33s phase=Congestion adaptation=without_ML throughput_gbps=8.0821 latency_ms=66.6554
[2026-08-18T06:14:10] SAMPLE t=34s phase=Congestion adaptation=without_ML throughput_gbps=7.8594 latency_ms=64.13
[2026-08-18T06:14:11] SAMPLE t=35s phase=Congestion adaptation=without_ML throughput_gbps=8.1329 latency_ms=66.2519
[2026-08-18T06:14:12] SAMPLE t=36s phase=Congestion adaptation=without_ML throughput_gbps=8.2064 latency_ms=65.9626
[2026-08-18T06:14:13] SAMPLE t=37s phase=Congestion adaptation=without_ML throughput_gbps=7.6288 latency_ms=66.9555
[2026-08-18T06:14:14] SAMPLE t=38s phase=Congestion adaptation=without_ML throughput_gbps=8.0144 latency_ms=65.4656
[2026-08-18T06:14:15] SAMPLE t=39s phase=Congestion adaptation=without_ML throughput_gbps=8.2005 latency_ms=67.3333
[2026-08-18T06:14:16] SAMPLE t=40s phase=Path_change adaptation=without_ML throughput_gbps=8.2033 latency_ms=65.0592
[2026-08-18T06:14:17] SAMPLE t=41s phase=Path_change adaptation=without_ML throughput_gbps=7.8818 latency_ms=66.6116
[2026-08-18T06:14:18] SAMPLE t=42s phase=Path_change adaptation=without_ML throughput_gbps=7.3944 latency_ms=70.8199
[2026-08-18T06:14:19] SAMPLE t=43s phase=Path_change adaptation=without_ML throughput_gbps=6.5731 latency_ms=71.3783
[2026-08-18T06:14:20] SAMPLE t=44s phase=Path_change adaptation=without_ML throughput_gbps=6.6984 latency_ms=69.1064
[2026-08-18T06:14:21] SAMPLE t=45s phase=Path_change adaptation=without_ML throughput_gbps=6.0425 latency_ms=70.9695
[2026-08-18T06:14:22] SAMPLE t=46s phase=Path_change adaptation=without_ML throughput_gbps=6.2647 latency_ms=72.8849
[2026-08-18T06:14:23] SAMPLE t=47s phase=Path_change adaptation=without_ML throughput_gbps=5.8414 latency_ms=73.6708
[2026-08-18T06:14:24] SAMPLE t=48s phase=Path_change adaptation=without_ML throughput_gbps=5.9458 latency_ms=73.3599
[2026-08-18T06:14:25] SAMPLE t=49s phase=Path_change adaptation=without_ML throughput_gbps=5.5541 latency_ms=72.9789
[2026-08-18T06:14:26] SAMPLE t=50s phase=Path_change adaptation=without_ML throughput_gbps=5.8156 latency_ms=73.2
[2026-08-18T06:14:27] SAMPLE t=51s phase=Path_change adaptation=without_ML throughput_gbps=5.9686 latency_ms=71.0711
[2026-08-18T06:14:28] SAMPLE t=52s phase=Path_change adaptation=without_ML throughput_gbps=5.6646 latency_ms=73.2666
[2026-08-18T06:14:29] SAMPLE t=53s phase=Path_change adaptation=without_ML throughput_gbps=6.1671 latency_ms=71.9707
[2026-08-18T06:14:30] SAMPLE t=54s phase=Path_change adaptation=without_ML throughput_gbps=6.1071 latency_ms=71.081
[2026-08-18T06:14:31] SAMPLE t=55s phase=Path_change adaptation=without_ML throughput_gbps=6.3856 latency_ms=67.3899
[2026-08-18T06:14:32] SAMPLE t=56s phase=Path_change adaptation=without_ML throughput_gbps=6.7102 latency_ms=71.8649
[2026-08-18T06:14:33] SAMPLE t=57s phase=Path_change adaptation=without_ML throughput_gbps=6.8833 latency_ms=67.0161
[2026-08-18T06:14:34] SAMPLE t=58s phase=Path_change adaptation=without_ML throughput_gbps=7.098 latency_ms=68.1971
[2026-08-18T06:14:35] SAMPLE t=59s phase=Path_change adaptation=without_ML throughput_gbps=7.93 latency_ms=66.3168
[2026-08-18T06:14:36] SAMPLE t=60s phase=Loss_spike adaptation=without_ML throughput_gbps=6.1482 latency_ms=69.9877
[2026-08-18T06:14:37] SAMPLE t=61s phase=Loss_spike adaptation=without_ML throughput_gbps=8.0182 latency_ms=80.2295
[2026-08-18T06:14:38] SAMPLE t=62s phase=Loss_spike adaptation=without_ML throughput_gbps=7.4981 latency_ms=76.7912
[2026-08-18T06:14:39] SAMPLE t=63s phase=Loss_spike adaptation=without_ML throughput_gbps=5.0719 latency_ms=74.352
[2026-08-18T06:14:40] SAMPLE t=64s phase=Loss_spike adaptation=without_ML throughput_gbps=3.9741 latency_ms=78.1267
[2026-08-18T06:14:41] SAMPLE t=65s phase=Loss_spike adaptation=without_ML throughput_gbps=6.1765 latency_ms=70.8293
[2026-08-18T06:14:42] SAMPLE t=66s phase=Loss_spike adaptation=without_ML throughput_gbps=8.1267 latency_ms=80.3552
[2026-08-18T06:14:43] SAMPLE t=67s phase=Loss_spike adaptation=without_ML throughput_gbps=7.5696 latency_ms=76.1522
[2026-08-18T06:14:44] SAMPLE t=68s phase=Loss_spike adaptation=without_ML throughput_gbps=4.8784 latency_ms=75.9514
[2026-08-18T06:14:45] SAMPLE t=69s phase=Loss_spike adaptation=without_ML throughput_gbps=4.0156 latency_ms=74.7732
[2026-08-18T06:14:46] SAMPLE t=70s phase=Loss_spike adaptation=without_ML throughput_gbps=6.1208 latency_ms=70.1749
[2026-08-18T06:14:47] SAMPLE t=71s phase=Loss_spike adaptation=without_ML throughput_gbps=7.8428 latency_ms=79.5083
[2026-08-18T06:14:48] SAMPLE t=72s phase=Loss_spike adaptation=without_ML throughput_gbps=7.7456 latency_ms=76.3834
[2026-08-18T06:14:49] SAMPLE t=73s phase=Loss_spike adaptation=without_ML throughput_gbps=4.6038 latency_ms=73.8161
[2026-08-18T06:14:50] SAMPLE t=74s phase=Loss_spike adaptation=without_ML throughput_gbps=3.7939 latency_ms=81.002
[2026-08-18T06:14:51] SAMPLE t=75s phase=Loss_spike adaptation=without_ML throughput_gbps=6.3259 latency_ms=69.6808
[2026-08-18T06:14:52] SAMPLE t=76s phase=Loss_spike adaptation=without_ML throughput_gbps=8.3598 latency_ms=78.8878
[2026-08-18T06:14:53] SAMPLE t=77s phase=Loss_spike adaptation=without_ML throughput_gbps=7.5691 latency_ms=78.7527
[2026-08-18T06:14:54] SAMPLE t=78s phase=Loss_spike adaptation=without_ML throughput_gbps=5.107 latency_ms=74.3224
[2026-08-18T06:14:55] SAMPLE t=79s phase=Loss_spike adaptation=without_ML throughput_gbps=3.8492 latency_ms=79.9131
[2026-08-18T06:14:56] SAMPLE t=80s phase=Recovery adaptation=without_ML throughput_gbps=8.2886 latency_ms=64.9189
[2026-08-18T06:14:57] SAMPLE t=81s phase=Recovery adaptation=without_ML throughput_gbps=8.1946 latency_ms=66.9224
[2026-08-18T06:14:58] SAMPLE t=82s phase=Recovery adaptation=without_ML throughput_gbps=8.0074 latency_ms=66.8768
[2026-08-18T06:14:59] SAMPLE t=83s phase=Recovery adaptation=without_ML throughput_gbps=8.2986 latency_ms=66.2673
[2026-08-18T06:15:00] SAMPLE t=84s phase=Recovery adaptation=without_ML throughput_gbps=8.3901 latency_ms=67.8474
[2026-08-18T06:15:01] SAMPLE t=85s phase=Recovery adaptation=without_ML throughput_gbps=7.9585 latency_ms=65.2611
[2026-08-18T06:15:02] SAMPLE t=86s phase=Recovery adaptation=without_ML throughput_gbps=7.9293 latency_ms=67.9094
[2026-08-18T06:15:03] SAMPLE t=87s phase=Recovery adaptation=without_ML throughput_gbps=7.4992 latency_ms=67.0741
[2026-08-18T06:15:04] SAMPLE t=88s phase=Recovery adaptation=without_ML throughput_gbps=7.5219 latency_ms=65.634
[2026-08-18T06:15:05] SAMPLE t=89s phase=Recovery adaptation=without_ML throughput_gbps=7.8997 latency_ms=66.6533
[2026-08-18T06:15:06] SAMPLE t=90s phase=Recovery adaptation=without_ML throughput_gbps=7.9099 latency_ms=66.3561
[2026-08-18T06:15:07] SAMPLE t=91s phase=Recovery adaptation=without_ML throughput_gbps=7.4845 latency_ms=63.6884
[2026-08-18T06:15:08] SAMPLE t=92s phase=Recovery adaptation=without_ML throughput_gbps=7.8638 latency_ms=66.8788
[2026-08-18T06:15:09] SAMPLE t=93s phase=Recovery adaptation=without_ML throughput_gbps=7.5184 latency_ms=65.6671
[2026-08-18T06:15:10] SAMPLE t=94s phase=Recovery adaptation=without_ML throughput_gbps=8.0434 latency_ms=67.4264
[2026-08-18T06:15:11] SAMPLE t=95s phase=Recovery adaptation=without_ML throughput_gbps=8.1488 latency_ms=66.6927
[2026-08-18T06:15:12] SAMPLE t=96s phase=Recovery adaptation=without_ML throughput_gbps=8.0519 latency_ms=65.6868
[2026-08-18T06:15:13] SAMPLE t=97s phase=Recovery adaptation=without_ML throughput_gbps=8.3578 latency_ms=66.9859
[2026-08-18T06:15:14] SAMPLE t=98s phase=Recovery adaptation=without_ML throughput_gbps=7.9615 latency_ms=65.6232
[2026-08-18T06:15:15] SAMPLE t=99s phase=Recovery adaptation=without_ML throughput_gbps=7.8388 latency_ms=64.6101
[2026-08-18T06:13:36] TRACE_END run_id=145 status=OK
[2026-08-18T06:24:11] TRACE_START run_id=146
[2026-08-18T06:24:11] SAMPLE t=0s phase=Stable adaptation=with_ML throughput_gbps=8.2066 latency_ms=65.9092
[2026-08-18T06:24:12] SAMPLE t=1s phase=Stable adaptation=with_ML throughput_gbps=8.037 latency_ms=65.3775
[2026-08-18T06:24:13] SAMPLE t=2s phase=Stable adaptation=with_ML throughput_gbps=7.9897 latency_ms=67.6943
[2026-08-18T06:24:14] SAMPLE t=3s phase=Stable adaptation=with_ML throughput_gbps=7.8761 latency_ms=66.5468
[2026-08-18T06:24:15] SAMPLE t=4s phase=Stable adaptation=with_ML throughput_gbps=7.9496 latency_ms=65.2335
[2026-08-18T06:24:16] SAMPLE t=5s phase=Stable adaptation=with_ML throughput_gbps=8.2292 latency_ms=65.9915
[2026-08-18T06:24:17] SAMPLE t=6s phase=Stable adaptation=with_ML throughput_gbps=7.776 latency_ms=63.6162
[2026-08-18T06:24:18] SAMPLE t=7s phase=Stable adaptation=with_ML throughput_gbps=8.0943 latency_ms=66.7417
[2026-08-18T06:24:19] SAMPLE t=8s phase=Stable adaptation=with_ML throughput_gbps=7.8716 latency_ms=67.5322
[2026-08-18T06:24:20] SAMPLE t=9s phase=Stable adaptation=with_ML throughput_gbps=7.9297 latency_ms=65.7694
[2026-08-18T06:24:21] SAMPLE t=10s phase=Stable adaptation=with_ML throughput_gbps=8.0672 latency_ms=66.4643
[2026-08-18T06:24:22] SAMPLE t=11s phase=Stable adaptation=with_ML throughput_gbps=8.2808 latency_ms=66.462
[2026-08-18T06:24:23] SAMPLE t=12s phase=Stable adaptation=with_ML throughput_gbps=8.3716 latency_ms=68.4067
[2026-08-18T06:24:24] SAMPLE t=13s phase=Stable adaptation=with_ML throughput_gbps=8.5766 latency_ms=64.0944
[2026-08-18T06:24:25] SAMPLE t=14s phase=Stable adaptation=with_ML throughput_gbps=8.3074 latency_ms=68.8914
[2026-08-18T06:24:26] SAMPLE t=15s phase=Stable adaptation=with_ML throughput_gbps=8.2833 latency_ms=66.3038
[2026-08-18T06:24:27] SAMPLE t=16s phase=Stable adaptation=with_ML throughput_gbps=7.8726 latency_ms=66.7362
[2026-08-18T06:24:28] SAMPLE t=17s phase=Stable adaptation=with_ML throughput_gbps=7.7641 latency_ms=64.5222
[2026-08-18T06:24:29] SAMPLE t=18s phase=Stable adaptation=with_ML throughput_gbps=7.9533 latency_ms=65.5118
[2026-08-18T06:24:30] SAMPLE t=19s phase=Stable adaptation=with_ML throughput_gbps=8.1851 latency_ms=67.3262
[2026-08-18T06:24:31] SAMPLE t=20s phase=Congestion adaptation=with_ML throughput_gbps=8.1341 latency_ms=68.4791
[2026-08-18T06:24:32] SAMPLE t=21s phase=Congestion adaptation=with_ML throughput_gbps=8.0623 latency_ms=65.3657
[2026-08-18T06:24:33] SAMPLE t=22s phase=Congestion adaptation=with_ML throughput_gbps=7.7819 latency_ms=68.3918
[2026-08-18T06:24:34] SAMPLE t=23s phase=Congestion adaptation=with_ML throughput_gbps=8.3413 latency_ms=65.7178
[2026-08-18T06:24:35] SAMPLE t=24s phase=Congestion adaptation=with_ML throughput_gbps=7.632 latency_ms=67.5102
[2026-08-18T06:24:36] SAMPLE t=25s phase=Congestion adaptation=with_ML throughput_gbps=8.16 latency_ms=66.4538
[2026-08-18T06:24:37] SAMPLE t=26s phase=Congestion adaptation=with_ML throughput_gbps=7.7545 latency_ms=66.3485
[2026-08-18T06:24:38] SAMPLE t=27s phase=Congestion adaptation=with_ML throughput_gbps=8.5437 latency_ms=66.0466
[2026-08-18T06:24:39] SAMPLE t=28s phase=Congestion adaptation=with_ML throughput_gbps=8.2687 latency_ms=66.3262
[2026-08-18T06:24:40] SAMPLE t=29s phase=Congestion adaptation=with_ML throughput_gbps=8.0527 latency_ms=65.8598
[2026-08-18T06:24:41] SAMPLE t=30s phase=Congestion adaptation=with_ML throughput_gbps=7.972 latency_ms=66.0428
[2026-08-18T06:24:42] SAMPLE t=31s phase=Congestion adaptation=with_ML throughput_gbps=7.9793 latency_ms=66.3623
[2026-08-18T06:24:43] SAMPLE t=32s phase=Congestion adaptation=with_ML throughput_gbps=7.8451 latency_ms=67.803
[2026-08-18T06:24:44] SAMPLE t=33s phase=Congestion adaptation=with_ML throughput_gbps=8.0559 latency_ms=65.1548
[2026-08-18T06:24:45] SAMPLE t=34s phase=Congestion adaptation=with_ML throughput_gbps=7.9599 latency_ms=65.9638
[2026-08-18T06:24:46] SAMPLE t=35s phase=Congestion adaptation=with_ML throughput_gbps=8.1957 latency_ms=66.9292
[2026-08-18T06:24:47] SAMPLE t=36s phase=Congestion adaptation=with_ML throughput_gbps=7.9658 latency_ms=69.0519
[2026-08-18T06:24:48] SAMPLE t=37s phase=Congestion adaptation=with_ML throughput_gbps=7.8538 latency_ms=66.4851
[2026-08-18T06:24:49] SAMPLE t=38s phase=Congestion adaptation=with_ML throughput_gbps=8.0926 latency_ms=66.5402
[2026-08-18T06:24:50] SAMPLE t=39s phase=Congestion adaptation=with_ML throughput_gbps=8.2236 latency_ms=66.4907
[2026-08-18T06:24:51] SAMPLE t=40s phase=Path_change adaptation=with_ML throughput_gbps=7.9794 latency_ms=67.0967
[2026-08-18T06:24:52] SAMPLE t=41s phase=Path_change adaptation=with_ML throughput_gbps=7.8555 latency_ms=67.3127
[2026-08-18T06:24:53] SAMPLE t=42s phase=Path_change adaptation=with_ML throughput_gbps=7.9752 latency_ms=68.0505
[2026-08-18T06:24:54] SAMPLE t=43s phase=Path_change adaptation=with_ML throughput_gbps=7.9564 latency_ms=68.1793
[2026-08-18T06:24:55] SAMPLE t=44s phase=Path_change adaptation=with_ML throughput_gbps=7.5894 latency_ms=69.5423
[2026-08-18T06:24:56] SAMPLE t=45s phase=Path_change adaptation=with_ML throughput_gbps=7.6369 latency_ms=67.5237
[2026-08-18T06:24:57] SAMPLE t=46s phase=Path_change adaptation=with_ML throughput_gbps=7.7876 latency_ms=69.0323
[2026-08-18T06:24:58] SAMPLE t=47s phase=Path_change adaptation=with_ML throughput_gbps=7.273 latency_ms=67.5445
[2026-08-18T06:24:59] SAMPLE t=48s phase=Path_change adaptation=with_ML throughput_gbps=7.2276 latency_ms=67.5672
[2026-08-18T06:25:00] SAMPLE t=49s phase=Path_change adaptation=with_ML throughput_gbps=7.0407 latency_ms=67.3639
[2026-08-18T06:25:01] SAMPLE t=50s phase=Path_change adaptation=with_ML throughput_gbps=7.3495 latency_ms=68.4154
[2026-08-18T06:25:02] SAMPLE t=51s phase=Path_change adaptation=with_ML throughput_gbps=7.2021 latency_ms=68.5669
[2026-08-18T06:25:03] SAMPLE t=52s phase=Path_change adaptation=with_ML throughput_gbps=7.0828 latency_ms=70.4024
[2026-08-18T06:25:04] SAMPLE t=53s phase=Path_change adaptation=with_ML throughput_gbps=7.2769 latency_ms=69.5878
[2026-08-18T06:25:05] SAMPLE t=54s phase=Path_change adaptation=with_ML throughput_gbps=7.2078 latency_ms=67.1564
[2026-08-18T06:25:06] SAMPLE t=55s phase=Path_change adaptation=with_ML throughput_gbps=7.6024 latency_ms=69.7077
[2026-08-18T06:25:07] SAMPLE t=56s phase=Path_change adaptation=with_ML throughput_gbps=7.2459 latency_ms=66.998
[2026-08-18T06:25:08] SAMPLE t=57s phase=Path_change adaptation=with_ML throughput_gbps=7.7342 latency_ms=68.9334
[2026-08-18T06:25:09] SAMPLE t=58s phase=Path_change adaptation=with_ML throughput_gbps=7.8457 latency_ms=67.6091
[2026-08-18T06:25:10] SAMPLE t=59s phase=Path_change adaptation=with_ML throughput_gbps=7.8421 latency_ms=68.0002
[2026-08-18T06:25:11] SAMPLE t=60s phase=Loss_spike adaptation=with_ML throughput_gbps=7.2451 latency_ms=66.7204
[2026-08-18T06:25:12] SAMPLE t=61s phase=Loss_spike adaptation=with_ML throughput_gbps=8.1952 latency_ms=71.4208
[2026-08-18T06:25:13] SAMPLE t=62s phase=Loss_spike adaptation=with_ML throughput_gbps=8.3189 latency_ms=69.3078
[2026-08-18T06:25:14] SAMPLE t=63s phase=Loss_spike adaptation=with_ML throughput_gbps=6.8398 latency_ms=70.9121
[2026-08-18T06:25:15] SAMPLE t=64s phase=Loss_spike adaptation=with_ML throughput_gbps=6.0122 latency_ms=73.5138
[2026-08-18T06:25:16] SAMPLE t=65s phase=Loss_spike adaptation=with_ML throughput_gbps=7.4032 latency_ms=66.662
[2026-08-18T06:25:17] SAMPLE t=66s phase=Loss_spike adaptation=with_ML throughput_gbps=8.1872 latency_ms=69.8248
[2026-08-18T06:25:18] SAMPLE t=67s phase=Loss_spike adaptation=with_ML throughput_gbps=7.9291 latency_ms=67.0465
[2026-08-18T06:25:19] SAMPLE t=68s phase=Loss_spike adaptation=with_ML throughput_gbps=6.6821 latency_ms=70.8742
[2026-08-18T06:25:20] SAMPLE t=69s phase=Loss_spike adaptation=with_ML throughput_gbps=6.3735 latency_ms=71.3896
[2026-08-18T06:25:21] SAMPLE t=70s phase=Loss_spike adaptation=with_ML throughput_gbps=7.4863 latency_ms=68.3609
[2026-08-18T06:25:22] SAMPLE t=71s phase=Loss_spike adaptation=with_ML throughput_gbps=8.6604 latency_ms=70.1057
[2026-08-18T06:25:23] SAMPLE t=72s phase=Loss_spike adaptation=with_ML throughput_gbps=8.0719 latency_ms=71.1318
[2026-08-18T06:25:24] SAMPLE t=73s phase=Loss_spike adaptation=with_ML throughput_gbps=6.4413 latency_ms=71.1724
[2026-08-18T06:25:25] SAMPLE t=74s phase=Loss_spike adaptation=with_ML throughput_gbps=6.1402 latency_ms=71.1238
[2026-08-18T06:25:26] SAMPLE t=75s phase=Loss_spike adaptation=with_ML throughput_gbps=7.6318 latency_ms=67.902
[2026-08-18T06:25:27] SAMPLE t=76s phase=Loss_spike adaptation=with_ML throughput_gbps=8.4044 latency_ms=68.0341
[2026-08-18T06:25:28] SAMPLE t=77s phase=Loss_spike adaptation=with_ML throughput_gbps=7.7655 latency_ms=69.4608
[2026-08-18T06:25:29] SAMPLE t=78s phase=Loss_spike adaptation=with_ML throughput_gbps=6.5623 latency_ms=69.5096
[2026-08-18T06:25:30] SAMPLE t=79s phase=Loss_spike adaptation=with_ML throughput_gbps=6.5605 latency_ms=68.9192
[2026-08-18T06:25:31] SAMPLE t=80s phase=Recovery adaptation=with_ML throughput_gbps=8.2184 latency_ms=65.7177
[2026-08-18T06:25:32] SAMPLE t=81s phase=Recovery adaptation=with_ML throughput_gbps=7.9863 latency_ms=65.0229
[2026-08-18T06:25:33] SAMPLE t=82s phase=Recovery adaptation=with_ML throughput_gbps=8.3619 latency_ms=65.9521
[2026-08-18T06:25:34] SAMPLE t=83s phase=Recovery adaptation=with_ML throughput_gbps=7.8029 latency_ms=65.7507
[2026-08-18T06:25:35] SAMPLE t=84s phase=Recovery adaptation=with_ML throughput_gbps=8.0064 latency_ms=65.7588
[2026-08-18T06:25:36] SAMPLE t=85s phase=Recovery adaptation=with_ML throughput_gbps=7.7546 latency_ms=65.5381
[2026-08-18T06:25:37] SAMPLE t=86s phase=Recovery adaptation=with_ML throughput_gbps=8.1421 latency_ms=67.6969
[2026-08-18T06:25:38] SAMPLE t=87s phase=Recovery adaptation=with_ML throughput_gbps=7.8612 latency_ms=65.985
[2026-08-18T06:25:39] SAMPLE t=88s phase=Recovery adaptation=with_ML throughput_gbps=8.3988 latency_ms=65.2803
[2026-08-18T06:25:40] SAMPLE t=89s phase=Recovery adaptation=with_ML throughput_gbps=8.0863 latency_ms=67.3296
[2026-08-18T06:25:41] SAMPLE t=90s phase=Recovery adaptation=with_ML throughput_gbps=8.6779 latency_ms=66.8486
[2026-08-18T06:25:42] SAMPLE t=91s phase=Recovery adaptation=with_ML throughput_gbps=8.6439 latency_ms=69.0607
[2026-08-18T06:25:43] SAMPLE t=92s phase=Recovery adaptation=with_ML throughput_gbps=8.307 latency_ms=66.0627
[2026-08-18T06:25:44] SAMPLE t=93s phase=Recovery adaptation=with_ML throughput_gbps=8.2208 latency_ms=63.719
[2026-08-18T06:25:45] SAMPLE t=94s phase=Recovery adaptation=with_ML throughput_gbps=8.259 latency_ms=63.7254
[2026-08-18T06:25:46] SAMPLE t=95s phase=Recovery adaptation=with_ML throughput_gbps=8.3838 latency_ms=64.3804
[2026-08-18T06:25:47] SAMPLE t=96s phase=Recovery adaptation=with_ML throughput_gbps=8.1741 latency_ms=65.3209
[2026-08-18T06:25:48] SAMPLE t=97s phase=Recovery adaptation=with_ML throughput_gbps=8.3379 latency_ms=61.8189
[2026-08-18T06:25:49] SAMPLE t=98s phase=Recovery adaptation=with_ML throughput_gbps=8.6097 latency_ms=64.4497
[2026-08-18T06:25:50] SAMPLE t=99s phase=Recovery adaptation=with_ML throughput_gbps=8.9228 latency_ms=65.0614
[2026-08-18T06:24:11] SAMPLE t=0s phase=Stable adaptation=without_ML throughput_gbps=8.0822 latency_ms=65.9352
[2026-08-18T06:24:12] SAMPLE t=1s phase=Stable adaptation=without_ML throughput_gbps=8.1601 latency_ms=66.8729
[2026-08-18T06:24:13] SAMPLE t=2s phase=Stable adaptation=without_ML throughput_gbps=7.8701 latency_ms=65.4992
[2026-08-18T06:24:14] SAMPLE t=3s phase=Stable adaptation=without_ML throughput_gbps=8.3802 latency_ms=68.1867
[2026-08-18T06:24:15] SAMPLE t=4s phase=Stable adaptation=without_ML throughput_gbps=7.8322 latency_ms=65.1452
[2026-08-18T06:24:16] SAMPLE t=5s phase=Stable adaptation=without_ML throughput_gbps=8.3035 latency_ms=68.548
[2026-08-18T06:24:17] SAMPLE t=6s phase=Stable adaptation=without_ML throughput_gbps=8.041 latency_ms=68.5019
[2026-08-18T06:24:18] SAMPLE t=7s phase=Stable adaptation=without_ML throughput_gbps=7.6285 latency_ms=66.7531
[2026-08-18T06:24:19] SAMPLE t=8s phase=Stable adaptation=without_ML throughput_gbps=8.4419 latency_ms=65.3481
[2026-08-18T06:24:20] SAMPLE t=9s phase=Stable adaptation=without_ML throughput_gbps=8.0334 latency_ms=67.2169
[2026-08-18T06:24:21] SAMPLE t=10s phase=Stable adaptation=without_ML throughput_gbps=8.7086 latency_ms=64.4264
[2026-08-18T06:24:22] SAMPLE t=11s phase=Stable adaptation=without_ML throughput_gbps=8.1319 latency_ms=67.3728
[2026-08-18T06:24:23] SAMPLE t=12s phase=Stable adaptation=without_ML throughput_gbps=7.883 latency_ms=66.5006
[2026-08-18T06:24:24] SAMPLE t=13s phase=Stable adaptation=without_ML throughput_gbps=8.368 latency_ms=67.6394
[2026-08-18T06:24:25] SAMPLE t=14s phase=Stable adaptation=without_ML throughput_gbps=8.3532 latency_ms=66.3252
[2026-08-18T06:24:26] SAMPLE t=15s phase=Stable adaptation=without_ML throughput_gbps=8.139 latency_ms=65.2858
[2026-08-18T06:24:27] SAMPLE t=16s phase=Stable adaptation=without_ML throughput_gbps=7.6921 latency_ms=68.2486
[2026-08-18T06:24:28] SAMPLE t=17s phase=Stable adaptation=without_ML throughput_gbps=8.1865 latency_ms=67.1857
[2026-08-18T06:24:29] SAMPLE t=18s phase=Stable adaptation=without_ML throughput_gbps=7.8936 latency_ms=66.4646
[2026-08-18T06:24:30] SAMPLE t=19s phase=Stable adaptation=without_ML throughput_gbps=8.1957 latency_ms=66.6283
[2026-08-18T06:24:31] SAMPLE t=20s phase=Congestion adaptation=without_ML throughput_gbps=7.9213 latency_ms=64.3686
[2026-08-18T06:24:32] SAMPLE t=21s phase=Congestion adaptation=without_ML throughput_gbps=8.2824 latency_ms=68.4544
[2026-08-18T06:24:33] SAMPLE t=22s phase=Congestion adaptation=without_ML throughput_gbps=7.8165 latency_ms=64.4592
[2026-08-18T06:24:34] SAMPLE t=23s phase=Congestion adaptation=without_ML throughput_gbps=8.0156 latency_ms=65.9613
[2026-08-18T06:24:35] SAMPLE t=24s phase=Congestion adaptation=without_ML throughput_gbps=7.8281 latency_ms=65.5403
[2026-08-18T06:24:36] SAMPLE t=25s phase=Congestion adaptation=without_ML throughput_gbps=7.9404 latency_ms=67.0489
[2026-08-18T06:24:37] SAMPLE t=26s phase=Congestion adaptation=without_ML throughput_gbps=8.1218 latency_ms=67.2245
[2026-08-18T06:24:38] SAMPLE t=27s phase=Congestion adaptation=without_ML throughput_gbps=7.7228 latency_ms=65.6805
[2026-08-18T06:24:39] SAMPLE t=28s phase=Congestion adaptation=without_ML throughput_gbps=7.9493 latency_ms=70.2317
[2026-08-18T06:24:40] SAMPLE t=29s phase=Congestion adaptation=without_ML throughput_gbps=7.8098 latency_ms=64.5918
[2026-08-18T06:24:41] SAMPLE t=30s phase=Congestion adaptation=without_ML throughput_gbps=8.1949 latency_ms=64.9354
[2026-08-18T06:24:42] SAMPLE t=31s phase=Congestion adaptation=without_ML throughput_gbps=7.8414 latency_ms=67.1389
[2026-08-18T06:24:43] SAMPLE t=32s phase=Congestion adaptation=without_ML throughput_gbps=8.1286 latency_ms=65.9935
[2026-08-18T06:24:44] SAMPLE t=33s phase=Congestion adaptation=without_ML throughput_gbps=8.0409 latency_ms=67.2764
[2026-08-18T06:24:45] SAMPLE t=34s phase=Congestion adaptation=without_ML throughput_gbps=7.9383 latency_ms=64.7385
[2026-08-18T06:24:46] SAMPLE t=35s phase=Congestion adaptation=without_ML throughput_gbps=7.7095 latency_ms=67.7657
[2026-08-18T06:24:47] SAMPLE t=36s phase=Congestion adaptation=without_ML throughput_gbps=8.0686 latency_ms=64.0809
[2026-08-18T06:24:48] SAMPLE t=37s phase=Congestion adaptation=without_ML throughput_gbps=7.9341 latency_ms=65.8288
[2026-08-18T06:24:49] SAMPLE t=38s phase=Congestion adaptation=without_ML throughput_gbps=7.8724 latency_ms=68.6003
[2026-08-18T06:24:50] SAMPLE t=39s phase=Congestion adaptation=without_ML throughput_gbps=7.8068 latency_ms=67.0634
[2026-08-18T06:24:51] SAMPLE t=40s phase=Path_change adaptation=without_ML throughput_gbps=8.1052 latency_ms=68.1429
[2026-08-18T06:24:52] SAMPLE t=41s phase=Path_change adaptation=without_ML throughput_gbps=7.6627 latency_ms=69.5059
[2026-08-18T06:24:53] SAMPLE t=42s phase=Path_change adaptation=without_ML throughput_gbps=7.2578 latency_ms=67.9046
[2026-08-18T06:24:54] SAMPLE t=43s phase=Path_change adaptation=without_ML throughput_gbps=6.9836 latency_ms=71.3678
[2026-08-18T06:24:55] SAMPLE t=44s phase=Path_change adaptation=without_ML throughput_gbps=6.3442 latency_ms=68.1681
[2026-08-18T06:24:56] SAMPLE t=45s phase=Path_change adaptation=without_ML throughput_gbps=6.2729 latency_ms=73.8381
[2026-08-18T06:24:57] SAMPLE t=46s phase=Path_change adaptation=without_ML throughput_gbps=6.2129 latency_ms=72.1808
[2026-08-18T06:24:58] SAMPLE t=47s phase=Path_change adaptation=without_ML throughput_gbps=5.8415 latency_ms=72.7568
[2026-08-18T06:24:59] SAMPLE t=48s phase=Path_change adaptation=without_ML throughput_gbps=5.7615 latency_ms=73.0614
[2026-08-18T06:25:00] SAMPLE t=49s phase=Path_change adaptation=without_ML throughput_gbps=5.7346 latency_ms=73.4661
[2026-08-18T06:25:01] SAMPLE t=50s phase=Path_change adaptation=without_ML throughput_gbps=5.43 latency_ms=73.4656
[2026-08-18T06:25:02] SAMPLE t=51s phase=Path_change adaptation=without_ML throughput_gbps=5.7135 latency_ms=70.1232
[2026-08-18T06:25:03] SAMPLE t=52s phase=Path_change adaptation=without_ML throughput_gbps=5.6405 latency_ms=73.8973
[2026-08-18T06:25:04] SAMPLE t=53s phase=Path_change adaptation=without_ML throughput_gbps=6.1455 latency_ms=71.4129
[2026-08-18T06:25:05] SAMPLE t=54s phase=Path_change adaptation=without_ML throughput_gbps=5.9825 latency_ms=71.6894
[2026-08-18T06:25:06] SAMPLE t=55s phase=Path_change adaptation=without_ML throughput_gbps=6.3195 latency_ms=71.3674
[2026-08-18T06:25:07] SAMPLE t=56s phase=Path_change adaptation=without_ML throughput_gbps=6.4211 latency_ms=71.7476
[2026-08-18T06:25:08] SAMPLE t=57s phase=Path_change adaptation=without_ML throughput_gbps=7.1494 latency_ms=69.0147
[2026-08-18T06:25:09] SAMPLE t=58s phase=Path_change adaptation=without_ML throughput_gbps=7.3706 latency_ms=70.3371
[2026-08-18T06:25:10] SAMPLE t=59s phase=Path_change adaptation=without_ML throughput_gbps=7.5101 latency_ms=66.1318
[2026-08-18T06:25:11] SAMPLE t=60s phase=Loss_spike adaptation=without_ML throughput_gbps=6.0067 latency_ms=71.0876
[2026-08-18T06:25:12] SAMPLE t=61s phase=Loss_spike adaptation=without_ML throughput_gbps=8.5241 latency_ms=81.5647
[2026-08-18T06:25:13] SAMPLE t=62s phase=Loss_spike adaptation=without_ML throughput_gbps=7.6191 latency_ms=76.1276
[2026-08-18T06:25:14] SAMPLE t=63s phase=Loss_spike adaptation=without_ML throughput_gbps=4.7389 latency_ms=77.9526
[2026-08-18T06:25:15] SAMPLE t=64s phase=Loss_spike adaptation=without_ML throughput_gbps=4.0757 latency_ms=79.1524
[2026-08-18T06:25:16] SAMPLE t=65s phase=Loss_spike adaptation=without_ML throughput_gbps=6.1773 latency_ms=70.3282
[2026-08-18T06:25:17] SAMPLE t=66s phase=Loss_spike adaptation=without_ML throughput_gbps=8.4956 latency_ms=79.1732
[2026-08-18T06:25:18] SAMPLE t=67s phase=Loss_spike adaptation=without_ML throughput_gbps=7.1267 latency_ms=74.8261
[2026-08-18T06:25:19] SAMPLE t=68s phase=Loss_spike adaptation=without_ML throughput_gbps=4.7846 latency_ms=76.9798
[2026-08-18T06:25:20] SAMPLE t=69s phase=Loss_spike adaptation=without_ML throughput_gbps=4.2337 latency_ms=79.2661
[2026-08-18T06:25:21] SAMPLE t=70s phase=Loss_spike adaptation=without_ML throughput_gbps=6.2392 latency_ms=68.3701
[2026-08-18T06:25:22] SAMPLE t=71s phase=Loss_spike adaptation=without_ML throughput_gbps=8.6616 latency_ms=77.817
[2026-08-18T06:25:23] SAMPLE t=72s phase=Loss_spike adaptation=without_ML throughput_gbps=7.3455 latency_ms=75.2741
[2026-08-18T06:25:24] SAMPLE t=73s phase=Loss_spike adaptation=without_ML throughput_gbps=5.0537 latency_ms=73.9071
[2026-08-18T06:25:25] SAMPLE t=74s phase=Loss_spike adaptation=without_ML throughput_gbps=3.8651 latency_ms=79.6771
[2026-08-18T06:25:26] SAMPLE t=75s phase=Loss_spike adaptation=without_ML throughput_gbps=6.3707 latency_ms=70.5019
[2026-08-18T06:25:27] SAMPLE t=76s phase=Loss_spike adaptation=without_ML throughput_gbps=8.4385 latency_ms=77.8339
[2026-08-18T06:25:28] SAMPLE t=77s phase=Loss_spike adaptation=without_ML throughput_gbps=7.8271 latency_ms=76.7045
[2026-08-18T06:25:29] SAMPLE t=78s phase=Loss_spike adaptation=without_ML throughput_gbps=4.928 latency_ms=76.3755
[2026-08-18T06:25:30] SAMPLE t=79s phase=Loss_spike adaptation=without_ML throughput_gbps=3.9626 latency_ms=77.2817
[2026-08-18T06:25:31] SAMPLE t=80s phase=Recovery adaptation=without_ML throughput_gbps=7.9221 latency_ms=67.6491
[2026-08-18T06:25:32] SAMPLE t=81s phase=Recovery adaptation=without_ML throughput_gbps=8.0029 latency_ms=66.4992
[2026-08-18T06:25:33] SAMPLE t=82s phase=Recovery adaptation=without_ML throughput_gbps=8.1023 latency_ms=63.8997
[2026-08-18T06:25:34] SAMPLE t=83s phase=Recovery adaptation=without_ML throughput_gbps=8.0863 latency_ms=66.2661
[2026-08-18T06:25:35] SAMPLE t=84s phase=Recovery adaptation=without_ML throughput_gbps=8.1306 latency_ms=66.1581
[2026-08-18T06:25:36] SAMPLE t=85s phase=Recovery adaptation=without_ML throughput_gbps=8.1647 latency_ms=65.7312
[2026-08-18T06:25:37] SAMPLE t=86s phase=Recovery adaptation=without_ML throughput_gbps=7.9863 latency_ms=65.7215
[2026-08-18T06:25:38] SAMPLE t=87s phase=Recovery adaptation=without_ML throughput_gbps=7.7341 latency_ms=66.3882
[2026-08-18T06:25:39] SAMPLE t=88s phase=Recovery adaptation=without_ML throughput_gbps=7.8279 latency_ms=67.9928
[2026-08-18T06:25:40] SAMPLE t=89s phase=Recovery adaptation=without_ML throughput_gbps=8.1547 latency_ms=65.4203
[2026-08-18T06:25:41] SAMPLE t=90s phase=Recovery adaptation=without_ML throughput_gbps=8.4304 latency_ms=67.7482
[2026-08-18T06:25:42] SAMPLE t=91s phase=Recovery adaptation=without_ML throughput_gbps=7.6897 latency_ms=66.2205
[2026-08-18T06:25:43] SAMPLE t=92s phase=Recovery adaptation=without_ML throughput_gbps=7.9509 latency_ms=66.9287
[2026-08-18T06:25:44] SAMPLE t=93s phase=Recovery adaptation=without_ML throughput_gbps=7.6353 latency_ms=66.6097
[2026-08-18T06:25:45] SAMPLE t=94s phase=Recovery adaptation=without_ML throughput_gbps=8.2355 latency_ms=65.1344
[2026-08-18T06:25:46] SAMPLE t=95s phase=Recovery adaptation=without_ML throughput_gbps=8.2725 latency_ms=63.8005
[2026-08-18T06:25:47] SAMPLE t=96s phase=Recovery adaptation=without_ML throughput_gbps=7.9376 latency_ms=67.4614
[2026-08-18T06:25:48] SAMPLE t=97s phase=Recovery adaptation=without_ML throughput_gbps=7.8806 latency_ms=65.6119
[2026-08-18T06:25:49] SAMPLE t=98s phase=Recovery adaptation=without_ML throughput_gbps=7.9645 latency_ms=66.771
[2026-08-18T06:25:50] SAMPLE t=99s phase=Recovery adaptation=without_ML throughput_gbps=8.07 latency_ms=66.4358
[2026-08-18T06:24:11] TRACE_END run_id=146 status=OK
[2026-08-18T06:32:22] TRACE_START run_id=147
[2026-08-18T06:32:22] SAMPLE t=0s phase=Stable adaptation=with_ML throughput_gbps=7.9641 latency_ms=67.6257
[2026-08-18T06:32:23] SAMPLE t=1s phase=Stable adaptation=with_ML throughput_gbps=7.7513 latency_ms=63.6207
[2026-08-18T06:32:24] SAMPLE t=2s phase=Stable adaptation=with_ML throughput_gbps=8.2697 latency_ms=64.5424
[2026-08-18T06:32:25] SAMPLE t=3s phase=Stable adaptation=with_ML throughput_gbps=8.0633 latency_ms=66.0487
[2026-08-18T06:32:26] SAMPLE t=4s phase=Stable adaptation=with_ML throughput_gbps=7.7028 latency_ms=65.8487
[2026-08-18T06:32:27] SAMPLE t=5s phase=Stable adaptation=with_ML throughput_gbps=8.4197 latency_ms=67.1594
[2026-08-18T06:32:28] SAMPLE t=6s phase=Stable adaptation=with_ML throughput_gbps=7.6359 latency_ms=66.7216
[2026-08-18T06:32:29] SAMPLE t=7s phase=Stable adaptation=with_ML throughput_gbps=8.2788 latency_ms=67.5303
[2026-08-18T06:32:30] SAMPLE t=8s phase=Stable adaptation=with_ML throughput_gbps=7.9812 latency_ms=67.4993
[2026-08-18T06:32:31] SAMPLE t=9s phase=Stable adaptation=with_ML throughput_gbps=8.1027 latency_ms=67.0616
[2026-08-18T06:32:32] SAMPLE t=10s phase=Stable adaptation=with_ML throughput_gbps=8.2028 latency_ms=64.627
[2026-08-18T06:32:33] SAMPLE t=11s phase=Stable adaptation=with_ML throughput_gbps=8.3673 latency_ms=65.7672
[2026-08-18T06:32:34] SAMPLE t=12s phase=Stable adaptation=with_ML throughput_gbps=8.1542 latency_ms=67.6325
[2026-08-18T06:32:35] SAMPLE t=13s phase=Stable adaptation=with_ML throughput_gbps=8.3504 latency_ms=66.6291
[2026-08-18T06:32:36] SAMPLE t=14s phase=Stable adaptation=with_ML throughput_gbps=8.263 latency_ms=66.3044
[2026-08-18T06:32:37] SAMPLE t=15s phase=Stable adaptation=with_ML throughput_gbps=7.9566 latency_ms=67.179
[2026-08-18T06:32:38] SAMPLE t=16s phase=Stable adaptation=with_ML throughput_gbps=8.3065 latency_ms=65.4923
[2026-08-18T06:32:39] SAMPLE t=17s phase=Stable adaptation=with_ML throughput_gbps=8.0844 latency_ms=67.4774
[2026-08-18T06:32:40] SAMPLE t=18s phase=Stable adaptation=with_ML throughput_gbps=8.3135 latency_ms=66.2772
[2026-08-18T06:32:41] SAMPLE t=19s phase=Stable adaptation=with_ML throughput_gbps=7.8981 latency_ms=68.3147
[2026-08-18T06:32:42] SAMPLE t=20s phase=Congestion adaptation=with_ML throughput_gbps=8.0766 latency_ms=67.4208
[2026-08-18T06:32:43] SAMPLE t=21s phase=Congestion adaptation=with_ML throughput_gbps=8.2486 latency_ms=67.9693
[2026-08-18T06:32:44] SAMPLE t=22s phase=Congestion adaptation=with_ML throughput_gbps=8.3207 latency_ms=67.6068
[2026-08-18T06:32:45] SAMPLE t=23s phase=Congestion adaptation=with_ML throughput_gbps=7.9558 latency_ms=65.0575
[2026-08-18T06:32:46] SAMPLE t=24s phase=Congestion adaptation=with_ML throughput_gbps=8.0175 latency_ms=67.4936
[2026-08-18T06:32:47] SAMPLE t=25s phase=Congestion adaptation=with_ML throughput_gbps=8.277 latency_ms=67.8942
[2026-08-18T06:32:48] SAMPLE t=26s phase=Congestion adaptation=with_ML throughput_gbps=8.0756 latency_ms=67.9006
[2026-08-18T06:32:49] SAMPLE t=27s phase=Congestion adaptation=with_ML throughput_gbps=8.2361 latency_ms=66.167
[2026-08-18T06:32:50] SAMPLE t=28s phase=Congestion adaptation=with_ML throughput_gbps=7.904 latency_ms=65.0816
[2026-08-18T06:32:51] SAMPLE t=29s phase=Congestion adaptation=with_ML throughput_gbps=8.6525 latency_ms=67.5187
[2026-08-18T06:32:52] SAMPLE t=30s phase=Congestion adaptation=with_ML throughput_gbps=8.5151 latency_ms=65.9299
[2026-08-18T06:32:53] SAMPLE t=31s phase=Congestion adaptation=with_ML throughput_gbps=8.1354 latency_ms=66.9878
[2026-08-18T06:32:54] SAMPLE t=32s phase=Congestion adaptation=with_ML throughput_gbps=8.2467 latency_ms=67.1045
[2026-08-18T06:32:55] SAMPLE t=33s phase=Congestion adaptation=with_ML throughput_gbps=7.9311 latency_ms=66.2432
[2026-08-18T06:32:56] SAMPLE t=34s phase=Congestion adaptation=with_ML throughput_gbps=8.3858 latency_ms=67.2027
[2026-08-18T06:32:57] SAMPLE t=35s phase=Congestion adaptation=with_ML throughput_gbps=7.8275 latency_ms=67.3201
[2026-08-18T06:32:58] SAMPLE t=36s phase=Congestion adaptation=with_ML throughput_gbps=8.2404 latency_ms=66.2257
[2026-08-18T06:32:59] SAMPLE t=37s phase=Congestion adaptation=with_ML throughput_gbps=8.1318 latency_ms=66.2156
[2026-08-18T06:33:00] SAMPLE t=38s phase=Congestion adaptation=with_ML throughput_gbps=8.2656 latency_ms=67.1609
[2026-08-18T06:33:01] SAMPLE t=39s phase=Congestion adaptation=with_ML throughput_gbps=8.0936 latency_ms=67.2782
[2026-08-18T06:33:02] SAMPLE t=40s phase=Path_change adaptation=with_ML throughput_gbps=8.1057 latency_ms=65.0113
[2026-08-18T06:33:03] SAMPLE t=41s phase=Path_change adaptation=with_ML throughput_gbps=8.0732 latency_ms=68.1879
[2026-08-18T06:33:04] SAMPLE t=42s phase=Path_change adaptation=with_ML throughput_gbps=7.8294 latency_ms=66.3203
[2026-08-18T06:33:05] SAMPLE t=43s phase=Path_change adaptation=with_ML throughput_gbps=7.3699 latency_ms=67.5968
[2026-08-18T06:33:06] SAMPLE t=44s phase=Path_change adaptation=with_ML throughput_gbps=7.6405 latency_ms=66.8548
[2026-08-18T06:33:07] SAMPLE t=45s phase=Path_change adaptation=with_ML throughput_gbps=7.4546 latency_ms=67.653
[2026-08-18T06:33:08] SAMPLE t=46s phase=Path_change adaptation=with_ML throughput_gbps=7.4051 latency_ms=65.2348
[2026-08-18T06:33:09] SAMPLE t=47s phase=Path_change adaptation=with_ML throughput_gbps=7.9519 latency_ms=67.0637
[2026-08-18T06:33:10] SAMPLE t=48s phase=Path_change adaptation=with_ML throughput_gbps=7.012 latency_ms=69.7165
[2026-08-18T06:33:11] SAMPLE t=49s phase=Path_change adaptation=with_ML throughput_gbps=7.424 latency_ms=70.509
[2026-08-18T06:33:12] SAMPLE t=50s phase=Path_change adaptation=with_ML throughput_gbps=7.2559 latency_ms=69.1333
[2026-08-18T06:33:13] SAMPLE t=51s phase=Path_change adaptation=with_ML throughput_gbps=7.4732 latency_ms=67.6496
[2026-08-18T06:33:14] SAMPLE t=52s phase=Path_change adaptation=with_ML throughput_gbps=7.2913 latency_ms=68.1436
[2026-08-18T06:33:15] SAMPLE t=53s phase=Path_change adaptation=with_ML throughput_gbps=7.0823 latency_ms=68.1617
[2026-08-18T06:33:16] SAMPLE t=54s phase=Path_change adaptation=with_ML throughput_gbps=7.5801 latency_ms=66.5363
[2026-08-18T06:33:17] SAMPLE t=55s phase=Path_change adaptation=with_ML throughput_gbps=7.4971 latency_ms=68.8781
[2026-08-18T06:33:18] SAMPLE t=56s phase=Path_change adaptation=with_ML throughput_gbps=7.4881 latency_ms=68.0275
[2026-08-18T06:33:19] SAMPLE t=57s phase=Path_change adaptation=with_ML throughput_gbps=7.7251 latency_ms=68.1935
[2026-08-18T06:33:20] SAMPLE t=58s phase=Path_change adaptation=with_ML throughput_gbps=7.9256 latency_ms=66.7291
[2026-08-18T06:33:21] SAMPLE t=59s phase=Path_change adaptation=with_ML throughput_gbps=8.014 latency_ms=66.6351
[2026-08-18T06:33:22] SAMPLE t=60s phase=Loss_spike adaptation=with_ML throughput_gbps=7.2257 latency_ms=65.786
[2026-08-18T06:33:23] SAMPLE t=61s phase=Loss_spike adaptation=with_ML throughput_gbps=8.5134 latency_ms=69.458
[2026-08-18T06:33:24] SAMPLE t=62s phase=Loss_spike adaptation=with_ML throughput_gbps=7.7679 latency_ms=67.7525
[2026-08-18T06:33:25] SAMPLE t=63s phase=Loss_spike adaptation=with_ML throughput_gbps=6.4227 latency_ms=70.3011
[2026-08-18T06:33:26] SAMPLE t=64s phase=Loss_spike adaptation=with_ML throughput_gbps=6.2033 latency_ms=72.4443
[2026-08-18T06:33:27] SAMPLE t=65s phase=Loss_spike adaptation=with_ML throughput_gbps=7.0652 latency_ms=68.3505
[2026-08-18T06:33:28] SAMPLE t=66s phase=Loss_spike adaptation=with_ML throughput_gbps=8.4404 latency_ms=70.6765
[2026-08-18T06:33:29] SAMPLE t=67s phase=Loss_spike adaptation=with_ML throughput_gbps=7.9671 latency_ms=70.2666
[2026-08-18T06:33:30] SAMPLE t=68s phase=Loss_spike adaptation=with_ML throughput_gbps=6.5803 latency_ms=69.6866
[2026-08-18T06:33:31] SAMPLE t=69s phase=Loss_spike adaptation=with_ML throughput_gbps=5.9528 latency_ms=68.5161
[2026-08-18T06:33:32] SAMPLE t=70s phase=Loss_spike adaptation=with_ML throughput_gbps=7.824 latency_ms=68.4841
[2026-08-18T06:33:33] SAMPLE t=71s phase=Loss_spike adaptation=with_ML throughput_gbps=8.2269 latency_ms=71.8725
[2026-08-18T06:33:34] SAMPLE t=72s phase=Loss_spike adaptation=with_ML throughput_gbps=8.1837 latency_ms=66.9314
[2026-08-18T06:33:35] SAMPLE t=73s phase=Loss_spike adaptation=with_ML throughput_gbps=6.6935 latency_ms=69.5495
[2026-08-18T06:33:36] SAMPLE t=74s phase=Loss_spike adaptation=with_ML throughput_gbps=6.3086 latency_ms=70.0058
[2026-08-18T06:33:37] SAMPLE t=75s phase=Loss_spike adaptation=with_ML throughput_gbps=7.186 latency_ms=71.4805
[2026-08-18T06:33:38] SAMPLE t=76s phase=Loss_spike adaptation=with_ML throughput_gbps=8.1938 latency_ms=70.8786
[2026-08-18T06:33:39] SAMPLE t=77s phase=Loss_spike adaptation=with_ML throughput_gbps=8.0933 latency_ms=68.6896
[2026-08-18T06:33:40] SAMPLE t=78s phase=Loss_spike adaptation=with_ML throughput_gbps=6.3756 latency_ms=68.8097
[2026-08-18T06:33:41] SAMPLE t=79s phase=Loss_spike adaptation=with_ML throughput_gbps=6.1087 latency_ms=71.4143
[2026-08-18T06:33:42] SAMPLE t=80s phase=Recovery adaptation=with_ML throughput_gbps=7.8971 latency_ms=65.9545
[2026-08-18T06:33:43] SAMPLE t=81s phase=Recovery adaptation=with_ML throughput_gbps=8.0423 latency_ms=66.6201
[2026-08-18T06:33:44] SAMPLE t=82s phase=Recovery adaptation=with_ML throughput_gbps=8.0999 latency_ms=66.4835
[2026-08-18T06:33:45] SAMPLE t=83s phase=Recovery adaptation=with_ML throughput_gbps=7.8857 latency_ms=66.157
[2026-08-18T06:33:46] SAMPLE t=84s phase=Recovery adaptation=with_ML throughput_gbps=8.1814 latency_ms=65.5441
[2026-08-18T06:33:47] SAMPLE t=85s phase=Recovery adaptation=with_ML throughput_gbps=8.6163 latency_ms=64.9679
[2026-08-18T06:33:48] SAMPLE t=86s phase=Recovery adaptation=with_ML throughput_gbps=8.2291 latency_ms=67.1203
[2026-08-18T06:33:49] SAMPLE t=87s phase=Recovery adaptation=with_ML throughput_gbps=8.2255 latency_ms=65.1243
[2026-08-18T06:33:50] SAMPLE t=88s phase=Recovery adaptation=with_ML throughput_gbps=8.6513 latency_ms=65.1029
[2026-08-18T06:33:51] SAMPLE t=89s phase=Recovery adaptation=with_ML throughput_gbps=7.9657 latency_ms=68.164
[2026-08-18T06:33:52] SAMPLE t=90s phase=Recovery adaptation=with_ML throughput_gbps=8.3002 latency_ms=66.1462
[2026-08-18T06:33:53] SAMPLE t=91s phase=Recovery adaptation=with_ML throughput_gbps=8.1002 latency_ms=65.1864
[2026-08-18T06:33:54] SAMPLE t=92s phase=Recovery adaptation=with_ML throughput_gbps=7.9077 latency_ms=67.1871
[2026-08-18T06:33:55] SAMPLE t=93s phase=Recovery adaptation=with_ML throughput_gbps=8.3544 latency_ms=65.8106
[2026-08-18T06:33:56] SAMPLE t=94s phase=Recovery adaptation=with_ML throughput_gbps=8.297 latency_ms=65.1291
[2026-08-18T06:33:57] SAMPLE t=95s phase=Recovery adaptation=with_ML throughput_gbps=8.7291 latency_ms=65.1587
[2026-08-18T06:33:58] SAMPLE t=96s phase=Recovery adaptation=with_ML throughput_gbps=8.1114 latency_ms=62.44
[2026-08-18T06:33:59] SAMPLE t=97s phase=Recovery adaptation=with_ML throughput_gbps=8.1736 latency_ms=66.1221
[2026-08-18T06:34:00] SAMPLE t=98s phase=Recovery adaptation=with_ML throughput_gbps=8.6229 latency_ms=64.9872
[2026-08-18T06:34:01] SAMPLE t=99s phase=Recovery adaptation=with_ML throughput_gbps=8.4486 latency_ms=64.5509
[2026-08-18T06:32:22] SAMPLE t=0s phase=Stable adaptation=without_ML throughput_gbps=8.1797 latency_ms=65.2238
[2026-08-18T06:32:23] SAMPLE t=1s phase=Stable adaptation=without_ML throughput_gbps=7.8942 latency_ms=68.7538
[2026-08-18T06:32:24] SAMPLE t=2s phase=Stable adaptation=without_ML throughput_gbps=8.2389 latency_ms=65.2277
[2026-08-18T06:32:25] SAMPLE t=3s phase=Stable adaptation=without_ML throughput_gbps=7.7846 latency_ms=66.8761
[2026-08-18T06:32:26] SAMPLE t=4s phase=Stable adaptation=without_ML throughput_gbps=7.9437 latency_ms=63.9772
[2026-08-18T06:32:27] SAMPLE t=5s phase=Stable adaptation=without_ML throughput_gbps=7.578 latency_ms=67.1016
[2026-08-18T06:32:28] SAMPLE t=6s phase=Stable adaptation=without_ML throughput_gbps=8.2019 latency_ms=64.2416
[2026-08-18T06:32:29] SAMPLE t=7s phase=Stable adaptation=without_ML throughput_gbps=7.9232 latency_ms=66.3486
[2026-08-18T06:32:30] SAMPLE t=8s phase=Stable adaptation=without_ML throughput_gbps=7.9791 latency_ms=65.2932
[2026-08-18T06:32:31] SAMPLE t=9s phase=Stable adaptation=without_ML throughput_gbps=7.9516 latency_ms=65.5707
[2026-08-18T06:32:32] SAMPLE t=10s phase=Stable adaptation=without_ML throughput_gbps=8.3275 latency_ms=67.2489
[2026-08-18T06:32:33] SAMPLE t=11s phase=Stable adaptation=without_ML throughput_gbps=7.9437 latency_ms=65.241
[2026-08-18T06:32:34] SAMPLE t=12s phase=Stable adaptation=without_ML throughput_gbps=7.7872 latency_ms=66.4996
[2026-08-18T06:32:35] SAMPLE t=13s phase=Stable adaptation=without_ML throughput_gbps=7.4783 latency_ms=65.866
[2026-08-18T06:32:36] SAMPLE t=14s phase=Stable adaptation=without_ML throughput_gbps=7.8168 latency_ms=68.0991
[2026-08-18T06:32:37] SAMPLE t=15s phase=Stable adaptation=without_ML throughput_gbps=7.9898 latency_ms=65.3775
[2026-08-18T06:32:38] SAMPLE t=16s phase=Stable adaptation=without_ML throughput_gbps=7.9058 latency_ms=64.7188
[2026-08-18T06:32:39] SAMPLE t=17s phase=Stable adaptation=without_ML throughput_gbps=8.2465 latency_ms=64.343
[2026-08-18T06:32:40] SAMPLE t=18s phase=Stable adaptation=without_ML throughput_gbps=7.9695 latency_ms=67.7626
[2026-08-18T06:32:41] SAMPLE t=19s phase=Stable adaptation=without_ML throughput_gbps=7.7448 latency_ms=65.8789
[2026-08-18T06:32:42] SAMPLE t=20s phase=Congestion adaptation=without_ML throughput_gbps=8.4343 latency_ms=66.4822
[2026-08-18T06:32:43] SAMPLE t=21s phase=Congestion adaptation=without_ML throughput_gbps=8.0356 latency_ms=68.7354
[2026-08-18T06:32:44] SAMPLE t=22s phase=Congestion adaptation=without_ML throughput_gbps=7.9657 latency_ms=65.9881
[2026-08-18T06:32:45] SAMPLE t=23s phase=Congestion adaptation=without_ML throughput_gbps=8.3119 latency_ms=65.2617
[2026-08-18T06:32:46] SAMPLE t=24s phase=Congestion adaptation=without_ML throughput_gbps=7.843 latency_ms=65.4607
[2026-08-18T06:32:47] SAMPLE t=25s phase=Congestion adaptation=without_ML throughput_gbps=7.9259 latency_ms=64.9388
[2026-08-18T06:32:48] SAMPLE t=26s phase=Congestion adaptation=without_ML throughput_gbps=7.4971 latency_ms=66.1273
[2026-08-18T06:32:49] SAMPLE t=27s phase=Congestion adaptation=without_ML throughput_gbps=8.299 latency_ms=65.5161
[2026-08-18T06:32:50] SAMPLE t=28s phase=Congestion adaptation=without_ML throughput_gbps=8.3882 latency_ms=67.4166
[2026-08-18T06:32:51] SAMPLE t=29s phase=Congestion adaptation=without_ML throughput_gbps=7.7452 latency_ms=68.5661
[2026-08-18T06:32:52] SAMPLE t=30s phase=Congestion adaptation=without_ML throughput_gbps=8.1973 latency_ms=64.1391
[2026-08-18T06:32:53] SAMPLE t=31s phase=Congestion adaptation=without_ML throughput_gbps=7.7384 latency_ms=68.7919
[2026-08-18T06:32:54] SAMPLE t=32s phase=Congestion adaptation=without_ML throughput_gbps=8.3576 latency_ms=66.0816
[2026-08-18T06:32:55] SAMPLE t=33s phase=Congestion adaptation=without_ML throughput_gbps=8.1052 latency_ms=66.7014
[2026-08-18T06:32:56] SAMPLE t=34s phase=Congestion adaptation=without_ML throughput_gbps=8.5072 latency_ms=66.9482
[2026-08-18T06:32:57] SAMPLE t=35s phase=Congestion adaptation=without_ML throughput_gbps=8.0008 latency_ms=65.0576
[2026-08-18T06:32:58] SAMPLE t=36s phase=Congestion adaptation=without_ML throughput_gbps=7.9436 latency_ms=67.001
[2026-08-18T06:32:59] SAMPLE t=37s phase=Congestion adaptation=without_ML throughput_gbps=8.0889 latency_ms=65.9759
[2026-08-18T06:33:00] SAMPLE t=38s phase=Congestion adaptation=without_ML throughput_gbps=7.901 latency_ms=67.9553
[2026-08-18T06:33:01] SAMPLE t=39s phase=Congestion adaptation=without_ML throughput_gbps=8.3097 latency_ms=67.51
[2026-08-18T06:33:02] SAMPLE t=40s phase=Path_change adaptation=without_ML throughput_gbps=8.0044 latency_ms=64.5317
[2026-08-18T06:33:03] SAMPLE t=41s phase=Path_change adaptation=without_ML throughput_gbps=7.5003 latency_ms=67.6949
[2026-08-18T06:33:04] SAMPLE t=42s phase=Path_change adaptation=without_ML throughput_gbps=6.7543 latency_ms=67.6205
[2026-08-18T06:33:05] SAMPLE t=43s phase=Path_change adaptation=without_ML throughput_gbps=6.8071 latency_ms=71.6212
[2026-08-18T06:33:06] SAMPLE t=44s phase=Path_change adaptation=without_ML throughput_gbps=6.5567 latency_ms=67.8051
[2026-08-18T06:33:07] SAMPLE t=45s phase=Path_change adaptation=without_ML throughput_gbps=6.2246 latency_ms=68.2458
[2026-08-18T06:33:08] SAMPLE t=46s phase=Path_change adaptation=without_ML throughput_gbps=5.5974 latency_ms=72.5155
[2026-08-18T06:33:09] SAMPLE t=47s phase=Path_change adaptation=without_ML throughput_gbps=5.9972 latency_ms=72.4127
[2026-08-18T06:33:10] SAMPLE t=48s phase=Path_change adaptation=without_ML throughput_gbps=5.6114 latency_ms=70.3344
[2026-08-18T06:33:11] SAMPLE t=49s phase=Path_change adaptation=without_ML throughput_gbps=5.5595 latency_ms=74.4314
[2026-08-18T06:33:12] SAMPLE t=50s phase=Path_change adaptation=without_ML throughput_gbps=6.0913 latency_ms=71.5851
[2026-08-18T06:33:13] SAMPLE t=51s phase=Path_change adaptation=without_ML throughput_gbps=5.6591 latency_ms=71.9336
[2026-08-18T06:33:14] SAMPLE t=52s phase=Path_change adaptation=without_ML throughput_gbps=5.7697 latency_ms=72.3122
[2026-08-18T06:33:15] SAMPLE t=53s phase=Path_change adaptation=without_ML throughput_gbps=6.0097 latency_ms=76.0298
[2026-08-18T06:33:16] SAMPLE t=54s phase=Path_change adaptation=without_ML throughput_gbps=6.3436 latency_ms=70.5969
[2026-08-18T06:33:17] SAMPLE t=55s phase=Path_change adaptation=without_ML throughput_gbps=6.6611 latency_ms=69.5674
[2026-08-18T06:33:18] SAMPLE t=56s phase=Path_change adaptation=without_ML throughput_gbps=6.9563 latency_ms=71.6337
[2026-08-18T06:33:19] SAMPLE t=57s phase=Path_change adaptation=without_ML throughput_gbps=7.0402 latency_ms=68.508
[2026-08-18T06:33:20] SAMPLE t=58s phase=Path_change adaptation=without_ML throughput_gbps=7.3615 latency_ms=68.1318
[2026-08-18T06:33:21] SAMPLE t=59s phase=Path_change adaptation=without_ML throughput_gbps=7.797 latency_ms=68.9274
[2026-08-18T06:33:22] SAMPLE t=60s phase=Loss_spike adaptation=without_ML throughput_gbps=6.0546 latency_ms=66.9434
[2026-08-18T06:33:23] SAMPLE t=61s phase=Loss_spike adaptation=without_ML throughput_gbps=8.5302 latency_ms=79.9507
[2026-08-18T06:33:24] SAMPLE t=62s phase=Loss_spike adaptation=without_ML throughput_gbps=7.5687 latency_ms=77.4471
[2026-08-18T06:33:25] SAMPLE t=63s phase=Loss_spike adaptation=without_ML throughput_gbps=4.8174 latency_ms=78.2283
[2026-08-18T06:33:26] SAMPLE t=64s phase=Loss_spike adaptation=without_ML throughput_gbps=3.8835 latency_ms=78.8337
[2026-08-18T06:33:27] SAMPLE t=65s phase=Loss_spike adaptation=without_ML throughput_gbps=6.2336 latency_ms=71.3482
[2026-08-18T06:33:28] SAMPLE t=66s phase=Loss_spike adaptation=without_ML throughput_gbps=8.1697 latency_ms=78.1243
[2026-08-18T06:33:29] SAMPLE t=67s phase=Loss_spike adaptation=without_ML throughput_gbps=7.2337 latency_ms=75.4562
[2026-08-18T06:33:30] SAMPLE t=68s phase=Loss_spike adaptation=without_ML throughput_gbps=4.658 latency_ms=75.3856
[2026-08-18T06:33:31] SAMPLE t=69s phase=Loss_spike adaptation=without_ML throughput_gbps=4.0601 latency_ms=78.1438
[2026-08-18T06:33:32] SAMPLE t=70s phase=Loss_spike adaptation=without_ML throughput_gbps=6.0418 latency_ms=69.8544
[2026-08-18T06:33:33] SAMPLE t=71s phase=Loss_spike adaptation=without_ML throughput_gbps=8.2955 latency_ms=79.5146
[2026-08-18T06:33:34] SAMPLE t=72s phase=Loss_spike adaptation=without_ML throughput_gbps=7.8823 latency_ms=77.1695
[2026-08-18T06:33:35] SAMPLE t=73s phase=Loss_spike adaptation=without_ML throughput_gbps=4.7191 latency_ms=76.3316
[2026-08-18T06:33:36] SAMPLE t=74s phase=Loss_spike adaptation=without_ML throughput_gbps=4.0496 latency_ms=77.2806
[2026-08-18T06:33:37] SAMPLE t=75s phase=Loss_spike adaptation=without_ML throughput_gbps=6.3579 latency_ms=71.2157
[2026-08-18T06:33:38] SAMPLE t=76s phase=Loss_spike adaptation=without_ML throughput_gbps=8.1357 latency_ms=78.0797
[2026-08-18T06:33:39] SAMPLE t=77s phase=Loss_spike adaptation=without_ML throughput_gbps=7.0396 latency_ms=76.5042
[2026-08-18T06:33:40] SAMPLE t=78s phase=Loss_spike adaptation=without_ML throughput_gbps=5.0351 latency_ms=76.1863
[2026-08-18T06:33:41] SAMPLE t=79s phase=Loss_spike adaptation=without_ML throughput_gbps=3.8334 latency_ms=79.0571
[2026-08-18T06:33:42] SAMPLE t=80s phase=Recovery adaptation=without_ML throughput_gbps=8.0651 latency_ms=67.3798
[2026-08-18T06:33:43] SAMPLE t=81s phase=Recovery adaptation=without_ML throughput_gbps=8.1006 latency_ms=65.843
[2026-08-18T06:33:44] SAMPLE t=82s phase=Recovery adaptation=without_ML throughput_gbps=8.3862 latency_ms=65.6046
[2026-08-18T06:33:45] SAMPLE t=83s phase=Recovery adaptation=without_ML throughput_gbps=8.0779 latency_ms=63.876
[2026-08-18T06:33:46] SAMPLE t=84s phase=Recovery adaptation=without_ML throughput_gbps=7.7325 latency_ms=68.1796
[2026-08-18T06:33:47] SAMPLE t=85s phase=Recovery adaptation=without_ML throughput_gbps=7.9089 latency_ms=63.4248
[2026-08-18T06:33:48] SAMPLE t=86s phase=Recovery adaptation=without_ML throughput_gbps=8.2582 latency_ms=66.21
[2026-08-18T06:33:49] SAMPLE t=87s phase=Recovery adaptation=without_ML throughput_gbps=8.504 latency_ms=65.4164
[2026-08-18T06:33:50] SAMPLE t=88s phase=Recovery adaptation=without_ML throughput_gbps=7.8411 latency_ms=64.9287
[2026-08-18T06:33:51] SAMPLE t=89s phase=Recovery adaptation=without_ML throughput_gbps=7.8738 latency_ms=64.2901
[2026-08-18T06:33:52] SAMPLE t=90s phase=Recovery adaptation=without_ML throughput_gbps=7.8649 latency_ms=65.7522
[2026-08-18T06:33:53] SAMPLE t=91s phase=Recovery adaptation=without_ML throughput_gbps=7.7425 latency_ms=66.9352
[2026-08-18T06:33:54] SAMPLE t=92s phase=Recovery adaptation=without_ML throughput_gbps=7.5088 latency_ms=64.4458
[2026-08-18T06:33:55] SAMPLE t=93s phase=Recovery adaptation=without_ML throughput_gbps=7.4589 latency_ms=66.1167
[2026-08-18T06:33:56] SAMPLE t=94s phase=Recovery adaptation=without_ML throughput_gbps=7.8285 latency_ms=67.5899
[2026-08-18T06:33:57] SAMPLE t=95s phase=Recovery adaptation=without_ML throughput_gbps=7.8704 latency_ms=64.7842
[2026-08-18T06:33:58] SAMPLE t=96s phase=Recovery adaptation=without_ML throughput_gbps=8.0556 latency_ms=67.0574
[2026-08-18T06:33:59] SAMPLE t=97s phase=Recovery adaptation=without_ML throughput_gbps=8.108 latency_ms=63.6553
[2026-08-18T06:34:00] SAMPLE t=98s phase=Recovery adaptation=without_ML throughput_gbps=8.3921 latency_ms=67.29
[2026-08-18T06:34:01] SAMPLE t=99s phase=Recovery adaptation=without_ML throughput_gbps=7.8436 latency_ms=65.5911
[2026-08-18T06:32:22] TRACE_END run_id=147 status=OK
[2026-08-18T17:55:23] TRACE_START run_id=148
[2026-08-18T17:55:23] SAMPLE t=0s phase=Stable adaptation=with_ML throughput_gbps=7.9621 latency_ms=67.7809
[2026-08-18T17:55:24] SAMPLE t=1s phase=Stable adaptation=with_ML throughput_gbps=8.18 latency_ms=64.3788
[2026-08-18T17:55:25] SAMPLE t=2s phase=Stable adaptation=with_ML throughput_gbps=8.255 latency_ms=66.9057
[2026-08-18T17:55:26] SAMPLE t=3s phase=Stable adaptation=with_ML throughput_gbps=7.8663 latency_ms=65.8163
[2026-08-18T17:55:27] SAMPLE t=4s phase=Stable adaptation=with_ML throughput_gbps=8.1122 latency_ms=67.5284
[2026-08-18T17:55:28] SAMPLE t=5s phase=Stable adaptation=with_ML throughput_gbps=8.1879 latency_ms=65.2407
[2026-08-18T17:55:29] SAMPLE t=6s phase=Stable adaptation=with_ML throughput_gbps=8.3237 latency_ms=66.9612
[2026-08-18T17:55:30] SAMPLE t=7s phase=Stable adaptation=with_ML throughput_gbps=8.5196 latency_ms=69.1625
[2026-08-18T17:55:31] SAMPLE t=8s phase=Stable adaptation=with_ML throughput_gbps=7.7598 latency_ms=65.1618
[2026-08-18T17:55:32] SAMPLE t=9s phase=Stable adaptation=with_ML throughput_gbps=8.0924 latency_ms=67.1557
[2026-08-18T17:55:33] SAMPLE t=10s phase=Stable adaptation=with_ML throughput_gbps=7.9848 latency_ms=67.4414
[2026-08-18T17:55:34] SAMPLE t=11s phase=Stable adaptation=with_ML throughput_gbps=7.6879 latency_ms=65.1956
[2026-08-18T17:55:35] SAMPLE t=12s phase=Stable adaptation=with_ML throughput_gbps=8.2303 latency_ms=64.3223
[2026-08-18T17:55:36] SAMPLE t=13s phase=Stable adaptation=with_ML throughput_gbps=8.1357 latency_ms=67.0453
[2026-08-18T17:55:37] SAMPLE t=14s phase=Stable adaptation=with_ML throughput_gbps=8.3376 latency_ms=66.7804
[2026-08-18T17:55:38] SAMPLE t=15s phase=Stable adaptation=with_ML throughput_gbps=7.6682 latency_ms=67.9303
[2026-08-18T17:55:39] SAMPLE t=16s phase=Stable adaptation=with_ML throughput_gbps=7.9312 latency_ms=65.2189
[2026-08-18T17:55:40] SAMPLE t=17s phase=Stable adaptation=with_ML throughput_gbps=8.2288 latency_ms=65.7705
[2026-08-18T17:55:41] SAMPLE t=18s phase=Stable adaptation=with_ML throughput_gbps=8.3372 latency_ms=66.3514
[2026-08-18T17:55:42] SAMPLE t=19s phase=Stable adaptation=with_ML throughput_gbps=7.8406 latency_ms=66.6459
[2026-08-18T17:55:43] SAMPLE t=20s phase=Congestion adaptation=with_ML throughput_gbps=8.3123 latency_ms=67.242
[2026-08-18T17:55:44] SAMPLE t=21s phase=Congestion adaptation=with_ML throughput_gbps=8.0046 latency_ms=66.5863
[2026-08-18T17:55:45] SAMPLE t=22s phase=Congestion adaptation=with_ML throughput_gbps=8.0118 latency_ms=65.9711
[2026-08-18T17:55:46] SAMPLE t=23s phase=Congestion adaptation=with_ML throughput_gbps=7.8546 latency_ms=68.6482
[2026-08-18T17:55:47] SAMPLE t=24s phase=Congestion adaptation=with_ML throughput_gbps=7.7938 latency_ms=65.0391
[2026-08-18T17:55:48] SAMPLE t=25s phase=Congestion adaptation=with_ML throughput_gbps=8.1046 latency_ms=68.4741
[2026-08-18T17:55:49] SAMPLE t=26s phase=Congestion adaptation=with_ML throughput_gbps=8.2475 latency_ms=67.311
[2026-08-18T17:55:50] SAMPLE t=27s phase=Congestion adaptation=with_ML throughput_gbps=7.8907 latency_ms=65.9439
[2026-08-18T17:55:51] SAMPLE t=28s phase=Congestion adaptation=with_ML throughput_gbps=8.1589 latency_ms=64.3302
[2026-08-18T17:55:52] SAMPLE t=29s phase=Congestion adaptation=with_ML throughput_gbps=8.105 latency_ms=66.3929
[2026-08-18T17:55:53] SAMPLE t=30s phase=Congestion adaptation=with_ML throughput_gbps=8.6218 latency_ms=67.9463
[2026-08-18T17:55:54] SAMPLE t=31s phase=Congestion adaptation=with_ML throughput_gbps=7.8179 latency_ms=65.1589
[2026-08-18T17:55:55] SAMPLE t=32s phase=Congestion adaptation=with_ML throughput_gbps=7.9989 latency_ms=68.5119
[2026-08-18T17:55:56] SAMPLE t=33s phase=Congestion adaptation=with_ML throughput_gbps=7.9521 latency_ms=64.5186
[2026-08-18T17:55:57] SAMPLE t=34s phase=Congestion adaptation=with_ML throughput_gbps=8.3085 latency_ms=63.7744
[2026-08-18T17:55:58] SAMPLE t=35s phase=Congestion adaptation=with_ML throughput_gbps=8.4391 latency_ms=65.9931
[2026-08-18T17:55:59] SAMPLE t=36s phase=Congestion adaptation=with_ML throughput_gbps=7.5456 latency_ms=66.3484
[2026-08-18T17:56:00] SAMPLE t=37s phase=Congestion adaptation=with_ML throughput_gbps=8.1627 latency_ms=65.6903
[2026-08-18T17:56:01] SAMPLE t=38s phase=Congestion adaptation=with_ML throughput_gbps=8.2661 latency_ms=66.5748
[2026-08-18T17:56:02] SAMPLE t=39s phase=Congestion adaptation=with_ML throughput_gbps=8.2062 latency_ms=67.7255
[2026-08-18T17:56:03] SAMPLE t=40s phase=Path_change adaptation=with_ML throughput_gbps=8.3596 latency_ms=66.2131
[2026-08-18T17:56:04] SAMPLE t=41s phase=Path_change adaptation=with_ML throughput_gbps=8.2622 latency_ms=66.9402
[2026-08-18T17:56:05] SAMPLE t=42s phase=Path_change adaptation=with_ML throughput_gbps=7.8379 latency_ms=65.2513
[2026-08-18T17:56:06] SAMPLE t=43s phase=Path_change adaptation=with_ML throughput_gbps=7.7198 latency_ms=67.0455
[2026-08-18T17:56:07] SAMPLE t=44s phase=Path_change adaptation=with_ML throughput_gbps=7.7772 latency_ms=65.3914
[2026-08-18T17:56:08] SAMPLE t=45s phase=Path_change adaptation=with_ML throughput_gbps=7.1602 latency_ms=68.7478
[2026-08-18T17:56:09] SAMPLE t=46s phase=Path_change adaptation=with_ML throughput_gbps=7.0698 latency_ms=71.1085
[2026-08-18T17:56:10] SAMPLE t=47s phase=Path_change adaptation=with_ML throughput_gbps=7.3304 latency_ms=68.0537
[2026-08-18T17:56:11] SAMPLE t=48s phase=Path_change adaptation=with_ML throughput_gbps=7.173 latency_ms=69.2557
[2026-08-18T17:56:12] SAMPLE t=49s phase=Path_change adaptation=with_ML throughput_gbps=7.364 latency_ms=67.8158
[2026-08-18T17:56:13] SAMPLE t=50s phase=Path_change adaptation=with_ML throughput_gbps=7.2684 latency_ms=68.9606
[2026-08-18T17:56:14] SAMPLE t=51s phase=Path_change adaptation=with_ML throughput_gbps=7.2908 latency_ms=66.9614
[2026-08-18T17:56:15] SAMPLE t=52s phase=Path_change adaptation=with_ML throughput_gbps=7.4635 latency_ms=66.4613
[2026-08-18T17:56:16] SAMPLE t=53s phase=Path_change adaptation=with_ML throughput_gbps=7.3826 latency_ms=67.5543
[2026-08-18T17:56:17] SAMPLE t=54s phase=Path_change adaptation=with_ML throughput_gbps=7.3968 latency_ms=67.3712
[2026-08-18T17:56:18] SAMPLE t=55s phase=Path_change adaptation=with_ML throughput_gbps=7.5041 latency_ms=67.8339
[2026-08-18T17:56:19] SAMPLE t=56s phase=Path_change adaptation=with_ML throughput_gbps=7.3673 latency_ms=69.4479
[2026-08-18T17:56:20] SAMPLE t=57s phase=Path_change adaptation=with_ML throughput_gbps=7.7023 latency_ms=68.6206
[2026-08-18T17:56:21] SAMPLE t=58s phase=Path_change adaptation=with_ML throughput_gbps=8.0831 latency_ms=67.9636
[2026-08-18T17:56:22] SAMPLE t=59s phase=Path_change adaptation=with_ML throughput_gbps=7.8614 latency_ms=66.2908
[2026-08-18T17:56:23] SAMPLE t=60s phase=Loss_spike adaptation=with_ML throughput_gbps=7.3064 latency_ms=69.353
[2026-08-18T17:56:24] SAMPLE t=61s phase=Loss_spike adaptation=with_ML throughput_gbps=8.4029 latency_ms=69.6071
[2026-08-18T17:56:25] SAMPLE t=62s phase=Loss_spike adaptation=with_ML throughput_gbps=8.0902 latency_ms=71.0269
[2026-08-18T17:56:26] SAMPLE t=63s phase=Loss_spike adaptation=with_ML throughput_gbps=6.5662 latency_ms=68.7502
[2026-08-18T17:56:27] SAMPLE t=64s phase=Loss_spike adaptation=with_ML throughput_gbps=6.1147 latency_ms=72.6886
[2026-08-18T17:56:28] SAMPLE t=65s phase=Loss_spike adaptation=with_ML throughput_gbps=7.258 latency_ms=68.3807
[2026-08-18T17:56:29] SAMPLE t=66s phase=Loss_spike adaptation=with_ML throughput_gbps=8.1463 latency_ms=67.7533
[2026-08-18T17:56:30] SAMPLE t=67s phase=Loss_spike adaptation=with_ML throughput_gbps=8.1084 latency_ms=72.0828
[2026-08-18T17:56:31] SAMPLE t=68s phase=Loss_spike adaptation=with_ML throughput_gbps=6.8554 latency_ms=69.4367
[2026-08-18T17:56:32] SAMPLE t=69s phase=Loss_spike adaptation=with_ML throughput_gbps=6.2374 latency_ms=70.3555
[2026-08-18T17:56:33] SAMPLE t=70s phase=Loss_spike adaptation=with_ML throughput_gbps=7.0948 latency_ms=68.0323
[2026-08-18T17:56:34] SAMPLE t=71s phase=Loss_spike adaptation=with_ML throughput_gbps=8.1721 latency_ms=71.3641
[2026-08-18T17:56:35] SAMPLE t=72s phase=Loss_spike adaptation=with_ML throughput_gbps=7.8779 latency_ms=70.3176
[2026-08-18T17:56:36] SAMPLE t=73s phase=Loss_spike adaptation=with_ML throughput_gbps=6.6033 latency_ms=70.2149
[2026-08-18T17:56:37] SAMPLE t=74s phase=Loss_spike adaptation=with_ML throughput_gbps=6.2338 latency_ms=70.6518
[2026-08-18T17:56:38] SAMPLE t=75s phase=Loss_spike adaptation=with_ML throughput_gbps=7.3109 latency_ms=65.1071
[2026-08-18T17:56:39] SAMPLE t=76s phase=Loss_spike adaptation=with_ML throughput_gbps=8.2178 latency_ms=71.6342
[2026-08-18T17:56:40] SAMPLE t=77s phase=Loss_spike adaptation=with_ML throughput_gbps=8.3161 latency_ms=68.3064
[2026-08-18T17:56:41] SAMPLE t=78s phase=Loss_spike adaptation=with_ML throughput_gbps=6.3285 latency_ms=69.4585
[2026-08-18T17:56:42] SAMPLE t=79s phase=Loss_spike adaptation=with_ML throughput_gbps=6.4226 latency_ms=70.0029
[2026-08-18T17:56:43] SAMPLE t=80s phase=Recovery adaptation=with_ML throughput_gbps=8.2097 latency_ms=64.7431
[2026-08-18T17:56:44] SAMPLE t=81s phase=Recovery adaptation=with_ML throughput_gbps=8.0659 latency_ms=66.1242
[2026-08-18T17:56:45] SAMPLE t=82s phase=Recovery adaptation=with_ML throughput_gbps=8.1424 latency_ms=66.712
[2026-08-18T17:56:46] SAMPLE t=83s phase=Recovery adaptation=with_ML throughput_gbps=8.2479 latency_ms=66.655
[2026-08-18T17:56:47] SAMPLE t=84s phase=Recovery adaptation=with_ML throughput_gbps=8.0239 latency_ms=68.0702
[2026-08-18T17:56:48] SAMPLE t=85s phase=Recovery adaptation=with_ML throughput_gbps=8.0628 latency_ms=65.1724
[2026-08-18T17:56:49] SAMPLE t=86s phase=Recovery adaptation=with_ML throughput_gbps=8.2977 latency_ms=63.9707
[2026-08-18T17:56:50] SAMPLE t=87s phase=Recovery adaptation=with_ML throughput_gbps=8.3552 latency_ms=65.0161
[2026-08-18T17:56:51] SAMPLE t=88s phase=Recovery adaptation=with_ML throughput_gbps=8.0843 latency_ms=66.1899
[2026-08-18T17:56:52] SAMPLE t=89s phase=Recovery adaptation=with_ML throughput_gbps=8.3954 latency_ms=66.0788
[2026-08-18T17:56:53] SAMPLE t=90s phase=Recovery adaptation=with_ML throughput_gbps=8.0176 latency_ms=64.8032
[2026-08-18T17:56:54] SAMPLE t=91s phase=Recovery adaptation=with_ML throughput_gbps=8.2906 latency_ms=64.7128
[2026-08-18T17:56:55] SAMPLE t=92s phase=Recovery adaptation=with_ML throughput_gbps=8.7513 latency_ms=65.8618
[2026-08-18T17:56:56] SAMPLE t=93s phase=Recovery adaptation=with_ML throughput_gbps=8.6578 latency_ms=62.7485
[2026-08-18T17:56:57] SAMPLE t=94s phase=Recovery adaptation=with_ML throughput_gbps=8.5165 latency_ms=66.2404
[2026-08-18T17:56:58] SAMPLE t=95s phase=Recovery adaptation=with_ML throughput_gbps=8.3511 latency_ms=66.4908
[2026-08-18T17:56:59] SAMPLE t=96s phase=Recovery adaptation=with_ML throughput_gbps=8.2214 latency_ms=66.455
[2026-08-18T17:57:00] SAMPLE t=97s phase=Recovery adaptation=with_ML throughput_gbps=8.6963 latency_ms=64.2013
[2026-08-18T17:57:01] SAMPLE t=98s phase=Recovery adaptation=with_ML throughput_gbps=8.2423 latency_ms=66.122
[2026-08-18T17:57:02] SAMPLE t=99s phase=Recovery adaptation=with_ML throughput_gbps=8.6438 latency_ms=64.7942
[2026-08-18T17:55:23] SAMPLE t=0s phase=Stable adaptation=without_ML throughput_gbps=8.1563 latency_ms=64.9536
[2026-08-18T17:55:24] SAMPLE t=1s phase=Stable adaptation=without_ML throughput_gbps=7.6993 latency_ms=64.2574
[2026-08-18T17:55:25] SAMPLE t=2s phase=Stable adaptation=without_ML throughput_gbps=8.001 latency_ms=68.701
[2026-08-18T17:55:26] SAMPLE t=3s phase=Stable adaptation=without_ML throughput_gbps=8.071 latency_ms=66.8809
[2026-08-18T17:55:27] SAMPLE t=4s phase=Stable adaptation=without_ML throughput_gbps=7.8795 latency_ms=66.1551
[2026-08-18T17:55:28] SAMPLE t=5s phase=Stable adaptation=without_ML throughput_gbps=7.9692 latency_ms=64.6438
[2026-08-18T17:55:29] SAMPLE t=6s phase=Stable adaptation=without_ML throughput_gbps=7.6772 latency_ms=65.8681
[2026-08-18T17:55:30] SAMPLE t=7s phase=Stable adaptation=without_ML throughput_gbps=8.2454 latency_ms=63.4467
[2026-08-18T17:55:31] SAMPLE t=8s phase=Stable adaptation=without_ML throughput_gbps=8.0161 latency_ms=68.7195
[2026-08-18T17:55:32] SAMPLE t=9s phase=Stable adaptation=without_ML throughput_gbps=8.0982 latency_ms=67.165
[2026-08-18T17:55:33] SAMPLE t=10s phase=Stable adaptation=without_ML throughput_gbps=8.3359 latency_ms=66.8892
[2026-08-18T17:55:34] SAMPLE t=11s phase=Stable adaptation=without_ML throughput_gbps=7.65 latency_ms=64.7864
[2026-08-18T17:55:35] SAMPLE t=12s phase=Stable adaptation=without_ML throughput_gbps=7.8878 latency_ms=66.9683
[2026-08-18T17:55:36] SAMPLE t=13s phase=Stable adaptation=without_ML throughput_gbps=7.7088 latency_ms=66.1603
[2026-08-18T17:55:37] SAMPLE t=14s phase=Stable adaptation=without_ML throughput_gbps=7.8884 latency_ms=68.6139
[2026-08-18T17:55:38] SAMPLE t=15s phase=Stable adaptation=without_ML throughput_gbps=8.0542 latency_ms=66.1911
[2026-08-18T17:55:39] SAMPLE t=16s phase=Stable adaptation=without_ML throughput_gbps=8.0324 latency_ms=65.8888
[2026-08-18T17:55:40] SAMPLE t=17s phase=Stable adaptation=without_ML throughput_gbps=8.327 latency_ms=65.5882
[2026-08-18T17:55:41] SAMPLE t=18s phase=Stable adaptation=without_ML throughput_gbps=7.9052 latency_ms=66.769
[2026-08-18T17:55:42] SAMPLE t=19s phase=Stable adaptation=without_ML throughput_gbps=8.2765 latency_ms=64.2176
[2026-08-18T17:55:43] SAMPLE t=20s phase=Congestion adaptation=without_ML throughput_gbps=8.0888 latency_ms=68.5383
[2026-08-18T17:55:44] SAMPLE t=21s phase=Congestion adaptation=without_ML throughput_gbps=7.8179 latency_ms=66.6612
[2026-08-18T17:55:45] SAMPLE t=22s phase=Congestion adaptation=without_ML throughput_gbps=7.901 latency_ms=68.3315
[2026-08-18T17:55:46] SAMPLE t=23s phase=Congestion adaptation=without_ML throughput_gbps=7.9655 latency_ms=64.3548
[2026-08-18T17:55:47] SAMPLE t=24s phase=Congestion adaptation=without_ML throughput_gbps=8.0057 latency_ms=67.1708
[2026-08-18T17:55:48] SAMPLE t=25s phase=Congestion adaptation=without_ML throughput_gbps=8.1415 latency_ms=67.2269
[2026-08-18T17:55:49] SAMPLE t=26s phase=Congestion adaptation=without_ML throughput_gbps=8.0745 latency_ms=64.3404
[2026-08-18T17:55:50] SAMPLE t=27s phase=Congestion adaptation=without_ML throughput_gbps=7.8942 latency_ms=65.909
[2026-08-18T17:55:51] SAMPLE t=28s phase=Congestion adaptation=without_ML throughput_gbps=8.6886 latency_ms=65.1407
[2026-08-18T17:55:52] SAMPLE t=29s phase=Congestion adaptation=without_ML throughput_gbps=7.8045 latency_ms=66.2574
[2026-08-18T17:55:53] SAMPLE t=30s phase=Congestion adaptation=without_ML throughput_gbps=8.2254 latency_ms=67.1028
[2026-08-18T17:55:54] SAMPLE t=31s phase=Congestion adaptation=without_ML throughput_gbps=8.0195 latency_ms=67.0918
[2026-08-18T17:55:55] SAMPLE t=32s phase=Congestion adaptation=without_ML throughput_gbps=7.6902 latency_ms=67.6684
[2026-08-18T17:55:56] SAMPLE t=33s phase=Congestion adaptation=without_ML throughput_gbps=7.8617 latency_ms=67.0521
[2026-08-18T17:55:57] SAMPLE t=34s phase=Congestion adaptation=without_ML throughput_gbps=7.5765 latency_ms=66.1638
[2026-08-18T17:55:58] SAMPLE t=35s phase=Congestion adaptation=without_ML throughput_gbps=7.6943 latency_ms=66.2652
[2026-08-18T17:55:59] SAMPLE t=36s phase=Congestion adaptation=without_ML throughput_gbps=7.6519 latency_ms=69.7958
[2026-08-18T17:56:00] SAMPLE t=37s phase=Congestion adaptation=without_ML throughput_gbps=7.6792 latency_ms=66.5976
[2026-08-18T17:56:01] SAMPLE t=38s phase=Congestion adaptation=without_ML throughput_gbps=7.6955 latency_ms=65.933
[2026-08-18T17:56:02] SAMPLE t=39s phase=Congestion adaptation=without_ML throughput_gbps=7.9322 latency_ms=65.6815
[2026-08-18T17:56:03] SAMPLE t=40s phase=Path_change adaptation=without_ML throughput_gbps=8.2736 latency_ms=66.3314
[2026-08-18T17:56:04] SAMPLE t=41s phase=Path_change adaptation=without_ML throughput_gbps=7.6248 latency_ms=68.7675
[2026-08-18T17:56:05] SAMPLE t=42s phase=Path_change adaptation=without_ML throughput_gbps=7.205 latency_ms=67.637
[2026-08-18T17:56:06] SAMPLE t=43s phase=Path_change adaptation=without_ML throughput_gbps=7.0956 latency_ms=68.2522
[2026-08-18T17:56:07] SAMPLE t=44s phase=Path_change adaptation=without_ML throughput_gbps=6.8543 latency_ms=70.364
[2026-08-18T17:56:08] SAMPLE t=45s phase=Path_change adaptation=without_ML throughput_gbps=6.5121 latency_ms=69.0118
[2026-08-18T17:56:09] SAMPLE t=46s phase=Path_change adaptation=without_ML throughput_gbps=6.082 latency_ms=70.4577
[2026-08-18T17:56:10] SAMPLE t=47s phase=Path_change adaptation=without_ML throughput_gbps=6.1203 latency_ms=70.2472
[2026-08-18T17:56:11] SAMPLE t=48s phase=Path_change adaptation=without_ML throughput_gbps=5.353 latency_ms=69.5459
[2026-08-18T17:56:12] SAMPLE t=49s phase=Path_change adaptation=without_ML throughput_gbps=5.8244 latency_ms=71.7215
[2026-08-18T17:56:13] SAMPLE t=50s phase=Path_change adaptation=without_ML throughput_gbps=5.8531 latency_ms=71.9458
[2026-08-18T17:56:14] SAMPLE t=51s phase=Path_change adaptation=without_ML throughput_gbps=5.4875 latency_ms=73.0454
[2026-08-18T17:56:15] SAMPLE t=52s phase=Path_change adaptation=without_ML throughput_gbps=5.6789 latency_ms=73.5345
[2026-08-18T17:56:16] SAMPLE t=53s phase=Path_change adaptation=without_ML throughput_gbps=6.0011 latency_ms=73.2666
[2026-08-18T17:56:17] SAMPLE t=54s phase=Path_change adaptation=without_ML throughput_gbps=5.9421 latency_ms=71.9841
[2026-08-18T17:56:18] SAMPLE t=55s phase=Path_change adaptation=without_ML throughput_gbps=6.3758 latency_ms=69.4509
[2026-08-18T17:56:19] SAMPLE t=56s phase=Path_change adaptation=without_ML throughput_gbps=6.5533 latency_ms=68.1056
[2026-08-18T17:56:20] SAMPLE t=57s phase=Path_change adaptation=without_ML throughput_gbps=7.0524 latency_ms=70.8967
[2026-08-18T17:56:21] SAMPLE t=58s phase=Path_change adaptation=without_ML throughput_gbps=7.5452 latency_ms=70.3042
[2026-08-18T17:56:22] SAMPLE t=59s phase=Path_change adaptation=without_ML throughput_gbps=7.4696 latency_ms=67.3911
[2026-08-18T17:56:23] SAMPLE t=60s phase=Loss_spike adaptation=without_ML throughput_gbps=6.2395 latency_ms=71.391
[2026-08-18T17:56:24] SAMPLE t=61s phase=Loss_spike adaptation=without_ML throughput_gbps=8.5442 latency_ms=78.2053
[2026-08-18T17:56:25] SAMPLE t=62s phase=Loss_spike adaptation=without_ML throughput_gbps=7.4464 latency_ms=75.4559
[2026-08-18T17:56:26] SAMPLE t=63s phase=Loss_spike adaptation=without_ML throughput_gbps=4.8379 latency_ms=77.838
[2026-08-18T17:56:27] SAMPLE t=64s phase=Loss_spike adaptation=without_ML throughput_gbps=4.0991 latency_ms=77.3403
[2026-08-18T17:56:28] SAMPLE t=65s phase=Loss_spike adaptation=without_ML throughput_gbps=6.4678 latency_ms=72.1673
[2026-08-18T17:56:29] SAMPLE t=66s phase=Loss_spike adaptation=without_ML throughput_gbps=8.3817 latency_ms=78.8365
[2026-08-18T17:56:30] SAMPLE t=67s phase=Loss_spike adaptation=without_ML throughput_gbps=7.7211 latency_ms=78.7402
[2026-08-18T17:56:31] SAMPLE t=68s phase=Loss_spike adaptation=without_ML throughput_gbps=4.7728 latency_ms=78.9703
[2026-08-18T17:56:32] SAMPLE t=69s phase=Loss_spike adaptation=without_ML throughput_gbps=3.9808 latency_ms=79.939
[2026-08-18T17:56:33] SAMPLE t=70s phase=Loss_spike adaptation=without_ML throughput_gbps=6.2769 latency_ms=69.8287
[2026-08-18T17:56:34] SAMPLE t=71s phase=Loss_spike adaptation=without_ML throughput_gbps=8.1784 latency_ms=80.7509
[2026-08-18T17:56:35] SAMPLE t=72s phase=Loss_spike adaptation=without_ML throughput_gbps=7.6291 latency_ms=72.9925
[2026-08-18T17:56:36] SAMPLE t=73s phase=Loss_spike adaptation=without_ML throughput_gbps=4.8674 latency_ms=77.919
[2026-08-18T17:56:37] SAMPLE t=74s phase=Loss_spike adaptation=without_ML throughput_gbps=4.1106 latency_ms=79.419
[2026-08-18T17:56:38] SAMPLE t=75s phase=Loss_spike adaptation=without_ML throughput_gbps=6.5002 latency_ms=70.3373
[2026-08-18T17:56:39] SAMPLE t=76s phase=Loss_spike adaptation=without_ML throughput_gbps=8.1766 latency_ms=81.6061
[2026-08-18T17:56:40] SAMPLE t=77s phase=Loss_spike adaptation=without_ML throughput_gbps=7.7288 latency_ms=74.8338
[2026-08-18T17:56:41] SAMPLE t=78s phase=Loss_spike adaptation=without_ML throughput_gbps=4.8567 latency_ms=75.4649
[2026-08-18T17:56:42] SAMPLE t=79s phase=Loss_spike adaptation=without_ML throughput_gbps=4.2881 latency_ms=78.1524
[2026-08-18T17:56:43] SAMPLE t=80s phase=Recovery adaptation=without_ML throughput_gbps=8.456 latency_ms=63.8833
[2026-08-18T17:56:44] SAMPLE t=81s phase=Recovery adaptation=without_ML throughput_gbps=8.1251 latency_ms=65.8387
[2026-08-18T17:56:45] SAMPLE t=82s phase=Recovery adaptation=without_ML throughput_gbps=7.7511 latency_ms=67.4943
[2026-08-18T17:56:46] SAMPLE t=83s phase=Recovery adaptation=without_ML throughput_gbps=8.5544 latency_ms=64.8449
[2026-08-18T17:56:47] SAMPLE t=84s phase=Recovery adaptation=without_ML throughput_gbps=7.9667 latency_ms=65.2036
[2026-08-18T17:56:48] SAMPLE t=85s phase=Recovery adaptation=without_ML throughput_gbps=7.9745 latency_ms=65.7538
[2026-08-18T17:56:49] SAMPLE t=86s phase=Recovery adaptation=without_ML throughput_gbps=7.8015 latency_ms=64.7227
[2026-08-18T17:56:50] SAMPLE t=87s phase=Recovery adaptation=without_ML throughput_gbps=7.8555 latency_ms=66.1496
[2026-08-18T17:56:51] SAMPLE t=88s phase=Recovery adaptation=without_ML throughput_gbps=7.9072 latency_ms=67.2948
[2026-08-18T17:56:52] SAMPLE t=89s phase=Recovery adaptation=without_ML throughput_gbps=7.9552 latency_ms=66.4667
[2026-08-18T17:56:53] SAMPLE t=90s phase=Recovery adaptation=without_ML throughput_gbps=8.0009 latency_ms=66.6983
[2026-08-18T17:56:54] SAMPLE t=91s phase=Recovery adaptation=without_ML throughput_gbps=7.7293 latency_ms=66.0422
[2026-08-18T17:56:55] SAMPLE t=92s phase=Recovery adaptation=without_ML throughput_gbps=7.8463 latency_ms=66.5353
[2026-08-18T17:56:56] SAMPLE t=93s phase=Recovery adaptation=without_ML throughput_gbps=8.0667 latency_ms=66.6781
[2026-08-18T17:56:57] SAMPLE t=94s phase=Recovery adaptation=without_ML throughput_gbps=8.1323 latency_ms=67.2251
[2026-08-18T17:56:58] SAMPLE t=95s phase=Recovery adaptation=without_ML throughput_gbps=7.838 latency_ms=67.1102
[2026-08-18T17:56:59] SAMPLE t=96s phase=Recovery adaptation=without_ML throughput_gbps=7.5057 latency_ms=64.3184
[2026-08-18T17:57:00] SAMPLE t=97s phase=Recovery adaptation=without_ML throughput_gbps=7.8602 latency_ms=67.2184
[2026-08-18T17:57:01] SAMPLE t=98s phase=Recovery adaptation=without_ML throughput_gbps=8.0426 latency_ms=67.4352
[2026-08-18T17:57:02] SAMPLE t=99s phase=Recovery adaptation=without_ML throughput_gbps=8.3397 latency_ms=64.996
[2026-08-18T17:55:23] TRACE_END run_id=148 status=OK
[2026-08-18T18:09:36] TRACE_START run_id=149
[2026-08-18T18:09:36] SAMPLE t=0s phase=Stable adaptation=with_ML throughput_gbps=7.9577 latency_ms=65.4927
[2026-08-18T18:09:37] SAMPLE t=1s phase=Stable adaptation=with_ML throughput_gbps=7.9681 latency_ms=66.6832
[2026-08-18T18:09:38] SAMPLE t=2s phase=Stable adaptation=with_ML throughput_gbps=7.5767 latency_ms=67.4068
[2026-08-18T18:09:39] SAMPLE t=3s phase=Stable adaptation=with_ML throughput_gbps=8.2984 latency_ms=65.7734
[2026-08-18T18:09:40] SAMPLE t=4s phase=Stable adaptation=with_ML throughput_gbps=7.9317 latency_ms=66.1955
[2026-08-18T18:09:41] SAMPLE t=5s phase=Stable adaptation=with_ML throughput_gbps=7.8479 latency_ms=66.2243
[2026-08-18T18:09:42] SAMPLE t=6s phase=Stable adaptation=with_ML throughput_gbps=8.2305 latency_ms=65.1611
[2026-08-18T18:09:43] SAMPLE t=7s phase=Stable adaptation=with_ML throughput_gbps=8.4312 latency_ms=65.6177
[2026-08-18T18:09:44] SAMPLE t=8s phase=Stable adaptation=with_ML throughput_gbps=7.8879 latency_ms=65.3708
[2026-08-18T18:09:45] SAMPLE t=9s phase=Stable adaptation=with_ML throughput_gbps=8.094 latency_ms=68.9459
[2026-08-18T18:09:46] SAMPLE t=10s phase=Stable adaptation=with_ML throughput_gbps=8.1662 latency_ms=65.8999
[2026-08-18T18:09:47] SAMPLE t=11s phase=Stable adaptation=with_ML throughput_gbps=7.8991 latency_ms=65.5048
[2026-08-18T18:09:48] SAMPLE t=12s phase=Stable adaptation=with_ML throughput_gbps=8.0874 latency_ms=65.9555
[2026-08-18T18:09:49] SAMPLE t=13s phase=Stable adaptation=with_ML throughput_gbps=8.0845 latency_ms=67.0866
[2026-08-18T18:09:50] SAMPLE t=14s phase=Stable adaptation=with_ML throughput_gbps=8.2088 latency_ms=64.5291
[2026-08-18T18:09:51] SAMPLE t=15s phase=Stable adaptation=with_ML throughput_gbps=7.7621 latency_ms=68.2614
[2026-08-18T18:09:52] SAMPLE t=16s phase=Stable adaptation=with_ML throughput_gbps=8.0662 latency_ms=66.2592
[2026-08-18T18:09:53] SAMPLE t=17s phase=Stable adaptation=with_ML throughput_gbps=7.9797 latency_ms=66.441
[2026-08-18T18:09:54] SAMPLE t=18s phase=Stable adaptation=with_ML throughput_gbps=7.8802 latency_ms=65.5151
[2026-08-18T18:09:55] SAMPLE t=19s phase=Stable adaptation=with_ML throughput_gbps=7.774 latency_ms=67.2063
[2026-08-18T18:09:56] SAMPLE t=20s phase=Congestion adaptation=with_ML throughput_gbps=8.3473 latency_ms=66.4919
[2026-08-18T18:09:57] SAMPLE t=21s phase=Congestion adaptation=with_ML throughput_gbps=8.4505 latency_ms=66.5468
[2026-08-18T18:09:58] SAMPLE t=22s phase=Congestion adaptation=with_ML throughput_gbps=8.0369 latency_ms=67.1988
[2026-08-18T18:09:59] SAMPLE t=23s phase=Congestion adaptation=with_ML throughput_gbps=8.3693 latency_ms=65.1431
[2026-08-18T18:10:00] SAMPLE t=24s phase=Congestion adaptation=with_ML throughput_gbps=8.3711 latency_ms=67.1226
[2026-08-18T18:10:01] SAMPLE t=25s phase=Congestion adaptation=with_ML throughput_gbps=7.8728 latency_ms=67.1549
[2026-08-18T18:10:02] SAMPLE t=26s phase=Congestion adaptation=with_ML throughput_gbps=8.0677 latency_ms=65.5863
[2026-08-18T18:10:03] SAMPLE t=27s phase=Congestion adaptation=with_ML throughput_gbps=8.2008 latency_ms=66.4513
[2026-08-18T18:10:04] SAMPLE t=28s phase=Congestion adaptation=with_ML throughput_gbps=7.921 latency_ms=64.1654
[2026-08-18T18:10:05] SAMPLE t=29s phase=Congestion adaptation=with_ML throughput_gbps=7.6038 latency_ms=65.5472
[2026-08-18T18:10:06] SAMPLE t=30s phase=Congestion adaptation=with_ML throughput_gbps=8.153 latency_ms=65.5253
[2026-08-18T18:10:07] SAMPLE t=31s phase=Congestion adaptation=with_ML throughput_gbps=8.1361 latency_ms=65.1591
[2026-08-18T18:10:08] SAMPLE t=32s phase=Congestion adaptation=with_ML throughput_gbps=8.0111 latency_ms=66.8428
[2026-08-18T18:10:09] SAMPLE t=33s phase=Congestion adaptation=with_ML throughput_gbps=7.8103 latency_ms=65.1228
[2026-08-18T18:10:10] SAMPLE t=34s phase=Congestion adaptation=with_ML throughput_gbps=8.316 latency_ms=66.1524
[2026-08-18T18:10:11] SAMPLE t=35s phase=Congestion adaptation=with_ML throughput_gbps=8.2784 latency_ms=68.9825
[2026-08-18T18:10:12] SAMPLE t=36s phase=Congestion adaptation=with_ML throughput_gbps=8.3048 latency_ms=68.09
[2026-08-18T18:10:13] SAMPLE t=37s phase=Congestion adaptation=with_ML throughput_gbps=7.6986 latency_ms=65.563
[2026-08-18T18:10:14] SAMPLE t=38s phase=Congestion adaptation=with_ML throughput_gbps=8.2496 latency_ms=65.5816
[2026-08-18T18:10:15] SAMPLE t=39s phase=Congestion adaptation=with_ML throughput_gbps=8.2855 latency_ms=66.7083
[2026-08-18T18:10:16] SAMPLE t=40s phase=Path_change adaptation=with_ML throughput_gbps=8.0005 latency_ms=67.3987
[2026-08-18T18:10:17] SAMPLE t=41s phase=Path_change adaptation=with_ML throughput_gbps=7.7602 latency_ms=68.7706
[2026-08-18T18:10:18] SAMPLE t=42s phase=Path_change adaptation=with_ML throughput_gbps=7.747 latency_ms=67.7855
[2026-08-18T18:10:19] SAMPLE t=43s phase=Path_change adaptation=with_ML throughput_gbps=7.507 latency_ms=69.5616
[2026-08-18T18:10:20] SAMPLE t=44s phase=Path_change adaptation=with_ML throughput_gbps=7.2572 latency_ms=67.4385
[2026-08-18T18:10:21] SAMPLE t=45s phase=Path_change adaptation=with_ML throughput_gbps=7.1395 latency_ms=67.8473
[2026-08-18T18:10:22] SAMPLE t=46s phase=Path_change adaptation=with_ML throughput_gbps=7.193 latency_ms=67.7965
[2026-08-18T18:10:23] SAMPLE t=47s phase=Path_change adaptation=with_ML throughput_gbps=7.2366 latency_ms=69.1161
[2026-08-18T18:10:24] SAMPLE t=48s phase=Path_change adaptation=with_ML throughput_gbps=7.4864 latency_ms=67.6644
[2026-08-18T18:10:25] SAMPLE t=49s phase=Path_change adaptation=with_ML throughput_gbps=7.4522 latency_ms=68.6775
[2026-08-18T18:10:26] SAMPLE t=50s phase=Path_change adaptation=with_ML throughput_gbps=7.3022 latency_ms=67.8173
[2026-08-18T18:10:27] SAMPLE t=51s phase=Path_change adaptation=with_ML throughput_gbps=7.1087 latency_ms=68.9977
[2026-08-18T18:10:28] SAMPLE t=52s phase=Path_change adaptation=with_ML throughput_gbps=7.332 latency_ms=66.0671
[2026-08-18T18:10:29] SAMPLE t=53s phase=Path_change adaptation=with_ML throughput_gbps=7.6409 latency_ms=66.7575
[2026-08-18T18:10:30] SAMPLE t=54s phase=Path_change adaptation=with_ML throughput_gbps=7.4354 latency_ms=67.8494
[2026-08-18T18:10:31] SAMPLE t=55s phase=Path_change adaptation=with_ML throughput_gbps=7.536 latency_ms=68.4051
[2026-08-18T18:10:32] SAMPLE t=56s phase=Path_change adaptation=with_ML throughput_gbps=7.4724 latency_ms=66.6197
[2026-08-18T18:10:33] SAMPLE t=57s phase=Path_change adaptation=with_ML throughput_gbps=7.3978 latency_ms=66.0658
[2026-08-18T18:10:34] SAMPLE t=58s phase=Path_change adaptation=with_ML throughput_gbps=7.9781 latency_ms=67.1909
[2026-08-18T18:10:35] SAMPLE t=59s phase=Path_change adaptation=with_ML throughput_gbps=8.0359 latency_ms=67.3875
[2026-08-18T18:10:36] SAMPLE t=60s phase=Loss_spike adaptation=with_ML throughput_gbps=7.2108 latency_ms=69.5309
[2026-08-18T18:10:37] SAMPLE t=61s phase=Loss_spike adaptation=with_ML throughput_gbps=8.3663 latency_ms=71.2915
[2026-08-18T18:10:38] SAMPLE t=62s phase=Loss_spike adaptation=with_ML throughput_gbps=7.8268 latency_ms=69.7373
[2026-08-18T18:10:39] SAMPLE t=63s phase=Loss_spike adaptation=with_ML throughput_gbps=6.7702 latency_ms=69.0779
[2026-08-18T18:10:40] SAMPLE t=64s phase=Loss_spike adaptation=with_ML throughput_gbps=6.0993 latency_ms=70.5205
[2026-08-18T18:10:41] SAMPLE t=65s phase=Loss_spike adaptation=with_ML throughput_gbps=7.2945 latency_ms=67.633
[2026-08-18T18:10:42] SAMPLE t=66s phase=Loss_spike adaptation=with_ML throughput_gbps=8.035 latency_ms=71.4835
[2026-08-18T18:10:43] SAMPLE t=67s phase=Loss_spike adaptation=with_ML throughput_gbps=8.231 latency_ms=71.8475
[2026-08-18T18:10:44] SAMPLE t=68s phase=Loss_spike adaptation=with_ML throughput_gbps=6.753 latency_ms=69.8547
[2026-08-18T18:10:45] SAMPLE t=69s phase=Loss_spike adaptation=with_ML throughput_gbps=6.0588 latency_ms=69.6808
[2026-08-18T18:10:46] SAMPLE t=70s phase=Loss_spike adaptation=with_ML throughput_gbps=7.692 latency_ms=69.4882
[2026-08-18T18:10:47] SAMPLE t=71s phase=Loss_spike adaptation=with_ML throughput_gbps=8.8863 latency_ms=72.6405
[2026-08-18T18:10:48] SAMPLE t=72s phase=Loss_spike adaptation=with_ML throughput_gbps=7.9457 latency_ms=69.7779
[2026-08-18T18:10:49] SAMPLE t=73s phase=Loss_spike adaptation=with_ML throughput_gbps=6.4433 latency_ms=70.7277
[2026-08-18T18:10:50] SAMPLE t=74s phase=Loss_spike adaptation=with_ML throughput_gbps=6.5125 latency_ms=74.2093
[2026-08-18T18:10:51] SAMPLE t=75s phase=Loss_spike adaptation=with_ML throughput_gbps=7.6035 latency_ms=68.2292
[2026-08-18T18:10:52] SAMPLE t=76s phase=Loss_spike adaptation=with_ML throughput_gbps=8.4448 latency_ms=71.94
[2026-08-18T18:10:53] SAMPLE t=77s phase=Loss_spike adaptation=with_ML throughput_gbps=8.0739 latency_ms=68.3095
[2026-08-18T18:10:54] SAMPLE t=78s phase=Loss_spike adaptation=with_ML throughput_gbps=6.8405 latency_ms=70.1658
[2026-08-18T18:10:55] SAMPLE t=79s phase=Loss_spike adaptation=with_ML throughput_gbps=6.2646 latency_ms=71.6889
[2026-08-18T18:10:56] SAMPLE t=80s phase=Recovery adaptation=with_ML throughput_gbps=8.5803 latency_ms=64.7279
[2026-08-18T18:10:57] SAMPLE t=81s phase=Recovery adaptation=with_ML throughput_gbps=8.0677 latency_ms=66.3573
[2026-08-18T18:10:58] SAMPLE t=82s phase=Recovery adaptation=with_ML throughput_gbps=8.3513 latency_ms=67.0726
[2026-08-18T18:10:59] SAMPLE t=83s phase=Recovery adaptation=with_ML throughput_gbps=8.3124 latency_ms=64.4115
[2026-08-18T18:11:00] SAMPLE t=84s phase=Recovery adaptation=with_ML throughput_gbps=8.1277 latency_ms=64.5373
[2026-08-18T18:11:01] SAMPLE t=85s phase=Recovery adaptation=with_ML throughput_gbps=7.9911 latency_ms=67.936
[2026-08-18T18:11:02] SAMPLE t=86s phase=Recovery adaptation=with_ML throughput_gbps=7.9843 latency_ms=65.0978
[2026-08-18T18:11:03] SAMPLE t=87s phase=Recovery adaptation=with_ML throughput_gbps=8.1853 latency_ms=65.0969
[2026-08-18T18:11:04] SAMPLE t=88s phase=Recovery adaptation=with_ML throughput_gbps=8.1175 latency_ms=64.8
[2026-08-18T18:11:05] SAMPLE t=89s phase=Recovery adaptation=with_ML throughput_gbps=8.0517 latency_ms=64.1089
[2026-08-18T18:11:06] SAMPLE t=90s phase=Recovery adaptation=with_ML throughput_gbps=8.4697 latency_ms=65.9851
[2026-08-18T18:11:07] SAMPLE t=91s phase=Recovery adaptation=with_ML throughput_gbps=8.1346 latency_ms=64.9076
[2026-08-18T18:11:08] SAMPLE t=92s phase=Recovery adaptation=with_ML throughput_gbps=8.4082 latency_ms=64.7001
[2026-08-18T18:11:09] SAMPLE t=93s phase=Recovery adaptation=with_ML throughput_gbps=8.3367 latency_ms=64.1979
[2026-08-18T18:11:10] SAMPLE t=94s phase=Recovery adaptation=with_ML throughput_gbps=8.746 latency_ms=63.9922
[2026-08-18T18:11:11] SAMPLE t=95s phase=Recovery adaptation=with_ML throughput_gbps=7.9467 latency_ms=66.7515
[2026-08-18T18:11:12] SAMPLE t=96s phase=Recovery adaptation=with_ML throughput_gbps=8.2268 latency_ms=64.7806
[2026-08-18T18:11:13] SAMPLE t=97s phase=Recovery adaptation=with_ML throughput_gbps=8.3194 latency_ms=64.2791
[2026-08-18T18:11:14] SAMPLE t=98s phase=Recovery adaptation=with_ML throughput_gbps=8.7429 latency_ms=64.2166
[2026-08-18T18:11:15] SAMPLE t=99s phase=Recovery adaptation=with_ML throughput_gbps=8.2417 latency_ms=64.0539
[2026-08-18T18:09:36] SAMPLE t=0s phase=Stable adaptation=without_ML throughput_gbps=8.2027 latency_ms=66.544
[2026-08-18T18:09:37] SAMPLE t=1s phase=Stable adaptation=without_ML throughput_gbps=8.1612 latency_ms=67.0598
[2026-08-18T18:09:38] SAMPLE t=2s phase=Stable adaptation=without_ML throughput_gbps=7.99 latency_ms=66.9791
[2026-08-18T18:09:39] SAMPLE t=3s phase=Stable adaptation=without_ML throughput_gbps=8.1029 latency_ms=67.2015
[2026-08-18T18:09:40] SAMPLE t=4s phase=Stable adaptation=without_ML throughput_gbps=8.0403 latency_ms=64.2371
[2026-08-18T18:09:41] SAMPLE t=5s phase=Stable adaptation=without_ML throughput_gbps=8.0838 latency_ms=64.7474
[2026-08-18T18:09:42] SAMPLE t=6s phase=Stable adaptation=without_ML throughput_gbps=8.1715 latency_ms=68.1398
[2026-08-18T18:09:43] SAMPLE t=7s phase=Stable adaptation=without_ML throughput_gbps=7.8746 latency_ms=67.3402
[2026-08-18T18:09:44] SAMPLE t=8s phase=Stable adaptation=without_ML throughput_gbps=8.5926 latency_ms=64.9744
[2026-08-18T18:09:45] SAMPLE t=9s phase=Stable adaptation=without_ML throughput_gbps=7.6647 latency_ms=68.0912
[2026-08-18T18:09:46] SAMPLE t=10s phase=Stable adaptation=without_ML throughput_gbps=8.204 latency_ms=66.8029
[2026-08-18T18:09:47] SAMPLE t=11s phase=Stable adaptation=without_ML throughput_gbps=7.8316 latency_ms=65.7974
[2026-08-18T18:09:48] SAMPLE t=12s phase=Stable adaptation=without_ML throughput_gbps=8.4396 latency_ms=68.9524
[2026-08-18T18:09:49] SAMPLE t=13s phase=Stable adaptation=without_ML throughput_gbps=7.7542 latency_ms=64.7133
[2026-08-18T18:09:50] SAMPLE t=14s phase=Stable adaptation=without_ML throughput_gbps=7.7149 latency_ms=65.9147
[2026-08-18T18:09:51] SAMPLE t=15s phase=Stable adaptation=without_ML throughput_gbps=7.9966 latency_ms=64.6238
[2026-08-18T18:09:52] SAMPLE t=16s phase=Stable adaptation=without_ML throughput_gbps=7.8384 latency_ms=66.5871
[2026-08-18T18:09:53] SAMPLE t=17s phase=Stable adaptation=without_ML throughput_gbps=7.8346 latency_ms=64.5609
[2026-08-18T18:09:54] SAMPLE t=18s phase=Stable adaptation=without_ML throughput_gbps=7.8813 latency_ms=64.4997
[2026-08-18T18:09:55] SAMPLE t=19s phase=Stable adaptation=without_ML throughput_gbps=8.42 latency_ms=63.2175
[2026-08-18T18:09:56] SAMPLE t=20s phase=Congestion adaptation=without_ML throughput_gbps=8.1442 latency_ms=66.26
[2026-08-18T18:09:57] SAMPLE t=21s phase=Congestion adaptation=without_ML throughput_gbps=7.8663 latency_ms=66.4266
[2026-08-18T18:09:58] SAMPLE t=22s phase=Congestion adaptation=without_ML throughput_gbps=7.9887 latency_ms=66.382
[2026-08-18T18:09:59] SAMPLE t=23s phase=Congestion adaptation=without_ML throughput_gbps=8.2137 latency_ms=67.6899
[2026-08-18T18:10:00] SAMPLE t=24s phase=Congestion adaptation=without_ML throughput_gbps=8.4286 latency_ms=66.7547
[2026-08-18T18:10:01] SAMPLE t=25s phase=Congestion adaptation=without_ML throughput_gbps=8.2818 latency_ms=64.6539
[2026-08-18T18:10:02] SAMPLE t=26s phase=Congestion adaptation=without_ML throughput_gbps=7.7645 latency_ms=65.104
[2026-08-18T18:10:03] SAMPLE t=27s phase=Congestion adaptation=without_ML throughput_gbps=7.6478 latency_ms=66.7449
[2026-08-18T18:10:04] SAMPLE t=28s phase=Congestion adaptation=without_ML throughput_gbps=7.3785 latency_ms=65.9591
[2026-08-18T18:10:05] SAMPLE t=29s phase=Congestion adaptation=without_ML throughput_gbps=8.0886 latency_ms=64.8752
[2026-08-18T18:10:06] SAMPLE t=30s phase=Congestion adaptation=without_ML throughput_gbps=7.8476 latency_ms=66.0361
[2026-08-18T18:10:07] SAMPLE t=31s phase=Congestion adaptation=without_ML throughput_gbps=8.138 latency_ms=66.8307
[2026-08-18T18:10:08] SAMPLE t=32s phase=Congestion adaptation=without_ML throughput_gbps=7.7809 latency_ms=65.7317
[2026-08-18T18:10:09] SAMPLE t=33s phase=Congestion adaptation=without_ML throughput_gbps=7.6043 latency_ms=66.9109
[2026-08-18T18:10:10] SAMPLE t=34s phase=Congestion adaptation=without_ML throughput_gbps=8.3357 latency_ms=67.9628
[2026-08-18T18:10:11] SAMPLE t=35s phase=Congestion adaptation=without_ML throughput_gbps=8.1946 latency_ms=66.6523
[2026-08-18T18:10:12] SAMPLE t=36s phase=Congestion adaptation=without_ML throughput_gbps=7.9942 latency_ms=66.5448
[2026-08-18T18:10:13] SAMPLE t=37s phase=Congestion adaptation=without_ML throughput_gbps=7.7366 latency_ms=65.3423
[2026-08-18T18:10:14] SAMPLE t=38s phase=Congestion adaptation=without_ML throughput_gbps=7.7622 latency_ms=65.1872
[2026-08-18T18:10:15] SAMPLE t=39s phase=Congestion adaptation=without_ML throughput_gbps=7.9866 latency_ms=62.803
[2026-08-18T18:10:16] SAMPLE t=40s phase=Path_change adaptation=without_ML throughput_gbps=8.1168 latency_ms=64.8927
[2026-08-18T18:10:17] SAMPLE t=41s phase=Path_change adaptation=without_ML throughput_gbps=7.7659 latency_ms=65.8889
[2026-08-18T18:10:18] SAMPLE t=42s phase=Path_change adaptation=without_ML throughput_gbps=7.2738 latency_ms=68.7624
[2026-08-18T18:10:19] SAMPLE t=43s phase=Path_change adaptation=without_ML throughput_gbps=6.7089 latency_ms=68.7497
[2026-08-18T18:10:20] SAMPLE t=44s phase=Path_change adaptation=without_ML throughput_gbps=6.9316 latency_ms=69.6358
[2026-08-18T18:10:21] SAMPLE t=45s phase=Path_change adaptation=without_ML throughput_gbps=6.5469 latency_ms=71.8344
[2026-08-18T18:10:22] SAMPLE t=46s phase=Path_change adaptation=without_ML throughput_gbps=5.9992 latency_ms=69.033
[2026-08-18T18:10:23] SAMPLE t=47s phase=Path_change adaptation=without_ML throughput_gbps=5.8553 latency_ms=74.6555
[2026-08-18T18:10:24] SAMPLE t=48s phase=Path_change adaptation=without_ML throughput_gbps=5.6462 latency_ms=72.6041
[2026-08-18T18:10:25] SAMPLE t=49s phase=Path_change adaptation=without_ML throughput_gbps=5.6216 latency_ms=75.412
[2026-08-18T18:10:26] SAMPLE t=50s phase=Path_change adaptation=without_ML throughput_gbps=5.8948 latency_ms=74.2788
[2026-08-18T18:10:27] SAMPLE t=51s phase=Path_change adaptation=without_ML throughput_gbps=5.6628 latency_ms=73.2294
[2026-08-18T18:10:28] SAMPLE t=52s phase=Path_change adaptation=without_ML throughput_gbps=5.6557 latency_ms=72.8843
[2026-08-18T18:10:29] SAMPLE t=53s phase=Path_change adaptation=without_ML throughput_gbps=5.9526 latency_ms=72.8696
[2026-08-18T18:10:30] SAMPLE t=54s phase=Path_change adaptation=without_ML throughput_gbps=5.9729 latency_ms=69.9938
[2026-08-18T18:10:31] SAMPLE t=55s phase=Path_change adaptation=without_ML throughput_gbps=6.4686 latency_ms=70.1966
[2026-08-18T18:10:32] SAMPLE t=56s phase=Path_change adaptation=without_ML throughput_gbps=6.5665 latency_ms=70.8152
[2026-08-18T18:10:33] SAMPLE t=57s phase=Path_change adaptation=without_ML throughput_gbps=7.1747 latency_ms=69.8158
[2026-08-18T18:10:34] SAMPLE t=58s phase=Path_change adaptation=without_ML throughput_gbps=7.3054 latency_ms=68.4671
[2026-08-18T18:10:35] SAMPLE t=59s phase=Path_change adaptation=without_ML throughput_gbps=7.8695 latency_ms=66.5505
[2026-08-18T18:10:36] SAMPLE t=60s phase=Loss_spike adaptation=without_ML throughput_gbps=6.6343 latency_ms=70.6504
[2026-08-18T18:10:37] SAMPLE t=61s phase=Loss_spike adaptation=without_ML throughput_gbps=8.6156 latency_ms=80.9892
[2026-08-18T18:10:38] SAMPLE t=62s phase=Loss_spike adaptation=without_ML throughput_gbps=7.3967 latency_ms=73.9041
[2026-08-18T18:10:39] SAMPLE t=63s phase=Loss_spike adaptation=without_ML throughput_gbps=4.7406 latency_ms=74.8265
[2026-08-18T18:10:40] SAMPLE t=64s phase=Loss_spike adaptation=without_ML throughput_gbps=3.7886 latency_ms=82.6945
[2026-08-18T18:10:41] SAMPLE t=65s phase=Loss_spike adaptation=without_ML throughput_gbps=6.4237 latency_ms=70.1
[2026-08-18T18:10:42] SAMPLE t=66s phase=Loss_spike adaptation=without_ML throughput_gbps=8.614 latency_ms=78.2124
[2026-08-18T18:10:43] SAMPLE t=67s phase=Loss_spike adaptation=without_ML throughput_gbps=7.5032 latency_ms=74.2127
[2026-08-18T18:10:44] SAMPLE t=68s phase=Loss_spike adaptation=without_ML throughput_gbps=4.9888 latency_ms=73.7481
[2026-08-18T18:10:45] SAMPLE t=69s phase=Loss_spike adaptation=without_ML throughput_gbps=4.0733 latency_ms=80.0276
[2026-08-18T18:10:46] SAMPLE t=70s phase=Loss_spike adaptation=without_ML throughput_gbps=6.1092 latency_ms=69.6301
[2026-08-18T18:10:47] SAMPLE t=71s phase=Loss_spike adaptation=without_ML throughput_gbps=8.8975 latency_ms=78.2757
[2026-08-18T18:10:48] SAMPLE t=72s phase=Loss_spike adaptation=without_ML throughput_gbps=7.7184 latency_ms=78.1808
[2026-08-18T18:10:49] SAMPLE t=73s phase=Loss_spike adaptation=without_ML throughput_gbps=4.6215 latency_ms=75.6471
[2026-08-18T18:10:50] SAMPLE t=74s phase=Loss_spike adaptation=without_ML throughput_gbps=3.9043 latency_ms=77.8943
[2026-08-18T18:10:51] SAMPLE t=75s phase=Loss_spike adaptation=without_ML throughput_gbps=6.4039 latency_ms=69.3897
[2026-08-18T18:10:52] SAMPLE t=76s phase=Loss_spike adaptation=without_ML throughput_gbps=8.5421 latency_ms=79.118
[2026-08-18T18:10:53] SAMPLE t=77s phase=Loss_spike adaptation=without_ML throughput_gbps=7.8223 latency_ms=74.3937
[2026-08-18T18:10:54] SAMPLE t=78s phase=Loss_spike adaptation=without_ML throughput_gbps=4.7041 latency_ms=76.7205
[2026-08-18T18:10:55] SAMPLE t=79s phase=Loss_spike adaptation=without_ML throughput_gbps=4.0839 latency_ms=79.8446
[2026-08-18T18:10:56] SAMPLE t=80s phase=Recovery adaptation=without_ML throughput_gbps=8.6629 latency_ms=65.1371
[2026-08-18T18:10:57] SAMPLE t=81s phase=Recovery adaptation=without_ML throughput_gbps=7.9558 latency_ms=64.4039
[2026-08-18T18:10:58] SAMPLE t=82s phase=Recovery adaptation=without_ML throughput_gbps=7.5736 latency_ms=63.0126
[2026-08-18T18:10:59] SAMPLE t=83s phase=Recovery adaptation=without_ML throughput_gbps=8.0039 latency_ms=65.551
[2026-08-18T18:11:00] SAMPLE t=84s phase=Recovery adaptation=without_ML throughput_gbps=8.0506 latency_ms=64.1709
[2026-08-18T18:11:01] SAMPLE t=85s phase=Recovery adaptation=without_ML throughput_gbps=8.2371 latency_ms=66.3635
[2026-08-18T18:11:02] SAMPLE t=86s phase=Recovery adaptation=without_ML throughput_gbps=7.9539 latency_ms=65.5473
[2026-08-18T18:11:03] SAMPLE t=87s phase=Recovery adaptation=without_ML throughput_gbps=7.7143 latency_ms=66.2923
[2026-08-18T18:11:04] SAMPLE t=88s phase=Recovery adaptation=without_ML throughput_gbps=7.8106 latency_ms=66.4406
[2026-08-18T18:11:05] SAMPLE t=89s phase=Recovery adaptation=without_ML throughput_gbps=8.1233 latency_ms=67.0489
[2026-08-18T18:11:06] SAMPLE t=90s phase=Recovery adaptation=without_ML throughput_gbps=8.0303 latency_ms=66.6521
[2026-08-18T18:11:07] SAMPLE t=91s phase=Recovery adaptation=without_ML throughput_gbps=7.9373 latency_ms=67.053
[2026-08-18T18:11:08] SAMPLE t=92s phase=Recovery adaptation=without_ML throughput_gbps=7.9328 latency_ms=64.0923
[2026-08-18T18:11:09] SAMPLE t=93s phase=Recovery adaptation=without_ML throughput_gbps=7.9135 latency_ms=66.4009
[2026-08-18T18:11:10] SAMPLE t=94s phase=Recovery adaptation=without_ML throughput_gbps=7.2573 latency_ms=67.9228
[2026-08-18T18:11:11] SAMPLE t=95s phase=Recovery adaptation=without_ML throughput_gbps=7.8287 latency_ms=64.0564
[2026-08-18T18:11:12] SAMPLE t=96s phase=Recovery adaptation=without_ML throughput_gbps=8.0882 latency_ms=66.7274
[2026-08-18T18:11:13] SAMPLE t=97s phase=Recovery adaptation=without_ML throughput_gbps=7.8759 latency_ms=64.4271
[2026-08-18T18:11:14] SAMPLE t=98s phase=Recovery adaptation=without_ML throughput_gbps=7.9088 latency_ms=67.32
[2026-08-18T18:11:15] SAMPLE t=99s phase=Recovery adaptation=without_ML throughput_gbps=8.0062 latency_ms=65.3933
[2026-08-18T18:09:36] TRACE_END run_id=149 status=OK
[2026-08-18T18:28:25] TRACE_START run_id=150
[2026-08-18T18:28:25] SAMPLE t=0s phase=Stable adaptation=with_ML throughput_gbps=7.9106 latency_ms=67.0634
[2026-08-18T18:28:26] SAMPLE t=1s phase=Stable adaptation=with_ML throughput_gbps=8.2987 latency_ms=66.6148
[2026-08-18T18:28:27] SAMPLE t=2s phase=Stable adaptation=with_ML throughput_gbps=7.6758 latency_ms=64.7843
[2026-08-18T18:28:28] SAMPLE t=3s phase=Stable adaptation=with_ML throughput_gbps=8.1323 latency_ms=65.7725
[2026-08-18T18:28:29] SAMPLE t=4s phase=Stable adaptation=with_ML throughput_gbps=8.0634 latency_ms=68.6496
[2026-08-18T18:28:30] SAMPLE t=5s phase=Stable adaptation=with_ML throughput_gbps=8.0897 latency_ms=67.6951
[2026-08-18T18:28:31] SAMPLE t=6s phase=Stable adaptation=with_ML throughput_gbps=8.616 latency_ms=64.4576
[2026-08-18T18:28:32] SAMPLE t=7s phase=Stable adaptation=with_ML throughput_gbps=8.3815 latency_ms=66.6442
[2026-08-18T18:28:33] SAMPLE t=8s phase=Stable adaptation=with_ML throughput_gbps=8.1665 latency_ms=64.5861
[2026-08-18T18:28:34] SAMPLE t=9s phase=Stable adaptation=with_ML throughput_gbps=8.0327 latency_ms=66.0885
[2026-08-18T18:28:35] SAMPLE t=10s phase=Stable adaptation=with_ML throughput_gbps=7.8846 latency_ms=68.8851
[2026-08-18T18:28:36] SAMPLE t=11s phase=Stable adaptation=with_ML throughput_gbps=7.7942 latency_ms=64.9444
[2026-08-18T18:28:37] SAMPLE t=12s phase=Stable adaptation=with_ML throughput_gbps=8.16 latency_ms=67.5237
[2026-08-18T18:28:38] SAMPLE t=13s phase=Stable adaptation=with_ML throughput_gbps=8.3099 latency_ms=65.1082
[2026-08-18T18:28:39] SAMPLE t=14s phase=Stable adaptation=with_ML throughput_gbps=8.3539 latency_ms=68.0611
[2026-08-18T18:28:40] SAMPLE t=15s phase=Stable adaptation=with_ML throughput_gbps=8.1792 latency_ms=67.4369
[2026-08-18T18:28:41] SAMPLE t=16s phase=Stable adaptation=with_ML throughput_gbps=7.6428 latency_ms=66.3076
[2026-08-18T18:28:42] SAMPLE t=17s phase=Stable adaptation=with_ML throughput_gbps=8.8206 latency_ms=66.7401
[2026-08-18T18:28:43] SAMPLE t=18s phase=Stable adaptation=with_ML throughput_gbps=7.9089 latency_ms=67.9471
[2026-08-18T18:28:44] SAMPLE t=19s phase=Stable adaptation=with_ML throughput_gbps=8.179 latency_ms=64.783
[2026-08-18T18:28:45] SAMPLE t=20s phase=Congestion adaptation=with_ML throughput_gbps=8.0529 latency_ms=66.7495
[2026-08-18T18:28:46] SAMPLE t=21s phase=Congestion adaptation=with_ML throughput_gbps=8.0277 latency_ms=65.6698
[2026-08-18T18:28:47] SAMPLE t=22s phase=Congestion adaptation=with_ML throughput_gbps=8.0584 latency_ms=64.7841
[2026-08-18T18:28:48] SAMPLE t=23s phase=Congestion adaptation=with_ML throughput_gbps=8.4206 latency_ms=64.9135
[2026-08-18T18:28:49] SAMPLE t=24s phase=Congestion adaptation=with_ML throughput_gbps=8.0621 latency_ms=66.8266
[2026-08-18T18:28:50] SAMPLE t=25s phase=Congestion adaptation=with_ML throughput_gbps=7.8762 latency_ms=67.0019
[2026-08-18T18:28:51] SAMPLE t=26s phase=Congestion adaptation=with_ML throughput_gbps=8.0222 latency_ms=67.7796
[2026-08-18T18:28:52] SAMPLE t=27s phase=Congestion adaptation=with_ML throughput_gbps=7.5959 latency_ms=67.005
[2026-08-18T18:28:53] SAMPLE t=28s phase=Congestion adaptation=with_ML throughput_gbps=8.1042 latency_ms=65.0517
[2026-08-18T18:28:54] SAMPLE t=29s phase=Congestion adaptation=with_ML throughput_gbps=8.0433 latency_ms=64.9584
[2026-08-18T18:28:55] SAMPLE t=30s phase=Congestion adaptation=with_ML throughput_gbps=7.912 latency_ms=68.3572
[2026-08-18T18:28:56] SAMPLE t=31s phase=Congestion adaptation=with_ML throughput_gbps=7.7175 latency_ms=66.0503
[2026-08-18T18:28:57] SAMPLE t=32s phase=Congestion adaptation=with_ML throughput_gbps=8.3391 latency_ms=66.1813
[2026-08-18T18:28:58] SAMPLE t=33s phase=Congestion adaptation=with_ML throughput_gbps=8.1703 latency_ms=65.5304
[2026-08-18T18:28:59] SAMPLE t=34s phase=Congestion adaptation=with_ML throughput_gbps=8.2792 latency_ms=66.3968
[2026-08-18T18:29:00] SAMPLE t=35s phase=Congestion adaptation=with_ML throughput_gbps=8.0178 latency_ms=66.89
[2026-08-18T18:29:01] SAMPLE t=36s phase=Congestion adaptation=with_ML throughput_gbps=7.9215 latency_ms=66.8455
[2026-08-18T18:29:02] SAMPLE t=37s phase=Congestion adaptation=with_ML throughput_gbps=8.3081 latency_ms=67.9291
[2026-08-18T18:29:03] SAMPLE t=38s phase=Congestion adaptation=with_ML throughput_gbps=8.1998 latency_ms=67.0098
[2026-08-18T18:29:04] SAMPLE t=39s phase=Congestion adaptation=with_ML throughput_gbps=7.9307 latency_ms=67.2085
[2026-08-18T18:29:05] SAMPLE t=40s phase=Path_change adaptation=with_ML throughput_gbps=8.0731 latency_ms=64.432
[2026-08-18T18:29:06] SAMPLE t=41s phase=Path_change adaptation=with_ML throughput_gbps=8.1937 latency_ms=66.3934
[2026-08-18T18:29:07] SAMPLE t=42s phase=Path_change adaptation=with_ML throughput_gbps=7.6769 latency_ms=67.3926
[2026-08-18T18:29:08] SAMPLE t=43s phase=Path_change adaptation=with_ML throughput_gbps=7.5535 latency_ms=64.5274
[2026-08-18T18:29:09] SAMPLE t=44s phase=Path_change adaptation=with_ML throughput_gbps=7.5071 latency_ms=67.9726
[2026-08-18T18:29:10] SAMPLE t=45s phase=Path_change adaptation=with_ML throughput_gbps=7.6735 latency_ms=67.5005
[2026-08-18T18:29:11] SAMPLE t=46s phase=Path_change adaptation=with_ML throughput_gbps=7.1787 latency_ms=69.3799
[2026-08-18T18:29:12] SAMPLE t=47s phase=Path_change adaptation=with_ML throughput_gbps=7.1735 latency_ms=68.2633
[2026-08-18T18:29:13] SAMPLE t=48s phase=Path_change adaptation=with_ML throughput_gbps=7.0792 latency_ms=67.1619
[2026-08-18T18:29:14] SAMPLE t=49s phase=Path_change adaptation=with_ML throughput_gbps=7.0022 latency_ms=69.7881
[2026-08-18T18:29:15] SAMPLE t=50s phase=Path_change adaptation=with_ML throughput_gbps=7.1936 latency_ms=70.2045
[2026-08-18T18:29:16] SAMPLE t=51s phase=Path_change adaptation=with_ML throughput_gbps=7.0065 latency_ms=68.5268
[2026-08-18T18:29:17] SAMPLE t=52s phase=Path_change adaptation=with_ML throughput_gbps=6.972 latency_ms=67.9871
[2026-08-18T18:29:18] SAMPLE t=53s phase=Path_change adaptation=with_ML throughput_gbps=7.4565 latency_ms=68.4551
[2026-08-18T18:29:19] SAMPLE t=54s phase=Path_change adaptation=with_ML throughput_gbps=7.5128 latency_ms=68.9473
[2026-08-18T18:29:20] SAMPLE t=55s phase=Path_change adaptation=with_ML throughput_gbps=7.3188 latency_ms=67.2348
[2026-08-18T18:29:21] SAMPLE t=56s phase=Path_change adaptation=with_ML throughput_gbps=7.4907 latency_ms=67.0653
[2026-08-18T18:29:22] SAMPLE t=57s phase=Path_change adaptation=with_ML throughput_gbps=7.4124 latency_ms=68.2647
[2026-08-18T18:29:23] SAMPLE t=58s phase=Path_change adaptation=with_ML throughput_gbps=7.6022 latency_ms=69.4484
[2026-08-18T18:29:24] SAMPLE t=59s phase=Path_change adaptation=with_ML throughput_gbps=7.9902 latency_ms=67.7456
[2026-08-18T18:29:25] SAMPLE t=60s phase=Loss_spike adaptation=with_ML throughput_gbps=7.108 latency_ms=67.306
[2026-08-18T18:29:26] SAMPLE t=61s phase=Loss_spike adaptation=with_ML throughput_gbps=8.7361 latency_ms=74.5751
[2026-08-18T18:29:27] SAMPLE t=62s phase=Loss_spike adaptation=with_ML throughput_gbps=7.7822 latency_ms=69.5965
[2026-08-18T18:29:28] SAMPLE t=63s phase=Loss_spike adaptation=with_ML throughput_gbps=6.6816 latency_ms=71.9069
[2026-08-18T18:29:29] SAMPLE t=64s phase=Loss_spike adaptation=with_ML throughput_gbps=6.1563 latency_ms=72.7038
[2026-08-18T18:29:30] SAMPLE t=65s phase=Loss_spike adaptation=with_ML throughput_gbps=7.5003 latency_ms=69.9495
[2026-08-18T18:29:31] SAMPLE t=66s phase=Loss_spike adaptation=with_ML throughput_gbps=8.7699 latency_ms=69.8176
[2026-08-18T18:29:32] SAMPLE t=67s phase=Loss_spike adaptation=with_ML throughput_gbps=8.1331 latency_ms=70.291
[2026-08-18T18:29:33] SAMPLE t=68s phase=Loss_spike adaptation=with_ML throughput_gbps=6.7062 latency_ms=69.4263
[2026-08-18T18:29:34] SAMPLE t=69s phase=Loss_spike adaptation=with_ML throughput_gbps=6.0409 latency_ms=67.9222
[2026-08-18T18:29:35] SAMPLE t=70s phase=Loss_spike adaptation=with_ML throughput_gbps=7.1781 latency_ms=69.8565
[2026-08-18T18:29:36] SAMPLE t=71s phase=Loss_spike adaptation=with_ML throughput_gbps=8.1112 latency_ms=70.5756
[2026-08-18T18:29:37] SAMPLE t=72s phase=Loss_spike adaptation=with_ML throughput_gbps=7.8423 latency_ms=69.3591
[2026-08-18T18:29:38] SAMPLE t=73s phase=Loss_spike adaptation=with_ML throughput_gbps=6.5282 latency_ms=69.482
[2026-08-18T18:29:39] SAMPLE t=74s phase=Loss_spike adaptation=with_ML throughput_gbps=6.2267 latency_ms=70.1648
[2026-08-18T18:29:40] SAMPLE t=75s phase=Loss_spike adaptation=with_ML throughput_gbps=7.2703 latency_ms=67.6302
[2026-08-18T18:29:41] SAMPLE t=76s phase=Loss_spike adaptation=with_ML throughput_gbps=8.2422 latency_ms=71.7342
[2026-08-18T18:29:42] SAMPLE t=77s phase=Loss_spike adaptation=with_ML throughput_gbps=7.8675 latency_ms=70.2798
[2026-08-18T18:29:43] SAMPLE t=78s phase=Loss_spike adaptation=with_ML throughput_gbps=6.4221 latency_ms=70.3342
[2026-08-18T18:29:44] SAMPLE t=79s phase=Loss_spike adaptation=with_ML throughput_gbps=6.7214 latency_ms=71.4751
[2026-08-18T18:29:45] SAMPLE t=80s phase=Recovery adaptation=with_ML throughput_gbps=8.3412 latency_ms=66.8576
[2026-08-18T18:29:46] SAMPLE t=81s phase=Recovery adaptation=with_ML throughput_gbps=8.0012 latency_ms=65.0782
[2026-08-18T18:29:47] SAMPLE t=82s phase=Recovery adaptation=with_ML throughput_gbps=8.204 latency_ms=65.3049
[2026-08-18T18:29:48] SAMPLE t=83s phase=Recovery adaptation=with_ML throughput_gbps=8.1146 latency_ms=67.6463
[2026-08-18T18:29:49] SAMPLE t=84s phase=Recovery adaptation=with_ML throughput_gbps=8.5094 latency_ms=67.2805
[2026-08-18T18:29:50] SAMPLE t=85s phase=Recovery adaptation=with_ML throughput_gbps=8.1075 latency_ms=63.3519
[2026-08-18T18:29:51] SAMPLE t=86s phase=Recovery adaptation=with_ML throughput_gbps=8.2895 latency_ms=68.2217
[2026-08-18T18:29:52] SAMPLE t=87s phase=Recovery adaptation=with_ML throughput_gbps=8.0951 latency_ms=66.5113
[2026-08-18T18:29:53] SAMPLE t=88s phase=Recovery adaptation=with_ML throughput_gbps=7.9424 latency_ms=67.2294
[2026-08-18T18:29:54] SAMPLE t=89s phase=Recovery adaptation=with_ML throughput_gbps=8.2325 latency_ms=63.2406
[2026-08-18T18:29:55] SAMPLE t=90s phase=Recovery adaptation=with_ML throughput_gbps=8.2041 latency_ms=64.4505
[2026-08-18T18:29:56] SAMPLE t=91s phase=Recovery adaptation=with_ML throughput_gbps=8.4231 latency_ms=64.4218
[2026-08-18T18:29:57] SAMPLE t=92s phase=Recovery adaptation=with_ML throughput_gbps=8.3402 latency_ms=64.1131
[2026-08-18T18:29:58] SAMPLE t=93s phase=Recovery adaptation=with_ML throughput_gbps=8.2347 latency_ms=65.4888
[2026-08-18T18:29:59] SAMPLE t=94s phase=Recovery adaptation=with_ML throughput_gbps=8.3976 latency_ms=66.4184
[2026-08-18T18:30:00] SAMPLE t=95s phase=Recovery adaptation=with_ML throughput_gbps=8.7575 latency_ms=65.2461
[2026-08-18T18:30:01] SAMPLE t=96s phase=Recovery adaptation=with_ML throughput_gbps=8.1939 latency_ms=64.4159
[2026-08-18T18:30:02] SAMPLE t=97s phase=Recovery adaptation=with_ML throughput_gbps=8.2468 latency_ms=64.021
[2026-08-18T18:30:03] SAMPLE t=98s phase=Recovery adaptation=with_ML throughput_gbps=8.7878 latency_ms=65.3675
[2026-08-18T18:30:04] SAMPLE t=99s phase=Recovery adaptation=with_ML throughput_gbps=8.3804 latency_ms=66.4422
[2026-08-18T18:28:25] SAMPLE t=0s phase=Stable adaptation=without_ML throughput_gbps=7.8987 latency_ms=66.6927
[2026-08-18T18:28:26] SAMPLE t=1s phase=Stable adaptation=without_ML throughput_gbps=8.1149 latency_ms=66.2373
[2026-08-18T18:28:27] SAMPLE t=2s phase=Stable adaptation=without_ML throughput_gbps=7.9936 latency_ms=63.5631
[2026-08-18T18:28:28] SAMPLE t=3s phase=Stable adaptation=without_ML throughput_gbps=7.9275 latency_ms=63.7072
[2026-08-18T18:28:29] SAMPLE t=4s phase=Stable adaptation=without_ML throughput_gbps=8.108 latency_ms=67.1834
[2026-08-18T18:28:30] SAMPLE t=5s phase=Stable adaptation=without_ML throughput_gbps=8.5119 latency_ms=63.7331
[2026-08-18T18:28:31] SAMPLE t=6s phase=Stable adaptation=without_ML throughput_gbps=7.8456 latency_ms=67.8995
[2026-08-18T18:28:32] SAMPLE t=7s phase=Stable adaptation=without_ML throughput_gbps=7.9581 latency_ms=66.4551
[2026-08-18T18:28:33] SAMPLE t=8s phase=Stable adaptation=without_ML throughput_gbps=7.8608 latency_ms=65.4245
[2026-08-18T18:28:34] SAMPLE t=9s phase=Stable adaptation=without_ML throughput_gbps=7.6643 latency_ms=66.1485
[2026-08-18T18:28:35] SAMPLE t=10s phase=Stable adaptation=without_ML throughput_gbps=7.9014 latency_ms=66.5806
[2026-08-18T18:28:36] SAMPLE t=11s phase=Stable adaptation=without_ML throughput_gbps=7.6906 latency_ms=70.1763
[2026-08-18T18:28:37] SAMPLE t=12s phase=Stable adaptation=without_ML throughput_gbps=8.2328 latency_ms=66.2605
[2026-08-18T18:28:38] SAMPLE t=13s phase=Stable adaptation=without_ML throughput_gbps=8.1129 latency_ms=64.4703
[2026-08-18T18:28:39] SAMPLE t=14s phase=Stable adaptation=without_ML throughput_gbps=8.0753 latency_ms=64.6928
[2026-08-18T18:28:40] SAMPLE t=15s phase=Stable adaptation=without_ML throughput_gbps=8.041 latency_ms=63.9607
[2026-08-18T18:28:41] SAMPLE t=16s phase=Stable adaptation=without_ML throughput_gbps=7.8813 latency_ms=66.5208
[2026-08-18T18:28:42] SAMPLE t=17s phase=Stable adaptation=without_ML throughput_gbps=8.2373 latency_ms=65.2297
[2026-08-18T18:28:43] SAMPLE t=18s phase=Stable adaptation=without_ML throughput_gbps=8.046 latency_ms=65.0671
[2026-08-18T18:28:44] SAMPLE t=19s phase=Stable adaptation=without_ML throughput_gbps=8.0402 latency_ms=66.373
[2026-08-18T18:28:45] SAMPLE t=20s phase=Congestion adaptation=without_ML throughput_gbps=7.7633 latency_ms=65.7167
[2026-08-18T18:28:46] SAMPLE t=21s phase=Congestion adaptation=without_ML throughput_gbps=7.7365 latency_ms=66.7938
[2026-08-18T18:28:47] SAMPLE t=22s phase=Congestion adaptation=without_ML throughput_gbps=7.7209 latency_ms=65.1604
[2026-08-18T18:28:48] SAMPLE t=23s phase=Congestion adaptation=without_ML throughput_gbps=8.0796 latency_ms=67.6901
[2026-08-18T18:28:49] SAMPLE t=24s phase=Congestion adaptation=without_ML throughput_gbps=7.7445 latency_ms=65.1352
[2026-08-18T18:28:50] SAMPLE t=25s phase=Congestion adaptation=without_ML throughput_gbps=8.0304 latency_ms=66.1648
[2026-08-18T18:28:51] SAMPLE t=26s phase=Congestion adaptation=without_ML throughput_gbps=7.9266 latency_ms=67.3439
[2026-08-18T18:28:52] SAMPLE t=27s phase=Congestion adaptation=without_ML throughput_gbps=7.7925 latency_ms=67.864
[2026-08-18T18:28:53] SAMPLE t=28s phase=Congestion adaptation=without_ML throughput_gbps=8.2817 latency_ms=68.7781
[2026-08-18T18:28:54] SAMPLE t=29s phase=Congestion adaptation=without_ML throughput_gbps=7.5969 latency_ms=68.7421
[2026-08-18T18:28:55] SAMPLE t=30s phase=Congestion adaptation=without_ML throughput_gbps=7.8499 latency_ms=67.0987
[2026-08-18T18:28:56] SAMPLE t=31s phase=Congestion adaptation=without_ML throughput_gbps=8.1031 latency_ms=64.8379
[2026-08-18T18:28:57] SAMPLE t=32s phase=Congestion adaptation=without_ML throughput_gbps=7.9432 latency_ms=69.3234
[2026-08-18T18:28:58] SAMPLE t=33s phase=Congestion adaptation=without_ML throughput_gbps=8.5223 latency_ms=65.0203
[2026-08-18T18:28:59] SAMPLE t=34s phase=Congestion adaptation=without_ML throughput_gbps=8.0175 latency_ms=64.3184
[2026-08-18T18:29:00] SAMPLE t=35s phase=Congestion adaptation=without_ML throughput_gbps=8.0364 latency_ms=65.9861
[2026-08-18T18:29:01] SAMPLE t=36s phase=Congestion adaptation=without_ML throughput_gbps=7.9923 latency_ms=65.7609
[2026-08-18T18:29:02] SAMPLE t=37s phase=Congestion adaptation=without_ML throughput_gbps=7.8562 latency_ms=67.7452
[2026-08-18T18:29:03] SAMPLE t=38s phase=Congestion adaptation=without_ML throughput_gbps=7.9889 latency_ms=66.9534
[2026-08-18T18:29:04] SAMPLE t=39s phase=Congestion adaptation=without_ML throughput_gbps=7.7108 latency_ms=64.4819
[2026-08-18T18:29:05] SAMPLE t=40s phase=Path_change adaptation=without_ML throughput_gbps=8.1162 latency_ms=67.3263
[2026-08-18T18:29:06] SAMPLE t=41s phase=Path_change adaptation=without_ML throughput_gbps=7.8598 latency_ms=66.1195
[2026-08-18T18:29:07] SAMPLE t=42s phase=Path_change adaptation=without_ML throughput_gbps=7.3327 latency_ms=68.2975
[2026-08-18T18:29:08] SAMPLE t=43s phase=Path_change adaptation=without_ML throughput_gbps=6.9137 latency_ms=68.7805
[2026-08-18T18:29:09] SAMPLE t=44s phase=Path_change adaptation=without_ML throughput_gbps=6.7323 latency_ms=68.6402
[2026-08-18T18:29:10] SAMPLE t=45s phase=Path_change adaptation=without_ML throughput_gbps=6.2696 latency_ms=71.8522
[2026-08-18T18:29:11] SAMPLE t=46s phase=Path_change adaptation=without_ML throughput_gbps=6.0012 latency_ms=70.0951
[2026-08-18T18:29:12] SAMPLE t=47s phase=Path_change adaptation=without_ML throughput_gbps=5.8507 latency_ms=71.0656
[2026-08-18T18:29:13] SAMPLE t=48s phase=Path_change adaptation=without_ML throughput_gbps=5.8485 latency_ms=71.7689
[2026-08-18T18:29:14] SAMPLE t=49s phase=Path_change adaptation=without_ML throughput_gbps=5.5793 latency_ms=74.3018
[2026-08-18T18:29:15] SAMPLE t=50s phase=Path_change adaptation=without_ML throughput_gbps=5.7785 latency_ms=72.6997
[2026-08-18T18:29:16] SAMPLE t=51s phase=Path_change adaptation=without_ML throughput_gbps=6.2337 latency_ms=75.1988
[2026-08-18T18:29:17] SAMPLE t=52s phase=Path_change adaptation=without_ML throughput_gbps=5.7376 latency_ms=69.5018
[2026-08-18T18:29:18] SAMPLE t=53s phase=Path_change adaptation=without_ML throughput_gbps=5.9217 latency_ms=70.7978
[2026-08-18T18:29:19] SAMPLE t=54s phase=Path_change adaptation=without_ML throughput_gbps=6.1046 latency_ms=71.4051
[2026-08-18T18:29:20] SAMPLE t=55s phase=Path_change adaptation=without_ML throughput_gbps=6.6411 latency_ms=74.9394
[2026-08-18T18:29:21] SAMPLE t=56s phase=Path_change adaptation=without_ML throughput_gbps=6.6659 latency_ms=72.8206
[2026-08-18T18:29:22] SAMPLE t=57s phase=Path_change adaptation=without_ML throughput_gbps=6.4887 latency_ms=70.5258
[2026-08-18T18:29:23] SAMPLE t=58s phase=Path_change adaptation=without_ML throughput_gbps=7.7407 latency_ms=68.7903
[2026-08-18T18:29:24] SAMPLE t=59s phase=Path_change adaptation=without_ML throughput_gbps=7.6158 latency_ms=66.539
[2026-08-18T18:29:25] SAMPLE t=60s phase=Loss_spike adaptation=without_ML throughput_gbps=5.7319 latency_ms=67.7528
[2026-08-18T18:29:26] SAMPLE t=61s phase=Loss_spike adaptation=without_ML throughput_gbps=7.9632 latency_ms=79.745
[2026-08-18T18:29:27] SAMPLE t=62s phase=Loss_spike adaptation=without_ML throughput_gbps=7.8184 latency_ms=75.4389
[2026-08-18T18:29:28] SAMPLE t=63s phase=Loss_spike adaptation=without_ML throughput_gbps=4.882 latency_ms=73.3438
[2026-08-18T18:29:29] SAMPLE t=64s phase=Loss_spike adaptation=without_ML throughput_gbps=3.9218 latency_ms=79.7062
[2026-08-18T18:29:30] SAMPLE t=65s phase=Loss_spike adaptation=without_ML throughput_gbps=6.0084 latency_ms=69.6688
[2026-08-18T18:29:31] SAMPLE t=66s phase=Loss_spike adaptation=without_ML throughput_gbps=8.3257 latency_ms=79.9719
[2026-08-18T18:29:32] SAMPLE t=67s phase=Loss_spike adaptation=without_ML throughput_gbps=7.6398 latency_ms=78.2016
[2026-08-18T18:29:33] SAMPLE t=68s phase=Loss_spike adaptation=without_ML throughput_gbps=4.7237 latency_ms=74.5556
[2026-08-18T18:29:34] SAMPLE t=69s phase=Loss_spike adaptation=without_ML throughput_gbps=3.9931 latency_ms=77.4379
[2026-08-18T18:29:35] SAMPLE t=70s phase=Loss_spike adaptation=without_ML throughput_gbps=6.078 latency_ms=70.8708
[2026-08-18T18:29:36] SAMPLE t=71s phase=Loss_spike adaptation=without_ML throughput_gbps=8.3341 latency_ms=77.514
[2026-08-18T18:29:37] SAMPLE t=72s phase=Loss_spike adaptation=without_ML throughput_gbps=7.6943 latency_ms=75.3659
[2026-08-18T18:29:38] SAMPLE t=73s phase=Loss_spike adaptation=without_ML throughput_gbps=4.7435 latency_ms=75.4038
[2026-08-18T18:29:39] SAMPLE t=74s phase=Loss_spike adaptation=without_ML throughput_gbps=4.1774 latency_ms=82.9129
[2026-08-18T18:29:40] SAMPLE t=75s phase=Loss_spike adaptation=without_ML throughput_gbps=6.0059 latency_ms=71.0709
[2026-08-18T18:29:41] SAMPLE t=76s phase=Loss_spike adaptation=without_ML throughput_gbps=8.3754 latency_ms=78.0642
[2026-08-18T18:29:42] SAMPLE t=77s phase=Loss_spike adaptation=without_ML throughput_gbps=8.0735 latency_ms=76.7565
[2026-08-18T18:29:43] SAMPLE t=78s phase=Loss_spike adaptation=without_ML throughput_gbps=4.7089 latency_ms=76.3065
[2026-08-18T18:29:44] SAMPLE t=79s phase=Loss_spike adaptation=without_ML throughput_gbps=4.1067 latency_ms=79.7591
[2026-08-18T18:29:45] SAMPLE t=80s phase=Recovery adaptation=without_ML throughput_gbps=7.8724 latency_ms=67.2243
[2026-08-18T18:29:46] SAMPLE t=81s phase=Recovery adaptation=without_ML throughput_gbps=8.498 latency_ms=67.6839
[2026-08-18T18:29:47] SAMPLE t=82s phase=Recovery adaptation=without_ML throughput_gbps=7.8472 latency_ms=66.353
[2026-08-18T18:29:48] SAMPLE t=83s phase=Recovery adaptation=without_ML throughput_gbps=7.5828 latency_ms=64.1437
[2026-08-18T18:29:49] SAMPLE t=84s phase=Recovery adaptation=without_ML throughput_gbps=7.777 latency_ms=64.3692
[2026-08-18T18:29:50] SAMPLE t=85s phase=Recovery adaptation=without_ML throughput_gbps=8.4608 latency_ms=65.1838
[2026-08-18T18:29:51] SAMPLE t=86s phase=Recovery adaptation=without_ML throughput_gbps=7.9329 latency_ms=65.5449
[2026-08-18T18:29:52] SAMPLE t=87s phase=Recovery adaptation=without_ML throughput_gbps=8.2779 latency_ms=64.6404
[2026-08-18T18:29:53] SAMPLE t=88s phase=Recovery adaptation=without_ML throughput_gbps=7.9595 latency_ms=66.4886
[2026-08-18T18:29:54] SAMPLE t=89s phase=Recovery adaptation=without_ML throughput_gbps=7.9995 latency_ms=67.5071
[2026-08-18T18:29:55] SAMPLE t=90s phase=Recovery adaptation=without_ML throughput_gbps=8.2092 latency_ms=65.6163
[2026-08-18T18:29:56] SAMPLE t=91s phase=Recovery adaptation=without_ML throughput_gbps=7.8279 latency_ms=68.047
[2026-08-18T18:29:57] SAMPLE t=92s phase=Recovery adaptation=without_ML throughput_gbps=7.8501 latency_ms=64.9432
[2026-08-18T18:29:58] SAMPLE t=93s phase=Recovery adaptation=without_ML throughput_gbps=8.3865 latency_ms=65.793
[2026-08-18T18:29:59] SAMPLE t=94s phase=Recovery adaptation=without_ML throughput_gbps=7.5116 latency_ms=65.151
[2026-08-18T18:30:00] SAMPLE t=95s phase=Recovery adaptation=without_ML throughput_gbps=8.24 latency_ms=66.1979
[2026-08-18T18:30:01] SAMPLE t=96s phase=Recovery adaptation=without_ML throughput_gbps=8.0279 latency_ms=66.1732
[2026-08-18T18:30:02] SAMPLE t=97s phase=Recovery adaptation=without_ML throughput_gbps=8.3868 latency_ms=67.2701
[2026-08-18T18:30:03] SAMPLE t=98s phase=Recovery adaptation=without_ML throughput_gbps=7.8136 latency_ms=64.7776
[2026-08-18T18:30:04] SAMPLE t=99s phase=Recovery adaptation=without_ML throughput_gbps=8.0915 latency_ms=66.6801
[2026-08-18T18:28:25] TRACE_END run_id=150 status=OK
