[2026-08-12T05:12:17] TRACE_START run_id=81
[2026-08-12T05:12:17] SAMPLE t=0s phase=Stable adaptation=with_ML throughput_gbps=8.2536 latency_ms=68.4223
[2026-08-12T05:12:18] SAMPLE t=1s phase=Stable adaptation=with_ML throughput_gbps=7.9111 latency_ms=65.9967
[2026-08-12T05:12:19] SAMPLE t=2s phase=Stable adaptation=with_ML throughput_gbps=8.1366 latency_ms=68.3617
[2026-08-12T05:12:20] SAMPLE t=3s phase=Stable adaptation=with_ML throughput_gbps=8.0536 latency_ms=64.7407
[2026-08-12T05:12:21] SAMPLE t=4s phase=Stable adaptation=with_ML throughput_gbps=7.8285 latency_ms=65.8556
[2026-08-12T05:12:22] SAMPLE t=5s phase=Stable adaptation=with_ML throughput_gbps=8.1048 latency_ms=68.7106
[2026-08-12T05:12:23] SAMPLE t=6s phase=Stable adaptation=with_ML throughput_gbps=8.4891 latency_ms=65.9988
[2026-08-12T05:12:24] SAMPLE t=7s phase=Stable adaptation=with_ML throughput_gbps=8.1638 latency_ms=67.3859
[2026-08-12T05:12:25] SAMPLE t=8s phase=Stable adaptation=with_ML throughput_gbps=8.0115 latency_ms=65.681
[2026-08-12T05:12:26] SAMPLE t=9s phase=Stable adaptation=with_ML throughput_gbps=8.0438 latency_ms=68.4861
[2026-08-12T05:12:27] SAMPLE t=10s phase=Stable adaptation=with_ML throughput_gbps=8.0114 latency_ms=67.4421
[2026-08-12T05:12:28] SAMPLE t=11s phase=Stable adaptation=with_ML throughput_gbps=7.6966 latency_ms=66.642
[2026-08-12T05:12:29] SAMPLE t=12s phase=Stable adaptation=with_ML throughput_gbps=8.0333 latency_ms=65.9316
[2026-08-12T05:12:30] SAMPLE t=13s phase=Stable adaptation=with_ML throughput_gbps=8.2215 latency_ms=68.0011
[2026-08-12T05:12:31] SAMPLE t=14s phase=Stable adaptation=with_ML throughput_gbps=7.9426 latency_ms=68.5013
[2026-08-12T05:12:32] SAMPLE t=15s phase=Stable adaptation=with_ML throughput_gbps=8.1345 latency_ms=64.4346
[2026-08-12T05:12:33] SAMPLE t=16s phase=Stable adaptation=with_ML throughput_gbps=8.2588 latency_ms=68.229
[2026-08-12T05:12:34] SAMPLE t=17s phase=Stable adaptation=with_ML throughput_gbps=8.2535 latency_ms=67.8264
[2026-08-12T05:12:35] SAMPLE t=18s phase=Stable adaptation=with_ML throughput_gbps=8.5096 latency_ms=66.9105
[2026-08-12T05:12:36] SAMPLE t=19s phase=Stable adaptation=with_ML throughput_gbps=8.1928 latency_ms=65.2173
[2026-08-12T05:12:37] SAMPLE t=20s phase=Congestion adaptation=with_ML throughput_gbps=8.141 latency_ms=65.9482
[2026-08-12T05:12:38] SAMPLE t=21s phase=Congestion adaptation=with_ML throughput_gbps=8.1768 latency_ms=65.833
[2026-08-12T05:12:39] SAMPLE t=22s phase=Congestion adaptation=with_ML throughput_gbps=7.8478 latency_ms=66.1044
[2026-08-12T05:12:40] SAMPLE t=23s phase=Congestion adaptation=with_ML throughput_gbps=8.5139 latency_ms=65.8256
[2026-08-12T05:12:41] SAMPLE t=24s phase=Congestion adaptation=with_ML throughput_gbps=8.2335 latency_ms=68.242
[2026-08-12T05:12:42] SAMPLE t=25s phase=Congestion adaptation=with_ML throughput_gbps=8.2342 latency_ms=67.2258
[2026-08-12T05:12:43] SAMPLE t=26s phase=Congestion adaptation=with_ML throughput_gbps=7.9888 latency_ms=64.7898
[2026-08-12T05:12:44] SAMPLE t=27s phase=Congestion adaptation=with_ML throughput_gbps=7.7691 latency_ms=65.9259
[2026-08-12T05:12:45] SAMPLE t=28s phase=Congestion adaptation=with_ML throughput_gbps=7.9308 latency_ms=64.6062
[2026-08-12T05:12:46] SAMPLE t=29s phase=Congestion adaptation=with_ML throughput_gbps=8.0151 latency_ms=66.1556
[2026-08-12T05:12:47] SAMPLE t=30s phase=Congestion adaptation=with_ML throughput_gbps=7.7624 latency_ms=67.0448
[2026-08-12T05:12:48] SAMPLE t=31s phase=Congestion adaptation=with_ML throughput_gbps=8.1781 latency_ms=64.5071
[2026-08-12T05:12:49] SAMPLE t=32s phase=Congestion adaptation=with_ML throughput_gbps=8.1657 latency_ms=65.5624
[2026-08-12T05:12:50] SAMPLE t=33s phase=Congestion adaptation=with_ML throughput_gbps=7.8902 latency_ms=67.904
[2026-08-12T05:12:51] SAMPLE t=34s phase=Congestion adaptation=with_ML throughput_gbps=8.0404 latency_ms=65.5734
[2026-08-12T05:12:52] SAMPLE t=35s phase=Congestion adaptation=with_ML throughput_gbps=8.1407 latency_ms=69.3178
[2026-08-12T05:12:53] SAMPLE t=36s phase=Congestion adaptation=with_ML throughput_gbps=8.2938 latency_ms=65.5434
[2026-08-12T05:12:54] SAMPLE t=37s phase=Congestion adaptation=with_ML throughput_gbps=8.3705 latency_ms=65.8477
[2026-08-12T05:12:55] SAMPLE t=38s phase=Congestion adaptation=with_ML throughput_gbps=8.1618 latency_ms=65.6684
[2026-08-12T05:12:56] SAMPLE t=39s phase=Congestion adaptation=with_ML throughput_gbps=7.8998 latency_ms=65.5225
[2026-08-12T05:12:57] SAMPLE t=40s phase=Path_change adaptation=with_ML throughput_gbps=7.9515 latency_ms=68.1045
[2026-08-12T05:12:58] SAMPLE t=41s phase=Path_change adaptation=with_ML throughput_gbps=8.0468 latency_ms=65.7241
[2026-08-12T05:12:59] SAMPLE t=42s phase=Path_change adaptation=with_ML throughput_gbps=8.0483 latency_ms=67.1791
[2026-08-12T05:13:00] SAMPLE t=43s phase=Path_change adaptation=with_ML throughput_gbps=7.7319 latency_ms=65.1451
[2026-08-12T05:13:01] SAMPLE t=44s phase=Path_change adaptation=with_ML throughput_gbps=7.3955 latency_ms=68.1058
[2026-08-12T05:13:02] SAMPLE t=45s phase=Path_change adaptation=with_ML throughput_gbps=7.4979 latency_ms=69.4136
[2026-08-12T05:13:03] SAMPLE t=46s phase=Path_change adaptation=with_ML throughput_gbps=7.2848 latency_ms=67.8738
[2026-08-12T05:13:04] SAMPLE t=47s phase=Path_change adaptation=with_ML throughput_gbps=7.1826 latency_ms=67.5989
[2026-08-12T05:13:05] SAMPLE t=48s phase=Path_change adaptation=with_ML throughput_gbps=7.2248 latency_ms=68.8506
[2026-08-12T05:13:06] SAMPLE t=49s phase=Path_change adaptation=with_ML throughput_gbps=6.938 latency_ms=69.54
[2026-08-12T05:13:07] SAMPLE t=50s phase=Path_change adaptation=with_ML throughput_gbps=6.8987 latency_ms=67.1094
[2026-08-12T05:13:08] SAMPLE t=51s phase=Path_change adaptation=with_ML throughput_gbps=7.2621 latency_ms=69.3776
[2026-08-12T05:13:09] SAMPLE t=52s phase=Path_change adaptation=with_ML throughput_gbps=7.164 latency_ms=65.8914
[2026-08-12T05:13:10] SAMPLE t=53s phase=Path_change adaptation=with_ML throughput_gbps=7.042 latency_ms=65.4775
[2026-08-12T05:13:11] SAMPLE t=54s phase=Path_change adaptation=with_ML throughput_gbps=6.8934 latency_ms=66.5849
[2026-08-12T05:13:12] SAMPLE t=55s phase=Path_change adaptation=with_ML throughput_gbps=7.2407 latency_ms=67.5468
[2026-08-12T05:13:13] SAMPLE t=56s phase=Path_change adaptation=with_ML throughput_gbps=7.4578 latency_ms=67.7174
[2026-08-12T05:13:14] SAMPLE t=57s phase=Path_change adaptation=with_ML throughput_gbps=7.8285 latency_ms=67.6778
[2026-08-12T05:13:15] SAMPLE t=58s phase=Path_change adaptation=with_ML throughput_gbps=8.2275 latency_ms=66.3347
[2026-08-12T05:13:16] SAMPLE t=59s phase=Path_change adaptation=with_ML throughput_gbps=8.0261 latency_ms=68.6745
[2026-08-12T05:13:17] SAMPLE t=60s phase=Loss_spike adaptation=with_ML throughput_gbps=7.2917 latency_ms=67.6657
[2026-08-12T05:13:18] SAMPLE t=61s phase=Loss_spike adaptation=with_ML throughput_gbps=8.3988 latency_ms=68.6616
[2026-08-12T05:13:19] SAMPLE t=62s phase=Loss_spike adaptation=with_ML throughput_gbps=8.19 latency_ms=71.5084
[2026-08-12T05:13:20] SAMPLE t=63s phase=Loss_spike adaptation=with_ML throughput_gbps=6.785 latency_ms=67.72
[2026-08-12T05:13:21] SAMPLE t=64s phase=Loss_spike adaptation=with_ML throughput_gbps=5.9049 latency_ms=71.1464
[2026-08-12T05:13:22] SAMPLE t=65s phase=Loss_spike adaptation=with_ML throughput_gbps=7.6721 latency_ms=67.8416
[2026-08-12T05:13:23] SAMPLE t=66s phase=Loss_spike adaptation=with_ML throughput_gbps=8.514 latency_ms=73.1725
[2026-08-12T05:13:24] SAMPLE t=67s phase=Loss_spike adaptation=with_ML throughput_gbps=8.3029 latency_ms=67.2515
[2026-08-12T05:13:25] SAMPLE t=68s phase=Loss_spike adaptation=with_ML throughput_gbps=6.9024 latency_ms=67.1742
[2026-08-12T05:13:26] SAMPLE t=69s phase=Loss_spike adaptation=with_ML throughput_gbps=6.3082 latency_ms=71.4755
[2026-08-12T05:13:27] SAMPLE t=70s phase=Loss_spike adaptation=with_ML throughput_gbps=7.3044 latency_ms=69.0949
[2026-08-12T05:13:28] SAMPLE t=71s phase=Loss_spike adaptation=with_ML throughput_gbps=8.1763 latency_ms=71.7906
[2026-08-12T05:13:29] SAMPLE t=72s phase=Loss_spike adaptation=with_ML throughput_gbps=8.0754 latency_ms=69.2908
[2026-08-12T05:13:30] SAMPLE t=73s phase=Loss_spike adaptation=with_ML throughput_gbps=6.7516 latency_ms=67.9746
[2026-08-12T05:13:31] SAMPLE t=74s phase=Loss_spike adaptation=with_ML throughput_gbps=6.0236 latency_ms=70.446
[2026-08-12T05:13:32] SAMPLE t=75s phase=Loss_spike adaptation=with_ML throughput_gbps=7.5568 latency_ms=68.4821
[2026-08-12T05:13:33] SAMPLE t=76s phase=Loss_spike adaptation=with_ML throughput_gbps=8.1511 latency_ms=70.8669
[2026-08-12T05:13:34] SAMPLE t=77s phase=Loss_spike adaptation=with_ML throughput_gbps=7.7138 latency_ms=69.7862
[2026-08-12T05:13:35] SAMPLE t=78s phase=Loss_spike adaptation=with_ML throughput_gbps=6.6794 latency_ms=69.5598
[2026-08-12T05:13:36] SAMPLE t=79s phase=Loss_spike adaptation=with_ML throughput_gbps=6.5107 latency_ms=72.4371
[2026-08-12T05:13:37] SAMPLE t=80s phase=Recovery adaptation=with_ML throughput_gbps=8.0344 latency_ms=65.409
[2026-08-12T05:13:38] SAMPLE t=81s phase=Recovery adaptation=with_ML throughput_gbps=8.0119 latency_ms=66.5888
[2026-08-12T05:13:39] SAMPLE t=82s phase=Recovery adaptation=with_ML throughput_gbps=8.3074 latency_ms=66.2712
[2026-08-12T05:13:40] SAMPLE t=83s phase=Recovery adaptation=with_ML throughput_gbps=8.0077 latency_ms=65.8561
[2026-08-12T05:13:41] SAMPLE t=84s phase=Recovery adaptation=with_ML throughput_gbps=8.3359 latency_ms=65.8058
[2026-08-12T05:13:42] SAMPLE t=85s phase=Recovery adaptation=with_ML throughput_gbps=8.4842 latency_ms=67.7493
[2026-08-12T05:13:43] SAMPLE t=86s phase=Recovery adaptation=with_ML throughput_gbps=8.2712 latency_ms=65.2746
[2026-08-12T05:13:44] SAMPLE t=87s phase=Recovery adaptation=with_ML throughput_gbps=8.2081 latency_ms=65.4904
[2026-08-12T05:13:45] SAMPLE t=88s phase=Recovery adaptation=with_ML throughput_gbps=8.3235 latency_ms=66.5326
[2026-08-12T05:13:46] SAMPLE t=89s phase=Recovery adaptation=with_ML throughput_gbps=8.4039 latency_ms=64.9411
[2026-08-12T05:13:47] SAMPLE t=90s phase=Recovery adaptation=with_ML throughput_gbps=8.0268 latency_ms=65.7859
[2026-08-12T05:13:48] SAMPLE t=91s phase=Recovery adaptation=with_ML throughput_gbps=8.6256 latency_ms=64.5302
[2026-08-12T05:13:49] SAMPLE t=92s phase=Recovery adaptation=with_ML throughput_gbps=8.2713 latency_ms=65.4201
[2026-08-12T05:13:50] SAMPLE t=93s phase=Recovery adaptation=with_ML throughput_gbps=8.3871 latency_ms=63.9257
[2026-08-12T05:13:51] SAMPLE t=94s phase=Recovery adaptation=with_ML throughput_gbps=8.4941 latency_ms=65.1725
[2026-08-12T05:13:52] SAMPLE t=95s phase=Recovery adaptation=with_ML throughput_gbps=8.4178 latency_ms=64.9378
[2026-08-12T05:13:53] SAMPLE t=96s phase=Recovery adaptation=with_ML throughput_gbps=8.4288 latency_ms=66.9711
[2026-08-12T05:13:54] SAMPLE t=97s phase=Recovery adaptation=with_ML throughput_gbps=8.3492 latency_ms=63.9688
[2026-08-12T05:13:55] SAMPLE t=98s phase=Recovery adaptation=with_ML throughput_gbps=8.6026 latency_ms=65.5066
[2026-08-12T05:13:56] SAMPLE t=99s phase=Recovery adaptation=with_ML throughput_gbps=8.4944 latency_ms=64.866
[2026-08-12T05:12:17] SAMPLE t=0s phase=Stable adaptation=without_ML throughput_gbps=8.0786 latency_ms=65.913
[2026-08-12T05:12:18] SAMPLE t=1s phase=Stable adaptation=without_ML throughput_gbps=7.9582 latency_ms=66.4213
[2026-08-12T05:12:19] SAMPLE t=2s phase=Stable adaptation=without_ML throughput_gbps=8.1742 latency_ms=67.5355
[2026-08-12T05:12:20] SAMPLE t=3s phase=Stable adaptation=without_ML throughput_gbps=8.2505 latency_ms=66.3596
[2026-08-12T05:12:21] SAMPLE t=4s phase=Stable adaptation=without_ML throughput_gbps=7.9567 latency_ms=67.5556
[2026-08-12T05:12:22] SAMPLE t=5s phase=Stable adaptation=without_ML throughput_gbps=7.9991 latency_ms=67.17
[2026-08-12T05:12:23] SAMPLE t=6s phase=Stable adaptation=without_ML throughput_gbps=7.7155 latency_ms=65.9772
[2026-08-12T05:12:24] SAMPLE t=7s phase=Stable adaptation=without_ML throughput_gbps=8.0991 latency_ms=67.237
[2026-08-12T05:12:25] SAMPLE t=8s phase=Stable adaptation=without_ML throughput_gbps=7.5034 latency_ms=67.0149
[2026-08-12T05:12:26] SAMPLE t=9s phase=Stable adaptation=without_ML throughput_gbps=8.6165 latency_ms=65.1309
[2026-08-12T05:12:27] SAMPLE t=10s phase=Stable adaptation=without_ML throughput_gbps=8.7018 latency_ms=65.6356
[2026-08-12T05:12:28] SAMPLE t=11s phase=Stable adaptation=without_ML throughput_gbps=7.6234 latency_ms=66.0712
[2026-08-12T05:12:29] SAMPLE t=12s phase=Stable adaptation=without_ML throughput_gbps=8.0143 latency_ms=66.03
[2026-08-12T05:12:30] SAMPLE t=13s phase=Stable adaptation=without_ML throughput_gbps=7.8965 latency_ms=67.8544
[2026-08-12T05:12:31] SAMPLE t=14s phase=Stable adaptation=without_ML throughput_gbps=8.1791 latency_ms=65.9338
[2026-08-12T05:12:32] SAMPLE t=15s phase=Stable adaptation=without_ML throughput_gbps=7.6026 latency_ms=65.7966
[2026-08-12T05:12:33] SAMPLE t=16s phase=Stable adaptation=without_ML throughput_gbps=8.0041 latency_ms=65.3539
[2026-08-12T05:12:34] SAMPLE t=17s phase=Stable adaptation=without_ML throughput_gbps=7.9611 latency_ms=66.6143
[2026-08-12T05:12:35] SAMPLE t=18s phase=Stable adaptation=without_ML throughput_gbps=8.2359 latency_ms=63.2843
[2026-08-12T05:12:36] SAMPLE t=19s phase=Stable adaptation=without_ML throughput_gbps=7.9797 latency_ms=65.0181
[2026-08-12T05:12:37] SAMPLE t=20s phase=Congestion adaptation=without_ML throughput_gbps=8.21 latency_ms=64.6375
[2026-08-12T05:12:38] SAMPLE t=21s phase=Congestion adaptation=without_ML throughput_gbps=8.0264 latency_ms=63.4559
[2026-08-12T05:12:39] SAMPLE t=22s phase=Congestion adaptation=without_ML throughput_gbps=8.0262 latency_ms=65.3961
[2026-08-12T05:12:40] SAMPLE t=23s phase=Congestion adaptation=without_ML throughput_gbps=8.2363 latency_ms=65.2211
[2026-08-12T05:12:41] SAMPLE t=24s phase=Congestion adaptation=without_ML throughput_gbps=8.1981 latency_ms=67.5852
[2026-08-12T05:12:42] SAMPLE t=25s phase=Congestion adaptation=without_ML throughput_gbps=8.2706 latency_ms=63.8133
[2026-08-12T05:12:43] SAMPLE t=26s phase=Congestion adaptation=without_ML throughput_gbps=8.0828 latency_ms=65.2977
[2026-08-12T05:12:44] SAMPLE t=27s phase=Congestion adaptation=without_ML throughput_gbps=7.932 latency_ms=65.4577
[2026-08-12T05:12:45] SAMPLE t=28s phase=Congestion adaptation=without_ML throughput_gbps=8.0264 latency_ms=65.4991
[2026-08-12T05:12:46] SAMPLE t=29s phase=Congestion adaptation=without_ML throughput_gbps=7.7007 latency_ms=65.5321
[2026-08-12T05:12:47] SAMPLE t=30s phase=Congestion adaptation=without_ML throughput_gbps=7.8091 latency_ms=66.7242
[2026-08-12T05:12:48] SAMPLE t=31s phase=Congestion adaptation=without_ML throughput_gbps=8.2795 latency_ms=66.5898
[2026-08-12T05:12:49] SAMPLE t=32s phase=Congestion adaptation=without_ML throughput_gbps=8.1808 latency_ms=64.1363
[2026-08-12T05:12:50] SAMPLE t=33s phase=Congestion adaptation=without_ML throughput_gbps=8.2691 latency_ms=65.9086
[2026-08-12T05:12:51] SAMPLE t=34s phase=Congestion adaptation=without_ML throughput_gbps=8.1894 latency_ms=67.0504
[2026-08-12T05:12:52] SAMPLE t=35s phase=Congestion adaptation=without_ML throughput_gbps=7.9855 latency_ms=66.8945
[2026-08-12T05:12:53] SAMPLE t=36s phase=Congestion adaptation=without_ML throughput_gbps=7.8157 latency_ms=64.0136
[2026-08-12T05:12:54] SAMPLE t=37s phase=Congestion adaptation=without_ML throughput_gbps=8.1597 latency_ms=65.1978
[2026-08-12T05:12:55] SAMPLE t=38s phase=Congestion adaptation=without_ML throughput_gbps=8.0366 latency_ms=64.2699
[2026-08-12T05:12:56] SAMPLE t=39s phase=Congestion adaptation=without_ML throughput_gbps=7.8425 latency_ms=65.5368
[2026-08-12T05:12:57] SAMPLE t=40s phase=Path_change adaptation=without_ML throughput_gbps=7.9732 latency_ms=65.6465
[2026-08-12T05:12:58] SAMPLE t=41s phase=Path_change adaptation=without_ML throughput_gbps=7.8751 latency_ms=65.5568
[2026-08-12T05:12:59] SAMPLE t=42s phase=Path_change adaptation=without_ML throughput_gbps=7.4345 latency_ms=68.3049
[2026-08-12T05:13:00] SAMPLE t=43s phase=Path_change adaptation=without_ML throughput_gbps=6.9435 latency_ms=69.3893
[2026-08-12T05:13:01] SAMPLE t=44s phase=Path_change adaptation=without_ML throughput_gbps=6.5843 latency_ms=70.4357
[2026-08-12T05:13:02] SAMPLE t=45s phase=Path_change adaptation=without_ML throughput_gbps=6.1772 latency_ms=70.5972
[2026-08-12T05:13:03] SAMPLE t=46s phase=Path_change adaptation=without_ML throughput_gbps=5.9342 latency_ms=68.8315
[2026-08-12T05:13:04] SAMPLE t=47s phase=Path_change adaptation=without_ML throughput_gbps=5.8408 latency_ms=72.099
[2026-08-12T05:13:05] SAMPLE t=48s phase=Path_change adaptation=without_ML throughput_gbps=5.8359 latency_ms=72.9125
[2026-08-12T05:13:06] SAMPLE t=49s phase=Path_change adaptation=without_ML throughput_gbps=5.926 latency_ms=74.8972
[2026-08-12T05:13:07] SAMPLE t=50s phase=Path_change adaptation=without_ML throughput_gbps=5.7473 latency_ms=71.7852
[2026-08-12T05:13:08] SAMPLE t=51s phase=Path_change adaptation=without_ML throughput_gbps=5.7139 latency_ms=71.6877
[2026-08-12T05:13:09] SAMPLE t=52s phase=Path_change adaptation=without_ML throughput_gbps=5.8389 latency_ms=72.3003
[2026-08-12T05:13:10] SAMPLE t=53s phase=Path_change adaptation=without_ML throughput_gbps=6.2151 latency_ms=72.868
[2026-08-12T05:13:11] SAMPLE t=54s phase=Path_change adaptation=without_ML throughput_gbps=6.0153 latency_ms=72.1769
[2026-08-12T05:13:12] SAMPLE t=55s phase=Path_change adaptation=without_ML throughput_gbps=6.7329 latency_ms=69.2712
[2026-08-12T05:13:13] SAMPLE t=56s phase=Path_change adaptation=without_ML throughput_gbps=6.4787 latency_ms=70.121
[2026-08-12T05:13:14] SAMPLE t=57s phase=Path_change adaptation=without_ML throughput_gbps=7.1979 latency_ms=69.5438
[2026-08-12T05:13:15] SAMPLE t=58s phase=Path_change adaptation=without_ML throughput_gbps=6.8642 latency_ms=67.9023
[2026-08-12T05:13:16] SAMPLE t=59s phase=Path_change adaptation=without_ML throughput_gbps=7.6236 latency_ms=66.0268
[2026-08-12T05:13:17] SAMPLE t=60s phase=Loss_spike adaptation=without_ML throughput_gbps=6.2021 latency_ms=68.9901
[2026-08-12T05:13:18] SAMPLE t=61s phase=Loss_spike adaptation=without_ML throughput_gbps=8.3622 latency_ms=77.3689
[2026-08-12T05:13:19] SAMPLE t=62s phase=Loss_spike adaptation=without_ML throughput_gbps=7.5611 latency_ms=75.9032
[2026-08-12T05:13:20] SAMPLE t=63s phase=Loss_spike adaptation=without_ML throughput_gbps=4.8708 latency_ms=77.3262
[2026-08-12T05:13:21] SAMPLE t=64s phase=Loss_spike adaptation=without_ML throughput_gbps=3.8596 latency_ms=79.4478
[2026-08-12T05:13:22] SAMPLE t=65s phase=Loss_spike adaptation=without_ML throughput_gbps=6.3505 latency_ms=68.8647
[2026-08-12T05:13:23] SAMPLE t=66s phase=Loss_spike adaptation=without_ML throughput_gbps=8.8617 latency_ms=80.4364
[2026-08-12T05:13:24] SAMPLE t=67s phase=Loss_spike adaptation=without_ML throughput_gbps=7.6528 latency_ms=77.0625
[2026-08-12T05:13:25] SAMPLE t=68s phase=Loss_spike adaptation=without_ML throughput_gbps=4.9813 latency_ms=75.3926
[2026-08-12T05:13:26] SAMPLE t=69s phase=Loss_spike adaptation=without_ML throughput_gbps=4.1104 latency_ms=81.8027
[2026-08-12T05:13:27] SAMPLE t=70s phase=Loss_spike adaptation=without_ML throughput_gbps=6.0704 latency_ms=68.8174
[2026-08-12T05:13:28] SAMPLE t=71s phase=Loss_spike adaptation=without_ML throughput_gbps=8.321 latency_ms=77.5349
[2026-08-12T05:13:29] SAMPLE t=72s phase=Loss_spike adaptation=without_ML throughput_gbps=7.5623 latency_ms=78.366
[2026-08-12T05:13:30] SAMPLE t=73s phase=Loss_spike adaptation=without_ML throughput_gbps=4.6987 latency_ms=72.6271
[2026-08-12T05:13:31] SAMPLE t=74s phase=Loss_spike adaptation=without_ML throughput_gbps=4.1647 latency_ms=77.5259
[2026-08-12T05:13:32] SAMPLE t=75s phase=Loss_spike adaptation=without_ML throughput_gbps=6.2198 latency_ms=71.3332
[2026-08-12T05:13:33] SAMPLE t=76s phase=Loss_spike adaptation=without_ML throughput_gbps=8.4851 latency_ms=76.7337
[2026-08-12T05:13:34] SAMPLE t=77s phase=Loss_spike adaptation=without_ML throughput_gbps=7.4793 latency_ms=77.9067
[2026-08-12T05:13:35] SAMPLE t=78s phase=Loss_spike adaptation=without_ML throughput_gbps=5.1588 latency_ms=75.3954
[2026-08-12T05:13:36] SAMPLE t=79s phase=Loss_spike adaptation=without_ML throughput_gbps=3.9128 latency_ms=78.9279
[2026-08-12T05:13:37] SAMPLE t=80s phase=Recovery adaptation=without_ML throughput_gbps=7.9487 latency_ms=65.6205
[2026-08-12T05:13:38] SAMPLE t=81s phase=Recovery adaptation=without_ML throughput_gbps=7.9843 latency_ms=67.1981
[2026-08-12T05:13:39] SAMPLE t=82s phase=Recovery adaptation=without_ML throughput_gbps=8.0765 latency_ms=66.8271
[2026-08-12T05:13:40] SAMPLE t=83s phase=Recovery adaptation=without_ML throughput_gbps=7.9777 latency_ms=67.1938
[2026-08-12T05:13:41] SAMPLE t=84s phase=Recovery adaptation=without_ML throughput_gbps=7.7886 latency_ms=65.3387
[2026-08-12T05:13:42] SAMPLE t=85s phase=Recovery adaptation=without_ML throughput_gbps=7.6435 latency_ms=65.6472
[2026-08-12T05:13:43] SAMPLE t=86s phase=Recovery adaptation=without_ML throughput_gbps=8.0994 latency_ms=65.8798
[2026-08-12T05:13:44] SAMPLE t=87s phase=Recovery adaptation=without_ML throughput_gbps=7.8111 latency_ms=67.5852
[2026-08-12T05:13:45] SAMPLE t=88s phase=Recovery adaptation=without_ML throughput_gbps=8.2093 latency_ms=67.1461
[2026-08-12T05:13:46] SAMPLE t=89s phase=Recovery adaptation=without_ML throughput_gbps=8.0251 latency_ms=68.1872
[2026-08-12T05:13:47] SAMPLE t=90s phase=Recovery adaptation=without_ML throughput_gbps=7.9973 latency_ms=64.6094
[2026-08-12T05:13:48] SAMPLE t=91s phase=Recovery adaptation=without_ML throughput_gbps=8.2135 latency_ms=67.6791
[2026-08-12T05:13:49] SAMPLE t=92s phase=Recovery adaptation=without_ML throughput_gbps=7.8662 latency_ms=63.2787
[2026-08-12T05:13:50] SAMPLE t=93s phase=Recovery adaptation=without_ML throughput_gbps=8.3321 latency_ms=66.4292
[2026-08-12T05:13:51] SAMPLE t=94s phase=Recovery adaptation=without_ML throughput_gbps=8.2639 latency_ms=65.4868
[2026-08-12T05:13:52] SAMPLE t=95s phase=Recovery adaptation=without_ML throughput_gbps=8.3783 latency_ms=67.3258
[2026-08-12T05:13:53] SAMPLE t=96s phase=Recovery adaptation=without_ML throughput_gbps=7.5078 latency_ms=66.2016
[2026-08-12T05:13:54] SAMPLE t=97s phase=Recovery adaptation=without_ML throughput_gbps=8.0801 latency_ms=66.4851
[2026-08-12T05:13:55] SAMPLE t=98s phase=Recovery adaptation=without_ML throughput_gbps=7.9676 latency_ms=65.0952
[2026-08-12T05:13:56] SAMPLE t=99s phase=Recovery adaptation=without_ML throughput_gbps=7.8847 latency_ms=66.506
[2026-08-12T05:12:17] TRACE_END run_id=81 status=OK
[2026-08-13T00:43:48] TRACE_START run_id=82
[2026-08-13T00:43:48] SAMPLE t=0s phase=Stable adaptation=with_ML throughput_gbps=8.1962 latency_ms=66.3555
[2026-08-13T00:43:49] SAMPLE t=1s phase=Stable adaptation=with_ML throughput_gbps=8.3465 latency_ms=63.9871
[2026-08-13T00:43:50] SAMPLE t=2s phase=Stable adaptation=with_ML throughput_gbps=7.9532 latency_ms=65.1974
[2026-08-13T00:43:51] SAMPLE t=3s phase=Stable adaptation=with_ML throughput_gbps=8.2186 latency_ms=68.9474
[2026-08-13T00:43:52] SAMPLE t=4s phase=Stable adaptation=with_ML throughput_gbps=8.0358 latency_ms=67.2422
[2026-08-13T00:43:53] SAMPLE t=5s phase=Stable adaptation=with_ML throughput_gbps=8.2255 latency_ms=66.8082
[2026-08-13T00:43:54] SAMPLE t=6s phase=Stable adaptation=with_ML throughput_gbps=8.4943 latency_ms=66.7646
[2026-08-13T00:43:55] SAMPLE t=7s phase=Stable adaptation=with_ML throughput_gbps=8.0773 latency_ms=65.2811
[2026-08-13T00:43:56] SAMPLE t=8s phase=Stable adaptation=with_ML throughput_gbps=8.1455 latency_ms=66.0362
[2026-08-13T00:43:57] SAMPLE t=9s phase=Stable adaptation=with_ML throughput_gbps=8.0344 latency_ms=65.696
[2026-08-13T00:43:58] SAMPLE t=10s phase=Stable adaptation=with_ML throughput_gbps=7.7162 latency_ms=65.1734
[2026-08-13T00:43:59] SAMPLE t=11s phase=Stable adaptation=with_ML throughput_gbps=8.244 latency_ms=66.3972
[2026-08-13T00:44:00] SAMPLE t=12s phase=Stable adaptation=with_ML throughput_gbps=7.9357 latency_ms=65.3699
[2026-08-13T00:44:01] SAMPLE t=13s phase=Stable adaptation=with_ML throughput_gbps=8.457 latency_ms=64.6471
[2026-08-13T00:44:02] SAMPLE t=14s phase=Stable adaptation=with_ML throughput_gbps=7.913 latency_ms=65.4728
[2026-08-13T00:44:03] SAMPLE t=15s phase=Stable adaptation=with_ML throughput_gbps=7.7996 latency_ms=66.1738
[2026-08-13T00:44:04] SAMPLE t=16s phase=Stable adaptation=with_ML throughput_gbps=7.9042 latency_ms=67.7289
[2026-08-13T00:44:05] SAMPLE t=17s phase=Stable adaptation=with_ML throughput_gbps=8.0321 latency_ms=64.7467
[2026-08-13T00:44:06] SAMPLE t=18s phase=Stable adaptation=with_ML throughput_gbps=7.7859 latency_ms=66.2572
[2026-08-13T00:44:07] SAMPLE t=19s phase=Stable adaptation=with_ML throughput_gbps=8.2029 latency_ms=66.4208
[2026-08-13T00:44:08] SAMPLE t=20s phase=Congestion adaptation=with_ML throughput_gbps=8.1548 latency_ms=66.2524
[2026-08-13T00:44:09] SAMPLE t=21s phase=Congestion adaptation=with_ML throughput_gbps=8.1948 latency_ms=67.8458
[2026-08-13T00:44:10] SAMPLE t=22s phase=Congestion adaptation=with_ML throughput_gbps=7.9595 latency_ms=64.1035
[2026-08-13T00:44:11] SAMPLE t=23s phase=Congestion adaptation=with_ML throughput_gbps=7.9309 latency_ms=67.3985
[2026-08-13T00:44:12] SAMPLE t=24s phase=Congestion adaptation=with_ML throughput_gbps=7.7693 latency_ms=68.0896
[2026-08-13T00:44:13] SAMPLE t=25s phase=Congestion adaptation=with_ML throughput_gbps=7.809 latency_ms=68.0094
[2026-08-13T00:44:14] SAMPLE t=26s phase=Congestion adaptation=with_ML throughput_gbps=8.0277 latency_ms=64.6957
[2026-08-13T00:44:15] SAMPLE t=27s phase=Congestion adaptation=with_ML throughput_gbps=8.0717 latency_ms=67.5542
[2026-08-13T00:44:16] SAMPLE t=28s phase=Congestion adaptation=with_ML throughput_gbps=8.0427 latency_ms=65.5333
[2026-08-13T00:44:17] SAMPLE t=29s phase=Congestion adaptation=with_ML throughput_gbps=7.5122 latency_ms=67.7223
[2026-08-13T00:44:18] SAMPLE t=30s phase=Congestion adaptation=with_ML throughput_gbps=8.1171 latency_ms=67.4095
[2026-08-13T00:44:19] SAMPLE t=31s phase=Congestion adaptation=with_ML throughput_gbps=8.1673 latency_ms=65.2151
[2026-08-13T00:44:20] SAMPLE t=32s phase=Congestion adaptation=with_ML throughput_gbps=8.1889 latency_ms=68.3372
[2026-08-13T00:44:21] SAMPLE t=33s phase=Congestion adaptation=with_ML throughput_gbps=8.097 latency_ms=66.8478
[2026-08-13T00:44:22] SAMPLE t=34s phase=Congestion adaptation=with_ML throughput_gbps=8.0256 latency_ms=65.0299
[2026-08-13T00:44:23] SAMPLE t=35s phase=Congestion adaptation=with_ML throughput_gbps=7.947 latency_ms=65.7019
[2026-08-13T00:44:24] SAMPLE t=36s phase=Congestion adaptation=with_ML throughput_gbps=8.2606 latency_ms=67.2087
[2026-08-13T00:44:25] SAMPLE t=37s phase=Congestion adaptation=with_ML throughput_gbps=8.2029 latency_ms=66.6957
[2026-08-13T00:44:26] SAMPLE t=38s phase=Congestion adaptation=with_ML throughput_gbps=8.241 latency_ms=67.9041
[2026-08-13T00:44:27] SAMPLE t=39s phase=Congestion adaptation=with_ML throughput_gbps=8.2037 latency_ms=67.2327
[2026-08-13T00:44:28] SAMPLE t=40s phase=Path_change adaptation=with_ML throughput_gbps=7.745 latency_ms=66.8626
[2026-08-13T00:44:29] SAMPLE t=41s phase=Path_change adaptation=with_ML throughput_gbps=7.846 latency_ms=66.5687
[2026-08-13T00:44:30] SAMPLE t=42s phase=Path_change adaptation=with_ML throughput_gbps=7.7769 latency_ms=67.8744
[2026-08-13T00:44:31] SAMPLE t=43s phase=Path_change adaptation=with_ML throughput_gbps=7.6017 latency_ms=68.3249
[2026-08-13T00:44:32] SAMPLE t=44s phase=Path_change adaptation=with_ML throughput_gbps=7.5016 latency_ms=67.9224
[2026-08-13T00:44:33] SAMPLE t=45s phase=Path_change adaptation=with_ML throughput_gbps=7.7835 latency_ms=68.9712
[2026-08-13T00:44:34] SAMPLE t=46s phase=Path_change adaptation=with_ML throughput_gbps=7.3998 latency_ms=66.7187
[2026-08-13T00:44:35] SAMPLE t=47s phase=Path_change adaptation=with_ML throughput_gbps=7.5137 latency_ms=70.5095
[2026-08-13T00:44:36] SAMPLE t=48s phase=Path_change adaptation=with_ML throughput_gbps=7.3317 latency_ms=66.483
[2026-08-13T00:44:37] SAMPLE t=49s phase=Path_change adaptation=with_ML throughput_gbps=7.3019 latency_ms=67.9887
[2026-08-13T00:44:38] SAMPLE t=50s phase=Path_change adaptation=with_ML throughput_gbps=7.2277 latency_ms=68.914
[2026-08-13T00:44:39] SAMPLE t=51s phase=Path_change adaptation=with_ML throughput_gbps=7.149 latency_ms=69.8414
[2026-08-13T00:44:40] SAMPLE t=52s phase=Path_change adaptation=with_ML throughput_gbps=7.5781 latency_ms=69.3742
[2026-08-13T00:44:41] SAMPLE t=53s phase=Path_change adaptation=with_ML throughput_gbps=6.9278 latency_ms=68.6747
[2026-08-13T00:44:42] SAMPLE t=54s phase=Path_change adaptation=with_ML throughput_gbps=7.3216 latency_ms=68.4948
[2026-08-13T00:44:43] SAMPLE t=55s phase=Path_change adaptation=with_ML throughput_gbps=7.4041 latency_ms=67.6094
[2026-08-13T00:44:44] SAMPLE t=56s phase=Path_change adaptation=with_ML throughput_gbps=7.8636 latency_ms=71.4393
[2026-08-13T00:44:45] SAMPLE t=57s phase=Path_change adaptation=with_ML throughput_gbps=7.4044 latency_ms=68.9408
[2026-08-13T00:44:46] SAMPLE t=58s phase=Path_change adaptation=with_ML throughput_gbps=7.7785 latency_ms=68.5356
[2026-08-13T00:44:47] SAMPLE t=59s phase=Path_change adaptation=with_ML throughput_gbps=8.152 latency_ms=66.7094
[2026-08-13T00:44:48] SAMPLE t=60s phase=Loss_spike adaptation=with_ML throughput_gbps=7.2566 latency_ms=68.0551
[2026-08-13T00:44:49] SAMPLE t=61s phase=Loss_spike adaptation=with_ML throughput_gbps=8.2337 latency_ms=71.1362
[2026-08-13T00:44:50] SAMPLE t=62s phase=Loss_spike adaptation=with_ML throughput_gbps=7.9257 latency_ms=69.5488
[2026-08-13T00:44:51] SAMPLE t=63s phase=Loss_spike adaptation=with_ML throughput_gbps=6.7106 latency_ms=66.7911
[2026-08-13T00:44:52] SAMPLE t=64s phase=Loss_spike adaptation=with_ML throughput_gbps=6.3354 latency_ms=70.975
[2026-08-13T00:44:53] SAMPLE t=65s phase=Loss_spike adaptation=with_ML throughput_gbps=7.4275 latency_ms=68.1363
[2026-08-13T00:44:54] SAMPLE t=66s phase=Loss_spike adaptation=with_ML throughput_gbps=8.102 latency_ms=70.6566
[2026-08-13T00:44:55] SAMPLE t=67s phase=Loss_spike adaptation=with_ML throughput_gbps=7.6995 latency_ms=67.6186
[2026-08-13T00:44:56] SAMPLE t=68s phase=Loss_spike adaptation=with_ML throughput_gbps=6.8704 latency_ms=68.2064
[2026-08-13T00:44:57] SAMPLE t=69s phase=Loss_spike adaptation=with_ML throughput_gbps=6.2102 latency_ms=72.3061
[2026-08-13T00:44:58] SAMPLE t=70s phase=Loss_spike adaptation=with_ML throughput_gbps=7.4804 latency_ms=68.0349
[2026-08-13T00:44:59] SAMPLE t=71s phase=Loss_spike adaptation=with_ML throughput_gbps=8.3647 latency_ms=69.8979
[2026-08-13T00:45:00] SAMPLE t=72s phase=Loss_spike adaptation=with_ML throughput_gbps=7.9501 latency_ms=71.3374
[2026-08-13T00:45:01] SAMPLE t=73s phase=Loss_spike adaptation=with_ML throughput_gbps=6.5888 latency_ms=68.2378
[2026-08-13T00:45:02] SAMPLE t=74s phase=Loss_spike adaptation=with_ML throughput_gbps=5.9921 latency_ms=73.469
[2026-08-13T00:45:03] SAMPLE t=75s phase=Loss_spike adaptation=with_ML throughput_gbps=7.3022 latency_ms=67.1368
[2026-08-13T00:45:04] SAMPLE t=76s phase=Loss_spike adaptation=with_ML throughput_gbps=8.1083 latency_ms=71.9914
[2026-08-13T00:45:05] SAMPLE t=77s phase=Loss_spike adaptation=with_ML throughput_gbps=8.0387 latency_ms=69.1806
[2026-08-13T00:45:06] SAMPLE t=78s phase=Loss_spike adaptation=with_ML throughput_gbps=6.6631 latency_ms=69.597
[2026-08-13T00:45:07] SAMPLE t=79s phase=Loss_spike adaptation=with_ML throughput_gbps=6.3545 latency_ms=73.1248
[2026-08-13T00:45:08] SAMPLE t=80s phase=Recovery adaptation=with_ML throughput_gbps=7.9363 latency_ms=66.1727
[2026-08-13T00:45:09] SAMPLE t=81s phase=Recovery adaptation=with_ML throughput_gbps=8.0635 latency_ms=65.6722
[2026-08-13T00:45:10] SAMPLE t=82s phase=Recovery adaptation=with_ML throughput_gbps=7.9974 latency_ms=65.3962
[2026-08-13T00:45:11] SAMPLE t=83s phase=Recovery adaptation=with_ML throughput_gbps=8.1643 latency_ms=68.4195
[2026-08-13T00:45:12] SAMPLE t=84s phase=Recovery adaptation=with_ML throughput_gbps=8.2984 latency_ms=67.0282
[2026-08-13T00:45:13] SAMPLE t=85s phase=Recovery adaptation=with_ML throughput_gbps=8.1404 latency_ms=66.2398
[2026-08-13T00:45:14] SAMPLE t=86s phase=Recovery adaptation=with_ML throughput_gbps=8.1153 latency_ms=61.6532
[2026-08-13T00:45:15] SAMPLE t=87s phase=Recovery adaptation=with_ML throughput_gbps=7.7747 latency_ms=65.6268
[2026-08-13T00:45:16] SAMPLE t=88s phase=Recovery adaptation=with_ML throughput_gbps=8.4918 latency_ms=65.3308
[2026-08-13T00:45:17] SAMPLE t=89s phase=Recovery adaptation=with_ML throughput_gbps=8.5203 latency_ms=64.7973
[2026-08-13T00:45:18] SAMPLE t=90s phase=Recovery adaptation=with_ML throughput_gbps=8.1757 latency_ms=65.9876
[2026-08-13T00:45:19] SAMPLE t=91s phase=Recovery adaptation=with_ML throughput_gbps=8.4146 latency_ms=66.1876
[2026-08-13T00:45:20] SAMPLE t=92s phase=Recovery adaptation=with_ML throughput_gbps=8.3481 latency_ms=67.0679
[2026-08-13T00:45:21] SAMPLE t=93s phase=Recovery adaptation=with_ML throughput_gbps=8.5217 latency_ms=63.6024
[2026-08-13T00:45:22] SAMPLE t=94s phase=Recovery adaptation=with_ML throughput_gbps=8.6548 latency_ms=65.3747
[2026-08-13T00:45:23] SAMPLE t=95s phase=Recovery adaptation=with_ML throughput_gbps=8.2712 latency_ms=64.4435
[2026-08-13T00:45:24] SAMPLE t=96s phase=Recovery adaptation=with_ML throughput_gbps=8.161 latency_ms=64.7346
[2026-08-13T00:45:25] SAMPLE t=97s phase=Recovery adaptation=with_ML throughput_gbps=8.2015 latency_ms=66.278
[2026-08-13T00:45:26] SAMPLE t=98s phase=Recovery adaptation=with_ML throughput_gbps=8.3592 latency_ms=64.8035
[2026-08-13T00:45:27] SAMPLE t=99s phase=Recovery adaptation=with_ML throughput_gbps=8.6286 latency_ms=66.8562
[2026-08-13T00:43:48] SAMPLE t=0s phase=Stable adaptation=without_ML throughput_gbps=8.1951 latency_ms=66.7817
[2026-08-13T00:43:49] SAMPLE t=1s phase=Stable adaptation=without_ML throughput_gbps=7.9628 latency_ms=66.443
[2026-08-13T00:43:50] SAMPLE t=2s phase=Stable adaptation=without_ML throughput_gbps=8.2012 latency_ms=65.836
[2026-08-13T00:43:51] SAMPLE t=3s phase=Stable adaptation=without_ML throughput_gbps=8.1929 latency_ms=66.124
[2026-08-13T00:43:52] SAMPLE t=4s phase=Stable adaptation=without_ML throughput_gbps=7.6734 latency_ms=64.2753
[2026-08-13T00:43:53] SAMPLE t=5s phase=Stable adaptation=without_ML throughput_gbps=8.3754 latency_ms=67.791
[2026-08-13T00:43:54] SAMPLE t=6s phase=Stable adaptation=without_ML throughput_gbps=7.7742 latency_ms=65.1652
[2026-08-13T00:43:55] SAMPLE t=7s phase=Stable adaptation=without_ML throughput_gbps=7.8109 latency_ms=66.0131
[2026-08-13T00:43:56] SAMPLE t=8s phase=Stable adaptation=without_ML throughput_gbps=8.1072 latency_ms=65.6921
[2026-08-13T00:43:57] SAMPLE t=9s phase=Stable adaptation=without_ML throughput_gbps=8.1207 latency_ms=66.1289
[2026-08-13T00:43:58] SAMPLE t=10s phase=Stable adaptation=without_ML throughput_gbps=8.0441 latency_ms=66.8589
[2026-08-13T00:43:59] SAMPLE t=11s phase=Stable adaptation=without_ML throughput_gbps=7.755 latency_ms=67.4536
[2026-08-13T00:44:00] SAMPLE t=12s phase=Stable adaptation=without_ML throughput_gbps=7.9221 latency_ms=65.8319
[2026-08-13T00:44:01] SAMPLE t=13s phase=Stable adaptation=without_ML throughput_gbps=8.4577 latency_ms=65.1023
[2026-08-13T00:44:02] SAMPLE t=14s phase=Stable adaptation=without_ML throughput_gbps=7.8768 latency_ms=68.4482
[2026-08-13T00:44:03] SAMPLE t=15s phase=Stable adaptation=without_ML throughput_gbps=8.0709 latency_ms=67.4073
[2026-08-13T00:44:04] SAMPLE t=16s phase=Stable adaptation=without_ML throughput_gbps=8.0431 latency_ms=65.79
[2026-08-13T00:44:05] SAMPLE t=17s phase=Stable adaptation=without_ML throughput_gbps=7.7418 latency_ms=65.71
[2026-08-13T00:44:06] SAMPLE t=18s phase=Stable adaptation=without_ML throughput_gbps=8.043 latency_ms=65.4371
[2026-08-13T00:44:07] SAMPLE t=19s phase=Stable adaptation=without_ML throughput_gbps=8.0623 latency_ms=67.8824
[2026-08-13T00:44:08] SAMPLE t=20s phase=Congestion adaptation=without_ML throughput_gbps=8.2313 latency_ms=66.1525
[2026-08-13T00:44:09] SAMPLE t=21s phase=Congestion adaptation=without_ML throughput_gbps=8.5051 latency_ms=65.6772
[2026-08-13T00:44:10] SAMPLE t=22s phase=Congestion adaptation=without_ML throughput_gbps=8.3771 latency_ms=65.8943
[2026-08-13T00:44:11] SAMPLE t=23s phase=Congestion adaptation=without_ML throughput_gbps=7.5925 latency_ms=64.9202
[2026-08-13T00:44:12] SAMPLE t=24s phase=Congestion adaptation=without_ML throughput_gbps=8.1047 latency_ms=67.4916
[2026-08-13T00:44:13] SAMPLE t=25s phase=Congestion adaptation=without_ML throughput_gbps=7.8714 latency_ms=66.386
[2026-08-13T00:44:14] SAMPLE t=26s phase=Congestion adaptation=without_ML throughput_gbps=8.0333 latency_ms=66.2155
[2026-08-13T00:44:15] SAMPLE t=27s phase=Congestion adaptation=without_ML throughput_gbps=8.1256 latency_ms=66.4617
[2026-08-13T00:44:16] SAMPLE t=28s phase=Congestion adaptation=without_ML throughput_gbps=8.0145 latency_ms=66.9503
[2026-08-13T00:44:17] SAMPLE t=29s phase=Congestion adaptation=without_ML throughput_gbps=8.2649 latency_ms=65.6888
[2026-08-13T00:44:18] SAMPLE t=30s phase=Congestion adaptation=without_ML throughput_gbps=8.3309 latency_ms=64.413
[2026-08-13T00:44:19] SAMPLE t=31s phase=Congestion adaptation=without_ML throughput_gbps=7.7241 latency_ms=64.6752
[2026-08-13T00:44:20] SAMPLE t=32s phase=Congestion adaptation=without_ML throughput_gbps=7.944 latency_ms=64.7378
[2026-08-13T00:44:21] SAMPLE t=33s phase=Congestion adaptation=without_ML throughput_gbps=8.0629 latency_ms=65.4031
[2026-08-13T00:44:22] SAMPLE t=34s phase=Congestion adaptation=without_ML throughput_gbps=7.7053 latency_ms=66.132
[2026-08-13T00:44:23] SAMPLE t=35s phase=Congestion adaptation=without_ML throughput_gbps=7.8999 latency_ms=65.3038
[2026-08-13T00:44:24] SAMPLE t=36s phase=Congestion adaptation=without_ML throughput_gbps=8.3222 latency_ms=67.521
[2026-08-13T00:44:25] SAMPLE t=37s phase=Congestion adaptation=without_ML throughput_gbps=8.4923 latency_ms=66.6847
[2026-08-13T00:44:26] SAMPLE t=38s phase=Congestion adaptation=without_ML throughput_gbps=7.9286 latency_ms=68.8897
[2026-08-13T00:44:27] SAMPLE t=39s phase=Congestion adaptation=without_ML throughput_gbps=7.9699 latency_ms=65.4919
[2026-08-13T00:44:28] SAMPLE t=40s phase=Path_change adaptation=without_ML throughput_gbps=8.038 latency_ms=67.3795
[2026-08-13T00:44:29] SAMPLE t=41s phase=Path_change adaptation=without_ML throughput_gbps=7.6111 latency_ms=65.8138
[2026-08-13T00:44:30] SAMPLE t=42s phase=Path_change adaptation=without_ML throughput_gbps=7.3376 latency_ms=67.5199
[2026-08-13T00:44:31] SAMPLE t=43s phase=Path_change adaptation=without_ML throughput_gbps=6.8112 latency_ms=68.9127
[2026-08-13T00:44:32] SAMPLE t=44s phase=Path_change adaptation=without_ML throughput_gbps=6.4157 latency_ms=72.7164
[2026-08-13T00:44:33] SAMPLE t=45s phase=Path_change adaptation=without_ML throughput_gbps=6.3767 latency_ms=70.3125
[2026-08-13T00:44:34] SAMPLE t=46s phase=Path_change adaptation=without_ML throughput_gbps=6.013 latency_ms=70.3906
[2026-08-13T00:44:35] SAMPLE t=47s phase=Path_change adaptation=without_ML throughput_gbps=6.0612 latency_ms=73.0232
[2026-08-13T00:44:36] SAMPLE t=48s phase=Path_change adaptation=without_ML throughput_gbps=5.9363 latency_ms=72.2172
[2026-08-13T00:44:37] SAMPLE t=49s phase=Path_change adaptation=without_ML throughput_gbps=5.3584 latency_ms=71.7702
[2026-08-13T00:44:38] SAMPLE t=50s phase=Path_change adaptation=without_ML throughput_gbps=5.6309 latency_ms=73.8842
[2026-08-13T00:44:39] SAMPLE t=51s phase=Path_change adaptation=without_ML throughput_gbps=5.7947 latency_ms=73.8752
[2026-08-13T00:44:40] SAMPLE t=52s phase=Path_change adaptation=without_ML throughput_gbps=5.8028 latency_ms=71.7055
[2026-08-13T00:44:41] SAMPLE t=53s phase=Path_change adaptation=without_ML throughput_gbps=6.0618 latency_ms=72.2026
[2026-08-13T00:44:42] SAMPLE t=54s phase=Path_change adaptation=without_ML throughput_gbps=5.8757 latency_ms=71.862
[2026-08-13T00:44:43] SAMPLE t=55s phase=Path_change adaptation=without_ML throughput_gbps=6.4282 latency_ms=72.4527
[2026-08-13T00:44:44] SAMPLE t=56s phase=Path_change adaptation=without_ML throughput_gbps=6.9654 latency_ms=69.1785
[2026-08-13T00:44:45] SAMPLE t=57s phase=Path_change adaptation=without_ML throughput_gbps=6.5668 latency_ms=69.349
[2026-08-13T00:44:46] SAMPLE t=58s phase=Path_change adaptation=without_ML throughput_gbps=7.0201 latency_ms=69.12
[2026-08-13T00:44:47] SAMPLE t=59s phase=Path_change adaptation=without_ML throughput_gbps=7.4789 latency_ms=68.3905
[2026-08-13T00:44:48] SAMPLE t=60s phase=Loss_spike adaptation=without_ML throughput_gbps=6.1791 latency_ms=69.5562
[2026-08-13T00:44:49] SAMPLE t=61s phase=Loss_spike adaptation=without_ML throughput_gbps=8.1889 latency_ms=80.6616
[2026-08-13T00:44:50] SAMPLE t=62s phase=Loss_spike adaptation=without_ML throughput_gbps=7.6716 latency_ms=74.4157
[2026-08-13T00:44:51] SAMPLE t=63s phase=Loss_spike adaptation=without_ML throughput_gbps=4.7206 latency_ms=75.634
[2026-08-13T00:44:52] SAMPLE t=64s phase=Loss_spike adaptation=without_ML throughput_gbps=4.0522 latency_ms=81.3728
[2026-08-13T00:44:53] SAMPLE t=65s phase=Loss_spike adaptation=without_ML throughput_gbps=6.3618 latency_ms=71.7073
[2026-08-13T00:44:54] SAMPLE t=66s phase=Loss_spike adaptation=without_ML throughput_gbps=8.3376 latency_ms=77.683
[2026-08-13T00:44:55] SAMPLE t=67s phase=Loss_spike adaptation=without_ML throughput_gbps=7.5757 latency_ms=74.3041
[2026-08-13T00:44:56] SAMPLE t=68s phase=Loss_spike adaptation=without_ML throughput_gbps=4.9887 latency_ms=75.8573
[2026-08-13T00:44:57] SAMPLE t=69s phase=Loss_spike adaptation=without_ML throughput_gbps=4.0076 latency_ms=79.212
[2026-08-13T00:44:58] SAMPLE t=70s phase=Loss_spike adaptation=without_ML throughput_gbps=5.9046 latency_ms=71.1665
[2026-08-13T00:44:59] SAMPLE t=71s phase=Loss_spike adaptation=without_ML throughput_gbps=8.6228 latency_ms=78.4513
[2026-08-13T00:45:00] SAMPLE t=72s phase=Loss_spike adaptation=without_ML throughput_gbps=7.6081 latency_ms=77.2563
[2026-08-13T00:45:01] SAMPLE t=73s phase=Loss_spike adaptation=without_ML throughput_gbps=4.7253 latency_ms=75.3286
[2026-08-13T00:45:02] SAMPLE t=74s phase=Loss_spike adaptation=without_ML throughput_gbps=3.8717 latency_ms=81.1714
[2026-08-13T00:45:03] SAMPLE t=75s phase=Loss_spike adaptation=without_ML throughput_gbps=6.2439 latency_ms=72.4205
[2026-08-13T00:45:04] SAMPLE t=76s phase=Loss_spike adaptation=without_ML throughput_gbps=8.4717 latency_ms=78.8982
[2026-08-13T00:45:05] SAMPLE t=77s phase=Loss_spike adaptation=without_ML throughput_gbps=7.3919 latency_ms=74.0604
[2026-08-13T00:45:06] SAMPLE t=78s phase=Loss_spike adaptation=without_ML throughput_gbps=4.9259 latency_ms=74.2091
[2026-08-13T00:45:07] SAMPLE t=79s phase=Loss_spike adaptation=without_ML throughput_gbps=3.9732 latency_ms=78.071
[2026-08-13T00:45:08] SAMPLE t=80s phase=Recovery adaptation=without_ML throughput_gbps=7.8645 latency_ms=65.8498
[2026-08-13T00:45:09] SAMPLE t=81s phase=Recovery adaptation=without_ML throughput_gbps=7.7645 latency_ms=65.8806
[2026-08-13T00:45:10] SAMPLE t=82s phase=Recovery adaptation=without_ML throughput_gbps=7.832 latency_ms=66.1549
[2026-08-13T00:45:11] SAMPLE t=83s phase=Recovery adaptation=without_ML throughput_gbps=8.1674 latency_ms=65.6954
[2026-08-13T00:45:12] SAMPLE t=84s phase=Recovery adaptation=without_ML throughput_gbps=7.6624 latency_ms=65.2344
[2026-08-13T00:45:13] SAMPLE t=85s phase=Recovery adaptation=without_ML throughput_gbps=7.5225 latency_ms=64.8987
[2026-08-13T00:45:14] SAMPLE t=86s phase=Recovery adaptation=without_ML throughput_gbps=8.6219 latency_ms=66.104
[2026-08-13T00:45:15] SAMPLE t=87s phase=Recovery adaptation=without_ML throughput_gbps=7.8349 latency_ms=65.1212
[2026-08-13T00:45:16] SAMPLE t=88s phase=Recovery adaptation=without_ML throughput_gbps=8.0402 latency_ms=65.6482
[2026-08-13T00:45:17] SAMPLE t=89s phase=Recovery adaptation=without_ML throughput_gbps=7.6475 latency_ms=65.0412
[2026-08-13T00:45:18] SAMPLE t=90s phase=Recovery adaptation=without_ML throughput_gbps=7.6913 latency_ms=63.7248
[2026-08-13T00:45:19] SAMPLE t=91s phase=Recovery adaptation=without_ML throughput_gbps=8.029 latency_ms=67.3315
[2026-08-13T00:45:20] SAMPLE t=92s phase=Recovery adaptation=without_ML throughput_gbps=8.1643 latency_ms=67.0225
[2026-08-13T00:45:21] SAMPLE t=93s phase=Recovery adaptation=without_ML throughput_gbps=7.9807 latency_ms=67.0395
[2026-08-13T00:45:22] SAMPLE t=94s phase=Recovery adaptation=without_ML throughput_gbps=8.0559 latency_ms=67.0671
[2026-08-13T00:45:23] SAMPLE t=95s phase=Recovery adaptation=without_ML throughput_gbps=7.6886 latency_ms=66.5571
[2026-08-13T00:45:24] SAMPLE t=96s phase=Recovery adaptation=without_ML throughput_gbps=7.9351 latency_ms=66.225
[2026-08-13T00:45:25] SAMPLE t=97s phase=Recovery adaptation=without_ML throughput_gbps=8.2423 latency_ms=67.3722
[2026-08-13T00:45:26] SAMPLE t=98s phase=Recovery adaptation=without_ML throughput_gbps=7.8376 latency_ms=67.8588
[2026-08-13T00:45:27] SAMPLE t=99s phase=Recovery adaptation=without_ML throughput_gbps=7.9479 latency_ms=64.6799
[2026-08-13T00:43:48] TRACE_END run_id=82 status=OK
[2026-08-13T00:52:14] TRACE_START run_id=83
[2026-08-13T00:52:14] SAMPLE t=0s phase=Stable adaptation=with_ML throughput_gbps=8.0323 latency_ms=67.2205
[2026-08-13T00:52:15] SAMPLE t=1s phase=Stable adaptation=with_ML throughput_gbps=7.6629 latency_ms=66.1678
[2026-08-13T00:52:16] SAMPLE t=2s phase=Stable adaptation=with_ML throughput_gbps=7.9636 latency_ms=66.7729
[2026-08-13T00:52:17] SAMPLE t=3s phase=Stable adaptation=with_ML throughput_gbps=8.3544 latency_ms=66.4805
[2026-08-13T00:52:18] SAMPLE t=4s phase=Stable adaptation=with_ML throughput_gbps=8.1018 latency_ms=66.1729
[2026-08-13T00:52:19] SAMPLE t=5s phase=Stable adaptation=with_ML throughput_gbps=7.9193 latency_ms=62.7012
[2026-08-13T00:52:20] SAMPLE t=6s phase=Stable adaptation=with_ML throughput_gbps=7.6837 latency_ms=65.6295
[2026-08-13T00:52:21] SAMPLE t=7s phase=Stable adaptation=with_ML throughput_gbps=8.0799 latency_ms=66.2181
[2026-08-13T00:52:22] SAMPLE t=8s phase=Stable adaptation=with_ML throughput_gbps=7.9151 latency_ms=66.8366
[2026-08-13T00:52:23] SAMPLE t=9s phase=Stable adaptation=with_ML throughput_gbps=8.1318 latency_ms=67.5179
[2026-08-13T00:52:24] SAMPLE t=10s phase=Stable adaptation=with_ML throughput_gbps=7.9229 latency_ms=65.3416
[2026-08-13T00:52:25] SAMPLE t=11s phase=Stable adaptation=with_ML throughput_gbps=7.7647 latency_ms=65.3555
[2026-08-13T00:52:26] SAMPLE t=12s phase=Stable adaptation=with_ML throughput_gbps=8.3082 latency_ms=66.9374
[2026-08-13T00:52:27] SAMPLE t=13s phase=Stable adaptation=with_ML throughput_gbps=8.0571 latency_ms=65.6261
[2026-08-13T00:52:28] SAMPLE t=14s phase=Stable adaptation=with_ML throughput_gbps=8.2053 latency_ms=65.2171
[2026-08-13T00:52:29] SAMPLE t=15s phase=Stable adaptation=with_ML throughput_gbps=8.1016 latency_ms=64.9519
[2026-08-13T00:52:30] SAMPLE t=16s phase=Stable adaptation=with_ML throughput_gbps=8.2289 latency_ms=64.2144
[2026-08-13T00:52:31] SAMPLE t=17s phase=Stable adaptation=with_ML throughput_gbps=7.9828 latency_ms=68.6757
[2026-08-13T00:52:32] SAMPLE t=18s phase=Stable adaptation=with_ML throughput_gbps=8.2667 latency_ms=67.5912
[2026-08-13T00:52:33] SAMPLE t=19s phase=Stable adaptation=with_ML throughput_gbps=7.8918 latency_ms=66.3803
[2026-08-13T00:52:34] SAMPLE t=20s phase=Congestion adaptation=with_ML throughput_gbps=7.8692 latency_ms=67.8893
[2026-08-13T00:52:35] SAMPLE t=21s phase=Congestion adaptation=with_ML throughput_gbps=8.228 latency_ms=64.7933
[2026-08-13T00:52:36] SAMPLE t=22s phase=Congestion adaptation=with_ML throughput_gbps=7.798 latency_ms=63.9294
[2026-08-13T00:52:37] SAMPLE t=23s phase=Congestion adaptation=with_ML throughput_gbps=8.2853 latency_ms=66.5113
[2026-08-13T00:52:38] SAMPLE t=24s phase=Congestion adaptation=with_ML throughput_gbps=7.9246 latency_ms=65.4412
[2026-08-13T00:52:39] SAMPLE t=25s phase=Congestion adaptation=with_ML throughput_gbps=8.2284 latency_ms=66.2299
[2026-08-13T00:52:40] SAMPLE t=26s phase=Congestion adaptation=with_ML throughput_gbps=8.1318 latency_ms=66.1931
[2026-08-13T00:52:41] SAMPLE t=27s phase=Congestion adaptation=with_ML throughput_gbps=8.1331 latency_ms=66.5405
[2026-08-13T00:52:42] SAMPLE t=28s phase=Congestion adaptation=with_ML throughput_gbps=7.9909 latency_ms=64.6629
[2026-08-13T00:52:43] SAMPLE t=29s phase=Congestion adaptation=with_ML throughput_gbps=8.0459 latency_ms=67.925
[2026-08-13T00:52:44] SAMPLE t=30s phase=Congestion adaptation=with_ML throughput_gbps=8.265 latency_ms=67.3545
[2026-08-13T00:52:45] SAMPLE t=31s phase=Congestion adaptation=with_ML throughput_gbps=8.0548 latency_ms=67.269
[2026-08-13T00:52:46] SAMPLE t=32s phase=Congestion adaptation=with_ML throughput_gbps=8.282 latency_ms=67.8881
[2026-08-13T00:52:47] SAMPLE t=33s phase=Congestion adaptation=with_ML throughput_gbps=8.3279 latency_ms=67.799
[2026-08-13T00:52:48] SAMPLE t=34s phase=Congestion adaptation=with_ML throughput_gbps=8.1957 latency_ms=68.935
[2026-08-13T00:52:49] SAMPLE t=35s phase=Congestion adaptation=with_ML throughput_gbps=8.344 latency_ms=65.2841
[2026-08-13T00:52:50] SAMPLE t=36s phase=Congestion adaptation=with_ML throughput_gbps=8.1515 latency_ms=65.1458
[2026-08-13T00:52:51] SAMPLE t=37s phase=Congestion adaptation=with_ML throughput_gbps=8.0642 latency_ms=65.1567
[2026-08-13T00:52:52] SAMPLE t=38s phase=Congestion adaptation=with_ML throughput_gbps=8.2524 latency_ms=64.8555
[2026-08-13T00:52:53] SAMPLE t=39s phase=Congestion adaptation=with_ML throughput_gbps=8.2382 latency_ms=66.3687
[2026-08-13T00:52:54] SAMPLE t=40s phase=Path_change adaptation=with_ML throughput_gbps=8.057 latency_ms=66.7764
[2026-08-13T00:52:55] SAMPLE t=41s phase=Path_change adaptation=with_ML throughput_gbps=7.9013 latency_ms=66.6626
[2026-08-13T00:52:56] SAMPLE t=42s phase=Path_change adaptation=with_ML throughput_gbps=7.334 latency_ms=66.5125
[2026-08-13T00:52:57] SAMPLE t=43s phase=Path_change adaptation=with_ML throughput_gbps=7.7357 latency_ms=66.4135
[2026-08-13T00:52:58] SAMPLE t=44s phase=Path_change adaptation=with_ML throughput_gbps=7.5738 latency_ms=67.5439
[2026-08-13T00:52:59] SAMPLE t=45s phase=Path_change adaptation=with_ML throughput_gbps=7.3521 latency_ms=68.2926
[2026-08-13T00:53:00] SAMPLE t=46s phase=Path_change adaptation=with_ML throughput_gbps=6.9897 latency_ms=67.2038
[2026-08-13T00:53:01] SAMPLE t=47s phase=Path_change adaptation=with_ML throughput_gbps=7.1881 latency_ms=67.681
[2026-08-13T00:53:02] SAMPLE t=48s phase=Path_change adaptation=with_ML throughput_gbps=7.2527 latency_ms=66.6564
[2026-08-13T00:53:03] SAMPLE t=49s phase=Path_change adaptation=with_ML throughput_gbps=7.0358 latency_ms=70.9623
[2026-08-13T00:53:04] SAMPLE t=50s phase=Path_change adaptation=with_ML throughput_gbps=7.0947 latency_ms=68.5492
[2026-08-13T00:53:05] SAMPLE t=51s phase=Path_change adaptation=with_ML throughput_gbps=7.43 latency_ms=68.2449
[2026-08-13T00:53:06] SAMPLE t=52s phase=Path_change adaptation=with_ML throughput_gbps=7.2235 latency_ms=71.4443
[2026-08-13T00:53:07] SAMPLE t=53s phase=Path_change adaptation=with_ML throughput_gbps=7.3715 latency_ms=67.1674
[2026-08-13T00:53:08] SAMPLE t=54s phase=Path_change adaptation=with_ML throughput_gbps=7.5575 latency_ms=68.8494
[2026-08-13T00:53:09] SAMPLE t=55s phase=Path_change adaptation=with_ML throughput_gbps=7.3957 latency_ms=68.3669
[2026-08-13T00:53:10] SAMPLE t=56s phase=Path_change adaptation=with_ML throughput_gbps=7.1898 latency_ms=69.4049
[2026-08-13T00:53:11] SAMPLE t=57s phase=Path_change adaptation=with_ML throughput_gbps=7.7642 latency_ms=68.3713
[2026-08-13T00:53:12] SAMPLE t=58s phase=Path_change adaptation=with_ML throughput_gbps=7.6384 latency_ms=68.348
[2026-08-13T00:53:13] SAMPLE t=59s phase=Path_change adaptation=with_ML throughput_gbps=7.6897 latency_ms=66.1328
[2026-08-13T00:53:14] SAMPLE t=60s phase=Loss_spike adaptation=with_ML throughput_gbps=7.3191 latency_ms=69.9469
[2026-08-13T00:53:15] SAMPLE t=61s phase=Loss_spike adaptation=with_ML throughput_gbps=7.9725 latency_ms=72.348
[2026-08-13T00:53:16] SAMPLE t=62s phase=Loss_spike adaptation=with_ML throughput_gbps=7.9392 latency_ms=71.3833
[2026-08-13T00:53:17] SAMPLE t=63s phase=Loss_spike adaptation=with_ML throughput_gbps=6.6852 latency_ms=69.6196
[2026-08-13T00:53:18] SAMPLE t=64s phase=Loss_spike adaptation=with_ML throughput_gbps=6.3072 latency_ms=70.5212
[2026-08-13T00:53:19] SAMPLE t=65s phase=Loss_spike adaptation=with_ML throughput_gbps=7.3164 latency_ms=68.035
[2026-08-13T00:53:20] SAMPLE t=66s phase=Loss_spike adaptation=with_ML throughput_gbps=8.044 latency_ms=74.8463
[2026-08-13T00:53:21] SAMPLE t=67s phase=Loss_spike adaptation=with_ML throughput_gbps=7.5493 latency_ms=70.0413
[2026-08-13T00:53:22] SAMPLE t=68s phase=Loss_spike adaptation=with_ML throughput_gbps=6.6845 latency_ms=67.237
[2026-08-13T00:53:23] SAMPLE t=69s phase=Loss_spike adaptation=with_ML throughput_gbps=6.2848 latency_ms=68.5226
[2026-08-13T00:53:24] SAMPLE t=70s phase=Loss_spike adaptation=with_ML throughput_gbps=7.0495 latency_ms=67.0218
[2026-08-13T00:53:25] SAMPLE t=71s phase=Loss_spike adaptation=with_ML throughput_gbps=8.46 latency_ms=69.4259
[2026-08-13T00:53:26] SAMPLE t=72s phase=Loss_spike adaptation=with_ML throughput_gbps=8.1086 latency_ms=70.1523
[2026-08-13T00:53:27] SAMPLE t=73s phase=Loss_spike adaptation=with_ML throughput_gbps=7.0368 latency_ms=68.2352
[2026-08-13T00:53:28] SAMPLE t=74s phase=Loss_spike adaptation=with_ML throughput_gbps=6.0457 latency_ms=67.9107
[2026-08-13T00:53:29] SAMPLE t=75s phase=Loss_spike adaptation=with_ML throughput_gbps=7.1349 latency_ms=70.6594
[2026-08-13T00:53:30] SAMPLE t=76s phase=Loss_spike adaptation=with_ML throughput_gbps=8.3421 latency_ms=72.4996
[2026-08-13T00:53:31] SAMPLE t=77s phase=Loss_spike adaptation=with_ML throughput_gbps=7.948 latency_ms=69.7498
[2026-08-13T00:53:32] SAMPLE t=78s phase=Loss_spike adaptation=with_ML throughput_gbps=6.7169 latency_ms=69.7521
[2026-08-13T00:53:33] SAMPLE t=79s phase=Loss_spike adaptation=with_ML throughput_gbps=6.0494 latency_ms=70.6037
[2026-08-13T00:53:34] SAMPLE t=80s phase=Recovery adaptation=with_ML throughput_gbps=7.9354 latency_ms=64.8219
[2026-08-13T00:53:35] SAMPLE t=81s phase=Recovery adaptation=with_ML throughput_gbps=8.0693 latency_ms=65.5009
[2026-08-13T00:53:36] SAMPLE t=82s phase=Recovery adaptation=with_ML throughput_gbps=7.9802 latency_ms=65.0789
[2026-08-13T00:53:37] SAMPLE t=83s phase=Recovery adaptation=with_ML throughput_gbps=8.4684 latency_ms=65.3506
[2026-08-13T00:53:38] SAMPLE t=84s phase=Recovery adaptation=with_ML throughput_gbps=8.1155 latency_ms=65.6351
[2026-08-13T00:53:39] SAMPLE t=85s phase=Recovery adaptation=with_ML throughput_gbps=7.9292 latency_ms=64.6409
[2026-08-13T00:53:40] SAMPLE t=86s phase=Recovery adaptation=with_ML throughput_gbps=8.463 latency_ms=65.1156
[2026-08-13T00:53:41] SAMPLE t=87s phase=Recovery adaptation=with_ML throughput_gbps=8.2366 latency_ms=65.4325
[2026-08-13T00:53:42] SAMPLE t=88s phase=Recovery adaptation=with_ML throughput_gbps=8.3669 latency_ms=66.9233
[2026-08-13T00:53:43] SAMPLE t=89s phase=Recovery adaptation=with_ML throughput_gbps=8.0931 latency_ms=68.9837
[2026-08-13T00:53:44] SAMPLE t=90s phase=Recovery adaptation=with_ML throughput_gbps=8.3736 latency_ms=67.7101
[2026-08-13T00:53:45] SAMPLE t=91s phase=Recovery adaptation=with_ML throughput_gbps=8.6295 latency_ms=65.3359
[2026-08-13T00:53:46] SAMPLE t=92s phase=Recovery adaptation=with_ML throughput_gbps=8.3507 latency_ms=64.408
[2026-08-13T00:53:47] SAMPLE t=93s phase=Recovery adaptation=with_ML throughput_gbps=8.5349 latency_ms=64.349
[2026-08-13T00:53:48] SAMPLE t=94s phase=Recovery adaptation=with_ML throughput_gbps=7.9055 latency_ms=65.4559
[2026-08-13T00:53:49] SAMPLE t=95s phase=Recovery adaptation=with_ML throughput_gbps=8.3339 latency_ms=66.5648
[2026-08-13T00:53:50] SAMPLE t=96s phase=Recovery adaptation=with_ML throughput_gbps=8.201 latency_ms=62.2898
[2026-08-13T00:53:51] SAMPLE t=97s phase=Recovery adaptation=with_ML throughput_gbps=8.8341 latency_ms=62.8318
[2026-08-13T00:53:52] SAMPLE t=98s phase=Recovery adaptation=with_ML throughput_gbps=8.6195 latency_ms=65.4221
[2026-08-13T00:53:53] SAMPLE t=99s phase=Recovery adaptation=with_ML throughput_gbps=8.5995 latency_ms=65.4142
[2026-08-13T00:52:14] SAMPLE t=0s phase=Stable adaptation=without_ML throughput_gbps=7.9945 latency_ms=64.0416
[2026-08-13T00:52:15] SAMPLE t=1s phase=Stable adaptation=without_ML throughput_gbps=8.141 latency_ms=63.6945
[2026-08-13T00:52:16] SAMPLE t=2s phase=Stable adaptation=without_ML throughput_gbps=8.165 latency_ms=66.3851
[2026-08-13T00:52:17] SAMPLE t=3s phase=Stable adaptation=without_ML throughput_gbps=7.9183 latency_ms=66.6499
[2026-08-13T00:52:18] SAMPLE t=4s phase=Stable adaptation=without_ML throughput_gbps=8.0062 latency_ms=65.1382
[2026-08-13T00:52:19] SAMPLE t=5s phase=Stable adaptation=without_ML throughput_gbps=7.8815 latency_ms=66.6125
[2026-08-13T00:52:20] SAMPLE t=6s phase=Stable adaptation=without_ML throughput_gbps=8.2645 latency_ms=65.516
[2026-08-13T00:52:21] SAMPLE t=7s phase=Stable adaptation=without_ML throughput_gbps=8.1606 latency_ms=66.9445
[2026-08-13T00:52:22] SAMPLE t=8s phase=Stable adaptation=without_ML throughput_gbps=8.5353 latency_ms=67.4667
[2026-08-13T00:52:23] SAMPLE t=9s phase=Stable adaptation=without_ML throughput_gbps=8.5844 latency_ms=64.5264
[2026-08-13T00:52:24] SAMPLE t=10s phase=Stable adaptation=without_ML throughput_gbps=7.8961 latency_ms=65.6458
[2026-08-13T00:52:25] SAMPLE t=11s phase=Stable adaptation=without_ML throughput_gbps=8.1963 latency_ms=66.8529
[2026-08-13T00:52:26] SAMPLE t=12s phase=Stable adaptation=without_ML throughput_gbps=7.7423 latency_ms=65.6225
[2026-08-13T00:52:27] SAMPLE t=13s phase=Stable adaptation=without_ML throughput_gbps=7.8613 latency_ms=65.6885
[2026-08-13T00:52:28] SAMPLE t=14s phase=Stable adaptation=without_ML throughput_gbps=7.9005 latency_ms=63.9811
[2026-08-13T00:52:29] SAMPLE t=15s phase=Stable adaptation=without_ML throughput_gbps=7.9589 latency_ms=67.2256
[2026-08-13T00:52:30] SAMPLE t=16s phase=Stable adaptation=without_ML throughput_gbps=8.1018 latency_ms=67.2596
[2026-08-13T00:52:31] SAMPLE t=17s phase=Stable adaptation=without_ML throughput_gbps=8.1976 latency_ms=64.5486
[2026-08-13T00:52:32] SAMPLE t=18s phase=Stable adaptation=without_ML throughput_gbps=7.7027 latency_ms=66.226
[2026-08-13T00:52:33] SAMPLE t=19s phase=Stable adaptation=without_ML throughput_gbps=8.1283 latency_ms=67.4146
[2026-08-13T00:52:34] SAMPLE t=20s phase=Congestion adaptation=without_ML throughput_gbps=7.8045 latency_ms=64.324
[2026-08-13T00:52:35] SAMPLE t=21s phase=Congestion adaptation=without_ML throughput_gbps=7.8953 latency_ms=65.6841
[2026-08-13T00:52:36] SAMPLE t=22s phase=Congestion adaptation=without_ML throughput_gbps=8.0591 latency_ms=66.411
[2026-08-13T00:52:37] SAMPLE t=23s phase=Congestion adaptation=without_ML throughput_gbps=8.0391 latency_ms=66.9883
[2026-08-13T00:52:38] SAMPLE t=24s phase=Congestion adaptation=without_ML throughput_gbps=7.8478 latency_ms=67.1001
[2026-08-13T00:52:39] SAMPLE t=25s phase=Congestion adaptation=without_ML throughput_gbps=8.0853 latency_ms=66.7937
[2026-08-13T00:52:40] SAMPLE t=26s phase=Congestion adaptation=without_ML throughput_gbps=8.1164 latency_ms=64.8187
[2026-08-13T00:52:41] SAMPLE t=27s phase=Congestion adaptation=without_ML throughput_gbps=8.1838 latency_ms=66.6421
[2026-08-13T00:52:42] SAMPLE t=28s phase=Congestion adaptation=without_ML throughput_gbps=7.8269 latency_ms=64.9694
[2026-08-13T00:52:43] SAMPLE t=29s phase=Congestion adaptation=without_ML throughput_gbps=7.9999 latency_ms=64.8132
[2026-08-13T00:52:44] SAMPLE t=30s phase=Congestion adaptation=without_ML throughput_gbps=8.1574 latency_ms=65.4568
[2026-08-13T00:52:45] SAMPLE t=31s phase=Congestion adaptation=without_ML throughput_gbps=8.0941 latency_ms=68.465
[2026-08-13T00:52:46] SAMPLE t=32s phase=Congestion adaptation=without_ML throughput_gbps=8.0616 latency_ms=65.5619
[2026-08-13T00:52:47] SAMPLE t=33s phase=Congestion adaptation=without_ML throughput_gbps=7.8499 latency_ms=64.8812
[2026-08-13T00:52:48] SAMPLE t=34s phase=Congestion adaptation=without_ML throughput_gbps=8.0385 latency_ms=66.9392
[2026-08-13T00:52:49] SAMPLE t=35s phase=Congestion adaptation=without_ML throughput_gbps=8.0459 latency_ms=63.4119
[2026-08-13T00:52:50] SAMPLE t=36s phase=Congestion adaptation=without_ML throughput_gbps=7.9399 latency_ms=65.9976
[2026-08-13T00:52:51] SAMPLE t=37s phase=Congestion adaptation=without_ML throughput_gbps=7.8685 latency_ms=68.3258
[2026-08-13T00:52:52] SAMPLE t=38s phase=Congestion adaptation=without_ML throughput_gbps=8.0808 latency_ms=69.8519
[2026-08-13T00:52:53] SAMPLE t=39s phase=Congestion adaptation=without_ML throughput_gbps=7.809 latency_ms=66.5513
[2026-08-13T00:52:54] SAMPLE t=40s phase=Path_change adaptation=without_ML throughput_gbps=7.8491 latency_ms=67.2119
[2026-08-13T00:52:55] SAMPLE t=41s phase=Path_change adaptation=without_ML throughput_gbps=7.804 latency_ms=66.9574
[2026-08-13T00:52:56] SAMPLE t=42s phase=Path_change adaptation=without_ML throughput_gbps=7.3867 latency_ms=67.9039
[2026-08-13T00:52:57] SAMPLE t=43s phase=Path_change adaptation=without_ML throughput_gbps=6.7004 latency_ms=67.1206
[2026-08-13T00:52:58] SAMPLE t=44s phase=Path_change adaptation=without_ML throughput_gbps=6.5978 latency_ms=69.9917
[2026-08-13T00:52:59] SAMPLE t=45s phase=Path_change adaptation=without_ML throughput_gbps=6.2313 latency_ms=70.3361
[2026-08-13T00:53:00] SAMPLE t=46s phase=Path_change adaptation=without_ML throughput_gbps=6.0388 latency_ms=72.6793
[2026-08-13T00:53:01] SAMPLE t=47s phase=Path_change adaptation=without_ML throughput_gbps=5.9578 latency_ms=72.9928
[2026-08-13T00:53:02] SAMPLE t=48s phase=Path_change adaptation=without_ML throughput_gbps=5.9009 latency_ms=73.7987
[2026-08-13T00:53:03] SAMPLE t=49s phase=Path_change adaptation=without_ML throughput_gbps=5.7947 latency_ms=70.6884
[2026-08-13T00:53:04] SAMPLE t=50s phase=Path_change adaptation=without_ML throughput_gbps=5.5432 latency_ms=72.332
[2026-08-13T00:53:05] SAMPLE t=51s phase=Path_change adaptation=without_ML throughput_gbps=5.6042 latency_ms=72.0824
[2026-08-13T00:53:06] SAMPLE t=52s phase=Path_change adaptation=without_ML throughput_gbps=5.8168 latency_ms=72.764
[2026-08-13T00:53:07] SAMPLE t=53s phase=Path_change adaptation=without_ML throughput_gbps=5.77 latency_ms=73.0005
[2026-08-13T00:53:08] SAMPLE t=54s phase=Path_change adaptation=without_ML throughput_gbps=6.1654 latency_ms=71.5931
[2026-08-13T00:53:09] SAMPLE t=55s phase=Path_change adaptation=without_ML throughput_gbps=6.2931 latency_ms=70.4287
[2026-08-13T00:53:10] SAMPLE t=56s phase=Path_change adaptation=without_ML throughput_gbps=6.6654 latency_ms=69.4185
[2026-08-13T00:53:11] SAMPLE t=57s phase=Path_change adaptation=without_ML throughput_gbps=6.9173 latency_ms=67.9698
[2026-08-13T00:53:12] SAMPLE t=58s phase=Path_change adaptation=without_ML throughput_gbps=7.0798 latency_ms=68.9223
[2026-08-13T00:53:13] SAMPLE t=59s phase=Path_change adaptation=without_ML throughput_gbps=7.9348 latency_ms=66.4833
[2026-08-13T00:53:14] SAMPLE t=60s phase=Loss_spike adaptation=without_ML throughput_gbps=6.1881 latency_ms=67.5395
[2026-08-13T00:53:15] SAMPLE t=61s phase=Loss_spike adaptation=without_ML throughput_gbps=8.6386 latency_ms=78.8877
[2026-08-13T00:53:16] SAMPLE t=62s phase=Loss_spike adaptation=without_ML throughput_gbps=7.7518 latency_ms=77.7276
[2026-08-13T00:53:17] SAMPLE t=63s phase=Loss_spike adaptation=without_ML throughput_gbps=4.7493 latency_ms=72.6193
[2026-08-13T00:53:18] SAMPLE t=64s phase=Loss_spike adaptation=without_ML throughput_gbps=4.0384 latency_ms=77.3111
[2026-08-13T00:53:19] SAMPLE t=65s phase=Loss_spike adaptation=without_ML throughput_gbps=6.3925 latency_ms=71.1814
[2026-08-13T00:53:20] SAMPLE t=66s phase=Loss_spike adaptation=without_ML throughput_gbps=8.3581 latency_ms=78.1401
[2026-08-13T00:53:21] SAMPLE t=67s phase=Loss_spike adaptation=without_ML throughput_gbps=7.795 latency_ms=72.9778
[2026-08-13T00:53:22] SAMPLE t=68s phase=Loss_spike adaptation=without_ML throughput_gbps=4.9625 latency_ms=74.2129
[2026-08-13T00:53:23] SAMPLE t=69s phase=Loss_spike adaptation=without_ML throughput_gbps=3.9073 latency_ms=77.8086
[2026-08-13T00:53:24] SAMPLE t=70s phase=Loss_spike adaptation=without_ML throughput_gbps=6.2358 latency_ms=69.0238
[2026-08-13T00:53:25] SAMPLE t=71s phase=Loss_spike adaptation=without_ML throughput_gbps=8.5162 latency_ms=78.8339
[2026-08-13T00:53:26] SAMPLE t=72s phase=Loss_spike adaptation=without_ML throughput_gbps=7.4399 latency_ms=72.5062
[2026-08-13T00:53:27] SAMPLE t=73s phase=Loss_spike adaptation=without_ML throughput_gbps=5.1232 latency_ms=74.4592
[2026-08-13T00:53:28] SAMPLE t=74s phase=Loss_spike adaptation=without_ML throughput_gbps=4.0338 latency_ms=79.8568
[2026-08-13T00:53:29] SAMPLE t=75s phase=Loss_spike adaptation=without_ML throughput_gbps=6.2094 latency_ms=70.3815
[2026-08-13T00:53:30] SAMPLE t=76s phase=Loss_spike adaptation=without_ML throughput_gbps=7.875 latency_ms=80.3429
[2026-08-13T00:53:31] SAMPLE t=77s phase=Loss_spike adaptation=without_ML throughput_gbps=7.3588 latency_ms=76.6473
[2026-08-13T00:53:32] SAMPLE t=78s phase=Loss_spike adaptation=without_ML throughput_gbps=4.8034 latency_ms=75.2429
[2026-08-13T00:53:33] SAMPLE t=79s phase=Loss_spike adaptation=without_ML throughput_gbps=3.9781 latency_ms=79.5397
[2026-08-13T00:53:34] SAMPLE t=80s phase=Recovery adaptation=without_ML throughput_gbps=7.8589 latency_ms=67.0991
[2026-08-13T00:53:35] SAMPLE t=81s phase=Recovery adaptation=without_ML throughput_gbps=8.0923 latency_ms=66.1754
[2026-08-13T00:53:36] SAMPLE t=82s phase=Recovery adaptation=without_ML throughput_gbps=8.385 latency_ms=64.5642
[2026-08-13T00:53:37] SAMPLE t=83s phase=Recovery adaptation=without_ML throughput_gbps=8.1545 latency_ms=66.567
[2026-08-13T00:53:38] SAMPLE t=84s phase=Recovery adaptation=without_ML throughput_gbps=7.9546 latency_ms=67.4767
[2026-08-13T00:53:39] SAMPLE t=85s phase=Recovery adaptation=without_ML throughput_gbps=7.7512 latency_ms=66.8188
[2026-08-13T00:53:40] SAMPLE t=86s phase=Recovery adaptation=without_ML throughput_gbps=7.8043 latency_ms=66.109
[2026-08-13T00:53:41] SAMPLE t=87s phase=Recovery adaptation=without_ML throughput_gbps=7.6934 latency_ms=67.7687
[2026-08-13T00:53:42] SAMPLE t=88s phase=Recovery adaptation=without_ML throughput_gbps=8.1285 latency_ms=64.9293
[2026-08-13T00:53:43] SAMPLE t=89s phase=Recovery adaptation=without_ML throughput_gbps=7.9379 latency_ms=63.8766
[2026-08-13T00:53:44] SAMPLE t=90s phase=Recovery adaptation=without_ML throughput_gbps=7.9477 latency_ms=65.5175
[2026-08-13T00:53:45] SAMPLE t=91s phase=Recovery adaptation=without_ML throughput_gbps=7.6959 latency_ms=65.7924
[2026-08-13T00:53:46] SAMPLE t=92s phase=Recovery adaptation=without_ML throughput_gbps=8.1509 latency_ms=64.3286
[2026-08-13T00:53:47] SAMPLE t=93s phase=Recovery adaptation=without_ML throughput_gbps=7.5616 latency_ms=67.1446
[2026-08-13T00:53:48] SAMPLE t=94s phase=Recovery adaptation=without_ML throughput_gbps=8.3889 latency_ms=67.3805
[2026-08-13T00:53:49] SAMPLE t=95s phase=Recovery adaptation=without_ML throughput_gbps=8.5334 latency_ms=64.6302
[2026-08-13T00:53:50] SAMPLE t=96s phase=Recovery adaptation=without_ML throughput_gbps=8.0352 latency_ms=64.1621
[2026-08-13T00:53:51] SAMPLE t=97s phase=Recovery adaptation=without_ML throughput_gbps=7.6384 latency_ms=64.4228
[2026-08-13T00:53:52] SAMPLE t=98s phase=Recovery adaptation=without_ML throughput_gbps=8.2899 latency_ms=68.5088
[2026-08-13T00:53:53] SAMPLE t=99s phase=Recovery adaptation=without_ML throughput_gbps=7.7857 latency_ms=68.3072
[2026-08-13T00:52:14] TRACE_END run_id=83 status=OK
[2026-08-13T00:55:31] TRACE_START run_id=84
[2026-08-13T00:55:31] SAMPLE t=0s phase=Stable adaptation=with_ML throughput_gbps=8.1527 latency_ms=69.4164
[2026-08-13T00:55:32] SAMPLE t=1s phase=Stable adaptation=with_ML throughput_gbps=8.0807 latency_ms=65.6322
[2026-08-13T00:55:33] SAMPLE t=2s phase=Stable adaptation=with_ML throughput_gbps=8.2953 latency_ms=65.7038
[2026-08-13T00:55:34] SAMPLE t=3s phase=Stable adaptation=with_ML throughput_gbps=8.2409 latency_ms=65.858
[2026-08-13T00:55:35] SAMPLE t=4s phase=Stable adaptation=with_ML throughput_gbps=8.3227 latency_ms=67.7906
[2026-08-13T00:55:36] SAMPLE t=5s phase=Stable adaptation=with_ML throughput_gbps=7.9794 latency_ms=65.6324
[2026-08-13T00:55:37] SAMPLE t=6s phase=Stable adaptation=with_ML throughput_gbps=8.2099 latency_ms=65.6184
[2026-08-13T00:55:38] SAMPLE t=7s phase=Stable adaptation=with_ML throughput_gbps=8.133 latency_ms=67.5722
[2026-08-13T00:55:39] SAMPLE t=8s phase=Stable adaptation=with_ML throughput_gbps=8.0355 latency_ms=66.4797
[2026-08-13T00:55:40] SAMPLE t=9s phase=Stable adaptation=with_ML throughput_gbps=8.2631 latency_ms=65.5276
[2026-08-13T00:55:41] SAMPLE t=10s phase=Stable adaptation=with_ML throughput_gbps=7.8949 latency_ms=66.3949
[2026-08-13T00:55:42] SAMPLE t=11s phase=Stable adaptation=with_ML throughput_gbps=8.282 latency_ms=68.5229
[2026-08-13T00:55:43] SAMPLE t=12s phase=Stable adaptation=with_ML throughput_gbps=8.0475 latency_ms=65.5152
[2026-08-13T00:55:44] SAMPLE t=13s phase=Stable adaptation=with_ML throughput_gbps=7.8074 latency_ms=67.1979
[2026-08-13T00:55:45] SAMPLE t=14s phase=Stable adaptation=with_ML throughput_gbps=8.521 latency_ms=63.7773
[2026-08-13T00:55:46] SAMPLE t=15s phase=Stable adaptation=with_ML throughput_gbps=7.9024 latency_ms=66.7605
[2026-08-13T00:55:47] SAMPLE t=16s phase=Stable adaptation=with_ML throughput_gbps=8.3607 latency_ms=65.5124
[2026-08-13T00:55:48] SAMPLE t=17s phase=Stable adaptation=with_ML throughput_gbps=8.2038 latency_ms=66.4825
[2026-08-13T00:55:49] SAMPLE t=18s phase=Stable adaptation=with_ML throughput_gbps=7.8331 latency_ms=66.7886
[2026-08-13T00:55:50] SAMPLE t=19s phase=Stable adaptation=with_ML throughput_gbps=8.2743 latency_ms=65.7181
[2026-08-13T00:55:51] SAMPLE t=20s phase=Congestion adaptation=with_ML throughput_gbps=8.0263 latency_ms=67.3035
[2026-08-13T00:55:52] SAMPLE t=21s phase=Congestion adaptation=with_ML throughput_gbps=8.0489 latency_ms=69.5639
[2026-08-13T00:55:53] SAMPLE t=22s phase=Congestion adaptation=with_ML throughput_gbps=8.0319 latency_ms=65.8393
[2026-08-13T00:55:54] SAMPLE t=23s phase=Congestion adaptation=with_ML throughput_gbps=8.2062 latency_ms=65.7322
[2026-08-13T00:55:55] SAMPLE t=24s phase=Congestion adaptation=with_ML throughput_gbps=7.9286 latency_ms=66.5117
[2026-08-13T00:55:56] SAMPLE t=25s phase=Congestion adaptation=with_ML throughput_gbps=8.2888 latency_ms=64.7273
[2026-08-13T00:55:57] SAMPLE t=26s phase=Congestion adaptation=with_ML throughput_gbps=8.1147 latency_ms=67.6097
[2026-08-13T00:55:58] SAMPLE t=27s phase=Congestion adaptation=with_ML throughput_gbps=8.2752 latency_ms=66.7141
[2026-08-13T00:55:59] SAMPLE t=28s phase=Congestion adaptation=with_ML throughput_gbps=7.9177 latency_ms=65.5586
[2026-08-13T00:56:00] SAMPLE t=29s phase=Congestion adaptation=with_ML throughput_gbps=7.9406 latency_ms=68.1785
[2026-08-13T00:56:01] SAMPLE t=30s phase=Congestion adaptation=with_ML throughput_gbps=7.9659 latency_ms=69.455
[2026-08-13T00:56:02] SAMPLE t=31s phase=Congestion adaptation=with_ML throughput_gbps=8.1242 latency_ms=68.2789
[2026-08-13T00:56:03] SAMPLE t=32s phase=Congestion adaptation=with_ML throughput_gbps=7.8585 latency_ms=67.0514
[2026-08-13T00:56:04] SAMPLE t=33s phase=Congestion adaptation=with_ML throughput_gbps=8.0385 latency_ms=68.5805
[2026-08-13T00:56:05] SAMPLE t=34s phase=Congestion adaptation=with_ML throughput_gbps=8.0489 latency_ms=66.758
[2026-08-13T00:56:06] SAMPLE t=35s phase=Congestion adaptation=with_ML throughput_gbps=7.8064 latency_ms=64.4229
[2026-08-13T00:56:07] SAMPLE t=36s phase=Congestion adaptation=with_ML throughput_gbps=8.3893 latency_ms=68.4335
[2026-08-13T00:56:08] SAMPLE t=37s phase=Congestion adaptation=with_ML throughput_gbps=8.114 latency_ms=65.5707
[2026-08-13T00:56:09] SAMPLE t=38s phase=Congestion adaptation=with_ML throughput_gbps=8.1231 latency_ms=65.768
[2026-08-13T00:56:10] SAMPLE t=39s phase=Congestion adaptation=with_ML throughput_gbps=7.5843 latency_ms=67.5002
[2026-08-13T00:56:11] SAMPLE t=40s phase=Path_change adaptation=with_ML throughput_gbps=7.8897 latency_ms=65.5351
[2026-08-13T00:56:12] SAMPLE t=41s phase=Path_change adaptation=with_ML throughput_gbps=7.848 latency_ms=64.3156
[2026-08-13T00:56:13] SAMPLE t=42s phase=Path_change adaptation=with_ML throughput_gbps=7.8958 latency_ms=65.2407
[2026-08-13T00:56:14] SAMPLE t=43s phase=Path_change adaptation=with_ML throughput_gbps=7.4682 latency_ms=67.4047
[2026-08-13T00:56:15] SAMPLE t=44s phase=Path_change adaptation=with_ML throughput_gbps=8.031 latency_ms=66.0702
[2026-08-13T00:56:16] SAMPLE t=45s phase=Path_change adaptation=with_ML throughput_gbps=7.6956 latency_ms=68.8944
[2026-08-13T00:56:17] SAMPLE t=46s phase=Path_change adaptation=with_ML throughput_gbps=7.6931 latency_ms=66.492
[2026-08-13T00:56:18] SAMPLE t=47s phase=Path_change adaptation=with_ML throughput_gbps=7.5432 latency_ms=66.9407
[2026-08-13T00:56:19] SAMPLE t=48s phase=Path_change adaptation=with_ML throughput_gbps=7.4389 latency_ms=68.9076
[2026-08-13T00:56:20] SAMPLE t=49s phase=Path_change adaptation=with_ML throughput_gbps=7.0325 latency_ms=71.5809
[2026-08-13T00:56:21] SAMPLE t=50s phase=Path_change adaptation=with_ML throughput_gbps=7.3544 latency_ms=68.0257
[2026-08-13T00:56:22] SAMPLE t=51s phase=Path_change adaptation=with_ML throughput_gbps=7.2613 latency_ms=69.3919
[2026-08-13T00:56:23] SAMPLE t=52s phase=Path_change adaptation=with_ML throughput_gbps=6.8834 latency_ms=68.6166
[2026-08-13T00:56:24] SAMPLE t=53s phase=Path_change adaptation=with_ML throughput_gbps=7.3251 latency_ms=69.7096
[2026-08-13T00:56:25] SAMPLE t=54s phase=Path_change adaptation=with_ML throughput_gbps=7.4392 latency_ms=66.1092
[2026-08-13T00:56:26] SAMPLE t=55s phase=Path_change adaptation=with_ML throughput_gbps=7.4213 latency_ms=66.3324
[2026-08-13T00:56:27] SAMPLE t=56s phase=Path_change adaptation=with_ML throughput_gbps=7.9609 latency_ms=66.6194
[2026-08-13T00:56:28] SAMPLE t=57s phase=Path_change adaptation=with_ML throughput_gbps=7.7784 latency_ms=67.0075
[2026-08-13T00:56:29] SAMPLE t=58s phase=Path_change adaptation=with_ML throughput_gbps=7.8133 latency_ms=65.9048
[2026-08-13T00:56:30] SAMPLE t=59s phase=Path_change adaptation=with_ML throughput_gbps=7.6839 latency_ms=67.7765
[2026-08-13T00:56:31] SAMPLE t=60s phase=Loss_spike adaptation=with_ML throughput_gbps=7.379 latency_ms=69.3953
[2026-08-13T00:56:32] SAMPLE t=61s phase=Loss_spike adaptation=with_ML throughput_gbps=8.2258 latency_ms=72.3194
[2026-08-13T00:56:33] SAMPLE t=62s phase=Loss_spike adaptation=with_ML throughput_gbps=8.0568 latency_ms=70.8889
[2026-08-13T00:56:34] SAMPLE t=63s phase=Loss_spike adaptation=with_ML throughput_gbps=6.9359 latency_ms=70.1622
[2026-08-13T00:56:35] SAMPLE t=64s phase=Loss_spike adaptation=with_ML throughput_gbps=6.2352 latency_ms=73.8274
[2026-08-13T00:56:36] SAMPLE t=65s phase=Loss_spike adaptation=with_ML throughput_gbps=7.1562 latency_ms=69.3385
[2026-08-13T00:56:37] SAMPLE t=66s phase=Loss_spike adaptation=with_ML throughput_gbps=8.418 latency_ms=69.5341
[2026-08-13T00:56:38] SAMPLE t=67s phase=Loss_spike adaptation=with_ML throughput_gbps=8.2504 latency_ms=68.7087
[2026-08-13T00:56:39] SAMPLE t=68s phase=Loss_spike adaptation=with_ML throughput_gbps=6.863 latency_ms=71.2682
[2026-08-13T00:56:40] SAMPLE t=69s phase=Loss_spike adaptation=with_ML throughput_gbps=6.224 latency_ms=71.5355
[2026-08-13T00:56:41] SAMPLE t=70s phase=Loss_spike adaptation=with_ML throughput_gbps=7.305 latency_ms=68.0298
[2026-08-13T00:56:42] SAMPLE t=71s phase=Loss_spike adaptation=with_ML throughput_gbps=8.2201 latency_ms=69.4614
[2026-08-13T00:56:43] SAMPLE t=72s phase=Loss_spike adaptation=with_ML throughput_gbps=8.0663 latency_ms=67.618
[2026-08-13T00:56:44] SAMPLE t=73s phase=Loss_spike adaptation=with_ML throughput_gbps=6.609 latency_ms=69.9102
[2026-08-13T00:56:45] SAMPLE t=74s phase=Loss_spike adaptation=with_ML throughput_gbps=6.1779 latency_ms=71.17
[2026-08-13T00:56:46] SAMPLE t=75s phase=Loss_spike adaptation=with_ML throughput_gbps=7.3921 latency_ms=69.0045
[2026-08-13T00:56:47] SAMPLE t=76s phase=Loss_spike adaptation=with_ML throughput_gbps=8.0869 latency_ms=73.0157
[2026-08-13T00:56:48] SAMPLE t=77s phase=Loss_spike adaptation=with_ML throughput_gbps=7.5477 latency_ms=68.8404
[2026-08-13T00:56:49] SAMPLE t=78s phase=Loss_spike adaptation=with_ML throughput_gbps=6.4316 latency_ms=70.1526
[2026-08-13T00:56:50] SAMPLE t=79s phase=Loss_spike adaptation=with_ML throughput_gbps=6.3661 latency_ms=69.4615
[2026-08-13T00:56:51] SAMPLE t=80s phase=Recovery adaptation=with_ML throughput_gbps=7.8855 latency_ms=65.5032
[2026-08-13T00:56:52] SAMPLE t=81s phase=Recovery adaptation=with_ML throughput_gbps=8.2212 latency_ms=67.6427
[2026-08-13T00:56:53] SAMPLE t=82s phase=Recovery adaptation=with_ML throughput_gbps=8.2259 latency_ms=66.6253
[2026-08-13T00:56:54] SAMPLE t=83s phase=Recovery adaptation=with_ML throughput_gbps=8.5003 latency_ms=64.4575
[2026-08-13T00:56:55] SAMPLE t=84s phase=Recovery adaptation=with_ML throughput_gbps=8.3174 latency_ms=68.3826
[2026-08-13T00:56:56] SAMPLE t=85s phase=Recovery adaptation=with_ML throughput_gbps=8.2498 latency_ms=66.1504
[2026-08-13T00:56:57] SAMPLE t=86s phase=Recovery adaptation=with_ML throughput_gbps=8.6537 latency_ms=66.3923
[2026-08-13T00:56:58] SAMPLE t=87s phase=Recovery adaptation=with_ML throughput_gbps=7.9147 latency_ms=65.3236
[2026-08-13T00:56:59] SAMPLE t=88s phase=Recovery adaptation=with_ML throughput_gbps=7.8239 latency_ms=66.8054
[2026-08-13T00:57:00] SAMPLE t=89s phase=Recovery adaptation=with_ML throughput_gbps=7.8582 latency_ms=66.6565
[2026-08-13T00:57:01] SAMPLE t=90s phase=Recovery adaptation=with_ML throughput_gbps=8.1816 latency_ms=64.2382
[2026-08-13T00:57:02] SAMPLE t=91s phase=Recovery adaptation=with_ML throughput_gbps=8.465 latency_ms=66.7495
[2026-08-13T00:57:03] SAMPLE t=92s phase=Recovery adaptation=with_ML throughput_gbps=8.3117 latency_ms=65.0139
[2026-08-13T00:57:04] SAMPLE t=93s phase=Recovery adaptation=with_ML throughput_gbps=8.5279 latency_ms=64.7578
[2026-08-13T00:57:05] SAMPLE t=94s phase=Recovery adaptation=with_ML throughput_gbps=8.5196 latency_ms=66.6562
[2026-08-13T00:57:06] SAMPLE t=95s phase=Recovery adaptation=with_ML throughput_gbps=8.413 latency_ms=64.9194
[2026-08-13T00:57:07] SAMPLE t=96s phase=Recovery adaptation=with_ML throughput_gbps=8.3621 latency_ms=65.3917
[2026-08-13T00:57:08] SAMPLE t=97s phase=Recovery adaptation=with_ML throughput_gbps=8.341 latency_ms=65.5532
[2026-08-13T00:57:09] SAMPLE t=98s phase=Recovery adaptation=with_ML throughput_gbps=8.216 latency_ms=63.3507
[2026-08-13T00:57:10] SAMPLE t=99s phase=Recovery adaptation=with_ML throughput_gbps=8.86 latency_ms=65.1325
[2026-08-13T00:55:31] SAMPLE t=0s phase=Stable adaptation=without_ML throughput_gbps=7.8862 latency_ms=66.2355
[2026-08-13T00:55:32] SAMPLE t=1s phase=Stable adaptation=without_ML throughput_gbps=7.8887 latency_ms=66.0602
[2026-08-13T00:55:33] SAMPLE t=2s phase=Stable adaptation=without_ML throughput_gbps=7.9015 latency_ms=64.3001
[2026-08-13T00:55:34] SAMPLE t=3s phase=Stable adaptation=without_ML throughput_gbps=8.2173 latency_ms=65.635
[2026-08-13T00:55:35] SAMPLE t=4s phase=Stable adaptation=without_ML throughput_gbps=8.093 latency_ms=65.7201
[2026-08-13T00:55:36] SAMPLE t=5s phase=Stable adaptation=without_ML throughput_gbps=7.4275 latency_ms=67.1529
[2026-08-13T00:55:37] SAMPLE t=6s phase=Stable adaptation=without_ML throughput_gbps=7.6939 latency_ms=68.8793
[2026-08-13T00:55:38] SAMPLE t=7s phase=Stable adaptation=without_ML throughput_gbps=8.1292 latency_ms=65.942
[2026-08-13T00:55:39] SAMPLE t=8s phase=Stable adaptation=without_ML throughput_gbps=8.4488 latency_ms=66.0051
[2026-08-13T00:55:40] SAMPLE t=9s phase=Stable adaptation=without_ML throughput_gbps=8.0435 latency_ms=65.7515
[2026-08-13T00:55:41] SAMPLE t=10s phase=Stable adaptation=without_ML throughput_gbps=8.2987 latency_ms=68.1076
[2026-08-13T00:55:42] SAMPLE t=11s phase=Stable adaptation=without_ML throughput_gbps=7.9088 latency_ms=67.9442
[2026-08-13T00:55:43] SAMPLE t=12s phase=Stable adaptation=without_ML throughput_gbps=8.2653 latency_ms=66.8921
[2026-08-13T00:55:44] SAMPLE t=13s phase=Stable adaptation=without_ML throughput_gbps=8.0177 latency_ms=64.4223
[2026-08-13T00:55:45] SAMPLE t=14s phase=Stable adaptation=without_ML throughput_gbps=8.2213 latency_ms=65.4357
[2026-08-13T00:55:46] SAMPLE t=15s phase=Stable adaptation=without_ML throughput_gbps=8.1858 latency_ms=67.6005
[2026-08-13T00:55:47] SAMPLE t=16s phase=Stable adaptation=without_ML throughput_gbps=7.809 latency_ms=67.0456
[2026-08-13T00:55:48] SAMPLE t=17s phase=Stable adaptation=without_ML throughput_gbps=7.6069 latency_ms=66.4336
[2026-08-13T00:55:49] SAMPLE t=18s phase=Stable adaptation=without_ML throughput_gbps=7.7838 latency_ms=63.7984
[2026-08-13T00:55:50] SAMPLE t=19s phase=Stable adaptation=without_ML throughput_gbps=8.432 latency_ms=64.1852
[2026-08-13T00:55:51] SAMPLE t=20s phase=Congestion adaptation=without_ML throughput_gbps=8.1891 latency_ms=66.3506
[2026-08-13T00:55:52] SAMPLE t=21s phase=Congestion adaptation=without_ML throughput_gbps=8.1499 latency_ms=63.8118
[2026-08-13T00:55:53] SAMPLE t=22s phase=Congestion adaptation=without_ML throughput_gbps=8.6716 latency_ms=65.5067
[2026-08-13T00:55:54] SAMPLE t=23s phase=Congestion adaptation=without_ML throughput_gbps=8.2864 latency_ms=64.8145
[2026-08-13T00:55:55] SAMPLE t=24s phase=Congestion adaptation=without_ML throughput_gbps=8.0373 latency_ms=65.7369
[2026-08-13T00:55:56] SAMPLE t=25s phase=Congestion adaptation=without_ML throughput_gbps=7.3907 latency_ms=66.1615
[2026-08-13T00:55:57] SAMPLE t=26s phase=Congestion adaptation=without_ML throughput_gbps=8.4216 latency_ms=65.6165
[2026-08-13T00:55:58] SAMPLE t=27s phase=Congestion adaptation=without_ML throughput_gbps=7.9338 latency_ms=65.0759
[2026-08-13T00:55:59] SAMPLE t=28s phase=Congestion adaptation=without_ML throughput_gbps=7.8823 latency_ms=66.5649
[2026-08-13T00:56:00] SAMPLE t=29s phase=Congestion adaptation=without_ML throughput_gbps=7.7631 latency_ms=66.499
[2026-08-13T00:56:01] SAMPLE t=30s phase=Congestion adaptation=without_ML throughput_gbps=7.8482 latency_ms=65.1933
[2026-08-13T00:56:02] SAMPLE t=31s phase=Congestion adaptation=without_ML throughput_gbps=8.0056 latency_ms=66.0583
[2026-08-13T00:56:03] SAMPLE t=32s phase=Congestion adaptation=without_ML throughput_gbps=7.871 latency_ms=65.4713
[2026-08-13T00:56:04] SAMPLE t=33s phase=Congestion adaptation=without_ML throughput_gbps=8.1867 latency_ms=65.3697
[2026-08-13T00:56:05] SAMPLE t=34s phase=Congestion adaptation=without_ML throughput_gbps=7.6786 latency_ms=66.2167
[2026-08-13T00:56:06] SAMPLE t=35s phase=Congestion adaptation=without_ML throughput_gbps=7.9558 latency_ms=66.152
[2026-08-13T00:56:07] SAMPLE t=36s phase=Congestion adaptation=without_ML throughput_gbps=7.8917 latency_ms=67.6259
[2026-08-13T00:56:08] SAMPLE t=37s phase=Congestion adaptation=without_ML throughput_gbps=8.1264 latency_ms=65.3168
[2026-08-13T00:56:09] SAMPLE t=38s phase=Congestion adaptation=without_ML throughput_gbps=8.052 latency_ms=64.7583
[2026-08-13T00:56:10] SAMPLE t=39s phase=Congestion adaptation=without_ML throughput_gbps=8.5977 latency_ms=65.4264
[2026-08-13T00:56:11] SAMPLE t=40s phase=Path_change adaptation=without_ML throughput_gbps=7.9533 latency_ms=66.276
[2026-08-13T00:56:12] SAMPLE t=41s phase=Path_change adaptation=without_ML throughput_gbps=7.6656 latency_ms=69.8595
[2026-08-13T00:56:13] SAMPLE t=42s phase=Path_change adaptation=without_ML throughput_gbps=7.0537 latency_ms=67.8451
[2026-08-13T00:56:14] SAMPLE t=43s phase=Path_change adaptation=without_ML throughput_gbps=6.9412 latency_ms=66.4234
[2026-08-13T00:56:15] SAMPLE t=44s phase=Path_change adaptation=without_ML throughput_gbps=6.6583 latency_ms=70.2893
[2026-08-13T00:56:16] SAMPLE t=45s phase=Path_change adaptation=without_ML throughput_gbps=6.5512 latency_ms=68.2694
[2026-08-13T00:56:17] SAMPLE t=46s phase=Path_change adaptation=without_ML throughput_gbps=6.2085 latency_ms=69.1021
[2026-08-13T00:56:18] SAMPLE t=47s phase=Path_change adaptation=without_ML throughput_gbps=5.9848 latency_ms=72.7909
[2026-08-13T00:56:19] SAMPLE t=48s phase=Path_change adaptation=without_ML throughput_gbps=5.8301 latency_ms=74.8583
[2026-08-13T00:56:20] SAMPLE t=49s phase=Path_change adaptation=without_ML throughput_gbps=5.5857 latency_ms=73.6317
[2026-08-13T00:56:21] SAMPLE t=50s phase=Path_change adaptation=without_ML throughput_gbps=5.437 latency_ms=71.9825
[2026-08-13T00:56:22] SAMPLE t=51s phase=Path_change adaptation=without_ML throughput_gbps=5.7629 latency_ms=72.5719
[2026-08-13T00:56:23] SAMPLE t=52s phase=Path_change adaptation=without_ML throughput_gbps=5.8803 latency_ms=71.9555
[2026-08-13T00:56:24] SAMPLE t=53s phase=Path_change adaptation=without_ML throughput_gbps=6.2099 latency_ms=71.0894
[2026-08-13T00:56:25] SAMPLE t=54s phase=Path_change adaptation=without_ML throughput_gbps=6.2136 latency_ms=70.6893
[2026-08-13T00:56:26] SAMPLE t=55s phase=Path_change adaptation=without_ML throughput_gbps=6.4022 latency_ms=68.841
[2026-08-13T00:56:27] SAMPLE t=56s phase=Path_change adaptation=without_ML throughput_gbps=6.6956 latency_ms=70.5345
[2026-08-13T00:56:28] SAMPLE t=57s phase=Path_change adaptation=without_ML throughput_gbps=6.7628 latency_ms=67.8363
[2026-08-13T00:56:29] SAMPLE t=58s phase=Path_change adaptation=without_ML throughput_gbps=7.3208 latency_ms=69.8812
[2026-08-13T00:56:30] SAMPLE t=59s phase=Path_change adaptation=without_ML throughput_gbps=7.7717 latency_ms=65.4489
[2026-08-13T00:56:31] SAMPLE t=60s phase=Loss_spike adaptation=without_ML throughput_gbps=6.276 latency_ms=67.6045
[2026-08-13T00:56:32] SAMPLE t=61s phase=Loss_spike adaptation=without_ML throughput_gbps=8.3079 latency_ms=77.2925
[2026-08-13T00:56:33] SAMPLE t=62s phase=Loss_spike adaptation=without_ML throughput_gbps=7.6253 latency_ms=75.8269
[2026-08-13T00:56:34] SAMPLE t=63s phase=Loss_spike adaptation=without_ML throughput_gbps=4.7486 latency_ms=76.6034
[2026-08-13T00:56:35] SAMPLE t=64s phase=Loss_spike adaptation=without_ML throughput_gbps=4.1398 latency_ms=82.1765
[2026-08-13T00:56:36] SAMPLE t=65s phase=Loss_spike adaptation=without_ML throughput_gbps=6.0164 latency_ms=69.3782
[2026-08-13T00:56:37] SAMPLE t=66s phase=Loss_spike adaptation=without_ML throughput_gbps=8.3285 latency_ms=77.9791
[2026-08-13T00:56:38] SAMPLE t=67s phase=Loss_spike adaptation=without_ML throughput_gbps=7.5203 latency_ms=76.3901
[2026-08-13T00:56:39] SAMPLE t=68s phase=Loss_spike adaptation=without_ML throughput_gbps=4.5635 latency_ms=75.6788
[2026-08-13T00:56:40] SAMPLE t=69s phase=Loss_spike adaptation=without_ML throughput_gbps=3.871 latency_ms=79.9232
[2026-08-13T00:56:41] SAMPLE t=70s phase=Loss_spike adaptation=without_ML throughput_gbps=5.9652 latency_ms=71.879
[2026-08-13T00:56:42] SAMPLE t=71s phase=Loss_spike adaptation=without_ML throughput_gbps=8.5803 latency_ms=80.9518
[2026-08-13T00:56:43] SAMPLE t=72s phase=Loss_spike adaptation=without_ML throughput_gbps=7.606 latency_ms=76.8539
[2026-08-13T00:56:44] SAMPLE t=73s phase=Loss_spike adaptation=without_ML throughput_gbps=4.7145 latency_ms=75.592
[2026-08-13T00:56:45] SAMPLE t=74s phase=Loss_spike adaptation=without_ML throughput_gbps=3.9579 latency_ms=81.1491
[2026-08-13T00:56:46] SAMPLE t=75s phase=Loss_spike adaptation=without_ML throughput_gbps=6.2976 latency_ms=68.3868
[2026-08-13T00:56:47] SAMPLE t=76s phase=Loss_spike adaptation=without_ML throughput_gbps=8.5399 latency_ms=78.2974
[2026-08-13T00:56:48] SAMPLE t=77s phase=Loss_spike adaptation=without_ML throughput_gbps=7.9633 latency_ms=76.3371
[2026-08-13T00:56:49] SAMPLE t=78s phase=Loss_spike adaptation=without_ML throughput_gbps=4.6578 latency_ms=75.2135
[2026-08-13T00:56:50] SAMPLE t=79s phase=Loss_spike adaptation=without_ML throughput_gbps=3.9137 latency_ms=80.7723
[2026-08-13T00:56:51] SAMPLE t=80s phase=Recovery adaptation=without_ML throughput_gbps=8.2091 latency_ms=65.0913
[2026-08-13T00:56:52] SAMPLE t=81s phase=Recovery adaptation=without_ML throughput_gbps=7.95 latency_ms=65.23
[2026-08-13T00:56:53] SAMPLE t=82s phase=Recovery adaptation=without_ML throughput_gbps=7.9772 latency_ms=67.0374
[2026-08-13T00:56:54] SAMPLE t=83s phase=Recovery adaptation=without_ML throughput_gbps=7.8846 latency_ms=65.1954
[2026-08-13T00:56:55] SAMPLE t=84s phase=Recovery adaptation=without_ML throughput_gbps=8.3297 latency_ms=62.3938
[2026-08-13T00:56:56] SAMPLE t=85s phase=Recovery adaptation=without_ML throughput_gbps=8.0301 latency_ms=64.5814
[2026-08-13T00:56:57] SAMPLE t=86s phase=Recovery adaptation=without_ML throughput_gbps=8.0707 latency_ms=66.3304
[2026-08-13T00:56:58] SAMPLE t=87s phase=Recovery adaptation=without_ML throughput_gbps=8.0549 latency_ms=65.7719
[2026-08-13T00:56:59] SAMPLE t=88s phase=Recovery adaptation=without_ML throughput_gbps=7.6199 latency_ms=67.9383
[2026-08-13T00:57:00] SAMPLE t=89s phase=Recovery adaptation=without_ML throughput_gbps=8.068 latency_ms=64.3956
[2026-08-13T00:57:01] SAMPLE t=90s phase=Recovery adaptation=without_ML throughput_gbps=8.0294 latency_ms=68.296
[2026-08-13T00:57:02] SAMPLE t=91s phase=Recovery adaptation=without_ML throughput_gbps=8.3989 latency_ms=64.8513
[2026-08-13T00:57:03] SAMPLE t=92s phase=Recovery adaptation=without_ML throughput_gbps=7.9473 latency_ms=66.5581
[2026-08-13T00:57:04] SAMPLE t=93s phase=Recovery adaptation=without_ML throughput_gbps=7.903 latency_ms=63.8732
[2026-08-13T00:57:05] SAMPLE t=94s phase=Recovery adaptation=without_ML throughput_gbps=7.9236 latency_ms=69.4435
[2026-08-13T00:57:06] SAMPLE t=95s phase=Recovery adaptation=without_ML throughput_gbps=8.1061 latency_ms=65.6798
[2026-08-13T00:57:07] SAMPLE t=96s phase=Recovery adaptation=without_ML throughput_gbps=8.1354 latency_ms=65.0839
[2026-08-13T00:57:08] SAMPLE t=97s phase=Recovery adaptation=without_ML throughput_gbps=7.8495 latency_ms=66.0498
[2026-08-13T00:57:09] SAMPLE t=98s phase=Recovery adaptation=without_ML throughput_gbps=8.0187 latency_ms=64.4291
[2026-08-13T00:57:10] SAMPLE t=99s phase=Recovery adaptation=without_ML throughput_gbps=7.9249 latency_ms=67.048
[2026-08-13T00:55:31] TRACE_END run_id=84 status=OK
[2026-08-13T01:10:35] TRACE_START run_id=85
[2026-08-13T01:10:35] SAMPLE t=0s phase=Stable adaptation=with_ML throughput_gbps=8.4553 latency_ms=64.8842
[2026-08-13T01:10:36] SAMPLE t=1s phase=Stable adaptation=with_ML throughput_gbps=8.1429 latency_ms=66.3296
[2026-08-13T01:10:37] SAMPLE t=2s phase=Stable adaptation=with_ML throughput_gbps=7.8268 latency_ms=68.3372
[2026-08-13T01:10:38] SAMPLE t=3s phase=Stable adaptation=with_ML throughput_gbps=8.389 latency_ms=66.5155
[2026-08-13T01:10:39] SAMPLE t=4s phase=Stable adaptation=with_ML throughput_gbps=8.1697 latency_ms=66.5933
[2026-08-13T01:10:40] SAMPLE t=5s phase=Stable adaptation=with_ML throughput_gbps=8.1376 latency_ms=68.6554
[2026-08-13T01:10:41] SAMPLE t=6s phase=Stable adaptation=with_ML throughput_gbps=8.1628 latency_ms=66.525
[2026-08-13T01:10:42] SAMPLE t=7s phase=Stable adaptation=with_ML throughput_gbps=7.9346 latency_ms=66.5661
[2026-08-13T01:10:43] SAMPLE t=8s phase=Stable adaptation=with_ML throughput_gbps=8.0966 latency_ms=67.9378
[2026-08-13T01:10:44] SAMPLE t=9s phase=Stable adaptation=with_ML throughput_gbps=8.2953 latency_ms=66.6626
[2026-08-13T01:10:45] SAMPLE t=10s phase=Stable adaptation=with_ML throughput_gbps=7.6963 latency_ms=66.0447
[2026-08-13T01:10:46] SAMPLE t=11s phase=Stable adaptation=with_ML throughput_gbps=8.2112 latency_ms=64.6445
[2026-08-13T01:10:47] SAMPLE t=12s phase=Stable adaptation=with_ML throughput_gbps=7.9217 latency_ms=66.6157
[2026-08-13T01:10:48] SAMPLE t=13s phase=Stable adaptation=with_ML throughput_gbps=7.9145 latency_ms=66.6728
[2026-08-13T01:10:49] SAMPLE t=14s phase=Stable adaptation=with_ML throughput_gbps=7.8542 latency_ms=67.0604
[2026-08-13T01:10:50] SAMPLE t=15s phase=Stable adaptation=with_ML throughput_gbps=8.1115 latency_ms=69.8206
[2026-08-13T01:10:51] SAMPLE t=16s phase=Stable adaptation=with_ML throughput_gbps=8.0045 latency_ms=65.9353
[2026-08-13T01:10:52] SAMPLE t=17s phase=Stable adaptation=with_ML throughput_gbps=8.0607 latency_ms=66.4798
[2026-08-13T01:10:53] SAMPLE t=18s phase=Stable adaptation=with_ML throughput_gbps=8.3479 latency_ms=66.3338
[2026-08-13T01:10:54] SAMPLE t=19s phase=Stable adaptation=with_ML throughput_gbps=8.233 latency_ms=67.5518
[2026-08-13T01:10:55] SAMPLE t=20s phase=Congestion adaptation=with_ML throughput_gbps=8.0443 latency_ms=66.5409
[2026-08-13T01:10:56] SAMPLE t=21s phase=Congestion adaptation=with_ML throughput_gbps=8.0634 latency_ms=68.2446
[2026-08-13T01:10:57] SAMPLE t=22s phase=Congestion adaptation=with_ML throughput_gbps=8.1845 latency_ms=67.28
[2026-08-13T01:10:58] SAMPLE t=23s phase=Congestion adaptation=with_ML throughput_gbps=8.1286 latency_ms=65.7242
[2026-08-13T01:10:59] SAMPLE t=24s phase=Congestion adaptation=with_ML throughput_gbps=7.9866 latency_ms=65.6329
[2026-08-13T01:11:00] SAMPLE t=25s phase=Congestion adaptation=with_ML throughput_gbps=7.7428 latency_ms=65.5381
[2026-08-13T01:11:01] SAMPLE t=26s phase=Congestion adaptation=with_ML throughput_gbps=8.45 latency_ms=65.1967
[2026-08-13T01:11:02] SAMPLE t=27s phase=Congestion adaptation=with_ML throughput_gbps=8.1284 latency_ms=66.9532
[2026-08-13T01:11:03] SAMPLE t=28s phase=Congestion adaptation=with_ML throughput_gbps=8.0102 latency_ms=68.1152
[2026-08-13T01:11:04] SAMPLE t=29s phase=Congestion adaptation=with_ML throughput_gbps=8.1078 latency_ms=66.8423
[2026-08-13T01:11:05] SAMPLE t=30s phase=Congestion adaptation=with_ML throughput_gbps=8.2608 latency_ms=65.5419
[2026-08-13T01:11:06] SAMPLE t=31s phase=Congestion adaptation=with_ML throughput_gbps=7.9105 latency_ms=65.5362
[2026-08-13T01:11:07] SAMPLE t=32s phase=Congestion adaptation=with_ML throughput_gbps=7.92 latency_ms=66.768
[2026-08-13T01:11:08] SAMPLE t=33s phase=Congestion adaptation=with_ML throughput_gbps=7.9413 latency_ms=67.6887
[2026-08-13T01:11:09] SAMPLE t=34s phase=Congestion adaptation=with_ML throughput_gbps=8.0326 latency_ms=66.99
[2026-08-13T01:11:10] SAMPLE t=35s phase=Congestion adaptation=with_ML throughput_gbps=8.0626 latency_ms=64.7203
[2026-08-13T01:11:11] SAMPLE t=36s phase=Congestion adaptation=with_ML throughput_gbps=8.3637 latency_ms=67.1811
[2026-08-13T01:11:12] SAMPLE t=37s phase=Congestion adaptation=with_ML throughput_gbps=8.2124 latency_ms=66.9543
[2026-08-13T01:11:13] SAMPLE t=38s phase=Congestion adaptation=with_ML throughput_gbps=8.1812 latency_ms=68.4035
[2026-08-13T01:11:14] SAMPLE t=39s phase=Congestion adaptation=with_ML throughput_gbps=8.1692 latency_ms=66.9696
[2026-08-13T01:11:15] SAMPLE t=40s phase=Path_change adaptation=with_ML throughput_gbps=8.4254 latency_ms=63.5249
[2026-08-13T01:11:16] SAMPLE t=41s phase=Path_change adaptation=with_ML throughput_gbps=8.0654 latency_ms=68.1682
[2026-08-13T01:11:17] SAMPLE t=42s phase=Path_change adaptation=with_ML throughput_gbps=7.9181 latency_ms=67.2186
[2026-08-13T01:11:18] SAMPLE t=43s phase=Path_change adaptation=with_ML throughput_gbps=7.7461 latency_ms=66.5814
[2026-08-13T01:11:19] SAMPLE t=44s phase=Path_change adaptation=with_ML throughput_gbps=7.5392 latency_ms=65.844
[2026-08-13T01:11:20] SAMPLE t=45s phase=Path_change adaptation=with_ML throughput_gbps=7.3812 latency_ms=67.4847
[2026-08-13T01:11:21] SAMPLE t=46s phase=Path_change adaptation=with_ML throughput_gbps=7.7581 latency_ms=68.7072
[2026-08-13T01:11:22] SAMPLE t=47s phase=Path_change adaptation=with_ML throughput_gbps=7.3336 latency_ms=67.8338
[2026-08-13T01:11:23] SAMPLE t=48s phase=Path_change adaptation=with_ML throughput_gbps=6.9873 latency_ms=69.4188
[2026-08-13T01:11:24] SAMPLE t=49s phase=Path_change adaptation=with_ML throughput_gbps=7.2754 latency_ms=68.8709
[2026-08-13T01:11:25] SAMPLE t=50s phase=Path_change adaptation=with_ML throughput_gbps=6.9127 latency_ms=69.3635
[2026-08-13T01:11:26] SAMPLE t=51s phase=Path_change adaptation=with_ML throughput_gbps=7.2855 latency_ms=67.5343
[2026-08-13T01:11:27] SAMPLE t=52s phase=Path_change adaptation=with_ML throughput_gbps=7.2738 latency_ms=69.366
[2026-08-13T01:11:28] SAMPLE t=53s phase=Path_change adaptation=with_ML throughput_gbps=7.3228 latency_ms=67.8158
[2026-08-13T01:11:29] SAMPLE t=54s phase=Path_change adaptation=with_ML throughput_gbps=7.389 latency_ms=66.8603
[2026-08-13T01:11:30] SAMPLE t=55s phase=Path_change adaptation=with_ML throughput_gbps=7.2318 latency_ms=68.603
[2026-08-13T01:11:31] SAMPLE t=56s phase=Path_change adaptation=with_ML throughput_gbps=7.6673 latency_ms=67.9004
[2026-08-13T01:11:32] SAMPLE t=57s phase=Path_change adaptation=with_ML throughput_gbps=7.4688 latency_ms=67.126
[2026-08-13T01:11:33] SAMPLE t=58s phase=Path_change adaptation=with_ML throughput_gbps=8.0806 latency_ms=68.1251
[2026-08-13T01:11:34] SAMPLE t=59s phase=Path_change adaptation=with_ML throughput_gbps=8.1418 latency_ms=66.7506
[2026-08-13T01:11:35] SAMPLE t=60s phase=Loss_spike adaptation=with_ML throughput_gbps=7.4109 latency_ms=67.4728
[2026-08-13T01:11:36] SAMPLE t=61s phase=Loss_spike adaptation=with_ML throughput_gbps=8.2751 latency_ms=70.9055
[2026-08-13T01:11:37] SAMPLE t=62s phase=Loss_spike adaptation=with_ML throughput_gbps=7.9528 latency_ms=70.0221
[2026-08-13T01:11:38] SAMPLE t=63s phase=Loss_spike adaptation=with_ML throughput_gbps=6.4479 latency_ms=69.0821
[2026-08-13T01:11:39] SAMPLE t=64s phase=Loss_spike adaptation=with_ML throughput_gbps=6.0183 latency_ms=68.7919
[2026-08-13T01:11:40] SAMPLE t=65s phase=Loss_spike adaptation=with_ML throughput_gbps=7.1833 latency_ms=67.198
[2026-08-13T01:11:41] SAMPLE t=66s phase=Loss_spike adaptation=with_ML throughput_gbps=8.1062 latency_ms=72.1635
[2026-08-13T01:11:42] SAMPLE t=67s phase=Loss_spike adaptation=with_ML throughput_gbps=8.1388 latency_ms=70.821
[2026-08-13T01:11:43] SAMPLE t=68s phase=Loss_spike adaptation=with_ML throughput_gbps=6.7625 latency_ms=72.2789
[2026-08-13T01:11:44] SAMPLE t=69s phase=Loss_spike adaptation=with_ML throughput_gbps=6.46 latency_ms=70.4407
[2026-08-13T01:11:45] SAMPLE t=70s phase=Loss_spike adaptation=with_ML throughput_gbps=7.0702 latency_ms=65.4274
[2026-08-13T01:11:46] SAMPLE t=71s phase=Loss_spike adaptation=with_ML throughput_gbps=8.459 latency_ms=69.7956
[2026-08-13T01:11:47] SAMPLE t=72s phase=Loss_spike adaptation=with_ML throughput_gbps=7.7448 latency_ms=70.9145
[2026-08-13T01:11:48] SAMPLE t=73s phase=Loss_spike adaptation=with_ML throughput_gbps=6.9117 latency_ms=69.8554
[2026-08-13T01:11:49] SAMPLE t=74s phase=Loss_spike adaptation=with_ML throughput_gbps=6.209 latency_ms=73.3977
[2026-08-13T01:11:50] SAMPLE t=75s phase=Loss_spike adaptation=with_ML throughput_gbps=7.6545 latency_ms=69.2407
[2026-08-13T01:11:51] SAMPLE t=76s phase=Loss_spike adaptation=with_ML throughput_gbps=8.3652 latency_ms=71.4269
[2026-08-13T01:11:52] SAMPLE t=77s phase=Loss_spike adaptation=with_ML throughput_gbps=7.4847 latency_ms=69.0125
[2026-08-13T01:11:53] SAMPLE t=78s phase=Loss_spike adaptation=with_ML throughput_gbps=6.8352 latency_ms=69.0745
[2026-08-13T01:11:54] SAMPLE t=79s phase=Loss_spike adaptation=with_ML throughput_gbps=6.4119 latency_ms=68.8922
[2026-08-13T01:11:55] SAMPLE t=80s phase=Recovery adaptation=with_ML throughput_gbps=8.0164 latency_ms=67.1909
[2026-08-13T01:11:56] SAMPLE t=81s phase=Recovery adaptation=with_ML throughput_gbps=8.2729 latency_ms=64.2383
[2026-08-13T01:11:57] SAMPLE t=82s phase=Recovery adaptation=with_ML throughput_gbps=8.0548 latency_ms=65.8499
[2026-08-13T01:11:58] SAMPLE t=83s phase=Recovery adaptation=with_ML throughput_gbps=7.7337 latency_ms=64.6138
[2026-08-13T01:11:59] SAMPLE t=84s phase=Recovery adaptation=with_ML throughput_gbps=8.4428 latency_ms=65.2808
[2026-08-13T01:12:00] SAMPLE t=85s phase=Recovery adaptation=with_ML throughput_gbps=8.173 latency_ms=66.299
[2026-08-13T01:12:01] SAMPLE t=86s phase=Recovery adaptation=with_ML throughput_gbps=8.0363 latency_ms=63.4777
[2026-08-13T01:12:02] SAMPLE t=87s phase=Recovery adaptation=with_ML throughput_gbps=8.2756 latency_ms=65.5729
[2026-08-13T01:12:03] SAMPLE t=88s phase=Recovery adaptation=with_ML throughput_gbps=8.3506 latency_ms=66.7695
[2026-08-13T01:12:04] SAMPLE t=89s phase=Recovery adaptation=with_ML throughput_gbps=8.4135 latency_ms=63.3859
[2026-08-13T01:12:05] SAMPLE t=90s phase=Recovery adaptation=with_ML throughput_gbps=8.2244 latency_ms=65.2392
[2026-08-13T01:12:06] SAMPLE t=91s phase=Recovery adaptation=with_ML throughput_gbps=8.0595 latency_ms=67.3329
[2026-08-13T01:12:07] SAMPLE t=92s phase=Recovery adaptation=with_ML throughput_gbps=8.4322 latency_ms=64.5601
[2026-08-13T01:12:08] SAMPLE t=93s phase=Recovery adaptation=with_ML throughput_gbps=8.4444 latency_ms=66.7205
[2026-08-13T01:12:09] SAMPLE t=94s phase=Recovery adaptation=with_ML throughput_gbps=8.3906 latency_ms=63.8999
[2026-08-13T01:12:10] SAMPLE t=95s phase=Recovery adaptation=with_ML throughput_gbps=8.5152 latency_ms=65.4539
[2026-08-13T01:12:11] SAMPLE t=96s phase=Recovery adaptation=with_ML throughput_gbps=8.0693 latency_ms=64.457
[2026-08-13T01:12:12] SAMPLE t=97s phase=Recovery adaptation=with_ML throughput_gbps=8.7524 latency_ms=63.33
[2026-08-13T01:12:13] SAMPLE t=98s phase=Recovery adaptation=with_ML throughput_gbps=8.131 latency_ms=62.9138
[2026-08-13T01:12:14] SAMPLE t=99s phase=Recovery adaptation=with_ML throughput_gbps=8.8134 latency_ms=63.9179
[2026-08-13T01:10:35] SAMPLE t=0s phase=Stable adaptation=without_ML throughput_gbps=7.5345 latency_ms=66.4031
[2026-08-13T01:10:36] SAMPLE t=1s phase=Stable adaptation=without_ML throughput_gbps=7.8539 latency_ms=68.0714
[2026-08-13T01:10:37] SAMPLE t=2s phase=Stable adaptation=without_ML throughput_gbps=8.0061 latency_ms=63.7049
[2026-08-13T01:10:38] SAMPLE t=3s phase=Stable adaptation=without_ML throughput_gbps=8.3 latency_ms=66.6761
[2026-08-13T01:10:39] SAMPLE t=4s phase=Stable adaptation=without_ML throughput_gbps=8.1091 latency_ms=66.8379
[2026-08-13T01:10:40] SAMPLE t=5s phase=Stable adaptation=without_ML throughput_gbps=7.8946 latency_ms=63.5643
[2026-08-13T01:10:41] SAMPLE t=6s phase=Stable adaptation=without_ML throughput_gbps=7.9031 latency_ms=65.0509
[2026-08-13T01:10:42] SAMPLE t=7s phase=Stable adaptation=without_ML throughput_gbps=7.9812 latency_ms=64.6477
[2026-08-13T01:10:43] SAMPLE t=8s phase=Stable adaptation=without_ML throughput_gbps=8.0442 latency_ms=64.365
[2026-08-13T01:10:44] SAMPLE t=9s phase=Stable adaptation=without_ML throughput_gbps=7.9212 latency_ms=67.0277
[2026-08-13T01:10:45] SAMPLE t=10s phase=Stable adaptation=without_ML throughput_gbps=8.0957 latency_ms=64.5914
[2026-08-13T01:10:46] SAMPLE t=11s phase=Stable adaptation=without_ML throughput_gbps=7.9339 latency_ms=66.1162
[2026-08-13T01:10:47] SAMPLE t=12s phase=Stable adaptation=without_ML throughput_gbps=7.7526 latency_ms=66.8726
[2026-08-13T01:10:48] SAMPLE t=13s phase=Stable adaptation=without_ML throughput_gbps=7.8019 latency_ms=65.1603
[2026-08-13T01:10:49] SAMPLE t=14s phase=Stable adaptation=without_ML throughput_gbps=8.2432 latency_ms=66.8854
[2026-08-13T01:10:50] SAMPLE t=15s phase=Stable adaptation=without_ML throughput_gbps=7.769 latency_ms=66.2407
[2026-08-13T01:10:51] SAMPLE t=16s phase=Stable adaptation=without_ML throughput_gbps=7.54 latency_ms=65.8148
[2026-08-13T01:10:52] SAMPLE t=17s phase=Stable adaptation=without_ML throughput_gbps=8.0352 latency_ms=65.2527
[2026-08-13T01:10:53] SAMPLE t=18s phase=Stable adaptation=without_ML throughput_gbps=7.8719 latency_ms=68.1293
[2026-08-13T01:10:54] SAMPLE t=19s phase=Stable adaptation=without_ML throughput_gbps=7.6899 latency_ms=64.2423
[2026-08-13T01:10:55] SAMPLE t=20s phase=Congestion adaptation=without_ML throughput_gbps=7.5714 latency_ms=64.6954
[2026-08-13T01:10:56] SAMPLE t=21s phase=Congestion adaptation=without_ML throughput_gbps=7.8724 latency_ms=65.0573
[2026-08-13T01:10:57] SAMPLE t=22s phase=Congestion adaptation=without_ML throughput_gbps=8.0809 latency_ms=65.2471
[2026-08-13T01:10:58] SAMPLE t=23s phase=Congestion adaptation=without_ML throughput_gbps=7.8534 latency_ms=64.5663
[2026-08-13T01:10:59] SAMPLE t=24s phase=Congestion adaptation=without_ML throughput_gbps=7.5173 latency_ms=65.4997
[2026-08-13T01:11:00] SAMPLE t=25s phase=Congestion adaptation=without_ML throughput_gbps=8.3049 latency_ms=64.2292
[2026-08-13T01:11:01] SAMPLE t=26s phase=Congestion adaptation=without_ML throughput_gbps=8.301 latency_ms=66.8552
[2026-08-13T01:11:02] SAMPLE t=27s phase=Congestion adaptation=without_ML throughput_gbps=7.5599 latency_ms=64.0048
[2026-08-13T01:11:03] SAMPLE t=28s phase=Congestion adaptation=without_ML throughput_gbps=8.1088 latency_ms=64.3868
[2026-08-13T01:11:04] SAMPLE t=29s phase=Congestion adaptation=without_ML throughput_gbps=8.3187 latency_ms=65.7534
[2026-08-13T01:11:05] SAMPLE t=30s phase=Congestion adaptation=without_ML throughput_gbps=8.333 latency_ms=65.5348
[2026-08-13T01:11:06] SAMPLE t=31s phase=Congestion adaptation=without_ML throughput_gbps=7.6631 latency_ms=63.7972
[2026-08-13T01:11:07] SAMPLE t=32s phase=Congestion adaptation=without_ML throughput_gbps=8.0271 latency_ms=67.123
[2026-08-13T01:11:08] SAMPLE t=33s phase=Congestion adaptation=without_ML throughput_gbps=8.4482 latency_ms=65.6613
[2026-08-13T01:11:09] SAMPLE t=34s phase=Congestion adaptation=without_ML throughput_gbps=8.0925 latency_ms=64.7692
[2026-08-13T01:11:10] SAMPLE t=35s phase=Congestion adaptation=without_ML throughput_gbps=8.0651 latency_ms=68.0188
[2026-08-13T01:11:11] SAMPLE t=36s phase=Congestion adaptation=without_ML throughput_gbps=7.9751 latency_ms=65.9183
[2026-08-13T01:11:12] SAMPLE t=37s phase=Congestion adaptation=without_ML throughput_gbps=7.721 latency_ms=68.0853
[2026-08-13T01:11:13] SAMPLE t=38s phase=Congestion adaptation=without_ML throughput_gbps=8.262 latency_ms=66.5772
[2026-08-13T01:11:14] SAMPLE t=39s phase=Congestion adaptation=without_ML throughput_gbps=7.6208 latency_ms=63.0459
[2026-08-13T01:11:15] SAMPLE t=40s phase=Path_change adaptation=without_ML throughput_gbps=8.0057 latency_ms=66.4461
[2026-08-13T01:11:16] SAMPLE t=41s phase=Path_change adaptation=without_ML throughput_gbps=7.4707 latency_ms=64.7238
[2026-08-13T01:11:17] SAMPLE t=42s phase=Path_change adaptation=without_ML throughput_gbps=7.7446 latency_ms=69.2978
[2026-08-13T01:11:18] SAMPLE t=43s phase=Path_change adaptation=without_ML throughput_gbps=6.8699 latency_ms=69.1128
[2026-08-13T01:11:19] SAMPLE t=44s phase=Path_change adaptation=without_ML throughput_gbps=6.4752 latency_ms=70.5972
[2026-08-13T01:11:20] SAMPLE t=45s phase=Path_change adaptation=without_ML throughput_gbps=6.928 latency_ms=70.7434
[2026-08-13T01:11:21] SAMPLE t=46s phase=Path_change adaptation=without_ML throughput_gbps=6.0366 latency_ms=70.4084
[2026-08-13T01:11:22] SAMPLE t=47s phase=Path_change adaptation=without_ML throughput_gbps=5.888 latency_ms=71.9802
[2026-08-13T01:11:23] SAMPLE t=48s phase=Path_change adaptation=without_ML throughput_gbps=5.8598 latency_ms=71.6268
[2026-08-13T01:11:24] SAMPLE t=49s phase=Path_change adaptation=without_ML throughput_gbps=5.6839 latency_ms=74.4106
[2026-08-13T01:11:25] SAMPLE t=50s phase=Path_change adaptation=without_ML throughput_gbps=6.0975 latency_ms=74.3205
[2026-08-13T01:11:26] SAMPLE t=51s phase=Path_change adaptation=without_ML throughput_gbps=5.7722 latency_ms=72.2821
[2026-08-13T01:11:27] SAMPLE t=52s phase=Path_change adaptation=without_ML throughput_gbps=5.7645 latency_ms=72.6457
[2026-08-13T01:11:28] SAMPLE t=53s phase=Path_change adaptation=without_ML throughput_gbps=5.9878 latency_ms=71.0939
[2026-08-13T01:11:29] SAMPLE t=54s phase=Path_change adaptation=without_ML throughput_gbps=5.9812 latency_ms=74.145
[2026-08-13T01:11:30] SAMPLE t=55s phase=Path_change adaptation=without_ML throughput_gbps=6.3368 latency_ms=71.8107
[2026-08-13T01:11:31] SAMPLE t=56s phase=Path_change adaptation=without_ML throughput_gbps=6.3942 latency_ms=71.793
[2026-08-13T01:11:32] SAMPLE t=57s phase=Path_change adaptation=without_ML throughput_gbps=6.6837 latency_ms=69.8671
[2026-08-13T01:11:33] SAMPLE t=58s phase=Path_change adaptation=without_ML throughput_gbps=7.4388 latency_ms=69.2487
[2026-08-13T01:11:34] SAMPLE t=59s phase=Path_change adaptation=without_ML throughput_gbps=7.8173 latency_ms=66.9727
[2026-08-13T01:11:35] SAMPLE t=60s phase=Loss_spike adaptation=without_ML throughput_gbps=6.2769 latency_ms=72.0333
[2026-08-13T01:11:36] SAMPLE t=61s phase=Loss_spike adaptation=without_ML throughput_gbps=8.1234 latency_ms=80.6573
[2026-08-13T01:11:37] SAMPLE t=62s phase=Loss_spike adaptation=without_ML throughput_gbps=7.446 latency_ms=75.3879
[2026-08-13T01:11:38] SAMPLE t=63s phase=Loss_spike adaptation=without_ML throughput_gbps=4.9448 latency_ms=77.7823
[2026-08-13T01:11:39] SAMPLE t=64s phase=Loss_spike adaptation=without_ML throughput_gbps=3.9784 latency_ms=76.9499
[2026-08-13T01:11:40] SAMPLE t=65s phase=Loss_spike adaptation=without_ML throughput_gbps=6.1781 latency_ms=69.3768
[2026-08-13T01:11:41] SAMPLE t=66s phase=Loss_spike adaptation=without_ML throughput_gbps=8.4052 latency_ms=79.9998
[2026-08-13T01:11:42] SAMPLE t=67s phase=Loss_spike adaptation=without_ML throughput_gbps=7.5244 latency_ms=77.4138
[2026-08-13T01:11:43] SAMPLE t=68s phase=Loss_spike adaptation=without_ML throughput_gbps=5.1539 latency_ms=76.0263
[2026-08-13T01:11:44] SAMPLE t=69s phase=Loss_spike adaptation=without_ML throughput_gbps=3.891 latency_ms=79.3061
[2026-08-13T01:11:45] SAMPLE t=70s phase=Loss_spike adaptation=without_ML throughput_gbps=6.283 latency_ms=68.9097
[2026-08-13T01:11:46] SAMPLE t=71s phase=Loss_spike adaptation=without_ML throughput_gbps=8.0908 latency_ms=77.3707
[2026-08-13T01:11:47] SAMPLE t=72s phase=Loss_spike adaptation=without_ML throughput_gbps=7.5028 latency_ms=76.8154
[2026-08-13T01:11:48] SAMPLE t=73s phase=Loss_spike adaptation=without_ML throughput_gbps=4.551 latency_ms=79.9945
[2026-08-13T01:11:49] SAMPLE t=74s phase=Loss_spike adaptation=without_ML throughput_gbps=4.2384 latency_ms=77.7318
[2026-08-13T01:11:50] SAMPLE t=75s phase=Loss_spike adaptation=without_ML throughput_gbps=6.5001 latency_ms=68.6365
[2026-08-13T01:11:51] SAMPLE t=76s phase=Loss_spike adaptation=without_ML throughput_gbps=8.4071 latency_ms=79.9128
[2026-08-13T01:11:52] SAMPLE t=77s phase=Loss_spike adaptation=without_ML throughput_gbps=7.6512 latency_ms=76.2373
[2026-08-13T01:11:53] SAMPLE t=78s phase=Loss_spike adaptation=without_ML throughput_gbps=4.7546 latency_ms=72.8826
[2026-08-13T01:11:54] SAMPLE t=79s phase=Loss_spike adaptation=without_ML throughput_gbps=3.9718 latency_ms=82.3641
[2026-08-13T01:11:55] SAMPLE t=80s phase=Recovery adaptation=without_ML throughput_gbps=7.808 latency_ms=63.7692
[2026-08-13T01:11:56] SAMPLE t=81s phase=Recovery adaptation=without_ML throughput_gbps=7.6933 latency_ms=67.3003
[2026-08-13T01:11:57] SAMPLE t=82s phase=Recovery adaptation=without_ML throughput_gbps=7.8513 latency_ms=65.7254
[2026-08-13T01:11:58] SAMPLE t=83s phase=Recovery adaptation=without_ML throughput_gbps=8.3368 latency_ms=66.552
[2026-08-13T01:11:59] SAMPLE t=84s phase=Recovery adaptation=without_ML throughput_gbps=8.1196 latency_ms=67.096
[2026-08-13T01:12:00] SAMPLE t=85s phase=Recovery adaptation=without_ML throughput_gbps=8.1091 latency_ms=65.3684
[2026-08-13T01:12:01] SAMPLE t=86s phase=Recovery adaptation=without_ML throughput_gbps=8.0602 latency_ms=64.4102
[2026-08-13T01:12:02] SAMPLE t=87s phase=Recovery adaptation=without_ML throughput_gbps=8.0497 latency_ms=63.7736
[2026-08-13T01:12:03] SAMPLE t=88s phase=Recovery adaptation=without_ML throughput_gbps=7.5748 latency_ms=65.3282
[2026-08-13T01:12:04] SAMPLE t=89s phase=Recovery adaptation=without_ML throughput_gbps=8.2702 latency_ms=65.5908
[2026-08-13T01:12:05] SAMPLE t=90s phase=Recovery adaptation=without_ML throughput_gbps=7.8345 latency_ms=67.0252
[2026-08-13T01:12:06] SAMPLE t=91s phase=Recovery adaptation=without_ML throughput_gbps=8.0124 latency_ms=65.0596
[2026-08-13T01:12:07] SAMPLE t=92s phase=Recovery adaptation=without_ML throughput_gbps=8.2281 latency_ms=66.4529
[2026-08-13T01:12:08] SAMPLE t=93s phase=Recovery adaptation=without_ML throughput_gbps=8.0627 latency_ms=67.4766
[2026-08-13T01:12:09] SAMPLE t=94s phase=Recovery adaptation=without_ML throughput_gbps=7.936 latency_ms=65.8926
[2026-08-13T01:12:10] SAMPLE t=95s phase=Recovery adaptation=without_ML throughput_gbps=8.0692 latency_ms=65.533
[2026-08-13T01:12:11] SAMPLE t=96s phase=Recovery adaptation=without_ML throughput_gbps=8.0899 latency_ms=64.7661
[2026-08-13T01:12:12] SAMPLE t=97s phase=Recovery adaptation=without_ML throughput_gbps=7.8384 latency_ms=66.2911
[2026-08-13T01:12:13] SAMPLE t=98s phase=Recovery adaptation=without_ML throughput_gbps=8.5883 latency_ms=67.3672
[2026-08-13T01:12:14] SAMPLE t=99s phase=Recovery adaptation=without_ML throughput_gbps=7.9462 latency_ms=65.5308
[2026-08-13T01:10:35] TRACE_END run_id=85 status=OK
[2026-08-13T01:20:18] TRACE_START run_id=86
[2026-08-13T01:20:18] SAMPLE t=0s phase=Stable adaptation=with_ML throughput_gbps=8.2384 latency_ms=64.3815
[2026-08-13T01:20:19] SAMPLE t=1s phase=Stable adaptation=with_ML throughput_gbps=8.3302 latency_ms=69.5725
[2026-08-13T01:20:20] SAMPLE t=2s phase=Stable adaptation=with_ML throughput_gbps=7.9137 latency_ms=66.9594
[2026-08-13T01:20:21] SAMPLE t=3s phase=Stable adaptation=with_ML throughput_gbps=7.9172 latency_ms=65.8559
[2026-08-13T01:20:22] SAMPLE t=4s phase=Stable adaptation=with_ML throughput_gbps=8.1773 latency_ms=66.3144
[2026-08-13T01:20:23] SAMPLE t=5s phase=Stable adaptation=with_ML throughput_gbps=7.8432 latency_ms=67.2636
[2026-08-13T01:20:24] SAMPLE t=6s phase=Stable adaptation=with_ML throughput_gbps=8.0583 latency_ms=65.8926
[2026-08-13T01:20:25] SAMPLE t=7s phase=Stable adaptation=with_ML throughput_gbps=8.4086 latency_ms=67.3241
[2026-08-13T01:20:26] SAMPLE t=8s phase=Stable adaptation=with_ML throughput_gbps=8.2359 latency_ms=68.7324
[2026-08-13T01:20:27] SAMPLE t=9s phase=Stable adaptation=with_ML throughput_gbps=7.8536 latency_ms=67.2673
[2026-08-13T01:20:28] SAMPLE t=10s phase=Stable adaptation=with_ML throughput_gbps=8.251 latency_ms=66.9034
[2026-08-13T01:20:29] SAMPLE t=11s phase=Stable adaptation=with_ML throughput_gbps=8.3734 latency_ms=65.26
[2026-08-13T01:20:30] SAMPLE t=12s phase=Stable adaptation=with_ML throughput_gbps=7.9035 latency_ms=66.7147
[2026-08-13T01:20:31] SAMPLE t=13s phase=Stable adaptation=with_ML throughput_gbps=7.8969 latency_ms=64.7985
[2026-08-13T01:20:32] SAMPLE t=14s phase=Stable adaptation=with_ML throughput_gbps=8.142 latency_ms=66.0456
[2026-08-13T01:20:33] SAMPLE t=15s phase=Stable adaptation=with_ML throughput_gbps=7.8719 latency_ms=64.6809
[2026-08-13T01:20:34] SAMPLE t=16s phase=Stable adaptation=with_ML throughput_gbps=8.069 latency_ms=65.5311
[2026-08-13T01:20:35] SAMPLE t=17s phase=Stable adaptation=with_ML throughput_gbps=8.2177 latency_ms=67.9423
[2026-08-13T01:20:36] SAMPLE t=18s phase=Stable adaptation=with_ML throughput_gbps=8.8514 latency_ms=64.7631
[2026-08-13T01:20:37] SAMPLE t=19s phase=Stable adaptation=with_ML throughput_gbps=7.9292 latency_ms=66.8306
[2026-08-13T01:20:38] SAMPLE t=20s phase=Congestion adaptation=with_ML throughput_gbps=8.1471 latency_ms=64.6461
[2026-08-13T01:20:39] SAMPLE t=21s phase=Congestion adaptation=with_ML throughput_gbps=8.3602 latency_ms=66.5831
[2026-08-13T01:20:40] SAMPLE t=22s phase=Congestion adaptation=with_ML throughput_gbps=7.8021 latency_ms=67.4888
[2026-08-13T01:20:41] SAMPLE t=23s phase=Congestion adaptation=with_ML throughput_gbps=8.1358 latency_ms=67.4886
[2026-08-13T01:20:42] SAMPLE t=24s phase=Congestion adaptation=with_ML throughput_gbps=8.1202 latency_ms=65.1171
[2026-08-13T01:20:43] SAMPLE t=25s phase=Congestion adaptation=with_ML throughput_gbps=7.9046 latency_ms=66.7736
[2026-08-13T01:20:44] SAMPLE t=26s phase=Congestion adaptation=with_ML throughput_gbps=7.9899 latency_ms=66.5314
[2026-08-13T01:20:45] SAMPLE t=27s phase=Congestion adaptation=with_ML throughput_gbps=7.9865 latency_ms=68.9963
[2026-08-13T01:20:46] SAMPLE t=28s phase=Congestion adaptation=with_ML throughput_gbps=8.045 latency_ms=67.1112
[2026-08-13T01:20:47] SAMPLE t=29s phase=Congestion adaptation=with_ML throughput_gbps=7.7217 latency_ms=65.9296
[2026-08-13T01:20:48] SAMPLE t=30s phase=Congestion adaptation=with_ML throughput_gbps=8.0601 latency_ms=65.5528
[2026-08-13T01:20:49] SAMPLE t=31s phase=Congestion adaptation=with_ML throughput_gbps=8.2836 latency_ms=66.7547
[2026-08-13T01:20:50] SAMPLE t=32s phase=Congestion adaptation=with_ML throughput_gbps=7.7899 latency_ms=66.2466
[2026-08-13T01:20:51] SAMPLE t=33s phase=Congestion adaptation=with_ML throughput_gbps=8.2473 latency_ms=65.7164
[2026-08-13T01:20:52] SAMPLE t=34s phase=Congestion adaptation=with_ML throughput_gbps=8.3082 latency_ms=66.1453
[2026-08-13T01:20:53] SAMPLE t=35s phase=Congestion adaptation=with_ML throughput_gbps=7.9536 latency_ms=67.5313
[2026-08-13T01:20:54] SAMPLE t=36s phase=Congestion adaptation=with_ML throughput_gbps=8.3244 latency_ms=66.999
[2026-08-13T01:20:55] SAMPLE t=37s phase=Congestion adaptation=with_ML throughput_gbps=8.4356 latency_ms=66.4115
[2026-08-13T01:20:56] SAMPLE t=38s phase=Congestion adaptation=with_ML throughput_gbps=8.4432 latency_ms=68.0637
[2026-08-13T01:20:57] SAMPLE t=39s phase=Congestion adaptation=with_ML throughput_gbps=8.0518 latency_ms=66.7477
[2026-08-13T01:20:58] SAMPLE t=40s phase=Path_change adaptation=with_ML throughput_gbps=7.944 latency_ms=66.4483
[2026-08-13T01:20:59] SAMPLE t=41s phase=Path_change adaptation=with_ML throughput_gbps=7.8535 latency_ms=67.7616
[2026-08-13T01:21:00] SAMPLE t=42s phase=Path_change adaptation=with_ML throughput_gbps=7.6014 latency_ms=66.4906
[2026-08-13T01:21:01] SAMPLE t=43s phase=Path_change adaptation=with_ML throughput_gbps=8.0414 latency_ms=68.971
[2026-08-13T01:21:02] SAMPLE t=44s phase=Path_change adaptation=with_ML throughput_gbps=7.4732 latency_ms=66.6098
[2026-08-13T01:21:03] SAMPLE t=45s phase=Path_change adaptation=with_ML throughput_gbps=7.5744 latency_ms=66.8025
[2026-08-13T01:21:04] SAMPLE t=46s phase=Path_change adaptation=with_ML throughput_gbps=6.9756 latency_ms=69.3244
[2026-08-13T01:21:05] SAMPLE t=47s phase=Path_change adaptation=with_ML throughput_gbps=7.5374 latency_ms=68.6112
[2026-08-13T01:21:06] SAMPLE t=48s phase=Path_change adaptation=with_ML throughput_gbps=7.1184 latency_ms=68.6101
[2026-08-13T01:21:07] SAMPLE t=49s phase=Path_change adaptation=with_ML throughput_gbps=7.3371 latency_ms=69.6058
[2026-08-13T01:21:08] SAMPLE t=50s phase=Path_change adaptation=with_ML throughput_gbps=7.2558 latency_ms=69.5451
[2026-08-13T01:21:09] SAMPLE t=51s phase=Path_change adaptation=with_ML throughput_gbps=7.2854 latency_ms=69.9149
[2026-08-13T01:21:10] SAMPLE t=52s phase=Path_change adaptation=with_ML throughput_gbps=7.5952 latency_ms=69.2734
[2026-08-13T01:21:11] SAMPLE t=53s phase=Path_change adaptation=with_ML throughput_gbps=7.4956 latency_ms=68.5114
[2026-08-13T01:21:12] SAMPLE t=54s phase=Path_change adaptation=with_ML throughput_gbps=7.3725 latency_ms=68.9905
[2026-08-13T01:21:13] SAMPLE t=55s phase=Path_change adaptation=with_ML throughput_gbps=7.55 latency_ms=69.1337
[2026-08-13T01:21:14] SAMPLE t=56s phase=Path_change adaptation=with_ML throughput_gbps=7.6871 latency_ms=66.2362
[2026-08-13T01:21:15] SAMPLE t=57s phase=Path_change adaptation=with_ML throughput_gbps=7.4452 latency_ms=66.4302
[2026-08-13T01:21:16] SAMPLE t=58s phase=Path_change adaptation=with_ML throughput_gbps=7.2825 latency_ms=67.8871
[2026-08-13T01:21:17] SAMPLE t=59s phase=Path_change adaptation=with_ML throughput_gbps=7.9686 latency_ms=63.8252
[2026-08-13T01:21:18] SAMPLE t=60s phase=Loss_spike adaptation=with_ML throughput_gbps=7.4398 latency_ms=69.6357
[2026-08-13T01:21:19] SAMPLE t=61s phase=Loss_spike adaptation=with_ML throughput_gbps=7.9457 latency_ms=70.5083
[2026-08-13T01:21:20] SAMPLE t=62s phase=Loss_spike adaptation=with_ML throughput_gbps=7.9475 latency_ms=70.9201
[2026-08-13T01:21:21] SAMPLE t=63s phase=Loss_spike adaptation=with_ML throughput_gbps=6.9894 latency_ms=69.9155
[2026-08-13T01:21:22] SAMPLE t=64s phase=Loss_spike adaptation=with_ML throughput_gbps=6.4254 latency_ms=71.6466
[2026-08-13T01:21:23] SAMPLE t=65s phase=Loss_spike adaptation=with_ML throughput_gbps=7.3804 latency_ms=68.1561
[2026-08-13T01:21:24] SAMPLE t=66s phase=Loss_spike adaptation=with_ML throughput_gbps=8.5496 latency_ms=71.3458
[2026-08-13T01:21:25] SAMPLE t=67s phase=Loss_spike adaptation=with_ML throughput_gbps=8.1815 latency_ms=68.32
[2026-08-13T01:21:26] SAMPLE t=68s phase=Loss_spike adaptation=with_ML throughput_gbps=6.7647 latency_ms=70.5926
[2026-08-13T01:21:27] SAMPLE t=69s phase=Loss_spike adaptation=with_ML throughput_gbps=6.3097 latency_ms=70.2925
[2026-08-13T01:21:28] SAMPLE t=70s phase=Loss_spike adaptation=with_ML throughput_gbps=7.192 latency_ms=67.7926
[2026-08-13T01:21:29] SAMPLE t=71s phase=Loss_spike adaptation=with_ML throughput_gbps=8.4793 latency_ms=71.3256
[2026-08-13T01:21:30] SAMPLE t=72s phase=Loss_spike adaptation=with_ML throughput_gbps=8.1779 latency_ms=70.5367
[2026-08-13T01:21:31] SAMPLE t=73s phase=Loss_spike adaptation=with_ML throughput_gbps=6.7331 latency_ms=71.5587
[2026-08-13T01:21:32] SAMPLE t=74s phase=Loss_spike adaptation=with_ML throughput_gbps=6.1613 latency_ms=70.0461
[2026-08-13T01:21:33] SAMPLE t=75s phase=Loss_spike adaptation=with_ML throughput_gbps=7.5277 latency_ms=67.8457
[2026-08-13T01:21:34] SAMPLE t=76s phase=Loss_spike adaptation=with_ML throughput_gbps=8.4099 latency_ms=72.538
[2026-08-13T01:21:35] SAMPLE t=77s phase=Loss_spike adaptation=with_ML throughput_gbps=8.0907 latency_ms=69.4255
[2026-08-13T01:21:36] SAMPLE t=78s phase=Loss_spike adaptation=with_ML throughput_gbps=6.9376 latency_ms=68.9946
[2026-08-13T01:21:37] SAMPLE t=79s phase=Loss_spike adaptation=with_ML throughput_gbps=6.3838 latency_ms=71.0968
[2026-08-13T01:21:38] SAMPLE t=80s phase=Recovery adaptation=with_ML throughput_gbps=7.9058 latency_ms=65.3344
[2026-08-13T01:21:39] SAMPLE t=81s phase=Recovery adaptation=with_ML throughput_gbps=8.314 latency_ms=65.9656
[2026-08-13T01:21:40] SAMPLE t=82s phase=Recovery adaptation=with_ML throughput_gbps=8.1736 latency_ms=66.1958
[2026-08-13T01:21:41] SAMPLE t=83s phase=Recovery adaptation=with_ML throughput_gbps=8.0702 latency_ms=66.7117
[2026-08-13T01:21:42] SAMPLE t=84s phase=Recovery adaptation=with_ML throughput_gbps=8.0917 latency_ms=65.5216
[2026-08-13T01:21:43] SAMPLE t=85s phase=Recovery adaptation=with_ML throughput_gbps=8.4446 latency_ms=65.9785
[2026-08-13T01:21:44] SAMPLE t=86s phase=Recovery adaptation=with_ML throughput_gbps=8.3974 latency_ms=65.9933
[2026-08-13T01:21:45] SAMPLE t=87s phase=Recovery adaptation=with_ML throughput_gbps=8.2957 latency_ms=65.523
[2026-08-13T01:21:46] SAMPLE t=88s phase=Recovery adaptation=with_ML throughput_gbps=8.1453 latency_ms=66.9065
[2026-08-13T01:21:47] SAMPLE t=89s phase=Recovery adaptation=with_ML throughput_gbps=8.0695 latency_ms=67.7029
[2026-08-13T01:21:48] SAMPLE t=90s phase=Recovery adaptation=with_ML throughput_gbps=8.4054 latency_ms=63.0533
[2026-08-13T01:21:49] SAMPLE t=91s phase=Recovery adaptation=with_ML throughput_gbps=8.1795 latency_ms=66.0367
[2026-08-13T01:21:50] SAMPLE t=92s phase=Recovery adaptation=with_ML throughput_gbps=8.2258 latency_ms=65.5919
[2026-08-13T01:21:51] SAMPLE t=93s phase=Recovery adaptation=with_ML throughput_gbps=7.8989 latency_ms=63.9819
[2026-08-13T01:21:52] SAMPLE t=94s phase=Recovery adaptation=with_ML throughput_gbps=8.5002 latency_ms=65.4341
[2026-08-13T01:21:53] SAMPLE t=95s phase=Recovery adaptation=with_ML throughput_gbps=8.1894 latency_ms=65.0426
[2026-08-13T01:21:54] SAMPLE t=96s phase=Recovery adaptation=with_ML throughput_gbps=8.3443 latency_ms=65.6471
[2026-08-13T01:21:55] SAMPLE t=97s phase=Recovery adaptation=with_ML throughput_gbps=8.1405 latency_ms=64.6507
[2026-08-13T01:21:56] SAMPLE t=98s phase=Recovery adaptation=with_ML throughput_gbps=8.4311 latency_ms=65.5022
[2026-08-13T01:21:57] SAMPLE t=99s phase=Recovery adaptation=with_ML throughput_gbps=8.6855 latency_ms=64.8907
[2026-08-13T01:20:18] SAMPLE t=0s phase=Stable adaptation=without_ML throughput_gbps=7.7138 latency_ms=64.6318
[2026-08-13T01:20:19] SAMPLE t=1s phase=Stable adaptation=without_ML throughput_gbps=7.857 latency_ms=64.9466
[2026-08-13T01:20:20] SAMPLE t=2s phase=Stable adaptation=without_ML throughput_gbps=8.03 latency_ms=65.5641
[2026-08-13T01:20:21] SAMPLE t=3s phase=Stable adaptation=without_ML throughput_gbps=8.2285 latency_ms=64.1705
[2026-08-13T01:20:22] SAMPLE t=4s phase=Stable adaptation=without_ML throughput_gbps=7.8344 latency_ms=67.63
[2026-08-13T01:20:23] SAMPLE t=5s phase=Stable adaptation=without_ML throughput_gbps=8.1874 latency_ms=63.4472
[2026-08-13T01:20:24] SAMPLE t=6s phase=Stable adaptation=without_ML throughput_gbps=8.3388 latency_ms=65.4192
[2026-08-13T01:20:25] SAMPLE t=7s phase=Stable adaptation=without_ML throughput_gbps=7.813 latency_ms=63.7762
[2026-08-13T01:20:26] SAMPLE t=8s phase=Stable adaptation=without_ML throughput_gbps=8.1218 latency_ms=64.7517
[2026-08-13T01:20:27] SAMPLE t=9s phase=Stable adaptation=without_ML throughput_gbps=8.0725 latency_ms=67.9983
[2026-08-13T01:20:28] SAMPLE t=10s phase=Stable adaptation=without_ML throughput_gbps=8.2059 latency_ms=65.707
[2026-08-13T01:20:29] SAMPLE t=11s phase=Stable adaptation=without_ML throughput_gbps=7.8332 latency_ms=68.1814
[2026-08-13T01:20:30] SAMPLE t=12s phase=Stable adaptation=without_ML throughput_gbps=7.7929 latency_ms=68.2087
[2026-08-13T01:20:31] SAMPLE t=13s phase=Stable adaptation=without_ML throughput_gbps=7.84 latency_ms=67.3972
[2026-08-13T01:20:32] SAMPLE t=14s phase=Stable adaptation=without_ML throughput_gbps=7.6353 latency_ms=66.5436
[2026-08-13T01:20:33] SAMPLE t=15s phase=Stable adaptation=without_ML throughput_gbps=8.0292 latency_ms=67.4822
[2026-08-13T01:20:34] SAMPLE t=16s phase=Stable adaptation=without_ML throughput_gbps=7.8167 latency_ms=66.5442
[2026-08-13T01:20:35] SAMPLE t=17s phase=Stable adaptation=without_ML throughput_gbps=8.268 latency_ms=68.9782
[2026-08-13T01:20:36] SAMPLE t=18s phase=Stable adaptation=without_ML throughput_gbps=7.9549 latency_ms=66.8613
[2026-08-13T01:20:37] SAMPLE t=19s phase=Stable adaptation=without_ML throughput_gbps=8.0756 latency_ms=66.2177
[2026-08-13T01:20:38] SAMPLE t=20s phase=Congestion adaptation=without_ML throughput_gbps=8.2359 latency_ms=66.3191
[2026-08-13T01:20:39] SAMPLE t=21s phase=Congestion adaptation=without_ML throughput_gbps=7.3528 latency_ms=63.7782
[2026-08-13T01:20:40] SAMPLE t=22s phase=Congestion adaptation=without_ML throughput_gbps=8.3299 latency_ms=64.417
[2026-08-13T01:20:41] SAMPLE t=23s phase=Congestion adaptation=without_ML throughput_gbps=7.7701 latency_ms=64.3965
[2026-08-13T01:20:42] SAMPLE t=24s phase=Congestion adaptation=without_ML throughput_gbps=7.622 latency_ms=66.9025
[2026-08-13T01:20:43] SAMPLE t=25s phase=Congestion adaptation=without_ML throughput_gbps=8.1416 latency_ms=68.2085
[2026-08-13T01:20:44] SAMPLE t=26s phase=Congestion adaptation=without_ML throughput_gbps=8.1198 latency_ms=65.5026
[2026-08-13T01:20:45] SAMPLE t=27s phase=Congestion adaptation=without_ML throughput_gbps=8.6876 latency_ms=64.3627
[2026-08-13T01:20:46] SAMPLE t=28s phase=Congestion adaptation=without_ML throughput_gbps=7.9852 latency_ms=64.9761
[2026-08-13T01:20:47] SAMPLE t=29s phase=Congestion adaptation=without_ML throughput_gbps=7.9645 latency_ms=65.0858
[2026-08-13T01:20:48] SAMPLE t=30s phase=Congestion adaptation=without_ML throughput_gbps=8.1937 latency_ms=64.8606
[2026-08-13T01:20:49] SAMPLE t=31s phase=Congestion adaptation=without_ML throughput_gbps=8.4496 latency_ms=64.6022
[2026-08-13T01:20:50] SAMPLE t=32s phase=Congestion adaptation=without_ML throughput_gbps=7.8229 latency_ms=66.422
[2026-08-13T01:20:51] SAMPLE t=33s phase=Congestion adaptation=without_ML throughput_gbps=7.7578 latency_ms=65.6938
[2026-08-13T01:20:52] SAMPLE t=34s phase=Congestion adaptation=without_ML throughput_gbps=8.0306 latency_ms=64.1489
[2026-08-13T01:20:53] SAMPLE t=35s phase=Congestion adaptation=without_ML throughput_gbps=7.9464 latency_ms=66.5878
[2026-08-13T01:20:54] SAMPLE t=36s phase=Congestion adaptation=without_ML throughput_gbps=8.2557 latency_ms=64.7197
[2026-08-13T01:20:55] SAMPLE t=37s phase=Congestion adaptation=without_ML throughput_gbps=7.8961 latency_ms=65.7937
[2026-08-13T01:20:56] SAMPLE t=38s phase=Congestion adaptation=without_ML throughput_gbps=8.2424 latency_ms=66.0497
[2026-08-13T01:20:57] SAMPLE t=39s phase=Congestion adaptation=without_ML throughput_gbps=7.8748 latency_ms=65.4583
[2026-08-13T01:20:58] SAMPLE t=40s phase=Path_change adaptation=without_ML throughput_gbps=8.0723 latency_ms=65.9764
[2026-08-13T01:20:59] SAMPLE t=41s phase=Path_change adaptation=without_ML throughput_gbps=7.7184 latency_ms=66.462
[2026-08-13T01:21:00] SAMPLE t=42s phase=Path_change adaptation=without_ML throughput_gbps=7.055 latency_ms=68.4861
[2026-08-13T01:21:01] SAMPLE t=43s phase=Path_change adaptation=without_ML throughput_gbps=6.7852 latency_ms=67.9049
[2026-08-13T01:21:02] SAMPLE t=44s phase=Path_change adaptation=without_ML throughput_gbps=6.657 latency_ms=68.2624
[2026-08-13T01:21:03] SAMPLE t=45s phase=Path_change adaptation=without_ML throughput_gbps=6.46 latency_ms=71.0768
[2026-08-13T01:21:04] SAMPLE t=46s phase=Path_change adaptation=without_ML throughput_gbps=6.0821 latency_ms=71.3938
[2026-08-13T01:21:05] SAMPLE t=47s phase=Path_change adaptation=without_ML throughput_gbps=6.0156 latency_ms=71.6672
[2026-08-13T01:21:06] SAMPLE t=48s phase=Path_change adaptation=without_ML throughput_gbps=5.7962 latency_ms=73.3708
[2026-08-13T01:21:07] SAMPLE t=49s phase=Path_change adaptation=without_ML throughput_gbps=5.7665 latency_ms=73.2529
[2026-08-13T01:21:08] SAMPLE t=50s phase=Path_change adaptation=without_ML throughput_gbps=5.4381 latency_ms=73.1096
[2026-08-13T01:21:09] SAMPLE t=51s phase=Path_change adaptation=without_ML throughput_gbps=5.7966 latency_ms=72.0085
[2026-08-13T01:21:10] SAMPLE t=52s phase=Path_change adaptation=without_ML throughput_gbps=5.843 latency_ms=75.3258
[2026-08-13T01:21:11] SAMPLE t=53s phase=Path_change adaptation=without_ML throughput_gbps=5.8911 latency_ms=70.5528
[2026-08-13T01:21:12] SAMPLE t=54s phase=Path_change adaptation=without_ML throughput_gbps=6.1271 latency_ms=73.3943
[2026-08-13T01:21:13] SAMPLE t=55s phase=Path_change adaptation=without_ML throughput_gbps=6.4017 latency_ms=70.7998
[2026-08-13T01:21:14] SAMPLE t=56s phase=Path_change adaptation=without_ML throughput_gbps=6.611 latency_ms=69.6833
[2026-08-13T01:21:15] SAMPLE t=57s phase=Path_change adaptation=without_ML throughput_gbps=6.74 latency_ms=69.0792
[2026-08-13T01:21:16] SAMPLE t=58s phase=Path_change adaptation=without_ML throughput_gbps=7.0206 latency_ms=67.2539
[2026-08-13T01:21:17] SAMPLE t=59s phase=Path_change adaptation=without_ML throughput_gbps=7.5791 latency_ms=65.9301
[2026-08-13T01:21:18] SAMPLE t=60s phase=Loss_spike adaptation=without_ML throughput_gbps=6.0632 latency_ms=69.6431
[2026-08-13T01:21:19] SAMPLE t=61s phase=Loss_spike adaptation=without_ML throughput_gbps=8.2741 latency_ms=79.3685
[2026-08-13T01:21:20] SAMPLE t=62s phase=Loss_spike adaptation=without_ML throughput_gbps=7.6305 latency_ms=75.6009
[2026-08-13T01:21:21] SAMPLE t=63s phase=Loss_spike adaptation=without_ML throughput_gbps=4.8353 latency_ms=74.8877
[2026-08-13T01:21:22] SAMPLE t=64s phase=Loss_spike adaptation=without_ML throughput_gbps=3.9437 latency_ms=79.12
[2026-08-13T01:21:23] SAMPLE t=65s phase=Loss_spike adaptation=without_ML throughput_gbps=6.2329 latency_ms=68.4295
[2026-08-13T01:21:24] SAMPLE t=66s phase=Loss_spike adaptation=without_ML throughput_gbps=8.6158 latency_ms=80.8458
[2026-08-13T01:21:25] SAMPLE t=67s phase=Loss_spike adaptation=without_ML throughput_gbps=7.6659 latency_ms=76.6545
[2026-08-13T01:21:26] SAMPLE t=68s phase=Loss_spike adaptation=without_ML throughput_gbps=4.7868 latency_ms=78.634
[2026-08-13T01:21:27] SAMPLE t=69s phase=Loss_spike adaptation=without_ML throughput_gbps=4.0034 latency_ms=79.0161
[2026-08-13T01:21:28] SAMPLE t=70s phase=Loss_spike adaptation=without_ML throughput_gbps=6.2477 latency_ms=70.0827
[2026-08-13T01:21:29] SAMPLE t=71s phase=Loss_spike adaptation=without_ML throughput_gbps=8.1845 latency_ms=79.7018
[2026-08-13T01:21:30] SAMPLE t=72s phase=Loss_spike adaptation=without_ML throughput_gbps=7.4943 latency_ms=73.8212
[2026-08-13T01:21:31] SAMPLE t=73s phase=Loss_spike adaptation=without_ML throughput_gbps=4.6915 latency_ms=75.094
[2026-08-13T01:21:32] SAMPLE t=74s phase=Loss_spike adaptation=without_ML throughput_gbps=3.9298 latency_ms=79.025
[2026-08-13T01:21:33] SAMPLE t=75s phase=Loss_spike adaptation=without_ML throughput_gbps=6.1773 latency_ms=69.6341
[2026-08-13T01:21:34] SAMPLE t=76s phase=Loss_spike adaptation=without_ML throughput_gbps=8.3026 latency_ms=82.7093
[2026-08-13T01:21:35] SAMPLE t=77s phase=Loss_spike adaptation=without_ML throughput_gbps=7.5909 latency_ms=76.7199
[2026-08-13T01:21:36] SAMPLE t=78s phase=Loss_spike adaptation=without_ML throughput_gbps=4.872 latency_ms=76.2682
[2026-08-13T01:21:37] SAMPLE t=79s phase=Loss_spike adaptation=without_ML throughput_gbps=4.1726 latency_ms=82.1537
[2026-08-13T01:21:38] SAMPLE t=80s phase=Recovery adaptation=without_ML throughput_gbps=7.9951 latency_ms=64.7378
[2026-08-13T01:21:39] SAMPLE t=81s phase=Recovery adaptation=without_ML throughput_gbps=8.0171 latency_ms=66.3258
[2026-08-13T01:21:40] SAMPLE t=82s phase=Recovery adaptation=without_ML throughput_gbps=7.9274 latency_ms=67.5134
[2026-08-13T01:21:41] SAMPLE t=83s phase=Recovery adaptation=without_ML throughput_gbps=8.0168 latency_ms=67.4254
[2026-08-13T01:21:42] SAMPLE t=84s phase=Recovery adaptation=without_ML throughput_gbps=7.7852 latency_ms=67.9107
[2026-08-13T01:21:43] SAMPLE t=85s phase=Recovery adaptation=without_ML throughput_gbps=8.3421 latency_ms=65.6967
[2026-08-13T01:21:44] SAMPLE t=86s phase=Recovery adaptation=without_ML throughput_gbps=7.8448 latency_ms=65.865
[2026-08-13T01:21:45] SAMPLE t=87s phase=Recovery adaptation=without_ML throughput_gbps=7.8782 latency_ms=67.6659
[2026-08-13T01:21:46] SAMPLE t=88s phase=Recovery adaptation=without_ML throughput_gbps=8.0842 latency_ms=65.6976
[2026-08-13T01:21:47] SAMPLE t=89s phase=Recovery adaptation=without_ML throughput_gbps=8.3997 latency_ms=65.1257
[2026-08-13T01:21:48] SAMPLE t=90s phase=Recovery adaptation=without_ML throughput_gbps=7.9663 latency_ms=63.0079
[2026-08-13T01:21:49] SAMPLE t=91s phase=Recovery adaptation=without_ML throughput_gbps=7.88 latency_ms=65.1524
[2026-08-13T01:21:50] SAMPLE t=92s phase=Recovery adaptation=without_ML throughput_gbps=8.2278 latency_ms=68.2104
[2026-08-13T01:21:51] SAMPLE t=93s phase=Recovery adaptation=without_ML throughput_gbps=8.1272 latency_ms=65.2208
[2026-08-13T01:21:52] SAMPLE t=94s phase=Recovery adaptation=without_ML throughput_gbps=7.7651 latency_ms=65.5788
[2026-08-13T01:21:53] SAMPLE t=95s phase=Recovery adaptation=without_ML throughput_gbps=7.9783 latency_ms=65.053
[2026-08-13T01:21:54] SAMPLE t=96s phase=Recovery adaptation=without_ML throughput_gbps=8.3367 latency_ms=66.7936
[2026-08-13T01:21:55] SAMPLE t=97s phase=Recovery adaptation=without_ML throughput_gbps=7.9811 latency_ms=64.9294
[2026-08-13T01:21:56] SAMPLE t=98s phase=Recovery adaptation=without_ML throughput_gbps=7.829 latency_ms=68.6598
[2026-08-13T01:21:57] SAMPLE t=99s phase=Recovery adaptation=without_ML throughput_gbps=7.9589 latency_ms=66.8127
[2026-08-13T01:20:18] TRACE_END run_id=86 status=OK
