[2026-08-17T13:58:50] TRACE_START run_id=06_ml_adaptation_timeseries_DISCARDED_0019
[2026-08-17T13:58:50] TRACE_ABORTED reason=ptp_offset_exceeded: clock offset >1us observed mid-trace, timing of phase transitions unreliable, trace discarded
[2026-08-17T13:59:56] TRACE_START run_id=125
[2026-08-17T13:59:56] SAMPLE t=0s phase=Stable adaptation=with_ML throughput_gbps=8.0836 latency_ms=64.8378
[2026-08-17T13:59:57] SAMPLE t=1s phase=Stable adaptation=with_ML throughput_gbps=8.0504 latency_ms=66.7992
[2026-08-17T13:59:58] SAMPLE t=2s phase=Stable adaptation=with_ML throughput_gbps=8.0596 latency_ms=66.104
[2026-08-17T13:59:59] SAMPLE t=3s phase=Stable adaptation=with_ML throughput_gbps=8.0887 latency_ms=66.4298
[2026-08-17T14:00:00] SAMPLE t=4s phase=Stable adaptation=with_ML throughput_gbps=8.4593 latency_ms=64.8987
[2026-08-17T14:00:01] SAMPLE t=5s phase=Stable adaptation=with_ML throughput_gbps=8.081 latency_ms=67.092
[2026-08-17T14:00:02] SAMPLE t=6s phase=Stable adaptation=with_ML throughput_gbps=8.1358 latency_ms=66.1173
[2026-08-17T14:00:03] SAMPLE t=7s phase=Stable adaptation=with_ML throughput_gbps=8.3717 latency_ms=66.1035
[2026-08-17T14:00:04] SAMPLE t=8s phase=Stable adaptation=with_ML throughput_gbps=8.5115 latency_ms=67.4612
[2026-08-17T14:00:05] SAMPLE t=9s phase=Stable adaptation=with_ML throughput_gbps=7.7481 latency_ms=67.0055
[2026-08-17T14:00:06] SAMPLE t=10s phase=Stable adaptation=with_ML throughput_gbps=8.0752 latency_ms=66.0402
[2026-08-17T14:00:07] SAMPLE t=11s phase=Stable adaptation=with_ML throughput_gbps=8.1006 latency_ms=67.4096
[2026-08-17T14:00:08] SAMPLE t=12s phase=Stable adaptation=with_ML throughput_gbps=8.1705 latency_ms=67.2399
[2026-08-17T14:00:09] SAMPLE t=13s phase=Stable adaptation=with_ML throughput_gbps=8.4145 latency_ms=67.8043
[2026-08-17T14:00:10] SAMPLE t=14s phase=Stable adaptation=with_ML throughput_gbps=8.3249 latency_ms=66.8393
[2026-08-17T14:00:11] SAMPLE t=15s phase=Stable adaptation=with_ML throughput_gbps=8.4034 latency_ms=68.3886
[2026-08-17T14:00:12] SAMPLE t=16s phase=Stable adaptation=with_ML throughput_gbps=7.8469 latency_ms=66.7547
[2026-08-17T14:00:13] SAMPLE t=17s phase=Stable adaptation=with_ML throughput_gbps=8.4261 latency_ms=67.8895
[2026-08-17T14:00:14] SAMPLE t=18s phase=Stable adaptation=with_ML throughput_gbps=7.9489 latency_ms=65.9594
[2026-08-17T14:00:15] SAMPLE t=19s phase=Stable adaptation=with_ML throughput_gbps=8.035 latency_ms=65.6502
[2026-08-17T14:00:16] SAMPLE t=20s phase=Congestion adaptation=with_ML throughput_gbps=8.1138 latency_ms=68.8227
[2026-08-17T14:00:17] SAMPLE t=21s phase=Congestion adaptation=with_ML throughput_gbps=7.9581 latency_ms=67.3404
[2026-08-17T14:00:18] SAMPLE t=22s phase=Congestion adaptation=with_ML throughput_gbps=7.9647 latency_ms=67.4422
[2026-08-17T14:00:19] SAMPLE t=23s phase=Congestion adaptation=with_ML throughput_gbps=8.1583 latency_ms=66.2387
[2026-08-17T14:00:20] SAMPLE t=24s phase=Congestion adaptation=with_ML throughput_gbps=8.0293 latency_ms=66.9627
[2026-08-17T14:00:21] SAMPLE t=25s phase=Congestion adaptation=with_ML throughput_gbps=8.0622 latency_ms=64.9727
[2026-08-17T14:00:22] SAMPLE t=26s phase=Congestion adaptation=with_ML throughput_gbps=8.0131 latency_ms=66.6607
[2026-08-17T14:00:23] SAMPLE t=27s phase=Congestion adaptation=with_ML throughput_gbps=7.9474 latency_ms=67.9779
[2026-08-17T14:00:24] SAMPLE t=28s phase=Congestion adaptation=with_ML throughput_gbps=8.2215 latency_ms=67.0181
[2026-08-17T14:00:25] SAMPLE t=29s phase=Congestion adaptation=with_ML throughput_gbps=8.3241 latency_ms=69.9175
[2026-08-17T14:00:26] SAMPLE t=30s phase=Congestion adaptation=with_ML throughput_gbps=8.1116 latency_ms=66.9487
[2026-08-17T14:00:27] SAMPLE t=31s phase=Congestion adaptation=with_ML throughput_gbps=7.9408 latency_ms=67.8798
[2026-08-17T14:00:28] SAMPLE t=32s phase=Congestion adaptation=with_ML throughput_gbps=8.5085 latency_ms=64.9886
[2026-08-17T14:00:29] SAMPLE t=33s phase=Congestion adaptation=with_ML throughput_gbps=8.0723 latency_ms=66.4253
[2026-08-17T14:00:30] SAMPLE t=34s phase=Congestion adaptation=with_ML throughput_gbps=7.8372 latency_ms=65.4338
[2026-08-17T14:00:31] SAMPLE t=35s phase=Congestion adaptation=with_ML throughput_gbps=8.3587 latency_ms=68.3955
[2026-08-17T14:00:32] SAMPLE t=36s phase=Congestion adaptation=with_ML throughput_gbps=8.0665 latency_ms=67.0512
[2026-08-17T14:00:33] SAMPLE t=37s phase=Congestion adaptation=with_ML throughput_gbps=7.9791 latency_ms=66.2907
[2026-08-17T14:00:34] SAMPLE t=38s phase=Congestion adaptation=with_ML throughput_gbps=7.9966 latency_ms=65.0677
[2026-08-17T14:00:35] SAMPLE t=39s phase=Congestion adaptation=with_ML throughput_gbps=8.3908 latency_ms=68.9557
[2026-08-17T14:00:36] SAMPLE t=40s phase=Path_change adaptation=with_ML throughput_gbps=8.0274 latency_ms=66.869
[2026-08-17T14:00:37] SAMPLE t=41s phase=Path_change adaptation=with_ML throughput_gbps=8.1205 latency_ms=64.4225
[2026-08-17T14:00:38] SAMPLE t=42s phase=Path_change adaptation=with_ML throughput_gbps=7.6587 latency_ms=66.9588
[2026-08-17T14:00:39] SAMPLE t=43s phase=Path_change adaptation=with_ML throughput_gbps=7.4989 latency_ms=68.9432
[2026-08-17T14:00:40] SAMPLE t=44s phase=Path_change adaptation=with_ML throughput_gbps=7.3916 latency_ms=67.3004
[2026-08-17T14:00:41] SAMPLE t=45s phase=Path_change adaptation=with_ML throughput_gbps=7.6335 latency_ms=67.3646
[2026-08-17T14:00:42] SAMPLE t=46s phase=Path_change adaptation=with_ML throughput_gbps=7.4018 latency_ms=65.5531
[2026-08-17T14:00:43] SAMPLE t=47s phase=Path_change adaptation=with_ML throughput_gbps=7.479 latency_ms=67.6606
[2026-08-17T14:00:44] SAMPLE t=48s phase=Path_change adaptation=with_ML throughput_gbps=7.6155 latency_ms=69.1728
[2026-08-17T14:00:45] SAMPLE t=49s phase=Path_change adaptation=with_ML throughput_gbps=7.3508 latency_ms=68.8986
[2026-08-17T14:00:46] SAMPLE t=50s phase=Path_change adaptation=with_ML throughput_gbps=6.557 latency_ms=68.4717
[2026-08-17T14:00:47] SAMPLE t=51s phase=Path_change adaptation=with_ML throughput_gbps=7.005 latency_ms=66.1199
[2026-08-17T14:00:48] SAMPLE t=52s phase=Path_change adaptation=with_ML throughput_gbps=7.4233 latency_ms=67.0048
[2026-08-17T14:00:49] SAMPLE t=53s phase=Path_change adaptation=with_ML throughput_gbps=7.5331 latency_ms=68.4351
[2026-08-17T14:00:50] SAMPLE t=54s phase=Path_change adaptation=with_ML throughput_gbps=7.3768 latency_ms=70.6545
[2026-08-17T14:00:51] SAMPLE t=55s phase=Path_change adaptation=with_ML throughput_gbps=7.0865 latency_ms=68.8606
[2026-08-17T14:00:52] SAMPLE t=56s phase=Path_change adaptation=with_ML throughput_gbps=7.2453 latency_ms=66.9197
[2026-08-17T14:00:53] SAMPLE t=57s phase=Path_change adaptation=with_ML throughput_gbps=7.7255 latency_ms=67.4863
[2026-08-17T14:00:54] SAMPLE t=58s phase=Path_change adaptation=with_ML throughput_gbps=7.9588 latency_ms=68.4734
[2026-08-17T14:00:55] SAMPLE t=59s phase=Path_change adaptation=with_ML throughput_gbps=8.2882 latency_ms=66.8847
[2026-08-17T14:00:56] SAMPLE t=60s phase=Loss_spike adaptation=with_ML throughput_gbps=7.1271 latency_ms=66.4813
[2026-08-17T14:00:57] SAMPLE t=61s phase=Loss_spike adaptation=with_ML throughput_gbps=7.982 latency_ms=70.4469
[2026-08-17T14:00:58] SAMPLE t=62s phase=Loss_spike adaptation=with_ML throughput_gbps=7.9079 latency_ms=68.9636
[2026-08-17T14:00:59] SAMPLE t=63s phase=Loss_spike adaptation=with_ML throughput_gbps=6.6347 latency_ms=70.1069
[2026-08-17T14:01:00] SAMPLE t=64s phase=Loss_spike adaptation=with_ML throughput_gbps=6.1782 latency_ms=72.3717
[2026-08-17T14:01:01] SAMPLE t=65s phase=Loss_spike adaptation=with_ML throughput_gbps=7.6674 latency_ms=68.0237
[2026-08-17T14:01:02] SAMPLE t=66s phase=Loss_spike adaptation=with_ML throughput_gbps=8.4184 latency_ms=68.6642
[2026-08-17T14:01:03] SAMPLE t=67s phase=Loss_spike adaptation=with_ML throughput_gbps=7.7916 latency_ms=68.1039
[2026-08-17T14:01:04] SAMPLE t=68s phase=Loss_spike adaptation=with_ML throughput_gbps=6.9119 latency_ms=72.8711
[2026-08-17T14:01:05] SAMPLE t=69s phase=Loss_spike adaptation=with_ML throughput_gbps=6.3569 latency_ms=69.195
[2026-08-17T14:01:06] SAMPLE t=70s phase=Loss_spike adaptation=with_ML throughput_gbps=7.2408 latency_ms=67.4622
[2026-08-17T14:01:07] SAMPLE t=71s phase=Loss_spike adaptation=with_ML throughput_gbps=8.3365 latency_ms=72.3756
[2026-08-17T14:01:08] SAMPLE t=72s phase=Loss_spike adaptation=with_ML throughput_gbps=8.065 latency_ms=67.9157
[2026-08-17T14:01:09] SAMPLE t=73s phase=Loss_spike adaptation=with_ML throughput_gbps=6.7824 latency_ms=71.6789
[2026-08-17T14:01:10] SAMPLE t=74s phase=Loss_spike adaptation=with_ML throughput_gbps=5.9448 latency_ms=71.2352
[2026-08-17T14:01:11] SAMPLE t=75s phase=Loss_spike adaptation=with_ML throughput_gbps=7.3078 latency_ms=67.0167
[2026-08-17T14:01:12] SAMPLE t=76s phase=Loss_spike adaptation=with_ML throughput_gbps=8.4907 latency_ms=69.1391
[2026-08-17T14:01:13] SAMPLE t=77s phase=Loss_spike adaptation=with_ML throughput_gbps=7.9755 latency_ms=70.6785
[2026-08-17T14:01:14] SAMPLE t=78s phase=Loss_spike adaptation=with_ML throughput_gbps=6.7228 latency_ms=70.3008
[2026-08-17T14:01:15] SAMPLE t=79s phase=Loss_spike adaptation=with_ML throughput_gbps=6.3275 latency_ms=71.9262
[2026-08-17T14:01:16] SAMPLE t=80s phase=Recovery adaptation=with_ML throughput_gbps=8.2111 latency_ms=66.5014
[2026-08-17T14:01:17] SAMPLE t=81s phase=Recovery adaptation=with_ML throughput_gbps=7.823 latency_ms=65.1631
[2026-08-17T14:01:18] SAMPLE t=82s phase=Recovery adaptation=with_ML throughput_gbps=8.1049 latency_ms=65.6168
[2026-08-17T14:01:19] SAMPLE t=83s phase=Recovery adaptation=with_ML throughput_gbps=8.2501 latency_ms=63.2132
[2026-08-17T14:01:20] SAMPLE t=84s phase=Recovery adaptation=with_ML throughput_gbps=8.2325 latency_ms=66.3759
[2026-08-17T14:01:21] SAMPLE t=85s phase=Recovery adaptation=with_ML throughput_gbps=8.585 latency_ms=65.7747
[2026-08-17T14:01:22] SAMPLE t=86s phase=Recovery adaptation=with_ML throughput_gbps=8.5932 latency_ms=64.465
[2026-08-17T14:01:23] SAMPLE t=87s phase=Recovery adaptation=with_ML throughput_gbps=8.2022 latency_ms=65.5942
[2026-08-17T14:01:24] SAMPLE t=88s phase=Recovery adaptation=with_ML throughput_gbps=8.2151 latency_ms=67.6958
[2026-08-17T14:01:25] SAMPLE t=89s phase=Recovery adaptation=with_ML throughput_gbps=7.9878 latency_ms=65.2484
[2026-08-17T14:01:26] SAMPLE t=90s phase=Recovery adaptation=with_ML throughput_gbps=8.5145 latency_ms=64.0338
[2026-08-17T14:01:27] SAMPLE t=91s phase=Recovery adaptation=with_ML throughput_gbps=8.4603 latency_ms=65.547
[2026-08-17T14:01:28] SAMPLE t=92s phase=Recovery adaptation=with_ML throughput_gbps=8.2474 latency_ms=64.3503
[2026-08-17T14:01:29] SAMPLE t=93s phase=Recovery adaptation=with_ML throughput_gbps=8.4237 latency_ms=65.9264
[2026-08-17T14:01:30] SAMPLE t=94s phase=Recovery adaptation=with_ML throughput_gbps=8.2678 latency_ms=64.6278
[2026-08-17T14:01:31] SAMPLE t=95s phase=Recovery adaptation=with_ML throughput_gbps=8.3979 latency_ms=65.3695
[2026-08-17T14:01:32] SAMPLE t=96s phase=Recovery adaptation=with_ML throughput_gbps=8.3235 latency_ms=66.0013
[2026-08-17T14:01:33] SAMPLE t=97s phase=Recovery adaptation=with_ML throughput_gbps=8.458 latency_ms=65.9446
[2026-08-17T14:01:34] SAMPLE t=98s phase=Recovery adaptation=with_ML throughput_gbps=8.6201 latency_ms=63.3329
[2026-08-17T14:01:35] SAMPLE t=99s phase=Recovery adaptation=with_ML throughput_gbps=8.3172 latency_ms=65.9258
[2026-08-17T13:59:56] SAMPLE t=0s phase=Stable adaptation=without_ML throughput_gbps=7.8582 latency_ms=66.4547
[2026-08-17T13:59:57] SAMPLE t=1s phase=Stable adaptation=without_ML throughput_gbps=7.9525 latency_ms=68.4426
[2026-08-17T13:59:58] SAMPLE t=2s phase=Stable adaptation=without_ML throughput_gbps=7.997 latency_ms=66.7474
[2026-08-17T13:59:59] SAMPLE t=3s phase=Stable adaptation=without_ML throughput_gbps=7.9299 latency_ms=66.9306
[2026-08-17T14:00:00] SAMPLE t=4s phase=Stable adaptation=without_ML throughput_gbps=7.8677 latency_ms=64.231
[2026-08-17T14:00:01] SAMPLE t=5s phase=Stable adaptation=without_ML throughput_gbps=8.3502 latency_ms=64.7272
[2026-08-17T14:00:02] SAMPLE t=6s phase=Stable adaptation=without_ML throughput_gbps=7.7892 latency_ms=65.6862
[2026-08-17T14:00:03] SAMPLE t=7s phase=Stable adaptation=without_ML throughput_gbps=8.0113 latency_ms=65.5328
[2026-08-17T14:00:04] SAMPLE t=8s phase=Stable adaptation=without_ML throughput_gbps=7.9531 latency_ms=66.429
[2026-08-17T14:00:05] SAMPLE t=9s phase=Stable adaptation=without_ML throughput_gbps=7.6502 latency_ms=67.2639
[2026-08-17T14:00:06] SAMPLE t=10s phase=Stable adaptation=without_ML throughput_gbps=8.0839 latency_ms=65.9021
[2026-08-17T14:00:07] SAMPLE t=11s phase=Stable adaptation=without_ML throughput_gbps=8.0237 latency_ms=66.0751
[2026-08-17T14:00:08] SAMPLE t=12s phase=Stable adaptation=without_ML throughput_gbps=8.289 latency_ms=67.388
[2026-08-17T14:00:09] SAMPLE t=13s phase=Stable adaptation=without_ML throughput_gbps=7.9176 latency_ms=67.0289
[2026-08-17T14:00:10] SAMPLE t=14s phase=Stable adaptation=without_ML throughput_gbps=7.7608 latency_ms=68.2178
[2026-08-17T14:00:11] SAMPLE t=15s phase=Stable adaptation=without_ML throughput_gbps=8.3372 latency_ms=65.7477
[2026-08-17T14:00:12] SAMPLE t=16s phase=Stable adaptation=without_ML throughput_gbps=8.4037 latency_ms=65.2578
[2026-08-17T14:00:13] SAMPLE t=17s phase=Stable adaptation=without_ML throughput_gbps=8.0749 latency_ms=65.912
[2026-08-17T14:00:14] SAMPLE t=18s phase=Stable adaptation=without_ML throughput_gbps=8.3069 latency_ms=64.339
[2026-08-17T14:00:15] SAMPLE t=19s phase=Stable adaptation=without_ML throughput_gbps=7.9456 latency_ms=64.5079
[2026-08-17T14:00:16] SAMPLE t=20s phase=Congestion adaptation=without_ML throughput_gbps=7.9713 latency_ms=65.9864
[2026-08-17T14:00:17] SAMPLE t=21s phase=Congestion adaptation=without_ML throughput_gbps=7.9317 latency_ms=68.2315
[2026-08-17T14:00:18] SAMPLE t=22s phase=Congestion adaptation=without_ML throughput_gbps=7.6972 latency_ms=64.1157
[2026-08-17T14:00:19] SAMPLE t=23s phase=Congestion adaptation=without_ML throughput_gbps=7.8335 latency_ms=66.8816
[2026-08-17T14:00:20] SAMPLE t=24s phase=Congestion adaptation=without_ML throughput_gbps=7.651 latency_ms=67.1992
[2026-08-17T14:00:21] SAMPLE t=25s phase=Congestion adaptation=without_ML throughput_gbps=8.0646 latency_ms=65.611
[2026-08-17T14:00:22] SAMPLE t=26s phase=Congestion adaptation=without_ML throughput_gbps=8.0309 latency_ms=65.5518
[2026-08-17T14:00:23] SAMPLE t=27s phase=Congestion adaptation=without_ML throughput_gbps=8.2831 latency_ms=62.8829
[2026-08-17T14:00:24] SAMPLE t=28s phase=Congestion adaptation=without_ML throughput_gbps=8.0025 latency_ms=68.1998
[2026-08-17T14:00:25] SAMPLE t=29s phase=Congestion adaptation=without_ML throughput_gbps=7.7936 latency_ms=64.2272
[2026-08-17T14:00:26] SAMPLE t=30s phase=Congestion adaptation=without_ML throughput_gbps=8.0327 latency_ms=67.2988
[2026-08-17T14:00:27] SAMPLE t=31s phase=Congestion adaptation=without_ML throughput_gbps=8.0008 latency_ms=63.434
[2026-08-17T14:00:28] SAMPLE t=32s phase=Congestion adaptation=without_ML throughput_gbps=8.2265 latency_ms=66.3045
[2026-08-17T14:00:29] SAMPLE t=33s phase=Congestion adaptation=without_ML throughput_gbps=7.6427 latency_ms=65.6249
[2026-08-17T14:00:30] SAMPLE t=34s phase=Congestion adaptation=without_ML throughput_gbps=7.3847 latency_ms=66.3653
[2026-08-17T14:00:31] SAMPLE t=35s phase=Congestion adaptation=without_ML throughput_gbps=7.7662 latency_ms=67.7113
[2026-08-17T14:00:32] SAMPLE t=36s phase=Congestion adaptation=without_ML throughput_gbps=7.6268 latency_ms=64.3862
[2026-08-17T14:00:33] SAMPLE t=37s phase=Congestion adaptation=without_ML throughput_gbps=7.5778 latency_ms=64.0857
[2026-08-17T14:00:34] SAMPLE t=38s phase=Congestion adaptation=without_ML throughput_gbps=7.7036 latency_ms=66.4634
[2026-08-17T14:00:35] SAMPLE t=39s phase=Congestion adaptation=without_ML throughput_gbps=7.8566 latency_ms=67.2414
[2026-08-17T14:00:36] SAMPLE t=40s phase=Path_change adaptation=without_ML throughput_gbps=8.0641 latency_ms=63.9421
[2026-08-17T14:00:37] SAMPLE t=41s phase=Path_change adaptation=without_ML throughput_gbps=7.4648 latency_ms=65.185
[2026-08-17T14:00:38] SAMPLE t=42s phase=Path_change adaptation=without_ML throughput_gbps=7.3704 latency_ms=65.874
[2026-08-17T14:00:39] SAMPLE t=43s phase=Path_change adaptation=without_ML throughput_gbps=7.0603 latency_ms=68.6815
[2026-08-17T14:00:40] SAMPLE t=44s phase=Path_change adaptation=without_ML throughput_gbps=6.4189 latency_ms=71.6112
[2026-08-17T14:00:41] SAMPLE t=45s phase=Path_change adaptation=without_ML throughput_gbps=6.0416 latency_ms=72.2551
[2026-08-17T14:00:42] SAMPLE t=46s phase=Path_change adaptation=without_ML throughput_gbps=5.824 latency_ms=72.7496
[2026-08-17T14:00:43] SAMPLE t=47s phase=Path_change adaptation=without_ML throughput_gbps=5.8904 latency_ms=71.4495
[2026-08-17T14:00:44] SAMPLE t=48s phase=Path_change adaptation=without_ML throughput_gbps=5.6305 latency_ms=72.2369
[2026-08-17T14:00:45] SAMPLE t=49s phase=Path_change adaptation=without_ML throughput_gbps=5.7305 latency_ms=71.8636
[2026-08-17T14:00:46] SAMPLE t=50s phase=Path_change adaptation=without_ML throughput_gbps=5.8723 latency_ms=72.9412
[2026-08-17T14:00:47] SAMPLE t=51s phase=Path_change adaptation=without_ML throughput_gbps=5.7907 latency_ms=70.3644
[2026-08-17T14:00:48] SAMPLE t=52s phase=Path_change adaptation=without_ML throughput_gbps=5.894 latency_ms=71.3766
[2026-08-17T14:00:49] SAMPLE t=53s phase=Path_change adaptation=without_ML throughput_gbps=5.9526 latency_ms=70.1526
[2026-08-17T14:00:50] SAMPLE t=54s phase=Path_change adaptation=without_ML throughput_gbps=6.0695 latency_ms=73.427
[2026-08-17T14:00:51] SAMPLE t=55s phase=Path_change adaptation=without_ML throughput_gbps=6.4985 latency_ms=71.8808
[2026-08-17T14:00:52] SAMPLE t=56s phase=Path_change adaptation=without_ML throughput_gbps=6.6066 latency_ms=69.2105
[2026-08-17T14:00:53] SAMPLE t=57s phase=Path_change adaptation=without_ML throughput_gbps=6.859 latency_ms=70.6264
[2026-08-17T14:00:54] SAMPLE t=58s phase=Path_change adaptation=without_ML throughput_gbps=7.0675 latency_ms=70.1181
[2026-08-17T14:00:55] SAMPLE t=59s phase=Path_change adaptation=without_ML throughput_gbps=8.1552 latency_ms=66.0589
[2026-08-17T14:00:56] SAMPLE t=60s phase=Loss_spike adaptation=without_ML throughput_gbps=6.0777 latency_ms=71.2391
[2026-08-17T14:00:57] SAMPLE t=61s phase=Loss_spike adaptation=without_ML throughput_gbps=8.268 latency_ms=78.2723
[2026-08-17T14:00:58] SAMPLE t=62s phase=Loss_spike adaptation=without_ML throughput_gbps=7.9785 latency_ms=77.5491
[2026-08-17T14:00:59] SAMPLE t=63s phase=Loss_spike adaptation=without_ML throughput_gbps=4.7175 latency_ms=75.4826
[2026-08-17T14:01:00] SAMPLE t=64s phase=Loss_spike adaptation=without_ML throughput_gbps=4.071 latency_ms=79.203
[2026-08-17T14:01:01] SAMPLE t=65s phase=Loss_spike adaptation=without_ML throughput_gbps=6.2485 latency_ms=71.5063
[2026-08-17T14:01:02] SAMPLE t=66s phase=Loss_spike adaptation=without_ML throughput_gbps=8.5515 latency_ms=79.6713
[2026-08-17T14:01:03] SAMPLE t=67s phase=Loss_spike adaptation=without_ML throughput_gbps=7.5684 latency_ms=77.4816
[2026-08-17T14:01:04] SAMPLE t=68s phase=Loss_spike adaptation=without_ML throughput_gbps=4.8618 latency_ms=78.6786
[2026-08-17T14:01:05] SAMPLE t=69s phase=Loss_spike adaptation=without_ML throughput_gbps=4.1434 latency_ms=81.1688
[2026-08-17T14:01:06] SAMPLE t=70s phase=Loss_spike adaptation=without_ML throughput_gbps=6.3174 latency_ms=69.6028
[2026-08-17T14:01:07] SAMPLE t=71s phase=Loss_spike adaptation=without_ML throughput_gbps=8.7233 latency_ms=79.8786
[2026-08-17T14:01:08] SAMPLE t=72s phase=Loss_spike adaptation=without_ML throughput_gbps=7.6683 latency_ms=76.7548
[2026-08-17T14:01:09] SAMPLE t=73s phase=Loss_spike adaptation=without_ML throughput_gbps=4.5092 latency_ms=75.403
[2026-08-17T14:01:10] SAMPLE t=74s phase=Loss_spike adaptation=without_ML throughput_gbps=4.2721 latency_ms=82.2134
[2026-08-17T14:01:11] SAMPLE t=75s phase=Loss_spike adaptation=without_ML throughput_gbps=6.6148 latency_ms=70.9184
[2026-08-17T14:01:12] SAMPLE t=76s phase=Loss_spike adaptation=without_ML throughput_gbps=8.4396 latency_ms=79.6512
[2026-08-17T14:01:13] SAMPLE t=77s phase=Loss_spike adaptation=without_ML throughput_gbps=7.5462 latency_ms=73.9247
[2026-08-17T14:01:14] SAMPLE t=78s phase=Loss_spike adaptation=without_ML throughput_gbps=4.7494 latency_ms=77.4686
[2026-08-17T14:01:15] SAMPLE t=79s phase=Loss_spike adaptation=without_ML throughput_gbps=4.235 latency_ms=80.5606
[2026-08-17T14:01:16] SAMPLE t=80s phase=Recovery adaptation=without_ML throughput_gbps=8.2067 latency_ms=65.5281
[2026-08-17T14:01:17] SAMPLE t=81s phase=Recovery adaptation=without_ML throughput_gbps=7.9479 latency_ms=67.0778
[2026-08-17T14:01:18] SAMPLE t=82s phase=Recovery adaptation=without_ML throughput_gbps=7.8456 latency_ms=67.0408
[2026-08-17T14:01:19] SAMPLE t=83s phase=Recovery adaptation=without_ML throughput_gbps=7.7561 latency_ms=64.0916
[2026-08-17T14:01:20] SAMPLE t=84s phase=Recovery adaptation=without_ML throughput_gbps=8.1193 latency_ms=66.7892
[2026-08-17T14:01:21] SAMPLE t=85s phase=Recovery adaptation=without_ML throughput_gbps=8.0865 latency_ms=65.3066
[2026-08-17T14:01:22] SAMPLE t=86s phase=Recovery adaptation=without_ML throughput_gbps=8.1937 latency_ms=65.1514
[2026-08-17T14:01:23] SAMPLE t=87s phase=Recovery adaptation=without_ML throughput_gbps=8.2879 latency_ms=66.5882
[2026-08-17T14:01:24] SAMPLE t=88s phase=Recovery adaptation=without_ML throughput_gbps=7.6496 latency_ms=65.579
[2026-08-17T14:01:25] SAMPLE t=89s phase=Recovery adaptation=without_ML throughput_gbps=8.367 latency_ms=65.7895
[2026-08-17T14:01:26] SAMPLE t=90s phase=Recovery adaptation=without_ML throughput_gbps=7.8827 latency_ms=66.4154
[2026-08-17T14:01:27] SAMPLE t=91s phase=Recovery adaptation=without_ML throughput_gbps=8.1967 latency_ms=65.1683
[2026-08-17T14:01:28] SAMPLE t=92s phase=Recovery adaptation=without_ML throughput_gbps=7.8908 latency_ms=66.2195
[2026-08-17T14:01:29] SAMPLE t=93s phase=Recovery adaptation=without_ML throughput_gbps=8.3291 latency_ms=68.6447
[2026-08-17T14:01:30] SAMPLE t=94s phase=Recovery adaptation=without_ML throughput_gbps=7.8364 latency_ms=66.8136
[2026-08-17T14:01:31] SAMPLE t=95s phase=Recovery adaptation=without_ML throughput_gbps=7.8783 latency_ms=64.0597
[2026-08-17T14:01:32] SAMPLE t=96s phase=Recovery adaptation=without_ML throughput_gbps=8.0262 latency_ms=64.2295
[2026-08-17T14:01:33] SAMPLE t=97s phase=Recovery adaptation=without_ML throughput_gbps=8.0052 latency_ms=66.2502
[2026-08-17T14:01:34] SAMPLE t=98s phase=Recovery adaptation=without_ML throughput_gbps=7.9697 latency_ms=66.4585
[2026-08-17T14:01:35] SAMPLE t=99s phase=Recovery adaptation=without_ML throughput_gbps=8.3367 latency_ms=64.5863
[2026-08-17T13:59:56] TRACE_END run_id=125 status=OK
[2026-08-17T14:07:31] TRACE_START run_id=126
[2026-08-17T14:07:31] SAMPLE t=0s phase=Stable adaptation=with_ML throughput_gbps=8.2621 latency_ms=67.2213
[2026-08-17T14:07:32] SAMPLE t=1s phase=Stable adaptation=with_ML throughput_gbps=8.1428 latency_ms=67.1781
[2026-08-17T14:07:33] SAMPLE t=2s phase=Stable adaptation=with_ML throughput_gbps=8.2101 latency_ms=65.4237
[2026-08-17T14:07:34] SAMPLE t=3s phase=Stable adaptation=with_ML throughput_gbps=8.0722 latency_ms=65.0564
[2026-08-17T14:07:35] SAMPLE t=4s phase=Stable adaptation=with_ML throughput_gbps=8.0557 latency_ms=66.9183
[2026-08-17T14:07:36] SAMPLE t=5s phase=Stable adaptation=with_ML throughput_gbps=8.2859 latency_ms=67.5248
[2026-08-17T14:07:37] SAMPLE t=6s phase=Stable adaptation=with_ML throughput_gbps=8.1659 latency_ms=65.3823
[2026-08-17T14:07:38] SAMPLE t=7s phase=Stable adaptation=with_ML throughput_gbps=7.821 latency_ms=66.6886
[2026-08-17T14:07:39] SAMPLE t=8s phase=Stable adaptation=with_ML throughput_gbps=8.1903 latency_ms=66.9585
[2026-08-17T14:07:40] SAMPLE t=9s phase=Stable adaptation=with_ML throughput_gbps=8.5596 latency_ms=66.0312
[2026-08-17T14:07:41] SAMPLE t=10s phase=Stable adaptation=with_ML throughput_gbps=8.0299 latency_ms=68.2687
[2026-08-17T14:07:42] SAMPLE t=11s phase=Stable adaptation=with_ML throughput_gbps=8.2023 latency_ms=67.236
[2026-08-17T14:07:43] SAMPLE t=12s phase=Stable adaptation=with_ML throughput_gbps=8.0534 latency_ms=66.4116
[2026-08-17T14:07:44] SAMPLE t=13s phase=Stable adaptation=with_ML throughput_gbps=8.375 latency_ms=67.1805
[2026-08-17T14:07:45] SAMPLE t=14s phase=Stable adaptation=with_ML throughput_gbps=7.7509 latency_ms=67.1478
[2026-08-17T14:07:46] SAMPLE t=15s phase=Stable adaptation=with_ML throughput_gbps=8.1328 latency_ms=65.6559
[2026-08-17T14:07:47] SAMPLE t=16s phase=Stable adaptation=with_ML throughput_gbps=7.9329 latency_ms=65.5022
[2026-08-17T14:07:48] SAMPLE t=17s phase=Stable adaptation=with_ML throughput_gbps=8.344 latency_ms=66.6751
[2026-08-17T14:07:49] SAMPLE t=18s phase=Stable adaptation=with_ML throughput_gbps=8.2214 latency_ms=64.8484
[2026-08-17T14:07:50] SAMPLE t=19s phase=Stable adaptation=with_ML throughput_gbps=7.7431 latency_ms=66.6884
[2026-08-17T14:07:51] SAMPLE t=20s phase=Congestion adaptation=with_ML throughput_gbps=8.1247 latency_ms=65.0684
[2026-08-17T14:07:52] SAMPLE t=21s phase=Congestion adaptation=with_ML throughput_gbps=8.1704 latency_ms=65.8412
[2026-08-17T14:07:53] SAMPLE t=22s phase=Congestion adaptation=with_ML throughput_gbps=7.852 latency_ms=64.7574
[2026-08-17T14:07:54] SAMPLE t=23s phase=Congestion adaptation=with_ML throughput_gbps=8.2461 latency_ms=66.5159
[2026-08-17T14:07:55] SAMPLE t=24s phase=Congestion adaptation=with_ML throughput_gbps=8.4661 latency_ms=69.0569
[2026-08-17T14:07:56] SAMPLE t=25s phase=Congestion adaptation=with_ML throughput_gbps=8.3457 latency_ms=66.0693
[2026-08-17T14:07:57] SAMPLE t=26s phase=Congestion adaptation=with_ML throughput_gbps=8.2486 latency_ms=66.8806
[2026-08-17T14:07:58] SAMPLE t=27s phase=Congestion adaptation=with_ML throughput_gbps=8.003 latency_ms=69.3675
[2026-08-17T14:07:59] SAMPLE t=28s phase=Congestion adaptation=with_ML throughput_gbps=8.1182 latency_ms=66.4222
[2026-08-17T14:08:00] SAMPLE t=29s phase=Congestion adaptation=with_ML throughput_gbps=8.1052 latency_ms=66.8317
[2026-08-17T14:08:01] SAMPLE t=30s phase=Congestion adaptation=with_ML throughput_gbps=8.1409 latency_ms=66.5477
[2026-08-17T14:08:02] SAMPLE t=31s phase=Congestion adaptation=with_ML throughput_gbps=8.195 latency_ms=67.8058
[2026-08-17T14:08:03] SAMPLE t=32s phase=Congestion adaptation=with_ML throughput_gbps=8.1791 latency_ms=67.04
[2026-08-17T14:08:04] SAMPLE t=33s phase=Congestion adaptation=with_ML throughput_gbps=8.1351 latency_ms=65.5384
[2026-08-17T14:08:05] SAMPLE t=34s phase=Congestion adaptation=with_ML throughput_gbps=7.9027 latency_ms=66.7467
[2026-08-17T14:08:06] SAMPLE t=35s phase=Congestion adaptation=with_ML throughput_gbps=7.7058 latency_ms=66.4362
[2026-08-17T14:08:07] SAMPLE t=36s phase=Congestion adaptation=with_ML throughput_gbps=8.2174 latency_ms=68.4178
[2026-08-17T14:08:08] SAMPLE t=37s phase=Congestion adaptation=with_ML throughput_gbps=7.8431 latency_ms=66.5421
[2026-08-17T14:08:09] SAMPLE t=38s phase=Congestion adaptation=with_ML throughput_gbps=7.6952 latency_ms=66.0991
[2026-08-17T14:08:10] SAMPLE t=39s phase=Congestion adaptation=with_ML throughput_gbps=8.135 latency_ms=66.7459
[2026-08-17T14:08:11] SAMPLE t=40s phase=Path_change adaptation=with_ML throughput_gbps=8.4042 latency_ms=64.5301
[2026-08-17T14:08:12] SAMPLE t=41s phase=Path_change adaptation=with_ML throughput_gbps=7.8325 latency_ms=68.0085
[2026-08-17T14:08:13] SAMPLE t=42s phase=Path_change adaptation=with_ML throughput_gbps=7.5266 latency_ms=68.3593
[2026-08-17T14:08:14] SAMPLE t=43s phase=Path_change adaptation=with_ML throughput_gbps=7.4046 latency_ms=68.7724
[2026-08-17T14:08:15] SAMPLE t=44s phase=Path_change adaptation=with_ML throughput_gbps=7.8973 latency_ms=67.7679
[2026-08-17T14:08:16] SAMPLE t=45s phase=Path_change adaptation=with_ML throughput_gbps=7.2929 latency_ms=67.1182
[2026-08-17T14:08:17] SAMPLE t=46s phase=Path_change adaptation=with_ML throughput_gbps=7.5121 latency_ms=69.3011
[2026-08-17T14:08:18] SAMPLE t=47s phase=Path_change adaptation=with_ML throughput_gbps=7.442 latency_ms=68.061
[2026-08-17T14:08:19] SAMPLE t=48s phase=Path_change adaptation=with_ML throughput_gbps=7.4793 latency_ms=67.9343
[2026-08-17T14:08:20] SAMPLE t=49s phase=Path_change adaptation=with_ML throughput_gbps=7.4425 latency_ms=68.539
[2026-08-17T14:08:21] SAMPLE t=50s phase=Path_change adaptation=with_ML throughput_gbps=7.1924 latency_ms=66.7328
[2026-08-17T14:08:22] SAMPLE t=51s phase=Path_change adaptation=with_ML throughput_gbps=7.4573 latency_ms=69.6929
[2026-08-17T14:08:23] SAMPLE t=52s phase=Path_change adaptation=with_ML throughput_gbps=7.1943 latency_ms=69.564
[2026-08-17T14:08:24] SAMPLE t=53s phase=Path_change adaptation=with_ML throughput_gbps=7.6048 latency_ms=68.0294
[2026-08-17T14:08:25] SAMPLE t=54s phase=Path_change adaptation=with_ML throughput_gbps=7.495 latency_ms=68.9013
[2026-08-17T14:08:26] SAMPLE t=55s phase=Path_change adaptation=with_ML throughput_gbps=7.4874 latency_ms=69.7324
[2026-08-17T14:08:27] SAMPLE t=56s phase=Path_change adaptation=with_ML throughput_gbps=7.4845 latency_ms=66.2556
[2026-08-17T14:08:28] SAMPLE t=57s phase=Path_change adaptation=with_ML throughput_gbps=7.6514 latency_ms=67.6393
[2026-08-17T14:08:29] SAMPLE t=58s phase=Path_change adaptation=with_ML throughput_gbps=7.7534 latency_ms=65.5021
[2026-08-17T14:08:30] SAMPLE t=59s phase=Path_change adaptation=with_ML throughput_gbps=8.4574 latency_ms=69.6025
[2026-08-17T14:08:31] SAMPLE t=60s phase=Loss_spike adaptation=with_ML throughput_gbps=7.4983 latency_ms=66.1212
[2026-08-17T14:08:32] SAMPLE t=61s phase=Loss_spike adaptation=with_ML throughput_gbps=8.4563 latency_ms=69.9754
[2026-08-17T14:08:33] SAMPLE t=62s phase=Loss_spike adaptation=with_ML throughput_gbps=8.1859 latency_ms=71.0751
[2026-08-17T14:08:34] SAMPLE t=63s phase=Loss_spike adaptation=with_ML throughput_gbps=6.4502 latency_ms=69.9473
[2026-08-17T14:08:35] SAMPLE t=64s phase=Loss_spike adaptation=with_ML throughput_gbps=6.2621 latency_ms=71.1604
[2026-08-17T14:08:36] SAMPLE t=65s phase=Loss_spike adaptation=with_ML throughput_gbps=7.2372 latency_ms=68.7176
[2026-08-17T14:08:37] SAMPLE t=66s phase=Loss_spike adaptation=with_ML throughput_gbps=7.955 latency_ms=71.465
[2026-08-17T14:08:38] SAMPLE t=67s phase=Loss_spike adaptation=with_ML throughput_gbps=7.8931 latency_ms=68.4331
[2026-08-17T14:08:39] SAMPLE t=68s phase=Loss_spike adaptation=with_ML throughput_gbps=6.5465 latency_ms=68.7951
[2026-08-17T14:08:40] SAMPLE t=69s phase=Loss_spike adaptation=with_ML throughput_gbps=6.2142 latency_ms=71.8105
[2026-08-17T14:08:41] SAMPLE t=70s phase=Loss_spike adaptation=with_ML throughput_gbps=7.1773 latency_ms=67.857
[2026-08-17T14:08:42] SAMPLE t=71s phase=Loss_spike adaptation=with_ML throughput_gbps=8.0389 latency_ms=72.5633
[2026-08-17T14:08:43] SAMPLE t=72s phase=Loss_spike adaptation=with_ML throughput_gbps=7.8896 latency_ms=71.6258
[2026-08-17T14:08:44] SAMPLE t=73s phase=Loss_spike adaptation=with_ML throughput_gbps=6.3797 latency_ms=68.7643
[2026-08-17T14:08:45] SAMPLE t=74s phase=Loss_spike adaptation=with_ML throughput_gbps=6.0785 latency_ms=70.7931
[2026-08-17T14:08:46] SAMPLE t=75s phase=Loss_spike adaptation=with_ML throughput_gbps=7.5212 latency_ms=68.6216
[2026-08-17T14:08:47] SAMPLE t=76s phase=Loss_spike adaptation=with_ML throughput_gbps=8.6612 latency_ms=68.3331
[2026-08-17T14:08:48] SAMPLE t=77s phase=Loss_spike adaptation=with_ML throughput_gbps=7.9382 latency_ms=71.1343
[2026-08-17T14:08:49] SAMPLE t=78s phase=Loss_spike adaptation=with_ML throughput_gbps=6.4304 latency_ms=69.1643
[2026-08-17T14:08:50] SAMPLE t=79s phase=Loss_spike adaptation=with_ML throughput_gbps=6.2184 latency_ms=72.2185
[2026-08-17T14:08:51] SAMPLE t=80s phase=Recovery adaptation=with_ML throughput_gbps=7.7957 latency_ms=68.0635
[2026-08-17T14:08:52] SAMPLE t=81s phase=Recovery adaptation=with_ML throughput_gbps=8.1764 latency_ms=64.8262
[2026-08-17T14:08:53] SAMPLE t=82s phase=Recovery adaptation=with_ML throughput_gbps=8.3266 latency_ms=66.6146
[2026-08-17T14:08:54] SAMPLE t=83s phase=Recovery adaptation=with_ML throughput_gbps=7.8867 latency_ms=65.5886
[2026-08-17T14:08:55] SAMPLE t=84s phase=Recovery adaptation=with_ML throughput_gbps=8.1291 latency_ms=67.2047
[2026-08-17T14:08:56] SAMPLE t=85s phase=Recovery adaptation=with_ML throughput_gbps=8.1698 latency_ms=65.104
[2026-08-17T14:08:57] SAMPLE t=86s phase=Recovery adaptation=with_ML throughput_gbps=8.6539 latency_ms=63.2152
[2026-08-17T14:08:58] SAMPLE t=87s phase=Recovery adaptation=with_ML throughput_gbps=8.3748 latency_ms=65.4887
[2026-08-17T14:08:59] SAMPLE t=88s phase=Recovery adaptation=with_ML throughput_gbps=8.2008 latency_ms=66.1455
[2026-08-17T14:09:00] SAMPLE t=89s phase=Recovery adaptation=with_ML throughput_gbps=8.0355 latency_ms=66.2469
[2026-08-17T14:09:01] SAMPLE t=90s phase=Recovery adaptation=with_ML throughput_gbps=8.4297 latency_ms=64.5404
[2026-08-17T14:09:02] SAMPLE t=91s phase=Recovery adaptation=with_ML throughput_gbps=8.1768 latency_ms=64.349
[2026-08-17T14:09:03] SAMPLE t=92s phase=Recovery adaptation=with_ML throughput_gbps=8.9254 latency_ms=66.705
[2026-08-17T14:09:04] SAMPLE t=93s phase=Recovery adaptation=with_ML throughput_gbps=8.3036 latency_ms=65.159
[2026-08-17T14:09:05] SAMPLE t=94s phase=Recovery adaptation=with_ML throughput_gbps=8.2283 latency_ms=65.7669
[2026-08-17T14:09:06] SAMPLE t=95s phase=Recovery adaptation=with_ML throughput_gbps=8.3034 latency_ms=66.7719
[2026-08-17T14:09:07] SAMPLE t=96s phase=Recovery adaptation=with_ML throughput_gbps=8.3825 latency_ms=64.1078
[2026-08-17T14:09:08] SAMPLE t=97s phase=Recovery adaptation=with_ML throughput_gbps=8.5599 latency_ms=65.9536
[2026-08-17T14:09:09] SAMPLE t=98s phase=Recovery adaptation=with_ML throughput_gbps=8.2996 latency_ms=67.3622
[2026-08-17T14:09:10] SAMPLE t=99s phase=Recovery adaptation=with_ML throughput_gbps=8.6062 latency_ms=64.2881
[2026-08-17T14:07:31] SAMPLE t=0s phase=Stable adaptation=without_ML throughput_gbps=7.5728 latency_ms=66.2988
[2026-08-17T14:07:32] SAMPLE t=1s phase=Stable adaptation=without_ML throughput_gbps=7.729 latency_ms=66.8094
[2026-08-17T14:07:33] SAMPLE t=2s phase=Stable adaptation=without_ML throughput_gbps=8.1447 latency_ms=65.6697
[2026-08-17T14:07:34] SAMPLE t=3s phase=Stable adaptation=without_ML throughput_gbps=8.0444 latency_ms=66.5152
[2026-08-17T14:07:35] SAMPLE t=4s phase=Stable adaptation=without_ML throughput_gbps=8.0172 latency_ms=66.5183
[2026-08-17T14:07:36] SAMPLE t=5s phase=Stable adaptation=without_ML throughput_gbps=8.1643 latency_ms=63.5419
[2026-08-17T14:07:37] SAMPLE t=6s phase=Stable adaptation=without_ML throughput_gbps=7.9379 latency_ms=66.2087
[2026-08-17T14:07:38] SAMPLE t=7s phase=Stable adaptation=without_ML throughput_gbps=8.1504 latency_ms=65.4354
[2026-08-17T14:07:39] SAMPLE t=8s phase=Stable adaptation=without_ML throughput_gbps=8.2681 latency_ms=66.5202
[2026-08-17T14:07:40] SAMPLE t=9s phase=Stable adaptation=without_ML throughput_gbps=7.6594 latency_ms=63.6431
[2026-08-17T14:07:41] SAMPLE t=10s phase=Stable adaptation=without_ML throughput_gbps=8.0907 latency_ms=64.5999
[2026-08-17T14:07:42] SAMPLE t=11s phase=Stable adaptation=without_ML throughput_gbps=8.5844 latency_ms=65.1544
[2026-08-17T14:07:43] SAMPLE t=12s phase=Stable adaptation=without_ML throughput_gbps=8.0199 latency_ms=68.4838
[2026-08-17T14:07:44] SAMPLE t=13s phase=Stable adaptation=without_ML throughput_gbps=7.9406 latency_ms=67.1369
[2026-08-17T14:07:45] SAMPLE t=14s phase=Stable adaptation=without_ML throughput_gbps=7.8405 latency_ms=66.6275
[2026-08-17T14:07:46] SAMPLE t=15s phase=Stable adaptation=without_ML throughput_gbps=8.1588 latency_ms=67.4989
[2026-08-17T14:07:47] SAMPLE t=16s phase=Stable adaptation=without_ML throughput_gbps=7.6087 latency_ms=67.0744
[2026-08-17T14:07:48] SAMPLE t=17s phase=Stable adaptation=without_ML throughput_gbps=8.1245 latency_ms=66.8371
[2026-08-17T14:07:49] SAMPLE t=18s phase=Stable adaptation=without_ML throughput_gbps=8.1442 latency_ms=65.5112
[2026-08-17T14:07:50] SAMPLE t=19s phase=Stable adaptation=without_ML throughput_gbps=7.6766 latency_ms=66.4493
[2026-08-17T14:07:51] SAMPLE t=20s phase=Congestion adaptation=without_ML throughput_gbps=8.3005 latency_ms=65.0072
[2026-08-17T14:07:52] SAMPLE t=21s phase=Congestion adaptation=without_ML throughput_gbps=8.0231 latency_ms=66.4483
[2026-08-17T14:07:53] SAMPLE t=22s phase=Congestion adaptation=without_ML throughput_gbps=7.8442 latency_ms=64.7052
[2026-08-17T14:07:54] SAMPLE t=23s phase=Congestion adaptation=without_ML throughput_gbps=8.2302 latency_ms=63.4204
[2026-08-17T14:07:55] SAMPLE t=24s phase=Congestion adaptation=without_ML throughput_gbps=7.9822 latency_ms=65.3558
[2026-08-17T14:07:56] SAMPLE t=25s phase=Congestion adaptation=without_ML throughput_gbps=7.925 latency_ms=66.4206
[2026-08-17T14:07:57] SAMPLE t=26s phase=Congestion adaptation=without_ML throughput_gbps=8.1414 latency_ms=66.2098
[2026-08-17T14:07:58] SAMPLE t=27s phase=Congestion adaptation=without_ML throughput_gbps=7.8099 latency_ms=63.2635
[2026-08-17T14:07:59] SAMPLE t=28s phase=Congestion adaptation=without_ML throughput_gbps=7.8631 latency_ms=65.5116
[2026-08-17T14:08:00] SAMPLE t=29s phase=Congestion adaptation=without_ML throughput_gbps=7.8338 latency_ms=64.4953
[2026-08-17T14:08:01] SAMPLE t=30s phase=Congestion adaptation=without_ML throughput_gbps=8.3601 latency_ms=67.0399
[2026-08-17T14:08:02] SAMPLE t=31s phase=Congestion adaptation=without_ML throughput_gbps=7.7981 latency_ms=67.6678
[2026-08-17T14:08:03] SAMPLE t=32s phase=Congestion adaptation=without_ML throughput_gbps=7.8923 latency_ms=67.4636
[2026-08-17T14:08:04] SAMPLE t=33s phase=Congestion adaptation=without_ML throughput_gbps=7.7921 latency_ms=64.201
[2026-08-17T14:08:05] SAMPLE t=34s phase=Congestion adaptation=without_ML throughput_gbps=8.1572 latency_ms=65.8251
[2026-08-17T14:08:06] SAMPLE t=35s phase=Congestion adaptation=without_ML throughput_gbps=7.7712 latency_ms=66.8385
[2026-08-17T14:08:07] SAMPLE t=36s phase=Congestion adaptation=without_ML throughput_gbps=7.9537 latency_ms=67.6181
[2026-08-17T14:08:08] SAMPLE t=37s phase=Congestion adaptation=without_ML throughput_gbps=8.1141 latency_ms=67.4194
[2026-08-17T14:08:09] SAMPLE t=38s phase=Congestion adaptation=without_ML throughput_gbps=8.3964 latency_ms=65.6257
[2026-08-17T14:08:10] SAMPLE t=39s phase=Congestion adaptation=without_ML throughput_gbps=8.0925 latency_ms=66.2073
[2026-08-17T14:08:11] SAMPLE t=40s phase=Path_change adaptation=without_ML throughput_gbps=8.3464 latency_ms=66.482
[2026-08-17T14:08:12] SAMPLE t=41s phase=Path_change adaptation=without_ML throughput_gbps=8.1673 latency_ms=66.9699
[2026-08-17T14:08:13] SAMPLE t=42s phase=Path_change adaptation=without_ML throughput_gbps=7.1179 latency_ms=66.5515
[2026-08-17T14:08:14] SAMPLE t=43s phase=Path_change adaptation=without_ML throughput_gbps=7.0386 latency_ms=69.3528
[2026-08-17T14:08:15] SAMPLE t=44s phase=Path_change adaptation=without_ML throughput_gbps=6.7637 latency_ms=69.4754
[2026-08-17T14:08:16] SAMPLE t=45s phase=Path_change adaptation=without_ML throughput_gbps=6.4713 latency_ms=70.0787
[2026-08-17T14:08:17] SAMPLE t=46s phase=Path_change adaptation=without_ML throughput_gbps=6.008 latency_ms=71.9688
[2026-08-17T14:08:18] SAMPLE t=47s phase=Path_change adaptation=without_ML throughput_gbps=6.2308 latency_ms=69.4369
[2026-08-17T14:08:19] SAMPLE t=48s phase=Path_change adaptation=without_ML throughput_gbps=5.7847 latency_ms=72.0188
[2026-08-17T14:08:20] SAMPLE t=49s phase=Path_change adaptation=without_ML throughput_gbps=5.4309 latency_ms=71.1768
[2026-08-17T14:08:21] SAMPLE t=50s phase=Path_change adaptation=without_ML throughput_gbps=5.7112 latency_ms=74.6128
[2026-08-17T14:08:22] SAMPLE t=51s phase=Path_change adaptation=without_ML throughput_gbps=5.6708 latency_ms=72.0984
[2026-08-17T14:08:23] SAMPLE t=52s phase=Path_change adaptation=without_ML throughput_gbps=5.5679 latency_ms=71.7649
[2026-08-17T14:08:24] SAMPLE t=53s phase=Path_change adaptation=without_ML throughput_gbps=5.7501 latency_ms=75.5204
[2026-08-17T14:08:25] SAMPLE t=54s phase=Path_change adaptation=without_ML throughput_gbps=6.0563 latency_ms=73.6385
[2026-08-17T14:08:26] SAMPLE t=55s phase=Path_change adaptation=without_ML throughput_gbps=6.1725 latency_ms=71.608
[2026-08-17T14:08:27] SAMPLE t=56s phase=Path_change adaptation=without_ML throughput_gbps=6.5318 latency_ms=70.8338
[2026-08-17T14:08:28] SAMPLE t=57s phase=Path_change adaptation=without_ML throughput_gbps=6.9422 latency_ms=69.2039
[2026-08-17T14:08:29] SAMPLE t=58s phase=Path_change adaptation=without_ML throughput_gbps=7.1461 latency_ms=69.3613
[2026-08-17T14:08:30] SAMPLE t=59s phase=Path_change adaptation=without_ML throughput_gbps=7.9437 latency_ms=67.523
[2026-08-17T14:08:31] SAMPLE t=60s phase=Loss_spike adaptation=without_ML throughput_gbps=6.1988 latency_ms=68.6289
[2026-08-17T14:08:32] SAMPLE t=61s phase=Loss_spike adaptation=without_ML throughput_gbps=8.2857 latency_ms=79.6731
[2026-08-17T14:08:33] SAMPLE t=62s phase=Loss_spike adaptation=without_ML throughput_gbps=7.765 latency_ms=77.6659
[2026-08-17T14:08:34] SAMPLE t=63s phase=Loss_spike adaptation=without_ML throughput_gbps=4.7503 latency_ms=76.0491
[2026-08-17T14:08:35] SAMPLE t=64s phase=Loss_spike adaptation=without_ML throughput_gbps=4.0213 latency_ms=79.8963
[2026-08-17T14:08:36] SAMPLE t=65s phase=Loss_spike adaptation=without_ML throughput_gbps=6.1855 latency_ms=73.3033
[2026-08-17T14:08:37] SAMPLE t=66s phase=Loss_spike adaptation=without_ML throughput_gbps=8.4892 latency_ms=78.0268
[2026-08-17T14:08:38] SAMPLE t=67s phase=Loss_spike adaptation=without_ML throughput_gbps=7.8267 latency_ms=73.4434
[2026-08-17T14:08:39] SAMPLE t=68s phase=Loss_spike adaptation=without_ML throughput_gbps=4.8148 latency_ms=73.7135
[2026-08-17T14:08:40] SAMPLE t=69s phase=Loss_spike adaptation=without_ML throughput_gbps=3.79 latency_ms=77.803
[2026-08-17T14:08:41] SAMPLE t=70s phase=Loss_spike adaptation=without_ML throughput_gbps=6.1759 latency_ms=70.8954
[2026-08-17T14:08:42] SAMPLE t=71s phase=Loss_spike adaptation=without_ML throughput_gbps=8.203 latency_ms=81.8318
[2026-08-17T14:08:43] SAMPLE t=72s phase=Loss_spike adaptation=without_ML throughput_gbps=7.3283 latency_ms=76.6741
[2026-08-17T14:08:44] SAMPLE t=73s phase=Loss_spike adaptation=without_ML throughput_gbps=4.9334 latency_ms=74.915
[2026-08-17T14:08:45] SAMPLE t=74s phase=Loss_spike adaptation=without_ML throughput_gbps=4.0738 latency_ms=80.2068
[2026-08-17T14:08:46] SAMPLE t=75s phase=Loss_spike adaptation=without_ML throughput_gbps=6.3664 latency_ms=72.5425
[2026-08-17T14:08:47] SAMPLE t=76s phase=Loss_spike adaptation=without_ML throughput_gbps=8.6963 latency_ms=78.6154
[2026-08-17T14:08:48] SAMPLE t=77s phase=Loss_spike adaptation=without_ML throughput_gbps=7.6057 latency_ms=75.8096
[2026-08-17T14:08:49] SAMPLE t=78s phase=Loss_spike adaptation=without_ML throughput_gbps=4.8226 latency_ms=74.1323
[2026-08-17T14:08:50] SAMPLE t=79s phase=Loss_spike adaptation=without_ML throughput_gbps=4.1206 latency_ms=79.4403
[2026-08-17T14:08:51] SAMPLE t=80s phase=Recovery adaptation=without_ML throughput_gbps=8.013 latency_ms=67.3772
[2026-08-17T14:08:52] SAMPLE t=81s phase=Recovery adaptation=without_ML throughput_gbps=8.037 latency_ms=67.1716
[2026-08-17T14:08:53] SAMPLE t=82s phase=Recovery adaptation=without_ML throughput_gbps=8.3318 latency_ms=64.7915
[2026-08-17T14:08:54] SAMPLE t=83s phase=Recovery adaptation=without_ML throughput_gbps=8.3551 latency_ms=67.2521
[2026-08-17T14:08:55] SAMPLE t=84s phase=Recovery adaptation=without_ML throughput_gbps=7.9169 latency_ms=63.8517
[2026-08-17T14:08:56] SAMPLE t=85s phase=Recovery adaptation=without_ML throughput_gbps=7.8465 latency_ms=65.1269
[2026-08-17T14:08:57] SAMPLE t=86s phase=Recovery adaptation=without_ML throughput_gbps=7.9658 latency_ms=66.5823
[2026-08-17T14:08:58] SAMPLE t=87s phase=Recovery adaptation=without_ML throughput_gbps=7.944 latency_ms=67.7473
[2026-08-17T14:08:59] SAMPLE t=88s phase=Recovery adaptation=without_ML throughput_gbps=7.991 latency_ms=66.1617
[2026-08-17T14:09:00] SAMPLE t=89s phase=Recovery adaptation=without_ML throughput_gbps=8.0491 latency_ms=64.8587
[2026-08-17T14:09:01] SAMPLE t=90s phase=Recovery adaptation=without_ML throughput_gbps=8.221 latency_ms=63.9063
[2026-08-17T14:09:02] SAMPLE t=91s phase=Recovery adaptation=without_ML throughput_gbps=7.755 latency_ms=64.1508
[2026-08-17T14:09:03] SAMPLE t=92s phase=Recovery adaptation=without_ML throughput_gbps=7.7149 latency_ms=66.1935
[2026-08-17T14:09:04] SAMPLE t=93s phase=Recovery adaptation=without_ML throughput_gbps=8.0141 latency_ms=66.0186
[2026-08-17T14:09:05] SAMPLE t=94s phase=Recovery adaptation=without_ML throughput_gbps=7.6455 latency_ms=68.748
[2026-08-17T14:09:06] SAMPLE t=95s phase=Recovery adaptation=without_ML throughput_gbps=7.9632 latency_ms=65.4058
[2026-08-17T14:09:07] SAMPLE t=96s phase=Recovery adaptation=without_ML throughput_gbps=8.1484 latency_ms=65.148
[2026-08-17T14:09:08] SAMPLE t=97s phase=Recovery adaptation=without_ML throughput_gbps=7.9772 latency_ms=68.5654
[2026-08-17T14:09:09] SAMPLE t=98s phase=Recovery adaptation=without_ML throughput_gbps=8.1097 latency_ms=66.682
[2026-08-17T14:09:10] SAMPLE t=99s phase=Recovery adaptation=without_ML throughput_gbps=7.9442 latency_ms=68.6132
[2026-08-17T14:07:31] TRACE_END run_id=126 status=OK
[2026-08-17T14:09:51] TRACE_START run_id=127
[2026-08-17T14:09:51] SAMPLE t=0s phase=Stable adaptation=with_ML throughput_gbps=8.1745 latency_ms=65.1779
[2026-08-17T14:09:52] SAMPLE t=1s phase=Stable adaptation=with_ML throughput_gbps=7.726 latency_ms=68.525
[2026-08-17T14:09:53] SAMPLE t=2s phase=Stable adaptation=with_ML throughput_gbps=7.9894 latency_ms=65.8745
[2026-08-17T14:09:54] SAMPLE t=3s phase=Stable adaptation=with_ML throughput_gbps=8.1908 latency_ms=66.2647
[2026-08-17T14:09:55] SAMPLE t=4s phase=Stable adaptation=with_ML throughput_gbps=7.9821 latency_ms=67.7908
[2026-08-17T14:09:56] SAMPLE t=5s phase=Stable adaptation=with_ML throughput_gbps=8.0217 latency_ms=67.965
[2026-08-17T14:09:57] SAMPLE t=6s phase=Stable adaptation=with_ML throughput_gbps=7.6283 latency_ms=66.0389
[2026-08-17T14:09:58] SAMPLE t=7s phase=Stable adaptation=with_ML throughput_gbps=8.4096 latency_ms=68.9365
[2026-08-17T14:09:59] SAMPLE t=8s phase=Stable adaptation=with_ML throughput_gbps=8.0113 latency_ms=66.4112
[2026-08-17T14:10:00] SAMPLE t=9s phase=Stable adaptation=with_ML throughput_gbps=8.2888 latency_ms=65.7374
[2026-08-17T14:10:01] SAMPLE t=10s phase=Stable adaptation=with_ML throughput_gbps=8.1789 latency_ms=68.6962
[2026-08-17T14:10:02] SAMPLE t=11s phase=Stable adaptation=with_ML throughput_gbps=7.8315 latency_ms=65.7276
[2026-08-17T14:10:03] SAMPLE t=12s phase=Stable adaptation=with_ML throughput_gbps=8.0073 latency_ms=65.7107
[2026-08-17T14:10:04] SAMPLE t=13s phase=Stable adaptation=with_ML throughput_gbps=7.8448 latency_ms=66.8963
[2026-08-17T14:10:05] SAMPLE t=14s phase=Stable adaptation=with_ML throughput_gbps=8.2893 latency_ms=66.0794
[2026-08-17T14:10:06] SAMPLE t=15s phase=Stable adaptation=with_ML throughput_gbps=8.5048 latency_ms=68.0802
[2026-08-17T14:10:07] SAMPLE t=16s phase=Stable adaptation=with_ML throughput_gbps=8.3362 latency_ms=64.6413
[2026-08-17T14:10:08] SAMPLE t=17s phase=Stable adaptation=with_ML throughput_gbps=8.2643 latency_ms=65.8777
[2026-08-17T14:10:09] SAMPLE t=18s phase=Stable adaptation=with_ML throughput_gbps=8.2762 latency_ms=66.9634
[2026-08-17T14:10:10] SAMPLE t=19s phase=Stable adaptation=with_ML throughput_gbps=8.0027 latency_ms=66.271
[2026-08-17T14:10:11] SAMPLE t=20s phase=Congestion adaptation=with_ML throughput_gbps=7.7189 latency_ms=66.9679
[2026-08-17T14:10:12] SAMPLE t=21s phase=Congestion adaptation=with_ML throughput_gbps=8.0183 latency_ms=66.7069
[2026-08-17T14:10:13] SAMPLE t=22s phase=Congestion adaptation=with_ML throughput_gbps=7.9311 latency_ms=67.2655
[2026-08-17T14:10:14] SAMPLE t=23s phase=Congestion adaptation=with_ML throughput_gbps=7.8214 latency_ms=66.3593
[2026-08-17T14:10:15] SAMPLE t=24s phase=Congestion adaptation=with_ML throughput_gbps=8.25 latency_ms=65.2909
[2026-08-17T14:10:16] SAMPLE t=25s phase=Congestion adaptation=with_ML throughput_gbps=8.0885 latency_ms=65.8859
[2026-08-17T14:10:17] SAMPLE t=26s phase=Congestion adaptation=with_ML throughput_gbps=8.1802 latency_ms=67.594
[2026-08-17T14:10:18] SAMPLE t=27s phase=Congestion adaptation=with_ML throughput_gbps=7.7502 latency_ms=66.1057
[2026-08-17T14:10:19] SAMPLE t=28s phase=Congestion adaptation=with_ML throughput_gbps=8.0688 latency_ms=64.3153
[2026-08-17T14:10:20] SAMPLE t=29s phase=Congestion adaptation=with_ML throughput_gbps=8.0584 latency_ms=67.614
[2026-08-17T14:10:21] SAMPLE t=30s phase=Congestion adaptation=with_ML throughput_gbps=8.1249 latency_ms=66.1705
[2026-08-17T14:10:22] SAMPLE t=31s phase=Congestion adaptation=with_ML throughput_gbps=8.0865 latency_ms=66.9734
[2026-08-17T14:10:23] SAMPLE t=32s phase=Congestion adaptation=with_ML throughput_gbps=8.2308 latency_ms=68.9694
[2026-08-17T14:10:24] SAMPLE t=33s phase=Congestion adaptation=with_ML throughput_gbps=8.015 latency_ms=67.6367
[2026-08-17T14:10:25] SAMPLE t=34s phase=Congestion adaptation=with_ML throughput_gbps=8.4586 latency_ms=65.5329
[2026-08-17T14:10:26] SAMPLE t=35s phase=Congestion adaptation=with_ML throughput_gbps=8.0162 latency_ms=67.4615
[2026-08-17T14:10:27] SAMPLE t=36s phase=Congestion adaptation=with_ML throughput_gbps=8.1621 latency_ms=67.8939
[2026-08-17T14:10:28] SAMPLE t=37s phase=Congestion adaptation=with_ML throughput_gbps=8.51 latency_ms=67.3534
[2026-08-17T14:10:29] SAMPLE t=38s phase=Congestion adaptation=with_ML throughput_gbps=7.9585 latency_ms=65.9923
[2026-08-17T14:10:30] SAMPLE t=39s phase=Congestion adaptation=with_ML throughput_gbps=8.172 latency_ms=66.8903
[2026-08-17T14:10:31] SAMPLE t=40s phase=Path_change adaptation=with_ML throughput_gbps=8.1342 latency_ms=66.5294
[2026-08-17T14:10:32] SAMPLE t=41s phase=Path_change adaptation=with_ML throughput_gbps=8.1213 latency_ms=67.3118
[2026-08-17T14:10:33] SAMPLE t=42s phase=Path_change adaptation=with_ML throughput_gbps=7.7934 latency_ms=67.5333
[2026-08-17T14:10:34] SAMPLE t=43s phase=Path_change adaptation=with_ML throughput_gbps=7.5683 latency_ms=66.3087
[2026-08-17T14:10:35] SAMPLE t=44s phase=Path_change adaptation=with_ML throughput_gbps=7.3986 latency_ms=68.6323
[2026-08-17T14:10:36] SAMPLE t=45s phase=Path_change adaptation=with_ML throughput_gbps=7.6909 latency_ms=67.4037
[2026-08-17T14:10:37] SAMPLE t=46s phase=Path_change adaptation=with_ML throughput_gbps=7.1294 latency_ms=68.2167
[2026-08-17T14:10:38] SAMPLE t=47s phase=Path_change adaptation=with_ML throughput_gbps=7.3684 latency_ms=70.1959
[2026-08-17T14:10:39] SAMPLE t=48s phase=Path_change adaptation=with_ML throughput_gbps=7.4307 latency_ms=67.6361
[2026-08-17T14:10:40] SAMPLE t=49s phase=Path_change adaptation=with_ML throughput_gbps=7.0126 latency_ms=69.1428
[2026-08-17T14:10:41] SAMPLE t=50s phase=Path_change adaptation=with_ML throughput_gbps=7.3594 latency_ms=67.7349
[2026-08-17T14:10:42] SAMPLE t=51s phase=Path_change adaptation=with_ML throughput_gbps=7.3364 latency_ms=67.9066
[2026-08-17T14:10:43] SAMPLE t=52s phase=Path_change adaptation=with_ML throughput_gbps=7.4499 latency_ms=67.9464
[2026-08-17T14:10:44] SAMPLE t=53s phase=Path_change adaptation=with_ML throughput_gbps=7.3174 latency_ms=68.8346
[2026-08-17T14:10:45] SAMPLE t=54s phase=Path_change adaptation=with_ML throughput_gbps=7.6938 latency_ms=68.8186
[2026-08-17T14:10:46] SAMPLE t=55s phase=Path_change adaptation=with_ML throughput_gbps=7.6491 latency_ms=70.5711
[2026-08-17T14:10:47] SAMPLE t=56s phase=Path_change adaptation=with_ML throughput_gbps=7.8704 latency_ms=67.7463
[2026-08-17T14:10:48] SAMPLE t=57s phase=Path_change adaptation=with_ML throughput_gbps=7.6427 latency_ms=67.4474
[2026-08-17T14:10:49] SAMPLE t=58s phase=Path_change adaptation=with_ML throughput_gbps=7.8795 latency_ms=65.9636
[2026-08-17T14:10:50] SAMPLE t=59s phase=Path_change adaptation=with_ML throughput_gbps=8.1869 latency_ms=67.6204
[2026-08-17T14:10:51] SAMPLE t=60s phase=Loss_spike adaptation=with_ML throughput_gbps=7.2538 latency_ms=67.5279
[2026-08-17T14:10:52] SAMPLE t=61s phase=Loss_spike adaptation=with_ML throughput_gbps=8.6412 latency_ms=72.7844
[2026-08-17T14:10:53] SAMPLE t=62s phase=Loss_spike adaptation=with_ML throughput_gbps=7.7522 latency_ms=70.0987
[2026-08-17T14:10:54] SAMPLE t=63s phase=Loss_spike adaptation=with_ML throughput_gbps=6.8634 latency_ms=70.3604
[2026-08-17T14:10:55] SAMPLE t=64s phase=Loss_spike adaptation=with_ML throughput_gbps=6.2536 latency_ms=70.1507
[2026-08-17T14:10:56] SAMPLE t=65s phase=Loss_spike adaptation=with_ML throughput_gbps=7.3503 latency_ms=69.0088
[2026-08-17T14:10:57] SAMPLE t=66s phase=Loss_spike adaptation=with_ML throughput_gbps=8.5465 latency_ms=71.8306
[2026-08-17T14:10:58] SAMPLE t=67s phase=Loss_spike adaptation=with_ML throughput_gbps=8.0964 latency_ms=69.8551
[2026-08-17T14:10:59] SAMPLE t=68s phase=Loss_spike adaptation=with_ML throughput_gbps=6.8361 latency_ms=70.0422
[2026-08-17T14:11:00] SAMPLE t=69s phase=Loss_spike adaptation=with_ML throughput_gbps=6.077 latency_ms=71.3909
[2026-08-17T14:11:01] SAMPLE t=70s phase=Loss_spike adaptation=with_ML throughput_gbps=7.2565 latency_ms=67.8142
[2026-08-17T14:11:02] SAMPLE t=71s phase=Loss_spike adaptation=with_ML throughput_gbps=7.8917 latency_ms=74.6273
[2026-08-17T14:11:03] SAMPLE t=72s phase=Loss_spike adaptation=with_ML throughput_gbps=7.7505 latency_ms=68.5606
[2026-08-17T14:11:04] SAMPLE t=73s phase=Loss_spike adaptation=with_ML throughput_gbps=6.5447 latency_ms=71.0424
[2026-08-17T14:11:05] SAMPLE t=74s phase=Loss_spike adaptation=with_ML throughput_gbps=6.2581 latency_ms=70.3741
[2026-08-17T14:11:06] SAMPLE t=75s phase=Loss_spike adaptation=with_ML throughput_gbps=7.4182 latency_ms=68.75
[2026-08-17T14:11:07] SAMPLE t=76s phase=Loss_spike adaptation=with_ML throughput_gbps=8.6015 latency_ms=71.4914
[2026-08-17T14:11:08] SAMPLE t=77s phase=Loss_spike adaptation=with_ML throughput_gbps=7.9089 latency_ms=70.4803
[2026-08-17T14:11:09] SAMPLE t=78s phase=Loss_spike adaptation=with_ML throughput_gbps=6.9969 latency_ms=69.1568
[2026-08-17T14:11:10] SAMPLE t=79s phase=Loss_spike adaptation=with_ML throughput_gbps=6.3437 latency_ms=70.0384
[2026-08-17T14:11:11] SAMPLE t=80s phase=Recovery adaptation=with_ML throughput_gbps=7.9692 latency_ms=63.2725
[2026-08-17T14:11:12] SAMPLE t=81s phase=Recovery adaptation=with_ML throughput_gbps=8.0939 latency_ms=67.6564
[2026-08-17T14:11:13] SAMPLE t=82s phase=Recovery adaptation=with_ML throughput_gbps=7.8325 latency_ms=65.6533
[2026-08-17T14:11:14] SAMPLE t=83s phase=Recovery adaptation=with_ML throughput_gbps=7.9978 latency_ms=64.8159
[2026-08-17T14:11:15] SAMPLE t=84s phase=Recovery adaptation=with_ML throughput_gbps=8.2109 latency_ms=64.7014
[2026-08-17T14:11:16] SAMPLE t=85s phase=Recovery adaptation=with_ML throughput_gbps=8.1716 latency_ms=66.3446
[2026-08-17T14:11:17] SAMPLE t=86s phase=Recovery adaptation=with_ML throughput_gbps=8.1431 latency_ms=67.5046
[2026-08-17T14:11:18] SAMPLE t=87s phase=Recovery adaptation=with_ML throughput_gbps=8.3392 latency_ms=64.7679
[2026-08-17T14:11:19] SAMPLE t=88s phase=Recovery adaptation=with_ML throughput_gbps=8.4577 latency_ms=65.6941
[2026-08-17T14:11:20] SAMPLE t=89s phase=Recovery adaptation=with_ML throughput_gbps=8.1132 latency_ms=64.6633
[2026-08-17T14:11:21] SAMPLE t=90s phase=Recovery adaptation=with_ML throughput_gbps=8.0833 latency_ms=65.6549
[2026-08-17T14:11:22] SAMPLE t=91s phase=Recovery adaptation=with_ML throughput_gbps=8.141 latency_ms=66.1209
[2026-08-17T14:11:23] SAMPLE t=92s phase=Recovery adaptation=with_ML throughput_gbps=8.4933 latency_ms=63.0425
[2026-08-17T14:11:24] SAMPLE t=93s phase=Recovery adaptation=with_ML throughput_gbps=8.3487 latency_ms=67.927
[2026-08-17T14:11:25] SAMPLE t=94s phase=Recovery adaptation=with_ML throughput_gbps=8.3638 latency_ms=64.9595
[2026-08-17T14:11:26] SAMPLE t=95s phase=Recovery adaptation=with_ML throughput_gbps=8.3833 latency_ms=66.7919
[2026-08-17T14:11:27] SAMPLE t=96s phase=Recovery adaptation=with_ML throughput_gbps=8.3363 latency_ms=67.1238
[2026-08-17T14:11:28] SAMPLE t=97s phase=Recovery adaptation=with_ML throughput_gbps=8.5985 latency_ms=65.9811
[2026-08-17T14:11:29] SAMPLE t=98s phase=Recovery adaptation=with_ML throughput_gbps=8.5549 latency_ms=65.4825
[2026-08-17T14:11:30] SAMPLE t=99s phase=Recovery adaptation=with_ML throughput_gbps=8.8946 latency_ms=65.3087
[2026-08-17T14:09:51] SAMPLE t=0s phase=Stable adaptation=without_ML throughput_gbps=7.7949 latency_ms=63.9005
[2026-08-17T14:09:52] SAMPLE t=1s phase=Stable adaptation=without_ML throughput_gbps=8.0086 latency_ms=67.6477
[2026-08-17T14:09:53] SAMPLE t=2s phase=Stable adaptation=without_ML throughput_gbps=8.2281 latency_ms=66.279
[2026-08-17T14:09:54] SAMPLE t=3s phase=Stable adaptation=without_ML throughput_gbps=8.3665 latency_ms=67.6949
[2026-08-17T14:09:55] SAMPLE t=4s phase=Stable adaptation=without_ML throughput_gbps=8.0835 latency_ms=64.6253
[2026-08-17T14:09:56] SAMPLE t=5s phase=Stable adaptation=without_ML throughput_gbps=7.8715 latency_ms=68.1112
[2026-08-17T14:09:57] SAMPLE t=6s phase=Stable adaptation=without_ML throughput_gbps=8.0472 latency_ms=63.349
[2026-08-17T14:09:58] SAMPLE t=7s phase=Stable adaptation=without_ML throughput_gbps=8.2286 latency_ms=65.7384
[2026-08-17T14:09:59] SAMPLE t=8s phase=Stable adaptation=without_ML throughput_gbps=8.1971 latency_ms=66.3851
[2026-08-17T14:10:00] SAMPLE t=9s phase=Stable adaptation=without_ML throughput_gbps=8.4045 latency_ms=67.0315
[2026-08-17T14:10:01] SAMPLE t=10s phase=Stable adaptation=without_ML throughput_gbps=7.9659 latency_ms=68.2114
[2026-08-17T14:10:02] SAMPLE t=11s phase=Stable adaptation=without_ML throughput_gbps=7.5273 latency_ms=69.4613
[2026-08-17T14:10:03] SAMPLE t=12s phase=Stable adaptation=without_ML throughput_gbps=7.984 latency_ms=64.9565
[2026-08-17T14:10:04] SAMPLE t=13s phase=Stable adaptation=without_ML throughput_gbps=7.9928 latency_ms=67.0042
[2026-08-17T14:10:05] SAMPLE t=14s phase=Stable adaptation=without_ML throughput_gbps=8.4149 latency_ms=66.6003
[2026-08-17T14:10:06] SAMPLE t=15s phase=Stable adaptation=without_ML throughput_gbps=7.8814 latency_ms=64.3349
[2026-08-17T14:10:07] SAMPLE t=16s phase=Stable adaptation=without_ML throughput_gbps=7.9516 latency_ms=65.5599
[2026-08-17T14:10:08] SAMPLE t=17s phase=Stable adaptation=without_ML throughput_gbps=7.6538 latency_ms=63.2823
[2026-08-17T14:10:09] SAMPLE t=18s phase=Stable adaptation=without_ML throughput_gbps=8.0452 latency_ms=64.1608
[2026-08-17T14:10:10] SAMPLE t=19s phase=Stable adaptation=without_ML throughput_gbps=7.6581 latency_ms=64.6702
[2026-08-17T14:10:11] SAMPLE t=20s phase=Congestion adaptation=without_ML throughput_gbps=7.681 latency_ms=64.3048
[2026-08-17T14:10:12] SAMPLE t=21s phase=Congestion adaptation=without_ML throughput_gbps=7.903 latency_ms=66.4457
[2026-08-17T14:10:13] SAMPLE t=22s phase=Congestion adaptation=without_ML throughput_gbps=8.2109 latency_ms=65.7066
[2026-08-17T14:10:14] SAMPLE t=23s phase=Congestion adaptation=without_ML throughput_gbps=7.9327 latency_ms=66.7217
[2026-08-17T14:10:15] SAMPLE t=24s phase=Congestion adaptation=without_ML throughput_gbps=7.4672 latency_ms=64.4665
[2026-08-17T14:10:16] SAMPLE t=25s phase=Congestion adaptation=without_ML throughput_gbps=8.0294 latency_ms=65.2239
[2026-08-17T14:10:17] SAMPLE t=26s phase=Congestion adaptation=without_ML throughput_gbps=8.2704 latency_ms=63.6985
[2026-08-17T14:10:18] SAMPLE t=27s phase=Congestion adaptation=without_ML throughput_gbps=8.0595 latency_ms=64.4063
[2026-08-17T14:10:19] SAMPLE t=28s phase=Congestion adaptation=without_ML throughput_gbps=8.206 latency_ms=65.4979
[2026-08-17T14:10:20] SAMPLE t=29s phase=Congestion adaptation=without_ML throughput_gbps=8.2623 latency_ms=66.0119
[2026-08-17T14:10:21] SAMPLE t=30s phase=Congestion adaptation=without_ML throughput_gbps=8.0661 latency_ms=64.7351
[2026-08-17T14:10:22] SAMPLE t=31s phase=Congestion adaptation=without_ML throughput_gbps=8.2169 latency_ms=67.2433
[2026-08-17T14:10:23] SAMPLE t=32s phase=Congestion adaptation=without_ML throughput_gbps=8.1808 latency_ms=65.8397
[2026-08-17T14:10:24] SAMPLE t=33s phase=Congestion adaptation=without_ML throughput_gbps=7.8414 latency_ms=67.3249
[2026-08-17T14:10:25] SAMPLE t=34s phase=Congestion adaptation=without_ML throughput_gbps=7.8838 latency_ms=65.1125
[2026-08-17T14:10:26] SAMPLE t=35s phase=Congestion adaptation=without_ML throughput_gbps=7.8987 latency_ms=66.2956
[2026-08-17T14:10:27] SAMPLE t=36s phase=Congestion adaptation=without_ML throughput_gbps=8.0749 latency_ms=65.6331
[2026-08-17T14:10:28] SAMPLE t=37s phase=Congestion adaptation=without_ML throughput_gbps=8.0881 latency_ms=67.6363
[2026-08-17T14:10:29] SAMPLE t=38s phase=Congestion adaptation=without_ML throughput_gbps=8.0772 latency_ms=66.3896
[2026-08-17T14:10:30] SAMPLE t=39s phase=Congestion adaptation=without_ML throughput_gbps=7.6922 latency_ms=65.4242
[2026-08-17T14:10:31] SAMPLE t=40s phase=Path_change adaptation=without_ML throughput_gbps=7.9336 latency_ms=65.0577
[2026-08-17T14:10:32] SAMPLE t=41s phase=Path_change adaptation=without_ML throughput_gbps=7.9309 latency_ms=67.3139
[2026-08-17T14:10:33] SAMPLE t=42s phase=Path_change adaptation=without_ML throughput_gbps=7.5818 latency_ms=69.9042
[2026-08-17T14:10:34] SAMPLE t=43s phase=Path_change adaptation=without_ML throughput_gbps=6.88 latency_ms=68.6065
[2026-08-17T14:10:35] SAMPLE t=44s phase=Path_change adaptation=without_ML throughput_gbps=6.9325 latency_ms=72.2305
[2026-08-17T14:10:36] SAMPLE t=45s phase=Path_change adaptation=without_ML throughput_gbps=6.3745 latency_ms=72.8011
[2026-08-17T14:10:37] SAMPLE t=46s phase=Path_change adaptation=without_ML throughput_gbps=6.055 latency_ms=71.393
[2026-08-17T14:10:38] SAMPLE t=47s phase=Path_change adaptation=without_ML throughput_gbps=5.9413 latency_ms=71.5363
[2026-08-17T14:10:39] SAMPLE t=48s phase=Path_change adaptation=without_ML throughput_gbps=5.8442 latency_ms=74.088
[2026-08-17T14:10:40] SAMPLE t=49s phase=Path_change adaptation=without_ML throughput_gbps=5.739 latency_ms=74.7501
[2026-08-17T14:10:41] SAMPLE t=50s phase=Path_change adaptation=without_ML throughput_gbps=5.7401 latency_ms=71.9684
[2026-08-17T14:10:42] SAMPLE t=51s phase=Path_change adaptation=without_ML throughput_gbps=5.5477 latency_ms=73.1018
[2026-08-17T14:10:43] SAMPLE t=52s phase=Path_change adaptation=without_ML throughput_gbps=6.0124 latency_ms=72.6041
[2026-08-17T14:10:44] SAMPLE t=53s phase=Path_change adaptation=without_ML throughput_gbps=5.7776 latency_ms=72.9911
[2026-08-17T14:10:45] SAMPLE t=54s phase=Path_change adaptation=without_ML throughput_gbps=6.2708 latency_ms=70.3014
[2026-08-17T14:10:46] SAMPLE t=55s phase=Path_change adaptation=without_ML throughput_gbps=6.6112 latency_ms=70.0323
[2026-08-17T14:10:47] SAMPLE t=56s phase=Path_change adaptation=without_ML throughput_gbps=6.5103 latency_ms=70.004
[2026-08-17T14:10:48] SAMPLE t=57s phase=Path_change adaptation=without_ML throughput_gbps=6.9257 latency_ms=68.2754
[2026-08-17T14:10:49] SAMPLE t=58s phase=Path_change adaptation=without_ML throughput_gbps=7.4176 latency_ms=64.311
[2026-08-17T14:10:50] SAMPLE t=59s phase=Path_change adaptation=without_ML throughput_gbps=7.366 latency_ms=67.2967
[2026-08-17T14:10:51] SAMPLE t=60s phase=Loss_spike adaptation=without_ML throughput_gbps=6.3964 latency_ms=71.3384
[2026-08-17T14:10:52] SAMPLE t=61s phase=Loss_spike adaptation=without_ML throughput_gbps=8.4776 latency_ms=80.4693
[2026-08-17T14:10:53] SAMPLE t=62s phase=Loss_spike adaptation=without_ML throughput_gbps=7.4351 latency_ms=72.2584
[2026-08-17T14:10:54] SAMPLE t=63s phase=Loss_spike adaptation=without_ML throughput_gbps=4.9697 latency_ms=75.595
[2026-08-17T14:10:55] SAMPLE t=64s phase=Loss_spike adaptation=without_ML throughput_gbps=4.1188 latency_ms=80.9534
[2026-08-17T14:10:56] SAMPLE t=65s phase=Loss_spike adaptation=without_ML throughput_gbps=5.8564 latency_ms=68.7424
[2026-08-17T14:10:57] SAMPLE t=66s phase=Loss_spike adaptation=without_ML throughput_gbps=8.3 latency_ms=81.6154
[2026-08-17T14:10:58] SAMPLE t=67s phase=Loss_spike adaptation=without_ML throughput_gbps=7.4444 latency_ms=79.0651
[2026-08-17T14:10:59] SAMPLE t=68s phase=Loss_spike adaptation=without_ML throughput_gbps=4.749 latency_ms=76.0438
[2026-08-17T14:11:00] SAMPLE t=69s phase=Loss_spike adaptation=without_ML throughput_gbps=3.7939 latency_ms=79.2717
[2026-08-17T14:11:01] SAMPLE t=70s phase=Loss_spike adaptation=without_ML throughput_gbps=6.1497 latency_ms=68.2283
[2026-08-17T14:11:02] SAMPLE t=71s phase=Loss_spike adaptation=without_ML throughput_gbps=8.3546 latency_ms=78.5377
[2026-08-17T14:11:03] SAMPLE t=72s phase=Loss_spike adaptation=without_ML throughput_gbps=7.3995 latency_ms=76.2203
[2026-08-17T14:11:04] SAMPLE t=73s phase=Loss_spike adaptation=without_ML throughput_gbps=4.8012 latency_ms=74.0275
[2026-08-17T14:11:05] SAMPLE t=74s phase=Loss_spike adaptation=without_ML throughput_gbps=4.0936 latency_ms=78.0346
[2026-08-17T14:11:06] SAMPLE t=75s phase=Loss_spike adaptation=without_ML throughput_gbps=6.3802 latency_ms=69.4976
[2026-08-17T14:11:07] SAMPLE t=76s phase=Loss_spike adaptation=without_ML throughput_gbps=8.7314 latency_ms=81.4911
[2026-08-17T14:11:08] SAMPLE t=77s phase=Loss_spike adaptation=without_ML throughput_gbps=7.6244 latency_ms=77.4498
[2026-08-17T14:11:09] SAMPLE t=78s phase=Loss_spike adaptation=without_ML throughput_gbps=4.5495 latency_ms=75.8135
[2026-08-17T14:11:10] SAMPLE t=79s phase=Loss_spike adaptation=without_ML throughput_gbps=3.8369 latency_ms=81.621
[2026-08-17T14:11:11] SAMPLE t=80s phase=Recovery adaptation=without_ML throughput_gbps=8.48 latency_ms=66.5971
[2026-08-17T14:11:12] SAMPLE t=81s phase=Recovery adaptation=without_ML throughput_gbps=7.5397 latency_ms=64.6228
[2026-08-17T14:11:13] SAMPLE t=82s phase=Recovery adaptation=without_ML throughput_gbps=8.1424 latency_ms=65.6274
[2026-08-17T14:11:14] SAMPLE t=83s phase=Recovery adaptation=without_ML throughput_gbps=7.9751 latency_ms=66.5183
[2026-08-17T14:11:15] SAMPLE t=84s phase=Recovery adaptation=without_ML throughput_gbps=8.3955 latency_ms=66.4429
[2026-08-17T14:11:16] SAMPLE t=85s phase=Recovery adaptation=without_ML throughput_gbps=7.9931 latency_ms=65.471
[2026-08-17T14:11:17] SAMPLE t=86s phase=Recovery adaptation=without_ML throughput_gbps=8.0134 latency_ms=64.1103
[2026-08-17T14:11:18] SAMPLE t=87s phase=Recovery adaptation=without_ML throughput_gbps=7.9946 latency_ms=65.0718
[2026-08-17T14:11:19] SAMPLE t=88s phase=Recovery adaptation=without_ML throughput_gbps=7.9371 latency_ms=68.1093
[2026-08-17T14:11:20] SAMPLE t=89s phase=Recovery adaptation=without_ML throughput_gbps=7.8965 latency_ms=66.3034
[2026-08-17T14:11:21] SAMPLE t=90s phase=Recovery adaptation=without_ML throughput_gbps=7.7171 latency_ms=67.3458
[2026-08-17T14:11:22] SAMPLE t=91s phase=Recovery adaptation=without_ML throughput_gbps=8.0344 latency_ms=65.8053
[2026-08-17T14:11:23] SAMPLE t=92s phase=Recovery adaptation=without_ML throughput_gbps=8.1376 latency_ms=65.2868
[2026-08-17T14:11:24] SAMPLE t=93s phase=Recovery adaptation=without_ML throughput_gbps=7.9159 latency_ms=67.2528
[2026-08-17T14:11:25] SAMPLE t=94s phase=Recovery adaptation=without_ML throughput_gbps=7.7415 latency_ms=64.9406
[2026-08-17T14:11:26] SAMPLE t=95s phase=Recovery adaptation=without_ML throughput_gbps=8.3573 latency_ms=63.1628
[2026-08-17T14:11:27] SAMPLE t=96s phase=Recovery adaptation=without_ML throughput_gbps=8.17 latency_ms=68.6927
[2026-08-17T14:11:28] SAMPLE t=97s phase=Recovery adaptation=without_ML throughput_gbps=8.2353 latency_ms=67.2956
[2026-08-17T14:11:29] SAMPLE t=98s phase=Recovery adaptation=without_ML throughput_gbps=8.0178 latency_ms=64.0604
[2026-08-17T14:11:30] SAMPLE t=99s phase=Recovery adaptation=without_ML throughput_gbps=8.1605 latency_ms=67.3187
[2026-08-17T14:09:51] TRACE_END run_id=127 status=OK
[2026-08-17T14:20:28] TRACE_START run_id=128
[2026-08-17T14:20:28] SAMPLE t=0s phase=Stable adaptation=with_ML throughput_gbps=7.9827 latency_ms=67.4725
[2026-08-17T14:20:29] SAMPLE t=1s phase=Stable adaptation=with_ML throughput_gbps=8.0405 latency_ms=69.0034
[2026-08-17T14:20:30] SAMPLE t=2s phase=Stable adaptation=with_ML throughput_gbps=7.9848 latency_ms=68.767
[2026-08-17T14:20:31] SAMPLE t=3s phase=Stable adaptation=with_ML throughput_gbps=8.4406 latency_ms=66.6911
[2026-08-17T14:20:32] SAMPLE t=4s phase=Stable adaptation=with_ML throughput_gbps=7.8319 latency_ms=67.0279
[2026-08-17T14:20:33] SAMPLE t=5s phase=Stable adaptation=with_ML throughput_gbps=7.9245 latency_ms=68.3534
[2026-08-17T14:20:34] SAMPLE t=6s phase=Stable adaptation=with_ML throughput_gbps=8.4234 latency_ms=67.8896
[2026-08-17T14:20:35] SAMPLE t=7s phase=Stable adaptation=with_ML throughput_gbps=7.8376 latency_ms=66.5908
[2026-08-17T14:20:36] SAMPLE t=8s phase=Stable adaptation=with_ML throughput_gbps=7.9542 latency_ms=65.8529
[2026-08-17T14:20:37] SAMPLE t=9s phase=Stable adaptation=with_ML throughput_gbps=8.3061 latency_ms=66.599
[2026-08-17T14:20:38] SAMPLE t=10s phase=Stable adaptation=with_ML throughput_gbps=8.0901 latency_ms=67.3282
[2026-08-17T14:20:39] SAMPLE t=11s phase=Stable adaptation=with_ML throughput_gbps=7.9189 latency_ms=66.1451
[2026-08-17T14:20:40] SAMPLE t=12s phase=Stable adaptation=with_ML throughput_gbps=8.3399 latency_ms=69.0117
[2026-08-17T14:20:41] SAMPLE t=13s phase=Stable adaptation=with_ML throughput_gbps=8.0812 latency_ms=65.2497
[2026-08-17T14:20:42] SAMPLE t=14s phase=Stable adaptation=with_ML throughput_gbps=8.1828 latency_ms=66.6547
[2026-08-17T14:20:43] SAMPLE t=15s phase=Stable adaptation=with_ML throughput_gbps=7.9214 latency_ms=67.277
[2026-08-17T14:20:44] SAMPLE t=16s phase=Stable adaptation=with_ML throughput_gbps=7.9429 latency_ms=65.1175
[2026-08-17T14:20:45] SAMPLE t=17s phase=Stable adaptation=with_ML throughput_gbps=8.2108 latency_ms=65.3315
[2026-08-17T14:20:46] SAMPLE t=18s phase=Stable adaptation=with_ML throughput_gbps=7.8169 latency_ms=67.9382
[2026-08-17T14:20:47] SAMPLE t=19s phase=Stable adaptation=with_ML throughput_gbps=8.3845 latency_ms=66.6458
[2026-08-17T14:20:48] SAMPLE t=20s phase=Congestion adaptation=with_ML throughput_gbps=7.9604 latency_ms=64.7921
[2026-08-17T14:20:49] SAMPLE t=21s phase=Congestion adaptation=with_ML throughput_gbps=8.1803 latency_ms=64.9254
[2026-08-17T14:20:50] SAMPLE t=22s phase=Congestion adaptation=with_ML throughput_gbps=8.1551 latency_ms=65.9178
[2026-08-17T14:20:51] SAMPLE t=23s phase=Congestion adaptation=with_ML throughput_gbps=8.2623 latency_ms=65.0927
[2026-08-17T14:20:52] SAMPLE t=24s phase=Congestion adaptation=with_ML throughput_gbps=7.8183 latency_ms=65.8736
[2026-08-17T14:20:53] SAMPLE t=25s phase=Congestion adaptation=with_ML throughput_gbps=8.3222 latency_ms=67.2625
[2026-08-17T14:20:54] SAMPLE t=26s phase=Congestion adaptation=with_ML throughput_gbps=8.1107 latency_ms=65.5354
[2026-08-17T14:20:55] SAMPLE t=27s phase=Congestion adaptation=with_ML throughput_gbps=7.7958 latency_ms=67.9581
[2026-08-17T14:20:56] SAMPLE t=28s phase=Congestion adaptation=with_ML throughput_gbps=7.8074 latency_ms=64.6574
[2026-08-17T14:20:57] SAMPLE t=29s phase=Congestion adaptation=with_ML throughput_gbps=8.1302 latency_ms=67.359
[2026-08-17T14:20:58] SAMPLE t=30s phase=Congestion adaptation=with_ML throughput_gbps=8.0481 latency_ms=66.4863
[2026-08-17T14:20:59] SAMPLE t=31s phase=Congestion adaptation=with_ML throughput_gbps=7.9993 latency_ms=66.4055
[2026-08-17T14:21:00] SAMPLE t=32s phase=Congestion adaptation=with_ML throughput_gbps=7.8627 latency_ms=63.8582
[2026-08-17T14:21:01] SAMPLE t=33s phase=Congestion adaptation=with_ML throughput_gbps=7.872 latency_ms=66.8645
[2026-08-17T14:21:02] SAMPLE t=34s phase=Congestion adaptation=with_ML throughput_gbps=8.0855 latency_ms=66.3302
[2026-08-17T14:21:03] SAMPLE t=35s phase=Congestion adaptation=with_ML throughput_gbps=8.0764 latency_ms=67.5196
[2026-08-17T14:21:04] SAMPLE t=36s phase=Congestion adaptation=with_ML throughput_gbps=7.8841 latency_ms=66.7845
[2026-08-17T14:21:05] SAMPLE t=37s phase=Congestion adaptation=with_ML throughput_gbps=8.4308 latency_ms=67.7455
[2026-08-17T14:21:06] SAMPLE t=38s phase=Congestion adaptation=with_ML throughput_gbps=7.8341 latency_ms=65.9991
[2026-08-17T14:21:07] SAMPLE t=39s phase=Congestion adaptation=with_ML throughput_gbps=7.9854 latency_ms=65.9101
[2026-08-17T14:21:08] SAMPLE t=40s phase=Path_change adaptation=with_ML throughput_gbps=8.0257 latency_ms=67.6992
[2026-08-17T14:21:09] SAMPLE t=41s phase=Path_change adaptation=with_ML throughput_gbps=7.9165 latency_ms=67.2011
[2026-08-17T14:21:10] SAMPLE t=42s phase=Path_change adaptation=with_ML throughput_gbps=7.483 latency_ms=67.056
[2026-08-17T14:21:11] SAMPLE t=43s phase=Path_change adaptation=with_ML throughput_gbps=7.8455 latency_ms=67.7829
[2026-08-17T14:21:12] SAMPLE t=44s phase=Path_change adaptation=with_ML throughput_gbps=7.5674 latency_ms=67.1499
[2026-08-17T14:21:13] SAMPLE t=45s phase=Path_change adaptation=with_ML throughput_gbps=7.5521 latency_ms=66.7202
[2026-08-17T14:21:14] SAMPLE t=46s phase=Path_change adaptation=with_ML throughput_gbps=7.2047 latency_ms=68.5692
[2026-08-17T14:21:15] SAMPLE t=47s phase=Path_change adaptation=with_ML throughput_gbps=7.0085 latency_ms=67.3195
[2026-08-17T14:21:16] SAMPLE t=48s phase=Path_change adaptation=with_ML throughput_gbps=7.1863 latency_ms=68.6863
[2026-08-17T14:21:17] SAMPLE t=49s phase=Path_change adaptation=with_ML throughput_gbps=7.1472 latency_ms=68.4413
[2026-08-17T14:21:18] SAMPLE t=50s phase=Path_change adaptation=with_ML throughput_gbps=7.1624 latency_ms=69.8888
[2026-08-17T14:21:19] SAMPLE t=51s phase=Path_change adaptation=with_ML throughput_gbps=7.2514 latency_ms=68.3409
[2026-08-17T14:21:20] SAMPLE t=52s phase=Path_change adaptation=with_ML throughput_gbps=6.9271 latency_ms=67.1388
[2026-08-17T14:21:21] SAMPLE t=53s phase=Path_change adaptation=with_ML throughput_gbps=7.2723 latency_ms=68.6938
[2026-08-17T14:21:22] SAMPLE t=54s phase=Path_change adaptation=with_ML throughput_gbps=7.525 latency_ms=65.1858
[2026-08-17T14:21:23] SAMPLE t=55s phase=Path_change adaptation=with_ML throughput_gbps=7.5449 latency_ms=69.3529
[2026-08-17T14:21:24] SAMPLE t=56s phase=Path_change adaptation=with_ML throughput_gbps=7.318 latency_ms=68.0513
[2026-08-17T14:21:25] SAMPLE t=57s phase=Path_change adaptation=with_ML throughput_gbps=7.8358 latency_ms=67.476
[2026-08-17T14:21:26] SAMPLE t=58s phase=Path_change adaptation=with_ML throughput_gbps=7.9923 latency_ms=67.399
[2026-08-17T14:21:27] SAMPLE t=59s phase=Path_change adaptation=with_ML throughput_gbps=7.8794 latency_ms=66.9263
[2026-08-17T14:21:28] SAMPLE t=60s phase=Loss_spike adaptation=with_ML throughput_gbps=7.2757 latency_ms=68.9047
[2026-08-17T14:21:29] SAMPLE t=61s phase=Loss_spike adaptation=with_ML throughput_gbps=8.2542 latency_ms=69.3714
[2026-08-17T14:21:30] SAMPLE t=62s phase=Loss_spike adaptation=with_ML throughput_gbps=8.1232 latency_ms=67.3939
[2026-08-17T14:21:31] SAMPLE t=63s phase=Loss_spike adaptation=with_ML throughput_gbps=6.5731 latency_ms=69.9981
[2026-08-17T14:21:32] SAMPLE t=64s phase=Loss_spike adaptation=with_ML throughput_gbps=6.3092 latency_ms=70.521
[2026-08-17T14:21:33] SAMPLE t=65s phase=Loss_spike adaptation=with_ML throughput_gbps=7.1925 latency_ms=68.6441
[2026-08-17T14:21:34] SAMPLE t=66s phase=Loss_spike adaptation=with_ML throughput_gbps=8.6018 latency_ms=70.3242
[2026-08-17T14:21:35] SAMPLE t=67s phase=Loss_spike adaptation=with_ML throughput_gbps=7.9029 latency_ms=70.9158
[2026-08-17T14:21:36] SAMPLE t=68s phase=Loss_spike adaptation=with_ML throughput_gbps=6.5705 latency_ms=70.5762
[2026-08-17T14:21:37] SAMPLE t=69s phase=Loss_spike adaptation=with_ML throughput_gbps=6.3888 latency_ms=70.2515
[2026-08-17T14:21:38] SAMPLE t=70s phase=Loss_spike adaptation=with_ML throughput_gbps=7.3497 latency_ms=65.8754
[2026-08-17T14:21:39] SAMPLE t=71s phase=Loss_spike adaptation=with_ML throughput_gbps=8.3682 latency_ms=72.5585
[2026-08-17T14:21:40] SAMPLE t=72s phase=Loss_spike adaptation=with_ML throughput_gbps=8.1458 latency_ms=69.4427
[2026-08-17T14:21:41] SAMPLE t=73s phase=Loss_spike adaptation=with_ML throughput_gbps=6.5853 latency_ms=69.5252
[2026-08-17T14:21:42] SAMPLE t=74s phase=Loss_spike adaptation=with_ML throughput_gbps=6.483 latency_ms=72.0139
[2026-08-17T14:21:43] SAMPLE t=75s phase=Loss_spike adaptation=with_ML throughput_gbps=7.2125 latency_ms=66.4232
[2026-08-17T14:21:44] SAMPLE t=76s phase=Loss_spike adaptation=with_ML throughput_gbps=8.339 latency_ms=70.2153
[2026-08-17T14:21:45] SAMPLE t=77s phase=Loss_spike adaptation=with_ML throughput_gbps=8.064 latency_ms=69.9284
[2026-08-17T14:21:46] SAMPLE t=78s phase=Loss_spike adaptation=with_ML throughput_gbps=6.8597 latency_ms=71.3102
[2026-08-17T14:21:47] SAMPLE t=79s phase=Loss_spike adaptation=with_ML throughput_gbps=6.6509 latency_ms=70.5063
[2026-08-17T14:21:48] SAMPLE t=80s phase=Recovery adaptation=with_ML throughput_gbps=7.9173 latency_ms=67.0173
[2026-08-17T14:21:49] SAMPLE t=81s phase=Recovery adaptation=with_ML throughput_gbps=7.9145 latency_ms=67.0427
[2026-08-17T14:21:50] SAMPLE t=82s phase=Recovery adaptation=with_ML throughput_gbps=8.006 latency_ms=67.8568
[2026-08-17T14:21:51] SAMPLE t=83s phase=Recovery adaptation=with_ML throughput_gbps=8.2684 latency_ms=64.7002
[2026-08-17T14:21:52] SAMPLE t=84s phase=Recovery adaptation=with_ML throughput_gbps=8.2721 latency_ms=64.4592
[2026-08-17T14:21:53] SAMPLE t=85s phase=Recovery adaptation=with_ML throughput_gbps=8.0464 latency_ms=65.8587
[2026-08-17T14:21:54] SAMPLE t=86s phase=Recovery adaptation=with_ML throughput_gbps=7.9891 latency_ms=66.2305
[2026-08-17T14:21:55] SAMPLE t=87s phase=Recovery adaptation=with_ML throughput_gbps=8.3491 latency_ms=65.5464
[2026-08-17T14:21:56] SAMPLE t=88s phase=Recovery adaptation=with_ML throughput_gbps=8.1436 latency_ms=63.8131
[2026-08-17T14:21:57] SAMPLE t=89s phase=Recovery adaptation=with_ML throughput_gbps=8.2164 latency_ms=65.0486
[2026-08-17T14:21:58] SAMPLE t=90s phase=Recovery adaptation=with_ML throughput_gbps=8.1305 latency_ms=65.3643
[2026-08-17T14:21:59] SAMPLE t=91s phase=Recovery adaptation=with_ML throughput_gbps=8.0366 latency_ms=64.2532
[2026-08-17T14:22:00] SAMPLE t=92s phase=Recovery adaptation=with_ML throughput_gbps=8.3904 latency_ms=66.1957
[2026-08-17T14:22:01] SAMPLE t=93s phase=Recovery adaptation=with_ML throughput_gbps=8.3084 latency_ms=64.2851
[2026-08-17T14:22:02] SAMPLE t=94s phase=Recovery adaptation=with_ML throughput_gbps=8.2996 latency_ms=66.4192
[2026-08-17T14:22:03] SAMPLE t=95s phase=Recovery adaptation=with_ML throughput_gbps=8.525 latency_ms=66.6832
[2026-08-17T14:22:04] SAMPLE t=96s phase=Recovery adaptation=with_ML throughput_gbps=8.7815 latency_ms=63.5135
[2026-08-17T14:22:05] SAMPLE t=97s phase=Recovery adaptation=with_ML throughput_gbps=8.4551 latency_ms=63.9587
[2026-08-17T14:22:06] SAMPLE t=98s phase=Recovery adaptation=with_ML throughput_gbps=8.8518 latency_ms=65.1881
[2026-08-17T14:22:07] SAMPLE t=99s phase=Recovery adaptation=with_ML throughput_gbps=8.4906 latency_ms=64.6455
[2026-08-17T14:20:28] SAMPLE t=0s phase=Stable adaptation=without_ML throughput_gbps=7.8915 latency_ms=66.8319
[2026-08-17T14:20:29] SAMPLE t=1s phase=Stable adaptation=without_ML throughput_gbps=8.1467 latency_ms=65.7006
[2026-08-17T14:20:30] SAMPLE t=2s phase=Stable adaptation=without_ML throughput_gbps=7.6963 latency_ms=64.2116
[2026-08-17T14:20:31] SAMPLE t=3s phase=Stable adaptation=without_ML throughput_gbps=8.4714 latency_ms=66.6936
[2026-08-17T14:20:32] SAMPLE t=4s phase=Stable adaptation=without_ML throughput_gbps=8.1637 latency_ms=65.651
[2026-08-17T14:20:33] SAMPLE t=5s phase=Stable adaptation=without_ML throughput_gbps=7.9544 latency_ms=64.2839
[2026-08-17T14:20:34] SAMPLE t=6s phase=Stable adaptation=without_ML throughput_gbps=7.6557 latency_ms=68.005
[2026-08-17T14:20:35] SAMPLE t=7s phase=Stable adaptation=without_ML throughput_gbps=7.4035 latency_ms=66.265
[2026-08-17T14:20:36] SAMPLE t=8s phase=Stable adaptation=without_ML throughput_gbps=8.1391 latency_ms=65.57
[2026-08-17T14:20:37] SAMPLE t=9s phase=Stable adaptation=without_ML throughput_gbps=7.861 latency_ms=66.824
[2026-08-17T14:20:38] SAMPLE t=10s phase=Stable adaptation=without_ML throughput_gbps=8.1532 latency_ms=65.8072
[2026-08-17T14:20:39] SAMPLE t=11s phase=Stable adaptation=without_ML throughput_gbps=8.0197 latency_ms=66.2647
[2026-08-17T14:20:40] SAMPLE t=12s phase=Stable adaptation=without_ML throughput_gbps=7.8302 latency_ms=65.3711
[2026-08-17T14:20:41] SAMPLE t=13s phase=Stable adaptation=without_ML throughput_gbps=7.5715 latency_ms=66.9874
[2026-08-17T14:20:42] SAMPLE t=14s phase=Stable adaptation=without_ML throughput_gbps=7.9428 latency_ms=67.9457
[2026-08-17T14:20:43] SAMPLE t=15s phase=Stable adaptation=without_ML throughput_gbps=8.5612 latency_ms=66.2818
[2026-08-17T14:20:44] SAMPLE t=16s phase=Stable adaptation=without_ML throughput_gbps=8.1335 latency_ms=64.7501
[2026-08-17T14:20:45] SAMPLE t=17s phase=Stable adaptation=without_ML throughput_gbps=7.7327 latency_ms=66.3557
[2026-08-17T14:20:46] SAMPLE t=18s phase=Stable adaptation=without_ML throughput_gbps=7.9726 latency_ms=64.5727
[2026-08-17T14:20:47] SAMPLE t=19s phase=Stable adaptation=without_ML throughput_gbps=8.0601 latency_ms=64.79
[2026-08-17T14:20:48] SAMPLE t=20s phase=Congestion adaptation=without_ML throughput_gbps=8.1002 latency_ms=65.6392
[2026-08-17T14:20:49] SAMPLE t=21s phase=Congestion adaptation=without_ML throughput_gbps=8.0245 latency_ms=65.9024
[2026-08-17T14:20:50] SAMPLE t=22s phase=Congestion adaptation=without_ML throughput_gbps=8.1894 latency_ms=65.9527
[2026-08-17T14:20:51] SAMPLE t=23s phase=Congestion adaptation=without_ML throughput_gbps=7.7613 latency_ms=64.5272
[2026-08-17T14:20:52] SAMPLE t=24s phase=Congestion adaptation=without_ML throughput_gbps=8.2382 latency_ms=67.4386
[2026-08-17T14:20:53] SAMPLE t=25s phase=Congestion adaptation=without_ML throughput_gbps=7.8622 latency_ms=67.8476
[2026-08-17T14:20:54] SAMPLE t=26s phase=Congestion adaptation=without_ML throughput_gbps=8.3233 latency_ms=67.2208
[2026-08-17T14:20:55] SAMPLE t=27s phase=Congestion adaptation=without_ML throughput_gbps=8.3384 latency_ms=63.2849
[2026-08-17T14:20:56] SAMPLE t=28s phase=Congestion adaptation=without_ML throughput_gbps=7.7707 latency_ms=64.3411
[2026-08-17T14:20:57] SAMPLE t=29s phase=Congestion adaptation=without_ML throughput_gbps=8.2384 latency_ms=65.2186
[2026-08-17T14:20:58] SAMPLE t=30s phase=Congestion adaptation=without_ML throughput_gbps=7.7378 latency_ms=67.0815
[2026-08-17T14:20:59] SAMPLE t=31s phase=Congestion adaptation=without_ML throughput_gbps=7.9048 latency_ms=68.1208
[2026-08-17T14:21:00] SAMPLE t=32s phase=Congestion adaptation=without_ML throughput_gbps=8.0862 latency_ms=66.7082
[2026-08-17T14:21:01] SAMPLE t=33s phase=Congestion adaptation=without_ML throughput_gbps=8.0133 latency_ms=66.0859
[2026-08-17T14:21:02] SAMPLE t=34s phase=Congestion adaptation=without_ML throughput_gbps=8.1995 latency_ms=64.363
[2026-08-17T14:21:03] SAMPLE t=35s phase=Congestion adaptation=without_ML throughput_gbps=7.6703 latency_ms=66.4409
[2026-08-17T14:21:04] SAMPLE t=36s phase=Congestion adaptation=without_ML throughput_gbps=7.9008 latency_ms=67.3611
[2026-08-17T14:21:05] SAMPLE t=37s phase=Congestion adaptation=without_ML throughput_gbps=8.0853 latency_ms=65.5767
[2026-08-17T14:21:06] SAMPLE t=38s phase=Congestion adaptation=without_ML throughput_gbps=8.2275 latency_ms=65.9168
[2026-08-17T14:21:07] SAMPLE t=39s phase=Congestion adaptation=without_ML throughput_gbps=7.991 latency_ms=66.8274
[2026-08-17T14:21:08] SAMPLE t=40s phase=Path_change adaptation=without_ML throughput_gbps=8.4436 latency_ms=67.3995
[2026-08-17T14:21:09] SAMPLE t=41s phase=Path_change adaptation=without_ML throughput_gbps=7.9509 latency_ms=67.3454
[2026-08-17T14:21:10] SAMPLE t=42s phase=Path_change adaptation=without_ML throughput_gbps=7.5939 latency_ms=68.5405
[2026-08-17T14:21:11] SAMPLE t=43s phase=Path_change adaptation=without_ML throughput_gbps=7.1191 latency_ms=69.2998
[2026-08-17T14:21:12] SAMPLE t=44s phase=Path_change adaptation=without_ML throughput_gbps=6.5111 latency_ms=70.0447
[2026-08-17T14:21:13] SAMPLE t=45s phase=Path_change adaptation=without_ML throughput_gbps=6.0993 latency_ms=70.1115
[2026-08-17T14:21:14] SAMPLE t=46s phase=Path_change adaptation=without_ML throughput_gbps=5.8611 latency_ms=71.3609
[2026-08-17T14:21:15] SAMPLE t=47s phase=Path_change adaptation=without_ML throughput_gbps=5.915 latency_ms=73.6994
[2026-08-17T14:21:16] SAMPLE t=48s phase=Path_change adaptation=without_ML throughput_gbps=5.6856 latency_ms=71.0312
[2026-08-17T14:21:17] SAMPLE t=49s phase=Path_change adaptation=without_ML throughput_gbps=5.8871 latency_ms=72.7376
[2026-08-17T14:21:18] SAMPLE t=50s phase=Path_change adaptation=without_ML throughput_gbps=5.7763 latency_ms=73.6438
[2026-08-17T14:21:19] SAMPLE t=51s phase=Path_change adaptation=without_ML throughput_gbps=6.041 latency_ms=73.4811
[2026-08-17T14:21:20] SAMPLE t=52s phase=Path_change adaptation=without_ML throughput_gbps=5.8084 latency_ms=72.1239
[2026-08-17T14:21:21] SAMPLE t=53s phase=Path_change adaptation=without_ML throughput_gbps=5.9257 latency_ms=71.1731
[2026-08-17T14:21:22] SAMPLE t=54s phase=Path_change adaptation=without_ML throughput_gbps=6.0153 latency_ms=68.8523
[2026-08-17T14:21:23] SAMPLE t=55s phase=Path_change adaptation=without_ML throughput_gbps=6.49 latency_ms=71.4464
[2026-08-17T14:21:24] SAMPLE t=56s phase=Path_change adaptation=without_ML throughput_gbps=6.6323 latency_ms=71.1736
[2026-08-17T14:21:25] SAMPLE t=57s phase=Path_change adaptation=without_ML throughput_gbps=7.2452 latency_ms=71.5219
[2026-08-17T14:21:26] SAMPLE t=58s phase=Path_change adaptation=without_ML throughput_gbps=7.1388 latency_ms=69.354
[2026-08-17T14:21:27] SAMPLE t=59s phase=Path_change adaptation=without_ML throughput_gbps=7.3906 latency_ms=67.0205
[2026-08-17T14:21:28] SAMPLE t=60s phase=Loss_spike adaptation=without_ML throughput_gbps=6.4435 latency_ms=69.2076
[2026-08-17T14:21:29] SAMPLE t=61s phase=Loss_spike adaptation=without_ML throughput_gbps=7.8833 latency_ms=77.9487
[2026-08-17T14:21:30] SAMPLE t=62s phase=Loss_spike adaptation=without_ML throughput_gbps=7.7239 latency_ms=73.4943
[2026-08-17T14:21:31] SAMPLE t=63s phase=Loss_spike adaptation=without_ML throughput_gbps=4.6813 latency_ms=75.7856
[2026-08-17T14:21:32] SAMPLE t=64s phase=Loss_spike adaptation=without_ML throughput_gbps=4.1287 latency_ms=77.6701
[2026-08-17T14:21:33] SAMPLE t=65s phase=Loss_spike adaptation=without_ML throughput_gbps=6.3127 latency_ms=68.2351
[2026-08-17T14:21:34] SAMPLE t=66s phase=Loss_spike adaptation=without_ML throughput_gbps=8.4413 latency_ms=79.3302
[2026-08-17T14:21:35] SAMPLE t=67s phase=Loss_spike adaptation=without_ML throughput_gbps=7.2295 latency_ms=74.7565
[2026-08-17T14:21:36] SAMPLE t=68s phase=Loss_spike adaptation=without_ML throughput_gbps=5.0835 latency_ms=74.1854
[2026-08-17T14:21:37] SAMPLE t=69s phase=Loss_spike adaptation=without_ML throughput_gbps=4.1929 latency_ms=78.7732
[2026-08-17T14:21:38] SAMPLE t=70s phase=Loss_spike adaptation=without_ML throughput_gbps=6.0881 latency_ms=66.2746
[2026-08-17T14:21:39] SAMPLE t=71s phase=Loss_spike adaptation=without_ML throughput_gbps=8.2964 latency_ms=78.1201
[2026-08-17T14:21:40] SAMPLE t=72s phase=Loss_spike adaptation=without_ML throughput_gbps=7.8579 latency_ms=78.4762
[2026-08-17T14:21:41] SAMPLE t=73s phase=Loss_spike adaptation=without_ML throughput_gbps=4.9817 latency_ms=77.8253
[2026-08-17T14:21:42] SAMPLE t=74s phase=Loss_spike adaptation=without_ML throughput_gbps=3.8638 latency_ms=80.5286
[2026-08-17T14:21:43] SAMPLE t=75s phase=Loss_spike adaptation=without_ML throughput_gbps=5.8908 latency_ms=69.3638
[2026-08-17T14:21:44] SAMPLE t=76s phase=Loss_spike adaptation=without_ML throughput_gbps=8.3911 latency_ms=79.8396
[2026-08-17T14:21:45] SAMPLE t=77s phase=Loss_spike adaptation=without_ML throughput_gbps=7.6401 latency_ms=75.1175
[2026-08-17T14:21:46] SAMPLE t=78s phase=Loss_spike adaptation=without_ML throughput_gbps=4.8265 latency_ms=76.9049
[2026-08-17T14:21:47] SAMPLE t=79s phase=Loss_spike adaptation=without_ML throughput_gbps=3.8656 latency_ms=77.3446
[2026-08-17T14:21:48] SAMPLE t=80s phase=Recovery adaptation=without_ML throughput_gbps=8.2233 latency_ms=64.2072
[2026-08-17T14:21:49] SAMPLE t=81s phase=Recovery adaptation=without_ML throughput_gbps=7.5382 latency_ms=66.0551
[2026-08-17T14:21:50] SAMPLE t=82s phase=Recovery adaptation=without_ML throughput_gbps=7.7777 latency_ms=66.712
[2026-08-17T14:21:51] SAMPLE t=83s phase=Recovery adaptation=without_ML throughput_gbps=7.9646 latency_ms=65.9131
[2026-08-17T14:21:52] SAMPLE t=84s phase=Recovery adaptation=without_ML throughput_gbps=8.213 latency_ms=66.1962
[2026-08-17T14:21:53] SAMPLE t=85s phase=Recovery adaptation=without_ML throughput_gbps=7.7432 latency_ms=66.0285
[2026-08-17T14:21:54] SAMPLE t=86s phase=Recovery adaptation=without_ML throughput_gbps=7.6502 latency_ms=66.5725
[2026-08-17T14:21:55] SAMPLE t=87s phase=Recovery adaptation=without_ML throughput_gbps=7.7359 latency_ms=63.8752
[2026-08-17T14:21:56] SAMPLE t=88s phase=Recovery adaptation=without_ML throughput_gbps=8.0936 latency_ms=66.8076
[2026-08-17T14:21:57] SAMPLE t=89s phase=Recovery adaptation=without_ML throughput_gbps=7.528 latency_ms=65.7282
[2026-08-17T14:21:58] SAMPLE t=90s phase=Recovery adaptation=without_ML throughput_gbps=8.1836 latency_ms=66.3398
[2026-08-17T14:21:59] SAMPLE t=91s phase=Recovery adaptation=without_ML throughput_gbps=7.9742 latency_ms=64.7754
[2026-08-17T14:22:00] SAMPLE t=92s phase=Recovery adaptation=without_ML throughput_gbps=8.0242 latency_ms=66.3191
[2026-08-17T14:22:01] SAMPLE t=93s phase=Recovery adaptation=without_ML throughput_gbps=8.0418 latency_ms=64.9479
[2026-08-17T14:22:02] SAMPLE t=94s phase=Recovery adaptation=without_ML throughput_gbps=8.0082 latency_ms=66.2426
[2026-08-17T14:22:03] SAMPLE t=95s phase=Recovery adaptation=without_ML throughput_gbps=8.3772 latency_ms=64.1237
[2026-08-17T14:22:04] SAMPLE t=96s phase=Recovery adaptation=without_ML throughput_gbps=8.0696 latency_ms=66.661
[2026-08-17T14:22:05] SAMPLE t=97s phase=Recovery adaptation=without_ML throughput_gbps=7.596 latency_ms=64.0472
[2026-08-17T14:22:06] SAMPLE t=98s phase=Recovery adaptation=without_ML throughput_gbps=7.9332 latency_ms=67.1
[2026-08-17T14:22:07] SAMPLE t=99s phase=Recovery adaptation=without_ML throughput_gbps=8.0725 latency_ms=66.9977
[2026-08-17T14:20:28] TRACE_END run_id=128 status=OK
[2026-08-17T14:28:05] TRACE_START run_id=129
[2026-08-17T14:28:05] SAMPLE t=0s phase=Stable adaptation=with_ML throughput_gbps=8.1112 latency_ms=68.06
[2026-08-17T14:28:06] SAMPLE t=1s phase=Stable adaptation=with_ML throughput_gbps=8.1611 latency_ms=66.6996
[2026-08-17T14:28:07] SAMPLE t=2s phase=Stable adaptation=with_ML throughput_gbps=8.1944 latency_ms=68.0416
[2026-08-17T14:28:08] SAMPLE t=3s phase=Stable adaptation=with_ML throughput_gbps=7.9827 latency_ms=64.9467
[2026-08-17T14:28:09] SAMPLE t=4s phase=Stable adaptation=with_ML throughput_gbps=8.4629 latency_ms=66.9507
[2026-08-17T14:28:10] SAMPLE t=5s phase=Stable adaptation=with_ML throughput_gbps=8.2427 latency_ms=65.8941
[2026-08-17T14:28:11] SAMPLE t=6s phase=Stable adaptation=with_ML throughput_gbps=7.7222 latency_ms=65.621
[2026-08-17T14:28:12] SAMPLE t=7s phase=Stable adaptation=with_ML throughput_gbps=7.9243 latency_ms=65.6976
[2026-08-17T14:28:13] SAMPLE t=8s phase=Stable adaptation=with_ML throughput_gbps=8.0226 latency_ms=67.1643
[2026-08-17T14:28:14] SAMPLE t=9s phase=Stable adaptation=with_ML throughput_gbps=8.0812 latency_ms=68.228
[2026-08-17T14:28:15] SAMPLE t=10s phase=Stable adaptation=with_ML throughput_gbps=7.7908 latency_ms=68.9538
[2026-08-17T14:28:16] SAMPLE t=11s phase=Stable adaptation=with_ML throughput_gbps=7.9088 latency_ms=67.4341
[2026-08-17T14:28:17] SAMPLE t=12s phase=Stable adaptation=with_ML throughput_gbps=8.2271 latency_ms=66.0602
[2026-08-17T14:28:18] SAMPLE t=13s phase=Stable adaptation=with_ML throughput_gbps=8.3944 latency_ms=63.7701
[2026-08-17T14:28:19] SAMPLE t=14s phase=Stable adaptation=with_ML throughput_gbps=7.688 latency_ms=65.481
[2026-08-17T14:28:20] SAMPLE t=15s phase=Stable adaptation=with_ML throughput_gbps=8.0666 latency_ms=65.7013
[2026-08-17T14:28:21] SAMPLE t=16s phase=Stable adaptation=with_ML throughput_gbps=8.1544 latency_ms=64.4991
[2026-08-17T14:28:22] SAMPLE t=17s phase=Stable adaptation=with_ML throughput_gbps=8.3206 latency_ms=66.7669
[2026-08-17T14:28:23] SAMPLE t=18s phase=Stable adaptation=with_ML throughput_gbps=8.0752 latency_ms=65.2145
[2026-08-17T14:28:24] SAMPLE t=19s phase=Stable adaptation=with_ML throughput_gbps=7.8898 latency_ms=69.131
[2026-08-17T14:28:25] SAMPLE t=20s phase=Congestion adaptation=with_ML throughput_gbps=7.876 latency_ms=67.1953
[2026-08-17T14:28:26] SAMPLE t=21s phase=Congestion adaptation=with_ML throughput_gbps=8.2243 latency_ms=66.9642
[2026-08-17T14:28:27] SAMPLE t=22s phase=Congestion adaptation=with_ML throughput_gbps=8.1195 latency_ms=67.1295
[2026-08-17T14:28:28] SAMPLE t=23s phase=Congestion adaptation=with_ML throughput_gbps=7.7931 latency_ms=65.2303
[2026-08-17T14:28:29] SAMPLE t=24s phase=Congestion adaptation=with_ML throughput_gbps=7.9398 latency_ms=66.722
[2026-08-17T14:28:30] SAMPLE t=25s phase=Congestion adaptation=with_ML throughput_gbps=8.2896 latency_ms=65.4574
[2026-08-17T14:28:31] SAMPLE t=26s phase=Congestion adaptation=with_ML throughput_gbps=8.3873 latency_ms=65.2872
[2026-08-17T14:28:32] SAMPLE t=27s phase=Congestion adaptation=with_ML throughput_gbps=8.1892 latency_ms=67.811
[2026-08-17T14:28:33] SAMPLE t=28s phase=Congestion adaptation=with_ML throughput_gbps=8.3744 latency_ms=64.7276
[2026-08-17T14:28:34] SAMPLE t=29s phase=Congestion adaptation=with_ML throughput_gbps=8.3413 latency_ms=66.7485
[2026-08-17T14:28:35] SAMPLE t=30s phase=Congestion adaptation=with_ML throughput_gbps=7.7962 latency_ms=68.2221
[2026-08-17T14:28:36] SAMPLE t=31s phase=Congestion adaptation=with_ML throughput_gbps=7.8515 latency_ms=65.0001
[2026-08-17T14:28:37] SAMPLE t=32s phase=Congestion adaptation=with_ML throughput_gbps=8.3755 latency_ms=70.3024
[2026-08-17T14:28:38] SAMPLE t=33s phase=Congestion adaptation=with_ML throughput_gbps=8.2421 latency_ms=65.7698
[2026-08-17T14:28:39] SAMPLE t=34s phase=Congestion adaptation=with_ML throughput_gbps=7.5127 latency_ms=68.5717
[2026-08-17T14:28:40] SAMPLE t=35s phase=Congestion adaptation=with_ML throughput_gbps=8.7011 latency_ms=68.0189
[2026-08-17T14:28:41] SAMPLE t=36s phase=Congestion adaptation=with_ML throughput_gbps=7.7783 latency_ms=67.0617
[2026-08-17T14:28:42] SAMPLE t=37s phase=Congestion adaptation=with_ML throughput_gbps=8.3015 latency_ms=66.2161
[2026-08-17T14:28:43] SAMPLE t=38s phase=Congestion adaptation=with_ML throughput_gbps=8.2221 latency_ms=67.5325
[2026-08-17T14:28:44] SAMPLE t=39s phase=Congestion adaptation=with_ML throughput_gbps=8.2978 latency_ms=65.8529
[2026-08-17T14:28:45] SAMPLE t=40s phase=Path_change adaptation=with_ML throughput_gbps=8.102 latency_ms=65.2106
[2026-08-17T14:28:46] SAMPLE t=41s phase=Path_change adaptation=with_ML throughput_gbps=7.9016 latency_ms=71.433
[2026-08-17T14:28:47] SAMPLE t=42s phase=Path_change adaptation=with_ML throughput_gbps=7.6718 latency_ms=68.2395
[2026-08-17T14:28:48] SAMPLE t=43s phase=Path_change adaptation=with_ML throughput_gbps=7.7444 latency_ms=67.8117
[2026-08-17T14:28:49] SAMPLE t=44s phase=Path_change adaptation=with_ML throughput_gbps=7.1726 latency_ms=67.0142
[2026-08-17T14:28:50] SAMPLE t=45s phase=Path_change adaptation=with_ML throughput_gbps=7.4611 latency_ms=68.6384
[2026-08-17T14:28:51] SAMPLE t=46s phase=Path_change adaptation=with_ML throughput_gbps=7.5392 latency_ms=67.8987
[2026-08-17T14:28:52] SAMPLE t=47s phase=Path_change adaptation=with_ML throughput_gbps=7.461 latency_ms=66.6484
[2026-08-17T14:28:53] SAMPLE t=48s phase=Path_change adaptation=with_ML throughput_gbps=7.3954 latency_ms=69.2236
[2026-08-17T14:28:54] SAMPLE t=49s phase=Path_change adaptation=with_ML throughput_gbps=7.2981 latency_ms=69.1397
[2026-08-17T14:28:55] SAMPLE t=50s phase=Path_change adaptation=with_ML throughput_gbps=7.1712 latency_ms=68.0436
[2026-08-17T14:28:56] SAMPLE t=51s phase=Path_change adaptation=with_ML throughput_gbps=7.2037 latency_ms=66.1496
[2026-08-17T14:28:57] SAMPLE t=52s phase=Path_change adaptation=with_ML throughput_gbps=7.1799 latency_ms=70.847
[2026-08-17T14:28:58] SAMPLE t=53s phase=Path_change adaptation=with_ML throughput_gbps=7.0464 latency_ms=68.5868
[2026-08-17T14:28:59] SAMPLE t=54s phase=Path_change adaptation=with_ML throughput_gbps=7.3415 latency_ms=67.2306
[2026-08-17T14:29:00] SAMPLE t=55s phase=Path_change adaptation=with_ML throughput_gbps=7.3965 latency_ms=68.0503
[2026-08-17T14:29:01] SAMPLE t=56s phase=Path_change adaptation=with_ML throughput_gbps=7.5267 latency_ms=67.2197
[2026-08-17T14:29:02] SAMPLE t=57s phase=Path_change adaptation=with_ML throughput_gbps=7.696 latency_ms=68.8272
[2026-08-17T14:29:03] SAMPLE t=58s phase=Path_change adaptation=with_ML throughput_gbps=7.9446 latency_ms=66.7375
[2026-08-17T14:29:04] SAMPLE t=59s phase=Path_change adaptation=with_ML throughput_gbps=8.0138 latency_ms=67.3766
[2026-08-17T14:29:05] SAMPLE t=60s phase=Loss_spike adaptation=with_ML throughput_gbps=7.0683 latency_ms=69.0146
[2026-08-17T14:29:06] SAMPLE t=61s phase=Loss_spike adaptation=with_ML throughput_gbps=8.1672 latency_ms=71.8444
[2026-08-17T14:29:07] SAMPLE t=62s phase=Loss_spike adaptation=with_ML throughput_gbps=7.8139 latency_ms=72.8242
[2026-08-17T14:29:08] SAMPLE t=63s phase=Loss_spike adaptation=with_ML throughput_gbps=6.7484 latency_ms=69.0451
[2026-08-17T14:29:09] SAMPLE t=64s phase=Loss_spike adaptation=with_ML throughput_gbps=6.2205 latency_ms=71.7442
[2026-08-17T14:29:10] SAMPLE t=65s phase=Loss_spike adaptation=with_ML throughput_gbps=7.6255 latency_ms=67.045
[2026-08-17T14:29:11] SAMPLE t=66s phase=Loss_spike adaptation=with_ML throughput_gbps=8.262 latency_ms=71.2555
[2026-08-17T14:29:12] SAMPLE t=67s phase=Loss_spike adaptation=with_ML throughput_gbps=8.1021 latency_ms=69.9617
[2026-08-17T14:29:13] SAMPLE t=68s phase=Loss_spike adaptation=with_ML throughput_gbps=6.8187 latency_ms=70.3635
[2026-08-17T14:29:14] SAMPLE t=69s phase=Loss_spike adaptation=with_ML throughput_gbps=6.2788 latency_ms=70.9741
[2026-08-17T14:29:15] SAMPLE t=70s phase=Loss_spike adaptation=with_ML throughput_gbps=7.0869 latency_ms=68.9133
[2026-08-17T14:29:16] SAMPLE t=71s phase=Loss_spike adaptation=with_ML throughput_gbps=8.0647 latency_ms=71.0149
[2026-08-17T14:29:17] SAMPLE t=72s phase=Loss_spike adaptation=with_ML throughput_gbps=8.0024 latency_ms=67.6941
[2026-08-17T14:29:18] SAMPLE t=73s phase=Loss_spike adaptation=with_ML throughput_gbps=6.8951 latency_ms=70.4745
[2026-08-17T14:29:19] SAMPLE t=74s phase=Loss_spike adaptation=with_ML throughput_gbps=6.1417 latency_ms=70.2967
[2026-08-17T14:29:20] SAMPLE t=75s phase=Loss_spike adaptation=with_ML throughput_gbps=7.3406 latency_ms=66.8067
[2026-08-17T14:29:21] SAMPLE t=76s phase=Loss_spike adaptation=with_ML throughput_gbps=8.1146 latency_ms=72.5993
[2026-08-17T14:29:22] SAMPLE t=77s phase=Loss_spike adaptation=with_ML throughput_gbps=7.7036 latency_ms=71.4557
[2026-08-17T14:29:23] SAMPLE t=78s phase=Loss_spike adaptation=with_ML throughput_gbps=6.6519 latency_ms=69.5634
[2026-08-17T14:29:24] SAMPLE t=79s phase=Loss_spike adaptation=with_ML throughput_gbps=6.2167 latency_ms=72.6217
[2026-08-17T14:29:25] SAMPLE t=80s phase=Recovery adaptation=with_ML throughput_gbps=8.0918 latency_ms=66.6846
[2026-08-17T14:29:26] SAMPLE t=81s phase=Recovery adaptation=with_ML throughput_gbps=8.2969 latency_ms=65.335
[2026-08-17T14:29:27] SAMPLE t=82s phase=Recovery adaptation=with_ML throughput_gbps=8.2558 latency_ms=64.9281
[2026-08-17T14:29:28] SAMPLE t=83s phase=Recovery adaptation=with_ML throughput_gbps=8.1063 latency_ms=65.1455
[2026-08-17T14:29:29] SAMPLE t=84s phase=Recovery adaptation=with_ML throughput_gbps=8.234 latency_ms=64.8165
[2026-08-17T14:29:30] SAMPLE t=85s phase=Recovery adaptation=with_ML throughput_gbps=7.9124 latency_ms=65.5083
[2026-08-17T14:29:31] SAMPLE t=86s phase=Recovery adaptation=with_ML throughput_gbps=8.0839 latency_ms=66.2378
[2026-08-17T14:29:32] SAMPLE t=87s phase=Recovery adaptation=with_ML throughput_gbps=8.2229 latency_ms=64.6542
[2026-08-17T14:29:33] SAMPLE t=88s phase=Recovery adaptation=with_ML throughput_gbps=8.3734 latency_ms=67.0079
[2026-08-17T14:29:34] SAMPLE t=89s phase=Recovery adaptation=with_ML throughput_gbps=8.471 latency_ms=66.656
[2026-08-17T14:29:35] SAMPLE t=90s phase=Recovery adaptation=with_ML throughput_gbps=8.1889 latency_ms=65.9673
[2026-08-17T14:29:36] SAMPLE t=91s phase=Recovery adaptation=with_ML throughput_gbps=8.6413 latency_ms=65.2394
[2026-08-17T14:29:37] SAMPLE t=92s phase=Recovery adaptation=with_ML throughput_gbps=8.1194 latency_ms=63.4994
[2026-08-17T14:29:38] SAMPLE t=93s phase=Recovery adaptation=with_ML throughput_gbps=8.1962 latency_ms=64.9107
[2026-08-17T14:29:39] SAMPLE t=94s phase=Recovery adaptation=with_ML throughput_gbps=8.1018 latency_ms=63.6108
[2026-08-17T14:29:40] SAMPLE t=95s phase=Recovery adaptation=with_ML throughput_gbps=8.5095 latency_ms=66.4998
[2026-08-17T14:29:41] SAMPLE t=96s phase=Recovery adaptation=with_ML throughput_gbps=8.6323 latency_ms=65.2751
[2026-08-17T14:29:42] SAMPLE t=97s phase=Recovery adaptation=with_ML throughput_gbps=8.2932 latency_ms=66.6656
[2026-08-17T14:29:43] SAMPLE t=98s phase=Recovery adaptation=with_ML throughput_gbps=8.5168 latency_ms=66.8296
[2026-08-17T14:29:44] SAMPLE t=99s phase=Recovery adaptation=with_ML throughput_gbps=8.5827 latency_ms=64.6086
[2026-08-17T14:28:05] SAMPLE t=0s phase=Stable adaptation=without_ML throughput_gbps=8.2762 latency_ms=67.7426
[2026-08-17T14:28:06] SAMPLE t=1s phase=Stable adaptation=without_ML throughput_gbps=8.0735 latency_ms=64.7336
[2026-08-17T14:28:07] SAMPLE t=2s phase=Stable adaptation=without_ML throughput_gbps=8.2668 latency_ms=67.0951
[2026-08-17T14:28:08] SAMPLE t=3s phase=Stable adaptation=without_ML throughput_gbps=7.8682 latency_ms=66.0848
[2026-08-17T14:28:09] SAMPLE t=4s phase=Stable adaptation=without_ML throughput_gbps=7.5851 latency_ms=66.0899
[2026-08-17T14:28:10] SAMPLE t=5s phase=Stable adaptation=without_ML throughput_gbps=8.2083 latency_ms=65.449
[2026-08-17T14:28:11] SAMPLE t=6s phase=Stable adaptation=without_ML throughput_gbps=8.147 latency_ms=65.0477
[2026-08-17T14:28:12] SAMPLE t=7s phase=Stable adaptation=without_ML throughput_gbps=7.6347 latency_ms=66.7721
[2026-08-17T14:28:13] SAMPLE t=8s phase=Stable adaptation=without_ML throughput_gbps=8.3848 latency_ms=66.972
[2026-08-17T14:28:14] SAMPLE t=9s phase=Stable adaptation=without_ML throughput_gbps=8.1522 latency_ms=66.0004
[2026-08-17T14:28:15] SAMPLE t=10s phase=Stable adaptation=without_ML throughput_gbps=7.686 latency_ms=64.9487
[2026-08-17T14:28:16] SAMPLE t=11s phase=Stable adaptation=without_ML throughput_gbps=8.6867 latency_ms=66.2476
[2026-08-17T14:28:17] SAMPLE t=12s phase=Stable adaptation=without_ML throughput_gbps=8.2913 latency_ms=66.5334
[2026-08-17T14:28:18] SAMPLE t=13s phase=Stable adaptation=without_ML throughput_gbps=7.8861 latency_ms=65.4089
[2026-08-17T14:28:19] SAMPLE t=14s phase=Stable adaptation=without_ML throughput_gbps=7.5399 latency_ms=65.9036
[2026-08-17T14:28:20] SAMPLE t=15s phase=Stable adaptation=without_ML throughput_gbps=7.9736 latency_ms=65.1968
[2026-08-17T14:28:21] SAMPLE t=16s phase=Stable adaptation=without_ML throughput_gbps=7.6132 latency_ms=65.4443
[2026-08-17T14:28:22] SAMPLE t=17s phase=Stable adaptation=without_ML throughput_gbps=8.0852 latency_ms=66.0704
[2026-08-17T14:28:23] SAMPLE t=18s phase=Stable adaptation=without_ML throughput_gbps=8.2401 latency_ms=67.3627
[2026-08-17T14:28:24] SAMPLE t=19s phase=Stable adaptation=without_ML throughput_gbps=8.1193 latency_ms=65.2284
[2026-08-17T14:28:25] SAMPLE t=20s phase=Congestion adaptation=without_ML throughput_gbps=8.2573 latency_ms=62.2005
[2026-08-17T14:28:26] SAMPLE t=21s phase=Congestion adaptation=without_ML throughput_gbps=7.9224 latency_ms=66.9203
[2026-08-17T14:28:27] SAMPLE t=22s phase=Congestion adaptation=without_ML throughput_gbps=8.2502 latency_ms=62.8324
[2026-08-17T14:28:28] SAMPLE t=23s phase=Congestion adaptation=without_ML throughput_gbps=7.7979 latency_ms=65.1103
[2026-08-17T14:28:29] SAMPLE t=24s phase=Congestion adaptation=without_ML throughput_gbps=8.5364 latency_ms=65.4806
[2026-08-17T14:28:30] SAMPLE t=25s phase=Congestion adaptation=without_ML throughput_gbps=8.0186 latency_ms=67.846
[2026-08-17T14:28:31] SAMPLE t=26s phase=Congestion adaptation=without_ML throughput_gbps=7.8366 latency_ms=67.3916
[2026-08-17T14:28:32] SAMPLE t=27s phase=Congestion adaptation=without_ML throughput_gbps=7.7822 latency_ms=66.815
[2026-08-17T14:28:33] SAMPLE t=28s phase=Congestion adaptation=without_ML throughput_gbps=8.2303 latency_ms=63.9772
[2026-08-17T14:28:34] SAMPLE t=29s phase=Congestion adaptation=without_ML throughput_gbps=8.0984 latency_ms=65.8558
[2026-08-17T14:28:35] SAMPLE t=30s phase=Congestion adaptation=without_ML throughput_gbps=7.8912 latency_ms=64.671
[2026-08-17T14:28:36] SAMPLE t=31s phase=Congestion adaptation=without_ML throughput_gbps=7.46 latency_ms=67.5222
[2026-08-17T14:28:37] SAMPLE t=32s phase=Congestion adaptation=without_ML throughput_gbps=7.5773 latency_ms=66.7759
[2026-08-17T14:28:38] SAMPLE t=33s phase=Congestion adaptation=without_ML throughput_gbps=8.067 latency_ms=66.5882
[2026-08-17T14:28:39] SAMPLE t=34s phase=Congestion adaptation=without_ML throughput_gbps=7.9979 latency_ms=65.5716
[2026-08-17T14:28:40] SAMPLE t=35s phase=Congestion adaptation=without_ML throughput_gbps=7.6391 latency_ms=63.7539
[2026-08-17T14:28:41] SAMPLE t=36s phase=Congestion adaptation=without_ML throughput_gbps=7.6595 latency_ms=68.8993
[2026-08-17T14:28:42] SAMPLE t=37s phase=Congestion adaptation=without_ML throughput_gbps=8.1763 latency_ms=68.5338
[2026-08-17T14:28:43] SAMPLE t=38s phase=Congestion adaptation=without_ML throughput_gbps=8.1667 latency_ms=66.4194
[2026-08-17T14:28:44] SAMPLE t=39s phase=Congestion adaptation=without_ML throughput_gbps=7.8322 latency_ms=65.8492
[2026-08-17T14:28:45] SAMPLE t=40s phase=Path_change adaptation=without_ML throughput_gbps=7.8208 latency_ms=68.4977
[2026-08-17T14:28:46] SAMPLE t=41s phase=Path_change adaptation=without_ML throughput_gbps=7.7954 latency_ms=70.1208
[2026-08-17T14:28:47] SAMPLE t=42s phase=Path_change adaptation=without_ML throughput_gbps=7.092 latency_ms=70.0289
[2026-08-17T14:28:48] SAMPLE t=43s phase=Path_change adaptation=without_ML throughput_gbps=6.8361 latency_ms=66.8279
[2026-08-17T14:28:49] SAMPLE t=44s phase=Path_change adaptation=without_ML throughput_gbps=7.0261 latency_ms=70.5363
[2026-08-17T14:28:50] SAMPLE t=45s phase=Path_change adaptation=without_ML throughput_gbps=6.778 latency_ms=71.7858
[2026-08-17T14:28:51] SAMPLE t=46s phase=Path_change adaptation=without_ML throughput_gbps=6.1312 latency_ms=71.9579
[2026-08-17T14:28:52] SAMPLE t=47s phase=Path_change adaptation=without_ML throughput_gbps=5.9697 latency_ms=75.1044
[2026-08-17T14:28:53] SAMPLE t=48s phase=Path_change adaptation=without_ML throughput_gbps=5.5887 latency_ms=71.8436
[2026-08-17T14:28:54] SAMPLE t=49s phase=Path_change adaptation=without_ML throughput_gbps=5.9923 latency_ms=71.6521
[2026-08-17T14:28:55] SAMPLE t=50s phase=Path_change adaptation=without_ML throughput_gbps=5.6755 latency_ms=71.3192
[2026-08-17T14:28:56] SAMPLE t=51s phase=Path_change adaptation=without_ML throughput_gbps=5.7063 latency_ms=73.2083
[2026-08-17T14:28:57] SAMPLE t=52s phase=Path_change adaptation=without_ML throughput_gbps=5.791 latency_ms=74.0526
[2026-08-17T14:28:58] SAMPLE t=53s phase=Path_change adaptation=without_ML throughput_gbps=6.3365 latency_ms=72.5075
[2026-08-17T14:28:59] SAMPLE t=54s phase=Path_change adaptation=without_ML throughput_gbps=6.2053 latency_ms=70.983
[2026-08-17T14:29:00] SAMPLE t=55s phase=Path_change adaptation=without_ML throughput_gbps=6.3194 latency_ms=69.1644
[2026-08-17T14:29:01] SAMPLE t=56s phase=Path_change adaptation=without_ML throughput_gbps=7.1156 latency_ms=68.2546
[2026-08-17T14:29:02] SAMPLE t=57s phase=Path_change adaptation=without_ML throughput_gbps=7.326 latency_ms=69.3771
[2026-08-17T14:29:03] SAMPLE t=58s phase=Path_change adaptation=without_ML throughput_gbps=6.8624 latency_ms=67.4643
[2026-08-17T14:29:04] SAMPLE t=59s phase=Path_change adaptation=without_ML throughput_gbps=7.708 latency_ms=68.9185
[2026-08-17T14:29:05] SAMPLE t=60s phase=Loss_spike adaptation=without_ML throughput_gbps=5.9815 latency_ms=67.8995
[2026-08-17T14:29:06] SAMPLE t=61s phase=Loss_spike adaptation=without_ML throughput_gbps=8.5925 latency_ms=78.526
[2026-08-17T14:29:07] SAMPLE t=62s phase=Loss_spike adaptation=without_ML throughput_gbps=7.7182 latency_ms=74.6789
[2026-08-17T14:29:08] SAMPLE t=63s phase=Loss_spike adaptation=without_ML throughput_gbps=5.0939 latency_ms=75.186
[2026-08-17T14:29:09] SAMPLE t=64s phase=Loss_spike adaptation=without_ML throughput_gbps=3.666 latency_ms=78.3062
[2026-08-17T14:29:10] SAMPLE t=65s phase=Loss_spike adaptation=without_ML throughput_gbps=6.33 latency_ms=70.38
[2026-08-17T14:29:11] SAMPLE t=66s phase=Loss_spike adaptation=without_ML throughput_gbps=8.5055 latency_ms=79.5019
[2026-08-17T14:29:12] SAMPLE t=67s phase=Loss_spike adaptation=without_ML throughput_gbps=7.5006 latency_ms=75.0748
[2026-08-17T14:29:13] SAMPLE t=68s phase=Loss_spike adaptation=without_ML throughput_gbps=4.8247 latency_ms=74.2924
[2026-08-17T14:29:14] SAMPLE t=69s phase=Loss_spike adaptation=without_ML throughput_gbps=3.9263 latency_ms=81.0141
[2026-08-17T14:29:15] SAMPLE t=70s phase=Loss_spike adaptation=without_ML throughput_gbps=6.2061 latency_ms=69.9716
[2026-08-17T14:29:16] SAMPLE t=71s phase=Loss_spike adaptation=without_ML throughput_gbps=8.0623 latency_ms=79.2034
[2026-08-17T14:29:17] SAMPLE t=72s phase=Loss_spike adaptation=without_ML throughput_gbps=7.8159 latency_ms=74.4291
[2026-08-17T14:29:18] SAMPLE t=73s phase=Loss_spike adaptation=without_ML throughput_gbps=4.922 latency_ms=73.6531
[2026-08-17T14:29:19] SAMPLE t=74s phase=Loss_spike adaptation=without_ML throughput_gbps=4.0273 latency_ms=78.0701
[2026-08-17T14:29:20] SAMPLE t=75s phase=Loss_spike adaptation=without_ML throughput_gbps=6.5202 latency_ms=70.3692
[2026-08-17T14:29:21] SAMPLE t=76s phase=Loss_spike adaptation=without_ML throughput_gbps=8.6349 latency_ms=79.2178
[2026-08-17T14:29:22] SAMPLE t=77s phase=Loss_spike adaptation=without_ML throughput_gbps=7.4737 latency_ms=76.3103
[2026-08-17T14:29:23] SAMPLE t=78s phase=Loss_spike adaptation=without_ML throughput_gbps=4.8525 latency_ms=74.8596
[2026-08-17T14:29:24] SAMPLE t=79s phase=Loss_spike adaptation=without_ML throughput_gbps=4.1817 latency_ms=78.5096
[2026-08-17T14:29:25] SAMPLE t=80s phase=Recovery adaptation=without_ML throughput_gbps=7.8125 latency_ms=66.0199
[2026-08-17T14:29:26] SAMPLE t=81s phase=Recovery adaptation=without_ML throughput_gbps=8.3794 latency_ms=67.1666
[2026-08-17T14:29:27] SAMPLE t=82s phase=Recovery adaptation=without_ML throughput_gbps=7.807 latency_ms=66.6843
[2026-08-17T14:29:28] SAMPLE t=83s phase=Recovery adaptation=without_ML throughput_gbps=8.3189 latency_ms=64.7984
[2026-08-17T14:29:29] SAMPLE t=84s phase=Recovery adaptation=without_ML throughput_gbps=7.9773 latency_ms=64.5863
[2026-08-17T14:29:30] SAMPLE t=85s phase=Recovery adaptation=without_ML throughput_gbps=8.0672 latency_ms=66.5091
[2026-08-17T14:29:31] SAMPLE t=86s phase=Recovery adaptation=without_ML throughput_gbps=8.1229 latency_ms=65.7773
[2026-08-17T14:29:32] SAMPLE t=87s phase=Recovery adaptation=without_ML throughput_gbps=8.1955 latency_ms=65.9256
[2026-08-17T14:29:33] SAMPLE t=88s phase=Recovery adaptation=without_ML throughput_gbps=7.9305 latency_ms=65.0114
[2026-08-17T14:29:34] SAMPLE t=89s phase=Recovery adaptation=without_ML throughput_gbps=8.0946 latency_ms=67.1674
[2026-08-17T14:29:35] SAMPLE t=90s phase=Recovery adaptation=without_ML throughput_gbps=7.6977 latency_ms=68.0709
[2026-08-17T14:29:36] SAMPLE t=91s phase=Recovery adaptation=without_ML throughput_gbps=7.7604 latency_ms=65.9405
[2026-08-17T14:29:37] SAMPLE t=92s phase=Recovery adaptation=without_ML throughput_gbps=7.891 latency_ms=66.1298
[2026-08-17T14:29:38] SAMPLE t=93s phase=Recovery adaptation=without_ML throughput_gbps=8.497 latency_ms=66.3067
[2026-08-17T14:29:39] SAMPLE t=94s phase=Recovery adaptation=without_ML throughput_gbps=8.1638 latency_ms=66.8261
[2026-08-17T14:29:40] SAMPLE t=95s phase=Recovery adaptation=without_ML throughput_gbps=8.2794 latency_ms=63.8231
[2026-08-17T14:29:41] SAMPLE t=96s phase=Recovery adaptation=without_ML throughput_gbps=8.4108 latency_ms=66.3763
[2026-08-17T14:29:42] SAMPLE t=97s phase=Recovery adaptation=without_ML throughput_gbps=7.5256 latency_ms=65.4107
[2026-08-17T14:29:43] SAMPLE t=98s phase=Recovery adaptation=without_ML throughput_gbps=8.2167 latency_ms=65.0972
[2026-08-17T14:29:44] SAMPLE t=99s phase=Recovery adaptation=without_ML throughput_gbps=8.5824 latency_ms=66.1322
[2026-08-17T14:28:05] TRACE_END run_id=129 status=OK
[2026-08-17T14:34:26] TRACE_START run_id=130
[2026-08-17T14:34:26] SAMPLE t=0s phase=Stable adaptation=with_ML throughput_gbps=8.0542 latency_ms=65.5792
[2026-08-17T14:34:27] SAMPLE t=1s phase=Stable adaptation=with_ML throughput_gbps=8.1359 latency_ms=67.1072
[2026-08-17T14:34:28] SAMPLE t=2s phase=Stable adaptation=with_ML throughput_gbps=8.0763 latency_ms=63.9789
[2026-08-17T14:34:29] SAMPLE t=3s phase=Stable adaptation=with_ML throughput_gbps=8.1598 latency_ms=67.0265
[2026-08-17T14:34:30] SAMPLE t=4s phase=Stable adaptation=with_ML throughput_gbps=8.2502 latency_ms=69.8117
[2026-08-17T14:34:31] SAMPLE t=5s phase=Stable adaptation=with_ML throughput_gbps=8.2376 latency_ms=65.357
[2026-08-17T14:34:32] SAMPLE t=6s phase=Stable adaptation=with_ML throughput_gbps=8.1776 latency_ms=66.2982
[2026-08-17T14:34:33] SAMPLE t=7s phase=Stable adaptation=with_ML throughput_gbps=8.1415 latency_ms=68.4181
[2026-08-17T14:34:34] SAMPLE t=8s phase=Stable adaptation=with_ML throughput_gbps=8.2978 latency_ms=67.427
[2026-08-17T14:34:35] SAMPLE t=9s phase=Stable adaptation=with_ML throughput_gbps=8.3138 latency_ms=66.7781
[2026-08-17T14:34:36] SAMPLE t=10s phase=Stable adaptation=with_ML throughput_gbps=7.9135 latency_ms=65.1841
[2026-08-17T14:34:37] SAMPLE t=11s phase=Stable adaptation=with_ML throughput_gbps=8.0549 latency_ms=65.7503
[2026-08-17T14:34:38] SAMPLE t=12s phase=Stable adaptation=with_ML throughput_gbps=8.1434 latency_ms=65.514
[2026-08-17T14:34:39] SAMPLE t=13s phase=Stable adaptation=with_ML throughput_gbps=8.0106 latency_ms=67.0725
[2026-08-17T14:34:40] SAMPLE t=14s phase=Stable adaptation=with_ML throughput_gbps=8.4804 latency_ms=65.7787
[2026-08-17T14:34:41] SAMPLE t=15s phase=Stable adaptation=with_ML throughput_gbps=8.2493 latency_ms=66.7905
[2026-08-17T14:34:42] SAMPLE t=16s phase=Stable adaptation=with_ML throughput_gbps=7.9626 latency_ms=67.1008
[2026-08-17T14:34:43] SAMPLE t=17s phase=Stable adaptation=with_ML throughput_gbps=8.1316 latency_ms=66.4438
[2026-08-17T14:34:44] SAMPLE t=18s phase=Stable adaptation=with_ML throughput_gbps=8.0963 latency_ms=66.9934
[2026-08-17T14:34:45] SAMPLE t=19s phase=Stable adaptation=with_ML throughput_gbps=8.0678 latency_ms=66.8871
[2026-08-17T14:34:46] SAMPLE t=20s phase=Congestion adaptation=with_ML throughput_gbps=8.1521 latency_ms=66.7184
[2026-08-17T14:34:47] SAMPLE t=21s phase=Congestion adaptation=with_ML throughput_gbps=8.1063 latency_ms=64.5414
[2026-08-17T14:34:48] SAMPLE t=22s phase=Congestion adaptation=with_ML throughput_gbps=8.0289 latency_ms=64.903
[2026-08-17T14:34:49] SAMPLE t=23s phase=Congestion adaptation=with_ML throughput_gbps=8.3471 latency_ms=67.6678
[2026-08-17T14:34:50] SAMPLE t=24s phase=Congestion adaptation=with_ML throughput_gbps=8.116 latency_ms=65.7012
[2026-08-17T14:34:51] SAMPLE t=25s phase=Congestion adaptation=with_ML throughput_gbps=8.4026 latency_ms=67.6356
[2026-08-17T14:34:52] SAMPLE t=26s phase=Congestion adaptation=with_ML throughput_gbps=7.9726 latency_ms=66.6337
[2026-08-17T14:34:53] SAMPLE t=27s phase=Congestion adaptation=with_ML throughput_gbps=8.0216 latency_ms=66.2218
[2026-08-17T14:34:54] SAMPLE t=28s phase=Congestion adaptation=with_ML throughput_gbps=8.0333 latency_ms=66.6803
[2026-08-17T14:34:55] SAMPLE t=29s phase=Congestion adaptation=with_ML throughput_gbps=8.2557 latency_ms=66.4711
[2026-08-17T14:34:56] SAMPLE t=30s phase=Congestion adaptation=with_ML throughput_gbps=8.2977 latency_ms=64.9099
[2026-08-17T14:34:57] SAMPLE t=31s phase=Congestion adaptation=with_ML throughput_gbps=8.2684 latency_ms=67.7397
[2026-08-17T14:34:58] SAMPLE t=32s phase=Congestion adaptation=with_ML throughput_gbps=7.906 latency_ms=66.4557
[2026-08-17T14:34:59] SAMPLE t=33s phase=Congestion adaptation=with_ML throughput_gbps=7.9177 latency_ms=65.0575
[2026-08-17T14:35:00] SAMPLE t=34s phase=Congestion adaptation=with_ML throughput_gbps=8.0184 latency_ms=66.7399
[2026-08-17T14:35:01] SAMPLE t=35s phase=Congestion adaptation=with_ML throughput_gbps=8.0007 latency_ms=64.685
[2026-08-17T14:35:02] SAMPLE t=36s phase=Congestion adaptation=with_ML throughput_gbps=8.1936 latency_ms=66.7546
[2026-08-17T14:35:03] SAMPLE t=37s phase=Congestion adaptation=with_ML throughput_gbps=8.2852 latency_ms=66.5694
[2026-08-17T14:35:04] SAMPLE t=38s phase=Congestion adaptation=with_ML throughput_gbps=8.4988 latency_ms=69.1684
[2026-08-17T14:35:05] SAMPLE t=39s phase=Congestion adaptation=with_ML throughput_gbps=8.2113 latency_ms=65.4712
[2026-08-17T14:35:06] SAMPLE t=40s phase=Path_change adaptation=with_ML throughput_gbps=8.2936 latency_ms=66.1606
[2026-08-17T14:35:07] SAMPLE t=41s phase=Path_change adaptation=with_ML throughput_gbps=8.109 latency_ms=68.7635
[2026-08-17T14:35:08] SAMPLE t=42s phase=Path_change adaptation=with_ML throughput_gbps=8.043 latency_ms=66.2883
[2026-08-17T14:35:09] SAMPLE t=43s phase=Path_change adaptation=with_ML throughput_gbps=7.5829 latency_ms=65.4513
[2026-08-17T14:35:10] SAMPLE t=44s phase=Path_change adaptation=with_ML throughput_gbps=7.3782 latency_ms=69.4602
[2026-08-17T14:35:11] SAMPLE t=45s phase=Path_change adaptation=with_ML throughput_gbps=7.3313 latency_ms=66.3627
[2026-08-17T14:35:12] SAMPLE t=46s phase=Path_change adaptation=with_ML throughput_gbps=7.3767 latency_ms=68.1829
[2026-08-17T14:35:13] SAMPLE t=47s phase=Path_change adaptation=with_ML throughput_gbps=7.1303 latency_ms=68.6255
[2026-08-17T14:35:14] SAMPLE t=48s phase=Path_change adaptation=with_ML throughput_gbps=7.4368 latency_ms=67.8508
[2026-08-17T14:35:15] SAMPLE t=49s phase=Path_change adaptation=with_ML throughput_gbps=7.2431 latency_ms=68.0027
[2026-08-17T14:35:16] SAMPLE t=50s phase=Path_change adaptation=with_ML throughput_gbps=7.1673 latency_ms=67.9033
[2026-08-17T14:35:17] SAMPLE t=51s phase=Path_change adaptation=with_ML throughput_gbps=7.3411 latency_ms=68.401
[2026-08-17T14:35:18] SAMPLE t=52s phase=Path_change adaptation=with_ML throughput_gbps=7.3249 latency_ms=68.0872
[2026-08-17T14:35:19] SAMPLE t=53s phase=Path_change adaptation=with_ML throughput_gbps=7.1527 latency_ms=67.7505
[2026-08-17T14:35:20] SAMPLE t=54s phase=Path_change adaptation=with_ML throughput_gbps=7.106 latency_ms=69.5883
[2026-08-17T14:35:21] SAMPLE t=55s phase=Path_change adaptation=with_ML throughput_gbps=7.6094 latency_ms=66.5345
[2026-08-17T14:35:22] SAMPLE t=56s phase=Path_change adaptation=with_ML throughput_gbps=7.3097 latency_ms=66.4323
[2026-08-17T14:35:23] SAMPLE t=57s phase=Path_change adaptation=with_ML throughput_gbps=7.9107 latency_ms=66.8546
[2026-08-17T14:35:24] SAMPLE t=58s phase=Path_change adaptation=with_ML throughput_gbps=8.0993 latency_ms=66.041
[2026-08-17T14:35:25] SAMPLE t=59s phase=Path_change adaptation=with_ML throughput_gbps=8.3311 latency_ms=67.0241
[2026-08-17T14:35:26] SAMPLE t=60s phase=Loss_spike adaptation=with_ML throughput_gbps=7.331 latency_ms=69.309
[2026-08-17T14:35:27] SAMPLE t=61s phase=Loss_spike adaptation=with_ML throughput_gbps=8.3527 latency_ms=74.1825
[2026-08-17T14:35:28] SAMPLE t=62s phase=Loss_spike adaptation=with_ML throughput_gbps=7.929 latency_ms=68.9093
[2026-08-17T14:35:29] SAMPLE t=63s phase=Loss_spike adaptation=with_ML throughput_gbps=6.8733 latency_ms=71.5381
[2026-08-17T14:35:30] SAMPLE t=64s phase=Loss_spike adaptation=with_ML throughput_gbps=6.1443 latency_ms=70.12
[2026-08-17T14:35:31] SAMPLE t=65s phase=Loss_spike adaptation=with_ML throughput_gbps=7.2231 latency_ms=67.6384
[2026-08-17T14:35:32] SAMPLE t=66s phase=Loss_spike adaptation=with_ML throughput_gbps=8.5234 latency_ms=74.8037
[2026-08-17T14:35:33] SAMPLE t=67s phase=Loss_spike adaptation=with_ML throughput_gbps=7.9217 latency_ms=69.4193
[2026-08-17T14:35:34] SAMPLE t=68s phase=Loss_spike adaptation=with_ML throughput_gbps=6.2912 latency_ms=70.766
[2026-08-17T14:35:35] SAMPLE t=69s phase=Loss_spike adaptation=with_ML throughput_gbps=6.2244 latency_ms=72.0168
[2026-08-17T14:35:36] SAMPLE t=70s phase=Loss_spike adaptation=with_ML throughput_gbps=7.0084 latency_ms=66.3041
[2026-08-17T14:35:37] SAMPLE t=71s phase=Loss_spike adaptation=with_ML throughput_gbps=8.1117 latency_ms=70.1316
[2026-08-17T14:35:38] SAMPLE t=72s phase=Loss_spike adaptation=with_ML throughput_gbps=7.9532 latency_ms=68.703
[2026-08-17T14:35:39] SAMPLE t=73s phase=Loss_spike adaptation=with_ML throughput_gbps=6.6466 latency_ms=68.6351
[2026-08-17T14:35:40] SAMPLE t=74s phase=Loss_spike adaptation=with_ML throughput_gbps=6.289 latency_ms=71.8814
[2026-08-17T14:35:41] SAMPLE t=75s phase=Loss_spike adaptation=with_ML throughput_gbps=7.2017 latency_ms=68.3366
[2026-08-17T14:35:42] SAMPLE t=76s phase=Loss_spike adaptation=with_ML throughput_gbps=8.2018 latency_ms=73.3493
[2026-08-17T14:35:43] SAMPLE t=77s phase=Loss_spike adaptation=with_ML throughput_gbps=7.5805 latency_ms=67.7126
[2026-08-17T14:35:44] SAMPLE t=78s phase=Loss_spike adaptation=with_ML throughput_gbps=6.4972 latency_ms=69.4221
[2026-08-17T14:35:45] SAMPLE t=79s phase=Loss_spike adaptation=with_ML throughput_gbps=6.2234 latency_ms=70.1874
[2026-08-17T14:35:46] SAMPLE t=80s phase=Recovery adaptation=with_ML throughput_gbps=8.2972 latency_ms=66.1171
[2026-08-17T14:35:47] SAMPLE t=81s phase=Recovery adaptation=with_ML throughput_gbps=7.951 latency_ms=68.5994
[2026-08-17T14:35:48] SAMPLE t=82s phase=Recovery adaptation=with_ML throughput_gbps=8.1529 latency_ms=63.8735
[2026-08-17T14:35:49] SAMPLE t=83s phase=Recovery adaptation=with_ML throughput_gbps=8.0042 latency_ms=65.6396
[2026-08-17T14:35:50] SAMPLE t=84s phase=Recovery adaptation=with_ML throughput_gbps=8.4234 latency_ms=66.8872
[2026-08-17T14:35:51] SAMPLE t=85s phase=Recovery adaptation=with_ML throughput_gbps=8.7107 latency_ms=65.2319
[2026-08-17T14:35:52] SAMPLE t=86s phase=Recovery adaptation=with_ML throughput_gbps=8.1151 latency_ms=66.6847
[2026-08-17T14:35:53] SAMPLE t=87s phase=Recovery adaptation=with_ML throughput_gbps=8.4129 latency_ms=65.0483
[2026-08-17T14:35:54] SAMPLE t=88s phase=Recovery adaptation=with_ML throughput_gbps=8.1063 latency_ms=64.0879
[2026-08-17T14:35:55] SAMPLE t=89s phase=Recovery adaptation=with_ML throughput_gbps=8.2503 latency_ms=64.7284
[2026-08-17T14:35:56] SAMPLE t=90s phase=Recovery adaptation=with_ML throughput_gbps=8.0126 latency_ms=66.9407
[2026-08-17T14:35:57] SAMPLE t=91s phase=Recovery adaptation=with_ML throughput_gbps=8.1712 latency_ms=65.8013
[2026-08-17T14:35:58] SAMPLE t=92s phase=Recovery adaptation=with_ML throughput_gbps=8.262 latency_ms=65.0225
[2026-08-17T14:35:59] SAMPLE t=93s phase=Recovery adaptation=with_ML throughput_gbps=8.4322 latency_ms=66.8747
[2026-08-17T14:36:00] SAMPLE t=94s phase=Recovery adaptation=with_ML throughput_gbps=8.2494 latency_ms=66.3798
[2026-08-17T14:36:01] SAMPLE t=95s phase=Recovery adaptation=with_ML throughput_gbps=8.4393 latency_ms=64.0391
[2026-08-17T14:36:02] SAMPLE t=96s phase=Recovery adaptation=with_ML throughput_gbps=7.9932 latency_ms=65.6169
[2026-08-17T14:36:03] SAMPLE t=97s phase=Recovery adaptation=with_ML throughput_gbps=8.5977 latency_ms=65.2676
[2026-08-17T14:36:04] SAMPLE t=98s phase=Recovery adaptation=with_ML throughput_gbps=8.4377 latency_ms=64.9726
[2026-08-17T14:36:05] SAMPLE t=99s phase=Recovery adaptation=with_ML throughput_gbps=8.3037 latency_ms=63.1618
[2026-08-17T14:34:26] SAMPLE t=0s phase=Stable adaptation=without_ML throughput_gbps=7.961 latency_ms=64.3308
[2026-08-17T14:34:27] SAMPLE t=1s phase=Stable adaptation=without_ML throughput_gbps=8.056 latency_ms=64.9313
[2026-08-17T14:34:28] SAMPLE t=2s phase=Stable adaptation=without_ML throughput_gbps=8.5113 latency_ms=65.9355
[2026-08-17T14:34:29] SAMPLE t=3s phase=Stable adaptation=without_ML throughput_gbps=8.3288 latency_ms=67.0432
[2026-08-17T14:34:30] SAMPLE t=4s phase=Stable adaptation=without_ML throughput_gbps=7.571 latency_ms=65.4693
[2026-08-17T14:34:31] SAMPLE t=5s phase=Stable adaptation=without_ML throughput_gbps=7.9825 latency_ms=66.1368
[2026-08-17T14:34:32] SAMPLE t=6s phase=Stable adaptation=without_ML throughput_gbps=7.9297 latency_ms=64.9391
[2026-08-17T14:34:33] SAMPLE t=7s phase=Stable adaptation=without_ML throughput_gbps=7.6309 latency_ms=66.2996
[2026-08-17T14:34:34] SAMPLE t=8s phase=Stable adaptation=without_ML throughput_gbps=8.2653 latency_ms=65.5419
[2026-08-17T14:34:35] SAMPLE t=9s phase=Stable adaptation=without_ML throughput_gbps=8.2264 latency_ms=68.5162
[2026-08-17T14:34:36] SAMPLE t=10s phase=Stable adaptation=without_ML throughput_gbps=8.0158 latency_ms=66.1726
[2026-08-17T14:34:37] SAMPLE t=11s phase=Stable adaptation=without_ML throughput_gbps=8.0737 latency_ms=65.696
[2026-08-17T14:34:38] SAMPLE t=12s phase=Stable adaptation=without_ML throughput_gbps=7.7185 latency_ms=66.4617
[2026-08-17T14:34:39] SAMPLE t=13s phase=Stable adaptation=without_ML throughput_gbps=8.1804 latency_ms=66.1047
[2026-08-17T14:34:40] SAMPLE t=14s phase=Stable adaptation=without_ML throughput_gbps=8.1823 latency_ms=65.4997
[2026-08-17T14:34:41] SAMPLE t=15s phase=Stable adaptation=without_ML throughput_gbps=8.251 latency_ms=64.3694
[2026-08-17T14:34:42] SAMPLE t=16s phase=Stable adaptation=without_ML throughput_gbps=8.0465 latency_ms=63.5742
[2026-08-17T14:34:43] SAMPLE t=17s phase=Stable adaptation=without_ML throughput_gbps=8.1052 latency_ms=66.1643
[2026-08-17T14:34:44] SAMPLE t=18s phase=Stable adaptation=without_ML throughput_gbps=7.4973 latency_ms=65.3778
[2026-08-17T14:34:45] SAMPLE t=19s phase=Stable adaptation=without_ML throughput_gbps=7.5579 latency_ms=66.2519
[2026-08-17T14:34:46] SAMPLE t=20s phase=Congestion adaptation=without_ML throughput_gbps=7.944 latency_ms=65.5148
[2026-08-17T14:34:47] SAMPLE t=21s phase=Congestion adaptation=without_ML throughput_gbps=7.8242 latency_ms=66.4899
[2026-08-17T14:34:48] SAMPLE t=22s phase=Congestion adaptation=without_ML throughput_gbps=7.9858 latency_ms=66.2846
[2026-08-17T14:34:49] SAMPLE t=23s phase=Congestion adaptation=without_ML throughput_gbps=7.7561 latency_ms=65.9798
[2026-08-17T14:34:50] SAMPLE t=24s phase=Congestion adaptation=without_ML throughput_gbps=7.8008 latency_ms=67.0624
[2026-08-17T14:34:51] SAMPLE t=25s phase=Congestion adaptation=without_ML throughput_gbps=8.0224 latency_ms=65.5712
[2026-08-17T14:34:52] SAMPLE t=26s phase=Congestion adaptation=without_ML throughput_gbps=8.0126 latency_ms=68.1761
[2026-08-17T14:34:53] SAMPLE t=27s phase=Congestion adaptation=without_ML throughput_gbps=7.6261 latency_ms=68.0116
[2026-08-17T14:34:54] SAMPLE t=28s phase=Congestion adaptation=without_ML throughput_gbps=8.1046 latency_ms=66.5265
[2026-08-17T14:34:55] SAMPLE t=29s phase=Congestion adaptation=without_ML throughput_gbps=8.1936 latency_ms=65.5621
[2026-08-17T14:34:56] SAMPLE t=30s phase=Congestion adaptation=without_ML throughput_gbps=7.8539 latency_ms=68.8454
[2026-08-17T14:34:57] SAMPLE t=31s phase=Congestion adaptation=without_ML throughput_gbps=8.001 latency_ms=65.8409
[2026-08-17T14:34:58] SAMPLE t=32s phase=Congestion adaptation=without_ML throughput_gbps=7.5904 latency_ms=64.1438
[2026-08-17T14:34:59] SAMPLE t=33s phase=Congestion adaptation=without_ML throughput_gbps=7.9954 latency_ms=65.2495
[2026-08-17T14:35:00] SAMPLE t=34s phase=Congestion adaptation=without_ML throughput_gbps=8.0884 latency_ms=63.6625
[2026-08-17T14:35:01] SAMPLE t=35s phase=Congestion adaptation=without_ML throughput_gbps=7.8555 latency_ms=64.3991
[2026-08-17T14:35:02] SAMPLE t=36s phase=Congestion adaptation=without_ML throughput_gbps=7.8526 latency_ms=65.5916
[2026-08-17T14:35:03] SAMPLE t=37s phase=Congestion adaptation=without_ML throughput_gbps=7.8186 latency_ms=66.9243
[2026-08-17T14:35:04] SAMPLE t=38s phase=Congestion adaptation=without_ML throughput_gbps=7.961 latency_ms=65.1425
[2026-08-17T14:35:05] SAMPLE t=39s phase=Congestion adaptation=without_ML throughput_gbps=7.9923 latency_ms=66.4793
[2026-08-17T14:35:06] SAMPLE t=40s phase=Path_change adaptation=without_ML throughput_gbps=8.1236 latency_ms=67.334
[2026-08-17T14:35:07] SAMPLE t=41s phase=Path_change adaptation=without_ML throughput_gbps=7.6346 latency_ms=66.9405
[2026-08-17T14:35:08] SAMPLE t=42s phase=Path_change adaptation=without_ML throughput_gbps=7.0202 latency_ms=66.3545
[2026-08-17T14:35:09] SAMPLE t=43s phase=Path_change adaptation=without_ML throughput_gbps=7.1221 latency_ms=70.1585
[2026-08-17T14:35:10] SAMPLE t=44s phase=Path_change adaptation=without_ML throughput_gbps=6.597 latency_ms=70.9634
[2026-08-17T14:35:11] SAMPLE t=45s phase=Path_change adaptation=without_ML throughput_gbps=6.2093 latency_ms=72.1151
[2026-08-17T14:35:12] SAMPLE t=46s phase=Path_change adaptation=without_ML throughput_gbps=6.0776 latency_ms=72.9587
[2026-08-17T14:35:13] SAMPLE t=47s phase=Path_change adaptation=without_ML throughput_gbps=6.0714 latency_ms=72.3183
[2026-08-17T14:35:14] SAMPLE t=48s phase=Path_change adaptation=without_ML throughput_gbps=5.9802 latency_ms=71.8191
[2026-08-17T14:35:15] SAMPLE t=49s phase=Path_change adaptation=without_ML throughput_gbps=5.5877 latency_ms=72.8588
[2026-08-17T14:35:16] SAMPLE t=50s phase=Path_change adaptation=without_ML throughput_gbps=5.7631 latency_ms=73.015
[2026-08-17T14:35:17] SAMPLE t=51s phase=Path_change adaptation=without_ML throughput_gbps=5.5404 latency_ms=74.4986
[2026-08-17T14:35:18] SAMPLE t=52s phase=Path_change adaptation=without_ML throughput_gbps=5.7178 latency_ms=72.2745
[2026-08-17T14:35:19] SAMPLE t=53s phase=Path_change adaptation=without_ML throughput_gbps=6.0828 latency_ms=74.3502
[2026-08-17T14:35:20] SAMPLE t=54s phase=Path_change adaptation=without_ML throughput_gbps=5.9226 latency_ms=70.4655
[2026-08-17T14:35:21] SAMPLE t=55s phase=Path_change adaptation=without_ML throughput_gbps=6.5353 latency_ms=70.2784
[2026-08-17T14:35:22] SAMPLE t=56s phase=Path_change adaptation=without_ML throughput_gbps=6.6033 latency_ms=72.1544
[2026-08-17T14:35:23] SAMPLE t=57s phase=Path_change adaptation=without_ML throughput_gbps=7.0612 latency_ms=70.3241
[2026-08-17T14:35:24] SAMPLE t=58s phase=Path_change adaptation=without_ML throughput_gbps=7.4897 latency_ms=68.5095
[2026-08-17T14:35:25] SAMPLE t=59s phase=Path_change adaptation=without_ML throughput_gbps=7.5316 latency_ms=66.8989
[2026-08-17T14:35:26] SAMPLE t=60s phase=Loss_spike adaptation=without_ML throughput_gbps=5.9526 latency_ms=69.1974
[2026-08-17T14:35:27] SAMPLE t=61s phase=Loss_spike adaptation=without_ML throughput_gbps=8.1004 latency_ms=78.2628
[2026-08-17T14:35:28] SAMPLE t=62s phase=Loss_spike adaptation=without_ML throughput_gbps=7.1333 latency_ms=77.0609
[2026-08-17T14:35:29] SAMPLE t=63s phase=Loss_spike adaptation=without_ML throughput_gbps=4.789 latency_ms=75.8472
[2026-08-17T14:35:30] SAMPLE t=64s phase=Loss_spike adaptation=without_ML throughput_gbps=3.9626 latency_ms=79.3525
[2026-08-17T14:35:31] SAMPLE t=65s phase=Loss_spike adaptation=without_ML throughput_gbps=6.2923 latency_ms=70.6023
[2026-08-17T14:35:32] SAMPLE t=66s phase=Loss_spike adaptation=without_ML throughput_gbps=8.3291 latency_ms=79.9767
[2026-08-17T14:35:33] SAMPLE t=67s phase=Loss_spike adaptation=without_ML throughput_gbps=7.4133 latency_ms=77.1904
[2026-08-17T14:35:34] SAMPLE t=68s phase=Loss_spike adaptation=without_ML throughput_gbps=4.6471 latency_ms=76.5981
[2026-08-17T14:35:35] SAMPLE t=69s phase=Loss_spike adaptation=without_ML throughput_gbps=4.2401 latency_ms=79.8435
[2026-08-17T14:35:36] SAMPLE t=70s phase=Loss_spike adaptation=without_ML throughput_gbps=6.3082 latency_ms=70.8462
[2026-08-17T14:35:37] SAMPLE t=71s phase=Loss_spike adaptation=without_ML throughput_gbps=8.5535 latency_ms=78.0838
[2026-08-17T14:35:38] SAMPLE t=72s phase=Loss_spike adaptation=without_ML throughput_gbps=7.5739 latency_ms=77.6824
[2026-08-17T14:35:39] SAMPLE t=73s phase=Loss_spike adaptation=without_ML throughput_gbps=4.6482 latency_ms=75.1658
[2026-08-17T14:35:40] SAMPLE t=74s phase=Loss_spike adaptation=without_ML throughput_gbps=3.9299 latency_ms=80.8999
[2026-08-17T14:35:41] SAMPLE t=75s phase=Loss_spike adaptation=without_ML throughput_gbps=6.2231 latency_ms=68.6403
[2026-08-17T14:35:42] SAMPLE t=76s phase=Loss_spike adaptation=without_ML throughput_gbps=7.7623 latency_ms=79.7927
[2026-08-17T14:35:43] SAMPLE t=77s phase=Loss_spike adaptation=without_ML throughput_gbps=7.2422 latency_ms=77.0791
[2026-08-17T14:35:44] SAMPLE t=78s phase=Loss_spike adaptation=without_ML throughput_gbps=4.8709 latency_ms=75.1544
[2026-08-17T14:35:45] SAMPLE t=79s phase=Loss_spike adaptation=without_ML throughput_gbps=3.8889 latency_ms=81.8917
[2026-08-17T14:35:46] SAMPLE t=80s phase=Recovery adaptation=without_ML throughput_gbps=7.9182 latency_ms=68.1365
[2026-08-17T14:35:47] SAMPLE t=81s phase=Recovery adaptation=without_ML throughput_gbps=8.2587 latency_ms=62.8539
[2026-08-17T14:35:48] SAMPLE t=82s phase=Recovery adaptation=without_ML throughput_gbps=7.9695 latency_ms=64.6132
[2026-08-17T14:35:49] SAMPLE t=83s phase=Recovery adaptation=without_ML throughput_gbps=7.6992 latency_ms=67.4202
[2026-08-17T14:35:50] SAMPLE t=84s phase=Recovery adaptation=without_ML throughput_gbps=8.5172 latency_ms=63.8345
[2026-08-17T14:35:51] SAMPLE t=85s phase=Recovery adaptation=without_ML throughput_gbps=7.4903 latency_ms=65.8498
[2026-08-17T14:35:52] SAMPLE t=86s phase=Recovery adaptation=without_ML throughput_gbps=7.9462 latency_ms=67.2989
[2026-08-17T14:35:53] SAMPLE t=87s phase=Recovery adaptation=without_ML throughput_gbps=8.318 latency_ms=66.1734
[2026-08-17T14:35:54] SAMPLE t=88s phase=Recovery adaptation=without_ML throughput_gbps=8.0412 latency_ms=66.0211
[2026-08-17T14:35:55] SAMPLE t=89s phase=Recovery adaptation=without_ML throughput_gbps=8.1447 latency_ms=66.2913
[2026-08-17T14:35:56] SAMPLE t=90s phase=Recovery adaptation=without_ML throughput_gbps=7.8093 latency_ms=66.4302
[2026-08-17T14:35:57] SAMPLE t=91s phase=Recovery adaptation=without_ML throughput_gbps=7.9793 latency_ms=67.017
[2026-08-17T14:35:58] SAMPLE t=92s phase=Recovery adaptation=without_ML throughput_gbps=8.211 latency_ms=66.0159
[2026-08-17T14:35:59] SAMPLE t=93s phase=Recovery adaptation=without_ML throughput_gbps=8.0124 latency_ms=67.797
[2026-08-17T14:36:00] SAMPLE t=94s phase=Recovery adaptation=without_ML throughput_gbps=8.1177 latency_ms=64.1546
[2026-08-17T14:36:01] SAMPLE t=95s phase=Recovery adaptation=without_ML throughput_gbps=7.9202 latency_ms=65.251
[2026-08-17T14:36:02] SAMPLE t=96s phase=Recovery adaptation=without_ML throughput_gbps=8.0681 latency_ms=68.0322
[2026-08-17T14:36:03] SAMPLE t=97s phase=Recovery adaptation=without_ML throughput_gbps=7.7143 latency_ms=64.8264
[2026-08-17T14:36:04] SAMPLE t=98s phase=Recovery adaptation=without_ML throughput_gbps=8.1571 latency_ms=66.8983
[2026-08-17T14:36:05] SAMPLE t=99s phase=Recovery adaptation=without_ML throughput_gbps=8.0692 latency_ms=65.6244
[2026-08-17T14:34:26] TRACE_END run_id=130 status=OK
