[2026-08-15T09:15:24] TRACE_START run_id=103
[2026-08-15T09:15:24] SAMPLE t=0s phase=Stable adaptation=with_ML throughput_gbps=7.9916 latency_ms=66.1473
[2026-08-15T09:15:25] SAMPLE t=1s phase=Stable adaptation=with_ML throughput_gbps=8.1219 latency_ms=65.1706
[2026-08-15T09:15:26] SAMPLE t=2s phase=Stable adaptation=with_ML throughput_gbps=8.2821 latency_ms=66.3755
[2026-08-15T09:15:27] SAMPLE t=3s phase=Stable adaptation=with_ML throughput_gbps=7.807 latency_ms=66.6233
[2026-08-15T09:15:28] SAMPLE t=4s phase=Stable adaptation=with_ML throughput_gbps=8.1141 latency_ms=66.2372
[2026-08-15T09:15:29] SAMPLE t=5s phase=Stable adaptation=with_ML throughput_gbps=8.2582 latency_ms=64.1419
[2026-08-15T09:15:30] SAMPLE t=6s phase=Stable adaptation=with_ML throughput_gbps=8.1219 latency_ms=66.311
[2026-08-15T09:15:31] SAMPLE t=7s phase=Stable adaptation=with_ML throughput_gbps=8.1833 latency_ms=65.9974
[2026-08-15T09:15:32] SAMPLE t=8s phase=Stable adaptation=with_ML throughput_gbps=7.6665 latency_ms=63.2922
[2026-08-15T09:15:33] SAMPLE t=9s phase=Stable adaptation=with_ML throughput_gbps=8.3127 latency_ms=66.8514
[2026-08-15T09:15:34] SAMPLE t=10s phase=Stable adaptation=with_ML throughput_gbps=8.4678 latency_ms=65.9681
[2026-08-15T09:15:35] SAMPLE t=11s phase=Stable adaptation=with_ML throughput_gbps=7.9629 latency_ms=67.8294
[2026-08-15T09:15:36] SAMPLE t=12s phase=Stable adaptation=with_ML throughput_gbps=8.0625 latency_ms=67.491
[2026-08-15T09:15:37] SAMPLE t=13s phase=Stable adaptation=with_ML throughput_gbps=8.0782 latency_ms=65.7341
[2026-08-15T09:15:38] SAMPLE t=14s phase=Stable adaptation=with_ML throughput_gbps=8.3638 latency_ms=63.6846
[2026-08-15T09:15:39] SAMPLE t=15s phase=Stable adaptation=with_ML throughput_gbps=8.1824 latency_ms=66.854
[2026-08-15T09:15:40] SAMPLE t=16s phase=Stable adaptation=with_ML throughput_gbps=8.1958 latency_ms=63.5014
[2026-08-15T09:15:41] SAMPLE t=17s phase=Stable adaptation=with_ML throughput_gbps=8.3641 latency_ms=67.7432
[2026-08-15T09:15:42] SAMPLE t=18s phase=Stable adaptation=with_ML throughput_gbps=8.1982 latency_ms=65.3714
[2026-08-15T09:15:43] SAMPLE t=19s phase=Stable adaptation=with_ML throughput_gbps=7.8009 latency_ms=64.7835
[2026-08-15T09:15:44] SAMPLE t=20s phase=Congestion adaptation=with_ML throughput_gbps=8.1616 latency_ms=63.3564
[2026-08-15T09:15:45] SAMPLE t=21s phase=Congestion adaptation=with_ML throughput_gbps=8.0813 latency_ms=68.1891
[2026-08-15T09:15:46] SAMPLE t=22s phase=Congestion adaptation=with_ML throughput_gbps=8.3125 latency_ms=66.0995
[2026-08-15T09:15:47] SAMPLE t=23s phase=Congestion adaptation=with_ML throughput_gbps=8.1805 latency_ms=68.7786
[2026-08-15T09:15:48] SAMPLE t=24s phase=Congestion adaptation=with_ML throughput_gbps=7.9799 latency_ms=65.8841
[2026-08-15T09:15:49] SAMPLE t=25s phase=Congestion adaptation=with_ML throughput_gbps=7.9475 latency_ms=66.6215
[2026-08-15T09:15:50] SAMPLE t=26s phase=Congestion adaptation=with_ML throughput_gbps=8.1379 latency_ms=66.8359
[2026-08-15T09:15:51] SAMPLE t=27s phase=Congestion adaptation=with_ML throughput_gbps=7.8414 latency_ms=67.6859
[2026-08-15T09:15:52] SAMPLE t=28s phase=Congestion adaptation=with_ML throughput_gbps=8.107 latency_ms=67.3576
[2026-08-15T09:15:53] SAMPLE t=29s phase=Congestion adaptation=with_ML throughput_gbps=8.6566 latency_ms=65.1615
[2026-08-15T09:15:54] SAMPLE t=30s phase=Congestion adaptation=with_ML throughput_gbps=7.9504 latency_ms=66.2106
[2026-08-15T09:15:55] SAMPLE t=31s phase=Congestion adaptation=with_ML throughput_gbps=7.8349 latency_ms=66.1125
[2026-08-15T09:15:56] SAMPLE t=32s phase=Congestion adaptation=with_ML throughput_gbps=8.018 latency_ms=66.4726
[2026-08-15T09:15:57] SAMPLE t=33s phase=Congestion adaptation=with_ML throughput_gbps=7.9859 latency_ms=67.7816
[2026-08-15T09:15:58] SAMPLE t=34s phase=Congestion adaptation=with_ML throughput_gbps=8.0519 latency_ms=67.0505
[2026-08-15T09:15:59] SAMPLE t=35s phase=Congestion adaptation=with_ML throughput_gbps=8.3384 latency_ms=66.9966
[2026-08-15T09:16:00] SAMPLE t=36s phase=Congestion adaptation=with_ML throughput_gbps=8.1976 latency_ms=68.5399
[2026-08-15T09:16:01] SAMPLE t=37s phase=Congestion adaptation=with_ML throughput_gbps=8.011 latency_ms=66.2212
[2026-08-15T09:16:02] SAMPLE t=38s phase=Congestion adaptation=with_ML throughput_gbps=8.1812 latency_ms=68.0732
[2026-08-15T09:16:03] SAMPLE t=39s phase=Congestion adaptation=with_ML throughput_gbps=8.0054 latency_ms=66.4664
[2026-08-15T09:16:04] SAMPLE t=40s phase=Path_change adaptation=with_ML throughput_gbps=8.1238 latency_ms=67.2501
[2026-08-15T09:16:05] SAMPLE t=41s phase=Path_change adaptation=with_ML throughput_gbps=8.0894 latency_ms=66.4075
[2026-08-15T09:16:06] SAMPLE t=42s phase=Path_change adaptation=with_ML throughput_gbps=8.1771 latency_ms=67.3064
[2026-08-15T09:16:07] SAMPLE t=43s phase=Path_change adaptation=with_ML throughput_gbps=7.3527 latency_ms=65.8842
[2026-08-15T09:16:08] SAMPLE t=44s phase=Path_change adaptation=with_ML throughput_gbps=7.3307 latency_ms=67.3535
[2026-08-15T09:16:09] SAMPLE t=45s phase=Path_change adaptation=with_ML throughput_gbps=7.7033 latency_ms=68.1852
[2026-08-15T09:16:10] SAMPLE t=46s phase=Path_change adaptation=with_ML throughput_gbps=7.2412 latency_ms=67.4169
[2026-08-15T09:16:11] SAMPLE t=47s phase=Path_change adaptation=with_ML throughput_gbps=7.225 latency_ms=69.3327
[2026-08-15T09:16:12] SAMPLE t=48s phase=Path_change adaptation=with_ML throughput_gbps=7.1975 latency_ms=67.7841
[2026-08-15T09:16:13] SAMPLE t=49s phase=Path_change adaptation=with_ML throughput_gbps=7.1963 latency_ms=68.2952
[2026-08-15T09:16:14] SAMPLE t=50s phase=Path_change adaptation=with_ML throughput_gbps=7.0194 latency_ms=69.1364
[2026-08-15T09:16:15] SAMPLE t=51s phase=Path_change adaptation=with_ML throughput_gbps=7.1273 latency_ms=68.9784
[2026-08-15T09:16:16] SAMPLE t=52s phase=Path_change adaptation=with_ML throughput_gbps=7.2248 latency_ms=67.4013
[2026-08-15T09:16:17] SAMPLE t=53s phase=Path_change adaptation=with_ML throughput_gbps=7.1956 latency_ms=68.4856
[2026-08-15T09:16:18] SAMPLE t=54s phase=Path_change adaptation=with_ML throughput_gbps=7.5256 latency_ms=65.8762
[2026-08-15T09:16:19] SAMPLE t=55s phase=Path_change adaptation=with_ML throughput_gbps=7.2907 latency_ms=66.8348
[2026-08-15T09:16:20] SAMPLE t=56s phase=Path_change adaptation=with_ML throughput_gbps=7.5479 latency_ms=66.7686
[2026-08-15T09:16:21] SAMPLE t=57s phase=Path_change adaptation=with_ML throughput_gbps=7.3731 latency_ms=68.7349
[2026-08-15T09:16:22] SAMPLE t=58s phase=Path_change adaptation=with_ML throughput_gbps=8.1302 latency_ms=65.1286
[2026-08-15T09:16:23] SAMPLE t=59s phase=Path_change adaptation=with_ML throughput_gbps=7.678 latency_ms=66.423
[2026-08-15T09:16:24] SAMPLE t=60s phase=Loss_spike adaptation=with_ML throughput_gbps=7.1638 latency_ms=67.9505
[2026-08-15T09:16:25] SAMPLE t=61s phase=Loss_spike adaptation=with_ML throughput_gbps=8.1742 latency_ms=70.4192
[2026-08-15T09:16:26] SAMPLE t=62s phase=Loss_spike adaptation=with_ML throughput_gbps=7.4097 latency_ms=67.7283
[2026-08-15T09:16:27] SAMPLE t=63s phase=Loss_spike adaptation=with_ML throughput_gbps=6.8693 latency_ms=67.5783
[2026-08-15T09:16:28] SAMPLE t=64s phase=Loss_spike adaptation=with_ML throughput_gbps=6.0259 latency_ms=71.3144
[2026-08-15T09:16:29] SAMPLE t=65s phase=Loss_spike adaptation=with_ML throughput_gbps=7.3548 latency_ms=66.9296
[2026-08-15T09:16:30] SAMPLE t=66s phase=Loss_spike adaptation=with_ML throughput_gbps=8.3123 latency_ms=69.2516
[2026-08-15T09:16:31] SAMPLE t=67s phase=Loss_spike adaptation=with_ML throughput_gbps=8.1581 latency_ms=68.2076
[2026-08-15T09:16:32] SAMPLE t=68s phase=Loss_spike adaptation=with_ML throughput_gbps=6.6311 latency_ms=69.957
[2026-08-15T09:16:33] SAMPLE t=69s phase=Loss_spike adaptation=with_ML throughput_gbps=6.1103 latency_ms=69.4812
[2026-08-15T09:16:34] SAMPLE t=70s phase=Loss_spike adaptation=with_ML throughput_gbps=7.1507 latency_ms=67.8849
[2026-08-15T09:16:35] SAMPLE t=71s phase=Loss_spike adaptation=with_ML throughput_gbps=8.3177 latency_ms=69.1202
[2026-08-15T09:16:36] SAMPLE t=72s phase=Loss_spike adaptation=with_ML throughput_gbps=8.0781 latency_ms=69.0382
[2026-08-15T09:16:37] SAMPLE t=73s phase=Loss_spike adaptation=with_ML throughput_gbps=6.5697 latency_ms=66.734
[2026-08-15T09:16:38] SAMPLE t=74s phase=Loss_spike adaptation=with_ML throughput_gbps=6.1131 latency_ms=72.0845
[2026-08-15T09:16:39] SAMPLE t=75s phase=Loss_spike adaptation=with_ML throughput_gbps=7.4783 latency_ms=69.3663
[2026-08-15T09:16:40] SAMPLE t=76s phase=Loss_spike adaptation=with_ML throughput_gbps=8.3695 latency_ms=70.9913
[2026-08-15T09:16:41] SAMPLE t=77s phase=Loss_spike adaptation=with_ML throughput_gbps=7.8335 latency_ms=69.6131
[2026-08-15T09:16:42] SAMPLE t=78s phase=Loss_spike adaptation=with_ML throughput_gbps=6.8381 latency_ms=69.6502
[2026-08-15T09:16:43] SAMPLE t=79s phase=Loss_spike adaptation=with_ML throughput_gbps=6.4616 latency_ms=70.3935
[2026-08-15T09:16:44] SAMPLE t=80s phase=Recovery adaptation=with_ML throughput_gbps=8.1285 latency_ms=67.1035
[2026-08-15T09:16:45] SAMPLE t=81s phase=Recovery adaptation=with_ML throughput_gbps=8.3817 latency_ms=66.4779
[2026-08-15T09:16:46] SAMPLE t=82s phase=Recovery adaptation=with_ML throughput_gbps=8.0607 latency_ms=66.2588
[2026-08-15T09:16:47] SAMPLE t=83s phase=Recovery adaptation=with_ML throughput_gbps=8.2129 latency_ms=65.122
[2026-08-15T09:16:48] SAMPLE t=84s phase=Recovery adaptation=with_ML throughput_gbps=8.1371 latency_ms=66.2185
[2026-08-15T09:16:49] SAMPLE t=85s phase=Recovery adaptation=with_ML throughput_gbps=8.3137 latency_ms=64.8248
[2026-08-15T09:16:50] SAMPLE t=86s phase=Recovery adaptation=with_ML throughput_gbps=8.5129 latency_ms=66.1456
[2026-08-15T09:16:51] SAMPLE t=87s phase=Recovery adaptation=with_ML throughput_gbps=8.3203 latency_ms=63.4991
[2026-08-15T09:16:52] SAMPLE t=88s phase=Recovery adaptation=with_ML throughput_gbps=8.1162 latency_ms=64.0341
[2026-08-15T09:16:53] SAMPLE t=89s phase=Recovery adaptation=with_ML throughput_gbps=8.5085 latency_ms=66.3497
[2026-08-15T09:16:54] SAMPLE t=90s phase=Recovery adaptation=with_ML throughput_gbps=8.0812 latency_ms=62.1476
[2026-08-15T09:16:55] SAMPLE t=91s phase=Recovery adaptation=with_ML throughput_gbps=8.422 latency_ms=65.8314
[2026-08-15T09:16:56] SAMPLE t=92s phase=Recovery adaptation=with_ML throughput_gbps=8.1269 latency_ms=64.0507
[2026-08-15T09:16:57] SAMPLE t=93s phase=Recovery adaptation=with_ML throughput_gbps=8.7266 latency_ms=63.6392
[2026-08-15T09:16:58] SAMPLE t=94s phase=Recovery adaptation=with_ML throughput_gbps=8.4018 latency_ms=65.1345
[2026-08-15T09:16:59] SAMPLE t=95s phase=Recovery adaptation=with_ML throughput_gbps=8.403 latency_ms=66.3323
[2026-08-15T09:17:00] SAMPLE t=96s phase=Recovery adaptation=with_ML throughput_gbps=8.3741 latency_ms=66.1664
[2026-08-15T09:17:01] SAMPLE t=97s phase=Recovery adaptation=with_ML throughput_gbps=8.3198 latency_ms=66.0449
[2026-08-15T09:17:02] SAMPLE t=98s phase=Recovery adaptation=with_ML throughput_gbps=8.4614 latency_ms=64.5491
[2026-08-15T09:17:03] SAMPLE t=99s phase=Recovery adaptation=with_ML throughput_gbps=8.2932 latency_ms=67.1802
[2026-08-15T09:15:24] SAMPLE t=0s phase=Stable adaptation=without_ML throughput_gbps=8.1148 latency_ms=66.9049
[2026-08-15T09:15:25] SAMPLE t=1s phase=Stable adaptation=without_ML throughput_gbps=7.9882 latency_ms=67.9827
[2026-08-15T09:15:26] SAMPLE t=2s phase=Stable adaptation=without_ML throughput_gbps=8.0739 latency_ms=66.9788
[2026-08-15T09:15:27] SAMPLE t=3s phase=Stable adaptation=without_ML throughput_gbps=7.892 latency_ms=67.204
[2026-08-15T09:15:28] SAMPLE t=4s phase=Stable adaptation=without_ML throughput_gbps=8.118 latency_ms=66.0988
[2026-08-15T09:15:29] SAMPLE t=5s phase=Stable adaptation=without_ML throughput_gbps=7.9844 latency_ms=65.8156
[2026-08-15T09:15:30] SAMPLE t=6s phase=Stable adaptation=without_ML throughput_gbps=8.4748 latency_ms=67.5453
[2026-08-15T09:15:31] SAMPLE t=7s phase=Stable adaptation=without_ML throughput_gbps=8.5021 latency_ms=67.4852
[2026-08-15T09:15:32] SAMPLE t=8s phase=Stable adaptation=without_ML throughput_gbps=7.8641 latency_ms=65.9921
[2026-08-15T09:15:33] SAMPLE t=9s phase=Stable adaptation=without_ML throughput_gbps=8.0806 latency_ms=65.8756
[2026-08-15T09:15:34] SAMPLE t=10s phase=Stable adaptation=without_ML throughput_gbps=8.006 latency_ms=64.8837
[2026-08-15T09:15:35] SAMPLE t=11s phase=Stable adaptation=without_ML throughput_gbps=8.2574 latency_ms=65.9638
[2026-08-15T09:15:36] SAMPLE t=12s phase=Stable adaptation=without_ML throughput_gbps=7.5879 latency_ms=64.392
[2026-08-15T09:15:37] SAMPLE t=13s phase=Stable adaptation=without_ML throughput_gbps=7.9035 latency_ms=64.7854
[2026-08-15T09:15:38] SAMPLE t=14s phase=Stable adaptation=without_ML throughput_gbps=8.1241 latency_ms=66.4514
[2026-08-15T09:15:39] SAMPLE t=15s phase=Stable adaptation=without_ML throughput_gbps=8.2569 latency_ms=63.3131
[2026-08-15T09:15:40] SAMPLE t=16s phase=Stable adaptation=without_ML throughput_gbps=7.9656 latency_ms=67.7132
[2026-08-15T09:15:41] SAMPLE t=17s phase=Stable adaptation=without_ML throughput_gbps=8.1561 latency_ms=64.4993
[2026-08-15T09:15:42] SAMPLE t=18s phase=Stable adaptation=without_ML throughput_gbps=8.5103 latency_ms=67.3435
[2026-08-15T09:15:43] SAMPLE t=19s phase=Stable adaptation=without_ML throughput_gbps=8.3074 latency_ms=64.6055
[2026-08-15T09:15:44] SAMPLE t=20s phase=Congestion adaptation=without_ML throughput_gbps=7.9328 latency_ms=66.1741
[2026-08-15T09:15:45] SAMPLE t=21s phase=Congestion adaptation=without_ML throughput_gbps=7.6143 latency_ms=64.4569
[2026-08-15T09:15:46] SAMPLE t=22s phase=Congestion adaptation=without_ML throughput_gbps=8.1181 latency_ms=67.8992
[2026-08-15T09:15:47] SAMPLE t=23s phase=Congestion adaptation=without_ML throughput_gbps=8.0752 latency_ms=64.2695
[2026-08-15T09:15:48] SAMPLE t=24s phase=Congestion adaptation=without_ML throughput_gbps=7.6307 latency_ms=66.7862
[2026-08-15T09:15:49] SAMPLE t=25s phase=Congestion adaptation=without_ML throughput_gbps=8.5959 latency_ms=66.0398
[2026-08-15T09:15:50] SAMPLE t=26s phase=Congestion adaptation=without_ML throughput_gbps=7.9449 latency_ms=64.5796
[2026-08-15T09:15:51] SAMPLE t=27s phase=Congestion adaptation=without_ML throughput_gbps=7.9131 latency_ms=65.9589
[2026-08-15T09:15:52] SAMPLE t=28s phase=Congestion adaptation=without_ML throughput_gbps=8.276 latency_ms=66.9745
[2026-08-15T09:15:53] SAMPLE t=29s phase=Congestion adaptation=without_ML throughput_gbps=8.2164 latency_ms=65.1326
[2026-08-15T09:15:54] SAMPLE t=30s phase=Congestion adaptation=without_ML throughput_gbps=7.7811 latency_ms=65.934
[2026-08-15T09:15:55] SAMPLE t=31s phase=Congestion adaptation=without_ML throughput_gbps=7.9603 latency_ms=65.9916
[2026-08-15T09:15:56] SAMPLE t=32s phase=Congestion adaptation=without_ML throughput_gbps=7.8498 latency_ms=63.2662
[2026-08-15T09:15:57] SAMPLE t=33s phase=Congestion adaptation=without_ML throughput_gbps=7.7435 latency_ms=64.4896
[2026-08-15T09:15:58] SAMPLE t=34s phase=Congestion adaptation=without_ML throughput_gbps=8.1408 latency_ms=64.525
[2026-08-15T09:15:59] SAMPLE t=35s phase=Congestion adaptation=without_ML throughput_gbps=7.7532 latency_ms=65.8438
[2026-08-15T09:16:00] SAMPLE t=36s phase=Congestion adaptation=without_ML throughput_gbps=7.9349 latency_ms=66.0721
[2026-08-15T09:16:01] SAMPLE t=37s phase=Congestion adaptation=without_ML throughput_gbps=8.0064 latency_ms=65.0696
[2026-08-15T09:16:02] SAMPLE t=38s phase=Congestion adaptation=without_ML throughput_gbps=7.9988 latency_ms=67.7268
[2026-08-15T09:16:03] SAMPLE t=39s phase=Congestion adaptation=without_ML throughput_gbps=7.7323 latency_ms=61.7721
[2026-08-15T09:16:04] SAMPLE t=40s phase=Path_change adaptation=without_ML throughput_gbps=7.9297 latency_ms=66.7666
[2026-08-15T09:16:05] SAMPLE t=41s phase=Path_change adaptation=without_ML throughput_gbps=7.9826 latency_ms=68.3765
[2026-08-15T09:16:06] SAMPLE t=42s phase=Path_change adaptation=without_ML throughput_gbps=7.4126 latency_ms=68.8523
[2026-08-15T09:16:07] SAMPLE t=43s phase=Path_change adaptation=without_ML throughput_gbps=6.811 latency_ms=70.0985
[2026-08-15T09:16:08] SAMPLE t=44s phase=Path_change adaptation=without_ML throughput_gbps=6.9629 latency_ms=70.6015
[2026-08-15T09:16:09] SAMPLE t=45s phase=Path_change adaptation=without_ML throughput_gbps=6.5468 latency_ms=71.2793
[2026-08-15T09:16:10] SAMPLE t=46s phase=Path_change adaptation=without_ML throughput_gbps=5.9598 latency_ms=71.0059
[2026-08-15T09:16:11] SAMPLE t=47s phase=Path_change adaptation=without_ML throughput_gbps=6.1028 latency_ms=73.7781
[2026-08-15T09:16:12] SAMPLE t=48s phase=Path_change adaptation=without_ML throughput_gbps=5.6755 latency_ms=73.0695
[2026-08-15T09:16:13] SAMPLE t=49s phase=Path_change adaptation=without_ML throughput_gbps=5.8616 latency_ms=72.8435
[2026-08-15T09:16:14] SAMPLE t=50s phase=Path_change adaptation=without_ML throughput_gbps=5.5998 latency_ms=76.8618
[2026-08-15T09:16:15] SAMPLE t=51s phase=Path_change adaptation=without_ML throughput_gbps=5.7 latency_ms=70.5571
[2026-08-15T09:16:16] SAMPLE t=52s phase=Path_change adaptation=without_ML throughput_gbps=5.7214 latency_ms=73.3525
[2026-08-15T09:16:17] SAMPLE t=53s phase=Path_change adaptation=without_ML throughput_gbps=6.1541 latency_ms=74.1502
[2026-08-15T09:16:18] SAMPLE t=54s phase=Path_change adaptation=without_ML throughput_gbps=5.9133 latency_ms=71.9765
[2026-08-15T09:16:19] SAMPLE t=55s phase=Path_change adaptation=without_ML throughput_gbps=6.793 latency_ms=72.9604
[2026-08-15T09:16:20] SAMPLE t=56s phase=Path_change adaptation=without_ML throughput_gbps=6.2805 latency_ms=69.7693
[2026-08-15T09:16:21] SAMPLE t=57s phase=Path_change adaptation=without_ML throughput_gbps=7.03 latency_ms=67.0633
[2026-08-15T09:16:22] SAMPLE t=58s phase=Path_change adaptation=without_ML throughput_gbps=7.5795 latency_ms=68.1463
[2026-08-15T09:16:23] SAMPLE t=59s phase=Path_change adaptation=without_ML throughput_gbps=7.9017 latency_ms=68.9771
[2026-08-15T09:16:24] SAMPLE t=60s phase=Loss_spike adaptation=without_ML throughput_gbps=6.1534 latency_ms=69.6281
[2026-08-15T09:16:25] SAMPLE t=61s phase=Loss_spike adaptation=without_ML throughput_gbps=8.4622 latency_ms=79.2656
[2026-08-15T09:16:26] SAMPLE t=62s phase=Loss_spike adaptation=without_ML throughput_gbps=7.2028 latency_ms=75.0926
[2026-08-15T09:16:27] SAMPLE t=63s phase=Loss_spike adaptation=without_ML throughput_gbps=5.2612 latency_ms=76.1553
[2026-08-15T09:16:28] SAMPLE t=64s phase=Loss_spike adaptation=without_ML throughput_gbps=4.1256 latency_ms=78.3963
[2026-08-15T09:16:29] SAMPLE t=65s phase=Loss_spike adaptation=without_ML throughput_gbps=6.128 latency_ms=69.7632
[2026-08-15T09:16:30] SAMPLE t=66s phase=Loss_spike adaptation=without_ML throughput_gbps=8.9526 latency_ms=78.4133
[2026-08-15T09:16:31] SAMPLE t=67s phase=Loss_spike adaptation=without_ML throughput_gbps=7.5851 latency_ms=74.8279
[2026-08-15T09:16:32] SAMPLE t=68s phase=Loss_spike adaptation=without_ML throughput_gbps=5.1395 latency_ms=77.0691
[2026-08-15T09:16:33] SAMPLE t=69s phase=Loss_spike adaptation=without_ML throughput_gbps=4.0314 latency_ms=81.7886
[2026-08-15T09:16:34] SAMPLE t=70s phase=Loss_spike adaptation=without_ML throughput_gbps=6.3919 latency_ms=68.3221
[2026-08-15T09:16:35] SAMPLE t=71s phase=Loss_spike adaptation=without_ML throughput_gbps=8.2111 latency_ms=75.3364
[2026-08-15T09:16:36] SAMPLE t=72s phase=Loss_spike adaptation=without_ML throughput_gbps=7.8481 latency_ms=76.2697
[2026-08-15T09:16:37] SAMPLE t=73s phase=Loss_spike adaptation=without_ML throughput_gbps=4.8448 latency_ms=73.0743
[2026-08-15T09:16:38] SAMPLE t=74s phase=Loss_spike adaptation=without_ML throughput_gbps=3.7889 latency_ms=78.2847
[2026-08-15T09:16:39] SAMPLE t=75s phase=Loss_spike adaptation=without_ML throughput_gbps=6.2861 latency_ms=67.9649
[2026-08-15T09:16:40] SAMPLE t=76s phase=Loss_spike adaptation=without_ML throughput_gbps=8.7973 latency_ms=77.4684
[2026-08-15T09:16:41] SAMPLE t=77s phase=Loss_spike adaptation=without_ML throughput_gbps=8.0299 latency_ms=74.616
[2026-08-15T09:16:42] SAMPLE t=78s phase=Loss_spike adaptation=without_ML throughput_gbps=4.9627 latency_ms=76.7751
[2026-08-15T09:16:43] SAMPLE t=79s phase=Loss_spike adaptation=without_ML throughput_gbps=4.0861 latency_ms=75.4284
[2026-08-15T09:16:44] SAMPLE t=80s phase=Recovery adaptation=without_ML throughput_gbps=7.8685 latency_ms=67.9227
[2026-08-15T09:16:45] SAMPLE t=81s phase=Recovery adaptation=without_ML throughput_gbps=8.1491 latency_ms=66.6044
[2026-08-15T09:16:46] SAMPLE t=82s phase=Recovery adaptation=without_ML throughput_gbps=8.1411 latency_ms=68.5225
[2026-08-15T09:16:47] SAMPLE t=83s phase=Recovery adaptation=without_ML throughput_gbps=8.2004 latency_ms=68.4029
[2026-08-15T09:16:48] SAMPLE t=84s phase=Recovery adaptation=without_ML throughput_gbps=8.2363 latency_ms=66.5108
[2026-08-15T09:16:49] SAMPLE t=85s phase=Recovery adaptation=without_ML throughput_gbps=8.3861 latency_ms=65.912
[2026-08-15T09:16:50] SAMPLE t=86s phase=Recovery adaptation=without_ML throughput_gbps=7.9431 latency_ms=66.6047
[2026-08-15T09:16:51] SAMPLE t=87s phase=Recovery adaptation=without_ML throughput_gbps=8.4369 latency_ms=65.599
[2026-08-15T09:16:52] SAMPLE t=88s phase=Recovery adaptation=without_ML throughput_gbps=7.8907 latency_ms=68.2638
[2026-08-15T09:16:53] SAMPLE t=89s phase=Recovery adaptation=without_ML throughput_gbps=7.95 latency_ms=66.652
[2026-08-15T09:16:54] SAMPLE t=90s phase=Recovery adaptation=without_ML throughput_gbps=8.4698 latency_ms=65.6446
[2026-08-15T09:16:55] SAMPLE t=91s phase=Recovery adaptation=without_ML throughput_gbps=8.2377 latency_ms=64.2462
[2026-08-15T09:16:56] SAMPLE t=92s phase=Recovery adaptation=without_ML throughput_gbps=8.0327 latency_ms=65.6917
[2026-08-15T09:16:57] SAMPLE t=93s phase=Recovery adaptation=without_ML throughput_gbps=8.1522 latency_ms=67.0395
[2026-08-15T09:16:58] SAMPLE t=94s phase=Recovery adaptation=without_ML throughput_gbps=7.8834 latency_ms=63.2043
[2026-08-15T09:16:59] SAMPLE t=95s phase=Recovery adaptation=without_ML throughput_gbps=7.8859 latency_ms=66.2336
[2026-08-15T09:17:00] SAMPLE t=96s phase=Recovery adaptation=without_ML throughput_gbps=7.8874 latency_ms=67.7035
[2026-08-15T09:17:01] SAMPLE t=97s phase=Recovery adaptation=without_ML throughput_gbps=7.9917 latency_ms=63.2352
[2026-08-15T09:17:02] SAMPLE t=98s phase=Recovery adaptation=without_ML throughput_gbps=7.8014 latency_ms=67.2294
[2026-08-15T09:17:03] SAMPLE t=99s phase=Recovery adaptation=without_ML throughput_gbps=7.9338 latency_ms=65.5388
[2026-08-15T09:15:24] TRACE_END run_id=103 status=OK
[2026-08-15T09:25:02] TRACE_START run_id=104
[2026-08-15T09:25:02] SAMPLE t=0s phase=Stable adaptation=with_ML throughput_gbps=7.9659 latency_ms=67.3917
[2026-08-15T09:25:03] SAMPLE t=1s phase=Stable adaptation=with_ML throughput_gbps=8.6968 latency_ms=66.8003
[2026-08-15T09:25:04] SAMPLE t=2s phase=Stable adaptation=with_ML throughput_gbps=8.0458 latency_ms=69.1831
[2026-08-15T09:25:05] SAMPLE t=3s phase=Stable adaptation=with_ML throughput_gbps=8.0104 latency_ms=66.2282
[2026-08-15T09:25:06] SAMPLE t=4s phase=Stable adaptation=with_ML throughput_gbps=7.8193 latency_ms=67.4027
[2026-08-15T09:25:07] SAMPLE t=5s phase=Stable adaptation=with_ML throughput_gbps=8.0569 latency_ms=67.7866
[2026-08-15T09:25:08] SAMPLE t=6s phase=Stable adaptation=with_ML throughput_gbps=8.1823 latency_ms=66.8719
[2026-08-15T09:25:09] SAMPLE t=7s phase=Stable adaptation=with_ML throughput_gbps=8.0754 latency_ms=67.1991
[2026-08-15T09:25:10] SAMPLE t=8s phase=Stable adaptation=with_ML throughput_gbps=8.212 latency_ms=65.9754
[2026-08-15T09:25:11] SAMPLE t=9s phase=Stable adaptation=with_ML throughput_gbps=8.1187 latency_ms=68.3064
[2026-08-15T09:25:12] SAMPLE t=10s phase=Stable adaptation=with_ML throughput_gbps=8.0473 latency_ms=67.1204
[2026-08-15T09:25:13] SAMPLE t=11s phase=Stable adaptation=with_ML throughput_gbps=8.1731 latency_ms=66.9644
[2026-08-15T09:25:14] SAMPLE t=12s phase=Stable adaptation=with_ML throughput_gbps=8.1446 latency_ms=65.476
[2026-08-15T09:25:15] SAMPLE t=13s phase=Stable adaptation=with_ML throughput_gbps=7.9803 latency_ms=66.9774
[2026-08-15T09:25:16] SAMPLE t=14s phase=Stable adaptation=with_ML throughput_gbps=8.0179 latency_ms=66.6188
[2026-08-15T09:25:17] SAMPLE t=15s phase=Stable adaptation=with_ML throughput_gbps=8.0292 latency_ms=63.7333
[2026-08-15T09:25:18] SAMPLE t=16s phase=Stable adaptation=with_ML throughput_gbps=8.0386 latency_ms=66.471
[2026-08-15T09:25:19] SAMPLE t=17s phase=Stable adaptation=with_ML throughput_gbps=8.3434 latency_ms=66.6135
[2026-08-15T09:25:20] SAMPLE t=18s phase=Stable adaptation=with_ML throughput_gbps=8.1481 latency_ms=65.2839
[2026-08-15T09:25:21] SAMPLE t=19s phase=Stable adaptation=with_ML throughput_gbps=7.7787 latency_ms=66.3343
[2026-08-15T09:25:22] SAMPLE t=20s phase=Congestion adaptation=with_ML throughput_gbps=8.3089 latency_ms=67.7803
[2026-08-15T09:25:23] SAMPLE t=21s phase=Congestion adaptation=with_ML throughput_gbps=7.9197 latency_ms=66.1826
[2026-08-15T09:25:24] SAMPLE t=22s phase=Congestion adaptation=with_ML throughput_gbps=8.5463 latency_ms=67.0575
[2026-08-15T09:25:25] SAMPLE t=23s phase=Congestion adaptation=with_ML throughput_gbps=8.2988 latency_ms=65.655
[2026-08-15T09:25:26] SAMPLE t=24s phase=Congestion adaptation=with_ML throughput_gbps=8.0492 latency_ms=66.4306
[2026-08-15T09:25:27] SAMPLE t=25s phase=Congestion adaptation=with_ML throughput_gbps=7.9706 latency_ms=67.2327
[2026-08-15T09:25:28] SAMPLE t=26s phase=Congestion adaptation=with_ML throughput_gbps=7.9906 latency_ms=66.9121
[2026-08-15T09:25:29] SAMPLE t=27s phase=Congestion adaptation=with_ML throughput_gbps=8.0627 latency_ms=67.7269
[2026-08-15T09:25:30] SAMPLE t=28s phase=Congestion adaptation=with_ML throughput_gbps=8.1496 latency_ms=66.5349
[2026-08-15T09:25:31] SAMPLE t=29s phase=Congestion adaptation=with_ML throughput_gbps=8.082 latency_ms=66.9336
[2026-08-15T09:25:32] SAMPLE t=30s phase=Congestion adaptation=with_ML throughput_gbps=8.2978 latency_ms=68.8017
[2026-08-15T09:25:33] SAMPLE t=31s phase=Congestion adaptation=with_ML throughput_gbps=8.5457 latency_ms=65.5219
[2026-08-15T09:25:34] SAMPLE t=32s phase=Congestion adaptation=with_ML throughput_gbps=8.5647 latency_ms=64.5812
[2026-08-15T09:25:35] SAMPLE t=33s phase=Congestion adaptation=with_ML throughput_gbps=8.2492 latency_ms=65.1353
[2026-08-15T09:25:36] SAMPLE t=34s phase=Congestion adaptation=with_ML throughput_gbps=8.383 latency_ms=65.9171
[2026-08-15T09:25:37] SAMPLE t=35s phase=Congestion adaptation=with_ML throughput_gbps=8.1716 latency_ms=67.2021
[2026-08-15T09:25:38] SAMPLE t=36s phase=Congestion adaptation=with_ML throughput_gbps=7.7128 latency_ms=68.1641
[2026-08-15T09:25:39] SAMPLE t=37s phase=Congestion adaptation=with_ML throughput_gbps=7.7204 latency_ms=67.0862
[2026-08-15T09:25:40] SAMPLE t=38s phase=Congestion adaptation=with_ML throughput_gbps=7.7607 latency_ms=64.9023
[2026-08-15T09:25:41] SAMPLE t=39s phase=Congestion adaptation=with_ML throughput_gbps=8.1387 latency_ms=65.3667
[2026-08-15T09:25:42] SAMPLE t=40s phase=Path_change adaptation=with_ML throughput_gbps=7.9673 latency_ms=66.6034
[2026-08-15T09:25:43] SAMPLE t=41s phase=Path_change adaptation=with_ML throughput_gbps=7.8146 latency_ms=67.0077
[2026-08-15T09:25:44] SAMPLE t=42s phase=Path_change adaptation=with_ML throughput_gbps=7.9299 latency_ms=66.5289
[2026-08-15T09:25:45] SAMPLE t=43s phase=Path_change adaptation=with_ML throughput_gbps=7.419 latency_ms=69.3568
[2026-08-15T09:25:46] SAMPLE t=44s phase=Path_change adaptation=with_ML throughput_gbps=7.4459 latency_ms=68.1932
[2026-08-15T09:25:47] SAMPLE t=45s phase=Path_change adaptation=with_ML throughput_gbps=7.6443 latency_ms=66.3517
[2026-08-15T09:25:48] SAMPLE t=46s phase=Path_change adaptation=with_ML throughput_gbps=7.5085 latency_ms=66.5943
[2026-08-15T09:25:49] SAMPLE t=47s phase=Path_change adaptation=with_ML throughput_gbps=7.15 latency_ms=67.7606
[2026-08-15T09:25:50] SAMPLE t=48s phase=Path_change adaptation=with_ML throughput_gbps=7.2469 latency_ms=68.4883
[2026-08-15T09:25:51] SAMPLE t=49s phase=Path_change adaptation=with_ML throughput_gbps=7.1518 latency_ms=70.9839
[2026-08-15T09:25:52] SAMPLE t=50s phase=Path_change adaptation=with_ML throughput_gbps=7.1748 latency_ms=69.2353
[2026-08-15T09:25:53] SAMPLE t=51s phase=Path_change adaptation=with_ML throughput_gbps=7.1458 latency_ms=68.5497
[2026-08-15T09:25:54] SAMPLE t=52s phase=Path_change adaptation=with_ML throughput_gbps=7.4538 latency_ms=69.9189
[2026-08-15T09:25:55] SAMPLE t=53s phase=Path_change adaptation=with_ML throughput_gbps=7.1563 latency_ms=69.0456
[2026-08-15T09:25:56] SAMPLE t=54s phase=Path_change adaptation=with_ML throughput_gbps=7.2636 latency_ms=67.256
[2026-08-15T09:25:57] SAMPLE t=55s phase=Path_change adaptation=with_ML throughput_gbps=7.3844 latency_ms=67.2045
[2026-08-15T09:25:58] SAMPLE t=56s phase=Path_change adaptation=with_ML throughput_gbps=7.7303 latency_ms=67.924
[2026-08-15T09:25:59] SAMPLE t=57s phase=Path_change adaptation=with_ML throughput_gbps=7.5626 latency_ms=67.5839
[2026-08-15T09:26:00] SAMPLE t=58s phase=Path_change adaptation=with_ML throughput_gbps=7.7384 latency_ms=65.7837
[2026-08-15T09:26:01] SAMPLE t=59s phase=Path_change adaptation=with_ML throughput_gbps=8.0399 latency_ms=66.6315
[2026-08-15T09:26:02] SAMPLE t=60s phase=Loss_spike adaptation=with_ML throughput_gbps=7.0549 latency_ms=68.3777
[2026-08-15T09:26:03] SAMPLE t=61s phase=Loss_spike adaptation=with_ML throughput_gbps=8.5139 latency_ms=70.3239
[2026-08-15T09:26:04] SAMPLE t=62s phase=Loss_spike adaptation=with_ML throughput_gbps=8.2475 latency_ms=69.7285
[2026-08-15T09:26:05] SAMPLE t=63s phase=Loss_spike adaptation=with_ML throughput_gbps=6.7116 latency_ms=70.2899
[2026-08-15T09:26:06] SAMPLE t=64s phase=Loss_spike adaptation=with_ML throughput_gbps=6.0872 latency_ms=72.7851
[2026-08-15T09:26:07] SAMPLE t=65s phase=Loss_spike adaptation=with_ML throughput_gbps=7.3807 latency_ms=69.7808
[2026-08-15T09:26:08] SAMPLE t=66s phase=Loss_spike adaptation=with_ML throughput_gbps=8.4643 latency_ms=68.7923
[2026-08-15T09:26:09] SAMPLE t=67s phase=Loss_spike adaptation=with_ML throughput_gbps=7.8165 latency_ms=69.5172
[2026-08-15T09:26:10] SAMPLE t=68s phase=Loss_spike adaptation=with_ML throughput_gbps=6.5285 latency_ms=69.6192
[2026-08-15T09:26:11] SAMPLE t=69s phase=Loss_spike adaptation=with_ML throughput_gbps=6.2504 latency_ms=70.0965
[2026-08-15T09:26:12] SAMPLE t=70s phase=Loss_spike adaptation=with_ML throughput_gbps=7.367 latency_ms=68.8267
[2026-08-15T09:26:13] SAMPLE t=71s phase=Loss_spike adaptation=with_ML throughput_gbps=8.0973 latency_ms=70.901
[2026-08-15T09:26:14] SAMPLE t=72s phase=Loss_spike adaptation=with_ML throughput_gbps=8.0688 latency_ms=70.0961
[2026-08-15T09:26:15] SAMPLE t=73s phase=Loss_spike adaptation=with_ML throughput_gbps=6.4278 latency_ms=70.5059
[2026-08-15T09:26:16] SAMPLE t=74s phase=Loss_spike adaptation=with_ML throughput_gbps=6.1305 latency_ms=71.9623
[2026-08-15T09:26:17] SAMPLE t=75s phase=Loss_spike adaptation=with_ML throughput_gbps=7.344 latency_ms=66.9687
[2026-08-15T09:26:18] SAMPLE t=76s phase=Loss_spike adaptation=with_ML throughput_gbps=8.5016 latency_ms=70.257
[2026-08-15T09:26:19] SAMPLE t=77s phase=Loss_spike adaptation=with_ML throughput_gbps=8.0335 latency_ms=71.4492
[2026-08-15T09:26:20] SAMPLE t=78s phase=Loss_spike adaptation=with_ML throughput_gbps=6.4328 latency_ms=67.953
[2026-08-15T09:26:21] SAMPLE t=79s phase=Loss_spike adaptation=with_ML throughput_gbps=6.0811 latency_ms=71.9975
[2026-08-15T09:26:22] SAMPLE t=80s phase=Recovery adaptation=with_ML throughput_gbps=7.7224 latency_ms=67.0944
[2026-08-15T09:26:23] SAMPLE t=81s phase=Recovery adaptation=with_ML throughput_gbps=8.1522 latency_ms=68.4264
[2026-08-15T09:26:24] SAMPLE t=82s phase=Recovery adaptation=with_ML throughput_gbps=7.7291 latency_ms=65.036
[2026-08-15T09:26:25] SAMPLE t=83s phase=Recovery adaptation=with_ML throughput_gbps=8.084 latency_ms=65.8195
[2026-08-15T09:26:26] SAMPLE t=84s phase=Recovery adaptation=with_ML throughput_gbps=8.0324 latency_ms=67.3126
[2026-08-15T09:26:27] SAMPLE t=85s phase=Recovery adaptation=with_ML throughput_gbps=8.0866 latency_ms=67.6181
[2026-08-15T09:26:28] SAMPLE t=86s phase=Recovery adaptation=with_ML throughput_gbps=8.0167 latency_ms=62.566
[2026-08-15T09:26:29] SAMPLE t=87s phase=Recovery adaptation=with_ML throughput_gbps=8.2546 latency_ms=64.023
[2026-08-15T09:26:30] SAMPLE t=88s phase=Recovery adaptation=with_ML throughput_gbps=8.3309 latency_ms=65.0734
[2026-08-15T09:26:31] SAMPLE t=89s phase=Recovery adaptation=with_ML throughput_gbps=8.0984 latency_ms=63.7301
[2026-08-15T09:26:32] SAMPLE t=90s phase=Recovery adaptation=with_ML throughput_gbps=8.2344 latency_ms=64.1883
[2026-08-15T09:26:33] SAMPLE t=91s phase=Recovery adaptation=with_ML throughput_gbps=8.1478 latency_ms=65.3727
[2026-08-15T09:26:34] SAMPLE t=92s phase=Recovery adaptation=with_ML throughput_gbps=8.4401 latency_ms=67.4012
[2026-08-15T09:26:35] SAMPLE t=93s phase=Recovery adaptation=with_ML throughput_gbps=8.0616 latency_ms=65.5327
[2026-08-15T09:26:36] SAMPLE t=94s phase=Recovery adaptation=with_ML throughput_gbps=8.384 latency_ms=66.9891
[2026-08-15T09:26:37] SAMPLE t=95s phase=Recovery adaptation=with_ML throughput_gbps=8.5227 latency_ms=66.8603
[2026-08-15T09:26:38] SAMPLE t=96s phase=Recovery adaptation=with_ML throughput_gbps=8.316 latency_ms=66.0348
[2026-08-15T09:26:39] SAMPLE t=97s phase=Recovery adaptation=with_ML throughput_gbps=8.2086 latency_ms=64.9239
[2026-08-15T09:26:40] SAMPLE t=98s phase=Recovery adaptation=with_ML throughput_gbps=8.4745 latency_ms=64.2543
[2026-08-15T09:26:41] SAMPLE t=99s phase=Recovery adaptation=with_ML throughput_gbps=8.4912 latency_ms=64.6219
[2026-08-15T09:25:02] SAMPLE t=0s phase=Stable adaptation=without_ML throughput_gbps=7.7292 latency_ms=65.538
[2026-08-15T09:25:03] SAMPLE t=1s phase=Stable adaptation=without_ML throughput_gbps=7.611 latency_ms=68.3192
[2026-08-15T09:25:04] SAMPLE t=2s phase=Stable adaptation=without_ML throughput_gbps=7.6145 latency_ms=65.2323
[2026-08-15T09:25:05] SAMPLE t=3s phase=Stable adaptation=without_ML throughput_gbps=7.571 latency_ms=67.0833
[2026-08-15T09:25:06] SAMPLE t=4s phase=Stable adaptation=without_ML throughput_gbps=8.0472 latency_ms=65.5562
[2026-08-15T09:25:07] SAMPLE t=5s phase=Stable adaptation=without_ML throughput_gbps=8.1853 latency_ms=65.2882
[2026-08-15T09:25:08] SAMPLE t=6s phase=Stable adaptation=without_ML throughput_gbps=8.1773 latency_ms=65.2582
[2026-08-15T09:25:09] SAMPLE t=7s phase=Stable adaptation=without_ML throughput_gbps=7.7162 latency_ms=66.6922
[2026-08-15T09:25:10] SAMPLE t=8s phase=Stable adaptation=without_ML throughput_gbps=8.0795 latency_ms=66.3452
[2026-08-15T09:25:11] SAMPLE t=9s phase=Stable adaptation=without_ML throughput_gbps=8.2409 latency_ms=65.3108
[2026-08-15T09:25:12] SAMPLE t=10s phase=Stable adaptation=without_ML throughput_gbps=8.3719 latency_ms=64.2596
[2026-08-15T09:25:13] SAMPLE t=11s phase=Stable adaptation=without_ML throughput_gbps=8.5406 latency_ms=68.2558
[2026-08-15T09:25:14] SAMPLE t=12s phase=Stable adaptation=without_ML throughput_gbps=7.7982 latency_ms=65.0705
[2026-08-15T09:25:15] SAMPLE t=13s phase=Stable adaptation=without_ML throughput_gbps=8.0205 latency_ms=66.5084
[2026-08-15T09:25:16] SAMPLE t=14s phase=Stable adaptation=without_ML throughput_gbps=7.9713 latency_ms=65.14
[2026-08-15T09:25:17] SAMPLE t=15s phase=Stable adaptation=without_ML throughput_gbps=8.1367 latency_ms=65.7483
[2026-08-15T09:25:18] SAMPLE t=16s phase=Stable adaptation=without_ML throughput_gbps=8.0032 latency_ms=64.8102
[2026-08-15T09:25:19] SAMPLE t=17s phase=Stable adaptation=without_ML throughput_gbps=8.107 latency_ms=66.0555
[2026-08-15T09:25:20] SAMPLE t=18s phase=Stable adaptation=without_ML throughput_gbps=8.0513 latency_ms=67.3083
[2026-08-15T09:25:21] SAMPLE t=19s phase=Stable adaptation=without_ML throughput_gbps=7.8341 latency_ms=66.45
[2026-08-15T09:25:22] SAMPLE t=20s phase=Congestion adaptation=without_ML throughput_gbps=7.8615 latency_ms=67.0668
[2026-08-15T09:25:23] SAMPLE t=21s phase=Congestion adaptation=without_ML throughput_gbps=8.372 latency_ms=66.2064
[2026-08-15T09:25:24] SAMPLE t=22s phase=Congestion adaptation=without_ML throughput_gbps=7.8699 latency_ms=66.2293
[2026-08-15T09:25:25] SAMPLE t=23s phase=Congestion adaptation=without_ML throughput_gbps=8.2779 latency_ms=64.2501
[2026-08-15T09:25:26] SAMPLE t=24s phase=Congestion adaptation=without_ML throughput_gbps=7.9157 latency_ms=66.0467
[2026-08-15T09:25:27] SAMPLE t=25s phase=Congestion adaptation=without_ML throughput_gbps=7.9335 latency_ms=66.045
[2026-08-15T09:25:28] SAMPLE t=26s phase=Congestion adaptation=without_ML throughput_gbps=7.4986 latency_ms=66.5726
[2026-08-15T09:25:29] SAMPLE t=27s phase=Congestion adaptation=without_ML throughput_gbps=8.1352 latency_ms=64.6279
[2026-08-15T09:25:30] SAMPLE t=28s phase=Congestion adaptation=without_ML throughput_gbps=7.7465 latency_ms=65.2945
[2026-08-15T09:25:31] SAMPLE t=29s phase=Congestion adaptation=without_ML throughput_gbps=8.4089 latency_ms=63.9623
[2026-08-15T09:25:32] SAMPLE t=30s phase=Congestion adaptation=without_ML throughput_gbps=8.1307 latency_ms=67.5103
[2026-08-15T09:25:33] SAMPLE t=31s phase=Congestion adaptation=without_ML throughput_gbps=7.7397 latency_ms=67.3099
[2026-08-15T09:25:34] SAMPLE t=32s phase=Congestion adaptation=without_ML throughput_gbps=7.8585 latency_ms=65.6167
[2026-08-15T09:25:35] SAMPLE t=33s phase=Congestion adaptation=without_ML throughput_gbps=8.3165 latency_ms=66.762
[2026-08-15T09:25:36] SAMPLE t=34s phase=Congestion adaptation=without_ML throughput_gbps=7.8042 latency_ms=65.4368
[2026-08-15T09:25:37] SAMPLE t=35s phase=Congestion adaptation=without_ML throughput_gbps=8.0784 latency_ms=66.5816
[2026-08-15T09:25:38] SAMPLE t=36s phase=Congestion adaptation=without_ML throughput_gbps=8.2239 latency_ms=65.7661
[2026-08-15T09:25:39] SAMPLE t=37s phase=Congestion adaptation=without_ML throughput_gbps=7.8454 latency_ms=65.4188
[2026-08-15T09:25:40] SAMPLE t=38s phase=Congestion adaptation=without_ML throughput_gbps=8.3695 latency_ms=67.3792
[2026-08-15T09:25:41] SAMPLE t=39s phase=Congestion adaptation=without_ML throughput_gbps=7.7668 latency_ms=66.6015
[2026-08-15T09:25:42] SAMPLE t=40s phase=Path_change adaptation=without_ML throughput_gbps=8.0668 latency_ms=65.4015
[2026-08-15T09:25:43] SAMPLE t=41s phase=Path_change adaptation=without_ML throughput_gbps=7.7491 latency_ms=67.0098
[2026-08-15T09:25:44] SAMPLE t=42s phase=Path_change adaptation=without_ML throughput_gbps=7.6935 latency_ms=68.1994
[2026-08-15T09:25:45] SAMPLE t=43s phase=Path_change adaptation=without_ML throughput_gbps=6.9733 latency_ms=69.6366
[2026-08-15T09:25:46] SAMPLE t=44s phase=Path_change adaptation=without_ML throughput_gbps=6.7974 latency_ms=70.8252
[2026-08-15T09:25:47] SAMPLE t=45s phase=Path_change adaptation=without_ML throughput_gbps=6.1493 latency_ms=73.3352
[2026-08-15T09:25:48] SAMPLE t=46s phase=Path_change adaptation=without_ML throughput_gbps=5.9006 latency_ms=70.1972
[2026-08-15T09:25:49] SAMPLE t=47s phase=Path_change adaptation=without_ML throughput_gbps=6.0382 latency_ms=71.8122
[2026-08-15T09:25:50] SAMPLE t=48s phase=Path_change adaptation=without_ML throughput_gbps=5.7926 latency_ms=69.7955
[2026-08-15T09:25:51] SAMPLE t=49s phase=Path_change adaptation=without_ML throughput_gbps=5.6932 latency_ms=71.8396
[2026-08-15T09:25:52] SAMPLE t=50s phase=Path_change adaptation=without_ML throughput_gbps=5.7908 latency_ms=71.1845
[2026-08-15T09:25:53] SAMPLE t=51s phase=Path_change adaptation=without_ML throughput_gbps=5.6752 latency_ms=72.6589
[2026-08-15T09:25:54] SAMPLE t=52s phase=Path_change adaptation=without_ML throughput_gbps=5.7017 latency_ms=75.3606
[2026-08-15T09:25:55] SAMPLE t=53s phase=Path_change adaptation=without_ML throughput_gbps=5.7901 latency_ms=74.7738
[2026-08-15T09:25:56] SAMPLE t=54s phase=Path_change adaptation=without_ML throughput_gbps=5.8376 latency_ms=72.4414
[2026-08-15T09:25:57] SAMPLE t=55s phase=Path_change adaptation=without_ML throughput_gbps=6.1792 latency_ms=72.4055
[2026-08-15T09:25:58] SAMPLE t=56s phase=Path_change adaptation=without_ML throughput_gbps=7.1633 latency_ms=69.2225
[2026-08-15T09:25:59] SAMPLE t=57s phase=Path_change adaptation=without_ML throughput_gbps=7.0471 latency_ms=69.9091
[2026-08-15T09:26:00] SAMPLE t=58s phase=Path_change adaptation=without_ML throughput_gbps=7.6705 latency_ms=68.3447
[2026-08-15T09:26:01] SAMPLE t=59s phase=Path_change adaptation=without_ML throughput_gbps=7.7679 latency_ms=66.5552
[2026-08-15T09:26:02] SAMPLE t=60s phase=Loss_spike adaptation=without_ML throughput_gbps=6.6506 latency_ms=70.3931
[2026-08-15T09:26:03] SAMPLE t=61s phase=Loss_spike adaptation=without_ML throughput_gbps=8.842 latency_ms=78.8759
[2026-08-15T09:26:04] SAMPLE t=62s phase=Loss_spike adaptation=without_ML throughput_gbps=7.528 latency_ms=75.2431
[2026-08-15T09:26:05] SAMPLE t=63s phase=Loss_spike adaptation=without_ML throughput_gbps=4.9173 latency_ms=77.0163
[2026-08-15T09:26:06] SAMPLE t=64s phase=Loss_spike adaptation=without_ML throughput_gbps=3.9781 latency_ms=79.4459
[2026-08-15T09:26:07] SAMPLE t=65s phase=Loss_spike adaptation=without_ML throughput_gbps=6.164 latency_ms=68.8436
[2026-08-15T09:26:08] SAMPLE t=66s phase=Loss_spike adaptation=without_ML throughput_gbps=8.3267 latency_ms=78.6107
[2026-08-15T09:26:09] SAMPLE t=67s phase=Loss_spike adaptation=without_ML throughput_gbps=7.2771 latency_ms=76.7959
[2026-08-15T09:26:10] SAMPLE t=68s phase=Loss_spike adaptation=without_ML throughput_gbps=4.755 latency_ms=76.2669
[2026-08-15T09:26:11] SAMPLE t=69s phase=Loss_spike adaptation=without_ML throughput_gbps=4.1877 latency_ms=79.0876
[2026-08-15T09:26:12] SAMPLE t=70s phase=Loss_spike adaptation=without_ML throughput_gbps=6.2916 latency_ms=69.8161
[2026-08-15T09:26:13] SAMPLE t=71s phase=Loss_spike adaptation=without_ML throughput_gbps=8.3155 latency_ms=77.2962
[2026-08-15T09:26:14] SAMPLE t=72s phase=Loss_spike adaptation=without_ML throughput_gbps=7.7434 latency_ms=75.4686
[2026-08-15T09:26:15] SAMPLE t=73s phase=Loss_spike adaptation=without_ML throughput_gbps=4.8648 latency_ms=76.8002
[2026-08-15T09:26:16] SAMPLE t=74s phase=Loss_spike adaptation=without_ML throughput_gbps=3.9858 latency_ms=80.3642
[2026-08-15T09:26:17] SAMPLE t=75s phase=Loss_spike adaptation=without_ML throughput_gbps=6.2363 latency_ms=69.7454
[2026-08-15T09:26:18] SAMPLE t=76s phase=Loss_spike adaptation=without_ML throughput_gbps=8.6988 latency_ms=78.8547
[2026-08-15T09:26:19] SAMPLE t=77s phase=Loss_spike adaptation=without_ML throughput_gbps=7.5731 latency_ms=76.7078
[2026-08-15T09:26:20] SAMPLE t=78s phase=Loss_spike adaptation=without_ML throughput_gbps=4.6962 latency_ms=74.8758
[2026-08-15T09:26:21] SAMPLE t=79s phase=Loss_spike adaptation=without_ML throughput_gbps=4.0034 latency_ms=78.3026
[2026-08-15T09:26:22] SAMPLE t=80s phase=Recovery adaptation=without_ML throughput_gbps=8.2845 latency_ms=64.3798
[2026-08-15T09:26:23] SAMPLE t=81s phase=Recovery adaptation=without_ML throughput_gbps=8.1191 latency_ms=64.3475
[2026-08-15T09:26:24] SAMPLE t=82s phase=Recovery adaptation=without_ML throughput_gbps=8.1331 latency_ms=67.3546
[2026-08-15T09:26:25] SAMPLE t=83s phase=Recovery adaptation=without_ML throughput_gbps=7.984 latency_ms=66.4177
[2026-08-15T09:26:26] SAMPLE t=84s phase=Recovery adaptation=without_ML throughput_gbps=7.9713 latency_ms=66.1531
[2026-08-15T09:26:27] SAMPLE t=85s phase=Recovery adaptation=without_ML throughput_gbps=7.9987 latency_ms=66.4584
[2026-08-15T09:26:28] SAMPLE t=86s phase=Recovery adaptation=without_ML throughput_gbps=8.0481 latency_ms=66.1954
[2026-08-15T09:26:29] SAMPLE t=87s phase=Recovery adaptation=without_ML throughput_gbps=8.2865 latency_ms=65.7675
[2026-08-15T09:26:30] SAMPLE t=88s phase=Recovery adaptation=without_ML throughput_gbps=7.6559 latency_ms=66.4534
[2026-08-15T09:26:31] SAMPLE t=89s phase=Recovery adaptation=without_ML throughput_gbps=7.8685 latency_ms=65.2564
[2026-08-15T09:26:32] SAMPLE t=90s phase=Recovery adaptation=without_ML throughput_gbps=7.9777 latency_ms=66.2043
[2026-08-15T09:26:33] SAMPLE t=91s phase=Recovery adaptation=without_ML throughput_gbps=8.0876 latency_ms=66.9549
[2026-08-15T09:26:34] SAMPLE t=92s phase=Recovery adaptation=without_ML throughput_gbps=8.1652 latency_ms=65.1859
[2026-08-15T09:26:35] SAMPLE t=93s phase=Recovery adaptation=without_ML throughput_gbps=8.1049 latency_ms=67.0852
[2026-08-15T09:26:36] SAMPLE t=94s phase=Recovery adaptation=without_ML throughput_gbps=7.6919 latency_ms=65.3016
[2026-08-15T09:26:37] SAMPLE t=95s phase=Recovery adaptation=without_ML throughput_gbps=7.6711 latency_ms=65.8556
[2026-08-15T09:26:38] SAMPLE t=96s phase=Recovery adaptation=without_ML throughput_gbps=8.3152 latency_ms=63.4995
[2026-08-15T09:26:39] SAMPLE t=97s phase=Recovery adaptation=without_ML throughput_gbps=7.7985 latency_ms=64.9118
[2026-08-15T09:26:40] SAMPLE t=98s phase=Recovery adaptation=without_ML throughput_gbps=7.9347 latency_ms=65.317
[2026-08-15T09:26:41] SAMPLE t=99s phase=Recovery adaptation=without_ML throughput_gbps=8.1313 latency_ms=66.2376
[2026-08-15T09:25:02] TRACE_END run_id=104 status=OK
[2026-08-15T09:36:11] TRACE_START run_id=105
[2026-08-15T09:36:11] SAMPLE t=0s phase=Stable adaptation=with_ML throughput_gbps=7.7331 latency_ms=67.6881
[2026-08-15T09:36:12] SAMPLE t=1s phase=Stable adaptation=with_ML throughput_gbps=7.854 latency_ms=67.0611
[2026-08-15T09:36:13] SAMPLE t=2s phase=Stable adaptation=with_ML throughput_gbps=7.8046 latency_ms=67.9361
[2026-08-15T09:36:14] SAMPLE t=3s phase=Stable adaptation=with_ML throughput_gbps=7.7203 latency_ms=65.5855
[2026-08-15T09:36:15] SAMPLE t=4s phase=Stable adaptation=with_ML throughput_gbps=8.057 latency_ms=68.0354
[2026-08-15T09:36:16] SAMPLE t=5s phase=Stable adaptation=with_ML throughput_gbps=8.0491 latency_ms=64.6292
[2026-08-15T09:36:17] SAMPLE t=6s phase=Stable adaptation=with_ML throughput_gbps=7.8879 latency_ms=67.7243
[2026-08-15T09:36:18] SAMPLE t=7s phase=Stable adaptation=with_ML throughput_gbps=8.1459 latency_ms=67.8498
[2026-08-15T09:36:19] SAMPLE t=8s phase=Stable adaptation=with_ML throughput_gbps=7.9772 latency_ms=66.3117
[2026-08-15T09:36:20] SAMPLE t=9s phase=Stable adaptation=with_ML throughput_gbps=8.1026 latency_ms=66.4372
[2026-08-15T09:36:21] SAMPLE t=10s phase=Stable adaptation=with_ML throughput_gbps=8.0268 latency_ms=65.5513
[2026-08-15T09:36:22] SAMPLE t=11s phase=Stable adaptation=with_ML throughput_gbps=7.9727 latency_ms=67.8476
[2026-08-15T09:36:23] SAMPLE t=12s phase=Stable adaptation=with_ML throughput_gbps=8.2807 latency_ms=66.9955
[2026-08-15T09:36:24] SAMPLE t=13s phase=Stable adaptation=with_ML throughput_gbps=7.7899 latency_ms=67.4719
[2026-08-15T09:36:25] SAMPLE t=14s phase=Stable adaptation=with_ML throughput_gbps=8.2311 latency_ms=66.7181
[2026-08-15T09:36:26] SAMPLE t=15s phase=Stable adaptation=with_ML throughput_gbps=7.9056 latency_ms=65.8874
[2026-08-15T09:36:27] SAMPLE t=16s phase=Stable adaptation=with_ML throughput_gbps=8.3466 latency_ms=66.5354
[2026-08-15T09:36:28] SAMPLE t=17s phase=Stable adaptation=with_ML throughput_gbps=8.0834 latency_ms=64.7779
[2026-08-15T09:36:29] SAMPLE t=18s phase=Stable adaptation=with_ML throughput_gbps=7.6676 latency_ms=67.6355
[2026-08-15T09:36:30] SAMPLE t=19s phase=Stable adaptation=with_ML throughput_gbps=8.0338 latency_ms=66.3149
[2026-08-15T09:36:31] SAMPLE t=20s phase=Congestion adaptation=with_ML throughput_gbps=7.6326 latency_ms=67.3065
[2026-08-15T09:36:32] SAMPLE t=21s phase=Congestion adaptation=with_ML throughput_gbps=8.1265 latency_ms=67.3621
[2026-08-15T09:36:33] SAMPLE t=22s phase=Congestion adaptation=with_ML throughput_gbps=7.9679 latency_ms=66.227
[2026-08-15T09:36:34] SAMPLE t=23s phase=Congestion adaptation=with_ML throughput_gbps=8.3975 latency_ms=65.4601
[2026-08-15T09:36:35] SAMPLE t=24s phase=Congestion adaptation=with_ML throughput_gbps=7.9151 latency_ms=68.288
[2026-08-15T09:36:36] SAMPLE t=25s phase=Congestion adaptation=with_ML throughput_gbps=8.2022 latency_ms=66.5119
[2026-08-15T09:36:37] SAMPLE t=26s phase=Congestion adaptation=with_ML throughput_gbps=8.0363 latency_ms=66.7724
[2026-08-15T09:36:38] SAMPLE t=27s phase=Congestion adaptation=with_ML throughput_gbps=8.042 latency_ms=66.2736
[2026-08-15T09:36:39] SAMPLE t=28s phase=Congestion adaptation=with_ML throughput_gbps=8.1525 latency_ms=65.8149
[2026-08-15T09:36:40] SAMPLE t=29s phase=Congestion adaptation=with_ML throughput_gbps=7.9219 latency_ms=67.4989
[2026-08-15T09:36:41] SAMPLE t=30s phase=Congestion adaptation=with_ML throughput_gbps=8.1356 latency_ms=68.6917
[2026-08-15T09:36:42] SAMPLE t=31s phase=Congestion adaptation=with_ML throughput_gbps=8.1094 latency_ms=66.9795
[2026-08-15T09:36:43] SAMPLE t=32s phase=Congestion adaptation=with_ML throughput_gbps=7.786 latency_ms=67.8236
[2026-08-15T09:36:44] SAMPLE t=33s phase=Congestion adaptation=with_ML throughput_gbps=7.9383 latency_ms=66.0476
[2026-08-15T09:36:45] SAMPLE t=34s phase=Congestion adaptation=with_ML throughput_gbps=7.8599 latency_ms=66.4505
[2026-08-15T09:36:46] SAMPLE t=35s phase=Congestion adaptation=with_ML throughput_gbps=8.0789 latency_ms=67.2307
[2026-08-15T09:36:47] SAMPLE t=36s phase=Congestion adaptation=with_ML throughput_gbps=8.2533 latency_ms=67.582
[2026-08-15T09:36:48] SAMPLE t=37s phase=Congestion adaptation=with_ML throughput_gbps=7.971 latency_ms=67.0781
[2026-08-15T09:36:49] SAMPLE t=38s phase=Congestion adaptation=with_ML throughput_gbps=8.2446 latency_ms=67.8509
[2026-08-15T09:36:50] SAMPLE t=39s phase=Congestion adaptation=with_ML throughput_gbps=8.0713 latency_ms=67.4948
[2026-08-15T09:36:51] SAMPLE t=40s phase=Path_change adaptation=with_ML throughput_gbps=8.2077 latency_ms=67.7337
[2026-08-15T09:36:52] SAMPLE t=41s phase=Path_change adaptation=with_ML throughput_gbps=7.9446 latency_ms=68.0871
[2026-08-15T09:36:53] SAMPLE t=42s phase=Path_change adaptation=with_ML throughput_gbps=7.98 latency_ms=66.5601
[2026-08-15T09:36:54] SAMPLE t=43s phase=Path_change adaptation=with_ML throughput_gbps=7.6645 latency_ms=66.93
[2026-08-15T09:36:55] SAMPLE t=44s phase=Path_change adaptation=with_ML throughput_gbps=7.5799 latency_ms=64.7057
[2026-08-15T09:36:56] SAMPLE t=45s phase=Path_change adaptation=with_ML throughput_gbps=7.5416 latency_ms=67.2176
[2026-08-15T09:36:57] SAMPLE t=46s phase=Path_change adaptation=with_ML throughput_gbps=7.3205 latency_ms=66.8029
[2026-08-15T09:36:58] SAMPLE t=47s phase=Path_change adaptation=with_ML throughput_gbps=7.1456 latency_ms=69.6932
[2026-08-15T09:36:59] SAMPLE t=48s phase=Path_change adaptation=with_ML throughput_gbps=7.0422 latency_ms=67.8033
[2026-08-15T09:37:00] SAMPLE t=49s phase=Path_change adaptation=with_ML throughput_gbps=7.0684 latency_ms=67.3486
[2026-08-15T09:37:01] SAMPLE t=50s phase=Path_change adaptation=with_ML throughput_gbps=7.0897 latency_ms=69.4141
[2026-08-15T09:37:02] SAMPLE t=51s phase=Path_change adaptation=with_ML throughput_gbps=7.0077 latency_ms=69.8592
[2026-08-15T09:37:03] SAMPLE t=52s phase=Path_change adaptation=with_ML throughput_gbps=7.0995 latency_ms=68.4917
[2026-08-15T09:37:04] SAMPLE t=53s phase=Path_change adaptation=with_ML throughput_gbps=7.1133 latency_ms=67.9363
[2026-08-15T09:37:05] SAMPLE t=54s phase=Path_change adaptation=with_ML throughput_gbps=7.2257 latency_ms=68.5109
[2026-08-15T09:37:06] SAMPLE t=55s phase=Path_change adaptation=with_ML throughput_gbps=7.5683 latency_ms=68.4384
[2026-08-15T09:37:07] SAMPLE t=56s phase=Path_change adaptation=with_ML throughput_gbps=7.7639 latency_ms=66.7462
[2026-08-15T09:37:08] SAMPLE t=57s phase=Path_change adaptation=with_ML throughput_gbps=8.0236 latency_ms=65.8196
[2026-08-15T09:37:09] SAMPLE t=58s phase=Path_change adaptation=with_ML throughput_gbps=7.5117 latency_ms=66.1341
[2026-08-15T09:37:10] SAMPLE t=59s phase=Path_change adaptation=with_ML throughput_gbps=7.9706 latency_ms=63.7958
[2026-08-15T09:37:11] SAMPLE t=60s phase=Loss_spike adaptation=with_ML throughput_gbps=7.3603 latency_ms=66.4681
[2026-08-15T09:37:12] SAMPLE t=61s phase=Loss_spike adaptation=with_ML throughput_gbps=8.4079 latency_ms=69.6909
[2026-08-15T09:37:13] SAMPLE t=62s phase=Loss_spike adaptation=with_ML throughput_gbps=7.9647 latency_ms=70.5265
[2026-08-15T09:37:14] SAMPLE t=63s phase=Loss_spike adaptation=with_ML throughput_gbps=6.6899 latency_ms=69.5608
[2026-08-15T09:37:15] SAMPLE t=64s phase=Loss_spike adaptation=with_ML throughput_gbps=6.4648 latency_ms=70.9727
[2026-08-15T09:37:16] SAMPLE t=65s phase=Loss_spike adaptation=with_ML throughput_gbps=7.1992 latency_ms=66.5636
[2026-08-15T09:37:17] SAMPLE t=66s phase=Loss_spike adaptation=with_ML throughput_gbps=8.3572 latency_ms=73.4961
[2026-08-15T09:37:18] SAMPLE t=67s phase=Loss_spike adaptation=with_ML throughput_gbps=7.4688 latency_ms=68.6566
[2026-08-15T09:37:19] SAMPLE t=68s phase=Loss_spike adaptation=with_ML throughput_gbps=6.9628 latency_ms=69.9922
[2026-08-15T09:37:20] SAMPLE t=69s phase=Loss_spike adaptation=with_ML throughput_gbps=6.3815 latency_ms=71.0033
[2026-08-15T09:37:21] SAMPLE t=70s phase=Loss_spike adaptation=with_ML throughput_gbps=7.4436 latency_ms=67.4083
[2026-08-15T09:37:22] SAMPLE t=71s phase=Loss_spike adaptation=with_ML throughput_gbps=8.2999 latency_ms=72.7256
[2026-08-15T09:37:23] SAMPLE t=72s phase=Loss_spike adaptation=with_ML throughput_gbps=7.7342 latency_ms=69.4432
[2026-08-15T09:37:24] SAMPLE t=73s phase=Loss_spike adaptation=with_ML throughput_gbps=6.2992 latency_ms=69.5227
[2026-08-15T09:37:25] SAMPLE t=74s phase=Loss_spike adaptation=with_ML throughput_gbps=6.2799 latency_ms=70.0118
[2026-08-15T09:37:26] SAMPLE t=75s phase=Loss_spike adaptation=with_ML throughput_gbps=7.2249 latency_ms=69.0237
[2026-08-15T09:37:27] SAMPLE t=76s phase=Loss_spike adaptation=with_ML throughput_gbps=8.2788 latency_ms=72.0012
[2026-08-15T09:37:28] SAMPLE t=77s phase=Loss_spike adaptation=with_ML throughput_gbps=8.1991 latency_ms=70.3148
[2026-08-15T09:37:29] SAMPLE t=78s phase=Loss_spike adaptation=with_ML throughput_gbps=6.526 latency_ms=69.7163
[2026-08-15T09:37:30] SAMPLE t=79s phase=Loss_spike adaptation=with_ML throughput_gbps=6.3662 latency_ms=69.493
[2026-08-15T09:37:31] SAMPLE t=80s phase=Recovery adaptation=with_ML throughput_gbps=7.7989 latency_ms=64.6896
[2026-08-15T09:37:32] SAMPLE t=81s phase=Recovery adaptation=with_ML throughput_gbps=7.9549 latency_ms=66.069
[2026-08-15T09:37:33] SAMPLE t=82s phase=Recovery adaptation=with_ML throughput_gbps=8.2839 latency_ms=66.5391
[2026-08-15T09:37:34] SAMPLE t=83s phase=Recovery adaptation=with_ML throughput_gbps=8.0576 latency_ms=67.9941
[2026-08-15T09:37:35] SAMPLE t=84s phase=Recovery adaptation=with_ML throughput_gbps=7.9826 latency_ms=65.9768
[2026-08-15T09:37:36] SAMPLE t=85s phase=Recovery adaptation=with_ML throughput_gbps=8.3692 latency_ms=63.7459
[2026-08-15T09:37:37] SAMPLE t=86s phase=Recovery adaptation=with_ML throughput_gbps=8.3293 latency_ms=63.7735
[2026-08-15T09:37:38] SAMPLE t=87s phase=Recovery adaptation=with_ML throughput_gbps=8.3259 latency_ms=64.9151
[2026-08-15T09:37:39] SAMPLE t=88s phase=Recovery adaptation=with_ML throughput_gbps=8.6246 latency_ms=65.5672
[2026-08-15T09:37:40] SAMPLE t=89s phase=Recovery adaptation=with_ML throughput_gbps=8.1239 latency_ms=64.0172
[2026-08-15T09:37:41] SAMPLE t=90s phase=Recovery adaptation=with_ML throughput_gbps=8.5941 latency_ms=65.0844
[2026-08-15T09:37:42] SAMPLE t=91s phase=Recovery adaptation=with_ML throughput_gbps=8.0721 latency_ms=65.2024
[2026-08-15T09:37:43] SAMPLE t=92s phase=Recovery adaptation=with_ML throughput_gbps=8.3077 latency_ms=64.5011
[2026-08-15T09:37:44] SAMPLE t=93s phase=Recovery adaptation=with_ML throughput_gbps=8.473 latency_ms=65.506
[2026-08-15T09:37:45] SAMPLE t=94s phase=Recovery adaptation=with_ML throughput_gbps=8.3254 latency_ms=65.8327
[2026-08-15T09:37:46] SAMPLE t=95s phase=Recovery adaptation=with_ML throughput_gbps=8.5512 latency_ms=67.7107
[2026-08-15T09:37:47] SAMPLE t=96s phase=Recovery adaptation=with_ML throughput_gbps=8.5403 latency_ms=66.3652
[2026-08-15T09:37:48] SAMPLE t=97s phase=Recovery adaptation=with_ML throughput_gbps=8.2755 latency_ms=63.8
[2026-08-15T09:37:49] SAMPLE t=98s phase=Recovery adaptation=with_ML throughput_gbps=8.6891 latency_ms=66.6101
[2026-08-15T09:37:50] SAMPLE t=99s phase=Recovery adaptation=with_ML throughput_gbps=8.7637 latency_ms=63.133
[2026-08-15T09:36:11] SAMPLE t=0s phase=Stable adaptation=without_ML throughput_gbps=8.1795 latency_ms=66.4399
[2026-08-15T09:36:12] SAMPLE t=1s phase=Stable adaptation=without_ML throughput_gbps=7.5948 latency_ms=68.289
[2026-08-15T09:36:13] SAMPLE t=2s phase=Stable adaptation=without_ML throughput_gbps=7.9362 latency_ms=65.7608
[2026-08-15T09:36:14] SAMPLE t=3s phase=Stable adaptation=without_ML throughput_gbps=7.9649 latency_ms=63.0327
[2026-08-15T09:36:15] SAMPLE t=4s phase=Stable adaptation=without_ML throughput_gbps=7.9492 latency_ms=66.8241
[2026-08-15T09:36:16] SAMPLE t=5s phase=Stable adaptation=without_ML throughput_gbps=7.9062 latency_ms=66.7882
[2026-08-15T09:36:17] SAMPLE t=6s phase=Stable adaptation=without_ML throughput_gbps=8.3924 latency_ms=66.2476
[2026-08-15T09:36:18] SAMPLE t=7s phase=Stable adaptation=without_ML throughput_gbps=8.1337 latency_ms=66.2083
[2026-08-15T09:36:19] SAMPLE t=8s phase=Stable adaptation=without_ML throughput_gbps=7.7493 latency_ms=64.1031
[2026-08-15T09:36:20] SAMPLE t=9s phase=Stable adaptation=without_ML throughput_gbps=7.8981 latency_ms=66.9134
[2026-08-15T09:36:21] SAMPLE t=10s phase=Stable adaptation=without_ML throughput_gbps=7.8352 latency_ms=67.7505
[2026-08-15T09:36:22] SAMPLE t=11s phase=Stable adaptation=without_ML throughput_gbps=7.8221 latency_ms=67.7413
[2026-08-15T09:36:23] SAMPLE t=12s phase=Stable adaptation=without_ML throughput_gbps=7.9998 latency_ms=66.6819
[2026-08-15T09:36:24] SAMPLE t=13s phase=Stable adaptation=without_ML throughput_gbps=8.1006 latency_ms=63.8121
[2026-08-15T09:36:25] SAMPLE t=14s phase=Stable adaptation=without_ML throughput_gbps=7.7047 latency_ms=65.2645
[2026-08-15T09:36:26] SAMPLE t=15s phase=Stable adaptation=without_ML throughput_gbps=8.0411 latency_ms=65.6569
[2026-08-15T09:36:27] SAMPLE t=16s phase=Stable adaptation=without_ML throughput_gbps=7.9021 latency_ms=65.2549
[2026-08-15T09:36:28] SAMPLE t=17s phase=Stable adaptation=without_ML throughput_gbps=7.3523 latency_ms=64.4494
[2026-08-15T09:36:29] SAMPLE t=18s phase=Stable adaptation=without_ML throughput_gbps=7.859 latency_ms=64.7048
[2026-08-15T09:36:30] SAMPLE t=19s phase=Stable adaptation=without_ML throughput_gbps=7.8154 latency_ms=64.0961
[2026-08-15T09:36:31] SAMPLE t=20s phase=Congestion adaptation=without_ML throughput_gbps=8.1451 latency_ms=65.6298
[2026-08-15T09:36:32] SAMPLE t=21s phase=Congestion adaptation=without_ML throughput_gbps=8.0633 latency_ms=67.304
[2026-08-15T09:36:33] SAMPLE t=22s phase=Congestion adaptation=without_ML throughput_gbps=7.7287 latency_ms=67.0893
[2026-08-15T09:36:34] SAMPLE t=23s phase=Congestion adaptation=without_ML throughput_gbps=7.7886 latency_ms=65.6067
[2026-08-15T09:36:35] SAMPLE t=24s phase=Congestion adaptation=without_ML throughput_gbps=8.49 latency_ms=66.3327
[2026-08-15T09:36:36] SAMPLE t=25s phase=Congestion adaptation=without_ML throughput_gbps=8.0027 latency_ms=66.9245
[2026-08-15T09:36:37] SAMPLE t=26s phase=Congestion adaptation=without_ML throughput_gbps=7.8393 latency_ms=65.4889
[2026-08-15T09:36:38] SAMPLE t=27s phase=Congestion adaptation=without_ML throughput_gbps=7.8958 latency_ms=67.323
[2026-08-15T09:36:39] SAMPLE t=28s phase=Congestion adaptation=without_ML throughput_gbps=7.5967 latency_ms=67.2253
[2026-08-15T09:36:40] SAMPLE t=29s phase=Congestion adaptation=without_ML throughput_gbps=8.1633 latency_ms=67.8124
[2026-08-15T09:36:41] SAMPLE t=30s phase=Congestion adaptation=without_ML throughput_gbps=8.3877 latency_ms=65.9797
[2026-08-15T09:36:42] SAMPLE t=31s phase=Congestion adaptation=without_ML throughput_gbps=8.2701 latency_ms=66.9391
[2026-08-15T09:36:43] SAMPLE t=32s phase=Congestion adaptation=without_ML throughput_gbps=7.428 latency_ms=66.6024
[2026-08-15T09:36:44] SAMPLE t=33s phase=Congestion adaptation=without_ML throughput_gbps=7.8524 latency_ms=65.9074
[2026-08-15T09:36:45] SAMPLE t=34s phase=Congestion adaptation=without_ML throughput_gbps=8.0761 latency_ms=64.9985
[2026-08-15T09:36:46] SAMPLE t=35s phase=Congestion adaptation=without_ML throughput_gbps=7.9515 latency_ms=66.2349
[2026-08-15T09:36:47] SAMPLE t=36s phase=Congestion adaptation=without_ML throughput_gbps=8.2185 latency_ms=67.2825
[2026-08-15T09:36:48] SAMPLE t=37s phase=Congestion adaptation=without_ML throughput_gbps=8.066 latency_ms=67.1472
[2026-08-15T09:36:49] SAMPLE t=38s phase=Congestion adaptation=without_ML throughput_gbps=7.7838 latency_ms=68.4712
[2026-08-15T09:36:50] SAMPLE t=39s phase=Congestion adaptation=without_ML throughput_gbps=8.0148 latency_ms=65.536
[2026-08-15T09:36:51] SAMPLE t=40s phase=Path_change adaptation=without_ML throughput_gbps=8.4253 latency_ms=64.8087
[2026-08-15T09:36:52] SAMPLE t=41s phase=Path_change adaptation=without_ML throughput_gbps=7.7639 latency_ms=68.7913
[2026-08-15T09:36:53] SAMPLE t=42s phase=Path_change adaptation=without_ML throughput_gbps=7.3172 latency_ms=68.4729
[2026-08-15T09:36:54] SAMPLE t=43s phase=Path_change adaptation=without_ML throughput_gbps=6.7777 latency_ms=68.2816
[2026-08-15T09:36:55] SAMPLE t=44s phase=Path_change adaptation=without_ML throughput_gbps=6.1716 latency_ms=67.7217
[2026-08-15T09:36:56] SAMPLE t=45s phase=Path_change adaptation=without_ML throughput_gbps=6.3297 latency_ms=70.5336
[2026-08-15T09:36:57] SAMPLE t=46s phase=Path_change adaptation=without_ML throughput_gbps=6.1921 latency_ms=70.629
[2026-08-15T09:36:58] SAMPLE t=47s phase=Path_change adaptation=without_ML throughput_gbps=5.7044 latency_ms=73.816
[2026-08-15T09:36:59] SAMPLE t=48s phase=Path_change adaptation=without_ML throughput_gbps=5.9084 latency_ms=74.988
[2026-08-15T09:37:00] SAMPLE t=49s phase=Path_change adaptation=without_ML throughput_gbps=5.7813 latency_ms=73.1842
[2026-08-15T09:37:01] SAMPLE t=50s phase=Path_change adaptation=without_ML throughput_gbps=5.7399 latency_ms=72.7115
[2026-08-15T09:37:02] SAMPLE t=51s phase=Path_change adaptation=without_ML throughput_gbps=5.5602 latency_ms=73.7779
[2026-08-15T09:37:03] SAMPLE t=52s phase=Path_change adaptation=without_ML throughput_gbps=5.4225 latency_ms=70.6825
[2026-08-15T09:37:04] SAMPLE t=53s phase=Path_change adaptation=without_ML throughput_gbps=6.1557 latency_ms=74.8425
[2026-08-15T09:37:05] SAMPLE t=54s phase=Path_change adaptation=without_ML throughput_gbps=6.4239 latency_ms=69.9103
[2026-08-15T09:37:06] SAMPLE t=55s phase=Path_change adaptation=without_ML throughput_gbps=6.0369 latency_ms=72.2773
[2026-08-15T09:37:07] SAMPLE t=56s phase=Path_change adaptation=without_ML throughput_gbps=6.2532 latency_ms=70.6561
[2026-08-15T09:37:08] SAMPLE t=57s phase=Path_change adaptation=without_ML throughput_gbps=7.2006 latency_ms=66.9362
[2026-08-15T09:37:09] SAMPLE t=58s phase=Path_change adaptation=without_ML throughput_gbps=7.099 latency_ms=67.23
[2026-08-15T09:37:10] SAMPLE t=59s phase=Path_change adaptation=without_ML throughput_gbps=7.7713 latency_ms=66.3368
[2026-08-15T09:37:11] SAMPLE t=60s phase=Loss_spike adaptation=without_ML throughput_gbps=6.4573 latency_ms=68.7834
[2026-08-15T09:37:12] SAMPLE t=61s phase=Loss_spike adaptation=without_ML throughput_gbps=8.3467 latency_ms=81.4499
[2026-08-15T09:37:13] SAMPLE t=62s phase=Loss_spike adaptation=without_ML throughput_gbps=7.8439 latency_ms=72.8685
[2026-08-15T09:37:14] SAMPLE t=63s phase=Loss_spike adaptation=without_ML throughput_gbps=4.8046 latency_ms=76.8816
[2026-08-15T09:37:15] SAMPLE t=64s phase=Loss_spike adaptation=without_ML throughput_gbps=3.9073 latency_ms=76.8232
[2026-08-15T09:37:16] SAMPLE t=65s phase=Loss_spike adaptation=without_ML throughput_gbps=6.1384 latency_ms=68.4795
[2026-08-15T09:37:17] SAMPLE t=66s phase=Loss_spike adaptation=without_ML throughput_gbps=8.374 latency_ms=80.3694
[2026-08-15T09:37:18] SAMPLE t=67s phase=Loss_spike adaptation=without_ML throughput_gbps=7.3737 latency_ms=75.6728
[2026-08-15T09:37:19] SAMPLE t=68s phase=Loss_spike adaptation=without_ML throughput_gbps=5.0367 latency_ms=77.7062
[2026-08-15T09:37:20] SAMPLE t=69s phase=Loss_spike adaptation=without_ML throughput_gbps=3.9227 latency_ms=77.5303
[2026-08-15T09:37:21] SAMPLE t=70s phase=Loss_spike adaptation=without_ML throughput_gbps=5.9982 latency_ms=69.3116
[2026-08-15T09:37:22] SAMPLE t=71s phase=Loss_spike adaptation=without_ML throughput_gbps=8.1517 latency_ms=82.0479
[2026-08-15T09:37:23] SAMPLE t=72s phase=Loss_spike adaptation=without_ML throughput_gbps=7.5947 latency_ms=75.9475
[2026-08-15T09:37:24] SAMPLE t=73s phase=Loss_spike adaptation=without_ML throughput_gbps=5.22 latency_ms=76.4197
[2026-08-15T09:37:25] SAMPLE t=74s phase=Loss_spike adaptation=without_ML throughput_gbps=3.9686 latency_ms=78.3678
[2026-08-15T09:37:26] SAMPLE t=75s phase=Loss_spike adaptation=without_ML throughput_gbps=6.3954 latency_ms=70.3261
[2026-08-15T09:37:27] SAMPLE t=76s phase=Loss_spike adaptation=without_ML throughput_gbps=8.4126 latency_ms=78.7486
[2026-08-15T09:37:28] SAMPLE t=77s phase=Loss_spike adaptation=without_ML throughput_gbps=7.5219 latency_ms=74.6848
[2026-08-15T09:37:29] SAMPLE t=78s phase=Loss_spike adaptation=without_ML throughput_gbps=5.1456 latency_ms=78.8053
[2026-08-15T09:37:30] SAMPLE t=79s phase=Loss_spike adaptation=without_ML throughput_gbps=3.8587 latency_ms=78.3571
[2026-08-15T09:37:31] SAMPLE t=80s phase=Recovery adaptation=without_ML throughput_gbps=7.8297 latency_ms=66.5005
[2026-08-15T09:37:32] SAMPLE t=81s phase=Recovery adaptation=without_ML throughput_gbps=8.053 latency_ms=66.3422
[2026-08-15T09:37:33] SAMPLE t=82s phase=Recovery adaptation=without_ML throughput_gbps=7.6619 latency_ms=68.7835
[2026-08-15T09:37:34] SAMPLE t=83s phase=Recovery adaptation=without_ML throughput_gbps=8.0445 latency_ms=65.9728
[2026-08-15T09:37:35] SAMPLE t=84s phase=Recovery adaptation=without_ML throughput_gbps=8.0207 latency_ms=67.1279
[2026-08-15T09:37:36] SAMPLE t=85s phase=Recovery adaptation=without_ML throughput_gbps=8.0227 latency_ms=63.8676
[2026-08-15T09:37:37] SAMPLE t=86s phase=Recovery adaptation=without_ML throughput_gbps=8.1078 latency_ms=66.0224
[2026-08-15T09:37:38] SAMPLE t=87s phase=Recovery adaptation=without_ML throughput_gbps=8.2291 latency_ms=64.0501
[2026-08-15T09:37:39] SAMPLE t=88s phase=Recovery adaptation=without_ML throughput_gbps=8.1381 latency_ms=66.3255
[2026-08-15T09:37:40] SAMPLE t=89s phase=Recovery adaptation=without_ML throughput_gbps=8.0303 latency_ms=64.9294
[2026-08-15T09:37:41] SAMPLE t=90s phase=Recovery adaptation=without_ML throughput_gbps=8.0983 latency_ms=68.0519
[2026-08-15T09:37:42] SAMPLE t=91s phase=Recovery adaptation=without_ML throughput_gbps=8.3072 latency_ms=65.3883
[2026-08-15T09:37:43] SAMPLE t=92s phase=Recovery adaptation=without_ML throughput_gbps=7.9131 latency_ms=63.9248
[2026-08-15T09:37:44] SAMPLE t=93s phase=Recovery adaptation=without_ML throughput_gbps=7.6523 latency_ms=64.6963
[2026-08-15T09:37:45] SAMPLE t=94s phase=Recovery adaptation=without_ML throughput_gbps=8.1756 latency_ms=68.0456
[2026-08-15T09:37:46] SAMPLE t=95s phase=Recovery adaptation=without_ML throughput_gbps=8.2792 latency_ms=67.0652
[2026-08-15T09:37:47] SAMPLE t=96s phase=Recovery adaptation=without_ML throughput_gbps=8.4044 latency_ms=63.7984
[2026-08-15T09:37:48] SAMPLE t=97s phase=Recovery adaptation=without_ML throughput_gbps=7.7498 latency_ms=67.1072
[2026-08-15T09:37:49] SAMPLE t=98s phase=Recovery adaptation=without_ML throughput_gbps=8.1473 latency_ms=67.5043
[2026-08-15T09:37:50] SAMPLE t=99s phase=Recovery adaptation=without_ML throughput_gbps=8.0646 latency_ms=65.148
[2026-08-15T09:36:11] TRACE_END run_id=105 status=OK
[2026-08-15T22:49:52] TRACE_START run_id=106
[2026-08-15T22:49:52] SAMPLE t=0s phase=Stable adaptation=with_ML throughput_gbps=7.9704 latency_ms=69.014
[2026-08-15T22:49:53] SAMPLE t=1s phase=Stable adaptation=with_ML throughput_gbps=7.8551 latency_ms=65.0198
[2026-08-15T22:49:54] SAMPLE t=2s phase=Stable adaptation=with_ML throughput_gbps=7.6223 latency_ms=65.8484
[2026-08-15T22:49:55] SAMPLE t=3s phase=Stable adaptation=with_ML throughput_gbps=8.5516 latency_ms=66.8169
[2026-08-15T22:49:56] SAMPLE t=4s phase=Stable adaptation=with_ML throughput_gbps=8.2186 latency_ms=66.2777
[2026-08-15T22:49:57] SAMPLE t=5s phase=Stable adaptation=with_ML throughput_gbps=8.182 latency_ms=67.0714
[2026-08-15T22:49:58] SAMPLE t=6s phase=Stable adaptation=with_ML throughput_gbps=8.1902 latency_ms=64.8248
[2026-08-15T22:49:59] SAMPLE t=7s phase=Stable adaptation=with_ML throughput_gbps=8.1539 latency_ms=66.9636
[2026-08-15T22:50:00] SAMPLE t=8s phase=Stable adaptation=with_ML throughput_gbps=8.4202 latency_ms=65.1122
[2026-08-15T22:50:01] SAMPLE t=9s phase=Stable adaptation=with_ML throughput_gbps=8.2172 latency_ms=66.5921
[2026-08-15T22:50:02] SAMPLE t=10s phase=Stable adaptation=with_ML throughput_gbps=8.2025 latency_ms=64.4332
[2026-08-15T22:50:03] SAMPLE t=11s phase=Stable adaptation=with_ML throughput_gbps=8.1112 latency_ms=66.7373
[2026-08-15T22:50:04] SAMPLE t=12s phase=Stable adaptation=with_ML throughput_gbps=7.9536 latency_ms=65.32
[2026-08-15T22:50:05] SAMPLE t=13s phase=Stable adaptation=with_ML throughput_gbps=8.3694 latency_ms=67.0288
[2026-08-15T22:50:06] SAMPLE t=14s phase=Stable adaptation=with_ML throughput_gbps=8.271 latency_ms=64.8517
[2026-08-15T22:50:07] SAMPLE t=15s phase=Stable adaptation=with_ML throughput_gbps=8.7005 latency_ms=65.9224
[2026-08-15T22:50:08] SAMPLE t=16s phase=Stable adaptation=with_ML throughput_gbps=8.0096 latency_ms=65.5747
[2026-08-15T22:50:09] SAMPLE t=17s phase=Stable adaptation=with_ML throughput_gbps=8.1315 latency_ms=65.303
[2026-08-15T22:50:10] SAMPLE t=18s phase=Stable adaptation=with_ML throughput_gbps=8.2137 latency_ms=65.8235
[2026-08-15T22:50:11] SAMPLE t=19s phase=Stable adaptation=with_ML throughput_gbps=8.1117 latency_ms=67.841
[2026-08-15T22:50:12] SAMPLE t=20s phase=Congestion adaptation=with_ML throughput_gbps=8.0787 latency_ms=68.4958
[2026-08-15T22:50:13] SAMPLE t=21s phase=Congestion adaptation=with_ML throughput_gbps=7.9802 latency_ms=66.5455
[2026-08-15T22:50:14] SAMPLE t=22s phase=Congestion adaptation=with_ML throughput_gbps=8.4583 latency_ms=65.8511
[2026-08-15T22:50:15] SAMPLE t=23s phase=Congestion adaptation=with_ML throughput_gbps=8.1874 latency_ms=65.7522
[2026-08-15T22:50:16] SAMPLE t=24s phase=Congestion adaptation=with_ML throughput_gbps=7.9505 latency_ms=69.0281
[2026-08-15T22:50:17] SAMPLE t=25s phase=Congestion adaptation=with_ML throughput_gbps=8.4014 latency_ms=66.0889
[2026-08-15T22:50:18] SAMPLE t=26s phase=Congestion adaptation=with_ML throughput_gbps=7.9913 latency_ms=66.8024
[2026-08-15T22:50:19] SAMPLE t=27s phase=Congestion adaptation=with_ML throughput_gbps=7.9746 latency_ms=66.5361
[2026-08-15T22:50:20] SAMPLE t=28s phase=Congestion adaptation=with_ML throughput_gbps=7.7526 latency_ms=68.4358
[2026-08-15T22:50:21] SAMPLE t=29s phase=Congestion adaptation=with_ML throughput_gbps=8.4037 latency_ms=65.8169
[2026-08-15T22:50:22] SAMPLE t=30s phase=Congestion adaptation=with_ML throughput_gbps=8.0422 latency_ms=65.5675
[2026-08-15T22:50:23] SAMPLE t=31s phase=Congestion adaptation=with_ML throughput_gbps=8.2172 latency_ms=67.2574
[2026-08-15T22:50:24] SAMPLE t=32s phase=Congestion adaptation=with_ML throughput_gbps=7.8632 latency_ms=66.5243
[2026-08-15T22:50:25] SAMPLE t=33s phase=Congestion adaptation=with_ML throughput_gbps=8.2004 latency_ms=67.6133
[2026-08-15T22:50:26] SAMPLE t=34s phase=Congestion adaptation=with_ML throughput_gbps=7.9911 latency_ms=64.3589
[2026-08-15T22:50:27] SAMPLE t=35s phase=Congestion adaptation=with_ML throughput_gbps=7.9495 latency_ms=66.6006
[2026-08-15T22:50:28] SAMPLE t=36s phase=Congestion adaptation=with_ML throughput_gbps=8.1759 latency_ms=69.2064
[2026-08-15T22:50:29] SAMPLE t=37s phase=Congestion adaptation=with_ML throughput_gbps=8.2022 latency_ms=65.8023
[2026-08-15T22:50:30] SAMPLE t=38s phase=Congestion adaptation=with_ML throughput_gbps=8.2206 latency_ms=66.6138
[2026-08-15T22:50:31] SAMPLE t=39s phase=Congestion adaptation=with_ML throughput_gbps=8.3027 latency_ms=67.3675
[2026-08-15T22:50:32] SAMPLE t=40s phase=Path_change adaptation=with_ML throughput_gbps=8.3039 latency_ms=65.2316
[2026-08-15T22:50:33] SAMPLE t=41s phase=Path_change adaptation=with_ML throughput_gbps=7.6266 latency_ms=68.568
[2026-08-15T22:50:34] SAMPLE t=42s phase=Path_change adaptation=with_ML throughput_gbps=7.8985 latency_ms=65.8641
[2026-08-15T22:50:35] SAMPLE t=43s phase=Path_change adaptation=with_ML throughput_gbps=7.5672 latency_ms=66.6492
[2026-08-15T22:50:36] SAMPLE t=44s phase=Path_change adaptation=with_ML throughput_gbps=7.5563 latency_ms=68.0541
[2026-08-15T22:50:37] SAMPLE t=45s phase=Path_change adaptation=with_ML throughput_gbps=7.3202 latency_ms=68.7808
[2026-08-15T22:50:38] SAMPLE t=46s phase=Path_change adaptation=with_ML throughput_gbps=7.4948 latency_ms=67.2729
[2026-08-15T22:50:39] SAMPLE t=47s phase=Path_change adaptation=with_ML throughput_gbps=7.2922 latency_ms=70.1727
[2026-08-15T22:50:40] SAMPLE t=48s phase=Path_change adaptation=with_ML throughput_gbps=7.387 latency_ms=69.2964
[2026-08-15T22:50:41] SAMPLE t=49s phase=Path_change adaptation=with_ML throughput_gbps=7.3625 latency_ms=67.2392
[2026-08-15T22:50:42] SAMPLE t=50s phase=Path_change adaptation=with_ML throughput_gbps=7.3032 latency_ms=69.4132
[2026-08-15T22:50:43] SAMPLE t=51s phase=Path_change adaptation=with_ML throughput_gbps=7.3374 latency_ms=69.2678
[2026-08-15T22:50:44] SAMPLE t=52s phase=Path_change adaptation=with_ML throughput_gbps=7.6924 latency_ms=68.6466
[2026-08-15T22:50:45] SAMPLE t=53s phase=Path_change adaptation=with_ML throughput_gbps=7.5228 latency_ms=67.1154
[2026-08-15T22:50:46] SAMPLE t=54s phase=Path_change adaptation=with_ML throughput_gbps=7.3687 latency_ms=68.2647
[2026-08-15T22:50:47] SAMPLE t=55s phase=Path_change adaptation=with_ML throughput_gbps=7.367 latency_ms=70.3465
[2026-08-15T22:50:48] SAMPLE t=56s phase=Path_change adaptation=with_ML throughput_gbps=7.7679 latency_ms=65.925
[2026-08-15T22:50:49] SAMPLE t=57s phase=Path_change adaptation=with_ML throughput_gbps=7.8775 latency_ms=66.8902
[2026-08-15T22:50:50] SAMPLE t=58s phase=Path_change adaptation=with_ML throughput_gbps=7.8361 latency_ms=64.9491
[2026-08-15T22:50:51] SAMPLE t=59s phase=Path_change adaptation=with_ML throughput_gbps=7.7586 latency_ms=66.6282
[2026-08-15T22:50:52] SAMPLE t=60s phase=Loss_spike adaptation=with_ML throughput_gbps=7.2403 latency_ms=69.1444
[2026-08-15T22:50:53] SAMPLE t=61s phase=Loss_spike adaptation=with_ML throughput_gbps=8.2348 latency_ms=72.7304
[2026-08-15T22:50:54] SAMPLE t=62s phase=Loss_spike adaptation=with_ML throughput_gbps=7.8277 latency_ms=69.3953
[2026-08-15T22:50:55] SAMPLE t=63s phase=Loss_spike adaptation=with_ML throughput_gbps=6.5673 latency_ms=69.2393
[2026-08-15T22:50:56] SAMPLE t=64s phase=Loss_spike adaptation=with_ML throughput_gbps=6.4145 latency_ms=70.7419
[2026-08-15T22:50:57] SAMPLE t=65s phase=Loss_spike adaptation=with_ML throughput_gbps=7.4024 latency_ms=69.3328
[2026-08-15T22:50:58] SAMPLE t=66s phase=Loss_spike adaptation=with_ML throughput_gbps=8.795 latency_ms=70.3502
[2026-08-15T22:50:59] SAMPLE t=67s phase=Loss_spike adaptation=with_ML throughput_gbps=8.0394 latency_ms=69.8214
[2026-08-15T22:51:00] SAMPLE t=68s phase=Loss_spike adaptation=with_ML throughput_gbps=6.6386 latency_ms=69.8703
[2026-08-15T22:51:01] SAMPLE t=69s phase=Loss_spike adaptation=with_ML throughput_gbps=6.1709 latency_ms=70.989
[2026-08-15T22:51:02] SAMPLE t=70s phase=Loss_spike adaptation=with_ML throughput_gbps=7.3625 latency_ms=66.8113
[2026-08-15T22:51:03] SAMPLE t=71s phase=Loss_spike adaptation=with_ML throughput_gbps=8.2232 latency_ms=70.5647
[2026-08-15T22:51:04] SAMPLE t=72s phase=Loss_spike adaptation=with_ML throughput_gbps=7.8515 latency_ms=69.0058
[2026-08-15T22:51:05] SAMPLE t=73s phase=Loss_spike adaptation=with_ML throughput_gbps=6.7017 latency_ms=70.1995
[2026-08-15T22:51:06] SAMPLE t=74s phase=Loss_spike adaptation=with_ML throughput_gbps=6.313 latency_ms=71.3992
[2026-08-15T22:51:07] SAMPLE t=75s phase=Loss_spike adaptation=with_ML throughput_gbps=7.3272 latency_ms=66.1998
[2026-08-15T22:51:08] SAMPLE t=76s phase=Loss_spike adaptation=with_ML throughput_gbps=8.0795 latency_ms=72.7418
[2026-08-15T22:51:09] SAMPLE t=77s phase=Loss_spike adaptation=with_ML throughput_gbps=8.1368 latency_ms=70.2949
[2026-08-15T22:51:10] SAMPLE t=78s phase=Loss_spike adaptation=with_ML throughput_gbps=6.6288 latency_ms=69.2485
[2026-08-15T22:51:11] SAMPLE t=79s phase=Loss_spike adaptation=with_ML throughput_gbps=6.2104 latency_ms=71.2977
[2026-08-15T22:51:12] SAMPLE t=80s phase=Recovery adaptation=with_ML throughput_gbps=7.6652 latency_ms=65.8998
[2026-08-15T22:51:13] SAMPLE t=81s phase=Recovery adaptation=with_ML throughput_gbps=8.0987 latency_ms=63.8654
[2026-08-15T22:51:14] SAMPLE t=82s phase=Recovery adaptation=with_ML throughput_gbps=8.177 latency_ms=64.7933
[2026-08-15T22:51:15] SAMPLE t=83s phase=Recovery adaptation=with_ML throughput_gbps=7.956 latency_ms=66.0764
[2026-08-15T22:51:16] SAMPLE t=84s phase=Recovery adaptation=with_ML throughput_gbps=7.8575 latency_ms=64.7739
[2026-08-15T22:51:17] SAMPLE t=85s phase=Recovery adaptation=with_ML throughput_gbps=7.9266 latency_ms=66.2044
[2026-08-15T22:51:18] SAMPLE t=86s phase=Recovery adaptation=with_ML throughput_gbps=8.1289 latency_ms=66.1155
[2026-08-15T22:51:19] SAMPLE t=87s phase=Recovery adaptation=with_ML throughput_gbps=8.0919 latency_ms=65.5262
[2026-08-15T22:51:20] SAMPLE t=88s phase=Recovery adaptation=with_ML throughput_gbps=8.4575 latency_ms=64.8587
[2026-08-15T22:51:21] SAMPLE t=89s phase=Recovery adaptation=with_ML throughput_gbps=8.2326 latency_ms=63.5865
[2026-08-15T22:51:22] SAMPLE t=90s phase=Recovery adaptation=with_ML throughput_gbps=8.2112 latency_ms=65.7465
[2026-08-15T22:51:23] SAMPLE t=91s phase=Recovery adaptation=with_ML throughput_gbps=8.0586 latency_ms=67.3298
[2026-08-15T22:51:24] SAMPLE t=92s phase=Recovery adaptation=with_ML throughput_gbps=8.3268 latency_ms=65.804
[2026-08-15T22:51:25] SAMPLE t=93s phase=Recovery adaptation=with_ML throughput_gbps=8.4659 latency_ms=66.7304
[2026-08-15T22:51:26] SAMPLE t=94s phase=Recovery adaptation=with_ML throughput_gbps=8.2406 latency_ms=67.158
[2026-08-15T22:51:27] SAMPLE t=95s phase=Recovery adaptation=with_ML throughput_gbps=8.6695 latency_ms=65.4122
[2026-08-15T22:51:28] SAMPLE t=96s phase=Recovery adaptation=with_ML throughput_gbps=8.4954 latency_ms=64.51
[2026-08-15T22:51:29] SAMPLE t=97s phase=Recovery adaptation=with_ML throughput_gbps=8.3982 latency_ms=65.7975
[2026-08-15T22:51:30] SAMPLE t=98s phase=Recovery adaptation=with_ML throughput_gbps=8.0693 latency_ms=66.1436
[2026-08-15T22:51:31] SAMPLE t=99s phase=Recovery adaptation=with_ML throughput_gbps=8.5961 latency_ms=65.6157
[2026-08-15T22:49:52] SAMPLE t=0s phase=Stable adaptation=without_ML throughput_gbps=7.9102 latency_ms=65.1928
[2026-08-15T22:49:53] SAMPLE t=1s phase=Stable adaptation=without_ML throughput_gbps=7.7772 latency_ms=66.4168
[2026-08-15T22:49:54] SAMPLE t=2s phase=Stable adaptation=without_ML throughput_gbps=8.1552 latency_ms=65.0774
[2026-08-15T22:49:55] SAMPLE t=3s phase=Stable adaptation=without_ML throughput_gbps=8.1731 latency_ms=66.8948
[2026-08-15T22:49:56] SAMPLE t=4s phase=Stable adaptation=without_ML throughput_gbps=7.5305 latency_ms=66.757
[2026-08-15T22:49:57] SAMPLE t=5s phase=Stable adaptation=without_ML throughput_gbps=8.4455 latency_ms=65.2265
[2026-08-15T22:49:58] SAMPLE t=6s phase=Stable adaptation=without_ML throughput_gbps=8.1593 latency_ms=68.0708
[2026-08-15T22:49:59] SAMPLE t=7s phase=Stable adaptation=without_ML throughput_gbps=8.0622 latency_ms=67.3166
[2026-08-15T22:50:00] SAMPLE t=8s phase=Stable adaptation=without_ML throughput_gbps=7.9174 latency_ms=65.0122
[2026-08-15T22:50:01] SAMPLE t=9s phase=Stable adaptation=without_ML throughput_gbps=7.6037 latency_ms=64.0001
[2026-08-15T22:50:02] SAMPLE t=10s phase=Stable adaptation=without_ML throughput_gbps=8.0653 latency_ms=64.6696
[2026-08-15T22:50:03] SAMPLE t=11s phase=Stable adaptation=without_ML throughput_gbps=7.6273 latency_ms=65.0701
[2026-08-15T22:50:04] SAMPLE t=12s phase=Stable adaptation=without_ML throughput_gbps=8.0653 latency_ms=67.3176
[2026-08-15T22:50:05] SAMPLE t=13s phase=Stable adaptation=without_ML throughput_gbps=7.8532 latency_ms=64.4849
[2026-08-15T22:50:06] SAMPLE t=14s phase=Stable adaptation=without_ML throughput_gbps=7.5521 latency_ms=64.8529
[2026-08-15T22:50:07] SAMPLE t=15s phase=Stable adaptation=without_ML throughput_gbps=8.0898 latency_ms=64.6604
[2026-08-15T22:50:08] SAMPLE t=16s phase=Stable adaptation=without_ML throughput_gbps=8.0132 latency_ms=64.6823
[2026-08-15T22:50:09] SAMPLE t=17s phase=Stable adaptation=without_ML throughput_gbps=7.7598 latency_ms=64.0277
[2026-08-15T22:50:10] SAMPLE t=18s phase=Stable adaptation=without_ML throughput_gbps=8.3475 latency_ms=66.3591
[2026-08-15T22:50:11] SAMPLE t=19s phase=Stable adaptation=without_ML throughput_gbps=8.2892 latency_ms=67.5378
[2026-08-15T22:50:12] SAMPLE t=20s phase=Congestion adaptation=without_ML throughput_gbps=7.8377 latency_ms=67.0234
[2026-08-15T22:50:13] SAMPLE t=21s phase=Congestion adaptation=without_ML throughput_gbps=7.6268 latency_ms=66.0151
[2026-08-15T22:50:14] SAMPLE t=22s phase=Congestion adaptation=without_ML throughput_gbps=7.9038 latency_ms=65.6864
[2026-08-15T22:50:15] SAMPLE t=23s phase=Congestion adaptation=without_ML throughput_gbps=8.5678 latency_ms=66.0296
[2026-08-15T22:50:16] SAMPLE t=24s phase=Congestion adaptation=without_ML throughput_gbps=8.0848 latency_ms=66.2615
[2026-08-15T22:50:17] SAMPLE t=25s phase=Congestion adaptation=without_ML throughput_gbps=7.7334 latency_ms=65.8827
[2026-08-15T22:50:18] SAMPLE t=26s phase=Congestion adaptation=without_ML throughput_gbps=7.5547 latency_ms=66.2902
[2026-08-15T22:50:19] SAMPLE t=27s phase=Congestion adaptation=without_ML throughput_gbps=8.1934 latency_ms=67.4968
[2026-08-15T22:50:20] SAMPLE t=28s phase=Congestion adaptation=without_ML throughput_gbps=8.1412 latency_ms=66.2384
[2026-08-15T22:50:21] SAMPLE t=29s phase=Congestion adaptation=without_ML throughput_gbps=8.0164 latency_ms=66.1837
[2026-08-15T22:50:22] SAMPLE t=30s phase=Congestion adaptation=without_ML throughput_gbps=7.8827 latency_ms=68.7781
[2026-08-15T22:50:23] SAMPLE t=31s phase=Congestion adaptation=without_ML throughput_gbps=8.1486 latency_ms=66.1441
[2026-08-15T22:50:24] SAMPLE t=32s phase=Congestion adaptation=without_ML throughput_gbps=8.0 latency_ms=65.1934
[2026-08-15T22:50:25] SAMPLE t=33s phase=Congestion adaptation=without_ML throughput_gbps=8.1448 latency_ms=66.7042
[2026-08-15T22:50:26] SAMPLE t=34s phase=Congestion adaptation=without_ML throughput_gbps=7.8558 latency_ms=65.2298
[2026-08-15T22:50:27] SAMPLE t=35s phase=Congestion adaptation=without_ML throughput_gbps=8.2059 latency_ms=67.7882
[2026-08-15T22:50:28] SAMPLE t=36s phase=Congestion adaptation=without_ML throughput_gbps=8.1572 latency_ms=65.9785
[2026-08-15T22:50:29] SAMPLE t=37s phase=Congestion adaptation=without_ML throughput_gbps=7.9618 latency_ms=66.4513
[2026-08-15T22:50:30] SAMPLE t=38s phase=Congestion adaptation=without_ML throughput_gbps=7.8524 latency_ms=66.3693
[2026-08-15T22:50:31] SAMPLE t=39s phase=Congestion adaptation=without_ML throughput_gbps=7.865 latency_ms=64.8312
[2026-08-15T22:50:32] SAMPLE t=40s phase=Path_change adaptation=without_ML throughput_gbps=8.0765 latency_ms=66.2274
[2026-08-15T22:50:33] SAMPLE t=41s phase=Path_change adaptation=without_ML throughput_gbps=7.163 latency_ms=66.7243
[2026-08-15T22:50:34] SAMPLE t=42s phase=Path_change adaptation=without_ML throughput_gbps=6.9742 latency_ms=67.7123
[2026-08-15T22:50:35] SAMPLE t=43s phase=Path_change adaptation=without_ML throughput_gbps=6.6639 latency_ms=67.6689
[2026-08-15T22:50:36] SAMPLE t=44s phase=Path_change adaptation=without_ML throughput_gbps=6.7285 latency_ms=69.2781
[2026-08-15T22:50:37] SAMPLE t=45s phase=Path_change adaptation=without_ML throughput_gbps=6.3317 latency_ms=71.5982
[2026-08-15T22:50:38] SAMPLE t=46s phase=Path_change adaptation=without_ML throughput_gbps=6.1962 latency_ms=72.8431
[2026-08-15T22:50:39] SAMPLE t=47s phase=Path_change adaptation=without_ML throughput_gbps=5.9085 latency_ms=72.9613
[2026-08-15T22:50:40] SAMPLE t=48s phase=Path_change adaptation=without_ML throughput_gbps=5.8705 latency_ms=72.8735
[2026-08-15T22:50:41] SAMPLE t=49s phase=Path_change adaptation=without_ML throughput_gbps=5.8731 latency_ms=74.2698
[2026-08-15T22:50:42] SAMPLE t=50s phase=Path_change adaptation=without_ML throughput_gbps=5.6816 latency_ms=72.0923
[2026-08-15T22:50:43] SAMPLE t=51s phase=Path_change adaptation=without_ML throughput_gbps=5.5066 latency_ms=74.2968
[2026-08-15T22:50:44] SAMPLE t=52s phase=Path_change adaptation=without_ML throughput_gbps=5.7571 latency_ms=71.513
[2026-08-15T22:50:45] SAMPLE t=53s phase=Path_change adaptation=without_ML throughput_gbps=5.7976 latency_ms=74.5636
[2026-08-15T22:50:46] SAMPLE t=54s phase=Path_change adaptation=without_ML throughput_gbps=6.1203 latency_ms=71.9102
[2026-08-15T22:50:47] SAMPLE t=55s phase=Path_change adaptation=without_ML throughput_gbps=6.2557 latency_ms=72.7599
[2026-08-15T22:50:48] SAMPLE t=56s phase=Path_change adaptation=without_ML throughput_gbps=6.6854 latency_ms=72.2293
[2026-08-15T22:50:49] SAMPLE t=57s phase=Path_change adaptation=without_ML throughput_gbps=7.0857 latency_ms=70.2621
[2026-08-15T22:50:50] SAMPLE t=58s phase=Path_change adaptation=without_ML throughput_gbps=7.002 latency_ms=68.766
[2026-08-15T22:50:51] SAMPLE t=59s phase=Path_change adaptation=without_ML throughput_gbps=7.8843 latency_ms=66.6737
[2026-08-15T22:50:52] SAMPLE t=60s phase=Loss_spike adaptation=without_ML throughput_gbps=6.2724 latency_ms=71.2371
[2026-08-15T22:50:53] SAMPLE t=61s phase=Loss_spike adaptation=without_ML throughput_gbps=8.0924 latency_ms=77.2646
[2026-08-15T22:50:54] SAMPLE t=62s phase=Loss_spike adaptation=without_ML throughput_gbps=7.876 latency_ms=74.5675
[2026-08-15T22:50:55] SAMPLE t=63s phase=Loss_spike adaptation=without_ML throughput_gbps=5.2834 latency_ms=77.4344
[2026-08-15T22:50:56] SAMPLE t=64s phase=Loss_spike adaptation=without_ML throughput_gbps=3.9826 latency_ms=79.1742
[2026-08-15T22:50:57] SAMPLE t=65s phase=Loss_spike adaptation=without_ML throughput_gbps=6.3967 latency_ms=70.2185
[2026-08-15T22:50:58] SAMPLE t=66s phase=Loss_spike adaptation=without_ML throughput_gbps=8.2245 latency_ms=79.052
[2026-08-15T22:50:59] SAMPLE t=67s phase=Loss_spike adaptation=without_ML throughput_gbps=7.6065 latency_ms=77.0945
[2026-08-15T22:51:00] SAMPLE t=68s phase=Loss_spike adaptation=without_ML throughput_gbps=5.0642 latency_ms=74.1473
[2026-08-15T22:51:01] SAMPLE t=69s phase=Loss_spike adaptation=without_ML throughput_gbps=3.8985 latency_ms=77.0365
[2026-08-15T22:51:02] SAMPLE t=70s phase=Loss_spike adaptation=without_ML throughput_gbps=5.9841 latency_ms=70.9362
[2026-08-15T22:51:03] SAMPLE t=71s phase=Loss_spike adaptation=without_ML throughput_gbps=8.5347 latency_ms=81.5502
[2026-08-15T22:51:04] SAMPLE t=72s phase=Loss_spike adaptation=without_ML throughput_gbps=7.3346 latency_ms=75.3668
[2026-08-15T22:51:05] SAMPLE t=73s phase=Loss_spike adaptation=without_ML throughput_gbps=4.7855 latency_ms=76.8413
[2026-08-15T22:51:06] SAMPLE t=74s phase=Loss_spike adaptation=without_ML throughput_gbps=3.8919 latency_ms=80.3054
[2026-08-15T22:51:07] SAMPLE t=75s phase=Loss_spike adaptation=without_ML throughput_gbps=6.429 latency_ms=67.7858
[2026-08-15T22:51:08] SAMPLE t=76s phase=Loss_spike adaptation=without_ML throughput_gbps=8.2053 latency_ms=79.7523
[2026-08-15T22:51:09] SAMPLE t=77s phase=Loss_spike adaptation=without_ML throughput_gbps=7.4833 latency_ms=76.8525
[2026-08-15T22:51:10] SAMPLE t=78s phase=Loss_spike adaptation=without_ML throughput_gbps=4.7773 latency_ms=78.6532
[2026-08-15T22:51:11] SAMPLE t=79s phase=Loss_spike adaptation=without_ML throughput_gbps=4.1028 latency_ms=78.4705
[2026-08-15T22:51:12] SAMPLE t=80s phase=Recovery adaptation=without_ML throughput_gbps=7.6479 latency_ms=65.4551
[2026-08-15T22:51:13] SAMPLE t=81s phase=Recovery adaptation=without_ML throughput_gbps=7.6846 latency_ms=66.916
[2026-08-15T22:51:14] SAMPLE t=82s phase=Recovery adaptation=without_ML throughput_gbps=8.0003 latency_ms=66.0982
[2026-08-15T22:51:15] SAMPLE t=83s phase=Recovery adaptation=without_ML throughput_gbps=7.9228 latency_ms=65.9624
[2026-08-15T22:51:16] SAMPLE t=84s phase=Recovery adaptation=without_ML throughput_gbps=8.2468 latency_ms=64.8091
[2026-08-15T22:51:17] SAMPLE t=85s phase=Recovery adaptation=without_ML throughput_gbps=7.7776 latency_ms=68.1179
[2026-08-15T22:51:18] SAMPLE t=86s phase=Recovery adaptation=without_ML throughput_gbps=8.4265 latency_ms=65.5856
[2026-08-15T22:51:19] SAMPLE t=87s phase=Recovery adaptation=without_ML throughput_gbps=7.9701 latency_ms=65.0024
[2026-08-15T22:51:20] SAMPLE t=88s phase=Recovery adaptation=without_ML throughput_gbps=7.8861 latency_ms=65.3653
[2026-08-15T22:51:21] SAMPLE t=89s phase=Recovery adaptation=without_ML throughput_gbps=7.8012 latency_ms=65.0193
[2026-08-15T22:51:22] SAMPLE t=90s phase=Recovery adaptation=without_ML throughput_gbps=8.2456 latency_ms=64.7937
[2026-08-15T22:51:23] SAMPLE t=91s phase=Recovery adaptation=without_ML throughput_gbps=8.1094 latency_ms=65.1438
[2026-08-15T22:51:24] SAMPLE t=92s phase=Recovery adaptation=without_ML throughput_gbps=7.8554 latency_ms=65.0209
[2026-08-15T22:51:25] SAMPLE t=93s phase=Recovery adaptation=without_ML throughput_gbps=8.0824 latency_ms=67.3702
[2026-08-15T22:51:26] SAMPLE t=94s phase=Recovery adaptation=without_ML throughput_gbps=8.3372 latency_ms=65.4881
[2026-08-15T22:51:27] SAMPLE t=95s phase=Recovery adaptation=without_ML throughput_gbps=8.0597 latency_ms=65.7734
[2026-08-15T22:51:28] SAMPLE t=96s phase=Recovery adaptation=without_ML throughput_gbps=8.2218 latency_ms=68.1942
[2026-08-15T22:51:29] SAMPLE t=97s phase=Recovery adaptation=without_ML throughput_gbps=8.2048 latency_ms=63.39
[2026-08-15T22:51:30] SAMPLE t=98s phase=Recovery adaptation=without_ML throughput_gbps=8.0811 latency_ms=67.4433
[2026-08-15T22:51:31] SAMPLE t=99s phase=Recovery adaptation=without_ML throughput_gbps=7.9376 latency_ms=65.7097
[2026-08-15T22:49:52] TRACE_END run_id=106 status=OK
[2026-08-15T23:01:40] TRACE_START run_id=107
[2026-08-15T23:01:40] SAMPLE t=0s phase=Stable adaptation=with_ML throughput_gbps=8.4029 latency_ms=65.733
[2026-08-15T23:01:41] SAMPLE t=1s phase=Stable adaptation=with_ML throughput_gbps=8.2614 latency_ms=66.0773
[2026-08-15T23:01:42] SAMPLE t=2s phase=Stable adaptation=with_ML throughput_gbps=8.0912 latency_ms=68.7209
[2026-08-15T23:01:43] SAMPLE t=3s phase=Stable adaptation=with_ML throughput_gbps=8.383 latency_ms=65.7371
[2026-08-15T23:01:44] SAMPLE t=4s phase=Stable adaptation=with_ML throughput_gbps=7.8543 latency_ms=66.1632
[2026-08-15T23:01:45] SAMPLE t=5s phase=Stable adaptation=with_ML throughput_gbps=7.9387 latency_ms=64.7113
[2026-08-15T23:01:46] SAMPLE t=6s phase=Stable adaptation=with_ML throughput_gbps=7.9526 latency_ms=66.8842
[2026-08-15T23:01:47] SAMPLE t=7s phase=Stable adaptation=with_ML throughput_gbps=8.3264 latency_ms=64.9999
[2026-08-15T23:01:48] SAMPLE t=8s phase=Stable adaptation=with_ML throughput_gbps=8.403 latency_ms=66.0982
[2026-08-15T23:01:49] SAMPLE t=9s phase=Stable adaptation=with_ML throughput_gbps=8.1498 latency_ms=67.611
[2026-08-15T23:01:50] SAMPLE t=10s phase=Stable adaptation=with_ML throughput_gbps=8.138 latency_ms=67.8666
[2026-08-15T23:01:51] SAMPLE t=11s phase=Stable adaptation=with_ML throughput_gbps=7.7328 latency_ms=67.4763
[2026-08-15T23:01:52] SAMPLE t=12s phase=Stable adaptation=with_ML throughput_gbps=7.9045 latency_ms=65.3712
[2026-08-15T23:01:53] SAMPLE t=13s phase=Stable adaptation=with_ML throughput_gbps=8.4976 latency_ms=65.9602
[2026-08-15T23:01:54] SAMPLE t=14s phase=Stable adaptation=with_ML throughput_gbps=8.3673 latency_ms=65.6763
[2026-08-15T23:01:55] SAMPLE t=15s phase=Stable adaptation=with_ML throughput_gbps=8.0259 latency_ms=65.7472
[2026-08-15T23:01:56] SAMPLE t=16s phase=Stable adaptation=with_ML throughput_gbps=8.128 latency_ms=66.3579
[2026-08-15T23:01:57] SAMPLE t=17s phase=Stable adaptation=with_ML throughput_gbps=8.0339 latency_ms=65.772
[2026-08-15T23:01:58] SAMPLE t=18s phase=Stable adaptation=with_ML throughput_gbps=7.9284 latency_ms=65.8384
[2026-08-15T23:01:59] SAMPLE t=19s phase=Stable adaptation=with_ML throughput_gbps=8.0797 latency_ms=67.1471
[2026-08-15T23:02:00] SAMPLE t=20s phase=Congestion adaptation=with_ML throughput_gbps=7.9166 latency_ms=65.2513
[2026-08-15T23:02:01] SAMPLE t=21s phase=Congestion adaptation=with_ML throughput_gbps=8.1063 latency_ms=67.5157
[2026-08-15T23:02:02] SAMPLE t=22s phase=Congestion adaptation=with_ML throughput_gbps=8.1154 latency_ms=66.4772
[2026-08-15T23:02:03] SAMPLE t=23s phase=Congestion adaptation=with_ML throughput_gbps=8.2289 latency_ms=66.9062
[2026-08-15T23:02:04] SAMPLE t=24s phase=Congestion adaptation=with_ML throughput_gbps=8.0686 latency_ms=66.7273
[2026-08-15T23:02:05] SAMPLE t=25s phase=Congestion adaptation=with_ML throughput_gbps=8.3845 latency_ms=66.5428
[2026-08-15T23:02:06] SAMPLE t=26s phase=Congestion adaptation=with_ML throughput_gbps=7.879 latency_ms=66.5173
[2026-08-15T23:02:07] SAMPLE t=27s phase=Congestion adaptation=with_ML throughput_gbps=7.7785 latency_ms=66.5468
[2026-08-15T23:02:08] SAMPLE t=28s phase=Congestion adaptation=with_ML throughput_gbps=8.141 latency_ms=63.9889
[2026-08-15T23:02:09] SAMPLE t=29s phase=Congestion adaptation=with_ML throughput_gbps=8.2669 latency_ms=66.5076
[2026-08-15T23:02:10] SAMPLE t=30s phase=Congestion adaptation=with_ML throughput_gbps=7.9511 latency_ms=67.3619
[2026-08-15T23:02:11] SAMPLE t=31s phase=Congestion adaptation=with_ML throughput_gbps=8.3965 latency_ms=66.4224
[2026-08-15T23:02:12] SAMPLE t=32s phase=Congestion adaptation=with_ML throughput_gbps=8.2838 latency_ms=65.8187
[2026-08-15T23:02:13] SAMPLE t=33s phase=Congestion adaptation=with_ML throughput_gbps=7.9589 latency_ms=66.7467
[2026-08-15T23:02:14] SAMPLE t=34s phase=Congestion adaptation=with_ML throughput_gbps=8.0003 latency_ms=66.6501
[2026-08-15T23:02:15] SAMPLE t=35s phase=Congestion adaptation=with_ML throughput_gbps=8.3048 latency_ms=66.4008
[2026-08-15T23:02:16] SAMPLE t=36s phase=Congestion adaptation=with_ML throughput_gbps=8.1135 latency_ms=67.2182
[2026-08-15T23:02:17] SAMPLE t=37s phase=Congestion adaptation=with_ML throughput_gbps=7.902 latency_ms=63.7625
[2026-08-15T23:02:18] SAMPLE t=38s phase=Congestion adaptation=with_ML throughput_gbps=8.1138 latency_ms=64.4238
[2026-08-15T23:02:19] SAMPLE t=39s phase=Congestion adaptation=with_ML throughput_gbps=7.8262 latency_ms=66.8954
[2026-08-15T23:02:20] SAMPLE t=40s phase=Path_change adaptation=with_ML throughput_gbps=8.5621 latency_ms=66.8662
[2026-08-15T23:02:21] SAMPLE t=41s phase=Path_change adaptation=with_ML throughput_gbps=8.0738 latency_ms=68.2185
[2026-08-15T23:02:22] SAMPLE t=42s phase=Path_change adaptation=with_ML throughput_gbps=7.784 latency_ms=66.9111
[2026-08-15T23:02:23] SAMPLE t=43s phase=Path_change adaptation=with_ML throughput_gbps=7.5888 latency_ms=68.506
[2026-08-15T23:02:24] SAMPLE t=44s phase=Path_change adaptation=with_ML throughput_gbps=7.7409 latency_ms=68.8902
[2026-08-15T23:02:25] SAMPLE t=45s phase=Path_change adaptation=with_ML throughput_gbps=7.6903 latency_ms=69.5091
[2026-08-15T23:02:26] SAMPLE t=46s phase=Path_change adaptation=with_ML throughput_gbps=7.7018 latency_ms=68.9649
[2026-08-15T23:02:27] SAMPLE t=47s phase=Path_change adaptation=with_ML throughput_gbps=7.3886 latency_ms=68.4575
[2026-08-15T23:02:28] SAMPLE t=48s phase=Path_change adaptation=with_ML throughput_gbps=7.0987 latency_ms=68.319
[2026-08-15T23:02:29] SAMPLE t=49s phase=Path_change adaptation=with_ML throughput_gbps=6.9104 latency_ms=67.8232
[2026-08-15T23:02:30] SAMPLE t=50s phase=Path_change adaptation=with_ML throughput_gbps=7.0717 latency_ms=70.7844
[2026-08-15T23:02:31] SAMPLE t=51s phase=Path_change adaptation=with_ML throughput_gbps=7.0599 latency_ms=67.1297
[2026-08-15T23:02:32] SAMPLE t=52s phase=Path_change adaptation=with_ML throughput_gbps=7.1002 latency_ms=68.6164
[2026-08-15T23:02:33] SAMPLE t=53s phase=Path_change adaptation=with_ML throughput_gbps=7.3183 latency_ms=68.908
[2026-08-15T23:02:34] SAMPLE t=54s phase=Path_change adaptation=with_ML throughput_gbps=7.4375 latency_ms=67.3809
[2026-08-15T23:02:35] SAMPLE t=55s phase=Path_change adaptation=with_ML throughput_gbps=7.4753 latency_ms=69.7665
[2026-08-15T23:02:36] SAMPLE t=56s phase=Path_change adaptation=with_ML throughput_gbps=7.641 latency_ms=69.4429
[2026-08-15T23:02:37] SAMPLE t=57s phase=Path_change adaptation=with_ML throughput_gbps=7.7653 latency_ms=67.0385
[2026-08-15T23:02:38] SAMPLE t=58s phase=Path_change adaptation=with_ML throughput_gbps=7.8337 latency_ms=67.3185
[2026-08-15T23:02:39] SAMPLE t=59s phase=Path_change adaptation=with_ML throughput_gbps=7.7436 latency_ms=67.1115
[2026-08-15T23:02:40] SAMPLE t=60s phase=Loss_spike adaptation=with_ML throughput_gbps=7.4571 latency_ms=67.4953
[2026-08-15T23:02:41] SAMPLE t=61s phase=Loss_spike adaptation=with_ML throughput_gbps=8.1808 latency_ms=71.5531
[2026-08-15T23:02:42] SAMPLE t=62s phase=Loss_spike adaptation=with_ML throughput_gbps=8.1359 latency_ms=69.5724
[2026-08-15T23:02:43] SAMPLE t=63s phase=Loss_spike adaptation=with_ML throughput_gbps=6.7037 latency_ms=69.9257
[2026-08-15T23:02:44] SAMPLE t=64s phase=Loss_spike adaptation=with_ML throughput_gbps=6.2138 latency_ms=67.7414
[2026-08-15T23:02:45] SAMPLE t=65s phase=Loss_spike adaptation=with_ML throughput_gbps=7.0945 latency_ms=68.0989
[2026-08-15T23:02:46] SAMPLE t=66s phase=Loss_spike adaptation=with_ML throughput_gbps=8.4076 latency_ms=70.6505
[2026-08-15T23:02:47] SAMPLE t=67s phase=Loss_spike adaptation=with_ML throughput_gbps=8.0242 latency_ms=71.5649
[2026-08-15T23:02:48] SAMPLE t=68s phase=Loss_spike adaptation=with_ML throughput_gbps=6.4039 latency_ms=70.1375
[2026-08-15T23:02:49] SAMPLE t=69s phase=Loss_spike adaptation=with_ML throughput_gbps=6.4454 latency_ms=70.9182
[2026-08-15T23:02:50] SAMPLE t=70s phase=Loss_spike adaptation=with_ML throughput_gbps=7.4532 latency_ms=64.8215
[2026-08-15T23:02:51] SAMPLE t=71s phase=Loss_spike adaptation=with_ML throughput_gbps=8.1793 latency_ms=69.4789
[2026-08-15T23:02:52] SAMPLE t=72s phase=Loss_spike adaptation=with_ML throughput_gbps=7.9171 latency_ms=69.3871
[2026-08-15T23:02:53] SAMPLE t=73s phase=Loss_spike adaptation=with_ML throughput_gbps=6.6021 latency_ms=70.3331
[2026-08-15T23:02:54] SAMPLE t=74s phase=Loss_spike adaptation=with_ML throughput_gbps=6.2381 latency_ms=70.472
[2026-08-15T23:02:55] SAMPLE t=75s phase=Loss_spike adaptation=with_ML throughput_gbps=7.6299 latency_ms=67.8361
[2026-08-15T23:02:56] SAMPLE t=76s phase=Loss_spike adaptation=with_ML throughput_gbps=8.4173 latency_ms=70.8895
[2026-08-15T23:02:57] SAMPLE t=77s phase=Loss_spike adaptation=with_ML throughput_gbps=7.9071 latency_ms=70.2027
[2026-08-15T23:02:58] SAMPLE t=78s phase=Loss_spike adaptation=with_ML throughput_gbps=6.7144 latency_ms=71.287
[2026-08-15T23:02:59] SAMPLE t=79s phase=Loss_spike adaptation=with_ML throughput_gbps=5.9426 latency_ms=69.5987
[2026-08-15T23:03:00] SAMPLE t=80s phase=Recovery adaptation=with_ML throughput_gbps=7.8181 latency_ms=65.0376
[2026-08-15T23:03:01] SAMPLE t=81s phase=Recovery adaptation=with_ML throughput_gbps=8.0523 latency_ms=68.1312
[2026-08-15T23:03:02] SAMPLE t=82s phase=Recovery adaptation=with_ML throughput_gbps=8.17 latency_ms=68.1506
[2026-08-15T23:03:03] SAMPLE t=83s phase=Recovery adaptation=with_ML throughput_gbps=8.0403 latency_ms=63.7893
[2026-08-15T23:03:04] SAMPLE t=84s phase=Recovery adaptation=with_ML throughput_gbps=8.3675 latency_ms=66.0586
[2026-08-15T23:03:05] SAMPLE t=85s phase=Recovery adaptation=with_ML throughput_gbps=8.3432 latency_ms=66.0825
[2026-08-15T23:03:06] SAMPLE t=86s phase=Recovery adaptation=with_ML throughput_gbps=8.2669 latency_ms=65.7045
[2026-08-15T23:03:07] SAMPLE t=87s phase=Recovery adaptation=with_ML throughput_gbps=8.3671 latency_ms=65.7059
[2026-08-15T23:03:08] SAMPLE t=88s phase=Recovery adaptation=with_ML throughput_gbps=8.2048 latency_ms=64.3686
[2026-08-15T23:03:09] SAMPLE t=89s phase=Recovery adaptation=with_ML throughput_gbps=8.5228 latency_ms=65.2974
[2026-08-15T23:03:10] SAMPLE t=90s phase=Recovery adaptation=with_ML throughput_gbps=8.3722 latency_ms=65.0755
[2026-08-15T23:03:11] SAMPLE t=91s phase=Recovery adaptation=with_ML throughput_gbps=8.1146 latency_ms=65.996
[2026-08-15T23:03:12] SAMPLE t=92s phase=Recovery adaptation=with_ML throughput_gbps=8.194 latency_ms=66.4961
[2026-08-15T23:03:13] SAMPLE t=93s phase=Recovery adaptation=with_ML throughput_gbps=8.4662 latency_ms=65.1359
[2026-08-15T23:03:14] SAMPLE t=94s phase=Recovery adaptation=with_ML throughput_gbps=8.3247 latency_ms=64.4447
[2026-08-15T23:03:15] SAMPLE t=95s phase=Recovery adaptation=with_ML throughput_gbps=8.0172 latency_ms=64.6287
[2026-08-15T23:03:16] SAMPLE t=96s phase=Recovery adaptation=with_ML throughput_gbps=8.1593 latency_ms=65.2224
[2026-08-15T23:03:17] SAMPLE t=97s phase=Recovery adaptation=with_ML throughput_gbps=8.8507 latency_ms=64.3715
[2026-08-15T23:03:18] SAMPLE t=98s phase=Recovery adaptation=with_ML throughput_gbps=8.3902 latency_ms=65.0613
[2026-08-15T23:03:19] SAMPLE t=99s phase=Recovery adaptation=with_ML throughput_gbps=8.2397 latency_ms=65.4258
[2026-08-15T23:01:40] SAMPLE t=0s phase=Stable adaptation=without_ML throughput_gbps=8.051 latency_ms=64.8063
[2026-08-15T23:01:41] SAMPLE t=1s phase=Stable adaptation=without_ML throughput_gbps=8.1592 latency_ms=65.29
[2026-08-15T23:01:42] SAMPLE t=2s phase=Stable adaptation=without_ML throughput_gbps=7.8502 latency_ms=63.8552
[2026-08-15T23:01:43] SAMPLE t=3s phase=Stable adaptation=without_ML throughput_gbps=8.0038 latency_ms=66.0025
[2026-08-15T23:01:44] SAMPLE t=4s phase=Stable adaptation=without_ML throughput_gbps=8.2013 latency_ms=65.9282
[2026-08-15T23:01:45] SAMPLE t=5s phase=Stable adaptation=without_ML throughput_gbps=7.9348 latency_ms=67.3666
[2026-08-15T23:01:46] SAMPLE t=6s phase=Stable adaptation=without_ML throughput_gbps=8.3695 latency_ms=67.5291
[2026-08-15T23:01:47] SAMPLE t=7s phase=Stable adaptation=without_ML throughput_gbps=8.0338 latency_ms=64.8258
[2026-08-15T23:01:48] SAMPLE t=8s phase=Stable adaptation=without_ML throughput_gbps=8.0162 latency_ms=64.8212
[2026-08-15T23:01:49] SAMPLE t=9s phase=Stable adaptation=without_ML throughput_gbps=8.1174 latency_ms=65.8107
[2026-08-15T23:01:50] SAMPLE t=10s phase=Stable adaptation=without_ML throughput_gbps=7.8701 latency_ms=65.7992
[2026-08-15T23:01:51] SAMPLE t=11s phase=Stable adaptation=without_ML throughput_gbps=8.0326 latency_ms=66.518
[2026-08-15T23:01:52] SAMPLE t=12s phase=Stable adaptation=without_ML throughput_gbps=8.1439 latency_ms=67.7885
[2026-08-15T23:01:53] SAMPLE t=13s phase=Stable adaptation=without_ML throughput_gbps=8.0441 latency_ms=65.6889
[2026-08-15T23:01:54] SAMPLE t=14s phase=Stable adaptation=without_ML throughput_gbps=8.2931 latency_ms=65.6658
[2026-08-15T23:01:55] SAMPLE t=15s phase=Stable adaptation=without_ML throughput_gbps=8.0106 latency_ms=66.1775
[2026-08-15T23:01:56] SAMPLE t=16s phase=Stable adaptation=without_ML throughput_gbps=7.391 latency_ms=66.6277
[2026-08-15T23:01:57] SAMPLE t=17s phase=Stable adaptation=without_ML throughput_gbps=7.801 latency_ms=64.9633
[2026-08-15T23:01:58] SAMPLE t=18s phase=Stable adaptation=without_ML throughput_gbps=7.7548 latency_ms=66.9281
[2026-08-15T23:01:59] SAMPLE t=19s phase=Stable adaptation=without_ML throughput_gbps=8.2893 latency_ms=65.4448
[2026-08-15T23:02:00] SAMPLE t=20s phase=Congestion adaptation=without_ML throughput_gbps=8.017 latency_ms=63.6151
[2026-08-15T23:02:01] SAMPLE t=21s phase=Congestion adaptation=without_ML throughput_gbps=7.8818 latency_ms=65.3394
[2026-08-15T23:02:02] SAMPLE t=22s phase=Congestion adaptation=without_ML throughput_gbps=8.0587 latency_ms=64.7175
[2026-08-15T23:02:03] SAMPLE t=23s phase=Congestion adaptation=without_ML throughput_gbps=7.6048 latency_ms=66.03
[2026-08-15T23:02:04] SAMPLE t=24s phase=Congestion adaptation=without_ML throughput_gbps=7.9183 latency_ms=64.742
[2026-08-15T23:02:05] SAMPLE t=25s phase=Congestion adaptation=without_ML throughput_gbps=7.8366 latency_ms=65.5251
[2026-08-15T23:02:06] SAMPLE t=26s phase=Congestion adaptation=without_ML throughput_gbps=7.9038 latency_ms=65.1269
[2026-08-15T23:02:07] SAMPLE t=27s phase=Congestion adaptation=without_ML throughput_gbps=7.5691 latency_ms=67.0022
[2026-08-15T23:02:08] SAMPLE t=28s phase=Congestion adaptation=without_ML throughput_gbps=7.7007 latency_ms=64.7623
[2026-08-15T23:02:09] SAMPLE t=29s phase=Congestion adaptation=without_ML throughput_gbps=8.2033 latency_ms=66.4234
[2026-08-15T23:02:10] SAMPLE t=30s phase=Congestion adaptation=without_ML throughput_gbps=7.9108 latency_ms=64.9432
[2026-08-15T23:02:11] SAMPLE t=31s phase=Congestion adaptation=without_ML throughput_gbps=8.0195 latency_ms=67.7552
[2026-08-15T23:02:12] SAMPLE t=32s phase=Congestion adaptation=without_ML throughput_gbps=7.8734 latency_ms=68.9707
[2026-08-15T23:02:13] SAMPLE t=33s phase=Congestion adaptation=without_ML throughput_gbps=7.8599 latency_ms=66.3519
[2026-08-15T23:02:14] SAMPLE t=34s phase=Congestion adaptation=without_ML throughput_gbps=8.1778 latency_ms=64.0938
[2026-08-15T23:02:15] SAMPLE t=35s phase=Congestion adaptation=without_ML throughput_gbps=8.1579 latency_ms=65.9211
[2026-08-15T23:02:16] SAMPLE t=36s phase=Congestion adaptation=without_ML throughput_gbps=7.9358 latency_ms=66.0403
[2026-08-15T23:02:17] SAMPLE t=37s phase=Congestion adaptation=without_ML throughput_gbps=8.4676 latency_ms=66.0573
[2026-08-15T23:02:18] SAMPLE t=38s phase=Congestion adaptation=without_ML throughput_gbps=7.6812 latency_ms=66.1575
[2026-08-15T23:02:19] SAMPLE t=39s phase=Congestion adaptation=without_ML throughput_gbps=8.142 latency_ms=65.5122
[2026-08-15T23:02:20] SAMPLE t=40s phase=Path_change adaptation=without_ML throughput_gbps=8.1521 latency_ms=66.9954
[2026-08-15T23:02:21] SAMPLE t=41s phase=Path_change adaptation=without_ML throughput_gbps=7.5282 latency_ms=67.5521
[2026-08-15T23:02:22] SAMPLE t=42s phase=Path_change adaptation=without_ML throughput_gbps=7.0056 latency_ms=69.8281
[2026-08-15T23:02:23] SAMPLE t=43s phase=Path_change adaptation=without_ML throughput_gbps=6.9606 latency_ms=68.7133
[2026-08-15T23:02:24] SAMPLE t=44s phase=Path_change adaptation=without_ML throughput_gbps=6.4242 latency_ms=70.4844
[2026-08-15T23:02:25] SAMPLE t=45s phase=Path_change adaptation=without_ML throughput_gbps=6.4301 latency_ms=72.1359
[2026-08-15T23:02:26] SAMPLE t=46s phase=Path_change adaptation=without_ML throughput_gbps=6.0888 latency_ms=71.434
[2026-08-15T23:02:27] SAMPLE t=47s phase=Path_change adaptation=without_ML throughput_gbps=5.7491 latency_ms=72.7997
[2026-08-15T23:02:28] SAMPLE t=48s phase=Path_change adaptation=without_ML throughput_gbps=5.9837 latency_ms=72.9302
[2026-08-15T23:02:29] SAMPLE t=49s phase=Path_change adaptation=without_ML throughput_gbps=5.6616 latency_ms=73.0119
[2026-08-15T23:02:30] SAMPLE t=50s phase=Path_change adaptation=without_ML throughput_gbps=5.5444 latency_ms=74.4032
[2026-08-15T23:02:31] SAMPLE t=51s phase=Path_change adaptation=without_ML throughput_gbps=6.0318 latency_ms=73.5672
[2026-08-15T23:02:32] SAMPLE t=52s phase=Path_change adaptation=without_ML throughput_gbps=5.7206 latency_ms=71.0703
[2026-08-15T23:02:33] SAMPLE t=53s phase=Path_change adaptation=without_ML throughput_gbps=5.9751 latency_ms=73.9815
[2026-08-15T23:02:34] SAMPLE t=54s phase=Path_change adaptation=without_ML throughput_gbps=6.131 latency_ms=71.555
[2026-08-15T23:02:35] SAMPLE t=55s phase=Path_change adaptation=without_ML throughput_gbps=6.6799 latency_ms=70.5986
[2026-08-15T23:02:36] SAMPLE t=56s phase=Path_change adaptation=without_ML throughput_gbps=7.0803 latency_ms=72.578
[2026-08-15T23:02:37] SAMPLE t=57s phase=Path_change adaptation=without_ML throughput_gbps=7.1183 latency_ms=66.2936
[2026-08-15T23:02:38] SAMPLE t=58s phase=Path_change adaptation=without_ML throughput_gbps=7.1158 latency_ms=69.0115
[2026-08-15T23:02:39] SAMPLE t=59s phase=Path_change adaptation=without_ML throughput_gbps=7.8789 latency_ms=66.5149
[2026-08-15T23:02:40] SAMPLE t=60s phase=Loss_spike adaptation=without_ML throughput_gbps=6.1491 latency_ms=70.9386
[2026-08-15T23:02:41] SAMPLE t=61s phase=Loss_spike adaptation=without_ML throughput_gbps=7.9543 latency_ms=78.637
[2026-08-15T23:02:42] SAMPLE t=62s phase=Loss_spike adaptation=without_ML throughput_gbps=7.1568 latency_ms=73.2492
[2026-08-15T23:02:43] SAMPLE t=63s phase=Loss_spike adaptation=without_ML throughput_gbps=4.925 latency_ms=73.8336
[2026-08-15T23:02:44] SAMPLE t=64s phase=Loss_spike adaptation=without_ML throughput_gbps=3.9161 latency_ms=77.3886
[2026-08-15T23:02:45] SAMPLE t=65s phase=Loss_spike adaptation=without_ML throughput_gbps=6.0747 latency_ms=69.2526
[2026-08-15T23:02:46] SAMPLE t=66s phase=Loss_spike adaptation=without_ML throughput_gbps=8.4913 latency_ms=80.4615
[2026-08-15T23:02:47] SAMPLE t=67s phase=Loss_spike adaptation=without_ML throughput_gbps=7.639 latency_ms=77.6499
[2026-08-15T23:02:48] SAMPLE t=68s phase=Loss_spike adaptation=without_ML throughput_gbps=4.6654 latency_ms=74.1076
[2026-08-15T23:02:49] SAMPLE t=69s phase=Loss_spike adaptation=without_ML throughput_gbps=4.0351 latency_ms=81.3634
[2026-08-15T23:02:50] SAMPLE t=70s phase=Loss_spike adaptation=without_ML throughput_gbps=6.2884 latency_ms=71.0377
[2026-08-15T23:02:51] SAMPLE t=71s phase=Loss_spike adaptation=without_ML throughput_gbps=8.2562 latency_ms=80.2711
[2026-08-15T23:02:52] SAMPLE t=72s phase=Loss_spike adaptation=without_ML throughput_gbps=7.4452 latency_ms=75.3282
[2026-08-15T23:02:53] SAMPLE t=73s phase=Loss_spike adaptation=without_ML throughput_gbps=4.8835 latency_ms=74.9156
[2026-08-15T23:02:54] SAMPLE t=74s phase=Loss_spike adaptation=without_ML throughput_gbps=3.9081 latency_ms=78.9866
[2026-08-15T23:02:55] SAMPLE t=75s phase=Loss_spike adaptation=without_ML throughput_gbps=6.3422 latency_ms=72.1336
[2026-08-15T23:02:56] SAMPLE t=76s phase=Loss_spike adaptation=without_ML throughput_gbps=8.3917 latency_ms=79.6486
[2026-08-15T23:02:57] SAMPLE t=77s phase=Loss_spike adaptation=without_ML throughput_gbps=7.3092 latency_ms=75.774
[2026-08-15T23:02:58] SAMPLE t=78s phase=Loss_spike adaptation=without_ML throughput_gbps=4.9657 latency_ms=75.7116
[2026-08-15T23:02:59] SAMPLE t=79s phase=Loss_spike adaptation=without_ML throughput_gbps=3.7878 latency_ms=79.3298
[2026-08-15T23:03:00] SAMPLE t=80s phase=Recovery adaptation=without_ML throughput_gbps=8.1217 latency_ms=68.2157
[2026-08-15T23:03:01] SAMPLE t=81s phase=Recovery adaptation=without_ML throughput_gbps=8.0355 latency_ms=64.5039
[2026-08-15T23:03:02] SAMPLE t=82s phase=Recovery adaptation=without_ML throughput_gbps=8.186 latency_ms=68.2307
[2026-08-15T23:03:03] SAMPLE t=83s phase=Recovery adaptation=without_ML throughput_gbps=8.1177 latency_ms=65.2126
[2026-08-15T23:03:04] SAMPLE t=84s phase=Recovery adaptation=without_ML throughput_gbps=7.9623 latency_ms=65.848
[2026-08-15T23:03:05] SAMPLE t=85s phase=Recovery adaptation=without_ML throughput_gbps=7.7199 latency_ms=66.1951
[2026-08-15T23:03:06] SAMPLE t=86s phase=Recovery adaptation=without_ML throughput_gbps=7.8419 latency_ms=67.7367
[2026-08-15T23:03:07] SAMPLE t=87s phase=Recovery adaptation=without_ML throughput_gbps=8.4669 latency_ms=63.9735
[2026-08-15T23:03:08] SAMPLE t=88s phase=Recovery adaptation=without_ML throughput_gbps=7.8565 latency_ms=67.6708
[2026-08-15T23:03:09] SAMPLE t=89s phase=Recovery adaptation=without_ML throughput_gbps=8.0062 latency_ms=67.0561
[2026-08-15T23:03:10] SAMPLE t=90s phase=Recovery adaptation=without_ML throughput_gbps=7.8783 latency_ms=65.9042
[2026-08-15T23:03:11] SAMPLE t=91s phase=Recovery adaptation=without_ML throughput_gbps=7.705 latency_ms=67.528
[2026-08-15T23:03:12] SAMPLE t=92s phase=Recovery adaptation=without_ML throughput_gbps=8.1171 latency_ms=66.5235
[2026-08-15T23:03:13] SAMPLE t=93s phase=Recovery adaptation=without_ML throughput_gbps=7.8526 latency_ms=64.8698
[2026-08-15T23:03:14] SAMPLE t=94s phase=Recovery adaptation=without_ML throughput_gbps=8.2812 latency_ms=67.6797
[2026-08-15T23:03:15] SAMPLE t=95s phase=Recovery adaptation=without_ML throughput_gbps=8.2347 latency_ms=66.8711
[2026-08-15T23:03:16] SAMPLE t=96s phase=Recovery adaptation=without_ML throughput_gbps=8.1652 latency_ms=65.6894
[2026-08-15T23:03:17] SAMPLE t=97s phase=Recovery adaptation=without_ML throughput_gbps=7.9224 latency_ms=67.167
[2026-08-15T23:03:18] SAMPLE t=98s phase=Recovery adaptation=without_ML throughput_gbps=7.86 latency_ms=66.1112
[2026-08-15T23:03:19] SAMPLE t=99s phase=Recovery adaptation=without_ML throughput_gbps=8.4657 latency_ms=64.1735
[2026-08-15T23:01:40] TRACE_END run_id=107 status=OK
