[2026-08-07T09:49:57] TRACE_START run_id=29
[2026-08-07T09:49:57] SAMPLE t=0s phase=Stable adaptation=with_ML throughput_gbps=8.2346 latency_ms=63.8522
[2026-08-07T09:49:58] SAMPLE t=1s phase=Stable adaptation=with_ML throughput_gbps=8.0782 latency_ms=68.7349
[2026-08-07T09:49:59] SAMPLE t=2s phase=Stable adaptation=with_ML throughput_gbps=8.4383 latency_ms=68.0638
[2026-08-07T09:50:00] SAMPLE t=3s phase=Stable adaptation=with_ML throughput_gbps=8.1096 latency_ms=65.2998
[2026-08-07T09:50:01] SAMPLE t=4s phase=Stable adaptation=with_ML throughput_gbps=7.9501 latency_ms=67.5727
[2026-08-07T09:50:02] SAMPLE t=5s phase=Stable adaptation=with_ML throughput_gbps=7.9808 latency_ms=66.4216
[2026-08-07T09:50:03] SAMPLE t=6s phase=Stable adaptation=with_ML throughput_gbps=8.0631 latency_ms=65.1974
[2026-08-07T09:50:04] SAMPLE t=7s phase=Stable adaptation=with_ML throughput_gbps=7.7595 latency_ms=69.3103
[2026-08-07T09:50:05] SAMPLE t=8s phase=Stable adaptation=with_ML throughput_gbps=7.9307 latency_ms=65.094
[2026-08-07T09:50:06] SAMPLE t=9s phase=Stable adaptation=with_ML throughput_gbps=7.9885 latency_ms=64.3979
[2026-08-07T09:50:07] SAMPLE t=10s phase=Stable adaptation=with_ML throughput_gbps=8.2684 latency_ms=66.459
[2026-08-07T09:50:08] SAMPLE t=11s phase=Stable adaptation=with_ML throughput_gbps=8.189 latency_ms=66.0499
[2026-08-07T09:50:09] SAMPLE t=12s phase=Stable adaptation=with_ML throughput_gbps=7.9921 latency_ms=67.7532
[2026-08-07T09:50:10] SAMPLE t=13s phase=Stable adaptation=with_ML throughput_gbps=7.903 latency_ms=66.8019
[2026-08-07T09:50:11] SAMPLE t=14s phase=Stable adaptation=with_ML throughput_gbps=8.3988 latency_ms=66.3389
[2026-08-07T09:50:12] SAMPLE t=15s phase=Stable adaptation=with_ML throughput_gbps=8.4763 latency_ms=65.3983
[2026-08-07T09:50:13] SAMPLE t=16s phase=Stable adaptation=with_ML throughput_gbps=7.5416 latency_ms=66.9253
[2026-08-07T09:50:14] SAMPLE t=17s phase=Stable adaptation=with_ML throughput_gbps=8.3217 latency_ms=65.283
[2026-08-07T09:50:15] SAMPLE t=18s phase=Stable adaptation=with_ML throughput_gbps=8.1606 latency_ms=66.7857
[2026-08-07T09:50:16] SAMPLE t=19s phase=Stable adaptation=with_ML throughput_gbps=7.7465 latency_ms=66.0521
[2026-08-07T09:50:17] SAMPLE t=20s phase=Congestion adaptation=with_ML throughput_gbps=8.1807 latency_ms=65.7234
[2026-08-07T09:50:18] SAMPLE t=21s phase=Congestion adaptation=with_ML throughput_gbps=8.2349 latency_ms=66.2257
[2026-08-07T09:50:19] SAMPLE t=22s phase=Congestion adaptation=with_ML throughput_gbps=7.7811 latency_ms=66.0224
[2026-08-07T09:50:20] SAMPLE t=23s phase=Congestion adaptation=with_ML throughput_gbps=8.1235 latency_ms=66.8866
[2026-08-07T09:50:21] SAMPLE t=24s phase=Congestion adaptation=with_ML throughput_gbps=8.178 latency_ms=66.0543
[2026-08-07T09:50:22] SAMPLE t=25s phase=Congestion adaptation=with_ML throughput_gbps=8.3127 latency_ms=68.7656
[2026-08-07T09:50:23] SAMPLE t=26s phase=Congestion adaptation=with_ML throughput_gbps=8.3922 latency_ms=66.7388
[2026-08-07T09:50:24] SAMPLE t=27s phase=Congestion adaptation=with_ML throughput_gbps=7.8343 latency_ms=67.1191
[2026-08-07T09:50:25] SAMPLE t=28s phase=Congestion adaptation=with_ML throughput_gbps=8.4031 latency_ms=66.3222
[2026-08-07T09:50:26] SAMPLE t=29s phase=Congestion adaptation=with_ML throughput_gbps=7.7325 latency_ms=68.0284
[2026-08-07T09:50:27] SAMPLE t=30s phase=Congestion adaptation=with_ML throughput_gbps=8.0985 latency_ms=67.7372
[2026-08-07T09:50:28] SAMPLE t=31s phase=Congestion adaptation=with_ML throughput_gbps=8.1063 latency_ms=67.635
[2026-08-07T09:50:29] SAMPLE t=32s phase=Congestion adaptation=with_ML throughput_gbps=7.9415 latency_ms=66.9318
[2026-08-07T09:50:30] SAMPLE t=33s phase=Congestion adaptation=with_ML throughput_gbps=8.2558 latency_ms=66.188
[2026-08-07T09:50:31] SAMPLE t=34s phase=Congestion adaptation=with_ML throughput_gbps=8.1277 latency_ms=65.6052
[2026-08-07T09:50:32] SAMPLE t=35s phase=Congestion adaptation=with_ML throughput_gbps=7.8379 latency_ms=66.7293
[2026-08-07T09:50:33] SAMPLE t=36s phase=Congestion adaptation=with_ML throughput_gbps=8.2473 latency_ms=66.0011
[2026-08-07T09:50:34] SAMPLE t=37s phase=Congestion adaptation=with_ML throughput_gbps=8.2862 latency_ms=66.8255
[2026-08-07T09:50:35] SAMPLE t=38s phase=Congestion adaptation=with_ML throughput_gbps=7.9766 latency_ms=65.3272
[2026-08-07T09:50:36] SAMPLE t=39s phase=Congestion adaptation=with_ML throughput_gbps=8.159 latency_ms=66.528
[2026-08-07T09:50:37] SAMPLE t=40s phase=Path_change adaptation=with_ML throughput_gbps=8.1175 latency_ms=66.4441
[2026-08-07T09:50:38] SAMPLE t=41s phase=Path_change adaptation=with_ML throughput_gbps=7.6215 latency_ms=66.4367
[2026-08-07T09:50:39] SAMPLE t=42s phase=Path_change adaptation=with_ML throughput_gbps=7.8675 latency_ms=67.9462
[2026-08-07T09:50:40] SAMPLE t=43s phase=Path_change adaptation=with_ML throughput_gbps=7.7146 latency_ms=67.7513
[2026-08-07T09:50:41] SAMPLE t=44s phase=Path_change adaptation=with_ML throughput_gbps=7.3957 latency_ms=69.5603
[2026-08-07T09:50:42] SAMPLE t=45s phase=Path_change adaptation=with_ML throughput_gbps=7.3741 latency_ms=67.0795
[2026-08-07T09:50:43] SAMPLE t=46s phase=Path_change adaptation=with_ML throughput_gbps=7.4812 latency_ms=67.0061
[2026-08-07T09:50:44] SAMPLE t=47s phase=Path_change adaptation=with_ML throughput_gbps=7.2385 latency_ms=66.0316
[2026-08-07T09:50:45] SAMPLE t=48s phase=Path_change adaptation=with_ML throughput_gbps=7.1597 latency_ms=65.6463
[2026-08-07T09:50:46] SAMPLE t=49s phase=Path_change adaptation=with_ML throughput_gbps=7.0717 latency_ms=66.4404
[2026-08-07T09:50:47] SAMPLE t=50s phase=Path_change adaptation=with_ML throughput_gbps=6.9479 latency_ms=67.4311
[2026-08-07T09:50:48] SAMPLE t=51s phase=Path_change adaptation=with_ML throughput_gbps=7.0207 latency_ms=67.8121
[2026-08-07T09:50:49] SAMPLE t=52s phase=Path_change adaptation=with_ML throughput_gbps=7.3238 latency_ms=71.0303
[2026-08-07T09:50:50] SAMPLE t=53s phase=Path_change adaptation=with_ML throughput_gbps=7.743 latency_ms=69.1583
[2026-08-07T09:50:51] SAMPLE t=54s phase=Path_change adaptation=with_ML throughput_gbps=7.3897 latency_ms=70.5818
[2026-08-07T09:50:52] SAMPLE t=55s phase=Path_change adaptation=with_ML throughput_gbps=7.1157 latency_ms=67.556
[2026-08-07T09:50:53] SAMPLE t=56s phase=Path_change adaptation=with_ML throughput_gbps=7.4193 latency_ms=66.9501
[2026-08-07T09:50:54] SAMPLE t=57s phase=Path_change adaptation=with_ML throughput_gbps=7.9819 latency_ms=66.0987
[2026-08-07T09:50:55] SAMPLE t=58s phase=Path_change adaptation=with_ML throughput_gbps=8.0634 latency_ms=68.3928
[2026-08-07T09:50:56] SAMPLE t=59s phase=Path_change adaptation=with_ML throughput_gbps=7.8946 latency_ms=68.2164
[2026-08-07T09:50:57] SAMPLE t=60s phase=Loss_spike adaptation=with_ML throughput_gbps=7.4145 latency_ms=68.4579
[2026-08-07T09:50:58] SAMPLE t=61s phase=Loss_spike adaptation=with_ML throughput_gbps=8.6213 latency_ms=70.2786
[2026-08-07T09:50:59] SAMPLE t=62s phase=Loss_spike adaptation=with_ML throughput_gbps=8.3289 latency_ms=68.8131
[2026-08-07T09:51:00] SAMPLE t=63s phase=Loss_spike adaptation=with_ML throughput_gbps=6.7565 latency_ms=69.8362
[2026-08-07T09:51:01] SAMPLE t=64s phase=Loss_spike adaptation=with_ML throughput_gbps=6.4522 latency_ms=69.343
[2026-08-07T09:51:02] SAMPLE t=65s phase=Loss_spike adaptation=with_ML throughput_gbps=7.4458 latency_ms=70.2451
[2026-08-07T09:51:03] SAMPLE t=66s phase=Loss_spike adaptation=with_ML throughput_gbps=8.4148 latency_ms=69.281
[2026-08-07T09:51:04] SAMPLE t=67s phase=Loss_spike adaptation=with_ML throughput_gbps=7.9788 latency_ms=71.8947
[2026-08-07T09:51:05] SAMPLE t=68s phase=Loss_spike adaptation=with_ML throughput_gbps=6.5541 latency_ms=69.2525
[2026-08-07T09:51:06] SAMPLE t=69s phase=Loss_spike adaptation=with_ML throughput_gbps=6.1269 latency_ms=71.3245
[2026-08-07T09:51:07] SAMPLE t=70s phase=Loss_spike adaptation=with_ML throughput_gbps=7.3019 latency_ms=68.9762
[2026-08-07T09:51:08] SAMPLE t=71s phase=Loss_spike adaptation=with_ML throughput_gbps=8.2765 latency_ms=72.6583
[2026-08-07T09:51:09] SAMPLE t=72s phase=Loss_spike adaptation=with_ML throughput_gbps=8.1273 latency_ms=68.4103
[2026-08-07T09:51:10] SAMPLE t=73s phase=Loss_spike adaptation=with_ML throughput_gbps=6.7569 latency_ms=70.8691
[2026-08-07T09:51:11] SAMPLE t=74s phase=Loss_spike adaptation=with_ML throughput_gbps=6.1137 latency_ms=71.4851
[2026-08-07T09:51:12] SAMPLE t=75s phase=Loss_spike adaptation=with_ML throughput_gbps=7.2142 latency_ms=66.6077
[2026-08-07T09:51:13] SAMPLE t=76s phase=Loss_spike adaptation=with_ML throughput_gbps=8.3338 latency_ms=70.5157
[2026-08-07T09:51:14] SAMPLE t=77s phase=Loss_spike adaptation=with_ML throughput_gbps=7.9464 latency_ms=70.1939
[2026-08-07T09:51:15] SAMPLE t=78s phase=Loss_spike adaptation=with_ML throughput_gbps=6.7475 latency_ms=69.5305
[2026-08-07T09:51:16] SAMPLE t=79s phase=Loss_spike adaptation=with_ML throughput_gbps=6.5952 latency_ms=71.4304
[2026-08-07T09:51:17] SAMPLE t=80s phase=Recovery adaptation=with_ML throughput_gbps=8.2112 latency_ms=66.8908
[2026-08-07T09:51:18] SAMPLE t=81s phase=Recovery adaptation=with_ML throughput_gbps=7.9088 latency_ms=65.2673
[2026-08-07T09:51:19] SAMPLE t=82s phase=Recovery adaptation=with_ML throughput_gbps=8.3373 latency_ms=69.2627
[2026-08-07T09:51:20] SAMPLE t=83s phase=Recovery adaptation=with_ML throughput_gbps=7.8506 latency_ms=66.988
[2026-08-07T09:51:21] SAMPLE t=84s phase=Recovery adaptation=with_ML throughput_gbps=7.8987 latency_ms=65.0576
[2026-08-07T09:51:22] SAMPLE t=85s phase=Recovery adaptation=with_ML throughput_gbps=8.5737 latency_ms=63.4228
[2026-08-07T09:51:23] SAMPLE t=86s phase=Recovery adaptation=with_ML throughput_gbps=8.0029 latency_ms=65.7777
[2026-08-07T09:51:24] SAMPLE t=87s phase=Recovery adaptation=with_ML throughput_gbps=8.4142 latency_ms=68.023
[2026-08-07T09:51:25] SAMPLE t=88s phase=Recovery adaptation=with_ML throughput_gbps=8.5637 latency_ms=66.0172
[2026-08-07T09:51:26] SAMPLE t=89s phase=Recovery adaptation=with_ML throughput_gbps=8.4551 latency_ms=66.3443
[2026-08-07T09:51:27] SAMPLE t=90s phase=Recovery adaptation=with_ML throughput_gbps=8.5259 latency_ms=66.2343
[2026-08-07T09:51:28] SAMPLE t=91s phase=Recovery adaptation=with_ML throughput_gbps=8.4128 latency_ms=66.1406
[2026-08-07T09:51:29] SAMPLE t=92s phase=Recovery adaptation=with_ML throughput_gbps=8.2869 latency_ms=64.3331
[2026-08-07T09:51:30] SAMPLE t=93s phase=Recovery adaptation=with_ML throughput_gbps=8.2171 latency_ms=66.1204
[2026-08-07T09:51:31] SAMPLE t=94s phase=Recovery adaptation=with_ML throughput_gbps=8.3561 latency_ms=65.9635
[2026-08-07T09:51:32] SAMPLE t=95s phase=Recovery adaptation=with_ML throughput_gbps=8.2299 latency_ms=65.0372
[2026-08-07T09:51:33] SAMPLE t=96s phase=Recovery adaptation=with_ML throughput_gbps=8.758 latency_ms=65.2687
[2026-08-07T09:51:34] SAMPLE t=97s phase=Recovery adaptation=with_ML throughput_gbps=8.3553 latency_ms=64.3355
[2026-08-07T09:51:35] SAMPLE t=98s phase=Recovery adaptation=with_ML throughput_gbps=8.1043 latency_ms=66.7594
[2026-08-07T09:51:36] SAMPLE t=99s phase=Recovery adaptation=with_ML throughput_gbps=8.3622 latency_ms=65.9592
[2026-08-07T09:49:57] SAMPLE t=0s phase=Stable adaptation=without_ML throughput_gbps=7.8376 latency_ms=67.2863
[2026-08-07T09:49:58] SAMPLE t=1s phase=Stable adaptation=without_ML throughput_gbps=7.6628 latency_ms=65.1116
[2026-08-07T09:49:59] SAMPLE t=2s phase=Stable adaptation=without_ML throughput_gbps=8.3484 latency_ms=66.4143
[2026-08-07T09:50:00] SAMPLE t=3s phase=Stable adaptation=without_ML throughput_gbps=7.7497 latency_ms=66.5403
[2026-08-07T09:50:01] SAMPLE t=4s phase=Stable adaptation=without_ML throughput_gbps=8.2282 latency_ms=64.0894
[2026-08-07T09:50:02] SAMPLE t=5s phase=Stable adaptation=without_ML throughput_gbps=8.4024 latency_ms=63.7777
[2026-08-07T09:50:03] SAMPLE t=6s phase=Stable adaptation=without_ML throughput_gbps=7.9845 latency_ms=67.577
[2026-08-07T09:50:04] SAMPLE t=7s phase=Stable adaptation=without_ML throughput_gbps=7.7091 latency_ms=64.9563
[2026-08-07T09:50:05] SAMPLE t=8s phase=Stable adaptation=without_ML throughput_gbps=8.3412 latency_ms=64.4193
[2026-08-07T09:50:06] SAMPLE t=9s phase=Stable adaptation=without_ML throughput_gbps=8.2423 latency_ms=69.1412
[2026-08-07T09:50:07] SAMPLE t=10s phase=Stable adaptation=without_ML throughput_gbps=8.0785 latency_ms=65.0099
[2026-08-07T09:50:08] SAMPLE t=11s phase=Stable adaptation=without_ML throughput_gbps=7.7114 latency_ms=66.0261
[2026-08-07T09:50:09] SAMPLE t=12s phase=Stable adaptation=without_ML throughput_gbps=7.9573 latency_ms=64.2841
[2026-08-07T09:50:10] SAMPLE t=13s phase=Stable adaptation=without_ML throughput_gbps=8.1348 latency_ms=67.7036
[2026-08-07T09:50:11] SAMPLE t=14s phase=Stable adaptation=without_ML throughput_gbps=8.3715 latency_ms=64.6336
[2026-08-07T09:50:12] SAMPLE t=15s phase=Stable adaptation=without_ML throughput_gbps=7.8049 latency_ms=66.2485
[2026-08-07T09:50:13] SAMPLE t=16s phase=Stable adaptation=without_ML throughput_gbps=8.0007 latency_ms=66.4861
[2026-08-07T09:50:14] SAMPLE t=17s phase=Stable adaptation=without_ML throughput_gbps=8.3063 latency_ms=67.8613
[2026-08-07T09:50:15] SAMPLE t=18s phase=Stable adaptation=without_ML throughput_gbps=7.5432 latency_ms=65.0656
[2026-08-07T09:50:16] SAMPLE t=19s phase=Stable adaptation=without_ML throughput_gbps=8.2856 latency_ms=67.5955
[2026-08-07T09:50:17] SAMPLE t=20s phase=Congestion adaptation=without_ML throughput_gbps=7.7717 latency_ms=67.1903
[2026-08-07T09:50:18] SAMPLE t=21s phase=Congestion adaptation=without_ML throughput_gbps=7.9942 latency_ms=65.8721
[2026-08-07T09:50:19] SAMPLE t=22s phase=Congestion adaptation=without_ML throughput_gbps=7.8592 latency_ms=67.747
[2026-08-07T09:50:20] SAMPLE t=23s phase=Congestion adaptation=without_ML throughput_gbps=8.0402 latency_ms=65.3717
[2026-08-07T09:50:21] SAMPLE t=24s phase=Congestion adaptation=without_ML throughput_gbps=8.3049 latency_ms=64.6794
[2026-08-07T09:50:22] SAMPLE t=25s phase=Congestion adaptation=without_ML throughput_gbps=8.2024 latency_ms=66.5242
[2026-08-07T09:50:23] SAMPLE t=26s phase=Congestion adaptation=without_ML throughput_gbps=7.8302 latency_ms=65.2537
[2026-08-07T09:50:24] SAMPLE t=27s phase=Congestion adaptation=without_ML throughput_gbps=7.9596 latency_ms=67.2522
[2026-08-07T09:50:25] SAMPLE t=28s phase=Congestion adaptation=without_ML throughput_gbps=8.2524 latency_ms=66.0479
[2026-08-07T09:50:26] SAMPLE t=29s phase=Congestion adaptation=without_ML throughput_gbps=8.3074 latency_ms=65.7051
[2026-08-07T09:50:27] SAMPLE t=30s phase=Congestion adaptation=without_ML throughput_gbps=7.6601 latency_ms=66.6451
[2026-08-07T09:50:28] SAMPLE t=31s phase=Congestion adaptation=without_ML throughput_gbps=8.2265 latency_ms=64.1171
[2026-08-07T09:50:29] SAMPLE t=32s phase=Congestion adaptation=without_ML throughput_gbps=7.5484 latency_ms=66.5376
[2026-08-07T09:50:30] SAMPLE t=33s phase=Congestion adaptation=without_ML throughput_gbps=8.0857 latency_ms=65.6444
[2026-08-07T09:50:31] SAMPLE t=34s phase=Congestion adaptation=without_ML throughput_gbps=8.1616 latency_ms=68.2204
[2026-08-07T09:50:32] SAMPLE t=35s phase=Congestion adaptation=without_ML throughput_gbps=7.8324 latency_ms=65.1751
[2026-08-07T09:50:33] SAMPLE t=36s phase=Congestion adaptation=without_ML throughput_gbps=8.2842 latency_ms=67.2761
[2026-08-07T09:50:34] SAMPLE t=37s phase=Congestion adaptation=without_ML throughput_gbps=7.5525 latency_ms=67.2181
[2026-08-07T09:50:35] SAMPLE t=38s phase=Congestion adaptation=without_ML throughput_gbps=7.8518 latency_ms=67.5661
[2026-08-07T09:50:36] SAMPLE t=39s phase=Congestion adaptation=without_ML throughput_gbps=7.7246 latency_ms=67.4534
[2026-08-07T09:50:37] SAMPLE t=40s phase=Path_change adaptation=without_ML throughput_gbps=7.9014 latency_ms=64.4834
[2026-08-07T09:50:38] SAMPLE t=41s phase=Path_change adaptation=without_ML throughput_gbps=7.4768 latency_ms=67.3225
[2026-08-07T09:50:39] SAMPLE t=42s phase=Path_change adaptation=without_ML throughput_gbps=7.3236 latency_ms=67.3391
[2026-08-07T09:50:40] SAMPLE t=43s phase=Path_change adaptation=without_ML throughput_gbps=6.7766 latency_ms=68.0604
[2026-08-07T09:50:41] SAMPLE t=44s phase=Path_change adaptation=without_ML throughput_gbps=6.4629 latency_ms=69.8685
[2026-08-07T09:50:42] SAMPLE t=45s phase=Path_change adaptation=without_ML throughput_gbps=6.7346 latency_ms=70.7559
[2026-08-07T09:50:43] SAMPLE t=46s phase=Path_change adaptation=without_ML throughput_gbps=5.9555 latency_ms=71.9212
[2026-08-07T09:50:44] SAMPLE t=47s phase=Path_change adaptation=without_ML throughput_gbps=5.9039 latency_ms=72.4013
[2026-08-07T09:50:45] SAMPLE t=48s phase=Path_change adaptation=without_ML throughput_gbps=5.4095 latency_ms=71.1652
[2026-08-07T09:50:46] SAMPLE t=49s phase=Path_change adaptation=without_ML throughput_gbps=5.6084 latency_ms=73.0413
[2026-08-07T09:50:47] SAMPLE t=50s phase=Path_change adaptation=without_ML throughput_gbps=5.6394 latency_ms=73.4545
[2026-08-07T09:50:48] SAMPLE t=51s phase=Path_change adaptation=without_ML throughput_gbps=5.8798 latency_ms=69.1162
[2026-08-07T09:50:49] SAMPLE t=52s phase=Path_change adaptation=without_ML throughput_gbps=5.6819 latency_ms=73.5298
[2026-08-07T09:50:50] SAMPLE t=53s phase=Path_change adaptation=without_ML throughput_gbps=6.0151 latency_ms=72.136
[2026-08-07T09:50:51] SAMPLE t=54s phase=Path_change adaptation=without_ML throughput_gbps=6.2583 latency_ms=71.4114
[2026-08-07T09:50:52] SAMPLE t=55s phase=Path_change adaptation=without_ML throughput_gbps=6.1646 latency_ms=69.1293
[2026-08-07T09:50:53] SAMPLE t=56s phase=Path_change adaptation=without_ML throughput_gbps=6.4107 latency_ms=69.3921
[2026-08-07T09:50:54] SAMPLE t=57s phase=Path_change adaptation=without_ML throughput_gbps=6.9738 latency_ms=68.1501
[2026-08-07T09:50:55] SAMPLE t=58s phase=Path_change adaptation=without_ML throughput_gbps=7.5335 latency_ms=68.0775
[2026-08-07T09:50:56] SAMPLE t=59s phase=Path_change adaptation=without_ML throughput_gbps=7.8784 latency_ms=68.9453
[2026-08-07T09:50:57] SAMPLE t=60s phase=Loss_spike adaptation=without_ML throughput_gbps=6.0006 latency_ms=69.6314
[2026-08-07T09:50:58] SAMPLE t=61s phase=Loss_spike adaptation=without_ML throughput_gbps=8.2959 latency_ms=79.1746
[2026-08-07T09:50:59] SAMPLE t=62s phase=Loss_spike adaptation=without_ML throughput_gbps=7.2186 latency_ms=76.7877
[2026-08-07T09:51:00] SAMPLE t=63s phase=Loss_spike adaptation=without_ML throughput_gbps=4.9294 latency_ms=76.8954
[2026-08-07T09:51:01] SAMPLE t=64s phase=Loss_spike adaptation=without_ML throughput_gbps=3.8862 latency_ms=77.8863
[2026-08-07T09:51:02] SAMPLE t=65s phase=Loss_spike adaptation=without_ML throughput_gbps=5.9695 latency_ms=69.7446
[2026-08-07T09:51:03] SAMPLE t=66s phase=Loss_spike adaptation=without_ML throughput_gbps=8.1353 latency_ms=77.9643
[2026-08-07T09:51:04] SAMPLE t=67s phase=Loss_spike adaptation=without_ML throughput_gbps=7.2828 latency_ms=73.6088
[2026-08-07T09:51:05] SAMPLE t=68s phase=Loss_spike adaptation=without_ML throughput_gbps=4.6288 latency_ms=77.7687
[2026-08-07T09:51:06] SAMPLE t=69s phase=Loss_spike adaptation=without_ML throughput_gbps=4.0475 latency_ms=81.306
[2026-08-07T09:51:07] SAMPLE t=70s phase=Loss_spike adaptation=without_ML throughput_gbps=6.1128 latency_ms=69.4672
[2026-08-07T09:51:08] SAMPLE t=71s phase=Loss_spike adaptation=without_ML throughput_gbps=8.2375 latency_ms=78.607
[2026-08-07T09:51:09] SAMPLE t=72s phase=Loss_spike adaptation=without_ML throughput_gbps=7.3943 latency_ms=75.9062
[2026-08-07T09:51:10] SAMPLE t=73s phase=Loss_spike adaptation=without_ML throughput_gbps=4.7719 latency_ms=75.9179
[2026-08-07T09:51:11] SAMPLE t=74s phase=Loss_spike adaptation=without_ML throughput_gbps=3.9144 latency_ms=79.6056
[2026-08-07T09:51:12] SAMPLE t=75s phase=Loss_spike adaptation=without_ML throughput_gbps=6.0237 latency_ms=69.5637
[2026-08-07T09:51:13] SAMPLE t=76s phase=Loss_spike adaptation=without_ML throughput_gbps=8.35 latency_ms=78.4696
[2026-08-07T09:51:14] SAMPLE t=77s phase=Loss_spike adaptation=without_ML throughput_gbps=7.8804 latency_ms=74.5061
[2026-08-07T09:51:15] SAMPLE t=78s phase=Loss_spike adaptation=without_ML throughput_gbps=4.7114 latency_ms=78.237
[2026-08-07T09:51:16] SAMPLE t=79s phase=Loss_spike adaptation=without_ML throughput_gbps=4.0109 latency_ms=78.0865
[2026-08-07T09:51:17] SAMPLE t=80s phase=Recovery adaptation=without_ML throughput_gbps=8.0471 latency_ms=65.1119
[2026-08-07T09:51:18] SAMPLE t=81s phase=Recovery adaptation=without_ML throughput_gbps=7.831 latency_ms=63.5925
[2026-08-07T09:51:19] SAMPLE t=82s phase=Recovery adaptation=without_ML throughput_gbps=7.7613 latency_ms=65.5385
[2026-08-07T09:51:20] SAMPLE t=83s phase=Recovery adaptation=without_ML throughput_gbps=7.8252 latency_ms=66.4149
[2026-08-07T09:51:21] SAMPLE t=84s phase=Recovery adaptation=without_ML throughput_gbps=8.0883 latency_ms=66.9973
[2026-08-07T09:51:22] SAMPLE t=85s phase=Recovery adaptation=without_ML throughput_gbps=7.9569 latency_ms=65.7477
[2026-08-07T09:51:23] SAMPLE t=86s phase=Recovery adaptation=without_ML throughput_gbps=7.9315 latency_ms=65.3666
[2026-08-07T09:51:24] SAMPLE t=87s phase=Recovery adaptation=without_ML throughput_gbps=8.2733 latency_ms=64.5906
[2026-08-07T09:51:25] SAMPLE t=88s phase=Recovery adaptation=without_ML throughput_gbps=7.9162 latency_ms=67.8142
[2026-08-07T09:51:26] SAMPLE t=89s phase=Recovery adaptation=without_ML throughput_gbps=7.5734 latency_ms=65.7267
[2026-08-07T09:51:27] SAMPLE t=90s phase=Recovery adaptation=without_ML throughput_gbps=8.2004 latency_ms=66.2322
[2026-08-07T09:51:28] SAMPLE t=91s phase=Recovery adaptation=without_ML throughput_gbps=8.0695 latency_ms=67.3349
[2026-08-07T09:51:29] SAMPLE t=92s phase=Recovery adaptation=without_ML throughput_gbps=8.1264 latency_ms=66.941
[2026-08-07T09:51:30] SAMPLE t=93s phase=Recovery adaptation=without_ML throughput_gbps=7.8028 latency_ms=65.601
[2026-08-07T09:51:31] SAMPLE t=94s phase=Recovery adaptation=without_ML throughput_gbps=7.9757 latency_ms=67.7953
[2026-08-07T09:51:32] SAMPLE t=95s phase=Recovery adaptation=without_ML throughput_gbps=7.8544 latency_ms=64.3033
[2026-08-07T09:51:33] SAMPLE t=96s phase=Recovery adaptation=without_ML throughput_gbps=7.7122 latency_ms=66.1732
[2026-08-07T09:51:34] SAMPLE t=97s phase=Recovery adaptation=without_ML throughput_gbps=7.6719 latency_ms=66.4419
[2026-08-07T09:51:35] SAMPLE t=98s phase=Recovery adaptation=without_ML throughput_gbps=8.2304 latency_ms=66.9127
[2026-08-07T09:51:36] SAMPLE t=99s phase=Recovery adaptation=without_ML throughput_gbps=7.972 latency_ms=67.3125
[2026-08-07T09:49:57] TRACE_END run_id=29 status=OK
[2026-08-07T09:51:36] TRACE_START run_id=30
[2026-08-07T09:51:36] SAMPLE t=0s phase=Stable adaptation=with_ML throughput_gbps=8.269 latency_ms=67.5649
[2026-08-07T09:51:37] SAMPLE t=1s phase=Stable adaptation=with_ML throughput_gbps=8.2426 latency_ms=66.4903
[2026-08-07T09:51:38] SAMPLE t=2s phase=Stable adaptation=with_ML throughput_gbps=8.0483 latency_ms=65.3988
[2026-08-07T09:51:39] SAMPLE t=3s phase=Stable adaptation=with_ML throughput_gbps=8.0768 latency_ms=63.3982
[2026-08-07T09:51:40] SAMPLE t=4s phase=Stable adaptation=with_ML throughput_gbps=8.1245 latency_ms=64.8237
[2026-08-07T09:51:41] SAMPLE t=5s phase=Stable adaptation=with_ML throughput_gbps=7.8814 latency_ms=65.9371
[2026-08-07T09:51:42] SAMPLE t=6s phase=Stable adaptation=with_ML throughput_gbps=7.9875 latency_ms=63.9113
[2026-08-07T09:51:43] SAMPLE t=7s phase=Stable adaptation=with_ML throughput_gbps=8.2812 latency_ms=62.8557
[2026-08-07T09:51:44] SAMPLE t=8s phase=Stable adaptation=with_ML throughput_gbps=7.9532 latency_ms=65.0851
[2026-08-07T09:51:45] SAMPLE t=9s phase=Stable adaptation=with_ML throughput_gbps=8.0568 latency_ms=64.6581
[2026-08-07T09:51:46] SAMPLE t=10s phase=Stable adaptation=with_ML throughput_gbps=7.8001 latency_ms=68.0214
[2026-08-07T09:51:47] SAMPLE t=11s phase=Stable adaptation=with_ML throughput_gbps=8.256 latency_ms=66.7821
[2026-08-07T09:51:48] SAMPLE t=12s phase=Stable adaptation=with_ML throughput_gbps=8.509 latency_ms=66.5575
[2026-08-07T09:51:49] SAMPLE t=13s phase=Stable adaptation=with_ML throughput_gbps=8.1124 latency_ms=65.9122
[2026-08-07T09:51:50] SAMPLE t=14s phase=Stable adaptation=with_ML throughput_gbps=8.1262 latency_ms=65.8762
[2026-08-07T09:51:51] SAMPLE t=15s phase=Stable adaptation=with_ML throughput_gbps=8.0203 latency_ms=67.8031
[2026-08-07T09:51:52] SAMPLE t=16s phase=Stable adaptation=with_ML throughput_gbps=7.9039 latency_ms=65.3666
[2026-08-07T09:51:53] SAMPLE t=17s phase=Stable adaptation=with_ML throughput_gbps=7.6653 latency_ms=67.4532
[2026-08-07T09:51:54] SAMPLE t=18s phase=Stable adaptation=with_ML throughput_gbps=8.1454 latency_ms=65.1063
[2026-08-07T09:51:55] SAMPLE t=19s phase=Stable adaptation=with_ML throughput_gbps=7.7959 latency_ms=66.3662
[2026-08-07T09:51:56] SAMPLE t=20s phase=Congestion adaptation=with_ML throughput_gbps=8.4688 latency_ms=66.304
[2026-08-07T09:51:57] SAMPLE t=21s phase=Congestion adaptation=with_ML throughput_gbps=8.11 latency_ms=66.6756
[2026-08-07T09:51:58] SAMPLE t=22s phase=Congestion adaptation=with_ML throughput_gbps=8.0666 latency_ms=68.7126
[2026-08-07T09:51:59] SAMPLE t=23s phase=Congestion adaptation=with_ML throughput_gbps=8.1292 latency_ms=66.4104
[2026-08-07T09:52:00] SAMPLE t=24s phase=Congestion adaptation=with_ML throughput_gbps=7.9683 latency_ms=68.7037
[2026-08-07T09:52:01] SAMPLE t=25s phase=Congestion adaptation=with_ML throughput_gbps=8.0885 latency_ms=66.5672
[2026-08-07T09:52:02] SAMPLE t=26s phase=Congestion adaptation=with_ML throughput_gbps=8.0316 latency_ms=66.1225
[2026-08-07T09:52:03] SAMPLE t=27s phase=Congestion adaptation=with_ML throughput_gbps=7.8818 latency_ms=66.5982
[2026-08-07T09:52:04] SAMPLE t=28s phase=Congestion adaptation=with_ML throughput_gbps=8.2493 latency_ms=66.5759
[2026-08-07T09:52:05] SAMPLE t=29s phase=Congestion adaptation=with_ML throughput_gbps=8.5372 latency_ms=65.5982
[2026-08-07T09:52:06] SAMPLE t=30s phase=Congestion adaptation=with_ML throughput_gbps=7.9024 latency_ms=66.435
[2026-08-07T09:52:07] SAMPLE t=31s phase=Congestion adaptation=with_ML throughput_gbps=8.1524 latency_ms=66.7879
[2026-08-07T09:52:08] SAMPLE t=32s phase=Congestion adaptation=with_ML throughput_gbps=8.0713 latency_ms=67.1749
[2026-08-07T09:52:09] SAMPLE t=33s phase=Congestion adaptation=with_ML throughput_gbps=8.0918 latency_ms=65.8084
[2026-08-07T09:52:10] SAMPLE t=34s phase=Congestion adaptation=with_ML throughput_gbps=8.5257 latency_ms=66.1286
[2026-08-07T09:52:11] SAMPLE t=35s phase=Congestion adaptation=with_ML throughput_gbps=8.3256 latency_ms=65.9327
[2026-08-07T09:52:12] SAMPLE t=36s phase=Congestion adaptation=with_ML throughput_gbps=7.9126 latency_ms=67.3441
[2026-08-07T09:52:13] SAMPLE t=37s phase=Congestion adaptation=with_ML throughput_gbps=8.1307 latency_ms=68.3097
[2026-08-07T09:52:14] SAMPLE t=38s phase=Congestion adaptation=with_ML throughput_gbps=8.1777 latency_ms=66.4328
[2026-08-07T09:52:15] SAMPLE t=39s phase=Congestion adaptation=with_ML throughput_gbps=7.9903 latency_ms=65.8115
[2026-08-07T09:52:16] SAMPLE t=40s phase=Path_change adaptation=with_ML throughput_gbps=8.107 latency_ms=66.364
[2026-08-07T09:52:17] SAMPLE t=41s phase=Path_change adaptation=with_ML throughput_gbps=8.0245 latency_ms=66.617
[2026-08-07T09:52:18] SAMPLE t=42s phase=Path_change adaptation=with_ML throughput_gbps=7.4388 latency_ms=68.0776
[2026-08-07T09:52:19] SAMPLE t=43s phase=Path_change adaptation=with_ML throughput_gbps=7.7601 latency_ms=67.3581
[2026-08-07T09:52:20] SAMPLE t=44s phase=Path_change adaptation=with_ML throughput_gbps=7.5745 latency_ms=66.7812
[2026-08-07T09:52:21] SAMPLE t=45s phase=Path_change adaptation=with_ML throughput_gbps=7.5737 latency_ms=68.0567
[2026-08-07T09:52:22] SAMPLE t=46s phase=Path_change adaptation=with_ML throughput_gbps=7.422 latency_ms=65.0531
[2026-08-07T09:52:23] SAMPLE t=47s phase=Path_change adaptation=with_ML throughput_gbps=7.1611 latency_ms=69.7631
[2026-08-07T09:52:24] SAMPLE t=48s phase=Path_change adaptation=with_ML throughput_gbps=7.1462 latency_ms=68.4068
[2026-08-07T09:52:25] SAMPLE t=49s phase=Path_change adaptation=with_ML throughput_gbps=7.2302 latency_ms=69.8936
[2026-08-07T09:52:26] SAMPLE t=50s phase=Path_change adaptation=with_ML throughput_gbps=7.1433 latency_ms=68.8565
[2026-08-07T09:52:27] SAMPLE t=51s phase=Path_change adaptation=with_ML throughput_gbps=7.1466 latency_ms=70.1941
[2026-08-07T09:52:28] SAMPLE t=52s phase=Path_change adaptation=with_ML throughput_gbps=7.0609 latency_ms=68.5088
[2026-08-07T09:52:29] SAMPLE t=53s phase=Path_change adaptation=with_ML throughput_gbps=7.2955 latency_ms=69.443
[2026-08-07T09:52:30] SAMPLE t=54s phase=Path_change adaptation=with_ML throughput_gbps=7.3159 latency_ms=65.5917
[2026-08-07T09:52:31] SAMPLE t=55s phase=Path_change adaptation=with_ML throughput_gbps=7.239 latency_ms=69.1088
[2026-08-07T09:52:32] SAMPLE t=56s phase=Path_change adaptation=with_ML throughput_gbps=7.5528 latency_ms=67.3377
[2026-08-07T09:52:33] SAMPLE t=57s phase=Path_change adaptation=with_ML throughput_gbps=8.1142 latency_ms=68.9387
[2026-08-07T09:52:34] SAMPLE t=58s phase=Path_change adaptation=with_ML throughput_gbps=8.3707 latency_ms=67.0158
[2026-08-07T09:52:35] SAMPLE t=59s phase=Path_change adaptation=with_ML throughput_gbps=7.9983 latency_ms=67.5021
[2026-08-07T09:52:36] SAMPLE t=60s phase=Loss_spike adaptation=with_ML throughput_gbps=7.1978 latency_ms=67.2208
[2026-08-07T09:52:37] SAMPLE t=61s phase=Loss_spike adaptation=with_ML throughput_gbps=8.3067 latency_ms=70.8837
[2026-08-07T09:52:38] SAMPLE t=62s phase=Loss_spike adaptation=with_ML throughput_gbps=7.8908 latency_ms=70.2441
[2026-08-07T09:52:39] SAMPLE t=63s phase=Loss_spike adaptation=with_ML throughput_gbps=6.4797 latency_ms=69.698
[2026-08-07T09:52:40] SAMPLE t=64s phase=Loss_spike adaptation=with_ML throughput_gbps=6.2448 latency_ms=71.7173
[2026-08-07T09:52:41] SAMPLE t=65s phase=Loss_spike adaptation=with_ML throughput_gbps=7.5626 latency_ms=67.814
[2026-08-07T09:52:42] SAMPLE t=66s phase=Loss_spike adaptation=with_ML throughput_gbps=8.2993 latency_ms=71.9168
[2026-08-07T09:52:43] SAMPLE t=67s phase=Loss_spike adaptation=with_ML throughput_gbps=8.0829 latency_ms=70.1518
[2026-08-07T09:52:44] SAMPLE t=68s phase=Loss_spike adaptation=with_ML throughput_gbps=6.9443 latency_ms=70.6848
[2026-08-07T09:52:45] SAMPLE t=69s phase=Loss_spike adaptation=with_ML throughput_gbps=6.3066 latency_ms=71.062
[2026-08-07T09:52:46] SAMPLE t=70s phase=Loss_spike adaptation=with_ML throughput_gbps=7.198 latency_ms=66.1975
[2026-08-07T09:52:47] SAMPLE t=71s phase=Loss_spike adaptation=with_ML throughput_gbps=8.4303 latency_ms=70.4688
[2026-08-07T09:52:48] SAMPLE t=72s phase=Loss_spike adaptation=with_ML throughput_gbps=8.0683 latency_ms=69.9133
[2026-08-07T09:52:49] SAMPLE t=73s phase=Loss_spike adaptation=with_ML throughput_gbps=6.642 latency_ms=69.865
[2026-08-07T09:52:50] SAMPLE t=74s phase=Loss_spike adaptation=with_ML throughput_gbps=6.5553 latency_ms=70.8165
[2026-08-07T09:52:51] SAMPLE t=75s phase=Loss_spike adaptation=with_ML throughput_gbps=7.4211 latency_ms=65.9877
[2026-08-07T09:52:52] SAMPLE t=76s phase=Loss_spike adaptation=with_ML throughput_gbps=8.632 latency_ms=68.9232
[2026-08-07T09:52:53] SAMPLE t=77s phase=Loss_spike adaptation=with_ML throughput_gbps=7.4522 latency_ms=70.6464
[2026-08-07T09:52:54] SAMPLE t=78s phase=Loss_spike adaptation=with_ML throughput_gbps=6.7027 latency_ms=68.1756
[2026-08-07T09:52:55] SAMPLE t=79s phase=Loss_spike adaptation=with_ML throughput_gbps=5.8453 latency_ms=70.635
[2026-08-07T09:52:56] SAMPLE t=80s phase=Recovery adaptation=with_ML throughput_gbps=8.2183 latency_ms=67.6003
[2026-08-07T09:52:57] SAMPLE t=81s phase=Recovery adaptation=with_ML throughput_gbps=8.062 latency_ms=65.7925
[2026-08-07T09:52:58] SAMPLE t=82s phase=Recovery adaptation=with_ML throughput_gbps=8.0746 latency_ms=65.2238
[2026-08-07T09:52:59] SAMPLE t=83s phase=Recovery adaptation=with_ML throughput_gbps=8.4187 latency_ms=65.776
[2026-08-07T09:53:00] SAMPLE t=84s phase=Recovery adaptation=with_ML throughput_gbps=8.2413 latency_ms=66.3136
[2026-08-07T09:53:01] SAMPLE t=85s phase=Recovery adaptation=with_ML throughput_gbps=8.3775 latency_ms=65.9861
[2026-08-07T09:53:02] SAMPLE t=86s phase=Recovery adaptation=with_ML throughput_gbps=8.0246 latency_ms=63.8143
[2026-08-07T09:53:03] SAMPLE t=87s phase=Recovery adaptation=with_ML throughput_gbps=8.4043 latency_ms=67.9172
[2026-08-07T09:53:04] SAMPLE t=88s phase=Recovery adaptation=with_ML throughput_gbps=8.3782 latency_ms=65.6678
[2026-08-07T09:53:05] SAMPLE t=89s phase=Recovery adaptation=with_ML throughput_gbps=8.471 latency_ms=66.4711
[2026-08-07T09:53:06] SAMPLE t=90s phase=Recovery adaptation=with_ML throughput_gbps=8.4894 latency_ms=63.1129
[2026-08-07T09:53:07] SAMPLE t=91s phase=Recovery adaptation=with_ML throughput_gbps=8.309 latency_ms=63.4192
[2026-08-07T09:53:08] SAMPLE t=92s phase=Recovery adaptation=with_ML throughput_gbps=8.6668 latency_ms=65.3528
[2026-08-07T09:53:09] SAMPLE t=93s phase=Recovery adaptation=with_ML throughput_gbps=8.1302 latency_ms=65.6681
[2026-08-07T09:53:10] SAMPLE t=94s phase=Recovery adaptation=with_ML throughput_gbps=8.7133 latency_ms=64.2553
[2026-08-07T09:53:11] SAMPLE t=95s phase=Recovery adaptation=with_ML throughput_gbps=8.5695 latency_ms=65.7502
[2026-08-07T09:53:12] SAMPLE t=96s phase=Recovery adaptation=with_ML throughput_gbps=8.4332 latency_ms=65.2371
[2026-08-07T09:53:13] SAMPLE t=97s phase=Recovery adaptation=with_ML throughput_gbps=8.8268 latency_ms=64.2921
[2026-08-07T09:53:14] SAMPLE t=98s phase=Recovery adaptation=with_ML throughput_gbps=8.7004 latency_ms=67.3349
[2026-08-07T09:53:15] SAMPLE t=99s phase=Recovery adaptation=with_ML throughput_gbps=8.6256 latency_ms=65.016
[2026-08-07T09:51:36] SAMPLE t=0s phase=Stable adaptation=without_ML throughput_gbps=8.1086 latency_ms=66.4424
[2026-08-07T09:51:37] SAMPLE t=1s phase=Stable adaptation=without_ML throughput_gbps=8.3051 latency_ms=63.9233
[2026-08-07T09:51:38] SAMPLE t=2s phase=Stable adaptation=without_ML throughput_gbps=8.0451 latency_ms=66.6169
[2026-08-07T09:51:39] SAMPLE t=3s phase=Stable adaptation=without_ML throughput_gbps=8.1427 latency_ms=66.8444
[2026-08-07T09:51:40] SAMPLE t=4s phase=Stable adaptation=without_ML throughput_gbps=7.4271 latency_ms=63.6371
[2026-08-07T09:51:41] SAMPLE t=5s phase=Stable adaptation=without_ML throughput_gbps=8.2792 latency_ms=67.1272
[2026-08-07T09:51:42] SAMPLE t=6s phase=Stable adaptation=without_ML throughput_gbps=8.0694 latency_ms=65.351
[2026-08-07T09:51:43] SAMPLE t=7s phase=Stable adaptation=without_ML throughput_gbps=7.7447 latency_ms=64.1393
[2026-08-07T09:51:44] SAMPLE t=8s phase=Stable adaptation=without_ML throughput_gbps=7.7664 latency_ms=67.176
[2026-08-07T09:51:45] SAMPLE t=9s phase=Stable adaptation=without_ML throughput_gbps=8.1005 latency_ms=64.0397
[2026-08-07T09:51:46] SAMPLE t=10s phase=Stable adaptation=without_ML throughput_gbps=7.7782 latency_ms=65.0287
[2026-08-07T09:51:47] SAMPLE t=11s phase=Stable adaptation=without_ML throughput_gbps=8.2254 latency_ms=66.4723
[2026-08-07T09:51:48] SAMPLE t=12s phase=Stable adaptation=without_ML throughput_gbps=7.7369 latency_ms=66.2837
[2026-08-07T09:51:49] SAMPLE t=13s phase=Stable adaptation=without_ML throughput_gbps=7.7873 latency_ms=64.1556
[2026-08-07T09:51:50] SAMPLE t=14s phase=Stable adaptation=without_ML throughput_gbps=8.1907 latency_ms=65.5328
[2026-08-07T09:51:51] SAMPLE t=15s phase=Stable adaptation=without_ML throughput_gbps=7.9377 latency_ms=66.1018
[2026-08-07T09:51:52] SAMPLE t=16s phase=Stable adaptation=without_ML throughput_gbps=8.0665 latency_ms=65.5308
[2026-08-07T09:51:53] SAMPLE t=17s phase=Stable adaptation=without_ML throughput_gbps=7.8956 latency_ms=65.2452
[2026-08-07T09:51:54] SAMPLE t=18s phase=Stable adaptation=without_ML throughput_gbps=8.1285 latency_ms=68.9678
[2026-08-07T09:51:55] SAMPLE t=19s phase=Stable adaptation=without_ML throughput_gbps=7.7933 latency_ms=64.7486
[2026-08-07T09:51:56] SAMPLE t=20s phase=Congestion adaptation=without_ML throughput_gbps=7.9922 latency_ms=65.6
[2026-08-07T09:51:57] SAMPLE t=21s phase=Congestion adaptation=without_ML throughput_gbps=7.7941 latency_ms=67.8375
[2026-08-07T09:51:58] SAMPLE t=22s phase=Congestion adaptation=without_ML throughput_gbps=8.1423 latency_ms=66.7174
[2026-08-07T09:51:59] SAMPLE t=23s phase=Congestion adaptation=without_ML throughput_gbps=7.9005 latency_ms=64.2933
[2026-08-07T09:52:00] SAMPLE t=24s phase=Congestion adaptation=without_ML throughput_gbps=8.1722 latency_ms=65.3597
[2026-08-07T09:52:01] SAMPLE t=25s phase=Congestion adaptation=without_ML throughput_gbps=8.2232 latency_ms=67.6896
[2026-08-07T09:52:02] SAMPLE t=26s phase=Congestion adaptation=without_ML throughput_gbps=8.059 latency_ms=65.3784
[2026-08-07T09:52:03] SAMPLE t=27s phase=Congestion adaptation=without_ML throughput_gbps=8.1356 latency_ms=66.3984
[2026-08-07T09:52:04] SAMPLE t=28s phase=Congestion adaptation=without_ML throughput_gbps=8.2547 latency_ms=66.5696
[2026-08-07T09:52:05] SAMPLE t=29s phase=Congestion adaptation=without_ML throughput_gbps=8.3264 latency_ms=67.6491
[2026-08-07T09:52:06] SAMPLE t=30s phase=Congestion adaptation=without_ML throughput_gbps=8.2878 latency_ms=65.4472
[2026-08-07T09:52:07] SAMPLE t=31s phase=Congestion adaptation=without_ML throughput_gbps=8.5424 latency_ms=65.6128
[2026-08-07T09:52:08] SAMPLE t=32s phase=Congestion adaptation=without_ML throughput_gbps=7.7577 latency_ms=65.1915
[2026-08-07T09:52:09] SAMPLE t=33s phase=Congestion adaptation=without_ML throughput_gbps=8.0369 latency_ms=67.6392
[2026-08-07T09:52:10] SAMPLE t=34s phase=Congestion adaptation=without_ML throughput_gbps=8.0228 latency_ms=63.6417
[2026-08-07T09:52:11] SAMPLE t=35s phase=Congestion adaptation=without_ML throughput_gbps=7.9353 latency_ms=64.0665
[2026-08-07T09:52:12] SAMPLE t=36s phase=Congestion adaptation=without_ML throughput_gbps=8.2537 latency_ms=66.1842
[2026-08-07T09:52:13] SAMPLE t=37s phase=Congestion adaptation=without_ML throughput_gbps=7.7596 latency_ms=65.5991
[2026-08-07T09:52:14] SAMPLE t=38s phase=Congestion adaptation=without_ML throughput_gbps=8.1431 latency_ms=64.9793
[2026-08-07T09:52:15] SAMPLE t=39s phase=Congestion adaptation=without_ML throughput_gbps=8.309 latency_ms=67.1909
[2026-08-07T09:52:16] SAMPLE t=40s phase=Path_change adaptation=without_ML throughput_gbps=8.2586 latency_ms=67.8087
[2026-08-07T09:52:17] SAMPLE t=41s phase=Path_change adaptation=without_ML throughput_gbps=7.2874 latency_ms=66.5274
[2026-08-07T09:52:18] SAMPLE t=42s phase=Path_change adaptation=without_ML throughput_gbps=6.9087 latency_ms=68.2411
[2026-08-07T09:52:19] SAMPLE t=43s phase=Path_change adaptation=without_ML throughput_gbps=6.9746 latency_ms=68.9829
[2026-08-07T09:52:20] SAMPLE t=44s phase=Path_change adaptation=without_ML throughput_gbps=7.0008 latency_ms=70.5073
[2026-08-07T09:52:21] SAMPLE t=45s phase=Path_change adaptation=without_ML throughput_gbps=6.7079 latency_ms=70.6942
[2026-08-07T09:52:22] SAMPLE t=46s phase=Path_change adaptation=without_ML throughput_gbps=6.1906 latency_ms=71.7261
[2026-08-07T09:52:23] SAMPLE t=47s phase=Path_change adaptation=without_ML throughput_gbps=5.9993 latency_ms=73.5195
[2026-08-07T09:52:24] SAMPLE t=48s phase=Path_change adaptation=without_ML throughput_gbps=5.7588 latency_ms=73.2544
[2026-08-07T09:52:25] SAMPLE t=49s phase=Path_change adaptation=without_ML throughput_gbps=5.9887 latency_ms=73.2028
[2026-08-07T09:52:26] SAMPLE t=50s phase=Path_change adaptation=without_ML throughput_gbps=5.6028 latency_ms=73.7367
[2026-08-07T09:52:27] SAMPLE t=51s phase=Path_change adaptation=without_ML throughput_gbps=5.8897 latency_ms=70.9314
[2026-08-07T09:52:28] SAMPLE t=52s phase=Path_change adaptation=without_ML throughput_gbps=5.9416 latency_ms=71.4423
[2026-08-07T09:52:29] SAMPLE t=53s phase=Path_change adaptation=without_ML throughput_gbps=5.9795 latency_ms=72.9866
[2026-08-07T09:52:30] SAMPLE t=54s phase=Path_change adaptation=without_ML throughput_gbps=6.3274 latency_ms=71.2336
[2026-08-07T09:52:31] SAMPLE t=55s phase=Path_change adaptation=without_ML throughput_gbps=6.3375 latency_ms=71.9013
[2026-08-07T09:52:32] SAMPLE t=56s phase=Path_change adaptation=without_ML throughput_gbps=6.9014 latency_ms=71.3653
[2026-08-07T09:52:33] SAMPLE t=57s phase=Path_change adaptation=without_ML throughput_gbps=7.1075 latency_ms=70.6237
[2026-08-07T09:52:34] SAMPLE t=58s phase=Path_change adaptation=without_ML throughput_gbps=7.1971 latency_ms=68.7519
[2026-08-07T09:52:35] SAMPLE t=59s phase=Path_change adaptation=without_ML throughput_gbps=7.3986 latency_ms=64.4434
[2026-08-07T09:52:36] SAMPLE t=60s phase=Loss_spike adaptation=without_ML throughput_gbps=6.1732 latency_ms=69.5559
[2026-08-07T09:52:37] SAMPLE t=61s phase=Loss_spike adaptation=without_ML throughput_gbps=8.5507 latency_ms=78.7069
[2026-08-07T09:52:38] SAMPLE t=62s phase=Loss_spike adaptation=without_ML throughput_gbps=7.7227 latency_ms=77.492
[2026-08-07T09:52:39] SAMPLE t=63s phase=Loss_spike adaptation=without_ML throughput_gbps=4.7607 latency_ms=79.0717
[2026-08-07T09:52:40] SAMPLE t=64s phase=Loss_spike adaptation=without_ML throughput_gbps=4.1757 latency_ms=80.6755
[2026-08-07T09:52:41] SAMPLE t=65s phase=Loss_spike adaptation=without_ML throughput_gbps=6.0054 latency_ms=69.7687
[2026-08-07T09:52:42] SAMPLE t=66s phase=Loss_spike adaptation=without_ML throughput_gbps=8.3368 latency_ms=78.282
[2026-08-07T09:52:43] SAMPLE t=67s phase=Loss_spike adaptation=without_ML throughput_gbps=7.5624 latency_ms=76.6602
[2026-08-07T09:52:44] SAMPLE t=68s phase=Loss_spike adaptation=without_ML throughput_gbps=4.7072 latency_ms=76.7747
[2026-08-07T09:52:45] SAMPLE t=69s phase=Loss_spike adaptation=without_ML throughput_gbps=4.1063 latency_ms=82.0674
[2026-08-07T09:52:46] SAMPLE t=70s phase=Loss_spike adaptation=without_ML throughput_gbps=6.4287 latency_ms=70.5344
[2026-08-07T09:52:47] SAMPLE t=71s phase=Loss_spike adaptation=without_ML throughput_gbps=8.93 latency_ms=79.0872
[2026-08-07T09:52:48] SAMPLE t=72s phase=Loss_spike adaptation=without_ML throughput_gbps=7.2377 latency_ms=76.3495
[2026-08-07T09:52:49] SAMPLE t=73s phase=Loss_spike adaptation=without_ML throughput_gbps=4.5565 latency_ms=75.6305
[2026-08-07T09:52:50] SAMPLE t=74s phase=Loss_spike adaptation=without_ML throughput_gbps=3.8992 latency_ms=80.2832
[2026-08-07T09:52:51] SAMPLE t=75s phase=Loss_spike adaptation=without_ML throughput_gbps=6.2405 latency_ms=70.1135
[2026-08-07T09:52:52] SAMPLE t=76s phase=Loss_spike adaptation=without_ML throughput_gbps=8.8341 latency_ms=78.8848
[2026-08-07T09:52:53] SAMPLE t=77s phase=Loss_spike adaptation=without_ML throughput_gbps=7.5671 latency_ms=75.2916
[2026-08-07T09:52:54] SAMPLE t=78s phase=Loss_spike adaptation=without_ML throughput_gbps=5.0592 latency_ms=74.0682
[2026-08-07T09:52:55] SAMPLE t=79s phase=Loss_spike adaptation=without_ML throughput_gbps=3.9347 latency_ms=78.3451
[2026-08-07T09:52:56] SAMPLE t=80s phase=Recovery adaptation=without_ML throughput_gbps=8.2161 latency_ms=66.5871
[2026-08-07T09:52:57] SAMPLE t=81s phase=Recovery adaptation=without_ML throughput_gbps=8.0412 latency_ms=64.907
[2026-08-07T09:52:58] SAMPLE t=82s phase=Recovery adaptation=without_ML throughput_gbps=8.1152 latency_ms=66.1631
[2026-08-07T09:52:59] SAMPLE t=83s phase=Recovery adaptation=without_ML throughput_gbps=7.7156 latency_ms=68.2309
[2026-08-07T09:53:00] SAMPLE t=84s phase=Recovery adaptation=without_ML throughput_gbps=8.0108 latency_ms=64.9872
[2026-08-07T09:53:01] SAMPLE t=85s phase=Recovery adaptation=without_ML throughput_gbps=8.0431 latency_ms=66.3394
[2026-08-07T09:53:02] SAMPLE t=86s phase=Recovery adaptation=without_ML throughput_gbps=7.8079 latency_ms=65.7758
[2026-08-07T09:53:03] SAMPLE t=87s phase=Recovery adaptation=without_ML throughput_gbps=7.8052 latency_ms=65.9669
[2026-08-07T09:53:04] SAMPLE t=88s phase=Recovery adaptation=without_ML throughput_gbps=8.0503 latency_ms=68.691
[2026-08-07T09:53:05] SAMPLE t=89s phase=Recovery adaptation=without_ML throughput_gbps=8.3652 latency_ms=63.8021
[2026-08-07T09:53:06] SAMPLE t=90s phase=Recovery adaptation=without_ML throughput_gbps=7.7198 latency_ms=66.3288
[2026-08-07T09:53:07] SAMPLE t=91s phase=Recovery adaptation=without_ML throughput_gbps=7.7431 latency_ms=68.6795
[2026-08-07T09:53:08] SAMPLE t=92s phase=Recovery adaptation=without_ML throughput_gbps=7.5353 latency_ms=67.987
[2026-08-07T09:53:09] SAMPLE t=93s phase=Recovery adaptation=without_ML throughput_gbps=7.9009 latency_ms=64.4943
[2026-08-07T09:53:10] SAMPLE t=94s phase=Recovery adaptation=without_ML throughput_gbps=8.3623 latency_ms=66.3773
[2026-08-07T09:53:11] SAMPLE t=95s phase=Recovery adaptation=without_ML throughput_gbps=7.7098 latency_ms=64.7754
[2026-08-07T09:53:12] SAMPLE t=96s phase=Recovery adaptation=without_ML throughput_gbps=8.2455 latency_ms=67.9996
[2026-08-07T09:53:13] SAMPLE t=97s phase=Recovery adaptation=without_ML throughput_gbps=8.3389 latency_ms=65.8581
[2026-08-07T09:53:14] SAMPLE t=98s phase=Recovery adaptation=without_ML throughput_gbps=7.8452 latency_ms=66.4511
[2026-08-07T09:53:15] SAMPLE t=99s phase=Recovery adaptation=without_ML throughput_gbps=7.9849 latency_ms=65.7512
[2026-08-07T09:51:36] TRACE_END run_id=30 status=OK
[2026-08-07T10:01:08] TRACE_START run_id=31
[2026-08-07T10:01:08] SAMPLE t=0s phase=Stable adaptation=with_ML throughput_gbps=8.0121 latency_ms=65.1954
[2026-08-07T10:01:09] SAMPLE t=1s phase=Stable adaptation=with_ML throughput_gbps=8.1594 latency_ms=63.6824
[2026-08-07T10:01:10] SAMPLE t=2s phase=Stable adaptation=with_ML throughput_gbps=7.9652 latency_ms=67.6375
[2026-08-07T10:01:11] SAMPLE t=3s phase=Stable adaptation=with_ML throughput_gbps=8.2557 latency_ms=66.9061
[2026-08-07T10:01:12] SAMPLE t=4s phase=Stable adaptation=with_ML throughput_gbps=7.9472 latency_ms=67.3459
[2026-08-07T10:01:13] SAMPLE t=5s phase=Stable adaptation=with_ML throughput_gbps=8.0781 latency_ms=67.507
[2026-08-07T10:01:14] SAMPLE t=6s phase=Stable adaptation=with_ML throughput_gbps=8.1385 latency_ms=67.4536
[2026-08-07T10:01:15] SAMPLE t=7s phase=Stable adaptation=with_ML throughput_gbps=7.9487 latency_ms=65.8542
[2026-08-07T10:01:16] SAMPLE t=8s phase=Stable adaptation=with_ML throughput_gbps=8.1056 latency_ms=64.7981
[2026-08-07T10:01:17] SAMPLE t=9s phase=Stable adaptation=with_ML throughput_gbps=8.1196 latency_ms=67.3231
[2026-08-07T10:01:18] SAMPLE t=10s phase=Stable adaptation=with_ML throughput_gbps=7.953 latency_ms=64.4276
[2026-08-07T10:01:19] SAMPLE t=11s phase=Stable adaptation=with_ML throughput_gbps=7.9835 latency_ms=65.9617
[2026-08-07T10:01:20] SAMPLE t=12s phase=Stable adaptation=with_ML throughput_gbps=8.1772 latency_ms=69.008
[2026-08-07T10:01:21] SAMPLE t=13s phase=Stable adaptation=with_ML throughput_gbps=7.8629 latency_ms=68.3007
[2026-08-07T10:01:22] SAMPLE t=14s phase=Stable adaptation=with_ML throughput_gbps=7.8155 latency_ms=69.3959
[2026-08-07T10:01:23] SAMPLE t=15s phase=Stable adaptation=with_ML throughput_gbps=8.2903 latency_ms=66.0321
[2026-08-07T10:01:24] SAMPLE t=16s phase=Stable adaptation=with_ML throughput_gbps=7.939 latency_ms=66.4932
[2026-08-07T10:01:25] SAMPLE t=17s phase=Stable adaptation=with_ML throughput_gbps=8.2881 latency_ms=66.8872
[2026-08-07T10:01:26] SAMPLE t=18s phase=Stable adaptation=with_ML throughput_gbps=7.8191 latency_ms=65.6578
[2026-08-07T10:01:27] SAMPLE t=19s phase=Stable adaptation=with_ML throughput_gbps=8.3038 latency_ms=65.5801
[2026-08-07T10:01:28] SAMPLE t=20s phase=Congestion adaptation=with_ML throughput_gbps=7.9821 latency_ms=65.3066
[2026-08-07T10:01:29] SAMPLE t=21s phase=Congestion adaptation=with_ML throughput_gbps=8.1005 latency_ms=64.4277
[2026-08-07T10:01:30] SAMPLE t=22s phase=Congestion adaptation=with_ML throughput_gbps=8.4274 latency_ms=65.3806
[2026-08-07T10:01:31] SAMPLE t=23s phase=Congestion adaptation=with_ML throughput_gbps=8.4063 latency_ms=66.6833
[2026-08-07T10:01:32] SAMPLE t=24s phase=Congestion adaptation=with_ML throughput_gbps=8.3796 latency_ms=66.4235
[2026-08-07T10:01:33] SAMPLE t=25s phase=Congestion adaptation=with_ML throughput_gbps=8.1328 latency_ms=67.6577
[2026-08-07T10:01:34] SAMPLE t=26s phase=Congestion adaptation=with_ML throughput_gbps=7.8529 latency_ms=68.3964
[2026-08-07T10:01:35] SAMPLE t=27s phase=Congestion adaptation=with_ML throughput_gbps=8.1777 latency_ms=66.7038
[2026-08-07T10:01:36] SAMPLE t=28s phase=Congestion adaptation=with_ML throughput_gbps=8.2543 latency_ms=65.9725
[2026-08-07T10:01:37] SAMPLE t=29s phase=Congestion adaptation=with_ML throughput_gbps=7.991 latency_ms=66.8126
[2026-08-07T10:01:38] SAMPLE t=30s phase=Congestion adaptation=with_ML throughput_gbps=8.1339 latency_ms=66.0903
[2026-08-07T10:01:39] SAMPLE t=31s phase=Congestion adaptation=with_ML throughput_gbps=8.0236 latency_ms=68.0128
[2026-08-07T10:01:40] SAMPLE t=32s phase=Congestion adaptation=with_ML throughput_gbps=8.4368 latency_ms=65.8952
[2026-08-07T10:01:41] SAMPLE t=33s phase=Congestion adaptation=with_ML throughput_gbps=8.1573 latency_ms=67.3812
[2026-08-07T10:01:42] SAMPLE t=34s phase=Congestion adaptation=with_ML throughput_gbps=8.4707 latency_ms=67.0461
[2026-08-07T10:01:43] SAMPLE t=35s phase=Congestion adaptation=with_ML throughput_gbps=8.17 latency_ms=67.0699
[2026-08-07T10:01:44] SAMPLE t=36s phase=Congestion adaptation=with_ML throughput_gbps=8.2027 latency_ms=65.3756
[2026-08-07T10:01:45] SAMPLE t=37s phase=Congestion adaptation=with_ML throughput_gbps=7.8246 latency_ms=65.6519
[2026-08-07T10:01:46] SAMPLE t=38s phase=Congestion adaptation=with_ML throughput_gbps=7.7692 latency_ms=68.2791
[2026-08-07T10:01:47] SAMPLE t=39s phase=Congestion adaptation=with_ML throughput_gbps=8.0613 latency_ms=67.641
[2026-08-07T10:01:48] SAMPLE t=40s phase=Path_change adaptation=with_ML throughput_gbps=8.0018 latency_ms=67.4466
[2026-08-07T10:01:49] SAMPLE t=41s phase=Path_change adaptation=with_ML throughput_gbps=7.9251 latency_ms=68.1684
[2026-08-07T10:01:50] SAMPLE t=42s phase=Path_change adaptation=with_ML throughput_gbps=7.5663 latency_ms=67.1477
[2026-08-07T10:01:51] SAMPLE t=43s phase=Path_change adaptation=with_ML throughput_gbps=7.9022 latency_ms=68.2863
[2026-08-07T10:01:52] SAMPLE t=44s phase=Path_change adaptation=with_ML throughput_gbps=7.4104 latency_ms=67.1442
[2026-08-07T10:01:53] SAMPLE t=45s phase=Path_change adaptation=with_ML throughput_gbps=7.1502 latency_ms=68.3961
[2026-08-07T10:01:54] SAMPLE t=46s phase=Path_change adaptation=with_ML throughput_gbps=7.4399 latency_ms=68.7107
[2026-08-07T10:01:55] SAMPLE t=47s phase=Path_change adaptation=with_ML throughput_gbps=7.3979 latency_ms=70.9055
[2026-08-07T10:01:56] SAMPLE t=48s phase=Path_change adaptation=with_ML throughput_gbps=7.1645 latency_ms=68.6146
[2026-08-07T10:01:57] SAMPLE t=49s phase=Path_change adaptation=with_ML throughput_gbps=7.3027 latency_ms=68.5384
[2026-08-07T10:01:58] SAMPLE t=50s phase=Path_change adaptation=with_ML throughput_gbps=7.1859 latency_ms=67.8513
[2026-08-07T10:01:59] SAMPLE t=51s phase=Path_change adaptation=with_ML throughput_gbps=7.4398 latency_ms=69.3499
[2026-08-07T10:02:00] SAMPLE t=52s phase=Path_change adaptation=with_ML throughput_gbps=7.3538 latency_ms=66.8744
[2026-08-07T10:02:01] SAMPLE t=53s phase=Path_change adaptation=with_ML throughput_gbps=7.5787 latency_ms=68.7432
[2026-08-07T10:02:02] SAMPLE t=54s phase=Path_change adaptation=with_ML throughput_gbps=7.4862 latency_ms=66.4698
[2026-08-07T10:02:03] SAMPLE t=55s phase=Path_change adaptation=with_ML throughput_gbps=7.2325 latency_ms=66.4501
[2026-08-07T10:02:04] SAMPLE t=56s phase=Path_change adaptation=with_ML throughput_gbps=7.6121 latency_ms=67.303
[2026-08-07T10:02:05] SAMPLE t=57s phase=Path_change adaptation=with_ML throughput_gbps=7.9847 latency_ms=67.5424
[2026-08-07T10:02:06] SAMPLE t=58s phase=Path_change adaptation=with_ML throughput_gbps=7.9945 latency_ms=68.9198
[2026-08-07T10:02:07] SAMPLE t=59s phase=Path_change adaptation=with_ML throughput_gbps=8.0491 latency_ms=68.2885
[2026-08-07T10:02:08] SAMPLE t=60s phase=Loss_spike adaptation=with_ML throughput_gbps=7.5458 latency_ms=68.492
[2026-08-07T10:02:09] SAMPLE t=61s phase=Loss_spike adaptation=with_ML throughput_gbps=8.6806 latency_ms=68.0786
[2026-08-07T10:02:10] SAMPLE t=62s phase=Loss_spike adaptation=with_ML throughput_gbps=8.1518 latency_ms=71.3117
[2026-08-07T10:02:11] SAMPLE t=63s phase=Loss_spike adaptation=with_ML throughput_gbps=6.7295 latency_ms=68.7919
[2026-08-07T10:02:12] SAMPLE t=64s phase=Loss_spike adaptation=with_ML throughput_gbps=6.0197 latency_ms=73.0399
[2026-08-07T10:02:13] SAMPLE t=65s phase=Loss_spike adaptation=with_ML throughput_gbps=7.0357 latency_ms=69.2941
[2026-08-07T10:02:14] SAMPLE t=66s phase=Loss_spike adaptation=with_ML throughput_gbps=8.5834 latency_ms=71.5706
[2026-08-07T10:02:15] SAMPLE t=67s phase=Loss_spike adaptation=with_ML throughput_gbps=8.105 latency_ms=69.3051
[2026-08-07T10:02:16] SAMPLE t=68s phase=Loss_spike adaptation=with_ML throughput_gbps=6.7684 latency_ms=68.9365
[2026-08-07T10:02:17] SAMPLE t=69s phase=Loss_spike adaptation=with_ML throughput_gbps=6.2929 latency_ms=69.3164
[2026-08-07T10:02:18] SAMPLE t=70s phase=Loss_spike adaptation=with_ML throughput_gbps=7.5304 latency_ms=68.1044
[2026-08-07T10:02:19] SAMPLE t=71s phase=Loss_spike adaptation=with_ML throughput_gbps=8.3264 latency_ms=70.6007
[2026-08-07T10:02:20] SAMPLE t=72s phase=Loss_spike adaptation=with_ML throughput_gbps=7.9985 latency_ms=69.5027
[2026-08-07T10:02:21] SAMPLE t=73s phase=Loss_spike adaptation=with_ML throughput_gbps=6.8807 latency_ms=71.2621
[2026-08-07T10:02:22] SAMPLE t=74s phase=Loss_spike adaptation=with_ML throughput_gbps=6.1114 latency_ms=71.0689
[2026-08-07T10:02:23] SAMPLE t=75s phase=Loss_spike adaptation=with_ML throughput_gbps=7.0899 latency_ms=68.6447
[2026-08-07T10:02:24] SAMPLE t=76s phase=Loss_spike adaptation=with_ML throughput_gbps=8.2226 latency_ms=69.6961
[2026-08-07T10:02:25] SAMPLE t=77s phase=Loss_spike adaptation=with_ML throughput_gbps=8.0368 latency_ms=70.2164
[2026-08-07T10:02:26] SAMPLE t=78s phase=Loss_spike adaptation=with_ML throughput_gbps=6.4088 latency_ms=71.1216
[2026-08-07T10:02:27] SAMPLE t=79s phase=Loss_spike adaptation=with_ML throughput_gbps=6.3397 latency_ms=72.2476
[2026-08-07T10:02:28] SAMPLE t=80s phase=Recovery adaptation=with_ML throughput_gbps=7.8892 latency_ms=66.7069
[2026-08-07T10:02:29] SAMPLE t=81s phase=Recovery adaptation=with_ML throughput_gbps=8.1638 latency_ms=65.8338
[2026-08-07T10:02:30] SAMPLE t=82s phase=Recovery adaptation=with_ML throughput_gbps=8.4872 latency_ms=66.1746
[2026-08-07T10:02:31] SAMPLE t=83s phase=Recovery adaptation=with_ML throughput_gbps=8.2325 latency_ms=65.0631
[2026-08-07T10:02:32] SAMPLE t=84s phase=Recovery adaptation=with_ML throughput_gbps=7.8542 latency_ms=66.3826
[2026-08-07T10:02:33] SAMPLE t=85s phase=Recovery adaptation=with_ML throughput_gbps=8.4432 latency_ms=63.2206
[2026-08-07T10:02:34] SAMPLE t=86s phase=Recovery adaptation=with_ML throughput_gbps=8.3556 latency_ms=67.3035
[2026-08-07T10:02:35] SAMPLE t=87s phase=Recovery adaptation=with_ML throughput_gbps=8.2391 latency_ms=65.4885
[2026-08-07T10:02:36] SAMPLE t=88s phase=Recovery adaptation=with_ML throughput_gbps=8.1472 latency_ms=65.8988
[2026-08-07T10:02:37] SAMPLE t=89s phase=Recovery adaptation=with_ML throughput_gbps=7.9784 latency_ms=65.6255
[2026-08-07T10:02:38] SAMPLE t=90s phase=Recovery adaptation=with_ML throughput_gbps=8.63 latency_ms=66.2365
[2026-08-07T10:02:39] SAMPLE t=91s phase=Recovery adaptation=with_ML throughput_gbps=7.9108 latency_ms=67.2473
[2026-08-07T10:02:40] SAMPLE t=92s phase=Recovery adaptation=with_ML throughput_gbps=8.4512 latency_ms=64.5159
[2026-08-07T10:02:41] SAMPLE t=93s phase=Recovery adaptation=with_ML throughput_gbps=8.3685 latency_ms=65.561
[2026-08-07T10:02:42] SAMPLE t=94s phase=Recovery adaptation=with_ML throughput_gbps=8.3074 latency_ms=65.9209
[2026-08-07T10:02:43] SAMPLE t=95s phase=Recovery adaptation=with_ML throughput_gbps=8.76 latency_ms=63.9406
[2026-08-07T10:02:44] SAMPLE t=96s phase=Recovery adaptation=with_ML throughput_gbps=8.1475 latency_ms=64.9269
[2026-08-07T10:02:45] SAMPLE t=97s phase=Recovery adaptation=with_ML throughput_gbps=8.4595 latency_ms=64.4125
[2026-08-07T10:02:46] SAMPLE t=98s phase=Recovery adaptation=with_ML throughput_gbps=8.4614 latency_ms=62.3491
[2026-08-07T10:02:47] SAMPLE t=99s phase=Recovery adaptation=with_ML throughput_gbps=8.7428 latency_ms=64.4296
[2026-08-07T10:01:08] SAMPLE t=0s phase=Stable adaptation=without_ML throughput_gbps=7.8549 latency_ms=68.0697
[2026-08-07T10:01:09] SAMPLE t=1s phase=Stable adaptation=without_ML throughput_gbps=7.878 latency_ms=65.7744
[2026-08-07T10:01:10] SAMPLE t=2s phase=Stable adaptation=without_ML throughput_gbps=7.9151 latency_ms=65.4595
[2026-08-07T10:01:11] SAMPLE t=3s phase=Stable adaptation=without_ML throughput_gbps=8.1705 latency_ms=69.7122
[2026-08-07T10:01:12] SAMPLE t=4s phase=Stable adaptation=without_ML throughput_gbps=7.6329 latency_ms=65.8609
[2026-08-07T10:01:13] SAMPLE t=5s phase=Stable adaptation=without_ML throughput_gbps=8.0234 latency_ms=63.5074
[2026-08-07T10:01:14] SAMPLE t=6s phase=Stable adaptation=without_ML throughput_gbps=7.6246 latency_ms=65.8411
[2026-08-07T10:01:15] SAMPLE t=7s phase=Stable adaptation=without_ML throughput_gbps=7.9856 latency_ms=67.0712
[2026-08-07T10:01:16] SAMPLE t=8s phase=Stable adaptation=without_ML throughput_gbps=8.1459 latency_ms=66.5404
[2026-08-07T10:01:17] SAMPLE t=9s phase=Stable adaptation=without_ML throughput_gbps=8.22 latency_ms=64.9071
[2026-08-07T10:01:18] SAMPLE t=10s phase=Stable adaptation=without_ML throughput_gbps=8.3209 latency_ms=65.3312
[2026-08-07T10:01:19] SAMPLE t=11s phase=Stable adaptation=without_ML throughput_gbps=8.0401 latency_ms=65.5736
[2026-08-07T10:01:20] SAMPLE t=12s phase=Stable adaptation=without_ML throughput_gbps=8.2752 latency_ms=65.609
[2026-08-07T10:01:21] SAMPLE t=13s phase=Stable adaptation=without_ML throughput_gbps=7.9749 latency_ms=64.285
[2026-08-07T10:01:22] SAMPLE t=14s phase=Stable adaptation=without_ML throughput_gbps=8.0484 latency_ms=65.2388
[2026-08-07T10:01:23] SAMPLE t=15s phase=Stable adaptation=without_ML throughput_gbps=8.1694 latency_ms=66.2713
[2026-08-07T10:01:24] SAMPLE t=16s phase=Stable adaptation=without_ML throughput_gbps=8.0439 latency_ms=66.8737
[2026-08-07T10:01:25] SAMPLE t=17s phase=Stable adaptation=without_ML throughput_gbps=7.8844 latency_ms=64.0945
[2026-08-07T10:01:26] SAMPLE t=18s phase=Stable adaptation=without_ML throughput_gbps=8.0295 latency_ms=65.6768
[2026-08-07T10:01:27] SAMPLE t=19s phase=Stable adaptation=without_ML throughput_gbps=7.7347 latency_ms=66.5893
[2026-08-07T10:01:28] SAMPLE t=20s phase=Congestion adaptation=without_ML throughput_gbps=8.1079 latency_ms=64.3865
[2026-08-07T10:01:29] SAMPLE t=21s phase=Congestion adaptation=without_ML throughput_gbps=7.6564 latency_ms=66.0904
[2026-08-07T10:01:30] SAMPLE t=22s phase=Congestion adaptation=without_ML throughput_gbps=8.3705 latency_ms=64.4897
[2026-08-07T10:01:31] SAMPLE t=23s phase=Congestion adaptation=without_ML throughput_gbps=7.7141 latency_ms=63.1091
[2026-08-07T10:01:32] SAMPLE t=24s phase=Congestion adaptation=without_ML throughput_gbps=7.7582 latency_ms=67.1318
[2026-08-07T10:01:33] SAMPLE t=25s phase=Congestion adaptation=without_ML throughput_gbps=7.9863 latency_ms=64.3279
[2026-08-07T10:01:34] SAMPLE t=26s phase=Congestion adaptation=without_ML throughput_gbps=8.4561 latency_ms=66.9222
[2026-08-07T10:01:35] SAMPLE t=27s phase=Congestion adaptation=without_ML throughput_gbps=7.8572 latency_ms=64.0717
[2026-08-07T10:01:36] SAMPLE t=28s phase=Congestion adaptation=without_ML throughput_gbps=7.7827 latency_ms=66.1128
[2026-08-07T10:01:37] SAMPLE t=29s phase=Congestion adaptation=without_ML throughput_gbps=7.5487 latency_ms=65.3095
[2026-08-07T10:01:38] SAMPLE t=30s phase=Congestion adaptation=without_ML throughput_gbps=7.8819 latency_ms=66.0548
[2026-08-07T10:01:39] SAMPLE t=31s phase=Congestion adaptation=without_ML throughput_gbps=7.8658 latency_ms=66.2922
[2026-08-07T10:01:40] SAMPLE t=32s phase=Congestion adaptation=without_ML throughput_gbps=7.5101 latency_ms=66.3708
[2026-08-07T10:01:41] SAMPLE t=33s phase=Congestion adaptation=without_ML throughput_gbps=8.0054 latency_ms=67.8869
[2026-08-07T10:01:42] SAMPLE t=34s phase=Congestion adaptation=without_ML throughput_gbps=8.1083 latency_ms=66.7037
[2026-08-07T10:01:43] SAMPLE t=35s phase=Congestion adaptation=without_ML throughput_gbps=8.2476 latency_ms=66.3238
[2026-08-07T10:01:44] SAMPLE t=36s phase=Congestion adaptation=without_ML throughput_gbps=8.0081 latency_ms=67.7618
[2026-08-07T10:01:45] SAMPLE t=37s phase=Congestion adaptation=without_ML throughput_gbps=8.3675 latency_ms=65.4
[2026-08-07T10:01:46] SAMPLE t=38s phase=Congestion adaptation=without_ML throughput_gbps=8.1087 latency_ms=66.7761
[2026-08-07T10:01:47] SAMPLE t=39s phase=Congestion adaptation=without_ML throughput_gbps=7.6358 latency_ms=65.1822
[2026-08-07T10:01:48] SAMPLE t=40s phase=Path_change adaptation=without_ML throughput_gbps=7.9229 latency_ms=67.0925
[2026-08-07T10:01:49] SAMPLE t=41s phase=Path_change adaptation=without_ML throughput_gbps=7.3793 latency_ms=67.6558
[2026-08-07T10:01:50] SAMPLE t=42s phase=Path_change adaptation=without_ML throughput_gbps=7.4232 latency_ms=69.2058
[2026-08-07T10:01:51] SAMPLE t=43s phase=Path_change adaptation=without_ML throughput_gbps=6.5091 latency_ms=67.3089
[2026-08-07T10:01:52] SAMPLE t=44s phase=Path_change adaptation=without_ML throughput_gbps=6.3695 latency_ms=70.6292
[2026-08-07T10:01:53] SAMPLE t=45s phase=Path_change adaptation=without_ML throughput_gbps=6.1442 latency_ms=70.333
[2026-08-07T10:01:54] SAMPLE t=46s phase=Path_change adaptation=without_ML throughput_gbps=5.6715 latency_ms=70.4573
[2026-08-07T10:01:55] SAMPLE t=47s phase=Path_change adaptation=without_ML throughput_gbps=6.1551 latency_ms=72.4684
[2026-08-07T10:01:56] SAMPLE t=48s phase=Path_change adaptation=without_ML throughput_gbps=5.6728 latency_ms=72.1183
[2026-08-07T10:01:57] SAMPLE t=49s phase=Path_change adaptation=without_ML throughput_gbps=5.8128 latency_ms=72.5496
[2026-08-07T10:01:58] SAMPLE t=50s phase=Path_change adaptation=without_ML throughput_gbps=5.6599 latency_ms=77.4413
[2026-08-07T10:01:59] SAMPLE t=51s phase=Path_change adaptation=without_ML throughput_gbps=5.794 latency_ms=72.7577
[2026-08-07T10:02:00] SAMPLE t=52s phase=Path_change adaptation=without_ML throughput_gbps=5.7357 latency_ms=71.037
[2026-08-07T10:02:01] SAMPLE t=53s phase=Path_change adaptation=without_ML throughput_gbps=6.2038 latency_ms=70.9671
[2026-08-07T10:02:02] SAMPLE t=54s phase=Path_change adaptation=without_ML throughput_gbps=6.2477 latency_ms=70.7092
[2026-08-07T10:02:03] SAMPLE t=55s phase=Path_change adaptation=without_ML throughput_gbps=6.1287 latency_ms=71.6272
[2026-08-07T10:02:04] SAMPLE t=56s phase=Path_change adaptation=without_ML throughput_gbps=6.8368 latency_ms=70.1717
[2026-08-07T10:02:05] SAMPLE t=57s phase=Path_change adaptation=without_ML throughput_gbps=7.1228 latency_ms=69.6639
[2026-08-07T10:02:06] SAMPLE t=58s phase=Path_change adaptation=without_ML throughput_gbps=7.2805 latency_ms=67.9815
[2026-08-07T10:02:07] SAMPLE t=59s phase=Path_change adaptation=without_ML throughput_gbps=7.4236 latency_ms=67.8333
[2026-08-07T10:02:08] SAMPLE t=60s phase=Loss_spike adaptation=without_ML throughput_gbps=6.4744 latency_ms=71.2732
[2026-08-07T10:02:09] SAMPLE t=61s phase=Loss_spike adaptation=without_ML throughput_gbps=8.2749 latency_ms=79.5816
[2026-08-07T10:02:10] SAMPLE t=62s phase=Loss_spike adaptation=without_ML throughput_gbps=7.5635 latency_ms=73.9423
[2026-08-07T10:02:11] SAMPLE t=63s phase=Loss_spike adaptation=without_ML throughput_gbps=4.8228 latency_ms=77.8578
[2026-08-07T10:02:12] SAMPLE t=64s phase=Loss_spike adaptation=without_ML throughput_gbps=4.2599 latency_ms=79.2724
[2026-08-07T10:02:13] SAMPLE t=65s phase=Loss_spike adaptation=without_ML throughput_gbps=6.3416 latency_ms=70.8096
[2026-08-07T10:02:14] SAMPLE t=66s phase=Loss_spike adaptation=without_ML throughput_gbps=8.4482 latency_ms=80.7589
[2026-08-07T10:02:15] SAMPLE t=67s phase=Loss_spike adaptation=without_ML throughput_gbps=7.3211 latency_ms=71.5281
[2026-08-07T10:02:16] SAMPLE t=68s phase=Loss_spike adaptation=without_ML throughput_gbps=4.9316 latency_ms=75.9639
[2026-08-07T10:02:17] SAMPLE t=69s phase=Loss_spike adaptation=without_ML throughput_gbps=4.0243 latency_ms=76.6096
[2026-08-07T10:02:18] SAMPLE t=70s phase=Loss_spike adaptation=without_ML throughput_gbps=5.9618 latency_ms=69.4008
[2026-08-07T10:02:19] SAMPLE t=71s phase=Loss_spike adaptation=without_ML throughput_gbps=8.682 latency_ms=76.7591
[2026-08-07T10:02:20] SAMPLE t=72s phase=Loss_spike adaptation=without_ML throughput_gbps=7.4707 latency_ms=76.0272
[2026-08-07T10:02:21] SAMPLE t=73s phase=Loss_spike adaptation=without_ML throughput_gbps=4.9045 latency_ms=75.0731
[2026-08-07T10:02:22] SAMPLE t=74s phase=Loss_spike adaptation=without_ML throughput_gbps=4.0665 latency_ms=79.6541
[2026-08-07T10:02:23] SAMPLE t=75s phase=Loss_spike adaptation=without_ML throughput_gbps=6.1893 latency_ms=70.4118
[2026-08-07T10:02:24] SAMPLE t=76s phase=Loss_spike adaptation=without_ML throughput_gbps=8.35 latency_ms=81.9291
[2026-08-07T10:02:25] SAMPLE t=77s phase=Loss_spike adaptation=without_ML throughput_gbps=7.8197 latency_ms=76.7931
[2026-08-07T10:02:26] SAMPLE t=78s phase=Loss_spike adaptation=without_ML throughput_gbps=4.8848 latency_ms=75.5272
[2026-08-07T10:02:27] SAMPLE t=79s phase=Loss_spike adaptation=without_ML throughput_gbps=4.0881 latency_ms=82.082
[2026-08-07T10:02:28] SAMPLE t=80s phase=Recovery adaptation=without_ML throughput_gbps=7.8701 latency_ms=66.6328
[2026-08-07T10:02:29] SAMPLE t=81s phase=Recovery adaptation=without_ML throughput_gbps=7.5553 latency_ms=67.069
[2026-08-07T10:02:30] SAMPLE t=82s phase=Recovery adaptation=without_ML throughput_gbps=8.6994 latency_ms=68.0077
[2026-08-07T10:02:31] SAMPLE t=83s phase=Recovery adaptation=without_ML throughput_gbps=7.8728 latency_ms=66.7506
[2026-08-07T10:02:32] SAMPLE t=84s phase=Recovery adaptation=without_ML throughput_gbps=7.8189 latency_ms=64.4591
[2026-08-07T10:02:33] SAMPLE t=85s phase=Recovery adaptation=without_ML throughput_gbps=7.9813 latency_ms=63.4281
[2026-08-07T10:02:34] SAMPLE t=86s phase=Recovery adaptation=without_ML throughput_gbps=8.2436 latency_ms=66.042
[2026-08-07T10:02:35] SAMPLE t=87s phase=Recovery adaptation=without_ML throughput_gbps=8.1411 latency_ms=66.6075
[2026-08-07T10:02:36] SAMPLE t=88s phase=Recovery adaptation=without_ML throughput_gbps=7.8422 latency_ms=64.1722
[2026-08-07T10:02:37] SAMPLE t=89s phase=Recovery adaptation=without_ML throughput_gbps=7.8839 latency_ms=65.7023
[2026-08-07T10:02:38] SAMPLE t=90s phase=Recovery adaptation=without_ML throughput_gbps=7.8193 latency_ms=63.9136
[2026-08-07T10:02:39] SAMPLE t=91s phase=Recovery adaptation=without_ML throughput_gbps=8.2353 latency_ms=64.846
[2026-08-07T10:02:40] SAMPLE t=92s phase=Recovery adaptation=without_ML throughput_gbps=7.7976 latency_ms=65.6904
[2026-08-07T10:02:41] SAMPLE t=93s phase=Recovery adaptation=without_ML throughput_gbps=8.0204 latency_ms=66.1541
[2026-08-07T10:02:42] SAMPLE t=94s phase=Recovery adaptation=without_ML throughput_gbps=8.0792 latency_ms=66.1399
[2026-08-07T10:02:43] SAMPLE t=95s phase=Recovery adaptation=without_ML throughput_gbps=7.7137 latency_ms=65.3863
[2026-08-07T10:02:44] SAMPLE t=96s phase=Recovery adaptation=without_ML throughput_gbps=7.6961 latency_ms=65.049
[2026-08-07T10:02:45] SAMPLE t=97s phase=Recovery adaptation=without_ML throughput_gbps=7.8466 latency_ms=63.5943
[2026-08-07T10:02:46] SAMPLE t=98s phase=Recovery adaptation=without_ML throughput_gbps=7.6843 latency_ms=65.2242
[2026-08-07T10:02:47] SAMPLE t=99s phase=Recovery adaptation=without_ML throughput_gbps=8.2465 latency_ms=66.9284
[2026-08-07T10:01:08] TRACE_END run_id=31 status=OK
[2026-08-07T10:04:34] TRACE_START run_id=32
[2026-08-07T10:04:34] SAMPLE t=0s phase=Stable adaptation=with_ML throughput_gbps=7.9629 latency_ms=67.376
[2026-08-07T10:04:35] SAMPLE t=1s phase=Stable adaptation=with_ML throughput_gbps=7.6358 latency_ms=67.3024
[2026-08-07T10:04:36] SAMPLE t=2s phase=Stable adaptation=with_ML throughput_gbps=7.9062 latency_ms=66.1318
[2026-08-07T10:04:37] SAMPLE t=3s phase=Stable adaptation=with_ML throughput_gbps=8.2507 latency_ms=67.5561
[2026-08-07T10:04:38] SAMPLE t=4s phase=Stable adaptation=with_ML throughput_gbps=8.0216 latency_ms=65.102
[2026-08-07T10:04:39] SAMPLE t=5s phase=Stable adaptation=with_ML throughput_gbps=8.0771 latency_ms=67.5943
[2026-08-07T10:04:40] SAMPLE t=6s phase=Stable adaptation=with_ML throughput_gbps=8.3598 latency_ms=67.9982
[2026-08-07T10:04:41] SAMPLE t=7s phase=Stable adaptation=with_ML throughput_gbps=7.8368 latency_ms=66.191
[2026-08-07T10:04:42] SAMPLE t=8s phase=Stable adaptation=with_ML throughput_gbps=8.1995 latency_ms=66.1264
[2026-08-07T10:04:43] SAMPLE t=9s phase=Stable adaptation=with_ML throughput_gbps=7.877 latency_ms=66.32
[2026-08-07T10:04:44] SAMPLE t=10s phase=Stable adaptation=with_ML throughput_gbps=8.5101 latency_ms=69.1774
[2026-08-07T10:04:45] SAMPLE t=11s phase=Stable adaptation=with_ML throughput_gbps=7.7653 latency_ms=66.827
[2026-08-07T10:04:46] SAMPLE t=12s phase=Stable adaptation=with_ML throughput_gbps=8.2726 latency_ms=64.3847
[2026-08-07T10:04:47] SAMPLE t=13s phase=Stable adaptation=with_ML throughput_gbps=8.0046 latency_ms=65.7739
[2026-08-07T10:04:48] SAMPLE t=14s phase=Stable adaptation=with_ML throughput_gbps=8.3034 latency_ms=65.2221
[2026-08-07T10:04:49] SAMPLE t=15s phase=Stable adaptation=with_ML throughput_gbps=8.5445 latency_ms=65.3732
[2026-08-07T10:04:50] SAMPLE t=16s phase=Stable adaptation=with_ML throughput_gbps=8.6682 latency_ms=67.2129
[2026-08-07T10:04:51] SAMPLE t=17s phase=Stable adaptation=with_ML throughput_gbps=7.8876 latency_ms=67.4885
[2026-08-07T10:04:52] SAMPLE t=18s phase=Stable adaptation=with_ML throughput_gbps=7.95 latency_ms=66.7654
[2026-08-07T10:04:53] SAMPLE t=19s phase=Stable adaptation=with_ML throughput_gbps=7.7746 latency_ms=66.9128
[2026-08-07T10:04:54] SAMPLE t=20s phase=Congestion adaptation=with_ML throughput_gbps=7.7451 latency_ms=67.69
[2026-08-07T10:04:55] SAMPLE t=21s phase=Congestion adaptation=with_ML throughput_gbps=8.252 latency_ms=65.7629
[2026-08-07T10:04:56] SAMPLE t=22s phase=Congestion adaptation=with_ML throughput_gbps=8.0295 latency_ms=68.1383
[2026-08-07T10:04:57] SAMPLE t=23s phase=Congestion adaptation=with_ML throughput_gbps=7.9577 latency_ms=66.887
[2026-08-07T10:04:58] SAMPLE t=24s phase=Congestion adaptation=with_ML throughput_gbps=8.4642 latency_ms=66.2682
[2026-08-07T10:04:59] SAMPLE t=25s phase=Congestion adaptation=with_ML throughput_gbps=8.051 latency_ms=69.3127
[2026-08-07T10:05:00] SAMPLE t=26s phase=Congestion adaptation=with_ML throughput_gbps=8.0918 latency_ms=67.5866
[2026-08-07T10:05:01] SAMPLE t=27s phase=Congestion adaptation=with_ML throughput_gbps=7.9452 latency_ms=65.6574
[2026-08-07T10:05:02] SAMPLE t=28s phase=Congestion adaptation=with_ML throughput_gbps=7.8936 latency_ms=65.1113
[2026-08-07T10:05:03] SAMPLE t=29s phase=Congestion adaptation=with_ML throughput_gbps=8.2964 latency_ms=64.2469
[2026-08-07T10:05:04] SAMPLE t=30s phase=Congestion adaptation=with_ML throughput_gbps=8.1664 latency_ms=64.3828
[2026-08-07T10:05:05] SAMPLE t=31s phase=Congestion adaptation=with_ML throughput_gbps=8.5362 latency_ms=66.1953
[2026-08-07T10:05:06] SAMPLE t=32s phase=Congestion adaptation=with_ML throughput_gbps=8.4172 latency_ms=67.7491
[2026-08-07T10:05:07] SAMPLE t=33s phase=Congestion adaptation=with_ML throughput_gbps=8.5078 latency_ms=67.0827
[2026-08-07T10:05:08] SAMPLE t=34s phase=Congestion adaptation=with_ML throughput_gbps=8.0684 latency_ms=63.6607
[2026-08-07T10:05:09] SAMPLE t=35s phase=Congestion adaptation=with_ML throughput_gbps=8.0133 latency_ms=67.1363
[2026-08-07T10:05:10] SAMPLE t=36s phase=Congestion adaptation=with_ML throughput_gbps=7.9442 latency_ms=68.6742
[2026-08-07T10:05:11] SAMPLE t=37s phase=Congestion adaptation=with_ML throughput_gbps=8.203 latency_ms=66.4815
[2026-08-07T10:05:12] SAMPLE t=38s phase=Congestion adaptation=with_ML throughput_gbps=7.8655 latency_ms=66.4432
[2026-08-07T10:05:13] SAMPLE t=39s phase=Congestion adaptation=with_ML throughput_gbps=8.0519 latency_ms=68.0729
[2026-08-07T10:05:14] SAMPLE t=40s phase=Path_change adaptation=with_ML throughput_gbps=8.2542 latency_ms=67.1241
[2026-08-07T10:05:15] SAMPLE t=41s phase=Path_change adaptation=with_ML throughput_gbps=8.0109 latency_ms=67.0567
[2026-08-07T10:05:16] SAMPLE t=42s phase=Path_change adaptation=with_ML throughput_gbps=7.6039 latency_ms=66.285
[2026-08-07T10:05:17] SAMPLE t=43s phase=Path_change adaptation=with_ML throughput_gbps=7.6405 latency_ms=65.9706
[2026-08-07T10:05:18] SAMPLE t=44s phase=Path_change adaptation=with_ML throughput_gbps=7.3219 latency_ms=69.1105
[2026-08-07T10:05:19] SAMPLE t=45s phase=Path_change adaptation=with_ML throughput_gbps=7.4317 latency_ms=69.6098
[2026-08-07T10:05:20] SAMPLE t=46s phase=Path_change adaptation=with_ML throughput_gbps=7.517 latency_ms=69.0629
[2026-08-07T10:05:21] SAMPLE t=47s phase=Path_change adaptation=with_ML throughput_gbps=7.5177 latency_ms=67.144
[2026-08-07T10:05:22] SAMPLE t=48s phase=Path_change adaptation=with_ML throughput_gbps=7.2809 latency_ms=66.4787
[2026-08-07T10:05:23] SAMPLE t=49s phase=Path_change adaptation=with_ML throughput_gbps=7.4709 latency_ms=71.2022
[2026-08-07T10:05:24] SAMPLE t=50s phase=Path_change adaptation=with_ML throughput_gbps=7.0873 latency_ms=68.2489
[2026-08-07T10:05:25] SAMPLE t=51s phase=Path_change adaptation=with_ML throughput_gbps=7.1245 latency_ms=67.1639
[2026-08-07T10:05:26] SAMPLE t=52s phase=Path_change adaptation=with_ML throughput_gbps=7.2813 latency_ms=66.6483
[2026-08-07T10:05:27] SAMPLE t=53s phase=Path_change adaptation=with_ML throughput_gbps=7.3636 latency_ms=67.8637
[2026-08-07T10:05:28] SAMPLE t=54s phase=Path_change adaptation=with_ML throughput_gbps=7.4194 latency_ms=68.2678
[2026-08-07T10:05:29] SAMPLE t=55s phase=Path_change adaptation=with_ML throughput_gbps=7.3471 latency_ms=66.2345
[2026-08-07T10:05:30] SAMPLE t=56s phase=Path_change adaptation=with_ML throughput_gbps=7.2047 latency_ms=68.5984
[2026-08-07T10:05:31] SAMPLE t=57s phase=Path_change adaptation=with_ML throughput_gbps=7.8427 latency_ms=67.2258
[2026-08-07T10:05:32] SAMPLE t=58s phase=Path_change adaptation=with_ML throughput_gbps=8.1123 latency_ms=65.4829
[2026-08-07T10:05:33] SAMPLE t=59s phase=Path_change adaptation=with_ML throughput_gbps=8.0278 latency_ms=64.7721
[2026-08-07T10:05:34] SAMPLE t=60s phase=Loss_spike adaptation=with_ML throughput_gbps=7.3433 latency_ms=66.8274
[2026-08-07T10:05:35] SAMPLE t=61s phase=Loss_spike adaptation=with_ML throughput_gbps=8.1477 latency_ms=72.0134
[2026-08-07T10:05:36] SAMPLE t=62s phase=Loss_spike adaptation=with_ML throughput_gbps=7.74 latency_ms=71.5848
[2026-08-07T10:05:37] SAMPLE t=63s phase=Loss_spike adaptation=with_ML throughput_gbps=6.676 latency_ms=71.8787
[2026-08-07T10:05:38] SAMPLE t=64s phase=Loss_spike adaptation=with_ML throughput_gbps=6.2377 latency_ms=71.1875
[2026-08-07T10:05:39] SAMPLE t=65s phase=Loss_spike adaptation=with_ML throughput_gbps=7.1278 latency_ms=69.1272
[2026-08-07T10:05:40] SAMPLE t=66s phase=Loss_spike adaptation=with_ML throughput_gbps=8.1206 latency_ms=70.2104
[2026-08-07T10:05:41] SAMPLE t=67s phase=Loss_spike adaptation=with_ML throughput_gbps=8.2455 latency_ms=69.5979
[2026-08-07T10:05:42] SAMPLE t=68s phase=Loss_spike adaptation=with_ML throughput_gbps=6.7683 latency_ms=68.9708
[2026-08-07T10:05:43] SAMPLE t=69s phase=Loss_spike adaptation=with_ML throughput_gbps=6.1302 latency_ms=69.2551
[2026-08-07T10:05:44] SAMPLE t=70s phase=Loss_spike adaptation=with_ML throughput_gbps=7.5448 latency_ms=69.7418
[2026-08-07T10:05:45] SAMPLE t=71s phase=Loss_spike adaptation=with_ML throughput_gbps=8.334 latency_ms=69.6257
[2026-08-07T10:05:46] SAMPLE t=72s phase=Loss_spike adaptation=with_ML throughput_gbps=7.4574 latency_ms=69.4667
[2026-08-07T10:05:47] SAMPLE t=73s phase=Loss_spike adaptation=with_ML throughput_gbps=6.4838 latency_ms=69.1929
[2026-08-07T10:05:48] SAMPLE t=74s phase=Loss_spike adaptation=with_ML throughput_gbps=6.2052 latency_ms=71.6232
[2026-08-07T10:05:49] SAMPLE t=75s phase=Loss_spike adaptation=with_ML throughput_gbps=7.2837 latency_ms=67.425
[2026-08-07T10:05:50] SAMPLE t=76s phase=Loss_spike adaptation=with_ML throughput_gbps=8.4401 latency_ms=69.3886
[2026-08-07T10:05:51] SAMPLE t=77s phase=Loss_spike adaptation=with_ML throughput_gbps=8.0342 latency_ms=69.7951
[2026-08-07T10:05:52] SAMPLE t=78s phase=Loss_spike adaptation=with_ML throughput_gbps=6.5985 latency_ms=69.5443
[2026-08-07T10:05:53] SAMPLE t=79s phase=Loss_spike adaptation=with_ML throughput_gbps=6.1366 latency_ms=71.0801
[2026-08-07T10:05:54] SAMPLE t=80s phase=Recovery adaptation=with_ML throughput_gbps=7.9629 latency_ms=65.5589
[2026-08-07T10:05:55] SAMPLE t=81s phase=Recovery adaptation=with_ML throughput_gbps=8.2583 latency_ms=64.4243
[2026-08-07T10:05:56] SAMPLE t=82s phase=Recovery adaptation=with_ML throughput_gbps=8.188 latency_ms=66.8641
[2026-08-07T10:05:57] SAMPLE t=83s phase=Recovery adaptation=with_ML throughput_gbps=8.1752 latency_ms=65.9596
[2026-08-07T10:05:58] SAMPLE t=84s phase=Recovery adaptation=with_ML throughput_gbps=8.0622 latency_ms=66.0678
[2026-08-07T10:05:59] SAMPLE t=85s phase=Recovery adaptation=with_ML throughput_gbps=8.1731 latency_ms=64.8169
[2026-08-07T10:06:00] SAMPLE t=86s phase=Recovery adaptation=with_ML throughput_gbps=8.2456 latency_ms=64.7931
[2026-08-07T10:06:01] SAMPLE t=87s phase=Recovery adaptation=with_ML throughput_gbps=8.2842 latency_ms=64.6529
[2026-08-07T10:06:02] SAMPLE t=88s phase=Recovery adaptation=with_ML throughput_gbps=8.5199 latency_ms=64.2386
[2026-08-07T10:06:03] SAMPLE t=89s phase=Recovery adaptation=with_ML throughput_gbps=7.8551 latency_ms=65.0933
[2026-08-07T10:06:04] SAMPLE t=90s phase=Recovery adaptation=with_ML throughput_gbps=8.1525 latency_ms=65.116
[2026-08-07T10:06:05] SAMPLE t=91s phase=Recovery adaptation=with_ML throughput_gbps=8.7667 latency_ms=64.3981
[2026-08-07T10:06:06] SAMPLE t=92s phase=Recovery adaptation=with_ML throughput_gbps=8.0566 latency_ms=65.7615
[2026-08-07T10:06:07] SAMPLE t=93s phase=Recovery adaptation=with_ML throughput_gbps=8.6726 latency_ms=67.0363
[2026-08-07T10:06:08] SAMPLE t=94s phase=Recovery adaptation=with_ML throughput_gbps=8.5165 latency_ms=64.0627
[2026-08-07T10:06:09] SAMPLE t=95s phase=Recovery adaptation=with_ML throughput_gbps=8.6304 latency_ms=64.5732
[2026-08-07T10:06:10] SAMPLE t=96s phase=Recovery adaptation=with_ML throughput_gbps=8.367 latency_ms=64.0942
[2026-08-07T10:06:11] SAMPLE t=97s phase=Recovery adaptation=with_ML throughput_gbps=8.7846 latency_ms=65.0753
[2026-08-07T10:06:12] SAMPLE t=98s phase=Recovery adaptation=with_ML throughput_gbps=8.2896 latency_ms=64.2658
[2026-08-07T10:06:13] SAMPLE t=99s phase=Recovery adaptation=with_ML throughput_gbps=8.4942 latency_ms=64.7341
[2026-08-07T10:04:34] SAMPLE t=0s phase=Stable adaptation=without_ML throughput_gbps=7.854 latency_ms=65.2012
[2026-08-07T10:04:35] SAMPLE t=1s phase=Stable adaptation=without_ML throughput_gbps=7.9684 latency_ms=63.8004
[2026-08-07T10:04:36] SAMPLE t=2s phase=Stable adaptation=without_ML throughput_gbps=8.2787 latency_ms=69.3917
[2026-08-07T10:04:37] SAMPLE t=3s phase=Stable adaptation=without_ML throughput_gbps=8.0873 latency_ms=67.3117
[2026-08-07T10:04:38] SAMPLE t=4s phase=Stable adaptation=without_ML throughput_gbps=7.8528 latency_ms=65.7597
[2026-08-07T10:04:39] SAMPLE t=5s phase=Stable adaptation=without_ML throughput_gbps=7.8746 latency_ms=65.6911
[2026-08-07T10:04:40] SAMPLE t=6s phase=Stable adaptation=without_ML throughput_gbps=8.0005 latency_ms=66.0161
[2026-08-07T10:04:41] SAMPLE t=7s phase=Stable adaptation=without_ML throughput_gbps=7.9527 latency_ms=66.2946
[2026-08-07T10:04:42] SAMPLE t=8s phase=Stable adaptation=without_ML throughput_gbps=7.777 latency_ms=66.3171
[2026-08-07T10:04:43] SAMPLE t=9s phase=Stable adaptation=without_ML throughput_gbps=8.0768 latency_ms=67.4389
[2026-08-07T10:04:44] SAMPLE t=10s phase=Stable adaptation=without_ML throughput_gbps=8.0263 latency_ms=64.5042
[2026-08-07T10:04:45] SAMPLE t=11s phase=Stable adaptation=without_ML throughput_gbps=7.6681 latency_ms=66.0838
[2026-08-07T10:04:46] SAMPLE t=12s phase=Stable adaptation=without_ML throughput_gbps=8.1504 latency_ms=66.4502
[2026-08-07T10:04:47] SAMPLE t=13s phase=Stable adaptation=without_ML throughput_gbps=8.1909 latency_ms=64.1069
[2026-08-07T10:04:48] SAMPLE t=14s phase=Stable adaptation=without_ML throughput_gbps=8.2636 latency_ms=68.2261
[2026-08-07T10:04:49] SAMPLE t=15s phase=Stable adaptation=without_ML throughput_gbps=7.891 latency_ms=67.4156
[2026-08-07T10:04:50] SAMPLE t=16s phase=Stable adaptation=without_ML throughput_gbps=7.8838 latency_ms=64.077
[2026-08-07T10:04:51] SAMPLE t=17s phase=Stable adaptation=without_ML throughput_gbps=8.4203 latency_ms=67.6522
[2026-08-07T10:04:52] SAMPLE t=18s phase=Stable adaptation=without_ML throughput_gbps=8.2199 latency_ms=65.4664
[2026-08-07T10:04:53] SAMPLE t=19s phase=Stable adaptation=without_ML throughput_gbps=7.9555 latency_ms=65.1358
[2026-08-07T10:04:54] SAMPLE t=20s phase=Congestion adaptation=without_ML throughput_gbps=8.1261 latency_ms=66.3104
[2026-08-07T10:04:55] SAMPLE t=21s phase=Congestion adaptation=without_ML throughput_gbps=7.915 latency_ms=65.4815
[2026-08-07T10:04:56] SAMPLE t=22s phase=Congestion adaptation=without_ML throughput_gbps=8.233 latency_ms=65.5707
[2026-08-07T10:04:57] SAMPLE t=23s phase=Congestion adaptation=without_ML throughput_gbps=8.1292 latency_ms=67.4344
[2026-08-07T10:04:58] SAMPLE t=24s phase=Congestion adaptation=without_ML throughput_gbps=7.902 latency_ms=65.5875
[2026-08-07T10:04:59] SAMPLE t=25s phase=Congestion adaptation=without_ML throughput_gbps=8.0136 latency_ms=63.4617
[2026-08-07T10:05:00] SAMPLE t=26s phase=Congestion adaptation=without_ML throughput_gbps=7.967 latency_ms=63.7373
[2026-08-07T10:05:01] SAMPLE t=27s phase=Congestion adaptation=without_ML throughput_gbps=7.9878 latency_ms=64.8381
[2026-08-07T10:05:02] SAMPLE t=28s phase=Congestion adaptation=without_ML throughput_gbps=8.486 latency_ms=65.4806
[2026-08-07T10:05:03] SAMPLE t=29s phase=Congestion adaptation=without_ML throughput_gbps=7.9149 latency_ms=64.9018
[2026-08-07T10:05:04] SAMPLE t=30s phase=Congestion adaptation=without_ML throughput_gbps=8.102 latency_ms=66.7063
[2026-08-07T10:05:05] SAMPLE t=31s phase=Congestion adaptation=without_ML throughput_gbps=8.029 latency_ms=68.4429
[2026-08-07T10:05:06] SAMPLE t=32s phase=Congestion adaptation=without_ML throughput_gbps=7.7117 latency_ms=66.2863
[2026-08-07T10:05:07] SAMPLE t=33s phase=Congestion adaptation=without_ML throughput_gbps=7.5516 latency_ms=67.3131
[2026-08-07T10:05:08] SAMPLE t=34s phase=Congestion adaptation=without_ML throughput_gbps=7.6032 latency_ms=65.8541
[2026-08-07T10:05:09] SAMPLE t=35s phase=Congestion adaptation=without_ML throughput_gbps=8.5139 latency_ms=66.345
[2026-08-07T10:05:10] SAMPLE t=36s phase=Congestion adaptation=without_ML throughput_gbps=7.9929 latency_ms=65.2377
[2026-08-07T10:05:11] SAMPLE t=37s phase=Congestion adaptation=without_ML throughput_gbps=8.0795 latency_ms=66.4846
[2026-08-07T10:05:12] SAMPLE t=38s phase=Congestion adaptation=without_ML throughput_gbps=8.13 latency_ms=67.9916
[2026-08-07T10:05:13] SAMPLE t=39s phase=Congestion adaptation=without_ML throughput_gbps=8.0426 latency_ms=65.8923
[2026-08-07T10:05:14] SAMPLE t=40s phase=Path_change adaptation=without_ML throughput_gbps=8.1683 latency_ms=64.5011
[2026-08-07T10:05:15] SAMPLE t=41s phase=Path_change adaptation=without_ML throughput_gbps=7.8097 latency_ms=65.8194
[2026-08-07T10:05:16] SAMPLE t=42s phase=Path_change adaptation=without_ML throughput_gbps=7.4175 latency_ms=67.174
[2026-08-07T10:05:17] SAMPLE t=43s phase=Path_change adaptation=without_ML throughput_gbps=7.2113 latency_ms=68.4842
[2026-08-07T10:05:18] SAMPLE t=44s phase=Path_change adaptation=without_ML throughput_gbps=6.7426 latency_ms=73.7287
[2026-08-07T10:05:19] SAMPLE t=45s phase=Path_change adaptation=without_ML throughput_gbps=6.4053 latency_ms=71.1555
[2026-08-07T10:05:20] SAMPLE t=46s phase=Path_change adaptation=without_ML throughput_gbps=6.4971 latency_ms=69.9316
[2026-08-07T10:05:21] SAMPLE t=47s phase=Path_change adaptation=without_ML throughput_gbps=6.002 latency_ms=73.3108
[2026-08-07T10:05:22] SAMPLE t=48s phase=Path_change adaptation=without_ML throughput_gbps=5.7936 latency_ms=71.7425
[2026-08-07T10:05:23] SAMPLE t=49s phase=Path_change adaptation=without_ML throughput_gbps=5.9275 latency_ms=72.406
[2026-08-07T10:05:24] SAMPLE t=50s phase=Path_change adaptation=without_ML throughput_gbps=5.8654 latency_ms=73.2649
[2026-08-07T10:05:25] SAMPLE t=51s phase=Path_change adaptation=without_ML throughput_gbps=5.7077 latency_ms=71.883
[2026-08-07T10:05:26] SAMPLE t=52s phase=Path_change adaptation=without_ML throughput_gbps=5.8032 latency_ms=74.2437
[2026-08-07T10:05:27] SAMPLE t=53s phase=Path_change adaptation=without_ML throughput_gbps=6.0668 latency_ms=75.9976
[2026-08-07T10:05:28] SAMPLE t=54s phase=Path_change adaptation=without_ML throughput_gbps=5.9598 latency_ms=72.0708
[2026-08-07T10:05:29] SAMPLE t=55s phase=Path_change adaptation=without_ML throughput_gbps=6.1782 latency_ms=72.5243
[2026-08-07T10:05:30] SAMPLE t=56s phase=Path_change adaptation=without_ML throughput_gbps=6.3242 latency_ms=71.0357
[2026-08-07T10:05:31] SAMPLE t=57s phase=Path_change adaptation=without_ML throughput_gbps=6.6343 latency_ms=68.5574
[2026-08-07T10:05:32] SAMPLE t=58s phase=Path_change adaptation=without_ML throughput_gbps=7.4414 latency_ms=68.733
[2026-08-07T10:05:33] SAMPLE t=59s phase=Path_change adaptation=without_ML throughput_gbps=8.036 latency_ms=65.762
[2026-08-07T10:05:34] SAMPLE t=60s phase=Loss_spike adaptation=without_ML throughput_gbps=5.9281 latency_ms=68.5358
[2026-08-07T10:05:35] SAMPLE t=61s phase=Loss_spike adaptation=without_ML throughput_gbps=8.5938 latency_ms=78.9711
[2026-08-07T10:05:36] SAMPLE t=62s phase=Loss_spike adaptation=without_ML throughput_gbps=7.9007 latency_ms=75.8201
[2026-08-07T10:05:37] SAMPLE t=63s phase=Loss_spike adaptation=without_ML throughput_gbps=4.7782 latency_ms=75.0769
[2026-08-07T10:05:38] SAMPLE t=64s phase=Loss_spike adaptation=without_ML throughput_gbps=3.854 latency_ms=79.7881
[2026-08-07T10:05:39] SAMPLE t=65s phase=Loss_spike adaptation=without_ML throughput_gbps=6.2606 latency_ms=67.9984
[2026-08-07T10:05:40] SAMPLE t=66s phase=Loss_spike adaptation=without_ML throughput_gbps=8.0224 latency_ms=80.0706
[2026-08-07T10:05:41] SAMPLE t=67s phase=Loss_spike adaptation=without_ML throughput_gbps=7.397 latency_ms=75.6438
[2026-08-07T10:05:42] SAMPLE t=68s phase=Loss_spike adaptation=without_ML throughput_gbps=5.0112 latency_ms=76.9036
[2026-08-07T10:05:43] SAMPLE t=69s phase=Loss_spike adaptation=without_ML throughput_gbps=4.2551 latency_ms=80.0358
[2026-08-07T10:05:44] SAMPLE t=70s phase=Loss_spike adaptation=without_ML throughput_gbps=6.0995 latency_ms=69.834
[2026-08-07T10:05:45] SAMPLE t=71s phase=Loss_spike adaptation=without_ML throughput_gbps=8.6202 latency_ms=80.705
[2026-08-07T10:05:46] SAMPLE t=72s phase=Loss_spike adaptation=without_ML throughput_gbps=7.7218 latency_ms=81.2333
[2026-08-07T10:05:47] SAMPLE t=73s phase=Loss_spike adaptation=without_ML throughput_gbps=4.8983 latency_ms=75.5373
[2026-08-07T10:05:48] SAMPLE t=74s phase=Loss_spike adaptation=without_ML throughput_gbps=4.2664 latency_ms=78.5057
[2026-08-07T10:05:49] SAMPLE t=75s phase=Loss_spike adaptation=without_ML throughput_gbps=6.3102 latency_ms=70.0761
[2026-08-07T10:05:50] SAMPLE t=76s phase=Loss_spike adaptation=without_ML throughput_gbps=8.3268 latency_ms=78.4232
[2026-08-07T10:05:51] SAMPLE t=77s phase=Loss_spike adaptation=without_ML throughput_gbps=7.5925 latency_ms=77.5888
[2026-08-07T10:05:52] SAMPLE t=78s phase=Loss_spike adaptation=without_ML throughput_gbps=4.5874 latency_ms=76.6657
[2026-08-07T10:05:53] SAMPLE t=79s phase=Loss_spike adaptation=without_ML throughput_gbps=4.0994 latency_ms=76.4478
[2026-08-07T10:05:54] SAMPLE t=80s phase=Recovery adaptation=without_ML throughput_gbps=8.1765 latency_ms=67.041
[2026-08-07T10:05:55] SAMPLE t=81s phase=Recovery adaptation=without_ML throughput_gbps=7.9841 latency_ms=64.3379
[2026-08-07T10:05:56] SAMPLE t=82s phase=Recovery adaptation=without_ML throughput_gbps=8.0142 latency_ms=65.4031
[2026-08-07T10:05:57] SAMPLE t=83s phase=Recovery adaptation=without_ML throughput_gbps=8.2893 latency_ms=64.0467
[2026-08-07T10:05:58] SAMPLE t=84s phase=Recovery adaptation=without_ML throughput_gbps=8.2541 latency_ms=66.0759
[2026-08-07T10:05:59] SAMPLE t=85s phase=Recovery adaptation=without_ML throughput_gbps=7.9612 latency_ms=66.9831
[2026-08-07T10:06:00] SAMPLE t=86s phase=Recovery adaptation=without_ML throughput_gbps=7.9162 latency_ms=67.8046
[2026-08-07T10:06:01] SAMPLE t=87s phase=Recovery adaptation=without_ML throughput_gbps=7.7005 latency_ms=66.5621
[2026-08-07T10:06:02] SAMPLE t=88s phase=Recovery adaptation=without_ML throughput_gbps=7.8733 latency_ms=68.3884
[2026-08-07T10:06:03] SAMPLE t=89s phase=Recovery adaptation=without_ML throughput_gbps=8.0825 latency_ms=66.7543
[2026-08-07T10:06:04] SAMPLE t=90s phase=Recovery adaptation=without_ML throughput_gbps=7.9149 latency_ms=65.6158
[2026-08-07T10:06:05] SAMPLE t=91s phase=Recovery adaptation=without_ML throughput_gbps=8.0037 latency_ms=66.5392
[2026-08-07T10:06:06] SAMPLE t=92s phase=Recovery adaptation=without_ML throughput_gbps=8.0751 latency_ms=68.0885
[2026-08-07T10:06:07] SAMPLE t=93s phase=Recovery adaptation=without_ML throughput_gbps=7.9166 latency_ms=65.4409
[2026-08-07T10:06:08] SAMPLE t=94s phase=Recovery adaptation=without_ML throughput_gbps=7.8437 latency_ms=67.7991
[2026-08-07T10:06:09] SAMPLE t=95s phase=Recovery adaptation=without_ML throughput_gbps=7.6931 latency_ms=66.6353
[2026-08-07T10:06:10] SAMPLE t=96s phase=Recovery adaptation=without_ML throughput_gbps=8.24 latency_ms=66.574
[2026-08-07T10:06:11] SAMPLE t=97s phase=Recovery adaptation=without_ML throughput_gbps=8.1634 latency_ms=65.5843
[2026-08-07T10:06:12] SAMPLE t=98s phase=Recovery adaptation=without_ML throughput_gbps=8.0531 latency_ms=67.4632
[2026-08-07T10:06:13] SAMPLE t=99s phase=Recovery adaptation=without_ML throughput_gbps=7.913 latency_ms=64.1321
[2026-08-07T10:04:34] TRACE_END run_id=32 status=OK
[2026-08-07T10:21:10] TRACE_START run_id=33
[2026-08-07T10:21:10] SAMPLE t=0s phase=Stable adaptation=with_ML throughput_gbps=8.3757 latency_ms=66.7666
[2026-08-07T10:21:11] SAMPLE t=1s phase=Stable adaptation=with_ML throughput_gbps=7.8467 latency_ms=66.7139
[2026-08-07T10:21:12] SAMPLE t=2s phase=Stable adaptation=with_ML throughput_gbps=7.9985 latency_ms=66.3063
[2026-08-07T10:21:13] SAMPLE t=3s phase=Stable adaptation=with_ML throughput_gbps=7.9617 latency_ms=66.3577
[2026-08-07T10:21:14] SAMPLE t=4s phase=Stable adaptation=with_ML throughput_gbps=8.1521 latency_ms=66.9755
[2026-08-07T10:21:15] SAMPLE t=5s phase=Stable adaptation=with_ML throughput_gbps=8.0131 latency_ms=66.9396
[2026-08-07T10:21:16] SAMPLE t=6s phase=Stable adaptation=with_ML throughput_gbps=8.0232 latency_ms=66.1869
[2026-08-07T10:21:17] SAMPLE t=7s phase=Stable adaptation=with_ML throughput_gbps=7.9176 latency_ms=67.8117
[2026-08-07T10:21:18] SAMPLE t=8s phase=Stable adaptation=with_ML throughput_gbps=8.0855 latency_ms=69.154
[2026-08-07T10:21:19] SAMPLE t=9s phase=Stable adaptation=with_ML throughput_gbps=7.6992 latency_ms=67.7002
[2026-08-07T10:21:20] SAMPLE t=10s phase=Stable adaptation=with_ML throughput_gbps=7.718 latency_ms=65.5213
[2026-08-07T10:21:21] SAMPLE t=11s phase=Stable adaptation=with_ML throughput_gbps=8.4674 latency_ms=66.4309
[2026-08-07T10:21:22] SAMPLE t=12s phase=Stable adaptation=with_ML throughput_gbps=8.3371 latency_ms=67.5081
[2026-08-07T10:21:23] SAMPLE t=13s phase=Stable adaptation=with_ML throughput_gbps=8.1977 latency_ms=64.9386
[2026-08-07T10:21:24] SAMPLE t=14s phase=Stable adaptation=with_ML throughput_gbps=7.9038 latency_ms=68.081
[2026-08-07T10:21:25] SAMPLE t=15s phase=Stable adaptation=with_ML throughput_gbps=8.1243 latency_ms=67.4631
[2026-08-07T10:21:26] SAMPLE t=16s phase=Stable adaptation=with_ML throughput_gbps=8.4506 latency_ms=67.2961
[2026-08-07T10:21:27] SAMPLE t=17s phase=Stable adaptation=with_ML throughput_gbps=8.1376 latency_ms=66.5518
[2026-08-07T10:21:28] SAMPLE t=18s phase=Stable adaptation=with_ML throughput_gbps=8.327 latency_ms=65.504
[2026-08-07T10:21:29] SAMPLE t=19s phase=Stable adaptation=with_ML throughput_gbps=8.1359 latency_ms=66.1654
[2026-08-07T10:21:30] SAMPLE t=20s phase=Congestion adaptation=with_ML throughput_gbps=8.2612 latency_ms=65.6415
[2026-08-07T10:21:31] SAMPLE t=21s phase=Congestion adaptation=with_ML throughput_gbps=8.3279 latency_ms=65.126
[2026-08-07T10:21:32] SAMPLE t=22s phase=Congestion adaptation=with_ML throughput_gbps=8.1968 latency_ms=66.65
[2026-08-07T10:21:33] SAMPLE t=23s phase=Congestion adaptation=with_ML throughput_gbps=8.1068 latency_ms=65.0594
[2026-08-07T10:21:34] SAMPLE t=24s phase=Congestion adaptation=with_ML throughput_gbps=7.8732 latency_ms=66.2534
[2026-08-07T10:21:35] SAMPLE t=25s phase=Congestion adaptation=with_ML throughput_gbps=8.0077 latency_ms=65.3923
[2026-08-07T10:21:36] SAMPLE t=26s phase=Congestion adaptation=with_ML throughput_gbps=7.8749 latency_ms=68.9335
[2026-08-07T10:21:37] SAMPLE t=27s phase=Congestion adaptation=with_ML throughput_gbps=8.2325 latency_ms=69.0323
[2026-08-07T10:21:38] SAMPLE t=28s phase=Congestion adaptation=with_ML throughput_gbps=7.9815 latency_ms=66.8141
[2026-08-07T10:21:39] SAMPLE t=29s phase=Congestion adaptation=with_ML throughput_gbps=8.3978 latency_ms=65.2367
[2026-08-07T10:21:40] SAMPLE t=30s phase=Congestion adaptation=with_ML throughput_gbps=8.2704 latency_ms=66.9229
[2026-08-07T10:21:41] SAMPLE t=31s phase=Congestion adaptation=with_ML throughput_gbps=8.1071 latency_ms=64.4812
[2026-08-07T10:21:42] SAMPLE t=32s phase=Congestion adaptation=with_ML throughput_gbps=8.681 latency_ms=67.9415
[2026-08-07T10:21:43] SAMPLE t=33s phase=Congestion adaptation=with_ML throughput_gbps=8.0023 latency_ms=65.4088
[2026-08-07T10:21:44] SAMPLE t=34s phase=Congestion adaptation=with_ML throughput_gbps=8.3006 latency_ms=65.6089
[2026-08-07T10:21:45] SAMPLE t=35s phase=Congestion adaptation=with_ML throughput_gbps=8.2777 latency_ms=67.7597
[2026-08-07T10:21:46] SAMPLE t=36s phase=Congestion adaptation=with_ML throughput_gbps=8.2237 latency_ms=66.36
[2026-08-07T10:21:47] SAMPLE t=37s phase=Congestion adaptation=with_ML throughput_gbps=8.1153 latency_ms=66.657
[2026-08-07T10:21:48] SAMPLE t=38s phase=Congestion adaptation=with_ML throughput_gbps=8.324 latency_ms=67.8589
[2026-08-07T10:21:49] SAMPLE t=39s phase=Congestion adaptation=with_ML throughput_gbps=8.3872 latency_ms=68.1626
[2026-08-07T10:21:50] SAMPLE t=40s phase=Path_change adaptation=with_ML throughput_gbps=7.9897 latency_ms=65.5979
[2026-08-07T10:21:51] SAMPLE t=41s phase=Path_change adaptation=with_ML throughput_gbps=7.8576 latency_ms=65.0132
[2026-08-07T10:21:52] SAMPLE t=42s phase=Path_change adaptation=with_ML throughput_gbps=7.6624 latency_ms=66.8911
[2026-08-07T10:21:53] SAMPLE t=43s phase=Path_change adaptation=with_ML throughput_gbps=7.7577 latency_ms=65.3577
[2026-08-07T10:21:54] SAMPLE t=44s phase=Path_change adaptation=with_ML throughput_gbps=7.5049 latency_ms=65.8702
[2026-08-07T10:21:55] SAMPLE t=45s phase=Path_change adaptation=with_ML throughput_gbps=7.253 latency_ms=67.7286
[2026-08-07T10:21:56] SAMPLE t=46s phase=Path_change adaptation=with_ML throughput_gbps=7.2495 latency_ms=67.0071
[2026-08-07T10:21:57] SAMPLE t=47s phase=Path_change adaptation=with_ML throughput_gbps=7.2392 latency_ms=67.3921
[2026-08-07T10:21:58] SAMPLE t=48s phase=Path_change adaptation=with_ML throughput_gbps=7.2151 latency_ms=68.745
[2026-08-07T10:21:59] SAMPLE t=49s phase=Path_change adaptation=with_ML throughput_gbps=7.4633 latency_ms=69.0466
[2026-08-07T10:22:00] SAMPLE t=50s phase=Path_change adaptation=with_ML throughput_gbps=7.2457 latency_ms=69.3847
[2026-08-07T10:22:01] SAMPLE t=51s phase=Path_change adaptation=with_ML throughput_gbps=7.17 latency_ms=65.2237
[2026-08-07T10:22:02] SAMPLE t=52s phase=Path_change adaptation=with_ML throughput_gbps=7.1964 latency_ms=66.9921
[2026-08-07T10:22:03] SAMPLE t=53s phase=Path_change adaptation=with_ML throughput_gbps=7.4713 latency_ms=66.4411
[2026-08-07T10:22:04] SAMPLE t=54s phase=Path_change adaptation=with_ML throughput_gbps=7.3447 latency_ms=68.2942
[2026-08-07T10:22:05] SAMPLE t=55s phase=Path_change adaptation=with_ML throughput_gbps=7.6392 latency_ms=69.2108
[2026-08-07T10:22:06] SAMPLE t=56s phase=Path_change adaptation=with_ML throughput_gbps=7.5169 latency_ms=67.9693
[2026-08-07T10:22:07] SAMPLE t=57s phase=Path_change adaptation=with_ML throughput_gbps=7.6266 latency_ms=68.0107
[2026-08-07T10:22:08] SAMPLE t=58s phase=Path_change adaptation=with_ML throughput_gbps=7.8139 latency_ms=67.5827
[2026-08-07T10:22:09] SAMPLE t=59s phase=Path_change adaptation=with_ML throughput_gbps=7.8496 latency_ms=66.4532
[2026-08-07T10:22:10] SAMPLE t=60s phase=Loss_spike adaptation=with_ML throughput_gbps=7.4052 latency_ms=67.8052
[2026-08-07T10:22:11] SAMPLE t=61s phase=Loss_spike adaptation=with_ML throughput_gbps=7.8066 latency_ms=69.0722
[2026-08-07T10:22:12] SAMPLE t=62s phase=Loss_spike adaptation=with_ML throughput_gbps=7.7201 latency_ms=72.805
[2026-08-07T10:22:13] SAMPLE t=63s phase=Loss_spike adaptation=with_ML throughput_gbps=6.6286 latency_ms=69.2357
[2026-08-07T10:22:14] SAMPLE t=64s phase=Loss_spike adaptation=with_ML throughput_gbps=6.2453 latency_ms=71.7863
[2026-08-07T10:22:15] SAMPLE t=65s phase=Loss_spike adaptation=with_ML throughput_gbps=7.3579 latency_ms=66.0048
[2026-08-07T10:22:16] SAMPLE t=66s phase=Loss_spike adaptation=with_ML throughput_gbps=8.2886 latency_ms=70.211
[2026-08-07T10:22:17] SAMPLE t=67s phase=Loss_spike adaptation=with_ML throughput_gbps=7.6593 latency_ms=69.3907
[2026-08-07T10:22:18] SAMPLE t=68s phase=Loss_spike adaptation=with_ML throughput_gbps=6.3739 latency_ms=68.7175
[2026-08-07T10:22:19] SAMPLE t=69s phase=Loss_spike adaptation=with_ML throughput_gbps=6.1235 latency_ms=70.8536
[2026-08-07T10:22:20] SAMPLE t=70s phase=Loss_spike adaptation=with_ML throughput_gbps=7.3169 latency_ms=69.1772
[2026-08-07T10:22:21] SAMPLE t=71s phase=Loss_spike adaptation=with_ML throughput_gbps=8.2077 latency_ms=71.3787
[2026-08-07T10:22:22] SAMPLE t=72s phase=Loss_spike adaptation=with_ML throughput_gbps=8.1191 latency_ms=69.6105
[2026-08-07T10:22:23] SAMPLE t=73s phase=Loss_spike adaptation=with_ML throughput_gbps=6.5162 latency_ms=70.1064
[2026-08-07T10:22:24] SAMPLE t=74s phase=Loss_spike adaptation=with_ML throughput_gbps=6.554 latency_ms=69.626
[2026-08-07T10:22:25] SAMPLE t=75s phase=Loss_spike adaptation=with_ML throughput_gbps=7.5099 latency_ms=66.6926
[2026-08-07T10:22:26] SAMPLE t=76s phase=Loss_spike adaptation=with_ML throughput_gbps=8.3301 latency_ms=70.4831
[2026-08-07T10:22:27] SAMPLE t=77s phase=Loss_spike adaptation=with_ML throughput_gbps=7.5252 latency_ms=69.8568
[2026-08-07T10:22:28] SAMPLE t=78s phase=Loss_spike adaptation=with_ML throughput_gbps=6.4104 latency_ms=69.3509
[2026-08-07T10:22:29] SAMPLE t=79s phase=Loss_spike adaptation=with_ML throughput_gbps=6.1387 latency_ms=69.1556
[2026-08-07T10:22:30] SAMPLE t=80s phase=Recovery adaptation=with_ML throughput_gbps=8.3175 latency_ms=66.1588
[2026-08-07T10:22:31] SAMPLE t=81s phase=Recovery adaptation=with_ML throughput_gbps=7.8717 latency_ms=64.9785
[2026-08-07T10:22:32] SAMPLE t=82s phase=Recovery adaptation=with_ML throughput_gbps=8.3903 latency_ms=65.2341
[2026-08-07T10:22:33] SAMPLE t=83s phase=Recovery adaptation=with_ML throughput_gbps=7.9494 latency_ms=68.2276
[2026-08-07T10:22:34] SAMPLE t=84s phase=Recovery adaptation=with_ML throughput_gbps=8.2332 latency_ms=65.2102
[2026-08-07T10:22:35] SAMPLE t=85s phase=Recovery adaptation=with_ML throughput_gbps=8.2679 latency_ms=66.1325
[2026-08-07T10:22:36] SAMPLE t=86s phase=Recovery adaptation=with_ML throughput_gbps=8.087 latency_ms=68.9515
[2026-08-07T10:22:37] SAMPLE t=87s phase=Recovery adaptation=with_ML throughput_gbps=8.015 latency_ms=66.2175
[2026-08-07T10:22:38] SAMPLE t=88s phase=Recovery adaptation=with_ML throughput_gbps=8.4484 latency_ms=66.0147
[2026-08-07T10:22:39] SAMPLE t=89s phase=Recovery adaptation=with_ML throughput_gbps=8.3221 latency_ms=67.1233
[2026-08-07T10:22:40] SAMPLE t=90s phase=Recovery adaptation=with_ML throughput_gbps=8.2362 latency_ms=66.8569
[2026-08-07T10:22:41] SAMPLE t=91s phase=Recovery adaptation=with_ML throughput_gbps=8.3054 latency_ms=66.6119
[2026-08-07T10:22:42] SAMPLE t=92s phase=Recovery adaptation=with_ML throughput_gbps=8.2154 latency_ms=65.5896
[2026-08-07T10:22:43] SAMPLE t=93s phase=Recovery adaptation=with_ML throughput_gbps=8.3742 latency_ms=65.2446
[2026-08-07T10:22:44] SAMPLE t=94s phase=Recovery adaptation=with_ML throughput_gbps=8.1659 latency_ms=64.7058
[2026-08-07T10:22:45] SAMPLE t=95s phase=Recovery adaptation=with_ML throughput_gbps=8.1639 latency_ms=65.7233
[2026-08-07T10:22:46] SAMPLE t=96s phase=Recovery adaptation=with_ML throughput_gbps=8.113 latency_ms=65.2543
[2026-08-07T10:22:47] SAMPLE t=97s phase=Recovery adaptation=with_ML throughput_gbps=8.4369 latency_ms=65.4216
[2026-08-07T10:22:48] SAMPLE t=98s phase=Recovery adaptation=with_ML throughput_gbps=8.3877 latency_ms=65.8896
[2026-08-07T10:22:49] SAMPLE t=99s phase=Recovery adaptation=with_ML throughput_gbps=8.8886 latency_ms=65.1378
[2026-08-07T10:21:10] SAMPLE t=0s phase=Stable adaptation=without_ML throughput_gbps=7.9047 latency_ms=66.9428
[2026-08-07T10:21:11] SAMPLE t=1s phase=Stable adaptation=without_ML throughput_gbps=7.5912 latency_ms=65.0637
[2026-08-07T10:21:12] SAMPLE t=2s phase=Stable adaptation=without_ML throughput_gbps=7.4408 latency_ms=66.7338
[2026-08-07T10:21:13] SAMPLE t=3s phase=Stable adaptation=without_ML throughput_gbps=8.1792 latency_ms=65.6158
[2026-08-07T10:21:14] SAMPLE t=4s phase=Stable adaptation=without_ML throughput_gbps=8.0803 latency_ms=68.2613
[2026-08-07T10:21:15] SAMPLE t=5s phase=Stable adaptation=without_ML throughput_gbps=7.7033 latency_ms=68.1772
[2026-08-07T10:21:16] SAMPLE t=6s phase=Stable adaptation=without_ML throughput_gbps=7.8018 latency_ms=68.0126
[2026-08-07T10:21:17] SAMPLE t=7s phase=Stable adaptation=without_ML throughput_gbps=8.3554 latency_ms=66.2888
[2026-08-07T10:21:18] SAMPLE t=8s phase=Stable adaptation=without_ML throughput_gbps=7.6119 latency_ms=63.5987
[2026-08-07T10:21:19] SAMPLE t=9s phase=Stable adaptation=without_ML throughput_gbps=8.3131 latency_ms=67.6072
[2026-08-07T10:21:20] SAMPLE t=10s phase=Stable adaptation=without_ML throughput_gbps=7.735 latency_ms=66.9194
[2026-08-07T10:21:21] SAMPLE t=11s phase=Stable adaptation=without_ML throughput_gbps=8.0803 latency_ms=63.898
[2026-08-07T10:21:22] SAMPLE t=12s phase=Stable adaptation=without_ML throughput_gbps=8.192 latency_ms=66.9271
[2026-08-07T10:21:23] SAMPLE t=13s phase=Stable adaptation=without_ML throughput_gbps=8.1641 latency_ms=65.4948
[2026-08-07T10:21:24] SAMPLE t=14s phase=Stable adaptation=without_ML throughput_gbps=8.502 latency_ms=65.9025
[2026-08-07T10:21:25] SAMPLE t=15s phase=Stable adaptation=without_ML throughput_gbps=7.8948 latency_ms=64.1192
[2026-08-07T10:21:26] SAMPLE t=16s phase=Stable adaptation=without_ML throughput_gbps=8.0217 latency_ms=65.8634
[2026-08-07T10:21:27] SAMPLE t=17s phase=Stable adaptation=without_ML throughput_gbps=7.7016 latency_ms=67.8009
[2026-08-07T10:21:28] SAMPLE t=18s phase=Stable adaptation=without_ML throughput_gbps=7.7182 latency_ms=66.2178
[2026-08-07T10:21:29] SAMPLE t=19s phase=Stable adaptation=without_ML throughput_gbps=8.1005 latency_ms=66.3858
[2026-08-07T10:21:30] SAMPLE t=20s phase=Congestion adaptation=without_ML throughput_gbps=8.4154 latency_ms=64.8817
[2026-08-07T10:21:31] SAMPLE t=21s phase=Congestion adaptation=without_ML throughput_gbps=7.6262 latency_ms=67.3658
[2026-08-07T10:21:32] SAMPLE t=22s phase=Congestion adaptation=without_ML throughput_gbps=8.2345 latency_ms=64.4596
[2026-08-07T10:21:33] SAMPLE t=23s phase=Congestion adaptation=without_ML throughput_gbps=8.3579 latency_ms=65.201
[2026-08-07T10:21:34] SAMPLE t=24s phase=Congestion adaptation=without_ML throughput_gbps=7.9361 latency_ms=67.1791
[2026-08-07T10:21:35] SAMPLE t=25s phase=Congestion adaptation=without_ML throughput_gbps=7.7926 latency_ms=64.961
[2026-08-07T10:21:36] SAMPLE t=26s phase=Congestion adaptation=without_ML throughput_gbps=8.3396 latency_ms=65.4143
[2026-08-07T10:21:37] SAMPLE t=27s phase=Congestion adaptation=without_ML throughput_gbps=7.9444 latency_ms=66.694
[2026-08-07T10:21:38] SAMPLE t=28s phase=Congestion adaptation=without_ML throughput_gbps=8.1474 latency_ms=65.0871
[2026-08-07T10:21:39] SAMPLE t=29s phase=Congestion adaptation=without_ML throughput_gbps=7.7569 latency_ms=68.0228
[2026-08-07T10:21:40] SAMPLE t=30s phase=Congestion adaptation=without_ML throughput_gbps=8.2474 latency_ms=65.7474
[2026-08-07T10:21:41] SAMPLE t=31s phase=Congestion adaptation=without_ML throughput_gbps=7.7829 latency_ms=65.2575
[2026-08-07T10:21:42] SAMPLE t=32s phase=Congestion adaptation=without_ML throughput_gbps=7.9952 latency_ms=67.1002
[2026-08-07T10:21:43] SAMPLE t=33s phase=Congestion adaptation=without_ML throughput_gbps=7.9189 latency_ms=65.8672
[2026-08-07T10:21:44] SAMPLE t=34s phase=Congestion adaptation=without_ML throughput_gbps=7.7782 latency_ms=65.1354
[2026-08-07T10:21:45] SAMPLE t=35s phase=Congestion adaptation=without_ML throughput_gbps=8.1868 latency_ms=68.7411
[2026-08-07T10:21:46] SAMPLE t=36s phase=Congestion adaptation=without_ML throughput_gbps=7.9677 latency_ms=66.8019
[2026-08-07T10:21:47] SAMPLE t=37s phase=Congestion adaptation=without_ML throughput_gbps=7.7779 latency_ms=69.3101
[2026-08-07T10:21:48] SAMPLE t=38s phase=Congestion adaptation=without_ML throughput_gbps=7.9822 latency_ms=64.7532
[2026-08-07T10:21:49] SAMPLE t=39s phase=Congestion adaptation=without_ML throughput_gbps=8.1076 latency_ms=63.8352
[2026-08-07T10:21:50] SAMPLE t=40s phase=Path_change adaptation=without_ML throughput_gbps=8.0627 latency_ms=66.5817
[2026-08-07T10:21:51] SAMPLE t=41s phase=Path_change adaptation=without_ML throughput_gbps=7.4005 latency_ms=68.3307
[2026-08-07T10:21:52] SAMPLE t=42s phase=Path_change adaptation=without_ML throughput_gbps=7.1389 latency_ms=69.2417
[2026-08-07T10:21:53] SAMPLE t=43s phase=Path_change adaptation=without_ML throughput_gbps=6.8944 latency_ms=67.7278
[2026-08-07T10:21:54] SAMPLE t=44s phase=Path_change adaptation=without_ML throughput_gbps=6.6829 latency_ms=68.0803
[2026-08-07T10:21:55] SAMPLE t=45s phase=Path_change adaptation=without_ML throughput_gbps=6.2813 latency_ms=71.1898
[2026-08-07T10:21:56] SAMPLE t=46s phase=Path_change adaptation=without_ML throughput_gbps=5.9847 latency_ms=72.7774
[2026-08-07T10:21:57] SAMPLE t=47s phase=Path_change adaptation=without_ML throughput_gbps=5.9137 latency_ms=71.0494
[2026-08-07T10:21:58] SAMPLE t=48s phase=Path_change adaptation=without_ML throughput_gbps=6.083 latency_ms=74.2058
[2026-08-07T10:21:59] SAMPLE t=49s phase=Path_change adaptation=without_ML throughput_gbps=5.5957 latency_ms=74.1991
[2026-08-07T10:22:00] SAMPLE t=50s phase=Path_change adaptation=without_ML throughput_gbps=5.6044 latency_ms=71.7621
[2026-08-07T10:22:01] SAMPLE t=51s phase=Path_change adaptation=without_ML throughput_gbps=5.8841 latency_ms=69.5974
[2026-08-07T10:22:02] SAMPLE t=52s phase=Path_change adaptation=without_ML throughput_gbps=5.464 latency_ms=70.4699
[2026-08-07T10:22:03] SAMPLE t=53s phase=Path_change adaptation=without_ML throughput_gbps=5.765 latency_ms=72.0093
[2026-08-07T10:22:04] SAMPLE t=54s phase=Path_change adaptation=without_ML throughput_gbps=6.3309 latency_ms=70.9102
[2026-08-07T10:22:05] SAMPLE t=55s phase=Path_change adaptation=without_ML throughput_gbps=6.2354 latency_ms=68.6567
[2026-08-07T10:22:06] SAMPLE t=56s phase=Path_change adaptation=without_ML throughput_gbps=6.6027 latency_ms=67.5612
[2026-08-07T10:22:07] SAMPLE t=57s phase=Path_change adaptation=without_ML throughput_gbps=7.5309 latency_ms=67.8548
[2026-08-07T10:22:08] SAMPLE t=58s phase=Path_change adaptation=without_ML throughput_gbps=7.2066 latency_ms=64.9308
[2026-08-07T10:22:09] SAMPLE t=59s phase=Path_change adaptation=without_ML throughput_gbps=7.6906 latency_ms=66.4922
[2026-08-07T10:22:10] SAMPLE t=60s phase=Loss_spike adaptation=without_ML throughput_gbps=6.2527 latency_ms=69.299
[2026-08-07T10:22:11] SAMPLE t=61s phase=Loss_spike adaptation=without_ML throughput_gbps=8.0321 latency_ms=80.2412
[2026-08-07T10:22:12] SAMPLE t=62s phase=Loss_spike adaptation=without_ML throughput_gbps=7.3497 latency_ms=75.1359
[2026-08-07T10:22:13] SAMPLE t=63s phase=Loss_spike adaptation=without_ML throughput_gbps=4.6948 latency_ms=77.2409
[2026-08-07T10:22:14] SAMPLE t=64s phase=Loss_spike adaptation=without_ML throughput_gbps=4.011 latency_ms=79.1389
[2026-08-07T10:22:15] SAMPLE t=65s phase=Loss_spike adaptation=without_ML throughput_gbps=6.1127 latency_ms=72.714
[2026-08-07T10:22:16] SAMPLE t=66s phase=Loss_spike adaptation=without_ML throughput_gbps=8.4999 latency_ms=80.6176
[2026-08-07T10:22:17] SAMPLE t=67s phase=Loss_spike adaptation=without_ML throughput_gbps=7.232 latency_ms=74.3627
[2026-08-07T10:22:18] SAMPLE t=68s phase=Loss_spike adaptation=without_ML throughput_gbps=4.7456 latency_ms=74.5747
[2026-08-07T10:22:19] SAMPLE t=69s phase=Loss_spike adaptation=without_ML throughput_gbps=3.9252 latency_ms=76.0978
[2026-08-07T10:22:20] SAMPLE t=70s phase=Loss_spike adaptation=without_ML throughput_gbps=6.1265 latency_ms=70.2787
[2026-08-07T10:22:21] SAMPLE t=71s phase=Loss_spike adaptation=without_ML throughput_gbps=8.3249 latency_ms=78.904
[2026-08-07T10:22:22] SAMPLE t=72s phase=Loss_spike adaptation=without_ML throughput_gbps=7.29 latency_ms=74.9211
[2026-08-07T10:22:23] SAMPLE t=73s phase=Loss_spike adaptation=without_ML throughput_gbps=4.8302 latency_ms=73.4822
[2026-08-07T10:22:24] SAMPLE t=74s phase=Loss_spike adaptation=without_ML throughput_gbps=4.0686 latency_ms=76.3
[2026-08-07T10:22:25] SAMPLE t=75s phase=Loss_spike adaptation=without_ML throughput_gbps=6.2339 latency_ms=68.3698
[2026-08-07T10:22:26] SAMPLE t=76s phase=Loss_spike adaptation=without_ML throughput_gbps=8.682 latency_ms=80.7462
[2026-08-07T10:22:27] SAMPLE t=77s phase=Loss_spike adaptation=without_ML throughput_gbps=8.0075 latency_ms=78.0415
[2026-08-07T10:22:28] SAMPLE t=78s phase=Loss_spike adaptation=without_ML throughput_gbps=4.8732 latency_ms=74.6191
[2026-08-07T10:22:29] SAMPLE t=79s phase=Loss_spike adaptation=without_ML throughput_gbps=4.1237 latency_ms=80.4526
[2026-08-07T10:22:30] SAMPLE t=80s phase=Recovery adaptation=without_ML throughput_gbps=8.0274 latency_ms=64.6141
[2026-08-07T10:22:31] SAMPLE t=81s phase=Recovery adaptation=without_ML throughput_gbps=8.1299 latency_ms=64.4042
[2026-08-07T10:22:32] SAMPLE t=82s phase=Recovery adaptation=without_ML throughput_gbps=8.6016 latency_ms=64.508
[2026-08-07T10:22:33] SAMPLE t=83s phase=Recovery adaptation=without_ML throughput_gbps=7.8015 latency_ms=65.7858
[2026-08-07T10:22:34] SAMPLE t=84s phase=Recovery adaptation=without_ML throughput_gbps=7.9727 latency_ms=64.0823
[2026-08-07T10:22:35] SAMPLE t=85s phase=Recovery adaptation=without_ML throughput_gbps=7.4801 latency_ms=65.2127
[2026-08-07T10:22:36] SAMPLE t=86s phase=Recovery adaptation=without_ML throughput_gbps=7.8966 latency_ms=66.3072
[2026-08-07T10:22:37] SAMPLE t=87s phase=Recovery adaptation=without_ML throughput_gbps=8.0011 latency_ms=65.6559
[2026-08-07T10:22:38] SAMPLE t=88s phase=Recovery adaptation=without_ML throughput_gbps=7.712 latency_ms=63.4639
[2026-08-07T10:22:39] SAMPLE t=89s phase=Recovery adaptation=without_ML throughput_gbps=8.2007 latency_ms=67.8942
[2026-08-07T10:22:40] SAMPLE t=90s phase=Recovery adaptation=without_ML throughput_gbps=7.9035 latency_ms=67.958
[2026-08-07T10:22:41] SAMPLE t=91s phase=Recovery adaptation=without_ML throughput_gbps=8.0063 latency_ms=65.3728
[2026-08-07T10:22:42] SAMPLE t=92s phase=Recovery adaptation=without_ML throughput_gbps=8.0358 latency_ms=65.9962
[2026-08-07T10:22:43] SAMPLE t=93s phase=Recovery adaptation=without_ML throughput_gbps=7.8923 latency_ms=65.8935
[2026-08-07T10:22:44] SAMPLE t=94s phase=Recovery adaptation=without_ML throughput_gbps=7.5353 latency_ms=65.6958
[2026-08-07T10:22:45] SAMPLE t=95s phase=Recovery adaptation=without_ML throughput_gbps=7.8611 latency_ms=69.2946
[2026-08-07T10:22:46] SAMPLE t=96s phase=Recovery adaptation=without_ML throughput_gbps=7.8133 latency_ms=66.0835
[2026-08-07T10:22:47] SAMPLE t=97s phase=Recovery adaptation=without_ML throughput_gbps=8.1358 latency_ms=66.9518
[2026-08-07T10:22:48] SAMPLE t=98s phase=Recovery adaptation=without_ML throughput_gbps=8.1952 latency_ms=65.1164
[2026-08-07T10:22:49] SAMPLE t=99s phase=Recovery adaptation=without_ML throughput_gbps=7.72 latency_ms=65.8732
[2026-08-07T10:21:10] TRACE_END run_id=33 status=OK
