[2026-08-09T09:40:54] TRACE_START run_id=48
[2026-08-09T09:40:54] SAMPLE t=0s phase=Stable adaptation=with_ML throughput_gbps=7.8292 latency_ms=66.7921
[2026-08-09T09:40:55] SAMPLE t=1s phase=Stable adaptation=with_ML throughput_gbps=7.9406 latency_ms=67.3141
[2026-08-09T09:40:56] SAMPLE t=2s phase=Stable adaptation=with_ML throughput_gbps=8.2345 latency_ms=67.0129
[2026-08-09T09:40:57] SAMPLE t=3s phase=Stable adaptation=with_ML throughput_gbps=8.0658 latency_ms=66.8552
[2026-08-09T09:40:58] SAMPLE t=4s phase=Stable adaptation=with_ML throughput_gbps=8.2423 latency_ms=66.5981
[2026-08-09T09:40:59] SAMPLE t=5s phase=Stable adaptation=with_ML throughput_gbps=8.312 latency_ms=66.5342
[2026-08-09T09:41:00] SAMPLE t=6s phase=Stable adaptation=with_ML throughput_gbps=8.0155 latency_ms=67.9175
[2026-08-09T09:41:01] SAMPLE t=7s phase=Stable adaptation=with_ML throughput_gbps=7.9337 latency_ms=65.7368
[2026-08-09T09:41:02] SAMPLE t=8s phase=Stable adaptation=with_ML throughput_gbps=8.1269 latency_ms=65.9795
[2026-08-09T09:41:03] SAMPLE t=9s phase=Stable adaptation=with_ML throughput_gbps=7.9154 latency_ms=65.628
[2026-08-09T09:41:04] SAMPLE t=10s phase=Stable adaptation=with_ML throughput_gbps=7.8231 latency_ms=66.1917
[2026-08-09T09:41:05] SAMPLE t=11s phase=Stable adaptation=with_ML throughput_gbps=8.0034 latency_ms=64.8671
[2026-08-09T09:41:06] SAMPLE t=12s phase=Stable adaptation=with_ML throughput_gbps=8.2305 latency_ms=68.9262
[2026-08-09T09:41:07] SAMPLE t=13s phase=Stable adaptation=with_ML throughput_gbps=8.1605 latency_ms=68.4894
[2026-08-09T09:41:08] SAMPLE t=14s phase=Stable adaptation=with_ML throughput_gbps=7.9904 latency_ms=63.3687
[2026-08-09T09:41:09] SAMPLE t=15s phase=Stable adaptation=with_ML throughput_gbps=8.0506 latency_ms=69.1205
[2026-08-09T09:41:10] SAMPLE t=16s phase=Stable adaptation=with_ML throughput_gbps=8.3168 latency_ms=66.2199
[2026-08-09T09:41:11] SAMPLE t=17s phase=Stable adaptation=with_ML throughput_gbps=8.294 latency_ms=65.9988
[2026-08-09T09:41:12] SAMPLE t=18s phase=Stable adaptation=with_ML throughput_gbps=8.0316 latency_ms=65.3521
[2026-08-09T09:41:13] SAMPLE t=19s phase=Stable adaptation=with_ML throughput_gbps=8.1064 latency_ms=65.5248
[2026-08-09T09:41:14] SAMPLE t=20s phase=Congestion adaptation=with_ML throughput_gbps=7.9152 latency_ms=66.1027
[2026-08-09T09:41:15] SAMPLE t=21s phase=Congestion adaptation=with_ML throughput_gbps=8.0986 latency_ms=66.0711
[2026-08-09T09:41:16] SAMPLE t=22s phase=Congestion adaptation=with_ML throughput_gbps=8.0797 latency_ms=67.8373
[2026-08-09T09:41:17] SAMPLE t=23s phase=Congestion adaptation=with_ML throughput_gbps=7.9132 latency_ms=66.8406
[2026-08-09T09:41:18] SAMPLE t=24s phase=Congestion adaptation=with_ML throughput_gbps=8.0438 latency_ms=67.6527
[2026-08-09T09:41:19] SAMPLE t=25s phase=Congestion adaptation=with_ML throughput_gbps=8.2879 latency_ms=67.6704
[2026-08-09T09:41:20] SAMPLE t=26s phase=Congestion adaptation=with_ML throughput_gbps=8.4597 latency_ms=65.2408
[2026-08-09T09:41:21] SAMPLE t=27s phase=Congestion adaptation=with_ML throughput_gbps=7.7019 latency_ms=64.9729
[2026-08-09T09:41:22] SAMPLE t=28s phase=Congestion adaptation=with_ML throughput_gbps=7.8363 latency_ms=68.1871
[2026-08-09T09:41:23] SAMPLE t=29s phase=Congestion adaptation=with_ML throughput_gbps=8.3295 latency_ms=65.3995
[2026-08-09T09:41:24] SAMPLE t=30s phase=Congestion adaptation=with_ML throughput_gbps=7.9434 latency_ms=64.8629
[2026-08-09T09:41:25] SAMPLE t=31s phase=Congestion adaptation=with_ML throughput_gbps=8.0946 latency_ms=67.3019
[2026-08-09T09:41:26] SAMPLE t=32s phase=Congestion adaptation=with_ML throughput_gbps=8.0291 latency_ms=67.1113
[2026-08-09T09:41:27] SAMPLE t=33s phase=Congestion adaptation=with_ML throughput_gbps=8.264 latency_ms=66.8798
[2026-08-09T09:41:28] SAMPLE t=34s phase=Congestion adaptation=with_ML throughput_gbps=7.8233 latency_ms=65.7666
[2026-08-09T09:41:29] SAMPLE t=35s phase=Congestion adaptation=with_ML throughput_gbps=8.3291 latency_ms=66.3691
[2026-08-09T09:41:30] SAMPLE t=36s phase=Congestion adaptation=with_ML throughput_gbps=7.9929 latency_ms=65.9276
[2026-08-09T09:41:31] SAMPLE t=37s phase=Congestion adaptation=with_ML throughput_gbps=8.0588 latency_ms=65.8935
[2026-08-09T09:41:32] SAMPLE t=38s phase=Congestion adaptation=with_ML throughput_gbps=7.8448 latency_ms=66.0777
[2026-08-09T09:41:33] SAMPLE t=39s phase=Congestion adaptation=with_ML throughput_gbps=7.8578 latency_ms=67.8108
[2026-08-09T09:41:34] SAMPLE t=40s phase=Path_change adaptation=with_ML throughput_gbps=7.9612 latency_ms=65.8031
[2026-08-09T09:41:35] SAMPLE t=41s phase=Path_change adaptation=with_ML throughput_gbps=8.1349 latency_ms=66.4467
[2026-08-09T09:41:36] SAMPLE t=42s phase=Path_change adaptation=with_ML throughput_gbps=8.2867 latency_ms=68.5744
[2026-08-09T09:41:37] SAMPLE t=43s phase=Path_change adaptation=with_ML throughput_gbps=7.7225 latency_ms=64.1093
[2026-08-09T09:41:38] SAMPLE t=44s phase=Path_change adaptation=with_ML throughput_gbps=7.7057 latency_ms=68.3154
[2026-08-09T09:41:39] SAMPLE t=45s phase=Path_change adaptation=with_ML throughput_gbps=7.6711 latency_ms=66.3997
[2026-08-09T09:41:40] SAMPLE t=46s phase=Path_change adaptation=with_ML throughput_gbps=7.0561 latency_ms=66.4395
[2026-08-09T09:41:41] SAMPLE t=47s phase=Path_change adaptation=with_ML throughput_gbps=7.2682 latency_ms=68.6739
[2026-08-09T09:41:42] SAMPLE t=48s phase=Path_change adaptation=with_ML throughput_gbps=7.2506 latency_ms=67.9035
[2026-08-09T09:41:43] SAMPLE t=49s phase=Path_change adaptation=with_ML throughput_gbps=7.1672 latency_ms=67.9263
[2026-08-09T09:41:44] SAMPLE t=50s phase=Path_change adaptation=with_ML throughput_gbps=7.0594 latency_ms=67.9013
[2026-08-09T09:41:45] SAMPLE t=51s phase=Path_change adaptation=with_ML throughput_gbps=7.3635 latency_ms=64.9044
[2026-08-09T09:41:46] SAMPLE t=52s phase=Path_change adaptation=with_ML throughput_gbps=7.2091 latency_ms=67.6118
[2026-08-09T09:41:47] SAMPLE t=53s phase=Path_change adaptation=with_ML throughput_gbps=7.0375 latency_ms=66.3077
[2026-08-09T09:41:48] SAMPLE t=54s phase=Path_change adaptation=with_ML throughput_gbps=7.4816 latency_ms=70.7986
[2026-08-09T09:41:49] SAMPLE t=55s phase=Path_change adaptation=with_ML throughput_gbps=7.2434 latency_ms=67.4407
[2026-08-09T09:41:50] SAMPLE t=56s phase=Path_change adaptation=with_ML throughput_gbps=7.3018 latency_ms=69.8116
[2026-08-09T09:41:51] SAMPLE t=57s phase=Path_change adaptation=with_ML throughput_gbps=7.351 latency_ms=69.8208
[2026-08-09T09:41:52] SAMPLE t=58s phase=Path_change adaptation=with_ML throughput_gbps=7.709 latency_ms=65.237
[2026-08-09T09:41:53] SAMPLE t=59s phase=Path_change adaptation=with_ML throughput_gbps=8.0401 latency_ms=67.9723
[2026-08-09T09:41:54] SAMPLE t=60s phase=Loss_spike adaptation=with_ML throughput_gbps=7.5266 latency_ms=68.2274
[2026-08-09T09:41:55] SAMPLE t=61s phase=Loss_spike adaptation=with_ML throughput_gbps=8.3632 latency_ms=71.9111
[2026-08-09T09:41:56] SAMPLE t=62s phase=Loss_spike adaptation=with_ML throughput_gbps=8.3096 latency_ms=71.1987
[2026-08-09T09:41:57] SAMPLE t=63s phase=Loss_spike adaptation=with_ML throughput_gbps=6.6983 latency_ms=70.965
[2026-08-09T09:41:58] SAMPLE t=64s phase=Loss_spike adaptation=with_ML throughput_gbps=6.328 latency_ms=71.4322
[2026-08-09T09:41:59] SAMPLE t=65s phase=Loss_spike adaptation=with_ML throughput_gbps=7.3843 latency_ms=68.9673
[2026-08-09T09:42:00] SAMPLE t=66s phase=Loss_spike adaptation=with_ML throughput_gbps=8.2696 latency_ms=69.1895
[2026-08-09T09:42:01] SAMPLE t=67s phase=Loss_spike adaptation=with_ML throughput_gbps=8.0533 latency_ms=71.5972
[2026-08-09T09:42:02] SAMPLE t=68s phase=Loss_spike adaptation=with_ML throughput_gbps=6.9895 latency_ms=69.4822
[2026-08-09T09:42:03] SAMPLE t=69s phase=Loss_spike adaptation=with_ML throughput_gbps=6.4 latency_ms=71.1041
[2026-08-09T09:42:04] SAMPLE t=70s phase=Loss_spike adaptation=with_ML throughput_gbps=7.2105 latency_ms=69.3229
[2026-08-09T09:42:05] SAMPLE t=71s phase=Loss_spike adaptation=with_ML throughput_gbps=8.7637 latency_ms=67.6915
[2026-08-09T09:42:06] SAMPLE t=72s phase=Loss_spike adaptation=with_ML throughput_gbps=8.462 latency_ms=67.5013
[2026-08-09T09:42:07] SAMPLE t=73s phase=Loss_spike adaptation=with_ML throughput_gbps=6.7844 latency_ms=70.9711
[2026-08-09T09:42:08] SAMPLE t=74s phase=Loss_spike adaptation=with_ML throughput_gbps=6.2256 latency_ms=69.5768
[2026-08-09T09:42:09] SAMPLE t=75s phase=Loss_spike adaptation=with_ML throughput_gbps=6.9846 latency_ms=67.6432
[2026-08-09T09:42:10] SAMPLE t=76s phase=Loss_spike adaptation=with_ML throughput_gbps=8.3864 latency_ms=71.6692
[2026-08-09T09:42:11] SAMPLE t=77s phase=Loss_spike adaptation=with_ML throughput_gbps=7.7874 latency_ms=71.0733
[2026-08-09T09:42:12] SAMPLE t=78s phase=Loss_spike adaptation=with_ML throughput_gbps=6.7754 latency_ms=68.5923
[2026-08-09T09:42:13] SAMPLE t=79s phase=Loss_spike adaptation=with_ML throughput_gbps=6.0877 latency_ms=72.2619
[2026-08-09T09:42:14] SAMPLE t=80s phase=Recovery adaptation=with_ML throughput_gbps=8.2742 latency_ms=67.1066
[2026-08-09T09:42:15] SAMPLE t=81s phase=Recovery adaptation=with_ML throughput_gbps=7.916 latency_ms=66.6502
[2026-08-09T09:42:16] SAMPLE t=82s phase=Recovery adaptation=with_ML throughput_gbps=8.3208 latency_ms=65.1761
[2026-08-09T09:42:17] SAMPLE t=83s phase=Recovery adaptation=with_ML throughput_gbps=8.329 latency_ms=68.2109
[2026-08-09T09:42:18] SAMPLE t=84s phase=Recovery adaptation=with_ML throughput_gbps=8.0593 latency_ms=67.2606
[2026-08-09T09:42:19] SAMPLE t=85s phase=Recovery adaptation=with_ML throughput_gbps=7.9786 latency_ms=64.1702
[2026-08-09T09:42:20] SAMPLE t=86s phase=Recovery adaptation=with_ML throughput_gbps=8.3483 latency_ms=64.7884
[2026-08-09T09:42:21] SAMPLE t=87s phase=Recovery adaptation=with_ML throughput_gbps=8.5402 latency_ms=65.0291
[2026-08-09T09:42:22] SAMPLE t=88s phase=Recovery adaptation=with_ML throughput_gbps=8.5882 latency_ms=66.078
[2026-08-09T09:42:23] SAMPLE t=89s phase=Recovery adaptation=with_ML throughput_gbps=8.3421 latency_ms=64.8212
[2026-08-09T09:42:24] SAMPLE t=90s phase=Recovery adaptation=with_ML throughput_gbps=8.6534 latency_ms=62.5825
[2026-08-09T09:42:25] SAMPLE t=91s phase=Recovery adaptation=with_ML throughput_gbps=8.3986 latency_ms=64.951
[2026-08-09T09:42:26] SAMPLE t=92s phase=Recovery adaptation=with_ML throughput_gbps=8.3204 latency_ms=65.7647
[2026-08-09T09:42:27] SAMPLE t=93s phase=Recovery adaptation=with_ML throughput_gbps=8.2521 latency_ms=66.8181
[2026-08-09T09:42:28] SAMPLE t=94s phase=Recovery adaptation=with_ML throughput_gbps=8.1226 latency_ms=64.8568
[2026-08-09T09:42:29] SAMPLE t=95s phase=Recovery adaptation=with_ML throughput_gbps=8.4927 latency_ms=65.9565
[2026-08-09T09:42:30] SAMPLE t=96s phase=Recovery adaptation=with_ML throughput_gbps=8.3171 latency_ms=64.4206
[2026-08-09T09:42:31] SAMPLE t=97s phase=Recovery adaptation=with_ML throughput_gbps=8.5321 latency_ms=64.8424
[2026-08-09T09:42:32] SAMPLE t=98s phase=Recovery adaptation=with_ML throughput_gbps=9.0211 latency_ms=66.5947
[2026-08-09T09:42:33] SAMPLE t=99s phase=Recovery adaptation=with_ML throughput_gbps=8.3291 latency_ms=64.7599
[2026-08-09T09:40:54] SAMPLE t=0s phase=Stable adaptation=without_ML throughput_gbps=8.2582 latency_ms=68.9994
[2026-08-09T09:40:55] SAMPLE t=1s phase=Stable adaptation=without_ML throughput_gbps=8.1255 latency_ms=66.42
[2026-08-09T09:40:56] SAMPLE t=2s phase=Stable adaptation=without_ML throughput_gbps=7.9709 latency_ms=68.2428
[2026-08-09T09:40:57] SAMPLE t=3s phase=Stable adaptation=without_ML throughput_gbps=8.0026 latency_ms=65.2132
[2026-08-09T09:40:58] SAMPLE t=4s phase=Stable adaptation=without_ML throughput_gbps=7.7229 latency_ms=66.2658
[2026-08-09T09:40:59] SAMPLE t=5s phase=Stable adaptation=without_ML throughput_gbps=7.6796 latency_ms=67.7043
[2026-08-09T09:41:00] SAMPLE t=6s phase=Stable adaptation=without_ML throughput_gbps=8.1001 latency_ms=68.3406
[2026-08-09T09:41:01] SAMPLE t=7s phase=Stable adaptation=without_ML throughput_gbps=7.823 latency_ms=66.2651
[2026-08-09T09:41:02] SAMPLE t=8s phase=Stable adaptation=without_ML throughput_gbps=7.6126 latency_ms=67.3167
[2026-08-09T09:41:03] SAMPLE t=9s phase=Stable adaptation=without_ML throughput_gbps=7.6578 latency_ms=66.7457
[2026-08-09T09:41:04] SAMPLE t=10s phase=Stable adaptation=without_ML throughput_gbps=8.0124 latency_ms=66.4077
[2026-08-09T09:41:05] SAMPLE t=11s phase=Stable adaptation=without_ML throughput_gbps=7.8366 latency_ms=65.5735
[2026-08-09T09:41:06] SAMPLE t=12s phase=Stable adaptation=without_ML throughput_gbps=7.7539 latency_ms=64.8981
[2026-08-09T09:41:07] SAMPLE t=13s phase=Stable adaptation=without_ML throughput_gbps=8.4191 latency_ms=65.7089
[2026-08-09T09:41:08] SAMPLE t=14s phase=Stable adaptation=without_ML throughput_gbps=8.2242 latency_ms=66.7915
[2026-08-09T09:41:09] SAMPLE t=15s phase=Stable adaptation=without_ML throughput_gbps=7.7298 latency_ms=65.848
[2026-08-09T09:41:10] SAMPLE t=16s phase=Stable adaptation=without_ML throughput_gbps=7.9253 latency_ms=63.7567
[2026-08-09T09:41:11] SAMPLE t=17s phase=Stable adaptation=without_ML throughput_gbps=8.2694 latency_ms=64.4488
[2026-08-09T09:41:12] SAMPLE t=18s phase=Stable adaptation=without_ML throughput_gbps=8.0526 latency_ms=66.8886
[2026-08-09T09:41:13] SAMPLE t=19s phase=Stable adaptation=without_ML throughput_gbps=8.1968 latency_ms=65.9242
[2026-08-09T09:41:14] SAMPLE t=20s phase=Congestion adaptation=without_ML throughput_gbps=7.7203 latency_ms=63.807
[2026-08-09T09:41:15] SAMPLE t=21s phase=Congestion adaptation=without_ML throughput_gbps=7.8194 latency_ms=66.1837
[2026-08-09T09:41:16] SAMPLE t=22s phase=Congestion adaptation=without_ML throughput_gbps=8.5757 latency_ms=66.417
[2026-08-09T09:41:17] SAMPLE t=23s phase=Congestion adaptation=without_ML throughput_gbps=7.6949 latency_ms=66.4698
[2026-08-09T09:41:18] SAMPLE t=24s phase=Congestion adaptation=without_ML throughput_gbps=7.6502 latency_ms=64.9684
[2026-08-09T09:41:19] SAMPLE t=25s phase=Congestion adaptation=without_ML throughput_gbps=8.033 latency_ms=65.895
[2026-08-09T09:41:20] SAMPLE t=26s phase=Congestion adaptation=without_ML throughput_gbps=8.0402 latency_ms=65.0707
[2026-08-09T09:41:21] SAMPLE t=27s phase=Congestion adaptation=without_ML throughput_gbps=8.1182 latency_ms=64.9133
[2026-08-09T09:41:22] SAMPLE t=28s phase=Congestion adaptation=without_ML throughput_gbps=7.812 latency_ms=65.934
[2026-08-09T09:41:23] SAMPLE t=29s phase=Congestion adaptation=without_ML throughput_gbps=7.7473 latency_ms=66.4837
[2026-08-09T09:41:24] SAMPLE t=30s phase=Congestion adaptation=without_ML throughput_gbps=7.6104 latency_ms=67.8562
[2026-08-09T09:41:25] SAMPLE t=31s phase=Congestion adaptation=without_ML throughput_gbps=7.8505 latency_ms=66.8733
[2026-08-09T09:41:26] SAMPLE t=32s phase=Congestion adaptation=without_ML throughput_gbps=8.1357 latency_ms=65.8336
[2026-08-09T09:41:27] SAMPLE t=33s phase=Congestion adaptation=without_ML throughput_gbps=8.3573 latency_ms=67.4155
[2026-08-09T09:41:28] SAMPLE t=34s phase=Congestion adaptation=without_ML throughput_gbps=7.8951 latency_ms=67.6811
[2026-08-09T09:41:29] SAMPLE t=35s phase=Congestion adaptation=without_ML throughput_gbps=8.0851 latency_ms=64.5008
[2026-08-09T09:41:30] SAMPLE t=36s phase=Congestion adaptation=without_ML throughput_gbps=8.0219 latency_ms=63.8441
[2026-08-09T09:41:31] SAMPLE t=37s phase=Congestion adaptation=without_ML throughput_gbps=8.034 latency_ms=65.3976
[2026-08-09T09:41:32] SAMPLE t=38s phase=Congestion adaptation=without_ML throughput_gbps=7.979 latency_ms=65.5583
[2026-08-09T09:41:33] SAMPLE t=39s phase=Congestion adaptation=without_ML throughput_gbps=7.8335 latency_ms=64.7243
[2026-08-09T09:41:34] SAMPLE t=40s phase=Path_change adaptation=without_ML throughput_gbps=8.1786 latency_ms=67.4035
[2026-08-09T09:41:35] SAMPLE t=41s phase=Path_change adaptation=without_ML throughput_gbps=7.6826 latency_ms=66.6012
[2026-08-09T09:41:36] SAMPLE t=42s phase=Path_change adaptation=without_ML throughput_gbps=7.3263 latency_ms=68.5457
[2026-08-09T09:41:37] SAMPLE t=43s phase=Path_change adaptation=without_ML throughput_gbps=7.4088 latency_ms=70.7125
[2026-08-09T09:41:38] SAMPLE t=44s phase=Path_change adaptation=without_ML throughput_gbps=6.7995 latency_ms=69.4128
[2026-08-09T09:41:39] SAMPLE t=45s phase=Path_change adaptation=without_ML throughput_gbps=6.4896 latency_ms=71.548
[2026-08-09T09:41:40] SAMPLE t=46s phase=Path_change adaptation=without_ML throughput_gbps=6.3142 latency_ms=73.2768
[2026-08-09T09:41:41] SAMPLE t=47s phase=Path_change adaptation=without_ML throughput_gbps=6.0301 latency_ms=71.7395
[2026-08-09T09:41:42] SAMPLE t=48s phase=Path_change adaptation=without_ML throughput_gbps=5.5784 latency_ms=72.579
[2026-08-09T09:41:43] SAMPLE t=49s phase=Path_change adaptation=without_ML throughput_gbps=5.8263 latency_ms=74.4029
[2026-08-09T09:41:44] SAMPLE t=50s phase=Path_change adaptation=without_ML throughput_gbps=5.6598 latency_ms=72.3179
[2026-08-09T09:41:45] SAMPLE t=51s phase=Path_change adaptation=without_ML throughput_gbps=5.5523 latency_ms=72.29
[2026-08-09T09:41:46] SAMPLE t=52s phase=Path_change adaptation=without_ML throughput_gbps=5.9004 latency_ms=71.1343
[2026-08-09T09:41:47] SAMPLE t=53s phase=Path_change adaptation=without_ML throughput_gbps=5.7247 latency_ms=72.9371
[2026-08-09T09:41:48] SAMPLE t=54s phase=Path_change adaptation=without_ML throughput_gbps=6.2905 latency_ms=71.7786
[2026-08-09T09:41:49] SAMPLE t=55s phase=Path_change adaptation=without_ML throughput_gbps=6.3521 latency_ms=69.2119
[2026-08-09T09:41:50] SAMPLE t=56s phase=Path_change adaptation=without_ML throughput_gbps=6.4168 latency_ms=69.0595
[2026-08-09T09:41:51] SAMPLE t=57s phase=Path_change adaptation=without_ML throughput_gbps=6.8444 latency_ms=69.5539
[2026-08-09T09:41:52] SAMPLE t=58s phase=Path_change adaptation=without_ML throughput_gbps=7.2388 latency_ms=67.3496
[2026-08-09T09:41:53] SAMPLE t=59s phase=Path_change adaptation=without_ML throughput_gbps=7.7974 latency_ms=68.2623
[2026-08-09T09:41:54] SAMPLE t=60s phase=Loss_spike adaptation=without_ML throughput_gbps=6.0615 latency_ms=71.6371
[2026-08-09T09:41:55] SAMPLE t=61s phase=Loss_spike adaptation=without_ML throughput_gbps=8.4918 latency_ms=79.9344
[2026-08-09T09:41:56] SAMPLE t=62s phase=Loss_spike adaptation=without_ML throughput_gbps=7.8212 latency_ms=77.2227
[2026-08-09T09:41:57] SAMPLE t=63s phase=Loss_spike adaptation=without_ML throughput_gbps=4.9101 latency_ms=75.7544
[2026-08-09T09:41:58] SAMPLE t=64s phase=Loss_spike adaptation=without_ML throughput_gbps=4.1899 latency_ms=80.3788
[2026-08-09T09:41:59] SAMPLE t=65s phase=Loss_spike adaptation=without_ML throughput_gbps=5.9146 latency_ms=71.3108
[2026-08-09T09:42:00] SAMPLE t=66s phase=Loss_spike adaptation=without_ML throughput_gbps=8.1918 latency_ms=78.2135
[2026-08-09T09:42:01] SAMPLE t=67s phase=Loss_spike adaptation=without_ML throughput_gbps=7.222 latency_ms=75.9182
[2026-08-09T09:42:02] SAMPLE t=68s phase=Loss_spike adaptation=without_ML throughput_gbps=4.8831 latency_ms=74.5777
[2026-08-09T09:42:03] SAMPLE t=69s phase=Loss_spike adaptation=without_ML throughput_gbps=3.9058 latency_ms=77.2897
[2026-08-09T09:42:04] SAMPLE t=70s phase=Loss_spike adaptation=without_ML throughput_gbps=6.5433 latency_ms=71.017
[2026-08-09T09:42:05] SAMPLE t=71s phase=Loss_spike adaptation=without_ML throughput_gbps=8.2274 latency_ms=79.3833
[2026-08-09T09:42:06] SAMPLE t=72s phase=Loss_spike adaptation=without_ML throughput_gbps=7.3845 latency_ms=76.7766
[2026-08-09T09:42:07] SAMPLE t=73s phase=Loss_spike adaptation=without_ML throughput_gbps=4.9978 latency_ms=75.2456
[2026-08-09T09:42:08] SAMPLE t=74s phase=Loss_spike adaptation=without_ML throughput_gbps=4.1046 latency_ms=78.4632
[2026-08-09T09:42:09] SAMPLE t=75s phase=Loss_spike adaptation=without_ML throughput_gbps=6.4754 latency_ms=70.0639
[2026-08-09T09:42:10] SAMPLE t=76s phase=Loss_spike adaptation=without_ML throughput_gbps=8.1803 latency_ms=79.8014
[2026-08-09T09:42:11] SAMPLE t=77s phase=Loss_spike adaptation=without_ML throughput_gbps=7.5481 latency_ms=76.0766
[2026-08-09T09:42:12] SAMPLE t=78s phase=Loss_spike adaptation=without_ML throughput_gbps=4.5592 latency_ms=76.4991
[2026-08-09T09:42:13] SAMPLE t=79s phase=Loss_spike adaptation=without_ML throughput_gbps=3.9503 latency_ms=80.2508
[2026-08-09T09:42:14] SAMPLE t=80s phase=Recovery adaptation=without_ML throughput_gbps=7.8826 latency_ms=66.1924
[2026-08-09T09:42:15] SAMPLE t=81s phase=Recovery adaptation=without_ML throughput_gbps=8.5247 latency_ms=66.0775
[2026-08-09T09:42:16] SAMPLE t=82s phase=Recovery adaptation=without_ML throughput_gbps=7.7807 latency_ms=66.698
[2026-08-09T09:42:17] SAMPLE t=83s phase=Recovery adaptation=without_ML throughput_gbps=7.5377 latency_ms=64.5257
[2026-08-09T09:42:18] SAMPLE t=84s phase=Recovery adaptation=without_ML throughput_gbps=7.9618 latency_ms=64.5129
[2026-08-09T09:42:19] SAMPLE t=85s phase=Recovery adaptation=without_ML throughput_gbps=7.9579 latency_ms=65.5814
[2026-08-09T09:42:20] SAMPLE t=86s phase=Recovery adaptation=without_ML throughput_gbps=7.8866 latency_ms=68.4931
[2026-08-09T09:42:21] SAMPLE t=87s phase=Recovery adaptation=without_ML throughput_gbps=8.3714 latency_ms=68.1234
[2026-08-09T09:42:22] SAMPLE t=88s phase=Recovery adaptation=without_ML throughput_gbps=7.7293 latency_ms=65.5763
[2026-08-09T09:42:23] SAMPLE t=89s phase=Recovery adaptation=without_ML throughput_gbps=7.8599 latency_ms=64.6054
[2026-08-09T09:42:24] SAMPLE t=90s phase=Recovery adaptation=without_ML throughput_gbps=7.4918 latency_ms=65.2667
[2026-08-09T09:42:25] SAMPLE t=91s phase=Recovery adaptation=without_ML throughput_gbps=7.791 latency_ms=64.8262
[2026-08-09T09:42:26] SAMPLE t=92s phase=Recovery adaptation=without_ML throughput_gbps=8.235 latency_ms=67.7935
[2026-08-09T09:42:27] SAMPLE t=93s phase=Recovery adaptation=without_ML throughput_gbps=8.3367 latency_ms=66.5085
[2026-08-09T09:42:28] SAMPLE t=94s phase=Recovery adaptation=without_ML throughput_gbps=8.259 latency_ms=65.3841
[2026-08-09T09:42:29] SAMPLE t=95s phase=Recovery adaptation=without_ML throughput_gbps=7.3747 latency_ms=66.2251
[2026-08-09T09:42:30] SAMPLE t=96s phase=Recovery adaptation=without_ML throughput_gbps=8.1859 latency_ms=68.1393
[2026-08-09T09:42:31] SAMPLE t=97s phase=Recovery adaptation=without_ML throughput_gbps=8.153 latency_ms=65.9151
[2026-08-09T09:42:32] SAMPLE t=98s phase=Recovery adaptation=without_ML throughput_gbps=8.0813 latency_ms=66.218
[2026-08-09T09:42:33] SAMPLE t=99s phase=Recovery adaptation=without_ML throughput_gbps=7.8642 latency_ms=64.4874
[2026-08-09T09:40:54] TRACE_END run_id=48 status=OK
[2026-08-09T09:45:08] TRACE_START run_id=49
[2026-08-09T09:45:08] SAMPLE t=0s phase=Stable adaptation=with_ML throughput_gbps=7.8992 latency_ms=67.0934
[2026-08-09T09:45:09] SAMPLE t=1s phase=Stable adaptation=with_ML throughput_gbps=8.0845 latency_ms=67.8685
[2026-08-09T09:45:10] SAMPLE t=2s phase=Stable adaptation=with_ML throughput_gbps=8.2325 latency_ms=65.9576
[2026-08-09T09:45:11] SAMPLE t=3s phase=Stable adaptation=with_ML throughput_gbps=7.8339 latency_ms=66.753
[2026-08-09T09:45:12] SAMPLE t=4s phase=Stable adaptation=with_ML throughput_gbps=8.0035 latency_ms=66.561
[2026-08-09T09:45:13] SAMPLE t=5s phase=Stable adaptation=with_ML throughput_gbps=8.0495 latency_ms=68.286
[2026-08-09T09:45:14] SAMPLE t=6s phase=Stable adaptation=with_ML throughput_gbps=8.3169 latency_ms=64.4906
[2026-08-09T09:45:15] SAMPLE t=7s phase=Stable adaptation=with_ML throughput_gbps=8.1415 latency_ms=66.4226
[2026-08-09T09:45:16] SAMPLE t=8s phase=Stable adaptation=with_ML throughput_gbps=8.0632 latency_ms=65.5418
[2026-08-09T09:45:17] SAMPLE t=9s phase=Stable adaptation=with_ML throughput_gbps=8.0608 latency_ms=65.0862
[2026-08-09T09:45:18] SAMPLE t=10s phase=Stable adaptation=with_ML throughput_gbps=8.3808 latency_ms=66.6237
[2026-08-09T09:45:19] SAMPLE t=11s phase=Stable adaptation=with_ML throughput_gbps=7.8838 latency_ms=67.203
[2026-08-09T09:45:20] SAMPLE t=12s phase=Stable adaptation=with_ML throughput_gbps=8.0335 latency_ms=68.6624
[2026-08-09T09:45:21] SAMPLE t=13s phase=Stable adaptation=with_ML throughput_gbps=8.0099 latency_ms=65.7927
[2026-08-09T09:45:22] SAMPLE t=14s phase=Stable adaptation=with_ML throughput_gbps=8.2023 latency_ms=66.6883
[2026-08-09T09:45:23] SAMPLE t=15s phase=Stable adaptation=with_ML throughput_gbps=8.2274 latency_ms=65.6993
[2026-08-09T09:45:24] SAMPLE t=16s phase=Stable adaptation=with_ML throughput_gbps=8.1088 latency_ms=66.681
[2026-08-09T09:45:25] SAMPLE t=17s phase=Stable adaptation=with_ML throughput_gbps=8.1087 latency_ms=65.5351
[2026-08-09T09:45:26] SAMPLE t=18s phase=Stable adaptation=with_ML throughput_gbps=7.7404 latency_ms=66.6662
[2026-08-09T09:45:27] SAMPLE t=19s phase=Stable adaptation=with_ML throughput_gbps=7.9508 latency_ms=66.8238
[2026-08-09T09:45:28] SAMPLE t=20s phase=Congestion adaptation=with_ML throughput_gbps=8.0851 latency_ms=64.3144
[2026-08-09T09:45:29] SAMPLE t=21s phase=Congestion adaptation=with_ML throughput_gbps=8.2213 latency_ms=65.4431
[2026-08-09T09:45:30] SAMPLE t=22s phase=Congestion adaptation=with_ML throughput_gbps=8.4342 latency_ms=67.7801
[2026-08-09T09:45:31] SAMPLE t=23s phase=Congestion adaptation=with_ML throughput_gbps=7.617 latency_ms=66.4196
[2026-08-09T09:45:32] SAMPLE t=24s phase=Congestion adaptation=with_ML throughput_gbps=7.9814 latency_ms=66.2753
[2026-08-09T09:45:33] SAMPLE t=25s phase=Congestion adaptation=with_ML throughput_gbps=8.2507 latency_ms=68.3368
[2026-08-09T09:45:34] SAMPLE t=26s phase=Congestion adaptation=with_ML throughput_gbps=8.0631 latency_ms=69.0975
[2026-08-09T09:45:35] SAMPLE t=27s phase=Congestion adaptation=with_ML throughput_gbps=8.1388 latency_ms=68.6664
[2026-08-09T09:45:36] SAMPLE t=28s phase=Congestion adaptation=with_ML throughput_gbps=7.8754 latency_ms=67.6874
[2026-08-09T09:45:37] SAMPLE t=29s phase=Congestion adaptation=with_ML throughput_gbps=8.1611 latency_ms=67.3378
[2026-08-09T09:45:38] SAMPLE t=30s phase=Congestion adaptation=with_ML throughput_gbps=8.1365 latency_ms=67.6923
[2026-08-09T09:45:39] SAMPLE t=31s phase=Congestion adaptation=with_ML throughput_gbps=8.0881 latency_ms=65.812
[2026-08-09T09:45:40] SAMPLE t=32s phase=Congestion adaptation=with_ML throughput_gbps=8.0211 latency_ms=67.6499
[2026-08-09T09:45:41] SAMPLE t=33s phase=Congestion adaptation=with_ML throughput_gbps=7.9967 latency_ms=65.0136
[2026-08-09T09:45:42] SAMPLE t=34s phase=Congestion adaptation=with_ML throughput_gbps=8.3689 latency_ms=69.0553
[2026-08-09T09:45:43] SAMPLE t=35s phase=Congestion adaptation=with_ML throughput_gbps=7.8954 latency_ms=67.0347
[2026-08-09T09:45:44] SAMPLE t=36s phase=Congestion adaptation=with_ML throughput_gbps=8.1641 latency_ms=65.557
[2026-08-09T09:45:45] SAMPLE t=37s phase=Congestion adaptation=with_ML throughput_gbps=7.7107 latency_ms=66.8935
[2026-08-09T09:45:46] SAMPLE t=38s phase=Congestion adaptation=with_ML throughput_gbps=8.0998 latency_ms=65.8122
[2026-08-09T09:45:47] SAMPLE t=39s phase=Congestion adaptation=with_ML throughput_gbps=8.0653 latency_ms=65.6874
[2026-08-09T09:45:48] SAMPLE t=40s phase=Path_change adaptation=with_ML throughput_gbps=8.1346 latency_ms=66.6594
[2026-08-09T09:45:49] SAMPLE t=41s phase=Path_change adaptation=with_ML throughput_gbps=8.036 latency_ms=65.7761
[2026-08-09T09:45:50] SAMPLE t=42s phase=Path_change adaptation=with_ML throughput_gbps=8.3936 latency_ms=67.0245
[2026-08-09T09:45:51] SAMPLE t=43s phase=Path_change adaptation=with_ML throughput_gbps=7.8692 latency_ms=65.4751
[2026-08-09T09:45:52] SAMPLE t=44s phase=Path_change adaptation=with_ML throughput_gbps=7.2692 latency_ms=66.693
[2026-08-09T09:45:53] SAMPLE t=45s phase=Path_change adaptation=with_ML throughput_gbps=7.5607 latency_ms=68.8227
[2026-08-09T09:45:54] SAMPLE t=46s phase=Path_change adaptation=with_ML throughput_gbps=7.4685 latency_ms=69.3108
[2026-08-09T09:45:55] SAMPLE t=47s phase=Path_change adaptation=with_ML throughput_gbps=7.5383 latency_ms=67.7619
[2026-08-09T09:45:56] SAMPLE t=48s phase=Path_change adaptation=with_ML throughput_gbps=7.0291 latency_ms=67.1655
[2026-08-09T09:45:57] SAMPLE t=49s phase=Path_change adaptation=with_ML throughput_gbps=7.4737 latency_ms=69.4444
[2026-08-09T09:45:58] SAMPLE t=50s phase=Path_change adaptation=with_ML throughput_gbps=7.272 latency_ms=66.9579
[2026-08-09T09:45:59] SAMPLE t=51s phase=Path_change adaptation=with_ML throughput_gbps=7.2069 latency_ms=68.7247
[2026-08-09T09:46:00] SAMPLE t=52s phase=Path_change adaptation=with_ML throughput_gbps=7.5605 latency_ms=68.1423
[2026-08-09T09:46:01] SAMPLE t=53s phase=Path_change adaptation=with_ML throughput_gbps=7.1946 latency_ms=68.6917
[2026-08-09T09:46:02] SAMPLE t=54s phase=Path_change adaptation=with_ML throughput_gbps=7.462 latency_ms=66.9988
[2026-08-09T09:46:03] SAMPLE t=55s phase=Path_change adaptation=with_ML throughput_gbps=7.4772 latency_ms=69.203
[2026-08-09T09:46:04] SAMPLE t=56s phase=Path_change adaptation=with_ML throughput_gbps=7.2721 latency_ms=68.2404
[2026-08-09T09:46:05] SAMPLE t=57s phase=Path_change adaptation=with_ML throughput_gbps=7.4564 latency_ms=68.7368
[2026-08-09T09:46:06] SAMPLE t=58s phase=Path_change adaptation=with_ML throughput_gbps=7.7118 latency_ms=67.5702
[2026-08-09T09:46:07] SAMPLE t=59s phase=Path_change adaptation=with_ML throughput_gbps=8.0972 latency_ms=67.171
[2026-08-09T09:46:08] SAMPLE t=60s phase=Loss_spike adaptation=with_ML throughput_gbps=7.2253 latency_ms=70.1978
[2026-08-09T09:46:09] SAMPLE t=61s phase=Loss_spike adaptation=with_ML throughput_gbps=8.5875 latency_ms=71.4424
[2026-08-09T09:46:10] SAMPLE t=62s phase=Loss_spike adaptation=with_ML throughput_gbps=7.979 latency_ms=67.8291
[2026-08-09T09:46:11] SAMPLE t=63s phase=Loss_spike adaptation=with_ML throughput_gbps=6.6381 latency_ms=67.7946
[2026-08-09T09:46:12] SAMPLE t=64s phase=Loss_spike adaptation=with_ML throughput_gbps=6.0777 latency_ms=69.7749
[2026-08-09T09:46:13] SAMPLE t=65s phase=Loss_spike adaptation=with_ML throughput_gbps=7.4586 latency_ms=69.9733
[2026-08-09T09:46:14] SAMPLE t=66s phase=Loss_spike adaptation=with_ML throughput_gbps=8.2306 latency_ms=72.2886
[2026-08-09T09:46:15] SAMPLE t=67s phase=Loss_spike adaptation=with_ML throughput_gbps=7.9972 latency_ms=69.0714
[2026-08-09T09:46:16] SAMPLE t=68s phase=Loss_spike adaptation=with_ML throughput_gbps=6.5681 latency_ms=68.6929
[2026-08-09T09:46:17] SAMPLE t=69s phase=Loss_spike adaptation=with_ML throughput_gbps=6.2799 latency_ms=71.1743
[2026-08-09T09:46:18] SAMPLE t=70s phase=Loss_spike adaptation=with_ML throughput_gbps=6.9479 latency_ms=66.0811
[2026-08-09T09:46:19] SAMPLE t=71s phase=Loss_spike adaptation=with_ML throughput_gbps=8.1128 latency_ms=68.1406
[2026-08-09T09:46:20] SAMPLE t=72s phase=Loss_spike adaptation=with_ML throughput_gbps=7.8243 latency_ms=72.0861
[2026-08-09T09:46:21] SAMPLE t=73s phase=Loss_spike adaptation=with_ML throughput_gbps=6.3904 latency_ms=67.1707
[2026-08-09T09:46:22] SAMPLE t=74s phase=Loss_spike adaptation=with_ML throughput_gbps=6.2542 latency_ms=70.4026
[2026-08-09T09:46:23] SAMPLE t=75s phase=Loss_spike adaptation=with_ML throughput_gbps=7.1508 latency_ms=67.6077
[2026-08-09T09:46:24] SAMPLE t=76s phase=Loss_spike adaptation=with_ML throughput_gbps=8.4345 latency_ms=68.4345
[2026-08-09T09:46:25] SAMPLE t=77s phase=Loss_spike adaptation=with_ML throughput_gbps=8.1492 latency_ms=66.8741
[2026-08-09T09:46:26] SAMPLE t=78s phase=Loss_spike adaptation=with_ML throughput_gbps=6.5403 latency_ms=70.1097
[2026-08-09T09:46:27] SAMPLE t=79s phase=Loss_spike adaptation=with_ML throughput_gbps=6.5455 latency_ms=69.0376
[2026-08-09T09:46:28] SAMPLE t=80s phase=Recovery adaptation=with_ML throughput_gbps=8.2533 latency_ms=66.4309
[2026-08-09T09:46:29] SAMPLE t=81s phase=Recovery adaptation=with_ML throughput_gbps=8.1302 latency_ms=68.4485
[2026-08-09T09:46:30] SAMPLE t=82s phase=Recovery adaptation=with_ML throughput_gbps=8.0434 latency_ms=64.4841
[2026-08-09T09:46:31] SAMPLE t=83s phase=Recovery adaptation=with_ML throughput_gbps=8.2766 latency_ms=66.1851
[2026-08-09T09:46:32] SAMPLE t=84s phase=Recovery adaptation=with_ML throughput_gbps=8.228 latency_ms=65.8024
[2026-08-09T09:46:33] SAMPLE t=85s phase=Recovery adaptation=with_ML throughput_gbps=8.148 latency_ms=65.9529
[2026-08-09T09:46:34] SAMPLE t=86s phase=Recovery adaptation=with_ML throughput_gbps=7.9715 latency_ms=66.6374
[2026-08-09T09:46:35] SAMPLE t=87s phase=Recovery adaptation=with_ML throughput_gbps=8.3762 latency_ms=66.0612
[2026-08-09T09:46:36] SAMPLE t=88s phase=Recovery adaptation=with_ML throughput_gbps=8.4465 latency_ms=65.3025
[2026-08-09T09:46:37] SAMPLE t=89s phase=Recovery adaptation=with_ML throughput_gbps=8.3041 latency_ms=67.3369
[2026-08-09T09:46:38] SAMPLE t=90s phase=Recovery adaptation=with_ML throughput_gbps=8.455 latency_ms=65.0633
[2026-08-09T09:46:39] SAMPLE t=91s phase=Recovery adaptation=with_ML throughput_gbps=8.1383 latency_ms=66.7883
[2026-08-09T09:46:40] SAMPLE t=92s phase=Recovery adaptation=with_ML throughput_gbps=8.2212 latency_ms=65.8614
[2026-08-09T09:46:41] SAMPLE t=93s phase=Recovery adaptation=with_ML throughput_gbps=8.9106 latency_ms=64.6622
[2026-08-09T09:46:42] SAMPLE t=94s phase=Recovery adaptation=with_ML throughput_gbps=8.5795 latency_ms=69.065
[2026-08-09T09:46:43] SAMPLE t=95s phase=Recovery adaptation=with_ML throughput_gbps=8.1651 latency_ms=64.7422
[2026-08-09T09:46:44] SAMPLE t=96s phase=Recovery adaptation=with_ML throughput_gbps=8.7178 latency_ms=64.8749
[2026-08-09T09:46:45] SAMPLE t=97s phase=Recovery adaptation=with_ML throughput_gbps=8.2742 latency_ms=64.1409
[2026-08-09T09:46:46] SAMPLE t=98s phase=Recovery adaptation=with_ML throughput_gbps=8.7826 latency_ms=64.092
[2026-08-09T09:46:47] SAMPLE t=99s phase=Recovery adaptation=with_ML throughput_gbps=8.4979 latency_ms=65.2157
[2026-08-09T09:45:08] SAMPLE t=0s phase=Stable adaptation=without_ML throughput_gbps=8.1366 latency_ms=68.1969
[2026-08-09T09:45:09] SAMPLE t=1s phase=Stable adaptation=without_ML throughput_gbps=8.1667 latency_ms=65.5589
[2026-08-09T09:45:10] SAMPLE t=2s phase=Stable adaptation=without_ML throughput_gbps=7.8438 latency_ms=65.8204
[2026-08-09T09:45:11] SAMPLE t=3s phase=Stable adaptation=without_ML throughput_gbps=7.8183 latency_ms=67.7258
[2026-08-09T09:45:12] SAMPLE t=4s phase=Stable adaptation=without_ML throughput_gbps=7.8569 latency_ms=66.6227
[2026-08-09T09:45:13] SAMPLE t=5s phase=Stable adaptation=without_ML throughput_gbps=8.2194 latency_ms=66.0326
[2026-08-09T09:45:14] SAMPLE t=6s phase=Stable adaptation=without_ML throughput_gbps=7.7919 latency_ms=66.3184
[2026-08-09T09:45:15] SAMPLE t=7s phase=Stable adaptation=without_ML throughput_gbps=8.2435 latency_ms=68.8005
[2026-08-09T09:45:16] SAMPLE t=8s phase=Stable adaptation=without_ML throughput_gbps=8.0606 latency_ms=66.8503
[2026-08-09T09:45:17] SAMPLE t=9s phase=Stable adaptation=without_ML throughput_gbps=7.9956 latency_ms=65.5737
[2026-08-09T09:45:18] SAMPLE t=10s phase=Stable adaptation=without_ML throughput_gbps=8.1779 latency_ms=66.6024
[2026-08-09T09:45:19] SAMPLE t=11s phase=Stable adaptation=without_ML throughput_gbps=7.9413 latency_ms=66.4405
[2026-08-09T09:45:20] SAMPLE t=12s phase=Stable adaptation=without_ML throughput_gbps=7.7413 latency_ms=66.876
[2026-08-09T09:45:21] SAMPLE t=13s phase=Stable adaptation=without_ML throughput_gbps=7.9724 latency_ms=65.85
[2026-08-09T09:45:22] SAMPLE t=14s phase=Stable adaptation=without_ML throughput_gbps=8.5739 latency_ms=68.0605
[2026-08-09T09:45:23] SAMPLE t=15s phase=Stable adaptation=without_ML throughput_gbps=7.7631 latency_ms=65.6184
[2026-08-09T09:45:24] SAMPLE t=16s phase=Stable adaptation=without_ML throughput_gbps=7.8142 latency_ms=65.5796
[2026-08-09T09:45:25] SAMPLE t=17s phase=Stable adaptation=without_ML throughput_gbps=7.6654 latency_ms=64.8487
[2026-08-09T09:45:26] SAMPLE t=18s phase=Stable adaptation=without_ML throughput_gbps=7.9545 latency_ms=65.7555
[2026-08-09T09:45:27] SAMPLE t=19s phase=Stable adaptation=without_ML throughput_gbps=7.7329 latency_ms=67.7082
[2026-08-09T09:45:28] SAMPLE t=20s phase=Congestion adaptation=without_ML throughput_gbps=8.1792 latency_ms=66.9637
[2026-08-09T09:45:29] SAMPLE t=21s phase=Congestion adaptation=without_ML throughput_gbps=8.2149 latency_ms=66.3669
[2026-08-09T09:45:30] SAMPLE t=22s phase=Congestion adaptation=without_ML throughput_gbps=8.134 latency_ms=66.2684
[2026-08-09T09:45:31] SAMPLE t=23s phase=Congestion adaptation=without_ML throughput_gbps=8.1005 latency_ms=67.2257
[2026-08-09T09:45:32] SAMPLE t=24s phase=Congestion adaptation=without_ML throughput_gbps=8.0512 latency_ms=66.9017
[2026-08-09T09:45:33] SAMPLE t=25s phase=Congestion adaptation=without_ML throughput_gbps=7.8205 latency_ms=65.6854
[2026-08-09T09:45:34] SAMPLE t=26s phase=Congestion adaptation=without_ML throughput_gbps=8.2173 latency_ms=65.2922
[2026-08-09T09:45:35] SAMPLE t=27s phase=Congestion adaptation=without_ML throughput_gbps=8.0033 latency_ms=66.0958
[2026-08-09T09:45:36] SAMPLE t=28s phase=Congestion adaptation=without_ML throughput_gbps=8.0001 latency_ms=64.1712
[2026-08-09T09:45:37] SAMPLE t=29s phase=Congestion adaptation=without_ML throughput_gbps=7.6488 latency_ms=64.6911
[2026-08-09T09:45:38] SAMPLE t=30s phase=Congestion adaptation=without_ML throughput_gbps=7.7195 latency_ms=63.6261
[2026-08-09T09:45:39] SAMPLE t=31s phase=Congestion adaptation=without_ML throughput_gbps=8.0996 latency_ms=66.1714
[2026-08-09T09:45:40] SAMPLE t=32s phase=Congestion adaptation=without_ML throughput_gbps=7.833 latency_ms=65.0167
[2026-08-09T09:45:41] SAMPLE t=33s phase=Congestion adaptation=without_ML throughput_gbps=8.1223 latency_ms=65.5871
[2026-08-09T09:45:42] SAMPLE t=34s phase=Congestion adaptation=without_ML throughput_gbps=7.8202 latency_ms=64.6776
[2026-08-09T09:45:43] SAMPLE t=35s phase=Congestion adaptation=without_ML throughput_gbps=8.4844 latency_ms=65.6749
[2026-08-09T09:45:44] SAMPLE t=36s phase=Congestion adaptation=without_ML throughput_gbps=8.3988 latency_ms=66.471
[2026-08-09T09:45:45] SAMPLE t=37s phase=Congestion adaptation=without_ML throughput_gbps=8.214 latency_ms=65.948
[2026-08-09T09:45:46] SAMPLE t=38s phase=Congestion adaptation=without_ML throughput_gbps=7.9683 latency_ms=66.8828
[2026-08-09T09:45:47] SAMPLE t=39s phase=Congestion adaptation=without_ML throughput_gbps=8.0099 latency_ms=63.0988
[2026-08-09T09:45:48] SAMPLE t=40s phase=Path_change adaptation=without_ML throughput_gbps=8.0093 latency_ms=66.241
[2026-08-09T09:45:49] SAMPLE t=41s phase=Path_change adaptation=without_ML throughput_gbps=7.547 latency_ms=66.7709
[2026-08-09T09:45:50] SAMPLE t=42s phase=Path_change adaptation=without_ML throughput_gbps=7.709 latency_ms=67.7855
[2026-08-09T09:45:51] SAMPLE t=43s phase=Path_change adaptation=without_ML throughput_gbps=6.8083 latency_ms=69.1433
[2026-08-09T09:45:52] SAMPLE t=44s phase=Path_change adaptation=without_ML throughput_gbps=6.7548 latency_ms=66.8487
[2026-08-09T09:45:53] SAMPLE t=45s phase=Path_change adaptation=without_ML throughput_gbps=6.5972 latency_ms=72.0565
[2026-08-09T09:45:54] SAMPLE t=46s phase=Path_change adaptation=without_ML throughput_gbps=5.9286 latency_ms=70.9409
[2026-08-09T09:45:55] SAMPLE t=47s phase=Path_change adaptation=without_ML throughput_gbps=5.8339 latency_ms=72.4329
[2026-08-09T09:45:56] SAMPLE t=48s phase=Path_change adaptation=without_ML throughput_gbps=5.8306 latency_ms=72.2107
[2026-08-09T09:45:57] SAMPLE t=49s phase=Path_change adaptation=without_ML throughput_gbps=5.2516 latency_ms=74.8415
[2026-08-09T09:45:58] SAMPLE t=50s phase=Path_change adaptation=without_ML throughput_gbps=5.6511 latency_ms=69.7275
[2026-08-09T09:45:59] SAMPLE t=51s phase=Path_change adaptation=without_ML throughput_gbps=5.5475 latency_ms=74.0639
[2026-08-09T09:46:00] SAMPLE t=52s phase=Path_change adaptation=without_ML throughput_gbps=5.8883 latency_ms=74.2171
[2026-08-09T09:46:01] SAMPLE t=53s phase=Path_change adaptation=without_ML throughput_gbps=6.0137 latency_ms=71.6525
[2026-08-09T09:46:02] SAMPLE t=54s phase=Path_change adaptation=without_ML throughput_gbps=6.2682 latency_ms=70.2005
[2026-08-09T09:46:03] SAMPLE t=55s phase=Path_change adaptation=without_ML throughput_gbps=6.743 latency_ms=70.2978
[2026-08-09T09:46:04] SAMPLE t=56s phase=Path_change adaptation=without_ML throughput_gbps=6.5581 latency_ms=69.7692
[2026-08-09T09:46:05] SAMPLE t=57s phase=Path_change adaptation=without_ML throughput_gbps=7.0241 latency_ms=72.1724
[2026-08-09T09:46:06] SAMPLE t=58s phase=Path_change adaptation=without_ML throughput_gbps=7.1043 latency_ms=67.6909
[2026-08-09T09:46:07] SAMPLE t=59s phase=Path_change adaptation=without_ML throughput_gbps=7.6552 latency_ms=65.4079
[2026-08-09T09:46:08] SAMPLE t=60s phase=Loss_spike adaptation=without_ML throughput_gbps=5.8958 latency_ms=69.8159
[2026-08-09T09:46:09] SAMPLE t=61s phase=Loss_spike adaptation=without_ML throughput_gbps=8.4615 latency_ms=77.5516
[2026-08-09T09:46:10] SAMPLE t=62s phase=Loss_spike adaptation=without_ML throughput_gbps=7.6915 latency_ms=76.8295
[2026-08-09T09:46:11] SAMPLE t=63s phase=Loss_spike adaptation=without_ML throughput_gbps=4.8962 latency_ms=75.4147
[2026-08-09T09:46:12] SAMPLE t=64s phase=Loss_spike adaptation=without_ML throughput_gbps=4.0516 latency_ms=80.2912
[2026-08-09T09:46:13] SAMPLE t=65s phase=Loss_spike adaptation=without_ML throughput_gbps=6.1131 latency_ms=71.4251
[2026-08-09T09:46:14] SAMPLE t=66s phase=Loss_spike adaptation=without_ML throughput_gbps=8.5701 latency_ms=76.5164
[2026-08-09T09:46:15] SAMPLE t=67s phase=Loss_spike adaptation=without_ML throughput_gbps=7.3173 latency_ms=78.2462
[2026-08-09T09:46:16] SAMPLE t=68s phase=Loss_spike adaptation=without_ML throughput_gbps=4.6001 latency_ms=74.5491
[2026-08-09T09:46:17] SAMPLE t=69s phase=Loss_spike adaptation=without_ML throughput_gbps=3.9725 latency_ms=76.5621
[2026-08-09T09:46:18] SAMPLE t=70s phase=Loss_spike adaptation=without_ML throughput_gbps=6.1494 latency_ms=70.7624
[2026-08-09T09:46:19] SAMPLE t=71s phase=Loss_spike adaptation=without_ML throughput_gbps=8.542 latency_ms=82.1353
[2026-08-09T09:46:20] SAMPLE t=72s phase=Loss_spike adaptation=without_ML throughput_gbps=7.529 latency_ms=75.2075
[2026-08-09T09:46:21] SAMPLE t=73s phase=Loss_spike adaptation=without_ML throughput_gbps=5.2865 latency_ms=75.5567
[2026-08-09T09:46:22] SAMPLE t=74s phase=Loss_spike adaptation=without_ML throughput_gbps=4.0513 latency_ms=77.5863
[2026-08-09T09:46:23] SAMPLE t=75s phase=Loss_spike adaptation=without_ML throughput_gbps=6.557 latency_ms=70.4293
[2026-08-09T09:46:24] SAMPLE t=76s phase=Loss_spike adaptation=without_ML throughput_gbps=8.376 latency_ms=78.4473
[2026-08-09T09:46:25] SAMPLE t=77s phase=Loss_spike adaptation=without_ML throughput_gbps=7.5339 latency_ms=76.0925
[2026-08-09T09:46:26] SAMPLE t=78s phase=Loss_spike adaptation=without_ML throughput_gbps=4.8604 latency_ms=76.8588
[2026-08-09T09:46:27] SAMPLE t=79s phase=Loss_spike adaptation=without_ML throughput_gbps=3.833 latency_ms=81.8184
[2026-08-09T09:46:28] SAMPLE t=80s phase=Recovery adaptation=without_ML throughput_gbps=7.7176 latency_ms=66.1941
[2026-08-09T09:46:29] SAMPLE t=81s phase=Recovery adaptation=without_ML throughput_gbps=7.5637 latency_ms=67.8518
[2026-08-09T09:46:30] SAMPLE t=82s phase=Recovery adaptation=without_ML throughput_gbps=7.99 latency_ms=66.5877
[2026-08-09T09:46:31] SAMPLE t=83s phase=Recovery adaptation=without_ML throughput_gbps=7.725 latency_ms=66.2284
[2026-08-09T09:46:32] SAMPLE t=84s phase=Recovery adaptation=without_ML throughput_gbps=8.1293 latency_ms=65.2841
[2026-08-09T09:46:33] SAMPLE t=85s phase=Recovery adaptation=without_ML throughput_gbps=8.1109 latency_ms=66.2659
[2026-08-09T09:46:34] SAMPLE t=86s phase=Recovery adaptation=without_ML throughput_gbps=7.7617 latency_ms=65.1485
[2026-08-09T09:46:35] SAMPLE t=87s phase=Recovery adaptation=without_ML throughput_gbps=8.0246 latency_ms=66.0131
[2026-08-09T09:46:36] SAMPLE t=88s phase=Recovery adaptation=without_ML throughput_gbps=8.097 latency_ms=66.6869
[2026-08-09T09:46:37] SAMPLE t=89s phase=Recovery adaptation=without_ML throughput_gbps=8.1037 latency_ms=64.3839
[2026-08-09T09:46:38] SAMPLE t=90s phase=Recovery adaptation=without_ML throughput_gbps=7.8961 latency_ms=65.9107
[2026-08-09T09:46:39] SAMPLE t=91s phase=Recovery adaptation=without_ML throughput_gbps=8.338 latency_ms=64.7421
[2026-08-09T09:46:40] SAMPLE t=92s phase=Recovery adaptation=without_ML throughput_gbps=8.1471 latency_ms=64.5942
[2026-08-09T09:46:41] SAMPLE t=93s phase=Recovery adaptation=without_ML throughput_gbps=7.7825 latency_ms=66.9045
[2026-08-09T09:46:42] SAMPLE t=94s phase=Recovery adaptation=without_ML throughput_gbps=7.9887 latency_ms=69.6952
[2026-08-09T09:46:43] SAMPLE t=95s phase=Recovery adaptation=without_ML throughput_gbps=7.7758 latency_ms=63.188
[2026-08-09T09:46:44] SAMPLE t=96s phase=Recovery adaptation=without_ML throughput_gbps=7.8307 latency_ms=65.9672
[2026-08-09T09:46:45] SAMPLE t=97s phase=Recovery adaptation=without_ML throughput_gbps=7.9119 latency_ms=63.6122
[2026-08-09T09:46:46] SAMPLE t=98s phase=Recovery adaptation=without_ML throughput_gbps=7.7085 latency_ms=64.2752
[2026-08-09T09:46:47] SAMPLE t=99s phase=Recovery adaptation=without_ML throughput_gbps=8.167 latency_ms=65.9062
[2026-08-09T09:45:08] TRACE_END run_id=49 status=OK
[2026-08-09T09:52:38] TRACE_START run_id=50
[2026-08-09T09:52:38] SAMPLE t=0s phase=Stable adaptation=with_ML throughput_gbps=7.8959 latency_ms=67.5111
[2026-08-09T09:52:39] SAMPLE t=1s phase=Stable adaptation=with_ML throughput_gbps=8.0776 latency_ms=68.0454
[2026-08-09T09:52:40] SAMPLE t=2s phase=Stable adaptation=with_ML throughput_gbps=8.3744 latency_ms=67.5489
[2026-08-09T09:52:41] SAMPLE t=3s phase=Stable adaptation=with_ML throughput_gbps=8.0535 latency_ms=67.4577
[2026-08-09T09:52:42] SAMPLE t=4s phase=Stable adaptation=with_ML throughput_gbps=8.0736 latency_ms=65.7627
[2026-08-09T09:52:43] SAMPLE t=5s phase=Stable adaptation=with_ML throughput_gbps=8.2683 latency_ms=66.1671
[2026-08-09T09:52:44] SAMPLE t=6s phase=Stable adaptation=with_ML throughput_gbps=8.1351 latency_ms=66.875
[2026-08-09T09:52:45] SAMPLE t=7s phase=Stable adaptation=with_ML throughput_gbps=8.3267 latency_ms=67.6154
[2026-08-09T09:52:46] SAMPLE t=8s phase=Stable adaptation=with_ML throughput_gbps=7.8452 latency_ms=65.3436
[2026-08-09T09:52:47] SAMPLE t=9s phase=Stable adaptation=with_ML throughput_gbps=8.0838 latency_ms=67.6196
[2026-08-09T09:52:48] SAMPLE t=10s phase=Stable adaptation=with_ML throughput_gbps=7.7156 latency_ms=69.3509
[2026-08-09T09:52:49] SAMPLE t=11s phase=Stable adaptation=with_ML throughput_gbps=8.4239 latency_ms=67.0006
[2026-08-09T09:52:50] SAMPLE t=12s phase=Stable adaptation=with_ML throughput_gbps=8.0321 latency_ms=65.9418
[2026-08-09T09:52:51] SAMPLE t=13s phase=Stable adaptation=with_ML throughput_gbps=8.1376 latency_ms=66.9306
[2026-08-09T09:52:52] SAMPLE t=14s phase=Stable adaptation=with_ML throughput_gbps=8.2695 latency_ms=66.7096
[2026-08-09T09:52:53] SAMPLE t=15s phase=Stable adaptation=with_ML throughput_gbps=8.2403 latency_ms=67.0203
[2026-08-09T09:52:54] SAMPLE t=16s phase=Stable adaptation=with_ML throughput_gbps=7.9848 latency_ms=67.6638
[2026-08-09T09:52:55] SAMPLE t=17s phase=Stable adaptation=with_ML throughput_gbps=8.0604 latency_ms=66.532
[2026-08-09T09:52:56] SAMPLE t=18s phase=Stable adaptation=with_ML throughput_gbps=8.0246 latency_ms=68.0495
[2026-08-09T09:52:57] SAMPLE t=19s phase=Stable adaptation=with_ML throughput_gbps=8.4222 latency_ms=66.3861
[2026-08-09T09:52:58] SAMPLE t=20s phase=Congestion adaptation=with_ML throughput_gbps=8.1973 latency_ms=66.2566
[2026-08-09T09:52:59] SAMPLE t=21s phase=Congestion adaptation=with_ML throughput_gbps=7.9741 latency_ms=67.2495
[2026-08-09T09:53:00] SAMPLE t=22s phase=Congestion adaptation=with_ML throughput_gbps=7.9757 latency_ms=67.066
[2026-08-09T09:53:01] SAMPLE t=23s phase=Congestion adaptation=with_ML throughput_gbps=7.8298 latency_ms=68.5795
[2026-08-09T09:53:02] SAMPLE t=24s phase=Congestion adaptation=with_ML throughput_gbps=8.5375 latency_ms=66.85
[2026-08-09T09:53:03] SAMPLE t=25s phase=Congestion adaptation=with_ML throughput_gbps=8.0808 latency_ms=64.3925
[2026-08-09T09:53:04] SAMPLE t=26s phase=Congestion adaptation=with_ML throughput_gbps=8.3721 latency_ms=67.7873
[2026-08-09T09:53:05] SAMPLE t=27s phase=Congestion adaptation=with_ML throughput_gbps=8.1411 latency_ms=67.0922
[2026-08-09T09:53:06] SAMPLE t=28s phase=Congestion adaptation=with_ML throughput_gbps=7.8765 latency_ms=67.1167
[2026-08-09T09:53:07] SAMPLE t=29s phase=Congestion adaptation=with_ML throughput_gbps=8.4843 latency_ms=66.8094
[2026-08-09T09:53:08] SAMPLE t=30s phase=Congestion adaptation=with_ML throughput_gbps=8.0024 latency_ms=69.1983
[2026-08-09T09:53:09] SAMPLE t=31s phase=Congestion adaptation=with_ML throughput_gbps=8.0409 latency_ms=66.4233
[2026-08-09T09:53:10] SAMPLE t=32s phase=Congestion adaptation=with_ML throughput_gbps=7.9454 latency_ms=65.0981
[2026-08-09T09:53:11] SAMPLE t=33s phase=Congestion adaptation=with_ML throughput_gbps=7.9966 latency_ms=64.992
[2026-08-09T09:53:12] SAMPLE t=34s phase=Congestion adaptation=with_ML throughput_gbps=8.1052 latency_ms=66.9849
[2026-08-09T09:53:13] SAMPLE t=35s phase=Congestion adaptation=with_ML throughput_gbps=7.9541 latency_ms=68.1545
[2026-08-09T09:53:14] SAMPLE t=36s phase=Congestion adaptation=with_ML throughput_gbps=7.9287 latency_ms=67.0175
[2026-08-09T09:53:15] SAMPLE t=37s phase=Congestion adaptation=with_ML throughput_gbps=7.8777 latency_ms=67.8342
[2026-08-09T09:53:16] SAMPLE t=38s phase=Congestion adaptation=with_ML throughput_gbps=8.1456 latency_ms=66.2671
[2026-08-09T09:53:17] SAMPLE t=39s phase=Congestion adaptation=with_ML throughput_gbps=8.364 latency_ms=65.7629
[2026-08-09T09:53:18] SAMPLE t=40s phase=Path_change adaptation=with_ML throughput_gbps=8.4306 latency_ms=65.8854
[2026-08-09T09:53:19] SAMPLE t=41s phase=Path_change adaptation=with_ML throughput_gbps=7.9697 latency_ms=66.1545
[2026-08-09T09:53:20] SAMPLE t=42s phase=Path_change adaptation=with_ML throughput_gbps=7.9236 latency_ms=67.1474
[2026-08-09T09:53:21] SAMPLE t=43s phase=Path_change adaptation=with_ML throughput_gbps=7.4144 latency_ms=68.7352
[2026-08-09T09:53:22] SAMPLE t=44s phase=Path_change adaptation=with_ML throughput_gbps=7.94 latency_ms=68.161
[2026-08-09T09:53:23] SAMPLE t=45s phase=Path_change adaptation=with_ML throughput_gbps=7.4372 latency_ms=67.301
[2026-08-09T09:53:24] SAMPLE t=46s phase=Path_change adaptation=with_ML throughput_gbps=7.2177 latency_ms=67.5745
[2026-08-09T09:53:25] SAMPLE t=47s phase=Path_change adaptation=with_ML throughput_gbps=7.1693 latency_ms=69.4237
[2026-08-09T09:53:26] SAMPLE t=48s phase=Path_change adaptation=with_ML throughput_gbps=7.039 latency_ms=67.6449
[2026-08-09T09:53:27] SAMPLE t=49s phase=Path_change adaptation=with_ML throughput_gbps=7.4413 latency_ms=67.0776
[2026-08-09T09:53:28] SAMPLE t=50s phase=Path_change adaptation=with_ML throughput_gbps=7.0594 latency_ms=69.8348
[2026-08-09T09:53:29] SAMPLE t=51s phase=Path_change adaptation=with_ML throughput_gbps=7.181 latency_ms=67.7058
[2026-08-09T09:53:30] SAMPLE t=52s phase=Path_change adaptation=with_ML throughput_gbps=7.4296 latency_ms=68.2132
[2026-08-09T09:53:31] SAMPLE t=53s phase=Path_change adaptation=with_ML throughput_gbps=7.2903 latency_ms=69.2439
[2026-08-09T09:53:32] SAMPLE t=54s phase=Path_change adaptation=with_ML throughput_gbps=7.3791 latency_ms=67.6913
[2026-08-09T09:53:33] SAMPLE t=55s phase=Path_change adaptation=with_ML throughput_gbps=7.5067 latency_ms=68.9785
[2026-08-09T09:53:34] SAMPLE t=56s phase=Path_change adaptation=with_ML throughput_gbps=7.1953 latency_ms=68.2131
[2026-08-09T09:53:35] SAMPLE t=57s phase=Path_change adaptation=with_ML throughput_gbps=7.7482 latency_ms=67.7826
[2026-08-09T09:53:36] SAMPLE t=58s phase=Path_change adaptation=with_ML throughput_gbps=7.7555 latency_ms=69.7803
[2026-08-09T09:53:37] SAMPLE t=59s phase=Path_change adaptation=with_ML throughput_gbps=8.1035 latency_ms=67.2123
[2026-08-09T09:53:38] SAMPLE t=60s phase=Loss_spike adaptation=with_ML throughput_gbps=7.1742 latency_ms=69.738
[2026-08-09T09:53:39] SAMPLE t=61s phase=Loss_spike adaptation=with_ML throughput_gbps=8.1426 latency_ms=71.5172
[2026-08-09T09:53:40] SAMPLE t=62s phase=Loss_spike adaptation=with_ML throughput_gbps=7.9084 latency_ms=69.5934
[2026-08-09T09:53:41] SAMPLE t=63s phase=Loss_spike adaptation=with_ML throughput_gbps=6.6519 latency_ms=69.6817
[2026-08-09T09:53:42] SAMPLE t=64s phase=Loss_spike adaptation=with_ML throughput_gbps=5.935 latency_ms=68.003
[2026-08-09T09:53:43] SAMPLE t=65s phase=Loss_spike adaptation=with_ML throughput_gbps=7.2199 latency_ms=68.9079
[2026-08-09T09:53:44] SAMPLE t=66s phase=Loss_spike adaptation=with_ML throughput_gbps=8.535 latency_ms=70.2861
[2026-08-09T09:53:45] SAMPLE t=67s phase=Loss_spike adaptation=with_ML throughput_gbps=8.062 latency_ms=68.6622
[2026-08-09T09:53:46] SAMPLE t=68s phase=Loss_spike adaptation=with_ML throughput_gbps=6.498 latency_ms=68.8977
[2026-08-09T09:53:47] SAMPLE t=69s phase=Loss_spike adaptation=with_ML throughput_gbps=6.1421 latency_ms=68.9437
[2026-08-09T09:53:48] SAMPLE t=70s phase=Loss_spike adaptation=with_ML throughput_gbps=7.4617 latency_ms=68.509
[2026-08-09T09:53:49] SAMPLE t=71s phase=Loss_spike adaptation=with_ML throughput_gbps=8.1758 latency_ms=70.4732
[2026-08-09T09:53:50] SAMPLE t=72s phase=Loss_spike adaptation=with_ML throughput_gbps=8.1224 latency_ms=69.227
[2026-08-09T09:53:51] SAMPLE t=73s phase=Loss_spike adaptation=with_ML throughput_gbps=6.6082 latency_ms=70.4108
[2026-08-09T09:53:52] SAMPLE t=74s phase=Loss_spike adaptation=with_ML throughput_gbps=6.0205 latency_ms=71.1202
[2026-08-09T09:53:53] SAMPLE t=75s phase=Loss_spike adaptation=with_ML throughput_gbps=7.3341 latency_ms=66.7654
[2026-08-09T09:53:54] SAMPLE t=76s phase=Loss_spike adaptation=with_ML throughput_gbps=8.5836 latency_ms=72.7962
[2026-08-09T09:53:55] SAMPLE t=77s phase=Loss_spike adaptation=with_ML throughput_gbps=7.7307 latency_ms=67.904
[2026-08-09T09:53:56] SAMPLE t=78s phase=Loss_spike adaptation=with_ML throughput_gbps=6.7306 latency_ms=69.0485
[2026-08-09T09:53:57] SAMPLE t=79s phase=Loss_spike adaptation=with_ML throughput_gbps=6.3187 latency_ms=72.6645
[2026-08-09T09:53:58] SAMPLE t=80s phase=Recovery adaptation=with_ML throughput_gbps=8.018 latency_ms=67.0813
[2026-08-09T09:53:59] SAMPLE t=81s phase=Recovery adaptation=with_ML throughput_gbps=7.9538 latency_ms=68.4026
[2026-08-09T09:54:00] SAMPLE t=82s phase=Recovery adaptation=with_ML throughput_gbps=7.7851 latency_ms=65.5344
[2026-08-09T09:54:01] SAMPLE t=83s phase=Recovery adaptation=with_ML throughput_gbps=8.0737 latency_ms=67.0791
[2026-08-09T09:54:02] SAMPLE t=84s phase=Recovery adaptation=with_ML throughput_gbps=8.3257 latency_ms=65.4986
[2026-08-09T09:54:03] SAMPLE t=85s phase=Recovery adaptation=with_ML throughput_gbps=8.4095 latency_ms=67.9889
[2026-08-09T09:54:04] SAMPLE t=86s phase=Recovery adaptation=with_ML throughput_gbps=8.0884 latency_ms=64.2584
[2026-08-09T09:54:05] SAMPLE t=87s phase=Recovery adaptation=with_ML throughput_gbps=8.357 latency_ms=64.9324
[2026-08-09T09:54:06] SAMPLE t=88s phase=Recovery adaptation=with_ML throughput_gbps=8.1985 latency_ms=66.0821
[2026-08-09T09:54:07] SAMPLE t=89s phase=Recovery adaptation=with_ML throughput_gbps=8.217 latency_ms=64.8198
[2026-08-09T09:54:08] SAMPLE t=90s phase=Recovery adaptation=with_ML throughput_gbps=8.1517 latency_ms=64.5104
[2026-08-09T09:54:09] SAMPLE t=91s phase=Recovery adaptation=with_ML throughput_gbps=8.4287 latency_ms=66.4343
[2026-08-09T09:54:10] SAMPLE t=92s phase=Recovery adaptation=with_ML throughput_gbps=8.2576 latency_ms=66.9138
[2026-08-09T09:54:11] SAMPLE t=93s phase=Recovery adaptation=with_ML throughput_gbps=8.1422 latency_ms=63.4958
[2026-08-09T09:54:12] SAMPLE t=94s phase=Recovery adaptation=with_ML throughput_gbps=8.3862 latency_ms=67.423
[2026-08-09T09:54:13] SAMPLE t=95s phase=Recovery adaptation=with_ML throughput_gbps=8.0936 latency_ms=66.2201
[2026-08-09T09:54:14] SAMPLE t=96s phase=Recovery adaptation=with_ML throughput_gbps=8.4709 latency_ms=64.6108
[2026-08-09T09:54:15] SAMPLE t=97s phase=Recovery adaptation=with_ML throughput_gbps=8.3991 latency_ms=65.8669
[2026-08-09T09:54:16] SAMPLE t=98s phase=Recovery adaptation=with_ML throughput_gbps=8.3575 latency_ms=69.2337
[2026-08-09T09:54:17] SAMPLE t=99s phase=Recovery adaptation=with_ML throughput_gbps=8.4289 latency_ms=66.7249
[2026-08-09T09:52:38] SAMPLE t=0s phase=Stable adaptation=without_ML throughput_gbps=7.9438 latency_ms=67.2786
[2026-08-09T09:52:39] SAMPLE t=1s phase=Stable adaptation=without_ML throughput_gbps=8.4272 latency_ms=66.2558
[2026-08-09T09:52:40] SAMPLE t=2s phase=Stable adaptation=without_ML throughput_gbps=7.6651 latency_ms=64.2384
[2026-08-09T09:52:41] SAMPLE t=3s phase=Stable adaptation=without_ML throughput_gbps=7.9915 latency_ms=65.8483
[2026-08-09T09:52:42] SAMPLE t=4s phase=Stable adaptation=without_ML throughput_gbps=7.664 latency_ms=64.6224
[2026-08-09T09:52:43] SAMPLE t=5s phase=Stable adaptation=without_ML throughput_gbps=8.0663 latency_ms=64.8582
[2026-08-09T09:52:44] SAMPLE t=6s phase=Stable adaptation=without_ML throughput_gbps=8.0624 latency_ms=65.3088
[2026-08-09T09:52:45] SAMPLE t=7s phase=Stable adaptation=without_ML throughput_gbps=8.2081 latency_ms=68.0758
[2026-08-09T09:52:46] SAMPLE t=8s phase=Stable adaptation=without_ML throughput_gbps=7.8931 latency_ms=65.6156
[2026-08-09T09:52:47] SAMPLE t=9s phase=Stable adaptation=without_ML throughput_gbps=8.1333 latency_ms=67.4966
[2026-08-09T09:52:48] SAMPLE t=10s phase=Stable adaptation=without_ML throughput_gbps=7.8344 latency_ms=64.6641
[2026-08-09T09:52:49] SAMPLE t=11s phase=Stable adaptation=without_ML throughput_gbps=8.1922 latency_ms=67.5929
[2026-08-09T09:52:50] SAMPLE t=12s phase=Stable adaptation=without_ML throughput_gbps=7.9857 latency_ms=65.4431
[2026-08-09T09:52:51] SAMPLE t=13s phase=Stable adaptation=without_ML throughput_gbps=8.145 latency_ms=67.3358
[2026-08-09T09:52:52] SAMPLE t=14s phase=Stable adaptation=without_ML throughput_gbps=8.1895 latency_ms=65.7842
[2026-08-09T09:52:53] SAMPLE t=15s phase=Stable adaptation=without_ML throughput_gbps=8.074 latency_ms=66.4563
[2026-08-09T09:52:54] SAMPLE t=16s phase=Stable adaptation=without_ML throughput_gbps=8.1813 latency_ms=65.3506
[2026-08-09T09:52:55] SAMPLE t=17s phase=Stable adaptation=without_ML throughput_gbps=7.9491 latency_ms=66.0088
[2026-08-09T09:52:56] SAMPLE t=18s phase=Stable adaptation=without_ML throughput_gbps=8.029 latency_ms=65.1642
[2026-08-09T09:52:57] SAMPLE t=19s phase=Stable adaptation=without_ML throughput_gbps=7.8841 latency_ms=65.618
[2026-08-09T09:52:58] SAMPLE t=20s phase=Congestion adaptation=without_ML throughput_gbps=7.6797 latency_ms=64.8575
[2026-08-09T09:52:59] SAMPLE t=21s phase=Congestion adaptation=without_ML throughput_gbps=7.8544 latency_ms=65.8358
[2026-08-09T09:53:00] SAMPLE t=22s phase=Congestion adaptation=without_ML throughput_gbps=8.1445 latency_ms=66.0228
[2026-08-09T09:53:01] SAMPLE t=23s phase=Congestion adaptation=without_ML throughput_gbps=7.9954 latency_ms=66.8149
[2026-08-09T09:53:02] SAMPLE t=24s phase=Congestion adaptation=without_ML throughput_gbps=8.143 latency_ms=64.6865
[2026-08-09T09:53:03] SAMPLE t=25s phase=Congestion adaptation=without_ML throughput_gbps=8.2293 latency_ms=65.4664
[2026-08-09T09:53:04] SAMPLE t=26s phase=Congestion adaptation=without_ML throughput_gbps=7.8294 latency_ms=65.8539
[2026-08-09T09:53:05] SAMPLE t=27s phase=Congestion adaptation=without_ML throughput_gbps=8.2835 latency_ms=65.9334
[2026-08-09T09:53:06] SAMPLE t=28s phase=Congestion adaptation=without_ML throughput_gbps=7.4583 latency_ms=66.0649
[2026-08-09T09:53:07] SAMPLE t=29s phase=Congestion adaptation=without_ML throughput_gbps=7.677 latency_ms=65.6755
[2026-08-09T09:53:08] SAMPLE t=30s phase=Congestion adaptation=without_ML throughput_gbps=7.9921 latency_ms=64.749
[2026-08-09T09:53:09] SAMPLE t=31s phase=Congestion adaptation=without_ML throughput_gbps=8.0318 latency_ms=64.9324
[2026-08-09T09:53:10] SAMPLE t=32s phase=Congestion adaptation=without_ML throughput_gbps=7.919 latency_ms=64.6926
[2026-08-09T09:53:11] SAMPLE t=33s phase=Congestion adaptation=without_ML throughput_gbps=8.1083 latency_ms=65.5141
[2026-08-09T09:53:12] SAMPLE t=34s phase=Congestion adaptation=without_ML throughput_gbps=7.6563 latency_ms=66.5695
[2026-08-09T09:53:13] SAMPLE t=35s phase=Congestion adaptation=without_ML throughput_gbps=7.9111 latency_ms=68.8542
[2026-08-09T09:53:14] SAMPLE t=36s phase=Congestion adaptation=without_ML throughput_gbps=8.2967 latency_ms=65.393
[2026-08-09T09:53:15] SAMPLE t=37s phase=Congestion adaptation=without_ML throughput_gbps=8.132 latency_ms=66.2868
[2026-08-09T09:53:16] SAMPLE t=38s phase=Congestion adaptation=without_ML throughput_gbps=8.5252 latency_ms=67.0981
[2026-08-09T09:53:17] SAMPLE t=39s phase=Congestion adaptation=without_ML throughput_gbps=7.9203 latency_ms=65.4804
[2026-08-09T09:53:18] SAMPLE t=40s phase=Path_change adaptation=without_ML throughput_gbps=8.0129 latency_ms=66.2126
[2026-08-09T09:53:19] SAMPLE t=41s phase=Path_change adaptation=without_ML throughput_gbps=7.4033 latency_ms=68.5015
[2026-08-09T09:53:20] SAMPLE t=42s phase=Path_change adaptation=without_ML throughput_gbps=7.4976 latency_ms=70.3298
[2026-08-09T09:53:21] SAMPLE t=43s phase=Path_change adaptation=without_ML throughput_gbps=6.8611 latency_ms=68.6258
[2026-08-09T09:53:22] SAMPLE t=44s phase=Path_change adaptation=without_ML throughput_gbps=6.4021 latency_ms=70.3014
[2026-08-09T09:53:23] SAMPLE t=45s phase=Path_change adaptation=without_ML throughput_gbps=6.4423 latency_ms=72.6719
[2026-08-09T09:53:24] SAMPLE t=46s phase=Path_change adaptation=without_ML throughput_gbps=5.9557 latency_ms=73.6488
[2026-08-09T09:53:25] SAMPLE t=47s phase=Path_change adaptation=without_ML throughput_gbps=6.2585 latency_ms=73.0659
[2026-08-09T09:53:26] SAMPLE t=48s phase=Path_change adaptation=without_ML throughput_gbps=5.9885 latency_ms=71.3018
[2026-08-09T09:53:27] SAMPLE t=49s phase=Path_change adaptation=without_ML throughput_gbps=5.7646 latency_ms=69.2925
[2026-08-09T09:53:28] SAMPLE t=50s phase=Path_change adaptation=without_ML throughput_gbps=5.7431 latency_ms=72.2155
[2026-08-09T09:53:29] SAMPLE t=51s phase=Path_change adaptation=without_ML throughput_gbps=5.673 latency_ms=72.9935
[2026-08-09T09:53:30] SAMPLE t=52s phase=Path_change adaptation=without_ML throughput_gbps=5.6868 latency_ms=74.1033
[2026-08-09T09:53:31] SAMPLE t=53s phase=Path_change adaptation=without_ML throughput_gbps=5.9382 latency_ms=71.682
[2026-08-09T09:53:32] SAMPLE t=54s phase=Path_change adaptation=without_ML throughput_gbps=6.2445 latency_ms=68.0342
[2026-08-09T09:53:33] SAMPLE t=55s phase=Path_change adaptation=without_ML throughput_gbps=6.3948 latency_ms=69.3729
[2026-08-09T09:53:34] SAMPLE t=56s phase=Path_change adaptation=without_ML throughput_gbps=6.4409 latency_ms=69.2653
[2026-08-09T09:53:35] SAMPLE t=57s phase=Path_change adaptation=without_ML throughput_gbps=6.9098 latency_ms=72.5614
[2026-08-09T09:53:36] SAMPLE t=58s phase=Path_change adaptation=without_ML throughput_gbps=7.2823 latency_ms=71.9026
[2026-08-09T09:53:37] SAMPLE t=59s phase=Path_change adaptation=without_ML throughput_gbps=7.4408 latency_ms=67.6798
[2026-08-09T09:53:38] SAMPLE t=60s phase=Loss_spike adaptation=without_ML throughput_gbps=5.8971 latency_ms=70.1573
[2026-08-09T09:53:39] SAMPLE t=61s phase=Loss_spike adaptation=without_ML throughput_gbps=8.6724 latency_ms=79.247
[2026-08-09T09:53:40] SAMPLE t=62s phase=Loss_spike adaptation=without_ML throughput_gbps=7.5739 latency_ms=77.5302
[2026-08-09T09:53:41] SAMPLE t=63s phase=Loss_spike adaptation=without_ML throughput_gbps=4.695 latency_ms=74.7219
[2026-08-09T09:53:42] SAMPLE t=64s phase=Loss_spike adaptation=without_ML throughput_gbps=3.958 latency_ms=78.376
[2026-08-09T09:53:43] SAMPLE t=65s phase=Loss_spike adaptation=without_ML throughput_gbps=6.3746 latency_ms=69.89
[2026-08-09T09:53:44] SAMPLE t=66s phase=Loss_spike adaptation=without_ML throughput_gbps=8.2104 latency_ms=78.2512
[2026-08-09T09:53:45] SAMPLE t=67s phase=Loss_spike adaptation=without_ML throughput_gbps=7.3673 latency_ms=76.5835
[2026-08-09T09:53:46] SAMPLE t=68s phase=Loss_spike adaptation=without_ML throughput_gbps=4.828 latency_ms=76.3307
[2026-08-09T09:53:47] SAMPLE t=69s phase=Loss_spike adaptation=without_ML throughput_gbps=4.0058 latency_ms=80.8888
[2026-08-09T09:53:48] SAMPLE t=70s phase=Loss_spike adaptation=without_ML throughput_gbps=6.0432 latency_ms=70.2482
[2026-08-09T09:53:49] SAMPLE t=71s phase=Loss_spike adaptation=without_ML throughput_gbps=8.5066 latency_ms=77.4864
[2026-08-09T09:53:50] SAMPLE t=72s phase=Loss_spike adaptation=without_ML throughput_gbps=7.5247 latency_ms=77.784
[2026-08-09T09:53:51] SAMPLE t=73s phase=Loss_spike adaptation=without_ML throughput_gbps=4.6293 latency_ms=76.6618
[2026-08-09T09:53:52] SAMPLE t=74s phase=Loss_spike adaptation=without_ML throughput_gbps=3.919 latency_ms=79.6042
[2026-08-09T09:53:53] SAMPLE t=75s phase=Loss_spike adaptation=without_ML throughput_gbps=5.9986 latency_ms=73.6871
[2026-08-09T09:53:54] SAMPLE t=76s phase=Loss_spike adaptation=without_ML throughput_gbps=8.1109 latency_ms=79.499
[2026-08-09T09:53:55] SAMPLE t=77s phase=Loss_spike adaptation=without_ML throughput_gbps=7.5801 latency_ms=76.4067
[2026-08-09T09:53:56] SAMPLE t=78s phase=Loss_spike adaptation=without_ML throughput_gbps=4.6461 latency_ms=74.4032
[2026-08-09T09:53:57] SAMPLE t=79s phase=Loss_spike adaptation=without_ML throughput_gbps=4.0602 latency_ms=78.7782
[2026-08-09T09:53:58] SAMPLE t=80s phase=Recovery adaptation=without_ML throughput_gbps=7.577 latency_ms=65.7674
[2026-08-09T09:53:59] SAMPLE t=81s phase=Recovery adaptation=without_ML throughput_gbps=8.0557 latency_ms=66.7993
[2026-08-09T09:54:00] SAMPLE t=82s phase=Recovery adaptation=without_ML throughput_gbps=8.0532 latency_ms=64.2346
[2026-08-09T09:54:01] SAMPLE t=83s phase=Recovery adaptation=without_ML throughput_gbps=8.5891 latency_ms=66.4713
[2026-08-09T09:54:02] SAMPLE t=84s phase=Recovery adaptation=without_ML throughput_gbps=7.4715 latency_ms=68.0149
[2026-08-09T09:54:03] SAMPLE t=85s phase=Recovery adaptation=without_ML throughput_gbps=8.3204 latency_ms=65.6614
[2026-08-09T09:54:04] SAMPLE t=86s phase=Recovery adaptation=without_ML throughput_gbps=8.0098 latency_ms=63.5372
[2026-08-09T09:54:05] SAMPLE t=87s phase=Recovery adaptation=without_ML throughput_gbps=7.7085 latency_ms=64.1734
[2026-08-09T09:54:06] SAMPLE t=88s phase=Recovery adaptation=without_ML throughput_gbps=7.9671 latency_ms=68.5336
[2026-08-09T09:54:07] SAMPLE t=89s phase=Recovery adaptation=without_ML throughput_gbps=7.9599 latency_ms=66.5747
[2026-08-09T09:54:08] SAMPLE t=90s phase=Recovery adaptation=without_ML throughput_gbps=7.5714 latency_ms=66.1876
[2026-08-09T09:54:09] SAMPLE t=91s phase=Recovery adaptation=without_ML throughput_gbps=8.2202 latency_ms=66.4691
[2026-08-09T09:54:10] SAMPLE t=92s phase=Recovery adaptation=without_ML throughput_gbps=8.3261 latency_ms=67.9762
[2026-08-09T09:54:11] SAMPLE t=93s phase=Recovery adaptation=without_ML throughput_gbps=8.0078 latency_ms=65.263
[2026-08-09T09:54:12] SAMPLE t=94s phase=Recovery adaptation=without_ML throughput_gbps=8.2009 latency_ms=67.7885
[2026-08-09T09:54:13] SAMPLE t=95s phase=Recovery adaptation=without_ML throughput_gbps=8.0616 latency_ms=67.4069
[2026-08-09T09:54:14] SAMPLE t=96s phase=Recovery adaptation=without_ML throughput_gbps=8.5783 latency_ms=67.2968
[2026-08-09T09:54:15] SAMPLE t=97s phase=Recovery adaptation=without_ML throughput_gbps=8.4671 latency_ms=65.7667
[2026-08-09T09:54:16] SAMPLE t=98s phase=Recovery adaptation=without_ML throughput_gbps=8.0987 latency_ms=66.3614
[2026-08-09T09:54:17] SAMPLE t=99s phase=Recovery adaptation=without_ML throughput_gbps=8.2782 latency_ms=66.8879
[2026-08-09T09:52:38] TRACE_END run_id=50 status=OK
[2026-08-09T10:02:33] TRACE_START run_id=51
[2026-08-09T10:02:33] SAMPLE t=0s phase=Stable adaptation=with_ML throughput_gbps=8.3333 latency_ms=66.2104
[2026-08-09T10:02:34] SAMPLE t=1s phase=Stable adaptation=with_ML throughput_gbps=8.3473 latency_ms=65.6448
[2026-08-09T10:02:35] SAMPLE t=2s phase=Stable adaptation=with_ML throughput_gbps=7.776 latency_ms=67.6466
[2026-08-09T10:02:36] SAMPLE t=3s phase=Stable adaptation=with_ML throughput_gbps=8.5034 latency_ms=67.2437
[2026-08-09T10:02:37] SAMPLE t=4s phase=Stable adaptation=with_ML throughput_gbps=7.763 latency_ms=67.9152
[2026-08-09T10:02:38] SAMPLE t=5s phase=Stable adaptation=with_ML throughput_gbps=7.8499 latency_ms=66.2508
[2026-08-09T10:02:39] SAMPLE t=6s phase=Stable adaptation=with_ML throughput_gbps=8.2055 latency_ms=67.6985
[2026-08-09T10:02:40] SAMPLE t=7s phase=Stable adaptation=with_ML throughput_gbps=7.7898 latency_ms=67.1595
[2026-08-09T10:02:41] SAMPLE t=8s phase=Stable adaptation=with_ML throughput_gbps=8.0933 latency_ms=66.8434
[2026-08-09T10:02:42] SAMPLE t=9s phase=Stable adaptation=with_ML throughput_gbps=7.9719 latency_ms=66.081
[2026-08-09T10:02:43] SAMPLE t=10s phase=Stable adaptation=with_ML throughput_gbps=7.9746 latency_ms=67.384
[2026-08-09T10:02:44] SAMPLE t=11s phase=Stable adaptation=with_ML throughput_gbps=8.1248 latency_ms=66.9973
[2026-08-09T10:02:45] SAMPLE t=12s phase=Stable adaptation=with_ML throughput_gbps=8.1912 latency_ms=66.6566
[2026-08-09T10:02:46] SAMPLE t=13s phase=Stable adaptation=with_ML throughput_gbps=8.0063 latency_ms=64.5953
[2026-08-09T10:02:47] SAMPLE t=14s phase=Stable adaptation=with_ML throughput_gbps=8.1934 latency_ms=65.0768
[2026-08-09T10:02:48] SAMPLE t=15s phase=Stable adaptation=with_ML throughput_gbps=7.5666 latency_ms=64.8305
[2026-08-09T10:02:49] SAMPLE t=16s phase=Stable adaptation=with_ML throughput_gbps=8.0198 latency_ms=69.0159
[2026-08-09T10:02:50] SAMPLE t=17s phase=Stable adaptation=with_ML throughput_gbps=8.0424 latency_ms=67.9677
[2026-08-09T10:02:51] SAMPLE t=18s phase=Stable adaptation=with_ML throughput_gbps=7.9711 latency_ms=67.7065
[2026-08-09T10:02:52] SAMPLE t=19s phase=Stable adaptation=with_ML throughput_gbps=8.3485 latency_ms=66.1824
[2026-08-09T10:02:53] SAMPLE t=20s phase=Congestion adaptation=with_ML throughput_gbps=7.9786 latency_ms=67.1923
[2026-08-09T10:02:54] SAMPLE t=21s phase=Congestion adaptation=with_ML throughput_gbps=8.0806 latency_ms=65.5701
[2026-08-09T10:02:55] SAMPLE t=22s phase=Congestion adaptation=with_ML throughput_gbps=8.1587 latency_ms=67.095
[2026-08-09T10:02:56] SAMPLE t=23s phase=Congestion adaptation=with_ML throughput_gbps=7.9782 latency_ms=65.9381
[2026-08-09T10:02:57] SAMPLE t=24s phase=Congestion adaptation=with_ML throughput_gbps=8.7158 latency_ms=66.0855
[2026-08-09T10:02:58] SAMPLE t=25s phase=Congestion adaptation=with_ML throughput_gbps=7.8674 latency_ms=67.4393
[2026-08-09T10:02:59] SAMPLE t=26s phase=Congestion adaptation=with_ML throughput_gbps=7.9793 latency_ms=63.0641
[2026-08-09T10:03:00] SAMPLE t=27s phase=Congestion adaptation=with_ML throughput_gbps=8.0424 latency_ms=67.5404
[2026-08-09T10:03:01] SAMPLE t=28s phase=Congestion adaptation=with_ML throughput_gbps=7.6732 latency_ms=67.1989
[2026-08-09T10:03:02] SAMPLE t=29s phase=Congestion adaptation=with_ML throughput_gbps=7.8749 latency_ms=67.9467
[2026-08-09T10:03:03] SAMPLE t=30s phase=Congestion adaptation=with_ML throughput_gbps=7.9721 latency_ms=66.3944
[2026-08-09T10:03:04] SAMPLE t=31s phase=Congestion adaptation=with_ML throughput_gbps=8.1206 latency_ms=65.1271
[2026-08-09T10:03:05] SAMPLE t=32s phase=Congestion adaptation=with_ML throughput_gbps=8.2729 latency_ms=67.3095
[2026-08-09T10:03:06] SAMPLE t=33s phase=Congestion adaptation=with_ML throughput_gbps=7.7609 latency_ms=66.6855
[2026-08-09T10:03:07] SAMPLE t=34s phase=Congestion adaptation=with_ML throughput_gbps=8.4728 latency_ms=67.4937
[2026-08-09T10:03:08] SAMPLE t=35s phase=Congestion adaptation=with_ML throughput_gbps=8.5459 latency_ms=65.9115
[2026-08-09T10:03:09] SAMPLE t=36s phase=Congestion adaptation=with_ML throughput_gbps=8.1256 latency_ms=66.4691
[2026-08-09T10:03:10] SAMPLE t=37s phase=Congestion adaptation=with_ML throughput_gbps=8.0597 latency_ms=67.8968
[2026-08-09T10:03:11] SAMPLE t=38s phase=Congestion adaptation=with_ML throughput_gbps=8.2815 latency_ms=66.2447
[2026-08-09T10:03:12] SAMPLE t=39s phase=Congestion adaptation=with_ML throughput_gbps=7.8601 latency_ms=68.0229
[2026-08-09T10:03:13] SAMPLE t=40s phase=Path_change adaptation=with_ML throughput_gbps=8.0453 latency_ms=65.401
[2026-08-09T10:03:14] SAMPLE t=41s phase=Path_change adaptation=with_ML throughput_gbps=8.0064 latency_ms=68.193
[2026-08-09T10:03:15] SAMPLE t=42s phase=Path_change adaptation=with_ML throughput_gbps=8.0996 latency_ms=67.4625
[2026-08-09T10:03:16] SAMPLE t=43s phase=Path_change adaptation=with_ML throughput_gbps=7.6794 latency_ms=67.5552
[2026-08-09T10:03:17] SAMPLE t=44s phase=Path_change adaptation=with_ML throughput_gbps=7.7985 latency_ms=70.033
[2026-08-09T10:03:18] SAMPLE t=45s phase=Path_change adaptation=with_ML throughput_gbps=7.4833 latency_ms=68.0585
[2026-08-09T10:03:19] SAMPLE t=46s phase=Path_change adaptation=with_ML throughput_gbps=7.0842 latency_ms=67.8198
[2026-08-09T10:03:20] SAMPLE t=47s phase=Path_change adaptation=with_ML throughput_gbps=7.3184 latency_ms=67.7604
[2026-08-09T10:03:21] SAMPLE t=48s phase=Path_change adaptation=with_ML throughput_gbps=7.3579 latency_ms=69.902
[2026-08-09T10:03:22] SAMPLE t=49s phase=Path_change adaptation=with_ML throughput_gbps=7.4237 latency_ms=68.6425
[2026-08-09T10:03:23] SAMPLE t=50s phase=Path_change adaptation=with_ML throughput_gbps=7.1391 latency_ms=66.8898
[2026-08-09T10:03:24] SAMPLE t=51s phase=Path_change adaptation=with_ML throughput_gbps=7.0952 latency_ms=68.1982
[2026-08-09T10:03:25] SAMPLE t=52s phase=Path_change adaptation=with_ML throughput_gbps=7.2243 latency_ms=68.4628
[2026-08-09T10:03:26] SAMPLE t=53s phase=Path_change adaptation=with_ML throughput_gbps=7.1591 latency_ms=69.3142
[2026-08-09T10:03:27] SAMPLE t=54s phase=Path_change adaptation=with_ML throughput_gbps=7.4003 latency_ms=69.2785
[2026-08-09T10:03:28] SAMPLE t=55s phase=Path_change adaptation=with_ML throughput_gbps=7.2425 latency_ms=69.2378
[2026-08-09T10:03:29] SAMPLE t=56s phase=Path_change adaptation=with_ML throughput_gbps=7.4863 latency_ms=67.6803
[2026-08-09T10:03:30] SAMPLE t=57s phase=Path_change adaptation=with_ML throughput_gbps=7.5399 latency_ms=68.1847
[2026-08-09T10:03:31] SAMPLE t=58s phase=Path_change adaptation=with_ML throughput_gbps=7.6931 latency_ms=68.0741
[2026-08-09T10:03:32] SAMPLE t=59s phase=Path_change adaptation=with_ML throughput_gbps=8.1383 latency_ms=65.5078
[2026-08-09T10:03:33] SAMPLE t=60s phase=Loss_spike adaptation=with_ML throughput_gbps=7.1682 latency_ms=67.8205
[2026-08-09T10:03:34] SAMPLE t=61s phase=Loss_spike adaptation=with_ML throughput_gbps=8.0394 latency_ms=73.0153
[2026-08-09T10:03:35] SAMPLE t=62s phase=Loss_spike adaptation=with_ML throughput_gbps=8.3907 latency_ms=70.9688
[2026-08-09T10:03:36] SAMPLE t=63s phase=Loss_spike adaptation=with_ML throughput_gbps=6.6893 latency_ms=70.5123
[2026-08-09T10:03:37] SAMPLE t=64s phase=Loss_spike adaptation=with_ML throughput_gbps=6.4184 latency_ms=71.7829
[2026-08-09T10:03:38] SAMPLE t=65s phase=Loss_spike adaptation=with_ML throughput_gbps=7.2323 latency_ms=69.2719
[2026-08-09T10:03:39] SAMPLE t=66s phase=Loss_spike adaptation=with_ML throughput_gbps=8.1991 latency_ms=70.572
[2026-08-09T10:03:40] SAMPLE t=67s phase=Loss_spike adaptation=with_ML throughput_gbps=8.163 latency_ms=68.9623
[2026-08-09T10:03:41] SAMPLE t=68s phase=Loss_spike adaptation=with_ML throughput_gbps=6.5113 latency_ms=72.4236
[2026-08-09T10:03:42] SAMPLE t=69s phase=Loss_spike adaptation=with_ML throughput_gbps=6.195 latency_ms=68.7543
[2026-08-09T10:03:43] SAMPLE t=70s phase=Loss_spike adaptation=with_ML throughput_gbps=7.4111 latency_ms=69.3894
[2026-08-09T10:03:44] SAMPLE t=71s phase=Loss_spike adaptation=with_ML throughput_gbps=8.3844 latency_ms=69.0293
[2026-08-09T10:03:45] SAMPLE t=72s phase=Loss_spike adaptation=with_ML throughput_gbps=7.4196 latency_ms=70.1732
[2026-08-09T10:03:46] SAMPLE t=73s phase=Loss_spike adaptation=with_ML throughput_gbps=6.6705 latency_ms=70.6648
[2026-08-09T10:03:47] SAMPLE t=74s phase=Loss_spike adaptation=with_ML throughput_gbps=6.1867 latency_ms=73.4703
[2026-08-09T10:03:48] SAMPLE t=75s phase=Loss_spike adaptation=with_ML throughput_gbps=7.2868 latency_ms=68.048
[2026-08-09T10:03:49] SAMPLE t=76s phase=Loss_spike adaptation=with_ML throughput_gbps=8.2255 latency_ms=71.092
[2026-08-09T10:03:50] SAMPLE t=77s phase=Loss_spike adaptation=with_ML throughput_gbps=7.9271 latency_ms=71.4783
[2026-08-09T10:03:51] SAMPLE t=78s phase=Loss_spike adaptation=with_ML throughput_gbps=7.0518 latency_ms=72.5806
[2026-08-09T10:03:52] SAMPLE t=79s phase=Loss_spike adaptation=with_ML throughput_gbps=5.9594 latency_ms=69.7737
[2026-08-09T10:03:53] SAMPLE t=80s phase=Recovery adaptation=with_ML throughput_gbps=7.983 latency_ms=66.0001
[2026-08-09T10:03:54] SAMPLE t=81s phase=Recovery adaptation=with_ML throughput_gbps=8.2181 latency_ms=66.4416
[2026-08-09T10:03:55] SAMPLE t=82s phase=Recovery adaptation=with_ML throughput_gbps=8.1057 latency_ms=65.646
[2026-08-09T10:03:56] SAMPLE t=83s phase=Recovery adaptation=with_ML throughput_gbps=8.3039 latency_ms=65.8026
[2026-08-09T10:03:57] SAMPLE t=84s phase=Recovery adaptation=with_ML throughput_gbps=8.3068 latency_ms=65.0368
[2026-08-09T10:03:58] SAMPLE t=85s phase=Recovery adaptation=with_ML throughput_gbps=8.2254 latency_ms=65.1274
[2026-08-09T10:03:59] SAMPLE t=86s phase=Recovery adaptation=with_ML throughput_gbps=8.1736 latency_ms=66.7454
[2026-08-09T10:04:00] SAMPLE t=87s phase=Recovery adaptation=with_ML throughput_gbps=8.1969 latency_ms=64.2662
[2026-08-09T10:04:01] SAMPLE t=88s phase=Recovery adaptation=with_ML throughput_gbps=8.6363 latency_ms=66.8796
[2026-08-09T10:04:02] SAMPLE t=89s phase=Recovery adaptation=with_ML throughput_gbps=8.5347 latency_ms=65.736
[2026-08-09T10:04:03] SAMPLE t=90s phase=Recovery adaptation=with_ML throughput_gbps=8.477 latency_ms=65.4271
[2026-08-09T10:04:04] SAMPLE t=91s phase=Recovery adaptation=with_ML throughput_gbps=8.416 latency_ms=64.7233
[2026-08-09T10:04:05] SAMPLE t=92s phase=Recovery adaptation=with_ML throughput_gbps=8.2805 latency_ms=65.0088
[2026-08-09T10:04:06] SAMPLE t=93s phase=Recovery adaptation=with_ML throughput_gbps=8.4026 latency_ms=66.0378
[2026-08-09T10:04:07] SAMPLE t=94s phase=Recovery adaptation=with_ML throughput_gbps=8.2038 latency_ms=64.9126
[2026-08-09T10:04:08] SAMPLE t=95s phase=Recovery adaptation=with_ML throughput_gbps=8.6933 latency_ms=66.7827
[2026-08-09T10:04:09] SAMPLE t=96s phase=Recovery adaptation=with_ML throughput_gbps=8.6646 latency_ms=64.2417
[2026-08-09T10:04:10] SAMPLE t=97s phase=Recovery adaptation=with_ML throughput_gbps=8.2806 latency_ms=67.8633
[2026-08-09T10:04:11] SAMPLE t=98s phase=Recovery adaptation=with_ML throughput_gbps=8.3534 latency_ms=65.0598
[2026-08-09T10:04:12] SAMPLE t=99s phase=Recovery adaptation=with_ML throughput_gbps=8.6677 latency_ms=66.9345
[2026-08-09T10:02:33] SAMPLE t=0s phase=Stable adaptation=without_ML throughput_gbps=7.9154 latency_ms=65.5573
[2026-08-09T10:02:34] SAMPLE t=1s phase=Stable adaptation=without_ML throughput_gbps=8.2546 latency_ms=66.0421
[2026-08-09T10:02:35] SAMPLE t=2s phase=Stable adaptation=without_ML throughput_gbps=8.1701 latency_ms=65.7724
[2026-08-09T10:02:36] SAMPLE t=3s phase=Stable adaptation=without_ML throughput_gbps=7.7896 latency_ms=65.1688
[2026-08-09T10:02:37] SAMPLE t=4s phase=Stable adaptation=without_ML throughput_gbps=7.5684 latency_ms=64.8927
[2026-08-09T10:02:38] SAMPLE t=5s phase=Stable adaptation=without_ML throughput_gbps=7.6135 latency_ms=65.6088
[2026-08-09T10:02:39] SAMPLE t=6s phase=Stable adaptation=without_ML throughput_gbps=7.3271 latency_ms=65.3637
[2026-08-09T10:02:40] SAMPLE t=7s phase=Stable adaptation=without_ML throughput_gbps=7.8808 latency_ms=66.4689
[2026-08-09T10:02:41] SAMPLE t=8s phase=Stable adaptation=without_ML throughput_gbps=8.2487 latency_ms=66.8359
[2026-08-09T10:02:42] SAMPLE t=9s phase=Stable adaptation=without_ML throughput_gbps=8.1103 latency_ms=67.9484
[2026-08-09T10:02:43] SAMPLE t=10s phase=Stable adaptation=without_ML throughput_gbps=7.6842 latency_ms=64.3999
[2026-08-09T10:02:44] SAMPLE t=11s phase=Stable adaptation=without_ML throughput_gbps=7.8317 latency_ms=67.1652
[2026-08-09T10:02:45] SAMPLE t=12s phase=Stable adaptation=without_ML throughput_gbps=7.6891 latency_ms=64.8296
[2026-08-09T10:02:46] SAMPLE t=13s phase=Stable adaptation=without_ML throughput_gbps=8.1336 latency_ms=66.4558
[2026-08-09T10:02:47] SAMPLE t=14s phase=Stable adaptation=without_ML throughput_gbps=7.6842 latency_ms=63.5078
[2026-08-09T10:02:48] SAMPLE t=15s phase=Stable adaptation=without_ML throughput_gbps=7.765 latency_ms=66.1806
[2026-08-09T10:02:49] SAMPLE t=16s phase=Stable adaptation=without_ML throughput_gbps=8.0448 latency_ms=66.7318
[2026-08-09T10:02:50] SAMPLE t=17s phase=Stable adaptation=without_ML throughput_gbps=8.1302 latency_ms=67.3185
[2026-08-09T10:02:51] SAMPLE t=18s phase=Stable adaptation=without_ML throughput_gbps=7.788 latency_ms=66.8284
[2026-08-09T10:02:52] SAMPLE t=19s phase=Stable adaptation=without_ML throughput_gbps=8.1012 latency_ms=65.9508
[2026-08-09T10:02:53] SAMPLE t=20s phase=Congestion adaptation=without_ML throughput_gbps=8.213 latency_ms=64.9496
[2026-08-09T10:02:54] SAMPLE t=21s phase=Congestion adaptation=without_ML throughput_gbps=7.8847 latency_ms=67.6344
[2026-08-09T10:02:55] SAMPLE t=22s phase=Congestion adaptation=without_ML throughput_gbps=7.9175 latency_ms=67.0075
[2026-08-09T10:02:56] SAMPLE t=23s phase=Congestion adaptation=without_ML throughput_gbps=7.8908 latency_ms=67.9535
[2026-08-09T10:02:57] SAMPLE t=24s phase=Congestion adaptation=without_ML throughput_gbps=7.8985 latency_ms=67.5594
[2026-08-09T10:02:58] SAMPLE t=25s phase=Congestion adaptation=without_ML throughput_gbps=7.96 latency_ms=63.1045
[2026-08-09T10:02:59] SAMPLE t=26s phase=Congestion adaptation=without_ML throughput_gbps=8.0973 latency_ms=66.5756
[2026-08-09T10:03:00] SAMPLE t=27s phase=Congestion adaptation=without_ML throughput_gbps=7.808 latency_ms=66.3771
[2026-08-09T10:03:01] SAMPLE t=28s phase=Congestion adaptation=without_ML throughput_gbps=7.7805 latency_ms=67.2755
[2026-08-09T10:03:02] SAMPLE t=29s phase=Congestion adaptation=without_ML throughput_gbps=8.3254 latency_ms=67.5567
[2026-08-09T10:03:03] SAMPLE t=30s phase=Congestion adaptation=without_ML throughput_gbps=8.1022 latency_ms=64.8181
[2026-08-09T10:03:04] SAMPLE t=31s phase=Congestion adaptation=without_ML throughput_gbps=7.8688 latency_ms=64.8554
[2026-08-09T10:03:05] SAMPLE t=32s phase=Congestion adaptation=without_ML throughput_gbps=8.6329 latency_ms=64.2412
[2026-08-09T10:03:06] SAMPLE t=33s phase=Congestion adaptation=without_ML throughput_gbps=8.0934 latency_ms=67.7833
[2026-08-09T10:03:07] SAMPLE t=34s phase=Congestion adaptation=without_ML throughput_gbps=7.9454 latency_ms=64.5751
[2026-08-09T10:03:08] SAMPLE t=35s phase=Congestion adaptation=without_ML throughput_gbps=8.2423 latency_ms=63.8822
[2026-08-09T10:03:09] SAMPLE t=36s phase=Congestion adaptation=without_ML throughput_gbps=7.8659 latency_ms=65.9087
[2026-08-09T10:03:10] SAMPLE t=37s phase=Congestion adaptation=without_ML throughput_gbps=7.7797 latency_ms=66.557
[2026-08-09T10:03:11] SAMPLE t=38s phase=Congestion adaptation=without_ML throughput_gbps=8.1123 latency_ms=64.4555
[2026-08-09T10:03:12] SAMPLE t=39s phase=Congestion adaptation=without_ML throughput_gbps=8.2342 latency_ms=65.2155
[2026-08-09T10:03:13] SAMPLE t=40s phase=Path_change adaptation=without_ML throughput_gbps=8.0639 latency_ms=65.6961
[2026-08-09T10:03:14] SAMPLE t=41s phase=Path_change adaptation=without_ML throughput_gbps=7.5531 latency_ms=67.7853
[2026-08-09T10:03:15] SAMPLE t=42s phase=Path_change adaptation=without_ML throughput_gbps=7.3006 latency_ms=65.0495
[2026-08-09T10:03:16] SAMPLE t=43s phase=Path_change adaptation=without_ML throughput_gbps=6.7039 latency_ms=68.7565
[2026-08-09T10:03:17] SAMPLE t=44s phase=Path_change adaptation=without_ML throughput_gbps=6.3278 latency_ms=69.6112
[2026-08-09T10:03:18] SAMPLE t=45s phase=Path_change adaptation=without_ML throughput_gbps=6.5141 latency_ms=73.9102
[2026-08-09T10:03:19] SAMPLE t=46s phase=Path_change adaptation=without_ML throughput_gbps=5.8286 latency_ms=70.0623
[2026-08-09T10:03:20] SAMPLE t=47s phase=Path_change adaptation=without_ML throughput_gbps=5.9554 latency_ms=73.8951
[2026-08-09T10:03:21] SAMPLE t=48s phase=Path_change adaptation=without_ML throughput_gbps=5.95 latency_ms=73.6544
[2026-08-09T10:03:22] SAMPLE t=49s phase=Path_change adaptation=without_ML throughput_gbps=5.6982 latency_ms=73.9177
[2026-08-09T10:03:23] SAMPLE t=50s phase=Path_change adaptation=without_ML throughput_gbps=5.7146 latency_ms=71.715
[2026-08-09T10:03:24] SAMPLE t=51s phase=Path_change adaptation=without_ML throughput_gbps=5.615 latency_ms=72.0721
[2026-08-09T10:03:25] SAMPLE t=52s phase=Path_change adaptation=without_ML throughput_gbps=5.7091 latency_ms=70.9737
[2026-08-09T10:03:26] SAMPLE t=53s phase=Path_change adaptation=without_ML throughput_gbps=6.1016 latency_ms=72.8672
[2026-08-09T10:03:27] SAMPLE t=54s phase=Path_change adaptation=without_ML throughput_gbps=5.8596 latency_ms=71.0709
[2026-08-09T10:03:28] SAMPLE t=55s phase=Path_change adaptation=without_ML throughput_gbps=6.4498 latency_ms=70.6865
[2026-08-09T10:03:29] SAMPLE t=56s phase=Path_change adaptation=without_ML throughput_gbps=6.9309 latency_ms=72.6109
[2026-08-09T10:03:30] SAMPLE t=57s phase=Path_change adaptation=without_ML throughput_gbps=6.7744 latency_ms=68.8822
[2026-08-09T10:03:31] SAMPLE t=58s phase=Path_change adaptation=without_ML throughput_gbps=7.4084 latency_ms=67.6768
[2026-08-09T10:03:32] SAMPLE t=59s phase=Path_change adaptation=without_ML throughput_gbps=7.5009 latency_ms=65.2497
[2026-08-09T10:03:33] SAMPLE t=60s phase=Loss_spike adaptation=without_ML throughput_gbps=5.8653 latency_ms=69.223
[2026-08-09T10:03:34] SAMPLE t=61s phase=Loss_spike adaptation=without_ML throughput_gbps=8.4947 latency_ms=79.0648
[2026-08-09T10:03:35] SAMPLE t=62s phase=Loss_spike adaptation=without_ML throughput_gbps=7.916 latency_ms=76.2904
[2026-08-09T10:03:36] SAMPLE t=63s phase=Loss_spike adaptation=without_ML throughput_gbps=4.7198 latency_ms=75.3879
[2026-08-09T10:03:37] SAMPLE t=64s phase=Loss_spike adaptation=without_ML throughput_gbps=4.0701 latency_ms=79.09
[2026-08-09T10:03:38] SAMPLE t=65s phase=Loss_spike adaptation=without_ML throughput_gbps=5.746 latency_ms=69.1174
[2026-08-09T10:03:39] SAMPLE t=66s phase=Loss_spike adaptation=without_ML throughput_gbps=8.5018 latency_ms=78.6208
[2026-08-09T10:03:40] SAMPLE t=67s phase=Loss_spike adaptation=without_ML throughput_gbps=7.2989 latency_ms=76.4977
[2026-08-09T10:03:41] SAMPLE t=68s phase=Loss_spike adaptation=without_ML throughput_gbps=4.7607 latency_ms=77.5977
[2026-08-09T10:03:42] SAMPLE t=69s phase=Loss_spike adaptation=without_ML throughput_gbps=3.8584 latency_ms=80.3428
[2026-08-09T10:03:43] SAMPLE t=70s phase=Loss_spike adaptation=without_ML throughput_gbps=5.9444 latency_ms=69.3268
[2026-08-09T10:03:44] SAMPLE t=71s phase=Loss_spike adaptation=without_ML throughput_gbps=8.5757 latency_ms=78.8402
[2026-08-09T10:03:45] SAMPLE t=72s phase=Loss_spike adaptation=without_ML throughput_gbps=7.754 latency_ms=76.7777
[2026-08-09T10:03:46] SAMPLE t=73s phase=Loss_spike adaptation=without_ML throughput_gbps=4.958 latency_ms=78.338
[2026-08-09T10:03:47] SAMPLE t=74s phase=Loss_spike adaptation=without_ML throughput_gbps=4.0321 latency_ms=78.5009
[2026-08-09T10:03:48] SAMPLE t=75s phase=Loss_spike adaptation=without_ML throughput_gbps=6.5888 latency_ms=70.3523
[2026-08-09T10:03:49] SAMPLE t=76s phase=Loss_spike adaptation=without_ML throughput_gbps=8.1386 latency_ms=80.5591
[2026-08-09T10:03:50] SAMPLE t=77s phase=Loss_spike adaptation=without_ML throughput_gbps=7.6299 latency_ms=76.9631
[2026-08-09T10:03:51] SAMPLE t=78s phase=Loss_spike adaptation=without_ML throughput_gbps=4.6856 latency_ms=74.6012
[2026-08-09T10:03:52] SAMPLE t=79s phase=Loss_spike adaptation=without_ML throughput_gbps=3.9862 latency_ms=80.3661
[2026-08-09T10:03:53] SAMPLE t=80s phase=Recovery adaptation=without_ML throughput_gbps=8.0809 latency_ms=67.8593
[2026-08-09T10:03:54] SAMPLE t=81s phase=Recovery adaptation=without_ML throughput_gbps=8.0233 latency_ms=65.573
[2026-08-09T10:03:55] SAMPLE t=82s phase=Recovery adaptation=without_ML throughput_gbps=7.8383 latency_ms=66.9588
[2026-08-09T10:03:56] SAMPLE t=83s phase=Recovery adaptation=without_ML throughput_gbps=8.1608 latency_ms=67.4243
[2026-08-09T10:03:57] SAMPLE t=84s phase=Recovery adaptation=without_ML throughput_gbps=7.7966 latency_ms=68.5293
[2026-08-09T10:03:58] SAMPLE t=85s phase=Recovery adaptation=without_ML throughput_gbps=7.8981 latency_ms=64.9451
[2026-08-09T10:03:59] SAMPLE t=86s phase=Recovery adaptation=without_ML throughput_gbps=7.5543 latency_ms=67.7577
[2026-08-09T10:04:00] SAMPLE t=87s phase=Recovery adaptation=without_ML throughput_gbps=7.8681 latency_ms=65.0495
[2026-08-09T10:04:01] SAMPLE t=88s phase=Recovery adaptation=without_ML throughput_gbps=7.9878 latency_ms=67.0943
[2026-08-09T10:04:02] SAMPLE t=89s phase=Recovery adaptation=without_ML throughput_gbps=7.9861 latency_ms=67.9672
[2026-08-09T10:04:03] SAMPLE t=90s phase=Recovery adaptation=without_ML throughput_gbps=7.7509 latency_ms=65.1174
[2026-08-09T10:04:04] SAMPLE t=91s phase=Recovery adaptation=without_ML throughput_gbps=8.011 latency_ms=66.2054
[2026-08-09T10:04:05] SAMPLE t=92s phase=Recovery adaptation=without_ML throughput_gbps=8.007 latency_ms=68.8589
[2026-08-09T10:04:06] SAMPLE t=93s phase=Recovery adaptation=without_ML throughput_gbps=7.84 latency_ms=67.6115
[2026-08-09T10:04:07] SAMPLE t=94s phase=Recovery adaptation=without_ML throughput_gbps=8.0034 latency_ms=65.5058
[2026-08-09T10:04:08] SAMPLE t=95s phase=Recovery adaptation=without_ML throughput_gbps=7.8936 latency_ms=63.6618
[2026-08-09T10:04:09] SAMPLE t=96s phase=Recovery adaptation=without_ML throughput_gbps=8.1664 latency_ms=65.5035
[2026-08-09T10:04:10] SAMPLE t=97s phase=Recovery adaptation=without_ML throughput_gbps=8.2093 latency_ms=63.455
[2026-08-09T10:04:11] SAMPLE t=98s phase=Recovery adaptation=without_ML throughput_gbps=8.033 latency_ms=66.8211
[2026-08-09T10:04:12] SAMPLE t=99s phase=Recovery adaptation=without_ML throughput_gbps=7.6915 latency_ms=64.62
[2026-08-09T10:02:33] TRACE_END run_id=51 status=OK
[2026-08-09T10:07:16] TRACE_START run_id=52
[2026-08-09T10:07:16] SAMPLE t=0s phase=Stable adaptation=with_ML throughput_gbps=8.098 latency_ms=66.1983
[2026-08-09T10:07:17] SAMPLE t=1s phase=Stable adaptation=with_ML throughput_gbps=8.4018 latency_ms=64.6169
[2026-08-09T10:07:18] SAMPLE t=2s phase=Stable adaptation=with_ML throughput_gbps=8.0223 latency_ms=66.0167
[2026-08-09T10:07:19] SAMPLE t=3s phase=Stable adaptation=with_ML throughput_gbps=8.3446 latency_ms=67.9712
[2026-08-09T10:07:20] SAMPLE t=4s phase=Stable adaptation=with_ML throughput_gbps=7.9928 latency_ms=66.9371
[2026-08-09T10:07:21] SAMPLE t=5s phase=Stable adaptation=with_ML throughput_gbps=7.9148 latency_ms=68.124
[2026-08-09T10:07:22] SAMPLE t=6s phase=Stable adaptation=with_ML throughput_gbps=7.8584 latency_ms=65.4796
[2026-08-09T10:07:23] SAMPLE t=7s phase=Stable adaptation=with_ML throughput_gbps=8.2002 latency_ms=67.8258
[2026-08-09T10:07:24] SAMPLE t=8s phase=Stable adaptation=with_ML throughput_gbps=8.3727 latency_ms=66.976
[2026-08-09T10:07:25] SAMPLE t=9s phase=Stable adaptation=with_ML throughput_gbps=7.9339 latency_ms=65.0925
[2026-08-09T10:07:26] SAMPLE t=10s phase=Stable adaptation=with_ML throughput_gbps=8.2824 latency_ms=66.2609
[2026-08-09T10:07:27] SAMPLE t=11s phase=Stable adaptation=with_ML throughput_gbps=8.1972 latency_ms=68.5635
[2026-08-09T10:07:28] SAMPLE t=12s phase=Stable adaptation=with_ML throughput_gbps=8.1321 latency_ms=64.8446
[2026-08-09T10:07:29] SAMPLE t=13s phase=Stable adaptation=with_ML throughput_gbps=7.8297 latency_ms=67.4557
[2026-08-09T10:07:30] SAMPLE t=14s phase=Stable adaptation=with_ML throughput_gbps=7.9825 latency_ms=66.8052
[2026-08-09T10:07:31] SAMPLE t=15s phase=Stable adaptation=with_ML throughput_gbps=8.1093 latency_ms=65.5771
[2026-08-09T10:07:32] SAMPLE t=16s phase=Stable adaptation=with_ML throughput_gbps=8.5679 latency_ms=65.0678
[2026-08-09T10:07:33] SAMPLE t=17s phase=Stable adaptation=with_ML throughput_gbps=8.1928 latency_ms=65.8642
[2026-08-09T10:07:34] SAMPLE t=18s phase=Stable adaptation=with_ML throughput_gbps=8.2684 latency_ms=66.0026
[2026-08-09T10:07:35] SAMPLE t=19s phase=Stable adaptation=with_ML throughput_gbps=7.7945 latency_ms=66.1857
[2026-08-09T10:07:36] SAMPLE t=20s phase=Congestion adaptation=with_ML throughput_gbps=7.8366 latency_ms=67.5761
[2026-08-09T10:07:37] SAMPLE t=21s phase=Congestion adaptation=with_ML throughput_gbps=7.9748 latency_ms=64.7525
[2026-08-09T10:07:38] SAMPLE t=22s phase=Congestion adaptation=with_ML throughput_gbps=8.0517 latency_ms=66.1192
[2026-08-09T10:07:39] SAMPLE t=23s phase=Congestion adaptation=with_ML throughput_gbps=8.1407 latency_ms=66.8813
[2026-08-09T10:07:40] SAMPLE t=24s phase=Congestion adaptation=with_ML throughput_gbps=8.3903 latency_ms=68.0186
[2026-08-09T10:07:41] SAMPLE t=25s phase=Congestion adaptation=with_ML throughput_gbps=8.1719 latency_ms=67.938
[2026-08-09T10:07:42] SAMPLE t=26s phase=Congestion adaptation=with_ML throughput_gbps=8.2017 latency_ms=65.1091
[2026-08-09T10:07:43] SAMPLE t=27s phase=Congestion adaptation=with_ML throughput_gbps=8.1208 latency_ms=69.182
[2026-08-09T10:07:44] SAMPLE t=28s phase=Congestion adaptation=with_ML throughput_gbps=8.2368 latency_ms=66.8636
[2026-08-09T10:07:45] SAMPLE t=29s phase=Congestion adaptation=with_ML throughput_gbps=7.9183 latency_ms=65.4934
[2026-08-09T10:07:46] SAMPLE t=30s phase=Congestion adaptation=with_ML throughput_gbps=7.7562 latency_ms=66.6435
[2026-08-09T10:07:47] SAMPLE t=31s phase=Congestion adaptation=with_ML throughput_gbps=7.9714 latency_ms=66.1344
[2026-08-09T10:07:48] SAMPLE t=32s phase=Congestion adaptation=with_ML throughput_gbps=8.335 latency_ms=65.2171
[2026-08-09T10:07:49] SAMPLE t=33s phase=Congestion adaptation=with_ML throughput_gbps=7.9974 latency_ms=67.2281
[2026-08-09T10:07:50] SAMPLE t=34s phase=Congestion adaptation=with_ML throughput_gbps=8.1443 latency_ms=67.1696
[2026-08-09T10:07:51] SAMPLE t=35s phase=Congestion adaptation=with_ML throughput_gbps=8.1728 latency_ms=69.7973
[2026-08-09T10:07:52] SAMPLE t=36s phase=Congestion adaptation=with_ML throughput_gbps=8.1107 latency_ms=66.2467
[2026-08-09T10:07:53] SAMPLE t=37s phase=Congestion adaptation=with_ML throughput_gbps=7.8883 latency_ms=66.3661
[2026-08-09T10:07:54] SAMPLE t=38s phase=Congestion adaptation=with_ML throughput_gbps=8.1406 latency_ms=66.7357
[2026-08-09T10:07:55] SAMPLE t=39s phase=Congestion adaptation=with_ML throughput_gbps=7.8086 latency_ms=65.6073
[2026-08-09T10:07:56] SAMPLE t=40s phase=Path_change adaptation=with_ML throughput_gbps=8.1337 latency_ms=65.2061
[2026-08-09T10:07:57] SAMPLE t=41s phase=Path_change adaptation=with_ML throughput_gbps=8.2195 latency_ms=65.1145
[2026-08-09T10:07:58] SAMPLE t=42s phase=Path_change adaptation=with_ML throughput_gbps=7.9258 latency_ms=65.3398
[2026-08-09T10:07:59] SAMPLE t=43s phase=Path_change adaptation=with_ML throughput_gbps=7.404 latency_ms=68.7776
[2026-08-09T10:08:00] SAMPLE t=44s phase=Path_change adaptation=with_ML throughput_gbps=7.768 latency_ms=67.6118
[2026-08-09T10:08:01] SAMPLE t=45s phase=Path_change adaptation=with_ML throughput_gbps=7.3624 latency_ms=65.7776
[2026-08-09T10:08:02] SAMPLE t=46s phase=Path_change adaptation=with_ML throughput_gbps=7.7518 latency_ms=68.8453
[2026-08-09T10:08:03] SAMPLE t=47s phase=Path_change adaptation=with_ML throughput_gbps=7.3211 latency_ms=69.3011
[2026-08-09T10:08:04] SAMPLE t=48s phase=Path_change adaptation=with_ML throughput_gbps=7.1134 latency_ms=67.7983
[2026-08-09T10:08:05] SAMPLE t=49s phase=Path_change adaptation=with_ML throughput_gbps=7.2722 latency_ms=67.9414
[2026-08-09T10:08:06] SAMPLE t=50s phase=Path_change adaptation=with_ML throughput_gbps=7.1667 latency_ms=68.9301
[2026-08-09T10:08:07] SAMPLE t=51s phase=Path_change adaptation=with_ML throughput_gbps=7.2595 latency_ms=66.9828
[2026-08-09T10:08:08] SAMPLE t=52s phase=Path_change adaptation=with_ML throughput_gbps=7.4209 latency_ms=71.7138
[2026-08-09T10:08:09] SAMPLE t=53s phase=Path_change adaptation=with_ML throughput_gbps=7.0995 latency_ms=67.3777
[2026-08-09T10:08:10] SAMPLE t=54s phase=Path_change adaptation=with_ML throughput_gbps=7.8753 latency_ms=68.0011
[2026-08-09T10:08:11] SAMPLE t=55s phase=Path_change adaptation=with_ML throughput_gbps=7.7314 latency_ms=68.2948
[2026-08-09T10:08:12] SAMPLE t=56s phase=Path_change adaptation=with_ML throughput_gbps=7.9692 latency_ms=67.1072
[2026-08-09T10:08:13] SAMPLE t=57s phase=Path_change adaptation=with_ML throughput_gbps=8.2095 latency_ms=67.4821
[2026-08-09T10:08:14] SAMPLE t=58s phase=Path_change adaptation=with_ML throughput_gbps=7.7456 latency_ms=68.1206
[2026-08-09T10:08:15] SAMPLE t=59s phase=Path_change adaptation=with_ML throughput_gbps=8.0796 latency_ms=66.4246
[2026-08-09T10:08:16] SAMPLE t=60s phase=Loss_spike adaptation=with_ML throughput_gbps=7.1823 latency_ms=69.594
[2026-08-09T10:08:17] SAMPLE t=61s phase=Loss_spike adaptation=with_ML throughput_gbps=8.2784 latency_ms=72.4629
[2026-08-09T10:08:18] SAMPLE t=62s phase=Loss_spike adaptation=with_ML throughput_gbps=7.9723 latency_ms=69.8338
[2026-08-09T10:08:19] SAMPLE t=63s phase=Loss_spike adaptation=with_ML throughput_gbps=6.7288 latency_ms=70.9133
[2026-08-09T10:08:20] SAMPLE t=64s phase=Loss_spike adaptation=with_ML throughput_gbps=6.2739 latency_ms=70.8267
[2026-08-09T10:08:21] SAMPLE t=65s phase=Loss_spike adaptation=with_ML throughput_gbps=7.2484 latency_ms=66.7063
[2026-08-09T10:08:22] SAMPLE t=66s phase=Loss_spike adaptation=with_ML throughput_gbps=8.2987 latency_ms=69.6533
[2026-08-09T10:08:23] SAMPLE t=67s phase=Loss_spike adaptation=with_ML throughput_gbps=8.187 latency_ms=69.8943
[2026-08-09T10:08:24] SAMPLE t=68s phase=Loss_spike adaptation=with_ML throughput_gbps=6.5462 latency_ms=68.5255
[2026-08-09T10:08:25] SAMPLE t=69s phase=Loss_spike adaptation=with_ML throughput_gbps=6.3843 latency_ms=71.3376
[2026-08-09T10:08:26] SAMPLE t=70s phase=Loss_spike adaptation=with_ML throughput_gbps=7.0682 latency_ms=68.4405
[2026-08-09T10:08:27] SAMPLE t=71s phase=Loss_spike adaptation=with_ML throughput_gbps=8.3563 latency_ms=66.9551
[2026-08-09T10:08:28] SAMPLE t=72s phase=Loss_spike adaptation=with_ML throughput_gbps=7.9867 latency_ms=69.5643
[2026-08-09T10:08:29] SAMPLE t=73s phase=Loss_spike adaptation=with_ML throughput_gbps=6.808 latency_ms=68.448
[2026-08-09T10:08:30] SAMPLE t=74s phase=Loss_spike adaptation=with_ML throughput_gbps=6.2635 latency_ms=72.1947
[2026-08-09T10:08:31] SAMPLE t=75s phase=Loss_spike adaptation=with_ML throughput_gbps=7.5031 latency_ms=68.6171
[2026-08-09T10:08:32] SAMPLE t=76s phase=Loss_spike adaptation=with_ML throughput_gbps=8.5792 latency_ms=71.8883
[2026-08-09T10:08:33] SAMPLE t=77s phase=Loss_spike adaptation=with_ML throughput_gbps=8.1516 latency_ms=68.3202
[2026-08-09T10:08:34] SAMPLE t=78s phase=Loss_spike adaptation=with_ML throughput_gbps=6.7639 latency_ms=72.2667
[2026-08-09T10:08:35] SAMPLE t=79s phase=Loss_spike adaptation=with_ML throughput_gbps=6.3899 latency_ms=68.5212
[2026-08-09T10:08:36] SAMPLE t=80s phase=Recovery adaptation=with_ML throughput_gbps=8.0 latency_ms=67.0938
[2026-08-09T10:08:37] SAMPLE t=81s phase=Recovery adaptation=with_ML throughput_gbps=8.1292 latency_ms=64.5978
[2026-08-09T10:08:38] SAMPLE t=82s phase=Recovery adaptation=with_ML throughput_gbps=8.107 latency_ms=65.6144
[2026-08-09T10:08:39] SAMPLE t=83s phase=Recovery adaptation=with_ML throughput_gbps=8.0702 latency_ms=65.0992
[2026-08-09T10:08:40] SAMPLE t=84s phase=Recovery adaptation=with_ML throughput_gbps=8.0764 latency_ms=64.5903
[2026-08-09T10:08:41] SAMPLE t=85s phase=Recovery adaptation=with_ML throughput_gbps=8.0247 latency_ms=66.0744
[2026-08-09T10:08:42] SAMPLE t=86s phase=Recovery adaptation=with_ML throughput_gbps=8.4106 latency_ms=66.9417
[2026-08-09T10:08:43] SAMPLE t=87s phase=Recovery adaptation=with_ML throughput_gbps=8.3615 latency_ms=63.1347
[2026-08-09T10:08:44] SAMPLE t=88s phase=Recovery adaptation=with_ML throughput_gbps=8.4972 latency_ms=65.9352
[2026-08-09T10:08:45] SAMPLE t=89s phase=Recovery adaptation=with_ML throughput_gbps=8.1949 latency_ms=64.2076
[2026-08-09T10:08:46] SAMPLE t=90s phase=Recovery adaptation=with_ML throughput_gbps=8.2439 latency_ms=66.3582
[2026-08-09T10:08:47] SAMPLE t=91s phase=Recovery adaptation=with_ML throughput_gbps=8.3641 latency_ms=66.2052
[2026-08-09T10:08:48] SAMPLE t=92s phase=Recovery adaptation=with_ML throughput_gbps=8.5058 latency_ms=65.0801
[2026-08-09T10:08:49] SAMPLE t=93s phase=Recovery adaptation=with_ML throughput_gbps=8.3555 latency_ms=66.8323
[2026-08-09T10:08:50] SAMPLE t=94s phase=Recovery adaptation=with_ML throughput_gbps=7.9904 latency_ms=66.3875
[2026-08-09T10:08:51] SAMPLE t=95s phase=Recovery adaptation=with_ML throughput_gbps=8.1734 latency_ms=65.5893
[2026-08-09T10:08:52] SAMPLE t=96s phase=Recovery adaptation=with_ML throughput_gbps=8.5319 latency_ms=66.2893
[2026-08-09T10:08:53] SAMPLE t=97s phase=Recovery adaptation=with_ML throughput_gbps=8.5574 latency_ms=64.4246
[2026-08-09T10:08:54] SAMPLE t=98s phase=Recovery adaptation=with_ML throughput_gbps=8.2202 latency_ms=63.5526
[2026-08-09T10:08:55] SAMPLE t=99s phase=Recovery adaptation=with_ML throughput_gbps=8.6854 latency_ms=66.9268
[2026-08-09T10:07:16] SAMPLE t=0s phase=Stable adaptation=without_ML throughput_gbps=7.8522 latency_ms=65.1678
[2026-08-09T10:07:17] SAMPLE t=1s phase=Stable adaptation=without_ML throughput_gbps=7.5049 latency_ms=66.3736
[2026-08-09T10:07:18] SAMPLE t=2s phase=Stable adaptation=without_ML throughput_gbps=7.9282 latency_ms=66.3397
[2026-08-09T10:07:19] SAMPLE t=3s phase=Stable adaptation=without_ML throughput_gbps=7.9938 latency_ms=65.2736
[2026-08-09T10:07:20] SAMPLE t=4s phase=Stable adaptation=without_ML throughput_gbps=7.7687 latency_ms=66.0321
[2026-08-09T10:07:21] SAMPLE t=5s phase=Stable adaptation=without_ML throughput_gbps=8.2599 latency_ms=65.8189
[2026-08-09T10:07:22] SAMPLE t=6s phase=Stable adaptation=without_ML throughput_gbps=7.9135 latency_ms=67.4427
[2026-08-09T10:07:23] SAMPLE t=7s phase=Stable adaptation=without_ML throughput_gbps=8.1382 latency_ms=66.2485
[2026-08-09T10:07:24] SAMPLE t=8s phase=Stable adaptation=without_ML throughput_gbps=7.7877 latency_ms=68.3039
[2026-08-09T10:07:25] SAMPLE t=9s phase=Stable adaptation=without_ML throughput_gbps=7.7103 latency_ms=65.6019
[2026-08-09T10:07:26] SAMPLE t=10s phase=Stable adaptation=without_ML throughput_gbps=8.0129 latency_ms=63.0414
[2026-08-09T10:07:27] SAMPLE t=11s phase=Stable adaptation=without_ML throughput_gbps=7.9208 latency_ms=65.7457
[2026-08-09T10:07:28] SAMPLE t=12s phase=Stable adaptation=without_ML throughput_gbps=7.6984 latency_ms=66.48
[2026-08-09T10:07:29] SAMPLE t=13s phase=Stable adaptation=without_ML throughput_gbps=8.0009 latency_ms=65.4801
[2026-08-09T10:07:30] SAMPLE t=14s phase=Stable adaptation=without_ML throughput_gbps=7.8484 latency_ms=66.6137
[2026-08-09T10:07:31] SAMPLE t=15s phase=Stable adaptation=without_ML throughput_gbps=8.0395 latency_ms=67.7065
[2026-08-09T10:07:32] SAMPLE t=16s phase=Stable adaptation=without_ML throughput_gbps=8.3982 latency_ms=65.2551
[2026-08-09T10:07:33] SAMPLE t=17s phase=Stable adaptation=without_ML throughput_gbps=7.9869 latency_ms=64.58
[2026-08-09T10:07:34] SAMPLE t=18s phase=Stable adaptation=without_ML throughput_gbps=7.8101 latency_ms=66.1227
[2026-08-09T10:07:35] SAMPLE t=19s phase=Stable adaptation=without_ML throughput_gbps=7.8212 latency_ms=66.0709
[2026-08-09T10:07:36] SAMPLE t=20s phase=Congestion adaptation=without_ML throughput_gbps=8.2428 latency_ms=65.1795
[2026-08-09T10:07:37] SAMPLE t=21s phase=Congestion adaptation=without_ML throughput_gbps=8.0303 latency_ms=67.4861
[2026-08-09T10:07:38] SAMPLE t=22s phase=Congestion adaptation=without_ML throughput_gbps=8.2656 latency_ms=64.4368
[2026-08-09T10:07:39] SAMPLE t=23s phase=Congestion adaptation=without_ML throughput_gbps=8.4574 latency_ms=64.3978
[2026-08-09T10:07:40] SAMPLE t=24s phase=Congestion adaptation=without_ML throughput_gbps=8.0073 latency_ms=66.8697
[2026-08-09T10:07:41] SAMPLE t=25s phase=Congestion adaptation=without_ML throughput_gbps=8.0576 latency_ms=66.411
[2026-08-09T10:07:42] SAMPLE t=26s phase=Congestion adaptation=without_ML throughput_gbps=8.1877 latency_ms=67.3541
[2026-08-09T10:07:43] SAMPLE t=27s phase=Congestion adaptation=without_ML throughput_gbps=8.0126 latency_ms=67.5444
[2026-08-09T10:07:44] SAMPLE t=28s phase=Congestion adaptation=without_ML throughput_gbps=7.4327 latency_ms=64.6447
[2026-08-09T10:07:45] SAMPLE t=29s phase=Congestion adaptation=without_ML throughput_gbps=7.9427 latency_ms=65.7029
[2026-08-09T10:07:46] SAMPLE t=30s phase=Congestion adaptation=without_ML throughput_gbps=7.575 latency_ms=67.0902
[2026-08-09T10:07:47] SAMPLE t=31s phase=Congestion adaptation=without_ML throughput_gbps=8.1027 latency_ms=65.1925
[2026-08-09T10:07:48] SAMPLE t=32s phase=Congestion adaptation=without_ML throughput_gbps=7.6763 latency_ms=67.8914
[2026-08-09T10:07:49] SAMPLE t=33s phase=Congestion adaptation=without_ML throughput_gbps=8.0816 latency_ms=64.9059
[2026-08-09T10:07:50] SAMPLE t=34s phase=Congestion adaptation=without_ML throughput_gbps=8.1345 latency_ms=65.4173
[2026-08-09T10:07:51] SAMPLE t=35s phase=Congestion adaptation=without_ML throughput_gbps=8.3496 latency_ms=65.6205
[2026-08-09T10:07:52] SAMPLE t=36s phase=Congestion adaptation=without_ML throughput_gbps=7.7739 latency_ms=65.5231
[2026-08-09T10:07:53] SAMPLE t=37s phase=Congestion adaptation=without_ML throughput_gbps=7.9234 latency_ms=66.0474
[2026-08-09T10:07:54] SAMPLE t=38s phase=Congestion adaptation=without_ML throughput_gbps=7.8868 latency_ms=66.1231
[2026-08-09T10:07:55] SAMPLE t=39s phase=Congestion adaptation=without_ML throughput_gbps=8.0074 latency_ms=64.7703
[2026-08-09T10:07:56] SAMPLE t=40s phase=Path_change adaptation=without_ML throughput_gbps=7.7956 latency_ms=66.1613
[2026-08-09T10:07:57] SAMPLE t=41s phase=Path_change adaptation=without_ML throughput_gbps=7.8249 latency_ms=66.8521
[2026-08-09T10:07:58] SAMPLE t=42s phase=Path_change adaptation=without_ML throughput_gbps=7.6938 latency_ms=67.4224
[2026-08-09T10:07:59] SAMPLE t=43s phase=Path_change adaptation=without_ML throughput_gbps=7.006 latency_ms=67.9403
[2026-08-09T10:08:00] SAMPLE t=44s phase=Path_change adaptation=without_ML throughput_gbps=6.5401 latency_ms=67.4007
[2026-08-09T10:08:01] SAMPLE t=45s phase=Path_change adaptation=without_ML throughput_gbps=6.2652 latency_ms=69.9179
[2026-08-09T10:08:02] SAMPLE t=46s phase=Path_change adaptation=without_ML throughput_gbps=6.1083 latency_ms=70.7729
[2026-08-09T10:08:03] SAMPLE t=47s phase=Path_change adaptation=without_ML throughput_gbps=5.7146 latency_ms=70.5007
[2026-08-09T10:08:04] SAMPLE t=48s phase=Path_change adaptation=without_ML throughput_gbps=5.7868 latency_ms=70.695
[2026-08-09T10:08:05] SAMPLE t=49s phase=Path_change adaptation=without_ML throughput_gbps=5.5994 latency_ms=70.6598
[2026-08-09T10:08:06] SAMPLE t=50s phase=Path_change adaptation=without_ML throughput_gbps=5.5561 latency_ms=73.758
[2026-08-09T10:08:07] SAMPLE t=51s phase=Path_change adaptation=without_ML throughput_gbps=5.5782 latency_ms=72.2138
[2026-08-09T10:08:08] SAMPLE t=52s phase=Path_change adaptation=without_ML throughput_gbps=5.6771 latency_ms=73.4173
[2026-08-09T10:08:09] SAMPLE t=53s phase=Path_change adaptation=without_ML throughput_gbps=5.9491 latency_ms=72.6825
[2026-08-09T10:08:10] SAMPLE t=54s phase=Path_change adaptation=without_ML throughput_gbps=6.075 latency_ms=72.6808
[2026-08-09T10:08:11] SAMPLE t=55s phase=Path_change adaptation=without_ML throughput_gbps=6.4461 latency_ms=70.1896
[2026-08-09T10:08:12] SAMPLE t=56s phase=Path_change adaptation=without_ML throughput_gbps=6.543 latency_ms=69.0886
[2026-08-09T10:08:13] SAMPLE t=57s phase=Path_change adaptation=without_ML throughput_gbps=6.8103 latency_ms=69.1341
[2026-08-09T10:08:14] SAMPLE t=58s phase=Path_change adaptation=without_ML throughput_gbps=6.9662 latency_ms=66.7236
[2026-08-09T10:08:15] SAMPLE t=59s phase=Path_change adaptation=without_ML throughput_gbps=7.8582 latency_ms=65.9975
[2026-08-09T10:08:16] SAMPLE t=60s phase=Loss_spike adaptation=without_ML throughput_gbps=6.0772 latency_ms=68.7842
[2026-08-09T10:08:17] SAMPLE t=61s phase=Loss_spike adaptation=without_ML throughput_gbps=8.4979 latency_ms=80.1134
[2026-08-09T10:08:18] SAMPLE t=62s phase=Loss_spike adaptation=without_ML throughput_gbps=7.217 latency_ms=74.6153
[2026-08-09T10:08:19] SAMPLE t=63s phase=Loss_spike adaptation=without_ML throughput_gbps=4.8532 latency_ms=77.5044
[2026-08-09T10:08:20] SAMPLE t=64s phase=Loss_spike adaptation=without_ML throughput_gbps=4.2169 latency_ms=79.3838
[2026-08-09T10:08:21] SAMPLE t=65s phase=Loss_spike adaptation=without_ML throughput_gbps=6.154 latency_ms=68.9123
[2026-08-09T10:08:22] SAMPLE t=66s phase=Loss_spike adaptation=without_ML throughput_gbps=8.2405 latency_ms=81.7063
[2026-08-09T10:08:23] SAMPLE t=67s phase=Loss_spike adaptation=without_ML throughput_gbps=7.1259 latency_ms=77.177
[2026-08-09T10:08:24] SAMPLE t=68s phase=Loss_spike adaptation=without_ML throughput_gbps=4.9657 latency_ms=76.2286
[2026-08-09T10:08:25] SAMPLE t=69s phase=Loss_spike adaptation=without_ML throughput_gbps=3.9985 latency_ms=78.7952
[2026-08-09T10:08:26] SAMPLE t=70s phase=Loss_spike adaptation=without_ML throughput_gbps=6.4835 latency_ms=70.9481
[2026-08-09T10:08:27] SAMPLE t=71s phase=Loss_spike adaptation=without_ML throughput_gbps=8.2495 latency_ms=80.201
[2026-08-09T10:08:28] SAMPLE t=72s phase=Loss_spike adaptation=without_ML throughput_gbps=7.5034 latency_ms=75.1414
[2026-08-09T10:08:29] SAMPLE t=73s phase=Loss_spike adaptation=without_ML throughput_gbps=4.4946 latency_ms=77.3541
[2026-08-09T10:08:30] SAMPLE t=74s phase=Loss_spike adaptation=without_ML throughput_gbps=4.1705 latency_ms=80.9398
[2026-08-09T10:08:31] SAMPLE t=75s phase=Loss_spike adaptation=without_ML throughput_gbps=6.0376 latency_ms=69.6475
[2026-08-09T10:08:32] SAMPLE t=76s phase=Loss_spike adaptation=without_ML throughput_gbps=8.2625 latency_ms=79.1198
[2026-08-09T10:08:33] SAMPLE t=77s phase=Loss_spike adaptation=without_ML throughput_gbps=7.5656 latency_ms=73.6224
[2026-08-09T10:08:34] SAMPLE t=78s phase=Loss_spike adaptation=without_ML throughput_gbps=4.7043 latency_ms=76.1713
[2026-08-09T10:08:35] SAMPLE t=79s phase=Loss_spike adaptation=without_ML throughput_gbps=3.9924 latency_ms=77.8512
[2026-08-09T10:08:36] SAMPLE t=80s phase=Recovery adaptation=without_ML throughput_gbps=8.2745 latency_ms=66.0035
[2026-08-09T10:08:37] SAMPLE t=81s phase=Recovery adaptation=without_ML throughput_gbps=8.1142 latency_ms=68.8615
[2026-08-09T10:08:38] SAMPLE t=82s phase=Recovery adaptation=without_ML throughput_gbps=8.4318 latency_ms=67.6119
[2026-08-09T10:08:39] SAMPLE t=83s phase=Recovery adaptation=without_ML throughput_gbps=8.2631 latency_ms=65.6171
[2026-08-09T10:08:40] SAMPLE t=84s phase=Recovery adaptation=without_ML throughput_gbps=8.2841 latency_ms=65.9036
[2026-08-09T10:08:41] SAMPLE t=85s phase=Recovery adaptation=without_ML throughput_gbps=7.9247 latency_ms=66.5151
[2026-08-09T10:08:42] SAMPLE t=86s phase=Recovery adaptation=without_ML throughput_gbps=7.5648 latency_ms=66.0632
[2026-08-09T10:08:43] SAMPLE t=87s phase=Recovery adaptation=without_ML throughput_gbps=7.9467 latency_ms=64.7559
[2026-08-09T10:08:44] SAMPLE t=88s phase=Recovery adaptation=without_ML throughput_gbps=8.2796 latency_ms=68.143
[2026-08-09T10:08:45] SAMPLE t=89s phase=Recovery adaptation=without_ML throughput_gbps=8.2083 latency_ms=65.4656
[2026-08-09T10:08:46] SAMPLE t=90s phase=Recovery adaptation=without_ML throughput_gbps=7.8995 latency_ms=66.1534
[2026-08-09T10:08:47] SAMPLE t=91s phase=Recovery adaptation=without_ML throughput_gbps=7.8075 latency_ms=67.867
[2026-08-09T10:08:48] SAMPLE t=92s phase=Recovery adaptation=without_ML throughput_gbps=8.3301 latency_ms=66.1945
[2026-08-09T10:08:49] SAMPLE t=93s phase=Recovery adaptation=without_ML throughput_gbps=7.8163 latency_ms=67.1608
[2026-08-09T10:08:50] SAMPLE t=94s phase=Recovery adaptation=without_ML throughput_gbps=8.368 latency_ms=66.9634
[2026-08-09T10:08:51] SAMPLE t=95s phase=Recovery adaptation=without_ML throughput_gbps=7.6073 latency_ms=63.1684
[2026-08-09T10:08:52] SAMPLE t=96s phase=Recovery adaptation=without_ML throughput_gbps=8.1846 latency_ms=66.6601
[2026-08-09T10:08:53] SAMPLE t=97s phase=Recovery adaptation=without_ML throughput_gbps=8.1603 latency_ms=67.5401
[2026-08-09T10:08:54] SAMPLE t=98s phase=Recovery adaptation=without_ML throughput_gbps=8.1455 latency_ms=66.112
[2026-08-09T10:08:55] SAMPLE t=99s phase=Recovery adaptation=without_ML throughput_gbps=8.0821 latency_ms=65.893
[2026-08-09T10:07:16] TRACE_END run_id=52 status=OK
[2026-08-09T10:20:40] TRACE_START run_id=53
[2026-08-09T10:20:40] SAMPLE t=0s phase=Stable adaptation=with_ML throughput_gbps=7.6702 latency_ms=66.7801
[2026-08-09T10:20:41] SAMPLE t=1s phase=Stable adaptation=with_ML throughput_gbps=8.0512 latency_ms=66.7422
[2026-08-09T10:20:42] SAMPLE t=2s phase=Stable adaptation=with_ML throughput_gbps=8.3307 latency_ms=66.5461
[2026-08-09T10:20:43] SAMPLE t=3s phase=Stable adaptation=with_ML throughput_gbps=7.9584 latency_ms=65.1706
[2026-08-09T10:20:44] SAMPLE t=4s phase=Stable adaptation=with_ML throughput_gbps=8.088 latency_ms=67.0513
[2026-08-09T10:20:45] SAMPLE t=5s phase=Stable adaptation=with_ML throughput_gbps=7.6983 latency_ms=67.1089
[2026-08-09T10:20:46] SAMPLE t=6s phase=Stable adaptation=with_ML throughput_gbps=7.9775 latency_ms=67.4075
[2026-08-09T10:20:47] SAMPLE t=7s phase=Stable adaptation=with_ML throughput_gbps=8.1148 latency_ms=67.36
[2026-08-09T10:20:48] SAMPLE t=8s phase=Stable adaptation=with_ML throughput_gbps=7.7206 latency_ms=66.9553
[2026-08-09T10:20:49] SAMPLE t=9s phase=Stable adaptation=with_ML throughput_gbps=8.0541 latency_ms=67.0028
[2026-08-09T10:20:50] SAMPLE t=10s phase=Stable adaptation=with_ML throughput_gbps=8.163 latency_ms=65.472
[2026-08-09T10:20:51] SAMPLE t=11s phase=Stable adaptation=with_ML throughput_gbps=8.0004 latency_ms=66.3554
[2026-08-09T10:20:52] SAMPLE t=12s phase=Stable adaptation=with_ML throughput_gbps=7.8835 latency_ms=67.3475
[2026-08-09T10:20:53] SAMPLE t=13s phase=Stable adaptation=with_ML throughput_gbps=8.2593 latency_ms=66.7935
[2026-08-09T10:20:54] SAMPLE t=14s phase=Stable adaptation=with_ML throughput_gbps=8.0363 latency_ms=65.8818
[2026-08-09T10:20:55] SAMPLE t=15s phase=Stable adaptation=with_ML throughput_gbps=8.2947 latency_ms=69.0975
[2026-08-09T10:20:56] SAMPLE t=16s phase=Stable adaptation=with_ML throughput_gbps=7.981 latency_ms=67.6744
[2026-08-09T10:20:57] SAMPLE t=17s phase=Stable adaptation=with_ML throughput_gbps=7.8545 latency_ms=66.0133
[2026-08-09T10:20:58] SAMPLE t=18s phase=Stable adaptation=with_ML throughput_gbps=8.2783 latency_ms=65.3225
[2026-08-09T10:20:59] SAMPLE t=19s phase=Stable adaptation=with_ML throughput_gbps=8.266 latency_ms=67.0208
[2026-08-09T10:21:00] SAMPLE t=20s phase=Congestion adaptation=with_ML throughput_gbps=8.2117 latency_ms=66.5299
[2026-08-09T10:21:01] SAMPLE t=21s phase=Congestion adaptation=with_ML throughput_gbps=8.0735 latency_ms=67.1481
[2026-08-09T10:21:02] SAMPLE t=22s phase=Congestion adaptation=with_ML throughput_gbps=8.1975 latency_ms=65.4852
[2026-08-09T10:21:03] SAMPLE t=23s phase=Congestion adaptation=with_ML throughput_gbps=8.311 latency_ms=64.5948
[2026-08-09T10:21:04] SAMPLE t=24s phase=Congestion adaptation=with_ML throughput_gbps=8.0897 latency_ms=63.4621
[2026-08-09T10:21:05] SAMPLE t=25s phase=Congestion adaptation=with_ML throughput_gbps=7.707 latency_ms=66.1061
[2026-08-09T10:21:06] SAMPLE t=26s phase=Congestion adaptation=with_ML throughput_gbps=8.3443 latency_ms=67.015
[2026-08-09T10:21:07] SAMPLE t=27s phase=Congestion adaptation=with_ML throughput_gbps=8.1024 latency_ms=66.1997
[2026-08-09T10:21:08] SAMPLE t=28s phase=Congestion adaptation=with_ML throughput_gbps=8.2265 latency_ms=67.389
[2026-08-09T10:21:09] SAMPLE t=29s phase=Congestion adaptation=with_ML throughput_gbps=8.2423 latency_ms=66.6395
[2026-08-09T10:21:10] SAMPLE t=30s phase=Congestion adaptation=with_ML throughput_gbps=8.4482 latency_ms=67.7936
[2026-08-09T10:21:11] SAMPLE t=31s phase=Congestion adaptation=with_ML throughput_gbps=7.9117 latency_ms=66.0315
[2026-08-09T10:21:12] SAMPLE t=32s phase=Congestion adaptation=with_ML throughput_gbps=8.2997 latency_ms=66.1434
[2026-08-09T10:21:13] SAMPLE t=33s phase=Congestion adaptation=with_ML throughput_gbps=7.8472 latency_ms=64.5909
[2026-08-09T10:21:14] SAMPLE t=34s phase=Congestion adaptation=with_ML throughput_gbps=8.4541 latency_ms=66.0931
[2026-08-09T10:21:15] SAMPLE t=35s phase=Congestion adaptation=with_ML throughput_gbps=8.3758 latency_ms=67.1723
[2026-08-09T10:21:16] SAMPLE t=36s phase=Congestion adaptation=with_ML throughput_gbps=7.9689 latency_ms=67.4806
[2026-08-09T10:21:17] SAMPLE t=37s phase=Congestion adaptation=with_ML throughput_gbps=8.2529 latency_ms=67.8881
[2026-08-09T10:21:18] SAMPLE t=38s phase=Congestion adaptation=with_ML throughput_gbps=8.2001 latency_ms=67.5143
[2026-08-09T10:21:19] SAMPLE t=39s phase=Congestion adaptation=with_ML throughput_gbps=7.9849 latency_ms=64.8909
[2026-08-09T10:21:20] SAMPLE t=40s phase=Path_change adaptation=with_ML throughput_gbps=8.0858 latency_ms=66.021
[2026-08-09T10:21:21] SAMPLE t=41s phase=Path_change adaptation=with_ML throughput_gbps=7.7989 latency_ms=67.5225
[2026-08-09T10:21:22] SAMPLE t=42s phase=Path_change adaptation=with_ML throughput_gbps=7.5132 latency_ms=67.0392
[2026-08-09T10:21:23] SAMPLE t=43s phase=Path_change adaptation=with_ML throughput_gbps=7.9043 latency_ms=70.0534
[2026-08-09T10:21:24] SAMPLE t=44s phase=Path_change adaptation=with_ML throughput_gbps=7.6068 latency_ms=67.2578
[2026-08-09T10:21:25] SAMPLE t=45s phase=Path_change adaptation=with_ML throughput_gbps=7.4814 latency_ms=67.7008
[2026-08-09T10:21:26] SAMPLE t=46s phase=Path_change adaptation=with_ML throughput_gbps=7.6045 latency_ms=70.1773
[2026-08-09T10:21:27] SAMPLE t=47s phase=Path_change adaptation=with_ML throughput_gbps=7.2035 latency_ms=69.4818
[2026-08-09T10:21:28] SAMPLE t=48s phase=Path_change adaptation=with_ML throughput_gbps=7.2147 latency_ms=69.3708
[2026-08-09T10:21:29] SAMPLE t=49s phase=Path_change adaptation=with_ML throughput_gbps=7.2451 latency_ms=68.0224
[2026-08-09T10:21:30] SAMPLE t=50s phase=Path_change adaptation=with_ML throughput_gbps=7.5386 latency_ms=68.647
[2026-08-09T10:21:31] SAMPLE t=51s phase=Path_change adaptation=with_ML throughput_gbps=7.5626 latency_ms=69.2208
[2026-08-09T10:21:32] SAMPLE t=52s phase=Path_change adaptation=with_ML throughput_gbps=6.8592 latency_ms=69.9648
[2026-08-09T10:21:33] SAMPLE t=53s phase=Path_change adaptation=with_ML throughput_gbps=7.031 latency_ms=69.8017
[2026-08-09T10:21:34] SAMPLE t=54s phase=Path_change adaptation=with_ML throughput_gbps=7.366 latency_ms=69.6983
[2026-08-09T10:21:35] SAMPLE t=55s phase=Path_change adaptation=with_ML throughput_gbps=7.4335 latency_ms=68.5622
[2026-08-09T10:21:36] SAMPLE t=56s phase=Path_change adaptation=with_ML throughput_gbps=7.8992 latency_ms=65.243
[2026-08-09T10:21:37] SAMPLE t=57s phase=Path_change adaptation=with_ML throughput_gbps=8.0536 latency_ms=67.8663
[2026-08-09T10:21:38] SAMPLE t=58s phase=Path_change adaptation=with_ML throughput_gbps=7.8829 latency_ms=68.365
[2026-08-09T10:21:39] SAMPLE t=59s phase=Path_change adaptation=with_ML throughput_gbps=7.9903 latency_ms=68.0657
[2026-08-09T10:21:40] SAMPLE t=60s phase=Loss_spike adaptation=with_ML throughput_gbps=7.5015 latency_ms=68.1217
[2026-08-09T10:21:41] SAMPLE t=61s phase=Loss_spike adaptation=with_ML throughput_gbps=7.6187 latency_ms=70.3637
[2026-08-09T10:21:42] SAMPLE t=62s phase=Loss_spike adaptation=with_ML throughput_gbps=8.0699 latency_ms=69.9957
[2026-08-09T10:21:43] SAMPLE t=63s phase=Loss_spike adaptation=with_ML throughput_gbps=6.6124 latency_ms=70.0675
[2026-08-09T10:21:44] SAMPLE t=64s phase=Loss_spike adaptation=with_ML throughput_gbps=6.281 latency_ms=69.5226
[2026-08-09T10:21:45] SAMPLE t=65s phase=Loss_spike adaptation=with_ML throughput_gbps=7.2555 latency_ms=67.7526
[2026-08-09T10:21:46] SAMPLE t=66s phase=Loss_spike adaptation=with_ML throughput_gbps=8.7634 latency_ms=72.6832
[2026-08-09T10:21:47] SAMPLE t=67s phase=Loss_spike adaptation=with_ML throughput_gbps=7.8771 latency_ms=67.6529
[2026-08-09T10:21:48] SAMPLE t=68s phase=Loss_spike adaptation=with_ML throughput_gbps=6.5965 latency_ms=68.166
[2026-08-09T10:21:49] SAMPLE t=69s phase=Loss_spike adaptation=with_ML throughput_gbps=6.1069 latency_ms=69.2537
[2026-08-09T10:21:50] SAMPLE t=70s phase=Loss_spike adaptation=with_ML throughput_gbps=7.2832 latency_ms=68.6948
[2026-08-09T10:21:51] SAMPLE t=71s phase=Loss_spike adaptation=with_ML throughput_gbps=8.2276 latency_ms=71.2043
[2026-08-09T10:21:52] SAMPLE t=72s phase=Loss_spike adaptation=with_ML throughput_gbps=7.5587 latency_ms=69.1259
[2026-08-09T10:21:53] SAMPLE t=73s phase=Loss_spike adaptation=with_ML throughput_gbps=6.3331 latency_ms=70.744
[2026-08-09T10:21:54] SAMPLE t=74s phase=Loss_spike adaptation=with_ML throughput_gbps=6.3353 latency_ms=68.7657
[2026-08-09T10:21:55] SAMPLE t=75s phase=Loss_spike adaptation=with_ML throughput_gbps=6.9673 latency_ms=69.7567
[2026-08-09T10:21:56] SAMPLE t=76s phase=Loss_spike adaptation=with_ML throughput_gbps=8.2876 latency_ms=70.5754
[2026-08-09T10:21:57] SAMPLE t=77s phase=Loss_spike adaptation=with_ML throughput_gbps=7.6845 latency_ms=68.3075
[2026-08-09T10:21:58] SAMPLE t=78s phase=Loss_spike adaptation=with_ML throughput_gbps=6.4569 latency_ms=70.1713
[2026-08-09T10:21:59] SAMPLE t=79s phase=Loss_spike adaptation=with_ML throughput_gbps=6.1892 latency_ms=72.2935
[2026-08-09T10:22:00] SAMPLE t=80s phase=Recovery adaptation=with_ML throughput_gbps=7.9448 latency_ms=64.4826
[2026-08-09T10:22:01] SAMPLE t=81s phase=Recovery adaptation=with_ML throughput_gbps=8.3081 latency_ms=68.3201
[2026-08-09T10:22:02] SAMPLE t=82s phase=Recovery adaptation=with_ML throughput_gbps=8.0267 latency_ms=66.5581
[2026-08-09T10:22:03] SAMPLE t=83s phase=Recovery adaptation=with_ML throughput_gbps=8.0343 latency_ms=64.2815
[2026-08-09T10:22:04] SAMPLE t=84s phase=Recovery adaptation=with_ML throughput_gbps=8.276 latency_ms=65.1374
[2026-08-09T10:22:05] SAMPLE t=85s phase=Recovery adaptation=with_ML throughput_gbps=8.1944 latency_ms=65.1634
[2026-08-09T10:22:06] SAMPLE t=86s phase=Recovery adaptation=with_ML throughput_gbps=8.1118 latency_ms=64.3957
[2026-08-09T10:22:07] SAMPLE t=87s phase=Recovery adaptation=with_ML throughput_gbps=8.2635 latency_ms=65.5764
[2026-08-09T10:22:08] SAMPLE t=88s phase=Recovery adaptation=with_ML throughput_gbps=8.1366 latency_ms=63.6027
[2026-08-09T10:22:09] SAMPLE t=89s phase=Recovery adaptation=with_ML throughput_gbps=8.2844 latency_ms=63.1233
[2026-08-09T10:22:10] SAMPLE t=90s phase=Recovery adaptation=with_ML throughput_gbps=8.124 latency_ms=63.5894
[2026-08-09T10:22:11] SAMPLE t=91s phase=Recovery adaptation=with_ML throughput_gbps=8.3574 latency_ms=67.5584
[2026-08-09T10:22:12] SAMPLE t=92s phase=Recovery adaptation=with_ML throughput_gbps=8.3547 latency_ms=65.9812
[2026-08-09T10:22:13] SAMPLE t=93s phase=Recovery adaptation=with_ML throughput_gbps=8.6333 latency_ms=67.7597
[2026-08-09T10:22:14] SAMPLE t=94s phase=Recovery adaptation=with_ML throughput_gbps=8.6999 latency_ms=66.4459
[2026-08-09T10:22:15] SAMPLE t=95s phase=Recovery adaptation=with_ML throughput_gbps=8.4967 latency_ms=65.3264
[2026-08-09T10:22:16] SAMPLE t=96s phase=Recovery adaptation=with_ML throughput_gbps=8.5501 latency_ms=64.3696
[2026-08-09T10:22:17] SAMPLE t=97s phase=Recovery adaptation=with_ML throughput_gbps=8.1601 latency_ms=64.2117
[2026-08-09T10:22:18] SAMPLE t=98s phase=Recovery adaptation=with_ML throughput_gbps=8.7243 latency_ms=66.6894
[2026-08-09T10:22:19] SAMPLE t=99s phase=Recovery adaptation=with_ML throughput_gbps=8.3877 latency_ms=65.5632
[2026-08-09T10:20:40] SAMPLE t=0s phase=Stable adaptation=without_ML throughput_gbps=7.823 latency_ms=65.0914
[2026-08-09T10:20:41] SAMPLE t=1s phase=Stable adaptation=without_ML throughput_gbps=7.8851 latency_ms=68.4287
[2026-08-09T10:20:42] SAMPLE t=2s phase=Stable adaptation=without_ML throughput_gbps=8.2963 latency_ms=66.6321
[2026-08-09T10:20:43] SAMPLE t=3s phase=Stable adaptation=without_ML throughput_gbps=8.4953 latency_ms=65.5474
[2026-08-09T10:20:44] SAMPLE t=4s phase=Stable adaptation=without_ML throughput_gbps=7.7841 latency_ms=67.7239
[2026-08-09T10:20:45] SAMPLE t=5s phase=Stable adaptation=without_ML throughput_gbps=7.948 latency_ms=66.4433
[2026-08-09T10:20:46] SAMPLE t=6s phase=Stable adaptation=without_ML throughput_gbps=7.7499 latency_ms=67.9316
[2026-08-09T10:20:47] SAMPLE t=7s phase=Stable adaptation=without_ML throughput_gbps=7.6175 latency_ms=68.4624
[2026-08-09T10:20:48] SAMPLE t=8s phase=Stable adaptation=without_ML throughput_gbps=7.6696 latency_ms=65.8364
[2026-08-09T10:20:49] SAMPLE t=9s phase=Stable adaptation=without_ML throughput_gbps=8.2849 latency_ms=64.9295
[2026-08-09T10:20:50] SAMPLE t=10s phase=Stable adaptation=without_ML throughput_gbps=7.9905 latency_ms=66.0389
[2026-08-09T10:20:51] SAMPLE t=11s phase=Stable adaptation=without_ML throughput_gbps=8.3122 latency_ms=68.1868
[2026-08-09T10:20:52] SAMPLE t=12s phase=Stable adaptation=without_ML throughput_gbps=8.0462 latency_ms=65.8166
[2026-08-09T10:20:53] SAMPLE t=13s phase=Stable adaptation=without_ML throughput_gbps=8.2645 latency_ms=65.537
[2026-08-09T10:20:54] SAMPLE t=14s phase=Stable adaptation=without_ML throughput_gbps=8.5691 latency_ms=66.6335
[2026-08-09T10:20:55] SAMPLE t=15s phase=Stable adaptation=without_ML throughput_gbps=8.2821 latency_ms=65.3825
[2026-08-09T10:20:56] SAMPLE t=16s phase=Stable adaptation=without_ML throughput_gbps=7.9774 latency_ms=66.4287
[2026-08-09T10:20:57] SAMPLE t=17s phase=Stable adaptation=without_ML throughput_gbps=8.2397 latency_ms=68.8956
[2026-08-09T10:20:58] SAMPLE t=18s phase=Stable adaptation=without_ML throughput_gbps=7.9603 latency_ms=64.2599
[2026-08-09T10:20:59] SAMPLE t=19s phase=Stable adaptation=without_ML throughput_gbps=8.2464 latency_ms=66.7405
[2026-08-09T10:21:00] SAMPLE t=20s phase=Congestion adaptation=without_ML throughput_gbps=8.2603 latency_ms=64.2444
[2026-08-09T10:21:01] SAMPLE t=21s phase=Congestion adaptation=without_ML throughput_gbps=7.6508 latency_ms=65.888
[2026-08-09T10:21:02] SAMPLE t=22s phase=Congestion adaptation=without_ML throughput_gbps=8.38 latency_ms=66.9368
[2026-08-09T10:21:03] SAMPLE t=23s phase=Congestion adaptation=without_ML throughput_gbps=8.2971 latency_ms=65.8284
[2026-08-09T10:21:04] SAMPLE t=24s phase=Congestion adaptation=without_ML throughput_gbps=7.763 latency_ms=64.5656
[2026-08-09T10:21:05] SAMPLE t=25s phase=Congestion adaptation=without_ML throughput_gbps=7.7786 latency_ms=64.2749
[2026-08-09T10:21:06] SAMPLE t=26s phase=Congestion adaptation=without_ML throughput_gbps=7.8741 latency_ms=63.9581
[2026-08-09T10:21:07] SAMPLE t=27s phase=Congestion adaptation=without_ML throughput_gbps=7.9114 latency_ms=67.7963
[2026-08-09T10:21:08] SAMPLE t=28s phase=Congestion adaptation=without_ML throughput_gbps=7.818 latency_ms=66.7738
[2026-08-09T10:21:09] SAMPLE t=29s phase=Congestion adaptation=without_ML throughput_gbps=8.2605 latency_ms=65.0416
[2026-08-09T10:21:10] SAMPLE t=30s phase=Congestion adaptation=without_ML throughput_gbps=7.8586 latency_ms=65.1092
[2026-08-09T10:21:11] SAMPLE t=31s phase=Congestion adaptation=without_ML throughput_gbps=8.3464 latency_ms=66.2546
[2026-08-09T10:21:12] SAMPLE t=32s phase=Congestion adaptation=without_ML throughput_gbps=8.0455 latency_ms=67.1617
[2026-08-09T10:21:13] SAMPLE t=33s phase=Congestion adaptation=without_ML throughput_gbps=8.1523 latency_ms=66.5375
[2026-08-09T10:21:14] SAMPLE t=34s phase=Congestion adaptation=without_ML throughput_gbps=8.1512 latency_ms=66.622
[2026-08-09T10:21:15] SAMPLE t=35s phase=Congestion adaptation=without_ML throughput_gbps=8.1646 latency_ms=64.5085
[2026-08-09T10:21:16] SAMPLE t=36s phase=Congestion adaptation=without_ML throughput_gbps=8.4543 latency_ms=63.3931
[2026-08-09T10:21:17] SAMPLE t=37s phase=Congestion adaptation=without_ML throughput_gbps=7.8784 latency_ms=64.6886
[2026-08-09T10:21:18] SAMPLE t=38s phase=Congestion adaptation=without_ML throughput_gbps=7.7117 latency_ms=65.5726
[2026-08-09T10:21:19] SAMPLE t=39s phase=Congestion adaptation=without_ML throughput_gbps=7.7426 latency_ms=69.3067
[2026-08-09T10:21:20] SAMPLE t=40s phase=Path_change adaptation=without_ML throughput_gbps=7.8717 latency_ms=68.139
[2026-08-09T10:21:21] SAMPLE t=41s phase=Path_change adaptation=without_ML throughput_gbps=7.7587 latency_ms=68.8103
[2026-08-09T10:21:22] SAMPLE t=42s phase=Path_change adaptation=without_ML throughput_gbps=7.6004 latency_ms=67.8529
[2026-08-09T10:21:23] SAMPLE t=43s phase=Path_change adaptation=without_ML throughput_gbps=7.0099 latency_ms=68.9378
[2026-08-09T10:21:24] SAMPLE t=44s phase=Path_change adaptation=without_ML throughput_gbps=6.3066 latency_ms=71.0541
[2026-08-09T10:21:25] SAMPLE t=45s phase=Path_change adaptation=without_ML throughput_gbps=6.4667 latency_ms=72.0146
[2026-08-09T10:21:26] SAMPLE t=46s phase=Path_change adaptation=without_ML throughput_gbps=6.0045 latency_ms=71.7109
[2026-08-09T10:21:27] SAMPLE t=47s phase=Path_change adaptation=without_ML throughput_gbps=6.071 latency_ms=73.4748
[2026-08-09T10:21:28] SAMPLE t=48s phase=Path_change adaptation=without_ML throughput_gbps=5.8017 latency_ms=73.2921
[2026-08-09T10:21:29] SAMPLE t=49s phase=Path_change adaptation=without_ML throughput_gbps=5.8221 latency_ms=71.9199
[2026-08-09T10:21:30] SAMPLE t=50s phase=Path_change adaptation=without_ML throughput_gbps=5.6597 latency_ms=72.1171
[2026-08-09T10:21:31] SAMPLE t=51s phase=Path_change adaptation=without_ML throughput_gbps=5.907 latency_ms=72.0388
[2026-08-09T10:21:32] SAMPLE t=52s phase=Path_change adaptation=without_ML throughput_gbps=5.9122 latency_ms=73.4417
[2026-08-09T10:21:33] SAMPLE t=53s phase=Path_change adaptation=without_ML throughput_gbps=5.8139 latency_ms=72.0076
[2026-08-09T10:21:34] SAMPLE t=54s phase=Path_change adaptation=without_ML throughput_gbps=6.409 latency_ms=70.6568
[2026-08-09T10:21:35] SAMPLE t=55s phase=Path_change adaptation=without_ML throughput_gbps=6.3535 latency_ms=69.8454
[2026-08-09T10:21:36] SAMPLE t=56s phase=Path_change adaptation=without_ML throughput_gbps=6.968 latency_ms=69.3615
[2026-08-09T10:21:37] SAMPLE t=57s phase=Path_change adaptation=without_ML throughput_gbps=6.8809 latency_ms=69.2745
[2026-08-09T10:21:38] SAMPLE t=58s phase=Path_change adaptation=without_ML throughput_gbps=7.3912 latency_ms=67.759
[2026-08-09T10:21:39] SAMPLE t=59s phase=Path_change adaptation=without_ML throughput_gbps=7.5138 latency_ms=66.4361
[2026-08-09T10:21:40] SAMPLE t=60s phase=Loss_spike adaptation=without_ML throughput_gbps=6.0798 latency_ms=69.8456
[2026-08-09T10:21:41] SAMPLE t=61s phase=Loss_spike adaptation=without_ML throughput_gbps=8.2194 latency_ms=79.0219
[2026-08-09T10:21:42] SAMPLE t=62s phase=Loss_spike adaptation=without_ML throughput_gbps=7.5362 latency_ms=77.8297
[2026-08-09T10:21:43] SAMPLE t=63s phase=Loss_spike adaptation=without_ML throughput_gbps=4.7393 latency_ms=72.4472
[2026-08-09T10:21:44] SAMPLE t=64s phase=Loss_spike adaptation=without_ML throughput_gbps=4.1296 latency_ms=80.3254
[2026-08-09T10:21:45] SAMPLE t=65s phase=Loss_spike adaptation=without_ML throughput_gbps=6.5413 latency_ms=68.7258
[2026-08-09T10:21:46] SAMPLE t=66s phase=Loss_spike adaptation=without_ML throughput_gbps=8.3994 latency_ms=74.5444
[2026-08-09T10:21:47] SAMPLE t=67s phase=Loss_spike adaptation=without_ML throughput_gbps=7.2698 latency_ms=75.3891
[2026-08-09T10:21:48] SAMPLE t=68s phase=Loss_spike adaptation=without_ML throughput_gbps=4.9379 latency_ms=76.1992
[2026-08-09T10:21:49] SAMPLE t=69s phase=Loss_spike adaptation=without_ML throughput_gbps=3.9876 latency_ms=81.2692
[2026-08-09T10:21:50] SAMPLE t=70s phase=Loss_spike adaptation=without_ML throughput_gbps=6.096 latency_ms=70.1232
[2026-08-09T10:21:51] SAMPLE t=71s phase=Loss_spike adaptation=without_ML throughput_gbps=8.085 latency_ms=76.2155
[2026-08-09T10:21:52] SAMPLE t=72s phase=Loss_spike adaptation=without_ML throughput_gbps=7.6261 latency_ms=75.7002
[2026-08-09T10:21:53] SAMPLE t=73s phase=Loss_spike adaptation=without_ML throughput_gbps=4.9774 latency_ms=74.7373
[2026-08-09T10:21:54] SAMPLE t=74s phase=Loss_spike adaptation=without_ML throughput_gbps=3.7716 latency_ms=80.586
[2026-08-09T10:21:55] SAMPLE t=75s phase=Loss_spike adaptation=without_ML throughput_gbps=6.1193 latency_ms=68.4611
[2026-08-09T10:21:56] SAMPLE t=76s phase=Loss_spike adaptation=without_ML throughput_gbps=8.4232 latency_ms=77.9968
[2026-08-09T10:21:57] SAMPLE t=77s phase=Loss_spike adaptation=without_ML throughput_gbps=7.4293 latency_ms=75.4463
[2026-08-09T10:21:58] SAMPLE t=78s phase=Loss_spike adaptation=without_ML throughput_gbps=4.7737 latency_ms=74.7433
[2026-08-09T10:21:59] SAMPLE t=79s phase=Loss_spike adaptation=without_ML throughput_gbps=3.9621 latency_ms=79.4396
[2026-08-09T10:22:00] SAMPLE t=80s phase=Recovery adaptation=without_ML throughput_gbps=7.891 latency_ms=66.2107
[2026-08-09T10:22:01] SAMPLE t=81s phase=Recovery adaptation=without_ML throughput_gbps=8.0827 latency_ms=65.1364
[2026-08-09T10:22:02] SAMPLE t=82s phase=Recovery adaptation=without_ML throughput_gbps=8.0467 latency_ms=66.1703
[2026-08-09T10:22:03] SAMPLE t=83s phase=Recovery adaptation=without_ML throughput_gbps=7.814 latency_ms=65.9804
[2026-08-09T10:22:04] SAMPLE t=84s phase=Recovery adaptation=without_ML throughput_gbps=7.7009 latency_ms=64.8647
[2026-08-09T10:22:05] SAMPLE t=85s phase=Recovery adaptation=without_ML throughput_gbps=7.9473 latency_ms=65.1549
[2026-08-09T10:22:06] SAMPLE t=86s phase=Recovery adaptation=without_ML throughput_gbps=8.3527 latency_ms=68.9573
[2026-08-09T10:22:07] SAMPLE t=87s phase=Recovery adaptation=without_ML throughput_gbps=7.7619 latency_ms=65.597
[2026-08-09T10:22:08] SAMPLE t=88s phase=Recovery adaptation=without_ML throughput_gbps=8.2126 latency_ms=66.5293
[2026-08-09T10:22:09] SAMPLE t=89s phase=Recovery adaptation=without_ML throughput_gbps=8.2378 latency_ms=64.8971
[2026-08-09T10:22:10] SAMPLE t=90s phase=Recovery adaptation=without_ML throughput_gbps=8.2965 latency_ms=64.9665
[2026-08-09T10:22:11] SAMPLE t=91s phase=Recovery adaptation=without_ML throughput_gbps=8.3758 latency_ms=67.3998
[2026-08-09T10:22:12] SAMPLE t=92s phase=Recovery adaptation=without_ML throughput_gbps=7.9789 latency_ms=66.0044
[2026-08-09T10:22:13] SAMPLE t=93s phase=Recovery adaptation=without_ML throughput_gbps=8.3672 latency_ms=67.8826
[2026-08-09T10:22:14] SAMPLE t=94s phase=Recovery adaptation=without_ML throughput_gbps=8.1396 latency_ms=66.6855
[2026-08-09T10:22:15] SAMPLE t=95s phase=Recovery adaptation=without_ML throughput_gbps=8.4943 latency_ms=64.3229
[2026-08-09T10:22:16] SAMPLE t=96s phase=Recovery adaptation=without_ML throughput_gbps=8.458 latency_ms=67.3037
[2026-08-09T10:22:17] SAMPLE t=97s phase=Recovery adaptation=without_ML throughput_gbps=8.0574 latency_ms=65.883
[2026-08-09T10:22:18] SAMPLE t=98s phase=Recovery adaptation=without_ML throughput_gbps=8.0678 latency_ms=67.7121
[2026-08-09T10:22:19] SAMPLE t=99s phase=Recovery adaptation=without_ML throughput_gbps=7.8603 latency_ms=64.517
[2026-08-09T10:20:40] TRACE_END run_id=53 status=OK
