[2026-08-05T21:03:24] TRACE_START run_id=21
[2026-08-05T21:03:24] SAMPLE t=0s phase=Stable adaptation=with_ML throughput_gbps=8.4117 latency_ms=67.2201
[2026-08-05T21:03:25] SAMPLE t=1s phase=Stable adaptation=with_ML throughput_gbps=8.2944 latency_ms=66.2132
[2026-08-05T21:03:26] SAMPLE t=2s phase=Stable adaptation=with_ML throughput_gbps=8.1242 latency_ms=67.3241
[2026-08-05T21:03:27] SAMPLE t=3s phase=Stable adaptation=with_ML throughput_gbps=8.1612 latency_ms=66.1643
[2026-08-05T21:03:28] SAMPLE t=4s phase=Stable adaptation=with_ML throughput_gbps=7.9507 latency_ms=67.3352
[2026-08-05T21:03:29] SAMPLE t=5s phase=Stable adaptation=with_ML throughput_gbps=7.8202 latency_ms=64.753
[2026-08-05T21:03:30] SAMPLE t=6s phase=Stable adaptation=with_ML throughput_gbps=8.2797 latency_ms=65.7318
[2026-08-05T21:03:31] SAMPLE t=7s phase=Stable adaptation=with_ML throughput_gbps=8.1877 latency_ms=68.1888
[2026-08-05T21:03:32] SAMPLE t=8s phase=Stable adaptation=with_ML throughput_gbps=8.0904 latency_ms=66.2633
[2026-08-05T21:03:33] SAMPLE t=9s phase=Stable adaptation=with_ML throughput_gbps=8.2186 latency_ms=66.2086
[2026-08-05T21:03:34] SAMPLE t=10s phase=Stable adaptation=with_ML throughput_gbps=8.1825 latency_ms=65.6628
[2026-08-05T21:03:35] SAMPLE t=11s phase=Stable adaptation=with_ML throughput_gbps=8.1679 latency_ms=67.169
[2026-08-05T21:03:36] SAMPLE t=12s phase=Stable adaptation=with_ML throughput_gbps=8.4458 latency_ms=64.9755
[2026-08-05T21:03:37] SAMPLE t=13s phase=Stable adaptation=with_ML throughput_gbps=7.8164 latency_ms=65.5462
[2026-08-05T21:03:38] SAMPLE t=14s phase=Stable adaptation=with_ML throughput_gbps=8.1129 latency_ms=65.1642
[2026-08-05T21:03:39] SAMPLE t=15s phase=Stable adaptation=with_ML throughput_gbps=8.549 latency_ms=67.2568
[2026-08-05T21:03:40] SAMPLE t=16s phase=Stable adaptation=with_ML throughput_gbps=8.1245 latency_ms=66.6225
[2026-08-05T21:03:41] SAMPLE t=17s phase=Stable adaptation=with_ML throughput_gbps=8.2547 latency_ms=66.701
[2026-08-05T21:03:42] SAMPLE t=18s phase=Stable adaptation=with_ML throughput_gbps=8.0177 latency_ms=67.421
[2026-08-05T21:03:43] SAMPLE t=19s phase=Stable adaptation=with_ML throughput_gbps=7.9188 latency_ms=65.1331
[2026-08-05T21:03:44] SAMPLE t=20s phase=Congestion adaptation=with_ML throughput_gbps=8.3372 latency_ms=66.5839
[2026-08-05T21:03:45] SAMPLE t=21s phase=Congestion adaptation=with_ML throughput_gbps=8.0582 latency_ms=65.2693
[2026-08-05T21:03:46] SAMPLE t=22s phase=Congestion adaptation=with_ML throughput_gbps=8.0884 latency_ms=66.9971
[2026-08-05T21:03:47] SAMPLE t=23s phase=Congestion adaptation=with_ML throughput_gbps=8.4068 latency_ms=64.723
[2026-08-05T21:03:48] SAMPLE t=24s phase=Congestion adaptation=with_ML throughput_gbps=8.1172 latency_ms=65.7343
[2026-08-05T21:03:49] SAMPLE t=25s phase=Congestion adaptation=with_ML throughput_gbps=8.5142 latency_ms=65.8901
[2026-08-05T21:03:50] SAMPLE t=26s phase=Congestion adaptation=with_ML throughput_gbps=7.8252 latency_ms=67.5612
[2026-08-05T21:03:51] SAMPLE t=27s phase=Congestion adaptation=with_ML throughput_gbps=8.0654 latency_ms=67.8865
[2026-08-05T21:03:52] SAMPLE t=28s phase=Congestion adaptation=with_ML throughput_gbps=8.0409 latency_ms=66.9015
[2026-08-05T21:03:53] SAMPLE t=29s phase=Congestion adaptation=with_ML throughput_gbps=7.9989 latency_ms=69.219
[2026-08-05T21:03:54] SAMPLE t=30s phase=Congestion adaptation=with_ML throughput_gbps=7.7343 latency_ms=68.9892
[2026-08-05T21:03:55] SAMPLE t=31s phase=Congestion adaptation=with_ML throughput_gbps=7.9573 latency_ms=66.0046
[2026-08-05T21:03:56] SAMPLE t=32s phase=Congestion adaptation=with_ML throughput_gbps=7.636 latency_ms=66.5873
[2026-08-05T21:03:57] SAMPLE t=33s phase=Congestion adaptation=with_ML throughput_gbps=7.8846 latency_ms=67.0465
[2026-08-05T21:03:58] SAMPLE t=34s phase=Congestion adaptation=with_ML throughput_gbps=8.0707 latency_ms=66.0238
[2026-08-05T21:03:59] SAMPLE t=35s phase=Congestion adaptation=with_ML throughput_gbps=8.0643 latency_ms=68.5498
[2026-08-05T21:04:00] SAMPLE t=36s phase=Congestion adaptation=with_ML throughput_gbps=8.2271 latency_ms=66.6279
[2026-08-05T21:04:01] SAMPLE t=37s phase=Congestion adaptation=with_ML throughput_gbps=8.1954 latency_ms=66.4829
[2026-08-05T21:04:02] SAMPLE t=38s phase=Congestion adaptation=with_ML throughput_gbps=8.1309 latency_ms=66.0111
[2026-08-05T21:04:03] SAMPLE t=39s phase=Congestion adaptation=with_ML throughput_gbps=8.0128 latency_ms=65.6917
[2026-08-05T21:04:04] SAMPLE t=40s phase=Path_change adaptation=with_ML throughput_gbps=8.2525 latency_ms=65.6319
[2026-08-05T21:04:05] SAMPLE t=41s phase=Path_change adaptation=with_ML throughput_gbps=8.2614 latency_ms=67.9971
[2026-08-05T21:04:06] SAMPLE t=42s phase=Path_change adaptation=with_ML throughput_gbps=7.9257 latency_ms=65.9233
[2026-08-05T21:04:07] SAMPLE t=43s phase=Path_change adaptation=with_ML throughput_gbps=7.6795 latency_ms=66.9629
[2026-08-05T21:04:08] SAMPLE t=44s phase=Path_change adaptation=with_ML throughput_gbps=7.5006 latency_ms=65.5361
[2026-08-05T21:04:09] SAMPLE t=45s phase=Path_change adaptation=with_ML throughput_gbps=7.3858 latency_ms=67.7309
[2026-08-05T21:04:10] SAMPLE t=46s phase=Path_change adaptation=with_ML throughput_gbps=6.9678 latency_ms=67.4692
[2026-08-05T21:04:11] SAMPLE t=47s phase=Path_change adaptation=with_ML throughput_gbps=7.3223 latency_ms=68.8518
[2026-08-05T21:04:12] SAMPLE t=48s phase=Path_change adaptation=with_ML throughput_gbps=7.3422 latency_ms=67.6511
[2026-08-05T21:04:13] SAMPLE t=49s phase=Path_change adaptation=with_ML throughput_gbps=7.5399 latency_ms=68.2414
[2026-08-05T21:04:14] SAMPLE t=50s phase=Path_change adaptation=with_ML throughput_gbps=7.4494 latency_ms=69.4071
[2026-08-05T21:04:15] SAMPLE t=51s phase=Path_change adaptation=with_ML throughput_gbps=7.3732 latency_ms=68.2458
[2026-08-05T21:04:16] SAMPLE t=52s phase=Path_change adaptation=with_ML throughput_gbps=7.3256 latency_ms=66.3607
[2026-08-05T21:04:17] SAMPLE t=53s phase=Path_change adaptation=with_ML throughput_gbps=7.3121 latency_ms=69.4055
[2026-08-05T21:04:18] SAMPLE t=54s phase=Path_change adaptation=with_ML throughput_gbps=7.6983 latency_ms=69.1028
[2026-08-05T21:04:19] SAMPLE t=55s phase=Path_change adaptation=with_ML throughput_gbps=7.1242 latency_ms=67.2728
[2026-08-05T21:04:20] SAMPLE t=56s phase=Path_change adaptation=with_ML throughput_gbps=7.316 latency_ms=68.9817
[2026-08-05T21:04:21] SAMPLE t=57s phase=Path_change adaptation=with_ML throughput_gbps=7.8743 latency_ms=66.9426
[2026-08-05T21:04:22] SAMPLE t=58s phase=Path_change adaptation=with_ML throughput_gbps=7.9991 latency_ms=66.5572
[2026-08-05T21:04:23] SAMPLE t=59s phase=Path_change adaptation=with_ML throughput_gbps=8.0846 latency_ms=67.9329
[2026-08-05T21:04:24] SAMPLE t=60s phase=Loss_spike adaptation=with_ML throughput_gbps=7.4856 latency_ms=66.0662
[2026-08-05T21:04:25] SAMPLE t=61s phase=Loss_spike adaptation=with_ML throughput_gbps=8.5121 latency_ms=70.3486
[2026-08-05T21:04:26] SAMPLE t=62s phase=Loss_spike adaptation=with_ML throughput_gbps=8.3394 latency_ms=69.6292
[2026-08-05T21:04:27] SAMPLE t=63s phase=Loss_spike adaptation=with_ML throughput_gbps=6.7739 latency_ms=67.9748
[2026-08-05T21:04:28] SAMPLE t=64s phase=Loss_spike adaptation=with_ML throughput_gbps=5.9986 latency_ms=69.7356
[2026-08-05T21:04:29] SAMPLE t=65s phase=Loss_spike adaptation=with_ML throughput_gbps=7.3543 latency_ms=67.9875
[2026-08-05T21:04:30] SAMPLE t=66s phase=Loss_spike adaptation=with_ML throughput_gbps=8.3083 latency_ms=69.8368
[2026-08-05T21:04:31] SAMPLE t=67s phase=Loss_spike adaptation=with_ML throughput_gbps=7.715 latency_ms=69.2803
[2026-08-05T21:04:32] SAMPLE t=68s phase=Loss_spike adaptation=with_ML throughput_gbps=6.7496 latency_ms=69.4157
[2026-08-05T21:04:33] SAMPLE t=69s phase=Loss_spike adaptation=with_ML throughput_gbps=6.2473 latency_ms=71.2492
[2026-08-05T21:04:34] SAMPLE t=70s phase=Loss_spike adaptation=with_ML throughput_gbps=7.3645 latency_ms=68.133
[2026-08-05T21:04:35] SAMPLE t=71s phase=Loss_spike adaptation=with_ML throughput_gbps=8.3557 latency_ms=70.53
[2026-08-05T21:04:36] SAMPLE t=72s phase=Loss_spike adaptation=with_ML throughput_gbps=7.7193 latency_ms=71.1115
[2026-08-05T21:04:37] SAMPLE t=73s phase=Loss_spike adaptation=with_ML throughput_gbps=6.6861 latency_ms=68.6185
[2026-08-05T21:04:38] SAMPLE t=74s phase=Loss_spike adaptation=with_ML throughput_gbps=6.6231 latency_ms=70.8094
[2026-08-05T21:04:39] SAMPLE t=75s phase=Loss_spike adaptation=with_ML throughput_gbps=7.5012 latency_ms=67.2612
[2026-08-05T21:04:40] SAMPLE t=76s phase=Loss_spike adaptation=with_ML throughput_gbps=8.4966 latency_ms=68.2468
[2026-08-05T21:04:41] SAMPLE t=77s phase=Loss_spike adaptation=with_ML throughput_gbps=7.8635 latency_ms=68.7191
[2026-08-05T21:04:42] SAMPLE t=78s phase=Loss_spike adaptation=with_ML throughput_gbps=6.8617 latency_ms=69.8253
[2026-08-05T21:04:43] SAMPLE t=79s phase=Loss_spike adaptation=with_ML throughput_gbps=5.9373 latency_ms=70.6033
[2026-08-05T21:04:44] SAMPLE t=80s phase=Recovery adaptation=with_ML throughput_gbps=7.9146 latency_ms=65.4656
[2026-08-05T21:04:45] SAMPLE t=81s phase=Recovery adaptation=with_ML throughput_gbps=8.1614 latency_ms=65.6509
[2026-08-05T21:04:46] SAMPLE t=82s phase=Recovery adaptation=with_ML throughput_gbps=8.0467 latency_ms=64.3442
[2026-08-05T21:04:47] SAMPLE t=83s phase=Recovery adaptation=with_ML throughput_gbps=8.4201 latency_ms=66.6809
[2026-08-05T21:04:48] SAMPLE t=84s phase=Recovery adaptation=with_ML throughput_gbps=8.0077 latency_ms=66.741
[2026-08-05T21:04:49] SAMPLE t=85s phase=Recovery adaptation=with_ML throughput_gbps=7.9621 latency_ms=66.2059
[2026-08-05T21:04:50] SAMPLE t=86s phase=Recovery adaptation=with_ML throughput_gbps=8.2022 latency_ms=65.7335
[2026-08-05T21:04:51] SAMPLE t=87s phase=Recovery adaptation=with_ML throughput_gbps=8.3847 latency_ms=66.918
[2026-08-05T21:04:52] SAMPLE t=88s phase=Recovery adaptation=with_ML throughput_gbps=8.3945 latency_ms=64.0143
[2026-08-05T21:04:53] SAMPLE t=89s phase=Recovery adaptation=with_ML throughput_gbps=7.9732 latency_ms=64.1622
[2026-08-05T21:04:54] SAMPLE t=90s phase=Recovery adaptation=with_ML throughput_gbps=8.3435 latency_ms=66.552
[2026-08-05T21:04:55] SAMPLE t=91s phase=Recovery adaptation=with_ML throughput_gbps=8.6548 latency_ms=66.4631
[2026-08-05T21:04:56] SAMPLE t=92s phase=Recovery adaptation=with_ML throughput_gbps=8.3795 latency_ms=65.4183
[2026-08-05T21:04:57] SAMPLE t=93s phase=Recovery adaptation=with_ML throughput_gbps=8.5109 latency_ms=64.0371
[2026-08-05T21:04:58] SAMPLE t=94s phase=Recovery adaptation=with_ML throughput_gbps=7.9333 latency_ms=64.2982
[2026-08-05T21:04:59] SAMPLE t=95s phase=Recovery adaptation=with_ML throughput_gbps=8.6488 latency_ms=66.4226
[2026-08-05T21:05:00] SAMPLE t=96s phase=Recovery adaptation=with_ML throughput_gbps=8.5616 latency_ms=66.4985
[2026-08-05T21:05:01] SAMPLE t=97s phase=Recovery adaptation=with_ML throughput_gbps=8.3415 latency_ms=67.1152
[2026-08-05T21:05:02] SAMPLE t=98s phase=Recovery adaptation=with_ML throughput_gbps=8.5712 latency_ms=64.355
[2026-08-05T21:05:03] SAMPLE t=99s phase=Recovery adaptation=with_ML throughput_gbps=8.7637 latency_ms=64.4014
[2026-08-05T21:03:24] SAMPLE t=0s phase=Stable adaptation=without_ML throughput_gbps=8.1576 latency_ms=64.9557
[2026-08-05T21:03:25] SAMPLE t=1s phase=Stable adaptation=without_ML throughput_gbps=7.9713 latency_ms=67.1077
[2026-08-05T21:03:26] SAMPLE t=2s phase=Stable adaptation=without_ML throughput_gbps=8.4138 latency_ms=67.0203
[2026-08-05T21:03:27] SAMPLE t=3s phase=Stable adaptation=without_ML throughput_gbps=7.7089 latency_ms=64.4359
[2026-08-05T21:03:28] SAMPLE t=4s phase=Stable adaptation=without_ML throughput_gbps=8.0036 latency_ms=65.6113
[2026-08-05T21:03:29] SAMPLE t=5s phase=Stable adaptation=without_ML throughput_gbps=7.9549 latency_ms=67.2104
[2026-08-05T21:03:30] SAMPLE t=6s phase=Stable adaptation=without_ML throughput_gbps=8.1436 latency_ms=64.1164
[2026-08-05T21:03:31] SAMPLE t=7s phase=Stable adaptation=without_ML throughput_gbps=7.5394 latency_ms=64.9242
[2026-08-05T21:03:32] SAMPLE t=8s phase=Stable adaptation=without_ML throughput_gbps=8.1088 latency_ms=66.8934
[2026-08-05T21:03:33] SAMPLE t=9s phase=Stable adaptation=without_ML throughput_gbps=8.1124 latency_ms=65.6283
[2026-08-05T21:03:34] SAMPLE t=10s phase=Stable adaptation=without_ML throughput_gbps=8.1926 latency_ms=65.9915
[2026-08-05T21:03:35] SAMPLE t=11s phase=Stable adaptation=without_ML throughput_gbps=7.8993 latency_ms=66.2021
[2026-08-05T21:03:36] SAMPLE t=12s phase=Stable adaptation=without_ML throughput_gbps=7.8122 latency_ms=65.2578
[2026-08-05T21:03:37] SAMPLE t=13s phase=Stable adaptation=without_ML throughput_gbps=7.9557 latency_ms=64.5829
[2026-08-05T21:03:38] SAMPLE t=14s phase=Stable adaptation=without_ML throughput_gbps=8.1855 latency_ms=67.6299
[2026-08-05T21:03:39] SAMPLE t=15s phase=Stable adaptation=without_ML throughput_gbps=7.966 latency_ms=64.9857
[2026-08-05T21:03:40] SAMPLE t=16s phase=Stable adaptation=without_ML throughput_gbps=7.8289 latency_ms=63.1343
[2026-08-05T21:03:41] SAMPLE t=17s phase=Stable adaptation=without_ML throughput_gbps=8.3473 latency_ms=66.9381
[2026-08-05T21:03:42] SAMPLE t=18s phase=Stable adaptation=without_ML throughput_gbps=8.0973 latency_ms=67.205
[2026-08-05T21:03:43] SAMPLE t=19s phase=Stable adaptation=without_ML throughput_gbps=7.8592 latency_ms=65.0653
[2026-08-05T21:03:44] SAMPLE t=20s phase=Congestion adaptation=without_ML throughput_gbps=8.4099 latency_ms=66.2844
[2026-08-05T21:03:45] SAMPLE t=21s phase=Congestion adaptation=without_ML throughput_gbps=7.7245 latency_ms=67.9804
[2026-08-05T21:03:46] SAMPLE t=22s phase=Congestion adaptation=without_ML throughput_gbps=7.9143 latency_ms=63.5977
[2026-08-05T21:03:47] SAMPLE t=23s phase=Congestion adaptation=without_ML throughput_gbps=8.1388 latency_ms=64.582
[2026-08-05T21:03:48] SAMPLE t=24s phase=Congestion adaptation=without_ML throughput_gbps=7.8056 latency_ms=63.492
[2026-08-05T21:03:49] SAMPLE t=25s phase=Congestion adaptation=without_ML throughput_gbps=8.064 latency_ms=65.1311
[2026-08-05T21:03:50] SAMPLE t=26s phase=Congestion adaptation=without_ML throughput_gbps=7.8603 latency_ms=65.567
[2026-08-05T21:03:51] SAMPLE t=27s phase=Congestion adaptation=without_ML throughput_gbps=8.0493 latency_ms=67.3606
[2026-08-05T21:03:52] SAMPLE t=28s phase=Congestion adaptation=without_ML throughput_gbps=7.7838 latency_ms=64.0177
[2026-08-05T21:03:53] SAMPLE t=29s phase=Congestion adaptation=without_ML throughput_gbps=7.9485 latency_ms=66.4844
[2026-08-05T21:03:54] SAMPLE t=30s phase=Congestion adaptation=without_ML throughput_gbps=7.9725 latency_ms=67.4615
[2026-08-05T21:03:55] SAMPLE t=31s phase=Congestion adaptation=without_ML throughput_gbps=8.0532 latency_ms=66.2726
[2026-08-05T21:03:56] SAMPLE t=32s phase=Congestion adaptation=without_ML throughput_gbps=7.8887 latency_ms=67.2478
[2026-08-05T21:03:57] SAMPLE t=33s phase=Congestion adaptation=without_ML throughput_gbps=7.9267 latency_ms=64.6451
[2026-08-05T21:03:58] SAMPLE t=34s phase=Congestion adaptation=without_ML throughput_gbps=7.8728 latency_ms=66.4247
[2026-08-05T21:03:59] SAMPLE t=35s phase=Congestion adaptation=without_ML throughput_gbps=8.0688 latency_ms=64.5616
[2026-08-05T21:04:00] SAMPLE t=36s phase=Congestion adaptation=without_ML throughput_gbps=8.5522 latency_ms=63.8259
[2026-08-05T21:04:01] SAMPLE t=37s phase=Congestion adaptation=without_ML throughput_gbps=7.973 latency_ms=68.1416
[2026-08-05T21:04:02] SAMPLE t=38s phase=Congestion adaptation=without_ML throughput_gbps=8.114 latency_ms=68.083
[2026-08-05T21:04:03] SAMPLE t=39s phase=Congestion adaptation=without_ML throughput_gbps=7.5504 latency_ms=65.6882
[2026-08-05T21:04:04] SAMPLE t=40s phase=Path_change adaptation=without_ML throughput_gbps=7.4357 latency_ms=67.897
[2026-08-05T21:04:05] SAMPLE t=41s phase=Path_change adaptation=without_ML throughput_gbps=7.9033 latency_ms=65.6784
[2026-08-05T21:04:06] SAMPLE t=42s phase=Path_change adaptation=without_ML throughput_gbps=6.8485 latency_ms=64.9565
[2026-08-05T21:04:07] SAMPLE t=43s phase=Path_change adaptation=without_ML throughput_gbps=7.3059 latency_ms=70.4716
[2026-08-05T21:04:08] SAMPLE t=44s phase=Path_change adaptation=without_ML throughput_gbps=6.7573 latency_ms=68.7157
[2026-08-05T21:04:09] SAMPLE t=45s phase=Path_change adaptation=without_ML throughput_gbps=6.7477 latency_ms=70.6606
[2026-08-05T21:04:10] SAMPLE t=46s phase=Path_change adaptation=without_ML throughput_gbps=6.1477 latency_ms=72.9924
[2026-08-05T21:04:11] SAMPLE t=47s phase=Path_change adaptation=without_ML throughput_gbps=6.1022 latency_ms=74.2929
[2026-08-05T21:04:12] SAMPLE t=48s phase=Path_change adaptation=without_ML throughput_gbps=5.7796 latency_ms=73.78
[2026-08-05T21:04:13] SAMPLE t=49s phase=Path_change adaptation=without_ML throughput_gbps=5.3488 latency_ms=77.0874
[2026-08-05T21:04:14] SAMPLE t=50s phase=Path_change adaptation=without_ML throughput_gbps=5.4255 latency_ms=73.2202
[2026-08-05T21:04:15] SAMPLE t=51s phase=Path_change adaptation=without_ML throughput_gbps=5.6155 latency_ms=73.8957
[2026-08-05T21:04:16] SAMPLE t=52s phase=Path_change adaptation=without_ML throughput_gbps=5.6138 latency_ms=73.3345
[2026-08-05T21:04:17] SAMPLE t=53s phase=Path_change adaptation=without_ML throughput_gbps=5.9617 latency_ms=72.9676
[2026-08-05T21:04:18] SAMPLE t=54s phase=Path_change adaptation=without_ML throughput_gbps=6.2129 latency_ms=71.6102
[2026-08-05T21:04:19] SAMPLE t=55s phase=Path_change adaptation=without_ML throughput_gbps=6.3069 latency_ms=71.6517
[2026-08-05T21:04:20] SAMPLE t=56s phase=Path_change adaptation=without_ML throughput_gbps=6.4778 latency_ms=69.4212
[2026-08-05T21:04:21] SAMPLE t=57s phase=Path_change adaptation=without_ML throughput_gbps=6.8649 latency_ms=68.1881
[2026-08-05T21:04:22] SAMPLE t=58s phase=Path_change adaptation=without_ML throughput_gbps=6.935 latency_ms=64.6253
[2026-08-05T21:04:23] SAMPLE t=59s phase=Path_change adaptation=without_ML throughput_gbps=7.5779 latency_ms=64.9572
[2026-08-05T21:04:24] SAMPLE t=60s phase=Loss_spike adaptation=without_ML throughput_gbps=6.2111 latency_ms=71.026
[2026-08-05T21:04:25] SAMPLE t=61s phase=Loss_spike adaptation=without_ML throughput_gbps=9.0257 latency_ms=78.3663
[2026-08-05T21:04:26] SAMPLE t=62s phase=Loss_spike adaptation=without_ML throughput_gbps=7.4019 latency_ms=74.4727
[2026-08-05T21:04:27] SAMPLE t=63s phase=Loss_spike adaptation=without_ML throughput_gbps=4.8377 latency_ms=76.1802
[2026-08-05T21:04:28] SAMPLE t=64s phase=Loss_spike adaptation=without_ML throughput_gbps=3.7799 latency_ms=79.9959
[2026-08-05T21:04:29] SAMPLE t=65s phase=Loss_spike adaptation=without_ML throughput_gbps=6.2716 latency_ms=69.2713
[2026-08-05T21:04:30] SAMPLE t=66s phase=Loss_spike adaptation=without_ML throughput_gbps=8.5997 latency_ms=80.8595
[2026-08-05T21:04:31] SAMPLE t=67s phase=Loss_spike adaptation=without_ML throughput_gbps=7.7214 latency_ms=72.1094
[2026-08-05T21:04:32] SAMPLE t=68s phase=Loss_spike adaptation=without_ML throughput_gbps=4.7473 latency_ms=79.6595
[2026-08-05T21:04:33] SAMPLE t=69s phase=Loss_spike adaptation=without_ML throughput_gbps=3.9791 latency_ms=79.7702
[2026-08-05T21:04:34] SAMPLE t=70s phase=Loss_spike adaptation=without_ML throughput_gbps=6.3293 latency_ms=74.1123
[2026-08-05T21:04:35] SAMPLE t=71s phase=Loss_spike adaptation=without_ML throughput_gbps=8.0999 latency_ms=80.4515
[2026-08-05T21:04:36] SAMPLE t=72s phase=Loss_spike adaptation=without_ML throughput_gbps=7.5872 latency_ms=77.2265
[2026-08-05T21:04:37] SAMPLE t=73s phase=Loss_spike adaptation=without_ML throughput_gbps=4.7768 latency_ms=72.6872
[2026-08-05T21:04:38] SAMPLE t=74s phase=Loss_spike adaptation=without_ML throughput_gbps=3.9186 latency_ms=79.2028
[2026-08-05T21:04:39] SAMPLE t=75s phase=Loss_spike adaptation=without_ML throughput_gbps=6.2316 latency_ms=70.1888
[2026-08-05T21:04:40] SAMPLE t=76s phase=Loss_spike adaptation=without_ML throughput_gbps=8.2874 latency_ms=76.316
[2026-08-05T21:04:41] SAMPLE t=77s phase=Loss_spike adaptation=without_ML throughput_gbps=7.4066 latency_ms=75.6824
[2026-08-05T21:04:42] SAMPLE t=78s phase=Loss_spike adaptation=without_ML throughput_gbps=4.7013 latency_ms=75.7495
[2026-08-05T21:04:43] SAMPLE t=79s phase=Loss_spike adaptation=without_ML throughput_gbps=4.3645 latency_ms=79.0901
[2026-08-05T21:04:44] SAMPLE t=80s phase=Recovery adaptation=without_ML throughput_gbps=8.0503 latency_ms=65.9933
[2026-08-05T21:04:45] SAMPLE t=81s phase=Recovery adaptation=without_ML throughput_gbps=7.7167 latency_ms=65.9906
[2026-08-05T21:04:46] SAMPLE t=82s phase=Recovery adaptation=without_ML throughput_gbps=8.2011 latency_ms=68.4048
[2026-08-05T21:04:47] SAMPLE t=83s phase=Recovery adaptation=without_ML throughput_gbps=8.231 latency_ms=64.9916
[2026-08-05T21:04:48] SAMPLE t=84s phase=Recovery adaptation=without_ML throughput_gbps=7.9449 latency_ms=66.7899
[2026-08-05T21:04:49] SAMPLE t=85s phase=Recovery adaptation=without_ML throughput_gbps=7.9524 latency_ms=64.5339
[2026-08-05T21:04:50] SAMPLE t=86s phase=Recovery adaptation=without_ML throughput_gbps=8.1466 latency_ms=65.8694
[2026-08-05T21:04:51] SAMPLE t=87s phase=Recovery adaptation=without_ML throughput_gbps=8.005 latency_ms=63.5783
[2026-08-05T21:04:52] SAMPLE t=88s phase=Recovery adaptation=without_ML throughput_gbps=8.2065 latency_ms=68.1688
[2026-08-05T21:04:53] SAMPLE t=89s phase=Recovery adaptation=without_ML throughput_gbps=7.435 latency_ms=64.1252
[2026-08-05T21:04:54] SAMPLE t=90s phase=Recovery adaptation=without_ML throughput_gbps=8.06 latency_ms=64.7826
[2026-08-05T21:04:55] SAMPLE t=91s phase=Recovery adaptation=without_ML throughput_gbps=8.2535 latency_ms=67.0518
[2026-08-05T21:04:56] SAMPLE t=92s phase=Recovery adaptation=without_ML throughput_gbps=7.8881 latency_ms=65.8178
[2026-08-05T21:04:57] SAMPLE t=93s phase=Recovery adaptation=without_ML throughput_gbps=8.159 latency_ms=65.8866
[2026-08-05T21:04:58] SAMPLE t=94s phase=Recovery adaptation=without_ML throughput_gbps=8.2386 latency_ms=66.378
[2026-08-05T21:04:59] SAMPLE t=95s phase=Recovery adaptation=without_ML throughput_gbps=8.2881 latency_ms=64.6925
[2026-08-05T21:05:00] SAMPLE t=96s phase=Recovery adaptation=without_ML throughput_gbps=8.5939 latency_ms=65.3073
[2026-08-05T21:05:01] SAMPLE t=97s phase=Recovery adaptation=without_ML throughput_gbps=8.0509 latency_ms=66.9192
[2026-08-05T21:05:02] SAMPLE t=98s phase=Recovery adaptation=without_ML throughput_gbps=7.7769 latency_ms=64.7137
[2026-08-05T21:05:03] SAMPLE t=99s phase=Recovery adaptation=without_ML throughput_gbps=8.0651 latency_ms=64.6096
[2026-08-05T21:03:24] TRACE_END run_id=21 status=OK
[2026-08-05T21:07:46] TRACE_START run_id=22
[2026-08-05T21:07:46] SAMPLE t=0s phase=Stable adaptation=with_ML throughput_gbps=8.1715 latency_ms=66.5876
[2026-08-05T21:07:47] SAMPLE t=1s phase=Stable adaptation=with_ML throughput_gbps=7.9218 latency_ms=66.6098
[2026-08-05T21:07:48] SAMPLE t=2s phase=Stable adaptation=with_ML throughput_gbps=8.3167 latency_ms=67.5155
[2026-08-05T21:07:49] SAMPLE t=3s phase=Stable adaptation=with_ML throughput_gbps=8.0339 latency_ms=66.8424
[2026-08-05T21:07:50] SAMPLE t=4s phase=Stable adaptation=with_ML throughput_gbps=7.767 latency_ms=64.9941
[2026-08-05T21:07:51] SAMPLE t=5s phase=Stable adaptation=with_ML throughput_gbps=8.0865 latency_ms=67.3497
[2026-08-05T21:07:52] SAMPLE t=6s phase=Stable adaptation=with_ML throughput_gbps=7.5766 latency_ms=64.8697
[2026-08-05T21:07:53] SAMPLE t=7s phase=Stable adaptation=with_ML throughput_gbps=8.1347 latency_ms=64.8753
[2026-08-05T21:07:54] SAMPLE t=8s phase=Stable adaptation=with_ML throughput_gbps=8.1238 latency_ms=68.3915
[2026-08-05T21:07:55] SAMPLE t=9s phase=Stable adaptation=with_ML throughput_gbps=8.0992 latency_ms=66.7176
[2026-08-05T21:07:56] SAMPLE t=10s phase=Stable adaptation=with_ML throughput_gbps=8.0038 latency_ms=67.4132
[2026-08-05T21:07:57] SAMPLE t=11s phase=Stable adaptation=with_ML throughput_gbps=8.2374 latency_ms=65.1784
[2026-08-05T21:07:58] SAMPLE t=12s phase=Stable adaptation=with_ML throughput_gbps=7.8094 latency_ms=66.0043
[2026-08-05T21:07:59] SAMPLE t=13s phase=Stable adaptation=with_ML throughput_gbps=7.8968 latency_ms=65.882
[2026-08-05T21:08:00] SAMPLE t=14s phase=Stable adaptation=with_ML throughput_gbps=8.2417 latency_ms=65.742
[2026-08-05T21:08:01] SAMPLE t=15s phase=Stable adaptation=with_ML throughput_gbps=7.7366 latency_ms=66.0075
[2026-08-05T21:08:02] SAMPLE t=16s phase=Stable adaptation=with_ML throughput_gbps=8.1217 latency_ms=66.9057
[2026-08-05T21:08:03] SAMPLE t=17s phase=Stable adaptation=with_ML throughput_gbps=8.104 latency_ms=65.1964
[2026-08-05T21:08:04] SAMPLE t=18s phase=Stable adaptation=with_ML throughput_gbps=7.9457 latency_ms=67.1295
[2026-08-05T21:08:05] SAMPLE t=19s phase=Stable adaptation=with_ML throughput_gbps=8.0667 latency_ms=66.1396
[2026-08-05T21:08:06] SAMPLE t=20s phase=Congestion adaptation=with_ML throughput_gbps=7.7536 latency_ms=64.7968
[2026-08-05T21:08:07] SAMPLE t=21s phase=Congestion adaptation=with_ML throughput_gbps=7.8048 latency_ms=67.3314
[2026-08-05T21:08:08] SAMPLE t=22s phase=Congestion adaptation=with_ML throughput_gbps=7.9631 latency_ms=64.9661
[2026-08-05T21:08:09] SAMPLE t=23s phase=Congestion adaptation=with_ML throughput_gbps=7.9331 latency_ms=66.8055
[2026-08-05T21:08:10] SAMPLE t=24s phase=Congestion adaptation=with_ML throughput_gbps=7.8451 latency_ms=65.6944
[2026-08-05T21:08:11] SAMPLE t=25s phase=Congestion adaptation=with_ML throughput_gbps=8.0386 latency_ms=66.9031
[2026-08-05T21:08:12] SAMPLE t=26s phase=Congestion adaptation=with_ML throughput_gbps=8.058 latency_ms=65.1066
[2026-08-05T21:08:13] SAMPLE t=27s phase=Congestion adaptation=with_ML throughput_gbps=7.8032 latency_ms=66.877
[2026-08-05T21:08:14] SAMPLE t=28s phase=Congestion adaptation=with_ML throughput_gbps=7.9657 latency_ms=65.3971
[2026-08-05T21:08:15] SAMPLE t=29s phase=Congestion adaptation=with_ML throughput_gbps=7.8039 latency_ms=65.3071
[2026-08-05T21:08:16] SAMPLE t=30s phase=Congestion adaptation=with_ML throughput_gbps=8.098 latency_ms=66.4244
[2026-08-05T21:08:17] SAMPLE t=31s phase=Congestion adaptation=with_ML throughput_gbps=7.5682 latency_ms=65.5297
[2026-08-05T21:08:18] SAMPLE t=32s phase=Congestion adaptation=with_ML throughput_gbps=8.1371 latency_ms=66.2651
[2026-08-05T21:08:19] SAMPLE t=33s phase=Congestion adaptation=with_ML throughput_gbps=7.964 latency_ms=65.4676
[2026-08-05T21:08:20] SAMPLE t=34s phase=Congestion adaptation=with_ML throughput_gbps=8.1467 latency_ms=69.1706
[2026-08-05T21:08:21] SAMPLE t=35s phase=Congestion adaptation=with_ML throughput_gbps=8.3405 latency_ms=68.4319
[2026-08-05T21:08:22] SAMPLE t=36s phase=Congestion adaptation=with_ML throughput_gbps=8.1114 latency_ms=64.9511
[2026-08-05T21:08:23] SAMPLE t=37s phase=Congestion adaptation=with_ML throughput_gbps=8.3799 latency_ms=66.1328
[2026-08-05T21:08:24] SAMPLE t=38s phase=Congestion adaptation=with_ML throughput_gbps=8.0044 latency_ms=67.3462
[2026-08-05T21:08:25] SAMPLE t=39s phase=Congestion adaptation=with_ML throughput_gbps=8.1399 latency_ms=67.4447
[2026-08-05T21:08:26] SAMPLE t=40s phase=Path_change adaptation=with_ML throughput_gbps=8.1366 latency_ms=66.9122
[2026-08-05T21:08:27] SAMPLE t=41s phase=Path_change adaptation=with_ML throughput_gbps=7.6994 latency_ms=66.3223
[2026-08-05T21:08:28] SAMPLE t=42s phase=Path_change adaptation=with_ML throughput_gbps=7.8276 latency_ms=67.4087
[2026-08-05T21:08:29] SAMPLE t=43s phase=Path_change adaptation=with_ML throughput_gbps=7.7191 latency_ms=67.0015
[2026-08-05T21:08:30] SAMPLE t=44s phase=Path_change adaptation=with_ML throughput_gbps=7.3433 latency_ms=67.6715
[2026-08-05T21:08:31] SAMPLE t=45s phase=Path_change adaptation=with_ML throughput_gbps=7.6836 latency_ms=66.0334
[2026-08-05T21:08:32] SAMPLE t=46s phase=Path_change adaptation=with_ML throughput_gbps=7.4065 latency_ms=68.7558
[2026-08-05T21:08:33] SAMPLE t=47s phase=Path_change adaptation=with_ML throughput_gbps=7.2637 latency_ms=68.1332
[2026-08-05T21:08:34] SAMPLE t=48s phase=Path_change adaptation=with_ML throughput_gbps=7.2766 latency_ms=68.0307
[2026-08-05T21:08:35] SAMPLE t=49s phase=Path_change adaptation=with_ML throughput_gbps=7.3455 latency_ms=67.8794
[2026-08-05T21:08:36] SAMPLE t=50s phase=Path_change adaptation=with_ML throughput_gbps=7.1071 latency_ms=68.9719
[2026-08-05T21:08:37] SAMPLE t=51s phase=Path_change adaptation=with_ML throughput_gbps=7.297 latency_ms=69.8679
[2026-08-05T21:08:38] SAMPLE t=52s phase=Path_change adaptation=with_ML throughput_gbps=7.1539 latency_ms=68.5074
[2026-08-05T21:08:39] SAMPLE t=53s phase=Path_change adaptation=with_ML throughput_gbps=7.1816 latency_ms=68.1661
[2026-08-05T21:08:40] SAMPLE t=54s phase=Path_change adaptation=with_ML throughput_gbps=7.3291 latency_ms=67.749
[2026-08-05T21:08:41] SAMPLE t=55s phase=Path_change adaptation=with_ML throughput_gbps=7.6817 latency_ms=65.913
[2026-08-05T21:08:42] SAMPLE t=56s phase=Path_change adaptation=with_ML throughput_gbps=7.8722 latency_ms=66.2934
[2026-08-05T21:08:43] SAMPLE t=57s phase=Path_change adaptation=with_ML throughput_gbps=7.7028 latency_ms=68.0072
[2026-08-05T21:08:44] SAMPLE t=58s phase=Path_change adaptation=with_ML throughput_gbps=7.8215 latency_ms=65.5366
[2026-08-05T21:08:45] SAMPLE t=59s phase=Path_change adaptation=with_ML throughput_gbps=7.8035 latency_ms=64.5421
[2026-08-05T21:08:46] SAMPLE t=60s phase=Loss_spike adaptation=with_ML throughput_gbps=7.6482 latency_ms=66.932
[2026-08-05T21:08:47] SAMPLE t=61s phase=Loss_spike adaptation=with_ML throughput_gbps=8.5432 latency_ms=69.7901
[2026-08-05T21:08:48] SAMPLE t=62s phase=Loss_spike adaptation=with_ML throughput_gbps=8.1844 latency_ms=69.5645
[2026-08-05T21:08:49] SAMPLE t=63s phase=Loss_spike adaptation=with_ML throughput_gbps=6.6008 latency_ms=69.8664
[2026-08-05T21:08:50] SAMPLE t=64s phase=Loss_spike adaptation=with_ML throughput_gbps=6.3254 latency_ms=72.3905
[2026-08-05T21:08:51] SAMPLE t=65s phase=Loss_spike adaptation=with_ML throughput_gbps=7.3456 latency_ms=68.4093
[2026-08-05T21:08:52] SAMPLE t=66s phase=Loss_spike adaptation=with_ML throughput_gbps=8.5429 latency_ms=70.1852
[2026-08-05T21:08:53] SAMPLE t=67s phase=Loss_spike adaptation=with_ML throughput_gbps=7.9183 latency_ms=70.3654
[2026-08-05T21:08:54] SAMPLE t=68s phase=Loss_spike adaptation=with_ML throughput_gbps=6.3814 latency_ms=69.7318
[2026-08-05T21:08:55] SAMPLE t=69s phase=Loss_spike adaptation=with_ML throughput_gbps=6.1304 latency_ms=70.098
[2026-08-05T21:08:56] SAMPLE t=70s phase=Loss_spike adaptation=with_ML throughput_gbps=7.2304 latency_ms=67.986
[2026-08-05T21:08:57] SAMPLE t=71s phase=Loss_spike adaptation=with_ML throughput_gbps=8.4675 latency_ms=72.6955
[2026-08-05T21:08:58] SAMPLE t=72s phase=Loss_spike adaptation=with_ML throughput_gbps=8.0902 latency_ms=70.0078
[2026-08-05T21:08:59] SAMPLE t=73s phase=Loss_spike adaptation=with_ML throughput_gbps=6.8574 latency_ms=70.2737
[2026-08-05T21:09:00] SAMPLE t=74s phase=Loss_spike adaptation=with_ML throughput_gbps=6.1697 latency_ms=70.0301
[2026-08-05T21:09:01] SAMPLE t=75s phase=Loss_spike adaptation=with_ML throughput_gbps=7.409 latency_ms=67.0055
[2026-08-05T21:09:02] SAMPLE t=76s phase=Loss_spike adaptation=with_ML throughput_gbps=8.5598 latency_ms=70.5298
[2026-08-05T21:09:03] SAMPLE t=77s phase=Loss_spike adaptation=with_ML throughput_gbps=7.8826 latency_ms=70.4396
[2026-08-05T21:09:04] SAMPLE t=78s phase=Loss_spike adaptation=with_ML throughput_gbps=6.9328 latency_ms=70.6056
[2026-08-05T21:09:05] SAMPLE t=79s phase=Loss_spike adaptation=with_ML throughput_gbps=6.4057 latency_ms=69.9974
[2026-08-05T21:09:06] SAMPLE t=80s phase=Recovery adaptation=with_ML throughput_gbps=8.0089 latency_ms=65.498
[2026-08-05T21:09:07] SAMPLE t=81s phase=Recovery adaptation=with_ML throughput_gbps=8.1985 latency_ms=66.1348
[2026-08-05T21:09:08] SAMPLE t=82s phase=Recovery adaptation=with_ML throughput_gbps=8.1485 latency_ms=64.5732
[2026-08-05T21:09:09] SAMPLE t=83s phase=Recovery adaptation=with_ML throughput_gbps=8.1937 latency_ms=65.8383
[2026-08-05T21:09:10] SAMPLE t=84s phase=Recovery adaptation=with_ML throughput_gbps=8.1835 latency_ms=65.4501
[2026-08-05T21:09:11] SAMPLE t=85s phase=Recovery adaptation=with_ML throughput_gbps=8.0381 latency_ms=65.9003
[2026-08-05T21:09:12] SAMPLE t=86s phase=Recovery adaptation=with_ML throughput_gbps=8.34 latency_ms=66.3726
[2026-08-05T21:09:13] SAMPLE t=87s phase=Recovery adaptation=with_ML throughput_gbps=8.2507 latency_ms=63.903
[2026-08-05T21:09:14] SAMPLE t=88s phase=Recovery adaptation=with_ML throughput_gbps=8.4957 latency_ms=66.0433
[2026-08-05T21:09:15] SAMPLE t=89s phase=Recovery adaptation=with_ML throughput_gbps=8.3232 latency_ms=65.2208
[2026-08-05T21:09:16] SAMPLE t=90s phase=Recovery adaptation=with_ML throughput_gbps=8.0445 latency_ms=64.866
[2026-08-05T21:09:17] SAMPLE t=91s phase=Recovery adaptation=with_ML throughput_gbps=8.717 latency_ms=66.8663
[2026-08-05T21:09:18] SAMPLE t=92s phase=Recovery adaptation=with_ML throughput_gbps=8.6139 latency_ms=65.7844
[2026-08-05T21:09:19] SAMPLE t=93s phase=Recovery adaptation=with_ML throughput_gbps=8.3794 latency_ms=64.2899
[2026-08-05T21:09:20] SAMPLE t=94s phase=Recovery adaptation=with_ML throughput_gbps=8.2874 latency_ms=62.9426
[2026-08-05T21:09:21] SAMPLE t=95s phase=Recovery adaptation=with_ML throughput_gbps=8.568 latency_ms=66.2332
[2026-08-05T21:09:22] SAMPLE t=96s phase=Recovery adaptation=with_ML throughput_gbps=8.0473 latency_ms=64.1734
[2026-08-05T21:09:23] SAMPLE t=97s phase=Recovery adaptation=with_ML throughput_gbps=8.2554 latency_ms=64.5672
[2026-08-05T21:09:24] SAMPLE t=98s phase=Recovery adaptation=with_ML throughput_gbps=8.2054 latency_ms=64.4956
[2026-08-05T21:09:25] SAMPLE t=99s phase=Recovery adaptation=with_ML throughput_gbps=8.5088 latency_ms=64.9484
[2026-08-05T21:07:46] SAMPLE t=0s phase=Stable adaptation=without_ML throughput_gbps=8.0714 latency_ms=63.7721
[2026-08-05T21:07:47] SAMPLE t=1s phase=Stable adaptation=without_ML throughput_gbps=8.1105 latency_ms=66.6734
[2026-08-05T21:07:48] SAMPLE t=2s phase=Stable adaptation=without_ML throughput_gbps=7.7488 latency_ms=63.9645
[2026-08-05T21:07:49] SAMPLE t=3s phase=Stable adaptation=without_ML throughput_gbps=7.6785 latency_ms=65.6544
[2026-08-05T21:07:50] SAMPLE t=4s phase=Stable adaptation=without_ML throughput_gbps=7.7659 latency_ms=66.4454
[2026-08-05T21:07:51] SAMPLE t=5s phase=Stable adaptation=without_ML throughput_gbps=7.8703 latency_ms=63.9937
[2026-08-05T21:07:52] SAMPLE t=6s phase=Stable adaptation=without_ML throughput_gbps=7.8951 latency_ms=67.1767
[2026-08-05T21:07:53] SAMPLE t=7s phase=Stable adaptation=without_ML throughput_gbps=8.2988 latency_ms=64.4719
[2026-08-05T21:07:54] SAMPLE t=8s phase=Stable adaptation=without_ML throughput_gbps=8.0322 latency_ms=67.4061
[2026-08-05T21:07:55] SAMPLE t=9s phase=Stable adaptation=without_ML throughput_gbps=7.982 latency_ms=65.1094
[2026-08-05T21:07:56] SAMPLE t=10s phase=Stable adaptation=without_ML throughput_gbps=8.0205 latency_ms=64.731
[2026-08-05T21:07:57] SAMPLE t=11s phase=Stable adaptation=without_ML throughput_gbps=8.148 latency_ms=68.01
[2026-08-05T21:07:58] SAMPLE t=12s phase=Stable adaptation=without_ML throughput_gbps=8.035 latency_ms=65.1578
[2026-08-05T21:07:59] SAMPLE t=13s phase=Stable adaptation=without_ML throughput_gbps=8.4192 latency_ms=65.9579
[2026-08-05T21:08:00] SAMPLE t=14s phase=Stable adaptation=without_ML throughput_gbps=7.8881 latency_ms=66.9838
[2026-08-05T21:08:01] SAMPLE t=15s phase=Stable adaptation=without_ML throughput_gbps=8.5439 latency_ms=66.0385
[2026-08-05T21:08:02] SAMPLE t=16s phase=Stable adaptation=without_ML throughput_gbps=7.9999 latency_ms=63.4639
[2026-08-05T21:08:03] SAMPLE t=17s phase=Stable adaptation=without_ML throughput_gbps=7.8499 latency_ms=66.0388
[2026-08-05T21:08:04] SAMPLE t=18s phase=Stable adaptation=without_ML throughput_gbps=7.9467 latency_ms=63.5819
[2026-08-05T21:08:05] SAMPLE t=19s phase=Stable adaptation=without_ML throughput_gbps=7.9247 latency_ms=64.9908
[2026-08-05T21:08:06] SAMPLE t=20s phase=Congestion adaptation=without_ML throughput_gbps=8.045 latency_ms=63.9003
[2026-08-05T21:08:07] SAMPLE t=21s phase=Congestion adaptation=without_ML throughput_gbps=8.0375 latency_ms=67.0002
[2026-08-05T21:08:08] SAMPLE t=22s phase=Congestion adaptation=without_ML throughput_gbps=8.5115 latency_ms=64.2566
[2026-08-05T21:08:09] SAMPLE t=23s phase=Congestion adaptation=without_ML throughput_gbps=7.8393 latency_ms=67.0008
[2026-08-05T21:08:10] SAMPLE t=24s phase=Congestion adaptation=without_ML throughput_gbps=8.2044 latency_ms=65.174
[2026-08-05T21:08:11] SAMPLE t=25s phase=Congestion adaptation=without_ML throughput_gbps=8.0496 latency_ms=65.9266
[2026-08-05T21:08:12] SAMPLE t=26s phase=Congestion adaptation=without_ML throughput_gbps=7.6839 latency_ms=67.4316
[2026-08-05T21:08:13] SAMPLE t=27s phase=Congestion adaptation=without_ML throughput_gbps=7.8137 latency_ms=65.6207
[2026-08-05T21:08:14] SAMPLE t=28s phase=Congestion adaptation=without_ML throughput_gbps=7.7478 latency_ms=66.7246
[2026-08-05T21:08:15] SAMPLE t=29s phase=Congestion adaptation=without_ML throughput_gbps=8.2182 latency_ms=68.1519
[2026-08-05T21:08:16] SAMPLE t=30s phase=Congestion adaptation=without_ML throughput_gbps=7.9157 latency_ms=66.3411
[2026-08-05T21:08:17] SAMPLE t=31s phase=Congestion adaptation=without_ML throughput_gbps=7.8295 latency_ms=65.8949
[2026-08-05T21:08:18] SAMPLE t=32s phase=Congestion adaptation=without_ML throughput_gbps=8.1737 latency_ms=66.3571
[2026-08-05T21:08:19] SAMPLE t=33s phase=Congestion adaptation=without_ML throughput_gbps=7.8947 latency_ms=66.5764
[2026-08-05T21:08:20] SAMPLE t=34s phase=Congestion adaptation=without_ML throughput_gbps=7.75 latency_ms=64.354
[2026-08-05T21:08:21] SAMPLE t=35s phase=Congestion adaptation=without_ML throughput_gbps=8.1056 latency_ms=65.6748
[2026-08-05T21:08:22] SAMPLE t=36s phase=Congestion adaptation=without_ML throughput_gbps=7.773 latency_ms=65.2823
[2026-08-05T21:08:23] SAMPLE t=37s phase=Congestion adaptation=without_ML throughput_gbps=7.962 latency_ms=67.605
[2026-08-05T21:08:24] SAMPLE t=38s phase=Congestion adaptation=without_ML throughput_gbps=8.2353 latency_ms=64.923
[2026-08-05T21:08:25] SAMPLE t=39s phase=Congestion adaptation=without_ML throughput_gbps=8.2182 latency_ms=66.5793
[2026-08-05T21:08:26] SAMPLE t=40s phase=Path_change adaptation=without_ML throughput_gbps=7.8465 latency_ms=67.671
[2026-08-05T21:08:27] SAMPLE t=41s phase=Path_change adaptation=without_ML throughput_gbps=6.9166 latency_ms=64.4355
[2026-08-05T21:08:28] SAMPLE t=42s phase=Path_change adaptation=without_ML throughput_gbps=7.6556 latency_ms=69.8223
[2026-08-05T21:08:29] SAMPLE t=43s phase=Path_change adaptation=without_ML throughput_gbps=7.2481 latency_ms=69.8492
[2026-08-05T21:08:30] SAMPLE t=44s phase=Path_change adaptation=without_ML throughput_gbps=6.6925 latency_ms=68.7506
[2026-08-05T21:08:31] SAMPLE t=45s phase=Path_change adaptation=without_ML throughput_gbps=6.4597 latency_ms=72.6227
[2026-08-05T21:08:32] SAMPLE t=46s phase=Path_change adaptation=without_ML throughput_gbps=6.2361 latency_ms=71.2074
[2026-08-05T21:08:33] SAMPLE t=47s phase=Path_change adaptation=without_ML throughput_gbps=6.2796 latency_ms=71.7078
[2026-08-05T21:08:34] SAMPLE t=48s phase=Path_change adaptation=without_ML throughput_gbps=6.1277 latency_ms=73.2529
[2026-08-05T21:08:35] SAMPLE t=49s phase=Path_change adaptation=without_ML throughput_gbps=5.9037 latency_ms=71.7929
[2026-08-05T21:08:36] SAMPLE t=50s phase=Path_change adaptation=without_ML throughput_gbps=5.8221 latency_ms=72.37
[2026-08-05T21:08:37] SAMPLE t=51s phase=Path_change adaptation=without_ML throughput_gbps=5.6919 latency_ms=72.871
[2026-08-05T21:08:38] SAMPLE t=52s phase=Path_change adaptation=without_ML throughput_gbps=5.7233 latency_ms=71.2236
[2026-08-05T21:08:39] SAMPLE t=53s phase=Path_change adaptation=without_ML throughput_gbps=6.0131 latency_ms=73.325
[2026-08-05T21:08:40] SAMPLE t=54s phase=Path_change adaptation=without_ML throughput_gbps=5.9867 latency_ms=72.0457
[2026-08-05T21:08:41] SAMPLE t=55s phase=Path_change adaptation=without_ML throughput_gbps=6.3724 latency_ms=71.9134
[2026-08-05T21:08:42] SAMPLE t=56s phase=Path_change adaptation=without_ML throughput_gbps=6.4992 latency_ms=70.3451
[2026-08-05T21:08:43] SAMPLE t=57s phase=Path_change adaptation=without_ML throughput_gbps=7.0301 latency_ms=69.6082
[2026-08-05T21:08:44] SAMPLE t=58s phase=Path_change adaptation=without_ML throughput_gbps=7.4199 latency_ms=69.8283
[2026-08-05T21:08:45] SAMPLE t=59s phase=Path_change adaptation=without_ML throughput_gbps=7.8088 latency_ms=67.4114
[2026-08-05T21:08:46] SAMPLE t=60s phase=Loss_spike adaptation=without_ML throughput_gbps=6.4949 latency_ms=72.9648
[2026-08-05T21:08:47] SAMPLE t=61s phase=Loss_spike adaptation=without_ML throughput_gbps=8.3359 latency_ms=78.6262
[2026-08-05T21:08:48] SAMPLE t=62s phase=Loss_spike adaptation=without_ML throughput_gbps=7.7885 latency_ms=74.7773
[2026-08-05T21:08:49] SAMPLE t=63s phase=Loss_spike adaptation=without_ML throughput_gbps=4.7741 latency_ms=76.4052
[2026-08-05T21:08:50] SAMPLE t=64s phase=Loss_spike adaptation=without_ML throughput_gbps=4.029 latency_ms=79.1256
[2026-08-05T21:08:51] SAMPLE t=65s phase=Loss_spike adaptation=without_ML throughput_gbps=5.9529 latency_ms=70.5379
[2026-08-05T21:08:52] SAMPLE t=66s phase=Loss_spike adaptation=without_ML throughput_gbps=8.1048 latency_ms=77.725
[2026-08-05T21:08:53] SAMPLE t=67s phase=Loss_spike adaptation=without_ML throughput_gbps=7.7637 latency_ms=76.1171
[2026-08-05T21:08:54] SAMPLE t=68s phase=Loss_spike adaptation=without_ML throughput_gbps=4.7013 latency_ms=76.051
[2026-08-05T21:08:55] SAMPLE t=69s phase=Loss_spike adaptation=without_ML throughput_gbps=3.9621 latency_ms=75.0038
[2026-08-05T21:08:56] SAMPLE t=70s phase=Loss_spike adaptation=without_ML throughput_gbps=6.2203 latency_ms=68.4737
[2026-08-05T21:08:57] SAMPLE t=71s phase=Loss_spike adaptation=without_ML throughput_gbps=8.2227 latency_ms=79.622
[2026-08-05T21:08:58] SAMPLE t=72s phase=Loss_spike adaptation=without_ML throughput_gbps=7.4115 latency_ms=74.6575
[2026-08-05T21:08:59] SAMPLE t=73s phase=Loss_spike adaptation=without_ML throughput_gbps=4.6048 latency_ms=75.9932
[2026-08-05T21:09:00] SAMPLE t=74s phase=Loss_spike adaptation=without_ML throughput_gbps=3.8676 latency_ms=80.2671
[2026-08-05T21:09:01] SAMPLE t=75s phase=Loss_spike adaptation=without_ML throughput_gbps=6.2267 latency_ms=69.4872
[2026-08-05T21:09:02] SAMPLE t=76s phase=Loss_spike adaptation=without_ML throughput_gbps=8.2874 latency_ms=78.0259
[2026-08-05T21:09:03] SAMPLE t=77s phase=Loss_spike adaptation=without_ML throughput_gbps=7.8759 latency_ms=74.3174
[2026-08-05T21:09:04] SAMPLE t=78s phase=Loss_spike adaptation=without_ML throughput_gbps=4.7764 latency_ms=76.9123
[2026-08-05T21:09:05] SAMPLE t=79s phase=Loss_spike adaptation=without_ML throughput_gbps=4.0887 latency_ms=76.9901
[2026-08-05T21:09:06] SAMPLE t=80s phase=Recovery adaptation=without_ML throughput_gbps=8.1613 latency_ms=66.8341
[2026-08-05T21:09:07] SAMPLE t=81s phase=Recovery adaptation=without_ML throughput_gbps=7.7968 latency_ms=68.0944
[2026-08-05T21:09:08] SAMPLE t=82s phase=Recovery adaptation=without_ML throughput_gbps=8.2303 latency_ms=66.2662
[2026-08-05T21:09:09] SAMPLE t=83s phase=Recovery adaptation=without_ML throughput_gbps=8.0669 latency_ms=64.8804
[2026-08-05T21:09:10] SAMPLE t=84s phase=Recovery adaptation=without_ML throughput_gbps=8.0726 latency_ms=64.6109
[2026-08-05T21:09:11] SAMPLE t=85s phase=Recovery adaptation=without_ML throughput_gbps=8.4233 latency_ms=67.4093
[2026-08-05T21:09:12] SAMPLE t=86s phase=Recovery adaptation=without_ML throughput_gbps=8.3596 latency_ms=65.1648
[2026-08-05T21:09:13] SAMPLE t=87s phase=Recovery adaptation=without_ML throughput_gbps=8.0233 latency_ms=67.4023
[2026-08-05T21:09:14] SAMPLE t=88s phase=Recovery adaptation=without_ML throughput_gbps=8.081 latency_ms=64.6949
[2026-08-05T21:09:15] SAMPLE t=89s phase=Recovery adaptation=without_ML throughput_gbps=8.2853 latency_ms=65.3393
[2026-08-05T21:09:16] SAMPLE t=90s phase=Recovery adaptation=without_ML throughput_gbps=7.9569 latency_ms=65.8471
[2026-08-05T21:09:17] SAMPLE t=91s phase=Recovery adaptation=without_ML throughput_gbps=7.9383 latency_ms=66.9164
[2026-08-05T21:09:18] SAMPLE t=92s phase=Recovery adaptation=without_ML throughput_gbps=7.9584 latency_ms=66.4313
[2026-08-05T21:09:19] SAMPLE t=93s phase=Recovery adaptation=without_ML throughput_gbps=8.2528 latency_ms=68.5396
[2026-08-05T21:09:20] SAMPLE t=94s phase=Recovery adaptation=without_ML throughput_gbps=7.7715 latency_ms=63.4859
[2026-08-05T21:09:21] SAMPLE t=95s phase=Recovery adaptation=without_ML throughput_gbps=8.3506 latency_ms=64.8256
[2026-08-05T21:09:22] SAMPLE t=96s phase=Recovery adaptation=without_ML throughput_gbps=7.8586 latency_ms=64.5468
[2026-08-05T21:09:23] SAMPLE t=97s phase=Recovery adaptation=without_ML throughput_gbps=8.0607 latency_ms=66.448
[2026-08-05T21:09:24] SAMPLE t=98s phase=Recovery adaptation=without_ML throughput_gbps=8.0318 latency_ms=63.6261
[2026-08-05T21:09:25] SAMPLE t=99s phase=Recovery adaptation=without_ML throughput_gbps=7.7894 latency_ms=65.7014
[2026-08-05T21:07:46] TRACE_END run_id=22 status=OK
[2026-08-05T21:20:41] TRACE_START run_id=23
[2026-08-05T21:20:41] SAMPLE t=0s phase=Stable adaptation=with_ML throughput_gbps=8.2317 latency_ms=65.9939
[2026-08-05T21:20:42] SAMPLE t=1s phase=Stable adaptation=with_ML throughput_gbps=7.9026 latency_ms=66.6529
[2026-08-05T21:20:43] SAMPLE t=2s phase=Stable adaptation=with_ML throughput_gbps=7.8172 latency_ms=65.6224
[2026-08-05T21:20:44] SAMPLE t=3s phase=Stable adaptation=with_ML throughput_gbps=7.7514 latency_ms=65.9725
[2026-08-05T21:20:45] SAMPLE t=4s phase=Stable adaptation=with_ML throughput_gbps=8.1238 latency_ms=67.82
[2026-08-05T21:20:46] SAMPLE t=5s phase=Stable adaptation=with_ML throughput_gbps=8.1501 latency_ms=67.525
[2026-08-05T21:20:47] SAMPLE t=6s phase=Stable adaptation=with_ML throughput_gbps=7.8674 latency_ms=68.1173
[2026-08-05T21:20:48] SAMPLE t=7s phase=Stable adaptation=with_ML throughput_gbps=8.1128 latency_ms=65.8272
[2026-08-05T21:20:49] SAMPLE t=8s phase=Stable adaptation=with_ML throughput_gbps=8.2061 latency_ms=68.6736
[2026-08-05T21:20:50] SAMPLE t=9s phase=Stable adaptation=with_ML throughput_gbps=8.2361 latency_ms=66.8467
[2026-08-05T21:20:51] SAMPLE t=10s phase=Stable adaptation=with_ML throughput_gbps=8.0048 latency_ms=64.1703
[2026-08-05T21:20:52] SAMPLE t=11s phase=Stable adaptation=with_ML throughput_gbps=8.3095 latency_ms=67.4679
[2026-08-05T21:20:53] SAMPLE t=12s phase=Stable adaptation=with_ML throughput_gbps=7.9275 latency_ms=67.1276
[2026-08-05T21:20:54] SAMPLE t=13s phase=Stable adaptation=with_ML throughput_gbps=8.0242 latency_ms=65.2454
[2026-08-05T21:20:55] SAMPLE t=14s phase=Stable adaptation=with_ML throughput_gbps=7.7382 latency_ms=67.5764
[2026-08-05T21:20:56] SAMPLE t=15s phase=Stable adaptation=with_ML throughput_gbps=7.8023 latency_ms=66.5715
[2026-08-05T21:20:57] SAMPLE t=16s phase=Stable adaptation=with_ML throughput_gbps=8.2559 latency_ms=68.4299
[2026-08-05T21:20:58] SAMPLE t=17s phase=Stable adaptation=with_ML throughput_gbps=7.8722 latency_ms=67.6251
[2026-08-05T21:20:59] SAMPLE t=18s phase=Stable adaptation=with_ML throughput_gbps=8.3791 latency_ms=65.7767
[2026-08-05T21:21:00] SAMPLE t=19s phase=Stable adaptation=with_ML throughput_gbps=8.5315 latency_ms=67.9264
[2026-08-05T21:21:01] SAMPLE t=20s phase=Congestion adaptation=with_ML throughput_gbps=8.5673 latency_ms=65.8005
[2026-08-05T21:21:02] SAMPLE t=21s phase=Congestion adaptation=with_ML throughput_gbps=7.9565 latency_ms=64.6728
[2026-08-05T21:21:03] SAMPLE t=22s phase=Congestion adaptation=with_ML throughput_gbps=8.4991 latency_ms=66.2645
[2026-08-05T21:21:04] SAMPLE t=23s phase=Congestion adaptation=with_ML throughput_gbps=8.3606 latency_ms=66.8425
[2026-08-05T21:21:05] SAMPLE t=24s phase=Congestion adaptation=with_ML throughput_gbps=8.0178 latency_ms=68.442
[2026-08-05T21:21:06] SAMPLE t=25s phase=Congestion adaptation=with_ML throughput_gbps=8.2051 latency_ms=65.4057
[2026-08-05T21:21:07] SAMPLE t=26s phase=Congestion adaptation=with_ML throughput_gbps=7.8568 latency_ms=66.5698
[2026-08-05T21:21:08] SAMPLE t=27s phase=Congestion adaptation=with_ML throughput_gbps=8.0339 latency_ms=67.317
[2026-08-05T21:21:09] SAMPLE t=28s phase=Congestion adaptation=with_ML throughput_gbps=8.0025 latency_ms=64.8927
[2026-08-05T21:21:10] SAMPLE t=29s phase=Congestion adaptation=with_ML throughput_gbps=7.8336 latency_ms=66.6807
[2026-08-05T21:21:11] SAMPLE t=30s phase=Congestion adaptation=with_ML throughput_gbps=8.1429 latency_ms=67.119
[2026-08-05T21:21:12] SAMPLE t=31s phase=Congestion adaptation=with_ML throughput_gbps=8.0105 latency_ms=69.5756
[2026-08-05T21:21:13] SAMPLE t=32s phase=Congestion adaptation=with_ML throughput_gbps=8.2366 latency_ms=66.7115
[2026-08-05T21:21:14] SAMPLE t=33s phase=Congestion adaptation=with_ML throughput_gbps=8.2217 latency_ms=65.329
[2026-08-05T21:21:15] SAMPLE t=34s phase=Congestion adaptation=with_ML throughput_gbps=8.2444 latency_ms=68.6841
[2026-08-05T21:21:16] SAMPLE t=35s phase=Congestion adaptation=with_ML throughput_gbps=8.0557 latency_ms=68.1984
[2026-08-05T21:21:17] SAMPLE t=36s phase=Congestion adaptation=with_ML throughput_gbps=7.8824 latency_ms=67.729
[2026-08-05T21:21:18] SAMPLE t=37s phase=Congestion adaptation=with_ML throughput_gbps=8.3757 latency_ms=66.3712
[2026-08-05T21:21:19] SAMPLE t=38s phase=Congestion adaptation=with_ML throughput_gbps=8.1642 latency_ms=67.814
[2026-08-05T21:21:20] SAMPLE t=39s phase=Congestion adaptation=with_ML throughput_gbps=8.3691 latency_ms=65.756
[2026-08-05T21:21:21] SAMPLE t=40s phase=Path_change adaptation=with_ML throughput_gbps=8.017 latency_ms=65.8523
[2026-08-05T21:21:22] SAMPLE t=41s phase=Path_change adaptation=with_ML throughput_gbps=8.2529 latency_ms=67.9562
[2026-08-05T21:21:23] SAMPLE t=42s phase=Path_change adaptation=with_ML throughput_gbps=7.7247 latency_ms=67.9187
[2026-08-05T21:21:24] SAMPLE t=43s phase=Path_change adaptation=with_ML throughput_gbps=7.3335 latency_ms=67.237
[2026-08-05T21:21:25] SAMPLE t=44s phase=Path_change adaptation=with_ML throughput_gbps=7.6757 latency_ms=68.043
[2026-08-05T21:21:26] SAMPLE t=45s phase=Path_change adaptation=with_ML throughput_gbps=7.421 latency_ms=68.9143
[2026-08-05T21:21:27] SAMPLE t=46s phase=Path_change adaptation=with_ML throughput_gbps=7.2284 latency_ms=68.5988
[2026-08-05T21:21:28] SAMPLE t=47s phase=Path_change adaptation=with_ML throughput_gbps=7.3596 latency_ms=70.2485
[2026-08-05T21:21:29] SAMPLE t=48s phase=Path_change adaptation=with_ML throughput_gbps=7.0801 latency_ms=69.556
[2026-08-05T21:21:30] SAMPLE t=49s phase=Path_change adaptation=with_ML throughput_gbps=7.1069 latency_ms=66.3082
[2026-08-05T21:21:31] SAMPLE t=50s phase=Path_change adaptation=with_ML throughput_gbps=6.949 latency_ms=68.2376
[2026-08-05T21:21:32] SAMPLE t=51s phase=Path_change adaptation=with_ML throughput_gbps=7.5105 latency_ms=69.175
[2026-08-05T21:21:33] SAMPLE t=52s phase=Path_change adaptation=with_ML throughput_gbps=7.3949 latency_ms=69.1146
[2026-08-05T21:21:34] SAMPLE t=53s phase=Path_change adaptation=with_ML throughput_gbps=7.1331 latency_ms=67.0554
[2026-08-05T21:21:35] SAMPLE t=54s phase=Path_change adaptation=with_ML throughput_gbps=7.2975 latency_ms=68.5934
[2026-08-05T21:21:36] SAMPLE t=55s phase=Path_change adaptation=with_ML throughput_gbps=7.6595 latency_ms=67.8175
[2026-08-05T21:21:37] SAMPLE t=56s phase=Path_change adaptation=with_ML throughput_gbps=7.4311 latency_ms=68.2893
[2026-08-05T21:21:38] SAMPLE t=57s phase=Path_change adaptation=with_ML throughput_gbps=7.3499 latency_ms=65.8229
[2026-08-05T21:21:39] SAMPLE t=58s phase=Path_change adaptation=with_ML throughput_gbps=8.0612 latency_ms=67.2284
[2026-08-05T21:21:40] SAMPLE t=59s phase=Path_change adaptation=with_ML throughput_gbps=7.8891 latency_ms=66.3462
[2026-08-05T21:21:41] SAMPLE t=60s phase=Loss_spike adaptation=with_ML throughput_gbps=7.5703 latency_ms=67.5696
[2026-08-05T21:21:42] SAMPLE t=61s phase=Loss_spike adaptation=with_ML throughput_gbps=8.691 latency_ms=72.9286
[2026-08-05T21:21:43] SAMPLE t=62s phase=Loss_spike adaptation=with_ML throughput_gbps=8.2443 latency_ms=70.5997
[2026-08-05T21:21:44] SAMPLE t=63s phase=Loss_spike adaptation=with_ML throughput_gbps=6.6948 latency_ms=70.1092
[2026-08-05T21:21:45] SAMPLE t=64s phase=Loss_spike adaptation=with_ML throughput_gbps=6.6333 latency_ms=71.6428
[2026-08-05T21:21:46] SAMPLE t=65s phase=Loss_spike adaptation=with_ML throughput_gbps=7.4269 latency_ms=71.1479
[2026-08-05T21:21:47] SAMPLE t=66s phase=Loss_spike adaptation=with_ML throughput_gbps=8.0829 latency_ms=68.9768
[2026-08-05T21:21:48] SAMPLE t=67s phase=Loss_spike adaptation=with_ML throughput_gbps=8.0267 latency_ms=69.8943
[2026-08-05T21:21:49] SAMPLE t=68s phase=Loss_spike adaptation=with_ML throughput_gbps=7.0822 latency_ms=68.8397
[2026-08-05T21:21:50] SAMPLE t=69s phase=Loss_spike adaptation=with_ML throughput_gbps=6.3098 latency_ms=71.1001
[2026-08-05T21:21:51] SAMPLE t=70s phase=Loss_spike adaptation=with_ML throughput_gbps=7.2126 latency_ms=68.5392
[2026-08-05T21:21:52] SAMPLE t=71s phase=Loss_spike adaptation=with_ML throughput_gbps=8.392 latency_ms=68.8011
[2026-08-05T21:21:53] SAMPLE t=72s phase=Loss_spike adaptation=with_ML throughput_gbps=7.7208 latency_ms=69.5259
[2026-08-05T21:21:54] SAMPLE t=73s phase=Loss_spike adaptation=with_ML throughput_gbps=6.7724 latency_ms=69.3586
[2026-08-05T21:21:55] SAMPLE t=74s phase=Loss_spike adaptation=with_ML throughput_gbps=6.2835 latency_ms=70.6908
[2026-08-05T21:21:56] SAMPLE t=75s phase=Loss_spike adaptation=with_ML throughput_gbps=7.6219 latency_ms=69.0135
[2026-08-05T21:21:57] SAMPLE t=76s phase=Loss_spike adaptation=with_ML throughput_gbps=8.8729 latency_ms=71.8926
[2026-08-05T21:21:58] SAMPLE t=77s phase=Loss_spike adaptation=with_ML throughput_gbps=8.1327 latency_ms=69.3747
[2026-08-05T21:21:59] SAMPLE t=78s phase=Loss_spike adaptation=with_ML throughput_gbps=6.7664 latency_ms=71.0587
[2026-08-05T21:22:00] SAMPLE t=79s phase=Loss_spike adaptation=with_ML throughput_gbps=6.0558 latency_ms=73.0813
[2026-08-05T21:22:01] SAMPLE t=80s phase=Recovery adaptation=with_ML throughput_gbps=8.239 latency_ms=66.6529
[2026-08-05T21:22:02] SAMPLE t=81s phase=Recovery adaptation=with_ML throughput_gbps=8.4889 latency_ms=66.5924
[2026-08-05T21:22:03] SAMPLE t=82s phase=Recovery adaptation=with_ML throughput_gbps=7.96 latency_ms=66.6783
[2026-08-05T21:22:04] SAMPLE t=83s phase=Recovery adaptation=with_ML throughput_gbps=8.0758 latency_ms=65.7724
[2026-08-05T21:22:05] SAMPLE t=84s phase=Recovery adaptation=with_ML throughput_gbps=8.2792 latency_ms=65.7996
[2026-08-05T21:22:06] SAMPLE t=85s phase=Recovery adaptation=with_ML throughput_gbps=7.851 latency_ms=64.3528
[2026-08-05T21:22:07] SAMPLE t=86s phase=Recovery adaptation=with_ML throughput_gbps=8.3278 latency_ms=65.9877
[2026-08-05T21:22:08] SAMPLE t=87s phase=Recovery adaptation=with_ML throughput_gbps=8.3686 latency_ms=66.488
[2026-08-05T21:22:09] SAMPLE t=88s phase=Recovery adaptation=with_ML throughput_gbps=8.5771 latency_ms=67.5632
[2026-08-05T21:22:10] SAMPLE t=89s phase=Recovery adaptation=with_ML throughput_gbps=8.1475 latency_ms=66.4696
[2026-08-05T21:22:11] SAMPLE t=90s phase=Recovery adaptation=with_ML throughput_gbps=8.2466 latency_ms=67.1715
[2026-08-05T21:22:12] SAMPLE t=91s phase=Recovery adaptation=with_ML throughput_gbps=8.2782 latency_ms=66.2631
[2026-08-05T21:22:13] SAMPLE t=92s phase=Recovery adaptation=with_ML throughput_gbps=8.1948 latency_ms=65.1223
[2026-08-05T21:22:14] SAMPLE t=93s phase=Recovery adaptation=with_ML throughput_gbps=8.4025 latency_ms=65.3726
[2026-08-05T21:22:15] SAMPLE t=94s phase=Recovery adaptation=with_ML throughput_gbps=8.3927 latency_ms=66.345
[2026-08-05T21:22:16] SAMPLE t=95s phase=Recovery adaptation=with_ML throughput_gbps=8.7824 latency_ms=66.4593
[2026-08-05T21:22:17] SAMPLE t=96s phase=Recovery adaptation=with_ML throughput_gbps=8.4346 latency_ms=65.3106
[2026-08-05T21:22:18] SAMPLE t=97s phase=Recovery adaptation=with_ML throughput_gbps=8.3739 latency_ms=65.2469
[2026-08-05T21:22:19] SAMPLE t=98s phase=Recovery adaptation=with_ML throughput_gbps=8.3136 latency_ms=66.5741
[2026-08-05T21:22:20] SAMPLE t=99s phase=Recovery adaptation=with_ML throughput_gbps=8.9153 latency_ms=65.0551
[2026-08-05T21:20:41] SAMPLE t=0s phase=Stable adaptation=without_ML throughput_gbps=7.9838 latency_ms=64.3962
[2026-08-05T21:20:42] SAMPLE t=1s phase=Stable adaptation=without_ML throughput_gbps=7.9356 latency_ms=65.7068
[2026-08-05T21:20:43] SAMPLE t=2s phase=Stable adaptation=without_ML throughput_gbps=7.8044 latency_ms=65.2277
[2026-08-05T21:20:44] SAMPLE t=3s phase=Stable adaptation=without_ML throughput_gbps=8.0858 latency_ms=68.7873
[2026-08-05T21:20:45] SAMPLE t=4s phase=Stable adaptation=without_ML throughput_gbps=7.8231 latency_ms=68.1993
[2026-08-05T21:20:46] SAMPLE t=5s phase=Stable adaptation=without_ML throughput_gbps=8.8048 latency_ms=65.4304
[2026-08-05T21:20:47] SAMPLE t=6s phase=Stable adaptation=without_ML throughput_gbps=7.6639 latency_ms=65.583
[2026-08-05T21:20:48] SAMPLE t=7s phase=Stable adaptation=without_ML throughput_gbps=8.2166 latency_ms=67.4321
[2026-08-05T21:20:49] SAMPLE t=8s phase=Stable adaptation=without_ML throughput_gbps=8.005 latency_ms=66.831
[2026-08-05T21:20:50] SAMPLE t=9s phase=Stable adaptation=without_ML throughput_gbps=8.6874 latency_ms=64.9687
[2026-08-05T21:20:51] SAMPLE t=10s phase=Stable adaptation=without_ML throughput_gbps=7.5928 latency_ms=63.37
[2026-08-05T21:20:52] SAMPLE t=11s phase=Stable adaptation=without_ML throughput_gbps=8.1355 latency_ms=66.5467
[2026-08-05T21:20:53] SAMPLE t=12s phase=Stable adaptation=without_ML throughput_gbps=7.9285 latency_ms=65.5827
[2026-08-05T21:20:54] SAMPLE t=13s phase=Stable adaptation=without_ML throughput_gbps=8.2832 latency_ms=67.4716
[2026-08-05T21:20:55] SAMPLE t=14s phase=Stable adaptation=without_ML throughput_gbps=8.0323 latency_ms=67.1929
[2026-08-05T21:20:56] SAMPLE t=15s phase=Stable adaptation=without_ML throughput_gbps=7.9585 latency_ms=65.9828
[2026-08-05T21:20:57] SAMPLE t=16s phase=Stable adaptation=without_ML throughput_gbps=7.957 latency_ms=65.4492
[2026-08-05T21:20:58] SAMPLE t=17s phase=Stable adaptation=without_ML throughput_gbps=8.0313 latency_ms=64.94
[2026-08-05T21:20:59] SAMPLE t=18s phase=Stable adaptation=without_ML throughput_gbps=8.1822 latency_ms=66.835
[2026-08-05T21:21:00] SAMPLE t=19s phase=Stable adaptation=without_ML throughput_gbps=7.6425 latency_ms=65.5017
[2026-08-05T21:21:01] SAMPLE t=20s phase=Congestion adaptation=without_ML throughput_gbps=7.6278 latency_ms=65.1153
[2026-08-05T21:21:02] SAMPLE t=21s phase=Congestion adaptation=without_ML throughput_gbps=8.6993 latency_ms=67.554
[2026-08-05T21:21:03] SAMPLE t=22s phase=Congestion adaptation=without_ML throughput_gbps=8.077 latency_ms=67.198
[2026-08-05T21:21:04] SAMPLE t=23s phase=Congestion adaptation=without_ML throughput_gbps=7.9575 latency_ms=66.6444
[2026-08-05T21:21:05] SAMPLE t=24s phase=Congestion adaptation=without_ML throughput_gbps=7.9589 latency_ms=66.6543
[2026-08-05T21:21:06] SAMPLE t=25s phase=Congestion adaptation=without_ML throughput_gbps=7.8824 latency_ms=68.9707
[2026-08-05T21:21:07] SAMPLE t=26s phase=Congestion adaptation=without_ML throughput_gbps=8.1541 latency_ms=65.2172
[2026-08-05T21:21:08] SAMPLE t=27s phase=Congestion adaptation=without_ML throughput_gbps=7.9659 latency_ms=67.4159
[2026-08-05T21:21:09] SAMPLE t=28s phase=Congestion adaptation=without_ML throughput_gbps=8.0367 latency_ms=64.1879
[2026-08-05T21:21:10] SAMPLE t=29s phase=Congestion adaptation=without_ML throughput_gbps=7.8265 latency_ms=64.7362
[2026-08-05T21:21:11] SAMPLE t=30s phase=Congestion adaptation=without_ML throughput_gbps=7.8393 latency_ms=66.0854
[2026-08-05T21:21:12] SAMPLE t=31s phase=Congestion adaptation=without_ML throughput_gbps=7.9679 latency_ms=67.619
[2026-08-05T21:21:13] SAMPLE t=32s phase=Congestion adaptation=without_ML throughput_gbps=8.3908 latency_ms=65.5938
[2026-08-05T21:21:14] SAMPLE t=33s phase=Congestion adaptation=without_ML throughput_gbps=7.7845 latency_ms=65.0124
[2026-08-05T21:21:15] SAMPLE t=34s phase=Congestion adaptation=without_ML throughput_gbps=8.1753 latency_ms=64.0629
[2026-08-05T21:21:16] SAMPLE t=35s phase=Congestion adaptation=without_ML throughput_gbps=8.0284 latency_ms=66.1486
[2026-08-05T21:21:17] SAMPLE t=36s phase=Congestion adaptation=without_ML throughput_gbps=7.8946 latency_ms=64.3083
[2026-08-05T21:21:18] SAMPLE t=37s phase=Congestion adaptation=without_ML throughput_gbps=7.8011 latency_ms=66.5003
[2026-08-05T21:21:19] SAMPLE t=38s phase=Congestion adaptation=without_ML throughput_gbps=7.7742 latency_ms=66.2349
[2026-08-05T21:21:20] SAMPLE t=39s phase=Congestion adaptation=without_ML throughput_gbps=8.1275 latency_ms=65.7139
[2026-08-05T21:21:21] SAMPLE t=40s phase=Path_change adaptation=without_ML throughput_gbps=7.9156 latency_ms=64.8846
[2026-08-05T21:21:22] SAMPLE t=41s phase=Path_change adaptation=without_ML throughput_gbps=7.4295 latency_ms=68.4085
[2026-08-05T21:21:23] SAMPLE t=42s phase=Path_change adaptation=without_ML throughput_gbps=7.1894 latency_ms=65.6195
[2026-08-05T21:21:24] SAMPLE t=43s phase=Path_change adaptation=without_ML throughput_gbps=7.4088 latency_ms=68.4464
[2026-08-05T21:21:25] SAMPLE t=44s phase=Path_change adaptation=without_ML throughput_gbps=6.7822 latency_ms=72.1497
[2026-08-05T21:21:26] SAMPLE t=45s phase=Path_change adaptation=without_ML throughput_gbps=6.1875 latency_ms=71.7107
[2026-08-05T21:21:27] SAMPLE t=46s phase=Path_change adaptation=without_ML throughput_gbps=5.9606 latency_ms=72.2995
[2026-08-05T21:21:28] SAMPLE t=47s phase=Path_change adaptation=without_ML throughput_gbps=6.0965 latency_ms=72.1338
[2026-08-05T21:21:29] SAMPLE t=48s phase=Path_change adaptation=without_ML throughput_gbps=5.7671 latency_ms=74.3086
[2026-08-05T21:21:30] SAMPLE t=49s phase=Path_change adaptation=without_ML throughput_gbps=5.5982 latency_ms=74.678
[2026-08-05T21:21:31] SAMPLE t=50s phase=Path_change adaptation=without_ML throughput_gbps=5.9119 latency_ms=70.9334
[2026-08-05T21:21:32] SAMPLE t=51s phase=Path_change adaptation=without_ML throughput_gbps=5.755 latency_ms=74.996
[2026-08-05T21:21:33] SAMPLE t=52s phase=Path_change adaptation=without_ML throughput_gbps=5.5292 latency_ms=72.0483
[2026-08-05T21:21:34] SAMPLE t=53s phase=Path_change adaptation=without_ML throughput_gbps=6.0895 latency_ms=71.3145
[2026-08-05T21:21:35] SAMPLE t=54s phase=Path_change adaptation=without_ML throughput_gbps=6.0127 latency_ms=72.5196
[2026-08-05T21:21:36] SAMPLE t=55s phase=Path_change adaptation=without_ML throughput_gbps=6.3096 latency_ms=70.4639
[2026-08-05T21:21:37] SAMPLE t=56s phase=Path_change adaptation=without_ML throughput_gbps=6.6779 latency_ms=73.771
[2026-08-05T21:21:38] SAMPLE t=57s phase=Path_change adaptation=without_ML throughput_gbps=7.0897 latency_ms=67.7989
[2026-08-05T21:21:39] SAMPLE t=58s phase=Path_change adaptation=without_ML throughput_gbps=7.3037 latency_ms=68.8962
[2026-08-05T21:21:40] SAMPLE t=59s phase=Path_change adaptation=without_ML throughput_gbps=7.6596 latency_ms=67.0519
[2026-08-05T21:21:41] SAMPLE t=60s phase=Loss_spike adaptation=without_ML throughput_gbps=6.3346 latency_ms=71.0087
[2026-08-05T21:21:42] SAMPLE t=61s phase=Loss_spike adaptation=without_ML throughput_gbps=8.2815 latency_ms=80.3398
[2026-08-05T21:21:43] SAMPLE t=62s phase=Loss_spike adaptation=without_ML throughput_gbps=7.4188 latency_ms=77.1628
[2026-08-05T21:21:44] SAMPLE t=63s phase=Loss_spike adaptation=without_ML throughput_gbps=4.9296 latency_ms=76.6154
[2026-08-05T21:21:45] SAMPLE t=64s phase=Loss_spike adaptation=without_ML throughput_gbps=3.8574 latency_ms=81.5566
[2026-08-05T21:21:46] SAMPLE t=65s phase=Loss_spike adaptation=without_ML throughput_gbps=6.2098 latency_ms=71.4533
[2026-08-05T21:21:47] SAMPLE t=66s phase=Loss_spike adaptation=without_ML throughput_gbps=7.9243 latency_ms=80.2311
[2026-08-05T21:21:48] SAMPLE t=67s phase=Loss_spike adaptation=without_ML throughput_gbps=7.4053 latency_ms=76.6938
[2026-08-05T21:21:49] SAMPLE t=68s phase=Loss_spike adaptation=without_ML throughput_gbps=4.8137 latency_ms=78.131
[2026-08-05T21:21:50] SAMPLE t=69s phase=Loss_spike adaptation=without_ML throughput_gbps=4.1668 latency_ms=80.4271
[2026-08-05T21:21:51] SAMPLE t=70s phase=Loss_spike adaptation=without_ML throughput_gbps=6.2966 latency_ms=69.1243
[2026-08-05T21:21:52] SAMPLE t=71s phase=Loss_spike adaptation=without_ML throughput_gbps=9.181 latency_ms=80.3827
[2026-08-05T21:21:53] SAMPLE t=72s phase=Loss_spike adaptation=without_ML throughput_gbps=7.5591 latency_ms=76.7787
[2026-08-05T21:21:54] SAMPLE t=73s phase=Loss_spike adaptation=without_ML throughput_gbps=4.9085 latency_ms=77.9871
[2026-08-05T21:21:55] SAMPLE t=74s phase=Loss_spike adaptation=without_ML throughput_gbps=3.9677 latency_ms=78.9268
[2026-08-05T21:21:56] SAMPLE t=75s phase=Loss_spike adaptation=without_ML throughput_gbps=6.9409 latency_ms=70.1102
[2026-08-05T21:21:57] SAMPLE t=76s phase=Loss_spike adaptation=without_ML throughput_gbps=8.3232 latency_ms=81.0864
[2026-08-05T21:21:58] SAMPLE t=77s phase=Loss_spike adaptation=without_ML throughput_gbps=7.5683 latency_ms=76.2106
[2026-08-05T21:21:59] SAMPLE t=78s phase=Loss_spike adaptation=without_ML throughput_gbps=4.7766 latency_ms=73.4484
[2026-08-05T21:22:00] SAMPLE t=79s phase=Loss_spike adaptation=without_ML throughput_gbps=4.2459 latency_ms=79.8017
[2026-08-05T21:22:01] SAMPLE t=80s phase=Recovery adaptation=without_ML throughput_gbps=8.6301 latency_ms=64.2154
[2026-08-05T21:22:02] SAMPLE t=81s phase=Recovery adaptation=without_ML throughput_gbps=7.7017 latency_ms=66.0139
[2026-08-05T21:22:03] SAMPLE t=82s phase=Recovery adaptation=without_ML throughput_gbps=8.0041 latency_ms=66.5067
[2026-08-05T21:22:04] SAMPLE t=83s phase=Recovery adaptation=without_ML throughput_gbps=8.1352 latency_ms=66.8133
[2026-08-05T21:22:05] SAMPLE t=84s phase=Recovery adaptation=without_ML throughput_gbps=8.1888 latency_ms=64.5449
[2026-08-05T21:22:06] SAMPLE t=85s phase=Recovery adaptation=without_ML throughput_gbps=7.8339 latency_ms=67.2961
[2026-08-05T21:22:07] SAMPLE t=86s phase=Recovery adaptation=without_ML throughput_gbps=8.1643 latency_ms=67.8303
[2026-08-05T21:22:08] SAMPLE t=87s phase=Recovery adaptation=without_ML throughput_gbps=8.1212 latency_ms=68.999
[2026-08-05T21:22:09] SAMPLE t=88s phase=Recovery adaptation=without_ML throughput_gbps=8.1593 latency_ms=65.0448
[2026-08-05T21:22:10] SAMPLE t=89s phase=Recovery adaptation=without_ML throughput_gbps=7.9345 latency_ms=64.3892
[2026-08-05T21:22:11] SAMPLE t=90s phase=Recovery adaptation=without_ML throughput_gbps=8.1759 latency_ms=64.1707
[2026-08-05T21:22:12] SAMPLE t=91s phase=Recovery adaptation=without_ML throughput_gbps=8.4808 latency_ms=66.4895
[2026-08-05T21:22:13] SAMPLE t=92s phase=Recovery adaptation=without_ML throughput_gbps=8.1815 latency_ms=65.9497
[2026-08-05T21:22:14] SAMPLE t=93s phase=Recovery adaptation=without_ML throughput_gbps=7.7788 latency_ms=66.0472
[2026-08-05T21:22:15] SAMPLE t=94s phase=Recovery adaptation=without_ML throughput_gbps=7.982 latency_ms=65.0643
[2026-08-05T21:22:16] SAMPLE t=95s phase=Recovery adaptation=without_ML throughput_gbps=7.9925 latency_ms=65.7745
[2026-08-05T21:22:17] SAMPLE t=96s phase=Recovery adaptation=without_ML throughput_gbps=8.2779 latency_ms=65.5349
[2026-08-05T21:22:18] SAMPLE t=97s phase=Recovery adaptation=without_ML throughput_gbps=8.2921 latency_ms=66.1426
[2026-08-05T21:22:19] SAMPLE t=98s phase=Recovery adaptation=without_ML throughput_gbps=8.1663 latency_ms=65.7229
[2026-08-05T21:22:20] SAMPLE t=99s phase=Recovery adaptation=without_ML throughput_gbps=7.8532 latency_ms=63.7402
[2026-08-05T21:20:41] TRACE_END run_id=23 status=OK
[2026-08-05T21:28:33] TRACE_START run_id=24
[2026-08-05T21:28:33] SAMPLE t=0s phase=Stable adaptation=with_ML throughput_gbps=7.8484 latency_ms=67.1705
[2026-08-05T21:28:34] SAMPLE t=1s phase=Stable adaptation=with_ML throughput_gbps=7.996 latency_ms=65.0678
[2026-08-05T21:28:35] SAMPLE t=2s phase=Stable adaptation=with_ML throughput_gbps=8.33 latency_ms=65.8534
[2026-08-05T21:28:36] SAMPLE t=3s phase=Stable adaptation=with_ML throughput_gbps=7.685 latency_ms=65.188
[2026-08-05T21:28:37] SAMPLE t=4s phase=Stable adaptation=with_ML throughput_gbps=8.044 latency_ms=67.1946
[2026-08-05T21:28:38] SAMPLE t=5s phase=Stable adaptation=with_ML throughput_gbps=8.1466 latency_ms=66.1969
[2026-08-05T21:28:39] SAMPLE t=6s phase=Stable adaptation=with_ML throughput_gbps=8.2516 latency_ms=65.8005
[2026-08-05T21:28:40] SAMPLE t=7s phase=Stable adaptation=with_ML throughput_gbps=8.3534 latency_ms=65.7652
[2026-08-05T21:28:41] SAMPLE t=8s phase=Stable adaptation=with_ML throughput_gbps=7.8237 latency_ms=64.4773
[2026-08-05T21:28:42] SAMPLE t=9s phase=Stable adaptation=with_ML throughput_gbps=8.1397 latency_ms=65.6387
[2026-08-05T21:28:43] SAMPLE t=10s phase=Stable adaptation=with_ML throughput_gbps=8.0864 latency_ms=66.4961
[2026-08-05T21:28:44] SAMPLE t=11s phase=Stable adaptation=with_ML throughput_gbps=7.9813 latency_ms=67.7752
[2026-08-05T21:28:45] SAMPLE t=12s phase=Stable adaptation=with_ML throughput_gbps=7.7759 latency_ms=66.3114
[2026-08-05T21:28:46] SAMPLE t=13s phase=Stable adaptation=with_ML throughput_gbps=8.0537 latency_ms=66.1007
[2026-08-05T21:28:47] SAMPLE t=14s phase=Stable adaptation=with_ML throughput_gbps=8.2945 latency_ms=66.0304
[2026-08-05T21:28:48] SAMPLE t=15s phase=Stable adaptation=with_ML throughput_gbps=7.9737 latency_ms=66.7554
[2026-08-05T21:28:49] SAMPLE t=16s phase=Stable adaptation=with_ML throughput_gbps=8.1719 latency_ms=62.8708
[2026-08-05T21:28:50] SAMPLE t=17s phase=Stable adaptation=with_ML throughput_gbps=8.1781 latency_ms=67.8455
[2026-08-05T21:28:51] SAMPLE t=18s phase=Stable adaptation=with_ML throughput_gbps=8.2199 latency_ms=65.5483
[2026-08-05T21:28:52] SAMPLE t=19s phase=Stable adaptation=with_ML throughput_gbps=8.0765 latency_ms=65.8524
[2026-08-05T21:28:53] SAMPLE t=20s phase=Congestion adaptation=with_ML throughput_gbps=7.9444 latency_ms=67.0639
[2026-08-05T21:28:54] SAMPLE t=21s phase=Congestion adaptation=with_ML throughput_gbps=8.3592 latency_ms=66.0918
[2026-08-05T21:28:55] SAMPLE t=22s phase=Congestion adaptation=with_ML throughput_gbps=8.1241 latency_ms=67.0099
[2026-08-05T21:28:56] SAMPLE t=23s phase=Congestion adaptation=with_ML throughput_gbps=8.2065 latency_ms=68.6013
[2026-08-05T21:28:57] SAMPLE t=24s phase=Congestion adaptation=with_ML throughput_gbps=8.0453 latency_ms=64.4858
[2026-08-05T21:28:58] SAMPLE t=25s phase=Congestion adaptation=with_ML throughput_gbps=8.1814 latency_ms=67.1208
[2026-08-05T21:28:59] SAMPLE t=26s phase=Congestion adaptation=with_ML throughput_gbps=7.904 latency_ms=67.2951
[2026-08-05T21:29:00] SAMPLE t=27s phase=Congestion adaptation=with_ML throughput_gbps=8.0345 latency_ms=68.3053
[2026-08-05T21:29:01] SAMPLE t=28s phase=Congestion adaptation=with_ML throughput_gbps=7.9712 latency_ms=69.966
[2026-08-05T21:29:02] SAMPLE t=29s phase=Congestion adaptation=with_ML throughput_gbps=8.0489 latency_ms=67.0912
[2026-08-05T21:29:03] SAMPLE t=30s phase=Congestion adaptation=with_ML throughput_gbps=7.9236 latency_ms=67.2888
[2026-08-05T21:29:04] SAMPLE t=31s phase=Congestion adaptation=with_ML throughput_gbps=8.3656 latency_ms=64.6457
[2026-08-05T21:29:05] SAMPLE t=32s phase=Congestion adaptation=with_ML throughput_gbps=8.3154 latency_ms=67.2532
[2026-08-05T21:29:06] SAMPLE t=33s phase=Congestion adaptation=with_ML throughput_gbps=8.2009 latency_ms=65.4536
[2026-08-05T21:29:07] SAMPLE t=34s phase=Congestion adaptation=with_ML throughput_gbps=7.8911 latency_ms=67.9301
[2026-08-05T21:29:08] SAMPLE t=35s phase=Congestion adaptation=with_ML throughput_gbps=7.717 latency_ms=66.9916
[2026-08-05T21:29:09] SAMPLE t=36s phase=Congestion adaptation=with_ML throughput_gbps=8.0209 latency_ms=66.4676
[2026-08-05T21:29:10] SAMPLE t=37s phase=Congestion adaptation=with_ML throughput_gbps=8.0453 latency_ms=65.5697
[2026-08-05T21:29:11] SAMPLE t=38s phase=Congestion adaptation=with_ML throughput_gbps=8.1682 latency_ms=68.8989
[2026-08-05T21:29:12] SAMPLE t=39s phase=Congestion adaptation=with_ML throughput_gbps=8.0182 latency_ms=66.7875
[2026-08-05T21:29:13] SAMPLE t=40s phase=Path_change adaptation=with_ML throughput_gbps=8.277 latency_ms=65.7792
[2026-08-05T21:29:14] SAMPLE t=41s phase=Path_change adaptation=with_ML throughput_gbps=8.0235 latency_ms=66.5262
[2026-08-05T21:29:15] SAMPLE t=42s phase=Path_change adaptation=with_ML throughput_gbps=8.0209 latency_ms=68.0698
[2026-08-05T21:29:16] SAMPLE t=43s phase=Path_change adaptation=with_ML throughput_gbps=7.4485 latency_ms=66.6038
[2026-08-05T21:29:17] SAMPLE t=44s phase=Path_change adaptation=with_ML throughput_gbps=7.5239 latency_ms=69.5495
[2026-08-05T21:29:18] SAMPLE t=45s phase=Path_change adaptation=with_ML throughput_gbps=7.8389 latency_ms=68.8039
[2026-08-05T21:29:19] SAMPLE t=46s phase=Path_change adaptation=with_ML throughput_gbps=7.146 latency_ms=69.483
[2026-08-05T21:29:20] SAMPLE t=47s phase=Path_change adaptation=with_ML throughput_gbps=7.3685 latency_ms=66.8436
[2026-08-05T21:29:21] SAMPLE t=48s phase=Path_change adaptation=with_ML throughput_gbps=7.1946 latency_ms=68.4533
[2026-08-05T21:29:22] SAMPLE t=49s phase=Path_change adaptation=with_ML throughput_gbps=7.1797 latency_ms=67.272
[2026-08-05T21:29:23] SAMPLE t=50s phase=Path_change adaptation=with_ML throughput_gbps=7.3371 latency_ms=67.267
[2026-08-05T21:29:24] SAMPLE t=51s phase=Path_change adaptation=with_ML throughput_gbps=7.2969 latency_ms=70.3458
[2026-08-05T21:29:25] SAMPLE t=52s phase=Path_change adaptation=with_ML throughput_gbps=7.1398 latency_ms=70.7862
[2026-08-05T21:29:26] SAMPLE t=53s phase=Path_change adaptation=with_ML throughput_gbps=7.0128 latency_ms=66.9922
[2026-08-05T21:29:27] SAMPLE t=54s phase=Path_change adaptation=with_ML throughput_gbps=7.3103 latency_ms=68.6596
[2026-08-05T21:29:28] SAMPLE t=55s phase=Path_change adaptation=with_ML throughput_gbps=7.5862 latency_ms=67.3026
[2026-08-05T21:29:29] SAMPLE t=56s phase=Path_change adaptation=with_ML throughput_gbps=7.3282 latency_ms=67.9745
[2026-08-05T21:29:30] SAMPLE t=57s phase=Path_change adaptation=with_ML throughput_gbps=7.6946 latency_ms=68.6611
[2026-08-05T21:29:31] SAMPLE t=58s phase=Path_change adaptation=with_ML throughput_gbps=7.7708 latency_ms=69.8053
[2026-08-05T21:29:32] SAMPLE t=59s phase=Path_change adaptation=with_ML throughput_gbps=8.1162 latency_ms=66.2412
[2026-08-05T21:29:33] SAMPLE t=60s phase=Loss_spike adaptation=with_ML throughput_gbps=7.1792 latency_ms=68.6681
[2026-08-05T21:29:34] SAMPLE t=61s phase=Loss_spike adaptation=with_ML throughput_gbps=8.4768 latency_ms=73.4593
[2026-08-05T21:29:35] SAMPLE t=62s phase=Loss_spike adaptation=with_ML throughput_gbps=7.7781 latency_ms=68.8993
[2026-08-05T21:29:36] SAMPLE t=63s phase=Loss_spike adaptation=with_ML throughput_gbps=6.6194 latency_ms=69.2059
[2026-08-05T21:29:37] SAMPLE t=64s phase=Loss_spike adaptation=with_ML throughput_gbps=6.1274 latency_ms=70.156
[2026-08-05T21:29:38] SAMPLE t=65s phase=Loss_spike adaptation=with_ML throughput_gbps=7.2275 latency_ms=66.6915
[2026-08-05T21:29:39] SAMPLE t=66s phase=Loss_spike adaptation=with_ML throughput_gbps=8.4073 latency_ms=70.7297
[2026-08-05T21:29:40] SAMPLE t=67s phase=Loss_spike adaptation=with_ML throughput_gbps=7.9013 latency_ms=69.2504
[2026-08-05T21:29:41] SAMPLE t=68s phase=Loss_spike adaptation=with_ML throughput_gbps=6.9692 latency_ms=67.7982
[2026-08-05T21:29:42] SAMPLE t=69s phase=Loss_spike adaptation=with_ML throughput_gbps=6.4074 latency_ms=72.845
[2026-08-05T21:29:43] SAMPLE t=70s phase=Loss_spike adaptation=with_ML throughput_gbps=7.3586 latency_ms=67.7863
[2026-08-05T21:29:44] SAMPLE t=71s phase=Loss_spike adaptation=with_ML throughput_gbps=8.443 latency_ms=71.2727
[2026-08-05T21:29:45] SAMPLE t=72s phase=Loss_spike adaptation=with_ML throughput_gbps=7.8623 latency_ms=69.7563
[2026-08-05T21:29:46] SAMPLE t=73s phase=Loss_spike adaptation=with_ML throughput_gbps=6.4662 latency_ms=70.4099
[2026-08-05T21:29:47] SAMPLE t=74s phase=Loss_spike adaptation=with_ML throughput_gbps=6.2381 latency_ms=72.3348
[2026-08-05T21:29:48] SAMPLE t=75s phase=Loss_spike adaptation=with_ML throughput_gbps=7.8007 latency_ms=67.8246
[2026-08-05T21:29:49] SAMPLE t=76s phase=Loss_spike adaptation=with_ML throughput_gbps=8.5002 latency_ms=71.5262
[2026-08-05T21:29:50] SAMPLE t=77s phase=Loss_spike adaptation=with_ML throughput_gbps=8.0802 latency_ms=69.1566
[2026-08-05T21:29:51] SAMPLE t=78s phase=Loss_spike adaptation=with_ML throughput_gbps=6.632 latency_ms=70.384
[2026-08-05T21:29:52] SAMPLE t=79s phase=Loss_spike adaptation=with_ML throughput_gbps=6.2834 latency_ms=71.4782
[2026-08-05T21:29:53] SAMPLE t=80s phase=Recovery adaptation=with_ML throughput_gbps=7.8941 latency_ms=63.3127
[2026-08-05T21:29:54] SAMPLE t=81s phase=Recovery adaptation=with_ML throughput_gbps=7.8339 latency_ms=68.3073
[2026-08-05T21:29:55] SAMPLE t=82s phase=Recovery adaptation=with_ML throughput_gbps=8.2216 latency_ms=64.2436
[2026-08-05T21:29:56] SAMPLE t=83s phase=Recovery adaptation=with_ML throughput_gbps=8.3718 latency_ms=63.0013
[2026-08-05T21:29:57] SAMPLE t=84s phase=Recovery adaptation=with_ML throughput_gbps=8.226 latency_ms=66.3079
[2026-08-05T21:29:58] SAMPLE t=85s phase=Recovery adaptation=with_ML throughput_gbps=7.9339 latency_ms=67.3003
[2026-08-05T21:29:59] SAMPLE t=86s phase=Recovery adaptation=with_ML throughput_gbps=8.2044 latency_ms=66.9164
[2026-08-05T21:30:00] SAMPLE t=87s phase=Recovery adaptation=with_ML throughput_gbps=8.5128 latency_ms=66.3538
[2026-08-05T21:30:01] SAMPLE t=88s phase=Recovery adaptation=with_ML throughput_gbps=8.7907 latency_ms=64.879
[2026-08-05T21:30:02] SAMPLE t=89s phase=Recovery adaptation=with_ML throughput_gbps=8.3476 latency_ms=64.4802
[2026-08-05T21:30:03] SAMPLE t=90s phase=Recovery adaptation=with_ML throughput_gbps=8.415 latency_ms=65.4496
[2026-08-05T21:30:04] SAMPLE t=91s phase=Recovery adaptation=with_ML throughput_gbps=8.3717 latency_ms=64.9075
[2026-08-05T21:30:05] SAMPLE t=92s phase=Recovery adaptation=with_ML throughput_gbps=8.0555 latency_ms=66.1961
[2026-08-05T21:30:06] SAMPLE t=93s phase=Recovery adaptation=with_ML throughput_gbps=8.8248 latency_ms=65.1927
[2026-08-05T21:30:07] SAMPLE t=94s phase=Recovery adaptation=with_ML throughput_gbps=8.7499 latency_ms=65.5862
[2026-08-05T21:30:08] SAMPLE t=95s phase=Recovery adaptation=with_ML throughput_gbps=8.3073 latency_ms=67.2807
[2026-08-05T21:30:09] SAMPLE t=96s phase=Recovery adaptation=with_ML throughput_gbps=8.2998 latency_ms=64.5248
[2026-08-05T21:30:10] SAMPLE t=97s phase=Recovery adaptation=with_ML throughput_gbps=8.0679 latency_ms=65.555
[2026-08-05T21:30:11] SAMPLE t=98s phase=Recovery adaptation=with_ML throughput_gbps=8.3687 latency_ms=63.4354
[2026-08-05T21:30:12] SAMPLE t=99s phase=Recovery adaptation=with_ML throughput_gbps=8.4182 latency_ms=64.0909
[2026-08-05T21:28:33] SAMPLE t=0s phase=Stable adaptation=without_ML throughput_gbps=7.9164 latency_ms=65.1597
[2026-08-05T21:28:34] SAMPLE t=1s phase=Stable adaptation=without_ML throughput_gbps=7.9955 latency_ms=64.7174
[2026-08-05T21:28:35] SAMPLE t=2s phase=Stable adaptation=without_ML throughput_gbps=8.032 latency_ms=65.9751
[2026-08-05T21:28:36] SAMPLE t=3s phase=Stable adaptation=without_ML throughput_gbps=7.9543 latency_ms=67.8675
[2026-08-05T21:28:37] SAMPLE t=4s phase=Stable adaptation=without_ML throughput_gbps=7.7723 latency_ms=66.6207
[2026-08-05T21:28:38] SAMPLE t=5s phase=Stable adaptation=without_ML throughput_gbps=7.6399 latency_ms=65.7061
[2026-08-05T21:28:39] SAMPLE t=6s phase=Stable adaptation=without_ML throughput_gbps=8.4117 latency_ms=65.6846
[2026-08-05T21:28:40] SAMPLE t=7s phase=Stable adaptation=without_ML throughput_gbps=7.7617 latency_ms=65.5416
[2026-08-05T21:28:41] SAMPLE t=8s phase=Stable adaptation=without_ML throughput_gbps=7.9911 latency_ms=67.1927
[2026-08-05T21:28:42] SAMPLE t=9s phase=Stable adaptation=without_ML throughput_gbps=8.3617 latency_ms=67.5383
[2026-08-05T21:28:43] SAMPLE t=10s phase=Stable adaptation=without_ML throughput_gbps=8.0469 latency_ms=64.9126
[2026-08-05T21:28:44] SAMPLE t=11s phase=Stable adaptation=without_ML throughput_gbps=7.7567 latency_ms=66.9512
[2026-08-05T21:28:45] SAMPLE t=12s phase=Stable adaptation=without_ML throughput_gbps=7.9106 latency_ms=67.4413
[2026-08-05T21:28:46] SAMPLE t=13s phase=Stable adaptation=without_ML throughput_gbps=8.3773 latency_ms=64.831
[2026-08-05T21:28:47] SAMPLE t=14s phase=Stable adaptation=without_ML throughput_gbps=8.2373 latency_ms=66.7793
[2026-08-05T21:28:48] SAMPLE t=15s phase=Stable adaptation=without_ML throughput_gbps=8.1153 latency_ms=63.6311
[2026-08-05T21:28:49] SAMPLE t=16s phase=Stable adaptation=without_ML throughput_gbps=8.2773 latency_ms=66.5369
[2026-08-05T21:28:50] SAMPLE t=17s phase=Stable adaptation=without_ML throughput_gbps=8.0676 latency_ms=66.3784
[2026-08-05T21:28:51] SAMPLE t=18s phase=Stable adaptation=without_ML throughput_gbps=7.9397 latency_ms=65.7628
[2026-08-05T21:28:52] SAMPLE t=19s phase=Stable adaptation=without_ML throughput_gbps=7.9227 latency_ms=66.2309
[2026-08-05T21:28:53] SAMPLE t=20s phase=Congestion adaptation=without_ML throughput_gbps=7.9768 latency_ms=66.3347
[2026-08-05T21:28:54] SAMPLE t=21s phase=Congestion adaptation=without_ML throughput_gbps=8.3442 latency_ms=68.6969
[2026-08-05T21:28:55] SAMPLE t=22s phase=Congestion adaptation=without_ML throughput_gbps=7.6685 latency_ms=63.9424
[2026-08-05T21:28:56] SAMPLE t=23s phase=Congestion adaptation=without_ML throughput_gbps=7.9933 latency_ms=67.7043
[2026-08-05T21:28:57] SAMPLE t=24s phase=Congestion adaptation=without_ML throughput_gbps=8.2934 latency_ms=65.957
[2026-08-05T21:28:58] SAMPLE t=25s phase=Congestion adaptation=without_ML throughput_gbps=7.8312 latency_ms=65.8291
[2026-08-05T21:28:59] SAMPLE t=26s phase=Congestion adaptation=without_ML throughput_gbps=7.839 latency_ms=65.6407
[2026-08-05T21:29:00] SAMPLE t=27s phase=Congestion adaptation=without_ML throughput_gbps=7.7413 latency_ms=67.433
[2026-08-05T21:29:01] SAMPLE t=28s phase=Congestion adaptation=without_ML throughput_gbps=8.1705 latency_ms=66.1767
[2026-08-05T21:29:02] SAMPLE t=29s phase=Congestion adaptation=without_ML throughput_gbps=7.5516 latency_ms=64.4728
[2026-08-05T21:29:03] SAMPLE t=30s phase=Congestion adaptation=without_ML throughput_gbps=8.03 latency_ms=66.2259
[2026-08-05T21:29:04] SAMPLE t=31s phase=Congestion adaptation=without_ML throughput_gbps=8.2542 latency_ms=67.0749
[2026-08-05T21:29:05] SAMPLE t=32s phase=Congestion adaptation=without_ML throughput_gbps=8.5779 latency_ms=67.3843
[2026-08-05T21:29:06] SAMPLE t=33s phase=Congestion adaptation=without_ML throughput_gbps=7.9111 latency_ms=65.9444
[2026-08-05T21:29:07] SAMPLE t=34s phase=Congestion adaptation=without_ML throughput_gbps=8.0918 latency_ms=67.852
[2026-08-05T21:29:08] SAMPLE t=35s phase=Congestion adaptation=without_ML throughput_gbps=8.1062 latency_ms=65.7189
[2026-08-05T21:29:09] SAMPLE t=36s phase=Congestion adaptation=without_ML throughput_gbps=8.0698 latency_ms=66.1588
[2026-08-05T21:29:10] SAMPLE t=37s phase=Congestion adaptation=without_ML throughput_gbps=7.9433 latency_ms=65.7331
[2026-08-05T21:29:11] SAMPLE t=38s phase=Congestion adaptation=without_ML throughput_gbps=7.8817 latency_ms=67.6219
[2026-08-05T21:29:12] SAMPLE t=39s phase=Congestion adaptation=without_ML throughput_gbps=8.1324 latency_ms=63.7364
[2026-08-05T21:29:13] SAMPLE t=40s phase=Path_change adaptation=without_ML throughput_gbps=8.1493 latency_ms=65.1523
[2026-08-05T21:29:14] SAMPLE t=41s phase=Path_change adaptation=without_ML throughput_gbps=7.6245 latency_ms=65.8466
[2026-08-05T21:29:15] SAMPLE t=42s phase=Path_change adaptation=without_ML throughput_gbps=7.2047 latency_ms=67.5211
[2026-08-05T21:29:16] SAMPLE t=43s phase=Path_change adaptation=without_ML throughput_gbps=6.5271 latency_ms=70.1965
[2026-08-05T21:29:17] SAMPLE t=44s phase=Path_change adaptation=without_ML throughput_gbps=6.7337 latency_ms=70.902
[2026-08-05T21:29:18] SAMPLE t=45s phase=Path_change adaptation=without_ML throughput_gbps=6.4863 latency_ms=71.0153
[2026-08-05T21:29:19] SAMPLE t=46s phase=Path_change adaptation=without_ML throughput_gbps=5.7155 latency_ms=71.3282
[2026-08-05T21:29:20] SAMPLE t=47s phase=Path_change adaptation=without_ML throughput_gbps=5.9518 latency_ms=71.4197
[2026-08-05T21:29:21] SAMPLE t=48s phase=Path_change adaptation=without_ML throughput_gbps=5.8046 latency_ms=71.6969
[2026-08-05T21:29:22] SAMPLE t=49s phase=Path_change adaptation=without_ML throughput_gbps=5.6235 latency_ms=75.2743
[2026-08-05T21:29:23] SAMPLE t=50s phase=Path_change adaptation=without_ML throughput_gbps=5.7389 latency_ms=71.6446
[2026-08-05T21:29:24] SAMPLE t=51s phase=Path_change adaptation=without_ML throughput_gbps=5.5626 latency_ms=74.9654
[2026-08-05T21:29:25] SAMPLE t=52s phase=Path_change adaptation=without_ML throughput_gbps=6.2033 latency_ms=69.8803
[2026-08-05T21:29:26] SAMPLE t=53s phase=Path_change adaptation=without_ML throughput_gbps=5.9797 latency_ms=72.3343
[2026-08-05T21:29:27] SAMPLE t=54s phase=Path_change adaptation=without_ML throughput_gbps=5.9139 latency_ms=72.8868
[2026-08-05T21:29:28] SAMPLE t=55s phase=Path_change adaptation=without_ML throughput_gbps=6.4722 latency_ms=70.4984
[2026-08-05T21:29:29] SAMPLE t=56s phase=Path_change adaptation=without_ML throughput_gbps=6.5982 latency_ms=69.5187
[2026-08-05T21:29:30] SAMPLE t=57s phase=Path_change adaptation=without_ML throughput_gbps=7.1819 latency_ms=69.5669
[2026-08-05T21:29:31] SAMPLE t=58s phase=Path_change adaptation=without_ML throughput_gbps=7.7663 latency_ms=71.589
[2026-08-05T21:29:32] SAMPLE t=59s phase=Path_change adaptation=without_ML throughput_gbps=7.584 latency_ms=67.9218
[2026-08-05T21:29:33] SAMPLE t=60s phase=Loss_spike adaptation=without_ML throughput_gbps=6.0919 latency_ms=68.589
[2026-08-05T21:29:34] SAMPLE t=61s phase=Loss_spike adaptation=without_ML throughput_gbps=8.4079 latency_ms=79.767
[2026-08-05T21:29:35] SAMPLE t=62s phase=Loss_spike adaptation=without_ML throughput_gbps=7.3948 latency_ms=76.686
[2026-08-05T21:29:36] SAMPLE t=63s phase=Loss_spike adaptation=without_ML throughput_gbps=4.8257 latency_ms=75.5341
[2026-08-05T21:29:37] SAMPLE t=64s phase=Loss_spike adaptation=without_ML throughput_gbps=3.7515 latency_ms=77.9955
[2026-08-05T21:29:38] SAMPLE t=65s phase=Loss_spike adaptation=without_ML throughput_gbps=6.3286 latency_ms=67.8272
[2026-08-05T21:29:39] SAMPLE t=66s phase=Loss_spike adaptation=without_ML throughput_gbps=8.8737 latency_ms=78.1919
[2026-08-05T21:29:40] SAMPLE t=67s phase=Loss_spike adaptation=without_ML throughput_gbps=7.5063 latency_ms=72.4499
[2026-08-05T21:29:41] SAMPLE t=68s phase=Loss_spike adaptation=without_ML throughput_gbps=4.8236 latency_ms=76.2038
[2026-08-05T21:29:42] SAMPLE t=69s phase=Loss_spike adaptation=without_ML throughput_gbps=3.953 latency_ms=82.8229
[2026-08-05T21:29:43] SAMPLE t=70s phase=Loss_spike adaptation=without_ML throughput_gbps=5.9542 latency_ms=69.3976
[2026-08-05T21:29:44] SAMPLE t=71s phase=Loss_spike adaptation=without_ML throughput_gbps=7.8841 latency_ms=76.3337
[2026-08-05T21:29:45] SAMPLE t=72s phase=Loss_spike adaptation=without_ML throughput_gbps=7.2068 latency_ms=77.7031
[2026-08-05T21:29:46] SAMPLE t=73s phase=Loss_spike adaptation=without_ML throughput_gbps=4.7095 latency_ms=76.1864
[2026-08-05T21:29:47] SAMPLE t=74s phase=Loss_spike adaptation=without_ML throughput_gbps=3.9499 latency_ms=80.6723
[2026-08-05T21:29:48] SAMPLE t=75s phase=Loss_spike adaptation=without_ML throughput_gbps=6.4012 latency_ms=69.7338
[2026-08-05T21:29:49] SAMPLE t=76s phase=Loss_spike adaptation=without_ML throughput_gbps=8.0354 latency_ms=80.5058
[2026-08-05T21:29:50] SAMPLE t=77s phase=Loss_spike adaptation=without_ML throughput_gbps=7.399 latency_ms=76.8585
[2026-08-05T21:29:51] SAMPLE t=78s phase=Loss_spike adaptation=without_ML throughput_gbps=4.8483 latency_ms=75.711
[2026-08-05T21:29:52] SAMPLE t=79s phase=Loss_spike adaptation=without_ML throughput_gbps=4.0375 latency_ms=78.8638
[2026-08-05T21:29:53] SAMPLE t=80s phase=Recovery adaptation=without_ML throughput_gbps=7.682 latency_ms=66.6847
[2026-08-05T21:29:54] SAMPLE t=81s phase=Recovery adaptation=without_ML throughput_gbps=7.9819 latency_ms=65.3672
[2026-08-05T21:29:55] SAMPLE t=82s phase=Recovery adaptation=without_ML throughput_gbps=8.0724 latency_ms=66.5224
[2026-08-05T21:29:56] SAMPLE t=83s phase=Recovery adaptation=without_ML throughput_gbps=8.0299 latency_ms=66.4033
[2026-08-05T21:29:57] SAMPLE t=84s phase=Recovery adaptation=without_ML throughput_gbps=8.1859 latency_ms=65.826
[2026-08-05T21:29:58] SAMPLE t=85s phase=Recovery adaptation=without_ML throughput_gbps=7.8574 latency_ms=64.5697
[2026-08-05T21:29:59] SAMPLE t=86s phase=Recovery adaptation=without_ML throughput_gbps=8.1338 latency_ms=68.2892
[2026-08-05T21:30:00] SAMPLE t=87s phase=Recovery adaptation=without_ML throughput_gbps=7.9027 latency_ms=65.8314
[2026-08-05T21:30:01] SAMPLE t=88s phase=Recovery adaptation=without_ML throughput_gbps=8.0653 latency_ms=66.0985
[2026-08-05T21:30:02] SAMPLE t=89s phase=Recovery adaptation=without_ML throughput_gbps=8.1902 latency_ms=66.4773
[2026-08-05T21:30:03] SAMPLE t=90s phase=Recovery adaptation=without_ML throughput_gbps=7.747 latency_ms=65.4533
[2026-08-05T21:30:04] SAMPLE t=91s phase=Recovery adaptation=without_ML throughput_gbps=8.1653 latency_ms=66.0486
[2026-08-05T21:30:05] SAMPLE t=92s phase=Recovery adaptation=without_ML throughput_gbps=7.9572 latency_ms=67.3762
[2026-08-05T21:30:06] SAMPLE t=93s phase=Recovery adaptation=without_ML throughput_gbps=7.8075 latency_ms=66.6172
[2026-08-05T21:30:07] SAMPLE t=94s phase=Recovery adaptation=without_ML throughput_gbps=8.1943 latency_ms=63.6716
[2026-08-05T21:30:08] SAMPLE t=95s phase=Recovery adaptation=without_ML throughput_gbps=8.2071 latency_ms=64.5134
[2026-08-05T21:30:09] SAMPLE t=96s phase=Recovery adaptation=without_ML throughput_gbps=7.916 latency_ms=62.7231
[2026-08-05T21:30:10] SAMPLE t=97s phase=Recovery adaptation=without_ML throughput_gbps=8.471 latency_ms=63.2737
[2026-08-05T21:30:11] SAMPLE t=98s phase=Recovery adaptation=without_ML throughput_gbps=7.6661 latency_ms=66.2239
[2026-08-05T21:30:12] SAMPLE t=99s phase=Recovery adaptation=without_ML throughput_gbps=8.0419 latency_ms=65.5194
[2026-08-05T21:28:33] TRACE_END run_id=24 status=OK
[2026-08-06T13:30:20] TRACE_START run_id=25
[2026-08-06T13:30:20] SAMPLE t=0s phase=Stable adaptation=with_ML throughput_gbps=8.1912 latency_ms=65.8526
[2026-08-06T13:30:21] SAMPLE t=1s phase=Stable adaptation=with_ML throughput_gbps=8.1049 latency_ms=66.9745
[2026-08-06T13:30:22] SAMPLE t=2s phase=Stable adaptation=with_ML throughput_gbps=7.8329 latency_ms=66.6871
[2026-08-06T13:30:23] SAMPLE t=3s phase=Stable adaptation=with_ML throughput_gbps=8.2339 latency_ms=66.1939
[2026-08-06T13:30:24] SAMPLE t=4s phase=Stable adaptation=with_ML throughput_gbps=8.2705 latency_ms=68.6285
[2026-08-06T13:30:25] SAMPLE t=5s phase=Stable adaptation=with_ML throughput_gbps=8.0879 latency_ms=67.4315
[2026-08-06T13:30:26] SAMPLE t=6s phase=Stable adaptation=with_ML throughput_gbps=8.4597 latency_ms=65.8765
[2026-08-06T13:30:27] SAMPLE t=7s phase=Stable adaptation=with_ML throughput_gbps=7.7449 latency_ms=67.4958
[2026-08-06T13:30:28] SAMPLE t=8s phase=Stable adaptation=with_ML throughput_gbps=8.0316 latency_ms=63.8552
[2026-08-06T13:30:29] SAMPLE t=9s phase=Stable adaptation=with_ML throughput_gbps=7.8183 latency_ms=63.2427
[2026-08-06T13:30:30] SAMPLE t=10s phase=Stable adaptation=with_ML throughput_gbps=8.2508 latency_ms=65.368
[2026-08-06T13:30:31] SAMPLE t=11s phase=Stable adaptation=with_ML throughput_gbps=8.2458 latency_ms=65.8415
[2026-08-06T13:30:32] SAMPLE t=12s phase=Stable adaptation=with_ML throughput_gbps=7.7639 latency_ms=68.6414
[2026-08-06T13:30:33] SAMPLE t=13s phase=Stable adaptation=with_ML throughput_gbps=7.8385 latency_ms=68.7805
[2026-08-06T13:30:34] SAMPLE t=14s phase=Stable adaptation=with_ML throughput_gbps=8.3694 latency_ms=66.7682
[2026-08-06T13:30:35] SAMPLE t=15s phase=Stable adaptation=with_ML throughput_gbps=7.7718 latency_ms=66.525
[2026-08-06T13:30:36] SAMPLE t=16s phase=Stable adaptation=with_ML throughput_gbps=8.0894 latency_ms=66.3685
[2026-08-06T13:30:37] SAMPLE t=17s phase=Stable adaptation=with_ML throughput_gbps=8.0465 latency_ms=66.1437
[2026-08-06T13:30:38] SAMPLE t=18s phase=Stable adaptation=with_ML throughput_gbps=8.4029 latency_ms=66.0992
[2026-08-06T13:30:39] SAMPLE t=19s phase=Stable adaptation=with_ML throughput_gbps=8.0284 latency_ms=66.868
[2026-08-06T13:30:40] SAMPLE t=20s phase=Congestion adaptation=with_ML throughput_gbps=8.2365 latency_ms=65.4698
[2026-08-06T13:30:41] SAMPLE t=21s phase=Congestion adaptation=with_ML throughput_gbps=8.3184 latency_ms=67.3538
[2026-08-06T13:30:42] SAMPLE t=22s phase=Congestion adaptation=with_ML throughput_gbps=7.7274 latency_ms=65.7385
[2026-08-06T13:30:43] SAMPLE t=23s phase=Congestion adaptation=with_ML throughput_gbps=8.2913 latency_ms=68.0047
[2026-08-06T13:30:44] SAMPLE t=24s phase=Congestion adaptation=with_ML throughput_gbps=7.9256 latency_ms=66.0201
[2026-08-06T13:30:45] SAMPLE t=25s phase=Congestion adaptation=with_ML throughput_gbps=8.2283 latency_ms=67.2502
[2026-08-06T13:30:46] SAMPLE t=26s phase=Congestion adaptation=with_ML throughput_gbps=8.1616 latency_ms=67.3313
[2026-08-06T13:30:47] SAMPLE t=27s phase=Congestion adaptation=with_ML throughput_gbps=7.9908 latency_ms=68.3244
[2026-08-06T13:30:48] SAMPLE t=28s phase=Congestion adaptation=with_ML throughput_gbps=8.1425 latency_ms=67.4559
[2026-08-06T13:30:49] SAMPLE t=29s phase=Congestion adaptation=with_ML throughput_gbps=8.3953 latency_ms=68.1727
[2026-08-06T13:30:50] SAMPLE t=30s phase=Congestion adaptation=with_ML throughput_gbps=8.3503 latency_ms=66.9893
[2026-08-06T13:30:51] SAMPLE t=31s phase=Congestion adaptation=with_ML throughput_gbps=8.0827 latency_ms=67.0134
[2026-08-06T13:30:52] SAMPLE t=32s phase=Congestion adaptation=with_ML throughput_gbps=7.9575 latency_ms=64.4154
[2026-08-06T13:30:53] SAMPLE t=33s phase=Congestion adaptation=with_ML throughput_gbps=8.1044 latency_ms=67.2601
[2026-08-06T13:30:54] SAMPLE t=34s phase=Congestion adaptation=with_ML throughput_gbps=8.2547 latency_ms=66.7389
[2026-08-06T13:30:55] SAMPLE t=35s phase=Congestion adaptation=with_ML throughput_gbps=8.0214 latency_ms=68.9133
[2026-08-06T13:30:56] SAMPLE t=36s phase=Congestion adaptation=with_ML throughput_gbps=8.4502 latency_ms=67.5232
[2026-08-06T13:30:57] SAMPLE t=37s phase=Congestion adaptation=with_ML throughput_gbps=7.9269 latency_ms=65.8593
[2026-08-06T13:30:58] SAMPLE t=38s phase=Congestion adaptation=with_ML throughput_gbps=7.9701 latency_ms=64.4144
[2026-08-06T13:30:59] SAMPLE t=39s phase=Congestion adaptation=with_ML throughput_gbps=8.0236 latency_ms=66.5758
[2026-08-06T13:31:00] SAMPLE t=40s phase=Path_change adaptation=with_ML throughput_gbps=8.0324 latency_ms=67.2494
[2026-08-06T13:31:01] SAMPLE t=41s phase=Path_change adaptation=with_ML throughput_gbps=8.3882 latency_ms=64.7414
[2026-08-06T13:31:02] SAMPLE t=42s phase=Path_change adaptation=with_ML throughput_gbps=7.3818 latency_ms=67.3817
[2026-08-06T13:31:03] SAMPLE t=43s phase=Path_change adaptation=with_ML throughput_gbps=7.9435 latency_ms=68.8182
[2026-08-06T13:31:04] SAMPLE t=44s phase=Path_change adaptation=with_ML throughput_gbps=7.618 latency_ms=66.3315
[2026-08-06T13:31:05] SAMPLE t=45s phase=Path_change adaptation=with_ML throughput_gbps=7.5465 latency_ms=65.9593
[2026-08-06T13:31:06] SAMPLE t=46s phase=Path_change adaptation=with_ML throughput_gbps=7.5705 latency_ms=68.7496
[2026-08-06T13:31:07] SAMPLE t=47s phase=Path_change adaptation=with_ML throughput_gbps=7.1379 latency_ms=67.5351
[2026-08-06T13:31:08] SAMPLE t=48s phase=Path_change adaptation=with_ML throughput_gbps=7.0637 latency_ms=68.0794
[2026-08-06T13:31:09] SAMPLE t=49s phase=Path_change adaptation=with_ML throughput_gbps=7.0313 latency_ms=68.3515
[2026-08-06T13:31:10] SAMPLE t=50s phase=Path_change adaptation=with_ML throughput_gbps=7.3067 latency_ms=69.8889
[2026-08-06T13:31:11] SAMPLE t=51s phase=Path_change adaptation=with_ML throughput_gbps=7.4243 latency_ms=67.713
[2026-08-06T13:31:12] SAMPLE t=52s phase=Path_change adaptation=with_ML throughput_gbps=7.5409 latency_ms=69.1075
[2026-08-06T13:31:13] SAMPLE t=53s phase=Path_change adaptation=with_ML throughput_gbps=7.2288 latency_ms=70.2051
[2026-08-06T13:31:14] SAMPLE t=54s phase=Path_change adaptation=with_ML throughput_gbps=7.0911 latency_ms=66.9954
[2026-08-06T13:31:15] SAMPLE t=55s phase=Path_change adaptation=with_ML throughput_gbps=7.4056 latency_ms=67.0074
[2026-08-06T13:31:16] SAMPLE t=56s phase=Path_change adaptation=with_ML throughput_gbps=7.5403 latency_ms=69.2379
[2026-08-06T13:31:17] SAMPLE t=57s phase=Path_change adaptation=with_ML throughput_gbps=7.4776 latency_ms=67.0934
[2026-08-06T13:31:18] SAMPLE t=58s phase=Path_change adaptation=with_ML throughput_gbps=7.7002 latency_ms=66.0252
[2026-08-06T13:31:19] SAMPLE t=59s phase=Path_change adaptation=with_ML throughput_gbps=7.9703 latency_ms=68.7404
[2026-08-06T13:31:20] SAMPLE t=60s phase=Loss_spike adaptation=with_ML throughput_gbps=7.3891 latency_ms=65.9672
[2026-08-06T13:31:21] SAMPLE t=61s phase=Loss_spike adaptation=with_ML throughput_gbps=8.3121 latency_ms=73.2431
[2026-08-06T13:31:22] SAMPLE t=62s phase=Loss_spike adaptation=with_ML throughput_gbps=8.0124 latency_ms=70.7202
[2026-08-06T13:31:23] SAMPLE t=63s phase=Loss_spike adaptation=with_ML throughput_gbps=6.835 latency_ms=71.5433
[2026-08-06T13:31:24] SAMPLE t=64s phase=Loss_spike adaptation=with_ML throughput_gbps=6.0228 latency_ms=69.8314
[2026-08-06T13:31:25] SAMPLE t=65s phase=Loss_spike adaptation=with_ML throughput_gbps=7.3111 latency_ms=68.6564
[2026-08-06T13:31:26] SAMPLE t=66s phase=Loss_spike adaptation=with_ML throughput_gbps=8.2379 latency_ms=71.7772
[2026-08-06T13:31:27] SAMPLE t=67s phase=Loss_spike adaptation=with_ML throughput_gbps=8.2688 latency_ms=71.6018
[2026-08-06T13:31:28] SAMPLE t=68s phase=Loss_spike adaptation=with_ML throughput_gbps=6.5166 latency_ms=70.158
[2026-08-06T13:31:29] SAMPLE t=69s phase=Loss_spike adaptation=with_ML throughput_gbps=6.2032 latency_ms=72.5206
[2026-08-06T13:31:30] SAMPLE t=70s phase=Loss_spike adaptation=with_ML throughput_gbps=7.0309 latency_ms=67.8168
[2026-08-06T13:31:31] SAMPLE t=71s phase=Loss_spike adaptation=with_ML throughput_gbps=8.6526 latency_ms=72.7697
[2026-08-06T13:31:32] SAMPLE t=72s phase=Loss_spike adaptation=with_ML throughput_gbps=7.6314 latency_ms=69.3943
[2026-08-06T13:31:33] SAMPLE t=73s phase=Loss_spike adaptation=with_ML throughput_gbps=6.4573 latency_ms=68.8047
[2026-08-06T13:31:34] SAMPLE t=74s phase=Loss_spike adaptation=with_ML throughput_gbps=6.4085 latency_ms=71.1347
[2026-08-06T13:31:35] SAMPLE t=75s phase=Loss_spike adaptation=with_ML throughput_gbps=7.3215 latency_ms=67.6467
[2026-08-06T13:31:36] SAMPLE t=76s phase=Loss_spike adaptation=with_ML throughput_gbps=8.506 latency_ms=71.406
[2026-08-06T13:31:37] SAMPLE t=77s phase=Loss_spike adaptation=with_ML throughput_gbps=7.9742 latency_ms=70.2245
[2026-08-06T13:31:38] SAMPLE t=78s phase=Loss_spike adaptation=with_ML throughput_gbps=6.1396 latency_ms=70.7735
[2026-08-06T13:31:39] SAMPLE t=79s phase=Loss_spike adaptation=with_ML throughput_gbps=6.3544 latency_ms=71.8707
[2026-08-06T13:31:40] SAMPLE t=80s phase=Recovery adaptation=with_ML throughput_gbps=7.9171 latency_ms=67.8172
[2026-08-06T13:31:41] SAMPLE t=81s phase=Recovery adaptation=with_ML throughput_gbps=8.3731 latency_ms=65.3906
[2026-08-06T13:31:42] SAMPLE t=82s phase=Recovery adaptation=with_ML throughput_gbps=8.0613 latency_ms=65.0746
[2026-08-06T13:31:43] SAMPLE t=83s phase=Recovery adaptation=with_ML throughput_gbps=8.1948 latency_ms=65.328
[2026-08-06T13:31:44] SAMPLE t=84s phase=Recovery adaptation=with_ML throughput_gbps=8.1205 latency_ms=66.2619
[2026-08-06T13:31:45] SAMPLE t=85s phase=Recovery adaptation=with_ML throughput_gbps=8.599 latency_ms=66.5252
[2026-08-06T13:31:46] SAMPLE t=86s phase=Recovery adaptation=with_ML throughput_gbps=8.1879 latency_ms=66.7326
[2026-08-06T13:31:47] SAMPLE t=87s phase=Recovery adaptation=with_ML throughput_gbps=8.0459 latency_ms=66.2045
[2026-08-06T13:31:48] SAMPLE t=88s phase=Recovery adaptation=with_ML throughput_gbps=8.2794 latency_ms=65.6409
[2026-08-06T13:31:49] SAMPLE t=89s phase=Recovery adaptation=with_ML throughput_gbps=8.5037 latency_ms=64.8683
[2026-08-06T13:31:50] SAMPLE t=90s phase=Recovery adaptation=with_ML throughput_gbps=8.447 latency_ms=64.5183
[2026-08-06T13:31:51] SAMPLE t=91s phase=Recovery adaptation=with_ML throughput_gbps=8.2147 latency_ms=64.4406
[2026-08-06T13:31:52] SAMPLE t=92s phase=Recovery adaptation=with_ML throughput_gbps=8.3732 latency_ms=64.2879
[2026-08-06T13:31:53] SAMPLE t=93s phase=Recovery adaptation=with_ML throughput_gbps=8.3914 latency_ms=65.5686
[2026-08-06T13:31:54] SAMPLE t=94s phase=Recovery adaptation=with_ML throughput_gbps=7.9446 latency_ms=64.9557
[2026-08-06T13:31:55] SAMPLE t=95s phase=Recovery adaptation=with_ML throughput_gbps=8.3965 latency_ms=64.7732
[2026-08-06T13:31:56] SAMPLE t=96s phase=Recovery adaptation=with_ML throughput_gbps=8.4912 latency_ms=65.7182
[2026-08-06T13:31:57] SAMPLE t=97s phase=Recovery adaptation=with_ML throughput_gbps=8.6686 latency_ms=65.6209
[2026-08-06T13:31:58] SAMPLE t=98s phase=Recovery adaptation=with_ML throughput_gbps=8.6046 latency_ms=67.7181
[2026-08-06T13:31:59] SAMPLE t=99s phase=Recovery adaptation=with_ML throughput_gbps=8.8029 latency_ms=66.4489
[2026-08-06T13:30:20] SAMPLE t=0s phase=Stable adaptation=without_ML throughput_gbps=7.9915 latency_ms=66.6317
[2026-08-06T13:30:21] SAMPLE t=1s phase=Stable adaptation=without_ML throughput_gbps=7.9321 latency_ms=63.7375
[2026-08-06T13:30:22] SAMPLE t=2s phase=Stable adaptation=without_ML throughput_gbps=7.9017 latency_ms=66.6572
[2026-08-06T13:30:23] SAMPLE t=3s phase=Stable adaptation=without_ML throughput_gbps=8.5 latency_ms=63.8379
[2026-08-06T13:30:24] SAMPLE t=4s phase=Stable adaptation=without_ML throughput_gbps=8.5794 latency_ms=65.8608
[2026-08-06T13:30:25] SAMPLE t=5s phase=Stable adaptation=without_ML throughput_gbps=8.0598 latency_ms=64.3105
[2026-08-06T13:30:26] SAMPLE t=6s phase=Stable adaptation=without_ML throughput_gbps=7.8123 latency_ms=63.4342
[2026-08-06T13:30:27] SAMPLE t=7s phase=Stable adaptation=without_ML throughput_gbps=8.0527 latency_ms=65.8954
[2026-08-06T13:30:28] SAMPLE t=8s phase=Stable adaptation=without_ML throughput_gbps=8.1659 latency_ms=66.5774
[2026-08-06T13:30:29] SAMPLE t=9s phase=Stable adaptation=without_ML throughput_gbps=8.1986 latency_ms=69.301
[2026-08-06T13:30:30] SAMPLE t=10s phase=Stable adaptation=without_ML throughput_gbps=7.9684 latency_ms=65.5834
[2026-08-06T13:30:31] SAMPLE t=11s phase=Stable adaptation=without_ML throughput_gbps=8.2851 latency_ms=66.403
[2026-08-06T13:30:32] SAMPLE t=12s phase=Stable adaptation=without_ML throughput_gbps=7.9896 latency_ms=65.3388
[2026-08-06T13:30:33] SAMPLE t=13s phase=Stable adaptation=without_ML throughput_gbps=8.2815 latency_ms=67.8625
[2026-08-06T13:30:34] SAMPLE t=14s phase=Stable adaptation=without_ML throughput_gbps=7.8393 latency_ms=66.5647
[2026-08-06T13:30:35] SAMPLE t=15s phase=Stable adaptation=without_ML throughput_gbps=7.5827 latency_ms=63.7433
[2026-08-06T13:30:36] SAMPLE t=16s phase=Stable adaptation=without_ML throughput_gbps=7.9244 latency_ms=65.853
[2026-08-06T13:30:37] SAMPLE t=17s phase=Stable adaptation=without_ML throughput_gbps=8.0729 latency_ms=64.6928
[2026-08-06T13:30:38] SAMPLE t=18s phase=Stable adaptation=without_ML throughput_gbps=7.83 latency_ms=66.0148
[2026-08-06T13:30:39] SAMPLE t=19s phase=Stable adaptation=without_ML throughput_gbps=7.821 latency_ms=64.9835
[2026-08-06T13:30:40] SAMPLE t=20s phase=Congestion adaptation=without_ML throughput_gbps=7.7766 latency_ms=63.6678
[2026-08-06T13:30:41] SAMPLE t=21s phase=Congestion adaptation=without_ML throughput_gbps=7.7309 latency_ms=66.2816
[2026-08-06T13:30:42] SAMPLE t=22s phase=Congestion adaptation=without_ML throughput_gbps=8.2419 latency_ms=65.191
[2026-08-06T13:30:43] SAMPLE t=23s phase=Congestion adaptation=without_ML throughput_gbps=7.8492 latency_ms=67.2
[2026-08-06T13:30:44] SAMPLE t=24s phase=Congestion adaptation=without_ML throughput_gbps=7.8431 latency_ms=66.0385
[2026-08-06T13:30:45] SAMPLE t=25s phase=Congestion adaptation=without_ML throughput_gbps=7.6493 latency_ms=67.2785
[2026-08-06T13:30:46] SAMPLE t=26s phase=Congestion adaptation=without_ML throughput_gbps=7.8062 latency_ms=65.3401
[2026-08-06T13:30:47] SAMPLE t=27s phase=Congestion adaptation=without_ML throughput_gbps=7.7551 latency_ms=67.8888
[2026-08-06T13:30:48] SAMPLE t=28s phase=Congestion adaptation=without_ML throughput_gbps=7.9655 latency_ms=65.5772
[2026-08-06T13:30:49] SAMPLE t=29s phase=Congestion adaptation=without_ML throughput_gbps=7.9472 latency_ms=66.9317
[2026-08-06T13:30:50] SAMPLE t=30s phase=Congestion adaptation=without_ML throughput_gbps=8.2579 latency_ms=64.6836
[2026-08-06T13:30:51] SAMPLE t=31s phase=Congestion adaptation=without_ML throughput_gbps=7.9495 latency_ms=67.6201
[2026-08-06T13:30:52] SAMPLE t=32s phase=Congestion adaptation=without_ML throughput_gbps=8.0491 latency_ms=66.8799
[2026-08-06T13:30:53] SAMPLE t=33s phase=Congestion adaptation=without_ML throughput_gbps=7.9107 latency_ms=64.8587
[2026-08-06T13:30:54] SAMPLE t=34s phase=Congestion adaptation=without_ML throughput_gbps=7.8883 latency_ms=66.1918
[2026-08-06T13:30:55] SAMPLE t=35s phase=Congestion adaptation=without_ML throughput_gbps=7.9428 latency_ms=65.016
[2026-08-06T13:30:56] SAMPLE t=36s phase=Congestion adaptation=without_ML throughput_gbps=7.8973 latency_ms=66.0917
[2026-08-06T13:30:57] SAMPLE t=37s phase=Congestion adaptation=without_ML throughput_gbps=8.204 latency_ms=64.3466
[2026-08-06T13:30:58] SAMPLE t=38s phase=Congestion adaptation=without_ML throughput_gbps=7.826 latency_ms=67.3583
[2026-08-06T13:30:59] SAMPLE t=39s phase=Congestion adaptation=without_ML throughput_gbps=7.962 latency_ms=67.2424
[2026-08-06T13:31:00] SAMPLE t=40s phase=Path_change adaptation=without_ML throughput_gbps=8.1033 latency_ms=64.832
[2026-08-06T13:31:01] SAMPLE t=41s phase=Path_change adaptation=without_ML throughput_gbps=7.7398 latency_ms=64.6195
[2026-08-06T13:31:02] SAMPLE t=42s phase=Path_change adaptation=without_ML throughput_gbps=7.4568 latency_ms=66.6378
[2026-08-06T13:31:03] SAMPLE t=43s phase=Path_change adaptation=without_ML throughput_gbps=7.2057 latency_ms=67.6959
[2026-08-06T13:31:04] SAMPLE t=44s phase=Path_change adaptation=without_ML throughput_gbps=6.4638 latency_ms=70.2215
[2026-08-06T13:31:05] SAMPLE t=45s phase=Path_change adaptation=without_ML throughput_gbps=6.6856 latency_ms=73.8466
[2026-08-06T13:31:06] SAMPLE t=46s phase=Path_change adaptation=without_ML throughput_gbps=6.2802 latency_ms=72.7905
[2026-08-06T13:31:07] SAMPLE t=47s phase=Path_change adaptation=without_ML throughput_gbps=5.8643 latency_ms=70.6143
[2026-08-06T13:31:08] SAMPLE t=48s phase=Path_change adaptation=without_ML throughput_gbps=5.7993 latency_ms=71.6204
[2026-08-06T13:31:09] SAMPLE t=49s phase=Path_change adaptation=without_ML throughput_gbps=5.6592 latency_ms=71.3464
[2026-08-06T13:31:10] SAMPLE t=50s phase=Path_change adaptation=without_ML throughput_gbps=5.9222 latency_ms=69.8223
[2026-08-06T13:31:11] SAMPLE t=51s phase=Path_change adaptation=without_ML throughput_gbps=5.6228 latency_ms=70.8722
[2026-08-06T13:31:12] SAMPLE t=52s phase=Path_change adaptation=without_ML throughput_gbps=6.2315 latency_ms=73.1512
[2026-08-06T13:31:13] SAMPLE t=53s phase=Path_change adaptation=without_ML throughput_gbps=6.0509 latency_ms=70.3051
[2026-08-06T13:31:14] SAMPLE t=54s phase=Path_change adaptation=without_ML throughput_gbps=6.5273 latency_ms=73.6569
[2026-08-06T13:31:15] SAMPLE t=55s phase=Path_change adaptation=without_ML throughput_gbps=6.2843 latency_ms=72.2392
[2026-08-06T13:31:16] SAMPLE t=56s phase=Path_change adaptation=without_ML throughput_gbps=6.4956 latency_ms=70.4364
[2026-08-06T13:31:17] SAMPLE t=57s phase=Path_change adaptation=without_ML throughput_gbps=6.8997 latency_ms=67.3787
[2026-08-06T13:31:18] SAMPLE t=58s phase=Path_change adaptation=without_ML throughput_gbps=7.5146 latency_ms=68.1291
[2026-08-06T13:31:19] SAMPLE t=59s phase=Path_change adaptation=without_ML throughput_gbps=7.5893 latency_ms=65.7602
[2026-08-06T13:31:20] SAMPLE t=60s phase=Loss_spike adaptation=without_ML throughput_gbps=5.9479 latency_ms=71.4259
[2026-08-06T13:31:21] SAMPLE t=61s phase=Loss_spike adaptation=without_ML throughput_gbps=8.3408 latency_ms=80.1471
[2026-08-06T13:31:22] SAMPLE t=62s phase=Loss_spike adaptation=without_ML throughput_gbps=7.3649 latency_ms=74.3448
[2026-08-06T13:31:23] SAMPLE t=63s phase=Loss_spike adaptation=without_ML throughput_gbps=4.6165 latency_ms=76.4564
[2026-08-06T13:31:24] SAMPLE t=64s phase=Loss_spike adaptation=without_ML throughput_gbps=3.9587 latency_ms=78.678
[2026-08-06T13:31:25] SAMPLE t=65s phase=Loss_spike adaptation=without_ML throughput_gbps=6.4722 latency_ms=68.9278
[2026-08-06T13:31:26] SAMPLE t=66s phase=Loss_spike adaptation=without_ML throughput_gbps=8.6525 latency_ms=78.9846
[2026-08-06T13:31:27] SAMPLE t=67s phase=Loss_spike adaptation=without_ML throughput_gbps=7.6565 latency_ms=77.6105
[2026-08-06T13:31:28] SAMPLE t=68s phase=Loss_spike adaptation=without_ML throughput_gbps=5.1119 latency_ms=75.8389
[2026-08-06T13:31:29] SAMPLE t=69s phase=Loss_spike adaptation=without_ML throughput_gbps=3.9265 latency_ms=79.5011
[2026-08-06T13:31:30] SAMPLE t=70s phase=Loss_spike adaptation=without_ML throughput_gbps=6.4352 latency_ms=69.5295
[2026-08-06T13:31:31] SAMPLE t=71s phase=Loss_spike adaptation=without_ML throughput_gbps=9.2076 latency_ms=80.8608
[2026-08-06T13:31:32] SAMPLE t=72s phase=Loss_spike adaptation=without_ML throughput_gbps=7.4979 latency_ms=75.8897
[2026-08-06T13:31:33] SAMPLE t=73s phase=Loss_spike adaptation=without_ML throughput_gbps=4.7051 latency_ms=76.599
[2026-08-06T13:31:34] SAMPLE t=74s phase=Loss_spike adaptation=without_ML throughput_gbps=4.0407 latency_ms=76.5649
[2026-08-06T13:31:35] SAMPLE t=75s phase=Loss_spike adaptation=without_ML throughput_gbps=6.2672 latency_ms=68.9676
[2026-08-06T13:31:36] SAMPLE t=76s phase=Loss_spike adaptation=without_ML throughput_gbps=8.333 latency_ms=81.5584
[2026-08-06T13:31:37] SAMPLE t=77s phase=Loss_spike adaptation=without_ML throughput_gbps=7.4908 latency_ms=76.1502
[2026-08-06T13:31:38] SAMPLE t=78s phase=Loss_spike adaptation=without_ML throughput_gbps=5.0025 latency_ms=77.1295
[2026-08-06T13:31:39] SAMPLE t=79s phase=Loss_spike adaptation=without_ML throughput_gbps=3.891 latency_ms=77.6618
[2026-08-06T13:31:40] SAMPLE t=80s phase=Recovery adaptation=without_ML throughput_gbps=8.2619 latency_ms=68.2977
[2026-08-06T13:31:41] SAMPLE t=81s phase=Recovery adaptation=without_ML throughput_gbps=7.8334 latency_ms=66.9954
[2026-08-06T13:31:42] SAMPLE t=82s phase=Recovery adaptation=without_ML throughput_gbps=8.0899 latency_ms=64.7807
[2026-08-06T13:31:43] SAMPLE t=83s phase=Recovery adaptation=without_ML throughput_gbps=7.9557 latency_ms=65.9394
[2026-08-06T13:31:44] SAMPLE t=84s phase=Recovery adaptation=without_ML throughput_gbps=8.0929 latency_ms=67.3637
[2026-08-06T13:31:45] SAMPLE t=85s phase=Recovery adaptation=without_ML throughput_gbps=7.4723 latency_ms=64.7743
[2026-08-06T13:31:46] SAMPLE t=86s phase=Recovery adaptation=without_ML throughput_gbps=8.2071 latency_ms=64.8124
[2026-08-06T13:31:47] SAMPLE t=87s phase=Recovery adaptation=without_ML throughput_gbps=7.6542 latency_ms=65.0061
[2026-08-06T13:31:48] SAMPLE t=88s phase=Recovery adaptation=without_ML throughput_gbps=8.3048 latency_ms=64.332
[2026-08-06T13:31:49] SAMPLE t=89s phase=Recovery adaptation=without_ML throughput_gbps=8.2819 latency_ms=65.618
[2026-08-06T13:31:50] SAMPLE t=90s phase=Recovery adaptation=without_ML throughput_gbps=7.685 latency_ms=66.9545
[2026-08-06T13:31:51] SAMPLE t=91s phase=Recovery adaptation=without_ML throughput_gbps=8.1917 latency_ms=64.7647
[2026-08-06T13:31:52] SAMPLE t=92s phase=Recovery adaptation=without_ML throughput_gbps=8.3038 latency_ms=65.0286
[2026-08-06T13:31:53] SAMPLE t=93s phase=Recovery adaptation=without_ML throughput_gbps=8.0147 latency_ms=64.2678
[2026-08-06T13:31:54] SAMPLE t=94s phase=Recovery adaptation=without_ML throughput_gbps=8.2843 latency_ms=69.2953
[2026-08-06T13:31:55] SAMPLE t=95s phase=Recovery adaptation=without_ML throughput_gbps=8.1125 latency_ms=64.8906
[2026-08-06T13:31:56] SAMPLE t=96s phase=Recovery adaptation=without_ML throughput_gbps=8.0934 latency_ms=63.0256
[2026-08-06T13:31:57] SAMPLE t=97s phase=Recovery adaptation=without_ML throughput_gbps=8.0931 latency_ms=65.4526
[2026-08-06T13:31:58] SAMPLE t=98s phase=Recovery adaptation=without_ML throughput_gbps=8.1242 latency_ms=65.5169
[2026-08-06T13:31:59] SAMPLE t=99s phase=Recovery adaptation=without_ML throughput_gbps=7.682 latency_ms=66.1142
[2026-08-06T13:30:20] TRACE_END run_id=25 status=OK
[2026-08-06T13:41:02] TRACE_START run_id=26
[2026-08-06T13:41:02] SAMPLE t=0s phase=Stable adaptation=with_ML throughput_gbps=8.0779 latency_ms=65.7265
[2026-08-06T13:41:03] SAMPLE t=1s phase=Stable adaptation=with_ML throughput_gbps=7.9202 latency_ms=65.7215
[2026-08-06T13:41:04] SAMPLE t=2s phase=Stable adaptation=with_ML throughput_gbps=8.1026 latency_ms=65.5803
[2026-08-06T13:41:05] SAMPLE t=3s phase=Stable adaptation=with_ML throughput_gbps=8.2646 latency_ms=65.4352
[2026-08-06T13:41:06] SAMPLE t=4s phase=Stable adaptation=with_ML throughput_gbps=8.1892 latency_ms=67.1553
[2026-08-06T13:41:07] SAMPLE t=5s phase=Stable adaptation=with_ML throughput_gbps=8.3556 latency_ms=64.203
[2026-08-06T13:41:08] SAMPLE t=6s phase=Stable adaptation=with_ML throughput_gbps=8.1081 latency_ms=65.6908
[2026-08-06T13:41:09] SAMPLE t=7s phase=Stable adaptation=with_ML throughput_gbps=8.0766 latency_ms=65.1425
[2026-08-06T13:41:10] SAMPLE t=8s phase=Stable adaptation=with_ML throughput_gbps=8.2715 latency_ms=65.6338
[2026-08-06T13:41:11] SAMPLE t=9s phase=Stable adaptation=with_ML throughput_gbps=7.9595 latency_ms=65.7187
[2026-08-06T13:41:12] SAMPLE t=10s phase=Stable adaptation=with_ML throughput_gbps=8.2943 latency_ms=67.6615
[2026-08-06T13:41:13] SAMPLE t=11s phase=Stable adaptation=with_ML throughput_gbps=8.085 latency_ms=68.4977
[2026-08-06T13:41:14] SAMPLE t=12s phase=Stable adaptation=with_ML throughput_gbps=8.4528 latency_ms=65.0988
[2026-08-06T13:41:15] SAMPLE t=13s phase=Stable adaptation=with_ML throughput_gbps=8.1287 latency_ms=65.5365
[2026-08-06T13:41:16] SAMPLE t=14s phase=Stable adaptation=with_ML throughput_gbps=8.1261 latency_ms=67.6734
[2026-08-06T13:41:17] SAMPLE t=15s phase=Stable adaptation=with_ML throughput_gbps=8.4305 latency_ms=66.6395
[2026-08-06T13:41:18] SAMPLE t=16s phase=Stable adaptation=with_ML throughput_gbps=8.1226 latency_ms=67.4698
[2026-08-06T13:41:19] SAMPLE t=17s phase=Stable adaptation=with_ML throughput_gbps=8.7766 latency_ms=65.5838
[2026-08-06T13:41:20] SAMPLE t=18s phase=Stable adaptation=with_ML throughput_gbps=7.8604 latency_ms=68.0643
[2026-08-06T13:41:21] SAMPLE t=19s phase=Stable adaptation=with_ML throughput_gbps=7.9933 latency_ms=65.7913
[2026-08-06T13:41:22] SAMPLE t=20s phase=Congestion adaptation=with_ML throughput_gbps=7.8734 latency_ms=65.8811
[2026-08-06T13:41:23] SAMPLE t=21s phase=Congestion adaptation=with_ML throughput_gbps=8.259 latency_ms=67.2303
[2026-08-06T13:41:24] SAMPLE t=22s phase=Congestion adaptation=with_ML throughput_gbps=8.0375 latency_ms=67.2953
[2026-08-06T13:41:25] SAMPLE t=23s phase=Congestion adaptation=with_ML throughput_gbps=8.0675 latency_ms=66.9734
[2026-08-06T13:41:26] SAMPLE t=24s phase=Congestion adaptation=with_ML throughput_gbps=8.2601 latency_ms=66.8385
[2026-08-06T13:41:27] SAMPLE t=25s phase=Congestion adaptation=with_ML throughput_gbps=7.9302 latency_ms=66.9175
[2026-08-06T13:41:28] SAMPLE t=26s phase=Congestion adaptation=with_ML throughput_gbps=8.0119 latency_ms=65.34
[2026-08-06T13:41:29] SAMPLE t=27s phase=Congestion adaptation=with_ML throughput_gbps=7.9888 latency_ms=67.1086
[2026-08-06T13:41:30] SAMPLE t=28s phase=Congestion adaptation=with_ML throughput_gbps=8.3361 latency_ms=65.9667
[2026-08-06T13:41:31] SAMPLE t=29s phase=Congestion adaptation=with_ML throughput_gbps=8.1454 latency_ms=66.6162
[2026-08-06T13:41:32] SAMPLE t=30s phase=Congestion adaptation=with_ML throughput_gbps=7.9861 latency_ms=65.8431
[2026-08-06T13:41:33] SAMPLE t=31s phase=Congestion adaptation=with_ML throughput_gbps=8.0401 latency_ms=66.2164
[2026-08-06T13:41:34] SAMPLE t=32s phase=Congestion adaptation=with_ML throughput_gbps=8.2614 latency_ms=67.2152
[2026-08-06T13:41:35] SAMPLE t=33s phase=Congestion adaptation=with_ML throughput_gbps=8.1431 latency_ms=64.2624
[2026-08-06T13:41:36] SAMPLE t=34s phase=Congestion adaptation=with_ML throughput_gbps=7.9426 latency_ms=66.3104
[2026-08-06T13:41:37] SAMPLE t=35s phase=Congestion adaptation=with_ML throughput_gbps=8.2596 latency_ms=66.3835
[2026-08-06T13:41:38] SAMPLE t=36s phase=Congestion adaptation=with_ML throughput_gbps=7.9495 latency_ms=64.325
[2026-08-06T13:41:39] SAMPLE t=37s phase=Congestion adaptation=with_ML throughput_gbps=8.1128 latency_ms=66.4048
[2026-08-06T13:41:40] SAMPLE t=38s phase=Congestion adaptation=with_ML throughput_gbps=8.3673 latency_ms=64.4533
[2026-08-06T13:41:41] SAMPLE t=39s phase=Congestion adaptation=with_ML throughput_gbps=8.0798 latency_ms=64.4409
[2026-08-06T13:41:42] SAMPLE t=40s phase=Path_change adaptation=with_ML throughput_gbps=7.8993 latency_ms=66.152
[2026-08-06T13:41:43] SAMPLE t=41s phase=Path_change adaptation=with_ML throughput_gbps=7.7285 latency_ms=66.7829
[2026-08-06T13:41:44] SAMPLE t=42s phase=Path_change adaptation=with_ML throughput_gbps=7.7227 latency_ms=66.2082
[2026-08-06T13:41:45] SAMPLE t=43s phase=Path_change adaptation=with_ML throughput_gbps=7.9293 latency_ms=68.2449
[2026-08-06T13:41:46] SAMPLE t=44s phase=Path_change adaptation=with_ML throughput_gbps=7.588 latency_ms=66.9284
[2026-08-06T13:41:47] SAMPLE t=45s phase=Path_change adaptation=with_ML throughput_gbps=7.348 latency_ms=68.3519
[2026-08-06T13:41:48] SAMPLE t=46s phase=Path_change adaptation=with_ML throughput_gbps=7.3387 latency_ms=67.9885
[2026-08-06T13:41:49] SAMPLE t=47s phase=Path_change adaptation=with_ML throughput_gbps=7.1693 latency_ms=70.0057
[2026-08-06T13:41:50] SAMPLE t=48s phase=Path_change adaptation=with_ML throughput_gbps=7.1586 latency_ms=67.1536
[2026-08-06T13:41:51] SAMPLE t=49s phase=Path_change adaptation=with_ML throughput_gbps=7.0328 latency_ms=69.1129
[2026-08-06T13:41:52] SAMPLE t=50s phase=Path_change adaptation=with_ML throughput_gbps=7.096 latency_ms=69.9551
[2026-08-06T13:41:53] SAMPLE t=51s phase=Path_change adaptation=with_ML throughput_gbps=7.2923 latency_ms=70.0934
[2026-08-06T13:41:54] SAMPLE t=52s phase=Path_change adaptation=with_ML throughput_gbps=7.4231 latency_ms=65.9797
[2026-08-06T13:41:55] SAMPLE t=53s phase=Path_change adaptation=with_ML throughput_gbps=7.5173 latency_ms=69.669
[2026-08-06T13:41:56] SAMPLE t=54s phase=Path_change adaptation=with_ML throughput_gbps=7.4394 latency_ms=68.7858
[2026-08-06T13:41:57] SAMPLE t=55s phase=Path_change adaptation=with_ML throughput_gbps=7.1936 latency_ms=65.2591
[2026-08-06T13:41:58] SAMPLE t=56s phase=Path_change adaptation=with_ML throughput_gbps=7.4422 latency_ms=67.9788
[2026-08-06T13:41:59] SAMPLE t=57s phase=Path_change adaptation=with_ML throughput_gbps=7.8486 latency_ms=66.207
[2026-08-06T13:42:00] SAMPLE t=58s phase=Path_change adaptation=with_ML throughput_gbps=7.8605 latency_ms=67.2639
[2026-08-06T13:42:01] SAMPLE t=59s phase=Path_change adaptation=with_ML throughput_gbps=7.6926 latency_ms=67.387
[2026-08-06T13:42:02] SAMPLE t=60s phase=Loss_spike adaptation=with_ML throughput_gbps=6.9994 latency_ms=68.469
[2026-08-06T13:42:03] SAMPLE t=61s phase=Loss_spike adaptation=with_ML throughput_gbps=8.5219 latency_ms=68.8307
[2026-08-06T13:42:04] SAMPLE t=62s phase=Loss_spike adaptation=with_ML throughput_gbps=7.9861 latency_ms=69.32
[2026-08-06T13:42:05] SAMPLE t=63s phase=Loss_spike adaptation=with_ML throughput_gbps=6.707 latency_ms=70.5436
[2026-08-06T13:42:06] SAMPLE t=64s phase=Loss_spike adaptation=with_ML throughput_gbps=6.4063 latency_ms=72.1402
[2026-08-06T13:42:07] SAMPLE t=65s phase=Loss_spike adaptation=with_ML throughput_gbps=7.5158 latency_ms=69.777
[2026-08-06T13:42:08] SAMPLE t=66s phase=Loss_spike adaptation=with_ML throughput_gbps=8.1997 latency_ms=71.3414
[2026-08-06T13:42:09] SAMPLE t=67s phase=Loss_spike adaptation=with_ML throughput_gbps=7.8379 latency_ms=67.3059
[2026-08-06T13:42:10] SAMPLE t=68s phase=Loss_spike adaptation=with_ML throughput_gbps=6.6221 latency_ms=69.8899
[2026-08-06T13:42:11] SAMPLE t=69s phase=Loss_spike adaptation=with_ML throughput_gbps=6.4822 latency_ms=70.261
[2026-08-06T13:42:12] SAMPLE t=70s phase=Loss_spike adaptation=with_ML throughput_gbps=7.3945 latency_ms=66.2237
[2026-08-06T13:42:13] SAMPLE t=71s phase=Loss_spike adaptation=with_ML throughput_gbps=8.0016 latency_ms=73.2832
[2026-08-06T13:42:14] SAMPLE t=72s phase=Loss_spike adaptation=with_ML throughput_gbps=7.8489 latency_ms=68.7548
[2026-08-06T13:42:15] SAMPLE t=73s phase=Loss_spike adaptation=with_ML throughput_gbps=6.4597 latency_ms=69.4878
[2026-08-06T13:42:16] SAMPLE t=74s phase=Loss_spike adaptation=with_ML throughput_gbps=6.2107 latency_ms=71.8997
[2026-08-06T13:42:17] SAMPLE t=75s phase=Loss_spike adaptation=with_ML throughput_gbps=7.4927 latency_ms=68.8584
[2026-08-06T13:42:18] SAMPLE t=76s phase=Loss_spike adaptation=with_ML throughput_gbps=8.2713 latency_ms=68.8777
[2026-08-06T13:42:19] SAMPLE t=77s phase=Loss_spike adaptation=with_ML throughput_gbps=7.7609 latency_ms=70.5778
[2026-08-06T13:42:20] SAMPLE t=78s phase=Loss_spike adaptation=with_ML throughput_gbps=6.7122 latency_ms=71.0605
[2026-08-06T13:42:21] SAMPLE t=79s phase=Loss_spike adaptation=with_ML throughput_gbps=6.2439 latency_ms=70.8033
[2026-08-06T13:42:22] SAMPLE t=80s phase=Recovery adaptation=with_ML throughput_gbps=7.7353 latency_ms=64.1295
[2026-08-06T13:42:23] SAMPLE t=81s phase=Recovery adaptation=with_ML throughput_gbps=7.7219 latency_ms=64.6745
[2026-08-06T13:42:24] SAMPLE t=82s phase=Recovery adaptation=with_ML throughput_gbps=8.521 latency_ms=66.6503
[2026-08-06T13:42:25] SAMPLE t=83s phase=Recovery adaptation=with_ML throughput_gbps=8.4057 latency_ms=64.7691
[2026-08-06T13:42:26] SAMPLE t=84s phase=Recovery adaptation=with_ML throughput_gbps=7.8995 latency_ms=66.5623
[2026-08-06T13:42:27] SAMPLE t=85s phase=Recovery adaptation=with_ML throughput_gbps=8.2485 latency_ms=66.0679
[2026-08-06T13:42:28] SAMPLE t=86s phase=Recovery adaptation=with_ML throughput_gbps=8.2647 latency_ms=65.03
[2026-08-06T13:42:29] SAMPLE t=87s phase=Recovery adaptation=with_ML throughput_gbps=8.8591 latency_ms=63.521
[2026-08-06T13:42:30] SAMPLE t=88s phase=Recovery adaptation=with_ML throughput_gbps=8.1407 latency_ms=65.998
[2026-08-06T13:42:31] SAMPLE t=89s phase=Recovery adaptation=with_ML throughput_gbps=8.5305 latency_ms=67.3255
[2026-08-06T13:42:32] SAMPLE t=90s phase=Recovery adaptation=with_ML throughput_gbps=7.7794 latency_ms=65.6916
[2026-08-06T13:42:33] SAMPLE t=91s phase=Recovery adaptation=with_ML throughput_gbps=8.4084 latency_ms=65.244
[2026-08-06T13:42:34] SAMPLE t=92s phase=Recovery adaptation=with_ML throughput_gbps=8.3304 latency_ms=67.3828
[2026-08-06T13:42:35] SAMPLE t=93s phase=Recovery adaptation=with_ML throughput_gbps=8.437 latency_ms=64.0127
[2026-08-06T13:42:36] SAMPLE t=94s phase=Recovery adaptation=with_ML throughput_gbps=8.4087 latency_ms=66.8409
[2026-08-06T13:42:37] SAMPLE t=95s phase=Recovery adaptation=with_ML throughput_gbps=8.2404 latency_ms=66.7747
[2026-08-06T13:42:38] SAMPLE t=96s phase=Recovery adaptation=with_ML throughput_gbps=8.2512 latency_ms=63.7915
[2026-08-06T13:42:39] SAMPLE t=97s phase=Recovery adaptation=with_ML throughput_gbps=8.1647 latency_ms=63.3106
[2026-08-06T13:42:40] SAMPLE t=98s phase=Recovery adaptation=with_ML throughput_gbps=8.4652 latency_ms=65.8365
[2026-08-06T13:42:41] SAMPLE t=99s phase=Recovery adaptation=with_ML throughput_gbps=8.3646 latency_ms=63.8999
[2026-08-06T13:41:02] SAMPLE t=0s phase=Stable adaptation=without_ML throughput_gbps=7.998 latency_ms=65.9997
[2026-08-06T13:41:03] SAMPLE t=1s phase=Stable adaptation=without_ML throughput_gbps=7.6745 latency_ms=63.4453
[2026-08-06T13:41:04] SAMPLE t=2s phase=Stable adaptation=without_ML throughput_gbps=7.6266 latency_ms=63.4436
[2026-08-06T13:41:05] SAMPLE t=3s phase=Stable adaptation=without_ML throughput_gbps=7.8611 latency_ms=65.982
[2026-08-06T13:41:06] SAMPLE t=4s phase=Stable adaptation=without_ML throughput_gbps=8.2493 latency_ms=66.5329
[2026-08-06T13:41:07] SAMPLE t=5s phase=Stable adaptation=without_ML throughput_gbps=7.9691 latency_ms=66.5826
[2026-08-06T13:41:08] SAMPLE t=6s phase=Stable adaptation=without_ML throughput_gbps=7.9943 latency_ms=64.5023
[2026-08-06T13:41:09] SAMPLE t=7s phase=Stable adaptation=without_ML throughput_gbps=8.4182 latency_ms=64.2308
[2026-08-06T13:41:10] SAMPLE t=8s phase=Stable adaptation=without_ML throughput_gbps=8.0985 latency_ms=65.7329
[2026-08-06T13:41:11] SAMPLE t=9s phase=Stable adaptation=without_ML throughput_gbps=7.871 latency_ms=65.4147
[2026-08-06T13:41:12] SAMPLE t=10s phase=Stable adaptation=without_ML throughput_gbps=8.1786 latency_ms=65.1864
[2026-08-06T13:41:13] SAMPLE t=11s phase=Stable adaptation=without_ML throughput_gbps=7.7743 latency_ms=66.7811
[2026-08-06T13:41:14] SAMPLE t=12s phase=Stable adaptation=without_ML throughput_gbps=8.3174 latency_ms=66.4664
[2026-08-06T13:41:15] SAMPLE t=13s phase=Stable adaptation=without_ML throughput_gbps=8.0396 latency_ms=65.619
[2026-08-06T13:41:16] SAMPLE t=14s phase=Stable adaptation=without_ML throughput_gbps=7.8046 latency_ms=66.8702
[2026-08-06T13:41:17] SAMPLE t=15s phase=Stable adaptation=without_ML throughput_gbps=7.8525 latency_ms=64.42
[2026-08-06T13:41:18] SAMPLE t=16s phase=Stable adaptation=without_ML throughput_gbps=7.8341 latency_ms=66.6088
[2026-08-06T13:41:19] SAMPLE t=17s phase=Stable adaptation=without_ML throughput_gbps=8.1849 latency_ms=68.1052
[2026-08-06T13:41:20] SAMPLE t=18s phase=Stable adaptation=without_ML throughput_gbps=7.8092 latency_ms=64.9086
[2026-08-06T13:41:21] SAMPLE t=19s phase=Stable adaptation=without_ML throughput_gbps=8.1792 latency_ms=64.1981
[2026-08-06T13:41:22] SAMPLE t=20s phase=Congestion adaptation=without_ML throughput_gbps=8.3642 latency_ms=66.6972
[2026-08-06T13:41:23] SAMPLE t=21s phase=Congestion adaptation=without_ML throughput_gbps=8.0402 latency_ms=63.7415
[2026-08-06T13:41:24] SAMPLE t=22s phase=Congestion adaptation=without_ML throughput_gbps=8.2379 latency_ms=66.0089
[2026-08-06T13:41:25] SAMPLE t=23s phase=Congestion adaptation=without_ML throughput_gbps=8.0437 latency_ms=68.0388
[2026-08-06T13:41:26] SAMPLE t=24s phase=Congestion adaptation=without_ML throughput_gbps=8.0982 latency_ms=66.4142
[2026-08-06T13:41:27] SAMPLE t=25s phase=Congestion adaptation=without_ML throughput_gbps=7.862 latency_ms=65.4269
[2026-08-06T13:41:28] SAMPLE t=26s phase=Congestion adaptation=without_ML throughput_gbps=8.0807 latency_ms=64.3309
[2026-08-06T13:41:29] SAMPLE t=27s phase=Congestion adaptation=without_ML throughput_gbps=7.9515 latency_ms=64.3984
[2026-08-06T13:41:30] SAMPLE t=28s phase=Congestion adaptation=without_ML throughput_gbps=7.7158 latency_ms=65.8387
[2026-08-06T13:41:31] SAMPLE t=29s phase=Congestion adaptation=without_ML throughput_gbps=8.1277 latency_ms=66.4328
[2026-08-06T13:41:32] SAMPLE t=30s phase=Congestion adaptation=without_ML throughput_gbps=8.1797 latency_ms=65.0451
[2026-08-06T13:41:33] SAMPLE t=31s phase=Congestion adaptation=without_ML throughput_gbps=8.0191 latency_ms=66.8662
[2026-08-06T13:41:34] SAMPLE t=32s phase=Congestion adaptation=without_ML throughput_gbps=7.862 latency_ms=67.4796
[2026-08-06T13:41:35] SAMPLE t=33s phase=Congestion adaptation=without_ML throughput_gbps=8.178 latency_ms=64.028
[2026-08-06T13:41:36] SAMPLE t=34s phase=Congestion adaptation=without_ML throughput_gbps=8.2152 latency_ms=67.3722
[2026-08-06T13:41:37] SAMPLE t=35s phase=Congestion adaptation=without_ML throughput_gbps=8.922 latency_ms=65.1927
[2026-08-06T13:41:38] SAMPLE t=36s phase=Congestion adaptation=without_ML throughput_gbps=8.1869 latency_ms=64.78
[2026-08-06T13:41:39] SAMPLE t=37s phase=Congestion adaptation=without_ML throughput_gbps=7.8405 latency_ms=65.3348
[2026-08-06T13:41:40] SAMPLE t=38s phase=Congestion adaptation=without_ML throughput_gbps=8.034 latency_ms=66.6679
[2026-08-06T13:41:41] SAMPLE t=39s phase=Congestion adaptation=without_ML throughput_gbps=8.6646 latency_ms=66.2776
[2026-08-06T13:41:42] SAMPLE t=40s phase=Path_change adaptation=without_ML throughput_gbps=8.0054 latency_ms=63.3097
[2026-08-06T13:41:43] SAMPLE t=41s phase=Path_change adaptation=without_ML throughput_gbps=7.4694 latency_ms=66.2883
[2026-08-06T13:41:44] SAMPLE t=42s phase=Path_change adaptation=without_ML throughput_gbps=7.0627 latency_ms=69.5288
[2026-08-06T13:41:45] SAMPLE t=43s phase=Path_change adaptation=without_ML throughput_gbps=7.1566 latency_ms=68.1264
[2026-08-06T13:41:46] SAMPLE t=44s phase=Path_change adaptation=without_ML throughput_gbps=6.7733 latency_ms=69.0059
[2026-08-06T13:41:47] SAMPLE t=45s phase=Path_change adaptation=without_ML throughput_gbps=7.0772 latency_ms=67.9063
[2026-08-06T13:41:48] SAMPLE t=46s phase=Path_change adaptation=without_ML throughput_gbps=6.4885 latency_ms=71.7747
[2026-08-06T13:41:49] SAMPLE t=47s phase=Path_change adaptation=without_ML throughput_gbps=6.054 latency_ms=73.7147
[2026-08-06T13:41:50] SAMPLE t=48s phase=Path_change adaptation=without_ML throughput_gbps=5.5883 latency_ms=70.9721
[2026-08-06T13:41:51] SAMPLE t=49s phase=Path_change adaptation=without_ML throughput_gbps=6.0816 latency_ms=71.6164
[2026-08-06T13:41:52] SAMPLE t=50s phase=Path_change adaptation=without_ML throughput_gbps=5.7463 latency_ms=73.9588
[2026-08-06T13:41:53] SAMPLE t=51s phase=Path_change adaptation=without_ML throughput_gbps=5.7789 latency_ms=73.2139
[2026-08-06T13:41:54] SAMPLE t=52s phase=Path_change adaptation=without_ML throughput_gbps=5.7761 latency_ms=74.5808
[2026-08-06T13:41:55] SAMPLE t=53s phase=Path_change adaptation=without_ML throughput_gbps=6.0862 latency_ms=71.5743
[2026-08-06T13:41:56] SAMPLE t=54s phase=Path_change adaptation=without_ML throughput_gbps=6.3286 latency_ms=71.5093
[2026-08-06T13:41:57] SAMPLE t=55s phase=Path_change adaptation=without_ML throughput_gbps=6.2682 latency_ms=72.1751
[2026-08-06T13:41:58] SAMPLE t=56s phase=Path_change adaptation=without_ML throughput_gbps=6.4895 latency_ms=69.1457
[2026-08-06T13:41:59] SAMPLE t=57s phase=Path_change adaptation=without_ML throughput_gbps=7.3839 latency_ms=68.8597
[2026-08-06T13:42:00] SAMPLE t=58s phase=Path_change adaptation=without_ML throughput_gbps=7.3434 latency_ms=67.6594
[2026-08-06T13:42:01] SAMPLE t=59s phase=Path_change adaptation=without_ML throughput_gbps=7.526 latency_ms=66.0124
[2026-08-06T13:42:02] SAMPLE t=60s phase=Loss_spike adaptation=without_ML throughput_gbps=6.4409 latency_ms=71.7773
[2026-08-06T13:42:03] SAMPLE t=61s phase=Loss_spike adaptation=without_ML throughput_gbps=8.1197 latency_ms=79.0122
[2026-08-06T13:42:04] SAMPLE t=62s phase=Loss_spike adaptation=without_ML throughput_gbps=7.7511 latency_ms=76.7484
[2026-08-06T13:42:05] SAMPLE t=63s phase=Loss_spike adaptation=without_ML throughput_gbps=5.0379 latency_ms=75.6867
[2026-08-06T13:42:06] SAMPLE t=64s phase=Loss_spike adaptation=without_ML throughput_gbps=3.8602 latency_ms=80.2608
[2026-08-06T13:42:07] SAMPLE t=65s phase=Loss_spike adaptation=without_ML throughput_gbps=6.5329 latency_ms=70.32
[2026-08-06T13:42:08] SAMPLE t=66s phase=Loss_spike adaptation=without_ML throughput_gbps=8.6008 latency_ms=77.4726
[2026-08-06T13:42:09] SAMPLE t=67s phase=Loss_spike adaptation=without_ML throughput_gbps=7.4464 latency_ms=74.5201
[2026-08-06T13:42:10] SAMPLE t=68s phase=Loss_spike adaptation=without_ML throughput_gbps=4.8152 latency_ms=76.3017
[2026-08-06T13:42:11] SAMPLE t=69s phase=Loss_spike adaptation=without_ML throughput_gbps=3.7936 latency_ms=80.4816
[2026-08-06T13:42:12] SAMPLE t=70s phase=Loss_spike adaptation=without_ML throughput_gbps=6.2088 latency_ms=68.1514
[2026-08-06T13:42:13] SAMPLE t=71s phase=Loss_spike adaptation=without_ML throughput_gbps=8.407 latency_ms=79.6422
[2026-08-06T13:42:14] SAMPLE t=72s phase=Loss_spike adaptation=without_ML throughput_gbps=7.5963 latency_ms=76.215
[2026-08-06T13:42:15] SAMPLE t=73s phase=Loss_spike adaptation=without_ML throughput_gbps=4.8852 latency_ms=74.9077
[2026-08-06T13:42:16] SAMPLE t=74s phase=Loss_spike adaptation=without_ML throughput_gbps=3.9174 latency_ms=78.5531
[2026-08-06T13:42:17] SAMPLE t=75s phase=Loss_spike adaptation=without_ML throughput_gbps=5.9758 latency_ms=69.0284
[2026-08-06T13:42:18] SAMPLE t=76s phase=Loss_spike adaptation=without_ML throughput_gbps=8.2118 latency_ms=81.3224
[2026-08-06T13:42:19] SAMPLE t=77s phase=Loss_spike adaptation=without_ML throughput_gbps=7.3647 latency_ms=75.2704
[2026-08-06T13:42:20] SAMPLE t=78s phase=Loss_spike adaptation=without_ML throughput_gbps=4.8091 latency_ms=75.8689
[2026-08-06T13:42:21] SAMPLE t=79s phase=Loss_spike adaptation=without_ML throughput_gbps=4.0515 latency_ms=78.3532
[2026-08-06T13:42:22] SAMPLE t=80s phase=Recovery adaptation=without_ML throughput_gbps=7.9316 latency_ms=67.9733
[2026-08-06T13:42:23] SAMPLE t=81s phase=Recovery adaptation=without_ML throughput_gbps=8.3472 latency_ms=67.1167
[2026-08-06T13:42:24] SAMPLE t=82s phase=Recovery adaptation=without_ML throughput_gbps=7.942 latency_ms=66.2578
[2026-08-06T13:42:25] SAMPLE t=83s phase=Recovery adaptation=without_ML throughput_gbps=8.1013 latency_ms=66.0574
[2026-08-06T13:42:26] SAMPLE t=84s phase=Recovery adaptation=without_ML throughput_gbps=8.1141 latency_ms=65.6206
[2026-08-06T13:42:27] SAMPLE t=85s phase=Recovery adaptation=without_ML throughput_gbps=7.7257 latency_ms=66.2508
[2026-08-06T13:42:28] SAMPLE t=86s phase=Recovery adaptation=without_ML throughput_gbps=7.9676 latency_ms=66.3543
[2026-08-06T13:42:29] SAMPLE t=87s phase=Recovery adaptation=without_ML throughput_gbps=7.8938 latency_ms=65.8662
[2026-08-06T13:42:30] SAMPLE t=88s phase=Recovery adaptation=without_ML throughput_gbps=7.9637 latency_ms=65.736
[2026-08-06T13:42:31] SAMPLE t=89s phase=Recovery adaptation=without_ML throughput_gbps=8.1643 latency_ms=68.5083
[2026-08-06T13:42:32] SAMPLE t=90s phase=Recovery adaptation=without_ML throughput_gbps=8.2158 latency_ms=63.8813
[2026-08-06T13:42:33] SAMPLE t=91s phase=Recovery adaptation=without_ML throughput_gbps=8.1245 latency_ms=65.9025
[2026-08-06T13:42:34] SAMPLE t=92s phase=Recovery adaptation=without_ML throughput_gbps=8.3418 latency_ms=65.6434
[2026-08-06T13:42:35] SAMPLE t=93s phase=Recovery adaptation=without_ML throughput_gbps=8.3859 latency_ms=64.3534
[2026-08-06T13:42:36] SAMPLE t=94s phase=Recovery adaptation=without_ML throughput_gbps=8.2431 latency_ms=66.0544
[2026-08-06T13:42:37] SAMPLE t=95s phase=Recovery adaptation=without_ML throughput_gbps=8.0641 latency_ms=66.0448
[2026-08-06T13:42:38] SAMPLE t=96s phase=Recovery adaptation=without_ML throughput_gbps=8.1123 latency_ms=64.7436
[2026-08-06T13:42:39] SAMPLE t=97s phase=Recovery adaptation=without_ML throughput_gbps=7.867 latency_ms=65.9732
[2026-08-06T13:42:40] SAMPLE t=98s phase=Recovery adaptation=without_ML throughput_gbps=7.851 latency_ms=64.7135
[2026-08-06T13:42:41] SAMPLE t=99s phase=Recovery adaptation=without_ML throughput_gbps=8.255 latency_ms=66.8009
[2026-08-06T13:41:02] TRACE_END run_id=26 status=OK
[2026-08-06T13:50:18] TRACE_START run_id=27
[2026-08-06T13:50:18] SAMPLE t=0s phase=Stable adaptation=with_ML throughput_gbps=7.949 latency_ms=66.5226
[2026-08-06T13:50:19] SAMPLE t=1s phase=Stable adaptation=with_ML throughput_gbps=7.9865 latency_ms=66.0868
[2026-08-06T13:50:20] SAMPLE t=2s phase=Stable adaptation=with_ML throughput_gbps=8.298 latency_ms=67.266
[2026-08-06T13:50:21] SAMPLE t=3s phase=Stable adaptation=with_ML throughput_gbps=7.8896 latency_ms=67.4832
[2026-08-06T13:50:22] SAMPLE t=4s phase=Stable adaptation=with_ML throughput_gbps=8.0599 latency_ms=67.5075
[2026-08-06T13:50:23] SAMPLE t=5s phase=Stable adaptation=with_ML throughput_gbps=8.0989 latency_ms=68.524
[2026-08-06T13:50:24] SAMPLE t=6s phase=Stable adaptation=with_ML throughput_gbps=7.9429 latency_ms=67.1315
[2026-08-06T13:50:25] SAMPLE t=7s phase=Stable adaptation=with_ML throughput_gbps=8.4224 latency_ms=66.509
[2026-08-06T13:50:26] SAMPLE t=8s phase=Stable adaptation=with_ML throughput_gbps=8.369 latency_ms=67.3356
[2026-08-06T13:50:27] SAMPLE t=9s phase=Stable adaptation=with_ML throughput_gbps=8.1449 latency_ms=66.0073
[2026-08-06T13:50:28] SAMPLE t=10s phase=Stable adaptation=with_ML throughput_gbps=8.1553 latency_ms=65.8982
[2026-08-06T13:50:29] SAMPLE t=11s phase=Stable adaptation=with_ML throughput_gbps=7.9366 latency_ms=68.3769
[2026-08-06T13:50:30] SAMPLE t=12s phase=Stable adaptation=with_ML throughput_gbps=8.221 latency_ms=67.8241
[2026-08-06T13:50:31] SAMPLE t=13s phase=Stable adaptation=with_ML throughput_gbps=8.1031 latency_ms=66.2412
[2026-08-06T13:50:32] SAMPLE t=14s phase=Stable adaptation=with_ML throughput_gbps=8.2245 latency_ms=65.9191
[2026-08-06T13:50:33] SAMPLE t=15s phase=Stable adaptation=with_ML throughput_gbps=8.1372 latency_ms=67.0908
[2026-08-06T13:50:34] SAMPLE t=16s phase=Stable adaptation=with_ML throughput_gbps=8.1599 latency_ms=66.4104
[2026-08-06T13:50:35] SAMPLE t=17s phase=Stable adaptation=with_ML throughput_gbps=8.1027 latency_ms=66.5288
[2026-08-06T13:50:36] SAMPLE t=18s phase=Stable adaptation=with_ML throughput_gbps=8.387 latency_ms=66.4343
[2026-08-06T13:50:37] SAMPLE t=19s phase=Stable adaptation=with_ML throughput_gbps=8.2174 latency_ms=68.41
[2026-08-06T13:50:38] SAMPLE t=20s phase=Congestion adaptation=with_ML throughput_gbps=8.2023 latency_ms=67.5031
[2026-08-06T13:50:39] SAMPLE t=21s phase=Congestion adaptation=with_ML throughput_gbps=8.175 latency_ms=66.7442
[2026-08-06T13:50:40] SAMPLE t=22s phase=Congestion adaptation=with_ML throughput_gbps=7.8884 latency_ms=68.1286
[2026-08-06T13:50:41] SAMPLE t=23s phase=Congestion adaptation=with_ML throughput_gbps=7.9005 latency_ms=65.3465
[2026-08-06T13:50:42] SAMPLE t=24s phase=Congestion adaptation=with_ML throughput_gbps=8.1955 latency_ms=66.4615
[2026-08-06T13:50:43] SAMPLE t=25s phase=Congestion adaptation=with_ML throughput_gbps=7.8559 latency_ms=64.331
[2026-08-06T13:50:44] SAMPLE t=26s phase=Congestion adaptation=with_ML throughput_gbps=7.9727 latency_ms=65.7517
[2026-08-06T13:50:45] SAMPLE t=27s phase=Congestion adaptation=with_ML throughput_gbps=8.1521 latency_ms=64.6944
[2026-08-06T13:50:46] SAMPLE t=28s phase=Congestion adaptation=with_ML throughput_gbps=8.1225 latency_ms=65.6505
[2026-08-06T13:50:47] SAMPLE t=29s phase=Congestion adaptation=with_ML throughput_gbps=8.03 latency_ms=66.7583
[2026-08-06T13:50:48] SAMPLE t=30s phase=Congestion adaptation=with_ML throughput_gbps=7.7972 latency_ms=68.077
[2026-08-06T13:50:49] SAMPLE t=31s phase=Congestion adaptation=with_ML throughput_gbps=8.2104 latency_ms=67.4563
[2026-08-06T13:50:50] SAMPLE t=32s phase=Congestion adaptation=with_ML throughput_gbps=7.925 latency_ms=65.897
[2026-08-06T13:50:51] SAMPLE t=33s phase=Congestion adaptation=with_ML throughput_gbps=8.271 latency_ms=65.5476
[2026-08-06T13:50:52] SAMPLE t=34s phase=Congestion adaptation=with_ML throughput_gbps=8.0139 latency_ms=65.9379
[2026-08-06T13:50:53] SAMPLE t=35s phase=Congestion adaptation=with_ML throughput_gbps=7.8874 latency_ms=66.0658
[2026-08-06T13:50:54] SAMPLE t=36s phase=Congestion adaptation=with_ML throughput_gbps=7.8416 latency_ms=66.8505
[2026-08-06T13:50:55] SAMPLE t=37s phase=Congestion adaptation=with_ML throughput_gbps=7.9646 latency_ms=68.0162
[2026-08-06T13:50:56] SAMPLE t=38s phase=Congestion adaptation=with_ML throughput_gbps=8.0744 latency_ms=65.5718
[2026-08-06T13:50:57] SAMPLE t=39s phase=Congestion adaptation=with_ML throughput_gbps=8.0618 latency_ms=65.457
[2026-08-06T13:50:58] SAMPLE t=40s phase=Path_change adaptation=with_ML throughput_gbps=7.9533 latency_ms=67.6446
[2026-08-06T13:50:59] SAMPLE t=41s phase=Path_change adaptation=with_ML throughput_gbps=7.8957 latency_ms=66.5299
[2026-08-06T13:51:00] SAMPLE t=42s phase=Path_change adaptation=with_ML throughput_gbps=7.875 latency_ms=66.8702
[2026-08-06T13:51:01] SAMPLE t=43s phase=Path_change adaptation=with_ML throughput_gbps=8.0512 latency_ms=66.4826
[2026-08-06T13:51:02] SAMPLE t=44s phase=Path_change adaptation=with_ML throughput_gbps=7.4146 latency_ms=67.466
[2026-08-06T13:51:03] SAMPLE t=45s phase=Path_change adaptation=with_ML throughput_gbps=7.6977 latency_ms=66.6371
[2026-08-06T13:51:04] SAMPLE t=46s phase=Path_change adaptation=with_ML throughput_gbps=7.3429 latency_ms=70.3316
[2026-08-06T13:51:05] SAMPLE t=47s phase=Path_change adaptation=with_ML throughput_gbps=7.0575 latency_ms=68.113
[2026-08-06T13:51:06] SAMPLE t=48s phase=Path_change adaptation=with_ML throughput_gbps=6.9336 latency_ms=68.3509
[2026-08-06T13:51:07] SAMPLE t=49s phase=Path_change adaptation=with_ML throughput_gbps=6.972 latency_ms=69.4139
[2026-08-06T13:51:08] SAMPLE t=50s phase=Path_change adaptation=with_ML throughput_gbps=7.0131 latency_ms=66.7562
[2026-08-06T13:51:09] SAMPLE t=51s phase=Path_change adaptation=with_ML throughput_gbps=7.2109 latency_ms=66.1457
[2026-08-06T13:51:10] SAMPLE t=52s phase=Path_change adaptation=with_ML throughput_gbps=7.1677 latency_ms=69.2682
[2026-08-06T13:51:11] SAMPLE t=53s phase=Path_change adaptation=with_ML throughput_gbps=7.3131 latency_ms=68.5987
[2026-08-06T13:51:12] SAMPLE t=54s phase=Path_change adaptation=with_ML throughput_gbps=7.572 latency_ms=68.616
[2026-08-06T13:51:13] SAMPLE t=55s phase=Path_change adaptation=with_ML throughput_gbps=7.0517 latency_ms=67.3221
[2026-08-06T13:51:14] SAMPLE t=56s phase=Path_change adaptation=with_ML throughput_gbps=7.5059 latency_ms=68.8251
[2026-08-06T13:51:15] SAMPLE t=57s phase=Path_change adaptation=with_ML throughput_gbps=7.7922 latency_ms=65.9524
[2026-08-06T13:51:16] SAMPLE t=58s phase=Path_change adaptation=with_ML throughput_gbps=7.8332 latency_ms=67.6505
[2026-08-06T13:51:17] SAMPLE t=59s phase=Path_change adaptation=with_ML throughput_gbps=8.0088 latency_ms=67.0344
[2026-08-06T13:51:18] SAMPLE t=60s phase=Loss_spike adaptation=with_ML throughput_gbps=7.2121 latency_ms=68.0434
[2026-08-06T13:51:19] SAMPLE t=61s phase=Loss_spike adaptation=with_ML throughput_gbps=8.3478 latency_ms=71.9981
[2026-08-06T13:51:20] SAMPLE t=62s phase=Loss_spike adaptation=with_ML throughput_gbps=7.9726 latency_ms=71.1085
[2026-08-06T13:51:21] SAMPLE t=63s phase=Loss_spike adaptation=with_ML throughput_gbps=6.3931 latency_ms=69.5042
[2026-08-06T13:51:22] SAMPLE t=64s phase=Loss_spike adaptation=with_ML throughput_gbps=6.1977 latency_ms=71.2692
[2026-08-06T13:51:23] SAMPLE t=65s phase=Loss_spike adaptation=with_ML throughput_gbps=7.2847 latency_ms=67.5486
[2026-08-06T13:51:24] SAMPLE t=66s phase=Loss_spike adaptation=with_ML throughput_gbps=8.4229 latency_ms=71.3129
[2026-08-06T13:51:25] SAMPLE t=67s phase=Loss_spike adaptation=with_ML throughput_gbps=8.0903 latency_ms=71.0585
[2026-08-06T13:51:26] SAMPLE t=68s phase=Loss_spike adaptation=with_ML throughput_gbps=6.6754 latency_ms=71.4857
[2026-08-06T13:51:27] SAMPLE t=69s phase=Loss_spike adaptation=with_ML throughput_gbps=6.4201 latency_ms=71.5599
[2026-08-06T13:51:28] SAMPLE t=70s phase=Loss_spike adaptation=with_ML throughput_gbps=7.5976 latency_ms=68.7035
[2026-08-06T13:51:29] SAMPLE t=71s phase=Loss_spike adaptation=with_ML throughput_gbps=8.4619 latency_ms=70.8962
[2026-08-06T13:51:30] SAMPLE t=72s phase=Loss_spike adaptation=with_ML throughput_gbps=7.443 latency_ms=71.8502
[2026-08-06T13:51:31] SAMPLE t=73s phase=Loss_spike adaptation=with_ML throughput_gbps=6.6618 latency_ms=69.967
[2026-08-06T13:51:32] SAMPLE t=74s phase=Loss_spike adaptation=with_ML throughput_gbps=6.3686 latency_ms=72.1332
[2026-08-06T13:51:33] SAMPLE t=75s phase=Loss_spike adaptation=with_ML throughput_gbps=7.1656 latency_ms=68.2937
[2026-08-06T13:51:34] SAMPLE t=76s phase=Loss_spike adaptation=with_ML throughput_gbps=8.6547 latency_ms=69.2963
[2026-08-06T13:51:35] SAMPLE t=77s phase=Loss_spike adaptation=with_ML throughput_gbps=7.6376 latency_ms=66.7953
[2026-08-06T13:51:36] SAMPLE t=78s phase=Loss_spike adaptation=with_ML throughput_gbps=6.6304 latency_ms=67.7749
[2026-08-06T13:51:37] SAMPLE t=79s phase=Loss_spike adaptation=with_ML throughput_gbps=6.4236 latency_ms=70.3099
[2026-08-06T13:51:38] SAMPLE t=80s phase=Recovery adaptation=with_ML throughput_gbps=8.185 latency_ms=65.3056
[2026-08-06T13:51:39] SAMPLE t=81s phase=Recovery adaptation=with_ML throughput_gbps=8.3501 latency_ms=65.8978
[2026-08-06T13:51:40] SAMPLE t=82s phase=Recovery adaptation=with_ML throughput_gbps=8.2804 latency_ms=66.3474
[2026-08-06T13:51:41] SAMPLE t=83s phase=Recovery adaptation=with_ML throughput_gbps=8.1795 latency_ms=65.1768
[2026-08-06T13:51:42] SAMPLE t=84s phase=Recovery adaptation=with_ML throughput_gbps=8.3501 latency_ms=64.9961
[2026-08-06T13:51:43] SAMPLE t=85s phase=Recovery adaptation=with_ML throughput_gbps=8.3109 latency_ms=65.986
[2026-08-06T13:51:44] SAMPLE t=86s phase=Recovery adaptation=with_ML throughput_gbps=8.4202 latency_ms=66.7949
[2026-08-06T13:51:45] SAMPLE t=87s phase=Recovery adaptation=with_ML throughput_gbps=8.4542 latency_ms=64.893
[2026-08-06T13:51:46] SAMPLE t=88s phase=Recovery adaptation=with_ML throughput_gbps=8.5057 latency_ms=66.1567
[2026-08-06T13:51:47] SAMPLE t=89s phase=Recovery adaptation=with_ML throughput_gbps=8.6023 latency_ms=65.5623
[2026-08-06T13:51:48] SAMPLE t=90s phase=Recovery adaptation=with_ML throughput_gbps=8.413 latency_ms=66.4298
[2026-08-06T13:51:49] SAMPLE t=91s phase=Recovery adaptation=with_ML throughput_gbps=8.6113 latency_ms=66.8212
[2026-08-06T13:51:50] SAMPLE t=92s phase=Recovery adaptation=with_ML throughput_gbps=8.4925 latency_ms=68.1543
[2026-08-06T13:51:51] SAMPLE t=93s phase=Recovery adaptation=with_ML throughput_gbps=8.4667 latency_ms=63.4589
[2026-08-06T13:51:52] SAMPLE t=94s phase=Recovery adaptation=with_ML throughput_gbps=8.4308 latency_ms=64.3748
[2026-08-06T13:51:53] SAMPLE t=95s phase=Recovery adaptation=with_ML throughput_gbps=8.7402 latency_ms=64.8948
[2026-08-06T13:51:54] SAMPLE t=96s phase=Recovery adaptation=with_ML throughput_gbps=8.3709 latency_ms=66.4062
[2026-08-06T13:51:55] SAMPLE t=97s phase=Recovery adaptation=with_ML throughput_gbps=9.0623 latency_ms=64.2595
[2026-08-06T13:51:56] SAMPLE t=98s phase=Recovery adaptation=with_ML throughput_gbps=8.2658 latency_ms=64.8286
[2026-08-06T13:51:57] SAMPLE t=99s phase=Recovery adaptation=with_ML throughput_gbps=8.2999 latency_ms=65.5278
[2026-08-06T13:50:18] SAMPLE t=0s phase=Stable adaptation=without_ML throughput_gbps=8.246 latency_ms=64.9554
[2026-08-06T13:50:19] SAMPLE t=1s phase=Stable adaptation=without_ML throughput_gbps=7.8176 latency_ms=67.0921
[2026-08-06T13:50:20] SAMPLE t=2s phase=Stable adaptation=without_ML throughput_gbps=8.256 latency_ms=66.7129
[2026-08-06T13:50:21] SAMPLE t=3s phase=Stable adaptation=without_ML throughput_gbps=7.7787 latency_ms=65.3905
[2026-08-06T13:50:22] SAMPLE t=4s phase=Stable adaptation=without_ML throughput_gbps=7.7302 latency_ms=65.2675
[2026-08-06T13:50:23] SAMPLE t=5s phase=Stable adaptation=without_ML throughput_gbps=8.0384 latency_ms=64.3163
[2026-08-06T13:50:24] SAMPLE t=6s phase=Stable adaptation=without_ML throughput_gbps=8.0148 latency_ms=66.3234
[2026-08-06T13:50:25] SAMPLE t=7s phase=Stable adaptation=without_ML throughput_gbps=7.9042 latency_ms=66.5166
[2026-08-06T13:50:26] SAMPLE t=8s phase=Stable adaptation=without_ML throughput_gbps=7.7749 latency_ms=63.6484
[2026-08-06T13:50:27] SAMPLE t=9s phase=Stable adaptation=without_ML throughput_gbps=8.0731 latency_ms=68.5301
[2026-08-06T13:50:28] SAMPLE t=10s phase=Stable adaptation=without_ML throughput_gbps=8.0527 latency_ms=67.473
[2026-08-06T13:50:29] SAMPLE t=11s phase=Stable adaptation=without_ML throughput_gbps=7.87 latency_ms=66.5524
[2026-08-06T13:50:30] SAMPLE t=12s phase=Stable adaptation=without_ML throughput_gbps=7.848 latency_ms=65.0941
[2026-08-06T13:50:31] SAMPLE t=13s phase=Stable adaptation=without_ML throughput_gbps=7.9329 latency_ms=66.4049
[2026-08-06T13:50:32] SAMPLE t=14s phase=Stable adaptation=without_ML throughput_gbps=8.0409 latency_ms=65.4868
[2026-08-06T13:50:33] SAMPLE t=15s phase=Stable adaptation=without_ML throughput_gbps=8.1307 latency_ms=66.4768
[2026-08-06T13:50:34] SAMPLE t=16s phase=Stable adaptation=without_ML throughput_gbps=7.6825 latency_ms=64.7068
[2026-08-06T13:50:35] SAMPLE t=17s phase=Stable adaptation=without_ML throughput_gbps=7.9606 latency_ms=65.9195
[2026-08-06T13:50:36] SAMPLE t=18s phase=Stable adaptation=without_ML throughput_gbps=8.0483 latency_ms=66.2283
[2026-08-06T13:50:37] SAMPLE t=19s phase=Stable adaptation=without_ML throughput_gbps=7.9146 latency_ms=65.7328
[2026-08-06T13:50:38] SAMPLE t=20s phase=Congestion adaptation=without_ML throughput_gbps=8.2153 latency_ms=66.7872
[2026-08-06T13:50:39] SAMPLE t=21s phase=Congestion adaptation=without_ML throughput_gbps=8.3684 latency_ms=66.5938
[2026-08-06T13:50:40] SAMPLE t=22s phase=Congestion adaptation=without_ML throughput_gbps=7.7556 latency_ms=66.3423
[2026-08-06T13:50:41] SAMPLE t=23s phase=Congestion adaptation=without_ML throughput_gbps=8.3343 latency_ms=66.8288
[2026-08-06T13:50:42] SAMPLE t=24s phase=Congestion adaptation=without_ML throughput_gbps=8.4422 latency_ms=65.4429
[2026-08-06T13:50:43] SAMPLE t=25s phase=Congestion adaptation=without_ML throughput_gbps=8.1405 latency_ms=65.2921
[2026-08-06T13:50:44] SAMPLE t=26s phase=Congestion adaptation=without_ML throughput_gbps=8.3081 latency_ms=64.493
[2026-08-06T13:50:45] SAMPLE t=27s phase=Congestion adaptation=without_ML throughput_gbps=8.1651 latency_ms=65.1237
[2026-08-06T13:50:46] SAMPLE t=28s phase=Congestion adaptation=without_ML throughput_gbps=7.967 latency_ms=66.4946
[2026-08-06T13:50:47] SAMPLE t=29s phase=Congestion adaptation=without_ML throughput_gbps=8.3445 latency_ms=65.2662
[2026-08-06T13:50:48] SAMPLE t=30s phase=Congestion adaptation=without_ML throughput_gbps=8.1767 latency_ms=64.9197
[2026-08-06T13:50:49] SAMPLE t=31s phase=Congestion adaptation=without_ML throughput_gbps=7.8724 latency_ms=65.0363
[2026-08-06T13:50:50] SAMPLE t=32s phase=Congestion adaptation=without_ML throughput_gbps=7.9178 latency_ms=65.6498
[2026-08-06T13:50:51] SAMPLE t=33s phase=Congestion adaptation=without_ML throughput_gbps=8.0928 latency_ms=65.7357
[2026-08-06T13:50:52] SAMPLE t=34s phase=Congestion adaptation=without_ML throughput_gbps=8.1834 latency_ms=65.202
[2026-08-06T13:50:53] SAMPLE t=35s phase=Congestion adaptation=without_ML throughput_gbps=8.0203 latency_ms=65.6707
[2026-08-06T13:50:54] SAMPLE t=36s phase=Congestion adaptation=without_ML throughput_gbps=7.7935 latency_ms=67.0137
[2026-08-06T13:50:55] SAMPLE t=37s phase=Congestion adaptation=without_ML throughput_gbps=7.8978 latency_ms=65.9896
[2026-08-06T13:50:56] SAMPLE t=38s phase=Congestion adaptation=without_ML throughput_gbps=7.8062 latency_ms=64.3927
[2026-08-06T13:50:57] SAMPLE t=39s phase=Congestion adaptation=without_ML throughput_gbps=8.0943 latency_ms=64.0163
[2026-08-06T13:50:58] SAMPLE t=40s phase=Path_change adaptation=without_ML throughput_gbps=7.6743 latency_ms=67.7998
[2026-08-06T13:50:59] SAMPLE t=41s phase=Path_change adaptation=without_ML throughput_gbps=7.5221 latency_ms=65.191
[2026-08-06T13:51:00] SAMPLE t=42s phase=Path_change adaptation=without_ML throughput_gbps=7.1023 latency_ms=69.5047
[2026-08-06T13:51:01] SAMPLE t=43s phase=Path_change adaptation=without_ML throughput_gbps=6.9 latency_ms=71.9479
[2026-08-06T13:51:02] SAMPLE t=44s phase=Path_change adaptation=without_ML throughput_gbps=6.7533 latency_ms=69.1833
[2026-08-06T13:51:03] SAMPLE t=45s phase=Path_change adaptation=without_ML throughput_gbps=6.4291 latency_ms=68.7144
[2026-08-06T13:51:04] SAMPLE t=46s phase=Path_change adaptation=without_ML throughput_gbps=6.1163 latency_ms=70.1509
[2026-08-06T13:51:05] SAMPLE t=47s phase=Path_change adaptation=without_ML throughput_gbps=5.8894 latency_ms=73.1766
[2026-08-06T13:51:06] SAMPLE t=48s phase=Path_change adaptation=without_ML throughput_gbps=6.0689 latency_ms=71.9024
[2026-08-06T13:51:07] SAMPLE t=49s phase=Path_change adaptation=without_ML throughput_gbps=5.7633 latency_ms=71.6772
[2026-08-06T13:51:08] SAMPLE t=50s phase=Path_change adaptation=without_ML throughput_gbps=5.7613 latency_ms=73.2031
[2026-08-06T13:51:09] SAMPLE t=51s phase=Path_change adaptation=without_ML throughput_gbps=5.9084 latency_ms=74.3946
[2026-08-06T13:51:10] SAMPLE t=52s phase=Path_change adaptation=without_ML throughput_gbps=6.026 latency_ms=75.7766
[2026-08-06T13:51:11] SAMPLE t=53s phase=Path_change adaptation=without_ML throughput_gbps=5.5212 latency_ms=72.5886
[2026-08-06T13:51:12] SAMPLE t=54s phase=Path_change adaptation=without_ML throughput_gbps=6.1772 latency_ms=71.0893
[2026-08-06T13:51:13] SAMPLE t=55s phase=Path_change adaptation=without_ML throughput_gbps=6.1002 latency_ms=71.078
[2026-08-06T13:51:14] SAMPLE t=56s phase=Path_change adaptation=without_ML throughput_gbps=6.7114 latency_ms=68.0072
[2026-08-06T13:51:15] SAMPLE t=57s phase=Path_change adaptation=without_ML throughput_gbps=7.3082 latency_ms=70.649
[2026-08-06T13:51:16] SAMPLE t=58s phase=Path_change adaptation=without_ML throughput_gbps=7.7291 latency_ms=68.1245
[2026-08-06T13:51:17] SAMPLE t=59s phase=Path_change adaptation=without_ML throughput_gbps=7.5179 latency_ms=69.3097
[2026-08-06T13:51:18] SAMPLE t=60s phase=Loss_spike adaptation=without_ML throughput_gbps=6.2093 latency_ms=69.8744
[2026-08-06T13:51:19] SAMPLE t=61s phase=Loss_spike adaptation=without_ML throughput_gbps=8.2486 latency_ms=80.2524
[2026-08-06T13:51:20] SAMPLE t=62s phase=Loss_spike adaptation=without_ML throughput_gbps=7.4189 latency_ms=78.256
[2026-08-06T13:51:21] SAMPLE t=63s phase=Loss_spike adaptation=without_ML throughput_gbps=5.1214 latency_ms=78.498
[2026-08-06T13:51:22] SAMPLE t=64s phase=Loss_spike adaptation=without_ML throughput_gbps=4.0243 latency_ms=79.4043
[2026-08-06T13:51:23] SAMPLE t=65s phase=Loss_spike adaptation=without_ML throughput_gbps=6.326 latency_ms=71.1892
[2026-08-06T13:51:24] SAMPLE t=66s phase=Loss_spike adaptation=without_ML throughput_gbps=8.5536 latency_ms=76.8291
[2026-08-06T13:51:25] SAMPLE t=67s phase=Loss_spike adaptation=without_ML throughput_gbps=7.5011 latency_ms=77.0071
[2026-08-06T13:51:26] SAMPLE t=68s phase=Loss_spike adaptation=without_ML throughput_gbps=5.0598 latency_ms=76.5957
[2026-08-06T13:51:27] SAMPLE t=69s phase=Loss_spike adaptation=without_ML throughput_gbps=3.9501 latency_ms=81.4842
[2026-08-06T13:51:28] SAMPLE t=70s phase=Loss_spike adaptation=without_ML throughput_gbps=6.1027 latency_ms=68.984
[2026-08-06T13:51:29] SAMPLE t=71s phase=Loss_spike adaptation=without_ML throughput_gbps=8.4363 latency_ms=78.2012
[2026-08-06T13:51:30] SAMPLE t=72s phase=Loss_spike adaptation=without_ML throughput_gbps=7.2722 latency_ms=75.7813
[2026-08-06T13:51:31] SAMPLE t=73s phase=Loss_spike adaptation=without_ML throughput_gbps=5.1224 latency_ms=75.0037
[2026-08-06T13:51:32] SAMPLE t=74s phase=Loss_spike adaptation=without_ML throughput_gbps=4.2709 latency_ms=80.2886
[2026-08-06T13:51:33] SAMPLE t=75s phase=Loss_spike adaptation=without_ML throughput_gbps=6.0674 latency_ms=69.4884
[2026-08-06T13:51:34] SAMPLE t=76s phase=Loss_spike adaptation=without_ML throughput_gbps=8.3779 latency_ms=79.7564
[2026-08-06T13:51:35] SAMPLE t=77s phase=Loss_spike adaptation=without_ML throughput_gbps=7.71 latency_ms=79.4558
[2026-08-06T13:51:36] SAMPLE t=78s phase=Loss_spike adaptation=without_ML throughput_gbps=5.0617 latency_ms=78.9411
[2026-08-06T13:51:37] SAMPLE t=79s phase=Loss_spike adaptation=without_ML throughput_gbps=3.9466 latency_ms=79.2869
[2026-08-06T13:51:38] SAMPLE t=80s phase=Recovery adaptation=without_ML throughput_gbps=7.7697 latency_ms=65.5072
[2026-08-06T13:51:39] SAMPLE t=81s phase=Recovery adaptation=without_ML throughput_gbps=8.2334 latency_ms=66.8635
[2026-08-06T13:51:40] SAMPLE t=82s phase=Recovery adaptation=without_ML throughput_gbps=7.7023 latency_ms=64.8025
[2026-08-06T13:51:41] SAMPLE t=83s phase=Recovery adaptation=without_ML throughput_gbps=7.8988 latency_ms=66.8528
[2026-08-06T13:51:42] SAMPLE t=84s phase=Recovery adaptation=without_ML throughput_gbps=7.9297 latency_ms=66.4285
[2026-08-06T13:51:43] SAMPLE t=85s phase=Recovery adaptation=without_ML throughput_gbps=8.3075 latency_ms=67.5696
[2026-08-06T13:51:44] SAMPLE t=86s phase=Recovery adaptation=without_ML throughput_gbps=8.0232 latency_ms=64.5664
[2026-08-06T13:51:45] SAMPLE t=87s phase=Recovery adaptation=without_ML throughput_gbps=7.8731 latency_ms=66.7313
[2026-08-06T13:51:46] SAMPLE t=88s phase=Recovery adaptation=without_ML throughput_gbps=8.1879 latency_ms=65.279
[2026-08-06T13:51:47] SAMPLE t=89s phase=Recovery adaptation=without_ML throughput_gbps=8.1074 latency_ms=66.0532
[2026-08-06T13:51:48] SAMPLE t=90s phase=Recovery adaptation=without_ML throughput_gbps=7.8999 latency_ms=65.27
[2026-08-06T13:51:49] SAMPLE t=91s phase=Recovery adaptation=without_ML throughput_gbps=7.9694 latency_ms=65.8309
[2026-08-06T13:51:50] SAMPLE t=92s phase=Recovery adaptation=without_ML throughput_gbps=7.8686 latency_ms=65.6675
[2026-08-06T13:51:51] SAMPLE t=93s phase=Recovery adaptation=without_ML throughput_gbps=7.5542 latency_ms=65.2575
[2026-08-06T13:51:52] SAMPLE t=94s phase=Recovery adaptation=without_ML throughput_gbps=8.0283 latency_ms=65.6791
[2026-08-06T13:51:53] SAMPLE t=95s phase=Recovery adaptation=without_ML throughput_gbps=7.8212 latency_ms=66.5633
[2026-08-06T13:51:54] SAMPLE t=96s phase=Recovery adaptation=without_ML throughput_gbps=7.426 latency_ms=65.3788
[2026-08-06T13:51:55] SAMPLE t=97s phase=Recovery adaptation=without_ML throughput_gbps=7.8252 latency_ms=67.7225
[2026-08-06T13:51:56] SAMPLE t=98s phase=Recovery adaptation=without_ML throughput_gbps=8.3984 latency_ms=66.5914
[2026-08-06T13:51:57] SAMPLE t=99s phase=Recovery adaptation=without_ML throughput_gbps=8.2857 latency_ms=66.3563
[2026-08-06T13:50:18] TRACE_END run_id=27 status=OK
[2026-08-06T13:53:24] TRACE_START run_id=28
[2026-08-06T13:53:24] SAMPLE t=0s phase=Stable adaptation=with_ML throughput_gbps=8.2343 latency_ms=66.3691
[2026-08-06T13:53:25] SAMPLE t=1s phase=Stable adaptation=with_ML throughput_gbps=8.0783 latency_ms=67.6367
[2026-08-06T13:53:26] SAMPLE t=2s phase=Stable adaptation=with_ML throughput_gbps=7.8206 latency_ms=65.1243
[2026-08-06T13:53:27] SAMPLE t=3s phase=Stable adaptation=with_ML throughput_gbps=8.2935 latency_ms=67.3254
[2026-08-06T13:53:28] SAMPLE t=4s phase=Stable adaptation=with_ML throughput_gbps=8.2766 latency_ms=65.6005
[2026-08-06T13:53:29] SAMPLE t=5s phase=Stable adaptation=with_ML throughput_gbps=8.2819 latency_ms=66.3621
[2026-08-06T13:53:30] SAMPLE t=6s phase=Stable adaptation=with_ML throughput_gbps=8.0925 latency_ms=65.8425
[2026-08-06T13:53:31] SAMPLE t=7s phase=Stable adaptation=with_ML throughput_gbps=8.1519 latency_ms=65.9343
[2026-08-06T13:53:32] SAMPLE t=8s phase=Stable adaptation=with_ML throughput_gbps=7.9632 latency_ms=66.7018
[2026-08-06T13:53:33] SAMPLE t=9s phase=Stable adaptation=with_ML throughput_gbps=8.4855 latency_ms=66.509
[2026-08-06T13:53:34] SAMPLE t=10s phase=Stable adaptation=with_ML throughput_gbps=8.0301 latency_ms=67.0856
[2026-08-06T13:53:35] SAMPLE t=11s phase=Stable adaptation=with_ML throughput_gbps=8.2496 latency_ms=65.224
[2026-08-06T13:53:36] SAMPLE t=12s phase=Stable adaptation=with_ML throughput_gbps=8.3302 latency_ms=68.2536
[2026-08-06T13:53:37] SAMPLE t=13s phase=Stable adaptation=with_ML throughput_gbps=8.1384 latency_ms=65.2958
[2026-08-06T13:53:38] SAMPLE t=14s phase=Stable adaptation=with_ML throughput_gbps=8.0596 latency_ms=67.6645
[2026-08-06T13:53:39] SAMPLE t=15s phase=Stable adaptation=with_ML throughput_gbps=8.1078 latency_ms=65.8349
[2026-08-06T13:53:40] SAMPLE t=16s phase=Stable adaptation=with_ML throughput_gbps=7.947 latency_ms=66.3817
[2026-08-06T13:53:41] SAMPLE t=17s phase=Stable adaptation=with_ML throughput_gbps=8.2976 latency_ms=65.8236
[2026-08-06T13:53:42] SAMPLE t=18s phase=Stable adaptation=with_ML throughput_gbps=7.8275 latency_ms=64.8873
[2026-08-06T13:53:43] SAMPLE t=19s phase=Stable adaptation=with_ML throughput_gbps=8.3979 latency_ms=67.7704
[2026-08-06T13:53:44] SAMPLE t=20s phase=Congestion adaptation=with_ML throughput_gbps=8.1762 latency_ms=66.6411
[2026-08-06T13:53:45] SAMPLE t=21s phase=Congestion adaptation=with_ML throughput_gbps=8.0618 latency_ms=67.4117
[2026-08-06T13:53:46] SAMPLE t=22s phase=Congestion adaptation=with_ML throughput_gbps=8.219 latency_ms=66.8505
[2026-08-06T13:53:47] SAMPLE t=23s phase=Congestion adaptation=with_ML throughput_gbps=7.9213 latency_ms=67.7612
[2026-08-06T13:53:48] SAMPLE t=24s phase=Congestion adaptation=with_ML throughput_gbps=8.2248 latency_ms=67.3023
[2026-08-06T13:53:49] SAMPLE t=25s phase=Congestion adaptation=with_ML throughput_gbps=8.6468 latency_ms=67.654
[2026-08-06T13:53:50] SAMPLE t=26s phase=Congestion adaptation=with_ML throughput_gbps=8.2052 latency_ms=64.9291
[2026-08-06T13:53:51] SAMPLE t=27s phase=Congestion adaptation=with_ML throughput_gbps=8.1769 latency_ms=68.0489
[2026-08-06T13:53:52] SAMPLE t=28s phase=Congestion adaptation=with_ML throughput_gbps=8.3203 latency_ms=66.7825
[2026-08-06T13:53:53] SAMPLE t=29s phase=Congestion adaptation=with_ML throughput_gbps=8.1067 latency_ms=66.5692
[2026-08-06T13:53:54] SAMPLE t=30s phase=Congestion adaptation=with_ML throughput_gbps=7.8051 latency_ms=66.4217
[2026-08-06T13:53:55] SAMPLE t=31s phase=Congestion adaptation=with_ML throughput_gbps=7.8349 latency_ms=68.4935
[2026-08-06T13:53:56] SAMPLE t=32s phase=Congestion adaptation=with_ML throughput_gbps=8.5269 latency_ms=65.8941
[2026-08-06T13:53:57] SAMPLE t=33s phase=Congestion adaptation=with_ML throughput_gbps=7.7017 latency_ms=66.141
[2026-08-06T13:53:58] SAMPLE t=34s phase=Congestion adaptation=with_ML throughput_gbps=8.023 latency_ms=67.2594
[2026-08-06T13:53:59] SAMPLE t=35s phase=Congestion adaptation=with_ML throughput_gbps=8.4151 latency_ms=65.4842
[2026-08-06T13:54:00] SAMPLE t=36s phase=Congestion adaptation=with_ML throughput_gbps=8.1753 latency_ms=65.7182
[2026-08-06T13:54:01] SAMPLE t=37s phase=Congestion adaptation=with_ML throughput_gbps=8.0301 latency_ms=64.6776
[2026-08-06T13:54:02] SAMPLE t=38s phase=Congestion adaptation=with_ML throughput_gbps=7.9209 latency_ms=68.276
[2026-08-06T13:54:03] SAMPLE t=39s phase=Congestion adaptation=with_ML throughput_gbps=7.9838 latency_ms=68.5735
[2026-08-06T13:54:04] SAMPLE t=40s phase=Path_change adaptation=with_ML throughput_gbps=8.1472 latency_ms=67.3314
[2026-08-06T13:54:05] SAMPLE t=41s phase=Path_change adaptation=with_ML throughput_gbps=7.7348 latency_ms=66.7882
[2026-08-06T13:54:06] SAMPLE t=42s phase=Path_change adaptation=with_ML throughput_gbps=7.7908 latency_ms=69.3138
[2026-08-06T13:54:07] SAMPLE t=43s phase=Path_change adaptation=with_ML throughput_gbps=7.8618 latency_ms=66.8047
[2026-08-06T13:54:08] SAMPLE t=44s phase=Path_change adaptation=with_ML throughput_gbps=7.4979 latency_ms=66.994
[2026-08-06T13:54:09] SAMPLE t=45s phase=Path_change adaptation=with_ML throughput_gbps=7.794 latency_ms=67.1881
[2026-08-06T13:54:10] SAMPLE t=46s phase=Path_change adaptation=with_ML throughput_gbps=7.6254 latency_ms=69.7285
[2026-08-06T13:54:11] SAMPLE t=47s phase=Path_change adaptation=with_ML throughput_gbps=7.2033 latency_ms=67.6962
[2026-08-06T13:54:12] SAMPLE t=48s phase=Path_change adaptation=with_ML throughput_gbps=7.1242 latency_ms=66.8824
[2026-08-06T13:54:13] SAMPLE t=49s phase=Path_change adaptation=with_ML throughput_gbps=7.2874 latency_ms=68.9887
[2026-08-06T13:54:14] SAMPLE t=50s phase=Path_change adaptation=with_ML throughput_gbps=7.4168 latency_ms=68.9147
[2026-08-06T13:54:15] SAMPLE t=51s phase=Path_change adaptation=with_ML throughput_gbps=7.1703 latency_ms=68.7456
[2026-08-06T13:54:16] SAMPLE t=52s phase=Path_change adaptation=with_ML throughput_gbps=7.1002 latency_ms=68.6931
[2026-08-06T13:54:17] SAMPLE t=53s phase=Path_change adaptation=with_ML throughput_gbps=7.2396 latency_ms=69.1688
[2026-08-06T13:54:18] SAMPLE t=54s phase=Path_change adaptation=with_ML throughput_gbps=7.4399 latency_ms=67.1938
[2026-08-06T13:54:19] SAMPLE t=55s phase=Path_change adaptation=with_ML throughput_gbps=7.1094 latency_ms=68.778
[2026-08-06T13:54:20] SAMPLE t=56s phase=Path_change adaptation=with_ML throughput_gbps=7.4 latency_ms=69.2236
[2026-08-06T13:54:21] SAMPLE t=57s phase=Path_change adaptation=with_ML throughput_gbps=7.644 latency_ms=68.1766
[2026-08-06T13:54:22] SAMPLE t=58s phase=Path_change adaptation=with_ML throughput_gbps=8.1144 latency_ms=67.026
[2026-08-06T13:54:23] SAMPLE t=59s phase=Path_change adaptation=with_ML throughput_gbps=8.1963 latency_ms=66.0202
[2026-08-06T13:54:24] SAMPLE t=60s phase=Loss_spike adaptation=with_ML throughput_gbps=7.3531 latency_ms=68.4166
[2026-08-06T13:54:25] SAMPLE t=61s phase=Loss_spike adaptation=with_ML throughput_gbps=8.322 latency_ms=71.3848
[2026-08-06T13:54:26] SAMPLE t=62s phase=Loss_spike adaptation=with_ML throughput_gbps=7.8909 latency_ms=70.3829
[2026-08-06T13:54:27] SAMPLE t=63s phase=Loss_spike adaptation=with_ML throughput_gbps=7.0919 latency_ms=68.6671
[2026-08-06T13:54:28] SAMPLE t=64s phase=Loss_spike adaptation=with_ML throughput_gbps=6.2145 latency_ms=71.559
[2026-08-06T13:54:29] SAMPLE t=65s phase=Loss_spike adaptation=with_ML throughput_gbps=7.2827 latency_ms=71.1793
[2026-08-06T13:54:30] SAMPLE t=66s phase=Loss_spike adaptation=with_ML throughput_gbps=8.448 latency_ms=70.4572
[2026-08-06T13:54:31] SAMPLE t=67s phase=Loss_spike adaptation=with_ML throughput_gbps=7.9072 latency_ms=69.6275
[2026-08-06T13:54:32] SAMPLE t=68s phase=Loss_spike adaptation=with_ML throughput_gbps=6.5009 latency_ms=69.4522
[2026-08-06T13:54:33] SAMPLE t=69s phase=Loss_spike adaptation=with_ML throughput_gbps=5.8961 latency_ms=68.995
[2026-08-06T13:54:34] SAMPLE t=70s phase=Loss_spike adaptation=with_ML throughput_gbps=7.5109 latency_ms=67.2191
[2026-08-06T13:54:35] SAMPLE t=71s phase=Loss_spike adaptation=with_ML throughput_gbps=8.4724 latency_ms=71.3673
[2026-08-06T13:54:36] SAMPLE t=72s phase=Loss_spike adaptation=with_ML throughput_gbps=8.1322 latency_ms=69.7622
[2026-08-06T13:54:37] SAMPLE t=73s phase=Loss_spike adaptation=with_ML throughput_gbps=6.3573 latency_ms=69.1299
[2026-08-06T13:54:38] SAMPLE t=74s phase=Loss_spike adaptation=with_ML throughput_gbps=6.1927 latency_ms=72.1841
[2026-08-06T13:54:39] SAMPLE t=75s phase=Loss_spike adaptation=with_ML throughput_gbps=7.5374 latency_ms=67.793
[2026-08-06T13:54:40] SAMPLE t=76s phase=Loss_spike adaptation=with_ML throughput_gbps=8.5371 latency_ms=69.4088
[2026-08-06T13:54:41] SAMPLE t=77s phase=Loss_spike adaptation=with_ML throughput_gbps=8.0984 latency_ms=69.4341
[2026-08-06T13:54:42] SAMPLE t=78s phase=Loss_spike adaptation=with_ML throughput_gbps=6.5892 latency_ms=67.6015
[2026-08-06T13:54:43] SAMPLE t=79s phase=Loss_spike adaptation=with_ML throughput_gbps=6.3354 latency_ms=72.7126
[2026-08-06T13:54:44] SAMPLE t=80s phase=Recovery adaptation=with_ML throughput_gbps=8.3403 latency_ms=65.2998
[2026-08-06T13:54:45] SAMPLE t=81s phase=Recovery adaptation=with_ML throughput_gbps=8.2645 latency_ms=66.1226
[2026-08-06T13:54:46] SAMPLE t=82s phase=Recovery adaptation=with_ML throughput_gbps=8.3651 latency_ms=66.7592
[2026-08-06T13:54:47] SAMPLE t=83s phase=Recovery adaptation=with_ML throughput_gbps=8.1782 latency_ms=66.9174
[2026-08-06T13:54:48] SAMPLE t=84s phase=Recovery adaptation=with_ML throughput_gbps=8.4232 latency_ms=66.1619
[2026-08-06T13:54:49] SAMPLE t=85s phase=Recovery adaptation=with_ML throughput_gbps=8.0666 latency_ms=67.146
[2026-08-06T13:54:50] SAMPLE t=86s phase=Recovery adaptation=with_ML throughput_gbps=8.4975 latency_ms=66.952
[2026-08-06T13:54:51] SAMPLE t=87s phase=Recovery adaptation=with_ML throughput_gbps=8.0841 latency_ms=65.354
[2026-08-06T13:54:52] SAMPLE t=88s phase=Recovery adaptation=with_ML throughput_gbps=8.2502 latency_ms=65.0264
[2026-08-06T13:54:53] SAMPLE t=89s phase=Recovery adaptation=with_ML throughput_gbps=8.1493 latency_ms=65.5237
[2026-08-06T13:54:54] SAMPLE t=90s phase=Recovery adaptation=with_ML throughput_gbps=7.729 latency_ms=64.8279
[2026-08-06T13:54:55] SAMPLE t=91s phase=Recovery adaptation=with_ML throughput_gbps=8.3166 latency_ms=67.2434
[2026-08-06T13:54:56] SAMPLE t=92s phase=Recovery adaptation=with_ML throughput_gbps=8.2637 latency_ms=63.6314
[2026-08-06T13:54:57] SAMPLE t=93s phase=Recovery adaptation=with_ML throughput_gbps=8.6476 latency_ms=66.8881
[2026-08-06T13:54:58] SAMPLE t=94s phase=Recovery adaptation=with_ML throughput_gbps=8.4033 latency_ms=65.4948
[2026-08-06T13:54:59] SAMPLE t=95s phase=Recovery adaptation=with_ML throughput_gbps=8.178 latency_ms=66.5126
[2026-08-06T13:55:00] SAMPLE t=96s phase=Recovery adaptation=with_ML throughput_gbps=8.2183 latency_ms=64.9908
[2026-08-06T13:55:01] SAMPLE t=97s phase=Recovery adaptation=with_ML throughput_gbps=8.4955 latency_ms=65.3987
[2026-08-06T13:55:02] SAMPLE t=98s phase=Recovery adaptation=with_ML throughput_gbps=8.2917 latency_ms=66.2584
[2026-08-06T13:55:03] SAMPLE t=99s phase=Recovery adaptation=with_ML throughput_gbps=8.4714 latency_ms=65.3428
[2026-08-06T13:53:24] SAMPLE t=0s phase=Stable adaptation=without_ML throughput_gbps=7.8654 latency_ms=63.5433
[2026-08-06T13:53:25] SAMPLE t=1s phase=Stable adaptation=without_ML throughput_gbps=8.2181 latency_ms=65.054
[2026-08-06T13:53:26] SAMPLE t=2s phase=Stable adaptation=without_ML throughput_gbps=7.7208 latency_ms=66.2086
[2026-08-06T13:53:27] SAMPLE t=3s phase=Stable adaptation=without_ML throughput_gbps=7.8719 latency_ms=67.6797
[2026-08-06T13:53:28] SAMPLE t=4s phase=Stable adaptation=without_ML throughput_gbps=8.5581 latency_ms=64.792
[2026-08-06T13:53:29] SAMPLE t=5s phase=Stable adaptation=without_ML throughput_gbps=7.84 latency_ms=65.6678
[2026-08-06T13:53:30] SAMPLE t=6s phase=Stable adaptation=without_ML throughput_gbps=7.7429 latency_ms=66.993
[2026-08-06T13:53:31] SAMPLE t=7s phase=Stable adaptation=without_ML throughput_gbps=7.7898 latency_ms=64.9267
[2026-08-06T13:53:32] SAMPLE t=8s phase=Stable adaptation=without_ML throughput_gbps=7.7381 latency_ms=64.5867
[2026-08-06T13:53:33] SAMPLE t=9s phase=Stable adaptation=without_ML throughput_gbps=8.1532 latency_ms=66.4492
[2026-08-06T13:53:34] SAMPLE t=10s phase=Stable adaptation=without_ML throughput_gbps=7.9204 latency_ms=65.4112
[2026-08-06T13:53:35] SAMPLE t=11s phase=Stable adaptation=without_ML throughput_gbps=7.5395 latency_ms=65.5756
[2026-08-06T13:53:36] SAMPLE t=12s phase=Stable adaptation=without_ML throughput_gbps=8.1552 latency_ms=65.9339
[2026-08-06T13:53:37] SAMPLE t=13s phase=Stable adaptation=without_ML throughput_gbps=7.626 latency_ms=63.8744
[2026-08-06T13:53:38] SAMPLE t=14s phase=Stable adaptation=without_ML throughput_gbps=8.4019 latency_ms=65.5277
[2026-08-06T13:53:39] SAMPLE t=15s phase=Stable adaptation=without_ML throughput_gbps=8.0207 latency_ms=65.802
[2026-08-06T13:53:40] SAMPLE t=16s phase=Stable adaptation=without_ML throughput_gbps=8.1683 latency_ms=66.7031
[2026-08-06T13:53:41] SAMPLE t=17s phase=Stable adaptation=without_ML throughput_gbps=7.745 latency_ms=64.3319
[2026-08-06T13:53:42] SAMPLE t=18s phase=Stable adaptation=without_ML throughput_gbps=8.02 latency_ms=65.2367
[2026-08-06T13:53:43] SAMPLE t=19s phase=Stable adaptation=without_ML throughput_gbps=7.816 latency_ms=66.6321
[2026-08-06T13:53:44] SAMPLE t=20s phase=Congestion adaptation=without_ML throughput_gbps=8.0916 latency_ms=66.0687
[2026-08-06T13:53:45] SAMPLE t=21s phase=Congestion adaptation=without_ML throughput_gbps=7.8325 latency_ms=66.0806
[2026-08-06T13:53:46] SAMPLE t=22s phase=Congestion adaptation=without_ML throughput_gbps=8.001 latency_ms=65.6901
[2026-08-06T13:53:47] SAMPLE t=23s phase=Congestion adaptation=without_ML throughput_gbps=8.1896 latency_ms=64.0884
[2026-08-06T13:53:48] SAMPLE t=24s phase=Congestion adaptation=without_ML throughput_gbps=8.2571 latency_ms=66.3169
[2026-08-06T13:53:49] SAMPLE t=25s phase=Congestion adaptation=without_ML throughput_gbps=8.4913 latency_ms=66.4003
[2026-08-06T13:53:50] SAMPLE t=26s phase=Congestion adaptation=without_ML throughput_gbps=7.6344 latency_ms=64.8136
[2026-08-06T13:53:51] SAMPLE t=27s phase=Congestion adaptation=without_ML throughput_gbps=7.9414 latency_ms=66.5876
[2026-08-06T13:53:52] SAMPLE t=28s phase=Congestion adaptation=without_ML throughput_gbps=7.6264 latency_ms=65.2264
[2026-08-06T13:53:53] SAMPLE t=29s phase=Congestion adaptation=without_ML throughput_gbps=7.9364 latency_ms=65.4413
[2026-08-06T13:53:54] SAMPLE t=30s phase=Congestion adaptation=without_ML throughput_gbps=8.1526 latency_ms=65.7684
[2026-08-06T13:53:55] SAMPLE t=31s phase=Congestion adaptation=without_ML throughput_gbps=8.4024 latency_ms=64.8488
[2026-08-06T13:53:56] SAMPLE t=32s phase=Congestion adaptation=without_ML throughput_gbps=7.4564 latency_ms=66.0102
[2026-08-06T13:53:57] SAMPLE t=33s phase=Congestion adaptation=without_ML throughput_gbps=8.0768 latency_ms=65.608
[2026-08-06T13:53:58] SAMPLE t=34s phase=Congestion adaptation=without_ML throughput_gbps=8.2595 latency_ms=65.066
[2026-08-06T13:53:59] SAMPLE t=35s phase=Congestion adaptation=without_ML throughput_gbps=8.1668 latency_ms=65.557
[2026-08-06T13:54:00] SAMPLE t=36s phase=Congestion adaptation=without_ML throughput_gbps=8.1363 latency_ms=68.5113
[2026-08-06T13:54:01] SAMPLE t=37s phase=Congestion adaptation=without_ML throughput_gbps=8.2767 latency_ms=68.0217
[2026-08-06T13:54:02] SAMPLE t=38s phase=Congestion adaptation=without_ML throughput_gbps=8.3018 latency_ms=64.1107
[2026-08-06T13:54:03] SAMPLE t=39s phase=Congestion adaptation=without_ML throughput_gbps=8.2915 latency_ms=66.9927
[2026-08-06T13:54:04] SAMPLE t=40s phase=Path_change adaptation=without_ML throughput_gbps=8.3861 latency_ms=66.0672
[2026-08-06T13:54:05] SAMPLE t=41s phase=Path_change adaptation=without_ML throughput_gbps=7.8326 latency_ms=68.4456
[2026-08-06T13:54:06] SAMPLE t=42s phase=Path_change adaptation=without_ML throughput_gbps=7.0128 latency_ms=68.5685
[2026-08-06T13:54:07] SAMPLE t=43s phase=Path_change adaptation=without_ML throughput_gbps=6.9274 latency_ms=67.1653
[2026-08-06T13:54:08] SAMPLE t=44s phase=Path_change adaptation=without_ML throughput_gbps=6.8899 latency_ms=72.2437
[2026-08-06T13:54:09] SAMPLE t=45s phase=Path_change adaptation=without_ML throughput_gbps=6.3362 latency_ms=68.3488
[2026-08-06T13:54:10] SAMPLE t=46s phase=Path_change adaptation=without_ML throughput_gbps=6.2647 latency_ms=72.2224
[2026-08-06T13:54:11] SAMPLE t=47s phase=Path_change adaptation=without_ML throughput_gbps=5.892 latency_ms=72.5117
[2026-08-06T13:54:12] SAMPLE t=48s phase=Path_change adaptation=without_ML throughput_gbps=5.7044 latency_ms=71.4293
[2026-08-06T13:54:13] SAMPLE t=49s phase=Path_change adaptation=without_ML throughput_gbps=5.6513 latency_ms=71.717
[2026-08-06T13:54:14] SAMPLE t=50s phase=Path_change adaptation=without_ML throughput_gbps=5.5963 latency_ms=74.4033
[2026-08-06T13:54:15] SAMPLE t=51s phase=Path_change adaptation=without_ML throughput_gbps=5.637 latency_ms=72.6811
[2026-08-06T13:54:16] SAMPLE t=52s phase=Path_change adaptation=without_ML throughput_gbps=5.7258 latency_ms=72.1525
[2026-08-06T13:54:17] SAMPLE t=53s phase=Path_change adaptation=without_ML throughput_gbps=6.0961 latency_ms=71.216
[2026-08-06T13:54:18] SAMPLE t=54s phase=Path_change adaptation=without_ML throughput_gbps=6.1127 latency_ms=71.3
[2026-08-06T13:54:19] SAMPLE t=55s phase=Path_change adaptation=without_ML throughput_gbps=6.2778 latency_ms=71.1316
[2026-08-06T13:54:20] SAMPLE t=56s phase=Path_change adaptation=without_ML throughput_gbps=6.5032 latency_ms=73.6728
[2026-08-06T13:54:21] SAMPLE t=57s phase=Path_change adaptation=without_ML throughput_gbps=6.9674 latency_ms=68.2843
[2026-08-06T13:54:22] SAMPLE t=58s phase=Path_change adaptation=without_ML throughput_gbps=7.4465 latency_ms=67.9606
[2026-08-06T13:54:23] SAMPLE t=59s phase=Path_change adaptation=without_ML throughput_gbps=7.873 latency_ms=67.6803
[2026-08-06T13:54:24] SAMPLE t=60s phase=Loss_spike adaptation=without_ML throughput_gbps=6.1246 latency_ms=68.313
[2026-08-06T13:54:25] SAMPLE t=61s phase=Loss_spike adaptation=without_ML throughput_gbps=8.7684 latency_ms=81.3148
[2026-08-06T13:54:26] SAMPLE t=62s phase=Loss_spike adaptation=without_ML throughput_gbps=7.3063 latency_ms=76.097
[2026-08-06T13:54:27] SAMPLE t=63s phase=Loss_spike adaptation=without_ML throughput_gbps=4.8927 latency_ms=74.4154
[2026-08-06T13:54:28] SAMPLE t=64s phase=Loss_spike adaptation=without_ML throughput_gbps=4.1688 latency_ms=79.3894
[2026-08-06T13:54:29] SAMPLE t=65s phase=Loss_spike adaptation=without_ML throughput_gbps=6.2413 latency_ms=69.8541
[2026-08-06T13:54:30] SAMPLE t=66s phase=Loss_spike adaptation=without_ML throughput_gbps=8.2709 latency_ms=76.4031
[2026-08-06T13:54:31] SAMPLE t=67s phase=Loss_spike adaptation=without_ML throughput_gbps=7.2752 latency_ms=77.6558
[2026-08-06T13:54:32] SAMPLE t=68s phase=Loss_spike adaptation=without_ML throughput_gbps=4.8448 latency_ms=74.2449
[2026-08-06T13:54:33] SAMPLE t=69s phase=Loss_spike adaptation=without_ML throughput_gbps=4.1295 latency_ms=78.8081
[2026-08-06T13:54:34] SAMPLE t=70s phase=Loss_spike adaptation=without_ML throughput_gbps=6.2869 latency_ms=69.5304
[2026-08-06T13:54:35] SAMPLE t=71s phase=Loss_spike adaptation=without_ML throughput_gbps=8.6612 latency_ms=80.2537
[2026-08-06T13:54:36] SAMPLE t=72s phase=Loss_spike adaptation=without_ML throughput_gbps=8.1167 latency_ms=76.267
[2026-08-06T13:54:37] SAMPLE t=73s phase=Loss_spike adaptation=without_ML throughput_gbps=4.8158 latency_ms=72.8241
[2026-08-06T13:54:38] SAMPLE t=74s phase=Loss_spike adaptation=without_ML throughput_gbps=4.0676 latency_ms=78.664
[2026-08-06T13:54:39] SAMPLE t=75s phase=Loss_spike adaptation=without_ML throughput_gbps=6.3693 latency_ms=69.4826
[2026-08-06T13:54:40] SAMPLE t=76s phase=Loss_spike adaptation=without_ML throughput_gbps=8.2596 latency_ms=78.6567
[2026-08-06T13:54:41] SAMPLE t=77s phase=Loss_spike adaptation=without_ML throughput_gbps=7.5994 latency_ms=76.7755
[2026-08-06T13:54:42] SAMPLE t=78s phase=Loss_spike adaptation=without_ML throughput_gbps=4.8523 latency_ms=74.6385
[2026-08-06T13:54:43] SAMPLE t=79s phase=Loss_spike adaptation=without_ML throughput_gbps=4.0975 latency_ms=79.807
[2026-08-06T13:54:44] SAMPLE t=80s phase=Recovery adaptation=without_ML throughput_gbps=7.8542 latency_ms=65.2769
[2026-08-06T13:54:45] SAMPLE t=81s phase=Recovery adaptation=without_ML throughput_gbps=8.0217 latency_ms=66.5712
[2026-08-06T13:54:46] SAMPLE t=82s phase=Recovery adaptation=without_ML throughput_gbps=8.3691 latency_ms=65.8232
[2026-08-06T13:54:47] SAMPLE t=83s phase=Recovery adaptation=without_ML throughput_gbps=8.3753 latency_ms=66.5779
[2026-08-06T13:54:48] SAMPLE t=84s phase=Recovery adaptation=without_ML throughput_gbps=8.3598 latency_ms=66.2913
[2026-08-06T13:54:49] SAMPLE t=85s phase=Recovery adaptation=without_ML throughput_gbps=7.7111 latency_ms=67.9064
[2026-08-06T13:54:50] SAMPLE t=86s phase=Recovery adaptation=without_ML throughput_gbps=7.9314 latency_ms=66.4601
[2026-08-06T13:54:51] SAMPLE t=87s phase=Recovery adaptation=without_ML throughput_gbps=7.8337 latency_ms=64.6991
[2026-08-06T13:54:52] SAMPLE t=88s phase=Recovery adaptation=without_ML throughput_gbps=7.996 latency_ms=67.2497
[2026-08-06T13:54:53] SAMPLE t=89s phase=Recovery adaptation=without_ML throughput_gbps=7.7369 latency_ms=63.8412
[2026-08-06T13:54:54] SAMPLE t=90s phase=Recovery adaptation=without_ML throughput_gbps=7.8872 latency_ms=65.761
[2026-08-06T13:54:55] SAMPLE t=91s phase=Recovery adaptation=without_ML throughput_gbps=8.3976 latency_ms=67.8831
[2026-08-06T13:54:56] SAMPLE t=92s phase=Recovery adaptation=without_ML throughput_gbps=7.7296 latency_ms=65.0432
[2026-08-06T13:54:57] SAMPLE t=93s phase=Recovery adaptation=without_ML throughput_gbps=7.8166 latency_ms=65.7093
[2026-08-06T13:54:58] SAMPLE t=94s phase=Recovery adaptation=without_ML throughput_gbps=7.9983 latency_ms=66.7875
[2026-08-06T13:54:59] SAMPLE t=95s phase=Recovery adaptation=without_ML throughput_gbps=7.884 latency_ms=64.3517
[2026-08-06T13:55:00] SAMPLE t=96s phase=Recovery adaptation=without_ML throughput_gbps=7.4983 latency_ms=64.7026
[2026-08-06T13:55:01] SAMPLE t=97s phase=Recovery adaptation=without_ML throughput_gbps=7.8133 latency_ms=66.2961
[2026-08-06T13:55:02] SAMPLE t=98s phase=Recovery adaptation=without_ML throughput_gbps=7.7913 latency_ms=65.6883
[2026-08-06T13:55:03] SAMPLE t=99s phase=Recovery adaptation=without_ML throughput_gbps=7.6706 latency_ms=66.4554
[2026-08-06T13:53:24] TRACE_END run_id=28 status=OK
