[2026-08-15T23:09:20] TRACE_START run_id=108
[2026-08-15T23:09:20] SAMPLE t=0s phase=Stable adaptation=with_ML throughput_gbps=8.2278 latency_ms=66.0798
[2026-08-15T23:09:21] SAMPLE t=1s phase=Stable adaptation=with_ML throughput_gbps=8.0697 latency_ms=66.8073
[2026-08-15T23:09:22] SAMPLE t=2s phase=Stable adaptation=with_ML throughput_gbps=8.2309 latency_ms=66.4179
[2026-08-15T23:09:23] SAMPLE t=3s phase=Stable adaptation=with_ML throughput_gbps=8.5194 latency_ms=67.1196
[2026-08-15T23:09:24] SAMPLE t=4s phase=Stable adaptation=with_ML throughput_gbps=8.1148 latency_ms=67.4449
[2026-08-15T23:09:25] SAMPLE t=5s phase=Stable adaptation=with_ML throughput_gbps=8.1466 latency_ms=65.8444
[2026-08-15T23:09:26] SAMPLE t=6s phase=Stable adaptation=with_ML throughput_gbps=8.1733 latency_ms=66.5682
[2026-08-15T23:09:27] SAMPLE t=7s phase=Stable adaptation=with_ML throughput_gbps=7.8349 latency_ms=68.2166
[2026-08-15T23:09:28] SAMPLE t=8s phase=Stable adaptation=with_ML throughput_gbps=7.8776 latency_ms=67.6248
[2026-08-15T23:09:29] SAMPLE t=9s phase=Stable adaptation=with_ML throughput_gbps=7.8832 latency_ms=67.6336
[2026-08-15T23:09:30] SAMPLE t=10s phase=Stable adaptation=with_ML throughput_gbps=8.0784 latency_ms=67.4125
[2026-08-15T23:09:31] SAMPLE t=11s phase=Stable adaptation=with_ML throughput_gbps=8.4925 latency_ms=66.7841
[2026-08-15T23:09:32] SAMPLE t=12s phase=Stable adaptation=with_ML throughput_gbps=8.3985 latency_ms=67.0015
[2026-08-15T23:09:33] SAMPLE t=13s phase=Stable adaptation=with_ML throughput_gbps=8.0007 latency_ms=65.5957
[2026-08-15T23:09:34] SAMPLE t=14s phase=Stable adaptation=with_ML throughput_gbps=8.1958 latency_ms=66.9914
[2026-08-15T23:09:35] SAMPLE t=15s phase=Stable adaptation=with_ML throughput_gbps=7.8971 latency_ms=65.5074
[2026-08-15T23:09:36] SAMPLE t=16s phase=Stable adaptation=with_ML throughput_gbps=8.5574 latency_ms=69.3108
[2026-08-15T23:09:37] SAMPLE t=17s phase=Stable adaptation=with_ML throughput_gbps=7.868 latency_ms=68.1637
[2026-08-15T23:09:38] SAMPLE t=18s phase=Stable adaptation=with_ML throughput_gbps=7.6527 latency_ms=67.3625
[2026-08-15T23:09:39] SAMPLE t=19s phase=Stable adaptation=with_ML throughput_gbps=8.0904 latency_ms=65.8712
[2026-08-15T23:09:40] SAMPLE t=20s phase=Congestion adaptation=with_ML throughput_gbps=8.1747 latency_ms=65.3724
[2026-08-15T23:09:41] SAMPLE t=21s phase=Congestion adaptation=with_ML throughput_gbps=8.1374 latency_ms=65.6377
[2026-08-15T23:09:42] SAMPLE t=22s phase=Congestion adaptation=with_ML throughput_gbps=8.3144 latency_ms=66.1682
[2026-08-15T23:09:43] SAMPLE t=23s phase=Congestion adaptation=with_ML throughput_gbps=8.0347 latency_ms=66.666
[2026-08-15T23:09:44] SAMPLE t=24s phase=Congestion adaptation=with_ML throughput_gbps=8.3791 latency_ms=69.203
[2026-08-15T23:09:45] SAMPLE t=25s phase=Congestion adaptation=with_ML throughput_gbps=8.2459 latency_ms=66.0869
[2026-08-15T23:09:46] SAMPLE t=26s phase=Congestion adaptation=with_ML throughput_gbps=8.2308 latency_ms=67.0485
[2026-08-15T23:09:47] SAMPLE t=27s phase=Congestion adaptation=with_ML throughput_gbps=8.526 latency_ms=65.2989
[2026-08-15T23:09:48] SAMPLE t=28s phase=Congestion adaptation=with_ML throughput_gbps=7.8632 latency_ms=65.3983
[2026-08-15T23:09:49] SAMPLE t=29s phase=Congestion adaptation=with_ML throughput_gbps=8.019 latency_ms=67.9662
[2026-08-15T23:09:50] SAMPLE t=30s phase=Congestion adaptation=with_ML throughput_gbps=7.9202 latency_ms=66.6328
[2026-08-15T23:09:51] SAMPLE t=31s phase=Congestion adaptation=with_ML throughput_gbps=8.0171 latency_ms=65.8928
[2026-08-15T23:09:52] SAMPLE t=32s phase=Congestion adaptation=with_ML throughput_gbps=8.1848 latency_ms=67.5508
[2026-08-15T23:09:53] SAMPLE t=33s phase=Congestion adaptation=with_ML throughput_gbps=8.1197 latency_ms=69.7563
[2026-08-15T23:09:54] SAMPLE t=34s phase=Congestion adaptation=with_ML throughput_gbps=8.215 latency_ms=66.6129
[2026-08-15T23:09:55] SAMPLE t=35s phase=Congestion adaptation=with_ML throughput_gbps=8.1136 latency_ms=64.8558
[2026-08-15T23:09:56] SAMPLE t=36s phase=Congestion adaptation=with_ML throughput_gbps=8.2989 latency_ms=69.496
[2026-08-15T23:09:57] SAMPLE t=37s phase=Congestion adaptation=with_ML throughput_gbps=7.93 latency_ms=66.4048
[2026-08-15T23:09:58] SAMPLE t=38s phase=Congestion adaptation=with_ML throughput_gbps=7.5684 latency_ms=65.2688
[2026-08-15T23:09:59] SAMPLE t=39s phase=Congestion adaptation=with_ML throughput_gbps=7.8284 latency_ms=64.7244
[2026-08-15T23:10:00] SAMPLE t=40s phase=Path_change adaptation=with_ML throughput_gbps=8.7665 latency_ms=67.7146
[2026-08-15T23:10:01] SAMPLE t=41s phase=Path_change adaptation=with_ML throughput_gbps=7.9614 latency_ms=67.6203
[2026-08-15T23:10:02] SAMPLE t=42s phase=Path_change adaptation=with_ML throughput_gbps=7.4084 latency_ms=67.6057
[2026-08-15T23:10:03] SAMPLE t=43s phase=Path_change adaptation=with_ML throughput_gbps=7.6375 latency_ms=68.5195
[2026-08-15T23:10:04] SAMPLE t=44s phase=Path_change adaptation=with_ML throughput_gbps=7.5833 latency_ms=69.6076
[2026-08-15T23:10:05] SAMPLE t=45s phase=Path_change adaptation=with_ML throughput_gbps=7.5021 latency_ms=67.0369
[2026-08-15T23:10:06] SAMPLE t=46s phase=Path_change adaptation=with_ML throughput_gbps=7.5766 latency_ms=67.1923
[2026-08-15T23:10:07] SAMPLE t=47s phase=Path_change adaptation=with_ML throughput_gbps=7.2338 latency_ms=69.4653
[2026-08-15T23:10:08] SAMPLE t=48s phase=Path_change adaptation=with_ML throughput_gbps=7.1642 latency_ms=66.702
[2026-08-15T23:10:09] SAMPLE t=49s phase=Path_change adaptation=with_ML throughput_gbps=7.1907 latency_ms=69.2665
[2026-08-15T23:10:10] SAMPLE t=50s phase=Path_change adaptation=with_ML throughput_gbps=7.2366 latency_ms=68.9147
[2026-08-15T23:10:11] SAMPLE t=51s phase=Path_change adaptation=with_ML throughput_gbps=7.0859 latency_ms=68.978
[2026-08-15T23:10:12] SAMPLE t=52s phase=Path_change adaptation=with_ML throughput_gbps=7.0532 latency_ms=69.7176
[2026-08-15T23:10:13] SAMPLE t=53s phase=Path_change adaptation=with_ML throughput_gbps=7.3254 latency_ms=67.172
[2026-08-15T23:10:14] SAMPLE t=54s phase=Path_change adaptation=with_ML throughput_gbps=7.6179 latency_ms=70.4182
[2026-08-15T23:10:15] SAMPLE t=55s phase=Path_change adaptation=with_ML throughput_gbps=7.4804 latency_ms=67.9294
[2026-08-15T23:10:16] SAMPLE t=56s phase=Path_change adaptation=with_ML throughput_gbps=7.6817 latency_ms=68.4453
[2026-08-15T23:10:17] SAMPLE t=57s phase=Path_change adaptation=with_ML throughput_gbps=7.5294 latency_ms=66.4473
[2026-08-15T23:10:18] SAMPLE t=58s phase=Path_change adaptation=with_ML throughput_gbps=8.0242 latency_ms=68.1898
[2026-08-15T23:10:19] SAMPLE t=59s phase=Path_change adaptation=with_ML throughput_gbps=7.8516 latency_ms=64.9159
[2026-08-15T23:10:20] SAMPLE t=60s phase=Loss_spike adaptation=with_ML throughput_gbps=7.34 latency_ms=65.9961
[2026-08-15T23:10:21] SAMPLE t=61s phase=Loss_spike adaptation=with_ML throughput_gbps=8.407 latency_ms=71.768
[2026-08-15T23:10:22] SAMPLE t=62s phase=Loss_spike adaptation=with_ML throughput_gbps=8.069 latency_ms=70.5522
[2026-08-15T23:10:23] SAMPLE t=63s phase=Loss_spike adaptation=with_ML throughput_gbps=6.8162 latency_ms=69.2889
[2026-08-15T23:10:24] SAMPLE t=64s phase=Loss_spike adaptation=with_ML throughput_gbps=6.0658 latency_ms=70.3849
[2026-08-15T23:10:25] SAMPLE t=65s phase=Loss_spike adaptation=with_ML throughput_gbps=7.4146 latency_ms=66.6257
[2026-08-15T23:10:26] SAMPLE t=66s phase=Loss_spike adaptation=with_ML throughput_gbps=8.3819 latency_ms=68.4645
[2026-08-15T23:10:27] SAMPLE t=67s phase=Loss_spike adaptation=with_ML throughput_gbps=8.1523 latency_ms=68.9382
[2026-08-15T23:10:28] SAMPLE t=68s phase=Loss_spike adaptation=with_ML throughput_gbps=6.8392 latency_ms=68.3028
[2026-08-15T23:10:29] SAMPLE t=69s phase=Loss_spike adaptation=with_ML throughput_gbps=6.0583 latency_ms=70.6961
[2026-08-15T23:10:30] SAMPLE t=70s phase=Loss_spike adaptation=with_ML throughput_gbps=7.2601 latency_ms=69.4065
[2026-08-15T23:10:31] SAMPLE t=71s phase=Loss_spike adaptation=with_ML throughput_gbps=8.436 latency_ms=72.5196
[2026-08-15T23:10:32] SAMPLE t=72s phase=Loss_spike adaptation=with_ML throughput_gbps=8.0948 latency_ms=69.3375
[2026-08-15T23:10:33] SAMPLE t=73s phase=Loss_spike adaptation=with_ML throughput_gbps=6.8717 latency_ms=70.3792
[2026-08-15T23:10:34] SAMPLE t=74s phase=Loss_spike adaptation=with_ML throughput_gbps=6.3465 latency_ms=68.8335
[2026-08-15T23:10:35] SAMPLE t=75s phase=Loss_spike adaptation=with_ML throughput_gbps=7.3738 latency_ms=69.1888
[2026-08-15T23:10:36] SAMPLE t=76s phase=Loss_spike adaptation=with_ML throughput_gbps=8.3869 latency_ms=70.6046
[2026-08-15T23:10:37] SAMPLE t=77s phase=Loss_spike adaptation=with_ML throughput_gbps=7.9449 latency_ms=71.7474
[2026-08-15T23:10:38] SAMPLE t=78s phase=Loss_spike adaptation=with_ML throughput_gbps=6.7461 latency_ms=68.0863
[2026-08-15T23:10:39] SAMPLE t=79s phase=Loss_spike adaptation=with_ML throughput_gbps=6.3809 latency_ms=73.9262
[2026-08-15T23:10:40] SAMPLE t=80s phase=Recovery adaptation=with_ML throughput_gbps=8.0429 latency_ms=66.5152
[2026-08-15T23:10:41] SAMPLE t=81s phase=Recovery adaptation=with_ML throughput_gbps=8.198 latency_ms=66.6267
[2026-08-15T23:10:42] SAMPLE t=82s phase=Recovery adaptation=with_ML throughput_gbps=8.297 latency_ms=66.4568
[2026-08-15T23:10:43] SAMPLE t=83s phase=Recovery adaptation=with_ML throughput_gbps=8.3257 latency_ms=66.0346
[2026-08-15T23:10:44] SAMPLE t=84s phase=Recovery adaptation=with_ML throughput_gbps=8.388 latency_ms=66.3361
[2026-08-15T23:10:45] SAMPLE t=85s phase=Recovery adaptation=with_ML throughput_gbps=8.3516 latency_ms=63.9948
[2026-08-15T23:10:46] SAMPLE t=86s phase=Recovery adaptation=with_ML throughput_gbps=7.8511 latency_ms=65.2838
[2026-08-15T23:10:47] SAMPLE t=87s phase=Recovery adaptation=with_ML throughput_gbps=8.4408 latency_ms=64.8732
[2026-08-15T23:10:48] SAMPLE t=88s phase=Recovery adaptation=with_ML throughput_gbps=8.3287 latency_ms=66.4478
[2026-08-15T23:10:49] SAMPLE t=89s phase=Recovery adaptation=with_ML throughput_gbps=8.2047 latency_ms=65.2352
[2026-08-15T23:10:50] SAMPLE t=90s phase=Recovery adaptation=with_ML throughput_gbps=8.6004 latency_ms=66.3634
[2026-08-15T23:10:51] SAMPLE t=91s phase=Recovery adaptation=with_ML throughput_gbps=7.9486 latency_ms=65.6147
[2026-08-15T23:10:52] SAMPLE t=92s phase=Recovery adaptation=with_ML throughput_gbps=8.3978 latency_ms=64.8796
[2026-08-15T23:10:53] SAMPLE t=93s phase=Recovery adaptation=with_ML throughput_gbps=7.9139 latency_ms=64.5668
[2026-08-15T23:10:54] SAMPLE t=94s phase=Recovery adaptation=with_ML throughput_gbps=8.294 latency_ms=65.1514
[2026-08-15T23:10:55] SAMPLE t=95s phase=Recovery adaptation=with_ML throughput_gbps=8.1036 latency_ms=63.2149
[2026-08-15T23:10:56] SAMPLE t=96s phase=Recovery adaptation=with_ML throughput_gbps=8.2901 latency_ms=63.2101
[2026-08-15T23:10:57] SAMPLE t=97s phase=Recovery adaptation=with_ML throughput_gbps=7.9751 latency_ms=65.3813
[2026-08-15T23:10:58] SAMPLE t=98s phase=Recovery adaptation=with_ML throughput_gbps=8.6237 latency_ms=64.5049
[2026-08-15T23:10:59] SAMPLE t=99s phase=Recovery adaptation=with_ML throughput_gbps=8.1281 latency_ms=64.6382
[2026-08-15T23:09:20] SAMPLE t=0s phase=Stable adaptation=without_ML throughput_gbps=8.3386 latency_ms=66.014
[2026-08-15T23:09:21] SAMPLE t=1s phase=Stable adaptation=without_ML throughput_gbps=8.2311 latency_ms=65.575
[2026-08-15T23:09:22] SAMPLE t=2s phase=Stable adaptation=without_ML throughput_gbps=8.1068 latency_ms=65.1202
[2026-08-15T23:09:23] SAMPLE t=3s phase=Stable adaptation=without_ML throughput_gbps=8.0454 latency_ms=65.9135
[2026-08-15T23:09:24] SAMPLE t=4s phase=Stable adaptation=without_ML throughput_gbps=7.9096 latency_ms=64.5466
[2026-08-15T23:09:25] SAMPLE t=5s phase=Stable adaptation=without_ML throughput_gbps=8.0838 latency_ms=65.5849
[2026-08-15T23:09:26] SAMPLE t=6s phase=Stable adaptation=without_ML throughput_gbps=7.8527 latency_ms=66.2181
[2026-08-15T23:09:27] SAMPLE t=7s phase=Stable adaptation=without_ML throughput_gbps=7.9521 latency_ms=66.2708
[2026-08-15T23:09:28] SAMPLE t=8s phase=Stable adaptation=without_ML throughput_gbps=7.569 latency_ms=68.452
[2026-08-15T23:09:29] SAMPLE t=9s phase=Stable adaptation=without_ML throughput_gbps=7.7585 latency_ms=67.8983
[2026-08-15T23:09:30] SAMPLE t=10s phase=Stable adaptation=without_ML throughput_gbps=7.8137 latency_ms=65.8039
[2026-08-15T23:09:31] SAMPLE t=11s phase=Stable adaptation=without_ML throughput_gbps=8.4989 latency_ms=68.4887
[2026-08-15T23:09:32] SAMPLE t=12s phase=Stable adaptation=without_ML throughput_gbps=7.4979 latency_ms=65.5236
[2026-08-15T23:09:33] SAMPLE t=13s phase=Stable adaptation=without_ML throughput_gbps=8.4008 latency_ms=65.8899
[2026-08-15T23:09:34] SAMPLE t=14s phase=Stable adaptation=without_ML throughput_gbps=7.9575 latency_ms=65.8077
[2026-08-15T23:09:35] SAMPLE t=15s phase=Stable adaptation=without_ML throughput_gbps=8.5174 latency_ms=64.9473
[2026-08-15T23:09:36] SAMPLE t=16s phase=Stable adaptation=without_ML throughput_gbps=8.029 latency_ms=67.3
[2026-08-15T23:09:37] SAMPLE t=17s phase=Stable adaptation=without_ML throughput_gbps=8.0725 latency_ms=63.3165
[2026-08-15T23:09:38] SAMPLE t=18s phase=Stable adaptation=without_ML throughput_gbps=8.1663 latency_ms=66.8567
[2026-08-15T23:09:39] SAMPLE t=19s phase=Stable adaptation=without_ML throughput_gbps=8.0323 latency_ms=65.6124
[2026-08-15T23:09:40] SAMPLE t=20s phase=Congestion adaptation=without_ML throughput_gbps=8.0504 latency_ms=65.1524
[2026-08-15T23:09:41] SAMPLE t=21s phase=Congestion adaptation=without_ML throughput_gbps=7.9776 latency_ms=65.8767
[2026-08-15T23:09:42] SAMPLE t=22s phase=Congestion adaptation=without_ML throughput_gbps=8.0761 latency_ms=66.5426
[2026-08-15T23:09:43] SAMPLE t=23s phase=Congestion adaptation=without_ML throughput_gbps=8.2042 latency_ms=64.7913
[2026-08-15T23:09:44] SAMPLE t=24s phase=Congestion adaptation=without_ML throughput_gbps=8.2152 latency_ms=67.7099
[2026-08-15T23:09:45] SAMPLE t=25s phase=Congestion adaptation=without_ML throughput_gbps=8.1002 latency_ms=68.0265
[2026-08-15T23:09:46] SAMPLE t=26s phase=Congestion adaptation=without_ML throughput_gbps=7.983 latency_ms=63.7568
[2026-08-15T23:09:47] SAMPLE t=27s phase=Congestion adaptation=without_ML throughput_gbps=8.2169 latency_ms=67.3932
[2026-08-15T23:09:48] SAMPLE t=28s phase=Congestion adaptation=without_ML throughput_gbps=8.1105 latency_ms=66.8713
[2026-08-15T23:09:49] SAMPLE t=29s phase=Congestion adaptation=without_ML throughput_gbps=8.094 latency_ms=63.0937
[2026-08-15T23:09:50] SAMPLE t=30s phase=Congestion adaptation=without_ML throughput_gbps=8.0243 latency_ms=65.0657
[2026-08-15T23:09:51] SAMPLE t=31s phase=Congestion adaptation=without_ML throughput_gbps=8.216 latency_ms=66.8845
[2026-08-15T23:09:52] SAMPLE t=32s phase=Congestion adaptation=without_ML throughput_gbps=7.6782 latency_ms=65.3671
[2026-08-15T23:09:53] SAMPLE t=33s phase=Congestion adaptation=without_ML throughput_gbps=7.9037 latency_ms=64.7728
[2026-08-15T23:09:54] SAMPLE t=34s phase=Congestion adaptation=without_ML throughput_gbps=7.715 latency_ms=65.7787
[2026-08-15T23:09:55] SAMPLE t=35s phase=Congestion adaptation=without_ML throughput_gbps=8.4152 latency_ms=66.0133
[2026-08-15T23:09:56] SAMPLE t=36s phase=Congestion adaptation=without_ML throughput_gbps=7.9357 latency_ms=64.976
[2026-08-15T23:09:57] SAMPLE t=37s phase=Congestion adaptation=without_ML throughput_gbps=7.945 latency_ms=66.1198
[2026-08-15T23:09:58] SAMPLE t=38s phase=Congestion adaptation=without_ML throughput_gbps=7.8089 latency_ms=65.3925
[2026-08-15T23:09:59] SAMPLE t=39s phase=Congestion adaptation=without_ML throughput_gbps=7.8553 latency_ms=67.0322
[2026-08-15T23:10:00] SAMPLE t=40s phase=Path_change adaptation=without_ML throughput_gbps=8.0419 latency_ms=65.2524
[2026-08-15T23:10:01] SAMPLE t=41s phase=Path_change adaptation=without_ML throughput_gbps=7.5913 latency_ms=65.9617
[2026-08-15T23:10:02] SAMPLE t=42s phase=Path_change adaptation=without_ML throughput_gbps=7.4541 latency_ms=69.1918
[2026-08-15T23:10:03] SAMPLE t=43s phase=Path_change adaptation=without_ML throughput_gbps=6.6302 latency_ms=69.3726
[2026-08-15T23:10:04] SAMPLE t=44s phase=Path_change adaptation=without_ML throughput_gbps=6.7949 latency_ms=70.267
[2026-08-15T23:10:05] SAMPLE t=45s phase=Path_change adaptation=without_ML throughput_gbps=6.6556 latency_ms=69.4539
[2026-08-15T23:10:06] SAMPLE t=46s phase=Path_change adaptation=without_ML throughput_gbps=6.3288 latency_ms=71.3923
[2026-08-15T23:10:07] SAMPLE t=47s phase=Path_change adaptation=without_ML throughput_gbps=6.2275 latency_ms=71.5194
[2026-08-15T23:10:08] SAMPLE t=48s phase=Path_change adaptation=without_ML throughput_gbps=5.9897 latency_ms=71.9282
[2026-08-15T23:10:09] SAMPLE t=49s phase=Path_change adaptation=without_ML throughput_gbps=5.8832 latency_ms=73.255
[2026-08-15T23:10:10] SAMPLE t=50s phase=Path_change adaptation=without_ML throughput_gbps=5.9137 latency_ms=69.6968
[2026-08-15T23:10:11] SAMPLE t=51s phase=Path_change adaptation=without_ML throughput_gbps=5.7253 latency_ms=70.0453
[2026-08-15T23:10:12] SAMPLE t=52s phase=Path_change adaptation=without_ML throughput_gbps=5.7359 latency_ms=77.0086
[2026-08-15T23:10:13] SAMPLE t=53s phase=Path_change adaptation=without_ML throughput_gbps=5.7022 latency_ms=69.2957
[2026-08-15T23:10:14] SAMPLE t=54s phase=Path_change adaptation=without_ML throughput_gbps=5.9642 latency_ms=72.9489
[2026-08-15T23:10:15] SAMPLE t=55s phase=Path_change adaptation=without_ML throughput_gbps=6.0253 latency_ms=68.1681
[2026-08-15T23:10:16] SAMPLE t=56s phase=Path_change adaptation=without_ML throughput_gbps=6.6355 latency_ms=71.2686
[2026-08-15T23:10:17] SAMPLE t=57s phase=Path_change adaptation=without_ML throughput_gbps=6.6931 latency_ms=68.4839
[2026-08-15T23:10:18] SAMPLE t=58s phase=Path_change adaptation=without_ML throughput_gbps=7.7682 latency_ms=66.7565
[2026-08-15T23:10:19] SAMPLE t=59s phase=Path_change adaptation=without_ML throughput_gbps=7.517 latency_ms=66.1277
[2026-08-15T23:10:20] SAMPLE t=60s phase=Loss_spike adaptation=without_ML throughput_gbps=6.1615 latency_ms=71.0587
[2026-08-15T23:10:21] SAMPLE t=61s phase=Loss_spike adaptation=without_ML throughput_gbps=8.4502 latency_ms=80.3208
[2026-08-15T23:10:22] SAMPLE t=62s phase=Loss_spike adaptation=without_ML throughput_gbps=7.4973 latency_ms=74.4492
[2026-08-15T23:10:23] SAMPLE t=63s phase=Loss_spike adaptation=without_ML throughput_gbps=4.5881 latency_ms=77.1109
[2026-08-15T23:10:24] SAMPLE t=64s phase=Loss_spike adaptation=without_ML throughput_gbps=3.8674 latency_ms=78.556
[2026-08-15T23:10:25] SAMPLE t=65s phase=Loss_spike adaptation=without_ML throughput_gbps=6.0447 latency_ms=69.054
[2026-08-15T23:10:26] SAMPLE t=66s phase=Loss_spike adaptation=without_ML throughput_gbps=8.649 latency_ms=80.9428
[2026-08-15T23:10:27] SAMPLE t=67s phase=Loss_spike adaptation=without_ML throughput_gbps=7.5187 latency_ms=79.135
[2026-08-15T23:10:28] SAMPLE t=68s phase=Loss_spike adaptation=without_ML throughput_gbps=4.8261 latency_ms=75.2727
[2026-08-15T23:10:29] SAMPLE t=69s phase=Loss_spike adaptation=without_ML throughput_gbps=3.9143 latency_ms=79.8693
[2026-08-15T23:10:30] SAMPLE t=70s phase=Loss_spike adaptation=without_ML throughput_gbps=5.8438 latency_ms=70.2178
[2026-08-15T23:10:31] SAMPLE t=71s phase=Loss_spike adaptation=without_ML throughput_gbps=8.3835 latency_ms=76.8777
[2026-08-15T23:10:32] SAMPLE t=72s phase=Loss_spike adaptation=without_ML throughput_gbps=7.5231 latency_ms=76.2182
[2026-08-15T23:10:33] SAMPLE t=73s phase=Loss_spike adaptation=without_ML throughput_gbps=4.8471 latency_ms=73.7995
[2026-08-15T23:10:34] SAMPLE t=74s phase=Loss_spike adaptation=without_ML throughput_gbps=3.8751 latency_ms=78.2796
[2026-08-15T23:10:35] SAMPLE t=75s phase=Loss_spike adaptation=without_ML throughput_gbps=5.9459 latency_ms=67.8298
[2026-08-15T23:10:36] SAMPLE t=76s phase=Loss_spike adaptation=without_ML throughput_gbps=8.0611 latency_ms=76.9237
[2026-08-15T23:10:37] SAMPLE t=77s phase=Loss_spike adaptation=without_ML throughput_gbps=7.3413 latency_ms=75.5917
[2026-08-15T23:10:38] SAMPLE t=78s phase=Loss_spike adaptation=without_ML throughput_gbps=4.8374 latency_ms=75.8178
[2026-08-15T23:10:39] SAMPLE t=79s phase=Loss_spike adaptation=without_ML throughput_gbps=4.0941 latency_ms=77.1486
[2026-08-15T23:10:40] SAMPLE t=80s phase=Recovery adaptation=without_ML throughput_gbps=7.8663 latency_ms=67.3879
[2026-08-15T23:10:41] SAMPLE t=81s phase=Recovery adaptation=without_ML throughput_gbps=7.9642 latency_ms=66.6106
[2026-08-15T23:10:42] SAMPLE t=82s phase=Recovery adaptation=without_ML throughput_gbps=8.1309 latency_ms=67.9042
[2026-08-15T23:10:43] SAMPLE t=83s phase=Recovery adaptation=without_ML throughput_gbps=7.6985 latency_ms=67.4524
[2026-08-15T23:10:44] SAMPLE t=84s phase=Recovery adaptation=without_ML throughput_gbps=7.9549 latency_ms=64.7354
[2026-08-15T23:10:45] SAMPLE t=85s phase=Recovery adaptation=without_ML throughput_gbps=7.8068 latency_ms=65.0639
[2026-08-15T23:10:46] SAMPLE t=86s phase=Recovery adaptation=without_ML throughput_gbps=7.8905 latency_ms=64.2736
[2026-08-15T23:10:47] SAMPLE t=87s phase=Recovery adaptation=without_ML throughput_gbps=8.1903 latency_ms=67.6944
[2026-08-15T23:10:48] SAMPLE t=88s phase=Recovery adaptation=without_ML throughput_gbps=8.2762 latency_ms=64.2859
[2026-08-15T23:10:49] SAMPLE t=89s phase=Recovery adaptation=without_ML throughput_gbps=7.4547 latency_ms=66.6191
[2026-08-15T23:10:50] SAMPLE t=90s phase=Recovery adaptation=without_ML throughput_gbps=7.9608 latency_ms=63.7221
[2026-08-15T23:10:51] SAMPLE t=91s phase=Recovery adaptation=without_ML throughput_gbps=8.1091 latency_ms=66.8955
[2026-08-15T23:10:52] SAMPLE t=92s phase=Recovery adaptation=without_ML throughput_gbps=8.1084 latency_ms=65.5326
[2026-08-15T23:10:53] SAMPLE t=93s phase=Recovery adaptation=without_ML throughput_gbps=7.8644 latency_ms=68.3783
[2026-08-15T23:10:54] SAMPLE t=94s phase=Recovery adaptation=without_ML throughput_gbps=7.8817 latency_ms=66.4044
[2026-08-15T23:10:55] SAMPLE t=95s phase=Recovery adaptation=without_ML throughput_gbps=8.1019 latency_ms=65.8302
[2026-08-15T23:10:56] SAMPLE t=96s phase=Recovery adaptation=without_ML throughput_gbps=8.5077 latency_ms=66.3173
[2026-08-15T23:10:57] SAMPLE t=97s phase=Recovery adaptation=without_ML throughput_gbps=7.4041 latency_ms=64.872
[2026-08-15T23:10:58] SAMPLE t=98s phase=Recovery adaptation=without_ML throughput_gbps=8.1002 latency_ms=65.8692
[2026-08-15T23:10:59] SAMPLE t=99s phase=Recovery adaptation=without_ML throughput_gbps=7.6742 latency_ms=65.2061
[2026-08-15T23:09:20] TRACE_END run_id=108 status=OK
[2026-08-15T23:14:56] TRACE_START run_id=109
[2026-08-15T23:14:56] SAMPLE t=0s phase=Stable adaptation=with_ML throughput_gbps=8.2509 latency_ms=66.5964
[2026-08-15T23:14:57] SAMPLE t=1s phase=Stable adaptation=with_ML throughput_gbps=8.2431 latency_ms=65.977
[2026-08-15T23:14:58] SAMPLE t=2s phase=Stable adaptation=with_ML throughput_gbps=8.229 latency_ms=68.174
[2026-08-15T23:14:59] SAMPLE t=3s phase=Stable adaptation=with_ML throughput_gbps=8.1757 latency_ms=65.6685
[2026-08-15T23:15:00] SAMPLE t=4s phase=Stable adaptation=with_ML throughput_gbps=7.9314 latency_ms=66.2905
[2026-08-15T23:15:01] SAMPLE t=5s phase=Stable adaptation=with_ML throughput_gbps=8.2521 latency_ms=66.7207
[2026-08-15T23:15:02] SAMPLE t=6s phase=Stable adaptation=with_ML throughput_gbps=7.8916 latency_ms=67.2863
[2026-08-15T23:15:03] SAMPLE t=7s phase=Stable adaptation=with_ML throughput_gbps=8.2169 latency_ms=63.9377
[2026-08-15T23:15:04] SAMPLE t=8s phase=Stable adaptation=with_ML throughput_gbps=8.15 latency_ms=65.5386
[2026-08-15T23:15:05] SAMPLE t=9s phase=Stable adaptation=with_ML throughput_gbps=7.521 latency_ms=66.6211
[2026-08-15T23:15:06] SAMPLE t=10s phase=Stable adaptation=with_ML throughput_gbps=8.1045 latency_ms=65.9489
[2026-08-15T23:15:07] SAMPLE t=11s phase=Stable adaptation=with_ML throughput_gbps=7.9764 latency_ms=67.8918
[2026-08-15T23:15:08] SAMPLE t=12s phase=Stable adaptation=with_ML throughput_gbps=7.8478 latency_ms=67.6863
[2026-08-15T23:15:09] SAMPLE t=13s phase=Stable adaptation=with_ML throughput_gbps=8.3641 latency_ms=67.4881
[2026-08-15T23:15:10] SAMPLE t=14s phase=Stable adaptation=with_ML throughput_gbps=8.1105 latency_ms=66.4944
[2026-08-15T23:15:11] SAMPLE t=15s phase=Stable adaptation=with_ML throughput_gbps=8.3644 latency_ms=66.2704
[2026-08-15T23:15:12] SAMPLE t=16s phase=Stable adaptation=with_ML throughput_gbps=7.9311 latency_ms=67.5348
[2026-08-15T23:15:13] SAMPLE t=17s phase=Stable adaptation=with_ML throughput_gbps=7.8152 latency_ms=67.2372
[2026-08-15T23:15:14] SAMPLE t=18s phase=Stable adaptation=with_ML throughput_gbps=7.9085 latency_ms=66.7701
[2026-08-15T23:15:15] SAMPLE t=19s phase=Stable adaptation=with_ML throughput_gbps=8.4265 latency_ms=66.1668
[2026-08-15T23:15:16] SAMPLE t=20s phase=Congestion adaptation=with_ML throughput_gbps=8.0732 latency_ms=65.9598
[2026-08-15T23:15:17] SAMPLE t=21s phase=Congestion adaptation=with_ML throughput_gbps=8.6941 latency_ms=66.6161
[2026-08-15T23:15:18] SAMPLE t=22s phase=Congestion adaptation=with_ML throughput_gbps=8.4313 latency_ms=67.508
[2026-08-15T23:15:19] SAMPLE t=23s phase=Congestion adaptation=with_ML throughput_gbps=7.9921 latency_ms=66.6933
[2026-08-15T23:15:20] SAMPLE t=24s phase=Congestion adaptation=with_ML throughput_gbps=8.1784 latency_ms=67.306
[2026-08-15T23:15:21] SAMPLE t=25s phase=Congestion adaptation=with_ML throughput_gbps=8.0678 latency_ms=66.1514
[2026-08-15T23:15:22] SAMPLE t=26s phase=Congestion adaptation=with_ML throughput_gbps=7.8905 latency_ms=67.4374
[2026-08-15T23:15:23] SAMPLE t=27s phase=Congestion adaptation=with_ML throughput_gbps=8.0267 latency_ms=66.1611
[2026-08-15T23:15:24] SAMPLE t=28s phase=Congestion adaptation=with_ML throughput_gbps=7.9206 latency_ms=67.9055
[2026-08-15T23:15:25] SAMPLE t=29s phase=Congestion adaptation=with_ML throughput_gbps=7.9547 latency_ms=65.7987
[2026-08-15T23:15:26] SAMPLE t=30s phase=Congestion adaptation=with_ML throughput_gbps=8.4278 latency_ms=65.9699
[2026-08-15T23:15:27] SAMPLE t=31s phase=Congestion adaptation=with_ML throughput_gbps=7.8811 latency_ms=65.1613
[2026-08-15T23:15:28] SAMPLE t=32s phase=Congestion adaptation=with_ML throughput_gbps=8.0716 latency_ms=66.9805
[2026-08-15T23:15:29] SAMPLE t=33s phase=Congestion adaptation=with_ML throughput_gbps=8.4384 latency_ms=66.4013
[2026-08-15T23:15:30] SAMPLE t=34s phase=Congestion adaptation=with_ML throughput_gbps=7.9638 latency_ms=67.0839
[2026-08-15T23:15:31] SAMPLE t=35s phase=Congestion adaptation=with_ML throughput_gbps=7.8705 latency_ms=66.4242
[2026-08-15T23:15:32] SAMPLE t=36s phase=Congestion adaptation=with_ML throughput_gbps=8.0872 latency_ms=66.7507
[2026-08-15T23:15:33] SAMPLE t=37s phase=Congestion adaptation=with_ML throughput_gbps=7.9522 latency_ms=67.4292
[2026-08-15T23:15:34] SAMPLE t=38s phase=Congestion adaptation=with_ML throughput_gbps=8.2402 latency_ms=65.9941
[2026-08-15T23:15:35] SAMPLE t=39s phase=Congestion adaptation=with_ML throughput_gbps=7.6256 latency_ms=67.2352
[2026-08-15T23:15:36] SAMPLE t=40s phase=Path_change adaptation=with_ML throughput_gbps=8.0786 latency_ms=66.262
[2026-08-15T23:15:37] SAMPLE t=41s phase=Path_change adaptation=with_ML throughput_gbps=7.6161 latency_ms=69.2825
[2026-08-15T23:15:38] SAMPLE t=42s phase=Path_change adaptation=with_ML throughput_gbps=7.7307 latency_ms=66.9787
[2026-08-15T23:15:39] SAMPLE t=43s phase=Path_change adaptation=with_ML throughput_gbps=7.4165 latency_ms=67.0566
[2026-08-15T23:15:40] SAMPLE t=44s phase=Path_change adaptation=with_ML throughput_gbps=7.7063 latency_ms=65.9522
[2026-08-15T23:15:41] SAMPLE t=45s phase=Path_change adaptation=with_ML throughput_gbps=7.3897 latency_ms=66.4841
[2026-08-15T23:15:42] SAMPLE t=46s phase=Path_change adaptation=with_ML throughput_gbps=7.5411 latency_ms=70.3843
[2026-08-15T23:15:43] SAMPLE t=47s phase=Path_change adaptation=with_ML throughput_gbps=7.0986 latency_ms=68.0887
[2026-08-15T23:15:44] SAMPLE t=48s phase=Path_change adaptation=with_ML throughput_gbps=7.1782 latency_ms=67.7021
[2026-08-15T23:15:45] SAMPLE t=49s phase=Path_change adaptation=with_ML throughput_gbps=7.4689 latency_ms=67.6691
[2026-08-15T23:15:46] SAMPLE t=50s phase=Path_change adaptation=with_ML throughput_gbps=7.0084 latency_ms=68.4598
[2026-08-15T23:15:47] SAMPLE t=51s phase=Path_change adaptation=with_ML throughput_gbps=7.3342 latency_ms=67.694
[2026-08-15T23:15:48] SAMPLE t=52s phase=Path_change adaptation=with_ML throughput_gbps=7.1956 latency_ms=67.041
[2026-08-15T23:15:49] SAMPLE t=53s phase=Path_change adaptation=with_ML throughput_gbps=7.2446 latency_ms=68.1714
[2026-08-15T23:15:50] SAMPLE t=54s phase=Path_change adaptation=with_ML throughput_gbps=7.3468 latency_ms=67.8742
[2026-08-15T23:15:51] SAMPLE t=55s phase=Path_change adaptation=with_ML throughput_gbps=7.7091 latency_ms=68.405
[2026-08-15T23:15:52] SAMPLE t=56s phase=Path_change adaptation=with_ML throughput_gbps=7.4979 latency_ms=67.4485
[2026-08-15T23:15:53] SAMPLE t=57s phase=Path_change adaptation=with_ML throughput_gbps=7.8757 latency_ms=67.9098
[2026-08-15T23:15:54] SAMPLE t=58s phase=Path_change adaptation=with_ML throughput_gbps=7.8546 latency_ms=66.7613
[2026-08-15T23:15:55] SAMPLE t=59s phase=Path_change adaptation=with_ML throughput_gbps=7.6123 latency_ms=66.5927
[2026-08-15T23:15:56] SAMPLE t=60s phase=Loss_spike adaptation=with_ML throughput_gbps=7.5905 latency_ms=69.1426
[2026-08-15T23:15:57] SAMPLE t=61s phase=Loss_spike adaptation=with_ML throughput_gbps=8.2906 latency_ms=69.6377
[2026-08-15T23:15:58] SAMPLE t=62s phase=Loss_spike adaptation=with_ML throughput_gbps=7.9293 latency_ms=69.313
[2026-08-15T23:15:59] SAMPLE t=63s phase=Loss_spike adaptation=with_ML throughput_gbps=6.5523 latency_ms=71.2124
[2026-08-15T23:16:00] SAMPLE t=64s phase=Loss_spike adaptation=with_ML throughput_gbps=6.4092 latency_ms=71.3188
[2026-08-15T23:16:01] SAMPLE t=65s phase=Loss_spike adaptation=with_ML throughput_gbps=7.2844 latency_ms=69.1004
[2026-08-15T23:16:02] SAMPLE t=66s phase=Loss_spike adaptation=with_ML throughput_gbps=8.6168 latency_ms=71.0204
[2026-08-15T23:16:03] SAMPLE t=67s phase=Loss_spike adaptation=with_ML throughput_gbps=7.7445 latency_ms=67.2933
[2026-08-15T23:16:04] SAMPLE t=68s phase=Loss_spike adaptation=with_ML throughput_gbps=6.8338 latency_ms=67.9725
[2026-08-15T23:16:05] SAMPLE t=69s phase=Loss_spike adaptation=with_ML throughput_gbps=6.2751 latency_ms=70.579
[2026-08-15T23:16:06] SAMPLE t=70s phase=Loss_spike adaptation=with_ML throughput_gbps=7.4007 latency_ms=68.1063
[2026-08-15T23:16:07] SAMPLE t=71s phase=Loss_spike adaptation=with_ML throughput_gbps=8.4365 latency_ms=71.3268
[2026-08-15T23:16:08] SAMPLE t=72s phase=Loss_spike adaptation=with_ML throughput_gbps=8.0962 latency_ms=72.5468
[2026-08-15T23:16:09] SAMPLE t=73s phase=Loss_spike adaptation=with_ML throughput_gbps=6.358 latency_ms=69.2197
[2026-08-15T23:16:10] SAMPLE t=74s phase=Loss_spike adaptation=with_ML throughput_gbps=6.252 latency_ms=71.494
[2026-08-15T23:16:11] SAMPLE t=75s phase=Loss_spike adaptation=with_ML throughput_gbps=6.9606 latency_ms=69.4864
[2026-08-15T23:16:12] SAMPLE t=76s phase=Loss_spike adaptation=with_ML throughput_gbps=8.4372 latency_ms=70.7565
[2026-08-15T23:16:13] SAMPLE t=77s phase=Loss_spike adaptation=with_ML throughput_gbps=7.6109 latency_ms=67.702
[2026-08-15T23:16:14] SAMPLE t=78s phase=Loss_spike adaptation=with_ML throughput_gbps=6.505 latency_ms=70.3051
[2026-08-15T23:16:15] SAMPLE t=79s phase=Loss_spike adaptation=with_ML throughput_gbps=6.0486 latency_ms=69.1099
[2026-08-15T23:16:16] SAMPLE t=80s phase=Recovery adaptation=with_ML throughput_gbps=8.086 latency_ms=65.4927
[2026-08-15T23:16:17] SAMPLE t=81s phase=Recovery adaptation=with_ML throughput_gbps=7.9097 latency_ms=65.763
[2026-08-15T23:16:18] SAMPLE t=82s phase=Recovery adaptation=with_ML throughput_gbps=8.6286 latency_ms=67.0878
[2026-08-15T23:16:19] SAMPLE t=83s phase=Recovery adaptation=with_ML throughput_gbps=8.1017 latency_ms=67.8199
[2026-08-15T23:16:20] SAMPLE t=84s phase=Recovery adaptation=with_ML throughput_gbps=7.9571 latency_ms=63.7692
[2026-08-15T23:16:21] SAMPLE t=85s phase=Recovery adaptation=with_ML throughput_gbps=8.391 latency_ms=66.4582
[2026-08-15T23:16:22] SAMPLE t=86s phase=Recovery adaptation=with_ML throughput_gbps=7.9784 latency_ms=63.8014
[2026-08-15T23:16:23] SAMPLE t=87s phase=Recovery adaptation=with_ML throughput_gbps=8.4813 latency_ms=66.1533
[2026-08-15T23:16:24] SAMPLE t=88s phase=Recovery adaptation=with_ML throughput_gbps=8.3695 latency_ms=67.0641
[2026-08-15T23:16:25] SAMPLE t=89s phase=Recovery adaptation=with_ML throughput_gbps=8.1825 latency_ms=67.1285
[2026-08-15T23:16:26] SAMPLE t=90s phase=Recovery adaptation=with_ML throughput_gbps=7.7808 latency_ms=64.7827
[2026-08-15T23:16:27] SAMPLE t=91s phase=Recovery adaptation=with_ML throughput_gbps=8.2477 latency_ms=64.0328
[2026-08-15T23:16:28] SAMPLE t=92s phase=Recovery adaptation=with_ML throughput_gbps=8.3676 latency_ms=65.1351
[2026-08-15T23:16:29] SAMPLE t=93s phase=Recovery adaptation=with_ML throughput_gbps=8.1464 latency_ms=64.8857
[2026-08-15T23:16:30] SAMPLE t=94s phase=Recovery adaptation=with_ML throughput_gbps=8.6226 latency_ms=63.6647
[2026-08-15T23:16:31] SAMPLE t=95s phase=Recovery adaptation=with_ML throughput_gbps=8.3942 latency_ms=64.0989
[2026-08-15T23:16:32] SAMPLE t=96s phase=Recovery adaptation=with_ML throughput_gbps=8.7072 latency_ms=64.7711
[2026-08-15T23:16:33] SAMPLE t=97s phase=Recovery adaptation=with_ML throughput_gbps=8.7042 latency_ms=65.6881
[2026-08-15T23:16:34] SAMPLE t=98s phase=Recovery adaptation=with_ML throughput_gbps=8.0378 latency_ms=65.4015
[2026-08-15T23:16:35] SAMPLE t=99s phase=Recovery adaptation=with_ML throughput_gbps=8.516 latency_ms=64.8615
[2026-08-15T23:14:56] SAMPLE t=0s phase=Stable adaptation=without_ML throughput_gbps=7.7853 latency_ms=66.0174
[2026-08-15T23:14:57] SAMPLE t=1s phase=Stable adaptation=without_ML throughput_gbps=8.306 latency_ms=65.6342
[2026-08-15T23:14:58] SAMPLE t=2s phase=Stable adaptation=without_ML throughput_gbps=8.4189 latency_ms=66.6484
[2026-08-15T23:14:59] SAMPLE t=3s phase=Stable adaptation=without_ML throughput_gbps=7.7915 latency_ms=66.5157
[2026-08-15T23:15:00] SAMPLE t=4s phase=Stable adaptation=without_ML throughput_gbps=8.2206 latency_ms=66.2071
[2026-08-15T23:15:01] SAMPLE t=5s phase=Stable adaptation=without_ML throughput_gbps=7.7853 latency_ms=67.2696
[2026-08-15T23:15:02] SAMPLE t=6s phase=Stable adaptation=without_ML throughput_gbps=7.883 latency_ms=65.7183
[2026-08-15T23:15:03] SAMPLE t=7s phase=Stable adaptation=without_ML throughput_gbps=8.0672 latency_ms=66.9629
[2026-08-15T23:15:04] SAMPLE t=8s phase=Stable adaptation=without_ML throughput_gbps=8.2063 latency_ms=67.4429
[2026-08-15T23:15:05] SAMPLE t=9s phase=Stable adaptation=without_ML throughput_gbps=8.4394 latency_ms=65.9709
[2026-08-15T23:15:06] SAMPLE t=10s phase=Stable adaptation=without_ML throughput_gbps=7.9604 latency_ms=65.4734
[2026-08-15T23:15:07] SAMPLE t=11s phase=Stable adaptation=without_ML throughput_gbps=8.2456 latency_ms=67.1567
[2026-08-15T23:15:08] SAMPLE t=12s phase=Stable adaptation=without_ML throughput_gbps=7.9722 latency_ms=66.0617
[2026-08-15T23:15:09] SAMPLE t=13s phase=Stable adaptation=without_ML throughput_gbps=7.8061 latency_ms=66.5945
[2026-08-15T23:15:10] SAMPLE t=14s phase=Stable adaptation=without_ML throughput_gbps=7.9277 latency_ms=65.5915
[2026-08-15T23:15:11] SAMPLE t=15s phase=Stable adaptation=without_ML throughput_gbps=8.0355 latency_ms=64.257
[2026-08-15T23:15:12] SAMPLE t=16s phase=Stable adaptation=without_ML throughput_gbps=7.8834 latency_ms=65.8538
[2026-08-15T23:15:13] SAMPLE t=17s phase=Stable adaptation=without_ML throughput_gbps=8.2583 latency_ms=64.0968
[2026-08-15T23:15:14] SAMPLE t=18s phase=Stable adaptation=without_ML throughput_gbps=7.8668 latency_ms=63.0804
[2026-08-15T23:15:15] SAMPLE t=19s phase=Stable adaptation=without_ML throughput_gbps=7.8827 latency_ms=68.1236
[2026-08-15T23:15:16] SAMPLE t=20s phase=Congestion adaptation=without_ML throughput_gbps=7.8916 latency_ms=66.1951
[2026-08-15T23:15:17] SAMPLE t=21s phase=Congestion adaptation=without_ML throughput_gbps=8.6409 latency_ms=65.0161
[2026-08-15T23:15:18] SAMPLE t=22s phase=Congestion adaptation=without_ML throughput_gbps=8.2011 latency_ms=65.9696
[2026-08-15T23:15:19] SAMPLE t=23s phase=Congestion adaptation=without_ML throughput_gbps=8.1789 latency_ms=65.8974
[2026-08-15T23:15:20] SAMPLE t=24s phase=Congestion adaptation=without_ML throughput_gbps=8.0465 latency_ms=67.0216
[2026-08-15T23:15:21] SAMPLE t=25s phase=Congestion adaptation=without_ML throughput_gbps=8.2767 latency_ms=63.7369
[2026-08-15T23:15:22] SAMPLE t=26s phase=Congestion adaptation=without_ML throughput_gbps=8.2659 latency_ms=66.4648
[2026-08-15T23:15:23] SAMPLE t=27s phase=Congestion adaptation=without_ML throughput_gbps=8.1473 latency_ms=66.0095
[2026-08-15T23:15:24] SAMPLE t=28s phase=Congestion adaptation=without_ML throughput_gbps=7.804 latency_ms=65.183
[2026-08-15T23:15:25] SAMPLE t=29s phase=Congestion adaptation=without_ML throughput_gbps=7.8818 latency_ms=64.2349
[2026-08-15T23:15:26] SAMPLE t=30s phase=Congestion adaptation=without_ML throughput_gbps=8.2519 latency_ms=64.2391
[2026-08-15T23:15:27] SAMPLE t=31s phase=Congestion adaptation=without_ML throughput_gbps=7.9667 latency_ms=61.637
[2026-08-15T23:15:28] SAMPLE t=32s phase=Congestion adaptation=without_ML throughput_gbps=8.2361 latency_ms=68.3073
[2026-08-15T23:15:29] SAMPLE t=33s phase=Congestion adaptation=without_ML throughput_gbps=7.7555 latency_ms=67.0145
[2026-08-15T23:15:30] SAMPLE t=34s phase=Congestion adaptation=without_ML throughput_gbps=7.955 latency_ms=65.8729
[2026-08-15T23:15:31] SAMPLE t=35s phase=Congestion adaptation=without_ML throughput_gbps=8.1941 latency_ms=65.9801
[2026-08-15T23:15:32] SAMPLE t=36s phase=Congestion adaptation=without_ML throughput_gbps=8.2108 latency_ms=63.5578
[2026-08-15T23:15:33] SAMPLE t=37s phase=Congestion adaptation=without_ML throughput_gbps=8.3143 latency_ms=67.1913
[2026-08-15T23:15:34] SAMPLE t=38s phase=Congestion adaptation=without_ML throughput_gbps=7.7634 latency_ms=66.3058
[2026-08-15T23:15:35] SAMPLE t=39s phase=Congestion adaptation=without_ML throughput_gbps=7.6872 latency_ms=62.771
[2026-08-15T23:15:36] SAMPLE t=40s phase=Path_change adaptation=without_ML throughput_gbps=8.3388 latency_ms=66.1101
[2026-08-15T23:15:37] SAMPLE t=41s phase=Path_change adaptation=without_ML throughput_gbps=7.5768 latency_ms=68.3748
[2026-08-15T23:15:38] SAMPLE t=42s phase=Path_change adaptation=without_ML throughput_gbps=7.2171 latency_ms=69.138
[2026-08-15T23:15:39] SAMPLE t=43s phase=Path_change adaptation=without_ML throughput_gbps=7.0622 latency_ms=67.4276
[2026-08-15T23:15:40] SAMPLE t=44s phase=Path_change adaptation=without_ML throughput_gbps=6.761 latency_ms=71.3226
[2026-08-15T23:15:41] SAMPLE t=45s phase=Path_change adaptation=without_ML throughput_gbps=6.3348 latency_ms=68.803
[2026-08-15T23:15:42] SAMPLE t=46s phase=Path_change adaptation=without_ML throughput_gbps=5.8615 latency_ms=71.9147
[2026-08-15T23:15:43] SAMPLE t=47s phase=Path_change adaptation=without_ML throughput_gbps=5.8793 latency_ms=74.0955
[2026-08-15T23:15:44] SAMPLE t=48s phase=Path_change adaptation=without_ML throughput_gbps=5.7867 latency_ms=73.6128
[2026-08-15T23:15:45] SAMPLE t=49s phase=Path_change adaptation=without_ML throughput_gbps=5.4864 latency_ms=72.5817
[2026-08-15T23:15:46] SAMPLE t=50s phase=Path_change adaptation=without_ML throughput_gbps=5.7053 latency_ms=75.8608
[2026-08-15T23:15:47] SAMPLE t=51s phase=Path_change adaptation=without_ML throughput_gbps=5.5279 latency_ms=71.3718
[2026-08-15T23:15:48] SAMPLE t=52s phase=Path_change adaptation=without_ML throughput_gbps=5.8724 latency_ms=70.5501
[2026-08-15T23:15:49] SAMPLE t=53s phase=Path_change adaptation=without_ML throughput_gbps=6.0107 latency_ms=70.9856
[2026-08-15T23:15:50] SAMPLE t=54s phase=Path_change adaptation=without_ML throughput_gbps=6.0091 latency_ms=72.0512
[2026-08-15T23:15:51] SAMPLE t=55s phase=Path_change adaptation=without_ML throughput_gbps=6.4316 latency_ms=72.6623
[2026-08-15T23:15:52] SAMPLE t=56s phase=Path_change adaptation=without_ML throughput_gbps=6.8843 latency_ms=71.0715
[2026-08-15T23:15:53] SAMPLE t=57s phase=Path_change adaptation=without_ML throughput_gbps=6.7537 latency_ms=70.2332
[2026-08-15T23:15:54] SAMPLE t=58s phase=Path_change adaptation=without_ML throughput_gbps=6.9438 latency_ms=67.0479
[2026-08-15T23:15:55] SAMPLE t=59s phase=Path_change adaptation=without_ML throughput_gbps=7.3993 latency_ms=69.2142
[2026-08-15T23:15:56] SAMPLE t=60s phase=Loss_spike adaptation=without_ML throughput_gbps=6.2437 latency_ms=68.2229
[2026-08-15T23:15:57] SAMPLE t=61s phase=Loss_spike adaptation=without_ML throughput_gbps=8.1272 latency_ms=78.7885
[2026-08-15T23:15:58] SAMPLE t=62s phase=Loss_spike adaptation=without_ML throughput_gbps=7.2108 latency_ms=73.9127
[2026-08-15T23:15:59] SAMPLE t=63s phase=Loss_spike adaptation=without_ML throughput_gbps=4.62 latency_ms=74.0537
[2026-08-15T23:16:00] SAMPLE t=64s phase=Loss_spike adaptation=without_ML throughput_gbps=3.7704 latency_ms=81.8445
[2026-08-15T23:16:01] SAMPLE t=65s phase=Loss_spike adaptation=without_ML throughput_gbps=6.0552 latency_ms=73.3318
[2026-08-15T23:16:02] SAMPLE t=66s phase=Loss_spike adaptation=without_ML throughput_gbps=9.0082 latency_ms=78.436
[2026-08-15T23:16:03] SAMPLE t=67s phase=Loss_spike adaptation=without_ML throughput_gbps=7.1604 latency_ms=76.7526
[2026-08-15T23:16:04] SAMPLE t=68s phase=Loss_spike adaptation=without_ML throughput_gbps=4.7703 latency_ms=74.9944
[2026-08-15T23:16:05] SAMPLE t=69s phase=Loss_spike adaptation=without_ML throughput_gbps=3.9956 latency_ms=79.609
[2026-08-15T23:16:06] SAMPLE t=70s phase=Loss_spike adaptation=without_ML throughput_gbps=6.3201 latency_ms=69.7817
[2026-08-15T23:16:07] SAMPLE t=71s phase=Loss_spike adaptation=without_ML throughput_gbps=8.3112 latency_ms=81.0245
[2026-08-15T23:16:08] SAMPLE t=72s phase=Loss_spike adaptation=without_ML throughput_gbps=7.6327 latency_ms=75.1686
[2026-08-15T23:16:09] SAMPLE t=73s phase=Loss_spike adaptation=without_ML throughput_gbps=4.6113 latency_ms=74.8648
[2026-08-15T23:16:10] SAMPLE t=74s phase=Loss_spike adaptation=without_ML throughput_gbps=4.1806 latency_ms=78.769
[2026-08-15T23:16:11] SAMPLE t=75s phase=Loss_spike adaptation=without_ML throughput_gbps=5.6398 latency_ms=70.7597
[2026-08-15T23:16:12] SAMPLE t=76s phase=Loss_spike adaptation=without_ML throughput_gbps=8.081 latency_ms=79.6733
[2026-08-15T23:16:13] SAMPLE t=77s phase=Loss_spike adaptation=without_ML throughput_gbps=7.5626 latency_ms=73.8676
[2026-08-15T23:16:14] SAMPLE t=78s phase=Loss_spike adaptation=without_ML throughput_gbps=4.614 latency_ms=75.6593
[2026-08-15T23:16:15] SAMPLE t=79s phase=Loss_spike adaptation=without_ML throughput_gbps=3.9077 latency_ms=79.9042
[2026-08-15T23:16:16] SAMPLE t=80s phase=Recovery adaptation=without_ML throughput_gbps=7.969 latency_ms=66.8682
[2026-08-15T23:16:17] SAMPLE t=81s phase=Recovery adaptation=without_ML throughput_gbps=8.1741 latency_ms=65.385
[2026-08-15T23:16:18] SAMPLE t=82s phase=Recovery adaptation=without_ML throughput_gbps=7.9772 latency_ms=68.3739
[2026-08-15T23:16:19] SAMPLE t=83s phase=Recovery adaptation=without_ML throughput_gbps=7.9991 latency_ms=66.3867
[2026-08-15T23:16:20] SAMPLE t=84s phase=Recovery adaptation=without_ML throughput_gbps=8.0374 latency_ms=64.5005
[2026-08-15T23:16:21] SAMPLE t=85s phase=Recovery adaptation=without_ML throughput_gbps=8.156 latency_ms=64.3144
[2026-08-15T23:16:22] SAMPLE t=86s phase=Recovery adaptation=without_ML throughput_gbps=7.8157 latency_ms=65.0157
[2026-08-15T23:16:23] SAMPLE t=87s phase=Recovery adaptation=without_ML throughput_gbps=7.629 latency_ms=66.6211
[2026-08-15T23:16:24] SAMPLE t=88s phase=Recovery adaptation=without_ML throughput_gbps=8.0494 latency_ms=64.4184
[2026-08-15T23:16:25] SAMPLE t=89s phase=Recovery adaptation=without_ML throughput_gbps=8.1602 latency_ms=65.985
[2026-08-15T23:16:26] SAMPLE t=90s phase=Recovery adaptation=without_ML throughput_gbps=8.4114 latency_ms=66.1194
[2026-08-15T23:16:27] SAMPLE t=91s phase=Recovery adaptation=without_ML throughput_gbps=8.0823 latency_ms=66.7702
[2026-08-15T23:16:28] SAMPLE t=92s phase=Recovery adaptation=without_ML throughput_gbps=7.4476 latency_ms=65.5662
[2026-08-15T23:16:29] SAMPLE t=93s phase=Recovery adaptation=without_ML throughput_gbps=8.1773 latency_ms=67.6681
[2026-08-15T23:16:30] SAMPLE t=94s phase=Recovery adaptation=without_ML throughput_gbps=7.9517 latency_ms=65.7395
[2026-08-15T23:16:31] SAMPLE t=95s phase=Recovery adaptation=without_ML throughput_gbps=8.0028 latency_ms=63.4853
[2026-08-15T23:16:32] SAMPLE t=96s phase=Recovery adaptation=without_ML throughput_gbps=8.2796 latency_ms=64.0964
[2026-08-15T23:16:33] SAMPLE t=97s phase=Recovery adaptation=without_ML throughput_gbps=8.6383 latency_ms=67.5283
[2026-08-15T23:16:34] SAMPLE t=98s phase=Recovery adaptation=without_ML throughput_gbps=8.282 latency_ms=66.2634
[2026-08-15T23:16:35] SAMPLE t=99s phase=Recovery adaptation=without_ML throughput_gbps=8.0282 latency_ms=65.6701
[2026-08-15T23:14:56] TRACE_END run_id=109 status=OK
[2026-08-15T23:41:31] TRACE_START run_id=110
[2026-08-15T23:41:31] SAMPLE t=0s phase=Stable adaptation=with_ML throughput_gbps=8.1204 latency_ms=65.4475
[2026-08-15T23:41:32] SAMPLE t=1s phase=Stable adaptation=with_ML throughput_gbps=7.9952 latency_ms=67.735
[2026-08-15T23:41:33] SAMPLE t=2s phase=Stable adaptation=with_ML throughput_gbps=8.2105 latency_ms=67.6096
[2026-08-15T23:41:34] SAMPLE t=3s phase=Stable adaptation=with_ML throughput_gbps=7.586 latency_ms=64.0316
[2026-08-15T23:41:35] SAMPLE t=4s phase=Stable adaptation=with_ML throughput_gbps=7.9664 latency_ms=64.6703
[2026-08-15T23:41:36] SAMPLE t=5s phase=Stable adaptation=with_ML throughput_gbps=8.0797 latency_ms=68.2184
[2026-08-15T23:41:37] SAMPLE t=6s phase=Stable adaptation=with_ML throughput_gbps=8.1046 latency_ms=66.0482
[2026-08-15T23:41:38] SAMPLE t=7s phase=Stable adaptation=with_ML throughput_gbps=8.3242 latency_ms=65.1314
[2026-08-15T23:41:39] SAMPLE t=8s phase=Stable adaptation=with_ML throughput_gbps=8.2715 latency_ms=65.1933
[2026-08-15T23:41:40] SAMPLE t=9s phase=Stable adaptation=with_ML throughput_gbps=7.9751 latency_ms=67.3763
[2026-08-15T23:41:41] SAMPLE t=10s phase=Stable adaptation=with_ML throughput_gbps=8.3749 latency_ms=66.7667
[2026-08-15T23:41:42] SAMPLE t=11s phase=Stable adaptation=with_ML throughput_gbps=8.5081 latency_ms=67.8923
[2026-08-15T23:41:43] SAMPLE t=12s phase=Stable adaptation=with_ML throughput_gbps=8.1762 latency_ms=66.8133
[2026-08-15T23:41:44] SAMPLE t=13s phase=Stable adaptation=with_ML throughput_gbps=8.0063 latency_ms=67.233
[2026-08-15T23:41:45] SAMPLE t=14s phase=Stable adaptation=with_ML throughput_gbps=7.8079 latency_ms=68.9124
[2026-08-15T23:41:46] SAMPLE t=15s phase=Stable adaptation=with_ML throughput_gbps=7.8829 latency_ms=66.2729
[2026-08-15T23:41:47] SAMPLE t=16s phase=Stable adaptation=with_ML throughput_gbps=7.9064 latency_ms=65.4359
[2026-08-15T23:41:48] SAMPLE t=17s phase=Stable adaptation=with_ML throughput_gbps=8.4076 latency_ms=66.8619
[2026-08-15T23:41:49] SAMPLE t=18s phase=Stable adaptation=with_ML throughput_gbps=8.2466 latency_ms=66.3206
[2026-08-15T23:41:50] SAMPLE t=19s phase=Stable adaptation=with_ML throughput_gbps=8.2764 latency_ms=66.661
[2026-08-15T23:41:51] SAMPLE t=20s phase=Congestion adaptation=with_ML throughput_gbps=8.2838 latency_ms=65.5761
[2026-08-15T23:41:52] SAMPLE t=21s phase=Congestion adaptation=with_ML throughput_gbps=8.0984 latency_ms=66.0211
[2026-08-15T23:41:53] SAMPLE t=22s phase=Congestion adaptation=with_ML throughput_gbps=8.0216 latency_ms=66.4188
[2026-08-15T23:41:54] SAMPLE t=23s phase=Congestion adaptation=with_ML throughput_gbps=8.3627 latency_ms=67.2604
[2026-08-15T23:41:55] SAMPLE t=24s phase=Congestion adaptation=with_ML throughput_gbps=8.0944 latency_ms=66.7037
[2026-08-15T23:41:56] SAMPLE t=25s phase=Congestion adaptation=with_ML throughput_gbps=8.133 latency_ms=67.1344
[2026-08-15T23:41:57] SAMPLE t=26s phase=Congestion adaptation=with_ML throughput_gbps=7.9666 latency_ms=63.6082
[2026-08-15T23:41:58] SAMPLE t=27s phase=Congestion adaptation=with_ML throughput_gbps=8.0074 latency_ms=66.0129
[2026-08-15T23:41:59] SAMPLE t=28s phase=Congestion adaptation=with_ML throughput_gbps=8.1701 latency_ms=64.7024
[2026-08-15T23:42:00] SAMPLE t=29s phase=Congestion adaptation=with_ML throughput_gbps=8.1581 latency_ms=67.259
[2026-08-15T23:42:01] SAMPLE t=30s phase=Congestion adaptation=with_ML throughput_gbps=8.1 latency_ms=65.4257
[2026-08-15T23:42:02] SAMPLE t=31s phase=Congestion adaptation=with_ML throughput_gbps=8.3939 latency_ms=66.7891
[2026-08-15T23:42:03] SAMPLE t=32s phase=Congestion adaptation=with_ML throughput_gbps=7.6682 latency_ms=66.8042
[2026-08-15T23:42:04] SAMPLE t=33s phase=Congestion adaptation=with_ML throughput_gbps=7.9817 latency_ms=67.3771
[2026-08-15T23:42:05] SAMPLE t=34s phase=Congestion adaptation=with_ML throughput_gbps=8.1681 latency_ms=66.288
[2026-08-15T23:42:06] SAMPLE t=35s phase=Congestion adaptation=with_ML throughput_gbps=7.909 latency_ms=67.9679
[2026-08-15T23:42:07] SAMPLE t=36s phase=Congestion adaptation=with_ML throughput_gbps=7.744 latency_ms=65.9717
[2026-08-15T23:42:08] SAMPLE t=37s phase=Congestion adaptation=with_ML throughput_gbps=8.0478 latency_ms=65.0014
[2026-08-15T23:42:09] SAMPLE t=38s phase=Congestion adaptation=with_ML throughput_gbps=8.0553 latency_ms=66.5421
[2026-08-15T23:42:10] SAMPLE t=39s phase=Congestion adaptation=with_ML throughput_gbps=8.0982 latency_ms=65.3206
[2026-08-15T23:42:11] SAMPLE t=40s phase=Path_change adaptation=with_ML throughput_gbps=8.4183 latency_ms=68.7303
[2026-08-15T23:42:12] SAMPLE t=41s phase=Path_change adaptation=with_ML throughput_gbps=7.6554 latency_ms=66.6286
[2026-08-15T23:42:13] SAMPLE t=42s phase=Path_change adaptation=with_ML throughput_gbps=7.7553 latency_ms=67.369
[2026-08-15T23:42:14] SAMPLE t=43s phase=Path_change adaptation=with_ML throughput_gbps=7.7067 latency_ms=68.5804
[2026-08-15T23:42:15] SAMPLE t=44s phase=Path_change adaptation=with_ML throughput_gbps=7.3041 latency_ms=67.7461
[2026-08-15T23:42:16] SAMPLE t=45s phase=Path_change adaptation=with_ML throughput_gbps=7.2789 latency_ms=69.3022
[2026-08-15T23:42:17] SAMPLE t=46s phase=Path_change adaptation=with_ML throughput_gbps=7.1448 latency_ms=69.2676
[2026-08-15T23:42:18] SAMPLE t=47s phase=Path_change adaptation=with_ML throughput_gbps=7.4367 latency_ms=67.3596
[2026-08-15T23:42:19] SAMPLE t=48s phase=Path_change adaptation=with_ML throughput_gbps=7.0196 latency_ms=67.5263
[2026-08-15T23:42:20] SAMPLE t=49s phase=Path_change adaptation=with_ML throughput_gbps=6.9337 latency_ms=70.6652
[2026-08-15T23:42:21] SAMPLE t=50s phase=Path_change adaptation=with_ML throughput_gbps=7.1926 latency_ms=68.0771
[2026-08-15T23:42:22] SAMPLE t=51s phase=Path_change adaptation=with_ML throughput_gbps=7.0077 latency_ms=67.5335
[2026-08-15T23:42:23] SAMPLE t=52s phase=Path_change adaptation=with_ML throughput_gbps=7.1492 latency_ms=67.1464
[2026-08-15T23:42:24] SAMPLE t=53s phase=Path_change adaptation=with_ML throughput_gbps=7.5817 latency_ms=68.0745
[2026-08-15T23:42:25] SAMPLE t=54s phase=Path_change adaptation=with_ML throughput_gbps=7.6483 latency_ms=66.6104
[2026-08-15T23:42:26] SAMPLE t=55s phase=Path_change adaptation=with_ML throughput_gbps=7.1968 latency_ms=69.9389
[2026-08-15T23:42:27] SAMPLE t=56s phase=Path_change adaptation=with_ML throughput_gbps=7.6368 latency_ms=67.3015
[2026-08-15T23:42:28] SAMPLE t=57s phase=Path_change adaptation=with_ML throughput_gbps=7.7631 latency_ms=66.9701
[2026-08-15T23:42:29] SAMPLE t=58s phase=Path_change adaptation=with_ML throughput_gbps=8.09 latency_ms=66.6481
[2026-08-15T23:42:30] SAMPLE t=59s phase=Path_change adaptation=with_ML throughput_gbps=7.7034 latency_ms=65.713
[2026-08-15T23:42:31] SAMPLE t=60s phase=Loss_spike adaptation=with_ML throughput_gbps=7.4067 latency_ms=69.1068
[2026-08-15T23:42:32] SAMPLE t=61s phase=Loss_spike adaptation=with_ML throughput_gbps=8.0474 latency_ms=73.5765
[2026-08-15T23:42:33] SAMPLE t=62s phase=Loss_spike adaptation=with_ML throughput_gbps=7.5897 latency_ms=69.8559
[2026-08-15T23:42:34] SAMPLE t=63s phase=Loss_spike adaptation=with_ML throughput_gbps=6.4671 latency_ms=69.3976
[2026-08-15T23:42:35] SAMPLE t=64s phase=Loss_spike adaptation=with_ML throughput_gbps=6.3284 latency_ms=71.0902
[2026-08-15T23:42:36] SAMPLE t=65s phase=Loss_spike adaptation=with_ML throughput_gbps=7.2631 latency_ms=70.1343
[2026-08-15T23:42:37] SAMPLE t=66s phase=Loss_spike adaptation=with_ML throughput_gbps=8.4042 latency_ms=71.0735
[2026-08-15T23:42:38] SAMPLE t=67s phase=Loss_spike adaptation=with_ML throughput_gbps=8.1871 latency_ms=70.6921
[2026-08-15T23:42:39] SAMPLE t=68s phase=Loss_spike adaptation=with_ML throughput_gbps=6.473 latency_ms=68.8363
[2026-08-15T23:42:40] SAMPLE t=69s phase=Loss_spike adaptation=with_ML throughput_gbps=6.3558 latency_ms=70.7274
[2026-08-15T23:42:41] SAMPLE t=70s phase=Loss_spike adaptation=with_ML throughput_gbps=7.4543 latency_ms=68.9704
[2026-08-15T23:42:42] SAMPLE t=71s phase=Loss_spike adaptation=with_ML throughput_gbps=8.4016 latency_ms=69.14
[2026-08-15T23:42:43] SAMPLE t=72s phase=Loss_spike adaptation=with_ML throughput_gbps=7.641 latency_ms=71.1565
[2026-08-15T23:42:44] SAMPLE t=73s phase=Loss_spike adaptation=with_ML throughput_gbps=6.6494 latency_ms=70.3603
[2026-08-15T23:42:45] SAMPLE t=74s phase=Loss_spike adaptation=with_ML throughput_gbps=6.3721 latency_ms=71.5791
[2026-08-15T23:42:46] SAMPLE t=75s phase=Loss_spike adaptation=with_ML throughput_gbps=7.0053 latency_ms=67.3275
[2026-08-15T23:42:47] SAMPLE t=76s phase=Loss_spike adaptation=with_ML throughput_gbps=8.8569 latency_ms=69.7426
[2026-08-15T23:42:48] SAMPLE t=77s phase=Loss_spike adaptation=with_ML throughput_gbps=8.0251 latency_ms=69.5237
[2026-08-15T23:42:49] SAMPLE t=78s phase=Loss_spike adaptation=with_ML throughput_gbps=6.6991 latency_ms=69.622
[2026-08-15T23:42:50] SAMPLE t=79s phase=Loss_spike adaptation=with_ML throughput_gbps=6.3745 latency_ms=71.3198
[2026-08-15T23:42:51] SAMPLE t=80s phase=Recovery adaptation=with_ML throughput_gbps=8.573 latency_ms=67.4501
[2026-08-15T23:42:52] SAMPLE t=81s phase=Recovery adaptation=with_ML throughput_gbps=8.5776 latency_ms=66.7303
[2026-08-15T23:42:53] SAMPLE t=82s phase=Recovery adaptation=with_ML throughput_gbps=8.3917 latency_ms=65.3927
[2026-08-15T23:42:54] SAMPLE t=83s phase=Recovery adaptation=with_ML throughput_gbps=8.0601 latency_ms=64.4384
[2026-08-15T23:42:55] SAMPLE t=84s phase=Recovery adaptation=with_ML throughput_gbps=8.0763 latency_ms=68.1261
[2026-08-15T23:42:56] SAMPLE t=85s phase=Recovery adaptation=with_ML throughput_gbps=8.3479 latency_ms=65.5781
[2026-08-15T23:42:57] SAMPLE t=86s phase=Recovery adaptation=with_ML throughput_gbps=8.301 latency_ms=64.6063
[2026-08-15T23:42:58] SAMPLE t=87s phase=Recovery adaptation=with_ML throughput_gbps=8.5857 latency_ms=67.1035
[2026-08-15T23:42:59] SAMPLE t=88s phase=Recovery adaptation=with_ML throughput_gbps=8.3259 latency_ms=64.7345
[2026-08-15T23:43:00] SAMPLE t=89s phase=Recovery adaptation=with_ML throughput_gbps=8.3269 latency_ms=65.1784
[2026-08-15T23:43:01] SAMPLE t=90s phase=Recovery adaptation=with_ML throughput_gbps=8.1291 latency_ms=62.0524
[2026-08-15T23:43:02] SAMPLE t=91s phase=Recovery adaptation=with_ML throughput_gbps=8.8721 latency_ms=64.4216
[2026-08-15T23:43:03] SAMPLE t=92s phase=Recovery adaptation=with_ML throughput_gbps=8.584 latency_ms=65.7956
[2026-08-15T23:43:04] SAMPLE t=93s phase=Recovery adaptation=with_ML throughput_gbps=8.3011 latency_ms=65.4067
[2026-08-15T23:43:05] SAMPLE t=94s phase=Recovery adaptation=with_ML throughput_gbps=8.2729 latency_ms=66.8303
[2026-08-15T23:43:06] SAMPLE t=95s phase=Recovery adaptation=with_ML throughput_gbps=8.0949 latency_ms=66.2861
[2026-08-15T23:43:07] SAMPLE t=96s phase=Recovery adaptation=with_ML throughput_gbps=8.5749 latency_ms=65.5861
[2026-08-15T23:43:08] SAMPLE t=97s phase=Recovery adaptation=with_ML throughput_gbps=8.3789 latency_ms=65.7137
[2026-08-15T23:43:09] SAMPLE t=98s phase=Recovery adaptation=with_ML throughput_gbps=8.32 latency_ms=64.4601
[2026-08-15T23:43:10] SAMPLE t=99s phase=Recovery adaptation=with_ML throughput_gbps=8.7089 latency_ms=64.7512
[2026-08-15T23:41:31] SAMPLE t=0s phase=Stable adaptation=without_ML throughput_gbps=7.926 latency_ms=62.9678
[2026-08-15T23:41:32] SAMPLE t=1s phase=Stable adaptation=without_ML throughput_gbps=7.8488 latency_ms=62.7307
[2026-08-15T23:41:33] SAMPLE t=2s phase=Stable adaptation=without_ML throughput_gbps=7.7304 latency_ms=67.4118
[2026-08-15T23:41:34] SAMPLE t=3s phase=Stable adaptation=without_ML throughput_gbps=7.9564 latency_ms=63.1197
[2026-08-15T23:41:35] SAMPLE t=4s phase=Stable adaptation=without_ML throughput_gbps=8.0359 latency_ms=64.1406
[2026-08-15T23:41:36] SAMPLE t=5s phase=Stable adaptation=without_ML throughput_gbps=7.9855 latency_ms=66.5957
[2026-08-15T23:41:37] SAMPLE t=6s phase=Stable adaptation=without_ML throughput_gbps=7.8242 latency_ms=64.3581
[2026-08-15T23:41:38] SAMPLE t=7s phase=Stable adaptation=without_ML throughput_gbps=7.9202 latency_ms=65.1797
[2026-08-15T23:41:39] SAMPLE t=8s phase=Stable adaptation=without_ML throughput_gbps=7.7033 latency_ms=65.7538
[2026-08-15T23:41:40] SAMPLE t=9s phase=Stable adaptation=without_ML throughput_gbps=8.1484 latency_ms=66.1344
[2026-08-15T23:41:41] SAMPLE t=10s phase=Stable adaptation=without_ML throughput_gbps=8.0169 latency_ms=68.4517
[2026-08-15T23:41:42] SAMPLE t=11s phase=Stable adaptation=without_ML throughput_gbps=7.8471 latency_ms=63.7011
[2026-08-15T23:41:43] SAMPLE t=12s phase=Stable adaptation=without_ML throughput_gbps=8.0736 latency_ms=66.176
[2026-08-15T23:41:44] SAMPLE t=13s phase=Stable adaptation=without_ML throughput_gbps=8.2041 latency_ms=65.2277
[2026-08-15T23:41:45] SAMPLE t=14s phase=Stable adaptation=without_ML throughput_gbps=8.1914 latency_ms=64.9913
[2026-08-15T23:41:46] SAMPLE t=15s phase=Stable adaptation=without_ML throughput_gbps=8.1004 latency_ms=65.9915
[2026-08-15T23:41:47] SAMPLE t=16s phase=Stable adaptation=without_ML throughput_gbps=7.7016 latency_ms=66.8165
[2026-08-15T23:41:48] SAMPLE t=17s phase=Stable adaptation=without_ML throughput_gbps=7.7597 latency_ms=64.9296
[2026-08-15T23:41:49] SAMPLE t=18s phase=Stable adaptation=without_ML throughput_gbps=7.9802 latency_ms=66.5895
[2026-08-15T23:41:50] SAMPLE t=19s phase=Stable adaptation=without_ML throughput_gbps=7.8476 latency_ms=68.7394
[2026-08-15T23:41:51] SAMPLE t=20s phase=Congestion adaptation=without_ML throughput_gbps=8.0137 latency_ms=64.9558
[2026-08-15T23:41:52] SAMPLE t=21s phase=Congestion adaptation=without_ML throughput_gbps=7.9987 latency_ms=67.6655
[2026-08-15T23:41:53] SAMPLE t=22s phase=Congestion adaptation=without_ML throughput_gbps=7.8646 latency_ms=63.9409
[2026-08-15T23:41:54] SAMPLE t=23s phase=Congestion adaptation=without_ML throughput_gbps=7.8414 latency_ms=65.9667
[2026-08-15T23:41:55] SAMPLE t=24s phase=Congestion adaptation=without_ML throughput_gbps=7.6396 latency_ms=66.0158
[2026-08-15T23:41:56] SAMPLE t=25s phase=Congestion adaptation=without_ML throughput_gbps=8.0607 latency_ms=66.6586
[2026-08-15T23:41:57] SAMPLE t=26s phase=Congestion adaptation=without_ML throughput_gbps=7.8256 latency_ms=64.9232
[2026-08-15T23:41:58] SAMPLE t=27s phase=Congestion adaptation=without_ML throughput_gbps=7.8664 latency_ms=66.1959
[2026-08-15T23:41:59] SAMPLE t=28s phase=Congestion adaptation=without_ML throughput_gbps=7.6932 latency_ms=66.1476
[2026-08-15T23:42:00] SAMPLE t=29s phase=Congestion adaptation=without_ML throughput_gbps=7.5366 latency_ms=64.3341
[2026-08-15T23:42:01] SAMPLE t=30s phase=Congestion adaptation=without_ML throughput_gbps=7.8738 latency_ms=64.9381
[2026-08-15T23:42:02] SAMPLE t=31s phase=Congestion adaptation=without_ML throughput_gbps=7.9567 latency_ms=62.8395
[2026-08-15T23:42:03] SAMPLE t=32s phase=Congestion adaptation=without_ML throughput_gbps=8.1494 latency_ms=65.2477
[2026-08-15T23:42:04] SAMPLE t=33s phase=Congestion adaptation=without_ML throughput_gbps=8.0555 latency_ms=63.781
[2026-08-15T23:42:05] SAMPLE t=34s phase=Congestion adaptation=without_ML throughput_gbps=7.8247 latency_ms=66.4498
[2026-08-15T23:42:06] SAMPLE t=35s phase=Congestion adaptation=without_ML throughput_gbps=7.7428 latency_ms=65.7192
[2026-08-15T23:42:07] SAMPLE t=36s phase=Congestion adaptation=without_ML throughput_gbps=7.543 latency_ms=66.0187
[2026-08-15T23:42:08] SAMPLE t=37s phase=Congestion adaptation=without_ML throughput_gbps=7.7758 latency_ms=64.8306
[2026-08-15T23:42:09] SAMPLE t=38s phase=Congestion adaptation=without_ML throughput_gbps=7.7227 latency_ms=64.6146
[2026-08-15T23:42:10] SAMPLE t=39s phase=Congestion adaptation=without_ML throughput_gbps=7.9161 latency_ms=66.9055
[2026-08-15T23:42:11] SAMPLE t=40s phase=Path_change adaptation=without_ML throughput_gbps=8.0783 latency_ms=66.0205
[2026-08-15T23:42:12] SAMPLE t=41s phase=Path_change adaptation=without_ML throughput_gbps=7.8378 latency_ms=67.7474
[2026-08-15T23:42:13] SAMPLE t=42s phase=Path_change adaptation=without_ML throughput_gbps=7.1161 latency_ms=66.0176
[2026-08-15T23:42:14] SAMPLE t=43s phase=Path_change adaptation=without_ML throughput_gbps=7.0971 latency_ms=68.918
[2026-08-15T23:42:15] SAMPLE t=44s phase=Path_change adaptation=without_ML throughput_gbps=7.104 latency_ms=70.4991
[2026-08-15T23:42:16] SAMPLE t=45s phase=Path_change adaptation=without_ML throughput_gbps=6.4141 latency_ms=71.8741
[2026-08-15T23:42:17] SAMPLE t=46s phase=Path_change adaptation=without_ML throughput_gbps=6.2568 latency_ms=70.919
[2026-08-15T23:42:18] SAMPLE t=47s phase=Path_change adaptation=without_ML throughput_gbps=5.8429 latency_ms=72.3993
[2026-08-15T23:42:19] SAMPLE t=48s phase=Path_change adaptation=without_ML throughput_gbps=5.5356 latency_ms=73.2191
[2026-08-15T23:42:20] SAMPLE t=49s phase=Path_change adaptation=without_ML throughput_gbps=5.6351 latency_ms=69.8496
[2026-08-15T23:42:21] SAMPLE t=50s phase=Path_change adaptation=without_ML throughput_gbps=5.4582 latency_ms=75.4144
[2026-08-15T23:42:22] SAMPLE t=51s phase=Path_change adaptation=without_ML throughput_gbps=5.85 latency_ms=73.7692
[2026-08-15T23:42:23] SAMPLE t=52s phase=Path_change adaptation=without_ML throughput_gbps=5.6039 latency_ms=76.2228
[2026-08-15T23:42:24] SAMPLE t=53s phase=Path_change adaptation=without_ML throughput_gbps=6.3113 latency_ms=71.5868
[2026-08-15T23:42:25] SAMPLE t=54s phase=Path_change adaptation=without_ML throughput_gbps=6.1703 latency_ms=70.168
[2026-08-15T23:42:26] SAMPLE t=55s phase=Path_change adaptation=without_ML throughput_gbps=6.3917 latency_ms=69.5098
[2026-08-15T23:42:27] SAMPLE t=56s phase=Path_change adaptation=without_ML throughput_gbps=6.39 latency_ms=68.3661
[2026-08-15T23:42:28] SAMPLE t=57s phase=Path_change adaptation=without_ML throughput_gbps=7.0008 latency_ms=68.326
[2026-08-15T23:42:29] SAMPLE t=58s phase=Path_change adaptation=without_ML throughput_gbps=7.2001 latency_ms=67.8716
[2026-08-15T23:42:30] SAMPLE t=59s phase=Path_change adaptation=without_ML throughput_gbps=7.4826 latency_ms=66.4611
[2026-08-15T23:42:31] SAMPLE t=60s phase=Loss_spike adaptation=without_ML throughput_gbps=6.1695 latency_ms=67.8353
[2026-08-15T23:42:32] SAMPLE t=61s phase=Loss_spike adaptation=without_ML throughput_gbps=8.4271 latency_ms=79.3987
[2026-08-15T23:42:33] SAMPLE t=62s phase=Loss_spike adaptation=without_ML throughput_gbps=7.6088 latency_ms=74.8859
[2026-08-15T23:42:34] SAMPLE t=63s phase=Loss_spike adaptation=without_ML throughput_gbps=4.7827 latency_ms=76.3013
[2026-08-15T23:42:35] SAMPLE t=64s phase=Loss_spike adaptation=without_ML throughput_gbps=3.8359 latency_ms=79.7188
[2026-08-15T23:42:36] SAMPLE t=65s phase=Loss_spike adaptation=without_ML throughput_gbps=6.2152 latency_ms=68.5234
[2026-08-15T23:42:37] SAMPLE t=66s phase=Loss_spike adaptation=without_ML throughput_gbps=8.7212 latency_ms=78.6154
[2026-08-15T23:42:38] SAMPLE t=67s phase=Loss_spike adaptation=without_ML throughput_gbps=7.3052 latency_ms=76.4548
[2026-08-15T23:42:39] SAMPLE t=68s phase=Loss_spike adaptation=without_ML throughput_gbps=4.9095 latency_ms=72.99
[2026-08-15T23:42:40] SAMPLE t=69s phase=Loss_spike adaptation=without_ML throughput_gbps=4.1967 latency_ms=82.0757
[2026-08-15T23:42:41] SAMPLE t=70s phase=Loss_spike adaptation=without_ML throughput_gbps=5.9549 latency_ms=70.3725
[2026-08-15T23:42:42] SAMPLE t=71s phase=Loss_spike adaptation=without_ML throughput_gbps=8.3846 latency_ms=78.4397
[2026-08-15T23:42:43] SAMPLE t=72s phase=Loss_spike adaptation=without_ML throughput_gbps=7.3696 latency_ms=75.8592
[2026-08-15T23:42:44] SAMPLE t=73s phase=Loss_spike adaptation=without_ML throughput_gbps=4.9254 latency_ms=76.8596
[2026-08-15T23:42:45] SAMPLE t=74s phase=Loss_spike adaptation=without_ML throughput_gbps=4.008 latency_ms=79.1379
[2026-08-15T23:42:46] SAMPLE t=75s phase=Loss_spike adaptation=without_ML throughput_gbps=6.1607 latency_ms=69.2803
[2026-08-15T23:42:47] SAMPLE t=76s phase=Loss_spike adaptation=without_ML throughput_gbps=7.9637 latency_ms=80.2074
[2026-08-15T23:42:48] SAMPLE t=77s phase=Loss_spike adaptation=without_ML throughput_gbps=7.4675 latency_ms=75.4853
[2026-08-15T23:42:49] SAMPLE t=78s phase=Loss_spike adaptation=without_ML throughput_gbps=4.7508 latency_ms=76.3899
[2026-08-15T23:42:50] SAMPLE t=79s phase=Loss_spike adaptation=without_ML throughput_gbps=4.0239 latency_ms=77.6382
[2026-08-15T23:42:51] SAMPLE t=80s phase=Recovery adaptation=without_ML throughput_gbps=8.1391 latency_ms=67.4908
[2026-08-15T23:42:52] SAMPLE t=81s phase=Recovery adaptation=without_ML throughput_gbps=7.8651 latency_ms=66.8655
[2026-08-15T23:42:53] SAMPLE t=82s phase=Recovery adaptation=without_ML throughput_gbps=7.7414 latency_ms=62.7326
[2026-08-15T23:42:54] SAMPLE t=83s phase=Recovery adaptation=without_ML throughput_gbps=8.1924 latency_ms=66.5141
[2026-08-15T23:42:55] SAMPLE t=84s phase=Recovery adaptation=without_ML throughput_gbps=8.152 latency_ms=65.8704
[2026-08-15T23:42:56] SAMPLE t=85s phase=Recovery adaptation=without_ML throughput_gbps=7.7547 latency_ms=67.1871
[2026-08-15T23:42:57] SAMPLE t=86s phase=Recovery adaptation=without_ML throughput_gbps=7.5383 latency_ms=64.6613
[2026-08-15T23:42:58] SAMPLE t=87s phase=Recovery adaptation=without_ML throughput_gbps=8.1835 latency_ms=65.208
[2026-08-15T23:42:59] SAMPLE t=88s phase=Recovery adaptation=without_ML throughput_gbps=8.322 latency_ms=69.0792
[2026-08-15T23:43:00] SAMPLE t=89s phase=Recovery adaptation=without_ML throughput_gbps=7.889 latency_ms=67.0091
[2026-08-15T23:43:01] SAMPLE t=90s phase=Recovery adaptation=without_ML throughput_gbps=8.1651 latency_ms=65.6751
[2026-08-15T23:43:02] SAMPLE t=91s phase=Recovery adaptation=without_ML throughput_gbps=8.4137 latency_ms=66.4995
[2026-08-15T23:43:03] SAMPLE t=92s phase=Recovery adaptation=without_ML throughput_gbps=7.6268 latency_ms=66.466
[2026-08-15T23:43:04] SAMPLE t=93s phase=Recovery adaptation=without_ML throughput_gbps=7.9772 latency_ms=67.7504
[2026-08-15T23:43:05] SAMPLE t=94s phase=Recovery adaptation=without_ML throughput_gbps=7.8381 latency_ms=67.8733
[2026-08-15T23:43:06] SAMPLE t=95s phase=Recovery adaptation=without_ML throughput_gbps=7.9039 latency_ms=65.7459
[2026-08-15T23:43:07] SAMPLE t=96s phase=Recovery adaptation=without_ML throughput_gbps=7.6821 latency_ms=66.3338
[2026-08-15T23:43:08] SAMPLE t=97s phase=Recovery adaptation=without_ML throughput_gbps=8.0135 latency_ms=66.9797
[2026-08-15T23:43:09] SAMPLE t=98s phase=Recovery adaptation=without_ML throughput_gbps=8.2863 latency_ms=66.3763
[2026-08-15T23:43:10] SAMPLE t=99s phase=Recovery adaptation=without_ML throughput_gbps=8.0209 latency_ms=66.7033
[2026-08-15T23:41:31] TRACE_END run_id=110 status=OK
[2026-08-15T23:49:26] TRACE_START run_id=111
[2026-08-15T23:49:26] SAMPLE t=0s phase=Stable adaptation=with_ML throughput_gbps=8.2297 latency_ms=67.2772
[2026-08-15T23:49:27] SAMPLE t=1s phase=Stable adaptation=with_ML throughput_gbps=8.0799 latency_ms=66.8101
[2026-08-15T23:49:28] SAMPLE t=2s phase=Stable adaptation=with_ML throughput_gbps=7.8302 latency_ms=64.7992
[2026-08-15T23:49:29] SAMPLE t=3s phase=Stable adaptation=with_ML throughput_gbps=7.9328 latency_ms=66.2767
[2026-08-15T23:49:30] SAMPLE t=4s phase=Stable adaptation=with_ML throughput_gbps=8.0452 latency_ms=66.0854
[2026-08-15T23:49:31] SAMPLE t=5s phase=Stable adaptation=with_ML throughput_gbps=8.2209 latency_ms=65.2418
[2026-08-15T23:49:32] SAMPLE t=6s phase=Stable adaptation=with_ML throughput_gbps=7.7879 latency_ms=65.4818
[2026-08-15T23:49:33] SAMPLE t=7s phase=Stable adaptation=with_ML throughput_gbps=8.4309 latency_ms=66.9775
[2026-08-15T23:49:34] SAMPLE t=8s phase=Stable adaptation=with_ML throughput_gbps=8.0938 latency_ms=67.0496
[2026-08-15T23:49:35] SAMPLE t=9s phase=Stable adaptation=with_ML throughput_gbps=8.2439 latency_ms=68.2573
[2026-08-15T23:49:36] SAMPLE t=10s phase=Stable adaptation=with_ML throughput_gbps=8.0957 latency_ms=68.7378
[2026-08-15T23:49:37] SAMPLE t=11s phase=Stable adaptation=with_ML throughput_gbps=7.9875 latency_ms=66.1619
[2026-08-15T23:49:38] SAMPLE t=12s phase=Stable adaptation=with_ML throughput_gbps=8.1466 latency_ms=66.165
[2026-08-15T23:49:39] SAMPLE t=13s phase=Stable adaptation=with_ML throughput_gbps=8.0794 latency_ms=67.5645
[2026-08-15T23:49:40] SAMPLE t=14s phase=Stable adaptation=with_ML throughput_gbps=8.0696 latency_ms=69.0606
[2026-08-15T23:49:41] SAMPLE t=15s phase=Stable adaptation=with_ML throughput_gbps=8.3912 latency_ms=68.1116
[2026-08-15T23:49:42] SAMPLE t=16s phase=Stable adaptation=with_ML throughput_gbps=8.3778 latency_ms=67.4972
[2026-08-15T23:49:43] SAMPLE t=17s phase=Stable adaptation=with_ML throughput_gbps=8.0422 latency_ms=63.7265
[2026-08-15T23:49:44] SAMPLE t=18s phase=Stable adaptation=with_ML throughput_gbps=8.1148 latency_ms=67.3229
[2026-08-15T23:49:45] SAMPLE t=19s phase=Stable adaptation=with_ML throughput_gbps=8.2545 latency_ms=65.5211
[2026-08-15T23:49:46] SAMPLE t=20s phase=Congestion adaptation=with_ML throughput_gbps=8.2505 latency_ms=66.7321
[2026-08-15T23:49:47] SAMPLE t=21s phase=Congestion adaptation=with_ML throughput_gbps=7.9471 latency_ms=66.397
[2026-08-15T23:49:48] SAMPLE t=22s phase=Congestion adaptation=with_ML throughput_gbps=7.7785 latency_ms=65.7771
[2026-08-15T23:49:49] SAMPLE t=23s phase=Congestion adaptation=with_ML throughput_gbps=8.3293 latency_ms=66.167
[2026-08-15T23:49:50] SAMPLE t=24s phase=Congestion adaptation=with_ML throughput_gbps=8.049 latency_ms=68.5537
[2026-08-15T23:49:51] SAMPLE t=25s phase=Congestion adaptation=with_ML throughput_gbps=8.3361 latency_ms=64.7681
[2026-08-15T23:49:52] SAMPLE t=26s phase=Congestion adaptation=with_ML throughput_gbps=7.8217 latency_ms=68.8557
[2026-08-15T23:49:53] SAMPLE t=27s phase=Congestion adaptation=with_ML throughput_gbps=8.2796 latency_ms=64.7198
[2026-08-15T23:49:54] SAMPLE t=28s phase=Congestion adaptation=with_ML throughput_gbps=8.1214 latency_ms=65.9881
[2026-08-15T23:49:55] SAMPLE t=29s phase=Congestion adaptation=with_ML throughput_gbps=8.2296 latency_ms=67.3004
[2026-08-15T23:49:56] SAMPLE t=30s phase=Congestion adaptation=with_ML throughput_gbps=8.2098 latency_ms=65.9525
[2026-08-15T23:49:57] SAMPLE t=31s phase=Congestion adaptation=with_ML throughput_gbps=8.5683 latency_ms=65.364
[2026-08-15T23:49:58] SAMPLE t=32s phase=Congestion adaptation=with_ML throughput_gbps=8.5536 latency_ms=66.8623
[2026-08-15T23:49:59] SAMPLE t=33s phase=Congestion adaptation=with_ML throughput_gbps=8.2193 latency_ms=66.7605
[2026-08-15T23:50:00] SAMPLE t=34s phase=Congestion adaptation=with_ML throughput_gbps=8.1548 latency_ms=65.9027
[2026-08-15T23:50:01] SAMPLE t=35s phase=Congestion adaptation=with_ML throughput_gbps=8.0221 latency_ms=66.3613
[2026-08-15T23:50:02] SAMPLE t=36s phase=Congestion adaptation=with_ML throughput_gbps=7.9162 latency_ms=64.8241
[2026-08-15T23:50:03] SAMPLE t=37s phase=Congestion adaptation=with_ML throughput_gbps=7.6988 latency_ms=67.0365
[2026-08-15T23:50:04] SAMPLE t=38s phase=Congestion adaptation=with_ML throughput_gbps=8.0653 latency_ms=65.6635
[2026-08-15T23:50:05] SAMPLE t=39s phase=Congestion adaptation=with_ML throughput_gbps=8.0201 latency_ms=67.3937
[2026-08-15T23:50:06] SAMPLE t=40s phase=Path_change adaptation=with_ML throughput_gbps=8.0863 latency_ms=67.8812
[2026-08-15T23:50:07] SAMPLE t=41s phase=Path_change adaptation=with_ML throughput_gbps=7.9595 latency_ms=66.1301
[2026-08-15T23:50:08] SAMPLE t=42s phase=Path_change adaptation=with_ML throughput_gbps=7.5164 latency_ms=67.9814
[2026-08-15T23:50:09] SAMPLE t=43s phase=Path_change adaptation=with_ML throughput_gbps=7.6168 latency_ms=65.5069
[2026-08-15T23:50:10] SAMPLE t=44s phase=Path_change adaptation=with_ML throughput_gbps=7.5103 latency_ms=70.1875
[2026-08-15T23:50:11] SAMPLE t=45s phase=Path_change adaptation=with_ML throughput_gbps=7.2261 latency_ms=68.1165
[2026-08-15T23:50:12] SAMPLE t=46s phase=Path_change adaptation=with_ML throughput_gbps=7.3504 latency_ms=68.366
[2026-08-15T23:50:13] SAMPLE t=47s phase=Path_change adaptation=with_ML throughput_gbps=7.1697 latency_ms=67.6054
[2026-08-15T23:50:14] SAMPLE t=48s phase=Path_change adaptation=with_ML throughput_gbps=7.3338 latency_ms=69.0917
[2026-08-15T23:50:15] SAMPLE t=49s phase=Path_change adaptation=with_ML throughput_gbps=7.0068 latency_ms=68.0541
[2026-08-15T23:50:16] SAMPLE t=50s phase=Path_change adaptation=with_ML throughput_gbps=6.9497 latency_ms=68.3802
[2026-08-15T23:50:17] SAMPLE t=51s phase=Path_change adaptation=with_ML throughput_gbps=7.2901 latency_ms=66.7215
[2026-08-15T23:50:18] SAMPLE t=52s phase=Path_change adaptation=with_ML throughput_gbps=7.2164 latency_ms=68.2502
[2026-08-15T23:50:19] SAMPLE t=53s phase=Path_change adaptation=with_ML throughput_gbps=7.412 latency_ms=68.1983
[2026-08-15T23:50:20] SAMPLE t=54s phase=Path_change adaptation=with_ML throughput_gbps=7.4423 latency_ms=68.0092
[2026-08-15T23:50:21] SAMPLE t=55s phase=Path_change adaptation=with_ML throughput_gbps=7.6187 latency_ms=68.5027
[2026-08-15T23:50:22] SAMPLE t=56s phase=Path_change adaptation=with_ML throughput_gbps=7.9145 latency_ms=66.7297
[2026-08-15T23:50:23] SAMPLE t=57s phase=Path_change adaptation=with_ML throughput_gbps=7.8889 latency_ms=66.3327
[2026-08-15T23:50:24] SAMPLE t=58s phase=Path_change adaptation=with_ML throughput_gbps=7.4808 latency_ms=67.9633
[2026-08-15T23:50:25] SAMPLE t=59s phase=Path_change adaptation=with_ML throughput_gbps=8.0722 latency_ms=67.6373
[2026-08-15T23:50:26] SAMPLE t=60s phase=Loss_spike adaptation=with_ML throughput_gbps=7.3291 latency_ms=68.323
[2026-08-15T23:50:27] SAMPLE t=61s phase=Loss_spike adaptation=with_ML throughput_gbps=8.2343 latency_ms=70.3286
[2026-08-15T23:50:28] SAMPLE t=62s phase=Loss_spike adaptation=with_ML throughput_gbps=8.0553 latency_ms=69.7112
[2026-08-15T23:50:29] SAMPLE t=63s phase=Loss_spike adaptation=with_ML throughput_gbps=6.346 latency_ms=67.7974
[2026-08-15T23:50:30] SAMPLE t=64s phase=Loss_spike adaptation=with_ML throughput_gbps=6.4076 latency_ms=71.7581
[2026-08-15T23:50:31] SAMPLE t=65s phase=Loss_spike adaptation=with_ML throughput_gbps=7.0218 latency_ms=66.7701
[2026-08-15T23:50:32] SAMPLE t=66s phase=Loss_spike adaptation=with_ML throughput_gbps=8.5454 latency_ms=70.4743
[2026-08-15T23:50:33] SAMPLE t=67s phase=Loss_spike adaptation=with_ML throughput_gbps=8.4974 latency_ms=68.9501
[2026-08-15T23:50:34] SAMPLE t=68s phase=Loss_spike adaptation=with_ML throughput_gbps=6.6155 latency_ms=68.7305
[2026-08-15T23:50:35] SAMPLE t=69s phase=Loss_spike adaptation=with_ML throughput_gbps=6.4717 latency_ms=72.2851
[2026-08-15T23:50:36] SAMPLE t=70s phase=Loss_spike adaptation=with_ML throughput_gbps=7.1156 latency_ms=67.4154
[2026-08-15T23:50:37] SAMPLE t=71s phase=Loss_spike adaptation=with_ML throughput_gbps=7.9849 latency_ms=69.496
[2026-08-15T23:50:38] SAMPLE t=72s phase=Loss_spike adaptation=with_ML throughput_gbps=7.8975 latency_ms=70.2353
[2026-08-15T23:50:39] SAMPLE t=73s phase=Loss_spike adaptation=with_ML throughput_gbps=6.8656 latency_ms=68.5932
[2026-08-15T23:50:40] SAMPLE t=74s phase=Loss_spike adaptation=with_ML throughput_gbps=6.1742 latency_ms=72.5123
[2026-08-15T23:50:41] SAMPLE t=75s phase=Loss_spike adaptation=with_ML throughput_gbps=7.2348 latency_ms=70.435
[2026-08-15T23:50:42] SAMPLE t=76s phase=Loss_spike adaptation=with_ML throughput_gbps=8.2928 latency_ms=70.9893
[2026-08-15T23:50:43] SAMPLE t=77s phase=Loss_spike adaptation=with_ML throughput_gbps=7.9356 latency_ms=68.6078
[2026-08-15T23:50:44] SAMPLE t=78s phase=Loss_spike adaptation=with_ML throughput_gbps=6.8024 latency_ms=72.8496
[2026-08-15T23:50:45] SAMPLE t=79s phase=Loss_spike adaptation=with_ML throughput_gbps=6.5487 latency_ms=71.0586
[2026-08-15T23:50:46] SAMPLE t=80s phase=Recovery adaptation=with_ML throughput_gbps=7.8785 latency_ms=65.9646
[2026-08-15T23:50:47] SAMPLE t=81s phase=Recovery adaptation=with_ML throughput_gbps=8.3526 latency_ms=66.4854
[2026-08-15T23:50:48] SAMPLE t=82s phase=Recovery adaptation=with_ML throughput_gbps=8.3425 latency_ms=66.3556
[2026-08-15T23:50:49] SAMPLE t=83s phase=Recovery adaptation=with_ML throughput_gbps=8.5948 latency_ms=65.6066
[2026-08-15T23:50:50] SAMPLE t=84s phase=Recovery adaptation=with_ML throughput_gbps=8.1471 latency_ms=68.3295
[2026-08-15T23:50:51] SAMPLE t=85s phase=Recovery adaptation=with_ML throughput_gbps=7.7983 latency_ms=66.4445
[2026-08-15T23:50:52] SAMPLE t=86s phase=Recovery adaptation=with_ML throughput_gbps=8.3416 latency_ms=65.9078
[2026-08-15T23:50:53] SAMPLE t=87s phase=Recovery adaptation=with_ML throughput_gbps=8.1829 latency_ms=66.1449
[2026-08-15T23:50:54] SAMPLE t=88s phase=Recovery adaptation=with_ML throughput_gbps=8.5015 latency_ms=66.7946
[2026-08-15T23:50:55] SAMPLE t=89s phase=Recovery adaptation=with_ML throughput_gbps=8.1953 latency_ms=65.8616
[2026-08-15T23:50:56] SAMPLE t=90s phase=Recovery adaptation=with_ML throughput_gbps=8.0657 latency_ms=65.9767
[2026-08-15T23:50:57] SAMPLE t=91s phase=Recovery adaptation=with_ML throughput_gbps=7.9921 latency_ms=64.3602
[2026-08-15T23:50:58] SAMPLE t=92s phase=Recovery adaptation=with_ML throughput_gbps=8.5401 latency_ms=64.4024
[2026-08-15T23:50:59] SAMPLE t=93s phase=Recovery adaptation=with_ML throughput_gbps=8.6074 latency_ms=66.7974
[2026-08-15T23:51:00] SAMPLE t=94s phase=Recovery adaptation=with_ML throughput_gbps=8.8835 latency_ms=63.9167
[2026-08-15T23:51:01] SAMPLE t=95s phase=Recovery adaptation=with_ML throughput_gbps=8.4797 latency_ms=63.9218
[2026-08-15T23:51:02] SAMPLE t=96s phase=Recovery adaptation=with_ML throughput_gbps=8.4416 latency_ms=64.5119
[2026-08-15T23:51:03] SAMPLE t=97s phase=Recovery adaptation=with_ML throughput_gbps=8.3646 latency_ms=63.4573
[2026-08-15T23:51:04] SAMPLE t=98s phase=Recovery adaptation=with_ML throughput_gbps=8.3609 latency_ms=65.07
[2026-08-15T23:51:05] SAMPLE t=99s phase=Recovery adaptation=with_ML throughput_gbps=8.2507 latency_ms=66.7738
[2026-08-15T23:49:26] SAMPLE t=0s phase=Stable adaptation=without_ML throughput_gbps=7.7469 latency_ms=68.8034
[2026-08-15T23:49:27] SAMPLE t=1s phase=Stable adaptation=without_ML throughput_gbps=7.9537 latency_ms=65.7556
[2026-08-15T23:49:28] SAMPLE t=2s phase=Stable adaptation=without_ML throughput_gbps=7.7106 latency_ms=64.8475
[2026-08-15T23:49:29] SAMPLE t=3s phase=Stable adaptation=without_ML throughput_gbps=7.7769 latency_ms=63.4307
[2026-08-15T23:49:30] SAMPLE t=4s phase=Stable adaptation=without_ML throughput_gbps=7.5861 latency_ms=64.3457
[2026-08-15T23:49:31] SAMPLE t=5s phase=Stable adaptation=without_ML throughput_gbps=7.7882 latency_ms=65.4648
[2026-08-15T23:49:32] SAMPLE t=6s phase=Stable adaptation=without_ML throughput_gbps=8.5513 latency_ms=66.1147
[2026-08-15T23:49:33] SAMPLE t=7s phase=Stable adaptation=without_ML throughput_gbps=7.6192 latency_ms=66.4195
[2026-08-15T23:49:34] SAMPLE t=8s phase=Stable adaptation=without_ML throughput_gbps=7.9256 latency_ms=67.0012
[2026-08-15T23:49:35] SAMPLE t=9s phase=Stable adaptation=without_ML throughput_gbps=8.1422 latency_ms=63.0979
[2026-08-15T23:49:36] SAMPLE t=10s phase=Stable adaptation=without_ML throughput_gbps=7.6412 latency_ms=65.8274
[2026-08-15T23:49:37] SAMPLE t=11s phase=Stable adaptation=without_ML throughput_gbps=8.0628 latency_ms=68.2396
[2026-08-15T23:49:38] SAMPLE t=12s phase=Stable adaptation=without_ML throughput_gbps=8.1061 latency_ms=65.0292
[2026-08-15T23:49:39] SAMPLE t=13s phase=Stable adaptation=without_ML throughput_gbps=7.8691 latency_ms=65.1972
[2026-08-15T23:49:40] SAMPLE t=14s phase=Stable adaptation=without_ML throughput_gbps=7.8527 latency_ms=66.9176
[2026-08-15T23:49:41] SAMPLE t=15s phase=Stable adaptation=without_ML throughput_gbps=7.9274 latency_ms=65.7721
[2026-08-15T23:49:42] SAMPLE t=16s phase=Stable adaptation=without_ML throughput_gbps=8.1916 latency_ms=65.3839
[2026-08-15T23:49:43] SAMPLE t=17s phase=Stable adaptation=without_ML throughput_gbps=7.7319 latency_ms=64.8952
[2026-08-15T23:49:44] SAMPLE t=18s phase=Stable adaptation=without_ML throughput_gbps=7.7637 latency_ms=66.0929
[2026-08-15T23:49:45] SAMPLE t=19s phase=Stable adaptation=without_ML throughput_gbps=8.0804 latency_ms=65.6433
[2026-08-15T23:49:46] SAMPLE t=20s phase=Congestion adaptation=without_ML throughput_gbps=7.7445 latency_ms=67.3179
[2026-08-15T23:49:47] SAMPLE t=21s phase=Congestion adaptation=without_ML throughput_gbps=8.1809 latency_ms=66.7868
[2026-08-15T23:49:48] SAMPLE t=22s phase=Congestion adaptation=without_ML throughput_gbps=8.0306 latency_ms=64.9809
[2026-08-15T23:49:49] SAMPLE t=23s phase=Congestion adaptation=without_ML throughput_gbps=7.9784 latency_ms=67.6887
[2026-08-15T23:49:50] SAMPLE t=24s phase=Congestion adaptation=without_ML throughput_gbps=7.7295 latency_ms=67.6722
[2026-08-15T23:49:51] SAMPLE t=25s phase=Congestion adaptation=without_ML throughput_gbps=7.8102 latency_ms=66.0192
[2026-08-15T23:49:52] SAMPLE t=26s phase=Congestion adaptation=without_ML throughput_gbps=7.9821 latency_ms=63.8602
[2026-08-15T23:49:53] SAMPLE t=27s phase=Congestion adaptation=without_ML throughput_gbps=8.1542 latency_ms=68.299
[2026-08-15T23:49:54] SAMPLE t=28s phase=Congestion adaptation=without_ML throughput_gbps=8.194 latency_ms=64.7661
[2026-08-15T23:49:55] SAMPLE t=29s phase=Congestion adaptation=without_ML throughput_gbps=7.6663 latency_ms=66.0355
[2026-08-15T23:49:56] SAMPLE t=30s phase=Congestion adaptation=without_ML throughput_gbps=8.2543 latency_ms=64.8352
[2026-08-15T23:49:57] SAMPLE t=31s phase=Congestion adaptation=without_ML throughput_gbps=7.5348 latency_ms=66.9069
[2026-08-15T23:49:58] SAMPLE t=32s phase=Congestion adaptation=without_ML throughput_gbps=7.7606 latency_ms=64.4779
[2026-08-15T23:49:59] SAMPLE t=33s phase=Congestion adaptation=without_ML throughput_gbps=8.1614 latency_ms=67.4432
[2026-08-15T23:50:00] SAMPLE t=34s phase=Congestion adaptation=without_ML throughput_gbps=8.0048 latency_ms=63.5409
[2026-08-15T23:50:01] SAMPLE t=35s phase=Congestion adaptation=without_ML throughput_gbps=7.938 latency_ms=64.2208
[2026-08-15T23:50:02] SAMPLE t=36s phase=Congestion adaptation=without_ML throughput_gbps=8.0 latency_ms=64.7225
[2026-08-15T23:50:03] SAMPLE t=37s phase=Congestion adaptation=without_ML throughput_gbps=8.0695 latency_ms=64.7294
[2026-08-15T23:50:04] SAMPLE t=38s phase=Congestion adaptation=without_ML throughput_gbps=7.702 latency_ms=68.1403
[2026-08-15T23:50:05] SAMPLE t=39s phase=Congestion adaptation=without_ML throughput_gbps=7.9663 latency_ms=66.0535
[2026-08-15T23:50:06] SAMPLE t=40s phase=Path_change adaptation=without_ML throughput_gbps=7.7901 latency_ms=65.9137
[2026-08-15T23:50:07] SAMPLE t=41s phase=Path_change adaptation=without_ML throughput_gbps=7.5779 latency_ms=68.6004
[2026-08-15T23:50:08] SAMPLE t=42s phase=Path_change adaptation=without_ML throughput_gbps=7.3289 latency_ms=68.728
[2026-08-15T23:50:09] SAMPLE t=43s phase=Path_change adaptation=without_ML throughput_gbps=6.8754 latency_ms=67.5605
[2026-08-15T23:50:10] SAMPLE t=44s phase=Path_change adaptation=without_ML throughput_gbps=6.7961 latency_ms=67.946
[2026-08-15T23:50:11] SAMPLE t=45s phase=Path_change adaptation=without_ML throughput_gbps=6.0208 latency_ms=70.0634
[2026-08-15T23:50:12] SAMPLE t=46s phase=Path_change adaptation=without_ML throughput_gbps=5.9023 latency_ms=73.4968
[2026-08-15T23:50:13] SAMPLE t=47s phase=Path_change adaptation=without_ML throughput_gbps=6.5275 latency_ms=70.8332
[2026-08-15T23:50:14] SAMPLE t=48s phase=Path_change adaptation=without_ML throughput_gbps=5.3785 latency_ms=72.679
[2026-08-15T23:50:15] SAMPLE t=49s phase=Path_change adaptation=without_ML throughput_gbps=5.4491 latency_ms=72.8199
[2026-08-15T23:50:16] SAMPLE t=50s phase=Path_change adaptation=without_ML throughput_gbps=5.664 latency_ms=75.8396
[2026-08-15T23:50:17] SAMPLE t=51s phase=Path_change adaptation=without_ML throughput_gbps=5.6565 latency_ms=73.2342
[2026-08-15T23:50:18] SAMPLE t=52s phase=Path_change adaptation=without_ML throughput_gbps=5.8334 latency_ms=75.2506
[2026-08-15T23:50:19] SAMPLE t=53s phase=Path_change adaptation=without_ML throughput_gbps=5.7454 latency_ms=70.4311
[2026-08-15T23:50:20] SAMPLE t=54s phase=Path_change adaptation=without_ML throughput_gbps=6.2288 latency_ms=71.4774
[2026-08-15T23:50:21] SAMPLE t=55s phase=Path_change adaptation=without_ML throughput_gbps=6.7486 latency_ms=73.0788
[2026-08-15T23:50:22] SAMPLE t=56s phase=Path_change adaptation=without_ML throughput_gbps=6.3331 latency_ms=69.0153
[2026-08-15T23:50:23] SAMPLE t=57s phase=Path_change adaptation=without_ML throughput_gbps=6.8197 latency_ms=69.6267
[2026-08-15T23:50:24] SAMPLE t=58s phase=Path_change adaptation=without_ML throughput_gbps=7.6914 latency_ms=66.72
[2026-08-15T23:50:25] SAMPLE t=59s phase=Path_change adaptation=without_ML throughput_gbps=7.4029 latency_ms=66.3039
[2026-08-15T23:50:26] SAMPLE t=60s phase=Loss_spike adaptation=without_ML throughput_gbps=6.4291 latency_ms=69.5135
[2026-08-15T23:50:27] SAMPLE t=61s phase=Loss_spike adaptation=without_ML throughput_gbps=8.4975 latency_ms=81.0456
[2026-08-15T23:50:28] SAMPLE t=62s phase=Loss_spike adaptation=without_ML throughput_gbps=7.8818 latency_ms=76.0985
[2026-08-15T23:50:29] SAMPLE t=63s phase=Loss_spike adaptation=without_ML throughput_gbps=4.5351 latency_ms=74.7766
[2026-08-15T23:50:30] SAMPLE t=64s phase=Loss_spike adaptation=without_ML throughput_gbps=3.9754 latency_ms=79.0041
[2026-08-15T23:50:31] SAMPLE t=65s phase=Loss_spike adaptation=without_ML throughput_gbps=5.9578 latency_ms=71.6638
[2026-08-15T23:50:32] SAMPLE t=66s phase=Loss_spike adaptation=without_ML throughput_gbps=8.702 latency_ms=78.6
[2026-08-15T23:50:33] SAMPLE t=67s phase=Loss_spike adaptation=without_ML throughput_gbps=7.2469 latency_ms=73.0593
[2026-08-15T23:50:34] SAMPLE t=68s phase=Loss_spike adaptation=without_ML throughput_gbps=4.9324 latency_ms=77.581
[2026-08-15T23:50:35] SAMPLE t=69s phase=Loss_spike adaptation=without_ML throughput_gbps=3.8439 latency_ms=80.3991
[2026-08-15T23:50:36] SAMPLE t=70s phase=Loss_spike adaptation=without_ML throughput_gbps=6.0854 latency_ms=73.0169
[2026-08-15T23:50:37] SAMPLE t=71s phase=Loss_spike adaptation=without_ML throughput_gbps=7.6878 latency_ms=80.4264
[2026-08-15T23:50:38] SAMPLE t=72s phase=Loss_spike adaptation=without_ML throughput_gbps=7.8381 latency_ms=75.6621
[2026-08-15T23:50:39] SAMPLE t=73s phase=Loss_spike adaptation=without_ML throughput_gbps=4.8435 latency_ms=78.6098
[2026-08-15T23:50:40] SAMPLE t=74s phase=Loss_spike adaptation=without_ML throughput_gbps=3.9244 latency_ms=77.3108
[2026-08-15T23:50:41] SAMPLE t=75s phase=Loss_spike adaptation=without_ML throughput_gbps=6.1225 latency_ms=69.4903
[2026-08-15T23:50:42] SAMPLE t=76s phase=Loss_spike adaptation=without_ML throughput_gbps=8.3337 latency_ms=79.5218
[2026-08-15T23:50:43] SAMPLE t=77s phase=Loss_spike adaptation=without_ML throughput_gbps=7.6398 latency_ms=77.3366
[2026-08-15T23:50:44] SAMPLE t=78s phase=Loss_spike adaptation=without_ML throughput_gbps=4.997 latency_ms=77.047
[2026-08-15T23:50:45] SAMPLE t=79s phase=Loss_spike adaptation=without_ML throughput_gbps=3.9744 latency_ms=79.8995
[2026-08-15T23:50:46] SAMPLE t=80s phase=Recovery adaptation=without_ML throughput_gbps=7.9428 latency_ms=63.308
[2026-08-15T23:50:47] SAMPLE t=81s phase=Recovery adaptation=without_ML throughput_gbps=8.3619 latency_ms=67.4096
[2026-08-15T23:50:48] SAMPLE t=82s phase=Recovery adaptation=without_ML throughput_gbps=8.1039 latency_ms=66.3148
[2026-08-15T23:50:49] SAMPLE t=83s phase=Recovery adaptation=without_ML throughput_gbps=8.2227 latency_ms=64.8937
[2026-08-15T23:50:50] SAMPLE t=84s phase=Recovery adaptation=without_ML throughput_gbps=8.0695 latency_ms=67.3278
[2026-08-15T23:50:51] SAMPLE t=85s phase=Recovery adaptation=without_ML throughput_gbps=8.1791 latency_ms=65.0522
[2026-08-15T23:50:52] SAMPLE t=86s phase=Recovery adaptation=without_ML throughput_gbps=7.9569 latency_ms=66.2272
[2026-08-15T23:50:53] SAMPLE t=87s phase=Recovery adaptation=without_ML throughput_gbps=8.2404 latency_ms=65.8306
[2026-08-15T23:50:54] SAMPLE t=88s phase=Recovery adaptation=without_ML throughput_gbps=7.817 latency_ms=66.572
[2026-08-15T23:50:55] SAMPLE t=89s phase=Recovery adaptation=without_ML throughput_gbps=7.9985 latency_ms=66.6586
[2026-08-15T23:50:56] SAMPLE t=90s phase=Recovery adaptation=without_ML throughput_gbps=7.8675 latency_ms=64.4491
[2026-08-15T23:50:57] SAMPLE t=91s phase=Recovery adaptation=without_ML throughput_gbps=8.0968 latency_ms=66.7227
[2026-08-15T23:50:58] SAMPLE t=92s phase=Recovery adaptation=without_ML throughput_gbps=7.9219 latency_ms=65.4135
[2026-08-15T23:50:59] SAMPLE t=93s phase=Recovery adaptation=without_ML throughput_gbps=7.9446 latency_ms=65.3428
[2026-08-15T23:51:00] SAMPLE t=94s phase=Recovery adaptation=without_ML throughput_gbps=8.2471 latency_ms=66.6526
[2026-08-15T23:51:01] SAMPLE t=95s phase=Recovery adaptation=without_ML throughput_gbps=8.4959 latency_ms=64.6039
[2026-08-15T23:51:02] SAMPLE t=96s phase=Recovery adaptation=without_ML throughput_gbps=8.1137 latency_ms=67.056
[2026-08-15T23:51:03] SAMPLE t=97s phase=Recovery adaptation=without_ML throughput_gbps=8.3916 latency_ms=64.5424
[2026-08-15T23:51:04] SAMPLE t=98s phase=Recovery adaptation=without_ML throughput_gbps=8.3525 latency_ms=66.0652
[2026-08-15T23:51:05] SAMPLE t=99s phase=Recovery adaptation=without_ML throughput_gbps=8.1736 latency_ms=64.9968
[2026-08-15T23:49:26] TRACE_END run_id=111 status=OK
[2026-08-16T07:58:11] TRACE_START run_id=112
[2026-08-16T07:58:11] SAMPLE t=0s phase=Stable adaptation=with_ML throughput_gbps=8.2405 latency_ms=64.9662
[2026-08-16T07:58:12] SAMPLE t=1s phase=Stable adaptation=with_ML throughput_gbps=8.255 latency_ms=66.57
[2026-08-16T07:58:13] SAMPLE t=2s phase=Stable adaptation=with_ML throughput_gbps=7.8079 latency_ms=65.5747
[2026-08-16T07:58:14] SAMPLE t=3s phase=Stable adaptation=with_ML throughput_gbps=8.2205 latency_ms=62.8739
[2026-08-16T07:58:15] SAMPLE t=4s phase=Stable adaptation=with_ML throughput_gbps=8.131 latency_ms=68.4379
[2026-08-16T07:58:16] SAMPLE t=5s phase=Stable adaptation=with_ML throughput_gbps=8.154 latency_ms=67.2333
[2026-08-16T07:58:17] SAMPLE t=6s phase=Stable adaptation=with_ML throughput_gbps=8.3947 latency_ms=65.883
[2026-08-16T07:58:18] SAMPLE t=7s phase=Stable adaptation=with_ML throughput_gbps=8.3258 latency_ms=66.2576
[2026-08-16T07:58:19] SAMPLE t=8s phase=Stable adaptation=with_ML throughput_gbps=8.0619 latency_ms=65.9449
[2026-08-16T07:58:20] SAMPLE t=9s phase=Stable adaptation=with_ML throughput_gbps=8.0701 latency_ms=65.4251
[2026-08-16T07:58:21] SAMPLE t=10s phase=Stable adaptation=with_ML throughput_gbps=7.9239 latency_ms=64.9128
[2026-08-16T07:58:22] SAMPLE t=11s phase=Stable adaptation=with_ML throughput_gbps=8.0291 latency_ms=65.2842
[2026-08-16T07:58:23] SAMPLE t=12s phase=Stable adaptation=with_ML throughput_gbps=7.9531 latency_ms=64.6011
[2026-08-16T07:58:24] SAMPLE t=13s phase=Stable adaptation=with_ML throughput_gbps=7.9499 latency_ms=65.1783
[2026-08-16T07:58:25] SAMPLE t=14s phase=Stable adaptation=with_ML throughput_gbps=7.9344 latency_ms=63.9139
[2026-08-16T07:58:26] SAMPLE t=15s phase=Stable adaptation=with_ML throughput_gbps=8.3757 latency_ms=67.2805
[2026-08-16T07:58:27] SAMPLE t=16s phase=Stable adaptation=with_ML throughput_gbps=8.0144 latency_ms=66.2909
[2026-08-16T07:58:28] SAMPLE t=17s phase=Stable adaptation=with_ML throughput_gbps=8.0211 latency_ms=67.8608
[2026-08-16T07:58:29] SAMPLE t=18s phase=Stable adaptation=with_ML throughput_gbps=8.2589 latency_ms=65.4391
[2026-08-16T07:58:30] SAMPLE t=19s phase=Stable adaptation=with_ML throughput_gbps=8.2156 latency_ms=67.1892
[2026-08-16T07:58:31] SAMPLE t=20s phase=Congestion adaptation=with_ML throughput_gbps=7.9711 latency_ms=67.7825
[2026-08-16T07:58:32] SAMPLE t=21s phase=Congestion adaptation=with_ML throughput_gbps=8.3232 latency_ms=67.348
[2026-08-16T07:58:33] SAMPLE t=22s phase=Congestion adaptation=with_ML throughput_gbps=7.9583 latency_ms=65.8957
[2026-08-16T07:58:34] SAMPLE t=23s phase=Congestion adaptation=with_ML throughput_gbps=8.1988 latency_ms=67.3389
[2026-08-16T07:58:35] SAMPLE t=24s phase=Congestion adaptation=with_ML throughput_gbps=8.1082 latency_ms=67.3768
[2026-08-16T07:58:36] SAMPLE t=25s phase=Congestion adaptation=with_ML throughput_gbps=7.8705 latency_ms=65.8908
[2026-08-16T07:58:37] SAMPLE t=26s phase=Congestion adaptation=with_ML throughput_gbps=8.2528 latency_ms=66.2196
[2026-08-16T07:58:38] SAMPLE t=27s phase=Congestion adaptation=with_ML throughput_gbps=8.1623 latency_ms=65.8214
[2026-08-16T07:58:39] SAMPLE t=28s phase=Congestion adaptation=with_ML throughput_gbps=7.9123 latency_ms=66.9879
[2026-08-16T07:58:40] SAMPLE t=29s phase=Congestion adaptation=with_ML throughput_gbps=8.3743 latency_ms=67.4279
[2026-08-16T07:58:41] SAMPLE t=30s phase=Congestion adaptation=with_ML throughput_gbps=7.9589 latency_ms=66.3177
[2026-08-16T07:58:42] SAMPLE t=31s phase=Congestion adaptation=with_ML throughput_gbps=8.3868 latency_ms=64.3852
[2026-08-16T07:58:43] SAMPLE t=32s phase=Congestion adaptation=with_ML throughput_gbps=8.2966 latency_ms=66.1614
[2026-08-16T07:58:44] SAMPLE t=33s phase=Congestion adaptation=with_ML throughput_gbps=8.1765 latency_ms=65.8395
[2026-08-16T07:58:45] SAMPLE t=34s phase=Congestion adaptation=with_ML throughput_gbps=7.976 latency_ms=65.6753
[2026-08-16T07:58:46] SAMPLE t=35s phase=Congestion adaptation=with_ML throughput_gbps=8.1931 latency_ms=63.9677
[2026-08-16T07:58:47] SAMPLE t=36s phase=Congestion adaptation=with_ML throughput_gbps=7.9971 latency_ms=66.9855
[2026-08-16T07:58:48] SAMPLE t=37s phase=Congestion adaptation=with_ML throughput_gbps=8.3587 latency_ms=68.9352
[2026-08-16T07:58:49] SAMPLE t=38s phase=Congestion adaptation=with_ML throughput_gbps=8.121 latency_ms=67.0191
[2026-08-16T07:58:50] SAMPLE t=39s phase=Congestion adaptation=with_ML throughput_gbps=8.2755 latency_ms=68.4048
[2026-08-16T07:58:51] SAMPLE t=40s phase=Path_change adaptation=with_ML throughput_gbps=8.0091 latency_ms=65.7412
[2026-08-16T07:58:52] SAMPLE t=41s phase=Path_change adaptation=with_ML throughput_gbps=7.6146 latency_ms=66.1351
[2026-08-16T07:58:53] SAMPLE t=42s phase=Path_change adaptation=with_ML throughput_gbps=7.6547 latency_ms=65.9166
[2026-08-16T07:58:54] SAMPLE t=43s phase=Path_change adaptation=with_ML throughput_gbps=7.6236 latency_ms=66.2947
[2026-08-16T07:58:55] SAMPLE t=44s phase=Path_change adaptation=with_ML throughput_gbps=7.4335 latency_ms=63.6544
[2026-08-16T07:58:56] SAMPLE t=45s phase=Path_change adaptation=with_ML throughput_gbps=7.4603 latency_ms=69.4403
[2026-08-16T07:58:57] SAMPLE t=46s phase=Path_change adaptation=with_ML throughput_gbps=7.3003 latency_ms=69.4136
[2026-08-16T07:58:58] SAMPLE t=47s phase=Path_change adaptation=with_ML throughput_gbps=7.3643 latency_ms=66.6055
[2026-08-16T07:58:59] SAMPLE t=48s phase=Path_change adaptation=with_ML throughput_gbps=7.1078 latency_ms=68.1967
[2026-08-16T07:59:00] SAMPLE t=49s phase=Path_change adaptation=with_ML throughput_gbps=7.1687 latency_ms=66.803
[2026-08-16T07:59:01] SAMPLE t=50s phase=Path_change adaptation=with_ML throughput_gbps=7.2831 latency_ms=68.2408
[2026-08-16T07:59:02] SAMPLE t=51s phase=Path_change adaptation=with_ML throughput_gbps=7.4573 latency_ms=70.7367
[2026-08-16T07:59:03] SAMPLE t=52s phase=Path_change adaptation=with_ML throughput_gbps=7.6362 latency_ms=68.3221
[2026-08-16T07:59:04] SAMPLE t=53s phase=Path_change adaptation=with_ML throughput_gbps=7.2993 latency_ms=70.4258
[2026-08-16T07:59:05] SAMPLE t=54s phase=Path_change adaptation=with_ML throughput_gbps=7.392 latency_ms=67.19
[2026-08-16T07:59:06] SAMPLE t=55s phase=Path_change adaptation=with_ML throughput_gbps=7.3213 latency_ms=69.1927
[2026-08-16T07:59:07] SAMPLE t=56s phase=Path_change adaptation=with_ML throughput_gbps=7.8023 latency_ms=65.8644
[2026-08-16T07:59:08] SAMPLE t=57s phase=Path_change adaptation=with_ML throughput_gbps=7.2948 latency_ms=66.1504
[2026-08-16T07:59:09] SAMPLE t=58s phase=Path_change adaptation=with_ML throughput_gbps=7.7743 latency_ms=66.4082
[2026-08-16T07:59:10] SAMPLE t=59s phase=Path_change adaptation=with_ML throughput_gbps=7.9428 latency_ms=66.2024
[2026-08-16T07:59:11] SAMPLE t=60s phase=Loss_spike adaptation=with_ML throughput_gbps=7.2838 latency_ms=66.8382
[2026-08-16T07:59:12] SAMPLE t=61s phase=Loss_spike adaptation=with_ML throughput_gbps=8.2555 latency_ms=69.0174
[2026-08-16T07:59:13] SAMPLE t=62s phase=Loss_spike adaptation=with_ML throughput_gbps=8.4412 latency_ms=69.8669
[2026-08-16T07:59:14] SAMPLE t=63s phase=Loss_spike adaptation=with_ML throughput_gbps=6.8883 latency_ms=70.2268
[2026-08-16T07:59:15] SAMPLE t=64s phase=Loss_spike adaptation=with_ML throughput_gbps=6.023 latency_ms=69.5723
[2026-08-16T07:59:16] SAMPLE t=65s phase=Loss_spike adaptation=with_ML throughput_gbps=7.3017 latency_ms=68.3823
[2026-08-16T07:59:17] SAMPLE t=66s phase=Loss_spike adaptation=with_ML throughput_gbps=8.314 latency_ms=68.6156
[2026-08-16T07:59:18] SAMPLE t=67s phase=Loss_spike adaptation=with_ML throughput_gbps=7.7429 latency_ms=72.1586
[2026-08-16T07:59:19] SAMPLE t=68s phase=Loss_spike adaptation=with_ML throughput_gbps=6.7494 latency_ms=68.8671
[2026-08-16T07:59:20] SAMPLE t=69s phase=Loss_spike adaptation=with_ML throughput_gbps=6.4288 latency_ms=71.5001
[2026-08-16T07:59:21] SAMPLE t=70s phase=Loss_spike adaptation=with_ML throughput_gbps=7.3629 latency_ms=68.7154
[2026-08-16T07:59:22] SAMPLE t=71s phase=Loss_spike adaptation=with_ML throughput_gbps=8.4349 latency_ms=71.1014
[2026-08-16T07:59:23] SAMPLE t=72s phase=Loss_spike adaptation=with_ML throughput_gbps=8.1365 latency_ms=70.6185
[2026-08-16T07:59:24] SAMPLE t=73s phase=Loss_spike adaptation=with_ML throughput_gbps=6.7054 latency_ms=69.4825
[2026-08-16T07:59:25] SAMPLE t=74s phase=Loss_spike adaptation=with_ML throughput_gbps=6.1059 latency_ms=71.4585
[2026-08-16T07:59:26] SAMPLE t=75s phase=Loss_spike adaptation=with_ML throughput_gbps=7.5586 latency_ms=69.5443
[2026-08-16T07:59:27] SAMPLE t=76s phase=Loss_spike adaptation=with_ML throughput_gbps=8.387 latency_ms=71.9975
[2026-08-16T07:59:28] SAMPLE t=77s phase=Loss_spike adaptation=with_ML throughput_gbps=7.8905 latency_ms=70.4758
[2026-08-16T07:59:29] SAMPLE t=78s phase=Loss_spike adaptation=with_ML throughput_gbps=6.738 latency_ms=67.8497
[2026-08-16T07:59:30] SAMPLE t=79s phase=Loss_spike adaptation=with_ML throughput_gbps=6.2197 latency_ms=71.1093
[2026-08-16T07:59:31] SAMPLE t=80s phase=Recovery adaptation=with_ML throughput_gbps=8.4352 latency_ms=65.3513
[2026-08-16T07:59:32] SAMPLE t=81s phase=Recovery adaptation=with_ML throughput_gbps=8.3073 latency_ms=66.7014
[2026-08-16T07:59:33] SAMPLE t=82s phase=Recovery adaptation=with_ML throughput_gbps=8.2466 latency_ms=65.6105
[2026-08-16T07:59:34] SAMPLE t=83s phase=Recovery adaptation=with_ML throughput_gbps=8.2617 latency_ms=64.6241
[2026-08-16T07:59:35] SAMPLE t=84s phase=Recovery adaptation=with_ML throughput_gbps=8.2035 latency_ms=68.5708
[2026-08-16T07:59:36] SAMPLE t=85s phase=Recovery adaptation=with_ML throughput_gbps=7.8092 latency_ms=66.6256
[2026-08-16T07:59:37] SAMPLE t=86s phase=Recovery adaptation=with_ML throughput_gbps=8.3675 latency_ms=66.572
[2026-08-16T07:59:38] SAMPLE t=87s phase=Recovery adaptation=with_ML throughput_gbps=8.1071 latency_ms=65.4717
[2026-08-16T07:59:39] SAMPLE t=88s phase=Recovery adaptation=with_ML throughput_gbps=8.1593 latency_ms=65.7125
[2026-08-16T07:59:40] SAMPLE t=89s phase=Recovery adaptation=with_ML throughput_gbps=8.2138 latency_ms=65.0196
[2026-08-16T07:59:41] SAMPLE t=90s phase=Recovery adaptation=with_ML throughput_gbps=8.0084 latency_ms=64.6171
[2026-08-16T07:59:42] SAMPLE t=91s phase=Recovery adaptation=with_ML throughput_gbps=8.4311 latency_ms=63.6753
[2026-08-16T07:59:43] SAMPLE t=92s phase=Recovery adaptation=with_ML throughput_gbps=8.5066 latency_ms=64.9798
[2026-08-16T07:59:44] SAMPLE t=93s phase=Recovery adaptation=with_ML throughput_gbps=8.2837 latency_ms=66.9465
[2026-08-16T07:59:45] SAMPLE t=94s phase=Recovery adaptation=with_ML throughput_gbps=8.3246 latency_ms=63.1102
[2026-08-16T07:59:46] SAMPLE t=95s phase=Recovery adaptation=with_ML throughput_gbps=8.255 latency_ms=65.6445
[2026-08-16T07:59:47] SAMPLE t=96s phase=Recovery adaptation=with_ML throughput_gbps=8.6409 latency_ms=65.896
[2026-08-16T07:59:48] SAMPLE t=97s phase=Recovery adaptation=with_ML throughput_gbps=8.2718 latency_ms=65.4834
[2026-08-16T07:59:49] SAMPLE t=98s phase=Recovery adaptation=with_ML throughput_gbps=8.4174 latency_ms=64.4087
[2026-08-16T07:59:50] SAMPLE t=99s phase=Recovery adaptation=with_ML throughput_gbps=8.5947 latency_ms=66.5112
[2026-08-16T07:58:11] SAMPLE t=0s phase=Stable adaptation=without_ML throughput_gbps=7.856 latency_ms=64.4192
[2026-08-16T07:58:12] SAMPLE t=1s phase=Stable adaptation=without_ML throughput_gbps=8.0701 latency_ms=65.7787
[2026-08-16T07:58:13] SAMPLE t=2s phase=Stable adaptation=without_ML throughput_gbps=7.333 latency_ms=66.6042
[2026-08-16T07:58:14] SAMPLE t=3s phase=Stable adaptation=without_ML throughput_gbps=7.829 latency_ms=66.0141
[2026-08-16T07:58:15] SAMPLE t=4s phase=Stable adaptation=without_ML throughput_gbps=7.7263 latency_ms=66.5025
[2026-08-16T07:58:16] SAMPLE t=5s phase=Stable adaptation=without_ML throughput_gbps=8.4239 latency_ms=68.989
[2026-08-16T07:58:17] SAMPLE t=6s phase=Stable adaptation=without_ML throughput_gbps=8.5534 latency_ms=65.5893
[2026-08-16T07:58:18] SAMPLE t=7s phase=Stable adaptation=without_ML throughput_gbps=7.5716 latency_ms=64.2135
[2026-08-16T07:58:19] SAMPLE t=8s phase=Stable adaptation=without_ML throughput_gbps=8.1632 latency_ms=66.5795
[2026-08-16T07:58:20] SAMPLE t=9s phase=Stable adaptation=without_ML throughput_gbps=7.9803 latency_ms=67.2162
[2026-08-16T07:58:21] SAMPLE t=10s phase=Stable adaptation=without_ML throughput_gbps=8.047 latency_ms=64.6397
[2026-08-16T07:58:22] SAMPLE t=11s phase=Stable adaptation=without_ML throughput_gbps=7.7403 latency_ms=67.5304
[2026-08-16T07:58:23] SAMPLE t=12s phase=Stable adaptation=without_ML throughput_gbps=7.5976 latency_ms=64.812
[2026-08-16T07:58:24] SAMPLE t=13s phase=Stable adaptation=without_ML throughput_gbps=8.1413 latency_ms=64.2195
[2026-08-16T07:58:25] SAMPLE t=14s phase=Stable adaptation=without_ML throughput_gbps=7.8456 latency_ms=67.9279
[2026-08-16T07:58:26] SAMPLE t=15s phase=Stable adaptation=without_ML throughput_gbps=7.5829 latency_ms=66.8333
[2026-08-16T07:58:27] SAMPLE t=16s phase=Stable adaptation=without_ML throughput_gbps=8.0207 latency_ms=66.2687
[2026-08-16T07:58:28] SAMPLE t=17s phase=Stable adaptation=without_ML throughput_gbps=8.1927 latency_ms=67.8033
[2026-08-16T07:58:29] SAMPLE t=18s phase=Stable adaptation=without_ML throughput_gbps=7.9078 latency_ms=66.3599
[2026-08-16T07:58:30] SAMPLE t=19s phase=Stable adaptation=without_ML throughput_gbps=8.2294 latency_ms=64.1506
[2026-08-16T07:58:31] SAMPLE t=20s phase=Congestion adaptation=without_ML throughput_gbps=7.9352 latency_ms=66.8287
[2026-08-16T07:58:32] SAMPLE t=21s phase=Congestion adaptation=without_ML throughput_gbps=8.0668 latency_ms=66.5235
[2026-08-16T07:58:33] SAMPLE t=22s phase=Congestion adaptation=without_ML throughput_gbps=8.4948 latency_ms=67.6513
[2026-08-16T07:58:34] SAMPLE t=23s phase=Congestion adaptation=without_ML throughput_gbps=8.0237 latency_ms=65.7861
[2026-08-16T07:58:35] SAMPLE t=24s phase=Congestion adaptation=without_ML throughput_gbps=7.9057 latency_ms=64.5417
[2026-08-16T07:58:36] SAMPLE t=25s phase=Congestion adaptation=without_ML throughput_gbps=7.9949 latency_ms=67.3554
[2026-08-16T07:58:37] SAMPLE t=26s phase=Congestion adaptation=without_ML throughput_gbps=8.2576 latency_ms=64.8898
[2026-08-16T07:58:38] SAMPLE t=27s phase=Congestion adaptation=without_ML throughput_gbps=7.9132 latency_ms=65.6164
[2026-08-16T07:58:39] SAMPLE t=28s phase=Congestion adaptation=without_ML throughput_gbps=8.2835 latency_ms=66.9565
[2026-08-16T07:58:40] SAMPLE t=29s phase=Congestion adaptation=without_ML throughput_gbps=7.7877 latency_ms=64.5998
[2026-08-16T07:58:41] SAMPLE t=30s phase=Congestion adaptation=without_ML throughput_gbps=8.4777 latency_ms=66.2143
[2026-08-16T07:58:42] SAMPLE t=31s phase=Congestion adaptation=without_ML throughput_gbps=8.053 latency_ms=66.14
[2026-08-16T07:58:43] SAMPLE t=32s phase=Congestion adaptation=without_ML throughput_gbps=7.9295 latency_ms=65.8358
[2026-08-16T07:58:44] SAMPLE t=33s phase=Congestion adaptation=without_ML throughput_gbps=7.5037 latency_ms=65.5326
[2026-08-16T07:58:45] SAMPLE t=34s phase=Congestion adaptation=without_ML throughput_gbps=8.1028 latency_ms=64.6917
[2026-08-16T07:58:46] SAMPLE t=35s phase=Congestion adaptation=without_ML throughput_gbps=8.4291 latency_ms=67.215
[2026-08-16T07:58:47] SAMPLE t=36s phase=Congestion adaptation=without_ML throughput_gbps=8.2029 latency_ms=66.2424
[2026-08-16T07:58:48] SAMPLE t=37s phase=Congestion adaptation=without_ML throughput_gbps=8.3296 latency_ms=65.7593
[2026-08-16T07:58:49] SAMPLE t=38s phase=Congestion adaptation=without_ML throughput_gbps=7.9791 latency_ms=67.6149
[2026-08-16T07:58:50] SAMPLE t=39s phase=Congestion adaptation=without_ML throughput_gbps=8.0446 latency_ms=69.4496
[2026-08-16T07:58:51] SAMPLE t=40s phase=Path_change adaptation=without_ML throughput_gbps=7.9699 latency_ms=67.2913
[2026-08-16T07:58:52] SAMPLE t=41s phase=Path_change adaptation=without_ML throughput_gbps=7.7183 latency_ms=68.6527
[2026-08-16T07:58:53] SAMPLE t=42s phase=Path_change adaptation=without_ML throughput_gbps=7.3236 latency_ms=68.1098
[2026-08-16T07:58:54] SAMPLE t=43s phase=Path_change adaptation=without_ML throughput_gbps=7.1196 latency_ms=68.9093
[2026-08-16T07:58:55] SAMPLE t=44s phase=Path_change adaptation=without_ML throughput_gbps=6.7645 latency_ms=69.5863
[2026-08-16T07:58:56] SAMPLE t=45s phase=Path_change adaptation=without_ML throughput_gbps=6.4091 latency_ms=72.528
[2026-08-16T07:58:57] SAMPLE t=46s phase=Path_change adaptation=without_ML throughput_gbps=6.4448 latency_ms=73.726
[2026-08-16T07:58:58] SAMPLE t=47s phase=Path_change adaptation=without_ML throughput_gbps=5.8138 latency_ms=72.726
[2026-08-16T07:58:59] SAMPLE t=48s phase=Path_change adaptation=without_ML throughput_gbps=5.6782 latency_ms=70.5158
[2026-08-16T07:59:00] SAMPLE t=49s phase=Path_change adaptation=without_ML throughput_gbps=6.2535 latency_ms=72.972
[2026-08-16T07:59:01] SAMPLE t=50s phase=Path_change adaptation=without_ML throughput_gbps=5.6699 latency_ms=72.692
[2026-08-16T07:59:02] SAMPLE t=51s phase=Path_change adaptation=without_ML throughput_gbps=5.6769 latency_ms=74.12
[2026-08-16T07:59:03] SAMPLE t=52s phase=Path_change adaptation=without_ML throughput_gbps=5.7459 latency_ms=71.0174
[2026-08-16T07:59:04] SAMPLE t=53s phase=Path_change adaptation=without_ML throughput_gbps=5.8788 latency_ms=73.0707
[2026-08-16T07:59:05] SAMPLE t=54s phase=Path_change adaptation=without_ML throughput_gbps=6.0745 latency_ms=69.8825
[2026-08-16T07:59:06] SAMPLE t=55s phase=Path_change adaptation=without_ML throughput_gbps=6.2807 latency_ms=72.6779
[2026-08-16T07:59:07] SAMPLE t=56s phase=Path_change adaptation=without_ML throughput_gbps=6.5337 latency_ms=72.0198
[2026-08-16T07:59:08] SAMPLE t=57s phase=Path_change adaptation=without_ML throughput_gbps=6.8576 latency_ms=68.0081
[2026-08-16T07:59:09] SAMPLE t=58s phase=Path_change adaptation=without_ML throughput_gbps=7.6108 latency_ms=69.5308
[2026-08-16T07:59:10] SAMPLE t=59s phase=Path_change adaptation=without_ML throughput_gbps=7.9025 latency_ms=67.8175
[2026-08-16T07:59:11] SAMPLE t=60s phase=Loss_spike adaptation=without_ML throughput_gbps=6.0424 latency_ms=68.3614
[2026-08-16T07:59:12] SAMPLE t=61s phase=Loss_spike adaptation=without_ML throughput_gbps=8.6779 latency_ms=79.0411
[2026-08-16T07:59:13] SAMPLE t=62s phase=Loss_spike adaptation=without_ML throughput_gbps=7.4146 latency_ms=74.1644
[2026-08-16T07:59:14] SAMPLE t=63s phase=Loss_spike adaptation=without_ML throughput_gbps=4.7944 latency_ms=76.5389
[2026-08-16T07:59:15] SAMPLE t=64s phase=Loss_spike adaptation=without_ML throughput_gbps=3.9087 latency_ms=78.1595
[2026-08-16T07:59:16] SAMPLE t=65s phase=Loss_spike adaptation=without_ML throughput_gbps=5.961 latency_ms=68.0017
[2026-08-16T07:59:17] SAMPLE t=66s phase=Loss_spike adaptation=without_ML throughput_gbps=8.8773 latency_ms=80.0135
[2026-08-16T07:59:18] SAMPLE t=67s phase=Loss_spike adaptation=without_ML throughput_gbps=7.209 latency_ms=76.2215
[2026-08-16T07:59:19] SAMPLE t=68s phase=Loss_spike adaptation=without_ML throughput_gbps=4.6427 latency_ms=74.8825
[2026-08-16T07:59:20] SAMPLE t=69s phase=Loss_spike adaptation=without_ML throughput_gbps=3.9723 latency_ms=76.6064
[2026-08-16T07:59:21] SAMPLE t=70s phase=Loss_spike adaptation=without_ML throughput_gbps=6.1979 latency_ms=68.5475
[2026-08-16T07:59:22] SAMPLE t=71s phase=Loss_spike adaptation=without_ML throughput_gbps=8.1301 latency_ms=80.8188
[2026-08-16T07:59:23] SAMPLE t=72s phase=Loss_spike adaptation=without_ML throughput_gbps=7.3948 latency_ms=77.1454
[2026-08-16T07:59:24] SAMPLE t=73s phase=Loss_spike adaptation=without_ML throughput_gbps=4.9196 latency_ms=77.5294
[2026-08-16T07:59:25] SAMPLE t=74s phase=Loss_spike adaptation=without_ML throughput_gbps=3.8778 latency_ms=77.5514
[2026-08-16T07:59:26] SAMPLE t=75s phase=Loss_spike adaptation=without_ML throughput_gbps=5.9173 latency_ms=68.2857
[2026-08-16T07:59:27] SAMPLE t=76s phase=Loss_spike adaptation=without_ML throughput_gbps=8.5348 latency_ms=78.1328
[2026-08-16T07:59:28] SAMPLE t=77s phase=Loss_spike adaptation=without_ML throughput_gbps=7.8457 latency_ms=75.6796
[2026-08-16T07:59:29] SAMPLE t=78s phase=Loss_spike adaptation=without_ML throughput_gbps=4.8864 latency_ms=75.9792
[2026-08-16T07:59:30] SAMPLE t=79s phase=Loss_spike adaptation=without_ML throughput_gbps=4.4215 latency_ms=79.9413
[2026-08-16T07:59:31] SAMPLE t=80s phase=Recovery adaptation=without_ML throughput_gbps=8.4834 latency_ms=64.9423
[2026-08-16T07:59:32] SAMPLE t=81s phase=Recovery adaptation=without_ML throughput_gbps=7.8803 latency_ms=65.6218
[2026-08-16T07:59:33] SAMPLE t=82s phase=Recovery adaptation=without_ML throughput_gbps=8.0088 latency_ms=64.8015
[2026-08-16T07:59:34] SAMPLE t=83s phase=Recovery adaptation=without_ML throughput_gbps=8.2536 latency_ms=65.6935
[2026-08-16T07:59:35] SAMPLE t=84s phase=Recovery adaptation=without_ML throughput_gbps=8.3402 latency_ms=66.0302
[2026-08-16T07:59:36] SAMPLE t=85s phase=Recovery adaptation=without_ML throughput_gbps=8.1143 latency_ms=65.135
[2026-08-16T07:59:37] SAMPLE t=86s phase=Recovery adaptation=without_ML throughput_gbps=7.9245 latency_ms=65.0041
[2026-08-16T07:59:38] SAMPLE t=87s phase=Recovery adaptation=without_ML throughput_gbps=7.602 latency_ms=68.2012
[2026-08-16T07:59:39] SAMPLE t=88s phase=Recovery adaptation=without_ML throughput_gbps=8.2661 latency_ms=65.1489
[2026-08-16T07:59:40] SAMPLE t=89s phase=Recovery adaptation=without_ML throughput_gbps=7.7709 latency_ms=64.8586
[2026-08-16T07:59:41] SAMPLE t=90s phase=Recovery adaptation=without_ML throughput_gbps=8.1458 latency_ms=65.6268
[2026-08-16T07:59:42] SAMPLE t=91s phase=Recovery adaptation=without_ML throughput_gbps=8.0648 latency_ms=67.3636
[2026-08-16T07:59:43] SAMPLE t=92s phase=Recovery adaptation=without_ML throughput_gbps=8.0186 latency_ms=67.7249
[2026-08-16T07:59:44] SAMPLE t=93s phase=Recovery adaptation=without_ML throughput_gbps=8.269 latency_ms=65.1084
[2026-08-16T07:59:45] SAMPLE t=94s phase=Recovery adaptation=without_ML throughput_gbps=7.6889 latency_ms=66.3637
[2026-08-16T07:59:46] SAMPLE t=95s phase=Recovery adaptation=without_ML throughput_gbps=8.0116 latency_ms=65.0172
[2026-08-16T07:59:47] SAMPLE t=96s phase=Recovery adaptation=without_ML throughput_gbps=8.1314 latency_ms=65.0631
[2026-08-16T07:59:48] SAMPLE t=97s phase=Recovery adaptation=without_ML throughput_gbps=7.9541 latency_ms=63.63
[2026-08-16T07:59:49] SAMPLE t=98s phase=Recovery adaptation=without_ML throughput_gbps=8.2934 latency_ms=68.5
[2026-08-16T07:59:50] SAMPLE t=99s phase=Recovery adaptation=without_ML throughput_gbps=7.9478 latency_ms=66.8208
[2026-08-16T07:58:11] TRACE_END run_id=112 status=OK
[2026-08-16T08:13:25] TRACE_START run_id=113
[2026-08-16T08:13:25] SAMPLE t=0s phase=Stable adaptation=with_ML throughput_gbps=8.2014 latency_ms=66.3128
[2026-08-16T08:13:26] SAMPLE t=1s phase=Stable adaptation=with_ML throughput_gbps=8.0162 latency_ms=66.4803
[2026-08-16T08:13:27] SAMPLE t=2s phase=Stable adaptation=with_ML throughput_gbps=8.0542 latency_ms=66.8854
[2026-08-16T08:13:28] SAMPLE t=3s phase=Stable adaptation=with_ML throughput_gbps=8.0149 latency_ms=66.328
[2026-08-16T08:13:29] SAMPLE t=4s phase=Stable adaptation=with_ML throughput_gbps=7.8694 latency_ms=65.6256
[2026-08-16T08:13:30] SAMPLE t=5s phase=Stable adaptation=with_ML throughput_gbps=8.1284 latency_ms=67.0835
[2026-08-16T08:13:31] SAMPLE t=6s phase=Stable adaptation=with_ML throughput_gbps=8.1688 latency_ms=65.7111
[2026-08-16T08:13:32] SAMPLE t=7s phase=Stable adaptation=with_ML throughput_gbps=8.1678 latency_ms=65.0469
[2026-08-16T08:13:33] SAMPLE t=8s phase=Stable adaptation=with_ML throughput_gbps=8.3303 latency_ms=68.4261
[2026-08-16T08:13:34] SAMPLE t=9s phase=Stable adaptation=with_ML throughput_gbps=8.1282 latency_ms=66.317
[2026-08-16T08:13:35] SAMPLE t=10s phase=Stable adaptation=with_ML throughput_gbps=8.2193 latency_ms=65.5892
[2026-08-16T08:13:36] SAMPLE t=11s phase=Stable adaptation=with_ML throughput_gbps=8.2232 latency_ms=63.928
[2026-08-16T08:13:37] SAMPLE t=12s phase=Stable adaptation=with_ML throughput_gbps=8.0895 latency_ms=67.3418
[2026-08-16T08:13:38] SAMPLE t=13s phase=Stable adaptation=with_ML throughput_gbps=7.6707 latency_ms=64.2318
[2026-08-16T08:13:39] SAMPLE t=14s phase=Stable adaptation=with_ML throughput_gbps=8.001 latency_ms=68.6033
[2026-08-16T08:13:40] SAMPLE t=15s phase=Stable adaptation=with_ML throughput_gbps=8.186 latency_ms=65.7037
[2026-08-16T08:13:41] SAMPLE t=16s phase=Stable adaptation=with_ML throughput_gbps=8.2909 latency_ms=68.1183
[2026-08-16T08:13:42] SAMPLE t=17s phase=Stable adaptation=with_ML throughput_gbps=8.4565 latency_ms=66.4078
[2026-08-16T08:13:43] SAMPLE t=18s phase=Stable adaptation=with_ML throughput_gbps=7.8216 latency_ms=65.8936
[2026-08-16T08:13:44] SAMPLE t=19s phase=Stable adaptation=with_ML throughput_gbps=7.9903 latency_ms=66.8011
[2026-08-16T08:13:45] SAMPLE t=20s phase=Congestion adaptation=with_ML throughput_gbps=8.4273 latency_ms=64.8028
[2026-08-16T08:13:46] SAMPLE t=21s phase=Congestion adaptation=with_ML throughput_gbps=8.1674 latency_ms=67.2453
[2026-08-16T08:13:47] SAMPLE t=22s phase=Congestion adaptation=with_ML throughput_gbps=8.0012 latency_ms=66.529
[2026-08-16T08:13:48] SAMPLE t=23s phase=Congestion adaptation=with_ML throughput_gbps=8.0718 latency_ms=66.0379
[2026-08-16T08:13:49] SAMPLE t=24s phase=Congestion adaptation=with_ML throughput_gbps=8.0837 latency_ms=68.3957
[2026-08-16T08:13:50] SAMPLE t=25s phase=Congestion adaptation=with_ML throughput_gbps=8.3755 latency_ms=69.0429
[2026-08-16T08:13:51] SAMPLE t=26s phase=Congestion adaptation=with_ML throughput_gbps=7.9515 latency_ms=67.8272
[2026-08-16T08:13:52] SAMPLE t=27s phase=Congestion adaptation=with_ML throughput_gbps=7.951 latency_ms=66.7048
[2026-08-16T08:13:53] SAMPLE t=28s phase=Congestion adaptation=with_ML throughput_gbps=8.0061 latency_ms=64.3074
[2026-08-16T08:13:54] SAMPLE t=29s phase=Congestion adaptation=with_ML throughput_gbps=8.2069 latency_ms=66.4793
[2026-08-16T08:13:55] SAMPLE t=30s phase=Congestion adaptation=with_ML throughput_gbps=8.3146 latency_ms=66.1641
[2026-08-16T08:13:56] SAMPLE t=31s phase=Congestion adaptation=with_ML throughput_gbps=8.1111 latency_ms=65.4927
[2026-08-16T08:13:57] SAMPLE t=32s phase=Congestion adaptation=with_ML throughput_gbps=8.3654 latency_ms=66.1845
[2026-08-16T08:13:58] SAMPLE t=33s phase=Congestion adaptation=with_ML throughput_gbps=8.1228 latency_ms=69.6744
[2026-08-16T08:13:59] SAMPLE t=34s phase=Congestion adaptation=with_ML throughput_gbps=7.8802 latency_ms=65.8367
[2026-08-16T08:14:00] SAMPLE t=35s phase=Congestion adaptation=with_ML throughput_gbps=8.0316 latency_ms=67.9923
[2026-08-16T08:14:01] SAMPLE t=36s phase=Congestion adaptation=with_ML throughput_gbps=8.4014 latency_ms=65.6958
[2026-08-16T08:14:02] SAMPLE t=37s phase=Congestion adaptation=with_ML throughput_gbps=8.1269 latency_ms=67.9497
[2026-08-16T08:14:03] SAMPLE t=38s phase=Congestion adaptation=with_ML throughput_gbps=8.2872 latency_ms=65.9469
[2026-08-16T08:14:04] SAMPLE t=39s phase=Congestion adaptation=with_ML throughput_gbps=7.9272 latency_ms=66.8105
[2026-08-16T08:14:05] SAMPLE t=40s phase=Path_change adaptation=with_ML throughput_gbps=8.1367 latency_ms=66.4488
[2026-08-16T08:14:06] SAMPLE t=41s phase=Path_change adaptation=with_ML throughput_gbps=7.6711 latency_ms=67.4709
[2026-08-16T08:14:07] SAMPLE t=42s phase=Path_change adaptation=with_ML throughput_gbps=7.6982 latency_ms=67.1374
[2026-08-16T08:14:08] SAMPLE t=43s phase=Path_change adaptation=with_ML throughput_gbps=7.6877 latency_ms=68.7022
[2026-08-16T08:14:09] SAMPLE t=44s phase=Path_change adaptation=with_ML throughput_gbps=7.3461 latency_ms=67.4573
[2026-08-16T08:14:10] SAMPLE t=45s phase=Path_change adaptation=with_ML throughput_gbps=7.4779 latency_ms=69.3589
[2026-08-16T08:14:11] SAMPLE t=46s phase=Path_change adaptation=with_ML throughput_gbps=7.4505 latency_ms=66.7345
[2026-08-16T08:14:12] SAMPLE t=47s phase=Path_change adaptation=with_ML throughput_gbps=7.4829 latency_ms=65.9781
[2026-08-16T08:14:13] SAMPLE t=48s phase=Path_change adaptation=with_ML throughput_gbps=7.0043 latency_ms=67.5626
[2026-08-16T08:14:14] SAMPLE t=49s phase=Path_change adaptation=with_ML throughput_gbps=7.0242 latency_ms=69.8637
[2026-08-16T08:14:15] SAMPLE t=50s phase=Path_change adaptation=with_ML throughput_gbps=7.1145 latency_ms=69.1368
[2026-08-16T08:14:16] SAMPLE t=51s phase=Path_change adaptation=with_ML throughput_gbps=7.0202 latency_ms=67.9389
[2026-08-16T08:14:17] SAMPLE t=52s phase=Path_change adaptation=with_ML throughput_gbps=6.8548 latency_ms=67.4406
[2026-08-16T08:14:18] SAMPLE t=53s phase=Path_change adaptation=with_ML throughput_gbps=7.3925 latency_ms=68.6349
[2026-08-16T08:14:19] SAMPLE t=54s phase=Path_change adaptation=with_ML throughput_gbps=7.6039 latency_ms=67.3653
[2026-08-16T08:14:20] SAMPLE t=55s phase=Path_change adaptation=with_ML throughput_gbps=7.8804 latency_ms=68.6364
[2026-08-16T08:14:21] SAMPLE t=56s phase=Path_change adaptation=with_ML throughput_gbps=7.3218 latency_ms=66.5378
[2026-08-16T08:14:22] SAMPLE t=57s phase=Path_change adaptation=with_ML throughput_gbps=7.4071 latency_ms=66.7891
[2026-08-16T08:14:23] SAMPLE t=58s phase=Path_change adaptation=with_ML throughput_gbps=7.6122 latency_ms=67.1102
[2026-08-16T08:14:24] SAMPLE t=59s phase=Path_change adaptation=with_ML throughput_gbps=8.1029 latency_ms=67.9685
[2026-08-16T08:14:25] SAMPLE t=60s phase=Loss_spike adaptation=with_ML throughput_gbps=7.1244 latency_ms=69.8552
[2026-08-16T08:14:26] SAMPLE t=61s phase=Loss_spike adaptation=with_ML throughput_gbps=8.6729 latency_ms=71.1561
[2026-08-16T08:14:27] SAMPLE t=62s phase=Loss_spike adaptation=with_ML throughput_gbps=8.0337 latency_ms=68.8094
[2026-08-16T08:14:28] SAMPLE t=63s phase=Loss_spike adaptation=with_ML throughput_gbps=6.644 latency_ms=70.402
[2026-08-16T08:14:29] SAMPLE t=64s phase=Loss_spike adaptation=with_ML throughput_gbps=6.402 latency_ms=69.2339
[2026-08-16T08:14:30] SAMPLE t=65s phase=Loss_spike adaptation=with_ML throughput_gbps=7.328 latency_ms=66.7522
[2026-08-16T08:14:31] SAMPLE t=66s phase=Loss_spike adaptation=with_ML throughput_gbps=8.3295 latency_ms=71.8147
[2026-08-16T08:14:32] SAMPLE t=67s phase=Loss_spike adaptation=with_ML throughput_gbps=8.2432 latency_ms=70.0255
[2026-08-16T08:14:33] SAMPLE t=68s phase=Loss_spike adaptation=with_ML throughput_gbps=6.5488 latency_ms=69.7105
[2026-08-16T08:14:34] SAMPLE t=69s phase=Loss_spike adaptation=with_ML throughput_gbps=6.3542 latency_ms=70.5021
[2026-08-16T08:14:35] SAMPLE t=70s phase=Loss_spike adaptation=with_ML throughput_gbps=7.398 latency_ms=67.4853
[2026-08-16T08:14:36] SAMPLE t=71s phase=Loss_spike adaptation=with_ML throughput_gbps=8.3726 latency_ms=70.9591
[2026-08-16T08:14:37] SAMPLE t=72s phase=Loss_spike adaptation=with_ML throughput_gbps=7.3305 latency_ms=69.4458
[2026-08-16T08:14:38] SAMPLE t=73s phase=Loss_spike adaptation=with_ML throughput_gbps=6.2722 latency_ms=66.3361
[2026-08-16T08:14:39] SAMPLE t=74s phase=Loss_spike adaptation=with_ML throughput_gbps=6.4289 latency_ms=68.7866
[2026-08-16T08:14:40] SAMPLE t=75s phase=Loss_spike adaptation=with_ML throughput_gbps=7.487 latency_ms=64.8949
[2026-08-16T08:14:41] SAMPLE t=76s phase=Loss_spike adaptation=with_ML throughput_gbps=8.3653 latency_ms=72.9826
[2026-08-16T08:14:42] SAMPLE t=77s phase=Loss_spike adaptation=with_ML throughput_gbps=7.8701 latency_ms=70.4927
[2026-08-16T08:14:43] SAMPLE t=78s phase=Loss_spike adaptation=with_ML throughput_gbps=6.789 latency_ms=69.2613
[2026-08-16T08:14:44] SAMPLE t=79s phase=Loss_spike adaptation=with_ML throughput_gbps=6.2669 latency_ms=69.2296
[2026-08-16T08:14:45] SAMPLE t=80s phase=Recovery adaptation=with_ML throughput_gbps=8.0896 latency_ms=65.5647
[2026-08-16T08:14:46] SAMPLE t=81s phase=Recovery adaptation=with_ML throughput_gbps=7.8285 latency_ms=65.1902
[2026-08-16T08:14:47] SAMPLE t=82s phase=Recovery adaptation=with_ML throughput_gbps=8.5032 latency_ms=65.6669
[2026-08-16T08:14:48] SAMPLE t=83s phase=Recovery adaptation=with_ML throughput_gbps=8.1417 latency_ms=66.4973
[2026-08-16T08:14:49] SAMPLE t=84s phase=Recovery adaptation=with_ML throughput_gbps=8.4346 latency_ms=66.3179
[2026-08-16T08:14:50] SAMPLE t=85s phase=Recovery adaptation=with_ML throughput_gbps=8.222 latency_ms=65.0362
[2026-08-16T08:14:51] SAMPLE t=86s phase=Recovery adaptation=with_ML throughput_gbps=8.3472 latency_ms=63.6517
[2026-08-16T08:14:52] SAMPLE t=87s phase=Recovery adaptation=with_ML throughput_gbps=8.1527 latency_ms=64.2929
[2026-08-16T08:14:53] SAMPLE t=88s phase=Recovery adaptation=with_ML throughput_gbps=8.7036 latency_ms=67.1692
[2026-08-16T08:14:54] SAMPLE t=89s phase=Recovery adaptation=with_ML throughput_gbps=8.6849 latency_ms=66.8333
[2026-08-16T08:14:55] SAMPLE t=90s phase=Recovery adaptation=with_ML throughput_gbps=8.3131 latency_ms=63.7112
[2026-08-16T08:14:56] SAMPLE t=91s phase=Recovery adaptation=with_ML throughput_gbps=8.4586 latency_ms=67.1383
[2026-08-16T08:14:57] SAMPLE t=92s phase=Recovery adaptation=with_ML throughput_gbps=8.2233 latency_ms=67.0209
[2026-08-16T08:14:58] SAMPLE t=93s phase=Recovery adaptation=with_ML throughput_gbps=8.337 latency_ms=67.0429
[2026-08-16T08:14:59] SAMPLE t=94s phase=Recovery adaptation=with_ML throughput_gbps=8.6911 latency_ms=65.3197
[2026-08-16T08:15:00] SAMPLE t=95s phase=Recovery adaptation=with_ML throughput_gbps=8.5656 latency_ms=66.1883
[2026-08-16T08:15:01] SAMPLE t=96s phase=Recovery adaptation=with_ML throughput_gbps=8.7792 latency_ms=65.2564
[2026-08-16T08:15:02] SAMPLE t=97s phase=Recovery adaptation=with_ML throughput_gbps=7.9723 latency_ms=67.0458
[2026-08-16T08:15:03] SAMPLE t=98s phase=Recovery adaptation=with_ML throughput_gbps=8.3439 latency_ms=65.1562
[2026-08-16T08:15:04] SAMPLE t=99s phase=Recovery adaptation=with_ML throughput_gbps=8.552 latency_ms=65.3665
[2026-08-16T08:13:25] SAMPLE t=0s phase=Stable adaptation=without_ML throughput_gbps=7.9239 latency_ms=65.5834
[2026-08-16T08:13:26] SAMPLE t=1s phase=Stable adaptation=without_ML throughput_gbps=7.8433 latency_ms=64.7948
[2026-08-16T08:13:27] SAMPLE t=2s phase=Stable adaptation=without_ML throughput_gbps=8.0356 latency_ms=65.3567
[2026-08-16T08:13:28] SAMPLE t=3s phase=Stable adaptation=without_ML throughput_gbps=8.0584 latency_ms=67.2371
[2026-08-16T08:13:29] SAMPLE t=4s phase=Stable adaptation=without_ML throughput_gbps=7.9424 latency_ms=62.7606
[2026-08-16T08:13:30] SAMPLE t=5s phase=Stable adaptation=without_ML throughput_gbps=7.7987 latency_ms=68.6175
[2026-08-16T08:13:31] SAMPLE t=6s phase=Stable adaptation=without_ML throughput_gbps=8.1307 latency_ms=66.9698
[2026-08-16T08:13:32] SAMPLE t=7s phase=Stable adaptation=without_ML throughput_gbps=8.1223 latency_ms=65.3149
[2026-08-16T08:13:33] SAMPLE t=8s phase=Stable adaptation=without_ML throughput_gbps=7.8899 latency_ms=66.2461
[2026-08-16T08:13:34] SAMPLE t=9s phase=Stable adaptation=without_ML throughput_gbps=7.7573 latency_ms=66.2152
[2026-08-16T08:13:35] SAMPLE t=10s phase=Stable adaptation=without_ML throughput_gbps=8.0047 latency_ms=65.1077
[2026-08-16T08:13:36] SAMPLE t=11s phase=Stable adaptation=without_ML throughput_gbps=8.2703 latency_ms=63.8087
[2026-08-16T08:13:37] SAMPLE t=12s phase=Stable adaptation=without_ML throughput_gbps=7.8155 latency_ms=63.8183
[2026-08-16T08:13:38] SAMPLE t=13s phase=Stable adaptation=without_ML throughput_gbps=7.7615 latency_ms=66.125
[2026-08-16T08:13:39] SAMPLE t=14s phase=Stable adaptation=without_ML throughput_gbps=8.1288 latency_ms=66.5139
[2026-08-16T08:13:40] SAMPLE t=15s phase=Stable adaptation=without_ML throughput_gbps=8.0039 latency_ms=64.8331
[2026-08-16T08:13:41] SAMPLE t=16s phase=Stable adaptation=without_ML throughput_gbps=7.8115 latency_ms=65.124
[2026-08-16T08:13:42] SAMPLE t=17s phase=Stable adaptation=without_ML throughput_gbps=7.8846 latency_ms=66.5487
[2026-08-16T08:13:43] SAMPLE t=18s phase=Stable adaptation=without_ML throughput_gbps=8.1616 latency_ms=67.7695
[2026-08-16T08:13:44] SAMPLE t=19s phase=Stable adaptation=without_ML throughput_gbps=8.3257 latency_ms=66.7322
[2026-08-16T08:13:45] SAMPLE t=20s phase=Congestion adaptation=without_ML throughput_gbps=7.566 latency_ms=66.1432
[2026-08-16T08:13:46] SAMPLE t=21s phase=Congestion adaptation=without_ML throughput_gbps=8.2017 latency_ms=66.3578
[2026-08-16T08:13:47] SAMPLE t=22s phase=Congestion adaptation=without_ML throughput_gbps=8.0264 latency_ms=65.1139
[2026-08-16T08:13:48] SAMPLE t=23s phase=Congestion adaptation=without_ML throughput_gbps=8.0338 latency_ms=64.9167
[2026-08-16T08:13:49] SAMPLE t=24s phase=Congestion adaptation=without_ML throughput_gbps=8.2378 latency_ms=64.9351
[2026-08-16T08:13:50] SAMPLE t=25s phase=Congestion adaptation=without_ML throughput_gbps=8.0098 latency_ms=64.8817
[2026-08-16T08:13:51] SAMPLE t=26s phase=Congestion adaptation=without_ML throughput_gbps=7.7459 latency_ms=66.045
[2026-08-16T08:13:52] SAMPLE t=27s phase=Congestion adaptation=without_ML throughput_gbps=8.0928 latency_ms=64.751
[2026-08-16T08:13:53] SAMPLE t=28s phase=Congestion adaptation=without_ML throughput_gbps=8.0691 latency_ms=67.6364
[2026-08-16T08:13:54] SAMPLE t=29s phase=Congestion adaptation=without_ML throughput_gbps=7.662 latency_ms=66.2993
[2026-08-16T08:13:55] SAMPLE t=30s phase=Congestion adaptation=without_ML throughput_gbps=8.1504 latency_ms=64.8445
[2026-08-16T08:13:56] SAMPLE t=31s phase=Congestion adaptation=without_ML throughput_gbps=7.8507 latency_ms=67.7388
[2026-08-16T08:13:57] SAMPLE t=32s phase=Congestion adaptation=without_ML throughput_gbps=7.9207 latency_ms=64.6157
[2026-08-16T08:13:58] SAMPLE t=33s phase=Congestion adaptation=without_ML throughput_gbps=7.8377 latency_ms=66.4899
[2026-08-16T08:13:59] SAMPLE t=34s phase=Congestion adaptation=without_ML throughput_gbps=8.4712 latency_ms=67.0066
[2026-08-16T08:14:00] SAMPLE t=35s phase=Congestion adaptation=without_ML throughput_gbps=8.3238 latency_ms=62.945
[2026-08-16T08:14:01] SAMPLE t=36s phase=Congestion adaptation=without_ML throughput_gbps=8.1972 latency_ms=66.5794
[2026-08-16T08:14:02] SAMPLE t=37s phase=Congestion adaptation=without_ML throughput_gbps=7.9976 latency_ms=64.2457
[2026-08-16T08:14:03] SAMPLE t=38s phase=Congestion adaptation=without_ML throughput_gbps=7.6962 latency_ms=64.9593
[2026-08-16T08:14:04] SAMPLE t=39s phase=Congestion adaptation=without_ML throughput_gbps=7.6104 latency_ms=64.6225
[2026-08-16T08:14:05] SAMPLE t=40s phase=Path_change adaptation=without_ML throughput_gbps=8.2776 latency_ms=66.2089
[2026-08-16T08:14:06] SAMPLE t=41s phase=Path_change adaptation=without_ML throughput_gbps=7.9593 latency_ms=65.3459
[2026-08-16T08:14:07] SAMPLE t=42s phase=Path_change adaptation=without_ML throughput_gbps=6.7901 latency_ms=67.6644
[2026-08-16T08:14:08] SAMPLE t=43s phase=Path_change adaptation=without_ML throughput_gbps=6.6984 latency_ms=70.0065
[2026-08-16T08:14:09] SAMPLE t=44s phase=Path_change adaptation=without_ML throughput_gbps=6.3571 latency_ms=69.2035
[2026-08-16T08:14:10] SAMPLE t=45s phase=Path_change adaptation=without_ML throughput_gbps=6.7859 latency_ms=68.2163
[2026-08-16T08:14:11] SAMPLE t=46s phase=Path_change adaptation=without_ML throughput_gbps=6.3073 latency_ms=72.4883
[2026-08-16T08:14:12] SAMPLE t=47s phase=Path_change adaptation=without_ML throughput_gbps=6.1245 latency_ms=71.4448
[2026-08-16T08:14:13] SAMPLE t=48s phase=Path_change adaptation=without_ML throughput_gbps=6.1806 latency_ms=69.8413
[2026-08-16T08:14:14] SAMPLE t=49s phase=Path_change adaptation=without_ML throughput_gbps=5.53 latency_ms=73.9615
[2026-08-16T08:14:15] SAMPLE t=50s phase=Path_change adaptation=without_ML throughput_gbps=5.6104 latency_ms=74.2213
[2026-08-16T08:14:16] SAMPLE t=51s phase=Path_change adaptation=without_ML throughput_gbps=5.5336 latency_ms=70.7208
[2026-08-16T08:14:17] SAMPLE t=52s phase=Path_change adaptation=without_ML throughput_gbps=5.6756 latency_ms=72.2067
[2026-08-16T08:14:18] SAMPLE t=53s phase=Path_change adaptation=without_ML throughput_gbps=5.9643 latency_ms=73.9429
[2026-08-16T08:14:19] SAMPLE t=54s phase=Path_change adaptation=without_ML throughput_gbps=6.0921 latency_ms=70.7825
[2026-08-16T08:14:20] SAMPLE t=55s phase=Path_change adaptation=without_ML throughput_gbps=6.3697 latency_ms=71.2068
[2026-08-16T08:14:21] SAMPLE t=56s phase=Path_change adaptation=without_ML throughput_gbps=6.4763 latency_ms=70.5922
[2026-08-16T08:14:22] SAMPLE t=57s phase=Path_change adaptation=without_ML throughput_gbps=7.0452 latency_ms=72.3947
[2026-08-16T08:14:23] SAMPLE t=58s phase=Path_change adaptation=without_ML throughput_gbps=7.6091 latency_ms=66.0372
[2026-08-16T08:14:24] SAMPLE t=59s phase=Path_change adaptation=without_ML throughput_gbps=8.1374 latency_ms=67.8285
[2026-08-16T08:14:25] SAMPLE t=60s phase=Loss_spike adaptation=without_ML throughput_gbps=6.6266 latency_ms=69.0235
[2026-08-16T08:14:26] SAMPLE t=61s phase=Loss_spike adaptation=without_ML throughput_gbps=8.4601 latency_ms=77.5363
[2026-08-16T08:14:27] SAMPLE t=62s phase=Loss_spike adaptation=without_ML throughput_gbps=6.9912 latency_ms=75.7822
[2026-08-16T08:14:28] SAMPLE t=63s phase=Loss_spike adaptation=without_ML throughput_gbps=4.628 latency_ms=77.6529
[2026-08-16T08:14:29] SAMPLE t=64s phase=Loss_spike adaptation=without_ML throughput_gbps=3.861 latency_ms=81.4495
[2026-08-16T08:14:30] SAMPLE t=65s phase=Loss_spike adaptation=without_ML throughput_gbps=6.0677 latency_ms=71.5885
[2026-08-16T08:14:31] SAMPLE t=66s phase=Loss_spike adaptation=without_ML throughput_gbps=8.5211 latency_ms=79.3818
[2026-08-16T08:14:32] SAMPLE t=67s phase=Loss_spike adaptation=without_ML throughput_gbps=7.6757 latency_ms=77.9621
[2026-08-16T08:14:33] SAMPLE t=68s phase=Loss_spike adaptation=without_ML throughput_gbps=4.6707 latency_ms=76.2824
[2026-08-16T08:14:34] SAMPLE t=69s phase=Loss_spike adaptation=without_ML throughput_gbps=4.0791 latency_ms=80.8883
[2026-08-16T08:14:35] SAMPLE t=70s phase=Loss_spike adaptation=without_ML throughput_gbps=6.0321 latency_ms=69.3128
[2026-08-16T08:14:36] SAMPLE t=71s phase=Loss_spike adaptation=without_ML throughput_gbps=8.4583 latency_ms=82.9746
[2026-08-16T08:14:37] SAMPLE t=72s phase=Loss_spike adaptation=without_ML throughput_gbps=7.4152 latency_ms=74.9336
[2026-08-16T08:14:38] SAMPLE t=73s phase=Loss_spike adaptation=without_ML throughput_gbps=4.9968 latency_ms=75.6362
[2026-08-16T08:14:39] SAMPLE t=74s phase=Loss_spike adaptation=without_ML throughput_gbps=4.1348 latency_ms=78.022
[2026-08-16T08:14:40] SAMPLE t=75s phase=Loss_spike adaptation=without_ML throughput_gbps=6.3525 latency_ms=71.651
[2026-08-16T08:14:41] SAMPLE t=76s phase=Loss_spike adaptation=without_ML throughput_gbps=8.3538 latency_ms=77.5485
[2026-08-16T08:14:42] SAMPLE t=77s phase=Loss_spike adaptation=without_ML throughput_gbps=7.6338 latency_ms=72.9161
[2026-08-16T08:14:43] SAMPLE t=78s phase=Loss_spike adaptation=without_ML throughput_gbps=4.7445 latency_ms=75.3077
[2026-08-16T08:14:44] SAMPLE t=79s phase=Loss_spike adaptation=without_ML throughput_gbps=4.0059 latency_ms=79.4919
[2026-08-16T08:14:45] SAMPLE t=80s phase=Recovery adaptation=without_ML throughput_gbps=8.1669 latency_ms=68.3405
[2026-08-16T08:14:46] SAMPLE t=81s phase=Recovery adaptation=without_ML throughput_gbps=7.677 latency_ms=64.0581
[2026-08-16T08:14:47] SAMPLE t=82s phase=Recovery adaptation=without_ML throughput_gbps=7.9158 latency_ms=65.8649
[2026-08-16T08:14:48] SAMPLE t=83s phase=Recovery adaptation=without_ML throughput_gbps=8.0687 latency_ms=65.9001
[2026-08-16T08:14:49] SAMPLE t=84s phase=Recovery adaptation=without_ML throughput_gbps=8.2364 latency_ms=68.2189
[2026-08-16T08:14:50] SAMPLE t=85s phase=Recovery adaptation=without_ML throughput_gbps=8.1935 latency_ms=65.1819
[2026-08-16T08:14:51] SAMPLE t=86s phase=Recovery adaptation=without_ML throughput_gbps=8.0904 latency_ms=68.1331
[2026-08-16T08:14:52] SAMPLE t=87s phase=Recovery adaptation=without_ML throughput_gbps=8.6431 latency_ms=67.0455
[2026-08-16T08:14:53] SAMPLE t=88s phase=Recovery adaptation=without_ML throughput_gbps=8.0106 latency_ms=66.5266
[2026-08-16T08:14:54] SAMPLE t=89s phase=Recovery adaptation=without_ML throughput_gbps=7.8256 latency_ms=66.3258
[2026-08-16T08:14:55] SAMPLE t=90s phase=Recovery adaptation=without_ML throughput_gbps=7.9329 latency_ms=65.4135
[2026-08-16T08:14:56] SAMPLE t=91s phase=Recovery adaptation=without_ML throughput_gbps=8.0704 latency_ms=66.5223
[2026-08-16T08:14:57] SAMPLE t=92s phase=Recovery adaptation=without_ML throughput_gbps=7.6073 latency_ms=66.3673
[2026-08-16T08:14:58] SAMPLE t=93s phase=Recovery adaptation=without_ML throughput_gbps=7.7462 latency_ms=67.6767
[2026-08-16T08:14:59] SAMPLE t=94s phase=Recovery adaptation=without_ML throughput_gbps=8.04 latency_ms=67.4427
[2026-08-16T08:15:00] SAMPLE t=95s phase=Recovery adaptation=without_ML throughput_gbps=8.3231 latency_ms=68.8335
[2026-08-16T08:15:01] SAMPLE t=96s phase=Recovery adaptation=without_ML throughput_gbps=7.9978 latency_ms=65.7242
[2026-08-16T08:15:02] SAMPLE t=97s phase=Recovery adaptation=without_ML throughput_gbps=7.5461 latency_ms=66.2338
[2026-08-16T08:15:03] SAMPLE t=98s phase=Recovery adaptation=without_ML throughput_gbps=8.0344 latency_ms=65.7987
[2026-08-16T08:15:04] SAMPLE t=99s phase=Recovery adaptation=without_ML throughput_gbps=8.2046 latency_ms=64.1743
[2026-08-16T08:13:25] TRACE_END run_id=113 status=OK
[2026-08-16T08:20:35] TRACE_START run_id=114
[2026-08-16T08:20:35] SAMPLE t=0s phase=Stable adaptation=with_ML throughput_gbps=8.0021 latency_ms=65.9314
[2026-08-16T08:20:36] SAMPLE t=1s phase=Stable adaptation=with_ML throughput_gbps=7.8527 latency_ms=65.3761
[2026-08-16T08:20:37] SAMPLE t=2s phase=Stable adaptation=with_ML throughput_gbps=7.899 latency_ms=68.6626
[2026-08-16T08:20:38] SAMPLE t=3s phase=Stable adaptation=with_ML throughput_gbps=8.161 latency_ms=67.267
[2026-08-16T08:20:39] SAMPLE t=4s phase=Stable adaptation=with_ML throughput_gbps=7.7519 latency_ms=66.8364
[2026-08-16T08:20:40] SAMPLE t=5s phase=Stable adaptation=with_ML throughput_gbps=7.6839 latency_ms=66.1589
[2026-08-16T08:20:41] SAMPLE t=6s phase=Stable adaptation=with_ML throughput_gbps=8.0833 latency_ms=67.6168
[2026-08-16T08:20:42] SAMPLE t=7s phase=Stable adaptation=with_ML throughput_gbps=8.1696 latency_ms=65.8198
[2026-08-16T08:20:43] SAMPLE t=8s phase=Stable adaptation=with_ML throughput_gbps=8.2897 latency_ms=65.0726
[2026-08-16T08:20:44] SAMPLE t=9s phase=Stable adaptation=with_ML throughput_gbps=8.2305 latency_ms=65.6317
[2026-08-16T08:20:45] SAMPLE t=10s phase=Stable adaptation=with_ML throughput_gbps=8.0311 latency_ms=67.3251
[2026-08-16T08:20:46] SAMPLE t=11s phase=Stable adaptation=with_ML throughput_gbps=8.1911 latency_ms=66.8906
[2026-08-16T08:20:47] SAMPLE t=12s phase=Stable adaptation=with_ML throughput_gbps=8.0373 latency_ms=66.7296
[2026-08-16T08:20:48] SAMPLE t=13s phase=Stable adaptation=with_ML throughput_gbps=8.0106 latency_ms=66.5959
[2026-08-16T08:20:49] SAMPLE t=14s phase=Stable adaptation=with_ML throughput_gbps=8.4677 latency_ms=66.2898
[2026-08-16T08:20:50] SAMPLE t=15s phase=Stable adaptation=with_ML throughput_gbps=8.1079 latency_ms=67.0099
[2026-08-16T08:20:51] SAMPLE t=16s phase=Stable adaptation=with_ML throughput_gbps=8.0906 latency_ms=68.3373
[2026-08-16T08:20:52] SAMPLE t=17s phase=Stable adaptation=with_ML throughput_gbps=8.0143 latency_ms=65.0169
[2026-08-16T08:20:53] SAMPLE t=18s phase=Stable adaptation=with_ML throughput_gbps=7.9248 latency_ms=67.0928
[2026-08-16T08:20:54] SAMPLE t=19s phase=Stable adaptation=with_ML throughput_gbps=7.8553 latency_ms=67.5864
[2026-08-16T08:20:55] SAMPLE t=20s phase=Congestion adaptation=with_ML throughput_gbps=8.3378 latency_ms=65.4919
[2026-08-16T08:20:56] SAMPLE t=21s phase=Congestion adaptation=with_ML throughput_gbps=8.2785 latency_ms=65.7925
[2026-08-16T08:20:57] SAMPLE t=22s phase=Congestion adaptation=with_ML throughput_gbps=8.3313 latency_ms=66.7245
[2026-08-16T08:20:58] SAMPLE t=23s phase=Congestion adaptation=with_ML throughput_gbps=8.1794 latency_ms=66.3247
[2026-08-16T08:20:59] SAMPLE t=24s phase=Congestion adaptation=with_ML throughput_gbps=8.1638 latency_ms=66.2588
[2026-08-16T08:21:00] SAMPLE t=25s phase=Congestion adaptation=with_ML throughput_gbps=8.0196 latency_ms=67.0331
[2026-08-16T08:21:01] SAMPLE t=26s phase=Congestion adaptation=with_ML throughput_gbps=7.9095 latency_ms=65.3901
[2026-08-16T08:21:02] SAMPLE t=27s phase=Congestion adaptation=with_ML throughput_gbps=8.0807 latency_ms=65.6004
[2026-08-16T08:21:03] SAMPLE t=28s phase=Congestion adaptation=with_ML throughput_gbps=7.6105 latency_ms=66.3062
[2026-08-16T08:21:04] SAMPLE t=29s phase=Congestion adaptation=with_ML throughput_gbps=8.0557 latency_ms=67.4921
[2026-08-16T08:21:05] SAMPLE t=30s phase=Congestion adaptation=with_ML throughput_gbps=7.9619 latency_ms=67.1263
[2026-08-16T08:21:06] SAMPLE t=31s phase=Congestion adaptation=with_ML throughput_gbps=8.4018 latency_ms=67.4073
[2026-08-16T08:21:07] SAMPLE t=32s phase=Congestion adaptation=with_ML throughput_gbps=8.2276 latency_ms=66.7808
[2026-08-16T08:21:08] SAMPLE t=33s phase=Congestion adaptation=with_ML throughput_gbps=8.1124 latency_ms=68.1162
[2026-08-16T08:21:09] SAMPLE t=34s phase=Congestion adaptation=with_ML throughput_gbps=8.0625 latency_ms=65.319
[2026-08-16T08:21:10] SAMPLE t=35s phase=Congestion adaptation=with_ML throughput_gbps=8.2853 latency_ms=66.7743
[2026-08-16T08:21:11] SAMPLE t=36s phase=Congestion adaptation=with_ML throughput_gbps=7.7477 latency_ms=64.9899
[2026-08-16T08:21:12] SAMPLE t=37s phase=Congestion adaptation=with_ML throughput_gbps=8.4101 latency_ms=67.0716
[2026-08-16T08:21:13] SAMPLE t=38s phase=Congestion adaptation=with_ML throughput_gbps=7.6803 latency_ms=66.0887
[2026-08-16T08:21:14] SAMPLE t=39s phase=Congestion adaptation=with_ML throughput_gbps=7.9533 latency_ms=65.1948
[2026-08-16T08:21:15] SAMPLE t=40s phase=Path_change adaptation=with_ML throughput_gbps=7.9722 latency_ms=66.0386
[2026-08-16T08:21:16] SAMPLE t=41s phase=Path_change adaptation=with_ML throughput_gbps=7.9538 latency_ms=65.1557
[2026-08-16T08:21:17] SAMPLE t=42s phase=Path_change adaptation=with_ML throughput_gbps=8.316 latency_ms=69.3204
[2026-08-16T08:21:18] SAMPLE t=43s phase=Path_change adaptation=with_ML throughput_gbps=7.7422 latency_ms=65.3719
[2026-08-16T08:21:19] SAMPLE t=44s phase=Path_change adaptation=with_ML throughput_gbps=7.508 latency_ms=67.8571
[2026-08-16T08:21:20] SAMPLE t=45s phase=Path_change adaptation=with_ML throughput_gbps=7.6638 latency_ms=68.01
[2026-08-16T08:21:21] SAMPLE t=46s phase=Path_change adaptation=with_ML throughput_gbps=7.376 latency_ms=70.3367
[2026-08-16T08:21:22] SAMPLE t=47s phase=Path_change adaptation=with_ML throughput_gbps=7.5935 latency_ms=66.8098
[2026-08-16T08:21:23] SAMPLE t=48s phase=Path_change adaptation=with_ML throughput_gbps=7.2416 latency_ms=67.3644
[2026-08-16T08:21:24] SAMPLE t=49s phase=Path_change adaptation=with_ML throughput_gbps=7.2884 latency_ms=69.2948
[2026-08-16T08:21:25] SAMPLE t=50s phase=Path_change adaptation=with_ML throughput_gbps=7.1044 latency_ms=67.9715
[2026-08-16T08:21:26] SAMPLE t=51s phase=Path_change adaptation=with_ML throughput_gbps=7.1613 latency_ms=67.1494
[2026-08-16T08:21:27] SAMPLE t=52s phase=Path_change adaptation=with_ML throughput_gbps=7.0873 latency_ms=67.6787
[2026-08-16T08:21:28] SAMPLE t=53s phase=Path_change adaptation=with_ML throughput_gbps=6.966 latency_ms=68.1544
[2026-08-16T08:21:29] SAMPLE t=54s phase=Path_change adaptation=with_ML throughput_gbps=7.2375 latency_ms=67.716
[2026-08-16T08:21:30] SAMPLE t=55s phase=Path_change adaptation=with_ML throughput_gbps=7.4036 latency_ms=69.3602
[2026-08-16T08:21:31] SAMPLE t=56s phase=Path_change adaptation=with_ML throughput_gbps=7.4527 latency_ms=66.5304
[2026-08-16T08:21:32] SAMPLE t=57s phase=Path_change adaptation=with_ML throughput_gbps=7.9038 latency_ms=68.1788
[2026-08-16T08:21:33] SAMPLE t=58s phase=Path_change adaptation=with_ML throughput_gbps=7.7454 latency_ms=67.5424
[2026-08-16T08:21:34] SAMPLE t=59s phase=Path_change adaptation=with_ML throughput_gbps=7.7158 latency_ms=66.8258
[2026-08-16T08:21:35] SAMPLE t=60s phase=Loss_spike adaptation=with_ML throughput_gbps=7.1855 latency_ms=67.062
[2026-08-16T08:21:36] SAMPLE t=61s phase=Loss_spike adaptation=with_ML throughput_gbps=8.2727 latency_ms=71.8081
[2026-08-16T08:21:37] SAMPLE t=62s phase=Loss_spike adaptation=with_ML throughput_gbps=7.8387 latency_ms=70.1065
[2026-08-16T08:21:38] SAMPLE t=63s phase=Loss_spike adaptation=with_ML throughput_gbps=6.4677 latency_ms=69.0911
[2026-08-16T08:21:39] SAMPLE t=64s phase=Loss_spike adaptation=with_ML throughput_gbps=6.0857 latency_ms=68.4317
[2026-08-16T08:21:40] SAMPLE t=65s phase=Loss_spike adaptation=with_ML throughput_gbps=7.2013 latency_ms=67.5615
[2026-08-16T08:21:41] SAMPLE t=66s phase=Loss_spike adaptation=with_ML throughput_gbps=8.0221 latency_ms=70.29
[2026-08-16T08:21:42] SAMPLE t=67s phase=Loss_spike adaptation=with_ML throughput_gbps=7.6819 latency_ms=70.6938
[2026-08-16T08:21:43] SAMPLE t=68s phase=Loss_spike adaptation=with_ML throughput_gbps=6.5428 latency_ms=70.2068
[2026-08-16T08:21:44] SAMPLE t=69s phase=Loss_spike adaptation=with_ML throughput_gbps=5.897 latency_ms=71.7799
[2026-08-16T08:21:45] SAMPLE t=70s phase=Loss_spike adaptation=with_ML throughput_gbps=7.4856 latency_ms=66.6795
[2026-08-16T08:21:46] SAMPLE t=71s phase=Loss_spike adaptation=with_ML throughput_gbps=8.2744 latency_ms=70.4296
[2026-08-16T08:21:47] SAMPLE t=72s phase=Loss_spike adaptation=with_ML throughput_gbps=7.7622 latency_ms=68.1962
[2026-08-16T08:21:48] SAMPLE t=73s phase=Loss_spike adaptation=with_ML throughput_gbps=6.5658 latency_ms=71.4137
[2026-08-16T08:21:49] SAMPLE t=74s phase=Loss_spike adaptation=with_ML throughput_gbps=5.9149 latency_ms=71.6054
[2026-08-16T08:21:50] SAMPLE t=75s phase=Loss_spike adaptation=with_ML throughput_gbps=7.2268 latency_ms=68.877
[2026-08-16T08:21:51] SAMPLE t=76s phase=Loss_spike adaptation=with_ML throughput_gbps=8.6349 latency_ms=72.537
[2026-08-16T08:21:52] SAMPLE t=77s phase=Loss_spike adaptation=with_ML throughput_gbps=8.0355 latency_ms=70.8518
[2026-08-16T08:21:53] SAMPLE t=78s phase=Loss_spike adaptation=with_ML throughput_gbps=6.7709 latency_ms=70.3201
[2026-08-16T08:21:54] SAMPLE t=79s phase=Loss_spike adaptation=with_ML throughput_gbps=6.5715 latency_ms=71.6411
[2026-08-16T08:21:55] SAMPLE t=80s phase=Recovery adaptation=with_ML throughput_gbps=8.1382 latency_ms=66.5278
[2026-08-16T08:21:56] SAMPLE t=81s phase=Recovery adaptation=with_ML throughput_gbps=8.1012 latency_ms=64.9005
[2026-08-16T08:21:57] SAMPLE t=82s phase=Recovery adaptation=with_ML throughput_gbps=8.2175 latency_ms=68.4984
[2026-08-16T08:21:58] SAMPLE t=83s phase=Recovery adaptation=with_ML throughput_gbps=8.1805 latency_ms=68.4452
[2026-08-16T08:21:59] SAMPLE t=84s phase=Recovery adaptation=with_ML throughput_gbps=8.271 latency_ms=67.5914
[2026-08-16T08:22:00] SAMPLE t=85s phase=Recovery adaptation=with_ML throughput_gbps=7.7771 latency_ms=65.4823
[2026-08-16T08:22:01] SAMPLE t=86s phase=Recovery adaptation=with_ML throughput_gbps=8.3516 latency_ms=64.3966
[2026-08-16T08:22:02] SAMPLE t=87s phase=Recovery adaptation=with_ML throughput_gbps=8.1497 latency_ms=63.5708
[2026-08-16T08:22:03] SAMPLE t=88s phase=Recovery adaptation=with_ML throughput_gbps=8.1454 latency_ms=64.5332
[2026-08-16T08:22:04] SAMPLE t=89s phase=Recovery adaptation=with_ML throughput_gbps=8.0284 latency_ms=66.007
[2026-08-16T08:22:05] SAMPLE t=90s phase=Recovery adaptation=with_ML throughput_gbps=8.2252 latency_ms=62.4305
[2026-08-16T08:22:06] SAMPLE t=91s phase=Recovery adaptation=with_ML throughput_gbps=8.0331 latency_ms=66.2654
[2026-08-16T08:22:07] SAMPLE t=92s phase=Recovery adaptation=with_ML throughput_gbps=8.6167 latency_ms=63.9697
[2026-08-16T08:22:08] SAMPLE t=93s phase=Recovery adaptation=with_ML throughput_gbps=8.4023 latency_ms=63.7555
[2026-08-16T08:22:09] SAMPLE t=94s phase=Recovery adaptation=with_ML throughput_gbps=8.5012 latency_ms=63.8487
[2026-08-16T08:22:10] SAMPLE t=95s phase=Recovery adaptation=with_ML throughput_gbps=8.2791 latency_ms=65.1577
[2026-08-16T08:22:11] SAMPLE t=96s phase=Recovery adaptation=with_ML throughput_gbps=8.5185 latency_ms=63.7065
[2026-08-16T08:22:12] SAMPLE t=97s phase=Recovery adaptation=with_ML throughput_gbps=8.5168 latency_ms=64.5733
[2026-08-16T08:22:13] SAMPLE t=98s phase=Recovery adaptation=with_ML throughput_gbps=8.6499 latency_ms=65.5167
[2026-08-16T08:22:14] SAMPLE t=99s phase=Recovery adaptation=with_ML throughput_gbps=8.393 latency_ms=63.5792
[2026-08-16T08:20:35] SAMPLE t=0s phase=Stable adaptation=without_ML throughput_gbps=7.9684 latency_ms=68.9863
[2026-08-16T08:20:36] SAMPLE t=1s phase=Stable adaptation=without_ML throughput_gbps=7.8127 latency_ms=66.3536
[2026-08-16T08:20:37] SAMPLE t=2s phase=Stable adaptation=without_ML throughput_gbps=8.0242 latency_ms=65.6153
[2026-08-16T08:20:38] SAMPLE t=3s phase=Stable adaptation=without_ML throughput_gbps=7.7965 latency_ms=66.1615
[2026-08-16T08:20:39] SAMPLE t=4s phase=Stable adaptation=without_ML throughput_gbps=8.3237 latency_ms=65.3342
[2026-08-16T08:20:40] SAMPLE t=5s phase=Stable adaptation=without_ML throughput_gbps=7.6594 latency_ms=66.5385
[2026-08-16T08:20:41] SAMPLE t=6s phase=Stable adaptation=without_ML throughput_gbps=7.9544 latency_ms=65.227
[2026-08-16T08:20:42] SAMPLE t=7s phase=Stable adaptation=without_ML throughput_gbps=7.8593 latency_ms=65.9523
[2026-08-16T08:20:43] SAMPLE t=8s phase=Stable adaptation=without_ML throughput_gbps=7.757 latency_ms=66.0096
[2026-08-16T08:20:44] SAMPLE t=9s phase=Stable adaptation=without_ML throughput_gbps=7.8816 latency_ms=64.4486
[2026-08-16T08:20:45] SAMPLE t=10s phase=Stable adaptation=without_ML throughput_gbps=7.8669 latency_ms=65.612
[2026-08-16T08:20:46] SAMPLE t=11s phase=Stable adaptation=without_ML throughput_gbps=8.07 latency_ms=65.3573
[2026-08-16T08:20:47] SAMPLE t=12s phase=Stable adaptation=without_ML throughput_gbps=7.9201 latency_ms=66.8779
[2026-08-16T08:20:48] SAMPLE t=13s phase=Stable adaptation=without_ML throughput_gbps=8.2059 latency_ms=66.121
[2026-08-16T08:20:49] SAMPLE t=14s phase=Stable adaptation=without_ML throughput_gbps=7.996 latency_ms=66.2253
[2026-08-16T08:20:50] SAMPLE t=15s phase=Stable adaptation=without_ML throughput_gbps=7.8413 latency_ms=66.6313
[2026-08-16T08:20:51] SAMPLE t=16s phase=Stable adaptation=without_ML throughput_gbps=7.727 latency_ms=61.5624
[2026-08-16T08:20:52] SAMPLE t=17s phase=Stable adaptation=without_ML throughput_gbps=7.4966 latency_ms=62.4282
[2026-08-16T08:20:53] SAMPLE t=18s phase=Stable adaptation=without_ML throughput_gbps=8.0081 latency_ms=65.9708
[2026-08-16T08:20:54] SAMPLE t=19s phase=Stable adaptation=without_ML throughput_gbps=7.7533 latency_ms=66.4408
[2026-08-16T08:20:55] SAMPLE t=20s phase=Congestion adaptation=without_ML throughput_gbps=7.7059 latency_ms=63.4246
[2026-08-16T08:20:56] SAMPLE t=21s phase=Congestion adaptation=without_ML throughput_gbps=8.0803 latency_ms=67.504
[2026-08-16T08:20:57] SAMPLE t=22s phase=Congestion adaptation=without_ML throughput_gbps=7.8942 latency_ms=67.6149
[2026-08-16T08:20:58] SAMPLE t=23s phase=Congestion adaptation=without_ML throughput_gbps=8.1306 latency_ms=64.5743
[2026-08-16T08:20:59] SAMPLE t=24s phase=Congestion adaptation=without_ML throughput_gbps=7.7525 latency_ms=65.2059
[2026-08-16T08:21:00] SAMPLE t=25s phase=Congestion adaptation=without_ML throughput_gbps=7.8481 latency_ms=65.8515
[2026-08-16T08:21:01] SAMPLE t=26s phase=Congestion adaptation=without_ML throughput_gbps=7.8317 latency_ms=64.7569
[2026-08-16T08:21:02] SAMPLE t=27s phase=Congestion adaptation=without_ML throughput_gbps=7.7866 latency_ms=66.3637
[2026-08-16T08:21:03] SAMPLE t=28s phase=Congestion adaptation=without_ML throughput_gbps=7.5997 latency_ms=65.8756
[2026-08-16T08:21:04] SAMPLE t=29s phase=Congestion adaptation=without_ML throughput_gbps=7.682 latency_ms=65.1981
[2026-08-16T08:21:05] SAMPLE t=30s phase=Congestion adaptation=without_ML throughput_gbps=8.1612 latency_ms=66.4239
[2026-08-16T08:21:06] SAMPLE t=31s phase=Congestion adaptation=without_ML throughput_gbps=7.7512 latency_ms=65.3858
[2026-08-16T08:21:07] SAMPLE t=32s phase=Congestion adaptation=without_ML throughput_gbps=8.0192 latency_ms=66.4844
[2026-08-16T08:21:08] SAMPLE t=33s phase=Congestion adaptation=without_ML throughput_gbps=7.9462 latency_ms=66.9098
[2026-08-16T08:21:09] SAMPLE t=34s phase=Congestion adaptation=without_ML throughput_gbps=8.2119 latency_ms=67.4789
[2026-08-16T08:21:10] SAMPLE t=35s phase=Congestion adaptation=without_ML throughput_gbps=7.652 latency_ms=66.6716
[2026-08-16T08:21:11] SAMPLE t=36s phase=Congestion adaptation=without_ML throughput_gbps=8.443 latency_ms=65.2061
[2026-08-16T08:21:12] SAMPLE t=37s phase=Congestion adaptation=without_ML throughput_gbps=8.0237 latency_ms=66.6896
[2026-08-16T08:21:13] SAMPLE t=38s phase=Congestion adaptation=without_ML throughput_gbps=8.2851 latency_ms=64.699
[2026-08-16T08:21:14] SAMPLE t=39s phase=Congestion adaptation=without_ML throughput_gbps=7.7996 latency_ms=67.5203
[2026-08-16T08:21:15] SAMPLE t=40s phase=Path_change adaptation=without_ML throughput_gbps=7.7784 latency_ms=65.5436
[2026-08-16T08:21:16] SAMPLE t=41s phase=Path_change adaptation=without_ML throughput_gbps=7.6066 latency_ms=65.7225
[2026-08-16T08:21:17] SAMPLE t=42s phase=Path_change adaptation=without_ML throughput_gbps=7.3647 latency_ms=69.0031
[2026-08-16T08:21:18] SAMPLE t=43s phase=Path_change adaptation=without_ML throughput_gbps=6.8228 latency_ms=70.8973
[2026-08-16T08:21:19] SAMPLE t=44s phase=Path_change adaptation=without_ML throughput_gbps=6.399 latency_ms=69.7331
[2026-08-16T08:21:20] SAMPLE t=45s phase=Path_change adaptation=without_ML throughput_gbps=6.7061 latency_ms=70.6828
[2026-08-16T08:21:21] SAMPLE t=46s phase=Path_change adaptation=without_ML throughput_gbps=6.1866 latency_ms=69.9194
[2026-08-16T08:21:22] SAMPLE t=47s phase=Path_change adaptation=without_ML throughput_gbps=6.0066 latency_ms=73.2208
[2026-08-16T08:21:23] SAMPLE t=48s phase=Path_change adaptation=without_ML throughput_gbps=5.4 latency_ms=73.399
[2026-08-16T08:21:24] SAMPLE t=49s phase=Path_change adaptation=without_ML throughput_gbps=5.517 latency_ms=72.0582
[2026-08-16T08:21:25] SAMPLE t=50s phase=Path_change adaptation=without_ML throughput_gbps=5.6856 latency_ms=72.5679
[2026-08-16T08:21:26] SAMPLE t=51s phase=Path_change adaptation=without_ML throughput_gbps=5.6361 latency_ms=73.538
[2026-08-16T08:21:27] SAMPLE t=52s phase=Path_change adaptation=without_ML throughput_gbps=5.9311 latency_ms=73.2026
[2026-08-16T08:21:28] SAMPLE t=53s phase=Path_change adaptation=without_ML throughput_gbps=5.9469 latency_ms=75.5713
[2026-08-16T08:21:29] SAMPLE t=54s phase=Path_change adaptation=without_ML throughput_gbps=6.056 latency_ms=69.9553
[2026-08-16T08:21:30] SAMPLE t=55s phase=Path_change adaptation=without_ML throughput_gbps=6.2749 latency_ms=71.3164
[2026-08-16T08:21:31] SAMPLE t=56s phase=Path_change adaptation=without_ML throughput_gbps=6.5426 latency_ms=71.4989
[2026-08-16T08:21:32] SAMPLE t=57s phase=Path_change adaptation=without_ML throughput_gbps=7.001 latency_ms=69.7581
[2026-08-16T08:21:33] SAMPLE t=58s phase=Path_change adaptation=without_ML throughput_gbps=7.8255 latency_ms=68.0615
[2026-08-16T08:21:34] SAMPLE t=59s phase=Path_change adaptation=without_ML throughput_gbps=8.2254 latency_ms=64.9593
[2026-08-16T08:21:35] SAMPLE t=60s phase=Loss_spike adaptation=without_ML throughput_gbps=6.1829 latency_ms=69.3812
[2026-08-16T08:21:36] SAMPLE t=61s phase=Loss_spike adaptation=without_ML throughput_gbps=8.0518 latency_ms=81.2506
[2026-08-16T08:21:37] SAMPLE t=62s phase=Loss_spike adaptation=without_ML throughput_gbps=7.8 latency_ms=74.6986
[2026-08-16T08:21:38] SAMPLE t=63s phase=Loss_spike adaptation=without_ML throughput_gbps=4.9371 latency_ms=76.51
[2026-08-16T08:21:39] SAMPLE t=64s phase=Loss_spike adaptation=without_ML throughput_gbps=3.9279 latency_ms=78.7893
[2026-08-16T08:21:40] SAMPLE t=65s phase=Loss_spike adaptation=without_ML throughput_gbps=6.1247 latency_ms=69.4969
[2026-08-16T08:21:41] SAMPLE t=66s phase=Loss_spike adaptation=without_ML throughput_gbps=8.5847 latency_ms=79.424
[2026-08-16T08:21:42] SAMPLE t=67s phase=Loss_spike adaptation=without_ML throughput_gbps=7.2785 latency_ms=77.0736
[2026-08-16T08:21:43] SAMPLE t=68s phase=Loss_spike adaptation=without_ML throughput_gbps=5.2313 latency_ms=77.2315
[2026-08-16T08:21:44] SAMPLE t=69s phase=Loss_spike adaptation=without_ML throughput_gbps=3.922 latency_ms=79.7459
[2026-08-16T08:21:45] SAMPLE t=70s phase=Loss_spike adaptation=without_ML throughput_gbps=6.0005 latency_ms=67.2865
[2026-08-16T08:21:46] SAMPLE t=71s phase=Loss_spike adaptation=without_ML throughput_gbps=7.9753 latency_ms=80.3224
[2026-08-16T08:21:47] SAMPLE t=72s phase=Loss_spike adaptation=without_ML throughput_gbps=7.6366 latency_ms=72.9216
[2026-08-16T08:21:48] SAMPLE t=73s phase=Loss_spike adaptation=without_ML throughput_gbps=4.9144 latency_ms=75.3095
[2026-08-16T08:21:49] SAMPLE t=74s phase=Loss_spike adaptation=without_ML throughput_gbps=4.0022 latency_ms=76.312
[2026-08-16T08:21:50] SAMPLE t=75s phase=Loss_spike adaptation=without_ML throughput_gbps=6.356 latency_ms=70.1298
[2026-08-16T08:21:51] SAMPLE t=76s phase=Loss_spike adaptation=without_ML throughput_gbps=8.297 latency_ms=78.7702
[2026-08-16T08:21:52] SAMPLE t=77s phase=Loss_spike adaptation=without_ML throughput_gbps=7.4162 latency_ms=75.0266
[2026-08-16T08:21:53] SAMPLE t=78s phase=Loss_spike adaptation=without_ML throughput_gbps=4.8278 latency_ms=74.3615
[2026-08-16T08:21:54] SAMPLE t=79s phase=Loss_spike adaptation=without_ML throughput_gbps=4.1647 latency_ms=79.1725
[2026-08-16T08:21:55] SAMPLE t=80s phase=Recovery adaptation=without_ML throughput_gbps=7.9295 latency_ms=67.0775
[2026-08-16T08:21:56] SAMPLE t=81s phase=Recovery adaptation=without_ML throughput_gbps=8.0619 latency_ms=66.732
[2026-08-16T08:21:57] SAMPLE t=82s phase=Recovery adaptation=without_ML throughput_gbps=7.9083 latency_ms=65.8664
[2026-08-16T08:21:58] SAMPLE t=83s phase=Recovery adaptation=without_ML throughput_gbps=8.2584 latency_ms=66.6868
[2026-08-16T08:21:59] SAMPLE t=84s phase=Recovery adaptation=without_ML throughput_gbps=8.1325 latency_ms=65.93
[2026-08-16T08:22:00] SAMPLE t=85s phase=Recovery adaptation=without_ML throughput_gbps=8.0467 latency_ms=63.555
[2026-08-16T08:22:01] SAMPLE t=86s phase=Recovery adaptation=without_ML throughput_gbps=7.9512 latency_ms=64.3841
[2026-08-16T08:22:02] SAMPLE t=87s phase=Recovery adaptation=without_ML throughput_gbps=8.0728 latency_ms=64.6923
[2026-08-16T08:22:03] SAMPLE t=88s phase=Recovery adaptation=without_ML throughput_gbps=8.1884 latency_ms=65.0138
[2026-08-16T08:22:04] SAMPLE t=89s phase=Recovery adaptation=without_ML throughput_gbps=8.173 latency_ms=64.2141
[2026-08-16T08:22:05] SAMPLE t=90s phase=Recovery adaptation=without_ML throughput_gbps=7.6933 latency_ms=66.0987
[2026-08-16T08:22:06] SAMPLE t=91s phase=Recovery adaptation=without_ML throughput_gbps=7.8182 latency_ms=64.5822
[2026-08-16T08:22:07] SAMPLE t=92s phase=Recovery adaptation=without_ML throughput_gbps=8.2453 latency_ms=64.4799
[2026-08-16T08:22:08] SAMPLE t=93s phase=Recovery adaptation=without_ML throughput_gbps=7.9593 latency_ms=64.6979
[2026-08-16T08:22:09] SAMPLE t=94s phase=Recovery adaptation=without_ML throughput_gbps=8.3022 latency_ms=69.3672
[2026-08-16T08:22:10] SAMPLE t=95s phase=Recovery adaptation=without_ML throughput_gbps=7.8151 latency_ms=63.0323
[2026-08-16T08:22:11] SAMPLE t=96s phase=Recovery adaptation=without_ML throughput_gbps=8.4891 latency_ms=67.9101
[2026-08-16T08:22:12] SAMPLE t=97s phase=Recovery adaptation=without_ML throughput_gbps=7.9886 latency_ms=66.2716
[2026-08-16T08:22:13] SAMPLE t=98s phase=Recovery adaptation=without_ML throughput_gbps=7.9583 latency_ms=66.7487
[2026-08-16T08:22:14] SAMPLE t=99s phase=Recovery adaptation=without_ML throughput_gbps=7.6244 latency_ms=63.7641
[2026-08-16T08:20:35] TRACE_END run_id=114 status=OK
[2026-08-16T08:31:56] TRACE_START run_id=115
[2026-08-16T08:31:56] SAMPLE t=0s phase=Stable adaptation=with_ML throughput_gbps=7.7297 latency_ms=64.7145
[2026-08-16T08:31:57] SAMPLE t=1s phase=Stable adaptation=with_ML throughput_gbps=7.8418 latency_ms=67.3584
[2026-08-16T08:31:58] SAMPLE t=2s phase=Stable adaptation=with_ML throughput_gbps=8.0561 latency_ms=67.1358
[2026-08-16T08:31:59] SAMPLE t=3s phase=Stable adaptation=with_ML throughput_gbps=7.8498 latency_ms=66.8882
[2026-08-16T08:32:00] SAMPLE t=4s phase=Stable adaptation=with_ML throughput_gbps=7.8775 latency_ms=67.323
[2026-08-16T08:32:01] SAMPLE t=5s phase=Stable adaptation=with_ML throughput_gbps=8.0018 latency_ms=65.4349
[2026-08-16T08:32:02] SAMPLE t=6s phase=Stable adaptation=with_ML throughput_gbps=7.9366 latency_ms=66.9164
[2026-08-16T08:32:03] SAMPLE t=7s phase=Stable adaptation=with_ML throughput_gbps=8.3712 latency_ms=65.0144
[2026-08-16T08:32:04] SAMPLE t=8s phase=Stable adaptation=with_ML throughput_gbps=7.9593 latency_ms=67.278
[2026-08-16T08:32:05] SAMPLE t=9s phase=Stable adaptation=with_ML throughput_gbps=7.7374 latency_ms=66.93
[2026-08-16T08:32:06] SAMPLE t=10s phase=Stable adaptation=with_ML throughput_gbps=7.9456 latency_ms=66.9603
[2026-08-16T08:32:07] SAMPLE t=11s phase=Stable adaptation=with_ML throughput_gbps=8.2378 latency_ms=66.5401
[2026-08-16T08:32:08] SAMPLE t=12s phase=Stable adaptation=with_ML throughput_gbps=8.1956 latency_ms=66.4057
[2026-08-16T08:32:09] SAMPLE t=13s phase=Stable adaptation=with_ML throughput_gbps=8.0851 latency_ms=67.1811
[2026-08-16T08:32:10] SAMPLE t=14s phase=Stable adaptation=with_ML throughput_gbps=8.2335 latency_ms=65.1623
[2026-08-16T08:32:11] SAMPLE t=15s phase=Stable adaptation=with_ML throughput_gbps=8.1786 latency_ms=65.0718
[2026-08-16T08:32:12] SAMPLE t=16s phase=Stable adaptation=with_ML throughput_gbps=8.2698 latency_ms=66.4058
[2026-08-16T08:32:13] SAMPLE t=17s phase=Stable adaptation=with_ML throughput_gbps=8.2285 latency_ms=67.3867
[2026-08-16T08:32:14] SAMPLE t=18s phase=Stable adaptation=with_ML throughput_gbps=8.1433 latency_ms=64.791
[2026-08-16T08:32:15] SAMPLE t=19s phase=Stable adaptation=with_ML throughput_gbps=7.7912 latency_ms=65.2401
[2026-08-16T08:32:16] SAMPLE t=20s phase=Congestion adaptation=with_ML throughput_gbps=8.3864 latency_ms=66.5704
[2026-08-16T08:32:17] SAMPLE t=21s phase=Congestion adaptation=with_ML throughput_gbps=7.9441 latency_ms=66.4362
[2026-08-16T08:32:18] SAMPLE t=22s phase=Congestion adaptation=with_ML throughput_gbps=8.0184 latency_ms=67.3219
[2026-08-16T08:32:19] SAMPLE t=23s phase=Congestion adaptation=with_ML throughput_gbps=8.349 latency_ms=66.8487
[2026-08-16T08:32:20] SAMPLE t=24s phase=Congestion adaptation=with_ML throughput_gbps=7.9496 latency_ms=67.9261
[2026-08-16T08:32:21] SAMPLE t=25s phase=Congestion adaptation=with_ML throughput_gbps=7.9869 latency_ms=66.298
[2026-08-16T08:32:22] SAMPLE t=26s phase=Congestion adaptation=with_ML throughput_gbps=7.726 latency_ms=65.3411
[2026-08-16T08:32:23] SAMPLE t=27s phase=Congestion adaptation=with_ML throughput_gbps=8.0541 latency_ms=65.6965
[2026-08-16T08:32:24] SAMPLE t=28s phase=Congestion adaptation=with_ML throughput_gbps=8.1805 latency_ms=64.0589
[2026-08-16T08:32:25] SAMPLE t=29s phase=Congestion adaptation=with_ML throughput_gbps=8.0319 latency_ms=65.1489
[2026-08-16T08:32:26] SAMPLE t=30s phase=Congestion adaptation=with_ML throughput_gbps=7.9242 latency_ms=67.3801
[2026-08-16T08:32:27] SAMPLE t=31s phase=Congestion adaptation=with_ML throughput_gbps=8.1228 latency_ms=64.4822
[2026-08-16T08:32:28] SAMPLE t=32s phase=Congestion adaptation=with_ML throughput_gbps=8.0888 latency_ms=67.0955
[2026-08-16T08:32:29] SAMPLE t=33s phase=Congestion adaptation=with_ML throughput_gbps=7.6822 latency_ms=66.7956
[2026-08-16T08:32:30] SAMPLE t=34s phase=Congestion adaptation=with_ML throughput_gbps=8.2466 latency_ms=67.5669
[2026-08-16T08:32:31] SAMPLE t=35s phase=Congestion adaptation=with_ML throughput_gbps=8.1236 latency_ms=65.918
[2026-08-16T08:32:32] SAMPLE t=36s phase=Congestion adaptation=with_ML throughput_gbps=8.2576 latency_ms=65.2338
[2026-08-16T08:32:33] SAMPLE t=37s phase=Congestion adaptation=with_ML throughput_gbps=8.1616 latency_ms=67.9045
[2026-08-16T08:32:34] SAMPLE t=38s phase=Congestion adaptation=with_ML throughput_gbps=8.199 latency_ms=66.4224
[2026-08-16T08:32:35] SAMPLE t=39s phase=Congestion adaptation=with_ML throughput_gbps=7.8011 latency_ms=67.008
[2026-08-16T08:32:36] SAMPLE t=40s phase=Path_change adaptation=with_ML throughput_gbps=8.0618 latency_ms=67.7382
[2026-08-16T08:32:37] SAMPLE t=41s phase=Path_change adaptation=with_ML throughput_gbps=7.9775 latency_ms=66.2469
[2026-08-16T08:32:38] SAMPLE t=42s phase=Path_change adaptation=with_ML throughput_gbps=7.3886 latency_ms=68.4099
[2026-08-16T08:32:39] SAMPLE t=43s phase=Path_change adaptation=with_ML throughput_gbps=8.1059 latency_ms=67.968
[2026-08-16T08:32:40] SAMPLE t=44s phase=Path_change adaptation=with_ML throughput_gbps=7.4256 latency_ms=67.6622
[2026-08-16T08:32:41] SAMPLE t=45s phase=Path_change adaptation=with_ML throughput_gbps=7.6601 latency_ms=68.6642
[2026-08-16T08:32:42] SAMPLE t=46s phase=Path_change adaptation=with_ML throughput_gbps=7.5957 latency_ms=69.1067
[2026-08-16T08:32:43] SAMPLE t=47s phase=Path_change adaptation=with_ML throughput_gbps=7.4266 latency_ms=69.2446
[2026-08-16T08:32:44] SAMPLE t=48s phase=Path_change adaptation=with_ML throughput_gbps=7.3967 latency_ms=68.4569
[2026-08-16T08:32:45] SAMPLE t=49s phase=Path_change adaptation=with_ML throughput_gbps=7.2019 latency_ms=69.4268
[2026-08-16T08:32:46] SAMPLE t=50s phase=Path_change adaptation=with_ML throughput_gbps=7.258 latency_ms=70.0028
[2026-08-16T08:32:47] SAMPLE t=51s phase=Path_change adaptation=with_ML throughput_gbps=7.4121 latency_ms=69.6278
[2026-08-16T08:32:48] SAMPLE t=52s phase=Path_change adaptation=with_ML throughput_gbps=7.4707 latency_ms=66.3998
[2026-08-16T08:32:49] SAMPLE t=53s phase=Path_change adaptation=with_ML throughput_gbps=7.547 latency_ms=66.6249
[2026-08-16T08:32:50] SAMPLE t=54s phase=Path_change adaptation=with_ML throughput_gbps=7.3896 latency_ms=67.5893
[2026-08-16T08:32:51] SAMPLE t=55s phase=Path_change adaptation=with_ML throughput_gbps=7.4607 latency_ms=67.6058
[2026-08-16T08:32:52] SAMPLE t=56s phase=Path_change adaptation=with_ML throughput_gbps=7.7613 latency_ms=66.6945
[2026-08-16T08:32:53] SAMPLE t=57s phase=Path_change adaptation=with_ML throughput_gbps=7.6334 latency_ms=69.5262
[2026-08-16T08:32:54] SAMPLE t=58s phase=Path_change adaptation=with_ML throughput_gbps=7.8407 latency_ms=68.6535
[2026-08-16T08:32:55] SAMPLE t=59s phase=Path_change adaptation=with_ML throughput_gbps=7.8851 latency_ms=67.456
[2026-08-16T08:32:56] SAMPLE t=60s phase=Loss_spike adaptation=with_ML throughput_gbps=7.3408 latency_ms=68.2328
[2026-08-16T08:32:57] SAMPLE t=61s phase=Loss_spike adaptation=with_ML throughput_gbps=8.2332 latency_ms=70.4082
[2026-08-16T08:32:58] SAMPLE t=62s phase=Loss_spike adaptation=with_ML throughput_gbps=7.9977 latency_ms=71.0526
[2026-08-16T08:32:59] SAMPLE t=63s phase=Loss_spike adaptation=with_ML throughput_gbps=6.492 latency_ms=71.0454
[2026-08-16T08:33:00] SAMPLE t=64s phase=Loss_spike adaptation=with_ML throughput_gbps=5.9789 latency_ms=72.7504
[2026-08-16T08:33:01] SAMPLE t=65s phase=Loss_spike adaptation=with_ML throughput_gbps=7.1101 latency_ms=68.4332
[2026-08-16T08:33:02] SAMPLE t=66s phase=Loss_spike adaptation=with_ML throughput_gbps=8.562 latency_ms=69.8065
[2026-08-16T08:33:03] SAMPLE t=67s phase=Loss_spike adaptation=with_ML throughput_gbps=7.8355 latency_ms=69.0997
[2026-08-16T08:33:04] SAMPLE t=68s phase=Loss_spike adaptation=with_ML throughput_gbps=6.5336 latency_ms=67.8325
[2026-08-16T08:33:05] SAMPLE t=69s phase=Loss_spike adaptation=with_ML throughput_gbps=6.3193 latency_ms=69.298
[2026-08-16T08:33:06] SAMPLE t=70s phase=Loss_spike adaptation=with_ML throughput_gbps=7.2998 latency_ms=67.6952
[2026-08-16T08:33:07] SAMPLE t=71s phase=Loss_spike adaptation=with_ML throughput_gbps=8.3356 latency_ms=68.1169
[2026-08-16T08:33:08] SAMPLE t=72s phase=Loss_spike adaptation=with_ML throughput_gbps=7.5625 latency_ms=69.3917
[2026-08-16T08:33:09] SAMPLE t=73s phase=Loss_spike adaptation=with_ML throughput_gbps=6.5713 latency_ms=69.6122
[2026-08-16T08:33:10] SAMPLE t=74s phase=Loss_spike adaptation=with_ML throughput_gbps=6.2778 latency_ms=69.6462
[2026-08-16T08:33:11] SAMPLE t=75s phase=Loss_spike adaptation=with_ML throughput_gbps=7.243 latency_ms=66.8211
[2026-08-16T08:33:12] SAMPLE t=76s phase=Loss_spike adaptation=with_ML throughput_gbps=8.1439 latency_ms=73.0896
[2026-08-16T08:33:13] SAMPLE t=77s phase=Loss_spike adaptation=with_ML throughput_gbps=8.0488 latency_ms=68.5723
[2026-08-16T08:33:14] SAMPLE t=78s phase=Loss_spike adaptation=with_ML throughput_gbps=6.713 latency_ms=71.2465
[2026-08-16T08:33:15] SAMPLE t=79s phase=Loss_spike adaptation=with_ML throughput_gbps=6.2401 latency_ms=71.2313
[2026-08-16T08:33:16] SAMPLE t=80s phase=Recovery adaptation=with_ML throughput_gbps=8.2276 latency_ms=65.6741
[2026-08-16T08:33:17] SAMPLE t=81s phase=Recovery adaptation=with_ML throughput_gbps=8.012 latency_ms=65.7392
[2026-08-16T08:33:18] SAMPLE t=82s phase=Recovery adaptation=with_ML throughput_gbps=8.3359 latency_ms=65.4382
[2026-08-16T08:33:19] SAMPLE t=83s phase=Recovery adaptation=with_ML throughput_gbps=8.2278 latency_ms=64.9238
[2026-08-16T08:33:20] SAMPLE t=84s phase=Recovery adaptation=with_ML throughput_gbps=8.3441 latency_ms=63.4371
[2026-08-16T08:33:21] SAMPLE t=85s phase=Recovery adaptation=with_ML throughput_gbps=8.3789 latency_ms=65.5622
[2026-08-16T08:33:22] SAMPLE t=86s phase=Recovery adaptation=with_ML throughput_gbps=8.1094 latency_ms=62.2173
[2026-08-16T08:33:23] SAMPLE t=87s phase=Recovery adaptation=with_ML throughput_gbps=8.3157 latency_ms=65.8623
[2026-08-16T08:33:24] SAMPLE t=88s phase=Recovery adaptation=with_ML throughput_gbps=7.9212 latency_ms=65.7897
[2026-08-16T08:33:25] SAMPLE t=89s phase=Recovery adaptation=with_ML throughput_gbps=8.4612 latency_ms=65.4971
[2026-08-16T08:33:26] SAMPLE t=90s phase=Recovery adaptation=with_ML throughput_gbps=8.0154 latency_ms=62.9338
[2026-08-16T08:33:27] SAMPLE t=91s phase=Recovery adaptation=with_ML throughput_gbps=8.1873 latency_ms=66.3333
[2026-08-16T08:33:28] SAMPLE t=92s phase=Recovery adaptation=with_ML throughput_gbps=8.8826 latency_ms=64.158
[2026-08-16T08:33:29] SAMPLE t=93s phase=Recovery adaptation=with_ML throughput_gbps=8.4587 latency_ms=66.0335
[2026-08-16T08:33:30] SAMPLE t=94s phase=Recovery adaptation=with_ML throughput_gbps=8.4905 latency_ms=66.248
[2026-08-16T08:33:31] SAMPLE t=95s phase=Recovery adaptation=with_ML throughput_gbps=8.1485 latency_ms=65.313
[2026-08-16T08:33:32] SAMPLE t=96s phase=Recovery adaptation=with_ML throughput_gbps=8.2891 latency_ms=66.1307
[2026-08-16T08:33:33] SAMPLE t=97s phase=Recovery adaptation=with_ML throughput_gbps=8.5612 latency_ms=63.8527
[2026-08-16T08:33:34] SAMPLE t=98s phase=Recovery adaptation=with_ML throughput_gbps=8.2303 latency_ms=64.5953
[2026-08-16T08:33:35] SAMPLE t=99s phase=Recovery adaptation=with_ML throughput_gbps=8.3054 latency_ms=62.6504
[2026-08-16T08:31:56] SAMPLE t=0s phase=Stable adaptation=without_ML throughput_gbps=7.9544 latency_ms=67.5717
[2026-08-16T08:31:57] SAMPLE t=1s phase=Stable adaptation=without_ML throughput_gbps=7.882 latency_ms=64.902
[2026-08-16T08:31:58] SAMPLE t=2s phase=Stable adaptation=without_ML throughput_gbps=7.7189 latency_ms=68.2711
[2026-08-16T08:31:59] SAMPLE t=3s phase=Stable adaptation=without_ML throughput_gbps=7.7641 latency_ms=65.7077
[2026-08-16T08:32:00] SAMPLE t=4s phase=Stable adaptation=without_ML throughput_gbps=7.862 latency_ms=68.2848
[2026-08-16T08:32:01] SAMPLE t=5s phase=Stable adaptation=without_ML throughput_gbps=7.8949 latency_ms=64.8026
[2026-08-16T08:32:02] SAMPLE t=6s phase=Stable adaptation=without_ML throughput_gbps=8.0611 latency_ms=68.8356
[2026-08-16T08:32:03] SAMPLE t=7s phase=Stable adaptation=without_ML throughput_gbps=8.1076 latency_ms=66.8055
[2026-08-16T08:32:04] SAMPLE t=8s phase=Stable adaptation=without_ML throughput_gbps=7.9097 latency_ms=65.0147
[2026-08-16T08:32:05] SAMPLE t=9s phase=Stable adaptation=without_ML throughput_gbps=7.935 latency_ms=68.3081
[2026-08-16T08:32:06] SAMPLE t=10s phase=Stable adaptation=without_ML throughput_gbps=8.3789 latency_ms=67.9063
[2026-08-16T08:32:07] SAMPLE t=11s phase=Stable adaptation=without_ML throughput_gbps=7.6657 latency_ms=63.5501
[2026-08-16T08:32:08] SAMPLE t=12s phase=Stable adaptation=without_ML throughput_gbps=8.0135 latency_ms=67.9944
[2026-08-16T08:32:09] SAMPLE t=13s phase=Stable adaptation=without_ML throughput_gbps=8.3161 latency_ms=66.3435
[2026-08-16T08:32:10] SAMPLE t=14s phase=Stable adaptation=without_ML throughput_gbps=8.4938 latency_ms=66.0766
[2026-08-16T08:32:11] SAMPLE t=15s phase=Stable adaptation=without_ML throughput_gbps=7.93 latency_ms=65.6958
[2026-08-16T08:32:12] SAMPLE t=16s phase=Stable adaptation=without_ML throughput_gbps=7.9655 latency_ms=67.063
[2026-08-16T08:32:13] SAMPLE t=17s phase=Stable adaptation=without_ML throughput_gbps=8.5819 latency_ms=66.1283
[2026-08-16T08:32:14] SAMPLE t=18s phase=Stable adaptation=without_ML throughput_gbps=8.1931 latency_ms=65.6577
[2026-08-16T08:32:15] SAMPLE t=19s phase=Stable adaptation=without_ML throughput_gbps=8.1282 latency_ms=65.4318
[2026-08-16T08:32:16] SAMPLE t=20s phase=Congestion adaptation=without_ML throughput_gbps=7.8158 latency_ms=66.0139
[2026-08-16T08:32:17] SAMPLE t=21s phase=Congestion adaptation=without_ML throughput_gbps=8.2872 latency_ms=68.591
[2026-08-16T08:32:18] SAMPLE t=22s phase=Congestion adaptation=without_ML throughput_gbps=8.382 latency_ms=67.1263
[2026-08-16T08:32:19] SAMPLE t=23s phase=Congestion adaptation=without_ML throughput_gbps=7.9548 latency_ms=66.0033
[2026-08-16T08:32:20] SAMPLE t=24s phase=Congestion adaptation=without_ML throughput_gbps=8.2906 latency_ms=67.5776
[2026-08-16T08:32:21] SAMPLE t=25s phase=Congestion adaptation=without_ML throughput_gbps=7.9444 latency_ms=67.0807
[2026-08-16T08:32:22] SAMPLE t=26s phase=Congestion adaptation=without_ML throughput_gbps=7.831 latency_ms=67.1531
[2026-08-16T08:32:23] SAMPLE t=27s phase=Congestion adaptation=without_ML throughput_gbps=7.7585 latency_ms=64.5888
[2026-08-16T08:32:24] SAMPLE t=28s phase=Congestion adaptation=without_ML throughput_gbps=8.0174 latency_ms=65.3113
[2026-08-16T08:32:25] SAMPLE t=29s phase=Congestion adaptation=without_ML throughput_gbps=8.0823 latency_ms=65.206
[2026-08-16T08:32:26] SAMPLE t=30s phase=Congestion adaptation=without_ML throughput_gbps=7.9156 latency_ms=67.3849
[2026-08-16T08:32:27] SAMPLE t=31s phase=Congestion adaptation=without_ML throughput_gbps=7.7928 latency_ms=67.7039
[2026-08-16T08:32:28] SAMPLE t=32s phase=Congestion adaptation=without_ML throughput_gbps=7.9882 latency_ms=66.0054
[2026-08-16T08:32:29] SAMPLE t=33s phase=Congestion adaptation=without_ML throughput_gbps=7.8806 latency_ms=66.3413
[2026-08-16T08:32:30] SAMPLE t=34s phase=Congestion adaptation=without_ML throughput_gbps=8.4491 latency_ms=66.3852
[2026-08-16T08:32:31] SAMPLE t=35s phase=Congestion adaptation=without_ML throughput_gbps=8.4356 latency_ms=66.3852
[2026-08-16T08:32:32] SAMPLE t=36s phase=Congestion adaptation=without_ML throughput_gbps=8.0065 latency_ms=64.3263
[2026-08-16T08:32:33] SAMPLE t=37s phase=Congestion adaptation=without_ML throughput_gbps=8.259 latency_ms=66.4056
[2026-08-16T08:32:34] SAMPLE t=38s phase=Congestion adaptation=without_ML throughput_gbps=7.7531 latency_ms=67.2823
[2026-08-16T08:32:35] SAMPLE t=39s phase=Congestion adaptation=without_ML throughput_gbps=7.5021 latency_ms=66.6604
[2026-08-16T08:32:36] SAMPLE t=40s phase=Path_change adaptation=without_ML throughput_gbps=8.0688 latency_ms=65.4314
[2026-08-16T08:32:37] SAMPLE t=41s phase=Path_change adaptation=without_ML throughput_gbps=8.0281 latency_ms=67.6632
[2026-08-16T08:32:38] SAMPLE t=42s phase=Path_change adaptation=without_ML throughput_gbps=7.2548 latency_ms=65.0276
[2026-08-16T08:32:39] SAMPLE t=43s phase=Path_change adaptation=without_ML throughput_gbps=7.0342 latency_ms=68.5922
[2026-08-16T08:32:40] SAMPLE t=44s phase=Path_change adaptation=without_ML throughput_gbps=6.8674 latency_ms=72.0457
[2026-08-16T08:32:41] SAMPLE t=45s phase=Path_change adaptation=without_ML throughput_gbps=6.6699 latency_ms=70.0461
[2026-08-16T08:32:42] SAMPLE t=46s phase=Path_change adaptation=without_ML throughput_gbps=6.2978 latency_ms=72.9608
[2026-08-16T08:32:43] SAMPLE t=47s phase=Path_change adaptation=without_ML throughput_gbps=5.7752 latency_ms=71.92
[2026-08-16T08:32:44] SAMPLE t=48s phase=Path_change adaptation=without_ML throughput_gbps=6.0447 latency_ms=72.6961
[2026-08-16T08:32:45] SAMPLE t=49s phase=Path_change adaptation=without_ML throughput_gbps=5.9565 latency_ms=70.4449
[2026-08-16T08:32:46] SAMPLE t=50s phase=Path_change adaptation=without_ML throughput_gbps=5.8557 latency_ms=73.5024
[2026-08-16T08:32:47] SAMPLE t=51s phase=Path_change adaptation=without_ML throughput_gbps=5.8826 latency_ms=72.2458
[2026-08-16T08:32:48] SAMPLE t=52s phase=Path_change adaptation=without_ML throughput_gbps=5.8 latency_ms=70.1994
[2026-08-16T08:32:49] SAMPLE t=53s phase=Path_change adaptation=without_ML throughput_gbps=5.6719 latency_ms=71.5197
[2026-08-16T08:32:50] SAMPLE t=54s phase=Path_change adaptation=without_ML throughput_gbps=5.973 latency_ms=71.6078
[2026-08-16T08:32:51] SAMPLE t=55s phase=Path_change adaptation=without_ML throughput_gbps=6.7323 latency_ms=69.6778
[2026-08-16T08:32:52] SAMPLE t=56s phase=Path_change adaptation=without_ML throughput_gbps=6.8828 latency_ms=68.4046
[2026-08-16T08:32:53] SAMPLE t=57s phase=Path_change adaptation=without_ML throughput_gbps=6.7575 latency_ms=69.7606
[2026-08-16T08:32:54] SAMPLE t=58s phase=Path_change adaptation=without_ML throughput_gbps=7.4154 latency_ms=66.4006
[2026-08-16T08:32:55] SAMPLE t=59s phase=Path_change adaptation=without_ML throughput_gbps=7.6781 latency_ms=67.2478
[2026-08-16T08:32:56] SAMPLE t=60s phase=Loss_spike adaptation=without_ML throughput_gbps=6.2203 latency_ms=70.7359
[2026-08-16T08:32:57] SAMPLE t=61s phase=Loss_spike adaptation=without_ML throughput_gbps=8.4754 latency_ms=78.8038
[2026-08-16T08:32:58] SAMPLE t=62s phase=Loss_spike adaptation=without_ML throughput_gbps=7.7972 latency_ms=75.0125
[2026-08-16T08:32:59] SAMPLE t=63s phase=Loss_spike adaptation=without_ML throughput_gbps=4.6313 latency_ms=73.5864
[2026-08-16T08:33:00] SAMPLE t=64s phase=Loss_spike adaptation=without_ML throughput_gbps=4.2108 latency_ms=83.5464
[2026-08-16T08:33:01] SAMPLE t=65s phase=Loss_spike adaptation=without_ML throughput_gbps=6.685 latency_ms=70.1948
[2026-08-16T08:33:02] SAMPLE t=66s phase=Loss_spike adaptation=without_ML throughput_gbps=7.7332 latency_ms=79.2198
[2026-08-16T08:33:03] SAMPLE t=67s phase=Loss_spike adaptation=without_ML throughput_gbps=7.8316 latency_ms=76.5504
[2026-08-16T08:33:04] SAMPLE t=68s phase=Loss_spike adaptation=without_ML throughput_gbps=5.0938 latency_ms=73.3298
[2026-08-16T08:33:05] SAMPLE t=69s phase=Loss_spike adaptation=without_ML throughput_gbps=3.9781 latency_ms=78.6908
[2026-08-16T08:33:06] SAMPLE t=70s phase=Loss_spike adaptation=without_ML throughput_gbps=6.0397 latency_ms=72.6412
[2026-08-16T08:33:07] SAMPLE t=71s phase=Loss_spike adaptation=without_ML throughput_gbps=8.564 latency_ms=79.2797
[2026-08-16T08:33:08] SAMPLE t=72s phase=Loss_spike adaptation=without_ML throughput_gbps=7.6672 latency_ms=77.305
[2026-08-16T08:33:09] SAMPLE t=73s phase=Loss_spike adaptation=without_ML throughput_gbps=4.932 latency_ms=75.6613
[2026-08-16T08:33:10] SAMPLE t=74s phase=Loss_spike adaptation=without_ML throughput_gbps=3.9443 latency_ms=80.8879
[2026-08-16T08:33:11] SAMPLE t=75s phase=Loss_spike adaptation=without_ML throughput_gbps=6.1434 latency_ms=67.9318
[2026-08-16T08:33:12] SAMPLE t=76s phase=Loss_spike adaptation=without_ML throughput_gbps=8.4088 latency_ms=78.9257
[2026-08-16T08:33:13] SAMPLE t=77s phase=Loss_spike adaptation=without_ML throughput_gbps=7.4837 latency_ms=74.4422
[2026-08-16T08:33:14] SAMPLE t=78s phase=Loss_spike adaptation=without_ML throughput_gbps=4.7846 latency_ms=75.0575
[2026-08-16T08:33:15] SAMPLE t=79s phase=Loss_spike adaptation=without_ML throughput_gbps=3.9268 latency_ms=76.15
[2026-08-16T08:33:16] SAMPLE t=80s phase=Recovery adaptation=without_ML throughput_gbps=8.0815 latency_ms=66.8539
[2026-08-16T08:33:17] SAMPLE t=81s phase=Recovery adaptation=without_ML throughput_gbps=8.2876 latency_ms=65.9752
[2026-08-16T08:33:18] SAMPLE t=82s phase=Recovery adaptation=without_ML throughput_gbps=8.3499 latency_ms=66.0239
[2026-08-16T08:33:19] SAMPLE t=83s phase=Recovery adaptation=without_ML throughput_gbps=7.4857 latency_ms=66.4403
[2026-08-16T08:33:20] SAMPLE t=84s phase=Recovery adaptation=without_ML throughput_gbps=7.8106 latency_ms=64.2973
[2026-08-16T08:33:21] SAMPLE t=85s phase=Recovery adaptation=without_ML throughput_gbps=7.8429 latency_ms=69.9798
[2026-08-16T08:33:22] SAMPLE t=86s phase=Recovery adaptation=without_ML throughput_gbps=8.1758 latency_ms=65.5283
[2026-08-16T08:33:23] SAMPLE t=87s phase=Recovery adaptation=without_ML throughput_gbps=7.8614 latency_ms=66.4647
[2026-08-16T08:33:24] SAMPLE t=88s phase=Recovery adaptation=without_ML throughput_gbps=7.7424 latency_ms=65.5907
[2026-08-16T08:33:25] SAMPLE t=89s phase=Recovery adaptation=without_ML throughput_gbps=8.2272 latency_ms=66.0794
[2026-08-16T08:33:26] SAMPLE t=90s phase=Recovery adaptation=without_ML throughput_gbps=8.1001 latency_ms=68.8366
[2026-08-16T08:33:27] SAMPLE t=91s phase=Recovery adaptation=without_ML throughput_gbps=7.607 latency_ms=66.8382
[2026-08-16T08:33:28] SAMPLE t=92s phase=Recovery adaptation=without_ML throughput_gbps=8.1565 latency_ms=66.5396
[2026-08-16T08:33:29] SAMPLE t=93s phase=Recovery adaptation=without_ML throughput_gbps=7.6583 latency_ms=65.7878
[2026-08-16T08:33:30] SAMPLE t=94s phase=Recovery adaptation=without_ML throughput_gbps=8.1261 latency_ms=65.7898
[2026-08-16T08:33:31] SAMPLE t=95s phase=Recovery adaptation=without_ML throughput_gbps=8.0701 latency_ms=66.0648
[2026-08-16T08:33:32] SAMPLE t=96s phase=Recovery adaptation=without_ML throughput_gbps=7.8798 latency_ms=66.5541
[2026-08-16T08:33:33] SAMPLE t=97s phase=Recovery adaptation=without_ML throughput_gbps=8.4088 latency_ms=65.8143
[2026-08-16T08:33:34] SAMPLE t=98s phase=Recovery adaptation=without_ML throughput_gbps=7.7096 latency_ms=67.2244
[2026-08-16T08:33:35] SAMPLE t=99s phase=Recovery adaptation=without_ML throughput_gbps=8.1173 latency_ms=67.6679
[2026-08-16T08:31:56] TRACE_END run_id=115 status=OK
