[2026-08-01T08:00:00] TRACE_START run_id=1
[2026-08-01T08:00:00] SAMPLE t=0s phase=Stable adaptation=with_ML throughput_gbps=7.7207 latency_ms=66.4124
[2026-08-01T08:00:01] SAMPLE t=1s phase=Stable adaptation=with_ML throughput_gbps=8.3586 latency_ms=67.1451
[2026-08-01T08:00:02] SAMPLE t=2s phase=Stable adaptation=with_ML throughput_gbps=7.8858 latency_ms=65.8633
[2026-08-01T08:00:03] SAMPLE t=3s phase=Stable adaptation=with_ML throughput_gbps=7.9818 latency_ms=67.2335
[2026-08-01T08:00:04] SAMPLE t=4s phase=Stable adaptation=with_ML throughput_gbps=7.8155 latency_ms=67.1171
[2026-08-01T08:00:05] SAMPLE t=5s phase=Stable adaptation=with_ML throughput_gbps=8.3606 latency_ms=65.9341
[2026-08-01T08:00:06] SAMPLE t=6s phase=Stable adaptation=with_ML throughput_gbps=8.3677 latency_ms=67.182
[2026-08-01T08:00:07] SAMPLE t=7s phase=Stable adaptation=with_ML throughput_gbps=8.1447 latency_ms=66.0815
[2026-08-01T08:00:08] SAMPLE t=8s phase=Stable adaptation=with_ML throughput_gbps=8.1874 latency_ms=65.2266
[2026-08-01T08:00:09] SAMPLE t=9s phase=Stable adaptation=with_ML throughput_gbps=8.3889 latency_ms=68.142
[2026-08-01T08:00:10] SAMPLE t=10s phase=Stable adaptation=with_ML throughput_gbps=8.1272 latency_ms=67.4082
[2026-08-01T08:00:11] SAMPLE t=11s phase=Stable adaptation=with_ML throughput_gbps=7.8271 latency_ms=66.4864
[2026-08-01T08:00:12] SAMPLE t=12s phase=Stable adaptation=with_ML throughput_gbps=7.9008 latency_ms=64.5205
[2026-08-01T08:00:13] SAMPLE t=13s phase=Stable adaptation=with_ML throughput_gbps=7.9724 latency_ms=68.6583
[2026-08-01T08:00:14] SAMPLE t=14s phase=Stable adaptation=with_ML throughput_gbps=7.5646 latency_ms=65.9636
[2026-08-01T08:00:15] SAMPLE t=15s phase=Stable adaptation=with_ML throughput_gbps=8.0027 latency_ms=65.6132
[2026-08-01T08:00:16] SAMPLE t=16s phase=Stable adaptation=with_ML throughput_gbps=7.9839 latency_ms=66.1959
[2026-08-01T08:00:17] SAMPLE t=17s phase=Stable adaptation=with_ML throughput_gbps=8.1624 latency_ms=66.8877
[2026-08-01T08:00:18] SAMPLE t=18s phase=Stable adaptation=with_ML throughput_gbps=8.0546 latency_ms=65.562
[2026-08-01T08:00:19] SAMPLE t=19s phase=Stable adaptation=with_ML throughput_gbps=8.3484 latency_ms=64.7037
[2026-08-01T08:00:20] SAMPLE t=20s phase=Congestion adaptation=with_ML throughput_gbps=7.9487 latency_ms=66.6027
[2026-08-01T08:00:21] SAMPLE t=21s phase=Congestion adaptation=with_ML throughput_gbps=8.1052 latency_ms=66.9495
[2026-08-01T08:00:22] SAMPLE t=22s phase=Congestion adaptation=with_ML throughput_gbps=8.2455 latency_ms=65.5376
[2026-08-01T08:00:23] SAMPLE t=23s phase=Congestion adaptation=with_ML throughput_gbps=8.044 latency_ms=66.3992
[2026-08-01T08:00:24] SAMPLE t=24s phase=Congestion adaptation=with_ML throughput_gbps=8.1104 latency_ms=67.539
[2026-08-01T08:00:25] SAMPLE t=25s phase=Congestion adaptation=with_ML throughput_gbps=7.7335 latency_ms=66.6639
[2026-08-01T08:00:26] SAMPLE t=26s phase=Congestion adaptation=with_ML throughput_gbps=8.0957 latency_ms=65.6823
[2026-08-01T08:00:27] SAMPLE t=27s phase=Congestion adaptation=with_ML throughput_gbps=8.013 latency_ms=66.9991
[2026-08-01T08:00:28] SAMPLE t=28s phase=Congestion adaptation=with_ML throughput_gbps=8.2858 latency_ms=65.2922
[2026-08-01T08:00:29] SAMPLE t=29s phase=Congestion adaptation=with_ML throughput_gbps=8.0539 latency_ms=66.4656
[2026-08-01T08:00:30] SAMPLE t=30s phase=Congestion adaptation=with_ML throughput_gbps=8.1308 latency_ms=66.5579
[2026-08-01T08:00:31] SAMPLE t=31s phase=Congestion adaptation=with_ML throughput_gbps=8.4184 latency_ms=66.6152
[2026-08-01T08:00:32] SAMPLE t=32s phase=Congestion adaptation=with_ML throughput_gbps=7.8359 latency_ms=67.1747
[2026-08-01T08:00:33] SAMPLE t=33s phase=Congestion adaptation=with_ML throughput_gbps=8.1164 latency_ms=65.585
[2026-08-01T08:00:34] SAMPLE t=34s phase=Congestion adaptation=with_ML throughput_gbps=7.8518 latency_ms=66.8363
[2026-08-01T08:00:35] SAMPLE t=35s phase=Congestion adaptation=with_ML throughput_gbps=7.9962 latency_ms=64.3725
[2026-08-01T08:00:36] SAMPLE t=36s phase=Congestion adaptation=with_ML throughput_gbps=8.0573 latency_ms=66.4694
[2026-08-01T08:00:37] SAMPLE t=37s phase=Congestion adaptation=with_ML throughput_gbps=7.9222 latency_ms=63.4938
[2026-08-01T08:00:38] SAMPLE t=38s phase=Congestion adaptation=with_ML throughput_gbps=8.2543 latency_ms=65.8137
[2026-08-01T08:00:39] SAMPLE t=39s phase=Congestion adaptation=with_ML throughput_gbps=7.9527 latency_ms=67.1881
[2026-08-01T08:00:40] SAMPLE t=40s phase=Path_change adaptation=with_ML throughput_gbps=8.0371 latency_ms=63.8517
[2026-08-01T08:00:41] SAMPLE t=41s phase=Path_change adaptation=with_ML throughput_gbps=7.9734 latency_ms=66.2718
[2026-08-01T08:00:42] SAMPLE t=42s phase=Path_change adaptation=with_ML throughput_gbps=7.7953 latency_ms=67.755
[2026-08-01T08:00:43] SAMPLE t=43s phase=Path_change adaptation=with_ML throughput_gbps=7.7628 latency_ms=67.0177
[2026-08-01T08:00:44] SAMPLE t=44s phase=Path_change adaptation=with_ML throughput_gbps=7.4409 latency_ms=66.7193
[2026-08-01T08:00:45] SAMPLE t=45s phase=Path_change adaptation=with_ML throughput_gbps=7.6942 latency_ms=68.648
[2026-08-01T08:00:46] SAMPLE t=46s phase=Path_change adaptation=with_ML throughput_gbps=7.4644 latency_ms=67.8158
[2026-08-01T08:00:47] SAMPLE t=47s phase=Path_change adaptation=with_ML throughput_gbps=7.4027 latency_ms=68.1509
[2026-08-01T08:00:48] SAMPLE t=48s phase=Path_change adaptation=with_ML throughput_gbps=7.3231 latency_ms=67.6087
[2026-08-01T08:00:49] SAMPLE t=49s phase=Path_change adaptation=with_ML throughput_gbps=7.1952 latency_ms=69.0492
[2026-08-01T08:00:50] SAMPLE t=50s phase=Path_change adaptation=with_ML throughput_gbps=7.2265 latency_ms=69.0504
[2026-08-01T08:00:51] SAMPLE t=51s phase=Path_change adaptation=with_ML throughput_gbps=7.3079 latency_ms=68.0221
[2026-08-01T08:00:52] SAMPLE t=52s phase=Path_change adaptation=with_ML throughput_gbps=7.4635 latency_ms=69.1304
[2026-08-01T08:00:53] SAMPLE t=53s phase=Path_change adaptation=with_ML throughput_gbps=7.4297 latency_ms=68.1274
[2026-08-01T08:00:54] SAMPLE t=54s phase=Path_change adaptation=with_ML throughput_gbps=7.3162 latency_ms=69.1055
[2026-08-01T08:00:55] SAMPLE t=55s phase=Path_change adaptation=with_ML throughput_gbps=7.555 latency_ms=65.238
[2026-08-01T08:00:56] SAMPLE t=56s phase=Path_change adaptation=with_ML throughput_gbps=7.394 latency_ms=65.8396
[2026-08-01T08:00:57] SAMPLE t=57s phase=Path_change adaptation=with_ML throughput_gbps=7.7511 latency_ms=66.6635
[2026-08-01T08:00:58] SAMPLE t=58s phase=Path_change adaptation=with_ML throughput_gbps=7.7862 latency_ms=68.2713
[2026-08-01T08:00:59] SAMPLE t=59s phase=Path_change adaptation=with_ML throughput_gbps=7.9548 latency_ms=68.1175
[2026-08-01T08:01:00] SAMPLE t=60s phase=Loss_spike adaptation=with_ML throughput_gbps=7.2885 latency_ms=67.7766
[2026-08-01T08:01:01] SAMPLE t=61s phase=Loss_spike adaptation=with_ML throughput_gbps=8.1576 latency_ms=70.2818
[2026-08-01T08:01:02] SAMPLE t=62s phase=Loss_spike adaptation=with_ML throughput_gbps=7.8581 latency_ms=71.2849
[2026-08-01T08:01:03] SAMPLE t=63s phase=Loss_spike adaptation=with_ML throughput_gbps=6.6189 latency_ms=69.4407
[2026-08-01T08:01:04] SAMPLE t=64s phase=Loss_spike adaptation=with_ML throughput_gbps=6.2832 latency_ms=69.052
[2026-08-01T08:01:05] SAMPLE t=65s phase=Loss_spike adaptation=with_ML throughput_gbps=7.3711 latency_ms=67.3257
[2026-08-01T08:01:06] SAMPLE t=66s phase=Loss_spike adaptation=with_ML throughput_gbps=8.306 latency_ms=71.6191
[2026-08-01T08:01:07] SAMPLE t=67s phase=Loss_spike adaptation=with_ML throughput_gbps=7.8267 latency_ms=70.0664
[2026-08-01T08:01:08] SAMPLE t=68s phase=Loss_spike adaptation=with_ML throughput_gbps=6.8483 latency_ms=71.8218
[2026-08-01T08:01:09] SAMPLE t=69s phase=Loss_spike adaptation=with_ML throughput_gbps=6.0765 latency_ms=70.5862
[2026-08-01T08:01:10] SAMPLE t=70s phase=Loss_spike adaptation=with_ML throughput_gbps=7.7186 latency_ms=69.9062
[2026-08-01T08:01:11] SAMPLE t=71s phase=Loss_spike adaptation=with_ML throughput_gbps=8.6298 latency_ms=69.7061
[2026-08-01T08:01:12] SAMPLE t=72s phase=Loss_spike adaptation=with_ML throughput_gbps=8.0217 latency_ms=70.0055
[2026-08-01T08:01:13] SAMPLE t=73s phase=Loss_spike adaptation=with_ML throughput_gbps=6.6061 latency_ms=69.476
[2026-08-01T08:01:14] SAMPLE t=74s phase=Loss_spike adaptation=with_ML throughput_gbps=6.2382 latency_ms=72.0886
[2026-08-01T08:01:15] SAMPLE t=75s phase=Loss_spike adaptation=with_ML throughput_gbps=7.2008 latency_ms=65.709
[2026-08-01T08:01:16] SAMPLE t=76s phase=Loss_spike adaptation=with_ML throughput_gbps=8.5983 latency_ms=71.7098
[2026-08-01T08:01:17] SAMPLE t=77s phase=Loss_spike adaptation=with_ML throughput_gbps=8.1009 latency_ms=69.5468
[2026-08-01T08:01:18] SAMPLE t=78s phase=Loss_spike adaptation=with_ML throughput_gbps=6.5949 latency_ms=70.3948
[2026-08-01T08:01:19] SAMPLE t=79s phase=Loss_spike adaptation=with_ML throughput_gbps=6.2597 latency_ms=73.7198
[2026-08-01T08:01:20] SAMPLE t=80s phase=Recovery adaptation=with_ML throughput_gbps=8.1091 latency_ms=64.2199
[2026-08-01T08:01:21] SAMPLE t=81s phase=Recovery adaptation=with_ML throughput_gbps=8.0515 latency_ms=67.5471
[2026-08-01T08:01:22] SAMPLE t=82s phase=Recovery adaptation=with_ML throughput_gbps=8.2211 latency_ms=65.7158
[2026-08-01T08:01:23] SAMPLE t=83s phase=Recovery adaptation=with_ML throughput_gbps=8.1193 latency_ms=64.7868
[2026-08-01T08:01:24] SAMPLE t=84s phase=Recovery adaptation=with_ML throughput_gbps=8.3804 latency_ms=66.0878
[2026-08-01T08:01:25] SAMPLE t=85s phase=Recovery adaptation=with_ML throughput_gbps=8.2748 latency_ms=64.5431
[2026-08-01T08:01:26] SAMPLE t=86s phase=Recovery adaptation=with_ML throughput_gbps=8.0506 latency_ms=64.7765
[2026-08-01T08:01:27] SAMPLE t=87s phase=Recovery adaptation=with_ML throughput_gbps=8.3129 latency_ms=67.1284
[2026-08-01T08:01:28] SAMPLE t=88s phase=Recovery adaptation=with_ML throughput_gbps=8.5759 latency_ms=66.3038
[2026-08-01T08:01:29] SAMPLE t=89s phase=Recovery adaptation=with_ML throughput_gbps=8.345 latency_ms=65.8148
[2026-08-01T08:01:30] SAMPLE t=90s phase=Recovery adaptation=with_ML throughput_gbps=8.2515 latency_ms=66.84
[2026-08-01T08:01:31] SAMPLE t=91s phase=Recovery adaptation=with_ML throughput_gbps=8.1178 latency_ms=63.4654
[2026-08-01T08:01:32] SAMPLE t=92s phase=Recovery adaptation=with_ML throughput_gbps=8.2503 latency_ms=65.2202
[2026-08-01T08:01:33] SAMPLE t=93s phase=Recovery adaptation=with_ML throughput_gbps=8.4815 latency_ms=64.0844
[2026-08-01T08:01:34] SAMPLE t=94s phase=Recovery adaptation=with_ML throughput_gbps=8.4423 latency_ms=65.8249
[2026-08-01T08:01:35] SAMPLE t=95s phase=Recovery adaptation=with_ML throughput_gbps=8.0908 latency_ms=65.7463
[2026-08-01T08:01:36] SAMPLE t=96s phase=Recovery adaptation=with_ML throughput_gbps=8.5269 latency_ms=63.7341
[2026-08-01T08:01:37] SAMPLE t=97s phase=Recovery adaptation=with_ML throughput_gbps=8.1804 latency_ms=66.4585
[2026-08-01T08:01:38] SAMPLE t=98s phase=Recovery adaptation=with_ML throughput_gbps=8.4811 latency_ms=67.6313
[2026-08-01T08:01:39] SAMPLE t=99s phase=Recovery adaptation=with_ML throughput_gbps=8.4746 latency_ms=64.2603
[2026-08-01T08:00:00] SAMPLE t=0s phase=Stable adaptation=without_ML throughput_gbps=7.6232 latency_ms=66.211
[2026-08-01T08:00:01] SAMPLE t=1s phase=Stable adaptation=without_ML throughput_gbps=8.2884 latency_ms=65.971
[2026-08-01T08:00:02] SAMPLE t=2s phase=Stable adaptation=without_ML throughput_gbps=8.0257 latency_ms=65.1053
[2026-08-01T08:00:03] SAMPLE t=3s phase=Stable adaptation=without_ML throughput_gbps=8.1806 latency_ms=65.1837
[2026-08-01T08:00:04] SAMPLE t=4s phase=Stable adaptation=without_ML throughput_gbps=7.9887 latency_ms=66.4728
[2026-08-01T08:00:05] SAMPLE t=5s phase=Stable adaptation=without_ML throughput_gbps=7.7445 latency_ms=65.9182
[2026-08-01T08:00:06] SAMPLE t=6s phase=Stable adaptation=without_ML throughput_gbps=8.1593 latency_ms=67.4596
[2026-08-01T08:00:07] SAMPLE t=7s phase=Stable adaptation=without_ML throughput_gbps=8.0401 latency_ms=65.9043
[2026-08-01T08:00:08] SAMPLE t=8s phase=Stable adaptation=without_ML throughput_gbps=8.1172 latency_ms=67.1695
[2026-08-01T08:00:09] SAMPLE t=9s phase=Stable adaptation=without_ML throughput_gbps=7.7698 latency_ms=66.2106
[2026-08-01T08:00:10] SAMPLE t=10s phase=Stable adaptation=without_ML throughput_gbps=7.9651 latency_ms=65.5215
[2026-08-01T08:00:11] SAMPLE t=11s phase=Stable adaptation=without_ML throughput_gbps=8.2469 latency_ms=68.0419
[2026-08-01T08:00:12] SAMPLE t=12s phase=Stable adaptation=without_ML throughput_gbps=7.6417 latency_ms=64.659
[2026-08-01T08:00:13] SAMPLE t=13s phase=Stable adaptation=without_ML throughput_gbps=8.0937 latency_ms=65.1635
[2026-08-01T08:00:14] SAMPLE t=14s phase=Stable adaptation=without_ML throughput_gbps=7.6198 latency_ms=66.9678
[2026-08-01T08:00:15] SAMPLE t=15s phase=Stable adaptation=without_ML throughput_gbps=8.2316 latency_ms=67.3935
[2026-08-01T08:00:16] SAMPLE t=16s phase=Stable adaptation=without_ML throughput_gbps=8.5705 latency_ms=66.266
[2026-08-01T08:00:17] SAMPLE t=17s phase=Stable adaptation=without_ML throughput_gbps=7.6852 latency_ms=65.6427
[2026-08-01T08:00:18] SAMPLE t=18s phase=Stable adaptation=without_ML throughput_gbps=7.9811 latency_ms=65.7674
[2026-08-01T08:00:19] SAMPLE t=19s phase=Stable adaptation=without_ML throughput_gbps=8.1543 latency_ms=67.4077
[2026-08-01T08:00:20] SAMPLE t=20s phase=Congestion adaptation=without_ML throughput_gbps=7.7812 latency_ms=63.7012
[2026-08-01T08:00:21] SAMPLE t=21s phase=Congestion adaptation=without_ML throughput_gbps=8.2452 latency_ms=63.5953
[2026-08-01T08:00:22] SAMPLE t=22s phase=Congestion adaptation=without_ML throughput_gbps=8.0852 latency_ms=65.0353
[2026-08-01T08:00:23] SAMPLE t=23s phase=Congestion adaptation=without_ML throughput_gbps=7.951 latency_ms=64.4196
[2026-08-01T08:00:24] SAMPLE t=24s phase=Congestion adaptation=without_ML throughput_gbps=8.2772 latency_ms=65.2088
[2026-08-01T08:00:25] SAMPLE t=25s phase=Congestion adaptation=without_ML throughput_gbps=8.0601 latency_ms=65.4938
[2026-08-01T08:00:26] SAMPLE t=26s phase=Congestion adaptation=without_ML throughput_gbps=8.6679 latency_ms=65.0386
[2026-08-01T08:00:27] SAMPLE t=27s phase=Congestion adaptation=without_ML throughput_gbps=8.3012 latency_ms=65.8548
[2026-08-01T08:00:28] SAMPLE t=28s phase=Congestion adaptation=without_ML throughput_gbps=8.0932 latency_ms=65.627
[2026-08-01T08:00:29] SAMPLE t=29s phase=Congestion adaptation=without_ML throughput_gbps=8.0949 latency_ms=65.1868
[2026-08-01T08:00:30] SAMPLE t=30s phase=Congestion adaptation=without_ML throughput_gbps=7.7511 latency_ms=65.5329
[2026-08-01T08:00:31] SAMPLE t=31s phase=Congestion adaptation=without_ML throughput_gbps=7.8438 latency_ms=65.5779
[2026-08-01T08:00:32] SAMPLE t=32s phase=Congestion adaptation=without_ML throughput_gbps=7.78 latency_ms=65.0121
[2026-08-01T08:00:33] SAMPLE t=33s phase=Congestion adaptation=without_ML throughput_gbps=8.0983 latency_ms=67.4572
[2026-08-01T08:00:34] SAMPLE t=34s phase=Congestion adaptation=without_ML throughput_gbps=8.0735 latency_ms=66.4704
[2026-08-01T08:00:35] SAMPLE t=35s phase=Congestion adaptation=without_ML throughput_gbps=7.6924 latency_ms=64.601
[2026-08-01T08:00:36] SAMPLE t=36s phase=Congestion adaptation=without_ML throughput_gbps=8.0283 latency_ms=67.9186
[2026-08-01T08:00:37] SAMPLE t=37s phase=Congestion adaptation=without_ML throughput_gbps=7.9345 latency_ms=66.609
[2026-08-01T08:00:38] SAMPLE t=38s phase=Congestion adaptation=without_ML throughput_gbps=7.7966 latency_ms=65.1326
[2026-08-01T08:00:39] SAMPLE t=39s phase=Congestion adaptation=without_ML throughput_gbps=8.0835 latency_ms=65.8044
[2026-08-01T08:00:40] SAMPLE t=40s phase=Path_change adaptation=without_ML throughput_gbps=7.8798 latency_ms=64.2387
[2026-08-01T08:00:41] SAMPLE t=41s phase=Path_change adaptation=without_ML throughput_gbps=7.4274 latency_ms=66.0156
[2026-08-01T08:00:42] SAMPLE t=42s phase=Path_change adaptation=without_ML throughput_gbps=7.1178 latency_ms=67.0133
[2026-08-01T08:00:43] SAMPLE t=43s phase=Path_change adaptation=without_ML throughput_gbps=6.9516 latency_ms=69.8813
[2026-08-01T08:00:44] SAMPLE t=44s phase=Path_change adaptation=without_ML throughput_gbps=6.3286 latency_ms=73.0031
[2026-08-01T08:00:45] SAMPLE t=45s phase=Path_change adaptation=without_ML throughput_gbps=6.2018 latency_ms=71.8344
[2026-08-01T08:00:46] SAMPLE t=46s phase=Path_change adaptation=without_ML throughput_gbps=6.1382 latency_ms=72.0152
[2026-08-01T08:00:47] SAMPLE t=47s phase=Path_change adaptation=without_ML throughput_gbps=6.0431 latency_ms=72.2388
[2026-08-01T08:00:48] SAMPLE t=48s phase=Path_change adaptation=without_ML throughput_gbps=5.788 latency_ms=73.7659
[2026-08-01T08:00:49] SAMPLE t=49s phase=Path_change adaptation=without_ML throughput_gbps=5.6432 latency_ms=73.7677
[2026-08-01T08:00:50] SAMPLE t=50s phase=Path_change adaptation=without_ML throughput_gbps=5.3982 latency_ms=71.5793
[2026-08-01T08:00:51] SAMPLE t=51s phase=Path_change adaptation=without_ML throughput_gbps=5.8538 latency_ms=71.5437
[2026-08-01T08:00:52] SAMPLE t=52s phase=Path_change adaptation=without_ML throughput_gbps=5.6219 latency_ms=71.9831
[2026-08-01T08:00:53] SAMPLE t=53s phase=Path_change adaptation=without_ML throughput_gbps=5.7138 latency_ms=73.2424
[2026-08-01T08:00:54] SAMPLE t=54s phase=Path_change adaptation=without_ML throughput_gbps=6.2517 latency_ms=71.4157
[2026-08-01T08:00:55] SAMPLE t=55s phase=Path_change adaptation=without_ML throughput_gbps=6.1715 latency_ms=67.6025
[2026-08-01T08:00:56] SAMPLE t=56s phase=Path_change adaptation=without_ML throughput_gbps=6.3884 latency_ms=70.6425
[2026-08-01T08:00:57] SAMPLE t=57s phase=Path_change adaptation=without_ML throughput_gbps=6.9395 latency_ms=71.3107
[2026-08-01T08:00:58] SAMPLE t=58s phase=Path_change adaptation=without_ML throughput_gbps=7.3657 latency_ms=68.6261
[2026-08-01T08:00:59] SAMPLE t=59s phase=Path_change adaptation=without_ML throughput_gbps=7.6533 latency_ms=66.3219
[2026-08-01T08:01:00] SAMPLE t=60s phase=Loss_spike adaptation=without_ML throughput_gbps=5.8305 latency_ms=70.6173
[2026-08-01T08:01:01] SAMPLE t=61s phase=Loss_spike adaptation=without_ML throughput_gbps=8.3704 latency_ms=80.7437
[2026-08-01T08:01:02] SAMPLE t=62s phase=Loss_spike adaptation=without_ML throughput_gbps=7.3858 latency_ms=76.2619
[2026-08-01T08:01:03] SAMPLE t=63s phase=Loss_spike adaptation=without_ML throughput_gbps=4.731 latency_ms=75.5074
[2026-08-01T08:01:04] SAMPLE t=64s phase=Loss_spike adaptation=without_ML throughput_gbps=4.0358 latency_ms=77.1647
[2026-08-01T08:01:05] SAMPLE t=65s phase=Loss_spike adaptation=without_ML throughput_gbps=6.261 latency_ms=71.678
[2026-08-01T08:01:06] SAMPLE t=66s phase=Loss_spike adaptation=without_ML throughput_gbps=7.9449 latency_ms=78.2584
[2026-08-01T08:01:07] SAMPLE t=67s phase=Loss_spike adaptation=without_ML throughput_gbps=7.7003 latency_ms=77.2833
[2026-08-01T08:01:08] SAMPLE t=68s phase=Loss_spike adaptation=without_ML throughput_gbps=4.7729 latency_ms=74.5655
[2026-08-01T08:01:09] SAMPLE t=69s phase=Loss_spike adaptation=without_ML throughput_gbps=3.9581 latency_ms=77.6318
[2026-08-01T08:01:10] SAMPLE t=70s phase=Loss_spike adaptation=without_ML throughput_gbps=5.9984 latency_ms=73.3228
[2026-08-01T08:01:11] SAMPLE t=71s phase=Loss_spike adaptation=without_ML throughput_gbps=8.3527 latency_ms=77.0157
[2026-08-01T08:01:12] SAMPLE t=72s phase=Loss_spike adaptation=without_ML throughput_gbps=7.6674 latency_ms=76.5105
[2026-08-01T08:01:13] SAMPLE t=73s phase=Loss_spike adaptation=without_ML throughput_gbps=4.7335 latency_ms=75.1446
[2026-08-01T08:01:14] SAMPLE t=74s phase=Loss_spike adaptation=without_ML throughput_gbps=3.8126 latency_ms=81.7777
[2026-08-01T08:01:15] SAMPLE t=75s phase=Loss_spike adaptation=without_ML throughput_gbps=6.5984 latency_ms=69.8647
[2026-08-01T08:01:16] SAMPLE t=76s phase=Loss_spike adaptation=without_ML throughput_gbps=8.6052 latency_ms=79.6842
[2026-08-01T08:01:17] SAMPLE t=77s phase=Loss_spike adaptation=without_ML throughput_gbps=7.6522 latency_ms=78.9444
[2026-08-01T08:01:18] SAMPLE t=78s phase=Loss_spike adaptation=without_ML throughput_gbps=5.0323 latency_ms=75.3899
[2026-08-01T08:01:19] SAMPLE t=79s phase=Loss_spike adaptation=without_ML throughput_gbps=3.9048 latency_ms=79.3999
[2026-08-01T08:01:20] SAMPLE t=80s phase=Recovery adaptation=without_ML throughput_gbps=7.8496 latency_ms=66.6902
[2026-08-01T08:01:21] SAMPLE t=81s phase=Recovery adaptation=without_ML throughput_gbps=7.7348 latency_ms=64.674
[2026-08-01T08:01:22] SAMPLE t=82s phase=Recovery adaptation=without_ML throughput_gbps=7.9751 latency_ms=66.5378
[2026-08-01T08:01:23] SAMPLE t=83s phase=Recovery adaptation=without_ML throughput_gbps=8.7441 latency_ms=65.1741
[2026-08-01T08:01:24] SAMPLE t=84s phase=Recovery adaptation=without_ML throughput_gbps=8.3899 latency_ms=67.4211
[2026-08-01T08:01:25] SAMPLE t=85s phase=Recovery adaptation=without_ML throughput_gbps=7.835 latency_ms=66.1613
[2026-08-01T08:01:26] SAMPLE t=86s phase=Recovery adaptation=without_ML throughput_gbps=8.3478 latency_ms=63.8511
[2026-08-01T08:01:27] SAMPLE t=87s phase=Recovery adaptation=without_ML throughput_gbps=8.2331 latency_ms=65.0523
[2026-08-01T08:01:28] SAMPLE t=88s phase=Recovery adaptation=without_ML throughput_gbps=8.3519 latency_ms=64.5665
[2026-08-01T08:01:29] SAMPLE t=89s phase=Recovery adaptation=without_ML throughput_gbps=7.8432 latency_ms=67.4764
[2026-08-01T08:01:30] SAMPLE t=90s phase=Recovery adaptation=without_ML throughput_gbps=8.0096 latency_ms=64.793
[2026-08-01T08:01:31] SAMPLE t=91s phase=Recovery adaptation=without_ML throughput_gbps=7.7576 latency_ms=67.2162
[2026-08-01T08:01:32] SAMPLE t=92s phase=Recovery adaptation=without_ML throughput_gbps=8.0092 latency_ms=65.0429
[2026-08-01T08:01:33] SAMPLE t=93s phase=Recovery adaptation=without_ML throughput_gbps=8.208 latency_ms=66.0037
[2026-08-01T08:01:34] SAMPLE t=94s phase=Recovery adaptation=without_ML throughput_gbps=7.9483 latency_ms=66.0162
[2026-08-01T08:01:35] SAMPLE t=95s phase=Recovery adaptation=without_ML throughput_gbps=7.9839 latency_ms=68.3719
[2026-08-01T08:01:36] SAMPLE t=96s phase=Recovery adaptation=without_ML throughput_gbps=8.2142 latency_ms=64.7967
[2026-08-01T08:01:37] SAMPLE t=97s phase=Recovery adaptation=without_ML throughput_gbps=7.8947 latency_ms=65.6867
[2026-08-01T08:01:38] SAMPLE t=98s phase=Recovery adaptation=without_ML throughput_gbps=7.7309 latency_ms=64.5984
[2026-08-01T08:01:39] SAMPLE t=99s phase=Recovery adaptation=without_ML throughput_gbps=8.152 latency_ms=70.6943
[2026-08-01T08:00:00] TRACE_END run_id=1 status=OK
[2026-08-01T08:02:38] TRACE_START run_id=2
[2026-08-01T08:02:38] SAMPLE t=0s phase=Stable adaptation=with_ML throughput_gbps=8.0875 latency_ms=65.8599
[2026-08-01T08:02:39] SAMPLE t=1s phase=Stable adaptation=with_ML throughput_gbps=7.8207 latency_ms=63.9643
[2026-08-01T08:02:40] SAMPLE t=2s phase=Stable adaptation=with_ML throughput_gbps=8.0318 latency_ms=67.164
[2026-08-01T08:02:41] SAMPLE t=3s phase=Stable adaptation=with_ML throughput_gbps=8.108 latency_ms=65.3146
[2026-08-01T08:02:42] SAMPLE t=4s phase=Stable adaptation=with_ML throughput_gbps=7.9215 latency_ms=65.7023
[2026-08-01T08:02:43] SAMPLE t=5s phase=Stable adaptation=with_ML throughput_gbps=8.0329 latency_ms=68.3485
[2026-08-01T08:02:44] SAMPLE t=6s phase=Stable adaptation=with_ML throughput_gbps=8.0746 latency_ms=67.5575
[2026-08-01T08:02:45] SAMPLE t=7s phase=Stable adaptation=with_ML throughput_gbps=7.7636 latency_ms=68.2567
[2026-08-01T08:02:46] SAMPLE t=8s phase=Stable adaptation=with_ML throughput_gbps=7.8923 latency_ms=69.0413
[2026-08-01T08:02:47] SAMPLE t=9s phase=Stable adaptation=with_ML throughput_gbps=8.4033 latency_ms=67.2105
[2026-08-01T08:02:48] SAMPLE t=10s phase=Stable adaptation=with_ML throughput_gbps=8.2001 latency_ms=66.3772
[2026-08-01T08:02:49] SAMPLE t=11s phase=Stable adaptation=with_ML throughput_gbps=7.8285 latency_ms=65.317
[2026-08-01T08:02:50] SAMPLE t=12s phase=Stable adaptation=with_ML throughput_gbps=8.391 latency_ms=68.8289
[2026-08-01T08:02:51] SAMPLE t=13s phase=Stable adaptation=with_ML throughput_gbps=8.0399 latency_ms=66.7512
[2026-08-01T08:02:52] SAMPLE t=14s phase=Stable adaptation=with_ML throughput_gbps=8.0823 latency_ms=67.0979
[2026-08-01T08:02:53] SAMPLE t=15s phase=Stable adaptation=with_ML throughput_gbps=8.2492 latency_ms=67.2692
[2026-08-01T08:02:54] SAMPLE t=16s phase=Stable adaptation=with_ML throughput_gbps=8.5348 latency_ms=67.4911
[2026-08-01T08:02:55] SAMPLE t=17s phase=Stable adaptation=with_ML throughput_gbps=8.4755 latency_ms=66.5954
[2026-08-01T08:02:56] SAMPLE t=18s phase=Stable adaptation=with_ML throughput_gbps=7.8599 latency_ms=65.6341
[2026-08-01T08:02:57] SAMPLE t=19s phase=Stable adaptation=with_ML throughput_gbps=8.3253 latency_ms=64.9719
[2026-08-01T08:02:58] SAMPLE t=20s phase=Congestion adaptation=with_ML throughput_gbps=8.5369 latency_ms=65.1428
[2026-08-01T08:02:59] SAMPLE t=21s phase=Congestion adaptation=with_ML throughput_gbps=8.2857 latency_ms=66.7024
[2026-08-01T08:03:00] SAMPLE t=22s phase=Congestion adaptation=with_ML throughput_gbps=7.8921 latency_ms=67.6005
[2026-08-01T08:03:01] SAMPLE t=23s phase=Congestion adaptation=with_ML throughput_gbps=8.1287 latency_ms=67.3018
[2026-08-01T08:03:02] SAMPLE t=24s phase=Congestion adaptation=with_ML throughput_gbps=8.133 latency_ms=67.0179
[2026-08-01T08:03:03] SAMPLE t=25s phase=Congestion adaptation=with_ML throughput_gbps=8.047 latency_ms=67.3323
[2026-08-01T08:03:04] SAMPLE t=26s phase=Congestion adaptation=with_ML throughput_gbps=7.9005 latency_ms=66.4961
[2026-08-01T08:03:05] SAMPLE t=27s phase=Congestion adaptation=with_ML throughput_gbps=8.1414 latency_ms=64.5661
[2026-08-01T08:03:06] SAMPLE t=28s phase=Congestion adaptation=with_ML throughput_gbps=8.0547 latency_ms=68.1419
[2026-08-01T08:03:07] SAMPLE t=29s phase=Congestion adaptation=with_ML throughput_gbps=8.2217 latency_ms=68.873
[2026-08-01T08:03:08] SAMPLE t=30s phase=Congestion adaptation=with_ML throughput_gbps=8.3326 latency_ms=70.7699
[2026-08-01T08:03:09] SAMPLE t=31s phase=Congestion adaptation=with_ML throughput_gbps=8.0454 latency_ms=66.211
[2026-08-01T08:03:10] SAMPLE t=32s phase=Congestion adaptation=with_ML throughput_gbps=8.1367 latency_ms=64.4453
[2026-08-01T08:03:11] SAMPLE t=33s phase=Congestion adaptation=with_ML throughput_gbps=7.9841 latency_ms=67.6322
[2026-08-01T08:03:12] SAMPLE t=34s phase=Congestion adaptation=with_ML throughput_gbps=8.378 latency_ms=66.0926
[2026-08-01T08:03:13] SAMPLE t=35s phase=Congestion adaptation=with_ML throughput_gbps=8.4332 latency_ms=68.5234
[2026-08-01T08:03:14] SAMPLE t=36s phase=Congestion adaptation=with_ML throughput_gbps=8.1373 latency_ms=64.6518
[2026-08-01T08:03:15] SAMPLE t=37s phase=Congestion adaptation=with_ML throughput_gbps=8.1894 latency_ms=64.7698
[2026-08-01T08:03:16] SAMPLE t=38s phase=Congestion adaptation=with_ML throughput_gbps=7.637 latency_ms=64.3395
[2026-08-01T08:03:17] SAMPLE t=39s phase=Congestion adaptation=with_ML throughput_gbps=7.9084 latency_ms=66.0996
[2026-08-01T08:03:18] SAMPLE t=40s phase=Path_change adaptation=with_ML throughput_gbps=8.1389 latency_ms=66.9955
[2026-08-01T08:03:19] SAMPLE t=41s phase=Path_change adaptation=with_ML throughput_gbps=7.931 latency_ms=67.0019
[2026-08-01T08:03:20] SAMPLE t=42s phase=Path_change adaptation=with_ML throughput_gbps=7.8834 latency_ms=69.5867
[2026-08-01T08:03:21] SAMPLE t=43s phase=Path_change adaptation=with_ML throughput_gbps=7.6001 latency_ms=66.0354
[2026-08-01T08:03:22] SAMPLE t=44s phase=Path_change adaptation=with_ML throughput_gbps=7.8848 latency_ms=68.4383
[2026-08-01T08:03:23] SAMPLE t=45s phase=Path_change adaptation=with_ML throughput_gbps=7.4699 latency_ms=69.6791
[2026-08-01T08:03:24] SAMPLE t=46s phase=Path_change adaptation=with_ML throughput_gbps=7.1863 latency_ms=67.1043
[2026-08-01T08:03:25] SAMPLE t=47s phase=Path_change adaptation=with_ML throughput_gbps=7.5235 latency_ms=68.0345
[2026-08-01T08:03:26] SAMPLE t=48s phase=Path_change adaptation=with_ML throughput_gbps=7.2991 latency_ms=66.2749
[2026-08-01T08:03:27] SAMPLE t=49s phase=Path_change adaptation=with_ML throughput_gbps=7.2925 latency_ms=70.4345
[2026-08-01T08:03:28] SAMPLE t=50s phase=Path_change adaptation=with_ML throughput_gbps=7.1953 latency_ms=66.6415
[2026-08-01T08:03:29] SAMPLE t=51s phase=Path_change adaptation=with_ML throughput_gbps=7.3396 latency_ms=69.0314
[2026-08-01T08:03:30] SAMPLE t=52s phase=Path_change adaptation=with_ML throughput_gbps=7.5076 latency_ms=68.0955
[2026-08-01T08:03:31] SAMPLE t=53s phase=Path_change adaptation=with_ML throughput_gbps=7.2255 latency_ms=66.4777
[2026-08-01T08:03:32] SAMPLE t=54s phase=Path_change adaptation=with_ML throughput_gbps=7.7817 latency_ms=68.0643
[2026-08-01T08:03:33] SAMPLE t=55s phase=Path_change adaptation=with_ML throughput_gbps=7.643 latency_ms=66.3575
[2026-08-01T08:03:34] SAMPLE t=56s phase=Path_change adaptation=with_ML throughput_gbps=7.6135 latency_ms=67.8833
[2026-08-01T08:03:35] SAMPLE t=57s phase=Path_change adaptation=with_ML throughput_gbps=7.3981 latency_ms=66.2887
[2026-08-01T08:03:36] SAMPLE t=58s phase=Path_change adaptation=with_ML throughput_gbps=7.7324 latency_ms=66.0583
[2026-08-01T08:03:37] SAMPLE t=59s phase=Path_change adaptation=with_ML throughput_gbps=7.8868 latency_ms=67.4593
[2026-08-01T08:03:38] SAMPLE t=60s phase=Loss_spike adaptation=with_ML throughput_gbps=7.3045 latency_ms=67.3119
[2026-08-01T08:03:39] SAMPLE t=61s phase=Loss_spike adaptation=with_ML throughput_gbps=8.2971 latency_ms=69.9562
[2026-08-01T08:03:40] SAMPLE t=62s phase=Loss_spike adaptation=with_ML throughput_gbps=7.9459 latency_ms=70.712
[2026-08-01T08:03:41] SAMPLE t=63s phase=Loss_spike adaptation=with_ML throughput_gbps=6.5635 latency_ms=69.1365
[2026-08-01T08:03:42] SAMPLE t=64s phase=Loss_spike adaptation=with_ML throughput_gbps=6.4809 latency_ms=73.1517
[2026-08-01T08:03:43] SAMPLE t=65s phase=Loss_spike adaptation=with_ML throughput_gbps=7.1535 latency_ms=67.4091
[2026-08-01T08:03:44] SAMPLE t=66s phase=Loss_spike adaptation=with_ML throughput_gbps=8.2758 latency_ms=71.3145
[2026-08-01T08:03:45] SAMPLE t=67s phase=Loss_spike adaptation=with_ML throughput_gbps=7.7979 latency_ms=68.8148
[2026-08-01T08:03:46] SAMPLE t=68s phase=Loss_spike adaptation=with_ML throughput_gbps=6.5204 latency_ms=69.1951
[2026-08-01T08:03:47] SAMPLE t=69s phase=Loss_spike adaptation=with_ML throughput_gbps=6.4167 latency_ms=70.6025
[2026-08-01T08:03:48] SAMPLE t=70s phase=Loss_spike adaptation=with_ML throughput_gbps=7.2987 latency_ms=66.9137
[2026-08-01T08:03:49] SAMPLE t=71s phase=Loss_spike adaptation=with_ML throughput_gbps=8.7724 latency_ms=69.9127
[2026-08-01T08:03:50] SAMPLE t=72s phase=Loss_spike adaptation=with_ML throughput_gbps=7.9623 latency_ms=71.7427
[2026-08-01T08:03:51] SAMPLE t=73s phase=Loss_spike adaptation=with_ML throughput_gbps=6.7128 latency_ms=68.0016
[2026-08-01T08:03:52] SAMPLE t=74s phase=Loss_spike adaptation=with_ML throughput_gbps=6.394 latency_ms=69.9696
[2026-08-01T08:03:53] SAMPLE t=75s phase=Loss_spike adaptation=with_ML throughput_gbps=6.9287 latency_ms=66.7718
[2026-08-01T08:03:54] SAMPLE t=76s phase=Loss_spike adaptation=with_ML throughput_gbps=8.5221 latency_ms=71.1235
[2026-08-01T08:03:55] SAMPLE t=77s phase=Loss_spike adaptation=with_ML throughput_gbps=7.797 latency_ms=69.6024
[2026-08-01T08:03:56] SAMPLE t=78s phase=Loss_spike adaptation=with_ML throughput_gbps=6.5386 latency_ms=70.1625
[2026-08-01T08:03:57] SAMPLE t=79s phase=Loss_spike adaptation=with_ML throughput_gbps=6.2884 latency_ms=70.1061
[2026-08-01T08:03:58] SAMPLE t=80s phase=Recovery adaptation=with_ML throughput_gbps=7.9133 latency_ms=65.4119
[2026-08-01T08:03:59] SAMPLE t=81s phase=Recovery adaptation=with_ML throughput_gbps=8.1129 latency_ms=65.9238
[2026-08-01T08:04:00] SAMPLE t=82s phase=Recovery adaptation=with_ML throughput_gbps=8.1434 latency_ms=65.7912
[2026-08-01T08:04:01] SAMPLE t=83s phase=Recovery adaptation=with_ML throughput_gbps=8.2505 latency_ms=66.619
[2026-08-01T08:04:02] SAMPLE t=84s phase=Recovery adaptation=with_ML throughput_gbps=8.3292 latency_ms=63.6648
[2026-08-01T08:04:03] SAMPLE t=85s phase=Recovery adaptation=with_ML throughput_gbps=8.5038 latency_ms=64.1942
[2026-08-01T08:04:04] SAMPLE t=86s phase=Recovery adaptation=with_ML throughput_gbps=8.4159 latency_ms=64.3169
[2026-08-01T08:04:05] SAMPLE t=87s phase=Recovery adaptation=with_ML throughput_gbps=7.9635 latency_ms=66.5736
[2026-08-01T08:04:06] SAMPLE t=88s phase=Recovery adaptation=with_ML throughput_gbps=7.9683 latency_ms=66.3751
[2026-08-01T08:04:07] SAMPLE t=89s phase=Recovery adaptation=with_ML throughput_gbps=8.1849 latency_ms=66.0426
[2026-08-01T08:04:08] SAMPLE t=90s phase=Recovery adaptation=with_ML throughput_gbps=8.3744 latency_ms=66.8852
[2026-08-01T08:04:09] SAMPLE t=91s phase=Recovery adaptation=with_ML throughput_gbps=8.3223 latency_ms=64.9952
[2026-08-01T08:04:10] SAMPLE t=92s phase=Recovery adaptation=with_ML throughput_gbps=8.1202 latency_ms=64.7437
[2026-08-01T08:04:11] SAMPLE t=93s phase=Recovery adaptation=with_ML throughput_gbps=8.5241 latency_ms=65.4394
[2026-08-01T08:04:12] SAMPLE t=94s phase=Recovery adaptation=with_ML throughput_gbps=8.3606 latency_ms=64.9739
[2026-08-01T08:04:13] SAMPLE t=95s phase=Recovery adaptation=with_ML throughput_gbps=8.1946 latency_ms=65.8066
[2026-08-01T08:04:14] SAMPLE t=96s phase=Recovery adaptation=with_ML throughput_gbps=8.5655 latency_ms=64.7436
[2026-08-01T08:04:15] SAMPLE t=97s phase=Recovery adaptation=with_ML throughput_gbps=8.3172 latency_ms=66.5801
[2026-08-01T08:04:16] SAMPLE t=98s phase=Recovery adaptation=with_ML throughput_gbps=8.6893 latency_ms=63.4102
[2026-08-01T08:04:17] SAMPLE t=99s phase=Recovery adaptation=with_ML throughput_gbps=8.1894 latency_ms=65.8395
[2026-08-01T08:02:38] SAMPLE t=0s phase=Stable adaptation=without_ML throughput_gbps=8.1537 latency_ms=65.5352
[2026-08-01T08:02:39] SAMPLE t=1s phase=Stable adaptation=without_ML throughput_gbps=8.0818 latency_ms=66.983
[2026-08-01T08:02:40] SAMPLE t=2s phase=Stable adaptation=without_ML throughput_gbps=7.7585 latency_ms=67.6611
[2026-08-01T08:02:41] SAMPLE t=3s phase=Stable adaptation=without_ML throughput_gbps=8.0326 latency_ms=65.8307
[2026-08-01T08:02:42] SAMPLE t=4s phase=Stable adaptation=without_ML throughput_gbps=7.9303 latency_ms=67.7638
[2026-08-01T08:02:43] SAMPLE t=5s phase=Stable adaptation=without_ML throughput_gbps=7.7602 latency_ms=66.3566
[2026-08-01T08:02:44] SAMPLE t=6s phase=Stable adaptation=without_ML throughput_gbps=8.1579 latency_ms=67.4045
[2026-08-01T08:02:45] SAMPLE t=7s phase=Stable adaptation=without_ML throughput_gbps=8.2945 latency_ms=66.3317
[2026-08-01T08:02:46] SAMPLE t=8s phase=Stable adaptation=without_ML throughput_gbps=7.5741 latency_ms=64.3223
[2026-08-01T08:02:47] SAMPLE t=9s phase=Stable adaptation=without_ML throughput_gbps=7.6093 latency_ms=65.8201
[2026-08-01T08:02:48] SAMPLE t=10s phase=Stable adaptation=without_ML throughput_gbps=7.9592 latency_ms=64.4485
[2026-08-01T08:02:49] SAMPLE t=11s phase=Stable adaptation=without_ML throughput_gbps=7.6217 latency_ms=64.1599
[2026-08-01T08:02:50] SAMPLE t=12s phase=Stable adaptation=without_ML throughput_gbps=8.3629 latency_ms=62.9122
[2026-08-01T08:02:51] SAMPLE t=13s phase=Stable adaptation=without_ML throughput_gbps=7.8706 latency_ms=66.8567
[2026-08-01T08:02:52] SAMPLE t=14s phase=Stable adaptation=without_ML throughput_gbps=8.3176 latency_ms=65.896
[2026-08-01T08:02:53] SAMPLE t=15s phase=Stable adaptation=without_ML throughput_gbps=7.8504 latency_ms=65.9177
[2026-08-01T08:02:54] SAMPLE t=16s phase=Stable adaptation=without_ML throughput_gbps=7.941 latency_ms=68.1114
[2026-08-01T08:02:55] SAMPLE t=17s phase=Stable adaptation=without_ML throughput_gbps=8.0404 latency_ms=66.2659
[2026-08-01T08:02:56] SAMPLE t=18s phase=Stable adaptation=without_ML throughput_gbps=8.3737 latency_ms=66.9695
[2026-08-01T08:02:57] SAMPLE t=19s phase=Stable adaptation=without_ML throughput_gbps=8.199 latency_ms=65.0789
[2026-08-01T08:02:58] SAMPLE t=20s phase=Congestion adaptation=without_ML throughput_gbps=7.6516 latency_ms=66.9229
[2026-08-01T08:02:59] SAMPLE t=21s phase=Congestion adaptation=without_ML throughput_gbps=7.9589 latency_ms=66.2352
[2026-08-01T08:03:00] SAMPLE t=22s phase=Congestion adaptation=without_ML throughput_gbps=7.983 latency_ms=67.6362
[2026-08-01T08:03:01] SAMPLE t=23s phase=Congestion adaptation=without_ML throughput_gbps=8.0688 latency_ms=65.6141
[2026-08-01T08:03:02] SAMPLE t=24s phase=Congestion adaptation=without_ML throughput_gbps=8.6391 latency_ms=63.3956
[2026-08-01T08:03:03] SAMPLE t=25s phase=Congestion adaptation=without_ML throughput_gbps=8.2337 latency_ms=67.0951
[2026-08-01T08:03:04] SAMPLE t=26s phase=Congestion adaptation=without_ML throughput_gbps=7.8545 latency_ms=65.7987
[2026-08-01T08:03:05] SAMPLE t=27s phase=Congestion adaptation=without_ML throughput_gbps=7.8979 latency_ms=66.7007
[2026-08-01T08:03:06] SAMPLE t=28s phase=Congestion adaptation=without_ML throughput_gbps=8.0041 latency_ms=65.8267
[2026-08-01T08:03:07] SAMPLE t=29s phase=Congestion adaptation=without_ML throughput_gbps=7.7628 latency_ms=67.2564
[2026-08-01T08:03:08] SAMPLE t=30s phase=Congestion adaptation=without_ML throughput_gbps=7.9235 latency_ms=66.2785
[2026-08-01T08:03:09] SAMPLE t=31s phase=Congestion adaptation=without_ML throughput_gbps=7.8164 latency_ms=67.0436
[2026-08-01T08:03:10] SAMPLE t=32s phase=Congestion adaptation=without_ML throughput_gbps=8.1738 latency_ms=66.5294
[2026-08-01T08:03:11] SAMPLE t=33s phase=Congestion adaptation=without_ML throughput_gbps=7.8123 latency_ms=68.2078
[2026-08-01T08:03:12] SAMPLE t=34s phase=Congestion adaptation=without_ML throughput_gbps=8.6167 latency_ms=70.0024
[2026-08-01T08:03:13] SAMPLE t=35s phase=Congestion adaptation=without_ML throughput_gbps=7.9697 latency_ms=67.3877
[2026-08-01T08:03:14] SAMPLE t=36s phase=Congestion adaptation=without_ML throughput_gbps=7.6164 latency_ms=68.0591
[2026-08-01T08:03:15] SAMPLE t=37s phase=Congestion adaptation=without_ML throughput_gbps=7.9803 latency_ms=63.0525
[2026-08-01T08:03:16] SAMPLE t=38s phase=Congestion adaptation=without_ML throughput_gbps=7.9121 latency_ms=67.673
[2026-08-01T08:03:17] SAMPLE t=39s phase=Congestion adaptation=without_ML throughput_gbps=7.7317 latency_ms=64.9393
[2026-08-01T08:03:18] SAMPLE t=40s phase=Path_change adaptation=without_ML throughput_gbps=8.2056 latency_ms=65.7759
[2026-08-01T08:03:19] SAMPLE t=41s phase=Path_change adaptation=without_ML throughput_gbps=7.5398 latency_ms=67.1128
[2026-08-01T08:03:20] SAMPLE t=42s phase=Path_change adaptation=without_ML throughput_gbps=7.3575 latency_ms=68.649
[2026-08-01T08:03:21] SAMPLE t=43s phase=Path_change adaptation=without_ML throughput_gbps=6.9762 latency_ms=67.1081
[2026-08-01T08:03:22] SAMPLE t=44s phase=Path_change adaptation=without_ML throughput_gbps=6.6642 latency_ms=68.3447
[2026-08-01T08:03:23] SAMPLE t=45s phase=Path_change adaptation=without_ML throughput_gbps=6.2118 latency_ms=71.6937
[2026-08-01T08:03:24] SAMPLE t=46s phase=Path_change adaptation=without_ML throughput_gbps=5.9648 latency_ms=71.8916
[2026-08-01T08:03:25] SAMPLE t=47s phase=Path_change adaptation=without_ML throughput_gbps=5.5066 latency_ms=74.2255
[2026-08-01T08:03:26] SAMPLE t=48s phase=Path_change adaptation=without_ML throughput_gbps=5.9342 latency_ms=74.0615
[2026-08-01T08:03:27] SAMPLE t=49s phase=Path_change adaptation=without_ML throughput_gbps=5.8805 latency_ms=73.7068
[2026-08-01T08:03:28] SAMPLE t=50s phase=Path_change adaptation=without_ML throughput_gbps=5.6594 latency_ms=72.7704
[2026-08-01T08:03:29] SAMPLE t=51s phase=Path_change adaptation=without_ML throughput_gbps=5.7749 latency_ms=75.1425
[2026-08-01T08:03:30] SAMPLE t=52s phase=Path_change adaptation=without_ML throughput_gbps=5.6865 latency_ms=73.8714
[2026-08-01T08:03:31] SAMPLE t=53s phase=Path_change adaptation=without_ML throughput_gbps=6.0159 latency_ms=73.3423
[2026-08-01T08:03:32] SAMPLE t=54s phase=Path_change adaptation=without_ML throughput_gbps=6.0508 latency_ms=68.4311
[2026-08-01T08:03:33] SAMPLE t=55s phase=Path_change adaptation=without_ML throughput_gbps=6.1603 latency_ms=69.3586
[2026-08-01T08:03:34] SAMPLE t=56s phase=Path_change adaptation=without_ML throughput_gbps=6.5016 latency_ms=71.4453
[2026-08-01T08:03:35] SAMPLE t=57s phase=Path_change adaptation=without_ML throughput_gbps=6.9156 latency_ms=67.8708
[2026-08-01T08:03:36] SAMPLE t=58s phase=Path_change adaptation=without_ML throughput_gbps=7.2578 latency_ms=68.3505
[2026-08-01T08:03:37] SAMPLE t=59s phase=Path_change adaptation=without_ML throughput_gbps=8.2139 latency_ms=67.3682
[2026-08-01T08:03:38] SAMPLE t=60s phase=Loss_spike adaptation=without_ML throughput_gbps=5.8094 latency_ms=70.2811
[2026-08-01T08:03:39] SAMPLE t=61s phase=Loss_spike adaptation=without_ML throughput_gbps=8.5509 latency_ms=80.4316
[2026-08-01T08:03:40] SAMPLE t=62s phase=Loss_spike adaptation=without_ML throughput_gbps=7.648 latency_ms=74.8777
[2026-08-01T08:03:41] SAMPLE t=63s phase=Loss_spike adaptation=without_ML throughput_gbps=4.5981 latency_ms=73.9577
[2026-08-01T08:03:42] SAMPLE t=64s phase=Loss_spike adaptation=without_ML throughput_gbps=4.0069 latency_ms=77.6592
[2026-08-01T08:03:43] SAMPLE t=65s phase=Loss_spike adaptation=without_ML throughput_gbps=6.6633 latency_ms=70.1194
[2026-08-01T08:03:44] SAMPLE t=66s phase=Loss_spike adaptation=without_ML throughput_gbps=8.169 latency_ms=80.4046
[2026-08-01T08:03:45] SAMPLE t=67s phase=Loss_spike adaptation=without_ML throughput_gbps=7.366 latency_ms=75.5062
[2026-08-01T08:03:46] SAMPLE t=68s phase=Loss_spike adaptation=without_ML throughput_gbps=4.6996 latency_ms=72.8966
[2026-08-01T08:03:47] SAMPLE t=69s phase=Loss_spike adaptation=without_ML throughput_gbps=4.0678 latency_ms=77.4852
[2026-08-01T08:03:48] SAMPLE t=70s phase=Loss_spike adaptation=without_ML throughput_gbps=6.1979 latency_ms=70.058
[2026-08-01T08:03:49] SAMPLE t=71s phase=Loss_spike adaptation=without_ML throughput_gbps=8.6294 latency_ms=75.9452
[2026-08-01T08:03:50] SAMPLE t=72s phase=Loss_spike adaptation=without_ML throughput_gbps=7.8749 latency_ms=75.7023
[2026-08-01T08:03:51] SAMPLE t=73s phase=Loss_spike adaptation=without_ML throughput_gbps=4.7223 latency_ms=76.6767
[2026-08-01T08:03:52] SAMPLE t=74s phase=Loss_spike adaptation=without_ML throughput_gbps=4.0041 latency_ms=79.6983
[2026-08-01T08:03:53] SAMPLE t=75s phase=Loss_spike adaptation=without_ML throughput_gbps=6.0947 latency_ms=68.9579
[2026-08-01T08:03:54] SAMPLE t=76s phase=Loss_spike adaptation=without_ML throughput_gbps=8.5845 latency_ms=82.0494
[2026-08-01T08:03:55] SAMPLE t=77s phase=Loss_spike adaptation=without_ML throughput_gbps=7.2343 latency_ms=76.8289
[2026-08-01T08:03:56] SAMPLE t=78s phase=Loss_spike adaptation=without_ML throughput_gbps=4.8912 latency_ms=75.809
[2026-08-01T08:03:57] SAMPLE t=79s phase=Loss_spike adaptation=without_ML throughput_gbps=4.1539 latency_ms=76.2122
[2026-08-01T08:03:58] SAMPLE t=80s phase=Recovery adaptation=without_ML throughput_gbps=8.2113 latency_ms=67.2451
[2026-08-01T08:03:59] SAMPLE t=81s phase=Recovery adaptation=without_ML throughput_gbps=7.7904 latency_ms=68.8777
[2026-08-01T08:04:00] SAMPLE t=82s phase=Recovery adaptation=without_ML throughput_gbps=7.7904 latency_ms=67.7782
[2026-08-01T08:04:01] SAMPLE t=83s phase=Recovery adaptation=without_ML throughput_gbps=7.9441 latency_ms=65.2706
[2026-08-01T08:04:02] SAMPLE t=84s phase=Recovery adaptation=without_ML throughput_gbps=7.7982 latency_ms=66.3526
[2026-08-01T08:04:03] SAMPLE t=85s phase=Recovery adaptation=without_ML throughput_gbps=7.8643 latency_ms=63.9388
[2026-08-01T08:04:04] SAMPLE t=86s phase=Recovery adaptation=without_ML throughput_gbps=7.7523 latency_ms=64.965
[2026-08-01T08:04:05] SAMPLE t=87s phase=Recovery adaptation=without_ML throughput_gbps=7.4629 latency_ms=67.3091
[2026-08-01T08:04:06] SAMPLE t=88s phase=Recovery adaptation=without_ML throughput_gbps=8.101 latency_ms=65.2534
[2026-08-01T08:04:07] SAMPLE t=89s phase=Recovery adaptation=without_ML throughput_gbps=8.3273 latency_ms=66.1488
[2026-08-01T08:04:08] SAMPLE t=90s phase=Recovery adaptation=without_ML throughput_gbps=7.896 latency_ms=66.9583
[2026-08-01T08:04:09] SAMPLE t=91s phase=Recovery adaptation=without_ML throughput_gbps=7.7343 latency_ms=65.5496
[2026-08-01T08:04:10] SAMPLE t=92s phase=Recovery adaptation=without_ML throughput_gbps=8.1935 latency_ms=64.0335
[2026-08-01T08:04:11] SAMPLE t=93s phase=Recovery adaptation=without_ML throughput_gbps=7.9954 latency_ms=65.44
[2026-08-01T08:04:12] SAMPLE t=94s phase=Recovery adaptation=without_ML throughput_gbps=7.8143 latency_ms=65.9285
[2026-08-01T08:04:13] SAMPLE t=95s phase=Recovery adaptation=without_ML throughput_gbps=7.8151 latency_ms=66.8786
[2026-08-01T08:04:14] SAMPLE t=96s phase=Recovery adaptation=without_ML throughput_gbps=7.465 latency_ms=65.3265
[2026-08-01T08:04:15] SAMPLE t=97s phase=Recovery adaptation=without_ML throughput_gbps=8.1289 latency_ms=65.8127
[2026-08-01T08:04:16] SAMPLE t=98s phase=Recovery adaptation=without_ML throughput_gbps=8.1832 latency_ms=67.0884
[2026-08-01T08:04:17] SAMPLE t=99s phase=Recovery adaptation=without_ML throughput_gbps=7.9336 latency_ms=68.9092
[2026-08-01T08:02:38] TRACE_END run_id=2 status=OK
[2026-08-01T08:15:56] TRACE_START run_id=3
[2026-08-01T08:15:56] SAMPLE t=0s phase=Stable adaptation=with_ML throughput_gbps=8.0074 latency_ms=66.561
[2026-08-01T08:15:57] SAMPLE t=1s phase=Stable adaptation=with_ML throughput_gbps=7.8737 latency_ms=67.4764
[2026-08-01T08:15:58] SAMPLE t=2s phase=Stable adaptation=with_ML throughput_gbps=8.12 latency_ms=66.7197
[2026-08-01T08:15:59] SAMPLE t=3s phase=Stable adaptation=with_ML throughput_gbps=8.5037 latency_ms=65.6275
[2026-08-01T08:16:00] SAMPLE t=4s phase=Stable adaptation=with_ML throughput_gbps=8.2152 latency_ms=67.1904
[2026-08-01T08:16:01] SAMPLE t=5s phase=Stable adaptation=with_ML throughput_gbps=7.8914 latency_ms=66.462
[2026-08-01T08:16:02] SAMPLE t=6s phase=Stable adaptation=with_ML throughput_gbps=7.9935 latency_ms=67.1324
[2026-08-01T08:16:03] SAMPLE t=7s phase=Stable adaptation=with_ML throughput_gbps=8.5026 latency_ms=67.9795
[2026-08-01T08:16:04] SAMPLE t=8s phase=Stable adaptation=with_ML throughput_gbps=8.0242 latency_ms=66.177
[2026-08-01T08:16:05] SAMPLE t=9s phase=Stable adaptation=with_ML throughput_gbps=7.528 latency_ms=67.1507
[2026-08-01T08:16:06] SAMPLE t=10s phase=Stable adaptation=with_ML throughput_gbps=8.2042 latency_ms=65.8857
[2026-08-01T08:16:07] SAMPLE t=11s phase=Stable adaptation=with_ML throughput_gbps=7.788 latency_ms=65.2691
[2026-08-01T08:16:08] SAMPLE t=12s phase=Stable adaptation=with_ML throughput_gbps=8.2314 latency_ms=69.2597
[2026-08-01T08:16:09] SAMPLE t=13s phase=Stable adaptation=with_ML throughput_gbps=7.9464 latency_ms=66.6586
[2026-08-01T08:16:10] SAMPLE t=14s phase=Stable adaptation=with_ML throughput_gbps=8.2804 latency_ms=68.6099
[2026-08-01T08:16:11] SAMPLE t=15s phase=Stable adaptation=with_ML throughput_gbps=7.9177 latency_ms=64.1163
[2026-08-01T08:16:12] SAMPLE t=16s phase=Stable adaptation=with_ML throughput_gbps=7.8754 latency_ms=64.4699
[2026-08-01T08:16:13] SAMPLE t=17s phase=Stable adaptation=with_ML throughput_gbps=8.615 latency_ms=65.8887
[2026-08-01T08:16:14] SAMPLE t=18s phase=Stable adaptation=with_ML throughput_gbps=8.037 latency_ms=70.1657
[2026-08-01T08:16:15] SAMPLE t=19s phase=Stable adaptation=with_ML throughput_gbps=8.044 latency_ms=65.0414
[2026-08-01T08:16:16] SAMPLE t=20s phase=Congestion adaptation=with_ML throughput_gbps=7.84 latency_ms=66.3962
[2026-08-01T08:16:17] SAMPLE t=21s phase=Congestion adaptation=with_ML throughput_gbps=7.9699 latency_ms=65.7377
[2026-08-01T08:16:18] SAMPLE t=22s phase=Congestion adaptation=with_ML throughput_gbps=8.449 latency_ms=65.4586
[2026-08-01T08:16:19] SAMPLE t=23s phase=Congestion adaptation=with_ML throughput_gbps=8.344 latency_ms=68.7367
[2026-08-01T08:16:20] SAMPLE t=24s phase=Congestion adaptation=with_ML throughput_gbps=8.0587 latency_ms=66.4307
[2026-08-01T08:16:21] SAMPLE t=25s phase=Congestion adaptation=with_ML throughput_gbps=8.1202 latency_ms=69.303
[2026-08-01T08:16:22] SAMPLE t=26s phase=Congestion adaptation=with_ML throughput_gbps=7.9035 latency_ms=66.5876
[2026-08-01T08:16:23] SAMPLE t=27s phase=Congestion adaptation=with_ML throughput_gbps=8.1677 latency_ms=68.786
[2026-08-01T08:16:24] SAMPLE t=28s phase=Congestion adaptation=with_ML throughput_gbps=7.8427 latency_ms=66.0439
[2026-08-01T08:16:25] SAMPLE t=29s phase=Congestion adaptation=with_ML throughput_gbps=7.6081 latency_ms=69.3627
[2026-08-01T08:16:26] SAMPLE t=30s phase=Congestion adaptation=with_ML throughput_gbps=8.3872 latency_ms=64.2802
[2026-08-01T08:16:27] SAMPLE t=31s phase=Congestion adaptation=with_ML throughput_gbps=7.7922 latency_ms=64.8179
[2026-08-01T08:16:28] SAMPLE t=32s phase=Congestion adaptation=with_ML throughput_gbps=8.1161 latency_ms=66.0705
[2026-08-01T08:16:29] SAMPLE t=33s phase=Congestion adaptation=with_ML throughput_gbps=8.2164 latency_ms=69.3447
[2026-08-01T08:16:30] SAMPLE t=34s phase=Congestion adaptation=with_ML throughput_gbps=7.9423 latency_ms=67.3851
[2026-08-01T08:16:31] SAMPLE t=35s phase=Congestion adaptation=with_ML throughput_gbps=8.0756 latency_ms=69.5024
[2026-08-01T08:16:32] SAMPLE t=36s phase=Congestion adaptation=with_ML throughput_gbps=8.0972 latency_ms=65.598
[2026-08-01T08:16:33] SAMPLE t=37s phase=Congestion adaptation=with_ML throughput_gbps=8.0342 latency_ms=69.049
[2026-08-01T08:16:34] SAMPLE t=38s phase=Congestion adaptation=with_ML throughput_gbps=8.0848 latency_ms=65.6281
[2026-08-01T08:16:35] SAMPLE t=39s phase=Congestion adaptation=with_ML throughput_gbps=8.1576 latency_ms=63.9718
[2026-08-01T08:16:36] SAMPLE t=40s phase=Path_change adaptation=with_ML throughput_gbps=8.1013 latency_ms=66.4078
[2026-08-01T08:16:37] SAMPLE t=41s phase=Path_change adaptation=with_ML throughput_gbps=7.5249 latency_ms=66.6643
[2026-08-01T08:16:38] SAMPLE t=42s phase=Path_change adaptation=with_ML throughput_gbps=7.8966 latency_ms=68.6502
[2026-08-01T08:16:39] SAMPLE t=43s phase=Path_change adaptation=with_ML throughput_gbps=7.4082 latency_ms=66.8757
[2026-08-01T08:16:40] SAMPLE t=44s phase=Path_change adaptation=with_ML throughput_gbps=7.4315 latency_ms=68.0101
[2026-08-01T08:16:41] SAMPLE t=45s phase=Path_change adaptation=with_ML throughput_gbps=7.6419 latency_ms=66.1085
[2026-08-01T08:16:42] SAMPLE t=46s phase=Path_change adaptation=with_ML throughput_gbps=7.5447 latency_ms=66.4286
[2026-08-01T08:16:43] SAMPLE t=47s phase=Path_change adaptation=with_ML throughput_gbps=7.361 latency_ms=68.4938
[2026-08-01T08:16:44] SAMPLE t=48s phase=Path_change adaptation=with_ML throughput_gbps=7.2654 latency_ms=69.0732
[2026-08-01T08:16:45] SAMPLE t=49s phase=Path_change adaptation=with_ML throughput_gbps=7.459 latency_ms=69.933
[2026-08-01T08:16:46] SAMPLE t=50s phase=Path_change adaptation=with_ML throughput_gbps=7.1942 latency_ms=69.5928
[2026-08-01T08:16:47] SAMPLE t=51s phase=Path_change adaptation=with_ML throughput_gbps=6.9755 latency_ms=69.7502
[2026-08-01T08:16:48] SAMPLE t=52s phase=Path_change adaptation=with_ML throughput_gbps=7.012 latency_ms=70.4143
[2026-08-01T08:16:49] SAMPLE t=53s phase=Path_change adaptation=with_ML throughput_gbps=7.2671 latency_ms=66.9983
[2026-08-01T08:16:50] SAMPLE t=54s phase=Path_change adaptation=with_ML throughput_gbps=7.5008 latency_ms=67.4353
[2026-08-01T08:16:51] SAMPLE t=55s phase=Path_change adaptation=with_ML throughput_gbps=7.6499 latency_ms=69.0852
[2026-08-01T08:16:52] SAMPLE t=56s phase=Path_change adaptation=with_ML throughput_gbps=7.4419 latency_ms=68.7039
[2026-08-01T08:16:53] SAMPLE t=57s phase=Path_change adaptation=with_ML throughput_gbps=7.5349 latency_ms=67.0247
[2026-08-01T08:16:54] SAMPLE t=58s phase=Path_change adaptation=with_ML throughput_gbps=7.9032 latency_ms=67.1418
[2026-08-01T08:16:55] SAMPLE t=59s phase=Path_change adaptation=with_ML throughput_gbps=7.7158 latency_ms=68.3397
[2026-08-01T08:16:56] SAMPLE t=60s phase=Loss_spike adaptation=with_ML throughput_gbps=7.3605 latency_ms=68.4483
[2026-08-01T08:16:57] SAMPLE t=61s phase=Loss_spike adaptation=with_ML throughput_gbps=8.6446 latency_ms=72.6407
[2026-08-01T08:16:58] SAMPLE t=62s phase=Loss_spike adaptation=with_ML throughput_gbps=7.8562 latency_ms=69.4327
[2026-08-01T08:16:59] SAMPLE t=63s phase=Loss_spike adaptation=with_ML throughput_gbps=6.3612 latency_ms=68.7211
[2026-08-01T08:17:00] SAMPLE t=64s phase=Loss_spike adaptation=with_ML throughput_gbps=6.1763 latency_ms=70.4276
[2026-08-01T08:17:01] SAMPLE t=65s phase=Loss_spike adaptation=with_ML throughput_gbps=7.5998 latency_ms=67.164
[2026-08-01T08:17:02] SAMPLE t=66s phase=Loss_spike adaptation=with_ML throughput_gbps=8.4624 latency_ms=71.0814
[2026-08-01T08:17:03] SAMPLE t=67s phase=Loss_spike adaptation=with_ML throughput_gbps=7.9443 latency_ms=69.0283
[2026-08-01T08:17:04] SAMPLE t=68s phase=Loss_spike adaptation=with_ML throughput_gbps=6.5222 latency_ms=71.0069
[2026-08-01T08:17:05] SAMPLE t=69s phase=Loss_spike adaptation=with_ML throughput_gbps=6.3948 latency_ms=70.2675
[2026-08-01T08:17:06] SAMPLE t=70s phase=Loss_spike adaptation=with_ML throughput_gbps=7.0691 latency_ms=66.2341
[2026-08-01T08:17:07] SAMPLE t=71s phase=Loss_spike adaptation=with_ML throughput_gbps=8.6718 latency_ms=71.4625
[2026-08-01T08:17:08] SAMPLE t=72s phase=Loss_spike adaptation=with_ML throughput_gbps=7.9766 latency_ms=69.6125
[2026-08-01T08:17:09] SAMPLE t=73s phase=Loss_spike adaptation=with_ML throughput_gbps=6.5851 latency_ms=66.9715
[2026-08-01T08:17:10] SAMPLE t=74s phase=Loss_spike adaptation=with_ML throughput_gbps=6.6252 latency_ms=69.3297
[2026-08-01T08:17:11] SAMPLE t=75s phase=Loss_spike adaptation=with_ML throughput_gbps=7.0825 latency_ms=67.4343
[2026-08-01T08:17:12] SAMPLE t=76s phase=Loss_spike adaptation=with_ML throughput_gbps=8.4952 latency_ms=71.366
[2026-08-01T08:17:13] SAMPLE t=77s phase=Loss_spike adaptation=with_ML throughput_gbps=7.8508 latency_ms=71.9001
[2026-08-01T08:17:14] SAMPLE t=78s phase=Loss_spike adaptation=with_ML throughput_gbps=6.6679 latency_ms=70.1276
[2026-08-01T08:17:15] SAMPLE t=79s phase=Loss_spike adaptation=with_ML throughput_gbps=6.3796 latency_ms=71.8483
[2026-08-01T08:17:16] SAMPLE t=80s phase=Recovery adaptation=with_ML throughput_gbps=8.1935 latency_ms=68.7753
[2026-08-01T08:17:17] SAMPLE t=81s phase=Recovery adaptation=with_ML throughput_gbps=7.727 latency_ms=67.1011
[2026-08-01T08:17:18] SAMPLE t=82s phase=Recovery adaptation=with_ML throughput_gbps=8.4194 latency_ms=65.3407
[2026-08-01T08:17:19] SAMPLE t=83s phase=Recovery adaptation=with_ML throughput_gbps=8.4937 latency_ms=65.3564
[2026-08-01T08:17:20] SAMPLE t=84s phase=Recovery adaptation=with_ML throughput_gbps=7.8911 latency_ms=64.7379
[2026-08-01T08:17:21] SAMPLE t=85s phase=Recovery adaptation=with_ML throughput_gbps=8.0519 latency_ms=64.6874
[2026-08-01T08:17:22] SAMPLE t=86s phase=Recovery adaptation=with_ML throughput_gbps=8.4542 latency_ms=64.576
[2026-08-01T08:17:23] SAMPLE t=87s phase=Recovery adaptation=with_ML throughput_gbps=8.148 latency_ms=65.3986
[2026-08-01T08:17:24] SAMPLE t=88s phase=Recovery adaptation=with_ML throughput_gbps=8.1441 latency_ms=63.4005
[2026-08-01T08:17:25] SAMPLE t=89s phase=Recovery adaptation=with_ML throughput_gbps=8.3009 latency_ms=63.7716
[2026-08-01T08:17:26] SAMPLE t=90s phase=Recovery adaptation=with_ML throughput_gbps=8.3242 latency_ms=64.5062
[2026-08-01T08:17:27] SAMPLE t=91s phase=Recovery adaptation=with_ML throughput_gbps=8.2256 latency_ms=65.4542
[2026-08-01T08:17:28] SAMPLE t=92s phase=Recovery adaptation=with_ML throughput_gbps=8.3863 latency_ms=63.9732
[2026-08-01T08:17:29] SAMPLE t=93s phase=Recovery adaptation=with_ML throughput_gbps=8.3098 latency_ms=64.4319
[2026-08-01T08:17:30] SAMPLE t=94s phase=Recovery adaptation=with_ML throughput_gbps=8.3368 latency_ms=64.5011
[2026-08-01T08:17:31] SAMPLE t=95s phase=Recovery adaptation=with_ML throughput_gbps=8.3014 latency_ms=64.3498
[2026-08-01T08:17:32] SAMPLE t=96s phase=Recovery adaptation=with_ML throughput_gbps=9.0968 latency_ms=67.828
[2026-08-01T08:17:33] SAMPLE t=97s phase=Recovery adaptation=with_ML throughput_gbps=8.8979 latency_ms=65.8993
[2026-08-01T08:17:34] SAMPLE t=98s phase=Recovery adaptation=with_ML throughput_gbps=8.1077 latency_ms=64.4025
[2026-08-01T08:17:35] SAMPLE t=99s phase=Recovery adaptation=with_ML throughput_gbps=8.4299 latency_ms=65.2853
[2026-08-01T08:15:56] SAMPLE t=0s phase=Stable adaptation=without_ML throughput_gbps=8.1107 latency_ms=67.1982
[2026-08-01T08:15:57] SAMPLE t=1s phase=Stable adaptation=without_ML throughput_gbps=7.7976 latency_ms=67.2798
[2026-08-01T08:15:58] SAMPLE t=2s phase=Stable adaptation=without_ML throughput_gbps=8.0718 latency_ms=65.1993
[2026-08-01T08:15:59] SAMPLE t=3s phase=Stable adaptation=without_ML throughput_gbps=7.9013 latency_ms=64.9713
[2026-08-01T08:16:00] SAMPLE t=4s phase=Stable adaptation=without_ML throughput_gbps=7.8199 latency_ms=66.8325
[2026-08-01T08:16:01] SAMPLE t=5s phase=Stable adaptation=without_ML throughput_gbps=8.2189 latency_ms=66.2664
[2026-08-01T08:16:02] SAMPLE t=6s phase=Stable adaptation=without_ML throughput_gbps=7.7652 latency_ms=65.2089
[2026-08-01T08:16:03] SAMPLE t=7s phase=Stable adaptation=without_ML throughput_gbps=8.2779 latency_ms=67.9346
[2026-08-01T08:16:04] SAMPLE t=8s phase=Stable adaptation=without_ML throughput_gbps=7.7779 latency_ms=67.2767
[2026-08-01T08:16:05] SAMPLE t=9s phase=Stable adaptation=without_ML throughput_gbps=8.0984 latency_ms=67.5118
[2026-08-01T08:16:06] SAMPLE t=10s phase=Stable adaptation=without_ML throughput_gbps=8.7031 latency_ms=65.6854
[2026-08-01T08:16:07] SAMPLE t=11s phase=Stable adaptation=without_ML throughput_gbps=8.4757 latency_ms=66.7989
[2026-08-01T08:16:08] SAMPLE t=12s phase=Stable adaptation=without_ML throughput_gbps=8.1328 latency_ms=66.4086
[2026-08-01T08:16:09] SAMPLE t=13s phase=Stable adaptation=without_ML throughput_gbps=8.2408 latency_ms=65.6194
[2026-08-01T08:16:10] SAMPLE t=14s phase=Stable adaptation=without_ML throughput_gbps=7.6609 latency_ms=67.0845
[2026-08-01T08:16:11] SAMPLE t=15s phase=Stable adaptation=without_ML throughput_gbps=7.968 latency_ms=65.9806
[2026-08-01T08:16:12] SAMPLE t=16s phase=Stable adaptation=without_ML throughput_gbps=8.1884 latency_ms=65.011
[2026-08-01T08:16:13] SAMPLE t=17s phase=Stable adaptation=without_ML throughput_gbps=8.2416 latency_ms=65.9359
[2026-08-01T08:16:14] SAMPLE t=18s phase=Stable adaptation=without_ML throughput_gbps=8.203 latency_ms=66.2367
[2026-08-01T08:16:15] SAMPLE t=19s phase=Stable adaptation=without_ML throughput_gbps=7.9078 latency_ms=66.1387
[2026-08-01T08:16:16] SAMPLE t=20s phase=Congestion adaptation=without_ML throughput_gbps=7.9202 latency_ms=67.6518
[2026-08-01T08:16:17] SAMPLE t=21s phase=Congestion adaptation=without_ML throughput_gbps=8.2005 latency_ms=64.0554
[2026-08-01T08:16:18] SAMPLE t=22s phase=Congestion adaptation=without_ML throughput_gbps=8.2291 latency_ms=66.9695
[2026-08-01T08:16:19] SAMPLE t=23s phase=Congestion adaptation=without_ML throughput_gbps=8.1649 latency_ms=64.2242
[2026-08-01T08:16:20] SAMPLE t=24s phase=Congestion adaptation=without_ML throughput_gbps=7.499 latency_ms=65.0284
[2026-08-01T08:16:21] SAMPLE t=25s phase=Congestion adaptation=without_ML throughput_gbps=7.8683 latency_ms=62.706
[2026-08-01T08:16:22] SAMPLE t=26s phase=Congestion adaptation=without_ML throughput_gbps=7.9062 latency_ms=64.6522
[2026-08-01T08:16:23] SAMPLE t=27s phase=Congestion adaptation=without_ML throughput_gbps=7.9985 latency_ms=69.246
[2026-08-01T08:16:24] SAMPLE t=28s phase=Congestion adaptation=without_ML throughput_gbps=7.8498 latency_ms=62.924
[2026-08-01T08:16:25] SAMPLE t=29s phase=Congestion adaptation=without_ML throughput_gbps=7.9574 latency_ms=65.99
[2026-08-01T08:16:26] SAMPLE t=30s phase=Congestion adaptation=without_ML throughput_gbps=7.6509 latency_ms=65.6204
[2026-08-01T08:16:27] SAMPLE t=31s phase=Congestion adaptation=without_ML throughput_gbps=8.3544 latency_ms=66.6747
[2026-08-01T08:16:28] SAMPLE t=32s phase=Congestion adaptation=without_ML throughput_gbps=7.9289 latency_ms=68.4818
[2026-08-01T08:16:29] SAMPLE t=33s phase=Congestion adaptation=without_ML throughput_gbps=7.9317 latency_ms=67.1424
[2026-08-01T08:16:30] SAMPLE t=34s phase=Congestion adaptation=without_ML throughput_gbps=7.8034 latency_ms=66.9261
[2026-08-01T08:16:31] SAMPLE t=35s phase=Congestion adaptation=without_ML throughput_gbps=7.3383 latency_ms=64.656
[2026-08-01T08:16:32] SAMPLE t=36s phase=Congestion adaptation=without_ML throughput_gbps=8.0916 latency_ms=65.211
[2026-08-01T08:16:33] SAMPLE t=37s phase=Congestion adaptation=without_ML throughput_gbps=7.5756 latency_ms=64.7264
[2026-08-01T08:16:34] SAMPLE t=38s phase=Congestion adaptation=without_ML throughput_gbps=8.3608 latency_ms=65.8869
[2026-08-01T08:16:35] SAMPLE t=39s phase=Congestion adaptation=without_ML throughput_gbps=8.1621 latency_ms=65.3366
[2026-08-01T08:16:36] SAMPLE t=40s phase=Path_change adaptation=without_ML throughput_gbps=7.9859 latency_ms=64.6882
[2026-08-01T08:16:37] SAMPLE t=41s phase=Path_change adaptation=without_ML throughput_gbps=7.6913 latency_ms=66.4397
[2026-08-01T08:16:38] SAMPLE t=42s phase=Path_change adaptation=without_ML throughput_gbps=7.1159 latency_ms=68.6151
[2026-08-01T08:16:39] SAMPLE t=43s phase=Path_change adaptation=without_ML throughput_gbps=6.6417 latency_ms=69.995
[2026-08-01T08:16:40] SAMPLE t=44s phase=Path_change adaptation=without_ML throughput_gbps=6.8757 latency_ms=71.4462
[2026-08-01T08:16:41] SAMPLE t=45s phase=Path_change adaptation=without_ML throughput_gbps=6.1114 latency_ms=72.5821
[2026-08-01T08:16:42] SAMPLE t=46s phase=Path_change adaptation=without_ML throughput_gbps=5.9645 latency_ms=72.5359
[2026-08-01T08:16:43] SAMPLE t=47s phase=Path_change adaptation=without_ML throughput_gbps=6.0448 latency_ms=73.4313
[2026-08-01T08:16:44] SAMPLE t=48s phase=Path_change adaptation=without_ML throughput_gbps=5.627 latency_ms=74.6585
[2026-08-01T08:16:45] SAMPLE t=49s phase=Path_change adaptation=without_ML throughput_gbps=5.5629 latency_ms=75.2251
[2026-08-01T08:16:46] SAMPLE t=50s phase=Path_change adaptation=without_ML throughput_gbps=5.7387 latency_ms=74.2457
[2026-08-01T08:16:47] SAMPLE t=51s phase=Path_change adaptation=without_ML throughput_gbps=5.3761 latency_ms=73.9259
[2026-08-01T08:16:48] SAMPLE t=52s phase=Path_change adaptation=without_ML throughput_gbps=5.9997 latency_ms=70.3265
[2026-08-01T08:16:49] SAMPLE t=53s phase=Path_change adaptation=without_ML throughput_gbps=5.9773 latency_ms=71.1591
[2026-08-01T08:16:50] SAMPLE t=54s phase=Path_change adaptation=without_ML throughput_gbps=6.079 latency_ms=71.3778
[2026-08-01T08:16:51] SAMPLE t=55s phase=Path_change adaptation=without_ML throughput_gbps=6.375 latency_ms=73.8444
[2026-08-01T08:16:52] SAMPLE t=56s phase=Path_change adaptation=without_ML throughput_gbps=6.4805 latency_ms=68.5796
[2026-08-01T08:16:53] SAMPLE t=57s phase=Path_change adaptation=without_ML throughput_gbps=7.1838 latency_ms=70.3611
[2026-08-01T08:16:54] SAMPLE t=58s phase=Path_change adaptation=without_ML throughput_gbps=6.901 latency_ms=72.0499
[2026-08-01T08:16:55] SAMPLE t=59s phase=Path_change adaptation=without_ML throughput_gbps=7.9753 latency_ms=65.9506
[2026-08-01T08:16:56] SAMPLE t=60s phase=Loss_spike adaptation=without_ML throughput_gbps=6.1992 latency_ms=70.867
[2026-08-01T08:16:57] SAMPLE t=61s phase=Loss_spike adaptation=without_ML throughput_gbps=8.208 latency_ms=81.567
[2026-08-01T08:16:58] SAMPLE t=62s phase=Loss_spike adaptation=without_ML throughput_gbps=7.4246 latency_ms=75.9462
[2026-08-01T08:16:59] SAMPLE t=63s phase=Loss_spike adaptation=without_ML throughput_gbps=4.8998 latency_ms=75.5905
[2026-08-01T08:17:00] SAMPLE t=64s phase=Loss_spike adaptation=without_ML throughput_gbps=4.1754 latency_ms=79.1133
[2026-08-01T08:17:01] SAMPLE t=65s phase=Loss_spike adaptation=without_ML throughput_gbps=6.038 latency_ms=70.8935
[2026-08-01T08:17:02] SAMPLE t=66s phase=Loss_spike adaptation=without_ML throughput_gbps=8.5492 latency_ms=77.3243
[2026-08-01T08:17:03] SAMPLE t=67s phase=Loss_spike adaptation=without_ML throughput_gbps=7.8514 latency_ms=77.4515
[2026-08-01T08:17:04] SAMPLE t=68s phase=Loss_spike adaptation=without_ML throughput_gbps=4.728 latency_ms=74.9846
[2026-08-01T08:17:05] SAMPLE t=69s phase=Loss_spike adaptation=without_ML throughput_gbps=3.9192 latency_ms=78.1761
[2026-08-01T08:17:06] SAMPLE t=70s phase=Loss_spike adaptation=without_ML throughput_gbps=6.2163 latency_ms=70.9009
[2026-08-01T08:17:07] SAMPLE t=71s phase=Loss_spike adaptation=without_ML throughput_gbps=8.5275 latency_ms=83.0942
[2026-08-01T08:17:08] SAMPLE t=72s phase=Loss_spike adaptation=without_ML throughput_gbps=7.7829 latency_ms=74.4561
[2026-08-01T08:17:09] SAMPLE t=73s phase=Loss_spike adaptation=without_ML throughput_gbps=4.7494 latency_ms=77.2895
[2026-08-01T08:17:10] SAMPLE t=74s phase=Loss_spike adaptation=without_ML throughput_gbps=3.7815 latency_ms=79.1121
[2026-08-01T08:17:11] SAMPLE t=75s phase=Loss_spike adaptation=without_ML throughput_gbps=6.0786 latency_ms=69.9502
[2026-08-01T08:17:12] SAMPLE t=76s phase=Loss_spike adaptation=without_ML throughput_gbps=8.5407 latency_ms=79.498
[2026-08-01T08:17:13] SAMPLE t=77s phase=Loss_spike adaptation=without_ML throughput_gbps=7.196 latency_ms=75.4089
[2026-08-01T08:17:14] SAMPLE t=78s phase=Loss_spike adaptation=without_ML throughput_gbps=4.9378 latency_ms=71.8882
[2026-08-01T08:17:15] SAMPLE t=79s phase=Loss_spike adaptation=without_ML throughput_gbps=4.0297 latency_ms=81.6179
[2026-08-01T08:17:16] SAMPLE t=80s phase=Recovery adaptation=without_ML throughput_gbps=8.3533 latency_ms=67.3481
[2026-08-01T08:17:17] SAMPLE t=81s phase=Recovery adaptation=without_ML throughput_gbps=7.9468 latency_ms=70.7264
[2026-08-01T08:17:18] SAMPLE t=82s phase=Recovery adaptation=without_ML throughput_gbps=8.2077 latency_ms=66.5445
[2026-08-01T08:17:19] SAMPLE t=83s phase=Recovery adaptation=without_ML throughput_gbps=7.8347 latency_ms=63.9505
[2026-08-01T08:17:20] SAMPLE t=84s phase=Recovery adaptation=without_ML throughput_gbps=7.4182 latency_ms=64.4178
[2026-08-01T08:17:21] SAMPLE t=85s phase=Recovery adaptation=without_ML throughput_gbps=8.1619 latency_ms=63.8447
[2026-08-01T08:17:22] SAMPLE t=86s phase=Recovery adaptation=without_ML throughput_gbps=8.3076 latency_ms=66.3454
[2026-08-01T08:17:23] SAMPLE t=87s phase=Recovery adaptation=without_ML throughput_gbps=7.8724 latency_ms=65.3894
[2026-08-01T08:17:24] SAMPLE t=88s phase=Recovery adaptation=without_ML throughput_gbps=7.8999 latency_ms=67.5135
[2026-08-01T08:17:25] SAMPLE t=89s phase=Recovery adaptation=without_ML throughput_gbps=7.8123 latency_ms=67.2482
[2026-08-01T08:17:26] SAMPLE t=90s phase=Recovery adaptation=without_ML throughput_gbps=8.2051 latency_ms=65.3429
[2026-08-01T08:17:27] SAMPLE t=91s phase=Recovery adaptation=without_ML throughput_gbps=7.8026 latency_ms=66.9454
[2026-08-01T08:17:28] SAMPLE t=92s phase=Recovery adaptation=without_ML throughput_gbps=7.8479 latency_ms=64.3533
[2026-08-01T08:17:29] SAMPLE t=93s phase=Recovery adaptation=without_ML throughput_gbps=7.9464 latency_ms=65.8795
[2026-08-01T08:17:30] SAMPLE t=94s phase=Recovery adaptation=without_ML throughput_gbps=8.072 latency_ms=65.1323
[2026-08-01T08:17:31] SAMPLE t=95s phase=Recovery adaptation=without_ML throughput_gbps=7.8544 latency_ms=67.2116
[2026-08-01T08:17:32] SAMPLE t=96s phase=Recovery adaptation=without_ML throughput_gbps=7.7598 latency_ms=66.6429
[2026-08-01T08:17:33] SAMPLE t=97s phase=Recovery adaptation=without_ML throughput_gbps=8.1975 latency_ms=68.3065
[2026-08-01T08:17:34] SAMPLE t=98s phase=Recovery adaptation=without_ML throughput_gbps=8.1038 latency_ms=66.6673
[2026-08-01T08:17:35] SAMPLE t=99s phase=Recovery adaptation=without_ML throughput_gbps=8.2826 latency_ms=63.956
[2026-08-01T08:15:56] TRACE_END run_id=3 status=OK
[2026-08-01T08:30:19] TRACE_START run_id=4
[2026-08-01T08:30:19] SAMPLE t=0s phase=Stable adaptation=with_ML throughput_gbps=8.3968 latency_ms=67.829
[2026-08-01T08:30:20] SAMPLE t=1s phase=Stable adaptation=with_ML throughput_gbps=8.2872 latency_ms=65.1568
[2026-08-01T08:30:21] SAMPLE t=2s phase=Stable adaptation=with_ML throughput_gbps=8.2862 latency_ms=65.2893
[2026-08-01T08:30:22] SAMPLE t=3s phase=Stable adaptation=with_ML throughput_gbps=8.1849 latency_ms=64.8504
[2026-08-01T08:30:23] SAMPLE t=4s phase=Stable adaptation=with_ML throughput_gbps=7.8462 latency_ms=65.634
[2026-08-01T08:30:24] SAMPLE t=5s phase=Stable adaptation=with_ML throughput_gbps=8.3203 latency_ms=66.6502
[2026-08-01T08:30:25] SAMPLE t=6s phase=Stable adaptation=with_ML throughput_gbps=7.9557 latency_ms=65.8021
[2026-08-01T08:30:26] SAMPLE t=7s phase=Stable adaptation=with_ML throughput_gbps=8.2942 latency_ms=65.6689
[2026-08-01T08:30:27] SAMPLE t=8s phase=Stable adaptation=with_ML throughput_gbps=8.1073 latency_ms=67.673
[2026-08-01T08:30:28] SAMPLE t=9s phase=Stable adaptation=with_ML throughput_gbps=8.244 latency_ms=67.1597
[2026-08-01T08:30:29] SAMPLE t=10s phase=Stable adaptation=with_ML throughput_gbps=8.0355 latency_ms=68.0307
[2026-08-01T08:30:30] SAMPLE t=11s phase=Stable adaptation=with_ML throughput_gbps=7.7983 latency_ms=64.9472
[2026-08-01T08:30:31] SAMPLE t=12s phase=Stable adaptation=with_ML throughput_gbps=8.0281 latency_ms=66.3476
[2026-08-01T08:30:32] SAMPLE t=13s phase=Stable adaptation=with_ML throughput_gbps=7.685 latency_ms=67.72
[2026-08-01T08:30:33] SAMPLE t=14s phase=Stable adaptation=with_ML throughput_gbps=8.3382 latency_ms=67.3734
[2026-08-01T08:30:34] SAMPLE t=15s phase=Stable adaptation=with_ML throughput_gbps=8.1142 latency_ms=66.8602
[2026-08-01T08:30:35] SAMPLE t=16s phase=Stable adaptation=with_ML throughput_gbps=8.0252 latency_ms=68.7044
[2026-08-01T08:30:36] SAMPLE t=17s phase=Stable adaptation=with_ML throughput_gbps=8.1965 latency_ms=66.1437
[2026-08-01T08:30:37] SAMPLE t=18s phase=Stable adaptation=with_ML throughput_gbps=8.3957 latency_ms=67.285
[2026-08-01T08:30:38] SAMPLE t=19s phase=Stable adaptation=with_ML throughput_gbps=7.9471 latency_ms=64.655
[2026-08-01T08:30:39] SAMPLE t=20s phase=Congestion adaptation=with_ML throughput_gbps=8.0017 latency_ms=67.0319
[2026-08-01T08:30:40] SAMPLE t=21s phase=Congestion adaptation=with_ML throughput_gbps=8.1139 latency_ms=65.9629
[2026-08-01T08:30:41] SAMPLE t=22s phase=Congestion adaptation=with_ML throughput_gbps=8.104 latency_ms=65.8831
[2026-08-01T08:30:42] SAMPLE t=23s phase=Congestion adaptation=with_ML throughput_gbps=8.2287 latency_ms=66.9713
[2026-08-01T08:30:43] SAMPLE t=24s phase=Congestion adaptation=with_ML throughput_gbps=8.1274 latency_ms=64.2645
[2026-08-01T08:30:44] SAMPLE t=25s phase=Congestion adaptation=with_ML throughput_gbps=7.9221 latency_ms=65.167
[2026-08-01T08:30:45] SAMPLE t=26s phase=Congestion adaptation=with_ML throughput_gbps=8.2538 latency_ms=66.8016
[2026-08-01T08:30:46] SAMPLE t=27s phase=Congestion adaptation=with_ML throughput_gbps=8.2913 latency_ms=66.4876
[2026-08-01T08:30:47] SAMPLE t=28s phase=Congestion adaptation=with_ML throughput_gbps=8.0986 latency_ms=66.2691
[2026-08-01T08:30:48] SAMPLE t=29s phase=Congestion adaptation=with_ML throughput_gbps=8.2904 latency_ms=67.8186
[2026-08-01T08:30:49] SAMPLE t=30s phase=Congestion adaptation=with_ML throughput_gbps=7.9088 latency_ms=67.2447
[2026-08-01T08:30:50] SAMPLE t=31s phase=Congestion adaptation=with_ML throughput_gbps=7.942 latency_ms=66.6481
[2026-08-01T08:30:51] SAMPLE t=32s phase=Congestion adaptation=with_ML throughput_gbps=7.6816 latency_ms=66.6286
[2026-08-01T08:30:52] SAMPLE t=33s phase=Congestion adaptation=with_ML throughput_gbps=7.8315 latency_ms=66.5062
[2026-08-01T08:30:53] SAMPLE t=34s phase=Congestion adaptation=with_ML throughput_gbps=8.1812 latency_ms=68.0534
[2026-08-01T08:30:54] SAMPLE t=35s phase=Congestion adaptation=with_ML throughput_gbps=8.2506 latency_ms=68.4355
[2026-08-01T08:30:55] SAMPLE t=36s phase=Congestion adaptation=with_ML throughput_gbps=8.2495 latency_ms=65.3437
[2026-08-01T08:30:56] SAMPLE t=37s phase=Congestion adaptation=with_ML throughput_gbps=7.8752 latency_ms=65.3926
[2026-08-01T08:30:57] SAMPLE t=38s phase=Congestion adaptation=with_ML throughput_gbps=8.0938 latency_ms=70.0748
[2026-08-01T08:30:58] SAMPLE t=39s phase=Congestion adaptation=with_ML throughput_gbps=8.1107 latency_ms=66.7257
[2026-08-01T08:30:59] SAMPLE t=40s phase=Path_change adaptation=with_ML throughput_gbps=8.2772 latency_ms=67.793
[2026-08-01T08:31:00] SAMPLE t=41s phase=Path_change adaptation=with_ML throughput_gbps=8.0817 latency_ms=66.7578
[2026-08-01T08:31:01] SAMPLE t=42s phase=Path_change adaptation=with_ML throughput_gbps=7.518 latency_ms=64.5603
[2026-08-01T08:31:02] SAMPLE t=43s phase=Path_change adaptation=with_ML throughput_gbps=7.828 latency_ms=64.5432
[2026-08-01T08:31:03] SAMPLE t=44s phase=Path_change adaptation=with_ML throughput_gbps=7.7948 latency_ms=67.136
[2026-08-01T08:31:04] SAMPLE t=45s phase=Path_change adaptation=with_ML throughput_gbps=7.4576 latency_ms=67.9504
[2026-08-01T08:31:05] SAMPLE t=46s phase=Path_change adaptation=with_ML throughput_gbps=7.4344 latency_ms=67.5928
[2026-08-01T08:31:06] SAMPLE t=47s phase=Path_change adaptation=with_ML throughput_gbps=7.5019 latency_ms=68.8979
[2026-08-01T08:31:07] SAMPLE t=48s phase=Path_change adaptation=with_ML throughput_gbps=7.1385 latency_ms=68.8385
[2026-08-01T08:31:08] SAMPLE t=49s phase=Path_change adaptation=with_ML throughput_gbps=7.2472 latency_ms=67.8067
[2026-08-01T08:31:09] SAMPLE t=50s phase=Path_change adaptation=with_ML throughput_gbps=7.1032 latency_ms=70.1288
[2026-08-01T08:31:10] SAMPLE t=51s phase=Path_change adaptation=with_ML throughput_gbps=7.5506 latency_ms=70.3663
[2026-08-01T08:31:11] SAMPLE t=52s phase=Path_change adaptation=with_ML throughput_gbps=7.3236 latency_ms=68.5071
[2026-08-01T08:31:12] SAMPLE t=53s phase=Path_change adaptation=with_ML throughput_gbps=7.2041 latency_ms=66.6217
[2026-08-01T08:31:13] SAMPLE t=54s phase=Path_change adaptation=with_ML throughput_gbps=7.472 latency_ms=65.626
[2026-08-01T08:31:14] SAMPLE t=55s phase=Path_change adaptation=with_ML throughput_gbps=7.493 latency_ms=69.038
[2026-08-01T08:31:15] SAMPLE t=56s phase=Path_change adaptation=with_ML throughput_gbps=7.4123 latency_ms=66.8189
[2026-08-01T08:31:16] SAMPLE t=57s phase=Path_change adaptation=with_ML throughput_gbps=7.5451 latency_ms=66.8302
[2026-08-01T08:31:17] SAMPLE t=58s phase=Path_change adaptation=with_ML throughput_gbps=8.1307 latency_ms=70.3412
[2026-08-01T08:31:18] SAMPLE t=59s phase=Path_change adaptation=with_ML throughput_gbps=7.869 latency_ms=67.401
[2026-08-01T08:31:19] SAMPLE t=60s phase=Loss_spike adaptation=with_ML throughput_gbps=7.4147 latency_ms=66.8372
[2026-08-01T08:31:20] SAMPLE t=61s phase=Loss_spike adaptation=with_ML throughput_gbps=8.0998 latency_ms=71.3233
[2026-08-01T08:31:21] SAMPLE t=62s phase=Loss_spike adaptation=with_ML throughput_gbps=7.747 latency_ms=69.0795
[2026-08-01T08:31:22] SAMPLE t=63s phase=Loss_spike adaptation=with_ML throughput_gbps=6.715 latency_ms=69.141
[2026-08-01T08:31:23] SAMPLE t=64s phase=Loss_spike adaptation=with_ML throughput_gbps=6.2534 latency_ms=71.7784
[2026-08-01T08:31:24] SAMPLE t=65s phase=Loss_spike adaptation=with_ML throughput_gbps=7.2615 latency_ms=68.8884
[2026-08-01T08:31:25] SAMPLE t=66s phase=Loss_spike adaptation=with_ML throughput_gbps=8.1725 latency_ms=71.4555
[2026-08-01T08:31:26] SAMPLE t=67s phase=Loss_spike adaptation=with_ML throughput_gbps=7.9929 latency_ms=69.7083
[2026-08-01T08:31:27] SAMPLE t=68s phase=Loss_spike adaptation=with_ML throughput_gbps=6.418 latency_ms=69.1439
[2026-08-01T08:31:28] SAMPLE t=69s phase=Loss_spike adaptation=with_ML throughput_gbps=6.6722 latency_ms=68.4651
[2026-08-01T08:31:29] SAMPLE t=70s phase=Loss_spike adaptation=with_ML throughput_gbps=7.0891 latency_ms=67.929
[2026-08-01T08:31:30] SAMPLE t=71s phase=Loss_spike adaptation=with_ML throughput_gbps=8.083 latency_ms=69.9344
[2026-08-01T08:31:31] SAMPLE t=72s phase=Loss_spike adaptation=with_ML throughput_gbps=7.8125 latency_ms=67.8709
[2026-08-01T08:31:32] SAMPLE t=73s phase=Loss_spike adaptation=with_ML throughput_gbps=7.0082 latency_ms=69.3343
[2026-08-01T08:31:33] SAMPLE t=74s phase=Loss_spike adaptation=with_ML throughput_gbps=6.0581 latency_ms=72.5205
[2026-08-01T08:31:34] SAMPLE t=75s phase=Loss_spike adaptation=with_ML throughput_gbps=7.1773 latency_ms=66.8707
[2026-08-01T08:31:35] SAMPLE t=76s phase=Loss_spike adaptation=with_ML throughput_gbps=8.1176 latency_ms=71.5131
[2026-08-01T08:31:36] SAMPLE t=77s phase=Loss_spike adaptation=with_ML throughput_gbps=8.0034 latency_ms=69.3465
[2026-08-01T08:31:37] SAMPLE t=78s phase=Loss_spike adaptation=with_ML throughput_gbps=6.6834 latency_ms=68.4411
[2026-08-01T08:31:38] SAMPLE t=79s phase=Loss_spike adaptation=with_ML throughput_gbps=6.2985 latency_ms=69.8944
[2026-08-01T08:31:39] SAMPLE t=80s phase=Recovery adaptation=with_ML throughput_gbps=7.9219 latency_ms=65.8131
[2026-08-01T08:31:40] SAMPLE t=81s phase=Recovery adaptation=with_ML throughput_gbps=8.1666 latency_ms=66.9835
[2026-08-01T08:31:41] SAMPLE t=82s phase=Recovery adaptation=with_ML throughput_gbps=8.1927 latency_ms=67.4547
[2026-08-01T08:31:42] SAMPLE t=83s phase=Recovery adaptation=with_ML throughput_gbps=8.0491 latency_ms=66.1442
[2026-08-01T08:31:43] SAMPLE t=84s phase=Recovery adaptation=with_ML throughput_gbps=8.0661 latency_ms=64.8066
[2026-08-01T08:31:44] SAMPLE t=85s phase=Recovery adaptation=with_ML throughput_gbps=8.0105 latency_ms=67.9805
[2026-08-01T08:31:45] SAMPLE t=86s phase=Recovery adaptation=with_ML throughput_gbps=8.0482 latency_ms=67.1122
[2026-08-01T08:31:46] SAMPLE t=87s phase=Recovery adaptation=with_ML throughput_gbps=8.2249 latency_ms=67.953
[2026-08-01T08:31:47] SAMPLE t=88s phase=Recovery adaptation=with_ML throughput_gbps=8.587 latency_ms=66.9615
[2026-08-01T08:31:48] SAMPLE t=89s phase=Recovery adaptation=with_ML throughput_gbps=8.1254 latency_ms=65.3969
[2026-08-01T08:31:49] SAMPLE t=90s phase=Recovery adaptation=with_ML throughput_gbps=8.4921 latency_ms=62.2612
[2026-08-01T08:31:50] SAMPLE t=91s phase=Recovery adaptation=with_ML throughput_gbps=8.2638 latency_ms=65.9631
[2026-08-01T08:31:51] SAMPLE t=92s phase=Recovery adaptation=with_ML throughput_gbps=8.204 latency_ms=66.5257
[2026-08-01T08:31:52] SAMPLE t=93s phase=Recovery adaptation=with_ML throughput_gbps=8.4544 latency_ms=65.0707
[2026-08-01T08:31:53] SAMPLE t=94s phase=Recovery adaptation=with_ML throughput_gbps=8.1428 latency_ms=66.5682
[2026-08-01T08:31:54] SAMPLE t=95s phase=Recovery adaptation=with_ML throughput_gbps=8.4374 latency_ms=65.8196
[2026-08-01T08:31:55] SAMPLE t=96s phase=Recovery adaptation=with_ML throughput_gbps=8.2816 latency_ms=63.6472
[2026-08-01T08:31:56] SAMPLE t=97s phase=Recovery adaptation=with_ML throughput_gbps=8.4827 latency_ms=64.4727
[2026-08-01T08:31:57] SAMPLE t=98s phase=Recovery adaptation=with_ML throughput_gbps=8.4694 latency_ms=64.4801
[2026-08-01T08:31:58] SAMPLE t=99s phase=Recovery adaptation=with_ML throughput_gbps=8.2409 latency_ms=63.8798
[2026-08-01T08:30:19] SAMPLE t=0s phase=Stable adaptation=without_ML throughput_gbps=7.9432 latency_ms=64.7593
[2026-08-01T08:30:20] SAMPLE t=1s phase=Stable adaptation=without_ML throughput_gbps=8.092 latency_ms=65.6313
[2026-08-01T08:30:21] SAMPLE t=2s phase=Stable adaptation=without_ML throughput_gbps=8.007 latency_ms=66.1093
[2026-08-01T08:30:22] SAMPLE t=3s phase=Stable adaptation=without_ML throughput_gbps=7.7249 latency_ms=66.9401
[2026-08-01T08:30:23] SAMPLE t=4s phase=Stable adaptation=without_ML throughput_gbps=8.155 latency_ms=66.2379
[2026-08-01T08:30:24] SAMPLE t=5s phase=Stable adaptation=without_ML throughput_gbps=7.9734 latency_ms=67.2398
[2026-08-01T08:30:25] SAMPLE t=6s phase=Stable adaptation=without_ML throughput_gbps=8.0899 latency_ms=66.4637
[2026-08-01T08:30:26] SAMPLE t=7s phase=Stable adaptation=without_ML throughput_gbps=7.9999 latency_ms=64.7426
[2026-08-01T08:30:27] SAMPLE t=8s phase=Stable adaptation=without_ML throughput_gbps=8.0543 latency_ms=64.305
[2026-08-01T08:30:28] SAMPLE t=9s phase=Stable adaptation=without_ML throughput_gbps=8.4661 latency_ms=67.2114
[2026-08-01T08:30:29] SAMPLE t=10s phase=Stable adaptation=without_ML throughput_gbps=7.6424 latency_ms=66.5368
[2026-08-01T08:30:30] SAMPLE t=11s phase=Stable adaptation=without_ML throughput_gbps=7.9226 latency_ms=65.6591
[2026-08-01T08:30:31] SAMPLE t=12s phase=Stable adaptation=without_ML throughput_gbps=7.8017 latency_ms=64.9658
[2026-08-01T08:30:32] SAMPLE t=13s phase=Stable adaptation=without_ML throughput_gbps=8.142 latency_ms=66.3889
[2026-08-01T08:30:33] SAMPLE t=14s phase=Stable adaptation=without_ML throughput_gbps=7.8493 latency_ms=66.13
[2026-08-01T08:30:34] SAMPLE t=15s phase=Stable adaptation=without_ML throughput_gbps=8.0969 latency_ms=65.8678
[2026-08-01T08:30:35] SAMPLE t=16s phase=Stable adaptation=without_ML throughput_gbps=8.0615 latency_ms=65.6177
[2026-08-01T08:30:36] SAMPLE t=17s phase=Stable adaptation=without_ML throughput_gbps=8.1514 latency_ms=66.2617
[2026-08-01T08:30:37] SAMPLE t=18s phase=Stable adaptation=without_ML throughput_gbps=7.9344 latency_ms=66.0911
[2026-08-01T08:30:38] SAMPLE t=19s phase=Stable adaptation=without_ML throughput_gbps=7.5748 latency_ms=64.3595
[2026-08-01T08:30:39] SAMPLE t=20s phase=Congestion adaptation=without_ML throughput_gbps=7.3968 latency_ms=64.0555
[2026-08-01T08:30:40] SAMPLE t=21s phase=Congestion adaptation=without_ML throughput_gbps=8.1222 latency_ms=69.178
[2026-08-01T08:30:41] SAMPLE t=22s phase=Congestion adaptation=without_ML throughput_gbps=8.0131 latency_ms=68.4709
[2026-08-01T08:30:42] SAMPLE t=23s phase=Congestion adaptation=without_ML throughput_gbps=7.8785 latency_ms=66.6273
[2026-08-01T08:30:43] SAMPLE t=24s phase=Congestion adaptation=without_ML throughput_gbps=8.3108 latency_ms=67.3194
[2026-08-01T08:30:44] SAMPLE t=25s phase=Congestion adaptation=without_ML throughput_gbps=8.3749 latency_ms=67.7436
[2026-08-01T08:30:45] SAMPLE t=26s phase=Congestion adaptation=without_ML throughput_gbps=8.1978 latency_ms=66.1852
[2026-08-01T08:30:46] SAMPLE t=27s phase=Congestion adaptation=without_ML throughput_gbps=8.206 latency_ms=64.1607
[2026-08-01T08:30:47] SAMPLE t=28s phase=Congestion adaptation=without_ML throughput_gbps=8.0967 latency_ms=65.1526
[2026-08-01T08:30:48] SAMPLE t=29s phase=Congestion adaptation=without_ML throughput_gbps=7.7432 latency_ms=68.1046
[2026-08-01T08:30:49] SAMPLE t=30s phase=Congestion adaptation=without_ML throughput_gbps=7.8075 latency_ms=67.6011
[2026-08-01T08:30:50] SAMPLE t=31s phase=Congestion adaptation=without_ML throughput_gbps=8.117 latency_ms=65.0305
[2026-08-01T08:30:51] SAMPLE t=32s phase=Congestion adaptation=without_ML throughput_gbps=8.1332 latency_ms=66.0839
[2026-08-01T08:30:52] SAMPLE t=33s phase=Congestion adaptation=without_ML throughput_gbps=7.6923 latency_ms=68.2277
[2026-08-01T08:30:53] SAMPLE t=34s phase=Congestion adaptation=without_ML throughput_gbps=8.1371 latency_ms=66.5987
[2026-08-01T08:30:54] SAMPLE t=35s phase=Congestion adaptation=without_ML throughput_gbps=8.3157 latency_ms=66.5618
[2026-08-01T08:30:55] SAMPLE t=36s phase=Congestion adaptation=without_ML throughput_gbps=8.1758 latency_ms=63.1138
[2026-08-01T08:30:56] SAMPLE t=37s phase=Congestion adaptation=without_ML throughput_gbps=7.9736 latency_ms=64.1125
[2026-08-01T08:30:57] SAMPLE t=38s phase=Congestion adaptation=without_ML throughput_gbps=7.8051 latency_ms=66.3307
[2026-08-01T08:30:58] SAMPLE t=39s phase=Congestion adaptation=without_ML throughput_gbps=8.0248 latency_ms=66.4295
[2026-08-01T08:30:59] SAMPLE t=40s phase=Path_change adaptation=without_ML throughput_gbps=7.9502 latency_ms=67.2674
[2026-08-01T08:31:00] SAMPLE t=41s phase=Path_change adaptation=without_ML throughput_gbps=7.7052 latency_ms=67.6782
[2026-08-01T08:31:01] SAMPLE t=42s phase=Path_change adaptation=without_ML throughput_gbps=7.3635 latency_ms=69.2942
[2026-08-01T08:31:02] SAMPLE t=43s phase=Path_change adaptation=without_ML throughput_gbps=6.9417 latency_ms=67.51
[2026-08-01T08:31:03] SAMPLE t=44s phase=Path_change adaptation=without_ML throughput_gbps=6.9558 latency_ms=69.619
[2026-08-01T08:31:04] SAMPLE t=45s phase=Path_change adaptation=without_ML throughput_gbps=6.4639 latency_ms=71.4568
[2026-08-01T08:31:05] SAMPLE t=46s phase=Path_change adaptation=without_ML throughput_gbps=6.344 latency_ms=70.8226
[2026-08-01T08:31:06] SAMPLE t=47s phase=Path_change adaptation=without_ML throughput_gbps=5.539 latency_ms=73.4902
[2026-08-01T08:31:07] SAMPLE t=48s phase=Path_change adaptation=without_ML throughput_gbps=5.9416 latency_ms=71.3488
[2026-08-01T08:31:08] SAMPLE t=49s phase=Path_change adaptation=without_ML throughput_gbps=6.069 latency_ms=73.7152
[2026-08-01T08:31:09] SAMPLE t=50s phase=Path_change adaptation=without_ML throughput_gbps=5.6442 latency_ms=73.0296
[2026-08-01T08:31:10] SAMPLE t=51s phase=Path_change adaptation=without_ML throughput_gbps=5.5212 latency_ms=73.5293
[2026-08-01T08:31:11] SAMPLE t=52s phase=Path_change adaptation=without_ML throughput_gbps=5.7554 latency_ms=73.0527
[2026-08-01T08:31:12] SAMPLE t=53s phase=Path_change adaptation=without_ML throughput_gbps=6.1041 latency_ms=72.6588
[2026-08-01T08:31:13] SAMPLE t=54s phase=Path_change adaptation=without_ML throughput_gbps=6.3385 latency_ms=69.9789
[2026-08-01T08:31:14] SAMPLE t=55s phase=Path_change adaptation=without_ML throughput_gbps=6.6949 latency_ms=70.2824
[2026-08-01T08:31:15] SAMPLE t=56s phase=Path_change adaptation=without_ML throughput_gbps=6.7199 latency_ms=71.1542
[2026-08-01T08:31:16] SAMPLE t=57s phase=Path_change adaptation=without_ML throughput_gbps=7.0943 latency_ms=69.8547
[2026-08-01T08:31:17] SAMPLE t=58s phase=Path_change adaptation=without_ML throughput_gbps=7.2482 latency_ms=66.184
[2026-08-01T08:31:18] SAMPLE t=59s phase=Path_change adaptation=without_ML throughput_gbps=7.768 latency_ms=65.8929
[2026-08-01T08:31:19] SAMPLE t=60s phase=Loss_spike adaptation=without_ML throughput_gbps=6.0694 latency_ms=70.9457
[2026-08-01T08:31:20] SAMPLE t=61s phase=Loss_spike adaptation=without_ML throughput_gbps=8.0676 latency_ms=78.7108
[2026-08-01T08:31:21] SAMPLE t=62s phase=Loss_spike adaptation=without_ML throughput_gbps=7.8152 latency_ms=77.5607
[2026-08-01T08:31:22] SAMPLE t=63s phase=Loss_spike adaptation=without_ML throughput_gbps=4.7429 latency_ms=76.6465
[2026-08-01T08:31:23] SAMPLE t=64s phase=Loss_spike adaptation=without_ML throughput_gbps=4.1398 latency_ms=80.2374
[2026-08-01T08:31:24] SAMPLE t=65s phase=Loss_spike adaptation=without_ML throughput_gbps=6.0357 latency_ms=69.2876
[2026-08-01T08:31:25] SAMPLE t=66s phase=Loss_spike adaptation=without_ML throughput_gbps=8.6237 latency_ms=79.1809
[2026-08-01T08:31:26] SAMPLE t=67s phase=Loss_spike adaptation=without_ML throughput_gbps=7.9545 latency_ms=76.3934
[2026-08-01T08:31:27] SAMPLE t=68s phase=Loss_spike adaptation=without_ML throughput_gbps=4.7094 latency_ms=74.012
[2026-08-01T08:31:28] SAMPLE t=69s phase=Loss_spike adaptation=without_ML throughput_gbps=3.8852 latency_ms=77.0933
[2026-08-01T08:31:29] SAMPLE t=70s phase=Loss_spike adaptation=without_ML throughput_gbps=6.3797 latency_ms=71.5504
[2026-08-01T08:31:30] SAMPLE t=71s phase=Loss_spike adaptation=without_ML throughput_gbps=8.4964 latency_ms=77.8204
[2026-08-01T08:31:31] SAMPLE t=72s phase=Loss_spike adaptation=without_ML throughput_gbps=7.1726 latency_ms=74.7531
[2026-08-01T08:31:32] SAMPLE t=73s phase=Loss_spike adaptation=without_ML throughput_gbps=4.9475 latency_ms=76.6075
[2026-08-01T08:31:33] SAMPLE t=74s phase=Loss_spike adaptation=without_ML throughput_gbps=4.0433 latency_ms=82.7593
[2026-08-01T08:31:34] SAMPLE t=75s phase=Loss_spike adaptation=without_ML throughput_gbps=6.381 latency_ms=71.7792
[2026-08-01T08:31:35] SAMPLE t=76s phase=Loss_spike adaptation=without_ML throughput_gbps=8.3769 latency_ms=80.025
[2026-08-01T08:31:36] SAMPLE t=77s phase=Loss_spike adaptation=without_ML throughput_gbps=7.4279 latency_ms=76.898
[2026-08-01T08:31:37] SAMPLE t=78s phase=Loss_spike adaptation=without_ML throughput_gbps=4.8334 latency_ms=77.9405
[2026-08-01T08:31:38] SAMPLE t=79s phase=Loss_spike adaptation=without_ML throughput_gbps=3.9992 latency_ms=80.1677
[2026-08-01T08:31:39] SAMPLE t=80s phase=Recovery adaptation=without_ML throughput_gbps=8.5585 latency_ms=68.2019
[2026-08-01T08:31:40] SAMPLE t=81s phase=Recovery adaptation=without_ML throughput_gbps=8.4127 latency_ms=65.6207
[2026-08-01T08:31:41] SAMPLE t=82s phase=Recovery adaptation=without_ML throughput_gbps=7.0776 latency_ms=65.8928
[2026-08-01T08:31:42] SAMPLE t=83s phase=Recovery adaptation=without_ML throughput_gbps=7.8343 latency_ms=65.4484
[2026-08-01T08:31:43] SAMPLE t=84s phase=Recovery adaptation=without_ML throughput_gbps=7.9623 latency_ms=65.4974
[2026-08-01T08:31:44] SAMPLE t=85s phase=Recovery adaptation=without_ML throughput_gbps=7.6652 latency_ms=66.3295
[2026-08-01T08:31:45] SAMPLE t=86s phase=Recovery adaptation=without_ML throughput_gbps=8.3414 latency_ms=65.7461
[2026-08-01T08:31:46] SAMPLE t=87s phase=Recovery adaptation=without_ML throughput_gbps=8.0904 latency_ms=64.4747
[2026-08-01T08:31:47] SAMPLE t=88s phase=Recovery adaptation=without_ML throughput_gbps=8.1453 latency_ms=67.0994
[2026-08-01T08:31:48] SAMPLE t=89s phase=Recovery adaptation=without_ML throughput_gbps=8.0334 latency_ms=64.4025
[2026-08-01T08:31:49] SAMPLE t=90s phase=Recovery adaptation=without_ML throughput_gbps=8.2992 latency_ms=66.2201
[2026-08-01T08:31:50] SAMPLE t=91s phase=Recovery adaptation=without_ML throughput_gbps=8.0548 latency_ms=66.7664
[2026-08-01T08:31:51] SAMPLE t=92s phase=Recovery adaptation=without_ML throughput_gbps=8.1894 latency_ms=64.7751
[2026-08-01T08:31:52] SAMPLE t=93s phase=Recovery adaptation=without_ML throughput_gbps=8.0959 latency_ms=65.7391
[2026-08-01T08:31:53] SAMPLE t=94s phase=Recovery adaptation=without_ML throughput_gbps=8.2786 latency_ms=67.537
[2026-08-01T08:31:54] SAMPLE t=95s phase=Recovery adaptation=without_ML throughput_gbps=7.8879 latency_ms=69.3598
[2026-08-01T08:31:55] SAMPLE t=96s phase=Recovery adaptation=without_ML throughput_gbps=7.5291 latency_ms=63.95
[2026-08-01T08:31:56] SAMPLE t=97s phase=Recovery adaptation=without_ML throughput_gbps=8.1419 latency_ms=64.0067
[2026-08-01T08:31:57] SAMPLE t=98s phase=Recovery adaptation=without_ML throughput_gbps=8.1388 latency_ms=65.1385
[2026-08-01T08:31:58] SAMPLE t=99s phase=Recovery adaptation=without_ML throughput_gbps=8.0547 latency_ms=65.5047
[2026-08-01T08:30:19] TRACE_END run_id=4 status=OK
[2026-08-01T08:40:20] TRACE_START run_id=5
[2026-08-01T08:40:20] SAMPLE t=0s phase=Stable adaptation=with_ML throughput_gbps=8.1355 latency_ms=66.6043
[2026-08-01T08:40:21] SAMPLE t=1s phase=Stable adaptation=with_ML throughput_gbps=8.2697 latency_ms=65.6873
[2026-08-01T08:40:22] SAMPLE t=2s phase=Stable adaptation=with_ML throughput_gbps=8.0363 latency_ms=64.9579
[2026-08-01T08:40:23] SAMPLE t=3s phase=Stable adaptation=with_ML throughput_gbps=7.8236 latency_ms=67.355
[2026-08-01T08:40:24] SAMPLE t=4s phase=Stable adaptation=with_ML throughput_gbps=8.0233 latency_ms=66.0473
[2026-08-01T08:40:25] SAMPLE t=5s phase=Stable adaptation=with_ML throughput_gbps=8.0887 latency_ms=65.231
[2026-08-01T08:40:26] SAMPLE t=6s phase=Stable adaptation=with_ML throughput_gbps=7.8677 latency_ms=69.8955
[2026-08-01T08:40:27] SAMPLE t=7s phase=Stable adaptation=with_ML throughput_gbps=8.2596 latency_ms=67.0405
[2026-08-01T08:40:28] SAMPLE t=8s phase=Stable adaptation=with_ML throughput_gbps=8.0091 latency_ms=65.621
[2026-08-01T08:40:29] SAMPLE t=9s phase=Stable adaptation=with_ML throughput_gbps=7.9819 latency_ms=69.5455
[2026-08-01T08:40:30] SAMPLE t=10s phase=Stable adaptation=with_ML throughput_gbps=8.2055 latency_ms=64.0145
[2026-08-01T08:40:31] SAMPLE t=11s phase=Stable adaptation=with_ML throughput_gbps=8.3036 latency_ms=67.4452
[2026-08-01T08:40:32] SAMPLE t=12s phase=Stable adaptation=with_ML throughput_gbps=8.2925 latency_ms=66.4323
[2026-08-01T08:40:33] SAMPLE t=13s phase=Stable adaptation=with_ML throughput_gbps=8.338 latency_ms=66.1126
[2026-08-01T08:40:34] SAMPLE t=14s phase=Stable adaptation=with_ML throughput_gbps=7.936 latency_ms=69.0921
[2026-08-01T08:40:35] SAMPLE t=15s phase=Stable adaptation=with_ML throughput_gbps=8.2603 latency_ms=65.1738
[2026-08-01T08:40:36] SAMPLE t=16s phase=Stable adaptation=with_ML throughput_gbps=7.8829 latency_ms=67.1705
[2026-08-01T08:40:37] SAMPLE t=17s phase=Stable adaptation=with_ML throughput_gbps=8.1094 latency_ms=66.0531
[2026-08-01T08:40:38] SAMPLE t=18s phase=Stable adaptation=with_ML throughput_gbps=7.9763 latency_ms=66.6479
[2026-08-01T08:40:39] SAMPLE t=19s phase=Stable adaptation=with_ML throughput_gbps=8.0065 latency_ms=65.5991
[2026-08-01T08:40:40] SAMPLE t=20s phase=Congestion adaptation=with_ML throughput_gbps=8.2387 latency_ms=63.8503
[2026-08-01T08:40:41] SAMPLE t=21s phase=Congestion adaptation=with_ML throughput_gbps=8.0333 latency_ms=65.5296
[2026-08-01T08:40:42] SAMPLE t=22s phase=Congestion adaptation=with_ML throughput_gbps=8.1944 latency_ms=65.4419
[2026-08-01T08:40:43] SAMPLE t=23s phase=Congestion adaptation=with_ML throughput_gbps=8.5969 latency_ms=66.7982
[2026-08-01T08:40:44] SAMPLE t=24s phase=Congestion adaptation=with_ML throughput_gbps=8.3396 latency_ms=64.5401
[2026-08-01T08:40:45] SAMPLE t=25s phase=Congestion adaptation=with_ML throughput_gbps=8.1999 latency_ms=67.3263
[2026-08-01T08:40:46] SAMPLE t=26s phase=Congestion adaptation=with_ML throughput_gbps=7.9694 latency_ms=68.2063
[2026-08-01T08:40:47] SAMPLE t=27s phase=Congestion adaptation=with_ML throughput_gbps=8.1667 latency_ms=65.0621
[2026-08-01T08:40:48] SAMPLE t=28s phase=Congestion adaptation=with_ML throughput_gbps=8.2592 latency_ms=65.1635
[2026-08-01T08:40:49] SAMPLE t=29s phase=Congestion adaptation=with_ML throughput_gbps=8.0676 latency_ms=65.3666
[2026-08-01T08:40:50] SAMPLE t=30s phase=Congestion adaptation=with_ML throughput_gbps=7.8438 latency_ms=68.2016
[2026-08-01T08:40:51] SAMPLE t=31s phase=Congestion adaptation=with_ML throughput_gbps=7.9841 latency_ms=67.5601
[2026-08-01T08:40:52] SAMPLE t=32s phase=Congestion adaptation=with_ML throughput_gbps=8.4828 latency_ms=64.9611
[2026-08-01T08:40:53] SAMPLE t=33s phase=Congestion adaptation=with_ML throughput_gbps=8.1221 latency_ms=64.9348
[2026-08-01T08:40:54] SAMPLE t=34s phase=Congestion adaptation=with_ML throughput_gbps=8.0523 latency_ms=68.0892
[2026-08-01T08:40:55] SAMPLE t=35s phase=Congestion adaptation=with_ML throughput_gbps=8.5229 latency_ms=65.41
[2026-08-01T08:40:56] SAMPLE t=36s phase=Congestion adaptation=with_ML throughput_gbps=8.0834 latency_ms=66.0701
[2026-08-01T08:40:57] SAMPLE t=37s phase=Congestion adaptation=with_ML throughput_gbps=7.8709 latency_ms=65.4343
[2026-08-01T08:40:58] SAMPLE t=38s phase=Congestion adaptation=with_ML throughput_gbps=7.9841 latency_ms=64.6858
[2026-08-01T08:40:59] SAMPLE t=39s phase=Congestion adaptation=with_ML throughput_gbps=8.2547 latency_ms=65.9574
[2026-08-01T08:41:00] SAMPLE t=40s phase=Path_change adaptation=with_ML throughput_gbps=8.0038 latency_ms=67.2333
[2026-08-01T08:41:01] SAMPLE t=41s phase=Path_change adaptation=with_ML throughput_gbps=7.8146 latency_ms=68.7012
[2026-08-01T08:41:02] SAMPLE t=42s phase=Path_change adaptation=with_ML throughput_gbps=7.9113 latency_ms=67.0001
[2026-08-01T08:41:03] SAMPLE t=43s phase=Path_change adaptation=with_ML throughput_gbps=7.7824 latency_ms=67.9409
[2026-08-01T08:41:04] SAMPLE t=44s phase=Path_change adaptation=with_ML throughput_gbps=7.5253 latency_ms=68.5673
[2026-08-01T08:41:05] SAMPLE t=45s phase=Path_change adaptation=with_ML throughput_gbps=7.2527 latency_ms=67.8954
[2026-08-01T08:41:06] SAMPLE t=46s phase=Path_change adaptation=with_ML throughput_gbps=7.4981 latency_ms=66.3821
[2026-08-01T08:41:07] SAMPLE t=47s phase=Path_change adaptation=with_ML throughput_gbps=7.3016 latency_ms=67.9302
[2026-08-01T08:41:08] SAMPLE t=48s phase=Path_change adaptation=with_ML throughput_gbps=7.1604 latency_ms=67.886
[2026-08-01T08:41:09] SAMPLE t=49s phase=Path_change adaptation=with_ML throughput_gbps=7.0972 latency_ms=65.4302
[2026-08-01T08:41:10] SAMPLE t=50s phase=Path_change adaptation=with_ML throughput_gbps=7.1676 latency_ms=69.6241
[2026-08-01T08:41:11] SAMPLE t=51s phase=Path_change adaptation=with_ML throughput_gbps=7.1205 latency_ms=69.4189
[2026-08-01T08:41:12] SAMPLE t=52s phase=Path_change adaptation=with_ML throughput_gbps=7.1929 latency_ms=67.464
[2026-08-01T08:41:13] SAMPLE t=53s phase=Path_change adaptation=with_ML throughput_gbps=6.9707 latency_ms=69.0289
[2026-08-01T08:41:14] SAMPLE t=54s phase=Path_change adaptation=with_ML throughput_gbps=7.3135 latency_ms=67.9666
[2026-08-01T08:41:15] SAMPLE t=55s phase=Path_change adaptation=with_ML throughput_gbps=7.5696 latency_ms=68.3462
[2026-08-01T08:41:16] SAMPLE t=56s phase=Path_change adaptation=with_ML throughput_gbps=7.4899 latency_ms=68.3611
[2026-08-01T08:41:17] SAMPLE t=57s phase=Path_change adaptation=with_ML throughput_gbps=7.5829 latency_ms=68.2442
[2026-08-01T08:41:18] SAMPLE t=58s phase=Path_change adaptation=with_ML throughput_gbps=7.8869 latency_ms=66.3324
[2026-08-01T08:41:19] SAMPLE t=59s phase=Path_change adaptation=with_ML throughput_gbps=7.9793 latency_ms=65.0798
[2026-08-01T08:41:20] SAMPLE t=60s phase=Loss_spike adaptation=with_ML throughput_gbps=7.5415 latency_ms=66.3629
[2026-08-01T08:41:21] SAMPLE t=61s phase=Loss_spike adaptation=with_ML throughput_gbps=8.1377 latency_ms=70.2324
[2026-08-01T08:41:22] SAMPLE t=62s phase=Loss_spike adaptation=with_ML throughput_gbps=8.0169 latency_ms=69.8501
[2026-08-01T08:41:23] SAMPLE t=63s phase=Loss_spike adaptation=with_ML throughput_gbps=6.6641 latency_ms=69.6097
[2026-08-01T08:41:24] SAMPLE t=64s phase=Loss_spike adaptation=with_ML throughput_gbps=6.329 latency_ms=69.5596
[2026-08-01T08:41:25] SAMPLE t=65s phase=Loss_spike adaptation=with_ML throughput_gbps=7.2089 latency_ms=66.8449
[2026-08-01T08:41:26] SAMPLE t=66s phase=Loss_spike adaptation=with_ML throughput_gbps=8.4717 latency_ms=70.7315
[2026-08-01T08:41:27] SAMPLE t=67s phase=Loss_spike adaptation=with_ML throughput_gbps=7.5278 latency_ms=68.4504
[2026-08-01T08:41:28] SAMPLE t=68s phase=Loss_spike adaptation=with_ML throughput_gbps=6.4535 latency_ms=70.4253
[2026-08-01T08:41:29] SAMPLE t=69s phase=Loss_spike adaptation=with_ML throughput_gbps=6.3863 latency_ms=70.5688
[2026-08-01T08:41:30] SAMPLE t=70s phase=Loss_spike adaptation=with_ML throughput_gbps=7.5367 latency_ms=66.4317
[2026-08-01T08:41:31] SAMPLE t=71s phase=Loss_spike adaptation=with_ML throughput_gbps=8.4254 latency_ms=71.2687
[2026-08-01T08:41:32] SAMPLE t=72s phase=Loss_spike adaptation=with_ML throughput_gbps=7.6667 latency_ms=67.3744
[2026-08-01T08:41:33] SAMPLE t=73s phase=Loss_spike adaptation=with_ML throughput_gbps=6.4488 latency_ms=70.905
[2026-08-01T08:41:34] SAMPLE t=74s phase=Loss_spike adaptation=with_ML throughput_gbps=6.3581 latency_ms=73.1084
[2026-08-01T08:41:35] SAMPLE t=75s phase=Loss_spike adaptation=with_ML throughput_gbps=7.4885 latency_ms=67.8453
[2026-08-01T08:41:36] SAMPLE t=76s phase=Loss_spike adaptation=with_ML throughput_gbps=8.539 latency_ms=71.8617
[2026-08-01T08:41:37] SAMPLE t=77s phase=Loss_spike adaptation=with_ML throughput_gbps=7.9339 latency_ms=69.0947
[2026-08-01T08:41:38] SAMPLE t=78s phase=Loss_spike adaptation=with_ML throughput_gbps=6.6583 latency_ms=67.5201
[2026-08-01T08:41:39] SAMPLE t=79s phase=Loss_spike adaptation=with_ML throughput_gbps=6.3032 latency_ms=69.9616
[2026-08-01T08:41:40] SAMPLE t=80s phase=Recovery adaptation=with_ML throughput_gbps=7.8795 latency_ms=65.4304
[2026-08-01T08:41:41] SAMPLE t=81s phase=Recovery adaptation=with_ML throughput_gbps=8.2535 latency_ms=65.8587
[2026-08-01T08:41:42] SAMPLE t=82s phase=Recovery adaptation=with_ML throughput_gbps=8.1082 latency_ms=65.4763
[2026-08-01T08:41:43] SAMPLE t=83s phase=Recovery adaptation=with_ML throughput_gbps=8.4816 latency_ms=67.3086
[2026-08-01T08:41:44] SAMPLE t=84s phase=Recovery adaptation=with_ML throughput_gbps=7.7664 latency_ms=65.8729
[2026-08-01T08:41:45] SAMPLE t=85s phase=Recovery adaptation=with_ML throughput_gbps=7.9519 latency_ms=66.5352
[2026-08-01T08:41:46] SAMPLE t=86s phase=Recovery adaptation=with_ML throughput_gbps=8.2781 latency_ms=66.5529
[2026-08-01T08:41:47] SAMPLE t=87s phase=Recovery adaptation=with_ML throughput_gbps=8.0975 latency_ms=66.0688
[2026-08-01T08:41:48] SAMPLE t=88s phase=Recovery adaptation=with_ML throughput_gbps=8.154 latency_ms=65.5673
[2026-08-01T08:41:49] SAMPLE t=89s phase=Recovery adaptation=with_ML throughput_gbps=8.1942 latency_ms=65.3754
[2026-08-01T08:41:50] SAMPLE t=90s phase=Recovery adaptation=with_ML throughput_gbps=8.5031 latency_ms=66.1584
[2026-08-01T08:41:51] SAMPLE t=91s phase=Recovery adaptation=with_ML throughput_gbps=8.2162 latency_ms=66.1967
[2026-08-01T08:41:52] SAMPLE t=92s phase=Recovery adaptation=with_ML throughput_gbps=8.3285 latency_ms=63.8018
[2026-08-01T08:41:53] SAMPLE t=93s phase=Recovery adaptation=with_ML throughput_gbps=8.5715 latency_ms=63.4146
[2026-08-01T08:41:54] SAMPLE t=94s phase=Recovery adaptation=with_ML throughput_gbps=8.5022 latency_ms=65.2395
[2026-08-01T08:41:55] SAMPLE t=95s phase=Recovery adaptation=with_ML throughput_gbps=8.5145 latency_ms=63.5595
[2026-08-01T08:41:56] SAMPLE t=96s phase=Recovery adaptation=with_ML throughput_gbps=8.3451 latency_ms=63.9146
[2026-08-01T08:41:57] SAMPLE t=97s phase=Recovery adaptation=with_ML throughput_gbps=8.4421 latency_ms=66.7954
[2026-08-01T08:41:58] SAMPLE t=98s phase=Recovery adaptation=with_ML throughput_gbps=8.3281 latency_ms=63.567
[2026-08-01T08:41:59] SAMPLE t=99s phase=Recovery adaptation=with_ML throughput_gbps=8.4835 latency_ms=64.0217
[2026-08-01T08:40:20] SAMPLE t=0s phase=Stable adaptation=without_ML throughput_gbps=8.2665 latency_ms=66.5809
[2026-08-01T08:40:21] SAMPLE t=1s phase=Stable adaptation=without_ML throughput_gbps=7.7284 latency_ms=66.8646
[2026-08-01T08:40:22] SAMPLE t=2s phase=Stable adaptation=without_ML throughput_gbps=8.1531 latency_ms=67.1243
[2026-08-01T08:40:23] SAMPLE t=3s phase=Stable adaptation=without_ML throughput_gbps=8.482 latency_ms=65.0537
[2026-08-01T08:40:24] SAMPLE t=4s phase=Stable adaptation=without_ML throughput_gbps=7.7434 latency_ms=67.2075
[2026-08-01T08:40:25] SAMPLE t=5s phase=Stable adaptation=without_ML throughput_gbps=8.1705 latency_ms=66.4828
[2026-08-01T08:40:26] SAMPLE t=6s phase=Stable adaptation=without_ML throughput_gbps=8.487 latency_ms=67.5605
[2026-08-01T08:40:27] SAMPLE t=7s phase=Stable adaptation=without_ML throughput_gbps=7.7136 latency_ms=64.2255
[2026-08-01T08:40:28] SAMPLE t=8s phase=Stable adaptation=without_ML throughput_gbps=7.6504 latency_ms=65.2475
[2026-08-01T08:40:29] SAMPLE t=9s phase=Stable adaptation=without_ML throughput_gbps=8.1928 latency_ms=67.0149
[2026-08-01T08:40:30] SAMPLE t=10s phase=Stable adaptation=without_ML throughput_gbps=7.9732 latency_ms=67.0946
[2026-08-01T08:40:31] SAMPLE t=11s phase=Stable adaptation=without_ML throughput_gbps=8.0894 latency_ms=65.7363
[2026-08-01T08:40:32] SAMPLE t=12s phase=Stable adaptation=without_ML throughput_gbps=8.1162 latency_ms=65.9444
[2026-08-01T08:40:33] SAMPLE t=13s phase=Stable adaptation=without_ML throughput_gbps=7.6919 latency_ms=64.1355
[2026-08-01T08:40:34] SAMPLE t=14s phase=Stable adaptation=without_ML throughput_gbps=7.8554 latency_ms=67.5865
[2026-08-01T08:40:35] SAMPLE t=15s phase=Stable adaptation=without_ML throughput_gbps=8.2286 latency_ms=66.714
[2026-08-01T08:40:36] SAMPLE t=16s phase=Stable adaptation=without_ML throughput_gbps=7.6623 latency_ms=65.9212
[2026-08-01T08:40:37] SAMPLE t=17s phase=Stable adaptation=without_ML throughput_gbps=7.7374 latency_ms=64.9895
[2026-08-01T08:40:38] SAMPLE t=18s phase=Stable adaptation=without_ML throughput_gbps=7.8434 latency_ms=67.0969
[2026-08-01T08:40:39] SAMPLE t=19s phase=Stable adaptation=without_ML throughput_gbps=8.4926 latency_ms=65.9479
[2026-08-01T08:40:40] SAMPLE t=20s phase=Congestion adaptation=without_ML throughput_gbps=7.7496 latency_ms=66.7806
[2026-08-01T08:40:41] SAMPLE t=21s phase=Congestion adaptation=without_ML throughput_gbps=7.6957 latency_ms=67.4757
[2026-08-01T08:40:42] SAMPLE t=22s phase=Congestion adaptation=without_ML throughput_gbps=8.1662 latency_ms=68.2573
[2026-08-01T08:40:43] SAMPLE t=23s phase=Congestion adaptation=without_ML throughput_gbps=8.2517 latency_ms=64.9444
[2026-08-01T08:40:44] SAMPLE t=24s phase=Congestion adaptation=without_ML throughput_gbps=8.0798 latency_ms=69.0899
[2026-08-01T08:40:45] SAMPLE t=25s phase=Congestion adaptation=without_ML throughput_gbps=7.9613 latency_ms=65.6606
[2026-08-01T08:40:46] SAMPLE t=26s phase=Congestion adaptation=without_ML throughput_gbps=7.9957 latency_ms=66.6355
[2026-08-01T08:40:47] SAMPLE t=27s phase=Congestion adaptation=without_ML throughput_gbps=8.1236 latency_ms=65.1682
[2026-08-01T08:40:48] SAMPLE t=28s phase=Congestion adaptation=without_ML throughput_gbps=8.1919 latency_ms=66.1018
[2026-08-01T08:40:49] SAMPLE t=29s phase=Congestion adaptation=without_ML throughput_gbps=7.733 latency_ms=64.6485
[2026-08-01T08:40:50] SAMPLE t=30s phase=Congestion adaptation=without_ML throughput_gbps=7.9449 latency_ms=65.2867
[2026-08-01T08:40:51] SAMPLE t=31s phase=Congestion adaptation=without_ML throughput_gbps=7.7591 latency_ms=65.3472
[2026-08-01T08:40:52] SAMPLE t=32s phase=Congestion adaptation=without_ML throughput_gbps=7.8806 latency_ms=66.1392
[2026-08-01T08:40:53] SAMPLE t=33s phase=Congestion adaptation=without_ML throughput_gbps=7.9138 latency_ms=66.089
[2026-08-01T08:40:54] SAMPLE t=34s phase=Congestion adaptation=without_ML throughput_gbps=7.7867 latency_ms=64.6654
[2026-08-01T08:40:55] SAMPLE t=35s phase=Congestion adaptation=without_ML throughput_gbps=8.0022 latency_ms=64.3541
[2026-08-01T08:40:56] SAMPLE t=36s phase=Congestion adaptation=without_ML throughput_gbps=7.9191 latency_ms=63.4499
[2026-08-01T08:40:57] SAMPLE t=37s phase=Congestion adaptation=without_ML throughput_gbps=8.4317 latency_ms=67.3637
[2026-08-01T08:40:58] SAMPLE t=38s phase=Congestion adaptation=without_ML throughput_gbps=7.8836 latency_ms=64.7285
[2026-08-01T08:40:59] SAMPLE t=39s phase=Congestion adaptation=without_ML throughput_gbps=7.8431 latency_ms=66.842
[2026-08-01T08:41:00] SAMPLE t=40s phase=Path_change adaptation=without_ML throughput_gbps=7.8202 latency_ms=64.5788
[2026-08-01T08:41:01] SAMPLE t=41s phase=Path_change adaptation=without_ML throughput_gbps=7.8448 latency_ms=65.2745
[2026-08-01T08:41:02] SAMPLE t=42s phase=Path_change adaptation=without_ML throughput_gbps=7.1471 latency_ms=68.8071
[2026-08-01T08:41:03] SAMPLE t=43s phase=Path_change adaptation=without_ML throughput_gbps=6.8721 latency_ms=70.9127
[2026-08-01T08:41:04] SAMPLE t=44s phase=Path_change adaptation=without_ML throughput_gbps=6.7209 latency_ms=70.509
[2026-08-01T08:41:05] SAMPLE t=45s phase=Path_change adaptation=without_ML throughput_gbps=6.5464 latency_ms=72.7803
[2026-08-01T08:41:06] SAMPLE t=46s phase=Path_change adaptation=without_ML throughput_gbps=6.0824 latency_ms=73.1257
[2026-08-01T08:41:07] SAMPLE t=47s phase=Path_change adaptation=without_ML throughput_gbps=6.3207 latency_ms=69.745
[2026-08-01T08:41:08] SAMPLE t=48s phase=Path_change adaptation=without_ML throughput_gbps=6.0321 latency_ms=70.7317
[2026-08-01T08:41:09] SAMPLE t=49s phase=Path_change adaptation=without_ML throughput_gbps=5.9897 latency_ms=74.1761
[2026-08-01T08:41:10] SAMPLE t=50s phase=Path_change adaptation=without_ML throughput_gbps=6.0326 latency_ms=73.5817
[2026-08-01T08:41:11] SAMPLE t=51s phase=Path_change adaptation=without_ML throughput_gbps=5.845 latency_ms=73.4658
[2026-08-01T08:41:12] SAMPLE t=52s phase=Path_change adaptation=without_ML throughput_gbps=5.9581 latency_ms=70.5477
[2026-08-01T08:41:13] SAMPLE t=53s phase=Path_change adaptation=without_ML throughput_gbps=5.9658 latency_ms=69.273
[2026-08-01T08:41:14] SAMPLE t=54s phase=Path_change adaptation=without_ML throughput_gbps=6.1141 latency_ms=71.6923
[2026-08-01T08:41:15] SAMPLE t=55s phase=Path_change adaptation=without_ML throughput_gbps=6.5017 latency_ms=71.8411
[2026-08-01T08:41:16] SAMPLE t=56s phase=Path_change adaptation=without_ML throughput_gbps=6.6231 latency_ms=70.1185
[2026-08-01T08:41:17] SAMPLE t=57s phase=Path_change adaptation=without_ML throughput_gbps=7.0297 latency_ms=67.0771
[2026-08-01T08:41:18] SAMPLE t=58s phase=Path_change adaptation=without_ML throughput_gbps=7.1702 latency_ms=67.4057
[2026-08-01T08:41:19] SAMPLE t=59s phase=Path_change adaptation=without_ML throughput_gbps=7.7595 latency_ms=67.4466
[2026-08-01T08:41:20] SAMPLE t=60s phase=Loss_spike adaptation=without_ML throughput_gbps=5.9812 latency_ms=72.4959
[2026-08-01T08:41:21] SAMPLE t=61s phase=Loss_spike adaptation=without_ML throughput_gbps=8.3624 latency_ms=78.6207
[2026-08-01T08:41:22] SAMPLE t=62s phase=Loss_spike adaptation=without_ML throughput_gbps=7.4058 latency_ms=77.0862
[2026-08-01T08:41:23] SAMPLE t=63s phase=Loss_spike adaptation=without_ML throughput_gbps=4.7676 latency_ms=75.2751
[2026-08-01T08:41:24] SAMPLE t=64s phase=Loss_spike adaptation=without_ML throughput_gbps=3.8268 latency_ms=81.4954
[2026-08-01T08:41:25] SAMPLE t=65s phase=Loss_spike adaptation=without_ML throughput_gbps=6.4161 latency_ms=69.5225
[2026-08-01T08:41:26] SAMPLE t=66s phase=Loss_spike adaptation=without_ML throughput_gbps=8.0122 latency_ms=78.4182
[2026-08-01T08:41:27] SAMPLE t=67s phase=Loss_spike adaptation=without_ML throughput_gbps=7.8812 latency_ms=77.2219
[2026-08-01T08:41:28] SAMPLE t=68s phase=Loss_spike adaptation=without_ML throughput_gbps=4.841 latency_ms=75.7616
[2026-08-01T08:41:29] SAMPLE t=69s phase=Loss_spike adaptation=without_ML throughput_gbps=3.8471 latency_ms=80.4054
[2026-08-01T08:41:30] SAMPLE t=70s phase=Loss_spike adaptation=without_ML throughput_gbps=6.1612 latency_ms=69.9645
[2026-08-01T08:41:31] SAMPLE t=71s phase=Loss_spike adaptation=without_ML throughput_gbps=9.1155 latency_ms=79.9966
[2026-08-01T08:41:32] SAMPLE t=72s phase=Loss_spike adaptation=without_ML throughput_gbps=7.2001 latency_ms=76.0975
[2026-08-01T08:41:33] SAMPLE t=73s phase=Loss_spike adaptation=without_ML throughput_gbps=4.7955 latency_ms=74.1068
[2026-08-01T08:41:34] SAMPLE t=74s phase=Loss_spike adaptation=without_ML throughput_gbps=3.8161 latency_ms=77.7847
[2026-08-01T08:41:35] SAMPLE t=75s phase=Loss_spike adaptation=without_ML throughput_gbps=6.4819 latency_ms=70.0942
[2026-08-01T08:41:36] SAMPLE t=76s phase=Loss_spike adaptation=without_ML throughput_gbps=8.7006 latency_ms=78.4091
[2026-08-01T08:41:37] SAMPLE t=77s phase=Loss_spike adaptation=without_ML throughput_gbps=7.549 latency_ms=74.9437
[2026-08-01T08:41:38] SAMPLE t=78s phase=Loss_spike adaptation=without_ML throughput_gbps=4.9092 latency_ms=76.7494
[2026-08-01T08:41:39] SAMPLE t=79s phase=Loss_spike adaptation=without_ML throughput_gbps=3.9459 latency_ms=78.6973
[2026-08-01T08:41:40] SAMPLE t=80s phase=Recovery adaptation=without_ML throughput_gbps=8.125 latency_ms=65.5216
[2026-08-01T08:41:41] SAMPLE t=81s phase=Recovery adaptation=without_ML throughput_gbps=8.4225 latency_ms=64.9651
[2026-08-01T08:41:42] SAMPLE t=82s phase=Recovery adaptation=without_ML throughput_gbps=7.6808 latency_ms=66.9341
[2026-08-01T08:41:43] SAMPLE t=83s phase=Recovery adaptation=without_ML throughput_gbps=8.0124 latency_ms=64.6822
[2026-08-01T08:41:44] SAMPLE t=84s phase=Recovery adaptation=without_ML throughput_gbps=8.0482 latency_ms=66.3891
[2026-08-01T08:41:45] SAMPLE t=85s phase=Recovery adaptation=without_ML throughput_gbps=7.8891 latency_ms=65.3658
[2026-08-01T08:41:46] SAMPLE t=86s phase=Recovery adaptation=without_ML throughput_gbps=7.9937 latency_ms=66.0108
[2026-08-01T08:41:47] SAMPLE t=87s phase=Recovery adaptation=without_ML throughput_gbps=8.1114 latency_ms=65.6946
[2026-08-01T08:41:48] SAMPLE t=88s phase=Recovery adaptation=without_ML throughput_gbps=7.7064 latency_ms=64.8656
[2026-08-01T08:41:49] SAMPLE t=89s phase=Recovery adaptation=without_ML throughput_gbps=7.6384 latency_ms=67.0213
[2026-08-01T08:41:50] SAMPLE t=90s phase=Recovery adaptation=without_ML throughput_gbps=7.898 latency_ms=65.9019
[2026-08-01T08:41:51] SAMPLE t=91s phase=Recovery adaptation=without_ML throughput_gbps=7.6797 latency_ms=66.2375
[2026-08-01T08:41:52] SAMPLE t=92s phase=Recovery adaptation=without_ML throughput_gbps=8.1889 latency_ms=68.6225
[2026-08-01T08:41:53] SAMPLE t=93s phase=Recovery adaptation=without_ML throughput_gbps=8.1505 latency_ms=65.7118
[2026-08-01T08:41:54] SAMPLE t=94s phase=Recovery adaptation=without_ML throughput_gbps=8.3598 latency_ms=69.5429
[2026-08-01T08:41:55] SAMPLE t=95s phase=Recovery adaptation=without_ML throughput_gbps=8.2255 latency_ms=64.9719
[2026-08-01T08:41:56] SAMPLE t=96s phase=Recovery adaptation=without_ML throughput_gbps=7.8248 latency_ms=64.2176
[2026-08-01T08:41:57] SAMPLE t=97s phase=Recovery adaptation=without_ML throughput_gbps=7.971 latency_ms=65.6487
[2026-08-01T08:41:58] SAMPLE t=98s phase=Recovery adaptation=without_ML throughput_gbps=7.7934 latency_ms=67.6177
[2026-08-01T08:41:59] SAMPLE t=99s phase=Recovery adaptation=without_ML throughput_gbps=8.19 latency_ms=68.0723
[2026-08-01T08:40:20] TRACE_END run_id=5 status=OK
[2026-08-01T08:44:32] TRACE_START run_id=6
[2026-08-01T08:44:32] SAMPLE t=0s phase=Stable adaptation=with_ML throughput_gbps=7.8619 latency_ms=68.1557
[2026-08-01T08:44:33] SAMPLE t=1s phase=Stable adaptation=with_ML throughput_gbps=8.0552 latency_ms=67.8838
[2026-08-01T08:44:34] SAMPLE t=2s phase=Stable adaptation=with_ML throughput_gbps=8.3454 latency_ms=67.5031
[2026-08-01T08:44:35] SAMPLE t=3s phase=Stable adaptation=with_ML throughput_gbps=8.2623 latency_ms=66.329
[2026-08-01T08:44:36] SAMPLE t=4s phase=Stable adaptation=with_ML throughput_gbps=8.186 latency_ms=65.9561
[2026-08-01T08:44:37] SAMPLE t=5s phase=Stable adaptation=with_ML throughput_gbps=7.6153 latency_ms=65.9867
[2026-08-01T08:44:38] SAMPLE t=6s phase=Stable adaptation=with_ML throughput_gbps=8.266 latency_ms=67.8879
[2026-08-01T08:44:39] SAMPLE t=7s phase=Stable adaptation=with_ML throughput_gbps=8.1173 latency_ms=67.0717
[2026-08-01T08:44:40] SAMPLE t=8s phase=Stable adaptation=with_ML throughput_gbps=8.2558 latency_ms=67.1694
[2026-08-01T08:44:41] SAMPLE t=9s phase=Stable adaptation=with_ML throughput_gbps=8.0415 latency_ms=66.5767
[2026-08-01T08:44:42] SAMPLE t=10s phase=Stable adaptation=with_ML throughput_gbps=8.1558 latency_ms=65.8538
[2026-08-01T08:44:43] SAMPLE t=11s phase=Stable adaptation=with_ML throughput_gbps=8.1732 latency_ms=65.8933
[2026-08-01T08:44:44] SAMPLE t=12s phase=Stable adaptation=with_ML throughput_gbps=8.1092 latency_ms=66.5317
[2026-08-01T08:44:45] SAMPLE t=13s phase=Stable adaptation=with_ML throughput_gbps=8.3701 latency_ms=65.5217
[2026-08-01T08:44:46] SAMPLE t=14s phase=Stable adaptation=with_ML throughput_gbps=7.9563 latency_ms=66.9108
[2026-08-01T08:44:47] SAMPLE t=15s phase=Stable adaptation=with_ML throughput_gbps=7.7344 latency_ms=66.6766
[2026-08-01T08:44:48] SAMPLE t=16s phase=Stable adaptation=with_ML throughput_gbps=8.1982 latency_ms=66.9668
[2026-08-01T08:44:49] SAMPLE t=17s phase=Stable adaptation=with_ML throughput_gbps=8.1471 latency_ms=67.1954
[2026-08-01T08:44:50] SAMPLE t=18s phase=Stable adaptation=with_ML throughput_gbps=7.9369 latency_ms=68.029
[2026-08-01T08:44:51] SAMPLE t=19s phase=Stable adaptation=with_ML throughput_gbps=7.9536 latency_ms=66.3831
[2026-08-01T08:44:52] SAMPLE t=20s phase=Congestion adaptation=with_ML throughput_gbps=8.2735 latency_ms=67.1976
[2026-08-01T08:44:53] SAMPLE t=21s phase=Congestion adaptation=with_ML throughput_gbps=8.2466 latency_ms=66.293
[2026-08-01T08:44:54] SAMPLE t=22s phase=Congestion adaptation=with_ML throughput_gbps=8.1745 latency_ms=65.816
[2026-08-01T08:44:55] SAMPLE t=23s phase=Congestion adaptation=with_ML throughput_gbps=8.57 latency_ms=64.8813
[2026-08-01T08:44:56] SAMPLE t=24s phase=Congestion adaptation=with_ML throughput_gbps=8.2924 latency_ms=64.9193
[2026-08-01T08:44:57] SAMPLE t=25s phase=Congestion adaptation=with_ML throughput_gbps=7.9058 latency_ms=66.1013
[2026-08-01T08:44:58] SAMPLE t=26s phase=Congestion adaptation=with_ML throughput_gbps=7.4724 latency_ms=66.9444
[2026-08-01T08:44:59] SAMPLE t=27s phase=Congestion adaptation=with_ML throughput_gbps=8.1222 latency_ms=66.0236
[2026-08-01T08:45:00] SAMPLE t=28s phase=Congestion adaptation=with_ML throughput_gbps=8.2927 latency_ms=65.5645
[2026-08-01T08:45:01] SAMPLE t=29s phase=Congestion adaptation=with_ML throughput_gbps=8.1765 latency_ms=68.3518
[2026-08-01T08:45:02] SAMPLE t=30s phase=Congestion adaptation=with_ML throughput_gbps=8.1236 latency_ms=65.7383
[2026-08-01T08:45:03] SAMPLE t=31s phase=Congestion adaptation=with_ML throughput_gbps=8.1743 latency_ms=65.8012
[2026-08-01T08:45:04] SAMPLE t=32s phase=Congestion adaptation=with_ML throughput_gbps=7.897 latency_ms=66.2246
[2026-08-01T08:45:05] SAMPLE t=33s phase=Congestion adaptation=with_ML throughput_gbps=7.7644 latency_ms=66.198
[2026-08-01T08:45:06] SAMPLE t=34s phase=Congestion adaptation=with_ML throughput_gbps=8.0149 latency_ms=65.507
[2026-08-01T08:45:07] SAMPLE t=35s phase=Congestion adaptation=with_ML throughput_gbps=7.7533 latency_ms=67.7635
[2026-08-01T08:45:08] SAMPLE t=36s phase=Congestion adaptation=with_ML throughput_gbps=8.1264 latency_ms=65.5553
[2026-08-01T08:45:09] SAMPLE t=37s phase=Congestion adaptation=with_ML throughput_gbps=8.0499 latency_ms=64.2587
[2026-08-01T08:45:10] SAMPLE t=38s phase=Congestion adaptation=with_ML throughput_gbps=8.2262 latency_ms=67.8432
[2026-08-01T08:45:11] SAMPLE t=39s phase=Congestion adaptation=with_ML throughput_gbps=7.9232 latency_ms=66.3172
[2026-08-01T08:45:12] SAMPLE t=40s phase=Path_change adaptation=with_ML throughput_gbps=8.1775 latency_ms=66.5095
[2026-08-01T08:45:13] SAMPLE t=41s phase=Path_change adaptation=with_ML throughput_gbps=7.6899 latency_ms=66.4494
[2026-08-01T08:45:14] SAMPLE t=42s phase=Path_change adaptation=with_ML throughput_gbps=8.1476 latency_ms=65.8983
[2026-08-01T08:45:15] SAMPLE t=43s phase=Path_change adaptation=with_ML throughput_gbps=7.6737 latency_ms=68.2956
[2026-08-01T08:45:16] SAMPLE t=44s phase=Path_change adaptation=with_ML throughput_gbps=7.6083 latency_ms=67.9102
[2026-08-01T08:45:17] SAMPLE t=45s phase=Path_change adaptation=with_ML throughput_gbps=7.6837 latency_ms=69.6349
[2026-08-01T08:45:18] SAMPLE t=46s phase=Path_change adaptation=with_ML throughput_gbps=7.2865 latency_ms=65.8541
[2026-08-01T08:45:19] SAMPLE t=47s phase=Path_change adaptation=with_ML throughput_gbps=7.3098 latency_ms=67.2885
[2026-08-01T08:45:20] SAMPLE t=48s phase=Path_change adaptation=with_ML throughput_gbps=7.1807 latency_ms=69.5326
[2026-08-01T08:45:21] SAMPLE t=49s phase=Path_change adaptation=with_ML throughput_gbps=6.9164 latency_ms=68.5045
[2026-08-01T08:45:22] SAMPLE t=50s phase=Path_change adaptation=with_ML throughput_gbps=7.1487 latency_ms=69.3381
[2026-08-01T08:45:23] SAMPLE t=51s phase=Path_change adaptation=with_ML throughput_gbps=7.5579 latency_ms=69.2393
[2026-08-01T08:45:24] SAMPLE t=52s phase=Path_change adaptation=with_ML throughput_gbps=7.4141 latency_ms=68.1952
[2026-08-01T08:45:25] SAMPLE t=53s phase=Path_change adaptation=with_ML throughput_gbps=7.1298 latency_ms=66.4236
[2026-08-01T08:45:26] SAMPLE t=54s phase=Path_change adaptation=with_ML throughput_gbps=7.592 latency_ms=68.4165
[2026-08-01T08:45:27] SAMPLE t=55s phase=Path_change adaptation=with_ML throughput_gbps=7.4181 latency_ms=68.5646
[2026-08-01T08:45:28] SAMPLE t=56s phase=Path_change adaptation=with_ML throughput_gbps=7.599 latency_ms=66.7079
[2026-08-01T08:45:29] SAMPLE t=57s phase=Path_change adaptation=with_ML throughput_gbps=7.605 latency_ms=69.3012
[2026-08-01T08:45:30] SAMPLE t=58s phase=Path_change adaptation=with_ML throughput_gbps=8.0844 latency_ms=68.5903
[2026-08-01T08:45:31] SAMPLE t=59s phase=Path_change adaptation=with_ML throughput_gbps=8.1905 latency_ms=67.8347
[2026-08-01T08:45:32] SAMPLE t=60s phase=Loss_spike adaptation=with_ML throughput_gbps=7.5438 latency_ms=67.5703
[2026-08-01T08:45:33] SAMPLE t=61s phase=Loss_spike adaptation=with_ML throughput_gbps=7.9374 latency_ms=70.5098
[2026-08-01T08:45:34] SAMPLE t=62s phase=Loss_spike adaptation=with_ML throughput_gbps=7.9557 latency_ms=70.6139
[2026-08-01T08:45:35] SAMPLE t=63s phase=Loss_spike adaptation=with_ML throughput_gbps=6.5737 latency_ms=67.4277
[2026-08-01T08:45:36] SAMPLE t=64s phase=Loss_spike adaptation=with_ML throughput_gbps=5.9237 latency_ms=71.3514
[2026-08-01T08:45:37] SAMPLE t=65s phase=Loss_spike adaptation=with_ML throughput_gbps=7.4745 latency_ms=69.5599
[2026-08-01T08:45:38] SAMPLE t=66s phase=Loss_spike adaptation=with_ML throughput_gbps=8.2998 latency_ms=67.6036
[2026-08-01T08:45:39] SAMPLE t=67s phase=Loss_spike adaptation=with_ML throughput_gbps=7.8475 latency_ms=68.5981
[2026-08-01T08:45:40] SAMPLE t=68s phase=Loss_spike adaptation=with_ML throughput_gbps=6.6217 latency_ms=70.4305
[2026-08-01T08:45:41] SAMPLE t=69s phase=Loss_spike adaptation=with_ML throughput_gbps=6.1026 latency_ms=70.8345
[2026-08-01T08:45:42] SAMPLE t=70s phase=Loss_spike adaptation=with_ML throughput_gbps=7.3057 latency_ms=67.9575
[2026-08-01T08:45:43] SAMPLE t=71s phase=Loss_spike adaptation=with_ML throughput_gbps=8.0889 latency_ms=70.6255
[2026-08-01T08:45:44] SAMPLE t=72s phase=Loss_spike adaptation=with_ML throughput_gbps=8.0323 latency_ms=69.404
[2026-08-01T08:45:45] SAMPLE t=73s phase=Loss_spike adaptation=with_ML throughput_gbps=6.7595 latency_ms=70.0681
[2026-08-01T08:45:46] SAMPLE t=74s phase=Loss_spike adaptation=with_ML throughput_gbps=6.2444 latency_ms=72.0547
[2026-08-01T08:45:47] SAMPLE t=75s phase=Loss_spike adaptation=with_ML throughput_gbps=7.005 latency_ms=68.6179
[2026-08-01T08:45:48] SAMPLE t=76s phase=Loss_spike adaptation=with_ML throughput_gbps=8.5867 latency_ms=72.2008
[2026-08-01T08:45:49] SAMPLE t=77s phase=Loss_spike adaptation=with_ML throughput_gbps=7.5575 latency_ms=69.6895
[2026-08-01T08:45:50] SAMPLE t=78s phase=Loss_spike adaptation=with_ML throughput_gbps=6.6839 latency_ms=67.842
[2026-08-01T08:45:51] SAMPLE t=79s phase=Loss_spike adaptation=with_ML throughput_gbps=6.3173 latency_ms=70.5925
[2026-08-01T08:45:52] SAMPLE t=80s phase=Recovery adaptation=with_ML throughput_gbps=8.2823 latency_ms=65.1616
[2026-08-01T08:45:53] SAMPLE t=81s phase=Recovery adaptation=with_ML throughput_gbps=8.1623 latency_ms=66.6786
[2026-08-01T08:45:54] SAMPLE t=82s phase=Recovery adaptation=with_ML throughput_gbps=8.0615 latency_ms=65.1762
[2026-08-01T08:45:55] SAMPLE t=83s phase=Recovery adaptation=with_ML throughput_gbps=8.1716 latency_ms=66.5953
[2026-08-01T08:45:56] SAMPLE t=84s phase=Recovery adaptation=with_ML throughput_gbps=8.0447 latency_ms=64.3818
[2026-08-01T08:45:57] SAMPLE t=85s phase=Recovery adaptation=with_ML throughput_gbps=8.064 latency_ms=66.8715
[2026-08-01T08:45:58] SAMPLE t=86s phase=Recovery adaptation=with_ML throughput_gbps=8.4687 latency_ms=66.3661
[2026-08-01T08:45:59] SAMPLE t=87s phase=Recovery adaptation=with_ML throughput_gbps=8.5685 latency_ms=65.9064
[2026-08-01T08:46:00] SAMPLE t=88s phase=Recovery adaptation=with_ML throughput_gbps=8.6168 latency_ms=65.2669
[2026-08-01T08:46:01] SAMPLE t=89s phase=Recovery adaptation=with_ML throughput_gbps=8.1352 latency_ms=64.6133
[2026-08-01T08:46:02] SAMPLE t=90s phase=Recovery adaptation=with_ML throughput_gbps=8.6725 latency_ms=66.8785
[2026-08-01T08:46:03] SAMPLE t=91s phase=Recovery adaptation=with_ML throughput_gbps=8.2914 latency_ms=64.598
[2026-08-01T08:46:04] SAMPLE t=92s phase=Recovery adaptation=with_ML throughput_gbps=8.3336 latency_ms=69.3309
[2026-08-01T08:46:05] SAMPLE t=93s phase=Recovery adaptation=with_ML throughput_gbps=8.4768 latency_ms=63.6978
[2026-08-01T08:46:06] SAMPLE t=94s phase=Recovery adaptation=with_ML throughput_gbps=8.1838 latency_ms=65.5483
[2026-08-01T08:46:07] SAMPLE t=95s phase=Recovery adaptation=with_ML throughput_gbps=8.5779 latency_ms=64.1068
[2026-08-01T08:46:08] SAMPLE t=96s phase=Recovery adaptation=with_ML throughput_gbps=8.6435 latency_ms=63.8205
[2026-08-01T08:46:09] SAMPLE t=97s phase=Recovery adaptation=with_ML throughput_gbps=8.1668 latency_ms=64.0404
[2026-08-01T08:46:10] SAMPLE t=98s phase=Recovery adaptation=with_ML throughput_gbps=8.5042 latency_ms=65.5936
[2026-08-01T08:46:11] SAMPLE t=99s phase=Recovery adaptation=with_ML throughput_gbps=7.8663 latency_ms=63.2547
[2026-08-01T08:44:32] SAMPLE t=0s phase=Stable adaptation=without_ML throughput_gbps=8.1702 latency_ms=66.6936
[2026-08-01T08:44:33] SAMPLE t=1s phase=Stable adaptation=without_ML throughput_gbps=7.6312 latency_ms=68.1201
[2026-08-01T08:44:34] SAMPLE t=2s phase=Stable adaptation=without_ML throughput_gbps=7.9319 latency_ms=67.5692
[2026-08-01T08:44:35] SAMPLE t=3s phase=Stable adaptation=without_ML throughput_gbps=7.9812 latency_ms=65.6126
[2026-08-01T08:44:36] SAMPLE t=4s phase=Stable adaptation=without_ML throughput_gbps=8.065 latency_ms=66.5599
[2026-08-01T08:44:37] SAMPLE t=5s phase=Stable adaptation=without_ML throughput_gbps=7.8161 latency_ms=65.9687
[2026-08-01T08:44:38] SAMPLE t=6s phase=Stable adaptation=without_ML throughput_gbps=7.889 latency_ms=65.3808
[2026-08-01T08:44:39] SAMPLE t=7s phase=Stable adaptation=without_ML throughput_gbps=8.1871 latency_ms=67.9964
[2026-08-01T08:44:40] SAMPLE t=8s phase=Stable adaptation=without_ML throughput_gbps=8.0077 latency_ms=65.6813
[2026-08-01T08:44:41] SAMPLE t=9s phase=Stable adaptation=without_ML throughput_gbps=8.0534 latency_ms=66.8132
[2026-08-01T08:44:42] SAMPLE t=10s phase=Stable adaptation=without_ML throughput_gbps=8.0019 latency_ms=67.4781
[2026-08-01T08:44:43] SAMPLE t=11s phase=Stable adaptation=without_ML throughput_gbps=7.9127 latency_ms=65.6959
[2026-08-01T08:44:44] SAMPLE t=12s phase=Stable adaptation=without_ML throughput_gbps=7.6555 latency_ms=65.4636
[2026-08-01T08:44:45] SAMPLE t=13s phase=Stable adaptation=without_ML throughput_gbps=7.9389 latency_ms=69.0675
[2026-08-01T08:44:46] SAMPLE t=14s phase=Stable adaptation=without_ML throughput_gbps=7.7735 latency_ms=65.4408
[2026-08-01T08:44:47] SAMPLE t=15s phase=Stable adaptation=without_ML throughput_gbps=8.0901 latency_ms=65.1375
[2026-08-01T08:44:48] SAMPLE t=16s phase=Stable adaptation=without_ML throughput_gbps=7.9368 latency_ms=65.2931
[2026-08-01T08:44:49] SAMPLE t=17s phase=Stable adaptation=without_ML throughput_gbps=7.7605 latency_ms=65.0946
[2026-08-01T08:44:50] SAMPLE t=18s phase=Stable adaptation=without_ML throughput_gbps=7.8107 latency_ms=63.9077
[2026-08-01T08:44:51] SAMPLE t=19s phase=Stable adaptation=without_ML throughput_gbps=8.1099 latency_ms=65.572
[2026-08-01T08:44:52] SAMPLE t=20s phase=Congestion adaptation=without_ML throughput_gbps=8.0243 latency_ms=67.528
[2026-08-01T08:44:53] SAMPLE t=21s phase=Congestion adaptation=without_ML throughput_gbps=7.8609 latency_ms=67.448
[2026-08-01T08:44:54] SAMPLE t=22s phase=Congestion adaptation=without_ML throughput_gbps=7.5981 latency_ms=66.4227
[2026-08-01T08:44:55] SAMPLE t=23s phase=Congestion adaptation=without_ML throughput_gbps=7.8705 latency_ms=65.8704
[2026-08-01T08:44:56] SAMPLE t=24s phase=Congestion adaptation=without_ML throughput_gbps=8.2286 latency_ms=64.3021
[2026-08-01T08:44:57] SAMPLE t=25s phase=Congestion adaptation=without_ML throughput_gbps=7.9378 latency_ms=67.3321
[2026-08-01T08:44:58] SAMPLE t=26s phase=Congestion adaptation=without_ML throughput_gbps=7.9513 latency_ms=66.0747
[2026-08-01T08:44:59] SAMPLE t=27s phase=Congestion adaptation=without_ML throughput_gbps=7.802 latency_ms=67.5912
[2026-08-01T08:45:00] SAMPLE t=28s phase=Congestion adaptation=without_ML throughput_gbps=7.8978 latency_ms=67.5137
[2026-08-01T08:45:01] SAMPLE t=29s phase=Congestion adaptation=without_ML throughput_gbps=8.2289 latency_ms=66.1127
[2026-08-01T08:45:02] SAMPLE t=30s phase=Congestion adaptation=without_ML throughput_gbps=8.0988 latency_ms=65.7294
[2026-08-01T08:45:03] SAMPLE t=31s phase=Congestion adaptation=without_ML throughput_gbps=8.5233 latency_ms=65.9539
[2026-08-01T08:45:04] SAMPLE t=32s phase=Congestion adaptation=without_ML throughput_gbps=7.9365 latency_ms=64.1172
[2026-08-01T08:45:05] SAMPLE t=33s phase=Congestion adaptation=without_ML throughput_gbps=8.1068 latency_ms=63.6379
[2026-08-01T08:45:06] SAMPLE t=34s phase=Congestion adaptation=without_ML throughput_gbps=8.1105 latency_ms=64.9902
[2026-08-01T08:45:07] SAMPLE t=35s phase=Congestion adaptation=without_ML throughput_gbps=7.7843 latency_ms=66.5194
[2026-08-01T08:45:08] SAMPLE t=36s phase=Congestion adaptation=without_ML throughput_gbps=7.6936 latency_ms=69.3264
[2026-08-01T08:45:09] SAMPLE t=37s phase=Congestion adaptation=without_ML throughput_gbps=8.2642 latency_ms=64.6241
[2026-08-01T08:45:10] SAMPLE t=38s phase=Congestion adaptation=without_ML throughput_gbps=8.0604 latency_ms=67.2821
[2026-08-01T08:45:11] SAMPLE t=39s phase=Congestion adaptation=without_ML throughput_gbps=7.9719 latency_ms=66.0432
[2026-08-01T08:45:12] SAMPLE t=40s phase=Path_change adaptation=without_ML throughput_gbps=7.8127 latency_ms=63.1226
[2026-08-01T08:45:13] SAMPLE t=41s phase=Path_change adaptation=without_ML throughput_gbps=7.6231 latency_ms=67.5798
[2026-08-01T08:45:14] SAMPLE t=42s phase=Path_change adaptation=without_ML throughput_gbps=7.3781 latency_ms=67.5827
[2026-08-01T08:45:15] SAMPLE t=43s phase=Path_change adaptation=without_ML throughput_gbps=7.1136 latency_ms=71.9032
[2026-08-01T08:45:16] SAMPLE t=44s phase=Path_change adaptation=without_ML throughput_gbps=6.7928 latency_ms=70.8574
[2026-08-01T08:45:17] SAMPLE t=45s phase=Path_change adaptation=without_ML throughput_gbps=6.3046 latency_ms=72.0326
[2026-08-01T08:45:18] SAMPLE t=46s phase=Path_change adaptation=without_ML throughput_gbps=6.1693 latency_ms=71.9002
[2026-08-01T08:45:19] SAMPLE t=47s phase=Path_change adaptation=without_ML throughput_gbps=6.1567 latency_ms=71.2576
[2026-08-01T08:45:20] SAMPLE t=48s phase=Path_change adaptation=without_ML throughput_gbps=5.7561 latency_ms=74.7942
[2026-08-01T08:45:21] SAMPLE t=49s phase=Path_change adaptation=without_ML throughput_gbps=5.8153 latency_ms=72.857
[2026-08-01T08:45:22] SAMPLE t=50s phase=Path_change adaptation=without_ML throughput_gbps=5.925 latency_ms=72.3583
[2026-08-01T08:45:23] SAMPLE t=51s phase=Path_change adaptation=without_ML throughput_gbps=5.7169 latency_ms=72.7757
[2026-08-01T08:45:24] SAMPLE t=52s phase=Path_change adaptation=without_ML throughput_gbps=6.0579 latency_ms=72.9056
[2026-08-01T08:45:25] SAMPLE t=53s phase=Path_change adaptation=without_ML throughput_gbps=5.8319 latency_ms=73.4844
[2026-08-01T08:45:26] SAMPLE t=54s phase=Path_change adaptation=without_ML throughput_gbps=6.1129 latency_ms=72.1721
[2026-08-01T08:45:27] SAMPLE t=55s phase=Path_change adaptation=without_ML throughput_gbps=6.0802 latency_ms=70.4314
[2026-08-01T08:45:28] SAMPLE t=56s phase=Path_change adaptation=without_ML throughput_gbps=6.6955 latency_ms=71.5218
[2026-08-01T08:45:29] SAMPLE t=57s phase=Path_change adaptation=without_ML throughput_gbps=7.1234 latency_ms=71.6198
[2026-08-01T08:45:30] SAMPLE t=58s phase=Path_change adaptation=without_ML throughput_gbps=7.064 latency_ms=69.0075
[2026-08-01T08:45:31] SAMPLE t=59s phase=Path_change adaptation=without_ML throughput_gbps=7.8629 latency_ms=67.9123
[2026-08-01T08:45:32] SAMPLE t=60s phase=Loss_spike adaptation=without_ML throughput_gbps=6.2037 latency_ms=70.8845
[2026-08-01T08:45:33] SAMPLE t=61s phase=Loss_spike adaptation=without_ML throughput_gbps=8.1866 latency_ms=78.8594
[2026-08-01T08:45:34] SAMPLE t=62s phase=Loss_spike adaptation=without_ML throughput_gbps=7.6212 latency_ms=77.5725
[2026-08-01T08:45:35] SAMPLE t=63s phase=Loss_spike adaptation=without_ML throughput_gbps=4.7603 latency_ms=78.2611
[2026-08-01T08:45:36] SAMPLE t=64s phase=Loss_spike adaptation=without_ML throughput_gbps=3.9132 latency_ms=76.9646
[2026-08-01T08:45:37] SAMPLE t=65s phase=Loss_spike adaptation=without_ML throughput_gbps=6.466 latency_ms=68.4234
[2026-08-01T08:45:38] SAMPLE t=66s phase=Loss_spike adaptation=without_ML throughput_gbps=8.0825 latency_ms=78.3867
[2026-08-01T08:45:39] SAMPLE t=67s phase=Loss_spike adaptation=without_ML throughput_gbps=7.6035 latency_ms=77.6036
[2026-08-01T08:45:40] SAMPLE t=68s phase=Loss_spike adaptation=without_ML throughput_gbps=4.8637 latency_ms=75.1366
[2026-08-01T08:45:41] SAMPLE t=69s phase=Loss_spike adaptation=without_ML throughput_gbps=4.036 latency_ms=79.6818
[2026-08-01T08:45:42] SAMPLE t=70s phase=Loss_spike adaptation=without_ML throughput_gbps=6.1684 latency_ms=70.6443
[2026-08-01T08:45:43] SAMPLE t=71s phase=Loss_spike adaptation=without_ML throughput_gbps=8.7296 latency_ms=78.3452
[2026-08-01T08:45:44] SAMPLE t=72s phase=Loss_spike adaptation=without_ML throughput_gbps=7.7397 latency_ms=74.8932
[2026-08-01T08:45:45] SAMPLE t=73s phase=Loss_spike adaptation=without_ML throughput_gbps=4.8384 latency_ms=75.832
[2026-08-01T08:45:46] SAMPLE t=74s phase=Loss_spike adaptation=without_ML throughput_gbps=4.1254 latency_ms=75.6663
[2026-08-01T08:45:47] SAMPLE t=75s phase=Loss_spike adaptation=without_ML throughput_gbps=6.0893 latency_ms=71.7398
[2026-08-01T08:45:48] SAMPLE t=76s phase=Loss_spike adaptation=without_ML throughput_gbps=8.5119 latency_ms=78.9345
[2026-08-01T08:45:49] SAMPLE t=77s phase=Loss_spike adaptation=without_ML throughput_gbps=7.2395 latency_ms=75.1758
[2026-08-01T08:45:50] SAMPLE t=78s phase=Loss_spike adaptation=without_ML throughput_gbps=4.9335 latency_ms=72.7153
[2026-08-01T08:45:51] SAMPLE t=79s phase=Loss_spike adaptation=without_ML throughput_gbps=3.9873 latency_ms=79.8033
[2026-08-01T08:45:52] SAMPLE t=80s phase=Recovery adaptation=without_ML throughput_gbps=7.6902 latency_ms=68.765
[2026-08-01T08:45:53] SAMPLE t=81s phase=Recovery adaptation=without_ML throughput_gbps=7.6184 latency_ms=64.5859
[2026-08-01T08:45:54] SAMPLE t=82s phase=Recovery adaptation=without_ML throughput_gbps=8.1082 latency_ms=69.0224
[2026-08-01T08:45:55] SAMPLE t=83s phase=Recovery adaptation=without_ML throughput_gbps=8.0543 latency_ms=64.1586
[2026-08-01T08:45:56] SAMPLE t=84s phase=Recovery adaptation=without_ML throughput_gbps=8.0737 latency_ms=65.7669
[2026-08-01T08:45:57] SAMPLE t=85s phase=Recovery adaptation=without_ML throughput_gbps=7.8899 latency_ms=65.534
[2026-08-01T08:45:58] SAMPLE t=86s phase=Recovery adaptation=without_ML throughput_gbps=7.4162 latency_ms=67.3082
[2026-08-01T08:45:59] SAMPLE t=87s phase=Recovery adaptation=without_ML throughput_gbps=7.9019 latency_ms=68.2372
[2026-08-01T08:46:00] SAMPLE t=88s phase=Recovery adaptation=without_ML throughput_gbps=8.2571 latency_ms=64.8306
[2026-08-01T08:46:01] SAMPLE t=89s phase=Recovery adaptation=without_ML throughput_gbps=7.3437 latency_ms=67.7019
[2026-08-01T08:46:02] SAMPLE t=90s phase=Recovery adaptation=without_ML throughput_gbps=8.0528 latency_ms=66.5823
[2026-08-01T08:46:03] SAMPLE t=91s phase=Recovery adaptation=without_ML throughput_gbps=7.6161 latency_ms=65.7822
[2026-08-01T08:46:04] SAMPLE t=92s phase=Recovery adaptation=without_ML throughput_gbps=7.8565 latency_ms=67.6691
[2026-08-01T08:46:05] SAMPLE t=93s phase=Recovery adaptation=without_ML throughput_gbps=8.0576 latency_ms=66.1196
[2026-08-01T08:46:06] SAMPLE t=94s phase=Recovery adaptation=without_ML throughput_gbps=7.7407 latency_ms=66.0768
[2026-08-01T08:46:07] SAMPLE t=95s phase=Recovery adaptation=without_ML throughput_gbps=7.596 latency_ms=63.5776
[2026-08-01T08:46:08] SAMPLE t=96s phase=Recovery adaptation=without_ML throughput_gbps=7.9179 latency_ms=65.2328
[2026-08-01T08:46:09] SAMPLE t=97s phase=Recovery adaptation=without_ML throughput_gbps=7.9508 latency_ms=67.4917
[2026-08-01T08:46:10] SAMPLE t=98s phase=Recovery adaptation=without_ML throughput_gbps=8.1911 latency_ms=67.8646
[2026-08-01T08:46:11] SAMPLE t=99s phase=Recovery adaptation=without_ML throughput_gbps=7.7358 latency_ms=65.4774
[2026-08-01T08:44:32] TRACE_END run_id=6 status=OK
