[2026-08-13T01:36:30] TRACE_START run_id=87
[2026-08-13T01:36:30] SAMPLE t=0s phase=Stable adaptation=with_ML throughput_gbps=8.0279 latency_ms=67.3732
[2026-08-13T01:36:31] SAMPLE t=1s phase=Stable adaptation=with_ML throughput_gbps=7.9398 latency_ms=68.1324
[2026-08-13T01:36:32] SAMPLE t=2s phase=Stable adaptation=with_ML throughput_gbps=7.9483 latency_ms=67.9543
[2026-08-13T01:36:33] SAMPLE t=3s phase=Stable adaptation=with_ML throughput_gbps=7.9928 latency_ms=67.709
[2026-08-13T01:36:34] SAMPLE t=4s phase=Stable adaptation=with_ML throughput_gbps=8.2179 latency_ms=66.6945
[2026-08-13T01:36:35] SAMPLE t=5s phase=Stable adaptation=with_ML throughput_gbps=7.8436 latency_ms=65.578
[2026-08-13T01:36:36] SAMPLE t=6s phase=Stable adaptation=with_ML throughput_gbps=8.323 latency_ms=65.5937
[2026-08-13T01:36:37] SAMPLE t=7s phase=Stable adaptation=with_ML throughput_gbps=8.2591 latency_ms=65.2078
[2026-08-13T01:36:38] SAMPLE t=8s phase=Stable adaptation=with_ML throughput_gbps=7.8913 latency_ms=66.3494
[2026-08-13T01:36:39] SAMPLE t=9s phase=Stable adaptation=with_ML throughput_gbps=8.0253 latency_ms=66.8129
[2026-08-13T01:36:40] SAMPLE t=10s phase=Stable adaptation=with_ML throughput_gbps=8.5566 latency_ms=67.5225
[2026-08-13T01:36:41] SAMPLE t=11s phase=Stable adaptation=with_ML throughput_gbps=7.947 latency_ms=66.4503
[2026-08-13T01:36:42] SAMPLE t=12s phase=Stable adaptation=with_ML throughput_gbps=8.0922 latency_ms=65.6577
[2026-08-13T01:36:43] SAMPLE t=13s phase=Stable adaptation=with_ML throughput_gbps=8.3719 latency_ms=64.5091
[2026-08-13T01:36:44] SAMPLE t=14s phase=Stable adaptation=with_ML throughput_gbps=8.0794 latency_ms=67.0343
[2026-08-13T01:36:45] SAMPLE t=15s phase=Stable adaptation=with_ML throughput_gbps=8.4136 latency_ms=67.3216
[2026-08-13T01:36:46] SAMPLE t=16s phase=Stable adaptation=with_ML throughput_gbps=8.4302 latency_ms=67.9312
[2026-08-13T01:36:47] SAMPLE t=17s phase=Stable adaptation=with_ML throughput_gbps=8.2495 latency_ms=66.3217
[2026-08-13T01:36:48] SAMPLE t=18s phase=Stable adaptation=with_ML throughput_gbps=7.8156 latency_ms=68.8536
[2026-08-13T01:36:49] SAMPLE t=19s phase=Stable adaptation=with_ML throughput_gbps=8.1402 latency_ms=68.6712
[2026-08-13T01:36:50] SAMPLE t=20s phase=Congestion adaptation=with_ML throughput_gbps=8.178 latency_ms=67.2153
[2026-08-13T01:36:51] SAMPLE t=21s phase=Congestion adaptation=with_ML throughput_gbps=8.1984 latency_ms=64.479
[2026-08-13T01:36:52] SAMPLE t=22s phase=Congestion adaptation=with_ML throughput_gbps=8.0369 latency_ms=66.868
[2026-08-13T01:36:53] SAMPLE t=23s phase=Congestion adaptation=with_ML throughput_gbps=8.3288 latency_ms=66.1747
[2026-08-13T01:36:54] SAMPLE t=24s phase=Congestion adaptation=with_ML throughput_gbps=7.9853 latency_ms=69.3342
[2026-08-13T01:36:55] SAMPLE t=25s phase=Congestion adaptation=with_ML throughput_gbps=8.1055 latency_ms=66.9033
[2026-08-13T01:36:56] SAMPLE t=26s phase=Congestion adaptation=with_ML throughput_gbps=8.1766 latency_ms=66.3309
[2026-08-13T01:36:57] SAMPLE t=27s phase=Congestion adaptation=with_ML throughput_gbps=8.1873 latency_ms=67.4351
[2026-08-13T01:36:58] SAMPLE t=28s phase=Congestion adaptation=with_ML throughput_gbps=8.1708 latency_ms=67.1252
[2026-08-13T01:36:59] SAMPLE t=29s phase=Congestion adaptation=with_ML throughput_gbps=8.6034 latency_ms=65.6672
[2026-08-13T01:37:00] SAMPLE t=30s phase=Congestion adaptation=with_ML throughput_gbps=7.6994 latency_ms=66.9246
[2026-08-13T01:37:01] SAMPLE t=31s phase=Congestion adaptation=with_ML throughput_gbps=8.2927 latency_ms=68.1734
[2026-08-13T01:37:02] SAMPLE t=32s phase=Congestion adaptation=with_ML throughput_gbps=7.7753 latency_ms=64.7098
[2026-08-13T01:37:03] SAMPLE t=33s phase=Congestion adaptation=with_ML throughput_gbps=8.2244 latency_ms=66.859
[2026-08-13T01:37:04] SAMPLE t=34s phase=Congestion adaptation=with_ML throughput_gbps=8.2102 latency_ms=67.8822
[2026-08-13T01:37:05] SAMPLE t=35s phase=Congestion adaptation=with_ML throughput_gbps=8.1389 latency_ms=67.0023
[2026-08-13T01:37:06] SAMPLE t=36s phase=Congestion adaptation=with_ML throughput_gbps=8.0404 latency_ms=68.1861
[2026-08-13T01:37:07] SAMPLE t=37s phase=Congestion adaptation=with_ML throughput_gbps=7.9814 latency_ms=66.1362
[2026-08-13T01:37:08] SAMPLE t=38s phase=Congestion adaptation=with_ML throughput_gbps=8.0988 latency_ms=66.9128
[2026-08-13T01:37:09] SAMPLE t=39s phase=Congestion adaptation=with_ML throughput_gbps=8.0585 latency_ms=66.4033
[2026-08-13T01:37:10] SAMPLE t=40s phase=Path_change adaptation=with_ML throughput_gbps=7.8304 latency_ms=66.021
[2026-08-13T01:37:11] SAMPLE t=41s phase=Path_change adaptation=with_ML throughput_gbps=7.9138 latency_ms=68.1374
[2026-08-13T01:37:12] SAMPLE t=42s phase=Path_change adaptation=with_ML throughput_gbps=8.1248 latency_ms=68.2421
[2026-08-13T01:37:13] SAMPLE t=43s phase=Path_change adaptation=with_ML throughput_gbps=7.3287 latency_ms=66.0956
[2026-08-13T01:37:14] SAMPLE t=44s phase=Path_change adaptation=with_ML throughput_gbps=7.3026 latency_ms=67.1526
[2026-08-13T01:37:15] SAMPLE t=45s phase=Path_change adaptation=with_ML throughput_gbps=7.5927 latency_ms=66.3564
[2026-08-13T01:37:16] SAMPLE t=46s phase=Path_change adaptation=with_ML throughput_gbps=7.8281 latency_ms=69.317
[2026-08-13T01:37:17] SAMPLE t=47s phase=Path_change adaptation=with_ML throughput_gbps=7.331 latency_ms=67.8619
[2026-08-13T01:37:18] SAMPLE t=48s phase=Path_change adaptation=with_ML throughput_gbps=7.0909 latency_ms=68.2773
[2026-08-13T01:37:19] SAMPLE t=49s phase=Path_change adaptation=with_ML throughput_gbps=7.1248 latency_ms=67.8157
[2026-08-13T01:37:20] SAMPLE t=50s phase=Path_change adaptation=with_ML throughput_gbps=7.2528 latency_ms=68.0716
[2026-08-13T01:37:21] SAMPLE t=51s phase=Path_change adaptation=with_ML throughput_gbps=7.3542 latency_ms=68.298
[2026-08-13T01:37:22] SAMPLE t=52s phase=Path_change adaptation=with_ML throughput_gbps=7.2947 latency_ms=66.93
[2026-08-13T01:37:23] SAMPLE t=53s phase=Path_change adaptation=with_ML throughput_gbps=7.3311 latency_ms=69.6448
[2026-08-13T01:37:24] SAMPLE t=54s phase=Path_change adaptation=with_ML throughput_gbps=7.2632 latency_ms=69.1878
[2026-08-13T01:37:25] SAMPLE t=55s phase=Path_change adaptation=with_ML throughput_gbps=7.3018 latency_ms=65.7347
[2026-08-13T01:37:26] SAMPLE t=56s phase=Path_change adaptation=with_ML throughput_gbps=7.7638 latency_ms=67.5973
[2026-08-13T01:37:27] SAMPLE t=57s phase=Path_change adaptation=with_ML throughput_gbps=7.7673 latency_ms=67.256
[2026-08-13T01:37:28] SAMPLE t=58s phase=Path_change adaptation=with_ML throughput_gbps=7.7703 latency_ms=65.3602
[2026-08-13T01:37:29] SAMPLE t=59s phase=Path_change adaptation=with_ML throughput_gbps=8.333 latency_ms=67.2498
[2026-08-13T01:37:30] SAMPLE t=60s phase=Loss_spike adaptation=with_ML throughput_gbps=6.6575 latency_ms=68.8195
[2026-08-13T01:37:31] SAMPLE t=61s phase=Loss_spike adaptation=with_ML throughput_gbps=8.1175 latency_ms=71.1318
[2026-08-13T01:37:32] SAMPLE t=62s phase=Loss_spike adaptation=with_ML throughput_gbps=7.9976 latency_ms=66.5686
[2026-08-13T01:37:33] SAMPLE t=63s phase=Loss_spike adaptation=with_ML throughput_gbps=6.4449 latency_ms=68.2065
[2026-08-13T01:37:34] SAMPLE t=64s phase=Loss_spike adaptation=with_ML throughput_gbps=6.2625 latency_ms=72.567
[2026-08-13T01:37:35] SAMPLE t=65s phase=Loss_spike adaptation=with_ML throughput_gbps=7.3038 latency_ms=67.7319
[2026-08-13T01:37:36] SAMPLE t=66s phase=Loss_spike adaptation=with_ML throughput_gbps=8.3589 latency_ms=72.7183
[2026-08-13T01:37:37] SAMPLE t=67s phase=Loss_spike adaptation=with_ML throughput_gbps=7.9171 latency_ms=70.9651
[2026-08-13T01:37:38] SAMPLE t=68s phase=Loss_spike adaptation=with_ML throughput_gbps=6.9088 latency_ms=70.3281
[2026-08-13T01:37:39] SAMPLE t=69s phase=Loss_spike adaptation=with_ML throughput_gbps=6.1681 latency_ms=72.9184
[2026-08-13T01:37:40] SAMPLE t=70s phase=Loss_spike adaptation=with_ML throughput_gbps=7.1757 latency_ms=67.8724
[2026-08-13T01:37:41] SAMPLE t=71s phase=Loss_spike adaptation=with_ML throughput_gbps=8.5837 latency_ms=69.7748
[2026-08-13T01:37:42] SAMPLE t=72s phase=Loss_spike adaptation=with_ML throughput_gbps=8.0257 latency_ms=70.9489
[2026-08-13T01:37:43] SAMPLE t=73s phase=Loss_spike adaptation=with_ML throughput_gbps=6.6638 latency_ms=70.5937
[2026-08-13T01:37:44] SAMPLE t=74s phase=Loss_spike adaptation=with_ML throughput_gbps=6.3385 latency_ms=70.532
[2026-08-13T01:37:45] SAMPLE t=75s phase=Loss_spike adaptation=with_ML throughput_gbps=7.374 latency_ms=68.8934
[2026-08-13T01:37:46] SAMPLE t=76s phase=Loss_spike adaptation=with_ML throughput_gbps=8.5089 latency_ms=70.1767
[2026-08-13T01:37:47] SAMPLE t=77s phase=Loss_spike adaptation=with_ML throughput_gbps=7.4731 latency_ms=70.1118
[2026-08-13T01:37:48] SAMPLE t=78s phase=Loss_spike adaptation=with_ML throughput_gbps=6.7778 latency_ms=69.1087
[2026-08-13T01:37:49] SAMPLE t=79s phase=Loss_spike adaptation=with_ML throughput_gbps=6.1895 latency_ms=69.1723
[2026-08-13T01:37:50] SAMPLE t=80s phase=Recovery adaptation=with_ML throughput_gbps=8.3231 latency_ms=66.5874
[2026-08-13T01:37:51] SAMPLE t=81s phase=Recovery adaptation=with_ML throughput_gbps=8.2378 latency_ms=65.9009
[2026-08-13T01:37:52] SAMPLE t=82s phase=Recovery adaptation=with_ML throughput_gbps=8.2359 latency_ms=66.3637
[2026-08-13T01:37:53] SAMPLE t=83s phase=Recovery adaptation=with_ML throughput_gbps=7.9445 latency_ms=65.3827
[2026-08-13T01:37:54] SAMPLE t=84s phase=Recovery adaptation=with_ML throughput_gbps=8.1878 latency_ms=63.5208
[2026-08-13T01:37:55] SAMPLE t=85s phase=Recovery adaptation=with_ML throughput_gbps=7.9339 latency_ms=67.4154
[2026-08-13T01:37:56] SAMPLE t=86s phase=Recovery adaptation=with_ML throughput_gbps=8.3043 latency_ms=64.6962
[2026-08-13T01:37:57] SAMPLE t=87s phase=Recovery adaptation=with_ML throughput_gbps=8.1412 latency_ms=66.9143
[2026-08-13T01:37:58] SAMPLE t=88s phase=Recovery adaptation=with_ML throughput_gbps=7.958 latency_ms=67.2252
[2026-08-13T01:37:59] SAMPLE t=89s phase=Recovery adaptation=with_ML throughput_gbps=8.6342 latency_ms=67.1424
[2026-08-13T01:38:00] SAMPLE t=90s phase=Recovery adaptation=with_ML throughput_gbps=8.0475 latency_ms=65.4099
[2026-08-13T01:38:01] SAMPLE t=91s phase=Recovery adaptation=with_ML throughput_gbps=8.2014 latency_ms=65.3361
[2026-08-13T01:38:02] SAMPLE t=92s phase=Recovery adaptation=with_ML throughput_gbps=8.4327 latency_ms=65.8005
[2026-08-13T01:38:03] SAMPLE t=93s phase=Recovery adaptation=with_ML throughput_gbps=8.1911 latency_ms=68.0582
[2026-08-13T01:38:04] SAMPLE t=94s phase=Recovery adaptation=with_ML throughput_gbps=8.0891 latency_ms=65.6408
[2026-08-13T01:38:05] SAMPLE t=95s phase=Recovery adaptation=with_ML throughput_gbps=8.2876 latency_ms=66.6101
[2026-08-13T01:38:06] SAMPLE t=96s phase=Recovery adaptation=with_ML throughput_gbps=8.2034 latency_ms=65.7615
[2026-08-13T01:38:07] SAMPLE t=97s phase=Recovery adaptation=with_ML throughput_gbps=8.5845 latency_ms=64.5986
[2026-08-13T01:38:08] SAMPLE t=98s phase=Recovery adaptation=with_ML throughput_gbps=8.8065 latency_ms=66.609
[2026-08-13T01:38:09] SAMPLE t=99s phase=Recovery adaptation=with_ML throughput_gbps=8.586 latency_ms=66.9441
[2026-08-13T01:36:30] SAMPLE t=0s phase=Stable adaptation=without_ML throughput_gbps=8.2672 latency_ms=65.172
[2026-08-13T01:36:31] SAMPLE t=1s phase=Stable adaptation=without_ML throughput_gbps=7.7099 latency_ms=65.0592
[2026-08-13T01:36:32] SAMPLE t=2s phase=Stable adaptation=without_ML throughput_gbps=7.7699 latency_ms=65.1572
[2026-08-13T01:36:33] SAMPLE t=3s phase=Stable adaptation=without_ML throughput_gbps=8.1094 latency_ms=65.1905
[2026-08-13T01:36:34] SAMPLE t=4s phase=Stable adaptation=without_ML throughput_gbps=8.3983 latency_ms=66.0403
[2026-08-13T01:36:35] SAMPLE t=5s phase=Stable adaptation=without_ML throughput_gbps=7.5643 latency_ms=66.4075
[2026-08-13T01:36:36] SAMPLE t=6s phase=Stable adaptation=without_ML throughput_gbps=8.0259 latency_ms=64.2405
[2026-08-13T01:36:37] SAMPLE t=7s phase=Stable adaptation=without_ML throughput_gbps=8.0389 latency_ms=64.0055
[2026-08-13T01:36:38] SAMPLE t=8s phase=Stable adaptation=without_ML throughput_gbps=8.2855 latency_ms=67.0751
[2026-08-13T01:36:39] SAMPLE t=9s phase=Stable adaptation=without_ML throughput_gbps=8.3105 latency_ms=64.614
[2026-08-13T01:36:40] SAMPLE t=10s phase=Stable adaptation=without_ML throughput_gbps=8.2156 latency_ms=63.3001
[2026-08-13T01:36:41] SAMPLE t=11s phase=Stable adaptation=without_ML throughput_gbps=7.9416 latency_ms=65.9255
[2026-08-13T01:36:42] SAMPLE t=12s phase=Stable adaptation=without_ML throughput_gbps=8.1016 latency_ms=64.3765
[2026-08-13T01:36:43] SAMPLE t=13s phase=Stable adaptation=without_ML throughput_gbps=7.9053 latency_ms=68.4685
[2026-08-13T01:36:44] SAMPLE t=14s phase=Stable adaptation=without_ML throughput_gbps=7.9882 latency_ms=66.0908
[2026-08-13T01:36:45] SAMPLE t=15s phase=Stable adaptation=without_ML throughput_gbps=8.0244 latency_ms=66.7544
[2026-08-13T01:36:46] SAMPLE t=16s phase=Stable adaptation=without_ML throughput_gbps=7.9675 latency_ms=66.3864
[2026-08-13T01:36:47] SAMPLE t=17s phase=Stable adaptation=without_ML throughput_gbps=7.7231 latency_ms=65.3017
[2026-08-13T01:36:48] SAMPLE t=18s phase=Stable adaptation=without_ML throughput_gbps=8.026 latency_ms=66.7019
[2026-08-13T01:36:49] SAMPLE t=19s phase=Stable adaptation=without_ML throughput_gbps=8.3405 latency_ms=65.5454
[2026-08-13T01:36:50] SAMPLE t=20s phase=Congestion adaptation=without_ML throughput_gbps=7.9082 latency_ms=66.1358
[2026-08-13T01:36:51] SAMPLE t=21s phase=Congestion adaptation=without_ML throughput_gbps=7.8027 latency_ms=68.4734
[2026-08-13T01:36:52] SAMPLE t=22s phase=Congestion adaptation=without_ML throughput_gbps=8.3653 latency_ms=64.669
[2026-08-13T01:36:53] SAMPLE t=23s phase=Congestion adaptation=without_ML throughput_gbps=7.9149 latency_ms=66.8279
[2026-08-13T01:36:54] SAMPLE t=24s phase=Congestion adaptation=without_ML throughput_gbps=8.057 latency_ms=65.5738
[2026-08-13T01:36:55] SAMPLE t=25s phase=Congestion adaptation=without_ML throughput_gbps=8.2261 latency_ms=65.8513
[2026-08-13T01:36:56] SAMPLE t=26s phase=Congestion adaptation=without_ML throughput_gbps=8.2032 latency_ms=67.1372
[2026-08-13T01:36:57] SAMPLE t=27s phase=Congestion adaptation=without_ML throughput_gbps=7.968 latency_ms=67.5622
[2026-08-13T01:36:58] SAMPLE t=28s phase=Congestion adaptation=without_ML throughput_gbps=7.692 latency_ms=64.8595
[2026-08-13T01:36:59] SAMPLE t=29s phase=Congestion adaptation=without_ML throughput_gbps=7.6584 latency_ms=65.665
[2026-08-13T01:37:00] SAMPLE t=30s phase=Congestion adaptation=without_ML throughput_gbps=8.0665 latency_ms=68.2857
[2026-08-13T01:37:01] SAMPLE t=31s phase=Congestion adaptation=without_ML throughput_gbps=8.0502 latency_ms=67.407
[2026-08-13T01:37:02] SAMPLE t=32s phase=Congestion adaptation=without_ML throughput_gbps=8.2625 latency_ms=66.6453
[2026-08-13T01:37:03] SAMPLE t=33s phase=Congestion adaptation=without_ML throughput_gbps=7.6389 latency_ms=68.2123
[2026-08-13T01:37:04] SAMPLE t=34s phase=Congestion adaptation=without_ML throughput_gbps=7.7361 latency_ms=65.5527
[2026-08-13T01:37:05] SAMPLE t=35s phase=Congestion adaptation=without_ML throughput_gbps=7.6642 latency_ms=66.1608
[2026-08-13T01:37:06] SAMPLE t=36s phase=Congestion adaptation=without_ML throughput_gbps=8.1442 latency_ms=65.6192
[2026-08-13T01:37:07] SAMPLE t=37s phase=Congestion adaptation=without_ML throughput_gbps=7.855 latency_ms=66.3984
[2026-08-13T01:37:08] SAMPLE t=38s phase=Congestion adaptation=without_ML throughput_gbps=8.2118 latency_ms=66.6656
[2026-08-13T01:37:09] SAMPLE t=39s phase=Congestion adaptation=without_ML throughput_gbps=7.8521 latency_ms=66.355
[2026-08-13T01:37:10] SAMPLE t=40s phase=Path_change adaptation=without_ML throughput_gbps=7.8942 latency_ms=65.2597
[2026-08-13T01:37:11] SAMPLE t=41s phase=Path_change adaptation=without_ML throughput_gbps=7.8919 latency_ms=66.6959
[2026-08-13T01:37:12] SAMPLE t=42s phase=Path_change adaptation=without_ML throughput_gbps=7.8523 latency_ms=69.4715
[2026-08-13T01:37:13] SAMPLE t=43s phase=Path_change adaptation=without_ML throughput_gbps=6.8785 latency_ms=67.9762
[2026-08-13T01:37:14] SAMPLE t=44s phase=Path_change adaptation=without_ML throughput_gbps=6.5634 latency_ms=67.8563
[2026-08-13T01:37:15] SAMPLE t=45s phase=Path_change adaptation=without_ML throughput_gbps=5.8945 latency_ms=69.7294
[2026-08-13T01:37:16] SAMPLE t=46s phase=Path_change adaptation=without_ML throughput_gbps=6.0367 latency_ms=71.406
[2026-08-13T01:37:17] SAMPLE t=47s phase=Path_change adaptation=without_ML throughput_gbps=6.2056 latency_ms=71.604
[2026-08-13T01:37:18] SAMPLE t=48s phase=Path_change adaptation=without_ML throughput_gbps=5.5071 latency_ms=74.8837
[2026-08-13T01:37:19] SAMPLE t=49s phase=Path_change adaptation=without_ML throughput_gbps=5.4042 latency_ms=76.131
[2026-08-13T01:37:20] SAMPLE t=50s phase=Path_change adaptation=without_ML throughput_gbps=5.6652 latency_ms=73.3319
[2026-08-13T01:37:21] SAMPLE t=51s phase=Path_change adaptation=without_ML throughput_gbps=6.2224 latency_ms=70.5266
[2026-08-13T01:37:22] SAMPLE t=52s phase=Path_change adaptation=without_ML throughput_gbps=5.8749 latency_ms=74.6119
[2026-08-13T01:37:23] SAMPLE t=53s phase=Path_change adaptation=without_ML throughput_gbps=5.7357 latency_ms=70.8019
[2026-08-13T01:37:24] SAMPLE t=54s phase=Path_change adaptation=without_ML throughput_gbps=6.1568 latency_ms=70.976
[2026-08-13T01:37:25] SAMPLE t=55s phase=Path_change adaptation=without_ML throughput_gbps=6.4522 latency_ms=70.742
[2026-08-13T01:37:26] SAMPLE t=56s phase=Path_change adaptation=without_ML throughput_gbps=6.7308 latency_ms=68.6072
[2026-08-13T01:37:27] SAMPLE t=57s phase=Path_change adaptation=without_ML throughput_gbps=7.2069 latency_ms=69.175
[2026-08-13T01:37:28] SAMPLE t=58s phase=Path_change adaptation=without_ML throughput_gbps=7.0555 latency_ms=70.0776
[2026-08-13T01:37:29] SAMPLE t=59s phase=Path_change adaptation=without_ML throughput_gbps=7.6688 latency_ms=66.0491
[2026-08-13T01:37:30] SAMPLE t=60s phase=Loss_spike adaptation=without_ML throughput_gbps=6.3056 latency_ms=68.582
[2026-08-13T01:37:31] SAMPLE t=61s phase=Loss_spike adaptation=without_ML throughput_gbps=8.0529 latency_ms=80.2675
[2026-08-13T01:37:32] SAMPLE t=62s phase=Loss_spike adaptation=without_ML throughput_gbps=7.3133 latency_ms=76.126
[2026-08-13T01:37:33] SAMPLE t=63s phase=Loss_spike adaptation=without_ML throughput_gbps=4.6184 latency_ms=73.1423
[2026-08-13T01:37:34] SAMPLE t=64s phase=Loss_spike adaptation=without_ML throughput_gbps=3.9448 latency_ms=82.3166
[2026-08-13T01:37:35] SAMPLE t=65s phase=Loss_spike adaptation=without_ML throughput_gbps=6.2449 latency_ms=71.3428
[2026-08-13T01:37:36] SAMPLE t=66s phase=Loss_spike adaptation=without_ML throughput_gbps=8.4247 latency_ms=78.4678
[2026-08-13T01:37:37] SAMPLE t=67s phase=Loss_spike adaptation=without_ML throughput_gbps=7.8429 latency_ms=75.1858
[2026-08-13T01:37:38] SAMPLE t=68s phase=Loss_spike adaptation=without_ML throughput_gbps=5.0981 latency_ms=74.6943
[2026-08-13T01:37:39] SAMPLE t=69s phase=Loss_spike adaptation=without_ML throughput_gbps=3.8724 latency_ms=78.831
[2026-08-13T01:37:40] SAMPLE t=70s phase=Loss_spike adaptation=without_ML throughput_gbps=6.4111 latency_ms=69.8105
[2026-08-13T01:37:41] SAMPLE t=71s phase=Loss_spike adaptation=without_ML throughput_gbps=8.7129 latency_ms=78.3973
[2026-08-13T01:37:42] SAMPLE t=72s phase=Loss_spike adaptation=without_ML throughput_gbps=6.9622 latency_ms=79.587
[2026-08-13T01:37:43] SAMPLE t=73s phase=Loss_spike adaptation=without_ML throughput_gbps=5.0913 latency_ms=76.7826
[2026-08-13T01:37:44] SAMPLE t=74s phase=Loss_spike adaptation=without_ML throughput_gbps=4.0037 latency_ms=79.7784
[2026-08-13T01:37:45] SAMPLE t=75s phase=Loss_spike adaptation=without_ML throughput_gbps=6.2725 latency_ms=69.4357
[2026-08-13T01:37:46] SAMPLE t=76s phase=Loss_spike adaptation=without_ML throughput_gbps=8.6458 latency_ms=78.4191
[2026-08-13T01:37:47] SAMPLE t=77s phase=Loss_spike adaptation=without_ML throughput_gbps=7.5755 latency_ms=75.7767
[2026-08-13T01:37:48] SAMPLE t=78s phase=Loss_spike adaptation=without_ML throughput_gbps=4.7075 latency_ms=76.0646
[2026-08-13T01:37:49] SAMPLE t=79s phase=Loss_spike adaptation=without_ML throughput_gbps=4.1104 latency_ms=81.6853
[2026-08-13T01:37:50] SAMPLE t=80s phase=Recovery adaptation=without_ML throughput_gbps=7.8963 latency_ms=65.0972
[2026-08-13T01:37:51] SAMPLE t=81s phase=Recovery adaptation=without_ML throughput_gbps=8.195 latency_ms=64.1026
[2026-08-13T01:37:52] SAMPLE t=82s phase=Recovery adaptation=without_ML throughput_gbps=7.763 latency_ms=66.625
[2026-08-13T01:37:53] SAMPLE t=83s phase=Recovery adaptation=without_ML throughput_gbps=8.4918 latency_ms=67.1614
[2026-08-13T01:37:54] SAMPLE t=84s phase=Recovery adaptation=without_ML throughput_gbps=8.0774 latency_ms=62.5789
[2026-08-13T01:37:55] SAMPLE t=85s phase=Recovery adaptation=without_ML throughput_gbps=7.9763 latency_ms=66.8838
[2026-08-13T01:37:56] SAMPLE t=86s phase=Recovery adaptation=without_ML throughput_gbps=8.4743 latency_ms=66.6427
[2026-08-13T01:37:57] SAMPLE t=87s phase=Recovery adaptation=without_ML throughput_gbps=7.8787 latency_ms=64.8051
[2026-08-13T01:37:58] SAMPLE t=88s phase=Recovery adaptation=without_ML throughput_gbps=7.8553 latency_ms=66.0349
[2026-08-13T01:37:59] SAMPLE t=89s phase=Recovery adaptation=without_ML throughput_gbps=7.5964 latency_ms=65.5705
[2026-08-13T01:38:00] SAMPLE t=90s phase=Recovery adaptation=without_ML throughput_gbps=7.982 latency_ms=65.7372
[2026-08-13T01:38:01] SAMPLE t=91s phase=Recovery adaptation=without_ML throughput_gbps=7.8587 latency_ms=65.6944
[2026-08-13T01:38:02] SAMPLE t=92s phase=Recovery adaptation=without_ML throughput_gbps=7.8446 latency_ms=64.5299
[2026-08-13T01:38:03] SAMPLE t=93s phase=Recovery adaptation=without_ML throughput_gbps=8.3441 latency_ms=64.4855
[2026-08-13T01:38:04] SAMPLE t=94s phase=Recovery adaptation=without_ML throughput_gbps=8.0376 latency_ms=65.4909
[2026-08-13T01:38:05] SAMPLE t=95s phase=Recovery adaptation=without_ML throughput_gbps=7.6443 latency_ms=66.2181
[2026-08-13T01:38:06] SAMPLE t=96s phase=Recovery adaptation=without_ML throughput_gbps=7.8036 latency_ms=69.266
[2026-08-13T01:38:07] SAMPLE t=97s phase=Recovery adaptation=without_ML throughput_gbps=8.212 latency_ms=68.756
[2026-08-13T01:38:08] SAMPLE t=98s phase=Recovery adaptation=without_ML throughput_gbps=7.5911 latency_ms=66.8062
[2026-08-13T01:38:09] SAMPLE t=99s phase=Recovery adaptation=without_ML throughput_gbps=7.8973 latency_ms=67.0947
[2026-08-13T01:36:30] TRACE_END run_id=87 status=OK
[2026-08-13T16:33:22] TRACE_START run_id=88
[2026-08-13T16:33:22] SAMPLE t=0s phase=Stable adaptation=with_ML throughput_gbps=8.2559 latency_ms=65.1893
[2026-08-13T16:33:23] SAMPLE t=1s phase=Stable adaptation=with_ML throughput_gbps=8.4077 latency_ms=66.7514
[2026-08-13T16:33:24] SAMPLE t=2s phase=Stable adaptation=with_ML throughput_gbps=8.1997 latency_ms=66.3324
[2026-08-13T16:33:25] SAMPLE t=3s phase=Stable adaptation=with_ML throughput_gbps=8.239 latency_ms=65.8603
[2026-08-13T16:33:26] SAMPLE t=4s phase=Stable adaptation=with_ML throughput_gbps=8.1349 latency_ms=65.2955
[2026-08-13T16:33:27] SAMPLE t=5s phase=Stable adaptation=with_ML throughput_gbps=7.868 latency_ms=65.6945
[2026-08-13T16:33:28] SAMPLE t=6s phase=Stable adaptation=with_ML throughput_gbps=7.7997 latency_ms=64.084
[2026-08-13T16:33:29] SAMPLE t=7s phase=Stable adaptation=with_ML throughput_gbps=7.745 latency_ms=68.6481
[2026-08-13T16:33:30] SAMPLE t=8s phase=Stable adaptation=with_ML throughput_gbps=7.9255 latency_ms=67.2532
[2026-08-13T16:33:31] SAMPLE t=9s phase=Stable adaptation=with_ML throughput_gbps=7.7342 latency_ms=64.8999
[2026-08-13T16:33:32] SAMPLE t=10s phase=Stable adaptation=with_ML throughput_gbps=8.2946 latency_ms=66.6003
[2026-08-13T16:33:33] SAMPLE t=11s phase=Stable adaptation=with_ML throughput_gbps=7.7862 latency_ms=67.3084
[2026-08-13T16:33:34] SAMPLE t=12s phase=Stable adaptation=with_ML throughput_gbps=7.9469 latency_ms=64.9739
[2026-08-13T16:33:35] SAMPLE t=13s phase=Stable adaptation=with_ML throughput_gbps=8.0325 latency_ms=66.026
[2026-08-13T16:33:36] SAMPLE t=14s phase=Stable adaptation=with_ML throughput_gbps=8.2861 latency_ms=65.9946
[2026-08-13T16:33:37] SAMPLE t=15s phase=Stable adaptation=with_ML throughput_gbps=7.8927 latency_ms=66.0678
[2026-08-13T16:33:38] SAMPLE t=16s phase=Stable adaptation=with_ML throughput_gbps=8.036 latency_ms=67.3767
[2026-08-13T16:33:39] SAMPLE t=17s phase=Stable adaptation=with_ML throughput_gbps=8.3323 latency_ms=65.7962
[2026-08-13T16:33:40] SAMPLE t=18s phase=Stable adaptation=with_ML throughput_gbps=8.1882 latency_ms=65.9099
[2026-08-13T16:33:41] SAMPLE t=19s phase=Stable adaptation=with_ML throughput_gbps=7.9439 latency_ms=66.6952
[2026-08-13T16:33:42] SAMPLE t=20s phase=Congestion adaptation=with_ML throughput_gbps=8.1133 latency_ms=64.9584
[2026-08-13T16:33:43] SAMPLE t=21s phase=Congestion adaptation=with_ML throughput_gbps=8.4387 latency_ms=67.1321
[2026-08-13T16:33:44] SAMPLE t=22s phase=Congestion adaptation=with_ML throughput_gbps=8.1937 latency_ms=66.2401
[2026-08-13T16:33:45] SAMPLE t=23s phase=Congestion adaptation=with_ML throughput_gbps=8.1358 latency_ms=66.8368
[2026-08-13T16:33:46] SAMPLE t=24s phase=Congestion adaptation=with_ML throughput_gbps=8.2335 latency_ms=67.6587
[2026-08-13T16:33:47] SAMPLE t=25s phase=Congestion adaptation=with_ML throughput_gbps=8.2437 latency_ms=67.6322
[2026-08-13T16:33:48] SAMPLE t=26s phase=Congestion adaptation=with_ML throughput_gbps=7.6718 latency_ms=66.1396
[2026-08-13T16:33:49] SAMPLE t=27s phase=Congestion adaptation=with_ML throughput_gbps=7.9993 latency_ms=65.7879
[2026-08-13T16:33:50] SAMPLE t=28s phase=Congestion adaptation=with_ML throughput_gbps=8.234 latency_ms=64.7089
[2026-08-13T16:33:51] SAMPLE t=29s phase=Congestion adaptation=with_ML throughput_gbps=8.2678 latency_ms=64.8665
[2026-08-13T16:33:52] SAMPLE t=30s phase=Congestion adaptation=with_ML throughput_gbps=7.8956 latency_ms=66.7604
[2026-08-13T16:33:53] SAMPLE t=31s phase=Congestion adaptation=with_ML throughput_gbps=8.2085 latency_ms=65.0244
[2026-08-13T16:33:54] SAMPLE t=32s phase=Congestion adaptation=with_ML throughput_gbps=8.0831 latency_ms=67.6325
[2026-08-13T16:33:55] SAMPLE t=33s phase=Congestion adaptation=with_ML throughput_gbps=8.258 latency_ms=66.8482
[2026-08-13T16:33:56] SAMPLE t=34s phase=Congestion adaptation=with_ML throughput_gbps=8.0485 latency_ms=67.2409
[2026-08-13T16:33:57] SAMPLE t=35s phase=Congestion adaptation=with_ML throughput_gbps=7.9916 latency_ms=68.6402
[2026-08-13T16:33:58] SAMPLE t=36s phase=Congestion adaptation=with_ML throughput_gbps=8.4903 latency_ms=66.4985
[2026-08-13T16:33:59] SAMPLE t=37s phase=Congestion adaptation=with_ML throughput_gbps=8.2565 latency_ms=65.3845
[2026-08-13T16:34:00] SAMPLE t=38s phase=Congestion adaptation=with_ML throughput_gbps=8.2949 latency_ms=65.3709
[2026-08-13T16:34:01] SAMPLE t=39s phase=Congestion adaptation=with_ML throughput_gbps=8.132 latency_ms=65.3234
[2026-08-13T16:34:02] SAMPLE t=40s phase=Path_change adaptation=with_ML throughput_gbps=8.143 latency_ms=66.7954
[2026-08-13T16:34:03] SAMPLE t=41s phase=Path_change adaptation=with_ML throughput_gbps=7.7521 latency_ms=66.2513
[2026-08-13T16:34:04] SAMPLE t=42s phase=Path_change adaptation=with_ML throughput_gbps=7.8333 latency_ms=67.4149
[2026-08-13T16:34:05] SAMPLE t=43s phase=Path_change adaptation=with_ML throughput_gbps=7.5752 latency_ms=67.3096
[2026-08-13T16:34:06] SAMPLE t=44s phase=Path_change adaptation=with_ML throughput_gbps=7.4512 latency_ms=67.737
[2026-08-13T16:34:07] SAMPLE t=45s phase=Path_change adaptation=with_ML throughput_gbps=7.6915 latency_ms=68.4736
[2026-08-13T16:34:08] SAMPLE t=46s phase=Path_change adaptation=with_ML throughput_gbps=7.3614 latency_ms=68.1425
[2026-08-13T16:34:09] SAMPLE t=47s phase=Path_change adaptation=with_ML throughput_gbps=7.5032 latency_ms=70.1813
[2026-08-13T16:34:10] SAMPLE t=48s phase=Path_change adaptation=with_ML throughput_gbps=7.4035 latency_ms=67.1187
[2026-08-13T16:34:11] SAMPLE t=49s phase=Path_change adaptation=with_ML throughput_gbps=6.9035 latency_ms=69.5271
[2026-08-13T16:34:12] SAMPLE t=50s phase=Path_change adaptation=with_ML throughput_gbps=7.2449 latency_ms=69.0766
[2026-08-13T16:34:13] SAMPLE t=51s phase=Path_change adaptation=with_ML throughput_gbps=7.0994 latency_ms=70.7306
[2026-08-13T16:34:14] SAMPLE t=52s phase=Path_change adaptation=with_ML throughput_gbps=7.1276 latency_ms=67.8015
[2026-08-13T16:34:15] SAMPLE t=53s phase=Path_change adaptation=with_ML throughput_gbps=7.2859 latency_ms=67.8522
[2026-08-13T16:34:16] SAMPLE t=54s phase=Path_change adaptation=with_ML throughput_gbps=7.7726 latency_ms=67.8165
[2026-08-13T16:34:17] SAMPLE t=55s phase=Path_change adaptation=with_ML throughput_gbps=7.3826 latency_ms=66.9496
[2026-08-13T16:34:18] SAMPLE t=56s phase=Path_change adaptation=with_ML throughput_gbps=7.2103 latency_ms=66.7636
[2026-08-13T16:34:19] SAMPLE t=57s phase=Path_change adaptation=with_ML throughput_gbps=7.5163 latency_ms=68.7554
[2026-08-13T16:34:20] SAMPLE t=58s phase=Path_change adaptation=with_ML throughput_gbps=7.6416 latency_ms=67.3894
[2026-08-13T16:34:21] SAMPLE t=59s phase=Path_change adaptation=with_ML throughput_gbps=7.8359 latency_ms=67.0998
[2026-08-13T16:34:22] SAMPLE t=60s phase=Loss_spike adaptation=with_ML throughput_gbps=7.446 latency_ms=69.6533
[2026-08-13T16:34:23] SAMPLE t=61s phase=Loss_spike adaptation=with_ML throughput_gbps=8.29 latency_ms=70.9498
[2026-08-13T16:34:24] SAMPLE t=62s phase=Loss_spike adaptation=with_ML throughput_gbps=7.8239 latency_ms=70.9348
[2026-08-13T16:34:25] SAMPLE t=63s phase=Loss_spike adaptation=with_ML throughput_gbps=6.8504 latency_ms=69.6438
[2026-08-13T16:34:26] SAMPLE t=64s phase=Loss_spike adaptation=with_ML throughput_gbps=6.1935 latency_ms=70.1303
[2026-08-13T16:34:27] SAMPLE t=65s phase=Loss_spike adaptation=with_ML throughput_gbps=7.3333 latency_ms=67.9146
[2026-08-13T16:34:28] SAMPLE t=66s phase=Loss_spike adaptation=with_ML throughput_gbps=8.6551 latency_ms=70.7169
[2026-08-13T16:34:29] SAMPLE t=67s phase=Loss_spike adaptation=with_ML throughput_gbps=7.7554 latency_ms=69.7944
[2026-08-13T16:34:30] SAMPLE t=68s phase=Loss_spike adaptation=with_ML throughput_gbps=6.3446 latency_ms=69.0128
[2026-08-13T16:34:31] SAMPLE t=69s phase=Loss_spike adaptation=with_ML throughput_gbps=6.146 latency_ms=72.6923
[2026-08-13T16:34:32] SAMPLE t=70s phase=Loss_spike adaptation=with_ML throughput_gbps=7.4202 latency_ms=68.4412
[2026-08-13T16:34:33] SAMPLE t=71s phase=Loss_spike adaptation=with_ML throughput_gbps=8.1307 latency_ms=70.9915
[2026-08-13T16:34:34] SAMPLE t=72s phase=Loss_spike adaptation=with_ML throughput_gbps=8.2497 latency_ms=69.509
[2026-08-13T16:34:35] SAMPLE t=73s phase=Loss_spike adaptation=with_ML throughput_gbps=6.4251 latency_ms=70.7732
[2026-08-13T16:34:36] SAMPLE t=74s phase=Loss_spike adaptation=with_ML throughput_gbps=6.381 latency_ms=70.9194
[2026-08-13T16:34:37] SAMPLE t=75s phase=Loss_spike adaptation=with_ML throughput_gbps=7.4162 latency_ms=69.5338
[2026-08-13T16:34:38] SAMPLE t=76s phase=Loss_spike adaptation=with_ML throughput_gbps=8.1175 latency_ms=70.4362
[2026-08-13T16:34:39] SAMPLE t=77s phase=Loss_spike adaptation=with_ML throughput_gbps=8.0779 latency_ms=69.4815
[2026-08-13T16:34:40] SAMPLE t=78s phase=Loss_spike adaptation=with_ML throughput_gbps=6.6404 latency_ms=70.9429
[2026-08-13T16:34:41] SAMPLE t=79s phase=Loss_spike adaptation=with_ML throughput_gbps=6.0793 latency_ms=70.8167
[2026-08-13T16:34:42] SAMPLE t=80s phase=Recovery adaptation=with_ML throughput_gbps=7.9512 latency_ms=67.8151
[2026-08-13T16:34:43] SAMPLE t=81s phase=Recovery adaptation=with_ML throughput_gbps=7.726 latency_ms=65.6476
[2026-08-13T16:34:44] SAMPLE t=82s phase=Recovery adaptation=with_ML throughput_gbps=8.4176 latency_ms=65.3725
[2026-08-13T16:34:45] SAMPLE t=83s phase=Recovery adaptation=with_ML throughput_gbps=8.4621 latency_ms=65.8845
[2026-08-13T16:34:46] SAMPLE t=84s phase=Recovery adaptation=with_ML throughput_gbps=7.7262 latency_ms=64.2657
[2026-08-13T16:34:47] SAMPLE t=85s phase=Recovery adaptation=with_ML throughput_gbps=8.0962 latency_ms=63.9191
[2026-08-13T16:34:48] SAMPLE t=86s phase=Recovery adaptation=with_ML throughput_gbps=8.2616 latency_ms=66.9646
[2026-08-13T16:34:49] SAMPLE t=87s phase=Recovery adaptation=with_ML throughput_gbps=8.1706 latency_ms=64.2276
[2026-08-13T16:34:50] SAMPLE t=88s phase=Recovery adaptation=with_ML throughput_gbps=8.2665 latency_ms=64.3321
[2026-08-13T16:34:51] SAMPLE t=89s phase=Recovery adaptation=with_ML throughput_gbps=8.4858 latency_ms=65.9365
[2026-08-13T16:34:52] SAMPLE t=90s phase=Recovery adaptation=with_ML throughput_gbps=8.2405 latency_ms=66.2645
[2026-08-13T16:34:53] SAMPLE t=91s phase=Recovery adaptation=with_ML throughput_gbps=8.3747 latency_ms=65.0287
[2026-08-13T16:34:54] SAMPLE t=92s phase=Recovery adaptation=with_ML throughput_gbps=8.3884 latency_ms=66.7937
[2026-08-13T16:34:55] SAMPLE t=93s phase=Recovery adaptation=with_ML throughput_gbps=8.1501 latency_ms=65.7589
[2026-08-13T16:34:56] SAMPLE t=94s phase=Recovery adaptation=with_ML throughput_gbps=8.6446 latency_ms=66.1688
[2026-08-13T16:34:57] SAMPLE t=95s phase=Recovery adaptation=with_ML throughput_gbps=8.3676 latency_ms=65.4863
[2026-08-13T16:34:58] SAMPLE t=96s phase=Recovery adaptation=with_ML throughput_gbps=8.3778 latency_ms=64.7923
[2026-08-13T16:34:59] SAMPLE t=97s phase=Recovery adaptation=with_ML throughput_gbps=7.9258 latency_ms=65.2565
[2026-08-13T16:35:00] SAMPLE t=98s phase=Recovery adaptation=with_ML throughput_gbps=8.6654 latency_ms=67.2417
[2026-08-13T16:35:01] SAMPLE t=99s phase=Recovery adaptation=with_ML throughput_gbps=8.5998 latency_ms=66.2912
[2026-08-13T16:33:22] SAMPLE t=0s phase=Stable adaptation=without_ML throughput_gbps=7.8027 latency_ms=66.27
[2026-08-13T16:33:23] SAMPLE t=1s phase=Stable adaptation=without_ML throughput_gbps=8.3364 latency_ms=65.0476
[2026-08-13T16:33:24] SAMPLE t=2s phase=Stable adaptation=without_ML throughput_gbps=8.2088 latency_ms=66.1625
[2026-08-13T16:33:25] SAMPLE t=3s phase=Stable adaptation=without_ML throughput_gbps=8.2085 latency_ms=66.2223
[2026-08-13T16:33:26] SAMPLE t=4s phase=Stable adaptation=without_ML throughput_gbps=7.8341 latency_ms=65.6447
[2026-08-13T16:33:27] SAMPLE t=5s phase=Stable adaptation=without_ML throughput_gbps=8.0807 latency_ms=68.095
[2026-08-13T16:33:28] SAMPLE t=6s phase=Stable adaptation=without_ML throughput_gbps=7.9668 latency_ms=67.8093
[2026-08-13T16:33:29] SAMPLE t=7s phase=Stable adaptation=without_ML throughput_gbps=7.9424 latency_ms=65.7301
[2026-08-13T16:33:30] SAMPLE t=8s phase=Stable adaptation=without_ML throughput_gbps=7.7192 latency_ms=63.2708
[2026-08-13T16:33:31] SAMPLE t=9s phase=Stable adaptation=without_ML throughput_gbps=7.9323 latency_ms=67.059
[2026-08-13T16:33:32] SAMPLE t=10s phase=Stable adaptation=without_ML throughput_gbps=8.305 latency_ms=67.5467
[2026-08-13T16:33:33] SAMPLE t=11s phase=Stable adaptation=without_ML throughput_gbps=7.5681 latency_ms=66.5978
[2026-08-13T16:33:34] SAMPLE t=12s phase=Stable adaptation=without_ML throughput_gbps=7.7758 latency_ms=65.393
[2026-08-13T16:33:35] SAMPLE t=13s phase=Stable adaptation=without_ML throughput_gbps=8.0184 latency_ms=65.3747
[2026-08-13T16:33:36] SAMPLE t=14s phase=Stable adaptation=without_ML throughput_gbps=7.526 latency_ms=68.3594
[2026-08-13T16:33:37] SAMPLE t=15s phase=Stable adaptation=without_ML throughput_gbps=8.1313 latency_ms=67.3706
[2026-08-13T16:33:38] SAMPLE t=16s phase=Stable adaptation=without_ML throughput_gbps=8.1205 latency_ms=64.6289
[2026-08-13T16:33:39] SAMPLE t=17s phase=Stable adaptation=without_ML throughput_gbps=8.1146 latency_ms=63.9666
[2026-08-13T16:33:40] SAMPLE t=18s phase=Stable adaptation=without_ML throughput_gbps=8.2401 latency_ms=69.0562
[2026-08-13T16:33:41] SAMPLE t=19s phase=Stable adaptation=without_ML throughput_gbps=8.2153 latency_ms=62.325
[2026-08-13T16:33:42] SAMPLE t=20s phase=Congestion adaptation=without_ML throughput_gbps=8.1202 latency_ms=66.7617
[2026-08-13T16:33:43] SAMPLE t=21s phase=Congestion adaptation=without_ML throughput_gbps=8.1195 latency_ms=66.3204
[2026-08-13T16:33:44] SAMPLE t=22s phase=Congestion adaptation=without_ML throughput_gbps=7.6647 latency_ms=64.5323
[2026-08-13T16:33:45] SAMPLE t=23s phase=Congestion adaptation=without_ML throughput_gbps=7.8989 latency_ms=66.3237
[2026-08-13T16:33:46] SAMPLE t=24s phase=Congestion adaptation=without_ML throughput_gbps=8.0834 latency_ms=64.6995
[2026-08-13T16:33:47] SAMPLE t=25s phase=Congestion adaptation=without_ML throughput_gbps=7.8981 latency_ms=66.1602
[2026-08-13T16:33:48] SAMPLE t=26s phase=Congestion adaptation=without_ML throughput_gbps=7.8507 latency_ms=64.1123
[2026-08-13T16:33:49] SAMPLE t=27s phase=Congestion adaptation=without_ML throughput_gbps=7.7825 latency_ms=64.6395
[2026-08-13T16:33:50] SAMPLE t=28s phase=Congestion adaptation=without_ML throughput_gbps=8.0656 latency_ms=66.4363
[2026-08-13T16:33:51] SAMPLE t=29s phase=Congestion adaptation=without_ML throughput_gbps=8.1926 latency_ms=65.2155
[2026-08-13T16:33:52] SAMPLE t=30s phase=Congestion adaptation=without_ML throughput_gbps=8.1699 latency_ms=67.5358
[2026-08-13T16:33:53] SAMPLE t=31s phase=Congestion adaptation=without_ML throughput_gbps=8.0719 latency_ms=65.9628
[2026-08-13T16:33:54] SAMPLE t=32s phase=Congestion adaptation=without_ML throughput_gbps=7.7222 latency_ms=64.8944
[2026-08-13T16:33:55] SAMPLE t=33s phase=Congestion adaptation=without_ML throughput_gbps=7.7085 latency_ms=64.6722
[2026-08-13T16:33:56] SAMPLE t=34s phase=Congestion adaptation=without_ML throughput_gbps=8.0849 latency_ms=64.0191
[2026-08-13T16:33:57] SAMPLE t=35s phase=Congestion adaptation=without_ML throughput_gbps=7.7756 latency_ms=67.7521
[2026-08-13T16:33:58] SAMPLE t=36s phase=Congestion adaptation=without_ML throughput_gbps=8.2314 latency_ms=65.2087
[2026-08-13T16:33:59] SAMPLE t=37s phase=Congestion adaptation=without_ML throughput_gbps=7.7352 latency_ms=65.1936
[2026-08-13T16:34:00] SAMPLE t=38s phase=Congestion adaptation=without_ML throughput_gbps=8.1889 latency_ms=64.8928
[2026-08-13T16:34:01] SAMPLE t=39s phase=Congestion adaptation=without_ML throughput_gbps=8.2489 latency_ms=68.3782
[2026-08-13T16:34:02] SAMPLE t=40s phase=Path_change adaptation=without_ML throughput_gbps=8.029 latency_ms=64.7781
[2026-08-13T16:34:03] SAMPLE t=41s phase=Path_change adaptation=without_ML throughput_gbps=7.3433 latency_ms=69.2791
[2026-08-13T16:34:04] SAMPLE t=42s phase=Path_change adaptation=without_ML throughput_gbps=7.0913 latency_ms=67.786
[2026-08-13T16:34:05] SAMPLE t=43s phase=Path_change adaptation=without_ML throughput_gbps=7.3031 latency_ms=67.0497
[2026-08-13T16:34:06] SAMPLE t=44s phase=Path_change adaptation=without_ML throughput_gbps=6.8526 latency_ms=69.0036
[2026-08-13T16:34:07] SAMPLE t=45s phase=Path_change adaptation=without_ML throughput_gbps=6.3138 latency_ms=70.2622
[2026-08-13T16:34:08] SAMPLE t=46s phase=Path_change adaptation=without_ML throughput_gbps=6.1559 latency_ms=68.886
[2026-08-13T16:34:09] SAMPLE t=47s phase=Path_change adaptation=without_ML throughput_gbps=6.2045 latency_ms=72.2615
[2026-08-13T16:34:10] SAMPLE t=48s phase=Path_change adaptation=without_ML throughput_gbps=5.8638 latency_ms=73.5189
[2026-08-13T16:34:11] SAMPLE t=49s phase=Path_change adaptation=without_ML throughput_gbps=5.6745 latency_ms=72.3725
[2026-08-13T16:34:12] SAMPLE t=50s phase=Path_change adaptation=without_ML throughput_gbps=5.6048 latency_ms=72.2394
[2026-08-13T16:34:13] SAMPLE t=51s phase=Path_change adaptation=without_ML throughput_gbps=5.8859 latency_ms=72.5704
[2026-08-13T16:34:14] SAMPLE t=52s phase=Path_change adaptation=without_ML throughput_gbps=5.8159 latency_ms=71.124
[2026-08-13T16:34:15] SAMPLE t=53s phase=Path_change adaptation=without_ML throughput_gbps=5.9715 latency_ms=72.38
[2026-08-13T16:34:16] SAMPLE t=54s phase=Path_change adaptation=without_ML throughput_gbps=6.0485 latency_ms=71.8526
[2026-08-13T16:34:17] SAMPLE t=55s phase=Path_change adaptation=without_ML throughput_gbps=6.6325 latency_ms=72.0664
[2026-08-13T16:34:18] SAMPLE t=56s phase=Path_change adaptation=without_ML throughput_gbps=6.8348 latency_ms=67.3691
[2026-08-13T16:34:19] SAMPLE t=57s phase=Path_change adaptation=without_ML throughput_gbps=7.176 latency_ms=69.3637
[2026-08-13T16:34:20] SAMPLE t=58s phase=Path_change adaptation=without_ML throughput_gbps=7.1574 latency_ms=69.9733
[2026-08-13T16:34:21] SAMPLE t=59s phase=Path_change adaptation=without_ML throughput_gbps=7.4623 latency_ms=69.1934
[2026-08-13T16:34:22] SAMPLE t=60s phase=Loss_spike adaptation=without_ML throughput_gbps=6.2937 latency_ms=68.1165
[2026-08-13T16:34:23] SAMPLE t=61s phase=Loss_spike adaptation=without_ML throughput_gbps=8.2917 latency_ms=81.2686
[2026-08-13T16:34:24] SAMPLE t=62s phase=Loss_spike adaptation=without_ML throughput_gbps=7.4764 latency_ms=75.1381
[2026-08-13T16:34:25] SAMPLE t=63s phase=Loss_spike adaptation=without_ML throughput_gbps=4.7335 latency_ms=76.1708
[2026-08-13T16:34:26] SAMPLE t=64s phase=Loss_spike adaptation=without_ML throughput_gbps=3.9003 latency_ms=78.6192
[2026-08-13T16:34:27] SAMPLE t=65s phase=Loss_spike adaptation=without_ML throughput_gbps=6.2575 latency_ms=68.3579
[2026-08-13T16:34:28] SAMPLE t=66s phase=Loss_spike adaptation=without_ML throughput_gbps=8.3646 latency_ms=79.4743
[2026-08-13T16:34:29] SAMPLE t=67s phase=Loss_spike adaptation=without_ML throughput_gbps=7.7096 latency_ms=77.8014
[2026-08-13T16:34:30] SAMPLE t=68s phase=Loss_spike adaptation=without_ML throughput_gbps=5.051 latency_ms=76.3212
[2026-08-13T16:34:31] SAMPLE t=69s phase=Loss_spike adaptation=without_ML throughput_gbps=4.1147 latency_ms=79.6504
[2026-08-13T16:34:32] SAMPLE t=70s phase=Loss_spike adaptation=without_ML throughput_gbps=6.3104 latency_ms=68.2057
[2026-08-13T16:34:33] SAMPLE t=71s phase=Loss_spike adaptation=without_ML throughput_gbps=8.8552 latency_ms=79.6217
[2026-08-13T16:34:34] SAMPLE t=72s phase=Loss_spike adaptation=without_ML throughput_gbps=7.4836 latency_ms=77.6462
[2026-08-13T16:34:35] SAMPLE t=73s phase=Loss_spike adaptation=without_ML throughput_gbps=4.9382 latency_ms=73.8581
[2026-08-13T16:34:36] SAMPLE t=74s phase=Loss_spike adaptation=without_ML throughput_gbps=4.1248 latency_ms=78.1918
[2026-08-13T16:34:37] SAMPLE t=75s phase=Loss_spike adaptation=without_ML throughput_gbps=6.4982 latency_ms=68.9418
[2026-08-13T16:34:38] SAMPLE t=76s phase=Loss_spike adaptation=without_ML throughput_gbps=8.6448 latency_ms=78.0106
[2026-08-13T16:34:39] SAMPLE t=77s phase=Loss_spike adaptation=without_ML throughput_gbps=7.531 latency_ms=75.5539
[2026-08-13T16:34:40] SAMPLE t=78s phase=Loss_spike adaptation=without_ML throughput_gbps=4.9324 latency_ms=78.5168
[2026-08-13T16:34:41] SAMPLE t=79s phase=Loss_spike adaptation=without_ML throughput_gbps=4.0265 latency_ms=79.9933
[2026-08-13T16:34:42] SAMPLE t=80s phase=Recovery adaptation=without_ML throughput_gbps=7.644 latency_ms=67.0375
[2026-08-13T16:34:43] SAMPLE t=81s phase=Recovery adaptation=without_ML throughput_gbps=7.8555 latency_ms=65.9992
[2026-08-13T16:34:44] SAMPLE t=82s phase=Recovery adaptation=without_ML throughput_gbps=8.165 latency_ms=64.8258
[2026-08-13T16:34:45] SAMPLE t=83s phase=Recovery adaptation=without_ML throughput_gbps=7.8721 latency_ms=67.9529
[2026-08-13T16:34:46] SAMPLE t=84s phase=Recovery adaptation=without_ML throughput_gbps=7.6059 latency_ms=64.6251
[2026-08-13T16:34:47] SAMPLE t=85s phase=Recovery adaptation=without_ML throughput_gbps=7.9436 latency_ms=67.7209
[2026-08-13T16:34:48] SAMPLE t=86s phase=Recovery adaptation=without_ML throughput_gbps=8.0012 latency_ms=65.2323
[2026-08-13T16:34:49] SAMPLE t=87s phase=Recovery adaptation=without_ML throughput_gbps=8.1894 latency_ms=66.8376
[2026-08-13T16:34:50] SAMPLE t=88s phase=Recovery adaptation=without_ML throughput_gbps=8.3683 latency_ms=65.6352
[2026-08-13T16:34:51] SAMPLE t=89s phase=Recovery adaptation=without_ML throughput_gbps=8.2028 latency_ms=65.0176
[2026-08-13T16:34:52] SAMPLE t=90s phase=Recovery adaptation=without_ML throughput_gbps=7.8645 latency_ms=65.0165
[2026-08-13T16:34:53] SAMPLE t=91s phase=Recovery adaptation=without_ML throughput_gbps=7.8656 latency_ms=67.0376
[2026-08-13T16:34:54] SAMPLE t=92s phase=Recovery adaptation=without_ML throughput_gbps=7.7965 latency_ms=66.1402
[2026-08-13T16:34:55] SAMPLE t=93s phase=Recovery adaptation=without_ML throughput_gbps=8.0753 latency_ms=65.4422
[2026-08-13T16:34:56] SAMPLE t=94s phase=Recovery adaptation=without_ML throughput_gbps=7.9541 latency_ms=66.95
[2026-08-13T16:34:57] SAMPLE t=95s phase=Recovery adaptation=without_ML throughput_gbps=7.8454 latency_ms=64.9718
[2026-08-13T16:34:58] SAMPLE t=96s phase=Recovery adaptation=without_ML throughput_gbps=8.0375 latency_ms=67.1563
[2026-08-13T16:34:59] SAMPLE t=97s phase=Recovery adaptation=without_ML throughput_gbps=8.5011 latency_ms=63.2857
[2026-08-13T16:35:00] SAMPLE t=98s phase=Recovery adaptation=without_ML throughput_gbps=8.6793 latency_ms=67.3576
[2026-08-13T16:35:01] SAMPLE t=99s phase=Recovery adaptation=without_ML throughput_gbps=8.4541 latency_ms=64.5389
[2026-08-13T16:33:22] TRACE_END run_id=88 status=OK
[2026-08-13T16:56:45] TRACE_START run_id=89
[2026-08-13T16:56:45] SAMPLE t=0s phase=Stable adaptation=with_ML throughput_gbps=8.2903 latency_ms=67.4726
[2026-08-13T16:56:46] SAMPLE t=1s phase=Stable adaptation=with_ML throughput_gbps=7.6465 latency_ms=66.5609
[2026-08-13T16:56:47] SAMPLE t=2s phase=Stable adaptation=with_ML throughput_gbps=8.3089 latency_ms=67.3022
[2026-08-13T16:56:48] SAMPLE t=3s phase=Stable adaptation=with_ML throughput_gbps=8.0202 latency_ms=68.2242
[2026-08-13T16:56:49] SAMPLE t=4s phase=Stable adaptation=with_ML throughput_gbps=8.2125 latency_ms=66.2977
[2026-08-13T16:56:50] SAMPLE t=5s phase=Stable adaptation=with_ML throughput_gbps=8.1363 latency_ms=67.5116
[2026-08-13T16:56:51] SAMPLE t=6s phase=Stable adaptation=with_ML throughput_gbps=7.9696 latency_ms=67.3013
[2026-08-13T16:56:52] SAMPLE t=7s phase=Stable adaptation=with_ML throughput_gbps=8.036 latency_ms=64.9449
[2026-08-13T16:56:53] SAMPLE t=8s phase=Stable adaptation=with_ML throughput_gbps=8.014 latency_ms=66.0523
[2026-08-13T16:56:54] SAMPLE t=9s phase=Stable adaptation=with_ML throughput_gbps=7.8529 latency_ms=64.7636
[2026-08-13T16:56:55] SAMPLE t=10s phase=Stable adaptation=with_ML throughput_gbps=8.3137 latency_ms=64.9267
[2026-08-13T16:56:56] SAMPLE t=11s phase=Stable adaptation=with_ML throughput_gbps=8.1536 latency_ms=67.8903
[2026-08-13T16:56:57] SAMPLE t=12s phase=Stable adaptation=with_ML throughput_gbps=8.4 latency_ms=65.5163
[2026-08-13T16:56:58] SAMPLE t=13s phase=Stable adaptation=with_ML throughput_gbps=8.0625 latency_ms=66.1224
[2026-08-13T16:56:59] SAMPLE t=14s phase=Stable adaptation=with_ML throughput_gbps=8.2491 latency_ms=63.2499
[2026-08-13T16:57:00] SAMPLE t=15s phase=Stable adaptation=with_ML throughput_gbps=8.0583 latency_ms=67.1193
[2026-08-13T16:57:01] SAMPLE t=16s phase=Stable adaptation=with_ML throughput_gbps=8.1867 latency_ms=66.0349
[2026-08-13T16:57:02] SAMPLE t=17s phase=Stable adaptation=with_ML throughput_gbps=8.2653 latency_ms=66.6882
[2026-08-13T16:57:03] SAMPLE t=18s phase=Stable adaptation=with_ML throughput_gbps=8.0678 latency_ms=65.4135
[2026-08-13T16:57:04] SAMPLE t=19s phase=Stable adaptation=with_ML throughput_gbps=8.1464 latency_ms=67.5223
[2026-08-13T16:57:05] SAMPLE t=20s phase=Congestion adaptation=with_ML throughput_gbps=8.0595 latency_ms=65.1523
[2026-08-13T16:57:06] SAMPLE t=21s phase=Congestion adaptation=with_ML throughput_gbps=8.2624 latency_ms=69.3178
[2026-08-13T16:57:07] SAMPLE t=22s phase=Congestion adaptation=with_ML throughput_gbps=8.1465 latency_ms=65.5373
[2026-08-13T16:57:08] SAMPLE t=23s phase=Congestion adaptation=with_ML throughput_gbps=8.4947 latency_ms=66.6152
[2026-08-13T16:57:09] SAMPLE t=24s phase=Congestion adaptation=with_ML throughput_gbps=8.03 latency_ms=66.8131
[2026-08-13T16:57:10] SAMPLE t=25s phase=Congestion adaptation=with_ML throughput_gbps=8.0575 latency_ms=65.4169
[2026-08-13T16:57:11] SAMPLE t=26s phase=Congestion adaptation=with_ML throughput_gbps=7.8733 latency_ms=67.452
[2026-08-13T16:57:12] SAMPLE t=27s phase=Congestion adaptation=with_ML throughput_gbps=7.9329 latency_ms=67.3348
[2026-08-13T16:57:13] SAMPLE t=28s phase=Congestion adaptation=with_ML throughput_gbps=7.982 latency_ms=67.3977
[2026-08-13T16:57:14] SAMPLE t=29s phase=Congestion adaptation=with_ML throughput_gbps=7.8333 latency_ms=66.4076
[2026-08-13T16:57:15] SAMPLE t=30s phase=Congestion adaptation=with_ML throughput_gbps=8.0711 latency_ms=66.4402
[2026-08-13T16:57:16] SAMPLE t=31s phase=Congestion adaptation=with_ML throughput_gbps=8.2884 latency_ms=67.332
[2026-08-13T16:57:17] SAMPLE t=32s phase=Congestion adaptation=with_ML throughput_gbps=8.3929 latency_ms=67.7325
[2026-08-13T16:57:18] SAMPLE t=33s phase=Congestion adaptation=with_ML throughput_gbps=8.3719 latency_ms=66.9574
[2026-08-13T16:57:19] SAMPLE t=34s phase=Congestion adaptation=with_ML throughput_gbps=8.1173 latency_ms=65.994
[2026-08-13T16:57:20] SAMPLE t=35s phase=Congestion adaptation=with_ML throughput_gbps=8.119 latency_ms=65.0861
[2026-08-13T16:57:21] SAMPLE t=36s phase=Congestion adaptation=with_ML throughput_gbps=8.1756 latency_ms=67.1197
[2026-08-13T16:57:22] SAMPLE t=37s phase=Congestion adaptation=with_ML throughput_gbps=8.0467 latency_ms=65.5202
[2026-08-13T16:57:23] SAMPLE t=38s phase=Congestion adaptation=with_ML throughput_gbps=8.0816 latency_ms=66.0226
[2026-08-13T16:57:24] SAMPLE t=39s phase=Congestion adaptation=with_ML throughput_gbps=7.8614 latency_ms=66.6005
[2026-08-13T16:57:25] SAMPLE t=40s phase=Path_change adaptation=with_ML throughput_gbps=7.8691 latency_ms=65.6784
[2026-08-13T16:57:26] SAMPLE t=41s phase=Path_change adaptation=with_ML throughput_gbps=8.0143 latency_ms=67.3109
[2026-08-13T16:57:27] SAMPLE t=42s phase=Path_change adaptation=with_ML throughput_gbps=8.1255 latency_ms=67.7444
[2026-08-13T16:57:28] SAMPLE t=43s phase=Path_change adaptation=with_ML throughput_gbps=7.4332 latency_ms=67.9692
[2026-08-13T16:57:29] SAMPLE t=44s phase=Path_change adaptation=with_ML throughput_gbps=7.591 latency_ms=68.9569
[2026-08-13T16:57:30] SAMPLE t=45s phase=Path_change adaptation=with_ML throughput_gbps=7.1835 latency_ms=67.703
[2026-08-13T16:57:31] SAMPLE t=46s phase=Path_change adaptation=with_ML throughput_gbps=7.0683 latency_ms=65.1395
[2026-08-13T16:57:32] SAMPLE t=47s phase=Path_change adaptation=with_ML throughput_gbps=6.9291 latency_ms=67.2111
[2026-08-13T16:57:33] SAMPLE t=48s phase=Path_change adaptation=with_ML throughput_gbps=7.3673 latency_ms=66.5541
[2026-08-13T16:57:34] SAMPLE t=49s phase=Path_change adaptation=with_ML throughput_gbps=7.063 latency_ms=66.7849
[2026-08-13T16:57:35] SAMPLE t=50s phase=Path_change adaptation=with_ML throughput_gbps=7.2261 latency_ms=68.1948
[2026-08-13T16:57:36] SAMPLE t=51s phase=Path_change adaptation=with_ML throughput_gbps=7.2879 latency_ms=69.8955
[2026-08-13T16:57:37] SAMPLE t=52s phase=Path_change adaptation=with_ML throughput_gbps=7.1682 latency_ms=67.6973
[2026-08-13T16:57:38] SAMPLE t=53s phase=Path_change adaptation=with_ML throughput_gbps=7.2 latency_ms=68.9945
[2026-08-13T16:57:39] SAMPLE t=54s phase=Path_change adaptation=with_ML throughput_gbps=7.5647 latency_ms=69.8367
[2026-08-13T16:57:40] SAMPLE t=55s phase=Path_change adaptation=with_ML throughput_gbps=7.6169 latency_ms=67.4602
[2026-08-13T16:57:41] SAMPLE t=56s phase=Path_change adaptation=with_ML throughput_gbps=7.7734 latency_ms=65.7118
[2026-08-13T16:57:42] SAMPLE t=57s phase=Path_change adaptation=with_ML throughput_gbps=7.3841 latency_ms=68.1902
[2026-08-13T16:57:43] SAMPLE t=58s phase=Path_change adaptation=with_ML throughput_gbps=7.7886 latency_ms=68.508
[2026-08-13T16:57:44] SAMPLE t=59s phase=Path_change adaptation=with_ML throughput_gbps=7.6537 latency_ms=67.4159
[2026-08-13T16:57:45] SAMPLE t=60s phase=Loss_spike adaptation=with_ML throughput_gbps=7.2318 latency_ms=68.6264
[2026-08-13T16:57:46] SAMPLE t=61s phase=Loss_spike adaptation=with_ML throughput_gbps=7.959 latency_ms=70.3997
[2026-08-13T16:57:47] SAMPLE t=62s phase=Loss_spike adaptation=with_ML throughput_gbps=7.933 latency_ms=68.4212
[2026-08-13T16:57:48] SAMPLE t=63s phase=Loss_spike adaptation=with_ML throughput_gbps=6.68 latency_ms=68.4874
[2026-08-13T16:57:49] SAMPLE t=64s phase=Loss_spike adaptation=with_ML throughput_gbps=6.3336 latency_ms=69.8883
[2026-08-13T16:57:50] SAMPLE t=65s phase=Loss_spike adaptation=with_ML throughput_gbps=7.5029 latency_ms=68.7096
[2026-08-13T16:57:51] SAMPLE t=66s phase=Loss_spike adaptation=with_ML throughput_gbps=7.9581 latency_ms=73.5534
[2026-08-13T16:57:52] SAMPLE t=67s phase=Loss_spike adaptation=with_ML throughput_gbps=7.4612 latency_ms=70.4683
[2026-08-13T16:57:53] SAMPLE t=68s phase=Loss_spike adaptation=with_ML throughput_gbps=6.6913 latency_ms=71.2989
[2026-08-13T16:57:54] SAMPLE t=69s phase=Loss_spike adaptation=with_ML throughput_gbps=6.4049 latency_ms=71.1533
[2026-08-13T16:57:55] SAMPLE t=70s phase=Loss_spike adaptation=with_ML throughput_gbps=7.5625 latency_ms=68.4473
[2026-08-13T16:57:56] SAMPLE t=71s phase=Loss_spike adaptation=with_ML throughput_gbps=8.6257 latency_ms=72.1317
[2026-08-13T16:57:57] SAMPLE t=72s phase=Loss_spike adaptation=with_ML throughput_gbps=7.8126 latency_ms=70.5513
[2026-08-13T16:57:58] SAMPLE t=73s phase=Loss_spike adaptation=with_ML throughput_gbps=6.7513 latency_ms=70.3319
[2026-08-13T16:57:59] SAMPLE t=74s phase=Loss_spike adaptation=with_ML throughput_gbps=5.8907 latency_ms=71.3435
[2026-08-13T16:58:00] SAMPLE t=75s phase=Loss_spike adaptation=with_ML throughput_gbps=7.334 latency_ms=66.5422
[2026-08-13T16:58:01] SAMPLE t=76s phase=Loss_spike adaptation=with_ML throughput_gbps=8.3917 latency_ms=71.2568
[2026-08-13T16:58:02] SAMPLE t=77s phase=Loss_spike adaptation=with_ML throughput_gbps=8.2964 latency_ms=68.7157
[2026-08-13T16:58:03] SAMPLE t=78s phase=Loss_spike adaptation=with_ML throughput_gbps=6.5741 latency_ms=70.684
[2026-08-13T16:58:04] SAMPLE t=79s phase=Loss_spike adaptation=with_ML throughput_gbps=6.1693 latency_ms=69.6674
[2026-08-13T16:58:05] SAMPLE t=80s phase=Recovery adaptation=with_ML throughput_gbps=8.0572 latency_ms=64.239
[2026-08-13T16:58:06] SAMPLE t=81s phase=Recovery adaptation=with_ML throughput_gbps=8.1356 latency_ms=66.3943
[2026-08-13T16:58:07] SAMPLE t=82s phase=Recovery adaptation=with_ML throughput_gbps=8.0304 latency_ms=68.1036
[2026-08-13T16:58:08] SAMPLE t=83s phase=Recovery adaptation=with_ML throughput_gbps=8.1006 latency_ms=67.4032
[2026-08-13T16:58:09] SAMPLE t=84s phase=Recovery adaptation=with_ML throughput_gbps=8.7409 latency_ms=65.4603
[2026-08-13T16:58:10] SAMPLE t=85s phase=Recovery adaptation=with_ML throughput_gbps=7.8518 latency_ms=64.3727
[2026-08-13T16:58:11] SAMPLE t=86s phase=Recovery adaptation=with_ML throughput_gbps=8.2671 latency_ms=66.5677
[2026-08-13T16:58:12] SAMPLE t=87s phase=Recovery adaptation=with_ML throughput_gbps=7.9906 latency_ms=65.5424
[2026-08-13T16:58:13] SAMPLE t=88s phase=Recovery adaptation=with_ML throughput_gbps=8.0313 latency_ms=66.5967
[2026-08-13T16:58:14] SAMPLE t=89s phase=Recovery adaptation=with_ML throughput_gbps=8.1768 latency_ms=64.8489
[2026-08-13T16:58:15] SAMPLE t=90s phase=Recovery adaptation=with_ML throughput_gbps=8.709 latency_ms=66.4726
[2026-08-13T16:58:16] SAMPLE t=91s phase=Recovery adaptation=with_ML throughput_gbps=8.4578 latency_ms=64.5222
[2026-08-13T16:58:17] SAMPLE t=92s phase=Recovery adaptation=with_ML throughput_gbps=8.3295 latency_ms=64.3515
[2026-08-13T16:58:18] SAMPLE t=93s phase=Recovery adaptation=with_ML throughput_gbps=8.6852 latency_ms=67.3959
[2026-08-13T16:58:19] SAMPLE t=94s phase=Recovery adaptation=with_ML throughput_gbps=8.4101 latency_ms=65.7073
[2026-08-13T16:58:20] SAMPLE t=95s phase=Recovery adaptation=with_ML throughput_gbps=8.0431 latency_ms=68.0107
[2026-08-13T16:58:21] SAMPLE t=96s phase=Recovery adaptation=with_ML throughput_gbps=8.7065 latency_ms=65.1399
[2026-08-13T16:58:22] SAMPLE t=97s phase=Recovery adaptation=with_ML throughput_gbps=8.8857 latency_ms=66.4383
[2026-08-13T16:58:23] SAMPLE t=98s phase=Recovery adaptation=with_ML throughput_gbps=8.7125 latency_ms=65.5345
[2026-08-13T16:58:24] SAMPLE t=99s phase=Recovery adaptation=with_ML throughput_gbps=8.512 latency_ms=66.2315
[2026-08-13T16:56:45] SAMPLE t=0s phase=Stable adaptation=without_ML throughput_gbps=8.0115 latency_ms=66.7307
[2026-08-13T16:56:46] SAMPLE t=1s phase=Stable adaptation=without_ML throughput_gbps=8.065 latency_ms=66.1302
[2026-08-13T16:56:47] SAMPLE t=2s phase=Stable adaptation=without_ML throughput_gbps=7.9649 latency_ms=65.7917
[2026-08-13T16:56:48] SAMPLE t=3s phase=Stable adaptation=without_ML throughput_gbps=7.9156 latency_ms=66.8512
[2026-08-13T16:56:49] SAMPLE t=4s phase=Stable adaptation=without_ML throughput_gbps=7.5034 latency_ms=67.5118
[2026-08-13T16:56:50] SAMPLE t=5s phase=Stable adaptation=without_ML throughput_gbps=7.7605 latency_ms=67.3668
[2026-08-13T16:56:51] SAMPLE t=6s phase=Stable adaptation=without_ML throughput_gbps=7.723 latency_ms=65.2816
[2026-08-13T16:56:52] SAMPLE t=7s phase=Stable adaptation=without_ML throughput_gbps=7.7659 latency_ms=68.4832
[2026-08-13T16:56:53] SAMPLE t=8s phase=Stable adaptation=without_ML throughput_gbps=7.7521 latency_ms=66.97
[2026-08-13T16:56:54] SAMPLE t=9s phase=Stable adaptation=without_ML throughput_gbps=8.1239 latency_ms=66.2061
[2026-08-13T16:56:55] SAMPLE t=10s phase=Stable adaptation=without_ML throughput_gbps=7.8461 latency_ms=69.2312
[2026-08-13T16:56:56] SAMPLE t=11s phase=Stable adaptation=without_ML throughput_gbps=7.5929 latency_ms=68.0737
[2026-08-13T16:56:57] SAMPLE t=12s phase=Stable adaptation=without_ML throughput_gbps=7.9307 latency_ms=65.7593
[2026-08-13T16:56:58] SAMPLE t=13s phase=Stable adaptation=without_ML throughput_gbps=7.8163 latency_ms=65.4262
[2026-08-13T16:56:59] SAMPLE t=14s phase=Stable adaptation=without_ML throughput_gbps=7.9153 latency_ms=66.8649
[2026-08-13T16:57:00] SAMPLE t=15s phase=Stable adaptation=without_ML throughput_gbps=8.1135 latency_ms=65.2212
[2026-08-13T16:57:01] SAMPLE t=16s phase=Stable adaptation=without_ML throughput_gbps=7.8629 latency_ms=63.3283
[2026-08-13T16:57:02] SAMPLE t=17s phase=Stable adaptation=without_ML throughput_gbps=7.9612 latency_ms=68.2273
[2026-08-13T16:57:03] SAMPLE t=18s phase=Stable adaptation=without_ML throughput_gbps=8.1182 latency_ms=63.864
[2026-08-13T16:57:04] SAMPLE t=19s phase=Stable adaptation=without_ML throughput_gbps=8.0509 latency_ms=65.8398
[2026-08-13T16:57:05] SAMPLE t=20s phase=Congestion adaptation=without_ML throughput_gbps=8.2223 latency_ms=66.1878
[2026-08-13T16:57:06] SAMPLE t=21s phase=Congestion adaptation=without_ML throughput_gbps=8.2696 latency_ms=66.3889
[2026-08-13T16:57:07] SAMPLE t=22s phase=Congestion adaptation=without_ML throughput_gbps=7.9369 latency_ms=65.7924
[2026-08-13T16:57:08] SAMPLE t=23s phase=Congestion adaptation=without_ML throughput_gbps=8.1702 latency_ms=64.0617
[2026-08-13T16:57:09] SAMPLE t=24s phase=Congestion adaptation=without_ML throughput_gbps=7.8426 latency_ms=66.6405
[2026-08-13T16:57:10] SAMPLE t=25s phase=Congestion adaptation=without_ML throughput_gbps=8.0011 latency_ms=67.0192
[2026-08-13T16:57:11] SAMPLE t=26s phase=Congestion adaptation=without_ML throughput_gbps=7.7084 latency_ms=67.0705
[2026-08-13T16:57:12] SAMPLE t=27s phase=Congestion adaptation=without_ML throughput_gbps=7.8506 latency_ms=65.1612
[2026-08-13T16:57:13] SAMPLE t=28s phase=Congestion adaptation=without_ML throughput_gbps=8.1811 latency_ms=68.6324
[2026-08-13T16:57:14] SAMPLE t=29s phase=Congestion adaptation=without_ML throughput_gbps=8.3683 latency_ms=67.3378
[2026-08-13T16:57:15] SAMPLE t=30s phase=Congestion adaptation=without_ML throughput_gbps=8.2007 latency_ms=65.9107
[2026-08-13T16:57:16] SAMPLE t=31s phase=Congestion adaptation=without_ML throughput_gbps=7.9796 latency_ms=63.8208
[2026-08-13T16:57:17] SAMPLE t=32s phase=Congestion adaptation=without_ML throughput_gbps=7.9891 latency_ms=66.729
[2026-08-13T16:57:18] SAMPLE t=33s phase=Congestion adaptation=without_ML throughput_gbps=7.7378 latency_ms=66.6572
[2026-08-13T16:57:19] SAMPLE t=34s phase=Congestion adaptation=without_ML throughput_gbps=7.8905 latency_ms=65.6982
[2026-08-13T16:57:20] SAMPLE t=35s phase=Congestion adaptation=without_ML throughput_gbps=7.721 latency_ms=67.6197
[2026-08-13T16:57:21] SAMPLE t=36s phase=Congestion adaptation=without_ML throughput_gbps=7.9311 latency_ms=65.6383
[2026-08-13T16:57:22] SAMPLE t=37s phase=Congestion adaptation=without_ML throughput_gbps=7.7566 latency_ms=65.0347
[2026-08-13T16:57:23] SAMPLE t=38s phase=Congestion adaptation=without_ML throughput_gbps=7.9092 latency_ms=66.3146
[2026-08-13T16:57:24] SAMPLE t=39s phase=Congestion adaptation=without_ML throughput_gbps=7.7585 latency_ms=67.5265
[2026-08-13T16:57:25] SAMPLE t=40s phase=Path_change adaptation=without_ML throughput_gbps=7.735 latency_ms=64.4478
[2026-08-13T16:57:26] SAMPLE t=41s phase=Path_change adaptation=without_ML throughput_gbps=7.5801 latency_ms=67.0611
[2026-08-13T16:57:27] SAMPLE t=42s phase=Path_change adaptation=without_ML throughput_gbps=7.8751 latency_ms=68.2778
[2026-08-13T16:57:28] SAMPLE t=43s phase=Path_change adaptation=without_ML throughput_gbps=6.8042 latency_ms=68.6772
[2026-08-13T16:57:29] SAMPLE t=44s phase=Path_change adaptation=without_ML throughput_gbps=6.5147 latency_ms=73.2997
[2026-08-13T16:57:30] SAMPLE t=45s phase=Path_change adaptation=without_ML throughput_gbps=6.863 latency_ms=70.3583
[2026-08-13T16:57:31] SAMPLE t=46s phase=Path_change adaptation=without_ML throughput_gbps=6.054 latency_ms=69.868
[2026-08-13T16:57:32] SAMPLE t=47s phase=Path_change adaptation=without_ML throughput_gbps=6.1819 latency_ms=70.2773
[2026-08-13T16:57:33] SAMPLE t=48s phase=Path_change adaptation=without_ML throughput_gbps=6.0938 latency_ms=71.6456
[2026-08-13T16:57:34] SAMPLE t=49s phase=Path_change adaptation=without_ML throughput_gbps=5.6425 latency_ms=73.4883
[2026-08-13T16:57:35] SAMPLE t=50s phase=Path_change adaptation=without_ML throughput_gbps=5.9551 latency_ms=74.0802
[2026-08-13T16:57:36] SAMPLE t=51s phase=Path_change adaptation=without_ML throughput_gbps=5.7231 latency_ms=72.0348
[2026-08-13T16:57:37] SAMPLE t=52s phase=Path_change adaptation=without_ML throughput_gbps=5.9834 latency_ms=72.5037
[2026-08-13T16:57:38] SAMPLE t=53s phase=Path_change adaptation=without_ML throughput_gbps=5.7644 latency_ms=70.8675
[2026-08-13T16:57:39] SAMPLE t=54s phase=Path_change adaptation=without_ML throughput_gbps=6.2975 latency_ms=74.3617
[2026-08-13T16:57:40] SAMPLE t=55s phase=Path_change adaptation=without_ML throughput_gbps=6.0246 latency_ms=69.5472
[2026-08-13T16:57:41] SAMPLE t=56s phase=Path_change adaptation=without_ML throughput_gbps=6.7846 latency_ms=68.8372
[2026-08-13T16:57:42] SAMPLE t=57s phase=Path_change adaptation=without_ML throughput_gbps=6.876 latency_ms=68.93
[2026-08-13T16:57:43] SAMPLE t=58s phase=Path_change adaptation=without_ML throughput_gbps=7.2508 latency_ms=67.3004
[2026-08-13T16:57:44] SAMPLE t=59s phase=Path_change adaptation=without_ML throughput_gbps=8.0234 latency_ms=66.8883
[2026-08-13T16:57:45] SAMPLE t=60s phase=Loss_spike adaptation=without_ML throughput_gbps=6.146 latency_ms=69.2712
[2026-08-13T16:57:46] SAMPLE t=61s phase=Loss_spike adaptation=without_ML throughput_gbps=8.5042 latency_ms=79.0907
[2026-08-13T16:57:47] SAMPLE t=62s phase=Loss_spike adaptation=without_ML throughput_gbps=7.9654 latency_ms=77.0808
[2026-08-13T16:57:48] SAMPLE t=63s phase=Loss_spike adaptation=without_ML throughput_gbps=4.8297 latency_ms=75.9825
[2026-08-13T16:57:49] SAMPLE t=64s phase=Loss_spike adaptation=without_ML throughput_gbps=4.2016 latency_ms=79.9072
[2026-08-13T16:57:50] SAMPLE t=65s phase=Loss_spike adaptation=without_ML throughput_gbps=6.4222 latency_ms=68.2235
[2026-08-13T16:57:51] SAMPLE t=66s phase=Loss_spike adaptation=without_ML throughput_gbps=8.7805 latency_ms=79.4246
[2026-08-13T16:57:52] SAMPLE t=67s phase=Loss_spike adaptation=without_ML throughput_gbps=7.6506 latency_ms=77.4078
[2026-08-13T16:57:53] SAMPLE t=68s phase=Loss_spike adaptation=without_ML throughput_gbps=4.8718 latency_ms=77.1126
[2026-08-13T16:57:54] SAMPLE t=69s phase=Loss_spike adaptation=without_ML throughput_gbps=4.3486 latency_ms=79.4594
[2026-08-13T16:57:55] SAMPLE t=70s phase=Loss_spike adaptation=without_ML throughput_gbps=6.4862 latency_ms=68.1049
[2026-08-13T16:57:56] SAMPLE t=71s phase=Loss_spike adaptation=without_ML throughput_gbps=8.4734 latency_ms=78.4568
[2026-08-13T16:57:57] SAMPLE t=72s phase=Loss_spike adaptation=without_ML throughput_gbps=7.3235 latency_ms=77.7686
[2026-08-13T16:57:58] SAMPLE t=73s phase=Loss_spike adaptation=without_ML throughput_gbps=4.972 latency_ms=75.7157
[2026-08-13T16:57:59] SAMPLE t=74s phase=Loss_spike adaptation=without_ML throughput_gbps=4.1065 latency_ms=80.2181
[2026-08-13T16:58:00] SAMPLE t=75s phase=Loss_spike adaptation=without_ML throughput_gbps=6.1767 latency_ms=72.2356
[2026-08-13T16:58:01] SAMPLE t=76s phase=Loss_spike adaptation=without_ML throughput_gbps=8.5446 latency_ms=80.2308
[2026-08-13T16:58:02] SAMPLE t=77s phase=Loss_spike adaptation=without_ML throughput_gbps=7.8537 latency_ms=76.0399
[2026-08-13T16:58:03] SAMPLE t=78s phase=Loss_spike adaptation=without_ML throughput_gbps=5.1149 latency_ms=75.7154
[2026-08-13T16:58:04] SAMPLE t=79s phase=Loss_spike adaptation=without_ML throughput_gbps=4.1541 latency_ms=77.3409
[2026-08-13T16:58:05] SAMPLE t=80s phase=Recovery adaptation=without_ML throughput_gbps=7.6704 latency_ms=68.1011
[2026-08-13T16:58:06] SAMPLE t=81s phase=Recovery adaptation=without_ML throughput_gbps=7.9183 latency_ms=65.9704
[2026-08-13T16:58:07] SAMPLE t=82s phase=Recovery adaptation=without_ML throughput_gbps=8.2003 latency_ms=66.8999
[2026-08-13T16:58:08] SAMPLE t=83s phase=Recovery adaptation=without_ML throughput_gbps=7.9802 latency_ms=67.8502
[2026-08-13T16:58:09] SAMPLE t=84s phase=Recovery adaptation=without_ML throughput_gbps=7.7119 latency_ms=66.8064
[2026-08-13T16:58:10] SAMPLE t=85s phase=Recovery adaptation=without_ML throughput_gbps=8.0296 latency_ms=64.9937
[2026-08-13T16:58:11] SAMPLE t=86s phase=Recovery adaptation=without_ML throughput_gbps=7.959 latency_ms=65.4436
[2026-08-13T16:58:12] SAMPLE t=87s phase=Recovery adaptation=without_ML throughput_gbps=7.9832 latency_ms=66.414
[2026-08-13T16:58:13] SAMPLE t=88s phase=Recovery adaptation=without_ML throughput_gbps=7.9713 latency_ms=66.3486
[2026-08-13T16:58:14] SAMPLE t=89s phase=Recovery adaptation=without_ML throughput_gbps=8.361 latency_ms=66.4634
[2026-08-13T16:58:15] SAMPLE t=90s phase=Recovery adaptation=without_ML throughput_gbps=8.0994 latency_ms=62.7
[2026-08-13T16:58:16] SAMPLE t=91s phase=Recovery adaptation=without_ML throughput_gbps=7.8119 latency_ms=65.6079
[2026-08-13T16:58:17] SAMPLE t=92s phase=Recovery adaptation=without_ML throughput_gbps=7.7666 latency_ms=69.0104
[2026-08-13T16:58:18] SAMPLE t=93s phase=Recovery adaptation=without_ML throughput_gbps=8.0985 latency_ms=65.0857
[2026-08-13T16:58:19] SAMPLE t=94s phase=Recovery adaptation=without_ML throughput_gbps=8.1438 latency_ms=65.4008
[2026-08-13T16:58:20] SAMPLE t=95s phase=Recovery adaptation=without_ML throughput_gbps=8.1302 latency_ms=67.3248
[2026-08-13T16:58:21] SAMPLE t=96s phase=Recovery adaptation=without_ML throughput_gbps=7.9984 latency_ms=66.4168
[2026-08-13T16:58:22] SAMPLE t=97s phase=Recovery adaptation=without_ML throughput_gbps=7.896 latency_ms=63.8538
[2026-08-13T16:58:23] SAMPLE t=98s phase=Recovery adaptation=without_ML throughput_gbps=8.0844 latency_ms=64.8828
[2026-08-13T16:58:24] SAMPLE t=99s phase=Recovery adaptation=without_ML throughput_gbps=8.0444 latency_ms=66.8038
[2026-08-13T16:56:45] TRACE_END run_id=89 status=OK
[2026-08-13T17:08:05] TRACE_START run_id=90
[2026-08-13T17:08:05] SAMPLE t=0s phase=Stable adaptation=with_ML throughput_gbps=7.832 latency_ms=66.5501
[2026-08-13T17:08:06] SAMPLE t=1s phase=Stable adaptation=with_ML throughput_gbps=8.322 latency_ms=64.1263
[2026-08-13T17:08:07] SAMPLE t=2s phase=Stable adaptation=with_ML throughput_gbps=8.1004 latency_ms=65.5447
[2026-08-13T17:08:08] SAMPLE t=3s phase=Stable adaptation=with_ML throughput_gbps=8.1199 latency_ms=66.0068
[2026-08-13T17:08:09] SAMPLE t=4s phase=Stable adaptation=with_ML throughput_gbps=8.3037 latency_ms=66.8179
[2026-08-13T17:08:10] SAMPLE t=5s phase=Stable adaptation=with_ML throughput_gbps=8.1732 latency_ms=66.3494
[2026-08-13T17:08:11] SAMPLE t=6s phase=Stable adaptation=with_ML throughput_gbps=7.9086 latency_ms=65.4289
[2026-08-13T17:08:12] SAMPLE t=7s phase=Stable adaptation=with_ML throughput_gbps=7.9842 latency_ms=65.3789
[2026-08-13T17:08:13] SAMPLE t=8s phase=Stable adaptation=with_ML throughput_gbps=7.7163 latency_ms=66.919
[2026-08-13T17:08:14] SAMPLE t=9s phase=Stable adaptation=with_ML throughput_gbps=8.4647 latency_ms=66.6431
[2026-08-13T17:08:15] SAMPLE t=10s phase=Stable adaptation=with_ML throughput_gbps=7.9221 latency_ms=66.0143
[2026-08-13T17:08:16] SAMPLE t=11s phase=Stable adaptation=with_ML throughput_gbps=8.1546 latency_ms=66.3113
[2026-08-13T17:08:17] SAMPLE t=12s phase=Stable adaptation=with_ML throughput_gbps=8.1825 latency_ms=66.2024
[2026-08-13T17:08:18] SAMPLE t=13s phase=Stable adaptation=with_ML throughput_gbps=8.0688 latency_ms=66.4137
[2026-08-13T17:08:19] SAMPLE t=14s phase=Stable adaptation=with_ML throughput_gbps=8.0078 latency_ms=66.9499
[2026-08-13T17:08:20] SAMPLE t=15s phase=Stable adaptation=with_ML throughput_gbps=8.122 latency_ms=66.4719
[2026-08-13T17:08:21] SAMPLE t=16s phase=Stable adaptation=with_ML throughput_gbps=8.1081 latency_ms=65.8758
[2026-08-13T17:08:22] SAMPLE t=17s phase=Stable adaptation=with_ML throughput_gbps=7.6818 latency_ms=65.6029
[2026-08-13T17:08:23] SAMPLE t=18s phase=Stable adaptation=with_ML throughput_gbps=8.1132 latency_ms=67.9462
[2026-08-13T17:08:24] SAMPLE t=19s phase=Stable adaptation=with_ML throughput_gbps=7.9752 latency_ms=66.1659
[2026-08-13T17:08:25] SAMPLE t=20s phase=Congestion adaptation=with_ML throughput_gbps=7.7319 latency_ms=67.8511
[2026-08-13T17:08:26] SAMPLE t=21s phase=Congestion adaptation=with_ML throughput_gbps=8.0763 latency_ms=67.6035
[2026-08-13T17:08:27] SAMPLE t=22s phase=Congestion adaptation=with_ML throughput_gbps=8.2297 latency_ms=64.7293
[2026-08-13T17:08:28] SAMPLE t=23s phase=Congestion adaptation=with_ML throughput_gbps=8.3704 latency_ms=63.699
[2026-08-13T17:08:29] SAMPLE t=24s phase=Congestion adaptation=with_ML throughput_gbps=7.8625 latency_ms=66.5532
[2026-08-13T17:08:30] SAMPLE t=25s phase=Congestion adaptation=with_ML throughput_gbps=7.9315 latency_ms=64.8995
[2026-08-13T17:08:31] SAMPLE t=26s phase=Congestion adaptation=with_ML throughput_gbps=8.2091 latency_ms=66.5673
[2026-08-13T17:08:32] SAMPLE t=27s phase=Congestion adaptation=with_ML throughput_gbps=7.8212 latency_ms=67.6178
[2026-08-13T17:08:33] SAMPLE t=28s phase=Congestion adaptation=with_ML throughput_gbps=8.1853 latency_ms=67.5091
[2026-08-13T17:08:34] SAMPLE t=29s phase=Congestion adaptation=with_ML throughput_gbps=7.8508 latency_ms=65.5201
[2026-08-13T17:08:35] SAMPLE t=30s phase=Congestion adaptation=with_ML throughput_gbps=7.9056 latency_ms=64.8439
[2026-08-13T17:08:36] SAMPLE t=31s phase=Congestion adaptation=with_ML throughput_gbps=7.992 latency_ms=65.959
[2026-08-13T17:08:37] SAMPLE t=32s phase=Congestion adaptation=with_ML throughput_gbps=8.2817 latency_ms=66.2302
[2026-08-13T17:08:38] SAMPLE t=33s phase=Congestion adaptation=with_ML throughput_gbps=7.8852 latency_ms=66.5396
[2026-08-13T17:08:39] SAMPLE t=34s phase=Congestion adaptation=with_ML throughput_gbps=7.9679 latency_ms=67.2234
[2026-08-13T17:08:40] SAMPLE t=35s phase=Congestion adaptation=with_ML throughput_gbps=8.0189 latency_ms=65.6954
[2026-08-13T17:08:41] SAMPLE t=36s phase=Congestion adaptation=with_ML throughput_gbps=8.4222 latency_ms=67.629
[2026-08-13T17:08:42] SAMPLE t=37s phase=Congestion adaptation=with_ML throughput_gbps=8.1779 latency_ms=64.3651
[2026-08-13T17:08:43] SAMPLE t=38s phase=Congestion adaptation=with_ML throughput_gbps=8.2477 latency_ms=65.516
[2026-08-13T17:08:44] SAMPLE t=39s phase=Congestion adaptation=with_ML throughput_gbps=7.8274 latency_ms=66.4257
[2026-08-13T17:08:45] SAMPLE t=40s phase=Path_change adaptation=with_ML throughput_gbps=8.005 latency_ms=66.7934
[2026-08-13T17:08:46] SAMPLE t=41s phase=Path_change adaptation=with_ML throughput_gbps=8.0411 latency_ms=68.8381
[2026-08-13T17:08:47] SAMPLE t=42s phase=Path_change adaptation=with_ML throughput_gbps=7.6925 latency_ms=66.7815
[2026-08-13T17:08:48] SAMPLE t=43s phase=Path_change adaptation=with_ML throughput_gbps=7.837 latency_ms=70.7701
[2026-08-13T17:08:49] SAMPLE t=44s phase=Path_change adaptation=with_ML throughput_gbps=7.7669 latency_ms=66.7734
[2026-08-13T17:08:50] SAMPLE t=45s phase=Path_change adaptation=with_ML throughput_gbps=7.1582 latency_ms=68.499
[2026-08-13T17:08:51] SAMPLE t=46s phase=Path_change adaptation=with_ML throughput_gbps=7.2157 latency_ms=66.9088
[2026-08-13T17:08:52] SAMPLE t=47s phase=Path_change adaptation=with_ML throughput_gbps=7.2848 latency_ms=67.6653
[2026-08-13T17:08:53] SAMPLE t=48s phase=Path_change adaptation=with_ML throughput_gbps=7.1244 latency_ms=68.092
[2026-08-13T17:08:54] SAMPLE t=49s phase=Path_change adaptation=with_ML throughput_gbps=6.9309 latency_ms=66.6629
[2026-08-13T17:08:55] SAMPLE t=50s phase=Path_change adaptation=with_ML throughput_gbps=7.3215 latency_ms=67.4365
[2026-08-13T17:08:56] SAMPLE t=51s phase=Path_change adaptation=with_ML throughput_gbps=7.1923 latency_ms=68.5856
[2026-08-13T17:08:57] SAMPLE t=52s phase=Path_change adaptation=with_ML throughput_gbps=7.3179 latency_ms=67.8455
[2026-08-13T17:08:58] SAMPLE t=53s phase=Path_change adaptation=with_ML throughput_gbps=7.267 latency_ms=67.0145
[2026-08-13T17:08:59] SAMPLE t=54s phase=Path_change adaptation=with_ML throughput_gbps=7.5909 latency_ms=66.9711
[2026-08-13T17:09:00] SAMPLE t=55s phase=Path_change adaptation=with_ML throughput_gbps=7.3394 latency_ms=66.5913
[2026-08-13T17:09:01] SAMPLE t=56s phase=Path_change adaptation=with_ML throughput_gbps=7.732 latency_ms=67.2458
[2026-08-13T17:09:02] SAMPLE t=57s phase=Path_change adaptation=with_ML throughput_gbps=7.7983 latency_ms=67.616
[2026-08-13T17:09:03] SAMPLE t=58s phase=Path_change adaptation=with_ML throughput_gbps=7.7501 latency_ms=65.9375
[2026-08-13T17:09:04] SAMPLE t=59s phase=Path_change adaptation=with_ML throughput_gbps=7.9568 latency_ms=67.5688
[2026-08-13T17:09:05] SAMPLE t=60s phase=Loss_spike adaptation=with_ML throughput_gbps=7.0819 latency_ms=69.2765
[2026-08-13T17:09:06] SAMPLE t=61s phase=Loss_spike adaptation=with_ML throughput_gbps=8.556 latency_ms=71.3945
[2026-08-13T17:09:07] SAMPLE t=62s phase=Loss_spike adaptation=with_ML throughput_gbps=7.6754 latency_ms=69.5288
[2026-08-13T17:09:08] SAMPLE t=63s phase=Loss_spike adaptation=with_ML throughput_gbps=6.545 latency_ms=70.2806
[2026-08-13T17:09:09] SAMPLE t=64s phase=Loss_spike adaptation=with_ML throughput_gbps=6.1454 latency_ms=72.6611
[2026-08-13T17:09:10] SAMPLE t=65s phase=Loss_spike adaptation=with_ML throughput_gbps=7.2648 latency_ms=69.2726
[2026-08-13T17:09:11] SAMPLE t=66s phase=Loss_spike adaptation=with_ML throughput_gbps=8.5458 latency_ms=70.1157
[2026-08-13T17:09:12] SAMPLE t=67s phase=Loss_spike adaptation=with_ML throughput_gbps=8.0489 latency_ms=71.3114
[2026-08-13T17:09:13] SAMPLE t=68s phase=Loss_spike adaptation=with_ML throughput_gbps=6.8508 latency_ms=68.2413
[2026-08-13T17:09:14] SAMPLE t=69s phase=Loss_spike adaptation=with_ML throughput_gbps=6.1356 latency_ms=68.8914
[2026-08-13T17:09:15] SAMPLE t=70s phase=Loss_spike adaptation=with_ML throughput_gbps=7.4146 latency_ms=67.4257
[2026-08-13T17:09:16] SAMPLE t=71s phase=Loss_spike adaptation=with_ML throughput_gbps=8.581 latency_ms=71.3127
[2026-08-13T17:09:17] SAMPLE t=72s phase=Loss_spike adaptation=with_ML throughput_gbps=7.7916 latency_ms=69.6453
[2026-08-13T17:09:18] SAMPLE t=73s phase=Loss_spike adaptation=with_ML throughput_gbps=6.6246 latency_ms=68.5981
[2026-08-13T17:09:19] SAMPLE t=74s phase=Loss_spike adaptation=with_ML throughput_gbps=6.5574 latency_ms=70.357
[2026-08-13T17:09:20] SAMPLE t=75s phase=Loss_spike adaptation=with_ML throughput_gbps=7.2152 latency_ms=67.1638
[2026-08-13T17:09:21] SAMPLE t=76s phase=Loss_spike adaptation=with_ML throughput_gbps=7.9179 latency_ms=70.5899
[2026-08-13T17:09:22] SAMPLE t=77s phase=Loss_spike adaptation=with_ML throughput_gbps=7.9724 latency_ms=70.6193
[2026-08-13T17:09:23] SAMPLE t=78s phase=Loss_spike adaptation=with_ML throughput_gbps=6.7254 latency_ms=68.1385
[2026-08-13T17:09:24] SAMPLE t=79s phase=Loss_spike adaptation=with_ML throughput_gbps=6.0984 latency_ms=70.7424
[2026-08-13T17:09:25] SAMPLE t=80s phase=Recovery adaptation=with_ML throughput_gbps=8.187 latency_ms=65.6484
[2026-08-13T17:09:26] SAMPLE t=81s phase=Recovery adaptation=with_ML throughput_gbps=7.9618 latency_ms=67.0227
[2026-08-13T17:09:27] SAMPLE t=82s phase=Recovery adaptation=with_ML throughput_gbps=8.0249 latency_ms=65.7328
[2026-08-13T17:09:28] SAMPLE t=83s phase=Recovery adaptation=with_ML throughput_gbps=8.0204 latency_ms=67.0989
[2026-08-13T17:09:29] SAMPLE t=84s phase=Recovery adaptation=with_ML throughput_gbps=8.7969 latency_ms=64.9094
[2026-08-13T17:09:30] SAMPLE t=85s phase=Recovery adaptation=with_ML throughput_gbps=7.8562 latency_ms=66.9423
[2026-08-13T17:09:31] SAMPLE t=86s phase=Recovery adaptation=with_ML throughput_gbps=8.1848 latency_ms=65.0816
[2026-08-13T17:09:32] SAMPLE t=87s phase=Recovery adaptation=with_ML throughput_gbps=7.935 latency_ms=64.3525
[2026-08-13T17:09:33] SAMPLE t=88s phase=Recovery adaptation=with_ML throughput_gbps=8.3891 latency_ms=63.183
[2026-08-13T17:09:34] SAMPLE t=89s phase=Recovery adaptation=with_ML throughput_gbps=8.2544 latency_ms=63.5866
[2026-08-13T17:09:35] SAMPLE t=90s phase=Recovery adaptation=with_ML throughput_gbps=8.2163 latency_ms=65.4912
[2026-08-13T17:09:36] SAMPLE t=91s phase=Recovery adaptation=with_ML throughput_gbps=8.2274 latency_ms=66.2002
[2026-08-13T17:09:37] SAMPLE t=92s phase=Recovery adaptation=with_ML throughput_gbps=8.4665 latency_ms=68.0195
[2026-08-13T17:09:38] SAMPLE t=93s phase=Recovery adaptation=with_ML throughput_gbps=8.5329 latency_ms=67.4116
[2026-08-13T17:09:39] SAMPLE t=94s phase=Recovery adaptation=with_ML throughput_gbps=8.1693 latency_ms=64.9275
[2026-08-13T17:09:40] SAMPLE t=95s phase=Recovery adaptation=with_ML throughput_gbps=8.0616 latency_ms=67.772
[2026-08-13T17:09:41] SAMPLE t=96s phase=Recovery adaptation=with_ML throughput_gbps=8.4643 latency_ms=63.307
[2026-08-13T17:09:42] SAMPLE t=97s phase=Recovery adaptation=with_ML throughput_gbps=8.5504 latency_ms=64.9493
[2026-08-13T17:09:43] SAMPLE t=98s phase=Recovery adaptation=with_ML throughput_gbps=8.2523 latency_ms=64.7926
[2026-08-13T17:09:44] SAMPLE t=99s phase=Recovery adaptation=with_ML throughput_gbps=8.5005 latency_ms=63.9223
[2026-08-13T17:08:05] SAMPLE t=0s phase=Stable adaptation=without_ML throughput_gbps=7.9229 latency_ms=65.267
[2026-08-13T17:08:06] SAMPLE t=1s phase=Stable adaptation=without_ML throughput_gbps=7.7041 latency_ms=66.7003
[2026-08-13T17:08:07] SAMPLE t=2s phase=Stable adaptation=without_ML throughput_gbps=8.1436 latency_ms=66.2405
[2026-08-13T17:08:08] SAMPLE t=3s phase=Stable adaptation=without_ML throughput_gbps=8.0789 latency_ms=66.6804
[2026-08-13T17:08:09] SAMPLE t=4s phase=Stable adaptation=without_ML throughput_gbps=8.079 latency_ms=65.9346
[2026-08-13T17:08:10] SAMPLE t=5s phase=Stable adaptation=without_ML throughput_gbps=7.8546 latency_ms=66.7578
[2026-08-13T17:08:11] SAMPLE t=6s phase=Stable adaptation=without_ML throughput_gbps=7.687 latency_ms=65.4451
[2026-08-13T17:08:12] SAMPLE t=7s phase=Stable adaptation=without_ML throughput_gbps=7.5944 latency_ms=66.2619
[2026-08-13T17:08:13] SAMPLE t=8s phase=Stable adaptation=without_ML throughput_gbps=8.0226 latency_ms=65.7269
[2026-08-13T17:08:14] SAMPLE t=9s phase=Stable adaptation=without_ML throughput_gbps=8.1747 latency_ms=65.3224
[2026-08-13T17:08:15] SAMPLE t=10s phase=Stable adaptation=without_ML throughput_gbps=8.1201 latency_ms=65.4613
[2026-08-13T17:08:16] SAMPLE t=11s phase=Stable adaptation=without_ML throughput_gbps=8.3986 latency_ms=68.9013
[2026-08-13T17:08:17] SAMPLE t=12s phase=Stable adaptation=without_ML throughput_gbps=7.5358 latency_ms=66.001
[2026-08-13T17:08:18] SAMPLE t=13s phase=Stable adaptation=without_ML throughput_gbps=8.3359 latency_ms=65.6453
[2026-08-13T17:08:19] SAMPLE t=14s phase=Stable adaptation=without_ML throughput_gbps=7.6403 latency_ms=64.824
[2026-08-13T17:08:20] SAMPLE t=15s phase=Stable adaptation=without_ML throughput_gbps=7.5829 latency_ms=65.1751
[2026-08-13T17:08:21] SAMPLE t=16s phase=Stable adaptation=without_ML throughput_gbps=7.4769 latency_ms=65.4501
[2026-08-13T17:08:22] SAMPLE t=17s phase=Stable adaptation=without_ML throughput_gbps=7.975 latency_ms=65.0563
[2026-08-13T17:08:23] SAMPLE t=18s phase=Stable adaptation=without_ML throughput_gbps=8.4631 latency_ms=65.3607
[2026-08-13T17:08:24] SAMPLE t=19s phase=Stable adaptation=without_ML throughput_gbps=8.1448 latency_ms=68.7789
[2026-08-13T17:08:25] SAMPLE t=20s phase=Congestion adaptation=without_ML throughput_gbps=7.9348 latency_ms=62.9698
[2026-08-13T17:08:26] SAMPLE t=21s phase=Congestion adaptation=without_ML throughput_gbps=7.8155 latency_ms=64.2335
[2026-08-13T17:08:27] SAMPLE t=22s phase=Congestion adaptation=without_ML throughput_gbps=8.3255 latency_ms=67.7729
[2026-08-13T17:08:28] SAMPLE t=23s phase=Congestion adaptation=without_ML throughput_gbps=8.0272 latency_ms=65.1203
[2026-08-13T17:08:29] SAMPLE t=24s phase=Congestion adaptation=without_ML throughput_gbps=8.2884 latency_ms=66.6079
[2026-08-13T17:08:30] SAMPLE t=25s phase=Congestion adaptation=without_ML throughput_gbps=7.7026 latency_ms=67.953
[2026-08-13T17:08:31] SAMPLE t=26s phase=Congestion adaptation=without_ML throughput_gbps=7.8299 latency_ms=65.2544
[2026-08-13T17:08:32] SAMPLE t=27s phase=Congestion adaptation=without_ML throughput_gbps=8.2592 latency_ms=63.8118
[2026-08-13T17:08:33] SAMPLE t=28s phase=Congestion adaptation=without_ML throughput_gbps=8.0578 latency_ms=65.5836
[2026-08-13T17:08:34] SAMPLE t=29s phase=Congestion adaptation=without_ML throughput_gbps=7.9863 latency_ms=66.1537
[2026-08-13T17:08:35] SAMPLE t=30s phase=Congestion adaptation=without_ML throughput_gbps=7.9783 latency_ms=65.1017
[2026-08-13T17:08:36] SAMPLE t=31s phase=Congestion adaptation=without_ML throughput_gbps=7.752 latency_ms=64.077
[2026-08-13T17:08:37] SAMPLE t=32s phase=Congestion adaptation=without_ML throughput_gbps=8.3259 latency_ms=66.5063
[2026-08-13T17:08:38] SAMPLE t=33s phase=Congestion adaptation=without_ML throughput_gbps=8.4884 latency_ms=64.943
[2026-08-13T17:08:39] SAMPLE t=34s phase=Congestion adaptation=without_ML throughput_gbps=8.0799 latency_ms=64.2112
[2026-08-13T17:08:40] SAMPLE t=35s phase=Congestion adaptation=without_ML throughput_gbps=7.6855 latency_ms=65.5861
[2026-08-13T17:08:41] SAMPLE t=36s phase=Congestion adaptation=without_ML throughput_gbps=8.0843 latency_ms=67.7201
[2026-08-13T17:08:42] SAMPLE t=37s phase=Congestion adaptation=without_ML throughput_gbps=7.6808 latency_ms=67.024
[2026-08-13T17:08:43] SAMPLE t=38s phase=Congestion adaptation=without_ML throughput_gbps=7.7669 latency_ms=65.7998
[2026-08-13T17:08:44] SAMPLE t=39s phase=Congestion adaptation=without_ML throughput_gbps=7.9641 latency_ms=65.9899
[2026-08-13T17:08:45] SAMPLE t=40s phase=Path_change adaptation=without_ML throughput_gbps=7.9456 latency_ms=65.2701
[2026-08-13T17:08:46] SAMPLE t=41s phase=Path_change adaptation=without_ML throughput_gbps=7.9535 latency_ms=67.1166
[2026-08-13T17:08:47] SAMPLE t=42s phase=Path_change adaptation=without_ML throughput_gbps=7.2941 latency_ms=68.8281
[2026-08-13T17:08:48] SAMPLE t=43s phase=Path_change adaptation=without_ML throughput_gbps=7.3742 latency_ms=66.457
[2026-08-13T17:08:49] SAMPLE t=44s phase=Path_change adaptation=without_ML throughput_gbps=6.7162 latency_ms=71.2215
[2026-08-13T17:08:50] SAMPLE t=45s phase=Path_change adaptation=without_ML throughput_gbps=6.1478 latency_ms=71.2663
[2026-08-13T17:08:51] SAMPLE t=46s phase=Path_change adaptation=without_ML throughput_gbps=6.109 latency_ms=72.6294
[2026-08-13T17:08:52] SAMPLE t=47s phase=Path_change adaptation=without_ML throughput_gbps=6.0112 latency_ms=72.0158
[2026-08-13T17:08:53] SAMPLE t=48s phase=Path_change adaptation=without_ML throughput_gbps=5.8966 latency_ms=73.7732
[2026-08-13T17:08:54] SAMPLE t=49s phase=Path_change adaptation=without_ML throughput_gbps=5.9692 latency_ms=75.2529
[2026-08-13T17:08:55] SAMPLE t=50s phase=Path_change adaptation=without_ML throughput_gbps=5.6437 latency_ms=75.6709
[2026-08-13T17:08:56] SAMPLE t=51s phase=Path_change adaptation=without_ML throughput_gbps=5.7178 latency_ms=70.754
[2026-08-13T17:08:57] SAMPLE t=52s phase=Path_change adaptation=without_ML throughput_gbps=5.8169 latency_ms=71.8533
[2026-08-13T17:08:58] SAMPLE t=53s phase=Path_change adaptation=without_ML throughput_gbps=6.0627 latency_ms=74.6244
[2026-08-13T17:08:59] SAMPLE t=54s phase=Path_change adaptation=without_ML throughput_gbps=6.2158 latency_ms=72.6109
[2026-08-13T17:09:00] SAMPLE t=55s phase=Path_change adaptation=without_ML throughput_gbps=6.7475 latency_ms=70.9017
[2026-08-13T17:09:01] SAMPLE t=56s phase=Path_change adaptation=without_ML throughput_gbps=6.7152 latency_ms=70.9556
[2026-08-13T17:09:02] SAMPLE t=57s phase=Path_change adaptation=without_ML throughput_gbps=6.7202 latency_ms=68.9987
[2026-08-13T17:09:03] SAMPLE t=58s phase=Path_change adaptation=without_ML throughput_gbps=7.4041 latency_ms=66.4975
[2026-08-13T17:09:04] SAMPLE t=59s phase=Path_change adaptation=without_ML throughput_gbps=7.6606 latency_ms=64.3134
[2026-08-13T17:09:05] SAMPLE t=60s phase=Loss_spike adaptation=without_ML throughput_gbps=6.2305 latency_ms=69.7153
[2026-08-13T17:09:06] SAMPLE t=61s phase=Loss_spike adaptation=without_ML throughput_gbps=8.163 latency_ms=78.0215
[2026-08-13T17:09:07] SAMPLE t=62s phase=Loss_spike adaptation=without_ML throughput_gbps=7.5727 latency_ms=75.4809
[2026-08-13T17:09:08] SAMPLE t=63s phase=Loss_spike adaptation=without_ML throughput_gbps=4.9165 latency_ms=74.6504
[2026-08-13T17:09:09] SAMPLE t=64s phase=Loss_spike adaptation=without_ML throughput_gbps=4.1857 latency_ms=80.362
[2026-08-13T17:09:10] SAMPLE t=65s phase=Loss_spike adaptation=without_ML throughput_gbps=6.2259 latency_ms=69.4949
[2026-08-13T17:09:11] SAMPLE t=66s phase=Loss_spike adaptation=without_ML throughput_gbps=8.0606 latency_ms=79.2193
[2026-08-13T17:09:12] SAMPLE t=67s phase=Loss_spike adaptation=without_ML throughput_gbps=7.8781 latency_ms=76.0032
[2026-08-13T17:09:13] SAMPLE t=68s phase=Loss_spike adaptation=without_ML throughput_gbps=4.7469 latency_ms=75.4926
[2026-08-13T17:09:14] SAMPLE t=69s phase=Loss_spike adaptation=without_ML throughput_gbps=4.0083 latency_ms=79.1262
[2026-08-13T17:09:15] SAMPLE t=70s phase=Loss_spike adaptation=without_ML throughput_gbps=6.1856 latency_ms=68.8416
[2026-08-13T17:09:16] SAMPLE t=71s phase=Loss_spike adaptation=without_ML throughput_gbps=8.2672 latency_ms=81.8214
[2026-08-13T17:09:17] SAMPLE t=72s phase=Loss_spike adaptation=without_ML throughput_gbps=7.3625 latency_ms=74.1731
[2026-08-13T17:09:18] SAMPLE t=73s phase=Loss_spike adaptation=without_ML throughput_gbps=4.6478 latency_ms=73.4359
[2026-08-13T17:09:19] SAMPLE t=74s phase=Loss_spike adaptation=without_ML throughput_gbps=4.0633 latency_ms=77.5952
[2026-08-13T17:09:20] SAMPLE t=75s phase=Loss_spike adaptation=without_ML throughput_gbps=5.9992 latency_ms=68.8337
[2026-08-13T17:09:21] SAMPLE t=76s phase=Loss_spike adaptation=without_ML throughput_gbps=8.2577 latency_ms=79.51
[2026-08-13T17:09:22] SAMPLE t=77s phase=Loss_spike adaptation=without_ML throughput_gbps=7.1779 latency_ms=76.8279
[2026-08-13T17:09:23] SAMPLE t=78s phase=Loss_spike adaptation=without_ML throughput_gbps=4.7839 latency_ms=78.1066
[2026-08-13T17:09:24] SAMPLE t=79s phase=Loss_spike adaptation=without_ML throughput_gbps=4.0532 latency_ms=76.9996
[2026-08-13T17:09:25] SAMPLE t=80s phase=Recovery adaptation=without_ML throughput_gbps=8.1344 latency_ms=66.7859
[2026-08-13T17:09:26] SAMPLE t=81s phase=Recovery adaptation=without_ML throughput_gbps=7.7845 latency_ms=65.7552
[2026-08-13T17:09:27] SAMPLE t=82s phase=Recovery adaptation=without_ML throughput_gbps=8.5489 latency_ms=66.8546
[2026-08-13T17:09:28] SAMPLE t=83s phase=Recovery adaptation=without_ML throughput_gbps=7.9418 latency_ms=66.4655
[2026-08-13T17:09:29] SAMPLE t=84s phase=Recovery adaptation=without_ML throughput_gbps=7.8874 latency_ms=64.8101
[2026-08-13T17:09:30] SAMPLE t=85s phase=Recovery adaptation=without_ML throughput_gbps=7.9416 latency_ms=64.9663
[2026-08-13T17:09:31] SAMPLE t=86s phase=Recovery adaptation=without_ML throughput_gbps=7.6106 latency_ms=64.9712
[2026-08-13T17:09:32] SAMPLE t=87s phase=Recovery adaptation=without_ML throughput_gbps=8.1732 latency_ms=66.1098
[2026-08-13T17:09:33] SAMPLE t=88s phase=Recovery adaptation=without_ML throughput_gbps=8.3126 latency_ms=67.8416
[2026-08-13T17:09:34] SAMPLE t=89s phase=Recovery adaptation=without_ML throughput_gbps=8.2035 latency_ms=66.2008
[2026-08-13T17:09:35] SAMPLE t=90s phase=Recovery adaptation=without_ML throughput_gbps=7.9464 latency_ms=66.9784
[2026-08-13T17:09:36] SAMPLE t=91s phase=Recovery adaptation=without_ML throughput_gbps=8.2495 latency_ms=66.0802
[2026-08-13T17:09:37] SAMPLE t=92s phase=Recovery adaptation=without_ML throughput_gbps=8.1553 latency_ms=67.327
[2026-08-13T17:09:38] SAMPLE t=93s phase=Recovery adaptation=without_ML throughput_gbps=7.8723 latency_ms=66.8452
[2026-08-13T17:09:39] SAMPLE t=94s phase=Recovery adaptation=without_ML throughput_gbps=7.7224 latency_ms=65.7246
[2026-08-13T17:09:40] SAMPLE t=95s phase=Recovery adaptation=without_ML throughput_gbps=8.1268 latency_ms=68.3059
[2026-08-13T17:09:41] SAMPLE t=96s phase=Recovery adaptation=without_ML throughput_gbps=8.2559 latency_ms=65.3032
[2026-08-13T17:09:42] SAMPLE t=97s phase=Recovery adaptation=without_ML throughput_gbps=7.791 latency_ms=66.6427
[2026-08-13T17:09:43] SAMPLE t=98s phase=Recovery adaptation=without_ML throughput_gbps=8.19 latency_ms=66.6088
[2026-08-13T17:09:44] SAMPLE t=99s phase=Recovery adaptation=without_ML throughput_gbps=8.1906 latency_ms=65.3182
[2026-08-13T17:08:05] TRACE_END run_id=90 status=OK
[2026-08-13T17:11:01] TRACE_START run_id=91
[2026-08-13T17:11:01] SAMPLE t=0s phase=Stable adaptation=with_ML throughput_gbps=7.8138 latency_ms=64.8808
[2026-08-13T17:11:02] SAMPLE t=1s phase=Stable adaptation=with_ML throughput_gbps=7.9248 latency_ms=67.8108
[2026-08-13T17:11:03] SAMPLE t=2s phase=Stable adaptation=with_ML throughput_gbps=7.9394 latency_ms=69.1495
[2026-08-13T17:11:04] SAMPLE t=3s phase=Stable adaptation=with_ML throughput_gbps=8.184 latency_ms=66.7137
[2026-08-13T17:11:05] SAMPLE t=4s phase=Stable adaptation=with_ML throughput_gbps=8.2863 latency_ms=67.7831
[2026-08-13T17:11:06] SAMPLE t=5s phase=Stable adaptation=with_ML throughput_gbps=8.1454 latency_ms=63.6505
[2026-08-13T17:11:07] SAMPLE t=6s phase=Stable adaptation=with_ML throughput_gbps=7.9161 latency_ms=66.5551
[2026-08-13T17:11:08] SAMPLE t=7s phase=Stable adaptation=with_ML throughput_gbps=8.3535 latency_ms=65.8109
[2026-08-13T17:11:09] SAMPLE t=8s phase=Stable adaptation=with_ML throughput_gbps=8.0585 latency_ms=64.6707
[2026-08-13T17:11:10] SAMPLE t=9s phase=Stable adaptation=with_ML throughput_gbps=8.2962 latency_ms=66.3237
[2026-08-13T17:11:11] SAMPLE t=10s phase=Stable adaptation=with_ML throughput_gbps=8.2996 latency_ms=66.1216
[2026-08-13T17:11:12] SAMPLE t=11s phase=Stable adaptation=with_ML throughput_gbps=7.6424 latency_ms=67.4968
[2026-08-13T17:11:13] SAMPLE t=12s phase=Stable adaptation=with_ML throughput_gbps=8.1087 latency_ms=65.9498
[2026-08-13T17:11:14] SAMPLE t=13s phase=Stable adaptation=with_ML throughput_gbps=8.3276 latency_ms=65.6471
[2026-08-13T17:11:15] SAMPLE t=14s phase=Stable adaptation=with_ML throughput_gbps=8.0698 latency_ms=67.6363
[2026-08-13T17:11:16] SAMPLE t=15s phase=Stable adaptation=with_ML throughput_gbps=8.1346 latency_ms=65.6641
[2026-08-13T17:11:17] SAMPLE t=16s phase=Stable adaptation=with_ML throughput_gbps=7.9425 latency_ms=68.1577
[2026-08-13T17:11:18] SAMPLE t=17s phase=Stable adaptation=with_ML throughput_gbps=8.1814 latency_ms=68.0994
[2026-08-13T17:11:19] SAMPLE t=18s phase=Stable adaptation=with_ML throughput_gbps=8.2363 latency_ms=66.3851
[2026-08-13T17:11:20] SAMPLE t=19s phase=Stable adaptation=with_ML throughput_gbps=8.2668 latency_ms=66.0247
[2026-08-13T17:11:21] SAMPLE t=20s phase=Congestion adaptation=with_ML throughput_gbps=7.8313 latency_ms=66.4019
[2026-08-13T17:11:22] SAMPLE t=21s phase=Congestion adaptation=with_ML throughput_gbps=7.8181 latency_ms=67.6421
[2026-08-13T17:11:23] SAMPLE t=22s phase=Congestion adaptation=with_ML throughput_gbps=8.6346 latency_ms=65.2032
[2026-08-13T17:11:24] SAMPLE t=23s phase=Congestion adaptation=with_ML throughput_gbps=8.2603 latency_ms=67.7249
[2026-08-13T17:11:25] SAMPLE t=24s phase=Congestion adaptation=with_ML throughput_gbps=8.0226 latency_ms=65.825
[2026-08-13T17:11:26] SAMPLE t=25s phase=Congestion adaptation=with_ML throughput_gbps=8.1681 latency_ms=66.6928
[2026-08-13T17:11:27] SAMPLE t=26s phase=Congestion adaptation=with_ML throughput_gbps=8.2228 latency_ms=65.9847
[2026-08-13T17:11:28] SAMPLE t=27s phase=Congestion adaptation=with_ML throughput_gbps=8.1035 latency_ms=67.3412
[2026-08-13T17:11:29] SAMPLE t=28s phase=Congestion adaptation=with_ML throughput_gbps=8.5032 latency_ms=65.0558
[2026-08-13T17:11:30] SAMPLE t=29s phase=Congestion adaptation=with_ML throughput_gbps=7.9442 latency_ms=68.7196
[2026-08-13T17:11:31] SAMPLE t=30s phase=Congestion adaptation=with_ML throughput_gbps=8.0173 latency_ms=67.0715
[2026-08-13T17:11:32] SAMPLE t=31s phase=Congestion adaptation=with_ML throughput_gbps=8.0394 latency_ms=67.5481
[2026-08-13T17:11:33] SAMPLE t=32s phase=Congestion adaptation=with_ML throughput_gbps=8.0824 latency_ms=64.5951
[2026-08-13T17:11:34] SAMPLE t=33s phase=Congestion adaptation=with_ML throughput_gbps=7.8336 latency_ms=65.7835
[2026-08-13T17:11:35] SAMPLE t=34s phase=Congestion adaptation=with_ML throughput_gbps=7.9713 latency_ms=68.4803
[2026-08-13T17:11:36] SAMPLE t=35s phase=Congestion adaptation=with_ML throughput_gbps=8.1516 latency_ms=65.2641
[2026-08-13T17:11:37] SAMPLE t=36s phase=Congestion adaptation=with_ML throughput_gbps=8.0416 latency_ms=70.4215
[2026-08-13T17:11:38] SAMPLE t=37s phase=Congestion adaptation=with_ML throughput_gbps=8.3075 latency_ms=67.5361
[2026-08-13T17:11:39] SAMPLE t=38s phase=Congestion adaptation=with_ML throughput_gbps=7.9812 latency_ms=65.3607
[2026-08-13T17:11:40] SAMPLE t=39s phase=Congestion adaptation=with_ML throughput_gbps=8.0972 latency_ms=65.5627
[2026-08-13T17:11:41] SAMPLE t=40s phase=Path_change adaptation=with_ML throughput_gbps=8.3206 latency_ms=67.0107
[2026-08-13T17:11:42] SAMPLE t=41s phase=Path_change adaptation=with_ML throughput_gbps=7.9962 latency_ms=64.6539
[2026-08-13T17:11:43] SAMPLE t=42s phase=Path_change adaptation=with_ML throughput_gbps=8.2629 latency_ms=67.273
[2026-08-13T17:11:44] SAMPLE t=43s phase=Path_change adaptation=with_ML throughput_gbps=7.665 latency_ms=67.1454
[2026-08-13T17:11:45] SAMPLE t=44s phase=Path_change adaptation=with_ML throughput_gbps=7.3708 latency_ms=66.4146
[2026-08-13T17:11:46] SAMPLE t=45s phase=Path_change adaptation=with_ML throughput_gbps=7.5381 latency_ms=66.929
[2026-08-13T17:11:47] SAMPLE t=46s phase=Path_change adaptation=with_ML throughput_gbps=7.3323 latency_ms=69.6578
[2026-08-13T17:11:48] SAMPLE t=47s phase=Path_change adaptation=with_ML throughput_gbps=7.2588 latency_ms=67.333
[2026-08-13T17:11:49] SAMPLE t=48s phase=Path_change adaptation=with_ML throughput_gbps=7.4685 latency_ms=67.8681
[2026-08-13T17:11:50] SAMPLE t=49s phase=Path_change adaptation=with_ML throughput_gbps=7.2658 latency_ms=69.1762
[2026-08-13T17:11:51] SAMPLE t=50s phase=Path_change adaptation=with_ML throughput_gbps=6.8623 latency_ms=67.8811
[2026-08-13T17:11:52] SAMPLE t=51s phase=Path_change adaptation=with_ML throughput_gbps=7.206 latency_ms=68.0951
[2026-08-13T17:11:53] SAMPLE t=52s phase=Path_change adaptation=with_ML throughput_gbps=7.0844 latency_ms=68.0924
[2026-08-13T17:11:54] SAMPLE t=53s phase=Path_change adaptation=with_ML throughput_gbps=7.454 latency_ms=66.6851
[2026-08-13T17:11:55] SAMPLE t=54s phase=Path_change adaptation=with_ML throughput_gbps=7.743 latency_ms=69.2318
[2026-08-13T17:11:56] SAMPLE t=55s phase=Path_change adaptation=with_ML throughput_gbps=7.3004 latency_ms=68.1637
[2026-08-13T17:11:57] SAMPLE t=56s phase=Path_change adaptation=with_ML throughput_gbps=7.1749 latency_ms=65.6566
[2026-08-13T17:11:58] SAMPLE t=57s phase=Path_change adaptation=with_ML throughput_gbps=7.3848 latency_ms=68.8306
[2026-08-13T17:11:59] SAMPLE t=58s phase=Path_change adaptation=with_ML throughput_gbps=7.7651 latency_ms=68.4171
[2026-08-13T17:12:00] SAMPLE t=59s phase=Path_change adaptation=with_ML throughput_gbps=7.8348 latency_ms=67.2861
[2026-08-13T17:12:01] SAMPLE t=60s phase=Loss_spike adaptation=with_ML throughput_gbps=7.2937 latency_ms=68.837
[2026-08-13T17:12:02] SAMPLE t=61s phase=Loss_spike adaptation=with_ML throughput_gbps=8.378 latency_ms=70.6271
[2026-08-13T17:12:03] SAMPLE t=62s phase=Loss_spike adaptation=with_ML throughput_gbps=7.67 latency_ms=71.2398
[2026-08-13T17:12:04] SAMPLE t=63s phase=Loss_spike adaptation=with_ML throughput_gbps=6.4394 latency_ms=69.0612
[2026-08-13T17:12:05] SAMPLE t=64s phase=Loss_spike adaptation=with_ML throughput_gbps=6.2708 latency_ms=70.5138
[2026-08-13T17:12:06] SAMPLE t=65s phase=Loss_spike adaptation=with_ML throughput_gbps=7.0758 latency_ms=68.5981
[2026-08-13T17:12:07] SAMPLE t=66s phase=Loss_spike adaptation=with_ML throughput_gbps=8.3014 latency_ms=71.1747
[2026-08-13T17:12:08] SAMPLE t=67s phase=Loss_spike adaptation=with_ML throughput_gbps=7.8356 latency_ms=69.6378
[2026-08-13T17:12:09] SAMPLE t=68s phase=Loss_spike adaptation=with_ML throughput_gbps=7.0001 latency_ms=73.3879
[2026-08-13T17:12:10] SAMPLE t=69s phase=Loss_spike adaptation=with_ML throughput_gbps=5.9926 latency_ms=70.6961
[2026-08-13T17:12:11] SAMPLE t=70s phase=Loss_spike adaptation=with_ML throughput_gbps=7.3714 latency_ms=67.8513
[2026-08-13T17:12:12] SAMPLE t=71s phase=Loss_spike adaptation=with_ML throughput_gbps=8.5269 latency_ms=73.2577
[2026-08-13T17:12:13] SAMPLE t=72s phase=Loss_spike adaptation=with_ML throughput_gbps=7.6486 latency_ms=71.5595
[2026-08-13T17:12:14] SAMPLE t=73s phase=Loss_spike adaptation=with_ML throughput_gbps=6.8196 latency_ms=69.7234
[2026-08-13T17:12:15] SAMPLE t=74s phase=Loss_spike adaptation=with_ML throughput_gbps=6.1255 latency_ms=71.6922
[2026-08-13T17:12:16] SAMPLE t=75s phase=Loss_spike adaptation=with_ML throughput_gbps=7.1409 latency_ms=68.2997
[2026-08-13T17:12:17] SAMPLE t=76s phase=Loss_spike adaptation=with_ML throughput_gbps=8.9338 latency_ms=69.9067
[2026-08-13T17:12:18] SAMPLE t=77s phase=Loss_spike adaptation=with_ML throughput_gbps=7.7969 latency_ms=66.9526
[2026-08-13T17:12:19] SAMPLE t=78s phase=Loss_spike adaptation=with_ML throughput_gbps=6.752 latency_ms=68.5913
[2026-08-13T17:12:20] SAMPLE t=79s phase=Loss_spike adaptation=with_ML throughput_gbps=6.4494 latency_ms=68.9289
[2026-08-13T17:12:21] SAMPLE t=80s phase=Recovery adaptation=with_ML throughput_gbps=8.2221 latency_ms=67.5287
[2026-08-13T17:12:22] SAMPLE t=81s phase=Recovery adaptation=with_ML throughput_gbps=8.2264 latency_ms=65.4264
[2026-08-13T17:12:23] SAMPLE t=82s phase=Recovery adaptation=with_ML throughput_gbps=8.5265 latency_ms=64.8788
[2026-08-13T17:12:24] SAMPLE t=83s phase=Recovery adaptation=with_ML throughput_gbps=8.4579 latency_ms=67.3757
[2026-08-13T17:12:25] SAMPLE t=84s phase=Recovery adaptation=with_ML throughput_gbps=8.5605 latency_ms=65.3127
[2026-08-13T17:12:26] SAMPLE t=85s phase=Recovery adaptation=with_ML throughput_gbps=8.5296 latency_ms=65.5508
[2026-08-13T17:12:27] SAMPLE t=86s phase=Recovery adaptation=with_ML throughput_gbps=8.4637 latency_ms=66.0224
[2026-08-13T17:12:28] SAMPLE t=87s phase=Recovery adaptation=with_ML throughput_gbps=8.1398 latency_ms=66.9112
[2026-08-13T17:12:29] SAMPLE t=88s phase=Recovery adaptation=with_ML throughput_gbps=7.9233 latency_ms=65.7398
[2026-08-13T17:12:30] SAMPLE t=89s phase=Recovery adaptation=with_ML throughput_gbps=8.3546 latency_ms=63.9515
[2026-08-13T17:12:31] SAMPLE t=90s phase=Recovery adaptation=with_ML throughput_gbps=7.9556 latency_ms=66.0031
[2026-08-13T17:12:32] SAMPLE t=91s phase=Recovery adaptation=with_ML throughput_gbps=8.1167 latency_ms=65.5781
[2026-08-13T17:12:33] SAMPLE t=92s phase=Recovery adaptation=with_ML throughput_gbps=8.3851 latency_ms=64.3496
[2026-08-13T17:12:34] SAMPLE t=93s phase=Recovery adaptation=with_ML throughput_gbps=8.476 latency_ms=66.2435
[2026-08-13T17:12:35] SAMPLE t=94s phase=Recovery adaptation=with_ML throughput_gbps=8.72 latency_ms=64.7478
[2026-08-13T17:12:36] SAMPLE t=95s phase=Recovery adaptation=with_ML throughput_gbps=8.3427 latency_ms=64.9182
[2026-08-13T17:12:37] SAMPLE t=96s phase=Recovery adaptation=with_ML throughput_gbps=8.3874 latency_ms=63.1232
[2026-08-13T17:12:38] SAMPLE t=97s phase=Recovery adaptation=with_ML throughput_gbps=8.4822 latency_ms=64.2615
[2026-08-13T17:12:39] SAMPLE t=98s phase=Recovery adaptation=with_ML throughput_gbps=8.0153 latency_ms=64.1959
[2026-08-13T17:12:40] SAMPLE t=99s phase=Recovery adaptation=with_ML throughput_gbps=8.1172 latency_ms=65.3477
[2026-08-13T17:11:01] SAMPLE t=0s phase=Stable adaptation=without_ML throughput_gbps=8.1548 latency_ms=68.0022
[2026-08-13T17:11:02] SAMPLE t=1s phase=Stable adaptation=without_ML throughput_gbps=8.1301 latency_ms=66.3249
[2026-08-13T17:11:03] SAMPLE t=2s phase=Stable adaptation=without_ML throughput_gbps=7.6894 latency_ms=64.647
[2026-08-13T17:11:04] SAMPLE t=3s phase=Stable adaptation=without_ML throughput_gbps=8.1734 latency_ms=65.6175
[2026-08-13T17:11:05] SAMPLE t=4s phase=Stable adaptation=without_ML throughput_gbps=7.9811 latency_ms=64.8938
[2026-08-13T17:11:06] SAMPLE t=5s phase=Stable adaptation=without_ML throughput_gbps=8.0452 latency_ms=66.4926
[2026-08-13T17:11:07] SAMPLE t=6s phase=Stable adaptation=without_ML throughput_gbps=8.1268 latency_ms=65.9268
[2026-08-13T17:11:08] SAMPLE t=7s phase=Stable adaptation=without_ML throughput_gbps=8.1092 latency_ms=64.6953
[2026-08-13T17:11:09] SAMPLE t=8s phase=Stable adaptation=without_ML throughput_gbps=8.1367 latency_ms=65.3512
[2026-08-13T17:11:10] SAMPLE t=9s phase=Stable adaptation=without_ML throughput_gbps=8.2127 latency_ms=67.5075
[2026-08-13T17:11:11] SAMPLE t=10s phase=Stable adaptation=without_ML throughput_gbps=8.0517 latency_ms=66.8427
[2026-08-13T17:11:12] SAMPLE t=11s phase=Stable adaptation=without_ML throughput_gbps=7.8533 latency_ms=68.5947
[2026-08-13T17:11:13] SAMPLE t=12s phase=Stable adaptation=without_ML throughput_gbps=7.9899 latency_ms=65.5312
[2026-08-13T17:11:14] SAMPLE t=13s phase=Stable adaptation=without_ML throughput_gbps=8.2592 latency_ms=67.3152
[2026-08-13T17:11:15] SAMPLE t=14s phase=Stable adaptation=without_ML throughput_gbps=8.1849 latency_ms=65.8572
[2026-08-13T17:11:16] SAMPLE t=15s phase=Stable adaptation=without_ML throughput_gbps=8.0504 latency_ms=65.8967
[2026-08-13T17:11:17] SAMPLE t=16s phase=Stable adaptation=without_ML throughput_gbps=7.8748 latency_ms=65.9741
[2026-08-13T17:11:18] SAMPLE t=17s phase=Stable adaptation=without_ML throughput_gbps=8.0 latency_ms=66.9301
[2026-08-13T17:11:19] SAMPLE t=18s phase=Stable adaptation=without_ML throughput_gbps=7.7 latency_ms=66.5185
[2026-08-13T17:11:20] SAMPLE t=19s phase=Stable adaptation=without_ML throughput_gbps=7.9893 latency_ms=66.4454
[2026-08-13T17:11:21] SAMPLE t=20s phase=Congestion adaptation=without_ML throughput_gbps=7.6413 latency_ms=66.38
[2026-08-13T17:11:22] SAMPLE t=21s phase=Congestion adaptation=without_ML throughput_gbps=7.8535 latency_ms=68.9063
[2026-08-13T17:11:23] SAMPLE t=22s phase=Congestion adaptation=without_ML throughput_gbps=7.8971 latency_ms=65.4741
[2026-08-13T17:11:24] SAMPLE t=23s phase=Congestion adaptation=without_ML throughput_gbps=7.8372 latency_ms=64.8361
[2026-08-13T17:11:25] SAMPLE t=24s phase=Congestion adaptation=without_ML throughput_gbps=7.5833 latency_ms=65.1929
[2026-08-13T17:11:26] SAMPLE t=25s phase=Congestion adaptation=without_ML throughput_gbps=8.1648 latency_ms=65.2519
[2026-08-13T17:11:27] SAMPLE t=26s phase=Congestion adaptation=without_ML throughput_gbps=7.9057 latency_ms=64.5676
[2026-08-13T17:11:28] SAMPLE t=27s phase=Congestion adaptation=without_ML throughput_gbps=8.2121 latency_ms=66.8178
[2026-08-13T17:11:29] SAMPLE t=28s phase=Congestion adaptation=without_ML throughput_gbps=8.0423 latency_ms=66.1331
[2026-08-13T17:11:30] SAMPLE t=29s phase=Congestion adaptation=without_ML throughput_gbps=8.2743 latency_ms=64.4852
[2026-08-13T17:11:31] SAMPLE t=30s phase=Congestion adaptation=without_ML throughput_gbps=7.9444 latency_ms=65.3921
[2026-08-13T17:11:32] SAMPLE t=31s phase=Congestion adaptation=without_ML throughput_gbps=8.049 latency_ms=64.2052
[2026-08-13T17:11:33] SAMPLE t=32s phase=Congestion adaptation=without_ML throughput_gbps=7.7873 latency_ms=64.8927
[2026-08-13T17:11:34] SAMPLE t=33s phase=Congestion adaptation=without_ML throughput_gbps=8.4028 latency_ms=68.0387
[2026-08-13T17:11:35] SAMPLE t=34s phase=Congestion adaptation=without_ML throughput_gbps=8.1444 latency_ms=66.5911
[2026-08-13T17:11:36] SAMPLE t=35s phase=Congestion adaptation=without_ML throughput_gbps=7.8523 latency_ms=67.0783
[2026-08-13T17:11:37] SAMPLE t=36s phase=Congestion adaptation=without_ML throughput_gbps=8.1978 latency_ms=64.3364
[2026-08-13T17:11:38] SAMPLE t=37s phase=Congestion adaptation=without_ML throughput_gbps=8.2763 latency_ms=64.7026
[2026-08-13T17:11:39] SAMPLE t=38s phase=Congestion adaptation=without_ML throughput_gbps=8.0317 latency_ms=64.9523
[2026-08-13T17:11:40] SAMPLE t=39s phase=Congestion adaptation=without_ML throughput_gbps=8.1319 latency_ms=65.6266
[2026-08-13T17:11:41] SAMPLE t=40s phase=Path_change adaptation=without_ML throughput_gbps=8.1572 latency_ms=67.4429
[2026-08-13T17:11:42] SAMPLE t=41s phase=Path_change adaptation=without_ML throughput_gbps=7.5341 latency_ms=66.7925
[2026-08-13T17:11:43] SAMPLE t=42s phase=Path_change adaptation=without_ML throughput_gbps=7.07 latency_ms=70.1148
[2026-08-13T17:11:44] SAMPLE t=43s phase=Path_change adaptation=without_ML throughput_gbps=6.8536 latency_ms=72.1016
[2026-08-13T17:11:45] SAMPLE t=44s phase=Path_change adaptation=without_ML throughput_gbps=6.9524 latency_ms=70.503
[2026-08-13T17:11:46] SAMPLE t=45s phase=Path_change adaptation=without_ML throughput_gbps=6.427 latency_ms=70.9962
[2026-08-13T17:11:47] SAMPLE t=46s phase=Path_change adaptation=without_ML throughput_gbps=5.7388 latency_ms=71.3026
[2026-08-13T17:11:48] SAMPLE t=47s phase=Path_change adaptation=without_ML throughput_gbps=6.0435 latency_ms=71.8516
[2026-08-13T17:11:49] SAMPLE t=48s phase=Path_change adaptation=without_ML throughput_gbps=5.8365 latency_ms=72.6513
[2026-08-13T17:11:50] SAMPLE t=49s phase=Path_change adaptation=without_ML throughput_gbps=5.8162 latency_ms=73.4045
[2026-08-13T17:11:51] SAMPLE t=50s phase=Path_change adaptation=without_ML throughput_gbps=5.3779 latency_ms=73.0921
[2026-08-13T17:11:52] SAMPLE t=51s phase=Path_change adaptation=without_ML throughput_gbps=5.4525 latency_ms=72.1646
[2026-08-13T17:11:53] SAMPLE t=52s phase=Path_change adaptation=without_ML throughput_gbps=5.6521 latency_ms=73.8747
[2026-08-13T17:11:54] SAMPLE t=53s phase=Path_change adaptation=without_ML throughput_gbps=6.3962 latency_ms=72.7861
[2026-08-13T17:11:55] SAMPLE t=54s phase=Path_change adaptation=without_ML throughput_gbps=6.0862 latency_ms=73.6733
[2026-08-13T17:11:56] SAMPLE t=55s phase=Path_change adaptation=without_ML throughput_gbps=6.358 latency_ms=69.8351
[2026-08-13T17:11:57] SAMPLE t=56s phase=Path_change adaptation=without_ML throughput_gbps=6.6991 latency_ms=71.5191
[2026-08-13T17:11:58] SAMPLE t=57s phase=Path_change adaptation=without_ML throughput_gbps=6.8929 latency_ms=68.0444
[2026-08-13T17:11:59] SAMPLE t=58s phase=Path_change adaptation=without_ML throughput_gbps=7.478 latency_ms=66.6769
[2026-08-13T17:12:00] SAMPLE t=59s phase=Path_change adaptation=without_ML throughput_gbps=7.4795 latency_ms=66.8403
[2026-08-13T17:12:01] SAMPLE t=60s phase=Loss_spike adaptation=without_ML throughput_gbps=6.262 latency_ms=69.0481
[2026-08-13T17:12:02] SAMPLE t=61s phase=Loss_spike adaptation=without_ML throughput_gbps=8.2053 latency_ms=78.6429
[2026-08-13T17:12:03] SAMPLE t=62s phase=Loss_spike adaptation=without_ML throughput_gbps=7.2814 latency_ms=78.8549
[2026-08-13T17:12:04] SAMPLE t=63s phase=Loss_spike adaptation=without_ML throughput_gbps=4.8608 latency_ms=74.5651
[2026-08-13T17:12:05] SAMPLE t=64s phase=Loss_spike adaptation=without_ML throughput_gbps=3.8092 latency_ms=79.7334
[2026-08-13T17:12:06] SAMPLE t=65s phase=Loss_spike adaptation=without_ML throughput_gbps=6.127 latency_ms=71.4246
[2026-08-13T17:12:07] SAMPLE t=66s phase=Loss_spike adaptation=without_ML throughput_gbps=8.7886 latency_ms=82.784
[2026-08-13T17:12:08] SAMPLE t=67s phase=Loss_spike adaptation=without_ML throughput_gbps=7.2761 latency_ms=73.9966
[2026-08-13T17:12:09] SAMPLE t=68s phase=Loss_spike adaptation=without_ML throughput_gbps=4.9748 latency_ms=73.455
[2026-08-13T17:12:10] SAMPLE t=69s phase=Loss_spike adaptation=without_ML throughput_gbps=3.932 latency_ms=78.7734
[2026-08-13T17:12:11] SAMPLE t=70s phase=Loss_spike adaptation=without_ML throughput_gbps=5.8212 latency_ms=68.4769
[2026-08-13T17:12:12] SAMPLE t=71s phase=Loss_spike adaptation=without_ML throughput_gbps=8.3996 latency_ms=80.2465
[2026-08-13T17:12:13] SAMPLE t=72s phase=Loss_spike adaptation=without_ML throughput_gbps=7.4232 latency_ms=77.7847
[2026-08-13T17:12:14] SAMPLE t=73s phase=Loss_spike adaptation=without_ML throughput_gbps=4.893 latency_ms=75.0696
[2026-08-13T17:12:15] SAMPLE t=74s phase=Loss_spike adaptation=without_ML throughput_gbps=4.1312 latency_ms=78.098
[2026-08-13T17:12:16] SAMPLE t=75s phase=Loss_spike adaptation=without_ML throughput_gbps=6.4136 latency_ms=71.1198
[2026-08-13T17:12:17] SAMPLE t=76s phase=Loss_spike adaptation=without_ML throughput_gbps=8.1507 latency_ms=79.2495
[2026-08-13T17:12:18] SAMPLE t=77s phase=Loss_spike adaptation=without_ML throughput_gbps=7.8008 latency_ms=74.1204
[2026-08-13T17:12:19] SAMPLE t=78s phase=Loss_spike adaptation=without_ML throughput_gbps=5.0018 latency_ms=76.9844
[2026-08-13T17:12:20] SAMPLE t=79s phase=Loss_spike adaptation=without_ML throughput_gbps=4.1407 latency_ms=77.4539
[2026-08-13T17:12:21] SAMPLE t=80s phase=Recovery adaptation=without_ML throughput_gbps=7.9876 latency_ms=68.1852
[2026-08-13T17:12:22] SAMPLE t=81s phase=Recovery adaptation=without_ML throughput_gbps=8.1214 latency_ms=66.5003
[2026-08-13T17:12:23] SAMPLE t=82s phase=Recovery adaptation=without_ML throughput_gbps=7.773 latency_ms=67.1075
[2026-08-13T17:12:24] SAMPLE t=83s phase=Recovery adaptation=without_ML throughput_gbps=8.0156 latency_ms=65.3037
[2026-08-13T17:12:25] SAMPLE t=84s phase=Recovery adaptation=without_ML throughput_gbps=7.79 latency_ms=67.6357
[2026-08-13T17:12:26] SAMPLE t=85s phase=Recovery adaptation=without_ML throughput_gbps=8.0253 latency_ms=64.4341
[2026-08-13T17:12:27] SAMPLE t=86s phase=Recovery adaptation=without_ML throughput_gbps=8.0899 latency_ms=66.317
[2026-08-13T17:12:28] SAMPLE t=87s phase=Recovery adaptation=without_ML throughput_gbps=8.0758 latency_ms=67.0651
[2026-08-13T17:12:29] SAMPLE t=88s phase=Recovery adaptation=without_ML throughput_gbps=8.0274 latency_ms=67.1255
[2026-08-13T17:12:30] SAMPLE t=89s phase=Recovery adaptation=without_ML throughput_gbps=7.7821 latency_ms=63.9866
[2026-08-13T17:12:31] SAMPLE t=90s phase=Recovery adaptation=without_ML throughput_gbps=8.0681 latency_ms=65.1605
[2026-08-13T17:12:32] SAMPLE t=91s phase=Recovery adaptation=without_ML throughput_gbps=7.981 latency_ms=66.9956
[2026-08-13T17:12:33] SAMPLE t=92s phase=Recovery adaptation=without_ML throughput_gbps=8.2285 latency_ms=65.0295
[2026-08-13T17:12:34] SAMPLE t=93s phase=Recovery adaptation=without_ML throughput_gbps=7.7593 latency_ms=65.6113
[2026-08-13T17:12:35] SAMPLE t=94s phase=Recovery adaptation=without_ML throughput_gbps=7.917 latency_ms=65.3804
[2026-08-13T17:12:36] SAMPLE t=95s phase=Recovery adaptation=without_ML throughput_gbps=7.9019 latency_ms=65.6077
[2026-08-13T17:12:37] SAMPLE t=96s phase=Recovery adaptation=without_ML throughput_gbps=7.7098 latency_ms=66.9564
[2026-08-13T17:12:38] SAMPLE t=97s phase=Recovery adaptation=without_ML throughput_gbps=8.298 latency_ms=65.7208
[2026-08-13T17:12:39] SAMPLE t=98s phase=Recovery adaptation=without_ML throughput_gbps=7.9737 latency_ms=63.9421
[2026-08-13T17:12:40] SAMPLE t=99s phase=Recovery adaptation=without_ML throughput_gbps=7.8511 latency_ms=67.0836
[2026-08-13T17:11:01] TRACE_END run_id=91 status=OK
