[2026-08-10T06:11:22] TRACE_START run_id=54
[2026-08-10T06:11:22] SAMPLE t=0s phase=Stable adaptation=with_ML throughput_gbps=7.9138 latency_ms=68.9457
[2026-08-10T06:11:23] SAMPLE t=1s phase=Stable adaptation=with_ML throughput_gbps=8.0276 latency_ms=66.9426
[2026-08-10T06:11:24] SAMPLE t=2s phase=Stable adaptation=with_ML throughput_gbps=8.0435 latency_ms=66.6252
[2026-08-10T06:11:25] SAMPLE t=3s phase=Stable adaptation=with_ML throughput_gbps=8.0049 latency_ms=66.5688
[2026-08-10T06:11:26] SAMPLE t=4s phase=Stable adaptation=with_ML throughput_gbps=8.2945 latency_ms=66.8609
[2026-08-10T06:11:27] SAMPLE t=5s phase=Stable adaptation=with_ML throughput_gbps=8.1202 latency_ms=65.351
[2026-08-10T06:11:28] SAMPLE t=6s phase=Stable adaptation=with_ML throughput_gbps=7.9926 latency_ms=67.1776
[2026-08-10T06:11:29] SAMPLE t=7s phase=Stable adaptation=with_ML throughput_gbps=7.8804 latency_ms=65.9692
[2026-08-10T06:11:30] SAMPLE t=8s phase=Stable adaptation=with_ML throughput_gbps=8.104 latency_ms=68.3202
[2026-08-10T06:11:31] SAMPLE t=9s phase=Stable adaptation=with_ML throughput_gbps=8.1325 latency_ms=68.1462
[2026-08-10T06:11:32] SAMPLE t=10s phase=Stable adaptation=with_ML throughput_gbps=7.8358 latency_ms=67.1829
[2026-08-10T06:11:33] SAMPLE t=11s phase=Stable adaptation=with_ML throughput_gbps=8.4255 latency_ms=66.5942
[2026-08-10T06:11:34] SAMPLE t=12s phase=Stable adaptation=with_ML throughput_gbps=8.3662 latency_ms=67.8015
[2026-08-10T06:11:35] SAMPLE t=13s phase=Stable adaptation=with_ML throughput_gbps=8.2962 latency_ms=66.6601
[2026-08-10T06:11:36] SAMPLE t=14s phase=Stable adaptation=with_ML throughput_gbps=8.1657 latency_ms=67.2024
[2026-08-10T06:11:37] SAMPLE t=15s phase=Stable adaptation=with_ML throughput_gbps=7.8001 latency_ms=66.5108
[2026-08-10T06:11:38] SAMPLE t=16s phase=Stable adaptation=with_ML throughput_gbps=8.3629 latency_ms=66.6989
[2026-08-10T06:11:39] SAMPLE t=17s phase=Stable adaptation=with_ML throughput_gbps=8.1424 latency_ms=65.4369
[2026-08-10T06:11:40] SAMPLE t=18s phase=Stable adaptation=with_ML throughput_gbps=8.1252 latency_ms=65.8246
[2026-08-10T06:11:41] SAMPLE t=19s phase=Stable adaptation=with_ML throughput_gbps=8.1076 latency_ms=64.2486
[2026-08-10T06:11:42] SAMPLE t=20s phase=Congestion adaptation=with_ML throughput_gbps=8.2297 latency_ms=66.367
[2026-08-10T06:11:43] SAMPLE t=21s phase=Congestion adaptation=with_ML throughput_gbps=8.162 latency_ms=65.5897
[2026-08-10T06:11:44] SAMPLE t=22s phase=Congestion adaptation=with_ML throughput_gbps=7.8667 latency_ms=68.011
[2026-08-10T06:11:45] SAMPLE t=23s phase=Congestion adaptation=with_ML throughput_gbps=8.0007 latency_ms=66.5265
[2026-08-10T06:11:46] SAMPLE t=24s phase=Congestion adaptation=with_ML throughput_gbps=8.3076 latency_ms=66.5715
[2026-08-10T06:11:47] SAMPLE t=25s phase=Congestion adaptation=with_ML throughput_gbps=7.7596 latency_ms=67.1571
[2026-08-10T06:11:48] SAMPLE t=26s phase=Congestion adaptation=with_ML throughput_gbps=8.5789 latency_ms=63.9631
[2026-08-10T06:11:49] SAMPLE t=27s phase=Congestion adaptation=with_ML throughput_gbps=8.0429 latency_ms=68.18
[2026-08-10T06:11:50] SAMPLE t=28s phase=Congestion adaptation=with_ML throughput_gbps=8.068 latency_ms=66.9913
[2026-08-10T06:11:51] SAMPLE t=29s phase=Congestion adaptation=with_ML throughput_gbps=8.0522 latency_ms=66.8634
[2026-08-10T06:11:52] SAMPLE t=30s phase=Congestion adaptation=with_ML throughput_gbps=8.215 latency_ms=67.1631
[2026-08-10T06:11:53] SAMPLE t=31s phase=Congestion adaptation=with_ML throughput_gbps=7.9356 latency_ms=66.8576
[2026-08-10T06:11:54] SAMPLE t=32s phase=Congestion adaptation=with_ML throughput_gbps=8.0799 latency_ms=67.3987
[2026-08-10T06:11:55] SAMPLE t=33s phase=Congestion adaptation=with_ML throughput_gbps=8.1011 latency_ms=64.91
[2026-08-10T06:11:56] SAMPLE t=34s phase=Congestion adaptation=with_ML throughput_gbps=7.8707 latency_ms=67.6442
[2026-08-10T06:11:57] SAMPLE t=35s phase=Congestion adaptation=with_ML throughput_gbps=8.1901 latency_ms=64.4754
[2026-08-10T06:11:58] SAMPLE t=36s phase=Congestion adaptation=with_ML throughput_gbps=8.0306 latency_ms=66.7863
[2026-08-10T06:11:59] SAMPLE t=37s phase=Congestion adaptation=with_ML throughput_gbps=7.7481 latency_ms=66.6457
[2026-08-10T06:12:00] SAMPLE t=38s phase=Congestion adaptation=with_ML throughput_gbps=8.2092 latency_ms=67.0407
[2026-08-10T06:12:01] SAMPLE t=39s phase=Congestion adaptation=with_ML throughput_gbps=8.1934 latency_ms=67.6319
[2026-08-10T06:12:02] SAMPLE t=40s phase=Path_change adaptation=with_ML throughput_gbps=7.9697 latency_ms=64.3391
[2026-08-10T06:12:03] SAMPLE t=41s phase=Path_change adaptation=with_ML throughput_gbps=7.8416 latency_ms=64.4161
[2026-08-10T06:12:04] SAMPLE t=42s phase=Path_change adaptation=with_ML throughput_gbps=7.8605 latency_ms=69.3231
[2026-08-10T06:12:05] SAMPLE t=43s phase=Path_change adaptation=with_ML throughput_gbps=7.9717 latency_ms=68.9023
[2026-08-10T06:12:06] SAMPLE t=44s phase=Path_change adaptation=with_ML throughput_gbps=7.7918 latency_ms=68.7235
[2026-08-10T06:12:07] SAMPLE t=45s phase=Path_change adaptation=with_ML throughput_gbps=7.3734 latency_ms=68.7894
[2026-08-10T06:12:08] SAMPLE t=46s phase=Path_change adaptation=with_ML throughput_gbps=7.2149 latency_ms=69.8342
[2026-08-10T06:12:09] SAMPLE t=47s phase=Path_change adaptation=with_ML throughput_gbps=7.1358 latency_ms=67.3067
[2026-08-10T06:12:10] SAMPLE t=48s phase=Path_change adaptation=with_ML throughput_gbps=7.3558 latency_ms=70.5932
[2026-08-10T06:12:11] SAMPLE t=49s phase=Path_change adaptation=with_ML throughput_gbps=7.1431 latency_ms=68.2559
[2026-08-10T06:12:12] SAMPLE t=50s phase=Path_change adaptation=with_ML throughput_gbps=7.166 latency_ms=69.6438
[2026-08-10T06:12:13] SAMPLE t=51s phase=Path_change adaptation=with_ML throughput_gbps=7.2517 latency_ms=68.8611
[2026-08-10T06:12:14] SAMPLE t=52s phase=Path_change adaptation=with_ML throughput_gbps=7.4942 latency_ms=67.8567
[2026-08-10T06:12:15] SAMPLE t=53s phase=Path_change adaptation=with_ML throughput_gbps=7.5919 latency_ms=66.9782
[2026-08-10T06:12:16] SAMPLE t=54s phase=Path_change adaptation=with_ML throughput_gbps=7.5454 latency_ms=70.3195
[2026-08-10T06:12:17] SAMPLE t=55s phase=Path_change adaptation=with_ML throughput_gbps=7.4677 latency_ms=67.2242
[2026-08-10T06:12:18] SAMPLE t=56s phase=Path_change adaptation=with_ML throughput_gbps=7.7261 latency_ms=67.3627
[2026-08-10T06:12:19] SAMPLE t=57s phase=Path_change adaptation=with_ML throughput_gbps=7.5666 latency_ms=66.6335
[2026-08-10T06:12:20] SAMPLE t=58s phase=Path_change adaptation=with_ML throughput_gbps=7.6746 latency_ms=66.8192
[2026-08-10T06:12:21] SAMPLE t=59s phase=Path_change adaptation=with_ML throughput_gbps=7.8464 latency_ms=66.1568
[2026-08-10T06:12:22] SAMPLE t=60s phase=Loss_spike adaptation=with_ML throughput_gbps=7.2044 latency_ms=70.074
[2026-08-10T06:12:23] SAMPLE t=61s phase=Loss_spike adaptation=with_ML throughput_gbps=8.6731 latency_ms=67.7239
[2026-08-10T06:12:24] SAMPLE t=62s phase=Loss_spike adaptation=with_ML throughput_gbps=7.6881 latency_ms=68.6294
[2026-08-10T06:12:25] SAMPLE t=63s phase=Loss_spike adaptation=with_ML throughput_gbps=6.713 latency_ms=69.438
[2026-08-10T06:12:26] SAMPLE t=64s phase=Loss_spike adaptation=with_ML throughput_gbps=6.1667 latency_ms=70.1843
[2026-08-10T06:12:27] SAMPLE t=65s phase=Loss_spike adaptation=with_ML throughput_gbps=7.4424 latency_ms=68.881
[2026-08-10T06:12:28] SAMPLE t=66s phase=Loss_spike adaptation=with_ML throughput_gbps=8.4172 latency_ms=71.6618
[2026-08-10T06:12:29] SAMPLE t=67s phase=Loss_spike adaptation=with_ML throughput_gbps=7.8896 latency_ms=68.6276
[2026-08-10T06:12:30] SAMPLE t=68s phase=Loss_spike adaptation=with_ML throughput_gbps=6.4888 latency_ms=69.654
[2026-08-10T06:12:31] SAMPLE t=69s phase=Loss_spike adaptation=with_ML throughput_gbps=6.0773 latency_ms=71.5078
[2026-08-10T06:12:32] SAMPLE t=70s phase=Loss_spike adaptation=with_ML throughput_gbps=7.3016 latency_ms=67.4767
[2026-08-10T06:12:33] SAMPLE t=71s phase=Loss_spike adaptation=with_ML throughput_gbps=8.3146 latency_ms=73.6639
[2026-08-10T06:12:34] SAMPLE t=72s phase=Loss_spike adaptation=with_ML throughput_gbps=7.8073 latency_ms=68.7989
[2026-08-10T06:12:35] SAMPLE t=73s phase=Loss_spike adaptation=with_ML throughput_gbps=6.7321 latency_ms=68.7873
[2026-08-10T06:12:36] SAMPLE t=74s phase=Loss_spike adaptation=with_ML throughput_gbps=6.3137 latency_ms=71.503
[2026-08-10T06:12:37] SAMPLE t=75s phase=Loss_spike adaptation=with_ML throughput_gbps=7.3041 latency_ms=69.3382
[2026-08-10T06:12:38] SAMPLE t=76s phase=Loss_spike adaptation=with_ML throughput_gbps=8.3806 latency_ms=70.3813
[2026-08-10T06:12:39] SAMPLE t=77s phase=Loss_spike adaptation=with_ML throughput_gbps=7.9835 latency_ms=69.2382
[2026-08-10T06:12:40] SAMPLE t=78s phase=Loss_spike adaptation=with_ML throughput_gbps=6.6805 latency_ms=71.0608
[2026-08-10T06:12:41] SAMPLE t=79s phase=Loss_spike adaptation=with_ML throughput_gbps=5.9727 latency_ms=68.3057
[2026-08-10T06:12:42] SAMPLE t=80s phase=Recovery adaptation=with_ML throughput_gbps=8.2192 latency_ms=63.2616
[2026-08-10T06:12:43] SAMPLE t=81s phase=Recovery adaptation=with_ML throughput_gbps=8.3027 latency_ms=65.9915
[2026-08-10T06:12:44] SAMPLE t=82s phase=Recovery adaptation=with_ML throughput_gbps=8.3046 latency_ms=64.4091
[2026-08-10T06:12:45] SAMPLE t=83s phase=Recovery adaptation=with_ML throughput_gbps=8.3867 latency_ms=66.7754
[2026-08-10T06:12:46] SAMPLE t=84s phase=Recovery adaptation=with_ML throughput_gbps=8.0054 latency_ms=67.8374
[2026-08-10T06:12:47] SAMPLE t=85s phase=Recovery adaptation=with_ML throughput_gbps=8.0892 latency_ms=65.3192
[2026-08-10T06:12:48] SAMPLE t=86s phase=Recovery adaptation=with_ML throughput_gbps=8.4043 latency_ms=66.6722
[2026-08-10T06:12:49] SAMPLE t=87s phase=Recovery adaptation=with_ML throughput_gbps=8.196 latency_ms=66.7019
[2026-08-10T06:12:50] SAMPLE t=88s phase=Recovery adaptation=with_ML throughput_gbps=8.3569 latency_ms=63.7773
[2026-08-10T06:12:51] SAMPLE t=89s phase=Recovery adaptation=with_ML throughput_gbps=8.2555 latency_ms=64.4921
[2026-08-10T06:12:52] SAMPLE t=90s phase=Recovery adaptation=with_ML throughput_gbps=8.2573 latency_ms=65.4767
[2026-08-10T06:12:53] SAMPLE t=91s phase=Recovery adaptation=with_ML throughput_gbps=8.282 latency_ms=64.2415
[2026-08-10T06:12:54] SAMPLE t=92s phase=Recovery adaptation=with_ML throughput_gbps=8.1654 latency_ms=67.3888
[2026-08-10T06:12:55] SAMPLE t=93s phase=Recovery adaptation=with_ML throughput_gbps=8.2293 latency_ms=65.5155
[2026-08-10T06:12:56] SAMPLE t=94s phase=Recovery adaptation=with_ML throughput_gbps=8.2943 latency_ms=66.3163
[2026-08-10T06:12:57] SAMPLE t=95s phase=Recovery adaptation=with_ML throughput_gbps=8.4523 latency_ms=67.728
[2026-08-10T06:12:58] SAMPLE t=96s phase=Recovery adaptation=with_ML throughput_gbps=8.5991 latency_ms=63.9293
[2026-08-10T06:12:59] SAMPLE t=97s phase=Recovery adaptation=with_ML throughput_gbps=8.5255 latency_ms=65.6524
[2026-08-10T06:13:00] SAMPLE t=98s phase=Recovery adaptation=with_ML throughput_gbps=8.395 latency_ms=63.4436
[2026-08-10T06:13:01] SAMPLE t=99s phase=Recovery adaptation=with_ML throughput_gbps=8.5936 latency_ms=64.906
[2026-08-10T06:11:22] SAMPLE t=0s phase=Stable adaptation=without_ML throughput_gbps=7.9634 latency_ms=67.6668
[2026-08-10T06:11:23] SAMPLE t=1s phase=Stable adaptation=without_ML throughput_gbps=8.088 latency_ms=65.7545
[2026-08-10T06:11:24] SAMPLE t=2s phase=Stable adaptation=without_ML throughput_gbps=7.89 latency_ms=66.75
[2026-08-10T06:11:25] SAMPLE t=3s phase=Stable adaptation=without_ML throughput_gbps=7.903 latency_ms=66.4354
[2026-08-10T06:11:26] SAMPLE t=4s phase=Stable adaptation=without_ML throughput_gbps=7.8709 latency_ms=65.296
[2026-08-10T06:11:27] SAMPLE t=5s phase=Stable adaptation=without_ML throughput_gbps=7.9629 latency_ms=65.3816
[2026-08-10T06:11:28] SAMPLE t=6s phase=Stable adaptation=without_ML throughput_gbps=8.4133 latency_ms=64.7809
[2026-08-10T06:11:29] SAMPLE t=7s phase=Stable adaptation=without_ML throughput_gbps=8.0508 latency_ms=66.8083
[2026-08-10T06:11:30] SAMPLE t=8s phase=Stable adaptation=without_ML throughput_gbps=7.8681 latency_ms=65.3291
[2026-08-10T06:11:31] SAMPLE t=9s phase=Stable adaptation=without_ML throughput_gbps=8.2251 latency_ms=66.5522
[2026-08-10T06:11:32] SAMPLE t=10s phase=Stable adaptation=without_ML throughput_gbps=8.2495 latency_ms=65.8629
[2026-08-10T06:11:33] SAMPLE t=11s phase=Stable adaptation=without_ML throughput_gbps=8.3328 latency_ms=65.5696
[2026-08-10T06:11:34] SAMPLE t=12s phase=Stable adaptation=without_ML throughput_gbps=8.0647 latency_ms=66.2813
[2026-08-10T06:11:35] SAMPLE t=13s phase=Stable adaptation=without_ML throughput_gbps=8.4341 latency_ms=67.5173
[2026-08-10T06:11:36] SAMPLE t=14s phase=Stable adaptation=without_ML throughput_gbps=8.0036 latency_ms=65.1046
[2026-08-10T06:11:37] SAMPLE t=15s phase=Stable adaptation=without_ML throughput_gbps=8.6996 latency_ms=67.456
[2026-08-10T06:11:38] SAMPLE t=16s phase=Stable adaptation=without_ML throughput_gbps=7.7046 latency_ms=66.8196
[2026-08-10T06:11:39] SAMPLE t=17s phase=Stable adaptation=without_ML throughput_gbps=7.97 latency_ms=66.321
[2026-08-10T06:11:40] SAMPLE t=18s phase=Stable adaptation=without_ML throughput_gbps=8.1325 latency_ms=65.7639
[2026-08-10T06:11:41] SAMPLE t=19s phase=Stable adaptation=without_ML throughput_gbps=7.7761 latency_ms=67.0096
[2026-08-10T06:11:42] SAMPLE t=20s phase=Congestion adaptation=without_ML throughput_gbps=8.2711 latency_ms=67.9615
[2026-08-10T06:11:43] SAMPLE t=21s phase=Congestion adaptation=without_ML throughput_gbps=8.0371 latency_ms=64.1481
[2026-08-10T06:11:44] SAMPLE t=22s phase=Congestion adaptation=without_ML throughput_gbps=7.9897 latency_ms=66.4416
[2026-08-10T06:11:45] SAMPLE t=23s phase=Congestion adaptation=without_ML throughput_gbps=8.1667 latency_ms=65.9306
[2026-08-10T06:11:46] SAMPLE t=24s phase=Congestion adaptation=without_ML throughput_gbps=7.8296 latency_ms=64.8729
[2026-08-10T06:11:47] SAMPLE t=25s phase=Congestion adaptation=without_ML throughput_gbps=8.0743 latency_ms=65.0011
[2026-08-10T06:11:48] SAMPLE t=26s phase=Congestion adaptation=without_ML throughput_gbps=7.8841 latency_ms=65.6053
[2026-08-10T06:11:49] SAMPLE t=27s phase=Congestion adaptation=without_ML throughput_gbps=8.0179 latency_ms=65.2981
[2026-08-10T06:11:50] SAMPLE t=28s phase=Congestion adaptation=without_ML throughput_gbps=7.5097 latency_ms=66.5917
[2026-08-10T06:11:51] SAMPLE t=29s phase=Congestion adaptation=without_ML throughput_gbps=8.1476 latency_ms=65.2014
[2026-08-10T06:11:52] SAMPLE t=30s phase=Congestion adaptation=without_ML throughput_gbps=7.9717 latency_ms=67.5066
[2026-08-10T06:11:53] SAMPLE t=31s phase=Congestion adaptation=without_ML throughput_gbps=7.7202 latency_ms=64.8301
[2026-08-10T06:11:54] SAMPLE t=32s phase=Congestion adaptation=without_ML throughput_gbps=7.6587 latency_ms=66.6357
[2026-08-10T06:11:55] SAMPLE t=33s phase=Congestion adaptation=without_ML throughput_gbps=7.7929 latency_ms=64.9411
[2026-08-10T06:11:56] SAMPLE t=34s phase=Congestion adaptation=without_ML throughput_gbps=7.923 latency_ms=66.3172
[2026-08-10T06:11:57] SAMPLE t=35s phase=Congestion adaptation=without_ML throughput_gbps=8.0379 latency_ms=67.6711
[2026-08-10T06:11:58] SAMPLE t=36s phase=Congestion adaptation=without_ML throughput_gbps=7.7227 latency_ms=65.7587
[2026-08-10T06:11:59] SAMPLE t=37s phase=Congestion adaptation=without_ML throughput_gbps=7.9057 latency_ms=65.6354
[2026-08-10T06:12:00] SAMPLE t=38s phase=Congestion adaptation=without_ML throughput_gbps=8.0042 latency_ms=65.244
[2026-08-10T06:12:01] SAMPLE t=39s phase=Congestion adaptation=without_ML throughput_gbps=7.9227 latency_ms=66.7881
[2026-08-10T06:12:02] SAMPLE t=40s phase=Path_change adaptation=without_ML throughput_gbps=8.1447 latency_ms=63.401
[2026-08-10T06:12:03] SAMPLE t=41s phase=Path_change adaptation=without_ML throughput_gbps=7.7019 latency_ms=67.1635
[2026-08-10T06:12:04] SAMPLE t=42s phase=Path_change adaptation=without_ML throughput_gbps=7.4188 latency_ms=68.4864
[2026-08-10T06:12:05] SAMPLE t=43s phase=Path_change adaptation=without_ML throughput_gbps=6.6181 latency_ms=71.1016
[2026-08-10T06:12:06] SAMPLE t=44s phase=Path_change adaptation=without_ML throughput_gbps=6.7518 latency_ms=69.3856
[2026-08-10T06:12:07] SAMPLE t=45s phase=Path_change adaptation=without_ML throughput_gbps=6.1363 latency_ms=68.9058
[2026-08-10T06:12:08] SAMPLE t=46s phase=Path_change adaptation=without_ML throughput_gbps=5.9895 latency_ms=72.1508
[2026-08-10T06:12:09] SAMPLE t=47s phase=Path_change adaptation=without_ML throughput_gbps=5.8049 latency_ms=73.7831
[2026-08-10T06:12:10] SAMPLE t=48s phase=Path_change adaptation=without_ML throughput_gbps=6.0697 latency_ms=74.5938
[2026-08-10T06:12:11] SAMPLE t=49s phase=Path_change adaptation=without_ML throughput_gbps=5.7683 latency_ms=72.5862
[2026-08-10T06:12:12] SAMPLE t=50s phase=Path_change adaptation=without_ML throughput_gbps=5.6128 latency_ms=73.1031
[2026-08-10T06:12:13] SAMPLE t=51s phase=Path_change adaptation=without_ML throughput_gbps=5.3792 latency_ms=72.6482
[2026-08-10T06:12:14] SAMPLE t=52s phase=Path_change adaptation=without_ML throughput_gbps=5.7916 latency_ms=73.5418
[2026-08-10T06:12:15] SAMPLE t=53s phase=Path_change adaptation=without_ML throughput_gbps=5.8862 latency_ms=70.5588
[2026-08-10T06:12:16] SAMPLE t=54s phase=Path_change adaptation=without_ML throughput_gbps=6.0579 latency_ms=71.9141
[2026-08-10T06:12:17] SAMPLE t=55s phase=Path_change adaptation=without_ML throughput_gbps=6.3096 latency_ms=70.4099
[2026-08-10T06:12:18] SAMPLE t=56s phase=Path_change adaptation=without_ML throughput_gbps=6.3411 latency_ms=70.2896
[2026-08-10T06:12:19] SAMPLE t=57s phase=Path_change adaptation=without_ML throughput_gbps=6.837 latency_ms=71.5604
[2026-08-10T06:12:20] SAMPLE t=58s phase=Path_change adaptation=without_ML throughput_gbps=7.3119 latency_ms=71.8693
[2026-08-10T06:12:21] SAMPLE t=59s phase=Path_change adaptation=without_ML throughput_gbps=7.6982 latency_ms=64.7664
[2026-08-10T06:12:22] SAMPLE t=60s phase=Loss_spike adaptation=without_ML throughput_gbps=6.3666 latency_ms=69.9645
[2026-08-10T06:12:23] SAMPLE t=61s phase=Loss_spike adaptation=without_ML throughput_gbps=8.4805 latency_ms=79.0391
[2026-08-10T06:12:24] SAMPLE t=62s phase=Loss_spike adaptation=without_ML throughput_gbps=7.5059 latency_ms=76.4793
[2026-08-10T06:12:25] SAMPLE t=63s phase=Loss_spike adaptation=without_ML throughput_gbps=5.075 latency_ms=76.8196
[2026-08-10T06:12:26] SAMPLE t=64s phase=Loss_spike adaptation=without_ML throughput_gbps=3.8208 latency_ms=79.4916
[2026-08-10T06:12:27] SAMPLE t=65s phase=Loss_spike adaptation=without_ML throughput_gbps=6.3993 latency_ms=69.6589
[2026-08-10T06:12:28] SAMPLE t=66s phase=Loss_spike adaptation=without_ML throughput_gbps=8.4205 latency_ms=78.0992
[2026-08-10T06:12:29] SAMPLE t=67s phase=Loss_spike adaptation=without_ML throughput_gbps=7.1388 latency_ms=75.4224
[2026-08-10T06:12:30] SAMPLE t=68s phase=Loss_spike adaptation=without_ML throughput_gbps=4.9882 latency_ms=77.8193
[2026-08-10T06:12:31] SAMPLE t=69s phase=Loss_spike adaptation=without_ML throughput_gbps=4.2049 latency_ms=79.5936
[2026-08-10T06:12:32] SAMPLE t=70s phase=Loss_spike adaptation=without_ML throughput_gbps=6.283 latency_ms=68.4536
[2026-08-10T06:12:33] SAMPLE t=71s phase=Loss_spike adaptation=without_ML throughput_gbps=8.2579 latency_ms=82.1275
[2026-08-10T06:12:34] SAMPLE t=72s phase=Loss_spike adaptation=without_ML throughput_gbps=7.8199 latency_ms=76.9064
[2026-08-10T06:12:35] SAMPLE t=73s phase=Loss_spike adaptation=without_ML throughput_gbps=4.7303 latency_ms=76.4488
[2026-08-10T06:12:36] SAMPLE t=74s phase=Loss_spike adaptation=without_ML throughput_gbps=4.0301 latency_ms=82.3586
[2026-08-10T06:12:37] SAMPLE t=75s phase=Loss_spike adaptation=without_ML throughput_gbps=6.1573 latency_ms=69.6254
[2026-08-10T06:12:38] SAMPLE t=76s phase=Loss_spike adaptation=without_ML throughput_gbps=8.332 latency_ms=80.578
[2026-08-10T06:12:39] SAMPLE t=77s phase=Loss_spike adaptation=without_ML throughput_gbps=7.32 latency_ms=76.2162
[2026-08-10T06:12:40] SAMPLE t=78s phase=Loss_spike adaptation=without_ML throughput_gbps=4.7687 latency_ms=72.6947
[2026-08-10T06:12:41] SAMPLE t=79s phase=Loss_spike adaptation=without_ML throughput_gbps=4.2416 latency_ms=79.869
[2026-08-10T06:12:42] SAMPLE t=80s phase=Recovery adaptation=without_ML throughput_gbps=7.8093 latency_ms=67.9745
[2026-08-10T06:12:43] SAMPLE t=81s phase=Recovery adaptation=without_ML throughput_gbps=8.2334 latency_ms=65.4607
[2026-08-10T06:12:44] SAMPLE t=82s phase=Recovery adaptation=without_ML throughput_gbps=8.2943 latency_ms=66.8658
[2026-08-10T06:12:45] SAMPLE t=83s phase=Recovery adaptation=without_ML throughput_gbps=8.0952 latency_ms=64.7472
[2026-08-10T06:12:46] SAMPLE t=84s phase=Recovery adaptation=without_ML throughput_gbps=7.7471 latency_ms=64.6073
[2026-08-10T06:12:47] SAMPLE t=85s phase=Recovery adaptation=without_ML throughput_gbps=7.9362 latency_ms=68.3648
[2026-08-10T06:12:48] SAMPLE t=86s phase=Recovery adaptation=without_ML throughput_gbps=8.3203 latency_ms=65.2685
[2026-08-10T06:12:49] SAMPLE t=87s phase=Recovery adaptation=without_ML throughput_gbps=7.9034 latency_ms=65.1016
[2026-08-10T06:12:50] SAMPLE t=88s phase=Recovery adaptation=without_ML throughput_gbps=8.0575 latency_ms=64.5378
[2026-08-10T06:12:51] SAMPLE t=89s phase=Recovery adaptation=without_ML throughput_gbps=8.3084 latency_ms=66.0228
[2026-08-10T06:12:52] SAMPLE t=90s phase=Recovery adaptation=without_ML throughput_gbps=7.9765 latency_ms=66.5175
[2026-08-10T06:12:53] SAMPLE t=91s phase=Recovery adaptation=without_ML throughput_gbps=7.8276 latency_ms=64.8354
[2026-08-10T06:12:54] SAMPLE t=92s phase=Recovery adaptation=without_ML throughput_gbps=8.1013 latency_ms=69.1769
[2026-08-10T06:12:55] SAMPLE t=93s phase=Recovery adaptation=without_ML throughput_gbps=8.0502 latency_ms=67.028
[2026-08-10T06:12:56] SAMPLE t=94s phase=Recovery adaptation=without_ML throughput_gbps=8.1625 latency_ms=65.4675
[2026-08-10T06:12:57] SAMPLE t=95s phase=Recovery adaptation=without_ML throughput_gbps=8.1273 latency_ms=65.9298
[2026-08-10T06:12:58] SAMPLE t=96s phase=Recovery adaptation=without_ML throughput_gbps=7.6868 latency_ms=66.9554
[2026-08-10T06:12:59] SAMPLE t=97s phase=Recovery adaptation=without_ML throughput_gbps=7.7572 latency_ms=67.5908
[2026-08-10T06:13:00] SAMPLE t=98s phase=Recovery adaptation=without_ML throughput_gbps=8.2144 latency_ms=64.1706
[2026-08-10T06:13:01] SAMPLE t=99s phase=Recovery adaptation=without_ML throughput_gbps=7.8383 latency_ms=64.7591
[2026-08-10T06:11:22] TRACE_END run_id=54 status=OK
[2026-08-10T06:25:35] TRACE_START run_id=55
[2026-08-10T06:25:35] SAMPLE t=0s phase=Stable adaptation=with_ML throughput_gbps=7.9297 latency_ms=65.5875
[2026-08-10T06:25:36] SAMPLE t=1s phase=Stable adaptation=with_ML throughput_gbps=8.0393 latency_ms=66.6565
[2026-08-10T06:25:37] SAMPLE t=2s phase=Stable adaptation=with_ML throughput_gbps=8.3986 latency_ms=65.9154
[2026-08-10T06:25:38] SAMPLE t=3s phase=Stable adaptation=with_ML throughput_gbps=8.4834 latency_ms=65.947
[2026-08-10T06:25:39] SAMPLE t=4s phase=Stable adaptation=with_ML throughput_gbps=8.0219 latency_ms=64.5329
[2026-08-10T06:25:40] SAMPLE t=5s phase=Stable adaptation=with_ML throughput_gbps=7.7549 latency_ms=65.9605
[2026-08-10T06:25:41] SAMPLE t=6s phase=Stable adaptation=with_ML throughput_gbps=7.9138 latency_ms=65.5041
[2026-08-10T06:25:42] SAMPLE t=7s phase=Stable adaptation=with_ML throughput_gbps=8.2349 latency_ms=67.4008
[2026-08-10T06:25:43] SAMPLE t=8s phase=Stable adaptation=with_ML throughput_gbps=7.8503 latency_ms=66.7392
[2026-08-10T06:25:44] SAMPLE t=9s phase=Stable adaptation=with_ML throughput_gbps=7.9956 latency_ms=66.5488
[2026-08-10T06:25:45] SAMPLE t=10s phase=Stable adaptation=with_ML throughput_gbps=7.7928 latency_ms=67.6797
[2026-08-10T06:25:46] SAMPLE t=11s phase=Stable adaptation=with_ML throughput_gbps=8.001 latency_ms=64.9792
[2026-08-10T06:25:47] SAMPLE t=12s phase=Stable adaptation=with_ML throughput_gbps=7.6711 latency_ms=66.5494
[2026-08-10T06:25:48] SAMPLE t=13s phase=Stable adaptation=with_ML throughput_gbps=7.8849 latency_ms=68.134
[2026-08-10T06:25:49] SAMPLE t=14s phase=Stable adaptation=with_ML throughput_gbps=8.1165 latency_ms=67.1143
[2026-08-10T06:25:50] SAMPLE t=15s phase=Stable adaptation=with_ML throughput_gbps=8.0235 latency_ms=67.063
[2026-08-10T06:25:51] SAMPLE t=16s phase=Stable adaptation=with_ML throughput_gbps=8.0693 latency_ms=67.5171
[2026-08-10T06:25:52] SAMPLE t=17s phase=Stable adaptation=with_ML throughput_gbps=8.1306 latency_ms=64.0215
[2026-08-10T06:25:53] SAMPLE t=18s phase=Stable adaptation=with_ML throughput_gbps=8.0447 latency_ms=65.3882
[2026-08-10T06:25:54] SAMPLE t=19s phase=Stable adaptation=with_ML throughput_gbps=7.722 latency_ms=67.0473
[2026-08-10T06:25:55] SAMPLE t=20s phase=Congestion adaptation=with_ML throughput_gbps=7.9936 latency_ms=66.0312
[2026-08-10T06:25:56] SAMPLE t=21s phase=Congestion adaptation=with_ML throughput_gbps=7.9619 latency_ms=65.8199
[2026-08-10T06:25:57] SAMPLE t=22s phase=Congestion adaptation=with_ML throughput_gbps=8.2065 latency_ms=66.6915
[2026-08-10T06:25:58] SAMPLE t=23s phase=Congestion adaptation=with_ML throughput_gbps=8.0275 latency_ms=65.9954
[2026-08-10T06:25:59] SAMPLE t=24s phase=Congestion adaptation=with_ML throughput_gbps=8.0752 latency_ms=65.2173
[2026-08-10T06:26:00] SAMPLE t=25s phase=Congestion adaptation=with_ML throughput_gbps=8.282 latency_ms=65.832
[2026-08-10T06:26:01] SAMPLE t=26s phase=Congestion adaptation=with_ML throughput_gbps=8.4243 latency_ms=67.0204
[2026-08-10T06:26:02] SAMPLE t=27s phase=Congestion adaptation=with_ML throughput_gbps=8.4191 latency_ms=68.9319
[2026-08-10T06:26:03] SAMPLE t=28s phase=Congestion adaptation=with_ML throughput_gbps=7.8272 latency_ms=65.6943
[2026-08-10T06:26:04] SAMPLE t=29s phase=Congestion adaptation=with_ML throughput_gbps=8.1939 latency_ms=65.7603
[2026-08-10T06:26:05] SAMPLE t=30s phase=Congestion adaptation=with_ML throughput_gbps=7.7035 latency_ms=65.8736
[2026-08-10T06:26:06] SAMPLE t=31s phase=Congestion adaptation=with_ML throughput_gbps=8.1606 latency_ms=68.2367
[2026-08-10T06:26:07] SAMPLE t=32s phase=Congestion adaptation=with_ML throughput_gbps=7.7709 latency_ms=64.6921
[2026-08-10T06:26:08] SAMPLE t=33s phase=Congestion adaptation=with_ML throughput_gbps=8.0081 latency_ms=67.6757
[2026-08-10T06:26:09] SAMPLE t=34s phase=Congestion adaptation=with_ML throughput_gbps=7.8561 latency_ms=66.8227
[2026-08-10T06:26:10] SAMPLE t=35s phase=Congestion adaptation=with_ML throughput_gbps=8.1261 latency_ms=67.0596
[2026-08-10T06:26:11] SAMPLE t=36s phase=Congestion adaptation=with_ML throughput_gbps=8.2179 latency_ms=67.8317
[2026-08-10T06:26:12] SAMPLE t=37s phase=Congestion adaptation=with_ML throughput_gbps=8.1162 latency_ms=67.9234
[2026-08-10T06:26:13] SAMPLE t=38s phase=Congestion adaptation=with_ML throughput_gbps=7.924 latency_ms=65.2204
[2026-08-10T06:26:14] SAMPLE t=39s phase=Congestion adaptation=with_ML throughput_gbps=8.1476 latency_ms=65.3868
[2026-08-10T06:26:15] SAMPLE t=40s phase=Path_change adaptation=with_ML throughput_gbps=8.2291 latency_ms=67.1936
[2026-08-10T06:26:16] SAMPLE t=41s phase=Path_change adaptation=with_ML throughput_gbps=7.9166 latency_ms=67.9898
[2026-08-10T06:26:17] SAMPLE t=42s phase=Path_change adaptation=with_ML throughput_gbps=7.7818 latency_ms=66.3899
[2026-08-10T06:26:18] SAMPLE t=43s phase=Path_change adaptation=with_ML throughput_gbps=7.69 latency_ms=68.2806
[2026-08-10T06:26:19] SAMPLE t=44s phase=Path_change adaptation=with_ML throughput_gbps=7.1419 latency_ms=67.0904
[2026-08-10T06:26:20] SAMPLE t=45s phase=Path_change adaptation=with_ML throughput_gbps=7.4687 latency_ms=69.1207
[2026-08-10T06:26:21] SAMPLE t=46s phase=Path_change adaptation=with_ML throughput_gbps=7.3007 latency_ms=68.4359
[2026-08-10T06:26:22] SAMPLE t=47s phase=Path_change adaptation=with_ML throughput_gbps=7.2722 latency_ms=66.7103
[2026-08-10T06:26:23] SAMPLE t=48s phase=Path_change adaptation=with_ML throughput_gbps=7.1605 latency_ms=68.7424
[2026-08-10T06:26:24] SAMPLE t=49s phase=Path_change adaptation=with_ML throughput_gbps=7.4244 latency_ms=68.1996
[2026-08-10T06:26:25] SAMPLE t=50s phase=Path_change adaptation=with_ML throughput_gbps=7.3754 latency_ms=67.3354
[2026-08-10T06:26:26] SAMPLE t=51s phase=Path_change adaptation=with_ML throughput_gbps=7.2482 latency_ms=67.7454
[2026-08-10T06:26:27] SAMPLE t=52s phase=Path_change adaptation=with_ML throughput_gbps=7.1411 latency_ms=69.6259
[2026-08-10T06:26:28] SAMPLE t=53s phase=Path_change adaptation=with_ML throughput_gbps=7.2163 latency_ms=67.1177
[2026-08-10T06:26:29] SAMPLE t=54s phase=Path_change adaptation=with_ML throughput_gbps=7.4648 latency_ms=67.7729
[2026-08-10T06:26:30] SAMPLE t=55s phase=Path_change adaptation=with_ML throughput_gbps=6.9665 latency_ms=69.1829
[2026-08-10T06:26:31] SAMPLE t=56s phase=Path_change adaptation=with_ML throughput_gbps=7.7197 latency_ms=67.497
[2026-08-10T06:26:32] SAMPLE t=57s phase=Path_change adaptation=with_ML throughput_gbps=7.5495 latency_ms=67.2804
[2026-08-10T06:26:33] SAMPLE t=58s phase=Path_change adaptation=with_ML throughput_gbps=7.9126 latency_ms=68.8723
[2026-08-10T06:26:34] SAMPLE t=59s phase=Path_change adaptation=with_ML throughput_gbps=8.1316 latency_ms=66.1168
[2026-08-10T06:26:35] SAMPLE t=60s phase=Loss_spike adaptation=with_ML throughput_gbps=7.4845 latency_ms=67.8191
[2026-08-10T06:26:36] SAMPLE t=61s phase=Loss_spike adaptation=with_ML throughput_gbps=8.5329 latency_ms=71.326
[2026-08-10T06:26:37] SAMPLE t=62s phase=Loss_spike adaptation=with_ML throughput_gbps=8.1312 latency_ms=67.6191
[2026-08-10T06:26:38] SAMPLE t=63s phase=Loss_spike adaptation=with_ML throughput_gbps=6.6175 latency_ms=70.8012
[2026-08-10T06:26:39] SAMPLE t=64s phase=Loss_spike adaptation=with_ML throughput_gbps=5.9997 latency_ms=70.0049
[2026-08-10T06:26:40] SAMPLE t=65s phase=Loss_spike adaptation=with_ML throughput_gbps=6.8596 latency_ms=66.1778
[2026-08-10T06:26:41] SAMPLE t=66s phase=Loss_spike adaptation=with_ML throughput_gbps=8.3698 latency_ms=70.4562
[2026-08-10T06:26:42] SAMPLE t=67s phase=Loss_spike adaptation=with_ML throughput_gbps=7.9524 latency_ms=71.4221
[2026-08-10T06:26:43] SAMPLE t=68s phase=Loss_spike adaptation=with_ML throughput_gbps=6.656 latency_ms=68.0804
[2026-08-10T06:26:44] SAMPLE t=69s phase=Loss_spike adaptation=with_ML throughput_gbps=6.2969 latency_ms=72.1771
[2026-08-10T06:26:45] SAMPLE t=70s phase=Loss_spike adaptation=with_ML throughput_gbps=7.4178 latency_ms=66.331
[2026-08-10T06:26:46] SAMPLE t=71s phase=Loss_spike adaptation=with_ML throughput_gbps=8.2013 latency_ms=69.417
[2026-08-10T06:26:47] SAMPLE t=72s phase=Loss_spike adaptation=with_ML throughput_gbps=8.0592 latency_ms=66.7448
[2026-08-10T06:26:48] SAMPLE t=73s phase=Loss_spike adaptation=with_ML throughput_gbps=6.8424 latency_ms=68.9865
[2026-08-10T06:26:49] SAMPLE t=74s phase=Loss_spike adaptation=with_ML throughput_gbps=6.4903 latency_ms=71.3809
[2026-08-10T06:26:50] SAMPLE t=75s phase=Loss_spike adaptation=with_ML throughput_gbps=7.5853 latency_ms=67.6762
[2026-08-10T06:26:51] SAMPLE t=76s phase=Loss_spike adaptation=with_ML throughput_gbps=8.4002 latency_ms=72.7279
[2026-08-10T06:26:52] SAMPLE t=77s phase=Loss_spike adaptation=with_ML throughput_gbps=7.9457 latency_ms=68.4456
[2026-08-10T06:26:53] SAMPLE t=78s phase=Loss_spike adaptation=with_ML throughput_gbps=6.7731 latency_ms=69.9564
[2026-08-10T06:26:54] SAMPLE t=79s phase=Loss_spike adaptation=with_ML throughput_gbps=6.396 latency_ms=71.8695
[2026-08-10T06:26:55] SAMPLE t=80s phase=Recovery adaptation=with_ML throughput_gbps=8.1484 latency_ms=64.5586
[2026-08-10T06:26:56] SAMPLE t=81s phase=Recovery adaptation=with_ML throughput_gbps=7.8681 latency_ms=63.8608
[2026-08-10T06:26:57] SAMPLE t=82s phase=Recovery adaptation=with_ML throughput_gbps=7.9865 latency_ms=64.5007
[2026-08-10T06:26:58] SAMPLE t=83s phase=Recovery adaptation=with_ML throughput_gbps=8.2431 latency_ms=64.8632
[2026-08-10T06:26:59] SAMPLE t=84s phase=Recovery adaptation=with_ML throughput_gbps=8.1647 latency_ms=64.9007
[2026-08-10T06:27:00] SAMPLE t=85s phase=Recovery adaptation=with_ML throughput_gbps=8.3485 latency_ms=63.5918
[2026-08-10T06:27:01] SAMPLE t=86s phase=Recovery adaptation=with_ML throughput_gbps=8.2003 latency_ms=66.1693
[2026-08-10T06:27:02] SAMPLE t=87s phase=Recovery adaptation=with_ML throughput_gbps=8.5024 latency_ms=65.9545
[2026-08-10T06:27:03] SAMPLE t=88s phase=Recovery adaptation=with_ML throughput_gbps=7.7537 latency_ms=65.258
[2026-08-10T06:27:04] SAMPLE t=89s phase=Recovery adaptation=with_ML throughput_gbps=8.5691 latency_ms=65.7946
[2026-08-10T06:27:05] SAMPLE t=90s phase=Recovery adaptation=with_ML throughput_gbps=8.4927 latency_ms=63.6818
[2026-08-10T06:27:06] SAMPLE t=91s phase=Recovery adaptation=with_ML throughput_gbps=8.5106 latency_ms=65.9086
[2026-08-10T06:27:07] SAMPLE t=92s phase=Recovery adaptation=with_ML throughput_gbps=8.3541 latency_ms=63.5953
[2026-08-10T06:27:08] SAMPLE t=93s phase=Recovery adaptation=with_ML throughput_gbps=8.2571 latency_ms=66.3205
[2026-08-10T06:27:09] SAMPLE t=94s phase=Recovery adaptation=with_ML throughput_gbps=8.4378 latency_ms=67.6025
[2026-08-10T06:27:10] SAMPLE t=95s phase=Recovery adaptation=with_ML throughput_gbps=8.5741 latency_ms=66.6266
[2026-08-10T06:27:11] SAMPLE t=96s phase=Recovery adaptation=with_ML throughput_gbps=8.3891 latency_ms=65.8627
[2026-08-10T06:27:12] SAMPLE t=97s phase=Recovery adaptation=with_ML throughput_gbps=8.5901 latency_ms=66.6175
[2026-08-10T06:27:13] SAMPLE t=98s phase=Recovery adaptation=with_ML throughput_gbps=8.2778 latency_ms=67.2119
[2026-08-10T06:27:14] SAMPLE t=99s phase=Recovery adaptation=with_ML throughput_gbps=9.0736 latency_ms=62.5643
[2026-08-10T06:25:35] SAMPLE t=0s phase=Stable adaptation=without_ML throughput_gbps=8.1608 latency_ms=67.0986
[2026-08-10T06:25:36] SAMPLE t=1s phase=Stable adaptation=without_ML throughput_gbps=8.4406 latency_ms=66.3372
[2026-08-10T06:25:37] SAMPLE t=2s phase=Stable adaptation=without_ML throughput_gbps=7.7677 latency_ms=64.7541
[2026-08-10T06:25:38] SAMPLE t=3s phase=Stable adaptation=without_ML throughput_gbps=7.5004 latency_ms=67.9772
[2026-08-10T06:25:39] SAMPLE t=4s phase=Stable adaptation=without_ML throughput_gbps=8.2013 latency_ms=69.0845
[2026-08-10T06:25:40] SAMPLE t=5s phase=Stable adaptation=without_ML throughput_gbps=8.2683 latency_ms=66.6902
[2026-08-10T06:25:41] SAMPLE t=6s phase=Stable adaptation=without_ML throughput_gbps=8.2972 latency_ms=68.0938
[2026-08-10T06:25:42] SAMPLE t=7s phase=Stable adaptation=without_ML throughput_gbps=8.4419 latency_ms=66.5358
[2026-08-10T06:25:43] SAMPLE t=8s phase=Stable adaptation=without_ML throughput_gbps=7.7606 latency_ms=64.2409
[2026-08-10T06:25:44] SAMPLE t=9s phase=Stable adaptation=without_ML throughput_gbps=7.7098 latency_ms=65.0826
[2026-08-10T06:25:45] SAMPLE t=10s phase=Stable adaptation=without_ML throughput_gbps=7.7532 latency_ms=65.9035
[2026-08-10T06:25:46] SAMPLE t=11s phase=Stable adaptation=without_ML throughput_gbps=8.1808 latency_ms=67.0009
[2026-08-10T06:25:47] SAMPLE t=12s phase=Stable adaptation=without_ML throughput_gbps=8.2441 latency_ms=67.6698
[2026-08-10T06:25:48] SAMPLE t=13s phase=Stable adaptation=without_ML throughput_gbps=8.1452 latency_ms=65.7154
[2026-08-10T06:25:49] SAMPLE t=14s phase=Stable adaptation=without_ML throughput_gbps=7.8441 latency_ms=66.4701
[2026-08-10T06:25:50] SAMPLE t=15s phase=Stable adaptation=without_ML throughput_gbps=8.2827 latency_ms=63.0153
[2026-08-10T06:25:51] SAMPLE t=16s phase=Stable adaptation=without_ML throughput_gbps=7.9218 latency_ms=65.727
[2026-08-10T06:25:52] SAMPLE t=17s phase=Stable adaptation=without_ML throughput_gbps=7.9573 latency_ms=65.9832
[2026-08-10T06:25:53] SAMPLE t=18s phase=Stable adaptation=without_ML throughput_gbps=7.691 latency_ms=64.1818
[2026-08-10T06:25:54] SAMPLE t=19s phase=Stable adaptation=without_ML throughput_gbps=7.9803 latency_ms=64.3159
[2026-08-10T06:25:55] SAMPLE t=20s phase=Congestion adaptation=without_ML throughput_gbps=8.1835 latency_ms=65.1147
[2026-08-10T06:25:56] SAMPLE t=21s phase=Congestion adaptation=without_ML throughput_gbps=7.9681 latency_ms=64.177
[2026-08-10T06:25:57] SAMPLE t=22s phase=Congestion adaptation=without_ML throughput_gbps=8.0904 latency_ms=66.6203
[2026-08-10T06:25:58] SAMPLE t=23s phase=Congestion adaptation=without_ML throughput_gbps=8.1448 latency_ms=66.7199
[2026-08-10T06:25:59] SAMPLE t=24s phase=Congestion adaptation=without_ML throughput_gbps=7.9144 latency_ms=63.8812
[2026-08-10T06:26:00] SAMPLE t=25s phase=Congestion adaptation=without_ML throughput_gbps=8.2225 latency_ms=67.0075
[2026-08-10T06:26:01] SAMPLE t=26s phase=Congestion adaptation=without_ML throughput_gbps=7.5613 latency_ms=68.3994
[2026-08-10T06:26:02] SAMPLE t=27s phase=Congestion adaptation=without_ML throughput_gbps=8.0946 latency_ms=68.35
[2026-08-10T06:26:03] SAMPLE t=28s phase=Congestion adaptation=without_ML throughput_gbps=7.8022 latency_ms=64.6781
[2026-08-10T06:26:04] SAMPLE t=29s phase=Congestion adaptation=without_ML throughput_gbps=8.0397 latency_ms=65.0073
[2026-08-10T06:26:05] SAMPLE t=30s phase=Congestion adaptation=without_ML throughput_gbps=8.0493 latency_ms=67.6439
[2026-08-10T06:26:06] SAMPLE t=31s phase=Congestion adaptation=without_ML throughput_gbps=8.1711 latency_ms=66.5302
[2026-08-10T06:26:07] SAMPLE t=32s phase=Congestion adaptation=without_ML throughput_gbps=7.9679 latency_ms=64.8855
[2026-08-10T06:26:08] SAMPLE t=33s phase=Congestion adaptation=without_ML throughput_gbps=8.2807 latency_ms=65.2784
[2026-08-10T06:26:09] SAMPLE t=34s phase=Congestion adaptation=without_ML throughput_gbps=8.2312 latency_ms=63.6286
[2026-08-10T06:26:10] SAMPLE t=35s phase=Congestion adaptation=without_ML throughput_gbps=8.3214 latency_ms=64.7155
[2026-08-10T06:26:11] SAMPLE t=36s phase=Congestion adaptation=without_ML throughput_gbps=8.1513 latency_ms=66.2046
[2026-08-10T06:26:12] SAMPLE t=37s phase=Congestion adaptation=without_ML throughput_gbps=8.2616 latency_ms=65.5966
[2026-08-10T06:26:13] SAMPLE t=38s phase=Congestion adaptation=without_ML throughput_gbps=8.2081 latency_ms=65.3683
[2026-08-10T06:26:14] SAMPLE t=39s phase=Congestion adaptation=without_ML throughput_gbps=8.0862 latency_ms=66.0264
[2026-08-10T06:26:15] SAMPLE t=40s phase=Path_change adaptation=without_ML throughput_gbps=8.2079 latency_ms=68.8048
[2026-08-10T06:26:16] SAMPLE t=41s phase=Path_change adaptation=without_ML throughput_gbps=7.7745 latency_ms=67.0176
[2026-08-10T06:26:17] SAMPLE t=42s phase=Path_change adaptation=without_ML throughput_gbps=7.5708 latency_ms=68.4344
[2026-08-10T06:26:18] SAMPLE t=43s phase=Path_change adaptation=without_ML throughput_gbps=6.9636 latency_ms=71.4501
[2026-08-10T06:26:19] SAMPLE t=44s phase=Path_change adaptation=without_ML throughput_gbps=6.7861 latency_ms=71.207
[2026-08-10T06:26:20] SAMPLE t=45s phase=Path_change adaptation=without_ML throughput_gbps=6.5627 latency_ms=73.4142
[2026-08-10T06:26:21] SAMPLE t=46s phase=Path_change adaptation=without_ML throughput_gbps=6.3114 latency_ms=72.1952
[2026-08-10T06:26:22] SAMPLE t=47s phase=Path_change adaptation=without_ML throughput_gbps=6.198 latency_ms=71.0746
[2026-08-10T06:26:23] SAMPLE t=48s phase=Path_change adaptation=without_ML throughput_gbps=5.8773 latency_ms=72.8238
[2026-08-10T06:26:24] SAMPLE t=49s phase=Path_change adaptation=without_ML throughput_gbps=5.7181 latency_ms=74.3821
[2026-08-10T06:26:25] SAMPLE t=50s phase=Path_change adaptation=without_ML throughput_gbps=5.4389 latency_ms=74.2983
[2026-08-10T06:26:26] SAMPLE t=51s phase=Path_change adaptation=without_ML throughput_gbps=5.5122 latency_ms=72.2098
[2026-08-10T06:26:27] SAMPLE t=52s phase=Path_change adaptation=without_ML throughput_gbps=5.5373 latency_ms=72.8478
[2026-08-10T06:26:28] SAMPLE t=53s phase=Path_change adaptation=without_ML throughput_gbps=5.8648 latency_ms=71.6001
[2026-08-10T06:26:29] SAMPLE t=54s phase=Path_change adaptation=without_ML throughput_gbps=6.3824 latency_ms=70.4373
[2026-08-10T06:26:30] SAMPLE t=55s phase=Path_change adaptation=without_ML throughput_gbps=6.2514 latency_ms=70.0038
[2026-08-10T06:26:31] SAMPLE t=56s phase=Path_change adaptation=without_ML throughput_gbps=6.6649 latency_ms=66.0934
[2026-08-10T06:26:32] SAMPLE t=57s phase=Path_change adaptation=without_ML throughput_gbps=7.0636 latency_ms=69.6493
[2026-08-10T06:26:33] SAMPLE t=58s phase=Path_change adaptation=without_ML throughput_gbps=6.9605 latency_ms=67.8298
[2026-08-10T06:26:34] SAMPLE t=59s phase=Path_change adaptation=without_ML throughput_gbps=7.9221 latency_ms=69.3154
[2026-08-10T06:26:35] SAMPLE t=60s phase=Loss_spike adaptation=without_ML throughput_gbps=5.9629 latency_ms=69.3288
[2026-08-10T06:26:36] SAMPLE t=61s phase=Loss_spike adaptation=without_ML throughput_gbps=8.7083 latency_ms=82.3435
[2026-08-10T06:26:37] SAMPLE t=62s phase=Loss_spike adaptation=without_ML throughput_gbps=7.9298 latency_ms=78.0411
[2026-08-10T06:26:38] SAMPLE t=63s phase=Loss_spike adaptation=without_ML throughput_gbps=4.8692 latency_ms=75.5881
[2026-08-10T06:26:39] SAMPLE t=64s phase=Loss_spike adaptation=without_ML throughput_gbps=3.8569 latency_ms=78.8588
[2026-08-10T06:26:40] SAMPLE t=65s phase=Loss_spike adaptation=without_ML throughput_gbps=6.3981 latency_ms=70.4062
[2026-08-10T06:26:41] SAMPLE t=66s phase=Loss_spike adaptation=without_ML throughput_gbps=8.7401 latency_ms=77.8956
[2026-08-10T06:26:42] SAMPLE t=67s phase=Loss_spike adaptation=without_ML throughput_gbps=7.6444 latency_ms=74.8012
[2026-08-10T06:26:43] SAMPLE t=68s phase=Loss_spike adaptation=without_ML throughput_gbps=4.7477 latency_ms=77.0606
[2026-08-10T06:26:44] SAMPLE t=69s phase=Loss_spike adaptation=without_ML throughput_gbps=4.0907 latency_ms=79.9838
[2026-08-10T06:26:45] SAMPLE t=70s phase=Loss_spike adaptation=without_ML throughput_gbps=6.2421 latency_ms=69.3411
[2026-08-10T06:26:46] SAMPLE t=71s phase=Loss_spike adaptation=without_ML throughput_gbps=8.2158 latency_ms=80.9065
[2026-08-10T06:26:47] SAMPLE t=72s phase=Loss_spike adaptation=without_ML throughput_gbps=7.62 latency_ms=76.4063
[2026-08-10T06:26:48] SAMPLE t=73s phase=Loss_spike adaptation=without_ML throughput_gbps=4.8543 latency_ms=76.7158
[2026-08-10T06:26:49] SAMPLE t=74s phase=Loss_spike adaptation=without_ML throughput_gbps=3.9377 latency_ms=78.0628
[2026-08-10T06:26:50] SAMPLE t=75s phase=Loss_spike adaptation=without_ML throughput_gbps=5.856 latency_ms=69.6961
[2026-08-10T06:26:51] SAMPLE t=76s phase=Loss_spike adaptation=without_ML throughput_gbps=8.0171 latency_ms=79.8904
[2026-08-10T06:26:52] SAMPLE t=77s phase=Loss_spike adaptation=without_ML throughput_gbps=7.7284 latency_ms=73.8163
[2026-08-10T06:26:53] SAMPLE t=78s phase=Loss_spike adaptation=without_ML throughput_gbps=5.1211 latency_ms=76.2772
[2026-08-10T06:26:54] SAMPLE t=79s phase=Loss_spike adaptation=without_ML throughput_gbps=4.0425 latency_ms=79.2654
[2026-08-10T06:26:55] SAMPLE t=80s phase=Recovery adaptation=without_ML throughput_gbps=7.9021 latency_ms=65.3868
[2026-08-10T06:26:56] SAMPLE t=81s phase=Recovery adaptation=without_ML throughput_gbps=7.9456 latency_ms=67.7324
[2026-08-10T06:26:57] SAMPLE t=82s phase=Recovery adaptation=without_ML throughput_gbps=8.1442 latency_ms=66.3391
[2026-08-10T06:26:58] SAMPLE t=83s phase=Recovery adaptation=without_ML throughput_gbps=7.9272 latency_ms=67.7272
[2026-08-10T06:26:59] SAMPLE t=84s phase=Recovery adaptation=without_ML throughput_gbps=8.149 latency_ms=67.4066
[2026-08-10T06:27:00] SAMPLE t=85s phase=Recovery adaptation=without_ML throughput_gbps=8.0174 latency_ms=64.2302
[2026-08-10T06:27:01] SAMPLE t=86s phase=Recovery adaptation=without_ML throughput_gbps=7.9387 latency_ms=65.4291
[2026-08-10T06:27:02] SAMPLE t=87s phase=Recovery adaptation=without_ML throughput_gbps=7.9701 latency_ms=70.3883
[2026-08-10T06:27:03] SAMPLE t=88s phase=Recovery adaptation=without_ML throughput_gbps=7.7052 latency_ms=65.6078
[2026-08-10T06:27:04] SAMPLE t=89s phase=Recovery adaptation=without_ML throughput_gbps=8.1583 latency_ms=65.9509
[2026-08-10T06:27:05] SAMPLE t=90s phase=Recovery adaptation=without_ML throughput_gbps=7.701 latency_ms=68.106
[2026-08-10T06:27:06] SAMPLE t=91s phase=Recovery adaptation=without_ML throughput_gbps=8.0069 latency_ms=65.9159
[2026-08-10T06:27:07] SAMPLE t=92s phase=Recovery adaptation=without_ML throughput_gbps=7.6733 latency_ms=65.5857
[2026-08-10T06:27:08] SAMPLE t=93s phase=Recovery adaptation=without_ML throughput_gbps=7.7085 latency_ms=65.609
[2026-08-10T06:27:09] SAMPLE t=94s phase=Recovery adaptation=without_ML throughput_gbps=7.9783 latency_ms=66.3207
[2026-08-10T06:27:10] SAMPLE t=95s phase=Recovery adaptation=without_ML throughput_gbps=8.0534 latency_ms=64.6998
[2026-08-10T06:27:11] SAMPLE t=96s phase=Recovery adaptation=without_ML throughput_gbps=8.0553 latency_ms=63.9336
[2026-08-10T06:27:12] SAMPLE t=97s phase=Recovery adaptation=without_ML throughput_gbps=8.3049 latency_ms=64.7496
[2026-08-10T06:27:13] SAMPLE t=98s phase=Recovery adaptation=without_ML throughput_gbps=8.051 latency_ms=64.7285
[2026-08-10T06:27:14] SAMPLE t=99s phase=Recovery adaptation=without_ML throughput_gbps=8.1814 latency_ms=64.8244
[2026-08-10T06:25:35] TRACE_END run_id=55 status=OK
[2026-08-10T06:40:41] TRACE_START run_id=56
[2026-08-10T06:40:41] SAMPLE t=0s phase=Stable adaptation=with_ML throughput_gbps=8.2105 latency_ms=65.7165
[2026-08-10T06:40:42] SAMPLE t=1s phase=Stable adaptation=with_ML throughput_gbps=8.2368 latency_ms=64.1319
[2026-08-10T06:40:43] SAMPLE t=2s phase=Stable adaptation=with_ML throughput_gbps=8.0824 latency_ms=66.4404
[2026-08-10T06:40:44] SAMPLE t=3s phase=Stable adaptation=with_ML throughput_gbps=8.1851 latency_ms=65.9208
[2026-08-10T06:40:45] SAMPLE t=4s phase=Stable adaptation=with_ML throughput_gbps=8.0404 latency_ms=64.3611
[2026-08-10T06:40:46] SAMPLE t=5s phase=Stable adaptation=with_ML throughput_gbps=8.0876 latency_ms=66.954
[2026-08-10T06:40:47] SAMPLE t=6s phase=Stable adaptation=with_ML throughput_gbps=7.804 latency_ms=66.8559
[2026-08-10T06:40:48] SAMPLE t=7s phase=Stable adaptation=with_ML throughput_gbps=8.0848 latency_ms=67.4187
[2026-08-10T06:40:49] SAMPLE t=8s phase=Stable adaptation=with_ML throughput_gbps=8.4109 latency_ms=66.4475
[2026-08-10T06:40:50] SAMPLE t=9s phase=Stable adaptation=with_ML throughput_gbps=7.8562 latency_ms=66.2864
[2026-08-10T06:40:51] SAMPLE t=10s phase=Stable adaptation=with_ML throughput_gbps=7.8639 latency_ms=67.2321
[2026-08-10T06:40:52] SAMPLE t=11s phase=Stable adaptation=with_ML throughput_gbps=8.1905 latency_ms=65.4517
[2026-08-10T06:40:53] SAMPLE t=12s phase=Stable adaptation=with_ML throughput_gbps=8.0994 latency_ms=65.3107
[2026-08-10T06:40:54] SAMPLE t=13s phase=Stable adaptation=with_ML throughput_gbps=7.9592 latency_ms=67.2746
[2026-08-10T06:40:55] SAMPLE t=14s phase=Stable adaptation=with_ML throughput_gbps=7.9988 latency_ms=66.9337
[2026-08-10T06:40:56] SAMPLE t=15s phase=Stable adaptation=with_ML throughput_gbps=8.063 latency_ms=67.4048
[2026-08-10T06:40:57] SAMPLE t=16s phase=Stable adaptation=with_ML throughput_gbps=7.9552 latency_ms=65.1355
[2026-08-10T06:40:58] SAMPLE t=17s phase=Stable adaptation=with_ML throughput_gbps=7.9688 latency_ms=68.0294
[2026-08-10T06:40:59] SAMPLE t=18s phase=Stable adaptation=with_ML throughput_gbps=8.2441 latency_ms=66.4126
[2026-08-10T06:41:00] SAMPLE t=19s phase=Stable adaptation=with_ML throughput_gbps=7.5145 latency_ms=65.251
[2026-08-10T06:41:01] SAMPLE t=20s phase=Congestion adaptation=with_ML throughput_gbps=8.0842 latency_ms=67.2015
[2026-08-10T06:41:02] SAMPLE t=21s phase=Congestion adaptation=with_ML throughput_gbps=8.1263 latency_ms=68.0804
[2026-08-10T06:41:03] SAMPLE t=22s phase=Congestion adaptation=with_ML throughput_gbps=7.871 latency_ms=67.2308
[2026-08-10T06:41:04] SAMPLE t=23s phase=Congestion adaptation=with_ML throughput_gbps=8.0234 latency_ms=67.1637
[2026-08-10T06:41:05] SAMPLE t=24s phase=Congestion adaptation=with_ML throughput_gbps=7.9147 latency_ms=68.551
[2026-08-10T06:41:06] SAMPLE t=25s phase=Congestion adaptation=with_ML throughput_gbps=8.2366 latency_ms=64.5863
[2026-08-10T06:41:07] SAMPLE t=26s phase=Congestion adaptation=with_ML throughput_gbps=8.7264 latency_ms=68.4687
[2026-08-10T06:41:08] SAMPLE t=27s phase=Congestion adaptation=with_ML throughput_gbps=8.0539 latency_ms=67.794
[2026-08-10T06:41:09] SAMPLE t=28s phase=Congestion adaptation=with_ML throughput_gbps=8.0572 latency_ms=64.4184
[2026-08-10T06:41:10] SAMPLE t=29s phase=Congestion adaptation=with_ML throughput_gbps=7.9397 latency_ms=64.6195
[2026-08-10T06:41:11] SAMPLE t=30s phase=Congestion adaptation=with_ML throughput_gbps=8.0936 latency_ms=67.7393
[2026-08-10T06:41:12] SAMPLE t=31s phase=Congestion adaptation=with_ML throughput_gbps=7.9671 latency_ms=65.2564
[2026-08-10T06:41:13] SAMPLE t=32s phase=Congestion adaptation=with_ML throughput_gbps=8.0863 latency_ms=67.6622
[2026-08-10T06:41:14] SAMPLE t=33s phase=Congestion adaptation=with_ML throughput_gbps=8.1948 latency_ms=68.1883
[2026-08-10T06:41:15] SAMPLE t=34s phase=Congestion adaptation=with_ML throughput_gbps=8.0736 latency_ms=66.4166
[2026-08-10T06:41:16] SAMPLE t=35s phase=Congestion adaptation=with_ML throughput_gbps=8.1077 latency_ms=64.7422
[2026-08-10T06:41:17] SAMPLE t=36s phase=Congestion adaptation=with_ML throughput_gbps=7.8589 latency_ms=67.1543
[2026-08-10T06:41:18] SAMPLE t=37s phase=Congestion adaptation=with_ML throughput_gbps=8.1029 latency_ms=68.4243
[2026-08-10T06:41:19] SAMPLE t=38s phase=Congestion adaptation=with_ML throughput_gbps=8.4906 latency_ms=66.8838
[2026-08-10T06:41:20] SAMPLE t=39s phase=Congestion adaptation=with_ML throughput_gbps=8.0064 latency_ms=66.7591
[2026-08-10T06:41:21] SAMPLE t=40s phase=Path_change adaptation=with_ML throughput_gbps=8.207 latency_ms=67.3123
[2026-08-10T06:41:22] SAMPLE t=41s phase=Path_change adaptation=with_ML throughput_gbps=8.0969 latency_ms=67.4753
[2026-08-10T06:41:23] SAMPLE t=42s phase=Path_change adaptation=with_ML throughput_gbps=7.9379 latency_ms=67.0718
[2026-08-10T06:41:24] SAMPLE t=43s phase=Path_change adaptation=with_ML throughput_gbps=7.3455 latency_ms=67.5957
[2026-08-10T06:41:25] SAMPLE t=44s phase=Path_change adaptation=with_ML throughput_gbps=7.3638 latency_ms=66.6209
[2026-08-10T06:41:26] SAMPLE t=45s phase=Path_change adaptation=with_ML throughput_gbps=7.3653 latency_ms=67.1637
[2026-08-10T06:41:27] SAMPLE t=46s phase=Path_change adaptation=with_ML throughput_gbps=7.36 latency_ms=69.3428
[2026-08-10T06:41:28] SAMPLE t=47s phase=Path_change adaptation=with_ML throughput_gbps=7.0961 latency_ms=68.3069
[2026-08-10T06:41:29] SAMPLE t=48s phase=Path_change adaptation=with_ML throughput_gbps=7.0735 latency_ms=69.5843
[2026-08-10T06:41:30] SAMPLE t=49s phase=Path_change adaptation=with_ML throughput_gbps=7.2829 latency_ms=68.8517
[2026-08-10T06:41:31] SAMPLE t=50s phase=Path_change adaptation=with_ML throughput_gbps=7.2674 latency_ms=66.7203
[2026-08-10T06:41:32] SAMPLE t=51s phase=Path_change adaptation=with_ML throughput_gbps=7.3607 latency_ms=70.1941
[2026-08-10T06:41:33] SAMPLE t=52s phase=Path_change adaptation=with_ML throughput_gbps=7.1894 latency_ms=68.3447
[2026-08-10T06:41:34] SAMPLE t=53s phase=Path_change adaptation=with_ML throughput_gbps=7.2221 latency_ms=66.3189
[2026-08-10T06:41:35] SAMPLE t=54s phase=Path_change adaptation=with_ML throughput_gbps=7.0152 latency_ms=69.415
[2026-08-10T06:41:36] SAMPLE t=55s phase=Path_change adaptation=with_ML throughput_gbps=7.3542 latency_ms=68.4042
[2026-08-10T06:41:37] SAMPLE t=56s phase=Path_change adaptation=with_ML throughput_gbps=7.2408 latency_ms=67.3096
[2026-08-10T06:41:38] SAMPLE t=57s phase=Path_change adaptation=with_ML throughput_gbps=7.5267 latency_ms=69.3339
[2026-08-10T06:41:39] SAMPLE t=58s phase=Path_change adaptation=with_ML throughput_gbps=7.8833 latency_ms=65.9136
[2026-08-10T06:41:40] SAMPLE t=59s phase=Path_change adaptation=with_ML throughput_gbps=7.8653 latency_ms=65.1668
[2026-08-10T06:41:41] SAMPLE t=60s phase=Loss_spike adaptation=with_ML throughput_gbps=7.0103 latency_ms=68.4533
[2026-08-10T06:41:42] SAMPLE t=61s phase=Loss_spike adaptation=with_ML throughput_gbps=8.6428 latency_ms=72.821
[2026-08-10T06:41:43] SAMPLE t=62s phase=Loss_spike adaptation=with_ML throughput_gbps=7.7468 latency_ms=72.4448
[2026-08-10T06:41:44] SAMPLE t=63s phase=Loss_spike adaptation=with_ML throughput_gbps=6.7176 latency_ms=68.5463
[2026-08-10T06:41:45] SAMPLE t=64s phase=Loss_spike adaptation=with_ML throughput_gbps=6.1116 latency_ms=72.5204
[2026-08-10T06:41:46] SAMPLE t=65s phase=Loss_spike adaptation=with_ML throughput_gbps=7.2136 latency_ms=69.4429
[2026-08-10T06:41:47] SAMPLE t=66s phase=Loss_spike adaptation=with_ML throughput_gbps=8.1435 latency_ms=71.8239
[2026-08-10T06:41:48] SAMPLE t=67s phase=Loss_spike adaptation=with_ML throughput_gbps=7.9554 latency_ms=70.6421
[2026-08-10T06:41:49] SAMPLE t=68s phase=Loss_spike adaptation=with_ML throughput_gbps=6.6838 latency_ms=70.4475
[2026-08-10T06:41:50] SAMPLE t=69s phase=Loss_spike adaptation=with_ML throughput_gbps=6.4029 latency_ms=71.3038
[2026-08-10T06:41:51] SAMPLE t=70s phase=Loss_spike adaptation=with_ML throughput_gbps=6.8758 latency_ms=65.7002
[2026-08-10T06:41:52] SAMPLE t=71s phase=Loss_spike adaptation=with_ML throughput_gbps=8.2483 latency_ms=75.3187
[2026-08-10T06:41:53] SAMPLE t=72s phase=Loss_spike adaptation=with_ML throughput_gbps=8.1127 latency_ms=69.6703
[2026-08-10T06:41:54] SAMPLE t=73s phase=Loss_spike adaptation=with_ML throughput_gbps=6.3572 latency_ms=70.3927
[2026-08-10T06:41:55] SAMPLE t=74s phase=Loss_spike adaptation=with_ML throughput_gbps=6.1672 latency_ms=71.7477
[2026-08-10T06:41:56] SAMPLE t=75s phase=Loss_spike adaptation=with_ML throughput_gbps=7.3661 latency_ms=67.1902
[2026-08-10T06:41:57] SAMPLE t=76s phase=Loss_spike adaptation=with_ML throughput_gbps=8.5015 latency_ms=72.824
[2026-08-10T06:41:58] SAMPLE t=77s phase=Loss_spike adaptation=with_ML throughput_gbps=7.5904 latency_ms=69.4203
[2026-08-10T06:41:59] SAMPLE t=78s phase=Loss_spike adaptation=with_ML throughput_gbps=6.8839 latency_ms=70.5766
[2026-08-10T06:42:00] SAMPLE t=79s phase=Loss_spike adaptation=with_ML throughput_gbps=6.3429 latency_ms=70.3303
[2026-08-10T06:42:01] SAMPLE t=80s phase=Recovery adaptation=with_ML throughput_gbps=7.8523 latency_ms=65.3694
[2026-08-10T06:42:02] SAMPLE t=81s phase=Recovery adaptation=with_ML throughput_gbps=8.5239 latency_ms=65.5084
[2026-08-10T06:42:03] SAMPLE t=82s phase=Recovery adaptation=with_ML throughput_gbps=7.967 latency_ms=65.8567
[2026-08-10T06:42:04] SAMPLE t=83s phase=Recovery adaptation=with_ML throughput_gbps=7.9996 latency_ms=64.4374
[2026-08-10T06:42:05] SAMPLE t=84s phase=Recovery adaptation=with_ML throughput_gbps=7.8922 latency_ms=65.8414
[2026-08-10T06:42:06] SAMPLE t=85s phase=Recovery adaptation=with_ML throughput_gbps=8.4675 latency_ms=65.1791
[2026-08-10T06:42:07] SAMPLE t=86s phase=Recovery adaptation=with_ML throughput_gbps=8.1346 latency_ms=66.4456
[2026-08-10T06:42:08] SAMPLE t=87s phase=Recovery adaptation=with_ML throughput_gbps=8.3289 latency_ms=66.1075
[2026-08-10T06:42:09] SAMPLE t=88s phase=Recovery adaptation=with_ML throughput_gbps=8.3519 latency_ms=65.2211
[2026-08-10T06:42:10] SAMPLE t=89s phase=Recovery adaptation=with_ML throughput_gbps=8.4226 latency_ms=65.6841
[2026-08-10T06:42:11] SAMPLE t=90s phase=Recovery adaptation=with_ML throughput_gbps=8.3444 latency_ms=64.1709
[2026-08-10T06:42:12] SAMPLE t=91s phase=Recovery adaptation=with_ML throughput_gbps=8.3782 latency_ms=66.0239
[2026-08-10T06:42:13] SAMPLE t=92s phase=Recovery adaptation=with_ML throughput_gbps=8.4203 latency_ms=68.1573
[2026-08-10T06:42:14] SAMPLE t=93s phase=Recovery adaptation=with_ML throughput_gbps=8.2074 latency_ms=65.9859
[2026-08-10T06:42:15] SAMPLE t=94s phase=Recovery adaptation=with_ML throughput_gbps=7.9306 latency_ms=63.5264
[2026-08-10T06:42:16] SAMPLE t=95s phase=Recovery adaptation=with_ML throughput_gbps=8.2067 latency_ms=63.7259
[2026-08-10T06:42:17] SAMPLE t=96s phase=Recovery adaptation=with_ML throughput_gbps=8.0615 latency_ms=64.4364
[2026-08-10T06:42:18] SAMPLE t=97s phase=Recovery adaptation=with_ML throughput_gbps=8.2881 latency_ms=66.251
[2026-08-10T06:42:19] SAMPLE t=98s phase=Recovery adaptation=with_ML throughput_gbps=8.5052 latency_ms=65.2621
[2026-08-10T06:42:20] SAMPLE t=99s phase=Recovery adaptation=with_ML throughput_gbps=8.6743 latency_ms=64.6003
[2026-08-10T06:40:41] SAMPLE t=0s phase=Stable adaptation=without_ML throughput_gbps=8.1681 latency_ms=66.1268
[2026-08-10T06:40:42] SAMPLE t=1s phase=Stable adaptation=without_ML throughput_gbps=7.77 latency_ms=65.6723
[2026-08-10T06:40:43] SAMPLE t=2s phase=Stable adaptation=without_ML throughput_gbps=7.7901 latency_ms=66.1868
[2026-08-10T06:40:44] SAMPLE t=3s phase=Stable adaptation=without_ML throughput_gbps=7.8406 latency_ms=66.925
[2026-08-10T06:40:45] SAMPLE t=4s phase=Stable adaptation=without_ML throughput_gbps=8.0465 latency_ms=67.3684
[2026-08-10T06:40:46] SAMPLE t=5s phase=Stable adaptation=without_ML throughput_gbps=8.2962 latency_ms=66.8566
[2026-08-10T06:40:47] SAMPLE t=6s phase=Stable adaptation=without_ML throughput_gbps=7.7824 latency_ms=66.8584
[2026-08-10T06:40:48] SAMPLE t=7s phase=Stable adaptation=without_ML throughput_gbps=8.1418 latency_ms=65.8525
[2026-08-10T06:40:49] SAMPLE t=8s phase=Stable adaptation=without_ML throughput_gbps=8.3447 latency_ms=65.1126
[2026-08-10T06:40:50] SAMPLE t=9s phase=Stable adaptation=without_ML throughput_gbps=7.7481 latency_ms=67.2392
[2026-08-10T06:40:51] SAMPLE t=10s phase=Stable adaptation=without_ML throughput_gbps=8.0668 latency_ms=65.2383
[2026-08-10T06:40:52] SAMPLE t=11s phase=Stable adaptation=without_ML throughput_gbps=8.2406 latency_ms=65.9726
[2026-08-10T06:40:53] SAMPLE t=12s phase=Stable adaptation=without_ML throughput_gbps=7.6723 latency_ms=65.1857
[2026-08-10T06:40:54] SAMPLE t=13s phase=Stable adaptation=without_ML throughput_gbps=7.8447 latency_ms=67.6482
[2026-08-10T06:40:55] SAMPLE t=14s phase=Stable adaptation=without_ML throughput_gbps=7.857 latency_ms=66.0656
[2026-08-10T06:40:56] SAMPLE t=15s phase=Stable adaptation=without_ML throughput_gbps=7.8138 latency_ms=66.7201
[2026-08-10T06:40:57] SAMPLE t=16s phase=Stable adaptation=without_ML throughput_gbps=7.731 latency_ms=65.9055
[2026-08-10T06:40:58] SAMPLE t=17s phase=Stable adaptation=without_ML throughput_gbps=8.5295 latency_ms=66.2445
[2026-08-10T06:40:59] SAMPLE t=18s phase=Stable adaptation=without_ML throughput_gbps=8.1702 latency_ms=65.294
[2026-08-10T06:41:00] SAMPLE t=19s phase=Stable adaptation=without_ML throughput_gbps=7.6945 latency_ms=66.8957
[2026-08-10T06:41:01] SAMPLE t=20s phase=Congestion adaptation=without_ML throughput_gbps=8.0575 latency_ms=63.9695
[2026-08-10T06:41:02] SAMPLE t=21s phase=Congestion adaptation=without_ML throughput_gbps=7.5064 latency_ms=68.7449
[2026-08-10T06:41:03] SAMPLE t=22s phase=Congestion adaptation=without_ML throughput_gbps=8.1004 latency_ms=64.5665
[2026-08-10T06:41:04] SAMPLE t=23s phase=Congestion adaptation=without_ML throughput_gbps=7.7823 latency_ms=66.5596
[2026-08-10T06:41:05] SAMPLE t=24s phase=Congestion adaptation=without_ML throughput_gbps=8.3292 latency_ms=65.7254
[2026-08-10T06:41:06] SAMPLE t=25s phase=Congestion adaptation=without_ML throughput_gbps=8.214 latency_ms=68.1397
[2026-08-10T06:41:07] SAMPLE t=26s phase=Congestion adaptation=without_ML throughput_gbps=7.6696 latency_ms=65.2955
[2026-08-10T06:41:08] SAMPLE t=27s phase=Congestion adaptation=without_ML throughput_gbps=7.8197 latency_ms=64.8317
[2026-08-10T06:41:09] SAMPLE t=28s phase=Congestion adaptation=without_ML throughput_gbps=8.1542 latency_ms=65.7009
[2026-08-10T06:41:10] SAMPLE t=29s phase=Congestion adaptation=without_ML throughput_gbps=8.046 latency_ms=67.7008
[2026-08-10T06:41:11] SAMPLE t=30s phase=Congestion adaptation=without_ML throughput_gbps=7.9538 latency_ms=65.4014
[2026-08-10T06:41:12] SAMPLE t=31s phase=Congestion adaptation=without_ML throughput_gbps=8.1556 latency_ms=65.6518
[2026-08-10T06:41:13] SAMPLE t=32s phase=Congestion adaptation=without_ML throughput_gbps=7.6803 latency_ms=68.437
[2026-08-10T06:41:14] SAMPLE t=33s phase=Congestion adaptation=without_ML throughput_gbps=8.159 latency_ms=66.9501
[2026-08-10T06:41:15] SAMPLE t=34s phase=Congestion adaptation=without_ML throughput_gbps=8.1887 latency_ms=66.5474
[2026-08-10T06:41:16] SAMPLE t=35s phase=Congestion adaptation=without_ML throughput_gbps=8.1585 latency_ms=63.0643
[2026-08-10T06:41:17] SAMPLE t=36s phase=Congestion adaptation=without_ML throughput_gbps=8.1082 latency_ms=63.8231
[2026-08-10T06:41:18] SAMPLE t=37s phase=Congestion adaptation=without_ML throughput_gbps=7.7047 latency_ms=66.7939
[2026-08-10T06:41:19] SAMPLE t=38s phase=Congestion adaptation=without_ML throughput_gbps=7.7912 latency_ms=66.9667
[2026-08-10T06:41:20] SAMPLE t=39s phase=Congestion adaptation=without_ML throughput_gbps=8.1539 latency_ms=65.7155
[2026-08-10T06:41:21] SAMPLE t=40s phase=Path_change adaptation=without_ML throughput_gbps=7.977 latency_ms=66.123
[2026-08-10T06:41:22] SAMPLE t=41s phase=Path_change adaptation=without_ML throughput_gbps=7.4217 latency_ms=67.4761
[2026-08-10T06:41:23] SAMPLE t=42s phase=Path_change adaptation=without_ML throughput_gbps=7.1566 latency_ms=68.5472
[2026-08-10T06:41:24] SAMPLE t=43s phase=Path_change adaptation=without_ML throughput_gbps=7.1205 latency_ms=70.9132
[2026-08-10T06:41:25] SAMPLE t=44s phase=Path_change adaptation=without_ML throughput_gbps=6.5107 latency_ms=67.5607
[2026-08-10T06:41:26] SAMPLE t=45s phase=Path_change adaptation=without_ML throughput_gbps=6.6294 latency_ms=70.1661
[2026-08-10T06:41:27] SAMPLE t=46s phase=Path_change adaptation=without_ML throughput_gbps=6.0012 latency_ms=70.1449
[2026-08-10T06:41:28] SAMPLE t=47s phase=Path_change adaptation=without_ML throughput_gbps=6.4024 latency_ms=71.4189
[2026-08-10T06:41:29] SAMPLE t=48s phase=Path_change adaptation=without_ML throughput_gbps=5.7221 latency_ms=75.3649
[2026-08-10T06:41:30] SAMPLE t=49s phase=Path_change adaptation=without_ML throughput_gbps=5.7976 latency_ms=71.8971
[2026-08-10T06:41:31] SAMPLE t=50s phase=Path_change adaptation=without_ML throughput_gbps=5.8633 latency_ms=74.2826
[2026-08-10T06:41:32] SAMPLE t=51s phase=Path_change adaptation=without_ML throughput_gbps=5.7444 latency_ms=71.8072
[2026-08-10T06:41:33] SAMPLE t=52s phase=Path_change adaptation=without_ML throughput_gbps=5.589 latency_ms=72.4285
[2026-08-10T06:41:34] SAMPLE t=53s phase=Path_change adaptation=without_ML throughput_gbps=5.9234 latency_ms=71.4259
[2026-08-10T06:41:35] SAMPLE t=54s phase=Path_change adaptation=without_ML throughput_gbps=5.9963 latency_ms=70.8712
[2026-08-10T06:41:36] SAMPLE t=55s phase=Path_change adaptation=without_ML throughput_gbps=6.1191 latency_ms=72.872
[2026-08-10T06:41:37] SAMPLE t=56s phase=Path_change adaptation=without_ML throughput_gbps=6.5312 latency_ms=71.7833
[2026-08-10T06:41:38] SAMPLE t=57s phase=Path_change adaptation=without_ML throughput_gbps=7.0829 latency_ms=66.9274
[2026-08-10T06:41:39] SAMPLE t=58s phase=Path_change adaptation=without_ML throughput_gbps=7.522 latency_ms=68.1001
[2026-08-10T06:41:40] SAMPLE t=59s phase=Path_change adaptation=without_ML throughput_gbps=7.9355 latency_ms=67.578
[2026-08-10T06:41:41] SAMPLE t=60s phase=Loss_spike adaptation=without_ML throughput_gbps=5.9511 latency_ms=70.5086
[2026-08-10T06:41:42] SAMPLE t=61s phase=Loss_spike adaptation=without_ML throughput_gbps=9.0072 latency_ms=77.909
[2026-08-10T06:41:43] SAMPLE t=62s phase=Loss_spike adaptation=without_ML throughput_gbps=7.7642 latency_ms=77.4419
[2026-08-10T06:41:44] SAMPLE t=63s phase=Loss_spike adaptation=without_ML throughput_gbps=5.0859 latency_ms=74.9764
[2026-08-10T06:41:45] SAMPLE t=64s phase=Loss_spike adaptation=without_ML throughput_gbps=4.0437 latency_ms=81.2453
[2026-08-10T06:41:46] SAMPLE t=65s phase=Loss_spike adaptation=without_ML throughput_gbps=6.4969 latency_ms=69.8622
[2026-08-10T06:41:47] SAMPLE t=66s phase=Loss_spike adaptation=without_ML throughput_gbps=8.5468 latency_ms=77.9478
[2026-08-10T06:41:48] SAMPLE t=67s phase=Loss_spike adaptation=without_ML throughput_gbps=7.2897 latency_ms=72.0481
[2026-08-10T06:41:49] SAMPLE t=68s phase=Loss_spike adaptation=without_ML throughput_gbps=4.8184 latency_ms=75.7667
[2026-08-10T06:41:50] SAMPLE t=69s phase=Loss_spike adaptation=without_ML throughput_gbps=4.4261 latency_ms=83.8715
[2026-08-10T06:41:51] SAMPLE t=70s phase=Loss_spike adaptation=without_ML throughput_gbps=6.3909 latency_ms=69.9281
[2026-08-10T06:41:52] SAMPLE t=71s phase=Loss_spike adaptation=without_ML throughput_gbps=8.912 latency_ms=79.4957
[2026-08-10T06:41:53] SAMPLE t=72s phase=Loss_spike adaptation=without_ML throughput_gbps=7.1912 latency_ms=76.1038
[2026-08-10T06:41:54] SAMPLE t=73s phase=Loss_spike adaptation=without_ML throughput_gbps=4.8896 latency_ms=76.3659
[2026-08-10T06:41:55] SAMPLE t=74s phase=Loss_spike adaptation=without_ML throughput_gbps=4.1191 latency_ms=78.5533
[2026-08-10T06:41:56] SAMPLE t=75s phase=Loss_spike adaptation=without_ML throughput_gbps=5.8015 latency_ms=68.4091
[2026-08-10T06:41:57] SAMPLE t=76s phase=Loss_spike adaptation=without_ML throughput_gbps=8.545 latency_ms=77.9983
[2026-08-10T06:41:58] SAMPLE t=77s phase=Loss_spike adaptation=without_ML throughput_gbps=7.3667 latency_ms=76.6514
[2026-08-10T06:41:59] SAMPLE t=78s phase=Loss_spike adaptation=without_ML throughput_gbps=4.7952 latency_ms=73.1691
[2026-08-10T06:42:00] SAMPLE t=79s phase=Loss_spike adaptation=without_ML throughput_gbps=4.307 latency_ms=76.2813
[2026-08-10T06:42:01] SAMPLE t=80s phase=Recovery adaptation=without_ML throughput_gbps=8.1957 latency_ms=66.8985
[2026-08-10T06:42:02] SAMPLE t=81s phase=Recovery adaptation=without_ML throughput_gbps=7.8318 latency_ms=65.731
[2026-08-10T06:42:03] SAMPLE t=82s phase=Recovery adaptation=without_ML throughput_gbps=7.6394 latency_ms=67.5932
[2026-08-10T06:42:04] SAMPLE t=83s phase=Recovery adaptation=without_ML throughput_gbps=7.9477 latency_ms=67.3976
[2026-08-10T06:42:05] SAMPLE t=84s phase=Recovery adaptation=without_ML throughput_gbps=7.618 latency_ms=66.7501
[2026-08-10T06:42:06] SAMPLE t=85s phase=Recovery adaptation=without_ML throughput_gbps=7.5866 latency_ms=66.5042
[2026-08-10T06:42:07] SAMPLE t=86s phase=Recovery adaptation=without_ML throughput_gbps=7.7146 latency_ms=65.4625
[2026-08-10T06:42:08] SAMPLE t=87s phase=Recovery adaptation=without_ML throughput_gbps=8.1754 latency_ms=65.8735
[2026-08-10T06:42:09] SAMPLE t=88s phase=Recovery adaptation=without_ML throughput_gbps=8.32 latency_ms=66.156
[2026-08-10T06:42:10] SAMPLE t=89s phase=Recovery adaptation=without_ML throughput_gbps=8.5071 latency_ms=65.4151
[2026-08-10T06:42:11] SAMPLE t=90s phase=Recovery adaptation=without_ML throughput_gbps=8.2385 latency_ms=64.4199
[2026-08-10T06:42:12] SAMPLE t=91s phase=Recovery adaptation=without_ML throughput_gbps=7.6736 latency_ms=65.2896
[2026-08-10T06:42:13] SAMPLE t=92s phase=Recovery adaptation=without_ML throughput_gbps=7.5863 latency_ms=68.4735
[2026-08-10T06:42:14] SAMPLE t=93s phase=Recovery adaptation=without_ML throughput_gbps=7.9632 latency_ms=67.5806
[2026-08-10T06:42:15] SAMPLE t=94s phase=Recovery adaptation=without_ML throughput_gbps=8.1162 latency_ms=65.5827
[2026-08-10T06:42:16] SAMPLE t=95s phase=Recovery adaptation=without_ML throughput_gbps=8.2187 latency_ms=66.1847
[2026-08-10T06:42:17] SAMPLE t=96s phase=Recovery adaptation=without_ML throughput_gbps=7.9448 latency_ms=66.8248
[2026-08-10T06:42:18] SAMPLE t=97s phase=Recovery adaptation=without_ML throughput_gbps=8.223 latency_ms=64.787
[2026-08-10T06:42:19] SAMPLE t=98s phase=Recovery adaptation=without_ML throughput_gbps=7.5522 latency_ms=65.9814
[2026-08-10T06:42:20] SAMPLE t=99s phase=Recovery adaptation=without_ML throughput_gbps=8.2153 latency_ms=65.6802
[2026-08-10T06:40:41] TRACE_END run_id=56 status=OK
[2026-08-10T07:00:06] TRACE_START run_id=57
[2026-08-10T07:00:06] SAMPLE t=0s phase=Stable adaptation=with_ML throughput_gbps=8.3771 latency_ms=66.817
[2026-08-10T07:00:07] SAMPLE t=1s phase=Stable adaptation=with_ML throughput_gbps=8.1335 latency_ms=66.1795
[2026-08-10T07:00:08] SAMPLE t=2s phase=Stable adaptation=with_ML throughput_gbps=8.0921 latency_ms=65.0917
[2026-08-10T07:00:09] SAMPLE t=3s phase=Stable adaptation=with_ML throughput_gbps=8.2698 latency_ms=66.5198
[2026-08-10T07:00:10] SAMPLE t=4s phase=Stable adaptation=with_ML throughput_gbps=8.425 latency_ms=66.4016
[2026-08-10T07:00:11] SAMPLE t=5s phase=Stable adaptation=with_ML throughput_gbps=7.966 latency_ms=66.3082
[2026-08-10T07:00:12] SAMPLE t=6s phase=Stable adaptation=with_ML throughput_gbps=7.8531 latency_ms=66.7088
[2026-08-10T07:00:13] SAMPLE t=7s phase=Stable adaptation=with_ML throughput_gbps=7.9627 latency_ms=67.5334
[2026-08-10T07:00:14] SAMPLE t=8s phase=Stable adaptation=with_ML throughput_gbps=8.584 latency_ms=67.4161
[2026-08-10T07:00:15] SAMPLE t=9s phase=Stable adaptation=with_ML throughput_gbps=7.8341 latency_ms=66.0364
[2026-08-10T07:00:16] SAMPLE t=10s phase=Stable adaptation=with_ML throughput_gbps=8.1714 latency_ms=66.4881
[2026-08-10T07:00:17] SAMPLE t=11s phase=Stable adaptation=with_ML throughput_gbps=8.0169 latency_ms=67.2547
[2026-08-10T07:00:18] SAMPLE t=12s phase=Stable adaptation=with_ML throughput_gbps=8.4775 latency_ms=66.5274
[2026-08-10T07:00:19] SAMPLE t=13s phase=Stable adaptation=with_ML throughput_gbps=7.7847 latency_ms=65.7024
[2026-08-10T07:00:20] SAMPLE t=14s phase=Stable adaptation=with_ML throughput_gbps=8.6205 latency_ms=69.3557
[2026-08-10T07:00:21] SAMPLE t=15s phase=Stable adaptation=with_ML throughput_gbps=8.293 latency_ms=67.2819
[2026-08-10T07:00:22] SAMPLE t=16s phase=Stable adaptation=with_ML throughput_gbps=8.2233 latency_ms=66.0591
[2026-08-10T07:00:23] SAMPLE t=17s phase=Stable adaptation=with_ML throughput_gbps=8.4041 latency_ms=65.6744
[2026-08-10T07:00:24] SAMPLE t=18s phase=Stable adaptation=with_ML throughput_gbps=8.0161 latency_ms=66.9526
[2026-08-10T07:00:25] SAMPLE t=19s phase=Stable adaptation=with_ML throughput_gbps=7.7213 latency_ms=67.7627
[2026-08-10T07:00:26] SAMPLE t=20s phase=Congestion adaptation=with_ML throughput_gbps=8.2477 latency_ms=66.6978
[2026-08-10T07:00:27] SAMPLE t=21s phase=Congestion adaptation=with_ML throughput_gbps=8.1904 latency_ms=66.0452
[2026-08-10T07:00:28] SAMPLE t=22s phase=Congestion adaptation=with_ML throughput_gbps=8.3378 latency_ms=67.8755
[2026-08-10T07:00:29] SAMPLE t=23s phase=Congestion adaptation=with_ML throughput_gbps=8.2423 latency_ms=65.677
[2026-08-10T07:00:30] SAMPLE t=24s phase=Congestion adaptation=with_ML throughput_gbps=8.1419 latency_ms=64.7237
[2026-08-10T07:00:31] SAMPLE t=25s phase=Congestion adaptation=with_ML throughput_gbps=7.9538 latency_ms=65.232
[2026-08-10T07:00:32] SAMPLE t=26s phase=Congestion adaptation=with_ML throughput_gbps=8.0772 latency_ms=66.1839
[2026-08-10T07:00:33] SAMPLE t=27s phase=Congestion adaptation=with_ML throughput_gbps=7.8956 latency_ms=66.7886
[2026-08-10T07:00:34] SAMPLE t=28s phase=Congestion adaptation=with_ML throughput_gbps=7.8489 latency_ms=67.5775
[2026-08-10T07:00:35] SAMPLE t=29s phase=Congestion adaptation=with_ML throughput_gbps=7.9959 latency_ms=67.3533
[2026-08-10T07:00:36] SAMPLE t=30s phase=Congestion adaptation=with_ML throughput_gbps=7.968 latency_ms=65.779
[2026-08-10T07:00:37] SAMPLE t=31s phase=Congestion adaptation=with_ML throughput_gbps=7.9084 latency_ms=65.6148
[2026-08-10T07:00:38] SAMPLE t=32s phase=Congestion adaptation=with_ML throughput_gbps=8.0332 latency_ms=67.2373
[2026-08-10T07:00:39] SAMPLE t=33s phase=Congestion adaptation=with_ML throughput_gbps=8.2946 latency_ms=66.5245
[2026-08-10T07:00:40] SAMPLE t=34s phase=Congestion adaptation=with_ML throughput_gbps=7.7131 latency_ms=68.6621
[2026-08-10T07:00:41] SAMPLE t=35s phase=Congestion adaptation=with_ML throughput_gbps=8.2453 latency_ms=66.943
[2026-08-10T07:00:42] SAMPLE t=36s phase=Congestion adaptation=with_ML throughput_gbps=8.0001 latency_ms=67.221
[2026-08-10T07:00:43] SAMPLE t=37s phase=Congestion adaptation=with_ML throughput_gbps=8.272 latency_ms=66.5389
[2026-08-10T07:00:44] SAMPLE t=38s phase=Congestion adaptation=with_ML throughput_gbps=8.1102 latency_ms=64.3911
[2026-08-10T07:00:45] SAMPLE t=39s phase=Congestion adaptation=with_ML throughput_gbps=8.1634 latency_ms=67.1683
[2026-08-10T07:00:46] SAMPLE t=40s phase=Path_change adaptation=with_ML throughput_gbps=7.9224 latency_ms=65.6727
[2026-08-10T07:00:47] SAMPLE t=41s phase=Path_change adaptation=with_ML throughput_gbps=7.682 latency_ms=65.6707
[2026-08-10T07:00:48] SAMPLE t=42s phase=Path_change adaptation=with_ML throughput_gbps=7.9162 latency_ms=65.3711
[2026-08-10T07:00:49] SAMPLE t=43s phase=Path_change adaptation=with_ML throughput_gbps=7.7119 latency_ms=65.9908
[2026-08-10T07:00:50] SAMPLE t=44s phase=Path_change adaptation=with_ML throughput_gbps=7.7118 latency_ms=68.2806
[2026-08-10T07:00:51] SAMPLE t=45s phase=Path_change adaptation=with_ML throughput_gbps=7.7532 latency_ms=67.8873
[2026-08-10T07:00:52] SAMPLE t=46s phase=Path_change adaptation=with_ML throughput_gbps=7.2753 latency_ms=67.0401
[2026-08-10T07:00:53] SAMPLE t=47s phase=Path_change adaptation=with_ML throughput_gbps=7.1548 latency_ms=69.8425
[2026-08-10T07:00:54] SAMPLE t=48s phase=Path_change adaptation=with_ML throughput_gbps=7.5718 latency_ms=68.9799
[2026-08-10T07:00:55] SAMPLE t=49s phase=Path_change adaptation=with_ML throughput_gbps=7.1992 latency_ms=66.7876
[2026-08-10T07:00:56] SAMPLE t=50s phase=Path_change adaptation=with_ML throughput_gbps=7.0912 latency_ms=66.028
[2026-08-10T07:00:57] SAMPLE t=51s phase=Path_change adaptation=with_ML throughput_gbps=7.4163 latency_ms=69.2892
[2026-08-10T07:00:58] SAMPLE t=52s phase=Path_change adaptation=with_ML throughput_gbps=7.3148 latency_ms=67.8857
[2026-08-10T07:00:59] SAMPLE t=53s phase=Path_change adaptation=with_ML throughput_gbps=7.649 latency_ms=69.2012
[2026-08-10T07:01:00] SAMPLE t=54s phase=Path_change adaptation=with_ML throughput_gbps=7.2109 latency_ms=67.2007
[2026-08-10T07:01:01] SAMPLE t=55s phase=Path_change adaptation=with_ML throughput_gbps=7.5979 latency_ms=67.5708
[2026-08-10T07:01:02] SAMPLE t=56s phase=Path_change adaptation=with_ML throughput_gbps=7.4942 latency_ms=69.2514
[2026-08-10T07:01:03] SAMPLE t=57s phase=Path_change adaptation=with_ML throughput_gbps=7.6439 latency_ms=67.5374
[2026-08-10T07:01:04] SAMPLE t=58s phase=Path_change adaptation=with_ML throughput_gbps=7.6002 latency_ms=66.4394
[2026-08-10T07:01:05] SAMPLE t=59s phase=Path_change adaptation=with_ML throughput_gbps=8.3607 latency_ms=67.3916
[2026-08-10T07:01:06] SAMPLE t=60s phase=Loss_spike adaptation=with_ML throughput_gbps=7.4277 latency_ms=67.5114
[2026-08-10T07:01:07] SAMPLE t=61s phase=Loss_spike adaptation=with_ML throughput_gbps=8.3093 latency_ms=73.1304
[2026-08-10T07:01:08] SAMPLE t=62s phase=Loss_spike adaptation=with_ML throughput_gbps=7.7321 latency_ms=70.3632
[2026-08-10T07:01:09] SAMPLE t=63s phase=Loss_spike adaptation=with_ML throughput_gbps=6.5955 latency_ms=71.2689
[2026-08-10T07:01:10] SAMPLE t=64s phase=Loss_spike adaptation=with_ML throughput_gbps=6.2799 latency_ms=71.0739
[2026-08-10T07:01:11] SAMPLE t=65s phase=Loss_spike adaptation=with_ML throughput_gbps=7.4306 latency_ms=69.2505
[2026-08-10T07:01:12] SAMPLE t=66s phase=Loss_spike adaptation=with_ML throughput_gbps=8.4191 latency_ms=71.4982
[2026-08-10T07:01:13] SAMPLE t=67s phase=Loss_spike adaptation=with_ML throughput_gbps=8.2887 latency_ms=70.1842
[2026-08-10T07:01:14] SAMPLE t=68s phase=Loss_spike adaptation=with_ML throughput_gbps=6.6596 latency_ms=71.2902
[2026-08-10T07:01:15] SAMPLE t=69s phase=Loss_spike adaptation=with_ML throughput_gbps=5.873 latency_ms=71.7565
[2026-08-10T07:01:16] SAMPLE t=70s phase=Loss_spike adaptation=with_ML throughput_gbps=7.8188 latency_ms=68.5838
[2026-08-10T07:01:17] SAMPLE t=71s phase=Loss_spike adaptation=with_ML throughput_gbps=8.5826 latency_ms=69.9453
[2026-08-10T07:01:18] SAMPLE t=72s phase=Loss_spike adaptation=with_ML throughput_gbps=8.1741 latency_ms=68.4738
[2026-08-10T07:01:19] SAMPLE t=73s phase=Loss_spike adaptation=with_ML throughput_gbps=6.6571 latency_ms=73.6856
[2026-08-10T07:01:20] SAMPLE t=74s phase=Loss_spike adaptation=with_ML throughput_gbps=6.1423 latency_ms=70.0652
[2026-08-10T07:01:21] SAMPLE t=75s phase=Loss_spike adaptation=with_ML throughput_gbps=7.3824 latency_ms=66.4947
[2026-08-10T07:01:22] SAMPLE t=76s phase=Loss_spike adaptation=with_ML throughput_gbps=8.2781 latency_ms=70.0872
[2026-08-10T07:01:23] SAMPLE t=77s phase=Loss_spike adaptation=with_ML throughput_gbps=7.9405 latency_ms=68.6567
[2026-08-10T07:01:24] SAMPLE t=78s phase=Loss_spike adaptation=with_ML throughput_gbps=6.9074 latency_ms=70.4551
[2026-08-10T07:01:25] SAMPLE t=79s phase=Loss_spike adaptation=with_ML throughput_gbps=6.3061 latency_ms=70.998
[2026-08-10T07:01:26] SAMPLE t=80s phase=Recovery adaptation=with_ML throughput_gbps=7.9091 latency_ms=66.3689
[2026-08-10T07:01:27] SAMPLE t=81s phase=Recovery adaptation=with_ML throughput_gbps=7.9187 latency_ms=66.2799
[2026-08-10T07:01:28] SAMPLE t=82s phase=Recovery adaptation=with_ML throughput_gbps=8.3005 latency_ms=66.4116
[2026-08-10T07:01:29] SAMPLE t=83s phase=Recovery adaptation=with_ML throughput_gbps=8.1603 latency_ms=66.3246
[2026-08-10T07:01:30] SAMPLE t=84s phase=Recovery adaptation=with_ML throughput_gbps=8.4051 latency_ms=66.4055
[2026-08-10T07:01:31] SAMPLE t=85s phase=Recovery adaptation=with_ML throughput_gbps=8.5086 latency_ms=65.989
[2026-08-10T07:01:32] SAMPLE t=86s phase=Recovery adaptation=with_ML throughput_gbps=7.9357 latency_ms=65.7416
[2026-08-10T07:01:33] SAMPLE t=87s phase=Recovery adaptation=with_ML throughput_gbps=8.2777 latency_ms=66.2242
[2026-08-10T07:01:34] SAMPLE t=88s phase=Recovery adaptation=with_ML throughput_gbps=7.9392 latency_ms=64.293
[2026-08-10T07:01:35] SAMPLE t=89s phase=Recovery adaptation=with_ML throughput_gbps=8.3709 latency_ms=66.1341
[2026-08-10T07:01:36] SAMPLE t=90s phase=Recovery adaptation=with_ML throughput_gbps=8.0069 latency_ms=65.2092
[2026-08-10T07:01:37] SAMPLE t=91s phase=Recovery adaptation=with_ML throughput_gbps=8.545 latency_ms=66.9403
[2026-08-10T07:01:38] SAMPLE t=92s phase=Recovery adaptation=with_ML throughput_gbps=8.5756 latency_ms=68.2958
[2026-08-10T07:01:39] SAMPLE t=93s phase=Recovery adaptation=with_ML throughput_gbps=8.2543 latency_ms=64.9585
[2026-08-10T07:01:40] SAMPLE t=94s phase=Recovery adaptation=with_ML throughput_gbps=8.2486 latency_ms=64.5608
[2026-08-10T07:01:41] SAMPLE t=95s phase=Recovery adaptation=with_ML throughput_gbps=8.2593 latency_ms=67.9254
[2026-08-10T07:01:42] SAMPLE t=96s phase=Recovery adaptation=with_ML throughput_gbps=8.208 latency_ms=64.6934
[2026-08-10T07:01:43] SAMPLE t=97s phase=Recovery adaptation=with_ML throughput_gbps=8.671 latency_ms=65.0075
[2026-08-10T07:01:44] SAMPLE t=98s phase=Recovery adaptation=with_ML throughput_gbps=8.4347 latency_ms=65.5278
[2026-08-10T07:01:45] SAMPLE t=99s phase=Recovery adaptation=with_ML throughput_gbps=8.5949 latency_ms=66.1129
[2026-08-10T07:00:06] SAMPLE t=0s phase=Stable adaptation=without_ML throughput_gbps=7.7939 latency_ms=64.9489
[2026-08-10T07:00:07] SAMPLE t=1s phase=Stable adaptation=without_ML throughput_gbps=8.1935 latency_ms=65.3033
[2026-08-10T07:00:08] SAMPLE t=2s phase=Stable adaptation=without_ML throughput_gbps=7.8696 latency_ms=68.1575
[2026-08-10T07:00:09] SAMPLE t=3s phase=Stable adaptation=without_ML throughput_gbps=7.6934 latency_ms=66.4349
[2026-08-10T07:00:10] SAMPLE t=4s phase=Stable adaptation=without_ML throughput_gbps=7.9456 latency_ms=64.4535
[2026-08-10T07:00:11] SAMPLE t=5s phase=Stable adaptation=without_ML throughput_gbps=7.7928 latency_ms=67.4891
[2026-08-10T07:00:12] SAMPLE t=6s phase=Stable adaptation=without_ML throughput_gbps=7.945 latency_ms=62.957
[2026-08-10T07:00:13] SAMPLE t=7s phase=Stable adaptation=without_ML throughput_gbps=8.0464 latency_ms=65.8116
[2026-08-10T07:00:14] SAMPLE t=8s phase=Stable adaptation=without_ML throughput_gbps=8.1142 latency_ms=69.6738
[2026-08-10T07:00:15] SAMPLE t=9s phase=Stable adaptation=without_ML throughput_gbps=8.1382 latency_ms=65.0183
[2026-08-10T07:00:16] SAMPLE t=10s phase=Stable adaptation=without_ML throughput_gbps=7.8808 latency_ms=66.2327
[2026-08-10T07:00:17] SAMPLE t=11s phase=Stable adaptation=without_ML throughput_gbps=8.5358 latency_ms=66.9447
[2026-08-10T07:00:18] SAMPLE t=12s phase=Stable adaptation=without_ML throughput_gbps=8.12 latency_ms=65.1312
[2026-08-10T07:00:19] SAMPLE t=13s phase=Stable adaptation=without_ML throughput_gbps=8.0494 latency_ms=65.0831
[2026-08-10T07:00:20] SAMPLE t=14s phase=Stable adaptation=without_ML throughput_gbps=7.6755 latency_ms=66.373
[2026-08-10T07:00:21] SAMPLE t=15s phase=Stable adaptation=without_ML throughput_gbps=7.816 latency_ms=65.8853
[2026-08-10T07:00:22] SAMPLE t=16s phase=Stable adaptation=without_ML throughput_gbps=7.6994 latency_ms=68.6026
[2026-08-10T07:00:23] SAMPLE t=17s phase=Stable adaptation=without_ML throughput_gbps=7.8924 latency_ms=64.119
[2026-08-10T07:00:24] SAMPLE t=18s phase=Stable adaptation=without_ML throughput_gbps=7.7111 latency_ms=67.3573
[2026-08-10T07:00:25] SAMPLE t=19s phase=Stable adaptation=without_ML throughput_gbps=8.1456 latency_ms=67.5748
[2026-08-10T07:00:26] SAMPLE t=20s phase=Congestion adaptation=without_ML throughput_gbps=7.8959 latency_ms=65.5292
[2026-08-10T07:00:27] SAMPLE t=21s phase=Congestion adaptation=without_ML throughput_gbps=7.8009 latency_ms=66.4863
[2026-08-10T07:00:28] SAMPLE t=22s phase=Congestion adaptation=without_ML throughput_gbps=8.0186 latency_ms=62.4327
[2026-08-10T07:00:29] SAMPLE t=23s phase=Congestion adaptation=without_ML throughput_gbps=8.1421 latency_ms=67.0633
[2026-08-10T07:00:30] SAMPLE t=24s phase=Congestion adaptation=without_ML throughput_gbps=7.7477 latency_ms=67.0605
[2026-08-10T07:00:31] SAMPLE t=25s phase=Congestion adaptation=without_ML throughput_gbps=8.1964 latency_ms=64.4681
[2026-08-10T07:00:32] SAMPLE t=26s phase=Congestion adaptation=without_ML throughput_gbps=7.5806 latency_ms=63.5605
[2026-08-10T07:00:33] SAMPLE t=27s phase=Congestion adaptation=without_ML throughput_gbps=7.9431 latency_ms=66.8272
[2026-08-10T07:00:34] SAMPLE t=28s phase=Congestion adaptation=without_ML throughput_gbps=8.3931 latency_ms=67.4779
[2026-08-10T07:00:35] SAMPLE t=29s phase=Congestion adaptation=without_ML throughput_gbps=7.5427 latency_ms=62.699
[2026-08-10T07:00:36] SAMPLE t=30s phase=Congestion adaptation=without_ML throughput_gbps=8.0636 latency_ms=68.9623
[2026-08-10T07:00:37] SAMPLE t=31s phase=Congestion adaptation=without_ML throughput_gbps=7.9948 latency_ms=65.6762
[2026-08-10T07:00:38] SAMPLE t=32s phase=Congestion adaptation=without_ML throughput_gbps=8.2333 latency_ms=65.0122
[2026-08-10T07:00:39] SAMPLE t=33s phase=Congestion adaptation=without_ML throughput_gbps=7.7185 latency_ms=66.558
[2026-08-10T07:00:40] SAMPLE t=34s phase=Congestion adaptation=without_ML throughput_gbps=8.0533 latency_ms=66.9914
[2026-08-10T07:00:41] SAMPLE t=35s phase=Congestion adaptation=without_ML throughput_gbps=8.4188 latency_ms=66.4476
[2026-08-10T07:00:42] SAMPLE t=36s phase=Congestion adaptation=without_ML throughput_gbps=8.3676 latency_ms=66.7072
[2026-08-10T07:00:43] SAMPLE t=37s phase=Congestion adaptation=without_ML throughput_gbps=7.758 latency_ms=66.475
[2026-08-10T07:00:44] SAMPLE t=38s phase=Congestion adaptation=without_ML throughput_gbps=7.6674 latency_ms=66.2817
[2026-08-10T07:00:45] SAMPLE t=39s phase=Congestion adaptation=without_ML throughput_gbps=8.3798 latency_ms=65.8032
[2026-08-10T07:00:46] SAMPLE t=40s phase=Path_change adaptation=without_ML throughput_gbps=7.9772 latency_ms=64.5548
[2026-08-10T07:00:47] SAMPLE t=41s phase=Path_change adaptation=without_ML throughput_gbps=7.6592 latency_ms=67.2856
[2026-08-10T07:00:48] SAMPLE t=42s phase=Path_change adaptation=without_ML throughput_gbps=7.0441 latency_ms=66.5198
[2026-08-10T07:00:49] SAMPLE t=43s phase=Path_change adaptation=without_ML throughput_gbps=7.09 latency_ms=70.5725
[2026-08-10T07:00:50] SAMPLE t=44s phase=Path_change adaptation=without_ML throughput_gbps=6.8947 latency_ms=71.3557
[2026-08-10T07:00:51] SAMPLE t=45s phase=Path_change adaptation=without_ML throughput_gbps=6.3034 latency_ms=73.9293
[2026-08-10T07:00:52] SAMPLE t=46s phase=Path_change adaptation=without_ML throughput_gbps=6.1944 latency_ms=70.43
[2026-08-10T07:00:53] SAMPLE t=47s phase=Path_change adaptation=without_ML throughput_gbps=6.2265 latency_ms=74.4782
[2026-08-10T07:00:54] SAMPLE t=48s phase=Path_change adaptation=without_ML throughput_gbps=5.9508 latency_ms=75.5415
[2026-08-10T07:00:55] SAMPLE t=49s phase=Path_change adaptation=without_ML throughput_gbps=5.4606 latency_ms=71.3448
[2026-08-10T07:00:56] SAMPLE t=50s phase=Path_change adaptation=without_ML throughput_gbps=5.732 latency_ms=72.3918
[2026-08-10T07:00:57] SAMPLE t=51s phase=Path_change adaptation=without_ML throughput_gbps=5.7581 latency_ms=73.1015
[2026-08-10T07:00:58] SAMPLE t=52s phase=Path_change adaptation=without_ML throughput_gbps=6.054 latency_ms=71.0941
[2026-08-10T07:00:59] SAMPLE t=53s phase=Path_change adaptation=without_ML throughput_gbps=5.9353 latency_ms=69.1204
[2026-08-10T07:01:00] SAMPLE t=54s phase=Path_change adaptation=without_ML throughput_gbps=6.2119 latency_ms=72.4674
[2026-08-10T07:01:01] SAMPLE t=55s phase=Path_change adaptation=without_ML throughput_gbps=6.4272 latency_ms=72.2153
[2026-08-10T07:01:02] SAMPLE t=56s phase=Path_change adaptation=without_ML throughput_gbps=6.9735 latency_ms=71.6991
[2026-08-10T07:01:03] SAMPLE t=57s phase=Path_change adaptation=without_ML throughput_gbps=6.9283 latency_ms=68.351
[2026-08-10T07:01:04] SAMPLE t=58s phase=Path_change adaptation=without_ML throughput_gbps=6.8153 latency_ms=68.2118
[2026-08-10T07:01:05] SAMPLE t=59s phase=Path_change adaptation=without_ML throughput_gbps=7.718 latency_ms=66.8234
[2026-08-10T07:01:06] SAMPLE t=60s phase=Loss_spike adaptation=without_ML throughput_gbps=6.289 latency_ms=68.194
[2026-08-10T07:01:07] SAMPLE t=61s phase=Loss_spike adaptation=without_ML throughput_gbps=8.6847 latency_ms=78.3445
[2026-08-10T07:01:08] SAMPLE t=62s phase=Loss_spike adaptation=without_ML throughput_gbps=7.413 latency_ms=76.1694
[2026-08-10T07:01:09] SAMPLE t=63s phase=Loss_spike adaptation=without_ML throughput_gbps=4.9194 latency_ms=76.8474
[2026-08-10T07:01:10] SAMPLE t=64s phase=Loss_spike adaptation=without_ML throughput_gbps=3.9992 latency_ms=79.44
[2026-08-10T07:01:11] SAMPLE t=65s phase=Loss_spike adaptation=without_ML throughput_gbps=6.1777 latency_ms=69.4044
[2026-08-10T07:01:12] SAMPLE t=66s phase=Loss_spike adaptation=without_ML throughput_gbps=8.0776 latency_ms=80.2579
[2026-08-10T07:01:13] SAMPLE t=67s phase=Loss_spike adaptation=without_ML throughput_gbps=7.2145 latency_ms=75.6375
[2026-08-10T07:01:14] SAMPLE t=68s phase=Loss_spike adaptation=without_ML throughput_gbps=4.6385 latency_ms=76.1563
[2026-08-10T07:01:15] SAMPLE t=69s phase=Loss_spike adaptation=without_ML throughput_gbps=3.9408 latency_ms=79.7227
[2026-08-10T07:01:16] SAMPLE t=70s phase=Loss_spike adaptation=without_ML throughput_gbps=6.0564 latency_ms=68.3449
[2026-08-10T07:01:17] SAMPLE t=71s phase=Loss_spike adaptation=without_ML throughput_gbps=8.5718 latency_ms=79.1303
[2026-08-10T07:01:18] SAMPLE t=72s phase=Loss_spike adaptation=without_ML throughput_gbps=7.3557 latency_ms=76.3619
[2026-08-10T07:01:19] SAMPLE t=73s phase=Loss_spike adaptation=without_ML throughput_gbps=4.7761 latency_ms=77.1894
[2026-08-10T07:01:20] SAMPLE t=74s phase=Loss_spike adaptation=without_ML throughput_gbps=3.9956 latency_ms=79.2305
[2026-08-10T07:01:21] SAMPLE t=75s phase=Loss_spike adaptation=without_ML throughput_gbps=6.3276 latency_ms=69.0382
[2026-08-10T07:01:22] SAMPLE t=76s phase=Loss_spike adaptation=without_ML throughput_gbps=8.0871 latency_ms=80.2803
[2026-08-10T07:01:23] SAMPLE t=77s phase=Loss_spike adaptation=without_ML throughput_gbps=7.9009 latency_ms=76.5077
[2026-08-10T07:01:24] SAMPLE t=78s phase=Loss_spike adaptation=without_ML throughput_gbps=5.046 latency_ms=73.6863
[2026-08-10T07:01:25] SAMPLE t=79s phase=Loss_spike adaptation=without_ML throughput_gbps=3.9762 latency_ms=79.7061
[2026-08-10T07:01:26] SAMPLE t=80s phase=Recovery adaptation=without_ML throughput_gbps=8.0702 latency_ms=66.227
[2026-08-10T07:01:27] SAMPLE t=81s phase=Recovery adaptation=without_ML throughput_gbps=8.0423 latency_ms=64.1665
[2026-08-10T07:01:28] SAMPLE t=82s phase=Recovery adaptation=without_ML throughput_gbps=7.9054 latency_ms=67.4693
[2026-08-10T07:01:29] SAMPLE t=83s phase=Recovery adaptation=without_ML throughput_gbps=7.9074 latency_ms=67.8232
[2026-08-10T07:01:30] SAMPLE t=84s phase=Recovery adaptation=without_ML throughput_gbps=7.6755 latency_ms=67.3131
[2026-08-10T07:01:31] SAMPLE t=85s phase=Recovery adaptation=without_ML throughput_gbps=7.8073 latency_ms=67.3169
[2026-08-10T07:01:32] SAMPLE t=86s phase=Recovery adaptation=without_ML throughput_gbps=7.8868 latency_ms=65.5531
[2026-08-10T07:01:33] SAMPLE t=87s phase=Recovery adaptation=without_ML throughput_gbps=8.1238 latency_ms=64.7288
[2026-08-10T07:01:34] SAMPLE t=88s phase=Recovery adaptation=without_ML throughput_gbps=8.3918 latency_ms=68.768
[2026-08-10T07:01:35] SAMPLE t=89s phase=Recovery adaptation=without_ML throughput_gbps=7.9306 latency_ms=66.6478
[2026-08-10T07:01:36] SAMPLE t=90s phase=Recovery adaptation=without_ML throughput_gbps=8.3613 latency_ms=64.3444
[2026-08-10T07:01:37] SAMPLE t=91s phase=Recovery adaptation=without_ML throughput_gbps=8.0347 latency_ms=64.6125
[2026-08-10T07:01:38] SAMPLE t=92s phase=Recovery adaptation=without_ML throughput_gbps=7.7982 latency_ms=65.1178
[2026-08-10T07:01:39] SAMPLE t=93s phase=Recovery adaptation=without_ML throughput_gbps=7.9802 latency_ms=65.1533
[2026-08-10T07:01:40] SAMPLE t=94s phase=Recovery adaptation=without_ML throughput_gbps=7.9949 latency_ms=66.5077
[2026-08-10T07:01:41] SAMPLE t=95s phase=Recovery adaptation=without_ML throughput_gbps=7.645 latency_ms=66.6794
[2026-08-10T07:01:42] SAMPLE t=96s phase=Recovery adaptation=without_ML throughput_gbps=7.8139 latency_ms=63.776
[2026-08-10T07:01:43] SAMPLE t=97s phase=Recovery adaptation=without_ML throughput_gbps=7.9423 latency_ms=65.8142
[2026-08-10T07:01:44] SAMPLE t=98s phase=Recovery adaptation=without_ML throughput_gbps=7.9231 latency_ms=64.6749
[2026-08-10T07:01:45] SAMPLE t=99s phase=Recovery adaptation=without_ML throughput_gbps=8.1788 latency_ms=65.9821
[2026-08-10T07:00:06] TRACE_END run_id=57 status=OK
[2026-08-10T07:13:59] TRACE_START run_id=58
[2026-08-10T07:13:59] SAMPLE t=0s phase=Stable adaptation=with_ML throughput_gbps=7.9313 latency_ms=66.2619
[2026-08-10T07:14:00] SAMPLE t=1s phase=Stable adaptation=with_ML throughput_gbps=8.1844 latency_ms=66.5625
[2026-08-10T07:14:01] SAMPLE t=2s phase=Stable adaptation=with_ML throughput_gbps=7.9019 latency_ms=64.6034
[2026-08-10T07:14:02] SAMPLE t=3s phase=Stable adaptation=with_ML throughput_gbps=8.0245 latency_ms=66.1542
[2026-08-10T07:14:03] SAMPLE t=4s phase=Stable adaptation=with_ML throughput_gbps=7.9708 latency_ms=67.3806
[2026-08-10T07:14:04] SAMPLE t=5s phase=Stable adaptation=with_ML throughput_gbps=8.2586 latency_ms=65.6066
[2026-08-10T07:14:05] SAMPLE t=6s phase=Stable adaptation=with_ML throughput_gbps=8.2446 latency_ms=66.2
[2026-08-10T07:14:06] SAMPLE t=7s phase=Stable adaptation=with_ML throughput_gbps=8.3044 latency_ms=66.4225
[2026-08-10T07:14:07] SAMPLE t=8s phase=Stable adaptation=with_ML throughput_gbps=8.465 latency_ms=63.8934
[2026-08-10T07:14:08] SAMPLE t=9s phase=Stable adaptation=with_ML throughput_gbps=8.2619 latency_ms=65.1124
[2026-08-10T07:14:09] SAMPLE t=10s phase=Stable adaptation=with_ML throughput_gbps=8.0965 latency_ms=66.008
[2026-08-10T07:14:10] SAMPLE t=11s phase=Stable adaptation=with_ML throughput_gbps=8.26 latency_ms=65.7984
[2026-08-10T07:14:11] SAMPLE t=12s phase=Stable adaptation=with_ML throughput_gbps=8.1116 latency_ms=67.5501
[2026-08-10T07:14:12] SAMPLE t=13s phase=Stable adaptation=with_ML throughput_gbps=8.279 latency_ms=67.3606
[2026-08-10T07:14:13] SAMPLE t=14s phase=Stable adaptation=with_ML throughput_gbps=7.7646 latency_ms=66.1195
[2026-08-10T07:14:14] SAMPLE t=15s phase=Stable adaptation=with_ML throughput_gbps=8.2579 latency_ms=65.9283
[2026-08-10T07:14:15] SAMPLE t=16s phase=Stable adaptation=with_ML throughput_gbps=7.8541 latency_ms=64.7606
[2026-08-10T07:14:16] SAMPLE t=17s phase=Stable adaptation=with_ML throughput_gbps=8.1189 latency_ms=64.3898
[2026-08-10T07:14:17] SAMPLE t=18s phase=Stable adaptation=with_ML throughput_gbps=8.119 latency_ms=68.8565
[2026-08-10T07:14:18] SAMPLE t=19s phase=Stable adaptation=with_ML throughput_gbps=8.5064 latency_ms=67.3184
[2026-08-10T07:14:19] SAMPLE t=20s phase=Congestion adaptation=with_ML throughput_gbps=7.9531 latency_ms=66.8464
[2026-08-10T07:14:20] SAMPLE t=21s phase=Congestion adaptation=with_ML throughput_gbps=7.9339 latency_ms=66.314
[2026-08-10T07:14:21] SAMPLE t=22s phase=Congestion adaptation=with_ML throughput_gbps=8.4575 latency_ms=63.727
[2026-08-10T07:14:22] SAMPLE t=23s phase=Congestion adaptation=with_ML throughput_gbps=7.9977 latency_ms=67.6975
[2026-08-10T07:14:23] SAMPLE t=24s phase=Congestion adaptation=with_ML throughput_gbps=8.3035 latency_ms=64.8638
[2026-08-10T07:14:24] SAMPLE t=25s phase=Congestion adaptation=with_ML throughput_gbps=7.7107 latency_ms=66.4216
[2026-08-10T07:14:25] SAMPLE t=26s phase=Congestion adaptation=with_ML throughput_gbps=8.3429 latency_ms=64.7903
[2026-08-10T07:14:26] SAMPLE t=27s phase=Congestion adaptation=with_ML throughput_gbps=7.7784 latency_ms=64.5281
[2026-08-10T07:14:27] SAMPLE t=28s phase=Congestion adaptation=with_ML throughput_gbps=7.9853 latency_ms=66.6337
[2026-08-10T07:14:28] SAMPLE t=29s phase=Congestion adaptation=with_ML throughput_gbps=8.2357 latency_ms=67.3673
[2026-08-10T07:14:29] SAMPLE t=30s phase=Congestion adaptation=with_ML throughput_gbps=8.1665 latency_ms=68.5435
[2026-08-10T07:14:30] SAMPLE t=31s phase=Congestion adaptation=with_ML throughput_gbps=8.1816 latency_ms=64.9207
[2026-08-10T07:14:31] SAMPLE t=32s phase=Congestion adaptation=with_ML throughput_gbps=8.0295 latency_ms=66.5145
[2026-08-10T07:14:32] SAMPLE t=33s phase=Congestion adaptation=with_ML throughput_gbps=8.0844 latency_ms=66.534
[2026-08-10T07:14:33] SAMPLE t=34s phase=Congestion adaptation=with_ML throughput_gbps=7.9188 latency_ms=67.8144
[2026-08-10T07:14:34] SAMPLE t=35s phase=Congestion adaptation=with_ML throughput_gbps=8.4384 latency_ms=68.6998
[2026-08-10T07:14:35] SAMPLE t=36s phase=Congestion adaptation=with_ML throughput_gbps=8.4618 latency_ms=65.3257
[2026-08-10T07:14:36] SAMPLE t=37s phase=Congestion adaptation=with_ML throughput_gbps=7.6604 latency_ms=65.0164
[2026-08-10T07:14:37] SAMPLE t=38s phase=Congestion adaptation=with_ML throughput_gbps=8.151 latency_ms=67.3201
[2026-08-10T07:14:38] SAMPLE t=39s phase=Congestion adaptation=with_ML throughput_gbps=7.9889 latency_ms=66.5695
[2026-08-10T07:14:39] SAMPLE t=40s phase=Path_change adaptation=with_ML throughput_gbps=8.5137 latency_ms=66.7211
[2026-08-10T07:14:40] SAMPLE t=41s phase=Path_change adaptation=with_ML throughput_gbps=7.9196 latency_ms=66.1211
[2026-08-10T07:14:41] SAMPLE t=42s phase=Path_change adaptation=with_ML throughput_gbps=7.9906 latency_ms=65.9825
[2026-08-10T07:14:42] SAMPLE t=43s phase=Path_change adaptation=with_ML throughput_gbps=8.0943 latency_ms=68.6107
[2026-08-10T07:14:43] SAMPLE t=44s phase=Path_change adaptation=with_ML throughput_gbps=7.4341 latency_ms=68.0977
[2026-08-10T07:14:44] SAMPLE t=45s phase=Path_change adaptation=with_ML throughput_gbps=7.3944 latency_ms=68.0574
[2026-08-10T07:14:45] SAMPLE t=46s phase=Path_change adaptation=with_ML throughput_gbps=7.4077 latency_ms=68.6301
[2026-08-10T07:14:46] SAMPLE t=47s phase=Path_change adaptation=with_ML throughput_gbps=7.3623 latency_ms=67.9743
[2026-08-10T07:14:47] SAMPLE t=48s phase=Path_change adaptation=with_ML throughput_gbps=7.3897 latency_ms=68.8967
[2026-08-10T07:14:48] SAMPLE t=49s phase=Path_change adaptation=with_ML throughput_gbps=7.4716 latency_ms=67.1503
[2026-08-10T07:14:49] SAMPLE t=50s phase=Path_change adaptation=with_ML throughput_gbps=7.2467 latency_ms=65.3829
[2026-08-10T07:14:50] SAMPLE t=51s phase=Path_change adaptation=with_ML throughput_gbps=7.0104 latency_ms=68.9642
[2026-08-10T07:14:51] SAMPLE t=52s phase=Path_change adaptation=with_ML throughput_gbps=7.2982 latency_ms=70.6206
[2026-08-10T07:14:52] SAMPLE t=53s phase=Path_change adaptation=with_ML throughput_gbps=7.3931 latency_ms=71.3528
[2026-08-10T07:14:53] SAMPLE t=54s phase=Path_change adaptation=with_ML throughput_gbps=7.49 latency_ms=65.6046
[2026-08-10T07:14:54] SAMPLE t=55s phase=Path_change adaptation=with_ML throughput_gbps=7.5667 latency_ms=67.5249
[2026-08-10T07:14:55] SAMPLE t=56s phase=Path_change adaptation=with_ML throughput_gbps=7.6596 latency_ms=67.8166
[2026-08-10T07:14:56] SAMPLE t=57s phase=Path_change adaptation=with_ML throughput_gbps=7.8702 latency_ms=65.8312
[2026-08-10T07:14:57] SAMPLE t=58s phase=Path_change adaptation=with_ML throughput_gbps=7.9746 latency_ms=67.8057
[2026-08-10T07:14:58] SAMPLE t=59s phase=Path_change adaptation=with_ML throughput_gbps=7.6037 latency_ms=66.1056
[2026-08-10T07:14:59] SAMPLE t=60s phase=Loss_spike adaptation=with_ML throughput_gbps=7.3798 latency_ms=67.6302
[2026-08-10T07:15:00] SAMPLE t=61s phase=Loss_spike adaptation=with_ML throughput_gbps=7.8799 latency_ms=71.7779
[2026-08-10T07:15:01] SAMPLE t=62s phase=Loss_spike adaptation=with_ML throughput_gbps=7.8944 latency_ms=69.5483
[2026-08-10T07:15:02] SAMPLE t=63s phase=Loss_spike adaptation=with_ML throughput_gbps=6.6484 latency_ms=69.6138
[2026-08-10T07:15:03] SAMPLE t=64s phase=Loss_spike adaptation=with_ML throughput_gbps=6.3069 latency_ms=70.4295
[2026-08-10T07:15:04] SAMPLE t=65s phase=Loss_spike adaptation=with_ML throughput_gbps=7.4279 latency_ms=67.901
[2026-08-10T07:15:05] SAMPLE t=66s phase=Loss_spike adaptation=with_ML throughput_gbps=8.8007 latency_ms=71.9581
[2026-08-10T07:15:06] SAMPLE t=67s phase=Loss_spike adaptation=with_ML throughput_gbps=7.7186 latency_ms=71.1544
[2026-08-10T07:15:07] SAMPLE t=68s phase=Loss_spike adaptation=with_ML throughput_gbps=6.7348 latency_ms=70.0975
[2026-08-10T07:15:08] SAMPLE t=69s phase=Loss_spike adaptation=with_ML throughput_gbps=6.3523 latency_ms=72.2375
[2026-08-10T07:15:09] SAMPLE t=70s phase=Loss_spike adaptation=with_ML throughput_gbps=7.5552 latency_ms=67.7899
[2026-08-10T07:15:10] SAMPLE t=71s phase=Loss_spike adaptation=with_ML throughput_gbps=8.5399 latency_ms=70.4844
[2026-08-10T07:15:11] SAMPLE t=72s phase=Loss_spike adaptation=with_ML throughput_gbps=7.7743 latency_ms=68.1484
[2026-08-10T07:15:12] SAMPLE t=73s phase=Loss_spike adaptation=with_ML throughput_gbps=6.515 latency_ms=70.0457
[2026-08-10T07:15:13] SAMPLE t=74s phase=Loss_spike adaptation=with_ML throughput_gbps=6.2469 latency_ms=68.9516
[2026-08-10T07:15:14] SAMPLE t=75s phase=Loss_spike adaptation=with_ML throughput_gbps=7.2848 latency_ms=69.446
[2026-08-10T07:15:15] SAMPLE t=76s phase=Loss_spike adaptation=with_ML throughput_gbps=8.3963 latency_ms=71.0179
[2026-08-10T07:15:16] SAMPLE t=77s phase=Loss_spike adaptation=with_ML throughput_gbps=8.1771 latency_ms=68.7188
[2026-08-10T07:15:17] SAMPLE t=78s phase=Loss_spike adaptation=with_ML throughput_gbps=6.3489 latency_ms=69.9281
[2026-08-10T07:15:18] SAMPLE t=79s phase=Loss_spike adaptation=with_ML throughput_gbps=6.2517 latency_ms=70.2627
[2026-08-10T07:15:19] SAMPLE t=80s phase=Recovery adaptation=with_ML throughput_gbps=8.1217 latency_ms=66.3876
[2026-08-10T07:15:20] SAMPLE t=81s phase=Recovery adaptation=with_ML throughput_gbps=8.2422 latency_ms=66.6394
[2026-08-10T07:15:21] SAMPLE t=82s phase=Recovery adaptation=with_ML throughput_gbps=8.3861 latency_ms=64.0405
[2026-08-10T07:15:22] SAMPLE t=83s phase=Recovery adaptation=with_ML throughput_gbps=8.5095 latency_ms=64.7044
[2026-08-10T07:15:23] SAMPLE t=84s phase=Recovery adaptation=with_ML throughput_gbps=8.5132 latency_ms=67.857
[2026-08-10T07:15:24] SAMPLE t=85s phase=Recovery adaptation=with_ML throughput_gbps=8.0775 latency_ms=64.9569
[2026-08-10T07:15:25] SAMPLE t=86s phase=Recovery adaptation=with_ML throughput_gbps=8.3711 latency_ms=66.4074
[2026-08-10T07:15:26] SAMPLE t=87s phase=Recovery adaptation=with_ML throughput_gbps=8.15 latency_ms=65.5458
[2026-08-10T07:15:27] SAMPLE t=88s phase=Recovery adaptation=with_ML throughput_gbps=8.4921 latency_ms=67.4914
[2026-08-10T07:15:28] SAMPLE t=89s phase=Recovery adaptation=with_ML throughput_gbps=8.4958 latency_ms=67.5516
[2026-08-10T07:15:29] SAMPLE t=90s phase=Recovery adaptation=with_ML throughput_gbps=8.2026 latency_ms=66.5886
[2026-08-10T07:15:30] SAMPLE t=91s phase=Recovery adaptation=with_ML throughput_gbps=8.3282 latency_ms=66.3213
[2026-08-10T07:15:31] SAMPLE t=92s phase=Recovery adaptation=with_ML throughput_gbps=8.4403 latency_ms=65.3766
[2026-08-10T07:15:32] SAMPLE t=93s phase=Recovery adaptation=with_ML throughput_gbps=8.4151 latency_ms=64.004
[2026-08-10T07:15:33] SAMPLE t=94s phase=Recovery adaptation=with_ML throughput_gbps=8.4522 latency_ms=65.33
[2026-08-10T07:15:34] SAMPLE t=95s phase=Recovery adaptation=with_ML throughput_gbps=8.4286 latency_ms=67.1073
[2026-08-10T07:15:35] SAMPLE t=96s phase=Recovery adaptation=with_ML throughput_gbps=8.7386 latency_ms=64.0907
[2026-08-10T07:15:36] SAMPLE t=97s phase=Recovery adaptation=with_ML throughput_gbps=8.5156 latency_ms=65.9079
[2026-08-10T07:15:37] SAMPLE t=98s phase=Recovery adaptation=with_ML throughput_gbps=8.5584 latency_ms=65.385
[2026-08-10T07:15:38] SAMPLE t=99s phase=Recovery adaptation=with_ML throughput_gbps=8.5928 latency_ms=64.0913
[2026-08-10T07:13:59] SAMPLE t=0s phase=Stable adaptation=without_ML throughput_gbps=8.3479 latency_ms=66.3219
[2026-08-10T07:14:00] SAMPLE t=1s phase=Stable adaptation=without_ML throughput_gbps=8.1336 latency_ms=68.453
[2026-08-10T07:14:01] SAMPLE t=2s phase=Stable adaptation=without_ML throughput_gbps=7.8295 latency_ms=66.4306
[2026-08-10T07:14:02] SAMPLE t=3s phase=Stable adaptation=without_ML throughput_gbps=8.1744 latency_ms=64.5782
[2026-08-10T07:14:03] SAMPLE t=4s phase=Stable adaptation=without_ML throughput_gbps=8.4398 latency_ms=62.8693
[2026-08-10T07:14:04] SAMPLE t=5s phase=Stable adaptation=without_ML throughput_gbps=8.1429 latency_ms=66.5134
[2026-08-10T07:14:05] SAMPLE t=6s phase=Stable adaptation=without_ML throughput_gbps=7.9982 latency_ms=66.8917
[2026-08-10T07:14:06] SAMPLE t=7s phase=Stable adaptation=without_ML throughput_gbps=8.1917 latency_ms=68.0772
[2026-08-10T07:14:07] SAMPLE t=8s phase=Stable adaptation=without_ML throughput_gbps=7.5766 latency_ms=65.8881
[2026-08-10T07:14:08] SAMPLE t=9s phase=Stable adaptation=without_ML throughput_gbps=7.7806 latency_ms=66.4376
[2026-08-10T07:14:09] SAMPLE t=10s phase=Stable adaptation=without_ML throughput_gbps=8.1727 latency_ms=66.5628
[2026-08-10T07:14:10] SAMPLE t=11s phase=Stable adaptation=without_ML throughput_gbps=8.0907 latency_ms=63.6781
[2026-08-10T07:14:11] SAMPLE t=12s phase=Stable adaptation=without_ML throughput_gbps=8.0256 latency_ms=65.2659
[2026-08-10T07:14:12] SAMPLE t=13s phase=Stable adaptation=without_ML throughput_gbps=7.9241 latency_ms=65.3923
[2026-08-10T07:14:13] SAMPLE t=14s phase=Stable adaptation=without_ML throughput_gbps=7.9677 latency_ms=66.3492
[2026-08-10T07:14:14] SAMPLE t=15s phase=Stable adaptation=without_ML throughput_gbps=8.4034 latency_ms=68.9237
[2026-08-10T07:14:15] SAMPLE t=16s phase=Stable adaptation=without_ML throughput_gbps=8.1605 latency_ms=67.402
[2026-08-10T07:14:16] SAMPLE t=17s phase=Stable adaptation=without_ML throughput_gbps=7.8819 latency_ms=64.1894
[2026-08-10T07:14:17] SAMPLE t=18s phase=Stable adaptation=without_ML throughput_gbps=8.0741 latency_ms=65.5797
[2026-08-10T07:14:18] SAMPLE t=19s phase=Stable adaptation=without_ML throughput_gbps=7.7987 latency_ms=66.9085
[2026-08-10T07:14:19] SAMPLE t=20s phase=Congestion adaptation=without_ML throughput_gbps=7.7729 latency_ms=63.4691
[2026-08-10T07:14:20] SAMPLE t=21s phase=Congestion adaptation=without_ML throughput_gbps=7.7669 latency_ms=67.9181
[2026-08-10T07:14:21] SAMPLE t=22s phase=Congestion adaptation=without_ML throughput_gbps=7.9275 latency_ms=66.2729
[2026-08-10T07:14:22] SAMPLE t=23s phase=Congestion adaptation=without_ML throughput_gbps=7.4076 latency_ms=66.996
[2026-08-10T07:14:23] SAMPLE t=24s phase=Congestion adaptation=without_ML throughput_gbps=7.9377 latency_ms=67.6718
[2026-08-10T07:14:24] SAMPLE t=25s phase=Congestion adaptation=without_ML throughput_gbps=8.1991 latency_ms=68.8758
[2026-08-10T07:14:25] SAMPLE t=26s phase=Congestion adaptation=without_ML throughput_gbps=7.5358 latency_ms=64.8284
[2026-08-10T07:14:26] SAMPLE t=27s phase=Congestion adaptation=without_ML throughput_gbps=7.9501 latency_ms=67.0128
[2026-08-10T07:14:27] SAMPLE t=28s phase=Congestion adaptation=without_ML throughput_gbps=8.0698 latency_ms=63.5379
[2026-08-10T07:14:28] SAMPLE t=29s phase=Congestion adaptation=without_ML throughput_gbps=7.9544 latency_ms=66.7645
[2026-08-10T07:14:29] SAMPLE t=30s phase=Congestion adaptation=without_ML throughput_gbps=8.1021 latency_ms=66.1779
[2026-08-10T07:14:30] SAMPLE t=31s phase=Congestion adaptation=without_ML throughput_gbps=7.804 latency_ms=65.3271
[2026-08-10T07:14:31] SAMPLE t=32s phase=Congestion adaptation=without_ML throughput_gbps=8.2156 latency_ms=65.6171
[2026-08-10T07:14:32] SAMPLE t=33s phase=Congestion adaptation=without_ML throughput_gbps=7.9698 latency_ms=66.9615
[2026-08-10T07:14:33] SAMPLE t=34s phase=Congestion adaptation=without_ML throughput_gbps=8.177 latency_ms=63.2199
[2026-08-10T07:14:34] SAMPLE t=35s phase=Congestion adaptation=without_ML throughput_gbps=8.3462 latency_ms=68.6694
[2026-08-10T07:14:35] SAMPLE t=36s phase=Congestion adaptation=without_ML throughput_gbps=8.5038 latency_ms=63.7199
[2026-08-10T07:14:36] SAMPLE t=37s phase=Congestion adaptation=without_ML throughput_gbps=7.8128 latency_ms=65.5872
[2026-08-10T07:14:37] SAMPLE t=38s phase=Congestion adaptation=without_ML throughput_gbps=7.492 latency_ms=66.479
[2026-08-10T07:14:38] SAMPLE t=39s phase=Congestion adaptation=without_ML throughput_gbps=8.0282 latency_ms=64.157
[2026-08-10T07:14:39] SAMPLE t=40s phase=Path_change adaptation=without_ML throughput_gbps=7.983 latency_ms=67.1828
[2026-08-10T07:14:40] SAMPLE t=41s phase=Path_change adaptation=without_ML throughput_gbps=7.508 latency_ms=68.0012
[2026-08-10T07:14:41] SAMPLE t=42s phase=Path_change adaptation=without_ML throughput_gbps=7.139 latency_ms=68.0861
[2026-08-10T07:14:42] SAMPLE t=43s phase=Path_change adaptation=without_ML throughput_gbps=7.1872 latency_ms=68.8381
[2026-08-10T07:14:43] SAMPLE t=44s phase=Path_change adaptation=without_ML throughput_gbps=6.5138 latency_ms=73.3663
[2026-08-10T07:14:44] SAMPLE t=45s phase=Path_change adaptation=without_ML throughput_gbps=6.5311 latency_ms=72.1184
[2026-08-10T07:14:45] SAMPLE t=46s phase=Path_change adaptation=without_ML throughput_gbps=6.0389 latency_ms=72.6906
[2026-08-10T07:14:46] SAMPLE t=47s phase=Path_change adaptation=without_ML throughput_gbps=6.173 latency_ms=73.3428
[2026-08-10T07:14:47] SAMPLE t=48s phase=Path_change adaptation=without_ML throughput_gbps=5.6654 latency_ms=71.9715
[2026-08-10T07:14:48] SAMPLE t=49s phase=Path_change adaptation=without_ML throughput_gbps=5.5468 latency_ms=72.6773
[2026-08-10T07:14:49] SAMPLE t=50s phase=Path_change adaptation=without_ML throughput_gbps=6.1649 latency_ms=73.7943
[2026-08-10T07:14:50] SAMPLE t=51s phase=Path_change adaptation=without_ML throughput_gbps=5.6331 latency_ms=72.774
[2026-08-10T07:14:51] SAMPLE t=52s phase=Path_change adaptation=without_ML throughput_gbps=5.7242 latency_ms=72.1073
[2026-08-10T07:14:52] SAMPLE t=53s phase=Path_change adaptation=without_ML throughput_gbps=5.7403 latency_ms=73.9903
[2026-08-10T07:14:53] SAMPLE t=54s phase=Path_change adaptation=without_ML throughput_gbps=6.1689 latency_ms=73.1062
[2026-08-10T07:14:54] SAMPLE t=55s phase=Path_change adaptation=without_ML throughput_gbps=6.3375 latency_ms=69.2024
[2026-08-10T07:14:55] SAMPLE t=56s phase=Path_change adaptation=without_ML throughput_gbps=6.7914 latency_ms=69.5649
[2026-08-10T07:14:56] SAMPLE t=57s phase=Path_change adaptation=without_ML throughput_gbps=6.7046 latency_ms=69.6642
[2026-08-10T07:14:57] SAMPLE t=58s phase=Path_change adaptation=without_ML throughput_gbps=7.6053 latency_ms=66.1885
[2026-08-10T07:14:58] SAMPLE t=59s phase=Path_change adaptation=without_ML throughput_gbps=7.2025 latency_ms=67.3697
[2026-08-10T07:14:59] SAMPLE t=60s phase=Loss_spike adaptation=without_ML throughput_gbps=5.8687 latency_ms=69.8822
[2026-08-10T07:15:00] SAMPLE t=61s phase=Loss_spike adaptation=without_ML throughput_gbps=8.381 latency_ms=77.9102
[2026-08-10T07:15:01] SAMPLE t=62s phase=Loss_spike adaptation=without_ML throughput_gbps=7.4125 latency_ms=76.7428
[2026-08-10T07:15:02] SAMPLE t=63s phase=Loss_spike adaptation=without_ML throughput_gbps=4.5931 latency_ms=76.9654
[2026-08-10T07:15:03] SAMPLE t=64s phase=Loss_spike adaptation=without_ML throughput_gbps=3.9556 latency_ms=78.092
[2026-08-10T07:15:04] SAMPLE t=65s phase=Loss_spike adaptation=without_ML throughput_gbps=6.3569 latency_ms=70.1948
[2026-08-10T07:15:05] SAMPLE t=66s phase=Loss_spike adaptation=without_ML throughput_gbps=8.2362 latency_ms=81.7363
[2026-08-10T07:15:06] SAMPLE t=67s phase=Loss_spike adaptation=without_ML throughput_gbps=7.4219 latency_ms=75.2052
[2026-08-10T07:15:07] SAMPLE t=68s phase=Loss_spike adaptation=without_ML throughput_gbps=4.9235 latency_ms=75.4845
[2026-08-10T07:15:08] SAMPLE t=69s phase=Loss_spike adaptation=without_ML throughput_gbps=4.1801 latency_ms=80.7876
[2026-08-10T07:15:09] SAMPLE t=70s phase=Loss_spike adaptation=without_ML throughput_gbps=6.1188 latency_ms=68.5332
[2026-08-10T07:15:10] SAMPLE t=71s phase=Loss_spike adaptation=without_ML throughput_gbps=8.4929 latency_ms=76.0576
[2026-08-10T07:15:11] SAMPLE t=72s phase=Loss_spike adaptation=without_ML throughput_gbps=7.5239 latency_ms=75.2763
[2026-08-10T07:15:12] SAMPLE t=73s phase=Loss_spike adaptation=without_ML throughput_gbps=4.8024 latency_ms=76.024
[2026-08-10T07:15:13] SAMPLE t=74s phase=Loss_spike adaptation=without_ML throughput_gbps=4.0279 latency_ms=79.3475
[2026-08-10T07:15:14] SAMPLE t=75s phase=Loss_spike adaptation=without_ML throughput_gbps=6.2164 latency_ms=66.5895
[2026-08-10T07:15:15] SAMPLE t=76s phase=Loss_spike adaptation=without_ML throughput_gbps=8.1205 latency_ms=78.6068
[2026-08-10T07:15:16] SAMPLE t=77s phase=Loss_spike adaptation=without_ML throughput_gbps=7.5611 latency_ms=73.232
[2026-08-10T07:15:17] SAMPLE t=78s phase=Loss_spike adaptation=without_ML throughput_gbps=4.8976 latency_ms=75.9001
[2026-08-10T07:15:18] SAMPLE t=79s phase=Loss_spike adaptation=without_ML throughput_gbps=4.0905 latency_ms=78.5422
[2026-08-10T07:15:19] SAMPLE t=80s phase=Recovery adaptation=without_ML throughput_gbps=7.9294 latency_ms=65.9375
[2026-08-10T07:15:20] SAMPLE t=81s phase=Recovery adaptation=without_ML throughput_gbps=8.0657 latency_ms=66.0645
[2026-08-10T07:15:21] SAMPLE t=82s phase=Recovery adaptation=without_ML throughput_gbps=8.2708 latency_ms=65.9436
[2026-08-10T07:15:22] SAMPLE t=83s phase=Recovery adaptation=without_ML throughput_gbps=8.1122 latency_ms=65.6301
[2026-08-10T07:15:23] SAMPLE t=84s phase=Recovery adaptation=without_ML throughput_gbps=7.4132 latency_ms=68.4105
[2026-08-10T07:15:24] SAMPLE t=85s phase=Recovery adaptation=without_ML throughput_gbps=7.6899 latency_ms=65.3785
[2026-08-10T07:15:25] SAMPLE t=86s phase=Recovery adaptation=without_ML throughput_gbps=8.2442 latency_ms=65.8718
[2026-08-10T07:15:26] SAMPLE t=87s phase=Recovery adaptation=without_ML throughput_gbps=7.9837 latency_ms=64.3412
[2026-08-10T07:15:27] SAMPLE t=88s phase=Recovery adaptation=without_ML throughput_gbps=8.004 latency_ms=65.6218
[2026-08-10T07:15:28] SAMPLE t=89s phase=Recovery adaptation=without_ML throughput_gbps=7.9 latency_ms=64.7415
[2026-08-10T07:15:29] SAMPLE t=90s phase=Recovery adaptation=without_ML throughput_gbps=8.1476 latency_ms=65.0403
[2026-08-10T07:15:30] SAMPLE t=91s phase=Recovery adaptation=without_ML throughput_gbps=7.8273 latency_ms=62.5557
[2026-08-10T07:15:31] SAMPLE t=92s phase=Recovery adaptation=without_ML throughput_gbps=8.127 latency_ms=65.611
[2026-08-10T07:15:32] SAMPLE t=93s phase=Recovery adaptation=without_ML throughput_gbps=7.9912 latency_ms=67.5731
[2026-08-10T07:15:33] SAMPLE t=94s phase=Recovery adaptation=without_ML throughput_gbps=8.1494 latency_ms=65.6292
[2026-08-10T07:15:34] SAMPLE t=95s phase=Recovery adaptation=without_ML throughput_gbps=8.1053 latency_ms=66.042
[2026-08-10T07:15:35] SAMPLE t=96s phase=Recovery adaptation=without_ML throughput_gbps=8.1587 latency_ms=67.5575
[2026-08-10T07:15:36] SAMPLE t=97s phase=Recovery adaptation=without_ML throughput_gbps=7.8479 latency_ms=67.2461
[2026-08-10T07:15:37] SAMPLE t=98s phase=Recovery adaptation=without_ML throughput_gbps=8.0696 latency_ms=64.0815
[2026-08-10T07:15:38] SAMPLE t=99s phase=Recovery adaptation=without_ML throughput_gbps=7.9327 latency_ms=64.3072
[2026-08-10T07:13:59] TRACE_END run_id=58 status=OK
[2026-08-10T21:22:38] TRACE_START run_id=59
[2026-08-10T21:22:38] SAMPLE t=0s phase=Stable adaptation=with_ML throughput_gbps=7.9729 latency_ms=66.3405
[2026-08-10T21:22:39] SAMPLE t=1s phase=Stable adaptation=with_ML throughput_gbps=8.1219 latency_ms=64.9905
[2026-08-10T21:22:40] SAMPLE t=2s phase=Stable adaptation=with_ML throughput_gbps=8.2381 latency_ms=65.8613
[2026-08-10T21:22:41] SAMPLE t=3s phase=Stable adaptation=with_ML throughput_gbps=8.0448 latency_ms=66.6248
[2026-08-10T21:22:42] SAMPLE t=4s phase=Stable adaptation=with_ML throughput_gbps=8.2211 latency_ms=66.8015
[2026-08-10T21:22:43] SAMPLE t=5s phase=Stable adaptation=with_ML throughput_gbps=8.2309 latency_ms=66.2417
[2026-08-10T21:22:44] SAMPLE t=6s phase=Stable adaptation=with_ML throughput_gbps=8.321 latency_ms=66.8697
[2026-08-10T21:22:45] SAMPLE t=7s phase=Stable adaptation=with_ML throughput_gbps=7.8583 latency_ms=68.0239
[2026-08-10T21:22:46] SAMPLE t=8s phase=Stable adaptation=with_ML throughput_gbps=8.3102 latency_ms=64.7927
[2026-08-10T21:22:47] SAMPLE t=9s phase=Stable adaptation=with_ML throughput_gbps=7.6868 latency_ms=66.9136
[2026-08-10T21:22:48] SAMPLE t=10s phase=Stable adaptation=with_ML throughput_gbps=8.1383 latency_ms=67.4773
[2026-08-10T21:22:49] SAMPLE t=11s phase=Stable adaptation=with_ML throughput_gbps=8.2196 latency_ms=65.8686
[2026-08-10T21:22:50] SAMPLE t=12s phase=Stable adaptation=with_ML throughput_gbps=8.3388 latency_ms=66.9706
[2026-08-10T21:22:51] SAMPLE t=13s phase=Stable adaptation=with_ML throughput_gbps=7.9078 latency_ms=69.5519
[2026-08-10T21:22:52] SAMPLE t=14s phase=Stable adaptation=with_ML throughput_gbps=8.0262 latency_ms=66.1206
[2026-08-10T21:22:53] SAMPLE t=15s phase=Stable adaptation=with_ML throughput_gbps=8.368 latency_ms=68.1214
[2026-08-10T21:22:54] SAMPLE t=16s phase=Stable adaptation=with_ML throughput_gbps=8.1731 latency_ms=66.592
[2026-08-10T21:22:55] SAMPLE t=17s phase=Stable adaptation=with_ML throughput_gbps=8.0667 latency_ms=67.1524
[2026-08-10T21:22:56] SAMPLE t=18s phase=Stable adaptation=with_ML throughput_gbps=8.0812 latency_ms=68.1463
[2026-08-10T21:22:57] SAMPLE t=19s phase=Stable adaptation=with_ML throughput_gbps=7.6781 latency_ms=68.1441
[2026-08-10T21:22:58] SAMPLE t=20s phase=Congestion adaptation=with_ML throughput_gbps=8.1828 latency_ms=68.001
[2026-08-10T21:22:59] SAMPLE t=21s phase=Congestion adaptation=with_ML throughput_gbps=7.756 latency_ms=66.075
[2026-08-10T21:23:00] SAMPLE t=22s phase=Congestion adaptation=with_ML throughput_gbps=8.1387 latency_ms=66.094
[2026-08-10T21:23:01] SAMPLE t=23s phase=Congestion adaptation=with_ML throughput_gbps=8.3291 latency_ms=66.6807
[2026-08-10T21:23:02] SAMPLE t=24s phase=Congestion adaptation=with_ML throughput_gbps=8.3181 latency_ms=66.5606
[2026-08-10T21:23:03] SAMPLE t=25s phase=Congestion adaptation=with_ML throughput_gbps=8.0593 latency_ms=65.6574
[2026-08-10T21:23:04] SAMPLE t=26s phase=Congestion adaptation=with_ML throughput_gbps=8.3821 latency_ms=66.4901
[2026-08-10T21:23:05] SAMPLE t=27s phase=Congestion adaptation=with_ML throughput_gbps=8.4781 latency_ms=66.6352
[2026-08-10T21:23:06] SAMPLE t=28s phase=Congestion adaptation=with_ML throughput_gbps=8.0697 latency_ms=67.1429
[2026-08-10T21:23:07] SAMPLE t=29s phase=Congestion adaptation=with_ML throughput_gbps=8.2656 latency_ms=65.1388
[2026-08-10T21:23:08] SAMPLE t=30s phase=Congestion adaptation=with_ML throughput_gbps=8.0159 latency_ms=69.4202
[2026-08-10T21:23:09] SAMPLE t=31s phase=Congestion adaptation=with_ML throughput_gbps=8.0769 latency_ms=65.8149
[2026-08-10T21:23:10] SAMPLE t=32s phase=Congestion adaptation=with_ML throughput_gbps=8.4635 latency_ms=67.3603
[2026-08-10T21:23:11] SAMPLE t=33s phase=Congestion adaptation=with_ML throughput_gbps=7.9124 latency_ms=66.5218
[2026-08-10T21:23:12] SAMPLE t=34s phase=Congestion adaptation=with_ML throughput_gbps=7.824 latency_ms=66.5951
[2026-08-10T21:23:13] SAMPLE t=35s phase=Congestion adaptation=with_ML throughput_gbps=8.1685 latency_ms=65.9145
[2026-08-10T21:23:14] SAMPLE t=36s phase=Congestion adaptation=with_ML throughput_gbps=8.2385 latency_ms=66.6117
[2026-08-10T21:23:15] SAMPLE t=37s phase=Congestion adaptation=with_ML throughput_gbps=7.9377 latency_ms=67.1493
[2026-08-10T21:23:16] SAMPLE t=38s phase=Congestion adaptation=with_ML throughput_gbps=8.1991 latency_ms=66.939
[2026-08-10T21:23:17] SAMPLE t=39s phase=Congestion adaptation=with_ML throughput_gbps=8.5573 latency_ms=65.723
[2026-08-10T21:23:18] SAMPLE t=40s phase=Path_change adaptation=with_ML throughput_gbps=7.8744 latency_ms=67.8375
[2026-08-10T21:23:19] SAMPLE t=41s phase=Path_change adaptation=with_ML throughput_gbps=7.9342 latency_ms=67.0947
[2026-08-10T21:23:20] SAMPLE t=42s phase=Path_change adaptation=with_ML throughput_gbps=7.436 latency_ms=66.4823
[2026-08-10T21:23:21] SAMPLE t=43s phase=Path_change adaptation=with_ML throughput_gbps=7.5698 latency_ms=64.756
[2026-08-10T21:23:22] SAMPLE t=44s phase=Path_change adaptation=with_ML throughput_gbps=7.5516 latency_ms=67.7197
[2026-08-10T21:23:23] SAMPLE t=45s phase=Path_change adaptation=with_ML throughput_gbps=7.1489 latency_ms=66.8967
[2026-08-10T21:23:24] SAMPLE t=46s phase=Path_change adaptation=with_ML throughput_gbps=7.4762 latency_ms=67.9367
[2026-08-10T21:23:25] SAMPLE t=47s phase=Path_change adaptation=with_ML throughput_gbps=7.4075 latency_ms=69.2181
[2026-08-10T21:23:26] SAMPLE t=48s phase=Path_change adaptation=with_ML throughput_gbps=6.9442 latency_ms=67.8361
[2026-08-10T21:23:27] SAMPLE t=49s phase=Path_change adaptation=with_ML throughput_gbps=7.0 latency_ms=68.9649
[2026-08-10T21:23:28] SAMPLE t=50s phase=Path_change adaptation=with_ML throughput_gbps=6.9624 latency_ms=68.4752
[2026-08-10T21:23:29] SAMPLE t=51s phase=Path_change adaptation=with_ML throughput_gbps=7.2012 latency_ms=70.2224
[2026-08-10T21:23:30] SAMPLE t=52s phase=Path_change adaptation=with_ML throughput_gbps=7.3555 latency_ms=67.5791
[2026-08-10T21:23:31] SAMPLE t=53s phase=Path_change adaptation=with_ML throughput_gbps=7.7117 latency_ms=69.83
[2026-08-10T21:23:32] SAMPLE t=54s phase=Path_change adaptation=with_ML throughput_gbps=7.102 latency_ms=66.776
[2026-08-10T21:23:33] SAMPLE t=55s phase=Path_change adaptation=with_ML throughput_gbps=7.8185 latency_ms=68.6214
[2026-08-10T21:23:34] SAMPLE t=56s phase=Path_change adaptation=with_ML throughput_gbps=7.506 latency_ms=65.8015
[2026-08-10T21:23:35] SAMPLE t=57s phase=Path_change adaptation=with_ML throughput_gbps=7.5318 latency_ms=67.0473
[2026-08-10T21:23:36] SAMPLE t=58s phase=Path_change adaptation=with_ML throughput_gbps=7.8599 latency_ms=65.1809
[2026-08-10T21:23:37] SAMPLE t=59s phase=Path_change adaptation=with_ML throughput_gbps=8.061 latency_ms=68.1072
[2026-08-10T21:23:38] SAMPLE t=60s phase=Loss_spike adaptation=with_ML throughput_gbps=7.4348 latency_ms=66.5737
[2026-08-10T21:23:39] SAMPLE t=61s phase=Loss_spike adaptation=with_ML throughput_gbps=8.254 latency_ms=70.7317
[2026-08-10T21:23:40] SAMPLE t=62s phase=Loss_spike adaptation=with_ML throughput_gbps=8.0735 latency_ms=69.4295
[2026-08-10T21:23:41] SAMPLE t=63s phase=Loss_spike adaptation=with_ML throughput_gbps=6.5186 latency_ms=70.6158
[2026-08-10T21:23:42] SAMPLE t=64s phase=Loss_spike adaptation=with_ML throughput_gbps=6.1428 latency_ms=73.1412
[2026-08-10T21:23:43] SAMPLE t=65s phase=Loss_spike adaptation=with_ML throughput_gbps=7.3567 latency_ms=68.7513
[2026-08-10T21:23:44] SAMPLE t=66s phase=Loss_spike adaptation=with_ML throughput_gbps=8.2459 latency_ms=72.1357
[2026-08-10T21:23:45] SAMPLE t=67s phase=Loss_spike adaptation=with_ML throughput_gbps=8.0576 latency_ms=69.1318
[2026-08-10T21:23:46] SAMPLE t=68s phase=Loss_spike adaptation=with_ML throughput_gbps=6.4239 latency_ms=71.8207
[2026-08-10T21:23:47] SAMPLE t=69s phase=Loss_spike adaptation=with_ML throughput_gbps=6.2551 latency_ms=71.3141
[2026-08-10T21:23:48] SAMPLE t=70s phase=Loss_spike adaptation=with_ML throughput_gbps=7.5092 latency_ms=67.8115
[2026-08-10T21:23:49] SAMPLE t=71s phase=Loss_spike adaptation=with_ML throughput_gbps=8.3399 latency_ms=70.865
[2026-08-10T21:23:50] SAMPLE t=72s phase=Loss_spike adaptation=with_ML throughput_gbps=7.9845 latency_ms=70.9554
[2026-08-10T21:23:51] SAMPLE t=73s phase=Loss_spike adaptation=with_ML throughput_gbps=6.2865 latency_ms=71.0732
[2026-08-10T21:23:52] SAMPLE t=74s phase=Loss_spike adaptation=with_ML throughput_gbps=6.3726 latency_ms=71.3704
[2026-08-10T21:23:53] SAMPLE t=75s phase=Loss_spike adaptation=with_ML throughput_gbps=7.4123 latency_ms=67.3634
[2026-08-10T21:23:54] SAMPLE t=76s phase=Loss_spike adaptation=with_ML throughput_gbps=8.7499 latency_ms=71.1251
[2026-08-10T21:23:55] SAMPLE t=77s phase=Loss_spike adaptation=with_ML throughput_gbps=8.0144 latency_ms=68.4322
[2026-08-10T21:23:56] SAMPLE t=78s phase=Loss_spike adaptation=with_ML throughput_gbps=6.8668 latency_ms=70.6539
[2026-08-10T21:23:57] SAMPLE t=79s phase=Loss_spike adaptation=with_ML throughput_gbps=6.1648 latency_ms=71.9584
[2026-08-10T21:23:58] SAMPLE t=80s phase=Recovery adaptation=with_ML throughput_gbps=8.0995 latency_ms=65.2679
[2026-08-10T21:23:59] SAMPLE t=81s phase=Recovery adaptation=with_ML throughput_gbps=7.9128 latency_ms=67.9909
[2026-08-10T21:24:00] SAMPLE t=82s phase=Recovery adaptation=with_ML throughput_gbps=8.4692 latency_ms=64.8872
[2026-08-10T21:24:01] SAMPLE t=83s phase=Recovery adaptation=with_ML throughput_gbps=8.4587 latency_ms=66.4961
[2026-08-10T21:24:02] SAMPLE t=84s phase=Recovery adaptation=with_ML throughput_gbps=8.3771 latency_ms=64.8772
[2026-08-10T21:24:03] SAMPLE t=85s phase=Recovery adaptation=with_ML throughput_gbps=7.7783 latency_ms=66.3912
[2026-08-10T21:24:04] SAMPLE t=86s phase=Recovery adaptation=with_ML throughput_gbps=8.0818 latency_ms=65.0576
[2026-08-10T21:24:05] SAMPLE t=87s phase=Recovery adaptation=with_ML throughput_gbps=8.065 latency_ms=65.919
[2026-08-10T21:24:06] SAMPLE t=88s phase=Recovery adaptation=with_ML throughput_gbps=8.237 latency_ms=65.5457
[2026-08-10T21:24:07] SAMPLE t=89s phase=Recovery adaptation=with_ML throughput_gbps=8.1105 latency_ms=64.9374
[2026-08-10T21:24:08] SAMPLE t=90s phase=Recovery adaptation=with_ML throughput_gbps=8.5094 latency_ms=67.9076
[2026-08-10T21:24:09] SAMPLE t=91s phase=Recovery adaptation=with_ML throughput_gbps=8.2443 latency_ms=65.0641
[2026-08-10T21:24:10] SAMPLE t=92s phase=Recovery adaptation=with_ML throughput_gbps=8.4437 latency_ms=67.2965
[2026-08-10T21:24:11] SAMPLE t=93s phase=Recovery adaptation=with_ML throughput_gbps=8.4045 latency_ms=65.1612
[2026-08-10T21:24:12] SAMPLE t=94s phase=Recovery adaptation=with_ML throughput_gbps=8.5052 latency_ms=65.5884
[2026-08-10T21:24:13] SAMPLE t=95s phase=Recovery adaptation=with_ML throughput_gbps=8.3167 latency_ms=66.0379
[2026-08-10T21:24:14] SAMPLE t=96s phase=Recovery adaptation=with_ML throughput_gbps=8.2975 latency_ms=61.7296
[2026-08-10T21:24:15] SAMPLE t=97s phase=Recovery adaptation=with_ML throughput_gbps=8.3419 latency_ms=65.8776
[2026-08-10T21:24:16] SAMPLE t=98s phase=Recovery adaptation=with_ML throughput_gbps=8.3279 latency_ms=66.2365
[2026-08-10T21:24:17] SAMPLE t=99s phase=Recovery adaptation=with_ML throughput_gbps=8.2158 latency_ms=68.0794
[2026-08-10T21:22:38] SAMPLE t=0s phase=Stable adaptation=without_ML throughput_gbps=8.2901 latency_ms=67.3329
[2026-08-10T21:22:39] SAMPLE t=1s phase=Stable adaptation=without_ML throughput_gbps=7.4451 latency_ms=66.2625
[2026-08-10T21:22:40] SAMPLE t=2s phase=Stable adaptation=without_ML throughput_gbps=7.9362 latency_ms=66.3431
[2026-08-10T21:22:41] SAMPLE t=3s phase=Stable adaptation=without_ML throughput_gbps=7.7016 latency_ms=64.7787
[2026-08-10T21:22:42] SAMPLE t=4s phase=Stable adaptation=without_ML throughput_gbps=7.1229 latency_ms=64.8692
[2026-08-10T21:22:43] SAMPLE t=5s phase=Stable adaptation=without_ML throughput_gbps=8.038 latency_ms=65.5692
[2026-08-10T21:22:44] SAMPLE t=6s phase=Stable adaptation=without_ML throughput_gbps=8.183 latency_ms=68.7277
[2026-08-10T21:22:45] SAMPLE t=7s phase=Stable adaptation=without_ML throughput_gbps=8.0326 latency_ms=66.7611
[2026-08-10T21:22:46] SAMPLE t=8s phase=Stable adaptation=without_ML throughput_gbps=7.9639 latency_ms=65.466
[2026-08-10T21:22:47] SAMPLE t=9s phase=Stable adaptation=without_ML throughput_gbps=7.6473 latency_ms=65.5225
[2026-08-10T21:22:48] SAMPLE t=10s phase=Stable adaptation=without_ML throughput_gbps=8.2459 latency_ms=66.7015
[2026-08-10T21:22:49] SAMPLE t=11s phase=Stable adaptation=without_ML throughput_gbps=7.7991 latency_ms=64.057
[2026-08-10T21:22:50] SAMPLE t=12s phase=Stable adaptation=without_ML throughput_gbps=8.0333 latency_ms=64.9009
[2026-08-10T21:22:51] SAMPLE t=13s phase=Stable adaptation=without_ML throughput_gbps=7.9227 latency_ms=65.6185
[2026-08-10T21:22:52] SAMPLE t=14s phase=Stable adaptation=without_ML throughput_gbps=7.9443 latency_ms=65.4456
[2026-08-10T21:22:53] SAMPLE t=15s phase=Stable adaptation=without_ML throughput_gbps=8.4157 latency_ms=66.3695
[2026-08-10T21:22:54] SAMPLE t=16s phase=Stable adaptation=without_ML throughput_gbps=8.2094 latency_ms=66.1236
[2026-08-10T21:22:55] SAMPLE t=17s phase=Stable adaptation=without_ML throughput_gbps=7.8285 latency_ms=65.9024
[2026-08-10T21:22:56] SAMPLE t=18s phase=Stable adaptation=without_ML throughput_gbps=8.1031 latency_ms=68.121
[2026-08-10T21:22:57] SAMPLE t=19s phase=Stable adaptation=without_ML throughput_gbps=7.9938 latency_ms=65.6608
[2026-08-10T21:22:58] SAMPLE t=20s phase=Congestion adaptation=without_ML throughput_gbps=7.6608 latency_ms=65.8977
[2026-08-10T21:22:59] SAMPLE t=21s phase=Congestion adaptation=without_ML throughput_gbps=8.0693 latency_ms=65.4111
[2026-08-10T21:23:00] SAMPLE t=22s phase=Congestion adaptation=without_ML throughput_gbps=7.9994 latency_ms=66.4272
[2026-08-10T21:23:01] SAMPLE t=23s phase=Congestion adaptation=without_ML throughput_gbps=7.6794 latency_ms=65.8505
[2026-08-10T21:23:02] SAMPLE t=24s phase=Congestion adaptation=without_ML throughput_gbps=7.7242 latency_ms=63.9381
[2026-08-10T21:23:03] SAMPLE t=25s phase=Congestion adaptation=without_ML throughput_gbps=8.2595 latency_ms=65.7319
[2026-08-10T21:23:04] SAMPLE t=26s phase=Congestion adaptation=without_ML throughput_gbps=7.95 latency_ms=69.8918
[2026-08-10T21:23:05] SAMPLE t=27s phase=Congestion adaptation=without_ML throughput_gbps=7.8522 latency_ms=65.3386
[2026-08-10T21:23:06] SAMPLE t=28s phase=Congestion adaptation=without_ML throughput_gbps=8.2067 latency_ms=65.3857
[2026-08-10T21:23:07] SAMPLE t=29s phase=Congestion adaptation=without_ML throughput_gbps=7.7078 latency_ms=68.6956
[2026-08-10T21:23:08] SAMPLE t=30s phase=Congestion adaptation=without_ML throughput_gbps=8.0842 latency_ms=65.2836
[2026-08-10T21:23:09] SAMPLE t=31s phase=Congestion adaptation=without_ML throughput_gbps=7.7274 latency_ms=66.3804
[2026-08-10T21:23:10] SAMPLE t=32s phase=Congestion adaptation=without_ML throughput_gbps=7.8102 latency_ms=65.5294
[2026-08-10T21:23:11] SAMPLE t=33s phase=Congestion adaptation=without_ML throughput_gbps=7.8943 latency_ms=65.0045
[2026-08-10T21:23:12] SAMPLE t=34s phase=Congestion adaptation=without_ML throughput_gbps=8.1767 latency_ms=63.5378
[2026-08-10T21:23:13] SAMPLE t=35s phase=Congestion adaptation=without_ML throughput_gbps=8.3348 latency_ms=67.1373
[2026-08-10T21:23:14] SAMPLE t=36s phase=Congestion adaptation=without_ML throughput_gbps=7.8845 latency_ms=65.2221
[2026-08-10T21:23:15] SAMPLE t=37s phase=Congestion adaptation=without_ML throughput_gbps=8.0508 latency_ms=67.1558
[2026-08-10T21:23:16] SAMPLE t=38s phase=Congestion adaptation=without_ML throughput_gbps=8.0485 latency_ms=65.9551
[2026-08-10T21:23:17] SAMPLE t=39s phase=Congestion adaptation=without_ML throughput_gbps=7.8294 latency_ms=65.1568
[2026-08-10T21:23:18] SAMPLE t=40s phase=Path_change adaptation=without_ML throughput_gbps=8.5473 latency_ms=65.1341
[2026-08-10T21:23:19] SAMPLE t=41s phase=Path_change adaptation=without_ML throughput_gbps=7.7361 latency_ms=67.7951
[2026-08-10T21:23:20] SAMPLE t=42s phase=Path_change adaptation=without_ML throughput_gbps=7.2126 latency_ms=66.1693
[2026-08-10T21:23:21] SAMPLE t=43s phase=Path_change adaptation=without_ML throughput_gbps=6.9294 latency_ms=71.306
[2026-08-10T21:23:22] SAMPLE t=44s phase=Path_change adaptation=without_ML throughput_gbps=6.6709 latency_ms=69.297
[2026-08-10T21:23:23] SAMPLE t=45s phase=Path_change adaptation=without_ML throughput_gbps=6.3289 latency_ms=69.3626
[2026-08-10T21:23:24] SAMPLE t=46s phase=Path_change adaptation=without_ML throughput_gbps=6.0196 latency_ms=71.6816
[2026-08-10T21:23:25] SAMPLE t=47s phase=Path_change adaptation=without_ML throughput_gbps=5.812 latency_ms=73.7184
[2026-08-10T21:23:26] SAMPLE t=48s phase=Path_change adaptation=without_ML throughput_gbps=5.6094 latency_ms=72.3415
[2026-08-10T21:23:27] SAMPLE t=49s phase=Path_change adaptation=without_ML throughput_gbps=5.754 latency_ms=71.912
[2026-08-10T21:23:28] SAMPLE t=50s phase=Path_change adaptation=without_ML throughput_gbps=5.8296 latency_ms=72.8407
[2026-08-10T21:23:29] SAMPLE t=51s phase=Path_change adaptation=without_ML throughput_gbps=5.9363 latency_ms=72.3895
[2026-08-10T21:23:30] SAMPLE t=52s phase=Path_change adaptation=without_ML throughput_gbps=5.7699 latency_ms=71.2522
[2026-08-10T21:23:31] SAMPLE t=53s phase=Path_change adaptation=without_ML throughput_gbps=5.9352 latency_ms=72.0927
[2026-08-10T21:23:32] SAMPLE t=54s phase=Path_change adaptation=without_ML throughput_gbps=6.2779 latency_ms=71.5352
[2026-08-10T21:23:33] SAMPLE t=55s phase=Path_change adaptation=without_ML throughput_gbps=5.9818 latency_ms=71.7839
[2026-08-10T21:23:34] SAMPLE t=56s phase=Path_change adaptation=without_ML throughput_gbps=6.9124 latency_ms=69.252
[2026-08-10T21:23:35] SAMPLE t=57s phase=Path_change adaptation=without_ML throughput_gbps=6.8542 latency_ms=66.6175
[2026-08-10T21:23:36] SAMPLE t=58s phase=Path_change adaptation=without_ML throughput_gbps=7.1545 latency_ms=65.7577
[2026-08-10T21:23:37] SAMPLE t=59s phase=Path_change adaptation=without_ML throughput_gbps=7.2479 latency_ms=65.7644
[2026-08-10T21:23:38] SAMPLE t=60s phase=Loss_spike adaptation=without_ML throughput_gbps=5.9117 latency_ms=71.7784
[2026-08-10T21:23:39] SAMPLE t=61s phase=Loss_spike adaptation=without_ML throughput_gbps=8.4129 latency_ms=80.8978
[2026-08-10T21:23:40] SAMPLE t=62s phase=Loss_spike adaptation=without_ML throughput_gbps=7.3437 latency_ms=75.8822
[2026-08-10T21:23:41] SAMPLE t=63s phase=Loss_spike adaptation=without_ML throughput_gbps=4.7598 latency_ms=73.0882
[2026-08-10T21:23:42] SAMPLE t=64s phase=Loss_spike adaptation=without_ML throughput_gbps=3.7452 latency_ms=79.6117
[2026-08-10T21:23:43] SAMPLE t=65s phase=Loss_spike adaptation=without_ML throughput_gbps=6.0762 latency_ms=69.6654
[2026-08-10T21:23:44] SAMPLE t=66s phase=Loss_spike adaptation=without_ML throughput_gbps=8.9805 latency_ms=80.5149
[2026-08-10T21:23:45] SAMPLE t=67s phase=Loss_spike adaptation=without_ML throughput_gbps=7.6605 latency_ms=75.9414
[2026-08-10T21:23:46] SAMPLE t=68s phase=Loss_spike adaptation=without_ML throughput_gbps=4.9697 latency_ms=78.7908
[2026-08-10T21:23:47] SAMPLE t=69s phase=Loss_spike adaptation=without_ML throughput_gbps=4.2725 latency_ms=78.5116
[2026-08-10T21:23:48] SAMPLE t=70s phase=Loss_spike adaptation=without_ML throughput_gbps=6.2237 latency_ms=71.9705
[2026-08-10T21:23:49] SAMPLE t=71s phase=Loss_spike adaptation=without_ML throughput_gbps=8.2649 latency_ms=77.4961
[2026-08-10T21:23:50] SAMPLE t=72s phase=Loss_spike adaptation=without_ML throughput_gbps=7.3827 latency_ms=76.9193
[2026-08-10T21:23:51] SAMPLE t=73s phase=Loss_spike adaptation=without_ML throughput_gbps=4.7945 latency_ms=73.4372
[2026-08-10T21:23:52] SAMPLE t=74s phase=Loss_spike adaptation=without_ML throughput_gbps=4.0486 latency_ms=80.8363
[2026-08-10T21:23:53] SAMPLE t=75s phase=Loss_spike adaptation=without_ML throughput_gbps=6.094 latency_ms=67.8351
[2026-08-10T21:23:54] SAMPLE t=76s phase=Loss_spike adaptation=without_ML throughput_gbps=8.0646 latency_ms=79.79
[2026-08-10T21:23:55] SAMPLE t=77s phase=Loss_spike adaptation=without_ML throughput_gbps=7.4497 latency_ms=77.0853
[2026-08-10T21:23:56] SAMPLE t=78s phase=Loss_spike adaptation=without_ML throughput_gbps=4.9062 latency_ms=76.4086
[2026-08-10T21:23:57] SAMPLE t=79s phase=Loss_spike adaptation=without_ML throughput_gbps=3.8476 latency_ms=80.6079
[2026-08-10T21:23:58] SAMPLE t=80s phase=Recovery adaptation=without_ML throughput_gbps=7.959 latency_ms=69.2059
[2026-08-10T21:23:59] SAMPLE t=81s phase=Recovery adaptation=without_ML throughput_gbps=7.899 latency_ms=65.3162
[2026-08-10T21:24:00] SAMPLE t=82s phase=Recovery adaptation=without_ML throughput_gbps=7.9888 latency_ms=64.4623
[2026-08-10T21:24:01] SAMPLE t=83s phase=Recovery adaptation=without_ML throughput_gbps=7.7298 latency_ms=65.6378
[2026-08-10T21:24:02] SAMPLE t=84s phase=Recovery adaptation=without_ML throughput_gbps=8.3895 latency_ms=65.8128
[2026-08-10T21:24:03] SAMPLE t=85s phase=Recovery adaptation=without_ML throughput_gbps=7.9814 latency_ms=65.3517
[2026-08-10T21:24:04] SAMPLE t=86s phase=Recovery adaptation=without_ML throughput_gbps=7.9549 latency_ms=65.0912
[2026-08-10T21:24:05] SAMPLE t=87s phase=Recovery adaptation=without_ML throughput_gbps=8.2176 latency_ms=67.7923
[2026-08-10T21:24:06] SAMPLE t=88s phase=Recovery adaptation=without_ML throughput_gbps=7.7997 latency_ms=65.7925
[2026-08-10T21:24:07] SAMPLE t=89s phase=Recovery adaptation=without_ML throughput_gbps=8.2882 latency_ms=67.5823
[2026-08-10T21:24:08] SAMPLE t=90s phase=Recovery adaptation=without_ML throughput_gbps=8.2146 latency_ms=65.1925
[2026-08-10T21:24:09] SAMPLE t=91s phase=Recovery adaptation=without_ML throughput_gbps=8.284 latency_ms=65.9299
[2026-08-10T21:24:10] SAMPLE t=92s phase=Recovery adaptation=without_ML throughput_gbps=8.1513 latency_ms=66.2061
[2026-08-10T21:24:11] SAMPLE t=93s phase=Recovery adaptation=without_ML throughput_gbps=8.2315 latency_ms=65.9676
[2026-08-10T21:24:12] SAMPLE t=94s phase=Recovery adaptation=without_ML throughput_gbps=7.8361 latency_ms=65.5808
[2026-08-10T21:24:13] SAMPLE t=95s phase=Recovery adaptation=without_ML throughput_gbps=7.8368 latency_ms=64.1776
[2026-08-10T21:24:14] SAMPLE t=96s phase=Recovery adaptation=without_ML throughput_gbps=8.157 latency_ms=67.1834
[2026-08-10T21:24:15] SAMPLE t=97s phase=Recovery adaptation=without_ML throughput_gbps=8.0732 latency_ms=67.5842
[2026-08-10T21:24:16] SAMPLE t=98s phase=Recovery adaptation=without_ML throughput_gbps=7.4341 latency_ms=70.0581
[2026-08-10T21:24:17] SAMPLE t=99s phase=Recovery adaptation=without_ML throughput_gbps=7.8898 latency_ms=67.1141
[2026-08-10T21:22:38] TRACE_END run_id=59 status=OK
[2026-08-10T21:28:44] TRACE_START run_id=60
[2026-08-10T21:28:44] SAMPLE t=0s phase=Stable adaptation=with_ML throughput_gbps=8.1601 latency_ms=64.6966
[2026-08-10T21:28:45] SAMPLE t=1s phase=Stable adaptation=with_ML throughput_gbps=8.222 latency_ms=67.5453
[2026-08-10T21:28:46] SAMPLE t=2s phase=Stable adaptation=with_ML throughput_gbps=8.1994 latency_ms=65.8593
[2026-08-10T21:28:47] SAMPLE t=3s phase=Stable adaptation=with_ML throughput_gbps=8.4014 latency_ms=67.1292
[2026-08-10T21:28:48] SAMPLE t=4s phase=Stable adaptation=with_ML throughput_gbps=8.1749 latency_ms=67.351
[2026-08-10T21:28:49] SAMPLE t=5s phase=Stable adaptation=with_ML throughput_gbps=8.0803 latency_ms=65.0061
[2026-08-10T21:28:50] SAMPLE t=6s phase=Stable adaptation=with_ML throughput_gbps=8.4326 latency_ms=67.5693
[2026-08-10T21:28:51] SAMPLE t=7s phase=Stable adaptation=with_ML throughput_gbps=8.5292 latency_ms=66.7086
[2026-08-10T21:28:52] SAMPLE t=8s phase=Stable adaptation=with_ML throughput_gbps=8.0217 latency_ms=68.3179
[2026-08-10T21:28:53] SAMPLE t=9s phase=Stable adaptation=with_ML throughput_gbps=8.0252 latency_ms=67.5288
[2026-08-10T21:28:54] SAMPLE t=10s phase=Stable adaptation=with_ML throughput_gbps=8.4393 latency_ms=67.3772
[2026-08-10T21:28:55] SAMPLE t=11s phase=Stable adaptation=with_ML throughput_gbps=7.8554 latency_ms=66.8301
[2026-08-10T21:28:56] SAMPLE t=12s phase=Stable adaptation=with_ML throughput_gbps=8.2232 latency_ms=65.6531
[2026-08-10T21:28:57] SAMPLE t=13s phase=Stable adaptation=with_ML throughput_gbps=7.8035 latency_ms=67.2255
[2026-08-10T21:28:58] SAMPLE t=14s phase=Stable adaptation=with_ML throughput_gbps=7.8978 latency_ms=64.2629
[2026-08-10T21:28:59] SAMPLE t=15s phase=Stable adaptation=with_ML throughput_gbps=7.9857 latency_ms=66.2947
[2026-08-10T21:29:00] SAMPLE t=16s phase=Stable adaptation=with_ML throughput_gbps=7.8679 latency_ms=65.3042
[2026-08-10T21:29:01] SAMPLE t=17s phase=Stable adaptation=with_ML throughput_gbps=7.9525 latency_ms=68.2891
[2026-08-10T21:29:02] SAMPLE t=18s phase=Stable adaptation=with_ML throughput_gbps=7.8745 latency_ms=66.6327
[2026-08-10T21:29:03] SAMPLE t=19s phase=Stable adaptation=with_ML throughput_gbps=8.0071 latency_ms=66.2667
[2026-08-10T21:29:04] SAMPLE t=20s phase=Congestion adaptation=with_ML throughput_gbps=8.2732 latency_ms=68.7738
[2026-08-10T21:29:05] SAMPLE t=21s phase=Congestion adaptation=with_ML throughput_gbps=8.3312 latency_ms=65.0934
[2026-08-10T21:29:06] SAMPLE t=22s phase=Congestion adaptation=with_ML throughput_gbps=8.1939 latency_ms=67.6673
[2026-08-10T21:29:07] SAMPLE t=23s phase=Congestion adaptation=with_ML throughput_gbps=8.2379 latency_ms=65.8046
[2026-08-10T21:29:08] SAMPLE t=24s phase=Congestion adaptation=with_ML throughput_gbps=7.9227 latency_ms=65.7666
[2026-08-10T21:29:09] SAMPLE t=25s phase=Congestion adaptation=with_ML throughput_gbps=8.4124 latency_ms=65.7332
[2026-08-10T21:29:10] SAMPLE t=26s phase=Congestion adaptation=with_ML throughput_gbps=8.1772 latency_ms=66.7148
[2026-08-10T21:29:11] SAMPLE t=27s phase=Congestion adaptation=with_ML throughput_gbps=8.1528 latency_ms=65.6144
[2026-08-10T21:29:12] SAMPLE t=28s phase=Congestion adaptation=with_ML throughput_gbps=7.7789 latency_ms=64.4915
[2026-08-10T21:29:13] SAMPLE t=29s phase=Congestion adaptation=with_ML throughput_gbps=7.9373 latency_ms=65.9158
[2026-08-10T21:29:14] SAMPLE t=30s phase=Congestion adaptation=with_ML throughput_gbps=8.0634 latency_ms=67.3595
[2026-08-10T21:29:15] SAMPLE t=31s phase=Congestion adaptation=with_ML throughput_gbps=7.8838 latency_ms=66.7732
[2026-08-10T21:29:16] SAMPLE t=32s phase=Congestion adaptation=with_ML throughput_gbps=7.7446 latency_ms=67.3245
[2026-08-10T21:29:17] SAMPLE t=33s phase=Congestion adaptation=with_ML throughput_gbps=8.1185 latency_ms=66.3294
[2026-08-10T21:29:18] SAMPLE t=34s phase=Congestion adaptation=with_ML throughput_gbps=7.8927 latency_ms=69.1212
[2026-08-10T21:29:19] SAMPLE t=35s phase=Congestion adaptation=with_ML throughput_gbps=7.9692 latency_ms=66.6996
[2026-08-10T21:29:20] SAMPLE t=36s phase=Congestion adaptation=with_ML throughput_gbps=8.2116 latency_ms=65.4711
[2026-08-10T21:29:21] SAMPLE t=37s phase=Congestion adaptation=with_ML throughput_gbps=8.1267 latency_ms=67.0467
[2026-08-10T21:29:22] SAMPLE t=38s phase=Congestion adaptation=with_ML throughput_gbps=7.8271 latency_ms=67.8291
[2026-08-10T21:29:23] SAMPLE t=39s phase=Congestion adaptation=with_ML throughput_gbps=8.2702 latency_ms=65.9977
[2026-08-10T21:29:24] SAMPLE t=40s phase=Path_change adaptation=with_ML throughput_gbps=8.3726 latency_ms=66.842
[2026-08-10T21:29:25] SAMPLE t=41s phase=Path_change adaptation=with_ML throughput_gbps=8.1621 latency_ms=67.6837
[2026-08-10T21:29:26] SAMPLE t=42s phase=Path_change adaptation=with_ML throughput_gbps=7.5672 latency_ms=65.3422
[2026-08-10T21:29:27] SAMPLE t=43s phase=Path_change adaptation=with_ML throughput_gbps=7.3532 latency_ms=67.1793
[2026-08-10T21:29:28] SAMPLE t=44s phase=Path_change adaptation=with_ML throughput_gbps=7.3752 latency_ms=67.9911
[2026-08-10T21:29:29] SAMPLE t=45s phase=Path_change adaptation=with_ML throughput_gbps=7.5813 latency_ms=68.9076
[2026-08-10T21:29:30] SAMPLE t=46s phase=Path_change adaptation=with_ML throughput_gbps=7.5526 latency_ms=67.1876
[2026-08-10T21:29:31] SAMPLE t=47s phase=Path_change adaptation=with_ML throughput_gbps=7.3718 latency_ms=69.9295
[2026-08-10T21:29:32] SAMPLE t=48s phase=Path_change adaptation=with_ML throughput_gbps=7.11 latency_ms=68.9363
[2026-08-10T21:29:33] SAMPLE t=49s phase=Path_change adaptation=with_ML throughput_gbps=7.0745 latency_ms=67.0215
[2026-08-10T21:29:34] SAMPLE t=50s phase=Path_change adaptation=with_ML throughput_gbps=7.073 latency_ms=68.7965
[2026-08-10T21:29:35] SAMPLE t=51s phase=Path_change adaptation=with_ML throughput_gbps=7.2872 latency_ms=65.4156
[2026-08-10T21:29:36] SAMPLE t=52s phase=Path_change adaptation=with_ML throughput_gbps=7.0616 latency_ms=69.8404
[2026-08-10T21:29:37] SAMPLE t=53s phase=Path_change adaptation=with_ML throughput_gbps=7.3636 latency_ms=69.0366
[2026-08-10T21:29:38] SAMPLE t=54s phase=Path_change adaptation=with_ML throughput_gbps=7.4777 latency_ms=67.2696
[2026-08-10T21:29:39] SAMPLE t=55s phase=Path_change adaptation=with_ML throughput_gbps=7.2301 latency_ms=67.4678
[2026-08-10T21:29:40] SAMPLE t=56s phase=Path_change adaptation=with_ML throughput_gbps=7.4299 latency_ms=67.2554
[2026-08-10T21:29:41] SAMPLE t=57s phase=Path_change adaptation=with_ML throughput_gbps=7.8048 latency_ms=69.1003
[2026-08-10T21:29:42] SAMPLE t=58s phase=Path_change adaptation=with_ML throughput_gbps=7.5982 latency_ms=69.9114
[2026-08-10T21:29:43] SAMPLE t=59s phase=Path_change adaptation=with_ML throughput_gbps=7.8798 latency_ms=65.1754
[2026-08-10T21:29:44] SAMPLE t=60s phase=Loss_spike adaptation=with_ML throughput_gbps=7.1163 latency_ms=68.0253
[2026-08-10T21:29:45] SAMPLE t=61s phase=Loss_spike adaptation=with_ML throughput_gbps=8.3231 latency_ms=70.0172
[2026-08-10T21:29:46] SAMPLE t=62s phase=Loss_spike adaptation=with_ML throughput_gbps=8.0185 latency_ms=69.826
[2026-08-10T21:29:47] SAMPLE t=63s phase=Loss_spike adaptation=with_ML throughput_gbps=6.735 latency_ms=68.9741
[2026-08-10T21:29:48] SAMPLE t=64s phase=Loss_spike adaptation=with_ML throughput_gbps=6.0427 latency_ms=70.2411
[2026-08-10T21:29:49] SAMPLE t=65s phase=Loss_spike adaptation=with_ML throughput_gbps=7.3126 latency_ms=65.6085
[2026-08-10T21:29:50] SAMPLE t=66s phase=Loss_spike adaptation=with_ML throughput_gbps=8.3793 latency_ms=71.4237
[2026-08-10T21:29:51] SAMPLE t=67s phase=Loss_spike adaptation=with_ML throughput_gbps=8.014 latency_ms=68.052
[2026-08-10T21:29:52] SAMPLE t=68s phase=Loss_spike adaptation=with_ML throughput_gbps=6.9326 latency_ms=69.884
[2026-08-10T21:29:53] SAMPLE t=69s phase=Loss_spike adaptation=with_ML throughput_gbps=5.8337 latency_ms=70.1238
[2026-08-10T21:29:54] SAMPLE t=70s phase=Loss_spike adaptation=with_ML throughput_gbps=7.1328 latency_ms=68.151
[2026-08-10T21:29:55] SAMPLE t=71s phase=Loss_spike adaptation=with_ML throughput_gbps=8.0876 latency_ms=71.5442
[2026-08-10T21:29:56] SAMPLE t=72s phase=Loss_spike adaptation=with_ML throughput_gbps=7.6053 latency_ms=71.0038
[2026-08-10T21:29:57] SAMPLE t=73s phase=Loss_spike adaptation=with_ML throughput_gbps=6.5176 latency_ms=68.509
[2026-08-10T21:29:58] SAMPLE t=74s phase=Loss_spike adaptation=with_ML throughput_gbps=6.2299 latency_ms=70.266
[2026-08-10T21:29:59] SAMPLE t=75s phase=Loss_spike adaptation=with_ML throughput_gbps=7.3884 latency_ms=68.0892
[2026-08-10T21:30:00] SAMPLE t=76s phase=Loss_spike adaptation=with_ML throughput_gbps=8.4301 latency_ms=69.179
[2026-08-10T21:30:01] SAMPLE t=77s phase=Loss_spike adaptation=with_ML throughput_gbps=8.163 latency_ms=71.5631
[2026-08-10T21:30:02] SAMPLE t=78s phase=Loss_spike adaptation=with_ML throughput_gbps=6.7326 latency_ms=69.2957
[2026-08-10T21:30:03] SAMPLE t=79s phase=Loss_spike adaptation=with_ML throughput_gbps=6.4294 latency_ms=70.231
[2026-08-10T21:30:04] SAMPLE t=80s phase=Recovery adaptation=with_ML throughput_gbps=8.3845 latency_ms=65.8259
[2026-08-10T21:30:05] SAMPLE t=81s phase=Recovery adaptation=with_ML throughput_gbps=8.2201 latency_ms=66.3716
[2026-08-10T21:30:06] SAMPLE t=82s phase=Recovery adaptation=with_ML throughput_gbps=8.3306 latency_ms=64.5272
[2026-08-10T21:30:07] SAMPLE t=83s phase=Recovery adaptation=with_ML throughput_gbps=7.8278 latency_ms=65.9586
[2026-08-10T21:30:08] SAMPLE t=84s phase=Recovery adaptation=with_ML throughput_gbps=8.3096 latency_ms=67.1402
[2026-08-10T21:30:09] SAMPLE t=85s phase=Recovery adaptation=with_ML throughput_gbps=8.1084 latency_ms=67.3075
[2026-08-10T21:30:10] SAMPLE t=86s phase=Recovery adaptation=with_ML throughput_gbps=7.7189 latency_ms=66.9395
[2026-08-10T21:30:11] SAMPLE t=87s phase=Recovery adaptation=with_ML throughput_gbps=8.1797 latency_ms=66.8145
[2026-08-10T21:30:12] SAMPLE t=88s phase=Recovery adaptation=with_ML throughput_gbps=8.394 latency_ms=67.0633
[2026-08-10T21:30:13] SAMPLE t=89s phase=Recovery adaptation=with_ML throughput_gbps=8.6724 latency_ms=64.222
[2026-08-10T21:30:14] SAMPLE t=90s phase=Recovery adaptation=with_ML throughput_gbps=8.5265 latency_ms=64.9812
[2026-08-10T21:30:15] SAMPLE t=91s phase=Recovery adaptation=with_ML throughput_gbps=8.2024 latency_ms=66.4371
[2026-08-10T21:30:16] SAMPLE t=92s phase=Recovery adaptation=with_ML throughput_gbps=8.4471 latency_ms=62.5382
[2026-08-10T21:30:17] SAMPLE t=93s phase=Recovery adaptation=with_ML throughput_gbps=8.4025 latency_ms=66.5826
[2026-08-10T21:30:18] SAMPLE t=94s phase=Recovery adaptation=with_ML throughput_gbps=8.2941 latency_ms=66.7976
[2026-08-10T21:30:19] SAMPLE t=95s phase=Recovery adaptation=with_ML throughput_gbps=8.1612 latency_ms=63.0987
[2026-08-10T21:30:20] SAMPLE t=96s phase=Recovery adaptation=with_ML throughput_gbps=8.2271 latency_ms=64.4905
[2026-08-10T21:30:21] SAMPLE t=97s phase=Recovery adaptation=with_ML throughput_gbps=8.2892 latency_ms=64.5872
[2026-08-10T21:30:22] SAMPLE t=98s phase=Recovery adaptation=with_ML throughput_gbps=8.4382 latency_ms=64.8413
[2026-08-10T21:30:23] SAMPLE t=99s phase=Recovery adaptation=with_ML throughput_gbps=8.4824 latency_ms=64.3186
[2026-08-10T21:28:44] SAMPLE t=0s phase=Stable adaptation=without_ML throughput_gbps=7.9716 latency_ms=65.1158
[2026-08-10T21:28:45] SAMPLE t=1s phase=Stable adaptation=without_ML throughput_gbps=7.9381 latency_ms=66.1754
[2026-08-10T21:28:46] SAMPLE t=2s phase=Stable adaptation=without_ML throughput_gbps=8.5463 latency_ms=65.3502
[2026-08-10T21:28:47] SAMPLE t=3s phase=Stable adaptation=without_ML throughput_gbps=8.1473 latency_ms=62.7152
[2026-08-10T21:28:48] SAMPLE t=4s phase=Stable adaptation=without_ML throughput_gbps=8.0348 latency_ms=63.749
[2026-08-10T21:28:49] SAMPLE t=5s phase=Stable adaptation=without_ML throughput_gbps=8.1245 latency_ms=67.1956
[2026-08-10T21:28:50] SAMPLE t=6s phase=Stable adaptation=without_ML throughput_gbps=8.0058 latency_ms=65.5831
[2026-08-10T21:28:51] SAMPLE t=7s phase=Stable adaptation=without_ML throughput_gbps=8.2335 latency_ms=66.4307
[2026-08-10T21:28:52] SAMPLE t=8s phase=Stable adaptation=without_ML throughput_gbps=8.2928 latency_ms=63.8084
[2026-08-10T21:28:53] SAMPLE t=9s phase=Stable adaptation=without_ML throughput_gbps=8.2378 latency_ms=66.6381
[2026-08-10T21:28:54] SAMPLE t=10s phase=Stable adaptation=without_ML throughput_gbps=8.1103 latency_ms=66.6672
[2026-08-10T21:28:55] SAMPLE t=11s phase=Stable adaptation=without_ML throughput_gbps=8.2732 latency_ms=64.9432
[2026-08-10T21:28:56] SAMPLE t=12s phase=Stable adaptation=without_ML throughput_gbps=7.5346 latency_ms=66.1644
[2026-08-10T21:28:57] SAMPLE t=13s phase=Stable adaptation=without_ML throughput_gbps=8.3986 latency_ms=66.9724
[2026-08-10T21:28:58] SAMPLE t=14s phase=Stable adaptation=without_ML throughput_gbps=8.0879 latency_ms=69.6616
[2026-08-10T21:28:59] SAMPLE t=15s phase=Stable adaptation=without_ML throughput_gbps=7.7217 latency_ms=66.1743
[2026-08-10T21:29:00] SAMPLE t=16s phase=Stable adaptation=without_ML throughput_gbps=7.8684 latency_ms=66.1837
[2026-08-10T21:29:01] SAMPLE t=17s phase=Stable adaptation=without_ML throughput_gbps=8.0164 latency_ms=66.2251
[2026-08-10T21:29:02] SAMPLE t=18s phase=Stable adaptation=without_ML throughput_gbps=8.0468 latency_ms=64.764
[2026-08-10T21:29:03] SAMPLE t=19s phase=Stable adaptation=without_ML throughput_gbps=7.8154 latency_ms=66.4102
[2026-08-10T21:29:04] SAMPLE t=20s phase=Congestion adaptation=without_ML throughput_gbps=7.922 latency_ms=66.9555
[2026-08-10T21:29:05] SAMPLE t=21s phase=Congestion adaptation=without_ML throughput_gbps=8.0581 latency_ms=63.9011
[2026-08-10T21:29:06] SAMPLE t=22s phase=Congestion adaptation=without_ML throughput_gbps=8.0571 latency_ms=65.8697
[2026-08-10T21:29:07] SAMPLE t=23s phase=Congestion adaptation=without_ML throughput_gbps=8.2232 latency_ms=63.5661
[2026-08-10T21:29:08] SAMPLE t=24s phase=Congestion adaptation=without_ML throughput_gbps=8.1121 latency_ms=65.5063
[2026-08-10T21:29:09] SAMPLE t=25s phase=Congestion adaptation=without_ML throughput_gbps=7.579 latency_ms=66.5851
[2026-08-10T21:29:10] SAMPLE t=26s phase=Congestion adaptation=without_ML throughput_gbps=7.8168 latency_ms=65.9097
[2026-08-10T21:29:11] SAMPLE t=27s phase=Congestion adaptation=without_ML throughput_gbps=8.4854 latency_ms=65.1539
[2026-08-10T21:29:12] SAMPLE t=28s phase=Congestion adaptation=without_ML throughput_gbps=7.7934 latency_ms=65.8713
[2026-08-10T21:29:13] SAMPLE t=29s phase=Congestion adaptation=without_ML throughput_gbps=8.1039 latency_ms=66.9674
[2026-08-10T21:29:14] SAMPLE t=30s phase=Congestion adaptation=without_ML throughput_gbps=8.2718 latency_ms=66.6562
[2026-08-10T21:29:15] SAMPLE t=31s phase=Congestion adaptation=without_ML throughput_gbps=8.0006 latency_ms=66.2241
[2026-08-10T21:29:16] SAMPLE t=32s phase=Congestion adaptation=without_ML throughput_gbps=8.11 latency_ms=67.6515
[2026-08-10T21:29:17] SAMPLE t=33s phase=Congestion adaptation=without_ML throughput_gbps=7.387 latency_ms=65.1134
[2026-08-10T21:29:18] SAMPLE t=34s phase=Congestion adaptation=without_ML throughput_gbps=7.8261 latency_ms=65.9602
[2026-08-10T21:29:19] SAMPLE t=35s phase=Congestion adaptation=without_ML throughput_gbps=7.9955 latency_ms=68.9382
[2026-08-10T21:29:20] SAMPLE t=36s phase=Congestion adaptation=without_ML throughput_gbps=8.1619 latency_ms=66.0536
[2026-08-10T21:29:21] SAMPLE t=37s phase=Congestion adaptation=without_ML throughput_gbps=7.8455 latency_ms=64.6323
[2026-08-10T21:29:22] SAMPLE t=38s phase=Congestion adaptation=without_ML throughput_gbps=8.3182 latency_ms=64.1825
[2026-08-10T21:29:23] SAMPLE t=39s phase=Congestion adaptation=without_ML throughput_gbps=8.1481 latency_ms=66.3732
[2026-08-10T21:29:24] SAMPLE t=40s phase=Path_change adaptation=without_ML throughput_gbps=8.3255 latency_ms=67.5284
[2026-08-10T21:29:25] SAMPLE t=41s phase=Path_change adaptation=without_ML throughput_gbps=7.6859 latency_ms=67.7918
[2026-08-10T21:29:26] SAMPLE t=42s phase=Path_change adaptation=without_ML throughput_gbps=7.4961 latency_ms=65.2815
[2026-08-10T21:29:27] SAMPLE t=43s phase=Path_change adaptation=without_ML throughput_gbps=6.9197 latency_ms=67.7254
[2026-08-10T21:29:28] SAMPLE t=44s phase=Path_change adaptation=without_ML throughput_gbps=6.8345 latency_ms=71.1955
[2026-08-10T21:29:29] SAMPLE t=45s phase=Path_change adaptation=without_ML throughput_gbps=6.5909 latency_ms=70.1923
[2026-08-10T21:29:30] SAMPLE t=46s phase=Path_change adaptation=without_ML throughput_gbps=6.2668 latency_ms=70.8148
[2026-08-10T21:29:31] SAMPLE t=47s phase=Path_change adaptation=without_ML throughput_gbps=5.9277 latency_ms=72.233
[2026-08-10T21:29:32] SAMPLE t=48s phase=Path_change adaptation=without_ML throughput_gbps=5.921 latency_ms=71.5592
[2026-08-10T21:29:33] SAMPLE t=49s phase=Path_change adaptation=without_ML throughput_gbps=5.7938 latency_ms=74.2384
[2026-08-10T21:29:34] SAMPLE t=50s phase=Path_change adaptation=without_ML throughput_gbps=5.4889 latency_ms=74.2752
[2026-08-10T21:29:35] SAMPLE t=51s phase=Path_change adaptation=without_ML throughput_gbps=5.4467 latency_ms=73.8089
[2026-08-10T21:29:36] SAMPLE t=52s phase=Path_change adaptation=without_ML throughput_gbps=5.6549 latency_ms=71.3062
[2026-08-10T21:29:37] SAMPLE t=53s phase=Path_change adaptation=without_ML throughput_gbps=6.0272 latency_ms=72.7557
[2026-08-10T21:29:38] SAMPLE t=54s phase=Path_change adaptation=without_ML throughput_gbps=6.0087 latency_ms=72.0503
[2026-08-10T21:29:39] SAMPLE t=55s phase=Path_change adaptation=without_ML throughput_gbps=6.2869 latency_ms=71.8252
[2026-08-10T21:29:40] SAMPLE t=56s phase=Path_change adaptation=without_ML throughput_gbps=6.5817 latency_ms=69.4225
[2026-08-10T21:29:41] SAMPLE t=57s phase=Path_change adaptation=without_ML throughput_gbps=7.0551 latency_ms=66.9302
[2026-08-10T21:29:42] SAMPLE t=58s phase=Path_change adaptation=without_ML throughput_gbps=7.6108 latency_ms=67.7145
[2026-08-10T21:29:43] SAMPLE t=59s phase=Path_change adaptation=without_ML throughput_gbps=7.6236 latency_ms=68.9863
[2026-08-10T21:29:44] SAMPLE t=60s phase=Loss_spike adaptation=without_ML throughput_gbps=6.0585 latency_ms=71.5365
[2026-08-10T21:29:45] SAMPLE t=61s phase=Loss_spike adaptation=without_ML throughput_gbps=8.4377 latency_ms=81.2861
[2026-08-10T21:29:46] SAMPLE t=62s phase=Loss_spike adaptation=without_ML throughput_gbps=7.7056 latency_ms=74.1991
[2026-08-10T21:29:47] SAMPLE t=63s phase=Loss_spike adaptation=without_ML throughput_gbps=5.0851 latency_ms=76.1466
[2026-08-10T21:29:48] SAMPLE t=64s phase=Loss_spike adaptation=without_ML throughput_gbps=4.0598 latency_ms=80.0895
[2026-08-10T21:29:49] SAMPLE t=65s phase=Loss_spike adaptation=without_ML throughput_gbps=5.9056 latency_ms=71.623
[2026-08-10T21:29:50] SAMPLE t=66s phase=Loss_spike adaptation=without_ML throughput_gbps=8.3553 latency_ms=78.8118
[2026-08-10T21:29:51] SAMPLE t=67s phase=Loss_spike adaptation=without_ML throughput_gbps=7.2901 latency_ms=76.0625
[2026-08-10T21:29:52] SAMPLE t=68s phase=Loss_spike adaptation=without_ML throughput_gbps=4.919 latency_ms=77.1455
[2026-08-10T21:29:53] SAMPLE t=69s phase=Loss_spike adaptation=without_ML throughput_gbps=4.1622 latency_ms=79.285
[2026-08-10T21:29:54] SAMPLE t=70s phase=Loss_spike adaptation=without_ML throughput_gbps=6.126 latency_ms=70.6
[2026-08-10T21:29:55] SAMPLE t=71s phase=Loss_spike adaptation=without_ML throughput_gbps=8.5866 latency_ms=78.7877
[2026-08-10T21:29:56] SAMPLE t=72s phase=Loss_spike adaptation=without_ML throughput_gbps=7.8368 latency_ms=74.9751
[2026-08-10T21:29:57] SAMPLE t=73s phase=Loss_spike adaptation=without_ML throughput_gbps=4.8702 latency_ms=74.5839
[2026-08-10T21:29:58] SAMPLE t=74s phase=Loss_spike adaptation=without_ML throughput_gbps=3.9138 latency_ms=76.9188
[2026-08-10T21:29:59] SAMPLE t=75s phase=Loss_spike adaptation=without_ML throughput_gbps=5.9587 latency_ms=70.8667
[2026-08-10T21:30:00] SAMPLE t=76s phase=Loss_spike adaptation=without_ML throughput_gbps=8.9049 latency_ms=77.8304
[2026-08-10T21:30:01] SAMPLE t=77s phase=Loss_spike adaptation=without_ML throughput_gbps=7.297 latency_ms=75.5463
[2026-08-10T21:30:02] SAMPLE t=78s phase=Loss_spike adaptation=without_ML throughput_gbps=4.8967 latency_ms=76.0121
[2026-08-10T21:30:03] SAMPLE t=79s phase=Loss_spike adaptation=without_ML throughput_gbps=3.8032 latency_ms=79.5956
[2026-08-10T21:30:04] SAMPLE t=80s phase=Recovery adaptation=without_ML throughput_gbps=7.8266 latency_ms=67.3394
[2026-08-10T21:30:05] SAMPLE t=81s phase=Recovery adaptation=without_ML throughput_gbps=7.3271 latency_ms=68.123
[2026-08-10T21:30:06] SAMPLE t=82s phase=Recovery adaptation=without_ML throughput_gbps=8.0725 latency_ms=64.791
[2026-08-10T21:30:07] SAMPLE t=83s phase=Recovery adaptation=without_ML throughput_gbps=7.898 latency_ms=67.7986
[2026-08-10T21:30:08] SAMPLE t=84s phase=Recovery adaptation=without_ML throughput_gbps=7.8413 latency_ms=66.8987
[2026-08-10T21:30:09] SAMPLE t=85s phase=Recovery adaptation=without_ML throughput_gbps=7.8992 latency_ms=67.6866
[2026-08-10T21:30:10] SAMPLE t=86s phase=Recovery adaptation=without_ML throughput_gbps=7.8743 latency_ms=64.4908
[2026-08-10T21:30:11] SAMPLE t=87s phase=Recovery adaptation=without_ML throughput_gbps=8.0902 latency_ms=65.7816
[2026-08-10T21:30:12] SAMPLE t=88s phase=Recovery adaptation=without_ML throughput_gbps=7.8037 latency_ms=67.5751
[2026-08-10T21:30:13] SAMPLE t=89s phase=Recovery adaptation=without_ML throughput_gbps=7.6304 latency_ms=65.2005
[2026-08-10T21:30:14] SAMPLE t=90s phase=Recovery adaptation=without_ML throughput_gbps=8.2236 latency_ms=65.002
[2026-08-10T21:30:15] SAMPLE t=91s phase=Recovery adaptation=without_ML throughput_gbps=7.8688 latency_ms=66.9328
[2026-08-10T21:30:16] SAMPLE t=92s phase=Recovery adaptation=without_ML throughput_gbps=7.9206 latency_ms=65.1384
[2026-08-10T21:30:17] SAMPLE t=93s phase=Recovery adaptation=without_ML throughput_gbps=7.9583 latency_ms=63.5658
[2026-08-10T21:30:18] SAMPLE t=94s phase=Recovery adaptation=without_ML throughput_gbps=8.0557 latency_ms=65.5911
[2026-08-10T21:30:19] SAMPLE t=95s phase=Recovery adaptation=without_ML throughput_gbps=8.0033 latency_ms=66.8682
[2026-08-10T21:30:20] SAMPLE t=96s phase=Recovery adaptation=without_ML throughput_gbps=8.019 latency_ms=64.6513
[2026-08-10T21:30:21] SAMPLE t=97s phase=Recovery adaptation=without_ML throughput_gbps=8.107 latency_ms=65.5995
[2026-08-10T21:30:22] SAMPLE t=98s phase=Recovery adaptation=without_ML throughput_gbps=8.1356 latency_ms=66.0541
[2026-08-10T21:30:23] SAMPLE t=99s phase=Recovery adaptation=without_ML throughput_gbps=7.7128 latency_ms=64.0404
[2026-08-10T21:28:44] TRACE_END run_id=60 status=OK
[2026-08-10T21:34:50] TRACE_START run_id=61
[2026-08-10T21:34:50] SAMPLE t=0s phase=Stable adaptation=with_ML throughput_gbps=8.3294 latency_ms=67.7535
[2026-08-10T21:34:51] SAMPLE t=1s phase=Stable adaptation=with_ML throughput_gbps=8.613 latency_ms=65.4719
[2026-08-10T21:34:52] SAMPLE t=2s phase=Stable adaptation=with_ML throughput_gbps=8.2399 latency_ms=65.6176
[2026-08-10T21:34:53] SAMPLE t=3s phase=Stable adaptation=with_ML throughput_gbps=7.9789 latency_ms=64.2394
[2026-08-10T21:34:54] SAMPLE t=4s phase=Stable adaptation=with_ML throughput_gbps=8.4015 latency_ms=64.6981
[2026-08-10T21:34:55] SAMPLE t=5s phase=Stable adaptation=with_ML throughput_gbps=8.0602 latency_ms=64.9646
[2026-08-10T21:34:56] SAMPLE t=6s phase=Stable adaptation=with_ML throughput_gbps=8.1761 latency_ms=66.729
[2026-08-10T21:34:57] SAMPLE t=7s phase=Stable adaptation=with_ML throughput_gbps=7.9456 latency_ms=67.1329
[2026-08-10T21:34:58] SAMPLE t=8s phase=Stable adaptation=with_ML throughput_gbps=7.6255 latency_ms=65.5902
[2026-08-10T21:34:59] SAMPLE t=9s phase=Stable adaptation=with_ML throughput_gbps=8.2526 latency_ms=63.8188
[2026-08-10T21:35:00] SAMPLE t=10s phase=Stable adaptation=with_ML throughput_gbps=7.8264 latency_ms=66.156
[2026-08-10T21:35:01] SAMPLE t=11s phase=Stable adaptation=with_ML throughput_gbps=8.176 latency_ms=66.0908
[2026-08-10T21:35:02] SAMPLE t=12s phase=Stable adaptation=with_ML throughput_gbps=7.9622 latency_ms=65.609
[2026-08-10T21:35:03] SAMPLE t=13s phase=Stable adaptation=with_ML throughput_gbps=7.9031 latency_ms=66.7874
[2026-08-10T21:35:04] SAMPLE t=14s phase=Stable adaptation=with_ML throughput_gbps=8.2507 latency_ms=65.5035
[2026-08-10T21:35:05] SAMPLE t=15s phase=Stable adaptation=with_ML throughput_gbps=8.1128 latency_ms=66.7788
[2026-08-10T21:35:06] SAMPLE t=16s phase=Stable adaptation=with_ML throughput_gbps=8.3069 latency_ms=66.575
[2026-08-10T21:35:07] SAMPLE t=17s phase=Stable adaptation=with_ML throughput_gbps=7.9311 latency_ms=66.9542
[2026-08-10T21:35:08] SAMPLE t=18s phase=Stable adaptation=with_ML throughput_gbps=8.1386 latency_ms=67.2895
[2026-08-10T21:35:09] SAMPLE t=19s phase=Stable adaptation=with_ML throughput_gbps=8.3403 latency_ms=67.2323
[2026-08-10T21:35:10] SAMPLE t=20s phase=Congestion adaptation=with_ML throughput_gbps=7.7948 latency_ms=66.4342
[2026-08-10T21:35:11] SAMPLE t=21s phase=Congestion adaptation=with_ML throughput_gbps=8.1319 latency_ms=65.8866
[2026-08-10T21:35:12] SAMPLE t=22s phase=Congestion adaptation=with_ML throughput_gbps=8.1361 latency_ms=68.3598
[2026-08-10T21:35:13] SAMPLE t=23s phase=Congestion adaptation=with_ML throughput_gbps=8.5002 latency_ms=66.571
[2026-08-10T21:35:14] SAMPLE t=24s phase=Congestion adaptation=with_ML throughput_gbps=8.2264 latency_ms=68.3981
[2026-08-10T21:35:15] SAMPLE t=25s phase=Congestion adaptation=with_ML throughput_gbps=7.9757 latency_ms=65.1588
[2026-08-10T21:35:16] SAMPLE t=26s phase=Congestion adaptation=with_ML throughput_gbps=8.1206 latency_ms=65.4202
[2026-08-10T21:35:17] SAMPLE t=27s phase=Congestion adaptation=with_ML throughput_gbps=7.8011 latency_ms=68.5882
[2026-08-10T21:35:18] SAMPLE t=28s phase=Congestion adaptation=with_ML throughput_gbps=7.9314 latency_ms=66.1253
[2026-08-10T21:35:19] SAMPLE t=29s phase=Congestion adaptation=with_ML throughput_gbps=8.1729 latency_ms=64.983
[2026-08-10T21:35:20] SAMPLE t=30s phase=Congestion adaptation=with_ML throughput_gbps=8.0556 latency_ms=64.8607
[2026-08-10T21:35:21] SAMPLE t=31s phase=Congestion adaptation=with_ML throughput_gbps=7.9894 latency_ms=67.043
[2026-08-10T21:35:22] SAMPLE t=32s phase=Congestion adaptation=with_ML throughput_gbps=8.1222 latency_ms=66.8254
[2026-08-10T21:35:23] SAMPLE t=33s phase=Congestion adaptation=with_ML throughput_gbps=7.8645 latency_ms=64.3874
[2026-08-10T21:35:24] SAMPLE t=34s phase=Congestion adaptation=with_ML throughput_gbps=8.2552 latency_ms=65.4385
[2026-08-10T21:35:25] SAMPLE t=35s phase=Congestion adaptation=with_ML throughput_gbps=8.0801 latency_ms=67.5838
[2026-08-10T21:35:26] SAMPLE t=36s phase=Congestion adaptation=with_ML throughput_gbps=8.0307 latency_ms=67.8731
[2026-08-10T21:35:27] SAMPLE t=37s phase=Congestion adaptation=with_ML throughput_gbps=8.4194 latency_ms=66.5474
[2026-08-10T21:35:28] SAMPLE t=38s phase=Congestion adaptation=with_ML throughput_gbps=8.0694 latency_ms=66.8428
[2026-08-10T21:35:29] SAMPLE t=39s phase=Congestion adaptation=with_ML throughput_gbps=7.9768 latency_ms=67.2737
[2026-08-10T21:35:30] SAMPLE t=40s phase=Path_change adaptation=with_ML throughput_gbps=8.4688 latency_ms=68.7359
[2026-08-10T21:35:31] SAMPLE t=41s phase=Path_change adaptation=with_ML throughput_gbps=7.6409 latency_ms=67.0591
[2026-08-10T21:35:32] SAMPLE t=42s phase=Path_change adaptation=with_ML throughput_gbps=7.9232 latency_ms=66.1212
[2026-08-10T21:35:33] SAMPLE t=43s phase=Path_change adaptation=with_ML throughput_gbps=7.7231 latency_ms=66.5878
[2026-08-10T21:35:34] SAMPLE t=44s phase=Path_change adaptation=with_ML throughput_gbps=7.5226 latency_ms=67.5301
[2026-08-10T21:35:35] SAMPLE t=45s phase=Path_change adaptation=with_ML throughput_gbps=7.1223 latency_ms=68.0438
[2026-08-10T21:35:36] SAMPLE t=46s phase=Path_change adaptation=with_ML throughput_gbps=7.4885 latency_ms=68.2699
[2026-08-10T21:35:37] SAMPLE t=47s phase=Path_change adaptation=with_ML throughput_gbps=7.1558 latency_ms=69.321
[2026-08-10T21:35:38] SAMPLE t=48s phase=Path_change adaptation=with_ML throughput_gbps=7.23 latency_ms=67.5623
[2026-08-10T21:35:39] SAMPLE t=49s phase=Path_change adaptation=with_ML throughput_gbps=7.1163 latency_ms=69.1911
[2026-08-10T21:35:40] SAMPLE t=50s phase=Path_change adaptation=with_ML throughput_gbps=7.3784 latency_ms=71.9289
[2026-08-10T21:35:41] SAMPLE t=51s phase=Path_change adaptation=with_ML throughput_gbps=7.3289 latency_ms=68.8969
[2026-08-10T21:35:42] SAMPLE t=52s phase=Path_change adaptation=with_ML throughput_gbps=7.1671 latency_ms=69.9646
[2026-08-10T21:35:43] SAMPLE t=53s phase=Path_change adaptation=with_ML throughput_gbps=7.1892 latency_ms=69.3315
[2026-08-10T21:35:44] SAMPLE t=54s phase=Path_change adaptation=with_ML throughput_gbps=7.139 latency_ms=66.5547
[2026-08-10T21:35:45] SAMPLE t=55s phase=Path_change adaptation=with_ML throughput_gbps=7.0572 latency_ms=68.2914
[2026-08-10T21:35:46] SAMPLE t=56s phase=Path_change adaptation=with_ML throughput_gbps=7.592 latency_ms=68.1348
[2026-08-10T21:35:47] SAMPLE t=57s phase=Path_change adaptation=with_ML throughput_gbps=7.4958 latency_ms=66.7129
[2026-08-10T21:35:48] SAMPLE t=58s phase=Path_change adaptation=with_ML throughput_gbps=8.0994 latency_ms=69.3124
[2026-08-10T21:35:49] SAMPLE t=59s phase=Path_change adaptation=with_ML throughput_gbps=8.168 latency_ms=67.0706
[2026-08-10T21:35:50] SAMPLE t=60s phase=Loss_spike adaptation=with_ML throughput_gbps=7.2033 latency_ms=67.7259
[2026-08-10T21:35:51] SAMPLE t=61s phase=Loss_spike adaptation=with_ML throughput_gbps=8.6339 latency_ms=70.6656
[2026-08-10T21:35:52] SAMPLE t=62s phase=Loss_spike adaptation=with_ML throughput_gbps=7.9171 latency_ms=70.0052
[2026-08-10T21:35:53] SAMPLE t=63s phase=Loss_spike adaptation=with_ML throughput_gbps=6.7743 latency_ms=68.8296
[2026-08-10T21:35:54] SAMPLE t=64s phase=Loss_spike adaptation=with_ML throughput_gbps=6.0151 latency_ms=69.1767
[2026-08-10T21:35:55] SAMPLE t=65s phase=Loss_spike adaptation=with_ML throughput_gbps=7.5049 latency_ms=67.8826
[2026-08-10T21:35:56] SAMPLE t=66s phase=Loss_spike adaptation=with_ML throughput_gbps=7.7836 latency_ms=69.6239
[2026-08-10T21:35:57] SAMPLE t=67s phase=Loss_spike adaptation=with_ML throughput_gbps=7.8067 latency_ms=69.0246
[2026-08-10T21:35:58] SAMPLE t=68s phase=Loss_spike adaptation=with_ML throughput_gbps=6.81 latency_ms=69.5063
[2026-08-10T21:35:59] SAMPLE t=69s phase=Loss_spike adaptation=with_ML throughput_gbps=6.1348 latency_ms=72.1854
[2026-08-10T21:36:00] SAMPLE t=70s phase=Loss_spike adaptation=with_ML throughput_gbps=7.291 latency_ms=66.5946
[2026-08-10T21:36:01] SAMPLE t=71s phase=Loss_spike adaptation=with_ML throughput_gbps=8.3278 latency_ms=70.89
[2026-08-10T21:36:02] SAMPLE t=72s phase=Loss_spike adaptation=with_ML throughput_gbps=7.7903 latency_ms=68.2103
[2026-08-10T21:36:03] SAMPLE t=73s phase=Loss_spike adaptation=with_ML throughput_gbps=6.486 latency_ms=68.9656
[2026-08-10T21:36:04] SAMPLE t=74s phase=Loss_spike adaptation=with_ML throughput_gbps=6.2689 latency_ms=71.1879
[2026-08-10T21:36:05] SAMPLE t=75s phase=Loss_spike adaptation=with_ML throughput_gbps=7.2088 latency_ms=67.1906
[2026-08-10T21:36:06] SAMPLE t=76s phase=Loss_spike adaptation=with_ML throughput_gbps=8.7508 latency_ms=72.2105
[2026-08-10T21:36:07] SAMPLE t=77s phase=Loss_spike adaptation=with_ML throughput_gbps=8.285 latency_ms=69.69
[2026-08-10T21:36:08] SAMPLE t=78s phase=Loss_spike adaptation=with_ML throughput_gbps=6.7401 latency_ms=70.91
[2026-08-10T21:36:09] SAMPLE t=79s phase=Loss_spike adaptation=with_ML throughput_gbps=6.2068 latency_ms=70.048
[2026-08-10T21:36:10] SAMPLE t=80s phase=Recovery adaptation=with_ML throughput_gbps=8.2386 latency_ms=65.3708
[2026-08-10T21:36:11] SAMPLE t=81s phase=Recovery adaptation=with_ML throughput_gbps=7.8968 latency_ms=67.2328
[2026-08-10T21:36:12] SAMPLE t=82s phase=Recovery adaptation=with_ML throughput_gbps=8.1404 latency_ms=66.1551
[2026-08-10T21:36:13] SAMPLE t=83s phase=Recovery adaptation=with_ML throughput_gbps=7.9664 latency_ms=66.9652
[2026-08-10T21:36:14] SAMPLE t=84s phase=Recovery adaptation=with_ML throughput_gbps=8.1706 latency_ms=65.9068
[2026-08-10T21:36:15] SAMPLE t=85s phase=Recovery adaptation=with_ML throughput_gbps=8.2437 latency_ms=64.1853
[2026-08-10T21:36:16] SAMPLE t=86s phase=Recovery adaptation=with_ML throughput_gbps=8.3904 latency_ms=65.8011
[2026-08-10T21:36:17] SAMPLE t=87s phase=Recovery adaptation=with_ML throughput_gbps=8.0305 latency_ms=66.3854
[2026-08-10T21:36:18] SAMPLE t=88s phase=Recovery adaptation=with_ML throughput_gbps=8.3393 latency_ms=63.1825
[2026-08-10T21:36:19] SAMPLE t=89s phase=Recovery adaptation=with_ML throughput_gbps=8.1866 latency_ms=64.7522
[2026-08-10T21:36:20] SAMPLE t=90s phase=Recovery adaptation=with_ML throughput_gbps=8.2894 latency_ms=65.5063
[2026-08-10T21:36:21] SAMPLE t=91s phase=Recovery adaptation=with_ML throughput_gbps=8.0603 latency_ms=66.0767
[2026-08-10T21:36:22] SAMPLE t=92s phase=Recovery adaptation=with_ML throughput_gbps=8.6769 latency_ms=65.3925
[2026-08-10T21:36:23] SAMPLE t=93s phase=Recovery adaptation=with_ML throughput_gbps=8.4734 latency_ms=63.3834
[2026-08-10T21:36:24] SAMPLE t=94s phase=Recovery adaptation=with_ML throughput_gbps=8.2085 latency_ms=64.0621
[2026-08-10T21:36:25] SAMPLE t=95s phase=Recovery adaptation=with_ML throughput_gbps=8.4872 latency_ms=65.3668
[2026-08-10T21:36:26] SAMPLE t=96s phase=Recovery adaptation=with_ML throughput_gbps=8.3114 latency_ms=64.8082
[2026-08-10T21:36:27] SAMPLE t=97s phase=Recovery adaptation=with_ML throughput_gbps=8.2656 latency_ms=65.9758
[2026-08-10T21:36:28] SAMPLE t=98s phase=Recovery adaptation=with_ML throughput_gbps=8.0026 latency_ms=65.2957
[2026-08-10T21:36:29] SAMPLE t=99s phase=Recovery adaptation=with_ML throughput_gbps=8.3379 latency_ms=67.3754
[2026-08-10T21:34:50] SAMPLE t=0s phase=Stable adaptation=without_ML throughput_gbps=8.1474 latency_ms=66.8698
[2026-08-10T21:34:51] SAMPLE t=1s phase=Stable adaptation=without_ML throughput_gbps=8.0066 latency_ms=66.5781
[2026-08-10T21:34:52] SAMPLE t=2s phase=Stable adaptation=without_ML throughput_gbps=8.313 latency_ms=66.6228
[2026-08-10T21:34:53] SAMPLE t=3s phase=Stable adaptation=without_ML throughput_gbps=8.002 latency_ms=68.1668
[2026-08-10T21:34:54] SAMPLE t=4s phase=Stable adaptation=without_ML throughput_gbps=8.38 latency_ms=66.9904
[2026-08-10T21:34:55] SAMPLE t=5s phase=Stable adaptation=without_ML throughput_gbps=7.9064 latency_ms=67.2899
[2026-08-10T21:34:56] SAMPLE t=6s phase=Stable adaptation=without_ML throughput_gbps=7.7521 latency_ms=64.5104
[2026-08-10T21:34:57] SAMPLE t=7s phase=Stable adaptation=without_ML throughput_gbps=8.1124 latency_ms=64.5915
[2026-08-10T21:34:58] SAMPLE t=8s phase=Stable adaptation=without_ML throughput_gbps=8.0943 latency_ms=63.7889
[2026-08-10T21:34:59] SAMPLE t=9s phase=Stable adaptation=without_ML throughput_gbps=7.9952 latency_ms=66.831
[2026-08-10T21:35:00] SAMPLE t=10s phase=Stable adaptation=without_ML throughput_gbps=7.7113 latency_ms=66.5639
[2026-08-10T21:35:01] SAMPLE t=11s phase=Stable adaptation=without_ML throughput_gbps=8.3486 latency_ms=69.3213
[2026-08-10T21:35:02] SAMPLE t=12s phase=Stable adaptation=without_ML throughput_gbps=7.912 latency_ms=66.2424
[2026-08-10T21:35:03] SAMPLE t=13s phase=Stable adaptation=without_ML throughput_gbps=8.1291 latency_ms=67.2449
[2026-08-10T21:35:04] SAMPLE t=14s phase=Stable adaptation=without_ML throughput_gbps=7.9887 latency_ms=66.7225
[2026-08-10T21:35:05] SAMPLE t=15s phase=Stable adaptation=without_ML throughput_gbps=7.8358 latency_ms=67.3887
[2026-08-10T21:35:06] SAMPLE t=16s phase=Stable adaptation=without_ML throughput_gbps=7.5379 latency_ms=66.519
[2026-08-10T21:35:07] SAMPLE t=17s phase=Stable adaptation=without_ML throughput_gbps=7.8263 latency_ms=67.1338
[2026-08-10T21:35:08] SAMPLE t=18s phase=Stable adaptation=without_ML throughput_gbps=8.1712 latency_ms=67.6474
[2026-08-10T21:35:09] SAMPLE t=19s phase=Stable adaptation=without_ML throughput_gbps=7.874 latency_ms=67.2023
[2026-08-10T21:35:10] SAMPLE t=20s phase=Congestion adaptation=without_ML throughput_gbps=8.0429 latency_ms=66.3901
[2026-08-10T21:35:11] SAMPLE t=21s phase=Congestion adaptation=without_ML throughput_gbps=7.7753 latency_ms=65.6898
[2026-08-10T21:35:12] SAMPLE t=22s phase=Congestion adaptation=without_ML throughput_gbps=8.3483 latency_ms=68.1604
[2026-08-10T21:35:13] SAMPLE t=23s phase=Congestion adaptation=without_ML throughput_gbps=7.8348 latency_ms=64.2911
[2026-08-10T21:35:14] SAMPLE t=24s phase=Congestion adaptation=without_ML throughput_gbps=8.2568 latency_ms=65.1724
[2026-08-10T21:35:15] SAMPLE t=25s phase=Congestion adaptation=without_ML throughput_gbps=8.3341 latency_ms=69.0127
[2026-08-10T21:35:16] SAMPLE t=26s phase=Congestion adaptation=without_ML throughput_gbps=8.2909 latency_ms=67.193
[2026-08-10T21:35:17] SAMPLE t=27s phase=Congestion adaptation=without_ML throughput_gbps=8.149 latency_ms=63.3027
[2026-08-10T21:35:18] SAMPLE t=28s phase=Congestion adaptation=without_ML throughput_gbps=7.8181 latency_ms=62.4401
[2026-08-10T21:35:19] SAMPLE t=29s phase=Congestion adaptation=without_ML throughput_gbps=8.0666 latency_ms=65.8638
[2026-08-10T21:35:20] SAMPLE t=30s phase=Congestion adaptation=without_ML throughput_gbps=8.2665 latency_ms=67.0668
[2026-08-10T21:35:21] SAMPLE t=31s phase=Congestion adaptation=without_ML throughput_gbps=8.1419 latency_ms=65.6571
[2026-08-10T21:35:22] SAMPLE t=32s phase=Congestion adaptation=without_ML throughput_gbps=8.191 latency_ms=64.7922
[2026-08-10T21:35:23] SAMPLE t=33s phase=Congestion adaptation=without_ML throughput_gbps=8.3247 latency_ms=68.199
[2026-08-10T21:35:24] SAMPLE t=34s phase=Congestion adaptation=without_ML throughput_gbps=7.4369 latency_ms=65.8786
[2026-08-10T21:35:25] SAMPLE t=35s phase=Congestion adaptation=without_ML throughput_gbps=8.0951 latency_ms=66.5136
[2026-08-10T21:35:26] SAMPLE t=36s phase=Congestion adaptation=without_ML throughput_gbps=7.8648 latency_ms=63.8653
[2026-08-10T21:35:27] SAMPLE t=37s phase=Congestion adaptation=without_ML throughput_gbps=8.0837 latency_ms=65.66
[2026-08-10T21:35:28] SAMPLE t=38s phase=Congestion adaptation=without_ML throughput_gbps=7.7314 latency_ms=64.9653
[2026-08-10T21:35:29] SAMPLE t=39s phase=Congestion adaptation=without_ML throughput_gbps=8.0975 latency_ms=68.0298
[2026-08-10T21:35:30] SAMPLE t=40s phase=Path_change adaptation=without_ML throughput_gbps=7.4099 latency_ms=66.1573
[2026-08-10T21:35:31] SAMPLE t=41s phase=Path_change adaptation=without_ML throughput_gbps=7.2772 latency_ms=68.0658
[2026-08-10T21:35:32] SAMPLE t=42s phase=Path_change adaptation=without_ML throughput_gbps=7.1366 latency_ms=70.8018
[2026-08-10T21:35:33] SAMPLE t=43s phase=Path_change adaptation=without_ML throughput_gbps=6.929 latency_ms=68.9564
[2026-08-10T21:35:34] SAMPLE t=44s phase=Path_change adaptation=without_ML throughput_gbps=6.3366 latency_ms=72.2395
[2026-08-10T21:35:35] SAMPLE t=45s phase=Path_change adaptation=without_ML throughput_gbps=6.7445 latency_ms=70.3528
[2026-08-10T21:35:36] SAMPLE t=46s phase=Path_change adaptation=without_ML throughput_gbps=6.2635 latency_ms=69.3087
[2026-08-10T21:35:37] SAMPLE t=47s phase=Path_change adaptation=without_ML throughput_gbps=6.0446 latency_ms=73.9363
[2026-08-10T21:35:38] SAMPLE t=48s phase=Path_change adaptation=without_ML throughput_gbps=5.9711 latency_ms=71.4507
[2026-08-10T21:35:39] SAMPLE t=49s phase=Path_change adaptation=without_ML throughput_gbps=5.6491 latency_ms=72.822
[2026-08-10T21:35:40] SAMPLE t=50s phase=Path_change adaptation=without_ML throughput_gbps=5.9272 latency_ms=72.9981
[2026-08-10T21:35:41] SAMPLE t=51s phase=Path_change adaptation=without_ML throughput_gbps=5.5319 latency_ms=72.4305
[2026-08-10T21:35:42] SAMPLE t=52s phase=Path_change adaptation=without_ML throughput_gbps=5.7208 latency_ms=72.795
[2026-08-10T21:35:43] SAMPLE t=53s phase=Path_change adaptation=without_ML throughput_gbps=5.7692 latency_ms=71.8387
[2026-08-10T21:35:44] SAMPLE t=54s phase=Path_change adaptation=without_ML throughput_gbps=5.9799 latency_ms=74.4173
[2026-08-10T21:35:45] SAMPLE t=55s phase=Path_change adaptation=without_ML throughput_gbps=6.2223 latency_ms=73.1457
[2026-08-10T21:35:46] SAMPLE t=56s phase=Path_change adaptation=without_ML throughput_gbps=6.539 latency_ms=70.3505
[2026-08-10T21:35:47] SAMPLE t=57s phase=Path_change adaptation=without_ML throughput_gbps=7.0447 latency_ms=66.5717
[2026-08-10T21:35:48] SAMPLE t=58s phase=Path_change adaptation=without_ML throughput_gbps=7.4786 latency_ms=65.7773
[2026-08-10T21:35:49] SAMPLE t=59s phase=Path_change adaptation=without_ML throughput_gbps=7.5187 latency_ms=68.116
[2026-08-10T21:35:50] SAMPLE t=60s phase=Loss_spike adaptation=without_ML throughput_gbps=6.4514 latency_ms=70.5792
[2026-08-10T21:35:51] SAMPLE t=61s phase=Loss_spike adaptation=without_ML throughput_gbps=8.3177 latency_ms=81.4755
[2026-08-10T21:35:52] SAMPLE t=62s phase=Loss_spike adaptation=without_ML throughput_gbps=7.5945 latency_ms=79.1577
[2026-08-10T21:35:53] SAMPLE t=63s phase=Loss_spike adaptation=without_ML throughput_gbps=5.0452 latency_ms=75.4119
[2026-08-10T21:35:54] SAMPLE t=64s phase=Loss_spike adaptation=without_ML throughput_gbps=3.9499 latency_ms=78.9511
[2026-08-10T21:35:55] SAMPLE t=65s phase=Loss_spike adaptation=without_ML throughput_gbps=6.0741 latency_ms=69.9621
[2026-08-10T21:35:56] SAMPLE t=66s phase=Loss_spike adaptation=without_ML throughput_gbps=8.6004 latency_ms=80.4295
[2026-08-10T21:35:57] SAMPLE t=67s phase=Loss_spike adaptation=without_ML throughput_gbps=7.4796 latency_ms=76.1772
[2026-08-10T21:35:58] SAMPLE t=68s phase=Loss_spike adaptation=without_ML throughput_gbps=4.7764 latency_ms=75.9257
[2026-08-10T21:35:59] SAMPLE t=69s phase=Loss_spike adaptation=without_ML throughput_gbps=4.067 latency_ms=78.6843
[2026-08-10T21:36:00] SAMPLE t=70s phase=Loss_spike adaptation=without_ML throughput_gbps=6.2061 latency_ms=69.9898
[2026-08-10T21:36:01] SAMPLE t=71s phase=Loss_spike adaptation=without_ML throughput_gbps=8.2149 latency_ms=77.8456
[2026-08-10T21:36:02] SAMPLE t=72s phase=Loss_spike adaptation=without_ML throughput_gbps=7.5034 latency_ms=77.6875
[2026-08-10T21:36:03] SAMPLE t=73s phase=Loss_spike adaptation=without_ML throughput_gbps=4.7877 latency_ms=79.3417
[2026-08-10T21:36:04] SAMPLE t=74s phase=Loss_spike adaptation=without_ML throughput_gbps=4.1474 latency_ms=79.8087
[2026-08-10T21:36:05] SAMPLE t=75s phase=Loss_spike adaptation=without_ML throughput_gbps=6.3409 latency_ms=72.0474
[2026-08-10T21:36:06] SAMPLE t=76s phase=Loss_spike adaptation=without_ML throughput_gbps=7.9139 latency_ms=81.6335
[2026-08-10T21:36:07] SAMPLE t=77s phase=Loss_spike adaptation=without_ML throughput_gbps=7.5505 latency_ms=76.1395
[2026-08-10T21:36:08] SAMPLE t=78s phase=Loss_spike adaptation=without_ML throughput_gbps=4.7082 latency_ms=74.0232
[2026-08-10T21:36:09] SAMPLE t=79s phase=Loss_spike adaptation=without_ML throughput_gbps=4.0613 latency_ms=77.0167
[2026-08-10T21:36:10] SAMPLE t=80s phase=Recovery adaptation=without_ML throughput_gbps=8.0797 latency_ms=66.2699
[2026-08-10T21:36:11] SAMPLE t=81s phase=Recovery adaptation=without_ML throughput_gbps=7.9374 latency_ms=67.9959
[2026-08-10T21:36:12] SAMPLE t=82s phase=Recovery adaptation=without_ML throughput_gbps=7.6244 latency_ms=67.8109
[2026-08-10T21:36:13] SAMPLE t=83s phase=Recovery adaptation=without_ML throughput_gbps=8.099 latency_ms=66.1861
[2026-08-10T21:36:14] SAMPLE t=84s phase=Recovery adaptation=without_ML throughput_gbps=7.9947 latency_ms=66.4474
[2026-08-10T21:36:15] SAMPLE t=85s phase=Recovery adaptation=without_ML throughput_gbps=7.395 latency_ms=64.5378
[2026-08-10T21:36:16] SAMPLE t=86s phase=Recovery adaptation=without_ML throughput_gbps=7.6682 latency_ms=67.0188
[2026-08-10T21:36:17] SAMPLE t=87s phase=Recovery adaptation=without_ML throughput_gbps=7.6694 latency_ms=66.3009
[2026-08-10T21:36:18] SAMPLE t=88s phase=Recovery adaptation=without_ML throughput_gbps=8.251 latency_ms=65.2668
[2026-08-10T21:36:19] SAMPLE t=89s phase=Recovery adaptation=without_ML throughput_gbps=8.1245 latency_ms=64.5881
[2026-08-10T21:36:20] SAMPLE t=90s phase=Recovery adaptation=without_ML throughput_gbps=8.3652 latency_ms=64.48
[2026-08-10T21:36:21] SAMPLE t=91s phase=Recovery adaptation=without_ML throughput_gbps=8.379 latency_ms=67.0208
[2026-08-10T21:36:22] SAMPLE t=92s phase=Recovery adaptation=without_ML throughput_gbps=8.0585 latency_ms=66.2777
[2026-08-10T21:36:23] SAMPLE t=93s phase=Recovery adaptation=without_ML throughput_gbps=7.4833 latency_ms=64.9461
[2026-08-10T21:36:24] SAMPLE t=94s phase=Recovery adaptation=without_ML throughput_gbps=8.1395 latency_ms=67.017
[2026-08-10T21:36:25] SAMPLE t=95s phase=Recovery adaptation=without_ML throughput_gbps=7.9535 latency_ms=66.2409
[2026-08-10T21:36:26] SAMPLE t=96s phase=Recovery adaptation=without_ML throughput_gbps=7.937 latency_ms=64.4793
[2026-08-10T21:36:27] SAMPLE t=97s phase=Recovery adaptation=without_ML throughput_gbps=7.7997 latency_ms=64.3811
[2026-08-10T21:36:28] SAMPLE t=98s phase=Recovery adaptation=without_ML throughput_gbps=8.1018 latency_ms=66.497
[2026-08-10T21:36:29] SAMPLE t=99s phase=Recovery adaptation=without_ML throughput_gbps=7.9415 latency_ms=66.2756
[2026-08-10T21:34:50] TRACE_END run_id=61 status=OK
[2026-08-10T21:53:56] TRACE_START run_id=62
[2026-08-10T21:53:56] SAMPLE t=0s phase=Stable adaptation=with_ML throughput_gbps=8.0163 latency_ms=65.9903
[2026-08-10T21:53:57] SAMPLE t=1s phase=Stable adaptation=with_ML throughput_gbps=7.9837 latency_ms=66.0773
[2026-08-10T21:53:58] SAMPLE t=2s phase=Stable adaptation=with_ML throughput_gbps=8.0272 latency_ms=66.1813
[2026-08-10T21:53:59] SAMPLE t=3s phase=Stable adaptation=with_ML throughput_gbps=8.008 latency_ms=66.2295
[2026-08-10T21:54:00] SAMPLE t=4s phase=Stable adaptation=with_ML throughput_gbps=7.9256 latency_ms=67.9788
[2026-08-10T21:54:01] SAMPLE t=5s phase=Stable adaptation=with_ML throughput_gbps=8.1798 latency_ms=65.7855
[2026-08-10T21:54:02] SAMPLE t=6s phase=Stable adaptation=with_ML throughput_gbps=7.9104 latency_ms=65.8212
[2026-08-10T21:54:03] SAMPLE t=7s phase=Stable adaptation=with_ML throughput_gbps=8.2044 latency_ms=66.1555
[2026-08-10T21:54:04] SAMPLE t=8s phase=Stable adaptation=with_ML throughput_gbps=8.1767 latency_ms=67.0088
[2026-08-10T21:54:05] SAMPLE t=9s phase=Stable adaptation=with_ML throughput_gbps=8.1673 latency_ms=65.5785
[2026-08-10T21:54:06] SAMPLE t=10s phase=Stable adaptation=with_ML throughput_gbps=7.9431 latency_ms=67.2409
[2026-08-10T21:54:07] SAMPLE t=11s phase=Stable adaptation=with_ML throughput_gbps=8.3759 latency_ms=65.5806
[2026-08-10T21:54:08] SAMPLE t=12s phase=Stable adaptation=with_ML throughput_gbps=7.9548 latency_ms=66.7204
[2026-08-10T21:54:09] SAMPLE t=13s phase=Stable adaptation=with_ML throughput_gbps=8.1194 latency_ms=65.5558
[2026-08-10T21:54:10] SAMPLE t=14s phase=Stable adaptation=with_ML throughput_gbps=7.9719 latency_ms=67.7673
[2026-08-10T21:54:11] SAMPLE t=15s phase=Stable adaptation=with_ML throughput_gbps=8.244 latency_ms=64.5665
[2026-08-10T21:54:12] SAMPLE t=16s phase=Stable adaptation=with_ML throughput_gbps=8.1025 latency_ms=65.2124
[2026-08-10T21:54:13] SAMPLE t=17s phase=Stable adaptation=with_ML throughput_gbps=8.2195 latency_ms=66.607
[2026-08-10T21:54:14] SAMPLE t=18s phase=Stable adaptation=with_ML throughput_gbps=8.1214 latency_ms=68.1582
[2026-08-10T21:54:15] SAMPLE t=19s phase=Stable adaptation=with_ML throughput_gbps=8.0442 latency_ms=66.3929
[2026-08-10T21:54:16] SAMPLE t=20s phase=Congestion adaptation=with_ML throughput_gbps=7.9817 latency_ms=65.5781
[2026-08-10T21:54:17] SAMPLE t=21s phase=Congestion adaptation=with_ML throughput_gbps=8.3057 latency_ms=66.6377
[2026-08-10T21:54:18] SAMPLE t=22s phase=Congestion adaptation=with_ML throughput_gbps=8.2495 latency_ms=66.6485
[2026-08-10T21:54:19] SAMPLE t=23s phase=Congestion adaptation=with_ML throughput_gbps=7.9057 latency_ms=67.8968
[2026-08-10T21:54:20] SAMPLE t=24s phase=Congestion adaptation=with_ML throughput_gbps=7.7608 latency_ms=64.8808
[2026-08-10T21:54:21] SAMPLE t=25s phase=Congestion adaptation=with_ML throughput_gbps=8.0654 latency_ms=65.8952
[2026-08-10T21:54:22] SAMPLE t=26s phase=Congestion adaptation=with_ML throughput_gbps=8.3823 latency_ms=66.087
[2026-08-10T21:54:23] SAMPLE t=27s phase=Congestion adaptation=with_ML throughput_gbps=7.6844 latency_ms=66.7678
[2026-08-10T21:54:24] SAMPLE t=28s phase=Congestion adaptation=with_ML throughput_gbps=7.9554 latency_ms=66.8888
[2026-08-10T21:54:25] SAMPLE t=29s phase=Congestion adaptation=with_ML throughput_gbps=7.7844 latency_ms=64.6113
[2026-08-10T21:54:26] SAMPLE t=30s phase=Congestion adaptation=with_ML throughput_gbps=7.8327 latency_ms=66.6033
[2026-08-10T21:54:27] SAMPLE t=31s phase=Congestion adaptation=with_ML throughput_gbps=7.9739 latency_ms=68.3272
[2026-08-10T21:54:28] SAMPLE t=32s phase=Congestion adaptation=with_ML throughput_gbps=8.0768 latency_ms=65.4473
[2026-08-10T21:54:29] SAMPLE t=33s phase=Congestion adaptation=with_ML throughput_gbps=8.2135 latency_ms=66.108
[2026-08-10T21:54:30] SAMPLE t=34s phase=Congestion adaptation=with_ML throughput_gbps=7.6445 latency_ms=66.1336
[2026-08-10T21:54:31] SAMPLE t=35s phase=Congestion adaptation=with_ML throughput_gbps=8.0088 latency_ms=64.857
[2026-08-10T21:54:32] SAMPLE t=36s phase=Congestion adaptation=with_ML throughput_gbps=8.1824 latency_ms=66.1723
[2026-08-10T21:54:33] SAMPLE t=37s phase=Congestion adaptation=with_ML throughput_gbps=8.4282 latency_ms=66.8688
[2026-08-10T21:54:34] SAMPLE t=38s phase=Congestion adaptation=with_ML throughput_gbps=8.0607 latency_ms=65.9939
[2026-08-10T21:54:35] SAMPLE t=39s phase=Congestion adaptation=with_ML throughput_gbps=8.1176 latency_ms=65.6071
[2026-08-10T21:54:36] SAMPLE t=40s phase=Path_change adaptation=with_ML throughput_gbps=7.9475 latency_ms=68.9729
[2026-08-10T21:54:37] SAMPLE t=41s phase=Path_change adaptation=with_ML throughput_gbps=7.9309 latency_ms=66.7307
[2026-08-10T21:54:38] SAMPLE t=42s phase=Path_change adaptation=with_ML throughput_gbps=7.8241 latency_ms=69.7803
[2026-08-10T21:54:39] SAMPLE t=43s phase=Path_change adaptation=with_ML throughput_gbps=7.7804 latency_ms=66.3556
[2026-08-10T21:54:40] SAMPLE t=44s phase=Path_change adaptation=with_ML throughput_gbps=7.6413 latency_ms=68.8389
[2026-08-10T21:54:41] SAMPLE t=45s phase=Path_change adaptation=with_ML throughput_gbps=7.4128 latency_ms=67.4276
[2026-08-10T21:54:42] SAMPLE t=46s phase=Path_change adaptation=with_ML throughput_gbps=7.2382 latency_ms=68.4754
[2026-08-10T21:54:43] SAMPLE t=47s phase=Path_change adaptation=with_ML throughput_gbps=7.7207 latency_ms=67.5525
[2026-08-10T21:54:44] SAMPLE t=48s phase=Path_change adaptation=with_ML throughput_gbps=7.7577 latency_ms=69.5804
[2026-08-10T21:54:45] SAMPLE t=49s phase=Path_change adaptation=with_ML throughput_gbps=7.3801 latency_ms=69.3589
[2026-08-10T21:54:46] SAMPLE t=50s phase=Path_change adaptation=with_ML throughput_gbps=7.0619 latency_ms=68.5394
[2026-08-10T21:54:47] SAMPLE t=51s phase=Path_change adaptation=with_ML throughput_gbps=7.6443 latency_ms=65.7931
[2026-08-10T21:54:48] SAMPLE t=52s phase=Path_change adaptation=with_ML throughput_gbps=7.3341 latency_ms=70.2838
[2026-08-10T21:54:49] SAMPLE t=53s phase=Path_change adaptation=with_ML throughput_gbps=7.3208 latency_ms=67.6785
[2026-08-10T21:54:50] SAMPLE t=54s phase=Path_change adaptation=with_ML throughput_gbps=7.2288 latency_ms=68.8609
[2026-08-10T21:54:51] SAMPLE t=55s phase=Path_change adaptation=with_ML throughput_gbps=7.3766 latency_ms=69.3704
[2026-08-10T21:54:52] SAMPLE t=56s phase=Path_change adaptation=with_ML throughput_gbps=7.6099 latency_ms=67.9818
[2026-08-10T21:54:53] SAMPLE t=57s phase=Path_change adaptation=with_ML throughput_gbps=7.7053 latency_ms=67.2073
[2026-08-10T21:54:54] SAMPLE t=58s phase=Path_change adaptation=with_ML throughput_gbps=7.7426 latency_ms=67.1821
[2026-08-10T21:54:55] SAMPLE t=59s phase=Path_change adaptation=with_ML throughput_gbps=8.3641 latency_ms=67.5482
[2026-08-10T21:54:56] SAMPLE t=60s phase=Loss_spike adaptation=with_ML throughput_gbps=7.4053 latency_ms=67.6921
[2026-08-10T21:54:57] SAMPLE t=61s phase=Loss_spike adaptation=with_ML throughput_gbps=8.1173 latency_ms=69.7285
[2026-08-10T21:54:58] SAMPLE t=62s phase=Loss_spike adaptation=with_ML throughput_gbps=7.8851 latency_ms=68.9038
[2026-08-10T21:54:59] SAMPLE t=63s phase=Loss_spike adaptation=with_ML throughput_gbps=6.7604 latency_ms=69.2447
[2026-08-10T21:55:00] SAMPLE t=64s phase=Loss_spike adaptation=with_ML throughput_gbps=6.1551 latency_ms=71.8998
[2026-08-10T21:55:01] SAMPLE t=65s phase=Loss_spike adaptation=with_ML throughput_gbps=7.3123 latency_ms=69.2811
[2026-08-10T21:55:02] SAMPLE t=66s phase=Loss_spike adaptation=with_ML throughput_gbps=8.3327 latency_ms=68.9866
[2026-08-10T21:55:03] SAMPLE t=67s phase=Loss_spike adaptation=with_ML throughput_gbps=7.9382 latency_ms=69.9719
[2026-08-10T21:55:04] SAMPLE t=68s phase=Loss_spike adaptation=with_ML throughput_gbps=6.7574 latency_ms=72.6516
[2026-08-10T21:55:05] SAMPLE t=69s phase=Loss_spike adaptation=with_ML throughput_gbps=6.1527 latency_ms=69.5839
[2026-08-10T21:55:06] SAMPLE t=70s phase=Loss_spike adaptation=with_ML throughput_gbps=7.3094 latency_ms=67.379
[2026-08-10T21:55:07] SAMPLE t=71s phase=Loss_spike adaptation=with_ML throughput_gbps=8.6313 latency_ms=71.0135
[2026-08-10T21:55:08] SAMPLE t=72s phase=Loss_spike adaptation=with_ML throughput_gbps=7.6513 latency_ms=71.8201
[2026-08-10T21:55:09] SAMPLE t=73s phase=Loss_spike adaptation=with_ML throughput_gbps=6.7575 latency_ms=70.0949
[2026-08-10T21:55:10] SAMPLE t=74s phase=Loss_spike adaptation=with_ML throughput_gbps=6.373 latency_ms=70.2707
[2026-08-10T21:55:11] SAMPLE t=75s phase=Loss_spike adaptation=with_ML throughput_gbps=7.4996 latency_ms=67.5312
[2026-08-10T21:55:12] SAMPLE t=76s phase=Loss_spike adaptation=with_ML throughput_gbps=8.2121 latency_ms=67.8409
[2026-08-10T21:55:13] SAMPLE t=77s phase=Loss_spike adaptation=with_ML throughput_gbps=7.9479 latency_ms=70.7208
[2026-08-10T21:55:14] SAMPLE t=78s phase=Loss_spike adaptation=with_ML throughput_gbps=6.5227 latency_ms=67.8064
[2026-08-10T21:55:15] SAMPLE t=79s phase=Loss_spike adaptation=with_ML throughput_gbps=6.066 latency_ms=70.9153
[2026-08-10T21:55:16] SAMPLE t=80s phase=Recovery adaptation=with_ML throughput_gbps=7.8564 latency_ms=66.2198
[2026-08-10T21:55:17] SAMPLE t=81s phase=Recovery adaptation=with_ML throughput_gbps=8.1499 latency_ms=65.0262
[2026-08-10T21:55:18] SAMPLE t=82s phase=Recovery adaptation=with_ML throughput_gbps=8.3169 latency_ms=68.8511
[2026-08-10T21:55:19] SAMPLE t=83s phase=Recovery adaptation=with_ML throughput_gbps=8.3023 latency_ms=66.6391
[2026-08-10T21:55:20] SAMPLE t=84s phase=Recovery adaptation=with_ML throughput_gbps=8.2502 latency_ms=65.6007
[2026-08-10T21:55:21] SAMPLE t=85s phase=Recovery adaptation=with_ML throughput_gbps=8.2677 latency_ms=66.1807
[2026-08-10T21:55:22] SAMPLE t=86s phase=Recovery adaptation=with_ML throughput_gbps=7.9393 latency_ms=66.3574
[2026-08-10T21:55:23] SAMPLE t=87s phase=Recovery adaptation=with_ML throughput_gbps=8.4069 latency_ms=66.4609
[2026-08-10T21:55:24] SAMPLE t=88s phase=Recovery adaptation=with_ML throughput_gbps=8.4726 latency_ms=65.7137
[2026-08-10T21:55:25] SAMPLE t=89s phase=Recovery adaptation=with_ML throughput_gbps=8.4429 latency_ms=63.9497
[2026-08-10T21:55:26] SAMPLE t=90s phase=Recovery adaptation=with_ML throughput_gbps=8.3171 latency_ms=66.3057
[2026-08-10T21:55:27] SAMPLE t=91s phase=Recovery adaptation=with_ML throughput_gbps=8.4458 latency_ms=65.4056
[2026-08-10T21:55:28] SAMPLE t=92s phase=Recovery adaptation=with_ML throughput_gbps=8.1364 latency_ms=65.876
[2026-08-10T21:55:29] SAMPLE t=93s phase=Recovery adaptation=with_ML throughput_gbps=8.2139 latency_ms=66.7796
[2026-08-10T21:55:30] SAMPLE t=94s phase=Recovery adaptation=with_ML throughput_gbps=8.2071 latency_ms=66.3007
[2026-08-10T21:55:31] SAMPLE t=95s phase=Recovery adaptation=with_ML throughput_gbps=8.2564 latency_ms=65.3548
[2026-08-10T21:55:32] SAMPLE t=96s phase=Recovery adaptation=with_ML throughput_gbps=8.504 latency_ms=65.2283
[2026-08-10T21:55:33] SAMPLE t=97s phase=Recovery adaptation=with_ML throughput_gbps=8.1848 latency_ms=63.6856
[2026-08-10T21:55:34] SAMPLE t=98s phase=Recovery adaptation=with_ML throughput_gbps=8.7404 latency_ms=64.7791
[2026-08-10T21:55:35] SAMPLE t=99s phase=Recovery adaptation=with_ML throughput_gbps=8.4474 latency_ms=68.2821
[2026-08-10T21:53:56] SAMPLE t=0s phase=Stable adaptation=without_ML throughput_gbps=7.8879 latency_ms=65.7209
[2026-08-10T21:53:57] SAMPLE t=1s phase=Stable adaptation=without_ML throughput_gbps=7.8524 latency_ms=65.0408
[2026-08-10T21:53:58] SAMPLE t=2s phase=Stable adaptation=without_ML throughput_gbps=8.2237 latency_ms=66.1986
[2026-08-10T21:53:59] SAMPLE t=3s phase=Stable adaptation=without_ML throughput_gbps=8.0216 latency_ms=66.8149
[2026-08-10T21:54:00] SAMPLE t=4s phase=Stable adaptation=without_ML throughput_gbps=7.9713 latency_ms=64.7435
[2026-08-10T21:54:01] SAMPLE t=5s phase=Stable adaptation=without_ML throughput_gbps=8.2334 latency_ms=66.2455
[2026-08-10T21:54:02] SAMPLE t=6s phase=Stable adaptation=without_ML throughput_gbps=7.9384 latency_ms=63.8372
[2026-08-10T21:54:03] SAMPLE t=7s phase=Stable adaptation=without_ML throughput_gbps=8.0248 latency_ms=64.6452
[2026-08-10T21:54:04] SAMPLE t=8s phase=Stable adaptation=without_ML throughput_gbps=8.183 latency_ms=67.1421
[2026-08-10T21:54:05] SAMPLE t=9s phase=Stable adaptation=without_ML throughput_gbps=8.179 latency_ms=67.1115
[2026-08-10T21:54:06] SAMPLE t=10s phase=Stable adaptation=without_ML throughput_gbps=8.0361 latency_ms=66.3233
[2026-08-10T21:54:07] SAMPLE t=11s phase=Stable adaptation=without_ML throughput_gbps=8.0599 latency_ms=66.596
[2026-08-10T21:54:08] SAMPLE t=12s phase=Stable adaptation=without_ML throughput_gbps=7.9373 latency_ms=66.4
[2026-08-10T21:54:09] SAMPLE t=13s phase=Stable adaptation=without_ML throughput_gbps=8.3091 latency_ms=65.7049
[2026-08-10T21:54:10] SAMPLE t=14s phase=Stable adaptation=without_ML throughput_gbps=8.1699 latency_ms=63.6321
[2026-08-10T21:54:11] SAMPLE t=15s phase=Stable adaptation=without_ML throughput_gbps=7.8033 latency_ms=65.9616
[2026-08-10T21:54:12] SAMPLE t=16s phase=Stable adaptation=without_ML throughput_gbps=7.7383 latency_ms=65.5907
[2026-08-10T21:54:13] SAMPLE t=17s phase=Stable adaptation=without_ML throughput_gbps=8.0256 latency_ms=64.3848
[2026-08-10T21:54:14] SAMPLE t=18s phase=Stable adaptation=without_ML throughput_gbps=8.1052 latency_ms=69.3883
[2026-08-10T21:54:15] SAMPLE t=19s phase=Stable adaptation=without_ML throughput_gbps=7.6936 latency_ms=67.4538
[2026-08-10T21:54:16] SAMPLE t=20s phase=Congestion adaptation=without_ML throughput_gbps=7.8973 latency_ms=65.9567
[2026-08-10T21:54:17] SAMPLE t=21s phase=Congestion adaptation=without_ML throughput_gbps=7.699 latency_ms=66.6331
[2026-08-10T21:54:18] SAMPLE t=22s phase=Congestion adaptation=without_ML throughput_gbps=7.4676 latency_ms=65.6295
[2026-08-10T21:54:19] SAMPLE t=23s phase=Congestion adaptation=without_ML throughput_gbps=8.2555 latency_ms=65.5722
[2026-08-10T21:54:20] SAMPLE t=24s phase=Congestion adaptation=without_ML throughput_gbps=8.072 latency_ms=66.8784
[2026-08-10T21:54:21] SAMPLE t=25s phase=Congestion adaptation=without_ML throughput_gbps=7.8983 latency_ms=65.4894
[2026-08-10T21:54:22] SAMPLE t=26s phase=Congestion adaptation=without_ML throughput_gbps=7.8417 latency_ms=65.7177
[2026-08-10T21:54:23] SAMPLE t=27s phase=Congestion adaptation=without_ML throughput_gbps=8.3426 latency_ms=65.0385
[2026-08-10T21:54:24] SAMPLE t=28s phase=Congestion adaptation=without_ML throughput_gbps=8.0 latency_ms=67.0556
[2026-08-10T21:54:25] SAMPLE t=29s phase=Congestion adaptation=without_ML throughput_gbps=7.5377 latency_ms=66.4566
[2026-08-10T21:54:26] SAMPLE t=30s phase=Congestion adaptation=without_ML throughput_gbps=8.1328 latency_ms=63.8353
[2026-08-10T21:54:27] SAMPLE t=31s phase=Congestion adaptation=without_ML throughput_gbps=8.0862 latency_ms=64.4544
[2026-08-10T21:54:28] SAMPLE t=32s phase=Congestion adaptation=without_ML throughput_gbps=7.9362 latency_ms=67.706
[2026-08-10T21:54:29] SAMPLE t=33s phase=Congestion adaptation=without_ML throughput_gbps=8.0601 latency_ms=65.1091
[2026-08-10T21:54:30] SAMPLE t=34s phase=Congestion adaptation=without_ML throughput_gbps=7.9113 latency_ms=65.7259
[2026-08-10T21:54:31] SAMPLE t=35s phase=Congestion adaptation=without_ML throughput_gbps=7.9212 latency_ms=65.0434
[2026-08-10T21:54:32] SAMPLE t=36s phase=Congestion adaptation=without_ML throughput_gbps=8.0957 latency_ms=66.1462
[2026-08-10T21:54:33] SAMPLE t=37s phase=Congestion adaptation=without_ML throughput_gbps=8.0171 latency_ms=65.4291
[2026-08-10T21:54:34] SAMPLE t=38s phase=Congestion adaptation=without_ML throughput_gbps=7.8972 latency_ms=65.3411
[2026-08-10T21:54:35] SAMPLE t=39s phase=Congestion adaptation=without_ML throughput_gbps=7.8132 latency_ms=66.9653
[2026-08-10T21:54:36] SAMPLE t=40s phase=Path_change adaptation=without_ML throughput_gbps=7.9737 latency_ms=63.2929
[2026-08-10T21:54:37] SAMPLE t=41s phase=Path_change adaptation=without_ML throughput_gbps=7.7299 latency_ms=67.491
[2026-08-10T21:54:38] SAMPLE t=42s phase=Path_change adaptation=without_ML throughput_gbps=6.9684 latency_ms=68.8755
[2026-08-10T21:54:39] SAMPLE t=43s phase=Path_change adaptation=without_ML throughput_gbps=6.7948 latency_ms=68.7828
[2026-08-10T21:54:40] SAMPLE t=44s phase=Path_change adaptation=without_ML throughput_gbps=6.7071 latency_ms=69.6863
[2026-08-10T21:54:41] SAMPLE t=45s phase=Path_change adaptation=without_ML throughput_gbps=6.4125 latency_ms=70.6759
[2026-08-10T21:54:42] SAMPLE t=46s phase=Path_change adaptation=without_ML throughput_gbps=6.4071 latency_ms=70.7439
[2026-08-10T21:54:43] SAMPLE t=47s phase=Path_change adaptation=without_ML throughput_gbps=6.3496 latency_ms=73.2716
[2026-08-10T21:54:44] SAMPLE t=48s phase=Path_change adaptation=without_ML throughput_gbps=5.7242 latency_ms=73.3134
[2026-08-10T21:54:45] SAMPLE t=49s phase=Path_change adaptation=without_ML throughput_gbps=5.6508 latency_ms=72.5925
[2026-08-10T21:54:46] SAMPLE t=50s phase=Path_change adaptation=without_ML throughput_gbps=5.5363 latency_ms=74.2124
[2026-08-10T21:54:47] SAMPLE t=51s phase=Path_change adaptation=without_ML throughput_gbps=5.7306 latency_ms=75.0336
[2026-08-10T21:54:48] SAMPLE t=52s phase=Path_change adaptation=without_ML throughput_gbps=5.8286 latency_ms=72.1314
[2026-08-10T21:54:49] SAMPLE t=53s phase=Path_change adaptation=without_ML throughput_gbps=5.6647 latency_ms=72.3765
[2026-08-10T21:54:50] SAMPLE t=54s phase=Path_change adaptation=without_ML throughput_gbps=6.0864 latency_ms=74.629
[2026-08-10T21:54:51] SAMPLE t=55s phase=Path_change adaptation=without_ML throughput_gbps=6.3795 latency_ms=72.292
[2026-08-10T21:54:52] SAMPLE t=56s phase=Path_change adaptation=without_ML throughput_gbps=6.9068 latency_ms=69.2794
[2026-08-10T21:54:53] SAMPLE t=57s phase=Path_change adaptation=without_ML throughput_gbps=6.757 latency_ms=68.9336
[2026-08-10T21:54:54] SAMPLE t=58s phase=Path_change adaptation=without_ML throughput_gbps=6.9818 latency_ms=67.2469
[2026-08-10T21:54:55] SAMPLE t=59s phase=Path_change adaptation=without_ML throughput_gbps=7.4068 latency_ms=67.1885
[2026-08-10T21:54:56] SAMPLE t=60s phase=Loss_spike adaptation=without_ML throughput_gbps=6.3374 latency_ms=66.7912
[2026-08-10T21:54:57] SAMPLE t=61s phase=Loss_spike adaptation=without_ML throughput_gbps=8.5332 latency_ms=80.1308
[2026-08-10T21:54:58] SAMPLE t=62s phase=Loss_spike adaptation=without_ML throughput_gbps=7.3564 latency_ms=76.0766
[2026-08-10T21:54:59] SAMPLE t=63s phase=Loss_spike adaptation=without_ML throughput_gbps=4.8924 latency_ms=77.5789
[2026-08-10T21:55:00] SAMPLE t=64s phase=Loss_spike adaptation=without_ML throughput_gbps=3.9287 latency_ms=80.2934
[2026-08-10T21:55:01] SAMPLE t=65s phase=Loss_spike adaptation=without_ML throughput_gbps=6.4899 latency_ms=68.4253
[2026-08-10T21:55:02] SAMPLE t=66s phase=Loss_spike adaptation=without_ML throughput_gbps=8.3582 latency_ms=79.065
[2026-08-10T21:55:03] SAMPLE t=67s phase=Loss_spike adaptation=without_ML throughput_gbps=7.7869 latency_ms=75.7067
[2026-08-10T21:55:04] SAMPLE t=68s phase=Loss_spike adaptation=without_ML throughput_gbps=4.8178 latency_ms=78.7398
[2026-08-10T21:55:05] SAMPLE t=69s phase=Loss_spike adaptation=without_ML throughput_gbps=3.9841 latency_ms=77.867
[2026-08-10T21:55:06] SAMPLE t=70s phase=Loss_spike adaptation=without_ML throughput_gbps=6.2783 latency_ms=69.4209
[2026-08-10T21:55:07] SAMPLE t=71s phase=Loss_spike adaptation=without_ML throughput_gbps=8.2186 latency_ms=81.4936
[2026-08-10T21:55:08] SAMPLE t=72s phase=Loss_spike adaptation=without_ML throughput_gbps=7.7076 latency_ms=75.7928
[2026-08-10T21:55:09] SAMPLE t=73s phase=Loss_spike adaptation=without_ML throughput_gbps=4.8368 latency_ms=74.4255
[2026-08-10T21:55:10] SAMPLE t=74s phase=Loss_spike adaptation=without_ML throughput_gbps=4.1523 latency_ms=77.1406
[2026-08-10T21:55:11] SAMPLE t=75s phase=Loss_spike adaptation=without_ML throughput_gbps=6.52 latency_ms=69.4889
[2026-08-10T21:55:12] SAMPLE t=76s phase=Loss_spike adaptation=without_ML throughput_gbps=7.993 latency_ms=80.6019
[2026-08-10T21:55:13] SAMPLE t=77s phase=Loss_spike adaptation=without_ML throughput_gbps=7.6346 latency_ms=75.4434
[2026-08-10T21:55:14] SAMPLE t=78s phase=Loss_spike adaptation=without_ML throughput_gbps=4.8354 latency_ms=75.0198
[2026-08-10T21:55:15] SAMPLE t=79s phase=Loss_spike adaptation=without_ML throughput_gbps=3.9456 latency_ms=81.7001
[2026-08-10T21:55:16] SAMPLE t=80s phase=Recovery adaptation=without_ML throughput_gbps=7.7202 latency_ms=66.4601
[2026-08-10T21:55:17] SAMPLE t=81s phase=Recovery adaptation=without_ML throughput_gbps=7.7762 latency_ms=65.5397
[2026-08-10T21:55:18] SAMPLE t=82s phase=Recovery adaptation=without_ML throughput_gbps=7.5833 latency_ms=64.734
[2026-08-10T21:55:19] SAMPLE t=83s phase=Recovery adaptation=without_ML throughput_gbps=8.3045 latency_ms=66.8894
[2026-08-10T21:55:20] SAMPLE t=84s phase=Recovery adaptation=without_ML throughput_gbps=7.8601 latency_ms=66.9111
[2026-08-10T21:55:21] SAMPLE t=85s phase=Recovery adaptation=without_ML throughput_gbps=8.478 latency_ms=67.5146
[2026-08-10T21:55:22] SAMPLE t=86s phase=Recovery adaptation=without_ML throughput_gbps=7.9809 latency_ms=65.9911
[2026-08-10T21:55:23] SAMPLE t=87s phase=Recovery adaptation=without_ML throughput_gbps=8.2276 latency_ms=64.2604
[2026-08-10T21:55:24] SAMPLE t=88s phase=Recovery adaptation=without_ML throughput_gbps=8.1874 latency_ms=64.4353
[2026-08-10T21:55:25] SAMPLE t=89s phase=Recovery adaptation=without_ML throughput_gbps=8.1311 latency_ms=63.8449
[2026-08-10T21:55:26] SAMPLE t=90s phase=Recovery adaptation=without_ML throughput_gbps=8.238 latency_ms=66.1479
[2026-08-10T21:55:27] SAMPLE t=91s phase=Recovery adaptation=without_ML throughput_gbps=7.968 latency_ms=65.3056
[2026-08-10T21:55:28] SAMPLE t=92s phase=Recovery adaptation=without_ML throughput_gbps=8.0313 latency_ms=63.8168
[2026-08-10T21:55:29] SAMPLE t=93s phase=Recovery adaptation=without_ML throughput_gbps=7.6284 latency_ms=65.5657
[2026-08-10T21:55:30] SAMPLE t=94s phase=Recovery adaptation=without_ML throughput_gbps=8.1196 latency_ms=66.2209
[2026-08-10T21:55:31] SAMPLE t=95s phase=Recovery adaptation=without_ML throughput_gbps=7.9691 latency_ms=68.1619
[2026-08-10T21:55:32] SAMPLE t=96s phase=Recovery adaptation=without_ML throughput_gbps=7.8863 latency_ms=67.8065
[2026-08-10T21:55:33] SAMPLE t=97s phase=Recovery adaptation=without_ML throughput_gbps=8.3119 latency_ms=63.1188
[2026-08-10T21:55:34] SAMPLE t=98s phase=Recovery adaptation=without_ML throughput_gbps=8.435 latency_ms=66.0498
[2026-08-10T21:55:35] SAMPLE t=99s phase=Recovery adaptation=without_ML throughput_gbps=7.9151 latency_ms=66.4641
[2026-08-10T21:53:56] TRACE_END run_id=62 status=OK
