[2026-08-10T21:57:39] TRACE_START run_id=63
[2026-08-10T21:57:39] SAMPLE t=0s phase=Stable adaptation=with_ML throughput_gbps=7.7202 latency_ms=65.5892
[2026-08-10T21:57:40] SAMPLE t=1s phase=Stable adaptation=with_ML throughput_gbps=8.1846 latency_ms=65.9017
[2026-08-10T21:57:41] SAMPLE t=2s phase=Stable adaptation=with_ML throughput_gbps=7.585 latency_ms=66.7435
[2026-08-10T21:57:42] SAMPLE t=3s phase=Stable adaptation=with_ML throughput_gbps=7.9776 latency_ms=68.7509
[2026-08-10T21:57:43] SAMPLE t=4s phase=Stable adaptation=with_ML throughput_gbps=7.6885 latency_ms=66.6386
[2026-08-10T21:57:44] SAMPLE t=5s phase=Stable adaptation=with_ML throughput_gbps=8.3116 latency_ms=65.6163
[2026-08-10T21:57:45] SAMPLE t=6s phase=Stable adaptation=with_ML throughput_gbps=8.1221 latency_ms=66.4174
[2026-08-10T21:57:46] SAMPLE t=7s phase=Stable adaptation=with_ML throughput_gbps=7.947 latency_ms=64.623
[2026-08-10T21:57:47] SAMPLE t=8s phase=Stable adaptation=with_ML throughput_gbps=8.5012 latency_ms=66.0865
[2026-08-10T21:57:48] SAMPLE t=9s phase=Stable adaptation=with_ML throughput_gbps=7.6393 latency_ms=65.2446
[2026-08-10T21:57:49] SAMPLE t=10s phase=Stable adaptation=with_ML throughput_gbps=7.8483 latency_ms=67.5588
[2026-08-10T21:57:50] SAMPLE t=11s phase=Stable adaptation=with_ML throughput_gbps=7.7226 latency_ms=65.2928
[2026-08-10T21:57:51] SAMPLE t=12s phase=Stable adaptation=with_ML throughput_gbps=7.7461 latency_ms=64.6469
[2026-08-10T21:57:52] SAMPLE t=13s phase=Stable adaptation=with_ML throughput_gbps=7.7856 latency_ms=66.2038
[2026-08-10T21:57:53] SAMPLE t=14s phase=Stable adaptation=with_ML throughput_gbps=8.089 latency_ms=66.0414
[2026-08-10T21:57:54] SAMPLE t=15s phase=Stable adaptation=with_ML throughput_gbps=8.0024 latency_ms=67.0175
[2026-08-10T21:57:55] SAMPLE t=16s phase=Stable adaptation=with_ML throughput_gbps=7.9882 latency_ms=66.9199
[2026-08-10T21:57:56] SAMPLE t=17s phase=Stable adaptation=with_ML throughput_gbps=7.7805 latency_ms=67.9231
[2026-08-10T21:57:57] SAMPLE t=18s phase=Stable adaptation=with_ML throughput_gbps=8.3124 latency_ms=65.1293
[2026-08-10T21:57:58] SAMPLE t=19s phase=Stable adaptation=with_ML throughput_gbps=7.8309 latency_ms=65.3148
[2026-08-10T21:57:59] SAMPLE t=20s phase=Congestion adaptation=with_ML throughput_gbps=8.0136 latency_ms=67.3459
[2026-08-10T21:58:00] SAMPLE t=21s phase=Congestion adaptation=with_ML throughput_gbps=8.0144 latency_ms=65.7007
[2026-08-10T21:58:01] SAMPLE t=22s phase=Congestion adaptation=with_ML throughput_gbps=8.1926 latency_ms=65.4418
[2026-08-10T21:58:02] SAMPLE t=23s phase=Congestion adaptation=with_ML throughput_gbps=8.5011 latency_ms=65.9331
[2026-08-10T21:58:03] SAMPLE t=24s phase=Congestion adaptation=with_ML throughput_gbps=7.9531 latency_ms=67.8553
[2026-08-10T21:58:04] SAMPLE t=25s phase=Congestion adaptation=with_ML throughput_gbps=7.8475 latency_ms=67.8316
[2026-08-10T21:58:05] SAMPLE t=26s phase=Congestion adaptation=with_ML throughput_gbps=8.1083 latency_ms=67.244
[2026-08-10T21:58:06] SAMPLE t=27s phase=Congestion adaptation=with_ML throughput_gbps=8.1994 latency_ms=67.1362
[2026-08-10T21:58:07] SAMPLE t=28s phase=Congestion adaptation=with_ML throughput_gbps=8.2984 latency_ms=68.2926
[2026-08-10T21:58:08] SAMPLE t=29s phase=Congestion adaptation=with_ML throughput_gbps=8.0276 latency_ms=65.8834
[2026-08-10T21:58:09] SAMPLE t=30s phase=Congestion adaptation=with_ML throughput_gbps=8.1418 latency_ms=66.4647
[2026-08-10T21:58:10] SAMPLE t=31s phase=Congestion adaptation=with_ML throughput_gbps=7.991 latency_ms=67.1749
[2026-08-10T21:58:11] SAMPLE t=32s phase=Congestion adaptation=with_ML throughput_gbps=8.6247 latency_ms=66.9923
[2026-08-10T21:58:12] SAMPLE t=33s phase=Congestion adaptation=with_ML throughput_gbps=8.0348 latency_ms=68.0268
[2026-08-10T21:58:13] SAMPLE t=34s phase=Congestion adaptation=with_ML throughput_gbps=8.1204 latency_ms=67.1366
[2026-08-10T21:58:14] SAMPLE t=35s phase=Congestion adaptation=with_ML throughput_gbps=8.1301 latency_ms=65.9411
[2026-08-10T21:58:15] SAMPLE t=36s phase=Congestion adaptation=with_ML throughput_gbps=8.4837 latency_ms=64.5999
[2026-08-10T21:58:16] SAMPLE t=37s phase=Congestion adaptation=with_ML throughput_gbps=8.2193 latency_ms=65.5488
[2026-08-10T21:58:17] SAMPLE t=38s phase=Congestion adaptation=with_ML throughput_gbps=8.1879 latency_ms=66.5298
[2026-08-10T21:58:18] SAMPLE t=39s phase=Congestion adaptation=with_ML throughput_gbps=8.2608 latency_ms=66.1011
[2026-08-10T21:58:19] SAMPLE t=40s phase=Path_change adaptation=with_ML throughput_gbps=7.8105 latency_ms=66.9183
[2026-08-10T21:58:20] SAMPLE t=41s phase=Path_change adaptation=with_ML throughput_gbps=7.8588 latency_ms=65.8939
[2026-08-10T21:58:21] SAMPLE t=42s phase=Path_change adaptation=with_ML throughput_gbps=7.6887 latency_ms=66.8166
[2026-08-10T21:58:22] SAMPLE t=43s phase=Path_change adaptation=with_ML throughput_gbps=7.9563 latency_ms=66.6113
[2026-08-10T21:58:23] SAMPLE t=44s phase=Path_change adaptation=with_ML throughput_gbps=7.6646 latency_ms=69.6779
[2026-08-10T21:58:24] SAMPLE t=45s phase=Path_change adaptation=with_ML throughput_gbps=7.5596 latency_ms=67.3013
[2026-08-10T21:58:25] SAMPLE t=46s phase=Path_change adaptation=with_ML throughput_gbps=7.4913 latency_ms=68.2526
[2026-08-10T21:58:26] SAMPLE t=47s phase=Path_change adaptation=with_ML throughput_gbps=7.2302 latency_ms=67.876
[2026-08-10T21:58:27] SAMPLE t=48s phase=Path_change adaptation=with_ML throughput_gbps=7.0648 latency_ms=68.1667
[2026-08-10T21:58:28] SAMPLE t=49s phase=Path_change adaptation=with_ML throughput_gbps=6.8515 latency_ms=68.9651
[2026-08-10T21:58:29] SAMPLE t=50s phase=Path_change adaptation=with_ML throughput_gbps=7.1785 latency_ms=66.9271
[2026-08-10T21:58:30] SAMPLE t=51s phase=Path_change adaptation=with_ML throughput_gbps=7.6153 latency_ms=66.8093
[2026-08-10T21:58:31] SAMPLE t=52s phase=Path_change adaptation=with_ML throughput_gbps=7.4158 latency_ms=70.2484
[2026-08-10T21:58:32] SAMPLE t=53s phase=Path_change adaptation=with_ML throughput_gbps=7.2771 latency_ms=66.9484
[2026-08-10T21:58:33] SAMPLE t=54s phase=Path_change adaptation=with_ML throughput_gbps=7.366 latency_ms=67.6848
[2026-08-10T21:58:34] SAMPLE t=55s phase=Path_change adaptation=with_ML throughput_gbps=7.1775 latency_ms=66.0308
[2026-08-10T21:58:35] SAMPLE t=56s phase=Path_change adaptation=with_ML throughput_gbps=7.3929 latency_ms=69.5904
[2026-08-10T21:58:36] SAMPLE t=57s phase=Path_change adaptation=with_ML throughput_gbps=7.6055 latency_ms=67.104
[2026-08-10T21:58:37] SAMPLE t=58s phase=Path_change adaptation=with_ML throughput_gbps=7.8116 latency_ms=67.3859
[2026-08-10T21:58:38] SAMPLE t=59s phase=Path_change adaptation=with_ML throughput_gbps=8.253 latency_ms=66.5743
[2026-08-10T21:58:39] SAMPLE t=60s phase=Loss_spike adaptation=with_ML throughput_gbps=7.3112 latency_ms=67.8331
[2026-08-10T21:58:40] SAMPLE t=61s phase=Loss_spike adaptation=with_ML throughput_gbps=8.1675 latency_ms=68.9988
[2026-08-10T21:58:41] SAMPLE t=62s phase=Loss_spike adaptation=with_ML throughput_gbps=8.089 latency_ms=67.9058
[2026-08-10T21:58:42] SAMPLE t=63s phase=Loss_spike adaptation=with_ML throughput_gbps=6.7424 latency_ms=68.1241
[2026-08-10T21:58:43] SAMPLE t=64s phase=Loss_spike adaptation=with_ML throughput_gbps=6.2498 latency_ms=69.7547
[2026-08-10T21:58:44] SAMPLE t=65s phase=Loss_spike adaptation=with_ML throughput_gbps=7.6194 latency_ms=68.2253
[2026-08-10T21:58:45] SAMPLE t=66s phase=Loss_spike adaptation=with_ML throughput_gbps=8.1722 latency_ms=71.9205
[2026-08-10T21:58:46] SAMPLE t=67s phase=Loss_spike adaptation=with_ML throughput_gbps=8.0142 latency_ms=69.536
[2026-08-10T21:58:47] SAMPLE t=68s phase=Loss_spike adaptation=with_ML throughput_gbps=6.4754 latency_ms=67.6299
[2026-08-10T21:58:48] SAMPLE t=69s phase=Loss_spike adaptation=with_ML throughput_gbps=6.1626 latency_ms=71.9832
[2026-08-10T21:58:49] SAMPLE t=70s phase=Loss_spike adaptation=with_ML throughput_gbps=7.1519 latency_ms=67.4865
[2026-08-10T21:58:50] SAMPLE t=71s phase=Loss_spike adaptation=with_ML throughput_gbps=8.5461 latency_ms=71.2108
[2026-08-10T21:58:51] SAMPLE t=72s phase=Loss_spike adaptation=with_ML throughput_gbps=8.1202 latency_ms=70.1472
[2026-08-10T21:58:52] SAMPLE t=73s phase=Loss_spike adaptation=with_ML throughput_gbps=6.7338 latency_ms=70.3017
[2026-08-10T21:58:53] SAMPLE t=74s phase=Loss_spike adaptation=with_ML throughput_gbps=6.1497 latency_ms=72.7145
[2026-08-10T21:58:54] SAMPLE t=75s phase=Loss_spike adaptation=with_ML throughput_gbps=7.2701 latency_ms=67.9151
[2026-08-10T21:58:55] SAMPLE t=76s phase=Loss_spike adaptation=with_ML throughput_gbps=8.4246 latency_ms=71.9726
[2026-08-10T21:58:56] SAMPLE t=77s phase=Loss_spike adaptation=with_ML throughput_gbps=7.847 latency_ms=71.0577
[2026-08-10T21:58:57] SAMPLE t=78s phase=Loss_spike adaptation=with_ML throughput_gbps=6.6246 latency_ms=68.8719
[2026-08-10T21:58:58] SAMPLE t=79s phase=Loss_spike adaptation=with_ML throughput_gbps=6.3834 latency_ms=71.1089
[2026-08-10T21:58:59] SAMPLE t=80s phase=Recovery adaptation=with_ML throughput_gbps=8.1507 latency_ms=66.638
[2026-08-10T21:59:00] SAMPLE t=81s phase=Recovery adaptation=with_ML throughput_gbps=8.1935 latency_ms=64.8673
[2026-08-10T21:59:01] SAMPLE t=82s phase=Recovery adaptation=with_ML throughput_gbps=8.0434 latency_ms=64.3921
[2026-08-10T21:59:02] SAMPLE t=83s phase=Recovery adaptation=with_ML throughput_gbps=8.2866 latency_ms=64.8926
[2026-08-10T21:59:03] SAMPLE t=84s phase=Recovery adaptation=with_ML throughput_gbps=8.5287 latency_ms=65.7372
[2026-08-10T21:59:04] SAMPLE t=85s phase=Recovery adaptation=with_ML throughput_gbps=8.1016 latency_ms=67.4027
[2026-08-10T21:59:05] SAMPLE t=86s phase=Recovery adaptation=with_ML throughput_gbps=8.4484 latency_ms=65.0894
[2026-08-10T21:59:06] SAMPLE t=87s phase=Recovery adaptation=with_ML throughput_gbps=8.229 latency_ms=68.1176
[2026-08-10T21:59:07] SAMPLE t=88s phase=Recovery adaptation=with_ML throughput_gbps=8.306 latency_ms=64.209
[2026-08-10T21:59:08] SAMPLE t=89s phase=Recovery adaptation=with_ML throughput_gbps=8.3257 latency_ms=68.4943
[2026-08-10T21:59:09] SAMPLE t=90s phase=Recovery adaptation=with_ML throughput_gbps=8.3202 latency_ms=64.2526
[2026-08-10T21:59:10] SAMPLE t=91s phase=Recovery adaptation=with_ML throughput_gbps=8.2552 latency_ms=66.392
[2026-08-10T21:59:11] SAMPLE t=92s phase=Recovery adaptation=with_ML throughput_gbps=8.3438 latency_ms=65.2107
[2026-08-10T21:59:12] SAMPLE t=93s phase=Recovery adaptation=with_ML throughput_gbps=7.911 latency_ms=66.3225
[2026-08-10T21:59:13] SAMPLE t=94s phase=Recovery adaptation=with_ML throughput_gbps=8.255 latency_ms=66.6279
[2026-08-10T21:59:14] SAMPLE t=95s phase=Recovery adaptation=with_ML throughput_gbps=8.5519 latency_ms=64.4289
[2026-08-10T21:59:15] SAMPLE t=96s phase=Recovery adaptation=with_ML throughput_gbps=8.5982 latency_ms=63.7463
[2026-08-10T21:59:16] SAMPLE t=97s phase=Recovery adaptation=with_ML throughput_gbps=8.5366 latency_ms=64.9334
[2026-08-10T21:59:17] SAMPLE t=98s phase=Recovery adaptation=with_ML throughput_gbps=8.662 latency_ms=64.1501
[2026-08-10T21:59:18] SAMPLE t=99s phase=Recovery adaptation=with_ML throughput_gbps=8.1821 latency_ms=64.2521
[2026-08-10T21:57:39] SAMPLE t=0s phase=Stable adaptation=without_ML throughput_gbps=7.9734 latency_ms=65.6488
[2026-08-10T21:57:40] SAMPLE t=1s phase=Stable adaptation=without_ML throughput_gbps=8.011 latency_ms=67.8269
[2026-08-10T21:57:41] SAMPLE t=2s phase=Stable adaptation=without_ML throughput_gbps=7.5806 latency_ms=66.1707
[2026-08-10T21:57:42] SAMPLE t=3s phase=Stable adaptation=without_ML throughput_gbps=7.7757 latency_ms=63.5759
[2026-08-10T21:57:43] SAMPLE t=4s phase=Stable adaptation=without_ML throughput_gbps=7.8814 latency_ms=67.5745
[2026-08-10T21:57:44] SAMPLE t=5s phase=Stable adaptation=without_ML throughput_gbps=7.7677 latency_ms=66.0414
[2026-08-10T21:57:45] SAMPLE t=6s phase=Stable adaptation=without_ML throughput_gbps=7.8494 latency_ms=65.8593
[2026-08-10T21:57:46] SAMPLE t=7s phase=Stable adaptation=without_ML throughput_gbps=8.02 latency_ms=68.0822
[2026-08-10T21:57:47] SAMPLE t=8s phase=Stable adaptation=without_ML throughput_gbps=8.1496 latency_ms=66.1174
[2026-08-10T21:57:48] SAMPLE t=9s phase=Stable adaptation=without_ML throughput_gbps=8.1101 latency_ms=67.9009
[2026-08-10T21:57:49] SAMPLE t=10s phase=Stable adaptation=without_ML throughput_gbps=7.9722 latency_ms=65.4479
[2026-08-10T21:57:50] SAMPLE t=11s phase=Stable adaptation=without_ML throughput_gbps=7.9481 latency_ms=65.5785
[2026-08-10T21:57:51] SAMPLE t=12s phase=Stable adaptation=without_ML throughput_gbps=8.0746 latency_ms=66.1798
[2026-08-10T21:57:52] SAMPLE t=13s phase=Stable adaptation=without_ML throughput_gbps=8.175 latency_ms=65.1957
[2026-08-10T21:57:53] SAMPLE t=14s phase=Stable adaptation=without_ML throughput_gbps=8.1581 latency_ms=67.379
[2026-08-10T21:57:54] SAMPLE t=15s phase=Stable adaptation=without_ML throughput_gbps=8.3063 latency_ms=66.5134
[2026-08-10T21:57:55] SAMPLE t=16s phase=Stable adaptation=without_ML throughput_gbps=8.0221 latency_ms=66.2035
[2026-08-10T21:57:56] SAMPLE t=17s phase=Stable adaptation=without_ML throughput_gbps=7.9397 latency_ms=65.2478
[2026-08-10T21:57:57] SAMPLE t=18s phase=Stable adaptation=without_ML throughput_gbps=8.0538 latency_ms=65.588
[2026-08-10T21:57:58] SAMPLE t=19s phase=Stable adaptation=without_ML throughput_gbps=7.9051 latency_ms=68.3163
[2026-08-10T21:57:59] SAMPLE t=20s phase=Congestion adaptation=without_ML throughput_gbps=8.2936 latency_ms=67.4948
[2026-08-10T21:58:00] SAMPLE t=21s phase=Congestion adaptation=without_ML throughput_gbps=8.2304 latency_ms=66.261
[2026-08-10T21:58:01] SAMPLE t=22s phase=Congestion adaptation=without_ML throughput_gbps=8.4506 latency_ms=67.7094
[2026-08-10T21:58:02] SAMPLE t=23s phase=Congestion adaptation=without_ML throughput_gbps=7.572 latency_ms=65.6741
[2026-08-10T21:58:03] SAMPLE t=24s phase=Congestion adaptation=without_ML throughput_gbps=7.9361 latency_ms=66.2544
[2026-08-10T21:58:04] SAMPLE t=25s phase=Congestion adaptation=without_ML throughput_gbps=8.1361 latency_ms=64.8494
[2026-08-10T21:58:05] SAMPLE t=26s phase=Congestion adaptation=without_ML throughput_gbps=8.3154 latency_ms=65.2921
[2026-08-10T21:58:06] SAMPLE t=27s phase=Congestion adaptation=without_ML throughput_gbps=8.2843 latency_ms=66.0737
[2026-08-10T21:58:07] SAMPLE t=28s phase=Congestion adaptation=without_ML throughput_gbps=7.9942 latency_ms=64.8814
[2026-08-10T21:58:08] SAMPLE t=29s phase=Congestion adaptation=without_ML throughput_gbps=7.795 latency_ms=67.496
[2026-08-10T21:58:09] SAMPLE t=30s phase=Congestion adaptation=without_ML throughput_gbps=7.9308 latency_ms=64.0472
[2026-08-10T21:58:10] SAMPLE t=31s phase=Congestion adaptation=without_ML throughput_gbps=7.8875 latency_ms=66.8852
[2026-08-10T21:58:11] SAMPLE t=32s phase=Congestion adaptation=without_ML throughput_gbps=7.7562 latency_ms=66.6579
[2026-08-10T21:58:12] SAMPLE t=33s phase=Congestion adaptation=without_ML throughput_gbps=8.0225 latency_ms=66.2884
[2026-08-10T21:58:13] SAMPLE t=34s phase=Congestion adaptation=without_ML throughput_gbps=8.1331 latency_ms=63.8169
[2026-08-10T21:58:14] SAMPLE t=35s phase=Congestion adaptation=without_ML throughput_gbps=8.0446 latency_ms=64.2819
[2026-08-10T21:58:15] SAMPLE t=36s phase=Congestion adaptation=without_ML throughput_gbps=8.0473 latency_ms=64.479
[2026-08-10T21:58:16] SAMPLE t=37s phase=Congestion adaptation=without_ML throughput_gbps=7.7918 latency_ms=65.4286
[2026-08-10T21:58:17] SAMPLE t=38s phase=Congestion adaptation=without_ML throughput_gbps=7.9365 latency_ms=65.5189
[2026-08-10T21:58:18] SAMPLE t=39s phase=Congestion adaptation=without_ML throughput_gbps=8.1362 latency_ms=65.7919
[2026-08-10T21:58:19] SAMPLE t=40s phase=Path_change adaptation=without_ML throughput_gbps=8.2539 latency_ms=65.8277
[2026-08-10T21:58:20] SAMPLE t=41s phase=Path_change adaptation=without_ML throughput_gbps=7.7281 latency_ms=67.3884
[2026-08-10T21:58:21] SAMPLE t=42s phase=Path_change adaptation=without_ML throughput_gbps=7.0558 latency_ms=67.3823
[2026-08-10T21:58:22] SAMPLE t=43s phase=Path_change adaptation=without_ML throughput_gbps=6.5006 latency_ms=70.1356
[2026-08-10T21:58:23] SAMPLE t=44s phase=Path_change adaptation=without_ML throughput_gbps=6.5734 latency_ms=68.5537
[2026-08-10T21:58:24] SAMPLE t=45s phase=Path_change adaptation=without_ML throughput_gbps=6.6485 latency_ms=71.4589
[2026-08-10T21:58:25] SAMPLE t=46s phase=Path_change adaptation=without_ML throughput_gbps=5.9752 latency_ms=71.7246
[2026-08-10T21:58:26] SAMPLE t=47s phase=Path_change adaptation=without_ML throughput_gbps=6.2014 latency_ms=70.9259
[2026-08-10T21:58:27] SAMPLE t=48s phase=Path_change adaptation=without_ML throughput_gbps=5.868 latency_ms=73.0506
[2026-08-10T21:58:28] SAMPLE t=49s phase=Path_change adaptation=without_ML throughput_gbps=5.9675 latency_ms=71.0774
[2026-08-10T21:58:29] SAMPLE t=50s phase=Path_change adaptation=without_ML throughput_gbps=5.6633 latency_ms=74.9062
[2026-08-10T21:58:30] SAMPLE t=51s phase=Path_change adaptation=without_ML throughput_gbps=5.787 latency_ms=72.5512
[2026-08-10T21:58:31] SAMPLE t=52s phase=Path_change adaptation=without_ML throughput_gbps=5.6185 latency_ms=72.5161
[2026-08-10T21:58:32] SAMPLE t=53s phase=Path_change adaptation=without_ML throughput_gbps=6.0019 latency_ms=72.0655
[2026-08-10T21:58:33] SAMPLE t=54s phase=Path_change adaptation=without_ML throughput_gbps=5.9694 latency_ms=68.8667
[2026-08-10T21:58:34] SAMPLE t=55s phase=Path_change adaptation=without_ML throughput_gbps=6.1462 latency_ms=70.5731
[2026-08-10T21:58:35] SAMPLE t=56s phase=Path_change adaptation=without_ML throughput_gbps=6.7812 latency_ms=71.4981
[2026-08-10T21:58:36] SAMPLE t=57s phase=Path_change adaptation=without_ML throughput_gbps=7.0712 latency_ms=67.7993
[2026-08-10T21:58:37] SAMPLE t=58s phase=Path_change adaptation=without_ML throughput_gbps=7.1748 latency_ms=68.375
[2026-08-10T21:58:38] SAMPLE t=59s phase=Path_change adaptation=without_ML throughput_gbps=7.5243 latency_ms=67.3037
[2026-08-10T21:58:39] SAMPLE t=60s phase=Loss_spike adaptation=without_ML throughput_gbps=6.4769 latency_ms=66.385
[2026-08-10T21:58:40] SAMPLE t=61s phase=Loss_spike adaptation=without_ML throughput_gbps=8.5026 latency_ms=81.9938
[2026-08-10T21:58:41] SAMPLE t=62s phase=Loss_spike adaptation=without_ML throughput_gbps=7.5299 latency_ms=74.5188
[2026-08-10T21:58:42] SAMPLE t=63s phase=Loss_spike adaptation=without_ML throughput_gbps=4.6701 latency_ms=75.2963
[2026-08-10T21:58:43] SAMPLE t=64s phase=Loss_spike adaptation=without_ML throughput_gbps=3.8941 latency_ms=81.5025
[2026-08-10T21:58:44] SAMPLE t=65s phase=Loss_spike adaptation=without_ML throughput_gbps=6.236 latency_ms=71.1292
[2026-08-10T21:58:45] SAMPLE t=66s phase=Loss_spike adaptation=without_ML throughput_gbps=8.3043 latency_ms=81.4687
[2026-08-10T21:58:46] SAMPLE t=67s phase=Loss_spike adaptation=without_ML throughput_gbps=7.3002 latency_ms=75.4134
[2026-08-10T21:58:47] SAMPLE t=68s phase=Loss_spike adaptation=without_ML throughput_gbps=5.0015 latency_ms=76.6786
[2026-08-10T21:58:48] SAMPLE t=69s phase=Loss_spike adaptation=without_ML throughput_gbps=3.8985 latency_ms=77.9088
[2026-08-10T21:58:49] SAMPLE t=70s phase=Loss_spike adaptation=without_ML throughput_gbps=6.184 latency_ms=69.5968
[2026-08-10T21:58:50] SAMPLE t=71s phase=Loss_spike adaptation=without_ML throughput_gbps=8.1655 latency_ms=78.5561
[2026-08-10T21:58:51] SAMPLE t=72s phase=Loss_spike adaptation=without_ML throughput_gbps=7.2506 latency_ms=76.4917
[2026-08-10T21:58:52] SAMPLE t=73s phase=Loss_spike adaptation=without_ML throughput_gbps=4.5356 latency_ms=77.2194
[2026-08-10T21:58:53] SAMPLE t=74s phase=Loss_spike adaptation=without_ML throughput_gbps=3.9296 latency_ms=78.5727
[2026-08-10T21:58:54] SAMPLE t=75s phase=Loss_spike adaptation=without_ML throughput_gbps=6.2155 latency_ms=70.9785
[2026-08-10T21:58:55] SAMPLE t=76s phase=Loss_spike adaptation=without_ML throughput_gbps=8.2011 latency_ms=78.1769
[2026-08-10T21:58:56] SAMPLE t=77s phase=Loss_spike adaptation=without_ML throughput_gbps=7.4488 latency_ms=74.3604
[2026-08-10T21:58:57] SAMPLE t=78s phase=Loss_spike adaptation=without_ML throughput_gbps=5.0253 latency_ms=75.9126
[2026-08-10T21:58:58] SAMPLE t=79s phase=Loss_spike adaptation=without_ML throughput_gbps=4.2729 latency_ms=78.9743
[2026-08-10T21:58:59] SAMPLE t=80s phase=Recovery adaptation=without_ML throughput_gbps=7.9188 latency_ms=66.325
[2026-08-10T21:59:00] SAMPLE t=81s phase=Recovery adaptation=without_ML throughput_gbps=8.3224 latency_ms=68.2578
[2026-08-10T21:59:01] SAMPLE t=82s phase=Recovery adaptation=without_ML throughput_gbps=8.3469 latency_ms=66.7648
[2026-08-10T21:59:02] SAMPLE t=83s phase=Recovery adaptation=without_ML throughput_gbps=8.1199 latency_ms=66.5069
[2026-08-10T21:59:03] SAMPLE t=84s phase=Recovery adaptation=without_ML throughput_gbps=8.0961 latency_ms=69.7358
[2026-08-10T21:59:04] SAMPLE t=85s phase=Recovery adaptation=without_ML throughput_gbps=7.7071 latency_ms=65.5313
[2026-08-10T21:59:05] SAMPLE t=86s phase=Recovery adaptation=without_ML throughput_gbps=7.8733 latency_ms=64.9694
[2026-08-10T21:59:06] SAMPLE t=87s phase=Recovery adaptation=without_ML throughput_gbps=8.1913 latency_ms=64.4269
[2026-08-10T21:59:07] SAMPLE t=88s phase=Recovery adaptation=without_ML throughput_gbps=7.8595 latency_ms=66.3989
[2026-08-10T21:59:08] SAMPLE t=89s phase=Recovery adaptation=without_ML throughput_gbps=8.3433 latency_ms=66.3678
[2026-08-10T21:59:09] SAMPLE t=90s phase=Recovery adaptation=without_ML throughput_gbps=8.2252 latency_ms=66.195
[2026-08-10T21:59:10] SAMPLE t=91s phase=Recovery adaptation=without_ML throughput_gbps=8.46 latency_ms=65.8839
[2026-08-10T21:59:11] SAMPLE t=92s phase=Recovery adaptation=without_ML throughput_gbps=8.0026 latency_ms=66.2527
[2026-08-10T21:59:12] SAMPLE t=93s phase=Recovery adaptation=without_ML throughput_gbps=7.8884 latency_ms=66.0444
[2026-08-10T21:59:13] SAMPLE t=94s phase=Recovery adaptation=without_ML throughput_gbps=8.2254 latency_ms=67.006
[2026-08-10T21:59:14] SAMPLE t=95s phase=Recovery adaptation=without_ML throughput_gbps=8.4065 latency_ms=69.9257
[2026-08-10T21:59:15] SAMPLE t=96s phase=Recovery adaptation=without_ML throughput_gbps=7.5258 latency_ms=66.8703
[2026-08-10T21:59:16] SAMPLE t=97s phase=Recovery adaptation=without_ML throughput_gbps=7.7289 latency_ms=65.1533
[2026-08-10T21:59:17] SAMPLE t=98s phase=Recovery adaptation=without_ML throughput_gbps=7.8645 latency_ms=66.1217
[2026-08-10T21:59:18] SAMPLE t=99s phase=Recovery adaptation=without_ML throughput_gbps=8.3148 latency_ms=66.6919
[2026-08-10T21:57:39] TRACE_END run_id=63 status=OK
[2026-08-10T22:09:07] TRACE_START run_id=64
[2026-08-10T22:09:07] SAMPLE t=0s phase=Stable adaptation=with_ML throughput_gbps=8.2023 latency_ms=65.3425
[2026-08-10T22:09:08] SAMPLE t=1s phase=Stable adaptation=with_ML throughput_gbps=8.1972 latency_ms=66.7599
[2026-08-10T22:09:09] SAMPLE t=2s phase=Stable adaptation=with_ML throughput_gbps=8.09 latency_ms=64.6098
[2026-08-10T22:09:10] SAMPLE t=3s phase=Stable adaptation=with_ML throughput_gbps=8.1874 latency_ms=64.7808
[2026-08-10T22:09:11] SAMPLE t=4s phase=Stable adaptation=with_ML throughput_gbps=8.0474 latency_ms=68.2452
[2026-08-10T22:09:12] SAMPLE t=5s phase=Stable adaptation=with_ML throughput_gbps=8.1932 latency_ms=68.1914
[2026-08-10T22:09:13] SAMPLE t=6s phase=Stable adaptation=with_ML throughput_gbps=8.2051 latency_ms=66.9659
[2026-08-10T22:09:14] SAMPLE t=7s phase=Stable adaptation=with_ML throughput_gbps=8.2146 latency_ms=65.3559
[2026-08-10T22:09:15] SAMPLE t=8s phase=Stable adaptation=with_ML throughput_gbps=7.9467 latency_ms=66.9661
[2026-08-10T22:09:16] SAMPLE t=9s phase=Stable adaptation=with_ML throughput_gbps=7.9109 latency_ms=66.5883
[2026-08-10T22:09:17] SAMPLE t=10s phase=Stable adaptation=with_ML throughput_gbps=8.1364 latency_ms=66.7629
[2026-08-10T22:09:18] SAMPLE t=11s phase=Stable adaptation=with_ML throughput_gbps=8.0715 latency_ms=64.6801
[2026-08-10T22:09:19] SAMPLE t=12s phase=Stable adaptation=with_ML throughput_gbps=8.2117 latency_ms=65.6372
[2026-08-10T22:09:20] SAMPLE t=13s phase=Stable adaptation=with_ML throughput_gbps=8.2942 latency_ms=67.3166
[2026-08-10T22:09:21] SAMPLE t=14s phase=Stable adaptation=with_ML throughput_gbps=8.2587 latency_ms=67.0103
[2026-08-10T22:09:22] SAMPLE t=15s phase=Stable adaptation=with_ML throughput_gbps=8.0408 latency_ms=67.4187
[2026-08-10T22:09:23] SAMPLE t=16s phase=Stable adaptation=with_ML throughput_gbps=8.0927 latency_ms=65.5535
[2026-08-10T22:09:24] SAMPLE t=17s phase=Stable adaptation=with_ML throughput_gbps=8.1348 latency_ms=66.8087
[2026-08-10T22:09:25] SAMPLE t=18s phase=Stable adaptation=with_ML throughput_gbps=8.1116 latency_ms=67.6164
[2026-08-10T22:09:26] SAMPLE t=19s phase=Stable adaptation=with_ML throughput_gbps=8.189 latency_ms=65.6482
[2026-08-10T22:09:27] SAMPLE t=20s phase=Congestion adaptation=with_ML throughput_gbps=7.7388 latency_ms=64.612
[2026-08-10T22:09:28] SAMPLE t=21s phase=Congestion adaptation=with_ML throughput_gbps=7.7229 latency_ms=66.2105
[2026-08-10T22:09:29] SAMPLE t=22s phase=Congestion adaptation=with_ML throughput_gbps=7.8192 latency_ms=66.5007
[2026-08-10T22:09:30] SAMPLE t=23s phase=Congestion adaptation=with_ML throughput_gbps=8.1148 latency_ms=66.0521
[2026-08-10T22:09:31] SAMPLE t=24s phase=Congestion adaptation=with_ML throughput_gbps=7.9096 latency_ms=67.5914
[2026-08-10T22:09:32] SAMPLE t=25s phase=Congestion adaptation=with_ML throughput_gbps=8.2626 latency_ms=67.3586
[2026-08-10T22:09:33] SAMPLE t=26s phase=Congestion adaptation=with_ML throughput_gbps=8.1444 latency_ms=64.8335
[2026-08-10T22:09:34] SAMPLE t=27s phase=Congestion adaptation=with_ML throughput_gbps=8.2528 latency_ms=66.8509
[2026-08-10T22:09:35] SAMPLE t=28s phase=Congestion adaptation=with_ML throughput_gbps=7.9646 latency_ms=67.8396
[2026-08-10T22:09:36] SAMPLE t=29s phase=Congestion adaptation=with_ML throughput_gbps=8.3296 latency_ms=68.4333
[2026-08-10T22:09:37] SAMPLE t=30s phase=Congestion adaptation=with_ML throughput_gbps=7.9554 latency_ms=68.3825
[2026-08-10T22:09:38] SAMPLE t=31s phase=Congestion adaptation=with_ML throughput_gbps=7.7817 latency_ms=68.0229
[2026-08-10T22:09:39] SAMPLE t=32s phase=Congestion adaptation=with_ML throughput_gbps=8.0463 latency_ms=65.6654
[2026-08-10T22:09:40] SAMPLE t=33s phase=Congestion adaptation=with_ML throughput_gbps=7.8221 latency_ms=65.9145
[2026-08-10T22:09:41] SAMPLE t=34s phase=Congestion adaptation=with_ML throughput_gbps=7.8737 latency_ms=66.9919
[2026-08-10T22:09:42] SAMPLE t=35s phase=Congestion adaptation=with_ML throughput_gbps=8.416 latency_ms=67.4219
[2026-08-10T22:09:43] SAMPLE t=36s phase=Congestion adaptation=with_ML throughput_gbps=8.1975 latency_ms=64.4492
[2026-08-10T22:09:44] SAMPLE t=37s phase=Congestion adaptation=with_ML throughput_gbps=8.0267 latency_ms=66.4887
[2026-08-10T22:09:45] SAMPLE t=38s phase=Congestion adaptation=with_ML throughput_gbps=7.9467 latency_ms=67.4364
[2026-08-10T22:09:46] SAMPLE t=39s phase=Congestion adaptation=with_ML throughput_gbps=8.1018 latency_ms=66.677
[2026-08-10T22:09:47] SAMPLE t=40s phase=Path_change adaptation=with_ML throughput_gbps=8.3581 latency_ms=64.8543
[2026-08-10T22:09:48] SAMPLE t=41s phase=Path_change adaptation=with_ML throughput_gbps=7.8806 latency_ms=66.2569
[2026-08-10T22:09:49] SAMPLE t=42s phase=Path_change adaptation=with_ML throughput_gbps=7.6941 latency_ms=65.2473
[2026-08-10T22:09:50] SAMPLE t=43s phase=Path_change adaptation=with_ML throughput_gbps=7.6962 latency_ms=67.1906
[2026-08-10T22:09:51] SAMPLE t=44s phase=Path_change adaptation=with_ML throughput_gbps=7.4505 latency_ms=66.6638
[2026-08-10T22:09:52] SAMPLE t=45s phase=Path_change adaptation=with_ML throughput_gbps=7.453 latency_ms=68.3448
[2026-08-10T22:09:53] SAMPLE t=46s phase=Path_change adaptation=with_ML throughput_gbps=7.4093 latency_ms=67.9109
[2026-08-10T22:09:54] SAMPLE t=47s phase=Path_change adaptation=with_ML throughput_gbps=7.5756 latency_ms=69.7535
[2026-08-10T22:09:55] SAMPLE t=48s phase=Path_change adaptation=with_ML throughput_gbps=7.2743 latency_ms=68.0111
[2026-08-10T22:09:56] SAMPLE t=49s phase=Path_change adaptation=with_ML throughput_gbps=6.9424 latency_ms=67.7749
[2026-08-10T22:09:57] SAMPLE t=50s phase=Path_change adaptation=with_ML throughput_gbps=7.1541 latency_ms=67.5439
[2026-08-10T22:09:58] SAMPLE t=51s phase=Path_change adaptation=with_ML throughput_gbps=6.9085 latency_ms=67.5421
[2026-08-10T22:09:59] SAMPLE t=52s phase=Path_change adaptation=with_ML throughput_gbps=7.1567 latency_ms=67.1563
[2026-08-10T22:10:00] SAMPLE t=53s phase=Path_change adaptation=with_ML throughput_gbps=7.4656 latency_ms=69.277
[2026-08-10T22:10:01] SAMPLE t=54s phase=Path_change adaptation=with_ML throughput_gbps=7.7226 latency_ms=69.4339
[2026-08-10T22:10:02] SAMPLE t=55s phase=Path_change adaptation=with_ML throughput_gbps=7.4235 latency_ms=68.1395
[2026-08-10T22:10:03] SAMPLE t=56s phase=Path_change adaptation=with_ML throughput_gbps=7.3581 latency_ms=70.0498
[2026-08-10T22:10:04] SAMPLE t=57s phase=Path_change adaptation=with_ML throughput_gbps=7.6233 latency_ms=65.6332
[2026-08-10T22:10:05] SAMPLE t=58s phase=Path_change adaptation=with_ML throughput_gbps=7.7857 latency_ms=68.8161
[2026-08-10T22:10:06] SAMPLE t=59s phase=Path_change adaptation=with_ML throughput_gbps=7.9221 latency_ms=66.5305
[2026-08-10T22:10:07] SAMPLE t=60s phase=Loss_spike adaptation=with_ML throughput_gbps=7.247 latency_ms=68.0573
[2026-08-10T22:10:08] SAMPLE t=61s phase=Loss_spike adaptation=with_ML throughput_gbps=8.1654 latency_ms=71.1888
[2026-08-10T22:10:09] SAMPLE t=62s phase=Loss_spike adaptation=with_ML throughput_gbps=7.6542 latency_ms=67.5755
[2026-08-10T22:10:10] SAMPLE t=63s phase=Loss_spike adaptation=with_ML throughput_gbps=6.5161 latency_ms=70.3779
[2026-08-10T22:10:11] SAMPLE t=64s phase=Loss_spike adaptation=with_ML throughput_gbps=6.0931 latency_ms=72.9598
[2026-08-10T22:10:12] SAMPLE t=65s phase=Loss_spike adaptation=with_ML throughput_gbps=7.1814 latency_ms=67.6077
[2026-08-10T22:10:13] SAMPLE t=66s phase=Loss_spike adaptation=with_ML throughput_gbps=8.3988 latency_ms=73.5002
[2026-08-10T22:10:14] SAMPLE t=67s phase=Loss_spike adaptation=with_ML throughput_gbps=7.7416 latency_ms=66.2648
[2026-08-10T22:10:15] SAMPLE t=68s phase=Loss_spike adaptation=with_ML throughput_gbps=6.9901 latency_ms=70.8938
[2026-08-10T22:10:16] SAMPLE t=69s phase=Loss_spike adaptation=with_ML throughput_gbps=6.206 latency_ms=70.7683
[2026-08-10T22:10:17] SAMPLE t=70s phase=Loss_spike adaptation=with_ML throughput_gbps=7.0597 latency_ms=67.8777
[2026-08-10T22:10:18] SAMPLE t=71s phase=Loss_spike adaptation=with_ML throughput_gbps=8.4051 latency_ms=71.8717
[2026-08-10T22:10:19] SAMPLE t=72s phase=Loss_spike adaptation=with_ML throughput_gbps=7.7734 latency_ms=70.1612
[2026-08-10T22:10:20] SAMPLE t=73s phase=Loss_spike adaptation=with_ML throughput_gbps=6.8683 latency_ms=71.2378
[2026-08-10T22:10:21] SAMPLE t=74s phase=Loss_spike adaptation=with_ML throughput_gbps=6.3979 latency_ms=70.3843
[2026-08-10T22:10:22] SAMPLE t=75s phase=Loss_spike adaptation=with_ML throughput_gbps=7.4334 latency_ms=70.0759
[2026-08-10T22:10:23] SAMPLE t=76s phase=Loss_spike adaptation=with_ML throughput_gbps=8.4567 latency_ms=71.3256
[2026-08-10T22:10:24] SAMPLE t=77s phase=Loss_spike adaptation=with_ML throughput_gbps=8.0869 latency_ms=69.0975
[2026-08-10T22:10:25] SAMPLE t=78s phase=Loss_spike adaptation=with_ML throughput_gbps=6.8746 latency_ms=69.1914
[2026-08-10T22:10:26] SAMPLE t=79s phase=Loss_spike adaptation=with_ML throughput_gbps=6.438 latency_ms=70.3282
[2026-08-10T22:10:27] SAMPLE t=80s phase=Recovery adaptation=with_ML throughput_gbps=7.7877 latency_ms=65.9181
[2026-08-10T22:10:28] SAMPLE t=81s phase=Recovery adaptation=with_ML throughput_gbps=7.7737 latency_ms=67.6207
[2026-08-10T22:10:29] SAMPLE t=82s phase=Recovery adaptation=with_ML throughput_gbps=7.901 latency_ms=64.8882
[2026-08-10T22:10:30] SAMPLE t=83s phase=Recovery adaptation=with_ML throughput_gbps=8.5753 latency_ms=64.7646
[2026-08-10T22:10:31] SAMPLE t=84s phase=Recovery adaptation=with_ML throughput_gbps=8.1379 latency_ms=66.398
[2026-08-10T22:10:32] SAMPLE t=85s phase=Recovery adaptation=with_ML throughput_gbps=8.1063 latency_ms=66.0042
[2026-08-10T22:10:33] SAMPLE t=86s phase=Recovery adaptation=with_ML throughput_gbps=8.3673 latency_ms=65.4635
[2026-08-10T22:10:34] SAMPLE t=87s phase=Recovery adaptation=with_ML throughput_gbps=7.6613 latency_ms=67.027
[2026-08-10T22:10:35] SAMPLE t=88s phase=Recovery adaptation=with_ML throughput_gbps=7.8325 latency_ms=65.7468
[2026-08-10T22:10:36] SAMPLE t=89s phase=Recovery adaptation=with_ML throughput_gbps=8.1685 latency_ms=67.0213
[2026-08-10T22:10:37] SAMPLE t=90s phase=Recovery adaptation=with_ML throughput_gbps=8.3868 latency_ms=66.1956
[2026-08-10T22:10:38] SAMPLE t=91s phase=Recovery adaptation=with_ML throughput_gbps=8.1322 latency_ms=66.2215
[2026-08-10T22:10:39] SAMPLE t=92s phase=Recovery adaptation=with_ML throughput_gbps=8.1087 latency_ms=65.7461
[2026-08-10T22:10:40] SAMPLE t=93s phase=Recovery adaptation=with_ML throughput_gbps=8.5021 latency_ms=67.3894
[2026-08-10T22:10:41] SAMPLE t=94s phase=Recovery adaptation=with_ML throughput_gbps=8.4218 latency_ms=63.8119
[2026-08-10T22:10:42] SAMPLE t=95s phase=Recovery adaptation=with_ML throughput_gbps=8.3442 latency_ms=63.9745
[2026-08-10T22:10:43] SAMPLE t=96s phase=Recovery adaptation=with_ML throughput_gbps=8.4089 latency_ms=65.0217
[2026-08-10T22:10:44] SAMPLE t=97s phase=Recovery adaptation=with_ML throughput_gbps=8.8463 latency_ms=63.916
[2026-08-10T22:10:45] SAMPLE t=98s phase=Recovery adaptation=with_ML throughput_gbps=8.1544 latency_ms=64.1485
[2026-08-10T22:10:46] SAMPLE t=99s phase=Recovery adaptation=with_ML throughput_gbps=8.2852 latency_ms=65.8633
[2026-08-10T22:09:07] SAMPLE t=0s phase=Stable adaptation=without_ML throughput_gbps=8.3143 latency_ms=63.6906
[2026-08-10T22:09:08] SAMPLE t=1s phase=Stable adaptation=without_ML throughput_gbps=7.6592 latency_ms=65.8334
[2026-08-10T22:09:09] SAMPLE t=2s phase=Stable adaptation=without_ML throughput_gbps=8.1932 latency_ms=66.4682
[2026-08-10T22:09:10] SAMPLE t=3s phase=Stable adaptation=without_ML throughput_gbps=7.7862 latency_ms=66.101
[2026-08-10T22:09:11] SAMPLE t=4s phase=Stable adaptation=without_ML throughput_gbps=8.1545 latency_ms=67.4425
[2026-08-10T22:09:12] SAMPLE t=5s phase=Stable adaptation=without_ML throughput_gbps=8.0461 latency_ms=65.987
[2026-08-10T22:09:13] SAMPLE t=6s phase=Stable adaptation=without_ML throughput_gbps=8.0481 latency_ms=65.542
[2026-08-10T22:09:14] SAMPLE t=7s phase=Stable adaptation=without_ML throughput_gbps=8.0987 latency_ms=67.0325
[2026-08-10T22:09:15] SAMPLE t=8s phase=Stable adaptation=without_ML throughput_gbps=8.0578 latency_ms=65.2521
[2026-08-10T22:09:16] SAMPLE t=9s phase=Stable adaptation=without_ML throughput_gbps=7.4919 latency_ms=68.595
[2026-08-10T22:09:17] SAMPLE t=10s phase=Stable adaptation=without_ML throughput_gbps=7.808 latency_ms=65.265
[2026-08-10T22:09:18] SAMPLE t=11s phase=Stable adaptation=without_ML throughput_gbps=7.6776 latency_ms=67.1811
[2026-08-10T22:09:19] SAMPLE t=12s phase=Stable adaptation=without_ML throughput_gbps=8.0617 latency_ms=65.2919
[2026-08-10T22:09:20] SAMPLE t=13s phase=Stable adaptation=without_ML throughput_gbps=7.8242 latency_ms=66.0617
[2026-08-10T22:09:21] SAMPLE t=14s phase=Stable adaptation=without_ML throughput_gbps=7.8019 latency_ms=65.2388
[2026-08-10T22:09:22] SAMPLE t=15s phase=Stable adaptation=without_ML throughput_gbps=8.2092 latency_ms=63.4178
[2026-08-10T22:09:23] SAMPLE t=16s phase=Stable adaptation=without_ML throughput_gbps=7.6856 latency_ms=63.5779
[2026-08-10T22:09:24] SAMPLE t=17s phase=Stable adaptation=without_ML throughput_gbps=8.119 latency_ms=67.2708
[2026-08-10T22:09:25] SAMPLE t=18s phase=Stable adaptation=without_ML throughput_gbps=7.8594 latency_ms=66.7067
[2026-08-10T22:09:26] SAMPLE t=19s phase=Stable adaptation=without_ML throughput_gbps=7.7232 latency_ms=66.8104
[2026-08-10T22:09:27] SAMPLE t=20s phase=Congestion adaptation=without_ML throughput_gbps=7.7337 latency_ms=66.5526
[2026-08-10T22:09:28] SAMPLE t=21s phase=Congestion adaptation=without_ML throughput_gbps=7.848 latency_ms=65.714
[2026-08-10T22:09:29] SAMPLE t=22s phase=Congestion adaptation=without_ML throughput_gbps=8.201 latency_ms=65.4636
[2026-08-10T22:09:30] SAMPLE t=23s phase=Congestion adaptation=without_ML throughput_gbps=7.6352 latency_ms=68.6034
[2026-08-10T22:09:31] SAMPLE t=24s phase=Congestion adaptation=without_ML throughput_gbps=7.8084 latency_ms=64.9164
[2026-08-10T22:09:32] SAMPLE t=25s phase=Congestion adaptation=without_ML throughput_gbps=8.203 latency_ms=66.7581
[2026-08-10T22:09:33] SAMPLE t=26s phase=Congestion adaptation=without_ML throughput_gbps=8.0594 latency_ms=66.0975
[2026-08-10T22:09:34] SAMPLE t=27s phase=Congestion adaptation=without_ML throughput_gbps=8.231 latency_ms=63.6117
[2026-08-10T22:09:35] SAMPLE t=28s phase=Congestion adaptation=without_ML throughput_gbps=7.5597 latency_ms=64.1744
[2026-08-10T22:09:36] SAMPLE t=29s phase=Congestion adaptation=without_ML throughput_gbps=7.6958 latency_ms=67.7482
[2026-08-10T22:09:37] SAMPLE t=30s phase=Congestion adaptation=without_ML throughput_gbps=8.0068 latency_ms=66.7123
[2026-08-10T22:09:38] SAMPLE t=31s phase=Congestion adaptation=without_ML throughput_gbps=7.7538 latency_ms=68.7514
[2026-08-10T22:09:39] SAMPLE t=32s phase=Congestion adaptation=without_ML throughput_gbps=8.1074 latency_ms=68.1147
[2026-08-10T22:09:40] SAMPLE t=33s phase=Congestion adaptation=without_ML throughput_gbps=8.024 latency_ms=67.0087
[2026-08-10T22:09:41] SAMPLE t=34s phase=Congestion adaptation=without_ML throughput_gbps=8.0828 latency_ms=66.158
[2026-08-10T22:09:42] SAMPLE t=35s phase=Congestion adaptation=without_ML throughput_gbps=8.1272 latency_ms=66.0227
[2026-08-10T22:09:43] SAMPLE t=36s phase=Congestion adaptation=without_ML throughput_gbps=7.9812 latency_ms=64.0303
[2026-08-10T22:09:44] SAMPLE t=37s phase=Congestion adaptation=without_ML throughput_gbps=8.0433 latency_ms=65.8353
[2026-08-10T22:09:45] SAMPLE t=38s phase=Congestion adaptation=without_ML throughput_gbps=8.0351 latency_ms=65.1567
[2026-08-10T22:09:46] SAMPLE t=39s phase=Congestion adaptation=without_ML throughput_gbps=7.6887 latency_ms=62.6795
[2026-08-10T22:09:47] SAMPLE t=40s phase=Path_change adaptation=without_ML throughput_gbps=7.7236 latency_ms=66.3543
[2026-08-10T22:09:48] SAMPLE t=41s phase=Path_change adaptation=without_ML throughput_gbps=7.7603 latency_ms=66.7852
[2026-08-10T22:09:49] SAMPLE t=42s phase=Path_change adaptation=without_ML throughput_gbps=7.0335 latency_ms=68.2667
[2026-08-10T22:09:50] SAMPLE t=43s phase=Path_change adaptation=without_ML throughput_gbps=7.0337 latency_ms=68.4311
[2026-08-10T22:09:51] SAMPLE t=44s phase=Path_change adaptation=without_ML throughput_gbps=6.7839 latency_ms=66.2319
[2026-08-10T22:09:52] SAMPLE t=45s phase=Path_change adaptation=without_ML throughput_gbps=6.4605 latency_ms=70.6098
[2026-08-10T22:09:53] SAMPLE t=46s phase=Path_change adaptation=without_ML throughput_gbps=6.1914 latency_ms=74.5586
[2026-08-10T22:09:54] SAMPLE t=47s phase=Path_change adaptation=without_ML throughput_gbps=6.2238 latency_ms=73.1714
[2026-08-10T22:09:55] SAMPLE t=48s phase=Path_change adaptation=without_ML throughput_gbps=5.95 latency_ms=74.258
[2026-08-10T22:09:56] SAMPLE t=49s phase=Path_change adaptation=without_ML throughput_gbps=6.0571 latency_ms=71.7041
[2026-08-10T22:09:57] SAMPLE t=50s phase=Path_change adaptation=without_ML throughput_gbps=5.6376 latency_ms=70.8796
[2026-08-10T22:09:58] SAMPLE t=51s phase=Path_change adaptation=without_ML throughput_gbps=5.6433 latency_ms=73.8827
[2026-08-10T22:09:59] SAMPLE t=52s phase=Path_change adaptation=without_ML throughput_gbps=5.8133 latency_ms=71.3777
[2026-08-10T22:10:00] SAMPLE t=53s phase=Path_change adaptation=without_ML throughput_gbps=5.9267 latency_ms=73.6884
[2026-08-10T22:10:01] SAMPLE t=54s phase=Path_change adaptation=without_ML throughput_gbps=6.3087 latency_ms=70.7614
[2026-08-10T22:10:02] SAMPLE t=55s phase=Path_change adaptation=without_ML throughput_gbps=6.3531 latency_ms=71.798
[2026-08-10T22:10:03] SAMPLE t=56s phase=Path_change adaptation=without_ML throughput_gbps=6.9067 latency_ms=70.4438
[2026-08-10T22:10:04] SAMPLE t=57s phase=Path_change adaptation=without_ML throughput_gbps=7.2171 latency_ms=68.8006
[2026-08-10T22:10:05] SAMPLE t=58s phase=Path_change adaptation=without_ML throughput_gbps=7.1516 latency_ms=68.06
[2026-08-10T22:10:06] SAMPLE t=59s phase=Path_change adaptation=without_ML throughput_gbps=7.6136 latency_ms=65.2015
[2026-08-10T22:10:07] SAMPLE t=60s phase=Loss_spike adaptation=without_ML throughput_gbps=6.4576 latency_ms=70.6763
[2026-08-10T22:10:08] SAMPLE t=61s phase=Loss_spike adaptation=without_ML throughput_gbps=8.4682 latency_ms=80.1124
[2026-08-10T22:10:09] SAMPLE t=62s phase=Loss_spike adaptation=without_ML throughput_gbps=7.9645 latency_ms=75.312
[2026-08-10T22:10:10] SAMPLE t=63s phase=Loss_spike adaptation=without_ML throughput_gbps=5.071 latency_ms=74.6176
[2026-08-10T22:10:11] SAMPLE t=64s phase=Loss_spike adaptation=without_ML throughput_gbps=3.9448 latency_ms=79.8373
[2026-08-10T22:10:12] SAMPLE t=65s phase=Loss_spike adaptation=without_ML throughput_gbps=6.3698 latency_ms=68.6222
[2026-08-10T22:10:13] SAMPLE t=66s phase=Loss_spike adaptation=without_ML throughput_gbps=8.3036 latency_ms=81.2226
[2026-08-10T22:10:14] SAMPLE t=67s phase=Loss_spike adaptation=without_ML throughput_gbps=7.2839 latency_ms=76.3192
[2026-08-10T22:10:15] SAMPLE t=68s phase=Loss_spike adaptation=without_ML throughput_gbps=4.8489 latency_ms=74.9022
[2026-08-10T22:10:16] SAMPLE t=69s phase=Loss_spike adaptation=without_ML throughput_gbps=3.9443 latency_ms=83.7726
[2026-08-10T22:10:17] SAMPLE t=70s phase=Loss_spike adaptation=without_ML throughput_gbps=5.9223 latency_ms=70.2072
[2026-08-10T22:10:18] SAMPLE t=71s phase=Loss_spike adaptation=without_ML throughput_gbps=8.2762 latency_ms=80.0162
[2026-08-10T22:10:19] SAMPLE t=72s phase=Loss_spike adaptation=without_ML throughput_gbps=7.7043 latency_ms=75.7165
[2026-08-10T22:10:20] SAMPLE t=73s phase=Loss_spike adaptation=without_ML throughput_gbps=4.7622 latency_ms=75.9827
[2026-08-10T22:10:21] SAMPLE t=74s phase=Loss_spike adaptation=without_ML throughput_gbps=4.0603 latency_ms=80.3469
[2026-08-10T22:10:22] SAMPLE t=75s phase=Loss_spike adaptation=without_ML throughput_gbps=6.0905 latency_ms=68.8027
[2026-08-10T22:10:23] SAMPLE t=76s phase=Loss_spike adaptation=without_ML throughput_gbps=8.5691 latency_ms=78.8037
[2026-08-10T22:10:24] SAMPLE t=77s phase=Loss_spike adaptation=without_ML throughput_gbps=7.5371 latency_ms=78.9425
[2026-08-10T22:10:25] SAMPLE t=78s phase=Loss_spike adaptation=without_ML throughput_gbps=4.6473 latency_ms=75.5474
[2026-08-10T22:10:26] SAMPLE t=79s phase=Loss_spike adaptation=without_ML throughput_gbps=3.8548 latency_ms=78.2918
[2026-08-10T22:10:27] SAMPLE t=80s phase=Recovery adaptation=without_ML throughput_gbps=7.6149 latency_ms=63.9576
[2026-08-10T22:10:28] SAMPLE t=81s phase=Recovery adaptation=without_ML throughput_gbps=7.968 latency_ms=68.0776
[2026-08-10T22:10:29] SAMPLE t=82s phase=Recovery adaptation=without_ML throughput_gbps=7.5842 latency_ms=65.8131
[2026-08-10T22:10:30] SAMPLE t=83s phase=Recovery adaptation=without_ML throughput_gbps=8.6071 latency_ms=65.2472
[2026-08-10T22:10:31] SAMPLE t=84s phase=Recovery adaptation=without_ML throughput_gbps=7.7921 latency_ms=67.7827
[2026-08-10T22:10:32] SAMPLE t=85s phase=Recovery adaptation=without_ML throughput_gbps=8.0107 latency_ms=68.1126
[2026-08-10T22:10:33] SAMPLE t=86s phase=Recovery adaptation=without_ML throughput_gbps=8.0286 latency_ms=65.1021
[2026-08-10T22:10:34] SAMPLE t=87s phase=Recovery adaptation=without_ML throughput_gbps=7.8856 latency_ms=65.2348
[2026-08-10T22:10:35] SAMPLE t=88s phase=Recovery adaptation=without_ML throughput_gbps=8.4125 latency_ms=65.3944
[2026-08-10T22:10:36] SAMPLE t=89s phase=Recovery adaptation=without_ML throughput_gbps=8.6961 latency_ms=66.0188
[2026-08-10T22:10:37] SAMPLE t=90s phase=Recovery adaptation=without_ML throughput_gbps=7.7578 latency_ms=66.7058
[2026-08-10T22:10:38] SAMPLE t=91s phase=Recovery adaptation=without_ML throughput_gbps=7.906 latency_ms=64.7605
[2026-08-10T22:10:39] SAMPLE t=92s phase=Recovery adaptation=without_ML throughput_gbps=8.0678 latency_ms=66.514
[2026-08-10T22:10:40] SAMPLE t=93s phase=Recovery adaptation=without_ML throughput_gbps=8.4019 latency_ms=65.1538
[2026-08-10T22:10:41] SAMPLE t=94s phase=Recovery adaptation=without_ML throughput_gbps=7.7982 latency_ms=66.3672
[2026-08-10T22:10:42] SAMPLE t=95s phase=Recovery adaptation=without_ML throughput_gbps=8.024 latency_ms=65.0358
[2026-08-10T22:10:43] SAMPLE t=96s phase=Recovery adaptation=without_ML throughput_gbps=7.5012 latency_ms=67.087
[2026-08-10T22:10:44] SAMPLE t=97s phase=Recovery adaptation=without_ML throughput_gbps=7.7772 latency_ms=68.4011
[2026-08-10T22:10:45] SAMPLE t=98s phase=Recovery adaptation=without_ML throughput_gbps=8.1254 latency_ms=67.3822
[2026-08-10T22:10:46] SAMPLE t=99s phase=Recovery adaptation=without_ML throughput_gbps=7.6101 latency_ms=67.7743
[2026-08-10T22:09:07] TRACE_END run_id=64 status=OK
[2026-08-10T22:14:53] TRACE_START run_id=65
[2026-08-10T22:14:53] SAMPLE t=0s phase=Stable adaptation=with_ML throughput_gbps=8.149 latency_ms=66.2073
[2026-08-10T22:14:54] SAMPLE t=1s phase=Stable adaptation=with_ML throughput_gbps=8.1715 latency_ms=65.2268
[2026-08-10T22:14:55] SAMPLE t=2s phase=Stable adaptation=with_ML throughput_gbps=8.6198 latency_ms=68.4064
[2026-08-10T22:14:56] SAMPLE t=3s phase=Stable adaptation=with_ML throughput_gbps=8.1615 latency_ms=65.7159
[2026-08-10T22:14:57] SAMPLE t=4s phase=Stable adaptation=with_ML throughput_gbps=7.9587 latency_ms=65.9465
[2026-08-10T22:14:58] SAMPLE t=5s phase=Stable adaptation=with_ML throughput_gbps=8.1778 latency_ms=68.0792
[2026-08-10T22:14:59] SAMPLE t=6s phase=Stable adaptation=with_ML throughput_gbps=8.3636 latency_ms=65.8993
[2026-08-10T22:15:00] SAMPLE t=7s phase=Stable adaptation=with_ML throughput_gbps=8.1125 latency_ms=67.8838
[2026-08-10T22:15:01] SAMPLE t=8s phase=Stable adaptation=with_ML throughput_gbps=8.2242 latency_ms=68.1412
[2026-08-10T22:15:02] SAMPLE t=9s phase=Stable adaptation=with_ML throughput_gbps=7.9797 latency_ms=65.4171
[2026-08-10T22:15:03] SAMPLE t=10s phase=Stable adaptation=with_ML throughput_gbps=7.9975 latency_ms=66.2539
[2026-08-10T22:15:04] SAMPLE t=11s phase=Stable adaptation=with_ML throughput_gbps=7.9676 latency_ms=66.8158
[2026-08-10T22:15:05] SAMPLE t=12s phase=Stable adaptation=with_ML throughput_gbps=7.8628 latency_ms=67.1057
[2026-08-10T22:15:06] SAMPLE t=13s phase=Stable adaptation=with_ML throughput_gbps=7.9551 latency_ms=66.1023
[2026-08-10T22:15:07] SAMPLE t=14s phase=Stable adaptation=with_ML throughput_gbps=7.8533 latency_ms=67.1345
[2026-08-10T22:15:08] SAMPLE t=15s phase=Stable adaptation=with_ML throughput_gbps=8.0377 latency_ms=67.6127
[2026-08-10T22:15:09] SAMPLE t=16s phase=Stable adaptation=with_ML throughput_gbps=7.9521 latency_ms=65.6488
[2026-08-10T22:15:10] SAMPLE t=17s phase=Stable adaptation=with_ML throughput_gbps=7.8112 latency_ms=66.8146
[2026-08-10T22:15:11] SAMPLE t=18s phase=Stable adaptation=with_ML throughput_gbps=8.1041 latency_ms=67.7963
[2026-08-10T22:15:12] SAMPLE t=19s phase=Stable adaptation=with_ML throughput_gbps=7.9461 latency_ms=65.8192
[2026-08-10T22:15:13] SAMPLE t=20s phase=Congestion adaptation=with_ML throughput_gbps=7.7339 latency_ms=67.8535
[2026-08-10T22:15:14] SAMPLE t=21s phase=Congestion adaptation=with_ML throughput_gbps=8.1856 latency_ms=65.8057
[2026-08-10T22:15:15] SAMPLE t=22s phase=Congestion adaptation=with_ML throughput_gbps=7.7967 latency_ms=68.1029
[2026-08-10T22:15:16] SAMPLE t=23s phase=Congestion adaptation=with_ML throughput_gbps=7.6392 latency_ms=67.2826
[2026-08-10T22:15:17] SAMPLE t=24s phase=Congestion adaptation=with_ML throughput_gbps=8.1793 latency_ms=67.8196
[2026-08-10T22:15:18] SAMPLE t=25s phase=Congestion adaptation=with_ML throughput_gbps=8.0775 latency_ms=65.4951
[2026-08-10T22:15:19] SAMPLE t=26s phase=Congestion adaptation=with_ML throughput_gbps=8.3319 latency_ms=65.7551
[2026-08-10T22:15:20] SAMPLE t=27s phase=Congestion adaptation=with_ML throughput_gbps=8.1429 latency_ms=66.0709
[2026-08-10T22:15:21] SAMPLE t=28s phase=Congestion adaptation=with_ML throughput_gbps=8.0738 latency_ms=66.6593
[2026-08-10T22:15:22] SAMPLE t=29s phase=Congestion adaptation=with_ML throughput_gbps=8.2025 latency_ms=66.6642
[2026-08-10T22:15:23] SAMPLE t=30s phase=Congestion adaptation=with_ML throughput_gbps=7.8541 latency_ms=65.3001
[2026-08-10T22:15:24] SAMPLE t=31s phase=Congestion adaptation=with_ML throughput_gbps=8.2661 latency_ms=66.3085
[2026-08-10T22:15:25] SAMPLE t=32s phase=Congestion adaptation=with_ML throughput_gbps=7.943 latency_ms=67.1216
[2026-08-10T22:15:26] SAMPLE t=33s phase=Congestion adaptation=with_ML throughput_gbps=8.2025 latency_ms=67.6245
[2026-08-10T22:15:27] SAMPLE t=34s phase=Congestion adaptation=with_ML throughput_gbps=8.1776 latency_ms=65.8859
[2026-08-10T22:15:28] SAMPLE t=35s phase=Congestion adaptation=with_ML throughput_gbps=8.1914 latency_ms=67.0696
[2026-08-10T22:15:29] SAMPLE t=36s phase=Congestion adaptation=with_ML throughput_gbps=7.8895 latency_ms=66.2804
[2026-08-10T22:15:30] SAMPLE t=37s phase=Congestion adaptation=with_ML throughput_gbps=8.1244 latency_ms=64.8513
[2026-08-10T22:15:31] SAMPLE t=38s phase=Congestion adaptation=with_ML throughput_gbps=8.2231 latency_ms=66.1927
[2026-08-10T22:15:32] SAMPLE t=39s phase=Congestion adaptation=with_ML throughput_gbps=7.881 latency_ms=67.077
[2026-08-10T22:15:33] SAMPLE t=40s phase=Path_change adaptation=with_ML throughput_gbps=8.3694 latency_ms=66.972
[2026-08-10T22:15:34] SAMPLE t=41s phase=Path_change adaptation=with_ML throughput_gbps=8.1285 latency_ms=65.3576
[2026-08-10T22:15:35] SAMPLE t=42s phase=Path_change adaptation=with_ML throughput_gbps=7.8464 latency_ms=68.4865
[2026-08-10T22:15:36] SAMPLE t=43s phase=Path_change adaptation=with_ML throughput_gbps=7.4634 latency_ms=66.0994
[2026-08-10T22:15:37] SAMPLE t=44s phase=Path_change adaptation=with_ML throughput_gbps=7.5955 latency_ms=68.9698
[2026-08-10T22:15:38] SAMPLE t=45s phase=Path_change adaptation=with_ML throughput_gbps=7.3233 latency_ms=67.554
[2026-08-10T22:15:39] SAMPLE t=46s phase=Path_change adaptation=with_ML throughput_gbps=7.591 latency_ms=68.42
[2026-08-10T22:15:40] SAMPLE t=47s phase=Path_change adaptation=with_ML throughput_gbps=7.2958 latency_ms=69.3991
[2026-08-10T22:15:41] SAMPLE t=48s phase=Path_change adaptation=with_ML throughput_gbps=7.377 latency_ms=68.1558
[2026-08-10T22:15:42] SAMPLE t=49s phase=Path_change adaptation=with_ML throughput_gbps=7.1121 latency_ms=68.25
[2026-08-10T22:15:43] SAMPLE t=50s phase=Path_change adaptation=with_ML throughput_gbps=7.6263 latency_ms=67.2765
[2026-08-10T22:15:44] SAMPLE t=51s phase=Path_change adaptation=with_ML throughput_gbps=7.0744 latency_ms=67.4758
[2026-08-10T22:15:45] SAMPLE t=52s phase=Path_change adaptation=with_ML throughput_gbps=7.3619 latency_ms=67.9396
[2026-08-10T22:15:46] SAMPLE t=53s phase=Path_change adaptation=with_ML throughput_gbps=7.2298 latency_ms=68.1221
[2026-08-10T22:15:47] SAMPLE t=54s phase=Path_change adaptation=with_ML throughput_gbps=7.1917 latency_ms=67.4421
[2026-08-10T22:15:48] SAMPLE t=55s phase=Path_change adaptation=with_ML throughput_gbps=7.3111 latency_ms=67.9151
[2026-08-10T22:15:49] SAMPLE t=56s phase=Path_change adaptation=with_ML throughput_gbps=7.497 latency_ms=67.5137
[2026-08-10T22:15:50] SAMPLE t=57s phase=Path_change adaptation=with_ML throughput_gbps=7.7531 latency_ms=67.6455
[2026-08-10T22:15:51] SAMPLE t=58s phase=Path_change adaptation=with_ML throughput_gbps=7.8112 latency_ms=68.8232
[2026-08-10T22:15:52] SAMPLE t=59s phase=Path_change adaptation=with_ML throughput_gbps=7.4536 latency_ms=66.9367
[2026-08-10T22:15:53] SAMPLE t=60s phase=Loss_spike adaptation=with_ML throughput_gbps=7.3755 latency_ms=68.7974
[2026-08-10T22:15:54] SAMPLE t=61s phase=Loss_spike adaptation=with_ML throughput_gbps=8.3525 latency_ms=71.5465
[2026-08-10T22:15:55] SAMPLE t=62s phase=Loss_spike adaptation=with_ML throughput_gbps=8.2107 latency_ms=68.2311
[2026-08-10T22:15:56] SAMPLE t=63s phase=Loss_spike adaptation=with_ML throughput_gbps=6.5411 latency_ms=68.3255
[2026-08-10T22:15:57] SAMPLE t=64s phase=Loss_spike adaptation=with_ML throughput_gbps=6.2932 latency_ms=70.6474
[2026-08-10T22:15:58] SAMPLE t=65s phase=Loss_spike adaptation=with_ML throughput_gbps=7.2448 latency_ms=67.4756
[2026-08-10T22:15:59] SAMPLE t=66s phase=Loss_spike adaptation=with_ML throughput_gbps=8.2605 latency_ms=71.7258
[2026-08-10T22:16:00] SAMPLE t=67s phase=Loss_spike adaptation=with_ML throughput_gbps=7.8291 latency_ms=70.3717
[2026-08-10T22:16:01] SAMPLE t=68s phase=Loss_spike adaptation=with_ML throughput_gbps=6.3558 latency_ms=71.2712
[2026-08-10T22:16:02] SAMPLE t=69s phase=Loss_spike adaptation=with_ML throughput_gbps=6.4461 latency_ms=72.292
[2026-08-10T22:16:03] SAMPLE t=70s phase=Loss_spike adaptation=with_ML throughput_gbps=7.1135 latency_ms=69.1135
[2026-08-10T22:16:04] SAMPLE t=71s phase=Loss_spike adaptation=with_ML throughput_gbps=8.3167 latency_ms=70.0011
[2026-08-10T22:16:05] SAMPLE t=72s phase=Loss_spike adaptation=with_ML throughput_gbps=8.1568 latency_ms=70.5982
[2026-08-10T22:16:06] SAMPLE t=73s phase=Loss_spike adaptation=with_ML throughput_gbps=6.9858 latency_ms=71.2812
[2026-08-10T22:16:07] SAMPLE t=74s phase=Loss_spike adaptation=with_ML throughput_gbps=6.2123 latency_ms=70.055
[2026-08-10T22:16:08] SAMPLE t=75s phase=Loss_spike adaptation=with_ML throughput_gbps=7.3019 latency_ms=67.24
[2026-08-10T22:16:09] SAMPLE t=76s phase=Loss_spike adaptation=with_ML throughput_gbps=8.593 latency_ms=71.2555
[2026-08-10T22:16:10] SAMPLE t=77s phase=Loss_spike adaptation=with_ML throughput_gbps=8.0407 latency_ms=70.147
[2026-08-10T22:16:11] SAMPLE t=78s phase=Loss_spike adaptation=with_ML throughput_gbps=6.8061 latency_ms=67.7304
[2026-08-10T22:16:12] SAMPLE t=79s phase=Loss_spike adaptation=with_ML throughput_gbps=6.3722 latency_ms=70.701
[2026-08-10T22:16:13] SAMPLE t=80s phase=Recovery adaptation=with_ML throughput_gbps=8.0146 latency_ms=66.1733
[2026-08-10T22:16:14] SAMPLE t=81s phase=Recovery adaptation=with_ML throughput_gbps=8.168 latency_ms=66.1042
[2026-08-10T22:16:15] SAMPLE t=82s phase=Recovery adaptation=with_ML throughput_gbps=7.7028 latency_ms=65.1908
[2026-08-10T22:16:16] SAMPLE t=83s phase=Recovery adaptation=with_ML throughput_gbps=8.6881 latency_ms=68.0409
[2026-08-10T22:16:17] SAMPLE t=84s phase=Recovery adaptation=with_ML throughput_gbps=8.3637 latency_ms=65.6929
[2026-08-10T22:16:18] SAMPLE t=85s phase=Recovery adaptation=with_ML throughput_gbps=8.0724 latency_ms=65.9729
[2026-08-10T22:16:19] SAMPLE t=86s phase=Recovery adaptation=with_ML throughput_gbps=8.0756 latency_ms=66.8503
[2026-08-10T22:16:20] SAMPLE t=87s phase=Recovery adaptation=with_ML throughput_gbps=8.1378 latency_ms=64.5473
[2026-08-10T22:16:21] SAMPLE t=88s phase=Recovery adaptation=with_ML throughput_gbps=8.0959 latency_ms=65.3781
[2026-08-10T22:16:22] SAMPLE t=89s phase=Recovery adaptation=with_ML throughput_gbps=8.6439 latency_ms=62.9467
[2026-08-10T22:16:23] SAMPLE t=90s phase=Recovery adaptation=with_ML throughput_gbps=8.381 latency_ms=66.1989
[2026-08-10T22:16:24] SAMPLE t=91s phase=Recovery adaptation=with_ML throughput_gbps=8.4598 latency_ms=64.6177
[2026-08-10T22:16:25] SAMPLE t=92s phase=Recovery adaptation=with_ML throughput_gbps=8.4726 latency_ms=65.6591
[2026-08-10T22:16:26] SAMPLE t=93s phase=Recovery adaptation=with_ML throughput_gbps=8.1966 latency_ms=66.3941
[2026-08-10T22:16:27] SAMPLE t=94s phase=Recovery adaptation=with_ML throughput_gbps=8.7781 latency_ms=66.2632
[2026-08-10T22:16:28] SAMPLE t=95s phase=Recovery adaptation=with_ML throughput_gbps=8.6079 latency_ms=63.8133
[2026-08-10T22:16:29] SAMPLE t=96s phase=Recovery adaptation=with_ML throughput_gbps=8.4216 latency_ms=63.8393
[2026-08-10T22:16:30] SAMPLE t=97s phase=Recovery adaptation=with_ML throughput_gbps=8.2718 latency_ms=65.0024
[2026-08-10T22:16:31] SAMPLE t=98s phase=Recovery adaptation=with_ML throughput_gbps=8.5901 latency_ms=63.0809
[2026-08-10T22:16:32] SAMPLE t=99s phase=Recovery adaptation=with_ML throughput_gbps=8.7615 latency_ms=64.9928
[2026-08-10T22:14:53] SAMPLE t=0s phase=Stable adaptation=without_ML throughput_gbps=8.0719 latency_ms=69.1325
[2026-08-10T22:14:54] SAMPLE t=1s phase=Stable adaptation=without_ML throughput_gbps=8.4361 latency_ms=64.6511
[2026-08-10T22:14:55] SAMPLE t=2s phase=Stable adaptation=without_ML throughput_gbps=8.148 latency_ms=67.1472
[2026-08-10T22:14:56] SAMPLE t=3s phase=Stable adaptation=without_ML throughput_gbps=8.207 latency_ms=63.7636
[2026-08-10T22:14:57] SAMPLE t=4s phase=Stable adaptation=without_ML throughput_gbps=7.9267 latency_ms=64.867
[2026-08-10T22:14:58] SAMPLE t=5s phase=Stable adaptation=without_ML throughput_gbps=8.0409 latency_ms=64.5688
[2026-08-10T22:14:59] SAMPLE t=6s phase=Stable adaptation=without_ML throughput_gbps=8.5669 latency_ms=66.7621
[2026-08-10T22:15:00] SAMPLE t=7s phase=Stable adaptation=without_ML throughput_gbps=7.6997 latency_ms=67.6513
[2026-08-10T22:15:01] SAMPLE t=8s phase=Stable adaptation=without_ML throughput_gbps=8.2856 latency_ms=66.1292
[2026-08-10T22:15:02] SAMPLE t=9s phase=Stable adaptation=without_ML throughput_gbps=7.7924 latency_ms=65.0779
[2026-08-10T22:15:03] SAMPLE t=10s phase=Stable adaptation=without_ML throughput_gbps=8.1573 latency_ms=66.2787
[2026-08-10T22:15:04] SAMPLE t=11s phase=Stable adaptation=without_ML throughput_gbps=7.9296 latency_ms=67.7337
[2026-08-10T22:15:05] SAMPLE t=12s phase=Stable adaptation=without_ML throughput_gbps=7.8109 latency_ms=65.784
[2026-08-10T22:15:06] SAMPLE t=13s phase=Stable adaptation=without_ML throughput_gbps=7.8604 latency_ms=64.9928
[2026-08-10T22:15:07] SAMPLE t=14s phase=Stable adaptation=without_ML throughput_gbps=8.0417 latency_ms=66.1368
[2026-08-10T22:15:08] SAMPLE t=15s phase=Stable adaptation=without_ML throughput_gbps=7.9454 latency_ms=64.1154
[2026-08-10T22:15:09] SAMPLE t=16s phase=Stable adaptation=without_ML throughput_gbps=8.0536 latency_ms=66.0116
[2026-08-10T22:15:10] SAMPLE t=17s phase=Stable adaptation=without_ML throughput_gbps=8.1901 latency_ms=64.6922
[2026-08-10T22:15:11] SAMPLE t=18s phase=Stable adaptation=without_ML throughput_gbps=8.2907 latency_ms=65.8586
[2026-08-10T22:15:12] SAMPLE t=19s phase=Stable adaptation=without_ML throughput_gbps=7.5556 latency_ms=68.0934
[2026-08-10T22:15:13] SAMPLE t=20s phase=Congestion adaptation=without_ML throughput_gbps=8.1393 latency_ms=63.8589
[2026-08-10T22:15:14] SAMPLE t=21s phase=Congestion adaptation=without_ML throughput_gbps=8.2857 latency_ms=66.3055
[2026-08-10T22:15:15] SAMPLE t=22s phase=Congestion adaptation=without_ML throughput_gbps=7.9349 latency_ms=65.721
[2026-08-10T22:15:16] SAMPLE t=23s phase=Congestion adaptation=without_ML throughput_gbps=7.9792 latency_ms=66.4207
[2026-08-10T22:15:17] SAMPLE t=24s phase=Congestion adaptation=without_ML throughput_gbps=8.0184 latency_ms=65.0738
[2026-08-10T22:15:18] SAMPLE t=25s phase=Congestion adaptation=without_ML throughput_gbps=7.864 latency_ms=64.7887
[2026-08-10T22:15:19] SAMPLE t=26s phase=Congestion adaptation=without_ML throughput_gbps=8.0608 latency_ms=66.763
[2026-08-10T22:15:20] SAMPLE t=27s phase=Congestion adaptation=without_ML throughput_gbps=8.0981 latency_ms=66.3363
[2026-08-10T22:15:21] SAMPLE t=28s phase=Congestion adaptation=without_ML throughput_gbps=8.034 latency_ms=66.4664
[2026-08-10T22:15:22] SAMPLE t=29s phase=Congestion adaptation=without_ML throughput_gbps=7.7245 latency_ms=66.6513
[2026-08-10T22:15:23] SAMPLE t=30s phase=Congestion adaptation=without_ML throughput_gbps=7.8006 latency_ms=66.7956
[2026-08-10T22:15:24] SAMPLE t=31s phase=Congestion adaptation=without_ML throughput_gbps=7.8831 latency_ms=64.6267
[2026-08-10T22:15:25] SAMPLE t=32s phase=Congestion adaptation=without_ML throughput_gbps=8.1907 latency_ms=66.3294
[2026-08-10T22:15:26] SAMPLE t=33s phase=Congestion adaptation=without_ML throughput_gbps=8.0727 latency_ms=65.1583
[2026-08-10T22:15:27] SAMPLE t=34s phase=Congestion adaptation=without_ML throughput_gbps=8.2994 latency_ms=65.2759
[2026-08-10T22:15:28] SAMPLE t=35s phase=Congestion adaptation=without_ML throughput_gbps=8.1363 latency_ms=66.7517
[2026-08-10T22:15:29] SAMPLE t=36s phase=Congestion adaptation=without_ML throughput_gbps=7.8908 latency_ms=65.9811
[2026-08-10T22:15:30] SAMPLE t=37s phase=Congestion adaptation=without_ML throughput_gbps=8.34 latency_ms=66.6653
[2026-08-10T22:15:31] SAMPLE t=38s phase=Congestion adaptation=without_ML throughput_gbps=8.0301 latency_ms=65.6129
[2026-08-10T22:15:32] SAMPLE t=39s phase=Congestion adaptation=without_ML throughput_gbps=7.9035 latency_ms=66.2438
[2026-08-10T22:15:33] SAMPLE t=40s phase=Path_change adaptation=without_ML throughput_gbps=7.9527 latency_ms=66.8824
[2026-08-10T22:15:34] SAMPLE t=41s phase=Path_change adaptation=without_ML throughput_gbps=7.3124 latency_ms=66.1811
[2026-08-10T22:15:35] SAMPLE t=42s phase=Path_change adaptation=without_ML throughput_gbps=7.1983 latency_ms=69.6007
[2026-08-10T22:15:36] SAMPLE t=43s phase=Path_change adaptation=without_ML throughput_gbps=6.9913 latency_ms=66.0854
[2026-08-10T22:15:37] SAMPLE t=44s phase=Path_change adaptation=without_ML throughput_gbps=6.7433 latency_ms=71.9129
[2026-08-10T22:15:38] SAMPLE t=45s phase=Path_change adaptation=without_ML throughput_gbps=6.4143 latency_ms=69.2419
[2026-08-10T22:15:39] SAMPLE t=46s phase=Path_change adaptation=without_ML throughput_gbps=6.3179 latency_ms=71.1825
[2026-08-10T22:15:40] SAMPLE t=47s phase=Path_change adaptation=without_ML throughput_gbps=6.2392 latency_ms=72.9084
[2026-08-10T22:15:41] SAMPLE t=48s phase=Path_change adaptation=without_ML throughput_gbps=6.1164 latency_ms=75.0863
[2026-08-10T22:15:42] SAMPLE t=49s phase=Path_change adaptation=without_ML throughput_gbps=5.7125 latency_ms=76.4328
[2026-08-10T22:15:43] SAMPLE t=50s phase=Path_change adaptation=without_ML throughput_gbps=5.8416 latency_ms=69.6201
[2026-08-10T22:15:44] SAMPLE t=51s phase=Path_change adaptation=without_ML throughput_gbps=5.4776 latency_ms=72.2715
[2026-08-10T22:15:45] SAMPLE t=52s phase=Path_change adaptation=without_ML throughput_gbps=5.9387 latency_ms=69.7742
[2026-08-10T22:15:46] SAMPLE t=53s phase=Path_change adaptation=without_ML throughput_gbps=5.8593 latency_ms=72.3886
[2026-08-10T22:15:47] SAMPLE t=54s phase=Path_change adaptation=without_ML throughput_gbps=6.1768 latency_ms=68.2747
[2026-08-10T22:15:48] SAMPLE t=55s phase=Path_change adaptation=without_ML throughput_gbps=6.3773 latency_ms=72.2193
[2026-08-10T22:15:49] SAMPLE t=56s phase=Path_change adaptation=without_ML throughput_gbps=6.8249 latency_ms=68.1621
[2026-08-10T22:15:50] SAMPLE t=57s phase=Path_change adaptation=without_ML throughput_gbps=7.0535 latency_ms=68.017
[2026-08-10T22:15:51] SAMPLE t=58s phase=Path_change adaptation=without_ML throughput_gbps=7.5499 latency_ms=68.172
[2026-08-10T22:15:52] SAMPLE t=59s phase=Path_change adaptation=without_ML throughput_gbps=7.8334 latency_ms=67.8539
[2026-08-10T22:15:53] SAMPLE t=60s phase=Loss_spike adaptation=without_ML throughput_gbps=6.2882 latency_ms=70.0597
[2026-08-10T22:15:54] SAMPLE t=61s phase=Loss_spike adaptation=without_ML throughput_gbps=8.4615 latency_ms=78.7183
[2026-08-10T22:15:55] SAMPLE t=62s phase=Loss_spike adaptation=without_ML throughput_gbps=7.3973 latency_ms=75.8776
[2026-08-10T22:15:56] SAMPLE t=63s phase=Loss_spike adaptation=without_ML throughput_gbps=4.9938 latency_ms=77.1154
[2026-08-10T22:15:57] SAMPLE t=64s phase=Loss_spike adaptation=without_ML throughput_gbps=3.9984 latency_ms=76.6342
[2026-08-10T22:15:58] SAMPLE t=65s phase=Loss_spike adaptation=without_ML throughput_gbps=6.224 latency_ms=72.9203
[2026-08-10T22:15:59] SAMPLE t=66s phase=Loss_spike adaptation=without_ML throughput_gbps=8.5635 latency_ms=80.1318
[2026-08-10T22:16:00] SAMPLE t=67s phase=Loss_spike adaptation=without_ML throughput_gbps=7.1116 latency_ms=77.8871
[2026-08-10T22:16:01] SAMPLE t=68s phase=Loss_spike adaptation=without_ML throughput_gbps=4.4044 latency_ms=75.5915
[2026-08-10T22:16:02] SAMPLE t=69s phase=Loss_spike adaptation=without_ML throughput_gbps=3.9989 latency_ms=81.3418
[2026-08-10T22:16:03] SAMPLE t=70s phase=Loss_spike adaptation=without_ML throughput_gbps=6.1725 latency_ms=71.5185
[2026-08-10T22:16:04] SAMPLE t=71s phase=Loss_spike adaptation=without_ML throughput_gbps=8.0764 latency_ms=78.4037
[2026-08-10T22:16:05] SAMPLE t=72s phase=Loss_spike adaptation=without_ML throughput_gbps=7.6364 latency_ms=76.3412
[2026-08-10T22:16:06] SAMPLE t=73s phase=Loss_spike adaptation=without_ML throughput_gbps=5.074 latency_ms=74.3379
[2026-08-10T22:16:07] SAMPLE t=74s phase=Loss_spike adaptation=without_ML throughput_gbps=4.0557 latency_ms=79.1218
[2026-08-10T22:16:08] SAMPLE t=75s phase=Loss_spike adaptation=without_ML throughput_gbps=6.1758 latency_ms=70.9088
[2026-08-10T22:16:09] SAMPLE t=76s phase=Loss_spike adaptation=without_ML throughput_gbps=8.328 latency_ms=79.349
[2026-08-10T22:16:10] SAMPLE t=77s phase=Loss_spike adaptation=without_ML throughput_gbps=7.5322 latency_ms=76.611
[2026-08-10T22:16:11] SAMPLE t=78s phase=Loss_spike adaptation=without_ML throughput_gbps=4.8155 latency_ms=75.7336
[2026-08-10T22:16:12] SAMPLE t=79s phase=Loss_spike adaptation=without_ML throughput_gbps=4.1918 latency_ms=76.7258
[2026-08-10T22:16:13] SAMPLE t=80s phase=Recovery adaptation=without_ML throughput_gbps=7.5787 latency_ms=63.614
[2026-08-10T22:16:14] SAMPLE t=81s phase=Recovery adaptation=without_ML throughput_gbps=7.9184 latency_ms=66.8306
[2026-08-10T22:16:15] SAMPLE t=82s phase=Recovery adaptation=without_ML throughput_gbps=7.8333 latency_ms=64.9822
[2026-08-10T22:16:16] SAMPLE t=83s phase=Recovery adaptation=without_ML throughput_gbps=8.3797 latency_ms=63.9524
[2026-08-10T22:16:17] SAMPLE t=84s phase=Recovery adaptation=without_ML throughput_gbps=7.9527 latency_ms=67.0558
[2026-08-10T22:16:18] SAMPLE t=85s phase=Recovery adaptation=without_ML throughput_gbps=8.2258 latency_ms=67.161
[2026-08-10T22:16:19] SAMPLE t=86s phase=Recovery adaptation=without_ML throughput_gbps=7.8027 latency_ms=65.3452
[2026-08-10T22:16:20] SAMPLE t=87s phase=Recovery adaptation=without_ML throughput_gbps=8.068 latency_ms=67.9765
[2026-08-10T22:16:21] SAMPLE t=88s phase=Recovery adaptation=without_ML throughput_gbps=8.0396 latency_ms=69.3583
[2026-08-10T22:16:22] SAMPLE t=89s phase=Recovery adaptation=without_ML throughput_gbps=8.0098 latency_ms=64.962
[2026-08-10T22:16:23] SAMPLE t=90s phase=Recovery adaptation=without_ML throughput_gbps=7.9894 latency_ms=66.6627
[2026-08-10T22:16:24] SAMPLE t=91s phase=Recovery adaptation=without_ML throughput_gbps=8.1713 latency_ms=66.0371
[2026-08-10T22:16:25] SAMPLE t=92s phase=Recovery adaptation=without_ML throughput_gbps=8.0123 latency_ms=65.7861
[2026-08-10T22:16:26] SAMPLE t=93s phase=Recovery adaptation=without_ML throughput_gbps=7.6499 latency_ms=67.6083
[2026-08-10T22:16:27] SAMPLE t=94s phase=Recovery adaptation=without_ML throughput_gbps=8.3679 latency_ms=67.0448
[2026-08-10T22:16:28] SAMPLE t=95s phase=Recovery adaptation=without_ML throughput_gbps=7.3615 latency_ms=65.8765
[2026-08-10T22:16:29] SAMPLE t=96s phase=Recovery adaptation=without_ML throughput_gbps=8.1496 latency_ms=66.9669
[2026-08-10T22:16:30] SAMPLE t=97s phase=Recovery adaptation=without_ML throughput_gbps=7.7553 latency_ms=65.9685
[2026-08-10T22:16:31] SAMPLE t=98s phase=Recovery adaptation=without_ML throughput_gbps=7.9365 latency_ms=64.4272
[2026-08-10T22:16:32] SAMPLE t=99s phase=Recovery adaptation=without_ML throughput_gbps=8.1687 latency_ms=63.4823
[2026-08-10T22:14:53] TRACE_END run_id=65 status=OK
[2026-08-10T22:25:11] TRACE_START run_id=66
[2026-08-10T22:25:11] SAMPLE t=0s phase=Stable adaptation=with_ML throughput_gbps=7.9516 latency_ms=65.616
[2026-08-10T22:25:12] SAMPLE t=1s phase=Stable adaptation=with_ML throughput_gbps=8.3097 latency_ms=65.9045
[2026-08-10T22:25:13] SAMPLE t=2s phase=Stable adaptation=with_ML throughput_gbps=8.3799 latency_ms=66.5593
[2026-08-10T22:25:14] SAMPLE t=3s phase=Stable adaptation=with_ML throughput_gbps=8.011 latency_ms=64.7539
[2026-08-10T22:25:15] SAMPLE t=4s phase=Stable adaptation=with_ML throughput_gbps=8.13 latency_ms=67.7387
[2026-08-10T22:25:16] SAMPLE t=5s phase=Stable adaptation=with_ML throughput_gbps=8.1412 latency_ms=66.9344
[2026-08-10T22:25:17] SAMPLE t=6s phase=Stable adaptation=with_ML throughput_gbps=8.3763 latency_ms=66.2762
[2026-08-10T22:25:18] SAMPLE t=7s phase=Stable adaptation=with_ML throughput_gbps=7.9902 latency_ms=66.2413
[2026-08-10T22:25:19] SAMPLE t=8s phase=Stable adaptation=with_ML throughput_gbps=7.7446 latency_ms=65.1324
[2026-08-10T22:25:20] SAMPLE t=9s phase=Stable adaptation=with_ML throughput_gbps=8.0644 latency_ms=66.1094
[2026-08-10T22:25:21] SAMPLE t=10s phase=Stable adaptation=with_ML throughput_gbps=8.1386 latency_ms=67.493
[2026-08-10T22:25:22] SAMPLE t=11s phase=Stable adaptation=with_ML throughput_gbps=8.2165 latency_ms=67.2207
[2026-08-10T22:25:23] SAMPLE t=12s phase=Stable adaptation=with_ML throughput_gbps=8.1755 latency_ms=66.5004
[2026-08-10T22:25:24] SAMPLE t=13s phase=Stable adaptation=with_ML throughput_gbps=7.8827 latency_ms=65.5995
[2026-08-10T22:25:25] SAMPLE t=14s phase=Stable adaptation=with_ML throughput_gbps=8.2117 latency_ms=64.3419
[2026-08-10T22:25:26] SAMPLE t=15s phase=Stable adaptation=with_ML throughput_gbps=8.0541 latency_ms=66.2224
[2026-08-10T22:25:27] SAMPLE t=16s phase=Stable adaptation=with_ML throughput_gbps=8.4936 latency_ms=66.3065
[2026-08-10T22:25:28] SAMPLE t=17s phase=Stable adaptation=with_ML throughput_gbps=8.1522 latency_ms=65.4344
[2026-08-10T22:25:29] SAMPLE t=18s phase=Stable adaptation=with_ML throughput_gbps=8.435 latency_ms=65.4848
[2026-08-10T22:25:30] SAMPLE t=19s phase=Stable adaptation=with_ML throughput_gbps=8.558 latency_ms=65.5087
[2026-08-10T22:25:31] SAMPLE t=20s phase=Congestion adaptation=with_ML throughput_gbps=8.0409 latency_ms=67.5413
[2026-08-10T22:25:32] SAMPLE t=21s phase=Congestion adaptation=with_ML throughput_gbps=8.0294 latency_ms=65.7343
[2026-08-10T22:25:33] SAMPLE t=22s phase=Congestion adaptation=with_ML throughput_gbps=8.4706 latency_ms=65.7909
[2026-08-10T22:25:34] SAMPLE t=23s phase=Congestion adaptation=with_ML throughput_gbps=8.3588 latency_ms=65.9945
[2026-08-10T22:25:35] SAMPLE t=24s phase=Congestion adaptation=with_ML throughput_gbps=7.9854 latency_ms=66.5872
[2026-08-10T22:25:36] SAMPLE t=25s phase=Congestion adaptation=with_ML throughput_gbps=8.2882 latency_ms=65.1026
[2026-08-10T22:25:37] SAMPLE t=26s phase=Congestion adaptation=with_ML throughput_gbps=8.293 latency_ms=66.7137
[2026-08-10T22:25:38] SAMPLE t=27s phase=Congestion adaptation=with_ML throughput_gbps=8.259 latency_ms=67.0346
[2026-08-10T22:25:39] SAMPLE t=28s phase=Congestion adaptation=with_ML throughput_gbps=8.0158 latency_ms=66.6524
[2026-08-10T22:25:40] SAMPLE t=29s phase=Congestion adaptation=with_ML throughput_gbps=7.9962 latency_ms=65.5509
[2026-08-10T22:25:41] SAMPLE t=30s phase=Congestion adaptation=with_ML throughput_gbps=7.9177 latency_ms=67.6475
[2026-08-10T22:25:42] SAMPLE t=31s phase=Congestion adaptation=with_ML throughput_gbps=8.0967 latency_ms=64.8615
[2026-08-10T22:25:43] SAMPLE t=32s phase=Congestion adaptation=with_ML throughput_gbps=7.6805 latency_ms=67.4317
[2026-08-10T22:25:44] SAMPLE t=33s phase=Congestion adaptation=with_ML throughput_gbps=7.7595 latency_ms=66.0945
[2026-08-10T22:25:45] SAMPLE t=34s phase=Congestion adaptation=with_ML throughput_gbps=8.2731 latency_ms=66.7286
[2026-08-10T22:25:46] SAMPLE t=35s phase=Congestion adaptation=with_ML throughput_gbps=8.114 latency_ms=66.5781
[2026-08-10T22:25:47] SAMPLE t=36s phase=Congestion adaptation=with_ML throughput_gbps=8.0052 latency_ms=68.0679
[2026-08-10T22:25:48] SAMPLE t=37s phase=Congestion adaptation=with_ML throughput_gbps=8.119 latency_ms=66.2294
[2026-08-10T22:25:49] SAMPLE t=38s phase=Congestion adaptation=with_ML throughput_gbps=8.1596 latency_ms=66.7394
[2026-08-10T22:25:50] SAMPLE t=39s phase=Congestion adaptation=with_ML throughput_gbps=8.1699 latency_ms=67.0261
[2026-08-10T22:25:51] SAMPLE t=40s phase=Path_change adaptation=with_ML throughput_gbps=7.9924 latency_ms=65.1673
[2026-08-10T22:25:52] SAMPLE t=41s phase=Path_change adaptation=with_ML throughput_gbps=8.243 latency_ms=66.7252
[2026-08-10T22:25:53] SAMPLE t=42s phase=Path_change adaptation=with_ML throughput_gbps=7.7271 latency_ms=67.0398
[2026-08-10T22:25:54] SAMPLE t=43s phase=Path_change adaptation=with_ML throughput_gbps=7.8463 latency_ms=64.7576
[2026-08-10T22:25:55] SAMPLE t=44s phase=Path_change adaptation=with_ML throughput_gbps=7.7374 latency_ms=69.4172
[2026-08-10T22:25:56] SAMPLE t=45s phase=Path_change adaptation=with_ML throughput_gbps=7.2104 latency_ms=67.0991
[2026-08-10T22:25:57] SAMPLE t=46s phase=Path_change adaptation=with_ML throughput_gbps=7.6109 latency_ms=69.4042
[2026-08-10T22:25:58] SAMPLE t=47s phase=Path_change adaptation=with_ML throughput_gbps=7.2039 latency_ms=66.3466
[2026-08-10T22:25:59] SAMPLE t=48s phase=Path_change adaptation=with_ML throughput_gbps=7.4071 latency_ms=67.4674
[2026-08-10T22:26:00] SAMPLE t=49s phase=Path_change adaptation=with_ML throughput_gbps=7.4038 latency_ms=69.2805
[2026-08-10T22:26:01] SAMPLE t=50s phase=Path_change adaptation=with_ML throughput_gbps=7.1166 latency_ms=67.8489
[2026-08-10T22:26:02] SAMPLE t=51s phase=Path_change adaptation=with_ML throughput_gbps=7.1171 latency_ms=69.3677
[2026-08-10T22:26:03] SAMPLE t=52s phase=Path_change adaptation=with_ML throughput_gbps=7.2359 latency_ms=67.9226
[2026-08-10T22:26:04] SAMPLE t=53s phase=Path_change adaptation=with_ML throughput_gbps=7.1706 latency_ms=69.7936
[2026-08-10T22:26:05] SAMPLE t=54s phase=Path_change adaptation=with_ML throughput_gbps=7.1215 latency_ms=65.9835
[2026-08-10T22:26:06] SAMPLE t=55s phase=Path_change adaptation=with_ML throughput_gbps=7.2107 latency_ms=66.427
[2026-08-10T22:26:07] SAMPLE t=56s phase=Path_change adaptation=with_ML throughput_gbps=7.2833 latency_ms=69.7583
[2026-08-10T22:26:08] SAMPLE t=57s phase=Path_change adaptation=with_ML throughput_gbps=7.352 latency_ms=67.2083
[2026-08-10T22:26:09] SAMPLE t=58s phase=Path_change adaptation=with_ML throughput_gbps=7.6178 latency_ms=69.3197
[2026-08-10T22:26:10] SAMPLE t=59s phase=Path_change adaptation=with_ML throughput_gbps=8.0511 latency_ms=67.4845
[2026-08-10T22:26:11] SAMPLE t=60s phase=Loss_spike adaptation=with_ML throughput_gbps=7.2568 latency_ms=67.3401
[2026-08-10T22:26:12] SAMPLE t=61s phase=Loss_spike adaptation=with_ML throughput_gbps=7.9254 latency_ms=71.0865
[2026-08-10T22:26:13] SAMPLE t=62s phase=Loss_spike adaptation=with_ML throughput_gbps=7.9733 latency_ms=70.4895
[2026-08-10T22:26:14] SAMPLE t=63s phase=Loss_spike adaptation=with_ML throughput_gbps=6.605 latency_ms=69.3599
[2026-08-10T22:26:15] SAMPLE t=64s phase=Loss_spike adaptation=with_ML throughput_gbps=6.3537 latency_ms=71.0395
[2026-08-10T22:26:16] SAMPLE t=65s phase=Loss_spike adaptation=with_ML throughput_gbps=6.9665 latency_ms=66.3472
[2026-08-10T22:26:17] SAMPLE t=66s phase=Loss_spike adaptation=with_ML throughput_gbps=8.1207 latency_ms=70.487
[2026-08-10T22:26:18] SAMPLE t=67s phase=Loss_spike adaptation=with_ML throughput_gbps=7.8568 latency_ms=70.6872
[2026-08-10T22:26:19] SAMPLE t=68s phase=Loss_spike adaptation=with_ML throughput_gbps=6.7775 latency_ms=68.5497
[2026-08-10T22:26:20] SAMPLE t=69s phase=Loss_spike adaptation=with_ML throughput_gbps=6.1549 latency_ms=69.9432
[2026-08-10T22:26:21] SAMPLE t=70s phase=Loss_spike adaptation=with_ML throughput_gbps=7.3655 latency_ms=67.8508
[2026-08-10T22:26:22] SAMPLE t=71s phase=Loss_spike adaptation=with_ML throughput_gbps=8.153 latency_ms=71.2395
[2026-08-10T22:26:23] SAMPLE t=72s phase=Loss_spike adaptation=with_ML throughput_gbps=7.9682 latency_ms=68.8903
[2026-08-10T22:26:24] SAMPLE t=73s phase=Loss_spike adaptation=with_ML throughput_gbps=6.3609 latency_ms=68.5233
[2026-08-10T22:26:25] SAMPLE t=74s phase=Loss_spike adaptation=with_ML throughput_gbps=6.6095 latency_ms=70.2601
[2026-08-10T22:26:26] SAMPLE t=75s phase=Loss_spike adaptation=with_ML throughput_gbps=7.1351 latency_ms=68.5008
[2026-08-10T22:26:27] SAMPLE t=76s phase=Loss_spike adaptation=with_ML throughput_gbps=8.277 latency_ms=72.5557
[2026-08-10T22:26:28] SAMPLE t=77s phase=Loss_spike adaptation=with_ML throughput_gbps=7.7017 latency_ms=69.6852
[2026-08-10T22:26:29] SAMPLE t=78s phase=Loss_spike adaptation=with_ML throughput_gbps=6.5809 latency_ms=69.81
[2026-08-10T22:26:30] SAMPLE t=79s phase=Loss_spike adaptation=with_ML throughput_gbps=6.3911 latency_ms=71.0101
[2026-08-10T22:26:31] SAMPLE t=80s phase=Recovery adaptation=with_ML throughput_gbps=7.682 latency_ms=66.1961
[2026-08-10T22:26:32] SAMPLE t=81s phase=Recovery adaptation=with_ML throughput_gbps=8.1082 latency_ms=64.5917
[2026-08-10T22:26:33] SAMPLE t=82s phase=Recovery adaptation=with_ML throughput_gbps=8.2449 latency_ms=64.7496
[2026-08-10T22:26:34] SAMPLE t=83s phase=Recovery adaptation=with_ML throughput_gbps=7.9022 latency_ms=65.0447
[2026-08-10T22:26:35] SAMPLE t=84s phase=Recovery adaptation=with_ML throughput_gbps=8.3994 latency_ms=65.0831
[2026-08-10T22:26:36] SAMPLE t=85s phase=Recovery adaptation=with_ML throughput_gbps=7.8465 latency_ms=65.3389
[2026-08-10T22:26:37] SAMPLE t=86s phase=Recovery adaptation=with_ML throughput_gbps=8.3717 latency_ms=65.3912
[2026-08-10T22:26:38] SAMPLE t=87s phase=Recovery adaptation=with_ML throughput_gbps=8.4077 latency_ms=65.3826
[2026-08-10T22:26:39] SAMPLE t=88s phase=Recovery adaptation=with_ML throughput_gbps=8.3116 latency_ms=66.7798
[2026-08-10T22:26:40] SAMPLE t=89s phase=Recovery adaptation=with_ML throughput_gbps=8.2651 latency_ms=64.9073
[2026-08-10T22:26:41] SAMPLE t=90s phase=Recovery adaptation=with_ML throughput_gbps=8.5988 latency_ms=65.1582
[2026-08-10T22:26:42] SAMPLE t=91s phase=Recovery adaptation=with_ML throughput_gbps=8.5738 latency_ms=64.4746
[2026-08-10T22:26:43] SAMPLE t=92s phase=Recovery adaptation=with_ML throughput_gbps=8.5331 latency_ms=64.4345
[2026-08-10T22:26:44] SAMPLE t=93s phase=Recovery adaptation=with_ML throughput_gbps=8.3322 latency_ms=63.0807
[2026-08-10T22:26:45] SAMPLE t=94s phase=Recovery adaptation=with_ML throughput_gbps=7.9808 latency_ms=67.5024
[2026-08-10T22:26:46] SAMPLE t=95s phase=Recovery adaptation=with_ML throughput_gbps=8.5778 latency_ms=65.2363
[2026-08-10T22:26:47] SAMPLE t=96s phase=Recovery adaptation=with_ML throughput_gbps=8.7886 latency_ms=63.3973
[2026-08-10T22:26:48] SAMPLE t=97s phase=Recovery adaptation=with_ML throughput_gbps=8.6204 latency_ms=63.4104
[2026-08-10T22:26:49] SAMPLE t=98s phase=Recovery adaptation=with_ML throughput_gbps=8.2703 latency_ms=65.8005
[2026-08-10T22:26:50] SAMPLE t=99s phase=Recovery adaptation=with_ML throughput_gbps=8.5319 latency_ms=63.9419
[2026-08-10T22:25:11] SAMPLE t=0s phase=Stable adaptation=without_ML throughput_gbps=7.9758 latency_ms=64.7255
[2026-08-10T22:25:12] SAMPLE t=1s phase=Stable adaptation=without_ML throughput_gbps=8.1238 latency_ms=65.1441
[2026-08-10T22:25:13] SAMPLE t=2s phase=Stable adaptation=without_ML throughput_gbps=8.025 latency_ms=65.5589
[2026-08-10T22:25:14] SAMPLE t=3s phase=Stable adaptation=without_ML throughput_gbps=7.9946 latency_ms=65.4618
[2026-08-10T22:25:15] SAMPLE t=4s phase=Stable adaptation=without_ML throughput_gbps=7.5741 latency_ms=66.9452
[2026-08-10T22:25:16] SAMPLE t=5s phase=Stable adaptation=without_ML throughput_gbps=8.1553 latency_ms=66.8212
[2026-08-10T22:25:17] SAMPLE t=6s phase=Stable adaptation=without_ML throughput_gbps=7.9427 latency_ms=67.4225
[2026-08-10T22:25:18] SAMPLE t=7s phase=Stable adaptation=without_ML throughput_gbps=8.129 latency_ms=64.5738
[2026-08-10T22:25:19] SAMPLE t=8s phase=Stable adaptation=without_ML throughput_gbps=7.7276 latency_ms=66.4052
[2026-08-10T22:25:20] SAMPLE t=9s phase=Stable adaptation=without_ML throughput_gbps=7.8614 latency_ms=64.1522
[2026-08-10T22:25:21] SAMPLE t=10s phase=Stable adaptation=without_ML throughput_gbps=8.0081 latency_ms=66.9813
[2026-08-10T22:25:22] SAMPLE t=11s phase=Stable adaptation=without_ML throughput_gbps=8.1831 latency_ms=69.7867
[2026-08-10T22:25:23] SAMPLE t=12s phase=Stable adaptation=without_ML throughput_gbps=7.931 latency_ms=68.3966
[2026-08-10T22:25:24] SAMPLE t=13s phase=Stable adaptation=without_ML throughput_gbps=8.3671 latency_ms=65.1604
[2026-08-10T22:25:25] SAMPLE t=14s phase=Stable adaptation=without_ML throughput_gbps=8.3874 latency_ms=69.0856
[2026-08-10T22:25:26] SAMPLE t=15s phase=Stable adaptation=without_ML throughput_gbps=7.4525 latency_ms=67.2628
[2026-08-10T22:25:27] SAMPLE t=16s phase=Stable adaptation=without_ML throughput_gbps=7.6568 latency_ms=65.8124
[2026-08-10T22:25:28] SAMPLE t=17s phase=Stable adaptation=without_ML throughput_gbps=7.9496 latency_ms=66.8793
[2026-08-10T22:25:29] SAMPLE t=18s phase=Stable adaptation=without_ML throughput_gbps=8.1963 latency_ms=66.3709
[2026-08-10T22:25:30] SAMPLE t=19s phase=Stable adaptation=without_ML throughput_gbps=8.2351 latency_ms=65.6107
[2026-08-10T22:25:31] SAMPLE t=20s phase=Congestion adaptation=without_ML throughput_gbps=8.2639 latency_ms=67.3798
[2026-08-10T22:25:32] SAMPLE t=21s phase=Congestion adaptation=without_ML throughput_gbps=8.1831 latency_ms=65.4165
[2026-08-10T22:25:33] SAMPLE t=22s phase=Congestion adaptation=without_ML throughput_gbps=7.8787 latency_ms=65.4204
[2026-08-10T22:25:34] SAMPLE t=23s phase=Congestion adaptation=without_ML throughput_gbps=8.3794 latency_ms=65.2254
[2026-08-10T22:25:35] SAMPLE t=24s phase=Congestion adaptation=without_ML throughput_gbps=8.2437 latency_ms=66.6699
[2026-08-10T22:25:36] SAMPLE t=25s phase=Congestion adaptation=without_ML throughput_gbps=8.3377 latency_ms=67.6777
[2026-08-10T22:25:37] SAMPLE t=26s phase=Congestion adaptation=without_ML throughput_gbps=7.9022 latency_ms=65.2214
[2026-08-10T22:25:38] SAMPLE t=27s phase=Congestion adaptation=without_ML throughput_gbps=8.078 latency_ms=67.1268
[2026-08-10T22:25:39] SAMPLE t=28s phase=Congestion adaptation=without_ML throughput_gbps=7.6998 latency_ms=66.9858
[2026-08-10T22:25:40] SAMPLE t=29s phase=Congestion adaptation=without_ML throughput_gbps=7.9118 latency_ms=67.0471
[2026-08-10T22:25:41] SAMPLE t=30s phase=Congestion adaptation=without_ML throughput_gbps=8.3656 latency_ms=66.5957
[2026-08-10T22:25:42] SAMPLE t=31s phase=Congestion adaptation=without_ML throughput_gbps=7.9366 latency_ms=61.7064
[2026-08-10T22:25:43] SAMPLE t=32s phase=Congestion adaptation=without_ML throughput_gbps=8.3328 latency_ms=67.3351
[2026-08-10T22:25:44] SAMPLE t=33s phase=Congestion adaptation=without_ML throughput_gbps=8.0148 latency_ms=66.9921
[2026-08-10T22:25:45] SAMPLE t=34s phase=Congestion adaptation=without_ML throughput_gbps=7.5002 latency_ms=66.932
[2026-08-10T22:25:46] SAMPLE t=35s phase=Congestion adaptation=without_ML throughput_gbps=7.8092 latency_ms=67.6344
[2026-08-10T22:25:47] SAMPLE t=36s phase=Congestion adaptation=without_ML throughput_gbps=7.8453 latency_ms=65.9184
[2026-08-10T22:25:48] SAMPLE t=37s phase=Congestion adaptation=without_ML throughput_gbps=7.487 latency_ms=66.6697
[2026-08-10T22:25:49] SAMPLE t=38s phase=Congestion adaptation=without_ML throughput_gbps=7.7744 latency_ms=68.3001
[2026-08-10T22:25:50] SAMPLE t=39s phase=Congestion adaptation=without_ML throughput_gbps=8.3361 latency_ms=63.4382
[2026-08-10T22:25:51] SAMPLE t=40s phase=Path_change adaptation=without_ML throughput_gbps=7.6123 latency_ms=68.3351
[2026-08-10T22:25:52] SAMPLE t=41s phase=Path_change adaptation=without_ML throughput_gbps=7.6358 latency_ms=69.0799
[2026-08-10T22:25:53] SAMPLE t=42s phase=Path_change adaptation=without_ML throughput_gbps=7.3749 latency_ms=66.6606
[2026-08-10T22:25:54] SAMPLE t=43s phase=Path_change adaptation=without_ML throughput_gbps=6.6566 latency_ms=68.9682
[2026-08-10T22:25:55] SAMPLE t=44s phase=Path_change adaptation=without_ML throughput_gbps=6.5841 latency_ms=71.6422
[2026-08-10T22:25:56] SAMPLE t=45s phase=Path_change adaptation=without_ML throughput_gbps=6.2049 latency_ms=73.6706
[2026-08-10T22:25:57] SAMPLE t=46s phase=Path_change adaptation=without_ML throughput_gbps=6.3193 latency_ms=70.4206
[2026-08-10T22:25:58] SAMPLE t=47s phase=Path_change adaptation=without_ML throughput_gbps=5.993 latency_ms=73.0974
[2026-08-10T22:25:59] SAMPLE t=48s phase=Path_change adaptation=without_ML throughput_gbps=5.8147 latency_ms=72.9062
[2026-08-10T22:26:00] SAMPLE t=49s phase=Path_change adaptation=without_ML throughput_gbps=6.1657 latency_ms=73.2699
[2026-08-10T22:26:01] SAMPLE t=50s phase=Path_change adaptation=without_ML throughput_gbps=5.7612 latency_ms=74.1235
[2026-08-10T22:26:02] SAMPLE t=51s phase=Path_change adaptation=without_ML throughput_gbps=5.6525 latency_ms=70.6853
[2026-08-10T22:26:03] SAMPLE t=52s phase=Path_change adaptation=without_ML throughput_gbps=5.5675 latency_ms=75.2553
[2026-08-10T22:26:04] SAMPLE t=53s phase=Path_change adaptation=without_ML throughput_gbps=5.9109 latency_ms=70.6679
[2026-08-10T22:26:05] SAMPLE t=54s phase=Path_change adaptation=without_ML throughput_gbps=5.9242 latency_ms=71.8192
[2026-08-10T22:26:06] SAMPLE t=55s phase=Path_change adaptation=without_ML throughput_gbps=6.2707 latency_ms=71.0293
[2026-08-10T22:26:07] SAMPLE t=56s phase=Path_change adaptation=without_ML throughput_gbps=6.472 latency_ms=72.273
[2026-08-10T22:26:08] SAMPLE t=57s phase=Path_change adaptation=without_ML throughput_gbps=6.8131 latency_ms=69.9207
[2026-08-10T22:26:09] SAMPLE t=58s phase=Path_change adaptation=without_ML throughput_gbps=7.3303 latency_ms=67.9763
[2026-08-10T22:26:10] SAMPLE t=59s phase=Path_change adaptation=without_ML throughput_gbps=8.0053 latency_ms=67.0337
[2026-08-10T22:26:11] SAMPLE t=60s phase=Loss_spike adaptation=without_ML throughput_gbps=5.9421 latency_ms=71.2714
[2026-08-10T22:26:12] SAMPLE t=61s phase=Loss_spike adaptation=without_ML throughput_gbps=8.6379 latency_ms=80.7859
[2026-08-10T22:26:13] SAMPLE t=62s phase=Loss_spike adaptation=without_ML throughput_gbps=7.4673 latency_ms=74.3975
[2026-08-10T22:26:14] SAMPLE t=63s phase=Loss_spike adaptation=without_ML throughput_gbps=4.8751 latency_ms=78.0239
[2026-08-10T22:26:15] SAMPLE t=64s phase=Loss_spike adaptation=without_ML throughput_gbps=4.1608 latency_ms=78.298
[2026-08-10T22:26:16] SAMPLE t=65s phase=Loss_spike adaptation=without_ML throughput_gbps=6.3529 latency_ms=69.1943
[2026-08-10T22:26:17] SAMPLE t=66s phase=Loss_spike adaptation=without_ML throughput_gbps=8.1413 latency_ms=78.0284
[2026-08-10T22:26:18] SAMPLE t=67s phase=Loss_spike adaptation=without_ML throughput_gbps=7.9872 latency_ms=75.4269
[2026-08-10T22:26:19] SAMPLE t=68s phase=Loss_spike adaptation=without_ML throughput_gbps=4.6412 latency_ms=75.8469
[2026-08-10T22:26:20] SAMPLE t=69s phase=Loss_spike adaptation=without_ML throughput_gbps=4.0693 latency_ms=80.2962
[2026-08-10T22:26:21] SAMPLE t=70s phase=Loss_spike adaptation=without_ML throughput_gbps=6.0465 latency_ms=71.3824
[2026-08-10T22:26:22] SAMPLE t=71s phase=Loss_spike adaptation=without_ML throughput_gbps=8.4497 latency_ms=79.1029
[2026-08-10T22:26:23] SAMPLE t=72s phase=Loss_spike adaptation=without_ML throughput_gbps=7.5547 latency_ms=76.4709
[2026-08-10T22:26:24] SAMPLE t=73s phase=Loss_spike adaptation=without_ML throughput_gbps=4.686 latency_ms=74.2356
[2026-08-10T22:26:25] SAMPLE t=74s phase=Loss_spike adaptation=without_ML throughput_gbps=3.9292 latency_ms=80.5353
[2026-08-10T22:26:26] SAMPLE t=75s phase=Loss_spike adaptation=without_ML throughput_gbps=6.2545 latency_ms=70.1842
[2026-08-10T22:26:27] SAMPLE t=76s phase=Loss_spike adaptation=without_ML throughput_gbps=8.4497 latency_ms=81.5344
[2026-08-10T22:26:28] SAMPLE t=77s phase=Loss_spike adaptation=without_ML throughput_gbps=7.4616 latency_ms=75.5271
[2026-08-10T22:26:29] SAMPLE t=78s phase=Loss_spike adaptation=without_ML throughput_gbps=4.7533 latency_ms=73.3685
[2026-08-10T22:26:30] SAMPLE t=79s phase=Loss_spike adaptation=without_ML throughput_gbps=4.1792 latency_ms=79.9477
[2026-08-10T22:26:31] SAMPLE t=80s phase=Recovery adaptation=without_ML throughput_gbps=8.3486 latency_ms=68.911
[2026-08-10T22:26:32] SAMPLE t=81s phase=Recovery adaptation=without_ML throughput_gbps=8.009 latency_ms=66.8518
[2026-08-10T22:26:33] SAMPLE t=82s phase=Recovery adaptation=without_ML throughput_gbps=7.9768 latency_ms=63.9321
[2026-08-10T22:26:34] SAMPLE t=83s phase=Recovery adaptation=without_ML throughput_gbps=8.3236 latency_ms=66.0757
[2026-08-10T22:26:35] SAMPLE t=84s phase=Recovery adaptation=without_ML throughput_gbps=8.3575 latency_ms=65.6336
[2026-08-10T22:26:36] SAMPLE t=85s phase=Recovery adaptation=without_ML throughput_gbps=8.0045 latency_ms=66.107
[2026-08-10T22:26:37] SAMPLE t=86s phase=Recovery adaptation=without_ML throughput_gbps=8.1175 latency_ms=66.4874
[2026-08-10T22:26:38] SAMPLE t=87s phase=Recovery adaptation=without_ML throughput_gbps=8.2962 latency_ms=64.5467
[2026-08-10T22:26:39] SAMPLE t=88s phase=Recovery adaptation=without_ML throughput_gbps=7.8307 latency_ms=64.3353
[2026-08-10T22:26:40] SAMPLE t=89s phase=Recovery adaptation=without_ML throughput_gbps=7.9274 latency_ms=65.5732
[2026-08-10T22:26:41] SAMPLE t=90s phase=Recovery adaptation=without_ML throughput_gbps=7.5947 latency_ms=66.5404
[2026-08-10T22:26:42] SAMPLE t=91s phase=Recovery adaptation=without_ML throughput_gbps=7.834 latency_ms=66.4002
[2026-08-10T22:26:43] SAMPLE t=92s phase=Recovery adaptation=without_ML throughput_gbps=7.9188 latency_ms=65.416
[2026-08-10T22:26:44] SAMPLE t=93s phase=Recovery adaptation=without_ML throughput_gbps=8.3303 latency_ms=66.2357
[2026-08-10T22:26:45] SAMPLE t=94s phase=Recovery adaptation=without_ML throughput_gbps=7.9101 latency_ms=64.6799
[2026-08-10T22:26:46] SAMPLE t=95s phase=Recovery adaptation=without_ML throughput_gbps=7.583 latency_ms=68.3735
[2026-08-10T22:26:47] SAMPLE t=96s phase=Recovery adaptation=without_ML throughput_gbps=7.9567 latency_ms=63.4181
[2026-08-10T22:26:48] SAMPLE t=97s phase=Recovery adaptation=without_ML throughput_gbps=7.7834 latency_ms=61.6014
[2026-08-10T22:26:49] SAMPLE t=98s phase=Recovery adaptation=without_ML throughput_gbps=8.2415 latency_ms=67.0087
[2026-08-10T22:26:50] SAMPLE t=99s phase=Recovery adaptation=without_ML throughput_gbps=7.9034 latency_ms=66.4587
[2026-08-10T22:25:11] TRACE_END run_id=66 status=OK
[2026-08-10T22:41:57] TRACE_START run_id=67
[2026-08-10T22:41:57] SAMPLE t=0s phase=Stable adaptation=with_ML throughput_gbps=8.2109 latency_ms=65.6944
[2026-08-10T22:41:58] SAMPLE t=1s phase=Stable adaptation=with_ML throughput_gbps=8.0003 latency_ms=66.8423
[2026-08-10T22:41:59] SAMPLE t=2s phase=Stable adaptation=with_ML throughput_gbps=8.3437 latency_ms=66.3401
[2026-08-10T22:42:00] SAMPLE t=3s phase=Stable adaptation=with_ML throughput_gbps=8.4013 latency_ms=66.9671
[2026-08-10T22:42:01] SAMPLE t=4s phase=Stable adaptation=with_ML throughput_gbps=8.2201 latency_ms=66.3837
[2026-08-10T22:42:02] SAMPLE t=5s phase=Stable adaptation=with_ML throughput_gbps=8.0808 latency_ms=66.0451
[2026-08-10T22:42:03] SAMPLE t=6s phase=Stable adaptation=with_ML throughput_gbps=8.188 latency_ms=67.5145
[2026-08-10T22:42:04] SAMPLE t=7s phase=Stable adaptation=with_ML throughput_gbps=7.8871 latency_ms=65.046
[2026-08-10T22:42:05] SAMPLE t=8s phase=Stable adaptation=with_ML throughput_gbps=7.996 latency_ms=66.5864
[2026-08-10T22:42:06] SAMPLE t=9s phase=Stable adaptation=with_ML throughput_gbps=8.1869 latency_ms=66.7691
[2026-08-10T22:42:07] SAMPLE t=10s phase=Stable adaptation=with_ML throughput_gbps=8.2309 latency_ms=65.6448
[2026-08-10T22:42:08] SAMPLE t=11s phase=Stable adaptation=with_ML throughput_gbps=7.8376 latency_ms=67.4251
[2026-08-10T22:42:09] SAMPLE t=12s phase=Stable adaptation=with_ML throughput_gbps=8.2227 latency_ms=64.3751
[2026-08-10T22:42:10] SAMPLE t=13s phase=Stable adaptation=with_ML throughput_gbps=8.3673 latency_ms=65.347
[2026-08-10T22:42:11] SAMPLE t=14s phase=Stable adaptation=with_ML throughput_gbps=8.0121 latency_ms=68.3316
[2026-08-10T22:42:12] SAMPLE t=15s phase=Stable adaptation=with_ML throughput_gbps=8.448 latency_ms=66.1885
[2026-08-10T22:42:13] SAMPLE t=16s phase=Stable adaptation=with_ML throughput_gbps=8.2623 latency_ms=67.1984
[2026-08-10T22:42:14] SAMPLE t=17s phase=Stable adaptation=with_ML throughput_gbps=7.9845 latency_ms=67.8532
[2026-08-10T22:42:15] SAMPLE t=18s phase=Stable adaptation=with_ML throughput_gbps=8.1168 latency_ms=65.3048
[2026-08-10T22:42:16] SAMPLE t=19s phase=Stable adaptation=with_ML throughput_gbps=8.0502 latency_ms=66.9203
[2026-08-10T22:42:17] SAMPLE t=20s phase=Congestion adaptation=with_ML throughput_gbps=8.341 latency_ms=66.2587
[2026-08-10T22:42:18] SAMPLE t=21s phase=Congestion adaptation=with_ML throughput_gbps=8.3145 latency_ms=67.4751
[2026-08-10T22:42:19] SAMPLE t=22s phase=Congestion adaptation=with_ML throughput_gbps=8.3 latency_ms=67.8761
[2026-08-10T22:42:20] SAMPLE t=23s phase=Congestion adaptation=with_ML throughput_gbps=7.7106 latency_ms=68.2557
[2026-08-10T22:42:21] SAMPLE t=24s phase=Congestion adaptation=with_ML throughput_gbps=8.0806 latency_ms=65.2506
[2026-08-10T22:42:22] SAMPLE t=25s phase=Congestion adaptation=with_ML throughput_gbps=8.0992 latency_ms=64.1769
[2026-08-10T22:42:23] SAMPLE t=26s phase=Congestion adaptation=with_ML throughput_gbps=8.2358 latency_ms=65.3989
[2026-08-10T22:42:24] SAMPLE t=27s phase=Congestion adaptation=with_ML throughput_gbps=7.8709 latency_ms=67.5222
[2026-08-10T22:42:25] SAMPLE t=28s phase=Congestion adaptation=with_ML throughput_gbps=8.612 latency_ms=66.1349
[2026-08-10T22:42:26] SAMPLE t=29s phase=Congestion adaptation=with_ML throughput_gbps=8.3574 latency_ms=66.3255
[2026-08-10T22:42:27] SAMPLE t=30s phase=Congestion adaptation=with_ML throughput_gbps=8.1914 latency_ms=65.2916
[2026-08-10T22:42:28] SAMPLE t=31s phase=Congestion adaptation=with_ML throughput_gbps=8.1608 latency_ms=65.7026
[2026-08-10T22:42:29] SAMPLE t=32s phase=Congestion adaptation=with_ML throughput_gbps=8.207 latency_ms=66.6699
[2026-08-10T22:42:30] SAMPLE t=33s phase=Congestion adaptation=with_ML throughput_gbps=8.1836 latency_ms=67.01
[2026-08-10T22:42:31] SAMPLE t=34s phase=Congestion adaptation=with_ML throughput_gbps=7.9746 latency_ms=67.3532
[2026-08-10T22:42:32] SAMPLE t=35s phase=Congestion adaptation=with_ML throughput_gbps=8.6206 latency_ms=66.2655
[2026-08-10T22:42:33] SAMPLE t=36s phase=Congestion adaptation=with_ML throughput_gbps=8.2358 latency_ms=63.9052
[2026-08-10T22:42:34] SAMPLE t=37s phase=Congestion adaptation=with_ML throughput_gbps=8.2851 latency_ms=67.3058
[2026-08-10T22:42:35] SAMPLE t=38s phase=Congestion adaptation=with_ML throughput_gbps=8.149 latency_ms=67.7278
[2026-08-10T22:42:36] SAMPLE t=39s phase=Congestion adaptation=with_ML throughput_gbps=8.2666 latency_ms=66.9289
[2026-08-10T22:42:37] SAMPLE t=40s phase=Path_change adaptation=with_ML throughput_gbps=8.2462 latency_ms=67.6019
[2026-08-10T22:42:38] SAMPLE t=41s phase=Path_change adaptation=with_ML throughput_gbps=7.7885 latency_ms=65.6629
[2026-08-10T22:42:39] SAMPLE t=42s phase=Path_change adaptation=with_ML throughput_gbps=7.9617 latency_ms=68.4696
[2026-08-10T22:42:40] SAMPLE t=43s phase=Path_change adaptation=with_ML throughput_gbps=7.7565 latency_ms=67.4794
[2026-08-10T22:42:41] SAMPLE t=44s phase=Path_change adaptation=with_ML throughput_gbps=7.568 latency_ms=66.8573
[2026-08-10T22:42:42] SAMPLE t=45s phase=Path_change adaptation=with_ML throughput_gbps=7.4996 latency_ms=67.7203
[2026-08-10T22:42:43] SAMPLE t=46s phase=Path_change adaptation=with_ML throughput_gbps=7.3365 latency_ms=68.9242
[2026-08-10T22:42:44] SAMPLE t=47s phase=Path_change adaptation=with_ML throughput_gbps=7.5706 latency_ms=68.5396
[2026-08-10T22:42:45] SAMPLE t=48s phase=Path_change adaptation=with_ML throughput_gbps=6.8732 latency_ms=68.4786
[2026-08-10T22:42:46] SAMPLE t=49s phase=Path_change adaptation=with_ML throughput_gbps=6.9737 latency_ms=67.4087
[2026-08-10T22:42:47] SAMPLE t=50s phase=Path_change adaptation=with_ML throughput_gbps=7.2783 latency_ms=68.1654
[2026-08-10T22:42:48] SAMPLE t=51s phase=Path_change adaptation=with_ML throughput_gbps=7.2046 latency_ms=68.5473
[2026-08-10T22:42:49] SAMPLE t=52s phase=Path_change adaptation=with_ML throughput_gbps=7.0921 latency_ms=68.2768
[2026-08-10T22:42:50] SAMPLE t=53s phase=Path_change adaptation=with_ML throughput_gbps=7.2822 latency_ms=68.5517
[2026-08-10T22:42:51] SAMPLE t=54s phase=Path_change adaptation=with_ML throughput_gbps=7.1363 latency_ms=68.0176
[2026-08-10T22:42:52] SAMPLE t=55s phase=Path_change adaptation=with_ML throughput_gbps=7.4545 latency_ms=66.5083
[2026-08-10T22:42:53] SAMPLE t=56s phase=Path_change adaptation=with_ML throughput_gbps=7.3425 latency_ms=67.5322
[2026-08-10T22:42:54] SAMPLE t=57s phase=Path_change adaptation=with_ML throughput_gbps=7.8317 latency_ms=67.4939
[2026-08-10T22:42:55] SAMPLE t=58s phase=Path_change adaptation=with_ML throughput_gbps=8.2704 latency_ms=67.1505
[2026-08-10T22:42:56] SAMPLE t=59s phase=Path_change adaptation=with_ML throughput_gbps=7.8387 latency_ms=66.5653
[2026-08-10T22:42:57] SAMPLE t=60s phase=Loss_spike adaptation=with_ML throughput_gbps=7.0928 latency_ms=68.3001
[2026-08-10T22:42:58] SAMPLE t=61s phase=Loss_spike adaptation=with_ML throughput_gbps=8.095 latency_ms=69.7087
[2026-08-10T22:42:59] SAMPLE t=62s phase=Loss_spike adaptation=with_ML throughput_gbps=8.1574 latency_ms=70.3591
[2026-08-10T22:43:00] SAMPLE t=63s phase=Loss_spike adaptation=with_ML throughput_gbps=6.5571 latency_ms=69.0382
[2026-08-10T22:43:01] SAMPLE t=64s phase=Loss_spike adaptation=with_ML throughput_gbps=6.0633 latency_ms=72.0309
[2026-08-10T22:43:02] SAMPLE t=65s phase=Loss_spike adaptation=with_ML throughput_gbps=7.1907 latency_ms=69.2651
[2026-08-10T22:43:03] SAMPLE t=66s phase=Loss_spike adaptation=with_ML throughput_gbps=8.4433 latency_ms=68.3466
[2026-08-10T22:43:04] SAMPLE t=67s phase=Loss_spike adaptation=with_ML throughput_gbps=8.0487 latency_ms=69.7542
[2026-08-10T22:43:05] SAMPLE t=68s phase=Loss_spike adaptation=with_ML throughput_gbps=6.6613 latency_ms=68.4626
[2026-08-10T22:43:06] SAMPLE t=69s phase=Loss_spike adaptation=with_ML throughput_gbps=6.3818 latency_ms=70.1047
[2026-08-10T22:43:07] SAMPLE t=70s phase=Loss_spike adaptation=with_ML throughput_gbps=7.117 latency_ms=67.4387
[2026-08-10T22:43:08] SAMPLE t=71s phase=Loss_spike adaptation=with_ML throughput_gbps=8.1067 latency_ms=69.1513
[2026-08-10T22:43:09] SAMPLE t=72s phase=Loss_spike adaptation=with_ML throughput_gbps=7.8069 latency_ms=71.9898
[2026-08-10T22:43:10] SAMPLE t=73s phase=Loss_spike adaptation=with_ML throughput_gbps=6.9272 latency_ms=68.0729
[2026-08-10T22:43:11] SAMPLE t=74s phase=Loss_spike adaptation=with_ML throughput_gbps=6.1599 latency_ms=70.5894
[2026-08-10T22:43:12] SAMPLE t=75s phase=Loss_spike adaptation=with_ML throughput_gbps=7.7802 latency_ms=67.8099
[2026-08-10T22:43:13] SAMPLE t=76s phase=Loss_spike adaptation=with_ML throughput_gbps=8.3579 latency_ms=70.9362
[2026-08-10T22:43:14] SAMPLE t=77s phase=Loss_spike adaptation=with_ML throughput_gbps=8.0444 latency_ms=68.5475
[2026-08-10T22:43:15] SAMPLE t=78s phase=Loss_spike adaptation=with_ML throughput_gbps=6.5534 latency_ms=69.8751
[2026-08-10T22:43:16] SAMPLE t=79s phase=Loss_spike adaptation=with_ML throughput_gbps=6.3075 latency_ms=69.9944
[2026-08-10T22:43:17] SAMPLE t=80s phase=Recovery adaptation=with_ML throughput_gbps=8.0074 latency_ms=67.6015
[2026-08-10T22:43:18] SAMPLE t=81s phase=Recovery adaptation=with_ML throughput_gbps=8.2078 latency_ms=64.3912
[2026-08-10T22:43:19] SAMPLE t=82s phase=Recovery adaptation=with_ML throughput_gbps=8.0628 latency_ms=66.3799
[2026-08-10T22:43:20] SAMPLE t=83s phase=Recovery adaptation=with_ML throughput_gbps=8.0374 latency_ms=64.6374
[2026-08-10T22:43:21] SAMPLE t=84s phase=Recovery adaptation=with_ML throughput_gbps=8.0386 latency_ms=64.5097
[2026-08-10T22:43:22] SAMPLE t=85s phase=Recovery adaptation=with_ML throughput_gbps=8.2725 latency_ms=67.6269
[2026-08-10T22:43:23] SAMPLE t=86s phase=Recovery adaptation=with_ML throughput_gbps=8.3916 latency_ms=65.4068
[2026-08-10T22:43:24] SAMPLE t=87s phase=Recovery adaptation=with_ML throughput_gbps=8.5239 latency_ms=64.853
[2026-08-10T22:43:25] SAMPLE t=88s phase=Recovery adaptation=with_ML throughput_gbps=8.0124 latency_ms=63.7616
[2026-08-10T22:43:26] SAMPLE t=89s phase=Recovery adaptation=with_ML throughput_gbps=8.5025 latency_ms=66.6142
[2026-08-10T22:43:27] SAMPLE t=90s phase=Recovery adaptation=with_ML throughput_gbps=7.8884 latency_ms=66.2761
[2026-08-10T22:43:28] SAMPLE t=91s phase=Recovery adaptation=with_ML throughput_gbps=8.5205 latency_ms=64.3063
[2026-08-10T22:43:29] SAMPLE t=92s phase=Recovery adaptation=with_ML throughput_gbps=8.2729 latency_ms=66.8259
[2026-08-10T22:43:30] SAMPLE t=93s phase=Recovery adaptation=with_ML throughput_gbps=8.2843 latency_ms=66.6495
[2026-08-10T22:43:31] SAMPLE t=94s phase=Recovery adaptation=with_ML throughput_gbps=8.3422 latency_ms=67.0627
[2026-08-10T22:43:32] SAMPLE t=95s phase=Recovery adaptation=with_ML throughput_gbps=8.5858 latency_ms=65.4885
[2026-08-10T22:43:33] SAMPLE t=96s phase=Recovery adaptation=with_ML throughput_gbps=8.2581 latency_ms=64.5425
[2026-08-10T22:43:34] SAMPLE t=97s phase=Recovery adaptation=with_ML throughput_gbps=8.3981 latency_ms=65.0371
[2026-08-10T22:43:35] SAMPLE t=98s phase=Recovery adaptation=with_ML throughput_gbps=8.7866 latency_ms=64.3436
[2026-08-10T22:43:36] SAMPLE t=99s phase=Recovery adaptation=with_ML throughput_gbps=8.9572 latency_ms=64.8218
[2026-08-10T22:41:57] SAMPLE t=0s phase=Stable adaptation=without_ML throughput_gbps=7.8089 latency_ms=66.7105
[2026-08-10T22:41:58] SAMPLE t=1s phase=Stable adaptation=without_ML throughput_gbps=7.8039 latency_ms=65.2769
[2026-08-10T22:41:59] SAMPLE t=2s phase=Stable adaptation=without_ML throughput_gbps=7.8068 latency_ms=67.9338
[2026-08-10T22:42:00] SAMPLE t=3s phase=Stable adaptation=without_ML throughput_gbps=7.8489 latency_ms=65.0998
[2026-08-10T22:42:01] SAMPLE t=4s phase=Stable adaptation=without_ML throughput_gbps=8.0568 latency_ms=67.6982
[2026-08-10T22:42:02] SAMPLE t=5s phase=Stable adaptation=without_ML throughput_gbps=7.4043 latency_ms=68.8352
[2026-08-10T22:42:03] SAMPLE t=6s phase=Stable adaptation=without_ML throughput_gbps=8.4213 latency_ms=67.2709
[2026-08-10T22:42:04] SAMPLE t=7s phase=Stable adaptation=without_ML throughput_gbps=8.3061 latency_ms=66.5421
[2026-08-10T22:42:05] SAMPLE t=8s phase=Stable adaptation=without_ML throughput_gbps=8.0147 latency_ms=65.5169
[2026-08-10T22:42:06] SAMPLE t=9s phase=Stable adaptation=without_ML throughput_gbps=8.0122 latency_ms=67.1839
[2026-08-10T22:42:07] SAMPLE t=10s phase=Stable adaptation=without_ML throughput_gbps=8.096 latency_ms=65.9165
[2026-08-10T22:42:08] SAMPLE t=11s phase=Stable adaptation=without_ML throughput_gbps=8.0035 latency_ms=66.1464
[2026-08-10T22:42:09] SAMPLE t=12s phase=Stable adaptation=without_ML throughput_gbps=7.7882 latency_ms=65.8405
[2026-08-10T22:42:10] SAMPLE t=13s phase=Stable adaptation=without_ML throughput_gbps=7.9746 latency_ms=65.4717
[2026-08-10T22:42:11] SAMPLE t=14s phase=Stable adaptation=without_ML throughput_gbps=7.7014 latency_ms=64.8788
[2026-08-10T22:42:12] SAMPLE t=15s phase=Stable adaptation=without_ML throughput_gbps=8.0969 latency_ms=65.4008
[2026-08-10T22:42:13] SAMPLE t=16s phase=Stable adaptation=without_ML throughput_gbps=8.3564 latency_ms=66.8773
[2026-08-10T22:42:14] SAMPLE t=17s phase=Stable adaptation=without_ML throughput_gbps=8.4388 latency_ms=63.0002
[2026-08-10T22:42:15] SAMPLE t=18s phase=Stable adaptation=without_ML throughput_gbps=7.9895 latency_ms=64.8116
[2026-08-10T22:42:16] SAMPLE t=19s phase=Stable adaptation=without_ML throughput_gbps=7.9451 latency_ms=66.6386
[2026-08-10T22:42:17] SAMPLE t=20s phase=Congestion adaptation=without_ML throughput_gbps=8.0621 latency_ms=65.7995
[2026-08-10T22:42:18] SAMPLE t=21s phase=Congestion adaptation=without_ML throughput_gbps=7.8245 latency_ms=67.3225
[2026-08-10T22:42:19] SAMPLE t=22s phase=Congestion adaptation=without_ML throughput_gbps=8.1439 latency_ms=65.9068
[2026-08-10T22:42:20] SAMPLE t=23s phase=Congestion adaptation=without_ML throughput_gbps=7.6566 latency_ms=65.717
[2026-08-10T22:42:21] SAMPLE t=24s phase=Congestion adaptation=without_ML throughput_gbps=8.3358 latency_ms=65.1098
[2026-08-10T22:42:22] SAMPLE t=25s phase=Congestion adaptation=without_ML throughput_gbps=8.0893 latency_ms=64.4248
[2026-08-10T22:42:23] SAMPLE t=26s phase=Congestion adaptation=without_ML throughput_gbps=7.9695 latency_ms=68.4589
[2026-08-10T22:42:24] SAMPLE t=27s phase=Congestion adaptation=without_ML throughput_gbps=8.0538 latency_ms=65.504
[2026-08-10T22:42:25] SAMPLE t=28s phase=Congestion adaptation=without_ML throughput_gbps=8.2791 latency_ms=65.5258
[2026-08-10T22:42:26] SAMPLE t=29s phase=Congestion adaptation=without_ML throughput_gbps=8.2415 latency_ms=67.6926
[2026-08-10T22:42:27] SAMPLE t=30s phase=Congestion adaptation=without_ML throughput_gbps=8.1307 latency_ms=62.4557
[2026-08-10T22:42:28] SAMPLE t=31s phase=Congestion adaptation=without_ML throughput_gbps=8.1243 latency_ms=65.8193
[2026-08-10T22:42:29] SAMPLE t=32s phase=Congestion adaptation=without_ML throughput_gbps=7.4463 latency_ms=66.408
[2026-08-10T22:42:30] SAMPLE t=33s phase=Congestion adaptation=without_ML throughput_gbps=8.2347 latency_ms=66.9958
[2026-08-10T22:42:31] SAMPLE t=34s phase=Congestion adaptation=without_ML throughput_gbps=7.5692 latency_ms=64.7651
[2026-08-10T22:42:32] SAMPLE t=35s phase=Congestion adaptation=without_ML throughput_gbps=7.633 latency_ms=67.0254
[2026-08-10T22:42:33] SAMPLE t=36s phase=Congestion adaptation=without_ML throughput_gbps=7.7843 latency_ms=64.2331
[2026-08-10T22:42:34] SAMPLE t=37s phase=Congestion adaptation=without_ML throughput_gbps=7.9824 latency_ms=65.7644
[2026-08-10T22:42:35] SAMPLE t=38s phase=Congestion adaptation=without_ML throughput_gbps=7.8749 latency_ms=66.6646
[2026-08-10T22:42:36] SAMPLE t=39s phase=Congestion adaptation=without_ML throughput_gbps=8.3892 latency_ms=66.486
[2026-08-10T22:42:37] SAMPLE t=40s phase=Path_change adaptation=without_ML throughput_gbps=7.6603 latency_ms=66.4099
[2026-08-10T22:42:38] SAMPLE t=41s phase=Path_change adaptation=without_ML throughput_gbps=7.7656 latency_ms=68.0078
[2026-08-10T22:42:39] SAMPLE t=42s phase=Path_change adaptation=without_ML throughput_gbps=7.2468 latency_ms=68.1581
[2026-08-10T22:42:40] SAMPLE t=43s phase=Path_change adaptation=without_ML throughput_gbps=6.8586 latency_ms=73.0646
[2026-08-10T22:42:41] SAMPLE t=44s phase=Path_change adaptation=without_ML throughput_gbps=6.5213 latency_ms=71.5575
[2026-08-10T22:42:42] SAMPLE t=45s phase=Path_change adaptation=without_ML throughput_gbps=6.4804 latency_ms=70.231
[2026-08-10T22:42:43] SAMPLE t=46s phase=Path_change adaptation=without_ML throughput_gbps=6.2927 latency_ms=73.2998
[2026-08-10T22:42:44] SAMPLE t=47s phase=Path_change adaptation=without_ML throughput_gbps=5.8732 latency_ms=73.5547
[2026-08-10T22:42:45] SAMPLE t=48s phase=Path_change adaptation=without_ML throughput_gbps=5.9428 latency_ms=73.9035
[2026-08-10T22:42:46] SAMPLE t=49s phase=Path_change adaptation=without_ML throughput_gbps=5.6467 latency_ms=74.2404
[2026-08-10T22:42:47] SAMPLE t=50s phase=Path_change adaptation=without_ML throughput_gbps=5.4917 latency_ms=74.4134
[2026-08-10T22:42:48] SAMPLE t=51s phase=Path_change adaptation=without_ML throughput_gbps=5.5527 latency_ms=72.7151
[2026-08-10T22:42:49] SAMPLE t=52s phase=Path_change adaptation=without_ML throughput_gbps=5.5689 latency_ms=75.127
[2026-08-10T22:42:50] SAMPLE t=53s phase=Path_change adaptation=without_ML throughput_gbps=6.1358 latency_ms=76.0205
[2026-08-10T22:42:51] SAMPLE t=54s phase=Path_change adaptation=without_ML throughput_gbps=5.9384 latency_ms=74.3513
[2026-08-10T22:42:52] SAMPLE t=55s phase=Path_change adaptation=without_ML throughput_gbps=6.1809 latency_ms=71.2753
[2026-08-10T22:42:53] SAMPLE t=56s phase=Path_change adaptation=without_ML throughput_gbps=6.8881 latency_ms=68.3653
[2026-08-10T22:42:54] SAMPLE t=57s phase=Path_change adaptation=without_ML throughput_gbps=7.1233 latency_ms=68.5165
[2026-08-10T22:42:55] SAMPLE t=58s phase=Path_change adaptation=without_ML throughput_gbps=7.2022 latency_ms=67.6588
[2026-08-10T22:42:56] SAMPLE t=59s phase=Path_change adaptation=without_ML throughput_gbps=7.6721 latency_ms=67.993
[2026-08-10T22:42:57] SAMPLE t=60s phase=Loss_spike adaptation=without_ML throughput_gbps=6.0233 latency_ms=69.8154
[2026-08-10T22:42:58] SAMPLE t=61s phase=Loss_spike adaptation=without_ML throughput_gbps=8.5577 latency_ms=78.5315
[2026-08-10T22:42:59] SAMPLE t=62s phase=Loss_spike adaptation=without_ML throughput_gbps=7.4557 latency_ms=74.7014
[2026-08-10T22:43:00] SAMPLE t=63s phase=Loss_spike adaptation=without_ML throughput_gbps=4.8343 latency_ms=78.3937
[2026-08-10T22:43:01] SAMPLE t=64s phase=Loss_spike adaptation=without_ML throughput_gbps=3.9148 latency_ms=77.6593
[2026-08-10T22:43:02] SAMPLE t=65s phase=Loss_spike adaptation=without_ML throughput_gbps=6.1691 latency_ms=69.1916
[2026-08-10T22:43:03] SAMPLE t=66s phase=Loss_spike adaptation=without_ML throughput_gbps=8.6369 latency_ms=80.4592
[2026-08-10T22:43:04] SAMPLE t=67s phase=Loss_spike adaptation=without_ML throughput_gbps=7.8243 latency_ms=76.4357
[2026-08-10T22:43:05] SAMPLE t=68s phase=Loss_spike adaptation=without_ML throughput_gbps=4.8205 latency_ms=75.9817
[2026-08-10T22:43:06] SAMPLE t=69s phase=Loss_spike adaptation=without_ML throughput_gbps=4.0106 latency_ms=78.2775
[2026-08-10T22:43:07] SAMPLE t=70s phase=Loss_spike adaptation=without_ML throughput_gbps=6.4171 latency_ms=72.7271
[2026-08-10T22:43:08] SAMPLE t=71s phase=Loss_spike adaptation=without_ML throughput_gbps=8.8417 latency_ms=79.0458
[2026-08-10T22:43:09] SAMPLE t=72s phase=Loss_spike adaptation=without_ML throughput_gbps=7.6513 latency_ms=75.0079
[2026-08-10T22:43:10] SAMPLE t=73s phase=Loss_spike adaptation=without_ML throughput_gbps=4.8718 latency_ms=75.0846
[2026-08-10T22:43:11] SAMPLE t=74s phase=Loss_spike adaptation=without_ML throughput_gbps=3.9676 latency_ms=79.4735
[2026-08-10T22:43:12] SAMPLE t=75s phase=Loss_spike adaptation=without_ML throughput_gbps=6.0318 latency_ms=69.2993
[2026-08-10T22:43:13] SAMPLE t=76s phase=Loss_spike adaptation=without_ML throughput_gbps=8.7372 latency_ms=79.6733
[2026-08-10T22:43:14] SAMPLE t=77s phase=Loss_spike adaptation=without_ML throughput_gbps=7.8848 latency_ms=76.8658
[2026-08-10T22:43:15] SAMPLE t=78s phase=Loss_spike adaptation=without_ML throughput_gbps=4.8876 latency_ms=78.2033
[2026-08-10T22:43:16] SAMPLE t=79s phase=Loss_spike adaptation=without_ML throughput_gbps=3.9089 latency_ms=78.176
[2026-08-10T22:43:17] SAMPLE t=80s phase=Recovery adaptation=without_ML throughput_gbps=7.7784 latency_ms=68.191
[2026-08-10T22:43:18] SAMPLE t=81s phase=Recovery adaptation=without_ML throughput_gbps=7.8165 latency_ms=67.4587
[2026-08-10T22:43:19] SAMPLE t=82s phase=Recovery adaptation=without_ML throughput_gbps=8.3768 latency_ms=69.338
[2026-08-10T22:43:20] SAMPLE t=83s phase=Recovery adaptation=without_ML throughput_gbps=7.4683 latency_ms=67.6937
[2026-08-10T22:43:21] SAMPLE t=84s phase=Recovery adaptation=without_ML throughput_gbps=7.6564 latency_ms=65.9119
[2026-08-10T22:43:22] SAMPLE t=85s phase=Recovery adaptation=without_ML throughput_gbps=7.9597 latency_ms=64.3956
[2026-08-10T22:43:23] SAMPLE t=86s phase=Recovery adaptation=without_ML throughput_gbps=7.7882 latency_ms=62.6018
[2026-08-10T22:43:24] SAMPLE t=87s phase=Recovery adaptation=without_ML throughput_gbps=8.0591 latency_ms=65.2447
[2026-08-10T22:43:25] SAMPLE t=88s phase=Recovery adaptation=without_ML throughput_gbps=8.2483 latency_ms=67.4472
[2026-08-10T22:43:26] SAMPLE t=89s phase=Recovery adaptation=without_ML throughput_gbps=8.035 latency_ms=66.3998
[2026-08-10T22:43:27] SAMPLE t=90s phase=Recovery adaptation=without_ML throughput_gbps=8.1003 latency_ms=64.7597
[2026-08-10T22:43:28] SAMPLE t=91s phase=Recovery adaptation=without_ML throughput_gbps=8.2581 latency_ms=65.7118
[2026-08-10T22:43:29] SAMPLE t=92s phase=Recovery adaptation=without_ML throughput_gbps=7.61 latency_ms=66.3959
[2026-08-10T22:43:30] SAMPLE t=93s phase=Recovery adaptation=without_ML throughput_gbps=8.0759 latency_ms=68.6335
[2026-08-10T22:43:31] SAMPLE t=94s phase=Recovery adaptation=without_ML throughput_gbps=8.2801 latency_ms=64.7258
[2026-08-10T22:43:32] SAMPLE t=95s phase=Recovery adaptation=without_ML throughput_gbps=8.1628 latency_ms=67.6092
[2026-08-10T22:43:33] SAMPLE t=96s phase=Recovery adaptation=without_ML throughput_gbps=7.8786 latency_ms=65.8091
[2026-08-10T22:43:34] SAMPLE t=97s phase=Recovery adaptation=without_ML throughput_gbps=8.1684 latency_ms=65.0793
[2026-08-10T22:43:35] SAMPLE t=98s phase=Recovery adaptation=without_ML throughput_gbps=7.6851 latency_ms=65.4931
[2026-08-10T22:43:36] SAMPLE t=99s phase=Recovery adaptation=without_ML throughput_gbps=7.8917 latency_ms=64.7368
[2026-08-10T22:41:57] TRACE_END run_id=67 status=OK
