[2026-08-09T00:40:02] TRACE_START run_id=39
[2026-08-09T00:40:02] SAMPLE t=0s phase=Stable adaptation=with_ML throughput_gbps=8.0967 latency_ms=66.2199
[2026-08-09T00:40:03] SAMPLE t=1s phase=Stable adaptation=with_ML throughput_gbps=7.6863 latency_ms=67.2474
[2026-08-09T00:40:04] SAMPLE t=2s phase=Stable adaptation=with_ML throughput_gbps=7.6783 latency_ms=65.3703
[2026-08-09T00:40:05] SAMPLE t=3s phase=Stable adaptation=with_ML throughput_gbps=8.1739 latency_ms=66.2115
[2026-08-09T00:40:06] SAMPLE t=4s phase=Stable adaptation=with_ML throughput_gbps=8.1529 latency_ms=66.9677
[2026-08-09T00:40:07] SAMPLE t=5s phase=Stable adaptation=with_ML throughput_gbps=8.0656 latency_ms=65.8601
[2026-08-09T00:40:08] SAMPLE t=6s phase=Stable adaptation=with_ML throughput_gbps=8.899 latency_ms=66.4177
[2026-08-09T00:40:09] SAMPLE t=7s phase=Stable adaptation=with_ML throughput_gbps=8.2995 latency_ms=65.7384
[2026-08-09T00:40:10] SAMPLE t=8s phase=Stable adaptation=with_ML throughput_gbps=8.0171 latency_ms=68.0808
[2026-08-09T00:40:11] SAMPLE t=9s phase=Stable adaptation=with_ML throughput_gbps=8.3081 latency_ms=67.7913
[2026-08-09T00:40:12] SAMPLE t=10s phase=Stable adaptation=with_ML throughput_gbps=7.9983 latency_ms=67.2423
[2026-08-09T00:40:13] SAMPLE t=11s phase=Stable adaptation=with_ML throughput_gbps=7.9733 latency_ms=65.6256
[2026-08-09T00:40:14] SAMPLE t=12s phase=Stable adaptation=with_ML throughput_gbps=8.2232 latency_ms=67.9494
[2026-08-09T00:40:15] SAMPLE t=13s phase=Stable adaptation=with_ML throughput_gbps=8.0973 latency_ms=67.4831
[2026-08-09T00:40:16] SAMPLE t=14s phase=Stable adaptation=with_ML throughput_gbps=7.9675 latency_ms=66.3323
[2026-08-09T00:40:17] SAMPLE t=15s phase=Stable adaptation=with_ML throughput_gbps=7.7763 latency_ms=64.2755
[2026-08-09T00:40:18] SAMPLE t=16s phase=Stable adaptation=with_ML throughput_gbps=8.1801 latency_ms=65.4454
[2026-08-09T00:40:19] SAMPLE t=17s phase=Stable adaptation=with_ML throughput_gbps=8.1068 latency_ms=66.803
[2026-08-09T00:40:20] SAMPLE t=18s phase=Stable adaptation=with_ML throughput_gbps=8.369 latency_ms=66.2191
[2026-08-09T00:40:21] SAMPLE t=19s phase=Stable adaptation=with_ML throughput_gbps=8.2274 latency_ms=66.0992
[2026-08-09T00:40:22] SAMPLE t=20s phase=Congestion adaptation=with_ML throughput_gbps=8.1864 latency_ms=66.4373
[2026-08-09T00:40:23] SAMPLE t=21s phase=Congestion adaptation=with_ML throughput_gbps=8.0483 latency_ms=66.7646
[2026-08-09T00:40:24] SAMPLE t=22s phase=Congestion adaptation=with_ML throughput_gbps=7.9491 latency_ms=67.7012
[2026-08-09T00:40:25] SAMPLE t=23s phase=Congestion adaptation=with_ML throughput_gbps=8.7355 latency_ms=67.2646
[2026-08-09T00:40:26] SAMPLE t=24s phase=Congestion adaptation=with_ML throughput_gbps=8.2209 latency_ms=66.2452
[2026-08-09T00:40:27] SAMPLE t=25s phase=Congestion adaptation=with_ML throughput_gbps=8.3749 latency_ms=67.5034
[2026-08-09T00:40:28] SAMPLE t=26s phase=Congestion adaptation=with_ML throughput_gbps=8.3116 latency_ms=67.2657
[2026-08-09T00:40:29] SAMPLE t=27s phase=Congestion adaptation=with_ML throughput_gbps=8.3259 latency_ms=67.1115
[2026-08-09T00:40:30] SAMPLE t=28s phase=Congestion adaptation=with_ML throughput_gbps=8.2002 latency_ms=65.639
[2026-08-09T00:40:31] SAMPLE t=29s phase=Congestion adaptation=with_ML throughput_gbps=8.2422 latency_ms=67.3931
[2026-08-09T00:40:32] SAMPLE t=30s phase=Congestion adaptation=with_ML throughput_gbps=8.0836 latency_ms=65.4598
[2026-08-09T00:40:33] SAMPLE t=31s phase=Congestion adaptation=with_ML throughput_gbps=7.8561 latency_ms=68.9282
[2026-08-09T00:40:34] SAMPLE t=32s phase=Congestion adaptation=with_ML throughput_gbps=7.9738 latency_ms=65.5939
[2026-08-09T00:40:35] SAMPLE t=33s phase=Congestion adaptation=with_ML throughput_gbps=7.8111 latency_ms=66.1463
[2026-08-09T00:40:36] SAMPLE t=34s phase=Congestion adaptation=with_ML throughput_gbps=8.1165 latency_ms=66.7631
[2026-08-09T00:40:37] SAMPLE t=35s phase=Congestion adaptation=with_ML throughput_gbps=8.0025 latency_ms=65.5571
[2026-08-09T00:40:38] SAMPLE t=36s phase=Congestion adaptation=with_ML throughput_gbps=8.0172 latency_ms=67.5369
[2026-08-09T00:40:39] SAMPLE t=37s phase=Congestion adaptation=with_ML throughput_gbps=8.0426 latency_ms=68.2929
[2026-08-09T00:40:40] SAMPLE t=38s phase=Congestion adaptation=with_ML throughput_gbps=8.5774 latency_ms=66.1401
[2026-08-09T00:40:41] SAMPLE t=39s phase=Congestion adaptation=with_ML throughput_gbps=7.8414 latency_ms=65.5878
[2026-08-09T00:40:42] SAMPLE t=40s phase=Path_change adaptation=with_ML throughput_gbps=7.9611 latency_ms=63.5734
[2026-08-09T00:40:43] SAMPLE t=41s phase=Path_change adaptation=with_ML throughput_gbps=8.1183 latency_ms=65.7355
[2026-08-09T00:40:44] SAMPLE t=42s phase=Path_change adaptation=with_ML throughput_gbps=8.2048 latency_ms=65.1839
[2026-08-09T00:40:45] SAMPLE t=43s phase=Path_change adaptation=with_ML throughput_gbps=7.8585 latency_ms=67.028
[2026-08-09T00:40:46] SAMPLE t=44s phase=Path_change adaptation=with_ML throughput_gbps=7.6586 latency_ms=68.9745
[2026-08-09T00:40:47] SAMPLE t=45s phase=Path_change adaptation=with_ML throughput_gbps=7.5182 latency_ms=66.2038
[2026-08-09T00:40:48] SAMPLE t=46s phase=Path_change adaptation=with_ML throughput_gbps=7.4138 latency_ms=69.0805
[2026-08-09T00:40:49] SAMPLE t=47s phase=Path_change adaptation=with_ML throughput_gbps=7.4413 latency_ms=68.9985
[2026-08-09T00:40:50] SAMPLE t=48s phase=Path_change adaptation=with_ML throughput_gbps=7.2912 latency_ms=68.2157
[2026-08-09T00:40:51] SAMPLE t=49s phase=Path_change adaptation=with_ML throughput_gbps=6.9367 latency_ms=71.3723
[2026-08-09T00:40:52] SAMPLE t=50s phase=Path_change adaptation=with_ML throughput_gbps=7.1213 latency_ms=69.2087
[2026-08-09T00:40:53] SAMPLE t=51s phase=Path_change adaptation=with_ML throughput_gbps=7.2088 latency_ms=68.868
[2026-08-09T00:40:54] SAMPLE t=52s phase=Path_change adaptation=with_ML throughput_gbps=7.11 latency_ms=66.5735
[2026-08-09T00:40:55] SAMPLE t=53s phase=Path_change adaptation=with_ML throughput_gbps=7.2175 latency_ms=69.8022
[2026-08-09T00:40:56] SAMPLE t=54s phase=Path_change adaptation=with_ML throughput_gbps=7.587 latency_ms=68.8038
[2026-08-09T00:40:57] SAMPLE t=55s phase=Path_change adaptation=with_ML throughput_gbps=7.3663 latency_ms=67.2247
[2026-08-09T00:40:58] SAMPLE t=56s phase=Path_change adaptation=with_ML throughput_gbps=7.8136 latency_ms=66.3295
[2026-08-09T00:40:59] SAMPLE t=57s phase=Path_change adaptation=with_ML throughput_gbps=7.8545 latency_ms=66.919
[2026-08-09T00:41:00] SAMPLE t=58s phase=Path_change adaptation=with_ML throughput_gbps=7.5432 latency_ms=69.0192
[2026-08-09T00:41:01] SAMPLE t=59s phase=Path_change adaptation=with_ML throughput_gbps=7.9593 latency_ms=66.2873
[2026-08-09T00:41:02] SAMPLE t=60s phase=Loss_spike adaptation=with_ML throughput_gbps=7.3896 latency_ms=68.4359
[2026-08-09T00:41:03] SAMPLE t=61s phase=Loss_spike adaptation=with_ML throughput_gbps=8.491 latency_ms=72.4621
[2026-08-09T00:41:04] SAMPLE t=62s phase=Loss_spike adaptation=with_ML throughput_gbps=7.9089 latency_ms=68.6781
[2026-08-09T00:41:05] SAMPLE t=63s phase=Loss_spike adaptation=with_ML throughput_gbps=6.7688 latency_ms=69.5775
[2026-08-09T00:41:06] SAMPLE t=64s phase=Loss_spike adaptation=with_ML throughput_gbps=6.0346 latency_ms=69.08
[2026-08-09T00:41:07] SAMPLE t=65s phase=Loss_spike adaptation=with_ML throughput_gbps=7.6488 latency_ms=68.3236
[2026-08-09T00:41:08] SAMPLE t=66s phase=Loss_spike adaptation=with_ML throughput_gbps=8.3335 latency_ms=73.0752
[2026-08-09T00:41:09] SAMPLE t=67s phase=Loss_spike adaptation=with_ML throughput_gbps=7.8115 latency_ms=71.2479
[2026-08-09T00:41:10] SAMPLE t=68s phase=Loss_spike adaptation=with_ML throughput_gbps=6.6603 latency_ms=69.2392
[2026-08-09T00:41:11] SAMPLE t=69s phase=Loss_spike adaptation=with_ML throughput_gbps=6.3592 latency_ms=68.9796
[2026-08-09T00:41:12] SAMPLE t=70s phase=Loss_spike adaptation=with_ML throughput_gbps=7.2735 latency_ms=67.9811
[2026-08-09T00:41:13] SAMPLE t=71s phase=Loss_spike adaptation=with_ML throughput_gbps=8.4292 latency_ms=72.0046
[2026-08-09T00:41:14] SAMPLE t=72s phase=Loss_spike adaptation=with_ML throughput_gbps=8.0353 latency_ms=70.0204
[2026-08-09T00:41:15] SAMPLE t=73s phase=Loss_spike adaptation=with_ML throughput_gbps=6.4071 latency_ms=69.6552
[2026-08-09T00:41:16] SAMPLE t=74s phase=Loss_spike adaptation=with_ML throughput_gbps=6.3733 latency_ms=70.7187
[2026-08-09T00:41:17] SAMPLE t=75s phase=Loss_spike adaptation=with_ML throughput_gbps=7.3001 latency_ms=66.6237
[2026-08-09T00:41:18] SAMPLE t=76s phase=Loss_spike adaptation=with_ML throughput_gbps=8.1436 latency_ms=69.876
[2026-08-09T00:41:19] SAMPLE t=77s phase=Loss_spike adaptation=with_ML throughput_gbps=8.0717 latency_ms=74.1851
[2026-08-09T00:41:20] SAMPLE t=78s phase=Loss_spike adaptation=with_ML throughput_gbps=6.9823 latency_ms=68.4989
[2026-08-09T00:41:21] SAMPLE t=79s phase=Loss_spike adaptation=with_ML throughput_gbps=6.2122 latency_ms=71.9419
[2026-08-09T00:41:22] SAMPLE t=80s phase=Recovery adaptation=with_ML throughput_gbps=8.0689 latency_ms=65.0667
[2026-08-09T00:41:23] SAMPLE t=81s phase=Recovery adaptation=with_ML throughput_gbps=8.0736 latency_ms=64.5843
[2026-08-09T00:41:24] SAMPLE t=82s phase=Recovery adaptation=with_ML throughput_gbps=8.1429 latency_ms=66.0997
[2026-08-09T00:41:25] SAMPLE t=83s phase=Recovery adaptation=with_ML throughput_gbps=7.9859 latency_ms=64.3024
[2026-08-09T00:41:26] SAMPLE t=84s phase=Recovery adaptation=with_ML throughput_gbps=8.2944 latency_ms=65.6584
[2026-08-09T00:41:27] SAMPLE t=85s phase=Recovery adaptation=with_ML throughput_gbps=8.4105 latency_ms=66.4716
[2026-08-09T00:41:28] SAMPLE t=86s phase=Recovery adaptation=with_ML throughput_gbps=8.1502 latency_ms=66.6944
[2026-08-09T00:41:29] SAMPLE t=87s phase=Recovery adaptation=with_ML throughput_gbps=8.2952 latency_ms=64.7607
[2026-08-09T00:41:30] SAMPLE t=88s phase=Recovery adaptation=with_ML throughput_gbps=8.1388 latency_ms=63.5349
[2026-08-09T00:41:31] SAMPLE t=89s phase=Recovery adaptation=with_ML throughput_gbps=8.4194 latency_ms=64.7705
[2026-08-09T00:41:32] SAMPLE t=90s phase=Recovery adaptation=with_ML throughput_gbps=8.542 latency_ms=66.6725
[2026-08-09T00:41:33] SAMPLE t=91s phase=Recovery adaptation=with_ML throughput_gbps=8.247 latency_ms=65.0813
[2026-08-09T00:41:34] SAMPLE t=92s phase=Recovery adaptation=with_ML throughput_gbps=8.2982 latency_ms=65.4876
[2026-08-09T00:41:35] SAMPLE t=93s phase=Recovery adaptation=with_ML throughput_gbps=8.4188 latency_ms=63.2339
[2026-08-09T00:41:36] SAMPLE t=94s phase=Recovery adaptation=with_ML throughput_gbps=8.2134 latency_ms=64.7078
[2026-08-09T00:41:37] SAMPLE t=95s phase=Recovery adaptation=with_ML throughput_gbps=8.4019 latency_ms=65.1391
[2026-08-09T00:41:38] SAMPLE t=96s phase=Recovery adaptation=with_ML throughput_gbps=8.4498 latency_ms=64.459
[2026-08-09T00:41:39] SAMPLE t=97s phase=Recovery adaptation=with_ML throughput_gbps=8.5341 latency_ms=64.4048
[2026-08-09T00:41:40] SAMPLE t=98s phase=Recovery adaptation=with_ML throughput_gbps=8.2626 latency_ms=67.2957
[2026-08-09T00:41:41] SAMPLE t=99s phase=Recovery adaptation=with_ML throughput_gbps=8.5052 latency_ms=64.1946
[2026-08-09T00:40:02] SAMPLE t=0s phase=Stable adaptation=without_ML throughput_gbps=8.1096 latency_ms=65.4327
[2026-08-09T00:40:03] SAMPLE t=1s phase=Stable adaptation=without_ML throughput_gbps=7.7236 latency_ms=68.9624
[2026-08-09T00:40:04] SAMPLE t=2s phase=Stable adaptation=without_ML throughput_gbps=7.8887 latency_ms=64.6128
[2026-08-09T00:40:05] SAMPLE t=3s phase=Stable adaptation=without_ML throughput_gbps=8.3434 latency_ms=65.3528
[2026-08-09T00:40:06] SAMPLE t=4s phase=Stable adaptation=without_ML throughput_gbps=7.8502 latency_ms=64.9804
[2026-08-09T00:40:07] SAMPLE t=5s phase=Stable adaptation=without_ML throughput_gbps=7.6838 latency_ms=65.492
[2026-08-09T00:40:08] SAMPLE t=6s phase=Stable adaptation=without_ML throughput_gbps=8.2179 latency_ms=66.2763
[2026-08-09T00:40:09] SAMPLE t=7s phase=Stable adaptation=without_ML throughput_gbps=7.6925 latency_ms=67.4758
[2026-08-09T00:40:10] SAMPLE t=8s phase=Stable adaptation=without_ML throughput_gbps=7.7767 latency_ms=66.0909
[2026-08-09T00:40:11] SAMPLE t=9s phase=Stable adaptation=without_ML throughput_gbps=8.302 latency_ms=65.1774
[2026-08-09T00:40:12] SAMPLE t=10s phase=Stable adaptation=without_ML throughput_gbps=8.1624 latency_ms=68.0715
[2026-08-09T00:40:13] SAMPLE t=11s phase=Stable adaptation=without_ML throughput_gbps=8.3933 latency_ms=67.2724
[2026-08-09T00:40:14] SAMPLE t=12s phase=Stable adaptation=without_ML throughput_gbps=8.0648 latency_ms=64.5431
[2026-08-09T00:40:15] SAMPLE t=13s phase=Stable adaptation=without_ML throughput_gbps=8.0419 latency_ms=67.8524
[2026-08-09T00:40:16] SAMPLE t=14s phase=Stable adaptation=without_ML throughput_gbps=8.3518 latency_ms=66.3335
[2026-08-09T00:40:17] SAMPLE t=15s phase=Stable adaptation=without_ML throughput_gbps=7.7347 latency_ms=63.6584
[2026-08-09T00:40:18] SAMPLE t=16s phase=Stable adaptation=without_ML throughput_gbps=8.0234 latency_ms=64.9641
[2026-08-09T00:40:19] SAMPLE t=17s phase=Stable adaptation=without_ML throughput_gbps=7.7363 latency_ms=66.104
[2026-08-09T00:40:20] SAMPLE t=18s phase=Stable adaptation=without_ML throughput_gbps=7.7381 latency_ms=67.4067
[2026-08-09T00:40:21] SAMPLE t=19s phase=Stable adaptation=without_ML throughput_gbps=8.1316 latency_ms=65.7927
[2026-08-09T00:40:22] SAMPLE t=20s phase=Congestion adaptation=without_ML throughput_gbps=8.4611 latency_ms=64.7175
[2026-08-09T00:40:23] SAMPLE t=21s phase=Congestion adaptation=without_ML throughput_gbps=7.9826 latency_ms=67.7159
[2026-08-09T00:40:24] SAMPLE t=22s phase=Congestion adaptation=without_ML throughput_gbps=8.0522 latency_ms=64.327
[2026-08-09T00:40:25] SAMPLE t=23s phase=Congestion adaptation=without_ML throughput_gbps=7.9478 latency_ms=67.2379
[2026-08-09T00:40:26] SAMPLE t=24s phase=Congestion adaptation=without_ML throughput_gbps=7.9262 latency_ms=66.2695
[2026-08-09T00:40:27] SAMPLE t=25s phase=Congestion adaptation=without_ML throughput_gbps=8.0224 latency_ms=66.7844
[2026-08-09T00:40:28] SAMPLE t=26s phase=Congestion adaptation=without_ML throughput_gbps=7.9681 latency_ms=65.7792
[2026-08-09T00:40:29] SAMPLE t=27s phase=Congestion adaptation=without_ML throughput_gbps=8.3188 latency_ms=65.7424
[2026-08-09T00:40:30] SAMPLE t=28s phase=Congestion adaptation=without_ML throughput_gbps=8.6032 latency_ms=65.3791
[2026-08-09T00:40:31] SAMPLE t=29s phase=Congestion adaptation=without_ML throughput_gbps=7.7124 latency_ms=64.853
[2026-08-09T00:40:32] SAMPLE t=30s phase=Congestion adaptation=without_ML throughput_gbps=8.0643 latency_ms=65.9435
[2026-08-09T00:40:33] SAMPLE t=31s phase=Congestion adaptation=without_ML throughput_gbps=7.4677 latency_ms=66.7685
[2026-08-09T00:40:34] SAMPLE t=32s phase=Congestion adaptation=without_ML throughput_gbps=7.9885 latency_ms=64.9638
[2026-08-09T00:40:35] SAMPLE t=33s phase=Congestion adaptation=without_ML throughput_gbps=7.8988 latency_ms=66.6695
[2026-08-09T00:40:36] SAMPLE t=34s phase=Congestion adaptation=without_ML throughput_gbps=8.1636 latency_ms=65.5848
[2026-08-09T00:40:37] SAMPLE t=35s phase=Congestion adaptation=without_ML throughput_gbps=7.4991 latency_ms=66.9757
[2026-08-09T00:40:38] SAMPLE t=36s phase=Congestion adaptation=without_ML throughput_gbps=7.9352 latency_ms=68.1083
[2026-08-09T00:40:39] SAMPLE t=37s phase=Congestion adaptation=without_ML throughput_gbps=8.3598 latency_ms=65.8951
[2026-08-09T00:40:40] SAMPLE t=38s phase=Congestion adaptation=without_ML throughput_gbps=8.2347 latency_ms=65.3325
[2026-08-09T00:40:41] SAMPLE t=39s phase=Congestion adaptation=without_ML throughput_gbps=8.2512 latency_ms=66.8896
[2026-08-09T00:40:42] SAMPLE t=40s phase=Path_change adaptation=without_ML throughput_gbps=8.0204 latency_ms=68.8385
[2026-08-09T00:40:43] SAMPLE t=41s phase=Path_change adaptation=without_ML throughput_gbps=7.6099 latency_ms=67.0399
[2026-08-09T00:40:44] SAMPLE t=42s phase=Path_change adaptation=without_ML throughput_gbps=7.384 latency_ms=67.8042
[2026-08-09T00:40:45] SAMPLE t=43s phase=Path_change adaptation=without_ML throughput_gbps=7.1044 latency_ms=68.9989
[2026-08-09T00:40:46] SAMPLE t=44s phase=Path_change adaptation=without_ML throughput_gbps=6.7945 latency_ms=70.1792
[2026-08-09T00:40:47] SAMPLE t=45s phase=Path_change adaptation=without_ML throughput_gbps=6.1843 latency_ms=70.4465
[2026-08-09T00:40:48] SAMPLE t=46s phase=Path_change adaptation=without_ML throughput_gbps=6.1676 latency_ms=70.9784
[2026-08-09T00:40:49] SAMPLE t=47s phase=Path_change adaptation=without_ML throughput_gbps=5.8174 latency_ms=70.3583
[2026-08-09T00:40:50] SAMPLE t=48s phase=Path_change adaptation=without_ML throughput_gbps=5.8389 latency_ms=74.3133
[2026-08-09T00:40:51] SAMPLE t=49s phase=Path_change adaptation=without_ML throughput_gbps=5.5354 latency_ms=74.1834
[2026-08-09T00:40:52] SAMPLE t=50s phase=Path_change adaptation=without_ML throughput_gbps=5.6956 latency_ms=71.4601
[2026-08-09T00:40:53] SAMPLE t=51s phase=Path_change adaptation=without_ML throughput_gbps=5.7647 latency_ms=74.0535
[2026-08-09T00:40:54] SAMPLE t=52s phase=Path_change adaptation=without_ML throughput_gbps=5.6223 latency_ms=71.1531
[2026-08-09T00:40:55] SAMPLE t=53s phase=Path_change adaptation=without_ML throughput_gbps=5.9104 latency_ms=72.6934
[2026-08-09T00:40:56] SAMPLE t=54s phase=Path_change adaptation=without_ML throughput_gbps=6.0637 latency_ms=71.1058
[2026-08-09T00:40:57] SAMPLE t=55s phase=Path_change adaptation=without_ML throughput_gbps=6.2452 latency_ms=73.1173
[2026-08-09T00:40:58] SAMPLE t=56s phase=Path_change adaptation=without_ML throughput_gbps=6.6442 latency_ms=69.1053
[2026-08-09T00:40:59] SAMPLE t=57s phase=Path_change adaptation=without_ML throughput_gbps=7.1527 latency_ms=67.1916
[2026-08-09T00:41:00] SAMPLE t=58s phase=Path_change adaptation=without_ML throughput_gbps=7.2558 latency_ms=67.1912
[2026-08-09T00:41:01] SAMPLE t=59s phase=Path_change adaptation=without_ML throughput_gbps=7.6569 latency_ms=65.0941
[2026-08-09T00:41:02] SAMPLE t=60s phase=Loss_spike adaptation=without_ML throughput_gbps=6.37 latency_ms=69.931
[2026-08-09T00:41:03] SAMPLE t=61s phase=Loss_spike adaptation=without_ML throughput_gbps=8.7377 latency_ms=79.2451
[2026-08-09T00:41:04] SAMPLE t=62s phase=Loss_spike adaptation=without_ML throughput_gbps=7.5299 latency_ms=75.9883
[2026-08-09T00:41:05] SAMPLE t=63s phase=Loss_spike adaptation=without_ML throughput_gbps=5.0091 latency_ms=75.2285
[2026-08-09T00:41:06] SAMPLE t=64s phase=Loss_spike adaptation=without_ML throughput_gbps=4.0642 latency_ms=76.7687
[2026-08-09T00:41:07] SAMPLE t=65s phase=Loss_spike adaptation=without_ML throughput_gbps=6.0825 latency_ms=70.5139
[2026-08-09T00:41:08] SAMPLE t=66s phase=Loss_spike adaptation=without_ML throughput_gbps=8.5234 latency_ms=79.3412
[2026-08-09T00:41:09] SAMPLE t=67s phase=Loss_spike adaptation=without_ML throughput_gbps=7.2945 latency_ms=73.8491
[2026-08-09T00:41:10] SAMPLE t=68s phase=Loss_spike adaptation=without_ML throughput_gbps=4.7475 latency_ms=75.727
[2026-08-09T00:41:11] SAMPLE t=69s phase=Loss_spike adaptation=without_ML throughput_gbps=4.1453 latency_ms=81.5013
[2026-08-09T00:41:12] SAMPLE t=70s phase=Loss_spike adaptation=without_ML throughput_gbps=6.4627 latency_ms=72.0481
[2026-08-09T00:41:13] SAMPLE t=71s phase=Loss_spike adaptation=without_ML throughput_gbps=8.3266 latency_ms=79.7259
[2026-08-09T00:41:14] SAMPLE t=72s phase=Loss_spike adaptation=without_ML throughput_gbps=7.6895 latency_ms=76.0607
[2026-08-09T00:41:15] SAMPLE t=73s phase=Loss_spike adaptation=without_ML throughput_gbps=4.8663 latency_ms=75.1541
[2026-08-09T00:41:16] SAMPLE t=74s phase=Loss_spike adaptation=without_ML throughput_gbps=4.0885 latency_ms=79.8796
[2026-08-09T00:41:17] SAMPLE t=75s phase=Loss_spike adaptation=without_ML throughput_gbps=6.3594 latency_ms=69.5858
[2026-08-09T00:41:18] SAMPLE t=76s phase=Loss_spike adaptation=without_ML throughput_gbps=8.3834 latency_ms=80.0754
[2026-08-09T00:41:19] SAMPLE t=77s phase=Loss_spike adaptation=without_ML throughput_gbps=7.5278 latency_ms=79.0466
[2026-08-09T00:41:20] SAMPLE t=78s phase=Loss_spike adaptation=without_ML throughput_gbps=4.7332 latency_ms=76.2529
[2026-08-09T00:41:21] SAMPLE t=79s phase=Loss_spike adaptation=without_ML throughput_gbps=4.1657 latency_ms=80.4627
[2026-08-09T00:41:22] SAMPLE t=80s phase=Recovery adaptation=without_ML throughput_gbps=7.5248 latency_ms=67.2111
[2026-08-09T00:41:23] SAMPLE t=81s phase=Recovery adaptation=without_ML throughput_gbps=7.931 latency_ms=66.8479
[2026-08-09T00:41:24] SAMPLE t=82s phase=Recovery adaptation=without_ML throughput_gbps=8.0293 latency_ms=67.7639
[2026-08-09T00:41:25] SAMPLE t=83s phase=Recovery adaptation=without_ML throughput_gbps=8.3061 latency_ms=65.4347
[2026-08-09T00:41:26] SAMPLE t=84s phase=Recovery adaptation=without_ML throughput_gbps=8.0681 latency_ms=64.9487
[2026-08-09T00:41:27] SAMPLE t=85s phase=Recovery adaptation=without_ML throughput_gbps=7.9192 latency_ms=65.3015
[2026-08-09T00:41:28] SAMPLE t=86s phase=Recovery adaptation=without_ML throughput_gbps=7.9045 latency_ms=67.7299
[2026-08-09T00:41:29] SAMPLE t=87s phase=Recovery adaptation=without_ML throughput_gbps=8.0321 latency_ms=66.0547
[2026-08-09T00:41:30] SAMPLE t=88s phase=Recovery adaptation=without_ML throughput_gbps=7.6266 latency_ms=65.0816
[2026-08-09T00:41:31] SAMPLE t=89s phase=Recovery adaptation=without_ML throughput_gbps=8.4108 latency_ms=64.1149
[2026-08-09T00:41:32] SAMPLE t=90s phase=Recovery adaptation=without_ML throughput_gbps=7.8013 latency_ms=65.3317
[2026-08-09T00:41:33] SAMPLE t=91s phase=Recovery adaptation=without_ML throughput_gbps=7.7986 latency_ms=67.8284
[2026-08-09T00:41:34] SAMPLE t=92s phase=Recovery adaptation=without_ML throughput_gbps=7.889 latency_ms=65.0997
[2026-08-09T00:41:35] SAMPLE t=93s phase=Recovery adaptation=without_ML throughput_gbps=8.0544 latency_ms=66.0193
[2026-08-09T00:41:36] SAMPLE t=94s phase=Recovery adaptation=without_ML throughput_gbps=8.4157 latency_ms=65.1251
[2026-08-09T00:41:37] SAMPLE t=95s phase=Recovery adaptation=without_ML throughput_gbps=7.8278 latency_ms=67.5997
[2026-08-09T00:41:38] SAMPLE t=96s phase=Recovery adaptation=without_ML throughput_gbps=8.0205 latency_ms=65.6681
[2026-08-09T00:41:39] SAMPLE t=97s phase=Recovery adaptation=without_ML throughput_gbps=8.0829 latency_ms=64.572
[2026-08-09T00:41:40] SAMPLE t=98s phase=Recovery adaptation=without_ML throughput_gbps=7.9415 latency_ms=64.243
[2026-08-09T00:41:41] SAMPLE t=99s phase=Recovery adaptation=without_ML throughput_gbps=7.5157 latency_ms=67.5733
[2026-08-09T00:40:02] TRACE_END run_id=39 status=OK
[2026-08-09T00:51:11] TRACE_START run_id=40
[2026-08-09T00:51:11] SAMPLE t=0s phase=Stable adaptation=with_ML throughput_gbps=8.1337 latency_ms=66.5008
[2026-08-09T00:51:12] SAMPLE t=1s phase=Stable adaptation=with_ML throughput_gbps=8.3142 latency_ms=67.0134
[2026-08-09T00:51:13] SAMPLE t=2s phase=Stable adaptation=with_ML throughput_gbps=8.174 latency_ms=66.7794
[2026-08-09T00:51:14] SAMPLE t=3s phase=Stable adaptation=with_ML throughput_gbps=7.9303 latency_ms=64.505
[2026-08-09T00:51:15] SAMPLE t=4s phase=Stable adaptation=with_ML throughput_gbps=8.3154 latency_ms=67.9359
[2026-08-09T00:51:16] SAMPLE t=5s phase=Stable adaptation=with_ML throughput_gbps=8.5557 latency_ms=69.8248
[2026-08-09T00:51:17] SAMPLE t=6s phase=Stable adaptation=with_ML throughput_gbps=8.0622 latency_ms=64.9556
[2026-08-09T00:51:18] SAMPLE t=7s phase=Stable adaptation=with_ML throughput_gbps=8.337 latency_ms=66.694
[2026-08-09T00:51:19] SAMPLE t=8s phase=Stable adaptation=with_ML throughput_gbps=8.3596 latency_ms=65.219
[2026-08-09T00:51:20] SAMPLE t=9s phase=Stable adaptation=with_ML throughput_gbps=7.987 latency_ms=66.4633
[2026-08-09T00:51:21] SAMPLE t=10s phase=Stable adaptation=with_ML throughput_gbps=7.903 latency_ms=67.4776
[2026-08-09T00:51:22] SAMPLE t=11s phase=Stable adaptation=with_ML throughput_gbps=7.9846 latency_ms=66.8312
[2026-08-09T00:51:23] SAMPLE t=12s phase=Stable adaptation=with_ML throughput_gbps=8.0861 latency_ms=66.9493
[2026-08-09T00:51:24] SAMPLE t=13s phase=Stable adaptation=with_ML throughput_gbps=8.246 latency_ms=64.854
[2026-08-09T00:51:25] SAMPLE t=14s phase=Stable adaptation=with_ML throughput_gbps=8.1547 latency_ms=67.4057
[2026-08-09T00:51:26] SAMPLE t=15s phase=Stable adaptation=with_ML throughput_gbps=8.2739 latency_ms=66.9527
[2026-08-09T00:51:27] SAMPLE t=16s phase=Stable adaptation=with_ML throughput_gbps=8.0 latency_ms=66.8255
[2026-08-09T00:51:28] SAMPLE t=17s phase=Stable adaptation=with_ML throughput_gbps=8.1875 latency_ms=66.9121
[2026-08-09T00:51:29] SAMPLE t=18s phase=Stable adaptation=with_ML throughput_gbps=8.3171 latency_ms=66.3238
[2026-08-09T00:51:30] SAMPLE t=19s phase=Stable adaptation=with_ML throughput_gbps=8.4617 latency_ms=66.4116
[2026-08-09T00:51:31] SAMPLE t=20s phase=Congestion adaptation=with_ML throughput_gbps=8.4045 latency_ms=66.7322
[2026-08-09T00:51:32] SAMPLE t=21s phase=Congestion adaptation=with_ML throughput_gbps=8.4935 latency_ms=65.8695
[2026-08-09T00:51:33] SAMPLE t=22s phase=Congestion adaptation=with_ML throughput_gbps=8.3558 latency_ms=66.7516
[2026-08-09T00:51:34] SAMPLE t=23s phase=Congestion adaptation=with_ML throughput_gbps=8.3314 latency_ms=66.5513
[2026-08-09T00:51:35] SAMPLE t=24s phase=Congestion adaptation=with_ML throughput_gbps=8.0278 latency_ms=67.7578
[2026-08-09T00:51:36] SAMPLE t=25s phase=Congestion adaptation=with_ML throughput_gbps=7.8307 latency_ms=64.8237
[2026-08-09T00:51:37] SAMPLE t=26s phase=Congestion adaptation=with_ML throughput_gbps=7.9502 latency_ms=66.3091
[2026-08-09T00:51:38] SAMPLE t=27s phase=Congestion adaptation=with_ML throughput_gbps=8.1669 latency_ms=65.4539
[2026-08-09T00:51:39] SAMPLE t=28s phase=Congestion adaptation=with_ML throughput_gbps=7.9922 latency_ms=66.9312
[2026-08-09T00:51:40] SAMPLE t=29s phase=Congestion adaptation=with_ML throughput_gbps=7.897 latency_ms=66.0767
[2026-08-09T00:51:41] SAMPLE t=30s phase=Congestion adaptation=with_ML throughput_gbps=7.9826 latency_ms=67.2753
[2026-08-09T00:51:42] SAMPLE t=31s phase=Congestion adaptation=with_ML throughput_gbps=8.2839 latency_ms=68.1444
[2026-08-09T00:51:43] SAMPLE t=32s phase=Congestion adaptation=with_ML throughput_gbps=8.2067 latency_ms=66.3654
[2026-08-09T00:51:44] SAMPLE t=33s phase=Congestion adaptation=with_ML throughput_gbps=7.8285 latency_ms=67.1863
[2026-08-09T00:51:45] SAMPLE t=34s phase=Congestion adaptation=with_ML throughput_gbps=8.0801 latency_ms=67.3197
[2026-08-09T00:51:46] SAMPLE t=35s phase=Congestion adaptation=with_ML throughput_gbps=8.3885 latency_ms=68.4111
[2026-08-09T00:51:47] SAMPLE t=36s phase=Congestion adaptation=with_ML throughput_gbps=8.4159 latency_ms=69.0043
[2026-08-09T00:51:48] SAMPLE t=37s phase=Congestion adaptation=with_ML throughput_gbps=8.4112 latency_ms=68.5038
[2026-08-09T00:51:49] SAMPLE t=38s phase=Congestion adaptation=with_ML throughput_gbps=7.9906 latency_ms=65.7804
[2026-08-09T00:51:50] SAMPLE t=39s phase=Congestion adaptation=with_ML throughput_gbps=8.2339 latency_ms=65.2041
[2026-08-09T00:51:51] SAMPLE t=40s phase=Path_change adaptation=with_ML throughput_gbps=8.0615 latency_ms=66.8541
[2026-08-09T00:51:52] SAMPLE t=41s phase=Path_change adaptation=with_ML throughput_gbps=7.9805 latency_ms=67.4143
[2026-08-09T00:51:53] SAMPLE t=42s phase=Path_change adaptation=with_ML throughput_gbps=8.1851 latency_ms=68.4909
[2026-08-09T00:51:54] SAMPLE t=43s phase=Path_change adaptation=with_ML throughput_gbps=7.5586 latency_ms=68.6627
[2026-08-09T00:51:55] SAMPLE t=44s phase=Path_change adaptation=with_ML throughput_gbps=7.4265 latency_ms=67.8575
[2026-08-09T00:51:56] SAMPLE t=45s phase=Path_change adaptation=with_ML throughput_gbps=7.8042 latency_ms=68.3355
[2026-08-09T00:51:57] SAMPLE t=46s phase=Path_change adaptation=with_ML throughput_gbps=7.3368 latency_ms=68.3916
[2026-08-09T00:51:58] SAMPLE t=47s phase=Path_change adaptation=with_ML throughput_gbps=7.4428 latency_ms=69.9436
[2026-08-09T00:51:59] SAMPLE t=48s phase=Path_change adaptation=with_ML throughput_gbps=7.3671 latency_ms=67.9905
[2026-08-09T00:52:00] SAMPLE t=49s phase=Path_change adaptation=with_ML throughput_gbps=7.1853 latency_ms=67.9998
[2026-08-09T00:52:01] SAMPLE t=50s phase=Path_change adaptation=with_ML throughput_gbps=7.3482 latency_ms=67.818
[2026-08-09T00:52:02] SAMPLE t=51s phase=Path_change adaptation=with_ML throughput_gbps=7.4181 latency_ms=70.5794
[2026-08-09T00:52:03] SAMPLE t=52s phase=Path_change adaptation=with_ML throughput_gbps=7.2885 latency_ms=69.2701
[2026-08-09T00:52:04] SAMPLE t=53s phase=Path_change adaptation=with_ML throughput_gbps=7.6191 latency_ms=66.3238
[2026-08-09T00:52:05] SAMPLE t=54s phase=Path_change adaptation=with_ML throughput_gbps=7.5813 latency_ms=69.1508
[2026-08-09T00:52:06] SAMPLE t=55s phase=Path_change adaptation=with_ML throughput_gbps=7.106 latency_ms=65.3729
[2026-08-09T00:52:07] SAMPLE t=56s phase=Path_change adaptation=with_ML throughput_gbps=7.5357 latency_ms=66.862
[2026-08-09T00:52:08] SAMPLE t=57s phase=Path_change adaptation=with_ML throughput_gbps=7.8075 latency_ms=67.1507
[2026-08-09T00:52:09] SAMPLE t=58s phase=Path_change adaptation=with_ML throughput_gbps=8.1521 latency_ms=66.9138
[2026-08-09T00:52:10] SAMPLE t=59s phase=Path_change adaptation=with_ML throughput_gbps=7.9392 latency_ms=67.1776
[2026-08-09T00:52:11] SAMPLE t=60s phase=Loss_spike adaptation=with_ML throughput_gbps=7.3946 latency_ms=66.8257
[2026-08-09T00:52:12] SAMPLE t=61s phase=Loss_spike adaptation=with_ML throughput_gbps=8.4009 latency_ms=71.7767
[2026-08-09T00:52:13] SAMPLE t=62s phase=Loss_spike adaptation=with_ML throughput_gbps=7.9656 latency_ms=69.9941
[2026-08-09T00:52:14] SAMPLE t=63s phase=Loss_spike adaptation=with_ML throughput_gbps=6.6383 latency_ms=67.2081
[2026-08-09T00:52:15] SAMPLE t=64s phase=Loss_spike adaptation=with_ML throughput_gbps=6.049 latency_ms=69.3511
[2026-08-09T00:52:16] SAMPLE t=65s phase=Loss_spike adaptation=with_ML throughput_gbps=7.156 latency_ms=66.7345
[2026-08-09T00:52:17] SAMPLE t=66s phase=Loss_spike adaptation=with_ML throughput_gbps=8.4497 latency_ms=71.1815
[2026-08-09T00:52:18] SAMPLE t=67s phase=Loss_spike adaptation=with_ML throughput_gbps=7.9191 latency_ms=69.7541
[2026-08-09T00:52:19] SAMPLE t=68s phase=Loss_spike adaptation=with_ML throughput_gbps=6.6201 latency_ms=69.1232
[2026-08-09T00:52:20] SAMPLE t=69s phase=Loss_spike adaptation=with_ML throughput_gbps=6.3505 latency_ms=71.6018
[2026-08-09T00:52:21] SAMPLE t=70s phase=Loss_spike adaptation=with_ML throughput_gbps=7.2575 latency_ms=66.513
[2026-08-09T00:52:22] SAMPLE t=71s phase=Loss_spike adaptation=with_ML throughput_gbps=8.2923 latency_ms=70.5681
[2026-08-09T00:52:23] SAMPLE t=72s phase=Loss_spike adaptation=with_ML throughput_gbps=7.9757 latency_ms=69.3416
[2026-08-09T00:52:24] SAMPLE t=73s phase=Loss_spike adaptation=with_ML throughput_gbps=6.6511 latency_ms=71.0375
[2026-08-09T00:52:25] SAMPLE t=74s phase=Loss_spike adaptation=with_ML throughput_gbps=6.3011 latency_ms=68.5645
[2026-08-09T00:52:26] SAMPLE t=75s phase=Loss_spike adaptation=with_ML throughput_gbps=7.1827 latency_ms=65.8463
[2026-08-09T00:52:27] SAMPLE t=76s phase=Loss_spike adaptation=with_ML throughput_gbps=8.2722 latency_ms=71.4038
[2026-08-09T00:52:28] SAMPLE t=77s phase=Loss_spike adaptation=with_ML throughput_gbps=7.7248 latency_ms=69.2052
[2026-08-09T00:52:29] SAMPLE t=78s phase=Loss_spike adaptation=with_ML throughput_gbps=6.8293 latency_ms=68.6318
[2026-08-09T00:52:30] SAMPLE t=79s phase=Loss_spike adaptation=with_ML throughput_gbps=6.1039 latency_ms=74.2328
[2026-08-09T00:52:31] SAMPLE t=80s phase=Recovery adaptation=with_ML throughput_gbps=8.2968 latency_ms=65.4398
[2026-08-09T00:52:32] SAMPLE t=81s phase=Recovery adaptation=with_ML throughput_gbps=8.1652 latency_ms=65.7142
[2026-08-09T00:52:33] SAMPLE t=82s phase=Recovery adaptation=with_ML throughput_gbps=7.885 latency_ms=65.2643
[2026-08-09T00:52:34] SAMPLE t=83s phase=Recovery adaptation=with_ML throughput_gbps=8.2374 latency_ms=67.957
[2026-08-09T00:52:35] SAMPLE t=84s phase=Recovery adaptation=with_ML throughput_gbps=7.7702 latency_ms=66.7481
[2026-08-09T00:52:36] SAMPLE t=85s phase=Recovery adaptation=with_ML throughput_gbps=8.0869 latency_ms=66.58
[2026-08-09T00:52:37] SAMPLE t=86s phase=Recovery adaptation=with_ML throughput_gbps=8.1004 latency_ms=67.7048
[2026-08-09T00:52:38] SAMPLE t=87s phase=Recovery adaptation=with_ML throughput_gbps=8.4058 latency_ms=65.7016
[2026-08-09T00:52:39] SAMPLE t=88s phase=Recovery adaptation=with_ML throughput_gbps=8.0372 latency_ms=66.0997
[2026-08-09T00:52:40] SAMPLE t=89s phase=Recovery adaptation=with_ML throughput_gbps=8.5436 latency_ms=65.2941
[2026-08-09T00:52:41] SAMPLE t=90s phase=Recovery adaptation=with_ML throughput_gbps=7.974 latency_ms=68.1628
[2026-08-09T00:52:42] SAMPLE t=91s phase=Recovery adaptation=with_ML throughput_gbps=8.1679 latency_ms=64.0772
[2026-08-09T00:52:43] SAMPLE t=92s phase=Recovery adaptation=with_ML throughput_gbps=8.284 latency_ms=66.4728
[2026-08-09T00:52:44] SAMPLE t=93s phase=Recovery adaptation=with_ML throughput_gbps=8.436 latency_ms=67.1616
[2026-08-09T00:52:45] SAMPLE t=94s phase=Recovery adaptation=with_ML throughput_gbps=8.5343 latency_ms=68.3382
[2026-08-09T00:52:46] SAMPLE t=95s phase=Recovery adaptation=with_ML throughput_gbps=8.4238 latency_ms=65.5754
[2026-08-09T00:52:47] SAMPLE t=96s phase=Recovery adaptation=with_ML throughput_gbps=7.9268 latency_ms=65.1751
[2026-08-09T00:52:48] SAMPLE t=97s phase=Recovery adaptation=with_ML throughput_gbps=8.3988 latency_ms=65.3869
[2026-08-09T00:52:49] SAMPLE t=98s phase=Recovery adaptation=with_ML throughput_gbps=8.0882 latency_ms=66.0969
[2026-08-09T00:52:50] SAMPLE t=99s phase=Recovery adaptation=with_ML throughput_gbps=8.5015 latency_ms=66.1012
[2026-08-09T00:51:11] SAMPLE t=0s phase=Stable adaptation=without_ML throughput_gbps=8.0439 latency_ms=64.1873
[2026-08-09T00:51:12] SAMPLE t=1s phase=Stable adaptation=without_ML throughput_gbps=8.2083 latency_ms=66.3616
[2026-08-09T00:51:13] SAMPLE t=2s phase=Stable adaptation=without_ML throughput_gbps=7.9863 latency_ms=65.1782
[2026-08-09T00:51:14] SAMPLE t=3s phase=Stable adaptation=without_ML throughput_gbps=7.9909 latency_ms=67.9986
[2026-08-09T00:51:15] SAMPLE t=4s phase=Stable adaptation=without_ML throughput_gbps=8.0111 latency_ms=66.221
[2026-08-09T00:51:16] SAMPLE t=5s phase=Stable adaptation=without_ML throughput_gbps=7.857 latency_ms=65.5206
[2026-08-09T00:51:17] SAMPLE t=6s phase=Stable adaptation=without_ML throughput_gbps=8.1296 latency_ms=64.0528
[2026-08-09T00:51:18] SAMPLE t=7s phase=Stable adaptation=without_ML throughput_gbps=8.0888 latency_ms=67.0339
[2026-08-09T00:51:19] SAMPLE t=8s phase=Stable adaptation=without_ML throughput_gbps=7.951 latency_ms=66.2959
[2026-08-09T00:51:20] SAMPLE t=9s phase=Stable adaptation=without_ML throughput_gbps=7.718 latency_ms=66.269
[2026-08-09T00:51:21] SAMPLE t=10s phase=Stable adaptation=without_ML throughput_gbps=8.0445 latency_ms=65.9693
[2026-08-09T00:51:22] SAMPLE t=11s phase=Stable adaptation=without_ML throughput_gbps=8.1786 latency_ms=68.161
[2026-08-09T00:51:23] SAMPLE t=12s phase=Stable adaptation=without_ML throughput_gbps=7.7273 latency_ms=64.564
[2026-08-09T00:51:24] SAMPLE t=13s phase=Stable adaptation=without_ML throughput_gbps=7.8737 latency_ms=65.1931
[2026-08-09T00:51:25] SAMPLE t=14s phase=Stable adaptation=without_ML throughput_gbps=7.6197 latency_ms=66.4034
[2026-08-09T00:51:26] SAMPLE t=15s phase=Stable adaptation=without_ML throughput_gbps=7.8521 latency_ms=67.4087
[2026-08-09T00:51:27] SAMPLE t=16s phase=Stable adaptation=without_ML throughput_gbps=7.6153 latency_ms=67.2648
[2026-08-09T00:51:28] SAMPLE t=17s phase=Stable adaptation=without_ML throughput_gbps=7.8292 latency_ms=64.0633
[2026-08-09T00:51:29] SAMPLE t=18s phase=Stable adaptation=without_ML throughput_gbps=7.6263 latency_ms=66.0827
[2026-08-09T00:51:30] SAMPLE t=19s phase=Stable adaptation=without_ML throughput_gbps=7.9523 latency_ms=66.7939
[2026-08-09T00:51:31] SAMPLE t=20s phase=Congestion adaptation=without_ML throughput_gbps=7.6298 latency_ms=66.6222
[2026-08-09T00:51:32] SAMPLE t=21s phase=Congestion adaptation=without_ML throughput_gbps=7.7846 latency_ms=65.9343
[2026-08-09T00:51:33] SAMPLE t=22s phase=Congestion adaptation=without_ML throughput_gbps=7.8613 latency_ms=66.262
[2026-08-09T00:51:34] SAMPLE t=23s phase=Congestion adaptation=without_ML throughput_gbps=7.7778 latency_ms=68.364
[2026-08-09T00:51:35] SAMPLE t=24s phase=Congestion adaptation=without_ML throughput_gbps=7.8731 latency_ms=64.0673
[2026-08-09T00:51:36] SAMPLE t=25s phase=Congestion adaptation=without_ML throughput_gbps=7.7238 latency_ms=68.0514
[2026-08-09T00:51:37] SAMPLE t=26s phase=Congestion adaptation=without_ML throughput_gbps=8.2478 latency_ms=65.2108
[2026-08-09T00:51:38] SAMPLE t=27s phase=Congestion adaptation=without_ML throughput_gbps=8.159 latency_ms=67.2453
[2026-08-09T00:51:39] SAMPLE t=28s phase=Congestion adaptation=without_ML throughput_gbps=7.9082 latency_ms=64.4446
[2026-08-09T00:51:40] SAMPLE t=29s phase=Congestion adaptation=without_ML throughput_gbps=8.2423 latency_ms=66.3938
[2026-08-09T00:51:41] SAMPLE t=30s phase=Congestion adaptation=without_ML throughput_gbps=7.842 latency_ms=64.8908
[2026-08-09T00:51:42] SAMPLE t=31s phase=Congestion adaptation=without_ML throughput_gbps=8.3647 latency_ms=65.9247
[2026-08-09T00:51:43] SAMPLE t=32s phase=Congestion adaptation=without_ML throughput_gbps=7.6328 latency_ms=66.2973
[2026-08-09T00:51:44] SAMPLE t=33s phase=Congestion adaptation=without_ML throughput_gbps=7.8891 latency_ms=66.0899
[2026-08-09T00:51:45] SAMPLE t=34s phase=Congestion adaptation=without_ML throughput_gbps=8.1407 latency_ms=66.5238
[2026-08-09T00:51:46] SAMPLE t=35s phase=Congestion adaptation=without_ML throughput_gbps=8.5925 latency_ms=67.2641
[2026-08-09T00:51:47] SAMPLE t=36s phase=Congestion adaptation=without_ML throughput_gbps=8.0645 latency_ms=67.4584
[2026-08-09T00:51:48] SAMPLE t=37s phase=Congestion adaptation=without_ML throughput_gbps=7.8486 latency_ms=65.9206
[2026-08-09T00:51:49] SAMPLE t=38s phase=Congestion adaptation=without_ML throughput_gbps=8.1281 latency_ms=66.6583
[2026-08-09T00:51:50] SAMPLE t=39s phase=Congestion adaptation=without_ML throughput_gbps=7.7417 latency_ms=64.1805
[2026-08-09T00:51:51] SAMPLE t=40s phase=Path_change adaptation=without_ML throughput_gbps=8.4115 latency_ms=66.3391
[2026-08-09T00:51:52] SAMPLE t=41s phase=Path_change adaptation=without_ML throughput_gbps=7.3637 latency_ms=69.3278
[2026-08-09T00:51:53] SAMPLE t=42s phase=Path_change adaptation=without_ML throughput_gbps=7.2751 latency_ms=69.9771
[2026-08-09T00:51:54] SAMPLE t=43s phase=Path_change adaptation=without_ML throughput_gbps=7.4433 latency_ms=66.309
[2026-08-09T00:51:55] SAMPLE t=44s phase=Path_change adaptation=without_ML throughput_gbps=6.647 latency_ms=71.9041
[2026-08-09T00:51:56] SAMPLE t=45s phase=Path_change adaptation=without_ML throughput_gbps=6.1946 latency_ms=72.3299
[2026-08-09T00:51:57] SAMPLE t=46s phase=Path_change adaptation=without_ML throughput_gbps=5.9127 latency_ms=73.3871
[2026-08-09T00:51:58] SAMPLE t=47s phase=Path_change adaptation=without_ML throughput_gbps=5.8162 latency_ms=71.3998
[2026-08-09T00:51:59] SAMPLE t=48s phase=Path_change adaptation=without_ML throughput_gbps=5.5803 latency_ms=73.1082
[2026-08-09T00:52:00] SAMPLE t=49s phase=Path_change adaptation=without_ML throughput_gbps=5.6153 latency_ms=72.9574
[2026-08-09T00:52:01] SAMPLE t=50s phase=Path_change adaptation=without_ML throughput_gbps=5.6294 latency_ms=71.8807
[2026-08-09T00:52:02] SAMPLE t=51s phase=Path_change adaptation=without_ML throughput_gbps=5.575 latency_ms=72.8656
[2026-08-09T00:52:03] SAMPLE t=52s phase=Path_change adaptation=without_ML throughput_gbps=5.921 latency_ms=72.3509
[2026-08-09T00:52:04] SAMPLE t=53s phase=Path_change adaptation=without_ML throughput_gbps=5.7974 latency_ms=71.8979
[2026-08-09T00:52:05] SAMPLE t=54s phase=Path_change adaptation=without_ML throughput_gbps=6.1959 latency_ms=71.8461
[2026-08-09T00:52:06] SAMPLE t=55s phase=Path_change adaptation=without_ML throughput_gbps=6.473 latency_ms=69.0596
[2026-08-09T00:52:07] SAMPLE t=56s phase=Path_change adaptation=without_ML throughput_gbps=6.8767 latency_ms=68.3908
[2026-08-09T00:52:08] SAMPLE t=57s phase=Path_change adaptation=without_ML throughput_gbps=7.0292 latency_ms=67.7627
[2026-08-09T00:52:09] SAMPLE t=58s phase=Path_change adaptation=without_ML throughput_gbps=7.1987 latency_ms=67.6803
[2026-08-09T00:52:10] SAMPLE t=59s phase=Path_change adaptation=without_ML throughput_gbps=7.6453 latency_ms=65.033
[2026-08-09T00:52:11] SAMPLE t=60s phase=Loss_spike adaptation=without_ML throughput_gbps=6.2204 latency_ms=72.8984
[2026-08-09T00:52:12] SAMPLE t=61s phase=Loss_spike adaptation=without_ML throughput_gbps=8.5781 latency_ms=77.9945
[2026-08-09T00:52:13] SAMPLE t=62s phase=Loss_spike adaptation=without_ML throughput_gbps=7.7468 latency_ms=76.7999
[2026-08-09T00:52:14] SAMPLE t=63s phase=Loss_spike adaptation=without_ML throughput_gbps=4.9759 latency_ms=75.1732
[2026-08-09T00:52:15] SAMPLE t=64s phase=Loss_spike adaptation=without_ML throughput_gbps=3.9614 latency_ms=81.1667
[2026-08-09T00:52:16] SAMPLE t=65s phase=Loss_spike adaptation=without_ML throughput_gbps=6.0478 latency_ms=71.9426
[2026-08-09T00:52:17] SAMPLE t=66s phase=Loss_spike adaptation=without_ML throughput_gbps=8.7226 latency_ms=78.7594
[2026-08-09T00:52:18] SAMPLE t=67s phase=Loss_spike adaptation=without_ML throughput_gbps=7.7358 latency_ms=76.2367
[2026-08-09T00:52:19] SAMPLE t=68s phase=Loss_spike adaptation=without_ML throughput_gbps=4.786 latency_ms=79.8905
[2026-08-09T00:52:20] SAMPLE t=69s phase=Loss_spike adaptation=without_ML throughput_gbps=4.0914 latency_ms=77.6178
[2026-08-09T00:52:21] SAMPLE t=70s phase=Loss_spike adaptation=without_ML throughput_gbps=6.3052 latency_ms=69.1727
[2026-08-09T00:52:22] SAMPLE t=71s phase=Loss_spike adaptation=without_ML throughput_gbps=8.3664 latency_ms=76.734
[2026-08-09T00:52:23] SAMPLE t=72s phase=Loss_spike adaptation=without_ML throughput_gbps=7.7139 latency_ms=76.329
[2026-08-09T00:52:24] SAMPLE t=73s phase=Loss_spike adaptation=without_ML throughput_gbps=5.007 latency_ms=72.9713
[2026-08-09T00:52:25] SAMPLE t=74s phase=Loss_spike adaptation=without_ML throughput_gbps=4.1353 latency_ms=79.8024
[2026-08-09T00:52:26] SAMPLE t=75s phase=Loss_spike adaptation=without_ML throughput_gbps=6.1383 latency_ms=67.5952
[2026-08-09T00:52:27] SAMPLE t=76s phase=Loss_spike adaptation=without_ML throughput_gbps=8.4253 latency_ms=80.932
[2026-08-09T00:52:28] SAMPLE t=77s phase=Loss_spike adaptation=without_ML throughput_gbps=7.7106 latency_ms=74.555
[2026-08-09T00:52:29] SAMPLE t=78s phase=Loss_spike adaptation=without_ML throughput_gbps=5.0392 latency_ms=78.0706
[2026-08-09T00:52:30] SAMPLE t=79s phase=Loss_spike adaptation=without_ML throughput_gbps=4.175 latency_ms=75.9477
[2026-08-09T00:52:31] SAMPLE t=80s phase=Recovery adaptation=without_ML throughput_gbps=8.0288 latency_ms=67.0126
[2026-08-09T00:52:32] SAMPLE t=81s phase=Recovery adaptation=without_ML throughput_gbps=8.4051 latency_ms=66.4226
[2026-08-09T00:52:33] SAMPLE t=82s phase=Recovery adaptation=without_ML throughput_gbps=7.774 latency_ms=65.0431
[2026-08-09T00:52:34] SAMPLE t=83s phase=Recovery adaptation=without_ML throughput_gbps=7.6981 latency_ms=66.6118
[2026-08-09T00:52:35] SAMPLE t=84s phase=Recovery adaptation=without_ML throughput_gbps=8.1204 latency_ms=65.3592
[2026-08-09T00:52:36] SAMPLE t=85s phase=Recovery adaptation=without_ML throughput_gbps=8.1263 latency_ms=67.0432
[2026-08-09T00:52:37] SAMPLE t=86s phase=Recovery adaptation=without_ML throughput_gbps=7.794 latency_ms=65.4189
[2026-08-09T00:52:38] SAMPLE t=87s phase=Recovery adaptation=without_ML throughput_gbps=7.7101 latency_ms=68.6906
[2026-08-09T00:52:39] SAMPLE t=88s phase=Recovery adaptation=without_ML throughput_gbps=8.2101 latency_ms=65.1889
[2026-08-09T00:52:40] SAMPLE t=89s phase=Recovery adaptation=without_ML throughput_gbps=7.753 latency_ms=67.5983
[2026-08-09T00:52:41] SAMPLE t=90s phase=Recovery adaptation=without_ML throughput_gbps=8.0417 latency_ms=64.6024
[2026-08-09T00:52:42] SAMPLE t=91s phase=Recovery adaptation=without_ML throughput_gbps=7.8965 latency_ms=65.909
[2026-08-09T00:52:43] SAMPLE t=92s phase=Recovery adaptation=without_ML throughput_gbps=7.8974 latency_ms=67.4385
[2026-08-09T00:52:44] SAMPLE t=93s phase=Recovery adaptation=without_ML throughput_gbps=7.9961 latency_ms=64.7594
[2026-08-09T00:52:45] SAMPLE t=94s phase=Recovery adaptation=without_ML throughput_gbps=7.9554 latency_ms=64.8095
[2026-08-09T00:52:46] SAMPLE t=95s phase=Recovery adaptation=without_ML throughput_gbps=7.9975 latency_ms=65.2811
[2026-08-09T00:52:47] SAMPLE t=96s phase=Recovery adaptation=without_ML throughput_gbps=7.8126 latency_ms=67.1232
[2026-08-09T00:52:48] SAMPLE t=97s phase=Recovery adaptation=without_ML throughput_gbps=8.2925 latency_ms=66.4205
[2026-08-09T00:52:49] SAMPLE t=98s phase=Recovery adaptation=without_ML throughput_gbps=7.6732 latency_ms=65.1481
[2026-08-09T00:52:50] SAMPLE t=99s phase=Recovery adaptation=without_ML throughput_gbps=8.3137 latency_ms=64.294
[2026-08-09T00:51:11] TRACE_END run_id=40 status=OK
[2026-08-09T01:12:01] TRACE_START run_id=41
[2026-08-09T01:12:01] SAMPLE t=0s phase=Stable adaptation=with_ML throughput_gbps=8.2942 latency_ms=65.1349
[2026-08-09T01:12:02] SAMPLE t=1s phase=Stable adaptation=with_ML throughput_gbps=7.8673 latency_ms=65.8145
[2026-08-09T01:12:03] SAMPLE t=2s phase=Stable adaptation=with_ML throughput_gbps=8.187 latency_ms=65.3418
[2026-08-09T01:12:04] SAMPLE t=3s phase=Stable adaptation=with_ML throughput_gbps=8.0173 latency_ms=65.6378
[2026-08-09T01:12:05] SAMPLE t=4s phase=Stable adaptation=with_ML throughput_gbps=8.0653 latency_ms=68.3796
[2026-08-09T01:12:06] SAMPLE t=5s phase=Stable adaptation=with_ML throughput_gbps=8.164 latency_ms=67.7364
[2026-08-09T01:12:07] SAMPLE t=6s phase=Stable adaptation=with_ML throughput_gbps=7.9591 latency_ms=64.7348
[2026-08-09T01:12:08] SAMPLE t=7s phase=Stable adaptation=with_ML throughput_gbps=8.6035 latency_ms=66.2676
[2026-08-09T01:12:09] SAMPLE t=8s phase=Stable adaptation=with_ML throughput_gbps=8.1683 latency_ms=64.8318
[2026-08-09T01:12:10] SAMPLE t=9s phase=Stable adaptation=with_ML throughput_gbps=8.1407 latency_ms=65.481
[2026-08-09T01:12:11] SAMPLE t=10s phase=Stable adaptation=with_ML throughput_gbps=8.0443 latency_ms=65.2931
[2026-08-09T01:12:12] SAMPLE t=11s phase=Stable adaptation=with_ML throughput_gbps=8.1987 latency_ms=67.0084
[2026-08-09T01:12:13] SAMPLE t=12s phase=Stable adaptation=with_ML throughput_gbps=8.1947 latency_ms=67.7693
[2026-08-09T01:12:14] SAMPLE t=13s phase=Stable adaptation=with_ML throughput_gbps=8.0604 latency_ms=68.3534
[2026-08-09T01:12:15] SAMPLE t=14s phase=Stable adaptation=with_ML throughput_gbps=8.1364 latency_ms=65.5395
[2026-08-09T01:12:16] SAMPLE t=15s phase=Stable adaptation=with_ML throughput_gbps=8.0348 latency_ms=65.6478
[2026-08-09T01:12:17] SAMPLE t=16s phase=Stable adaptation=with_ML throughput_gbps=8.0108 latency_ms=66.1888
[2026-08-09T01:12:18] SAMPLE t=17s phase=Stable adaptation=with_ML throughput_gbps=8.1756 latency_ms=68.4221
[2026-08-09T01:12:19] SAMPLE t=18s phase=Stable adaptation=with_ML throughput_gbps=7.8851 latency_ms=67.2813
[2026-08-09T01:12:20] SAMPLE t=19s phase=Stable adaptation=with_ML throughput_gbps=7.9027 latency_ms=65.4313
[2026-08-09T01:12:21] SAMPLE t=20s phase=Congestion adaptation=with_ML throughput_gbps=7.9378 latency_ms=66.7465
[2026-08-09T01:12:22] SAMPLE t=21s phase=Congestion adaptation=with_ML throughput_gbps=8.5018 latency_ms=66.4836
[2026-08-09T01:12:23] SAMPLE t=22s phase=Congestion adaptation=with_ML throughput_gbps=8.0395 latency_ms=65.6684
[2026-08-09T01:12:24] SAMPLE t=23s phase=Congestion adaptation=with_ML throughput_gbps=8.0507 latency_ms=66.9738
[2026-08-09T01:12:25] SAMPLE t=24s phase=Congestion adaptation=with_ML throughput_gbps=8.713 latency_ms=67.0215
[2026-08-09T01:12:26] SAMPLE t=25s phase=Congestion adaptation=with_ML throughput_gbps=7.9957 latency_ms=65.8384
[2026-08-09T01:12:27] SAMPLE t=26s phase=Congestion adaptation=with_ML throughput_gbps=8.2245 latency_ms=65.9402
[2026-08-09T01:12:28] SAMPLE t=27s phase=Congestion adaptation=with_ML throughput_gbps=8.0521 latency_ms=65.6591
[2026-08-09T01:12:29] SAMPLE t=28s phase=Congestion adaptation=with_ML throughput_gbps=7.7595 latency_ms=64.836
[2026-08-09T01:12:30] SAMPLE t=29s phase=Congestion adaptation=with_ML throughput_gbps=8.1927 latency_ms=67.8243
[2026-08-09T01:12:31] SAMPLE t=30s phase=Congestion adaptation=with_ML throughput_gbps=8.0609 latency_ms=67.4742
[2026-08-09T01:12:32] SAMPLE t=31s phase=Congestion adaptation=with_ML throughput_gbps=7.8522 latency_ms=67.0141
[2026-08-09T01:12:33] SAMPLE t=32s phase=Congestion adaptation=with_ML throughput_gbps=8.382 latency_ms=66.6666
[2026-08-09T01:12:34] SAMPLE t=33s phase=Congestion adaptation=with_ML throughput_gbps=8.0242 latency_ms=65.1931
[2026-08-09T01:12:35] SAMPLE t=34s phase=Congestion adaptation=with_ML throughput_gbps=8.5288 latency_ms=67.435
[2026-08-09T01:12:36] SAMPLE t=35s phase=Congestion adaptation=with_ML throughput_gbps=8.1774 latency_ms=65.2453
[2026-08-09T01:12:37] SAMPLE t=36s phase=Congestion adaptation=with_ML throughput_gbps=7.965 latency_ms=66.9626
[2026-08-09T01:12:38] SAMPLE t=37s phase=Congestion adaptation=with_ML throughput_gbps=7.9857 latency_ms=65.4048
[2026-08-09T01:12:39] SAMPLE t=38s phase=Congestion adaptation=with_ML throughput_gbps=7.9947 latency_ms=65.4559
[2026-08-09T01:12:40] SAMPLE t=39s phase=Congestion adaptation=with_ML throughput_gbps=7.8597 latency_ms=66.0107
[2026-08-09T01:12:41] SAMPLE t=40s phase=Path_change adaptation=with_ML throughput_gbps=8.3745 latency_ms=65.4186
[2026-08-09T01:12:42] SAMPLE t=41s phase=Path_change adaptation=with_ML throughput_gbps=8.3274 latency_ms=68.0725
[2026-08-09T01:12:43] SAMPLE t=42s phase=Path_change adaptation=with_ML throughput_gbps=7.5916 latency_ms=68.0404
[2026-08-09T01:12:44] SAMPLE t=43s phase=Path_change adaptation=with_ML throughput_gbps=7.673 latency_ms=64.6991
[2026-08-09T01:12:45] SAMPLE t=44s phase=Path_change adaptation=with_ML throughput_gbps=7.4886 latency_ms=66.9893
[2026-08-09T01:12:46] SAMPLE t=45s phase=Path_change adaptation=with_ML throughput_gbps=7.3403 latency_ms=67.9713
[2026-08-09T01:12:47] SAMPLE t=46s phase=Path_change adaptation=with_ML throughput_gbps=7.0856 latency_ms=69.8873
[2026-08-09T01:12:48] SAMPLE t=47s phase=Path_change adaptation=with_ML throughput_gbps=7.5636 latency_ms=67.6783
[2026-08-09T01:12:49] SAMPLE t=48s phase=Path_change adaptation=with_ML throughput_gbps=7.1408 latency_ms=67.7664
[2026-08-09T01:12:50] SAMPLE t=49s phase=Path_change adaptation=with_ML throughput_gbps=7.3063 latency_ms=69.6745
[2026-08-09T01:12:51] SAMPLE t=50s phase=Path_change adaptation=with_ML throughput_gbps=7.1447 latency_ms=69.5902
[2026-08-09T01:12:52] SAMPLE t=51s phase=Path_change adaptation=with_ML throughput_gbps=7.5136 latency_ms=67.2701
[2026-08-09T01:12:53] SAMPLE t=52s phase=Path_change adaptation=with_ML throughput_gbps=7.2515 latency_ms=68.526
[2026-08-09T01:12:54] SAMPLE t=53s phase=Path_change adaptation=with_ML throughput_gbps=7.3327 latency_ms=67.8817
[2026-08-09T01:12:55] SAMPLE t=54s phase=Path_change adaptation=with_ML throughput_gbps=7.2027 latency_ms=67.0262
[2026-08-09T01:12:56] SAMPLE t=55s phase=Path_change adaptation=with_ML throughput_gbps=7.1347 latency_ms=69.4115
[2026-08-09T01:12:57] SAMPLE t=56s phase=Path_change adaptation=with_ML throughput_gbps=7.615 latency_ms=67.2578
[2026-08-09T01:12:58] SAMPLE t=57s phase=Path_change adaptation=with_ML throughput_gbps=7.6877 latency_ms=66.0777
[2026-08-09T01:12:59] SAMPLE t=58s phase=Path_change adaptation=with_ML throughput_gbps=8.1156 latency_ms=69.0839
[2026-08-09T01:13:00] SAMPLE t=59s phase=Path_change adaptation=with_ML throughput_gbps=7.985 latency_ms=66.1232
[2026-08-09T01:13:01] SAMPLE t=60s phase=Loss_spike adaptation=with_ML throughput_gbps=7.1376 latency_ms=68.9067
[2026-08-09T01:13:02] SAMPLE t=61s phase=Loss_spike adaptation=with_ML throughput_gbps=8.5014 latency_ms=71.1023
[2026-08-09T01:13:03] SAMPLE t=62s phase=Loss_spike adaptation=with_ML throughput_gbps=7.6694 latency_ms=70.8805
[2026-08-09T01:13:04] SAMPLE t=63s phase=Loss_spike adaptation=with_ML throughput_gbps=6.7357 latency_ms=71.4213
[2026-08-09T01:13:05] SAMPLE t=64s phase=Loss_spike adaptation=with_ML throughput_gbps=6.1352 latency_ms=71.5905
[2026-08-09T01:13:06] SAMPLE t=65s phase=Loss_spike adaptation=with_ML throughput_gbps=7.1171 latency_ms=67.736
[2026-08-09T01:13:07] SAMPLE t=66s phase=Loss_spike adaptation=with_ML throughput_gbps=8.4826 latency_ms=71.0136
[2026-08-09T01:13:08] SAMPLE t=67s phase=Loss_spike adaptation=with_ML throughput_gbps=7.9265 latency_ms=69.1693
[2026-08-09T01:13:09] SAMPLE t=68s phase=Loss_spike adaptation=with_ML throughput_gbps=6.6841 latency_ms=70.1763
[2026-08-09T01:13:10] SAMPLE t=69s phase=Loss_spike adaptation=with_ML throughput_gbps=6.2062 latency_ms=70.7307
[2026-08-09T01:13:11] SAMPLE t=70s phase=Loss_spike adaptation=with_ML throughput_gbps=7.5445 latency_ms=66.2021
[2026-08-09T01:13:12] SAMPLE t=71s phase=Loss_spike adaptation=with_ML throughput_gbps=8.3869 latency_ms=70.7708
[2026-08-09T01:13:13] SAMPLE t=72s phase=Loss_spike adaptation=with_ML throughput_gbps=7.7786 latency_ms=70.6894
[2026-08-09T01:13:14] SAMPLE t=73s phase=Loss_spike adaptation=with_ML throughput_gbps=6.7996 latency_ms=69.386
[2026-08-09T01:13:15] SAMPLE t=74s phase=Loss_spike adaptation=with_ML throughput_gbps=6.0079 latency_ms=71.1281
[2026-08-09T01:13:16] SAMPLE t=75s phase=Loss_spike adaptation=with_ML throughput_gbps=7.1839 latency_ms=68.7315
[2026-08-09T01:13:17] SAMPLE t=76s phase=Loss_spike adaptation=with_ML throughput_gbps=8.3189 latency_ms=70.3441
[2026-08-09T01:13:18] SAMPLE t=77s phase=Loss_spike adaptation=with_ML throughput_gbps=8.1762 latency_ms=70.3627
[2026-08-09T01:13:19] SAMPLE t=78s phase=Loss_spike adaptation=with_ML throughput_gbps=6.7148 latency_ms=70.1416
[2026-08-09T01:13:20] SAMPLE t=79s phase=Loss_spike adaptation=with_ML throughput_gbps=6.2732 latency_ms=71.6865
[2026-08-09T01:13:21] SAMPLE t=80s phase=Recovery adaptation=with_ML throughput_gbps=8.021 latency_ms=65.8957
[2026-08-09T01:13:22] SAMPLE t=81s phase=Recovery adaptation=with_ML throughput_gbps=7.8489 latency_ms=63.5179
[2026-08-09T01:13:23] SAMPLE t=82s phase=Recovery adaptation=with_ML throughput_gbps=8.1899 latency_ms=65.9555
[2026-08-09T01:13:24] SAMPLE t=83s phase=Recovery adaptation=with_ML throughput_gbps=8.2107 latency_ms=67.2633
[2026-08-09T01:13:25] SAMPLE t=84s phase=Recovery adaptation=with_ML throughput_gbps=7.8764 latency_ms=65.374
[2026-08-09T01:13:26] SAMPLE t=85s phase=Recovery adaptation=with_ML throughput_gbps=8.1322 latency_ms=68.9826
[2026-08-09T01:13:27] SAMPLE t=86s phase=Recovery adaptation=with_ML throughput_gbps=8.2423 latency_ms=64.4697
[2026-08-09T01:13:28] SAMPLE t=87s phase=Recovery adaptation=with_ML throughput_gbps=7.9027 latency_ms=65.4643
[2026-08-09T01:13:29] SAMPLE t=88s phase=Recovery adaptation=with_ML throughput_gbps=8.2108 latency_ms=64.4274
[2026-08-09T01:13:30] SAMPLE t=89s phase=Recovery adaptation=with_ML throughput_gbps=8.5823 latency_ms=65.973
[2026-08-09T01:13:31] SAMPLE t=90s phase=Recovery adaptation=with_ML throughput_gbps=8.474 latency_ms=68.3922
[2026-08-09T01:13:32] SAMPLE t=91s phase=Recovery adaptation=with_ML throughput_gbps=8.4493 latency_ms=66.4899
[2026-08-09T01:13:33] SAMPLE t=92s phase=Recovery adaptation=with_ML throughput_gbps=8.3883 latency_ms=64.8957
[2026-08-09T01:13:34] SAMPLE t=93s phase=Recovery adaptation=with_ML throughput_gbps=8.0522 latency_ms=65.7225
[2026-08-09T01:13:35] SAMPLE t=94s phase=Recovery adaptation=with_ML throughput_gbps=8.304 latency_ms=63.9149
[2026-08-09T01:13:36] SAMPLE t=95s phase=Recovery adaptation=with_ML throughput_gbps=7.9959 latency_ms=64.5546
[2026-08-09T01:13:37] SAMPLE t=96s phase=Recovery adaptation=with_ML throughput_gbps=8.0707 latency_ms=64.84
[2026-08-09T01:13:38] SAMPLE t=97s phase=Recovery adaptation=with_ML throughput_gbps=8.3817 latency_ms=64.7958
[2026-08-09T01:13:39] SAMPLE t=98s phase=Recovery adaptation=with_ML throughput_gbps=8.2728 latency_ms=66.6185
[2026-08-09T01:13:40] SAMPLE t=99s phase=Recovery adaptation=with_ML throughput_gbps=8.363 latency_ms=65.1411
[2026-08-09T01:12:01] SAMPLE t=0s phase=Stable adaptation=without_ML throughput_gbps=8.1126 latency_ms=65.4213
[2026-08-09T01:12:02] SAMPLE t=1s phase=Stable adaptation=without_ML throughput_gbps=7.5571 latency_ms=67.6355
[2026-08-09T01:12:03] SAMPLE t=2s phase=Stable adaptation=without_ML throughput_gbps=7.9096 latency_ms=66.1543
[2026-08-09T01:12:04] SAMPLE t=3s phase=Stable adaptation=without_ML throughput_gbps=8.0654 latency_ms=65.8211
[2026-08-09T01:12:05] SAMPLE t=4s phase=Stable adaptation=without_ML throughput_gbps=7.6139 latency_ms=66.2794
[2026-08-09T01:12:06] SAMPLE t=5s phase=Stable adaptation=without_ML throughput_gbps=7.8233 latency_ms=64.8805
[2026-08-09T01:12:07] SAMPLE t=6s phase=Stable adaptation=without_ML throughput_gbps=7.9776 latency_ms=66.7137
[2026-08-09T01:12:08] SAMPLE t=7s phase=Stable adaptation=without_ML throughput_gbps=7.6716 latency_ms=64.6548
[2026-08-09T01:12:09] SAMPLE t=8s phase=Stable adaptation=without_ML throughput_gbps=8.2607 latency_ms=67.4947
[2026-08-09T01:12:10] SAMPLE t=9s phase=Stable adaptation=without_ML throughput_gbps=8.1679 latency_ms=66.9743
[2026-08-09T01:12:11] SAMPLE t=10s phase=Stable adaptation=without_ML throughput_gbps=7.7751 latency_ms=67.0254
[2026-08-09T01:12:12] SAMPLE t=11s phase=Stable adaptation=without_ML throughput_gbps=8.1299 latency_ms=65.4298
[2026-08-09T01:12:13] SAMPLE t=12s phase=Stable adaptation=without_ML throughput_gbps=8.2151 latency_ms=64.0107
[2026-08-09T01:12:14] SAMPLE t=13s phase=Stable adaptation=without_ML throughput_gbps=8.4447 latency_ms=65.9886
[2026-08-09T01:12:15] SAMPLE t=14s phase=Stable adaptation=without_ML throughput_gbps=7.5096 latency_ms=67.187
[2026-08-09T01:12:16] SAMPLE t=15s phase=Stable adaptation=without_ML throughput_gbps=8.0645 latency_ms=67.0754
[2026-08-09T01:12:17] SAMPLE t=16s phase=Stable adaptation=without_ML throughput_gbps=7.6611 latency_ms=64.5576
[2026-08-09T01:12:18] SAMPLE t=17s phase=Stable adaptation=without_ML throughput_gbps=7.9519 latency_ms=66.8753
[2026-08-09T01:12:19] SAMPLE t=18s phase=Stable adaptation=without_ML throughput_gbps=7.6478 latency_ms=64.9057
[2026-08-09T01:12:20] SAMPLE t=19s phase=Stable adaptation=without_ML throughput_gbps=7.3745 latency_ms=69.097
[2026-08-09T01:12:21] SAMPLE t=20s phase=Congestion adaptation=without_ML throughput_gbps=8.1203 latency_ms=64.9288
[2026-08-09T01:12:22] SAMPLE t=21s phase=Congestion adaptation=without_ML throughput_gbps=8.0219 latency_ms=65.7243
[2026-08-09T01:12:23] SAMPLE t=22s phase=Congestion adaptation=without_ML throughput_gbps=7.8112 latency_ms=67.6031
[2026-08-09T01:12:24] SAMPLE t=23s phase=Congestion adaptation=without_ML throughput_gbps=8.1231 latency_ms=65.8498
[2026-08-09T01:12:25] SAMPLE t=24s phase=Congestion adaptation=without_ML throughput_gbps=8.4423 latency_ms=68.1491
[2026-08-09T01:12:26] SAMPLE t=25s phase=Congestion adaptation=without_ML throughput_gbps=7.8275 latency_ms=64.5681
[2026-08-09T01:12:27] SAMPLE t=26s phase=Congestion adaptation=without_ML throughput_gbps=7.9492 latency_ms=67.3578
[2026-08-09T01:12:28] SAMPLE t=27s phase=Congestion adaptation=without_ML throughput_gbps=7.996 latency_ms=65.2014
[2026-08-09T01:12:29] SAMPLE t=28s phase=Congestion adaptation=without_ML throughput_gbps=8.2896 latency_ms=64.5146
[2026-08-09T01:12:30] SAMPLE t=29s phase=Congestion adaptation=without_ML throughput_gbps=7.7773 latency_ms=65.5821
[2026-08-09T01:12:31] SAMPLE t=30s phase=Congestion adaptation=without_ML throughput_gbps=7.9622 latency_ms=68.5575
[2026-08-09T01:12:32] SAMPLE t=31s phase=Congestion adaptation=without_ML throughput_gbps=8.1742 latency_ms=69.3304
[2026-08-09T01:12:33] SAMPLE t=32s phase=Congestion adaptation=without_ML throughput_gbps=7.9709 latency_ms=64.938
[2026-08-09T01:12:34] SAMPLE t=33s phase=Congestion adaptation=without_ML throughput_gbps=8.2294 latency_ms=68.0444
[2026-08-09T01:12:35] SAMPLE t=34s phase=Congestion adaptation=without_ML throughput_gbps=7.8179 latency_ms=63.5521
[2026-08-09T01:12:36] SAMPLE t=35s phase=Congestion adaptation=without_ML throughput_gbps=7.452 latency_ms=65.8928
[2026-08-09T01:12:37] SAMPLE t=36s phase=Congestion adaptation=without_ML throughput_gbps=7.7313 latency_ms=64.7297
[2026-08-09T01:12:38] SAMPLE t=37s phase=Congestion adaptation=without_ML throughput_gbps=7.6089 latency_ms=64.2318
[2026-08-09T01:12:39] SAMPLE t=38s phase=Congestion adaptation=without_ML throughput_gbps=7.9977 latency_ms=64.874
[2026-08-09T01:12:40] SAMPLE t=39s phase=Congestion adaptation=without_ML throughput_gbps=7.7219 latency_ms=64.4401
[2026-08-09T01:12:41] SAMPLE t=40s phase=Path_change adaptation=without_ML throughput_gbps=8.1179 latency_ms=64.6064
[2026-08-09T01:12:42] SAMPLE t=41s phase=Path_change adaptation=without_ML throughput_gbps=7.5926 latency_ms=68.1542
[2026-08-09T01:12:43] SAMPLE t=42s phase=Path_change adaptation=without_ML throughput_gbps=7.0877 latency_ms=64.6913
[2026-08-09T01:12:44] SAMPLE t=43s phase=Path_change adaptation=without_ML throughput_gbps=7.1355 latency_ms=68.21
[2026-08-09T01:12:45] SAMPLE t=44s phase=Path_change adaptation=without_ML throughput_gbps=7.0853 latency_ms=69.4922
[2026-08-09T01:12:46] SAMPLE t=45s phase=Path_change adaptation=without_ML throughput_gbps=6.4365 latency_ms=70.0748
[2026-08-09T01:12:47] SAMPLE t=46s phase=Path_change adaptation=without_ML throughput_gbps=6.217 latency_ms=68.6051
[2026-08-09T01:12:48] SAMPLE t=47s phase=Path_change adaptation=without_ML throughput_gbps=6.2233 latency_ms=75.0828
[2026-08-09T01:12:49] SAMPLE t=48s phase=Path_change adaptation=without_ML throughput_gbps=5.9614 latency_ms=75.0833
[2026-08-09T01:12:50] SAMPLE t=49s phase=Path_change adaptation=without_ML throughput_gbps=5.6626 latency_ms=72.5242
[2026-08-09T01:12:51] SAMPLE t=50s phase=Path_change adaptation=without_ML throughput_gbps=5.6475 latency_ms=73.7753
[2026-08-09T01:12:52] SAMPLE t=51s phase=Path_change adaptation=without_ML throughput_gbps=5.6629 latency_ms=73.6264
[2026-08-09T01:12:53] SAMPLE t=52s phase=Path_change adaptation=without_ML throughput_gbps=5.9972 latency_ms=72.8018
[2026-08-09T01:12:54] SAMPLE t=53s phase=Path_change adaptation=without_ML throughput_gbps=5.9748 latency_ms=70.925
[2026-08-09T01:12:55] SAMPLE t=54s phase=Path_change adaptation=without_ML throughput_gbps=6.3736 latency_ms=75.0509
[2026-08-09T01:12:56] SAMPLE t=55s phase=Path_change adaptation=without_ML throughput_gbps=6.1784 latency_ms=67.7729
[2026-08-09T01:12:57] SAMPLE t=56s phase=Path_change adaptation=without_ML throughput_gbps=6.5349 latency_ms=68.0319
[2026-08-09T01:12:58] SAMPLE t=57s phase=Path_change adaptation=without_ML throughput_gbps=6.9634 latency_ms=69.3727
[2026-08-09T01:12:59] SAMPLE t=58s phase=Path_change adaptation=without_ML throughput_gbps=7.1442 latency_ms=69.222
[2026-08-09T01:13:00] SAMPLE t=59s phase=Path_change adaptation=without_ML throughput_gbps=7.8533 latency_ms=66.4798
[2026-08-09T01:13:01] SAMPLE t=60s phase=Loss_spike adaptation=without_ML throughput_gbps=6.5311 latency_ms=70.5261
[2026-08-09T01:13:02] SAMPLE t=61s phase=Loss_spike adaptation=without_ML throughput_gbps=8.2466 latency_ms=78.983
[2026-08-09T01:13:03] SAMPLE t=62s phase=Loss_spike adaptation=without_ML throughput_gbps=7.3262 latency_ms=78.4138
[2026-08-09T01:13:04] SAMPLE t=63s phase=Loss_spike adaptation=without_ML throughput_gbps=5.0625 latency_ms=77.1093
[2026-08-09T01:13:05] SAMPLE t=64s phase=Loss_spike adaptation=without_ML throughput_gbps=4.1371 latency_ms=81.5476
[2026-08-09T01:13:06] SAMPLE t=65s phase=Loss_spike adaptation=without_ML throughput_gbps=6.1112 latency_ms=71.3331
[2026-08-09T01:13:07] SAMPLE t=66s phase=Loss_spike adaptation=without_ML throughput_gbps=8.2705 latency_ms=81.0981
[2026-08-09T01:13:08] SAMPLE t=67s phase=Loss_spike adaptation=without_ML throughput_gbps=7.6004 latency_ms=74.1384
[2026-08-09T01:13:09] SAMPLE t=68s phase=Loss_spike adaptation=without_ML throughput_gbps=4.6587 latency_ms=79.694
[2026-08-09T01:13:10] SAMPLE t=69s phase=Loss_spike adaptation=without_ML throughput_gbps=4.1435 latency_ms=82.0872
[2026-08-09T01:13:11] SAMPLE t=70s phase=Loss_spike adaptation=without_ML throughput_gbps=6.2039 latency_ms=72.8045
[2026-08-09T01:13:12] SAMPLE t=71s phase=Loss_spike adaptation=without_ML throughput_gbps=8.6067 latency_ms=77.177
[2026-08-09T01:13:13] SAMPLE t=72s phase=Loss_spike adaptation=without_ML throughput_gbps=7.5807 latency_ms=75.1394
[2026-08-09T01:13:14] SAMPLE t=73s phase=Loss_spike adaptation=without_ML throughput_gbps=4.8643 latency_ms=73.9163
[2026-08-09T01:13:15] SAMPLE t=74s phase=Loss_spike adaptation=without_ML throughput_gbps=4.1513 latency_ms=77.8622
[2026-08-09T01:13:16] SAMPLE t=75s phase=Loss_spike adaptation=without_ML throughput_gbps=6.1409 latency_ms=72.145
[2026-08-09T01:13:17] SAMPLE t=76s phase=Loss_spike adaptation=without_ML throughput_gbps=8.711 latency_ms=79.9955
[2026-08-09T01:13:18] SAMPLE t=77s phase=Loss_spike adaptation=without_ML throughput_gbps=7.603 latency_ms=73.1492
[2026-08-09T01:13:19] SAMPLE t=78s phase=Loss_spike adaptation=without_ML throughput_gbps=4.8118 latency_ms=76.5482
[2026-08-09T01:13:20] SAMPLE t=79s phase=Loss_spike adaptation=without_ML throughput_gbps=4.0045 latency_ms=78.5032
[2026-08-09T01:13:21] SAMPLE t=80s phase=Recovery adaptation=without_ML throughput_gbps=7.739 latency_ms=66.0698
[2026-08-09T01:13:22] SAMPLE t=81s phase=Recovery adaptation=without_ML throughput_gbps=8.3484 latency_ms=65.0144
[2026-08-09T01:13:23] SAMPLE t=82s phase=Recovery adaptation=without_ML throughput_gbps=7.8982 latency_ms=67.5688
[2026-08-09T01:13:24] SAMPLE t=83s phase=Recovery adaptation=without_ML throughput_gbps=8.1172 latency_ms=64.6406
[2026-08-09T01:13:25] SAMPLE t=84s phase=Recovery adaptation=without_ML throughput_gbps=7.7584 latency_ms=66.4735
[2026-08-09T01:13:26] SAMPLE t=85s phase=Recovery adaptation=without_ML throughput_gbps=7.818 latency_ms=65.8905
[2026-08-09T01:13:27] SAMPLE t=86s phase=Recovery adaptation=without_ML throughput_gbps=7.7396 latency_ms=67.7363
[2026-08-09T01:13:28] SAMPLE t=87s phase=Recovery adaptation=without_ML throughput_gbps=8.3619 latency_ms=68.5778
[2026-08-09T01:13:29] SAMPLE t=88s phase=Recovery adaptation=without_ML throughput_gbps=7.7989 latency_ms=67.451
[2026-08-09T01:13:30] SAMPLE t=89s phase=Recovery adaptation=without_ML throughput_gbps=7.8729 latency_ms=67.7222
[2026-08-09T01:13:31] SAMPLE t=90s phase=Recovery adaptation=without_ML throughput_gbps=8.686 latency_ms=66.3502
[2026-08-09T01:13:32] SAMPLE t=91s phase=Recovery adaptation=without_ML throughput_gbps=8.034 latency_ms=63.764
[2026-08-09T01:13:33] SAMPLE t=92s phase=Recovery adaptation=without_ML throughput_gbps=7.8783 latency_ms=65.7409
[2026-08-09T01:13:34] SAMPLE t=93s phase=Recovery adaptation=without_ML throughput_gbps=7.9867 latency_ms=65.0501
[2026-08-09T01:13:35] SAMPLE t=94s phase=Recovery adaptation=without_ML throughput_gbps=7.9894 latency_ms=67.1993
[2026-08-09T01:13:36] SAMPLE t=95s phase=Recovery adaptation=without_ML throughput_gbps=8.31 latency_ms=64.8637
[2026-08-09T01:13:37] SAMPLE t=96s phase=Recovery adaptation=without_ML throughput_gbps=8.0734 latency_ms=67.5805
[2026-08-09T01:13:38] SAMPLE t=97s phase=Recovery adaptation=without_ML throughput_gbps=8.0151 latency_ms=65.8162
[2026-08-09T01:13:39] SAMPLE t=98s phase=Recovery adaptation=without_ML throughput_gbps=8.2325 latency_ms=67.151
[2026-08-09T01:13:40] SAMPLE t=99s phase=Recovery adaptation=without_ML throughput_gbps=7.7862 latency_ms=68.7092
[2026-08-09T01:12:01] TRACE_END run_id=41 status=OK
[2026-08-09T01:16:07] TRACE_START run_id=42
[2026-08-09T01:16:07] SAMPLE t=0s phase=Stable adaptation=with_ML throughput_gbps=8.0799 latency_ms=64.9467
[2026-08-09T01:16:08] SAMPLE t=1s phase=Stable adaptation=with_ML throughput_gbps=8.169 latency_ms=65.9507
[2026-08-09T01:16:09] SAMPLE t=2s phase=Stable adaptation=with_ML throughput_gbps=8.096 latency_ms=66.1111
[2026-08-09T01:16:10] SAMPLE t=3s phase=Stable adaptation=with_ML throughput_gbps=7.9948 latency_ms=67.271
[2026-08-09T01:16:11] SAMPLE t=4s phase=Stable adaptation=with_ML throughput_gbps=7.7714 latency_ms=66.0301
[2026-08-09T01:16:12] SAMPLE t=5s phase=Stable adaptation=with_ML throughput_gbps=8.2185 latency_ms=67.6692
[2026-08-09T01:16:13] SAMPLE t=6s phase=Stable adaptation=with_ML throughput_gbps=8.4621 latency_ms=68.0473
[2026-08-09T01:16:14] SAMPLE t=7s phase=Stable adaptation=with_ML throughput_gbps=8.0554 latency_ms=66.1079
[2026-08-09T01:16:15] SAMPLE t=8s phase=Stable adaptation=with_ML throughput_gbps=8.1783 latency_ms=66.0527
[2026-08-09T01:16:16] SAMPLE t=9s phase=Stable adaptation=with_ML throughput_gbps=7.9816 latency_ms=66.6576
[2026-08-09T01:16:17] SAMPLE t=10s phase=Stable adaptation=with_ML throughput_gbps=7.9241 latency_ms=68.487
[2026-08-09T01:16:18] SAMPLE t=11s phase=Stable adaptation=with_ML throughput_gbps=7.9719 latency_ms=66.0575
[2026-08-09T01:16:19] SAMPLE t=12s phase=Stable adaptation=with_ML throughput_gbps=8.1742 latency_ms=66.6716
[2026-08-09T01:16:20] SAMPLE t=13s phase=Stable adaptation=with_ML throughput_gbps=8.0277 latency_ms=67.2331
[2026-08-09T01:16:21] SAMPLE t=14s phase=Stable adaptation=with_ML throughput_gbps=8.2212 latency_ms=67.1755
[2026-08-09T01:16:22] SAMPLE t=15s phase=Stable adaptation=with_ML throughput_gbps=8.0266 latency_ms=66.3837
[2026-08-09T01:16:23] SAMPLE t=16s phase=Stable adaptation=with_ML throughput_gbps=7.9804 latency_ms=65.6351
[2026-08-09T01:16:24] SAMPLE t=17s phase=Stable adaptation=with_ML throughput_gbps=8.155 latency_ms=67.3061
[2026-08-09T01:16:25] SAMPLE t=18s phase=Stable adaptation=with_ML throughput_gbps=8.4845 latency_ms=65.5545
[2026-08-09T01:16:26] SAMPLE t=19s phase=Stable adaptation=with_ML throughput_gbps=7.669 latency_ms=66.1257
[2026-08-09T01:16:27] SAMPLE t=20s phase=Congestion adaptation=with_ML throughput_gbps=8.1383 latency_ms=67.3244
[2026-08-09T01:16:28] SAMPLE t=21s phase=Congestion adaptation=with_ML throughput_gbps=8.1754 latency_ms=66.8059
[2026-08-09T01:16:29] SAMPLE t=22s phase=Congestion adaptation=with_ML throughput_gbps=8.2968 latency_ms=66.423
[2026-08-09T01:16:30] SAMPLE t=23s phase=Congestion adaptation=with_ML throughput_gbps=7.9611 latency_ms=66.9421
[2026-08-09T01:16:31] SAMPLE t=24s phase=Congestion adaptation=with_ML throughput_gbps=7.9422 latency_ms=67.5059
[2026-08-09T01:16:32] SAMPLE t=25s phase=Congestion adaptation=with_ML throughput_gbps=8.0151 latency_ms=67.1385
[2026-08-09T01:16:33] SAMPLE t=26s phase=Congestion adaptation=with_ML throughput_gbps=7.9834 latency_ms=67.1885
[2026-08-09T01:16:34] SAMPLE t=27s phase=Congestion adaptation=with_ML throughput_gbps=8.18 latency_ms=66.6837
[2026-08-09T01:16:35] SAMPLE t=28s phase=Congestion adaptation=with_ML throughput_gbps=7.9747 latency_ms=66.1966
[2026-08-09T01:16:36] SAMPLE t=29s phase=Congestion adaptation=with_ML throughput_gbps=8.54 latency_ms=66.7254
[2026-08-09T01:16:37] SAMPLE t=30s phase=Congestion adaptation=with_ML throughput_gbps=8.2999 latency_ms=67.4039
[2026-08-09T01:16:38] SAMPLE t=31s phase=Congestion adaptation=with_ML throughput_gbps=8.0873 latency_ms=67.6717
[2026-08-09T01:16:39] SAMPLE t=32s phase=Congestion adaptation=with_ML throughput_gbps=7.7955 latency_ms=66.3935
[2026-08-09T01:16:40] SAMPLE t=33s phase=Congestion adaptation=with_ML throughput_gbps=8.2854 latency_ms=66.9688
[2026-08-09T01:16:41] SAMPLE t=34s phase=Congestion adaptation=with_ML throughput_gbps=8.1259 latency_ms=67.0324
[2026-08-09T01:16:42] SAMPLE t=35s phase=Congestion adaptation=with_ML throughput_gbps=8.1443 latency_ms=67.8104
[2026-08-09T01:16:43] SAMPLE t=36s phase=Congestion adaptation=with_ML throughput_gbps=8.1498 latency_ms=68.0751
[2026-08-09T01:16:44] SAMPLE t=37s phase=Congestion adaptation=with_ML throughput_gbps=7.8444 latency_ms=66.744
[2026-08-09T01:16:45] SAMPLE t=38s phase=Congestion adaptation=with_ML throughput_gbps=8.1025 latency_ms=68.0307
[2026-08-09T01:16:46] SAMPLE t=39s phase=Congestion adaptation=with_ML throughput_gbps=7.958 latency_ms=65.5733
[2026-08-09T01:16:47] SAMPLE t=40s phase=Path_change adaptation=with_ML throughput_gbps=7.9435 latency_ms=66.4221
[2026-08-09T01:16:48] SAMPLE t=41s phase=Path_change adaptation=with_ML throughput_gbps=7.8179 latency_ms=65.2564
[2026-08-09T01:16:49] SAMPLE t=42s phase=Path_change adaptation=with_ML throughput_gbps=7.8836 latency_ms=67.6986
[2026-08-09T01:16:50] SAMPLE t=43s phase=Path_change adaptation=with_ML throughput_gbps=7.9377 latency_ms=66.7539
[2026-08-09T01:16:51] SAMPLE t=44s phase=Path_change adaptation=with_ML throughput_gbps=7.4064 latency_ms=68.9853
[2026-08-09T01:16:52] SAMPLE t=45s phase=Path_change adaptation=with_ML throughput_gbps=7.5707 latency_ms=69.2565
[2026-08-09T01:16:53] SAMPLE t=46s phase=Path_change adaptation=with_ML throughput_gbps=7.4659 latency_ms=67.4508
[2026-08-09T01:16:54] SAMPLE t=47s phase=Path_change adaptation=with_ML throughput_gbps=7.4514 latency_ms=67.0905
[2026-08-09T01:16:55] SAMPLE t=48s phase=Path_change adaptation=with_ML throughput_gbps=6.9834 latency_ms=70.4073
[2026-08-09T01:16:56] SAMPLE t=49s phase=Path_change adaptation=with_ML throughput_gbps=7.1751 latency_ms=68.5716
[2026-08-09T01:16:57] SAMPLE t=50s phase=Path_change adaptation=with_ML throughput_gbps=7.2266 latency_ms=68.417
[2026-08-09T01:16:58] SAMPLE t=51s phase=Path_change adaptation=with_ML throughput_gbps=6.831 latency_ms=68.5336
[2026-08-09T01:16:59] SAMPLE t=52s phase=Path_change adaptation=with_ML throughput_gbps=7.5641 latency_ms=67.782
[2026-08-09T01:17:00] SAMPLE t=53s phase=Path_change adaptation=with_ML throughput_gbps=7.1374 latency_ms=66.9336
[2026-08-09T01:17:01] SAMPLE t=54s phase=Path_change adaptation=with_ML throughput_gbps=7.5024 latency_ms=67.3738
[2026-08-09T01:17:02] SAMPLE t=55s phase=Path_change adaptation=with_ML throughput_gbps=7.5356 latency_ms=68.3831
[2026-08-09T01:17:03] SAMPLE t=56s phase=Path_change adaptation=with_ML throughput_gbps=7.7783 latency_ms=66.7597
[2026-08-09T01:17:04] SAMPLE t=57s phase=Path_change adaptation=with_ML throughput_gbps=7.7109 latency_ms=66.9679
[2026-08-09T01:17:05] SAMPLE t=58s phase=Path_change adaptation=with_ML throughput_gbps=7.8053 latency_ms=68.1846
[2026-08-09T01:17:06] SAMPLE t=59s phase=Path_change adaptation=with_ML throughput_gbps=8.078 latency_ms=66.9017
[2026-08-09T01:17:07] SAMPLE t=60s phase=Loss_spike adaptation=with_ML throughput_gbps=7.5886 latency_ms=68.4637
[2026-08-09T01:17:08] SAMPLE t=61s phase=Loss_spike adaptation=with_ML throughput_gbps=8.2637 latency_ms=73.714
[2026-08-09T01:17:09] SAMPLE t=62s phase=Loss_spike adaptation=with_ML throughput_gbps=7.7988 latency_ms=69.2124
[2026-08-09T01:17:10] SAMPLE t=63s phase=Loss_spike adaptation=with_ML throughput_gbps=6.4849 latency_ms=69.5962
[2026-08-09T01:17:11] SAMPLE t=64s phase=Loss_spike adaptation=with_ML throughput_gbps=6.365 latency_ms=71.8998
[2026-08-09T01:17:12] SAMPLE t=65s phase=Loss_spike adaptation=with_ML throughput_gbps=7.2296 latency_ms=70.5827
[2026-08-09T01:17:13] SAMPLE t=66s phase=Loss_spike adaptation=with_ML throughput_gbps=8.414 latency_ms=70.8573
[2026-08-09T01:17:14] SAMPLE t=67s phase=Loss_spike adaptation=with_ML throughput_gbps=7.8514 latency_ms=70.2821
[2026-08-09T01:17:15] SAMPLE t=68s phase=Loss_spike adaptation=with_ML throughput_gbps=6.563 latency_ms=69.5447
[2026-08-09T01:17:16] SAMPLE t=69s phase=Loss_spike adaptation=with_ML throughput_gbps=6.6664 latency_ms=68.2764
[2026-08-09T01:17:17] SAMPLE t=70s phase=Loss_spike adaptation=with_ML throughput_gbps=7.1769 latency_ms=66.2291
[2026-08-09T01:17:18] SAMPLE t=71s phase=Loss_spike adaptation=with_ML throughput_gbps=8.5074 latency_ms=70.4517
[2026-08-09T01:17:19] SAMPLE t=72s phase=Loss_spike adaptation=with_ML throughput_gbps=7.9677 latency_ms=69.2077
[2026-08-09T01:17:20] SAMPLE t=73s phase=Loss_spike adaptation=with_ML throughput_gbps=6.5372 latency_ms=69.2018
[2026-08-09T01:17:21] SAMPLE t=74s phase=Loss_spike adaptation=with_ML throughput_gbps=6.4906 latency_ms=72.7297
[2026-08-09T01:17:22] SAMPLE t=75s phase=Loss_spike adaptation=with_ML throughput_gbps=7.2833 latency_ms=69.0783
[2026-08-09T01:17:23] SAMPLE t=76s phase=Loss_spike adaptation=with_ML throughput_gbps=8.3103 latency_ms=70.6447
[2026-08-09T01:17:24] SAMPLE t=77s phase=Loss_spike adaptation=with_ML throughput_gbps=8.2289 latency_ms=69.3393
[2026-08-09T01:17:25] SAMPLE t=78s phase=Loss_spike adaptation=with_ML throughput_gbps=6.6632 latency_ms=69.5508
[2026-08-09T01:17:26] SAMPLE t=79s phase=Loss_spike adaptation=with_ML throughput_gbps=5.996 latency_ms=69.7485
[2026-08-09T01:17:27] SAMPLE t=80s phase=Recovery adaptation=with_ML throughput_gbps=8.413 latency_ms=67.1585
[2026-08-09T01:17:28] SAMPLE t=81s phase=Recovery adaptation=with_ML throughput_gbps=8.0135 latency_ms=65.5188
[2026-08-09T01:17:29] SAMPLE t=82s phase=Recovery adaptation=with_ML throughput_gbps=8.3411 latency_ms=66.3248
[2026-08-09T01:17:30] SAMPLE t=83s phase=Recovery adaptation=with_ML throughput_gbps=8.5398 latency_ms=65.8852
[2026-08-09T01:17:31] SAMPLE t=84s phase=Recovery adaptation=with_ML throughput_gbps=8.1413 latency_ms=66.7865
[2026-08-09T01:17:32] SAMPLE t=85s phase=Recovery adaptation=with_ML throughput_gbps=8.1468 latency_ms=67.864
[2026-08-09T01:17:33] SAMPLE t=86s phase=Recovery adaptation=with_ML throughput_gbps=8.0925 latency_ms=67.4497
[2026-08-09T01:17:34] SAMPLE t=87s phase=Recovery adaptation=with_ML throughput_gbps=8.5868 latency_ms=63.4664
[2026-08-09T01:17:35] SAMPLE t=88s phase=Recovery adaptation=with_ML throughput_gbps=7.9964 latency_ms=67.6147
[2026-08-09T01:17:36] SAMPLE t=89s phase=Recovery adaptation=with_ML throughput_gbps=8.3108 latency_ms=67.1354
[2026-08-09T01:17:37] SAMPLE t=90s phase=Recovery adaptation=with_ML throughput_gbps=8.3228 latency_ms=66.1682
[2026-08-09T01:17:38] SAMPLE t=91s phase=Recovery adaptation=with_ML throughput_gbps=8.2693 latency_ms=64.2741
[2026-08-09T01:17:39] SAMPLE t=92s phase=Recovery adaptation=with_ML throughput_gbps=8.46 latency_ms=64.3574
[2026-08-09T01:17:40] SAMPLE t=93s phase=Recovery adaptation=with_ML throughput_gbps=8.9493 latency_ms=66.3829
[2026-08-09T01:17:41] SAMPLE t=94s phase=Recovery adaptation=with_ML throughput_gbps=8.5882 latency_ms=66.3131
[2026-08-09T01:17:42] SAMPLE t=95s phase=Recovery adaptation=with_ML throughput_gbps=7.9498 latency_ms=64.3073
[2026-08-09T01:17:43] SAMPLE t=96s phase=Recovery adaptation=with_ML throughput_gbps=8.4464 latency_ms=66.4496
[2026-08-09T01:17:44] SAMPLE t=97s phase=Recovery adaptation=with_ML throughput_gbps=8.6383 latency_ms=66.8794
[2026-08-09T01:17:45] SAMPLE t=98s phase=Recovery adaptation=with_ML throughput_gbps=8.8017 latency_ms=64.6951
[2026-08-09T01:17:46] SAMPLE t=99s phase=Recovery adaptation=with_ML throughput_gbps=8.7217 latency_ms=64.6712
[2026-08-09T01:16:07] SAMPLE t=0s phase=Stable adaptation=without_ML throughput_gbps=8.2421 latency_ms=66.215
[2026-08-09T01:16:08] SAMPLE t=1s phase=Stable adaptation=without_ML throughput_gbps=7.4269 latency_ms=69.7535
[2026-08-09T01:16:09] SAMPLE t=2s phase=Stable adaptation=without_ML throughput_gbps=8.1385 latency_ms=64.5931
[2026-08-09T01:16:10] SAMPLE t=3s phase=Stable adaptation=without_ML throughput_gbps=7.7324 latency_ms=61.6039
[2026-08-09T01:16:11] SAMPLE t=4s phase=Stable adaptation=without_ML throughput_gbps=8.1817 latency_ms=68.1654
[2026-08-09T01:16:12] SAMPLE t=5s phase=Stable adaptation=without_ML throughput_gbps=7.9453 latency_ms=66.8395
[2026-08-09T01:16:13] SAMPLE t=6s phase=Stable adaptation=without_ML throughput_gbps=7.8378 latency_ms=67.3371
[2026-08-09T01:16:14] SAMPLE t=7s phase=Stable adaptation=without_ML throughput_gbps=8.2665 latency_ms=66.3049
[2026-08-09T01:16:15] SAMPLE t=8s phase=Stable adaptation=without_ML throughput_gbps=8.5338 latency_ms=66.3362
[2026-08-09T01:16:16] SAMPLE t=9s phase=Stable adaptation=without_ML throughput_gbps=7.7704 latency_ms=65.6339
[2026-08-09T01:16:17] SAMPLE t=10s phase=Stable adaptation=without_ML throughput_gbps=8.4715 latency_ms=67.6922
[2026-08-09T01:16:18] SAMPLE t=11s phase=Stable adaptation=without_ML throughput_gbps=8.0232 latency_ms=65.0958
[2026-08-09T01:16:19] SAMPLE t=12s phase=Stable adaptation=without_ML throughput_gbps=7.7654 latency_ms=66.9139
[2026-08-09T01:16:20] SAMPLE t=13s phase=Stable adaptation=without_ML throughput_gbps=7.5703 latency_ms=66.297
[2026-08-09T01:16:21] SAMPLE t=14s phase=Stable adaptation=without_ML throughput_gbps=7.6279 latency_ms=66.4434
[2026-08-09T01:16:22] SAMPLE t=15s phase=Stable adaptation=without_ML throughput_gbps=8.154 latency_ms=64.8163
[2026-08-09T01:16:23] SAMPLE t=16s phase=Stable adaptation=without_ML throughput_gbps=7.656 latency_ms=66.4885
[2026-08-09T01:16:24] SAMPLE t=17s phase=Stable adaptation=without_ML throughput_gbps=7.6273 latency_ms=67.1913
[2026-08-09T01:16:25] SAMPLE t=18s phase=Stable adaptation=without_ML throughput_gbps=8.3175 latency_ms=65.8975
[2026-08-09T01:16:26] SAMPLE t=19s phase=Stable adaptation=without_ML throughput_gbps=8.2991 latency_ms=64.6087
[2026-08-09T01:16:27] SAMPLE t=20s phase=Congestion adaptation=without_ML throughput_gbps=8.4507 latency_ms=64.9736
[2026-08-09T01:16:28] SAMPLE t=21s phase=Congestion adaptation=without_ML throughput_gbps=8.3252 latency_ms=65.5121
[2026-08-09T01:16:29] SAMPLE t=22s phase=Congestion adaptation=without_ML throughput_gbps=8.2448 latency_ms=65.0792
[2026-08-09T01:16:30] SAMPLE t=23s phase=Congestion adaptation=without_ML throughput_gbps=8.1321 latency_ms=65.2891
[2026-08-09T01:16:31] SAMPLE t=24s phase=Congestion adaptation=without_ML throughput_gbps=8.2079 latency_ms=67.1068
[2026-08-09T01:16:32] SAMPLE t=25s phase=Congestion adaptation=without_ML throughput_gbps=7.8437 latency_ms=62.6375
[2026-08-09T01:16:33] SAMPLE t=26s phase=Congestion adaptation=without_ML throughput_gbps=7.9125 latency_ms=67.6071
[2026-08-09T01:16:34] SAMPLE t=27s phase=Congestion adaptation=without_ML throughput_gbps=7.8634 latency_ms=64.1975
[2026-08-09T01:16:35] SAMPLE t=28s phase=Congestion adaptation=without_ML throughput_gbps=7.8762 latency_ms=66.5682
[2026-08-09T01:16:36] SAMPLE t=29s phase=Congestion adaptation=without_ML throughput_gbps=7.5463 latency_ms=67.8917
[2026-08-09T01:16:37] SAMPLE t=30s phase=Congestion adaptation=without_ML throughput_gbps=8.0838 latency_ms=65.5515
[2026-08-09T01:16:38] SAMPLE t=31s phase=Congestion adaptation=without_ML throughput_gbps=7.8836 latency_ms=66.2003
[2026-08-09T01:16:39] SAMPLE t=32s phase=Congestion adaptation=without_ML throughput_gbps=7.689 latency_ms=67.2793
[2026-08-09T01:16:40] SAMPLE t=33s phase=Congestion adaptation=without_ML throughput_gbps=8.0231 latency_ms=65.4441
[2026-08-09T01:16:41] SAMPLE t=34s phase=Congestion adaptation=without_ML throughput_gbps=7.9693 latency_ms=64.7402
[2026-08-09T01:16:42] SAMPLE t=35s phase=Congestion adaptation=without_ML throughput_gbps=7.94 latency_ms=64.8136
[2026-08-09T01:16:43] SAMPLE t=36s phase=Congestion adaptation=without_ML throughput_gbps=8.4358 latency_ms=64.7174
[2026-08-09T01:16:44] SAMPLE t=37s phase=Congestion adaptation=without_ML throughput_gbps=8.0053 latency_ms=64.5869
[2026-08-09T01:16:45] SAMPLE t=38s phase=Congestion adaptation=without_ML throughput_gbps=8.3847 latency_ms=68.4907
[2026-08-09T01:16:46] SAMPLE t=39s phase=Congestion adaptation=without_ML throughput_gbps=7.7396 latency_ms=65.1386
[2026-08-09T01:16:47] SAMPLE t=40s phase=Path_change adaptation=without_ML throughput_gbps=7.8948 latency_ms=65.5124
[2026-08-09T01:16:48] SAMPLE t=41s phase=Path_change adaptation=without_ML throughput_gbps=8.0426 latency_ms=66.7987
[2026-08-09T01:16:49] SAMPLE t=42s phase=Path_change adaptation=without_ML throughput_gbps=7.2318 latency_ms=68.132
[2026-08-09T01:16:50] SAMPLE t=43s phase=Path_change adaptation=without_ML throughput_gbps=6.8026 latency_ms=66.7005
[2026-08-09T01:16:51] SAMPLE t=44s phase=Path_change adaptation=without_ML throughput_gbps=6.5307 latency_ms=71.5356
[2026-08-09T01:16:52] SAMPLE t=45s phase=Path_change adaptation=without_ML throughput_gbps=6.7213 latency_ms=72.1943
[2026-08-09T01:16:53] SAMPLE t=46s phase=Path_change adaptation=without_ML throughput_gbps=5.9798 latency_ms=73.2968
[2026-08-09T01:16:54] SAMPLE t=47s phase=Path_change adaptation=without_ML throughput_gbps=5.6685 latency_ms=73.18
[2026-08-09T01:16:55] SAMPLE t=48s phase=Path_change adaptation=without_ML throughput_gbps=5.9624 latency_ms=72.0107
[2026-08-09T01:16:56] SAMPLE t=49s phase=Path_change adaptation=without_ML throughput_gbps=5.8968 latency_ms=74.6611
[2026-08-09T01:16:57] SAMPLE t=50s phase=Path_change adaptation=without_ML throughput_gbps=5.845 latency_ms=70.885
[2026-08-09T01:16:58] SAMPLE t=51s phase=Path_change adaptation=without_ML throughput_gbps=5.4799 latency_ms=73.7378
[2026-08-09T01:16:59] SAMPLE t=52s phase=Path_change adaptation=without_ML throughput_gbps=5.9227 latency_ms=73.6499
[2026-08-09T01:17:00] SAMPLE t=53s phase=Path_change adaptation=without_ML throughput_gbps=6.0186 latency_ms=70.0885
[2026-08-09T01:17:01] SAMPLE t=54s phase=Path_change adaptation=without_ML throughput_gbps=5.7712 latency_ms=71.5106
[2026-08-09T01:17:02] SAMPLE t=55s phase=Path_change adaptation=without_ML throughput_gbps=6.5439 latency_ms=72.646
[2026-08-09T01:17:03] SAMPLE t=56s phase=Path_change adaptation=without_ML throughput_gbps=6.5218 latency_ms=69.5519
[2026-08-09T01:17:04] SAMPLE t=57s phase=Path_change adaptation=without_ML throughput_gbps=6.6598 latency_ms=72.1241
[2026-08-09T01:17:05] SAMPLE t=58s phase=Path_change adaptation=without_ML throughput_gbps=7.1486 latency_ms=68.572
[2026-08-09T01:17:06] SAMPLE t=59s phase=Path_change adaptation=without_ML throughput_gbps=7.4568 latency_ms=65.0603
[2026-08-09T01:17:07] SAMPLE t=60s phase=Loss_spike adaptation=without_ML throughput_gbps=6.52 latency_ms=68.9538
[2026-08-09T01:17:08] SAMPLE t=61s phase=Loss_spike adaptation=without_ML throughput_gbps=8.5833 latency_ms=83.7327
[2026-08-09T01:17:09] SAMPLE t=62s phase=Loss_spike adaptation=without_ML throughput_gbps=7.2152 latency_ms=75.9812
[2026-08-09T01:17:10] SAMPLE t=63s phase=Loss_spike adaptation=without_ML throughput_gbps=4.8092 latency_ms=78.564
[2026-08-09T01:17:11] SAMPLE t=64s phase=Loss_spike adaptation=without_ML throughput_gbps=3.982 latency_ms=81.1384
[2026-08-09T01:17:12] SAMPLE t=65s phase=Loss_spike adaptation=without_ML throughput_gbps=6.1386 latency_ms=71.9037
[2026-08-09T01:17:13] SAMPLE t=66s phase=Loss_spike adaptation=without_ML throughput_gbps=8.8048 latency_ms=80.116
[2026-08-09T01:17:14] SAMPLE t=67s phase=Loss_spike adaptation=without_ML throughput_gbps=7.5778 latency_ms=78.203
[2026-08-09T01:17:15] SAMPLE t=68s phase=Loss_spike adaptation=without_ML throughput_gbps=4.9495 latency_ms=79.4063
[2026-08-09T01:17:16] SAMPLE t=69s phase=Loss_spike adaptation=without_ML throughput_gbps=3.9564 latency_ms=79.0726
[2026-08-09T01:17:17] SAMPLE t=70s phase=Loss_spike adaptation=without_ML throughput_gbps=6.1176 latency_ms=68.4708
[2026-08-09T01:17:18] SAMPLE t=71s phase=Loss_spike adaptation=without_ML throughput_gbps=8.1848 latency_ms=80.1813
[2026-08-09T01:17:19] SAMPLE t=72s phase=Loss_spike adaptation=without_ML throughput_gbps=7.936 latency_ms=73.9386
[2026-08-09T01:17:20] SAMPLE t=73s phase=Loss_spike adaptation=without_ML throughput_gbps=4.7988 latency_ms=76.8414
[2026-08-09T01:17:21] SAMPLE t=74s phase=Loss_spike adaptation=without_ML throughput_gbps=3.7386 latency_ms=78.6532
[2026-08-09T01:17:22] SAMPLE t=75s phase=Loss_spike adaptation=without_ML throughput_gbps=6.3873 latency_ms=69.0891
[2026-08-09T01:17:23] SAMPLE t=76s phase=Loss_spike adaptation=without_ML throughput_gbps=8.3272 latency_ms=78.9568
[2026-08-09T01:17:24] SAMPLE t=77s phase=Loss_spike adaptation=without_ML throughput_gbps=7.6165 latency_ms=75.3795
[2026-08-09T01:17:25] SAMPLE t=78s phase=Loss_spike adaptation=without_ML throughput_gbps=4.9046 latency_ms=72.0562
[2026-08-09T01:17:26] SAMPLE t=79s phase=Loss_spike adaptation=without_ML throughput_gbps=4.1106 latency_ms=79.0913
[2026-08-09T01:17:27] SAMPLE t=80s phase=Recovery adaptation=without_ML throughput_gbps=7.4915 latency_ms=67.7638
[2026-08-09T01:17:28] SAMPLE t=81s phase=Recovery adaptation=without_ML throughput_gbps=8.2211 latency_ms=64.0296
[2026-08-09T01:17:29] SAMPLE t=82s phase=Recovery adaptation=without_ML throughput_gbps=7.6443 latency_ms=67.6074
[2026-08-09T01:17:30] SAMPLE t=83s phase=Recovery adaptation=without_ML throughput_gbps=8.1216 latency_ms=65.0988
[2026-08-09T01:17:31] SAMPLE t=84s phase=Recovery adaptation=without_ML throughput_gbps=7.8641 latency_ms=63.9358
[2026-08-09T01:17:32] SAMPLE t=85s phase=Recovery adaptation=without_ML throughput_gbps=7.6852 latency_ms=68.0405
[2026-08-09T01:17:33] SAMPLE t=86s phase=Recovery adaptation=without_ML throughput_gbps=8.3427 latency_ms=65.8155
[2026-08-09T01:17:34] SAMPLE t=87s phase=Recovery adaptation=without_ML throughput_gbps=7.9747 latency_ms=66.916
[2026-08-09T01:17:35] SAMPLE t=88s phase=Recovery adaptation=without_ML throughput_gbps=8.1179 latency_ms=66.8474
[2026-08-09T01:17:36] SAMPLE t=89s phase=Recovery adaptation=without_ML throughput_gbps=7.8254 latency_ms=65.8924
[2026-08-09T01:17:37] SAMPLE t=90s phase=Recovery adaptation=without_ML throughput_gbps=8.0318 latency_ms=65.0639
[2026-08-09T01:17:38] SAMPLE t=91s phase=Recovery adaptation=without_ML throughput_gbps=8.029 latency_ms=64.9984
[2026-08-09T01:17:39] SAMPLE t=92s phase=Recovery adaptation=without_ML throughput_gbps=7.8195 latency_ms=64.4102
[2026-08-09T01:17:40] SAMPLE t=93s phase=Recovery adaptation=without_ML throughput_gbps=8.1551 latency_ms=65.4557
[2026-08-09T01:17:41] SAMPLE t=94s phase=Recovery adaptation=without_ML throughput_gbps=8.0449 latency_ms=67.342
[2026-08-09T01:17:42] SAMPLE t=95s phase=Recovery adaptation=without_ML throughput_gbps=7.8494 latency_ms=65.7905
[2026-08-09T01:17:43] SAMPLE t=96s phase=Recovery adaptation=without_ML throughput_gbps=8.3744 latency_ms=65.9684
[2026-08-09T01:17:44] SAMPLE t=97s phase=Recovery adaptation=without_ML throughput_gbps=8.179 latency_ms=67.5091
[2026-08-09T01:17:45] SAMPLE t=98s phase=Recovery adaptation=without_ML throughput_gbps=7.981 latency_ms=66.7444
[2026-08-09T01:17:46] SAMPLE t=99s phase=Recovery adaptation=without_ML throughput_gbps=7.7777 latency_ms=69.2512
[2026-08-09T01:16:07] TRACE_END run_id=42 status=OK
[2026-08-09T01:26:08] TRACE_START run_id=43
[2026-08-09T01:26:08] SAMPLE t=0s phase=Stable adaptation=with_ML throughput_gbps=8.0579 latency_ms=65.9927
[2026-08-09T01:26:09] SAMPLE t=1s phase=Stable adaptation=with_ML throughput_gbps=8.2394 latency_ms=66.7755
[2026-08-09T01:26:10] SAMPLE t=2s phase=Stable adaptation=with_ML throughput_gbps=8.0174 latency_ms=66.2987
[2026-08-09T01:26:11] SAMPLE t=3s phase=Stable adaptation=with_ML throughput_gbps=8.0904 latency_ms=67.77
[2026-08-09T01:26:12] SAMPLE t=4s phase=Stable adaptation=with_ML throughput_gbps=7.9936 latency_ms=67.9215
[2026-08-09T01:26:13] SAMPLE t=5s phase=Stable adaptation=with_ML throughput_gbps=8.2633 latency_ms=66.0955
[2026-08-09T01:26:14] SAMPLE t=6s phase=Stable adaptation=with_ML throughput_gbps=8.1406 latency_ms=65.9003
[2026-08-09T01:26:15] SAMPLE t=7s phase=Stable adaptation=with_ML throughput_gbps=8.189 latency_ms=63.2132
[2026-08-09T01:26:16] SAMPLE t=8s phase=Stable adaptation=with_ML throughput_gbps=8.1434 latency_ms=66.1084
[2026-08-09T01:26:17] SAMPLE t=9s phase=Stable adaptation=with_ML throughput_gbps=7.7188 latency_ms=65.1242
[2026-08-09T01:26:18] SAMPLE t=10s phase=Stable adaptation=with_ML throughput_gbps=7.8378 latency_ms=67.484
[2026-08-09T01:26:19] SAMPLE t=11s phase=Stable adaptation=with_ML throughput_gbps=7.9834 latency_ms=66.0153
[2026-08-09T01:26:20] SAMPLE t=12s phase=Stable adaptation=with_ML throughput_gbps=8.0536 latency_ms=64.7867
[2026-08-09T01:26:21] SAMPLE t=13s phase=Stable adaptation=with_ML throughput_gbps=8.1144 latency_ms=67.0818
[2026-08-09T01:26:22] SAMPLE t=14s phase=Stable adaptation=with_ML throughput_gbps=7.9242 latency_ms=63.9834
[2026-08-09T01:26:23] SAMPLE t=15s phase=Stable adaptation=with_ML throughput_gbps=8.2065 latency_ms=65.5331
[2026-08-09T01:26:24] SAMPLE t=16s phase=Stable adaptation=with_ML throughput_gbps=7.896 latency_ms=65.5816
[2026-08-09T01:26:25] SAMPLE t=17s phase=Stable adaptation=with_ML throughput_gbps=7.7847 latency_ms=65.1107
[2026-08-09T01:26:26] SAMPLE t=18s phase=Stable adaptation=with_ML throughput_gbps=7.9047 latency_ms=67.7983
[2026-08-09T01:26:27] SAMPLE t=19s phase=Stable adaptation=with_ML throughput_gbps=8.6802 latency_ms=65.6977
[2026-08-09T01:26:28] SAMPLE t=20s phase=Congestion adaptation=with_ML throughput_gbps=8.7083 latency_ms=66.7861
[2026-08-09T01:26:29] SAMPLE t=21s phase=Congestion adaptation=with_ML throughput_gbps=8.2521 latency_ms=68.5339
[2026-08-09T01:26:30] SAMPLE t=22s phase=Congestion adaptation=with_ML throughput_gbps=8.4392 latency_ms=67.8172
[2026-08-09T01:26:31] SAMPLE t=23s phase=Congestion adaptation=with_ML throughput_gbps=8.0115 latency_ms=65.8776
[2026-08-09T01:26:32] SAMPLE t=24s phase=Congestion adaptation=with_ML throughput_gbps=7.8221 latency_ms=65.6443
[2026-08-09T01:26:33] SAMPLE t=25s phase=Congestion adaptation=with_ML throughput_gbps=8.0223 latency_ms=66.6494
[2026-08-09T01:26:34] SAMPLE t=26s phase=Congestion adaptation=with_ML throughput_gbps=8.2122 latency_ms=66.9165
[2026-08-09T01:26:35] SAMPLE t=27s phase=Congestion adaptation=with_ML throughput_gbps=8.2362 latency_ms=65.0848
[2026-08-09T01:26:36] SAMPLE t=28s phase=Congestion adaptation=with_ML throughput_gbps=8.3324 latency_ms=66.6543
[2026-08-09T01:26:37] SAMPLE t=29s phase=Congestion adaptation=with_ML throughput_gbps=8.1285 latency_ms=67.4009
[2026-08-09T01:26:38] SAMPLE t=30s phase=Congestion adaptation=with_ML throughput_gbps=7.9634 latency_ms=66.0797
[2026-08-09T01:26:39] SAMPLE t=31s phase=Congestion adaptation=with_ML throughput_gbps=8.0578 latency_ms=66.523
[2026-08-09T01:26:40] SAMPLE t=32s phase=Congestion adaptation=with_ML throughput_gbps=8.2025 latency_ms=70.211
[2026-08-09T01:26:41] SAMPLE t=33s phase=Congestion adaptation=with_ML throughput_gbps=8.3052 latency_ms=65.3473
[2026-08-09T01:26:42] SAMPLE t=34s phase=Congestion adaptation=with_ML throughput_gbps=8.1915 latency_ms=67.2599
[2026-08-09T01:26:43] SAMPLE t=35s phase=Congestion adaptation=with_ML throughput_gbps=8.2021 latency_ms=65.9672
[2026-08-09T01:26:44] SAMPLE t=36s phase=Congestion adaptation=with_ML throughput_gbps=7.7801 latency_ms=68.2461
[2026-08-09T01:26:45] SAMPLE t=37s phase=Congestion adaptation=with_ML throughput_gbps=8.0783 latency_ms=65.5991
[2026-08-09T01:26:46] SAMPLE t=38s phase=Congestion adaptation=with_ML throughput_gbps=8.0407 latency_ms=64.5889
[2026-08-09T01:26:47] SAMPLE t=39s phase=Congestion adaptation=with_ML throughput_gbps=8.2552 latency_ms=66.6845
[2026-08-09T01:26:48] SAMPLE t=40s phase=Path_change adaptation=with_ML throughput_gbps=8.1919 latency_ms=67.0784
[2026-08-09T01:26:49] SAMPLE t=41s phase=Path_change adaptation=with_ML throughput_gbps=7.982 latency_ms=68.1243
[2026-08-09T01:26:50] SAMPLE t=42s phase=Path_change adaptation=with_ML throughput_gbps=7.8917 latency_ms=69.967
[2026-08-09T01:26:51] SAMPLE t=43s phase=Path_change adaptation=with_ML throughput_gbps=7.7937 latency_ms=68.4642
[2026-08-09T01:26:52] SAMPLE t=44s phase=Path_change adaptation=with_ML throughput_gbps=7.5779 latency_ms=67.7589
[2026-08-09T01:26:53] SAMPLE t=45s phase=Path_change adaptation=with_ML throughput_gbps=7.6718 latency_ms=69.7006
[2026-08-09T01:26:54] SAMPLE t=46s phase=Path_change adaptation=with_ML throughput_gbps=7.2394 latency_ms=69.516
[2026-08-09T01:26:55] SAMPLE t=47s phase=Path_change adaptation=with_ML throughput_gbps=7.6385 latency_ms=67.698
[2026-08-09T01:26:56] SAMPLE t=48s phase=Path_change adaptation=with_ML throughput_gbps=6.9506 latency_ms=68.393
[2026-08-09T01:26:57] SAMPLE t=49s phase=Path_change adaptation=with_ML throughput_gbps=7.139 latency_ms=66.5342
[2026-08-09T01:26:58] SAMPLE t=50s phase=Path_change adaptation=with_ML throughput_gbps=7.1471 latency_ms=68.6065
[2026-08-09T01:26:59] SAMPLE t=51s phase=Path_change adaptation=with_ML throughput_gbps=7.0142 latency_ms=70.2803
[2026-08-09T01:27:00] SAMPLE t=52s phase=Path_change adaptation=with_ML throughput_gbps=7.0159 latency_ms=69.2999
[2026-08-09T01:27:01] SAMPLE t=53s phase=Path_change adaptation=with_ML throughput_gbps=7.4861 latency_ms=69.1777
[2026-08-09T01:27:02] SAMPLE t=54s phase=Path_change adaptation=with_ML throughput_gbps=7.4758 latency_ms=69.0714
[2026-08-09T01:27:03] SAMPLE t=55s phase=Path_change adaptation=with_ML throughput_gbps=7.4366 latency_ms=68.5583
[2026-08-09T01:27:04] SAMPLE t=56s phase=Path_change adaptation=with_ML throughput_gbps=7.3683 latency_ms=71.0088
[2026-08-09T01:27:05] SAMPLE t=57s phase=Path_change adaptation=with_ML throughput_gbps=7.483 latency_ms=67.8208
[2026-08-09T01:27:06] SAMPLE t=58s phase=Path_change adaptation=with_ML throughput_gbps=7.5629 latency_ms=67.6944
[2026-08-09T01:27:07] SAMPLE t=59s phase=Path_change adaptation=with_ML throughput_gbps=8.0384 latency_ms=69.0097
[2026-08-09T01:27:08] SAMPLE t=60s phase=Loss_spike adaptation=with_ML throughput_gbps=7.3182 latency_ms=66.7662
[2026-08-09T01:27:09] SAMPLE t=61s phase=Loss_spike adaptation=with_ML throughput_gbps=8.5148 latency_ms=68.7581
[2026-08-09T01:27:10] SAMPLE t=62s phase=Loss_spike adaptation=with_ML throughput_gbps=8.0206 latency_ms=69.7862
[2026-08-09T01:27:11] SAMPLE t=63s phase=Loss_spike adaptation=with_ML throughput_gbps=6.6893 latency_ms=71.9796
[2026-08-09T01:27:12] SAMPLE t=64s phase=Loss_spike adaptation=with_ML throughput_gbps=6.0526 latency_ms=71.3389
[2026-08-09T01:27:13] SAMPLE t=65s phase=Loss_spike adaptation=with_ML throughput_gbps=7.3694 latency_ms=68.1084
[2026-08-09T01:27:14] SAMPLE t=66s phase=Loss_spike adaptation=with_ML throughput_gbps=8.2191 latency_ms=71.2704
[2026-08-09T01:27:15] SAMPLE t=67s phase=Loss_spike adaptation=with_ML throughput_gbps=8.0507 latency_ms=71.4346
[2026-08-09T01:27:16] SAMPLE t=68s phase=Loss_spike adaptation=with_ML throughput_gbps=6.5448 latency_ms=69.7119
[2026-08-09T01:27:17] SAMPLE t=69s phase=Loss_spike adaptation=with_ML throughput_gbps=6.4753 latency_ms=73.3185
[2026-08-09T01:27:18] SAMPLE t=70s phase=Loss_spike adaptation=with_ML throughput_gbps=7.0802 latency_ms=69.2514
[2026-08-09T01:27:19] SAMPLE t=71s phase=Loss_spike adaptation=with_ML throughput_gbps=8.695 latency_ms=71.2195
[2026-08-09T01:27:20] SAMPLE t=72s phase=Loss_spike adaptation=with_ML throughput_gbps=7.7042 latency_ms=67.4566
[2026-08-09T01:27:21] SAMPLE t=73s phase=Loss_spike adaptation=with_ML throughput_gbps=6.6314 latency_ms=72.4796
[2026-08-09T01:27:22] SAMPLE t=74s phase=Loss_spike adaptation=with_ML throughput_gbps=6.0343 latency_ms=71.1977
[2026-08-09T01:27:23] SAMPLE t=75s phase=Loss_spike adaptation=with_ML throughput_gbps=7.178 latency_ms=69.3593
[2026-08-09T01:27:24] SAMPLE t=76s phase=Loss_spike adaptation=with_ML throughput_gbps=8.5636 latency_ms=72.305
[2026-08-09T01:27:25] SAMPLE t=77s phase=Loss_spike adaptation=with_ML throughput_gbps=7.8899 latency_ms=70.744
[2026-08-09T01:27:26] SAMPLE t=78s phase=Loss_spike adaptation=with_ML throughput_gbps=6.7204 latency_ms=69.7985
[2026-08-09T01:27:27] SAMPLE t=79s phase=Loss_spike adaptation=with_ML throughput_gbps=6.0406 latency_ms=70.9867
[2026-08-09T01:27:28] SAMPLE t=80s phase=Recovery adaptation=with_ML throughput_gbps=8.1469 latency_ms=65.8602
[2026-08-09T01:27:29] SAMPLE t=81s phase=Recovery adaptation=with_ML throughput_gbps=7.9982 latency_ms=67.6041
[2026-08-09T01:27:30] SAMPLE t=82s phase=Recovery adaptation=with_ML throughput_gbps=8.3111 latency_ms=66.5258
[2026-08-09T01:27:31] SAMPLE t=83s phase=Recovery adaptation=with_ML throughput_gbps=8.3263 latency_ms=66.8249
[2026-08-09T01:27:32] SAMPLE t=84s phase=Recovery adaptation=with_ML throughput_gbps=8.1236 latency_ms=67.4969
[2026-08-09T01:27:33] SAMPLE t=85s phase=Recovery adaptation=with_ML throughput_gbps=7.96 latency_ms=65.7663
[2026-08-09T01:27:34] SAMPLE t=86s phase=Recovery adaptation=with_ML throughput_gbps=8.1815 latency_ms=64.2735
[2026-08-09T01:27:35] SAMPLE t=87s phase=Recovery adaptation=with_ML throughput_gbps=7.8499 latency_ms=69.1745
[2026-08-09T01:27:36] SAMPLE t=88s phase=Recovery adaptation=with_ML throughput_gbps=8.5312 latency_ms=65.6964
[2026-08-09T01:27:37] SAMPLE t=89s phase=Recovery adaptation=with_ML throughput_gbps=8.4145 latency_ms=67.9342
[2026-08-09T01:27:38] SAMPLE t=90s phase=Recovery adaptation=with_ML throughput_gbps=8.3562 latency_ms=64.4201
[2026-08-09T01:27:39] SAMPLE t=91s phase=Recovery adaptation=with_ML throughput_gbps=8.7568 latency_ms=66.0632
[2026-08-09T01:27:40] SAMPLE t=92s phase=Recovery adaptation=with_ML throughput_gbps=8.4782 latency_ms=65.0724
[2026-08-09T01:27:41] SAMPLE t=93s phase=Recovery adaptation=with_ML throughput_gbps=8.3679 latency_ms=66.0992
[2026-08-09T01:27:42] SAMPLE t=94s phase=Recovery adaptation=with_ML throughput_gbps=8.3692 latency_ms=67.3561
[2026-08-09T01:27:43] SAMPLE t=95s phase=Recovery adaptation=with_ML throughput_gbps=8.0194 latency_ms=65.6997
[2026-08-09T01:27:44] SAMPLE t=96s phase=Recovery adaptation=with_ML throughput_gbps=8.4063 latency_ms=66.4189
[2026-08-09T01:27:45] SAMPLE t=97s phase=Recovery adaptation=with_ML throughput_gbps=8.4772 latency_ms=67.5129
[2026-08-09T01:27:46] SAMPLE t=98s phase=Recovery adaptation=with_ML throughput_gbps=7.7636 latency_ms=65.3298
[2026-08-09T01:27:47] SAMPLE t=99s phase=Recovery adaptation=with_ML throughput_gbps=8.5178 latency_ms=65.8865
[2026-08-09T01:26:08] SAMPLE t=0s phase=Stable adaptation=without_ML throughput_gbps=8.27 latency_ms=65.8882
[2026-08-09T01:26:09] SAMPLE t=1s phase=Stable adaptation=without_ML throughput_gbps=8.174 latency_ms=67.1664
[2026-08-09T01:26:10] SAMPLE t=2s phase=Stable adaptation=without_ML throughput_gbps=8.2699 latency_ms=66.2706
[2026-08-09T01:26:11] SAMPLE t=3s phase=Stable adaptation=without_ML throughput_gbps=7.5096 latency_ms=64.4065
[2026-08-09T01:26:12] SAMPLE t=4s phase=Stable adaptation=without_ML throughput_gbps=7.8128 latency_ms=62.5177
[2026-08-09T01:26:13] SAMPLE t=5s phase=Stable adaptation=without_ML throughput_gbps=8.2012 latency_ms=65.4663
[2026-08-09T01:26:14] SAMPLE t=6s phase=Stable adaptation=without_ML throughput_gbps=8.1723 latency_ms=66.5991
[2026-08-09T01:26:15] SAMPLE t=7s phase=Stable adaptation=without_ML throughput_gbps=8.3571 latency_ms=66.5716
[2026-08-09T01:26:16] SAMPLE t=8s phase=Stable adaptation=without_ML throughput_gbps=8.4185 latency_ms=63.7138
[2026-08-09T01:26:17] SAMPLE t=9s phase=Stable adaptation=without_ML throughput_gbps=8.1269 latency_ms=64.1089
[2026-08-09T01:26:18] SAMPLE t=10s phase=Stable adaptation=without_ML throughput_gbps=8.1545 latency_ms=67.5688
[2026-08-09T01:26:19] SAMPLE t=11s phase=Stable adaptation=without_ML throughput_gbps=8.0482 latency_ms=65.4322
[2026-08-09T01:26:20] SAMPLE t=12s phase=Stable adaptation=without_ML throughput_gbps=8.2696 latency_ms=66.9357
[2026-08-09T01:26:21] SAMPLE t=13s phase=Stable adaptation=without_ML throughput_gbps=8.2841 latency_ms=66.9444
[2026-08-09T01:26:22] SAMPLE t=14s phase=Stable adaptation=without_ML throughput_gbps=8.0144 latency_ms=65.5366
[2026-08-09T01:26:23] SAMPLE t=15s phase=Stable adaptation=without_ML throughput_gbps=7.896 latency_ms=67.5547
[2026-08-09T01:26:24] SAMPLE t=16s phase=Stable adaptation=without_ML throughput_gbps=7.5248 latency_ms=66.3749
[2026-08-09T01:26:25] SAMPLE t=17s phase=Stable adaptation=without_ML throughput_gbps=8.6556 latency_ms=65.7566
[2026-08-09T01:26:26] SAMPLE t=18s phase=Stable adaptation=without_ML throughput_gbps=8.0719 latency_ms=65.1484
[2026-08-09T01:26:27] SAMPLE t=19s phase=Stable adaptation=without_ML throughput_gbps=7.9386 latency_ms=65.6041
[2026-08-09T01:26:28] SAMPLE t=20s phase=Congestion adaptation=without_ML throughput_gbps=7.9798 latency_ms=66.2502
[2026-08-09T01:26:29] SAMPLE t=21s phase=Congestion adaptation=without_ML throughput_gbps=7.9137 latency_ms=66.4834
[2026-08-09T01:26:30] SAMPLE t=22s phase=Congestion adaptation=without_ML throughput_gbps=8.1638 latency_ms=62.5595
[2026-08-09T01:26:31] SAMPLE t=23s phase=Congestion adaptation=without_ML throughput_gbps=8.0743 latency_ms=66.2927
[2026-08-09T01:26:32] SAMPLE t=24s phase=Congestion adaptation=without_ML throughput_gbps=8.3304 latency_ms=66.9331
[2026-08-09T01:26:33] SAMPLE t=25s phase=Congestion adaptation=without_ML throughput_gbps=8.1293 latency_ms=64.3103
[2026-08-09T01:26:34] SAMPLE t=26s phase=Congestion adaptation=without_ML throughput_gbps=7.6852 latency_ms=66.0534
[2026-08-09T01:26:35] SAMPLE t=27s phase=Congestion adaptation=without_ML throughput_gbps=8.1053 latency_ms=64.5274
[2026-08-09T01:26:36] SAMPLE t=28s phase=Congestion adaptation=without_ML throughput_gbps=7.9405 latency_ms=64.3578
[2026-08-09T01:26:37] SAMPLE t=29s phase=Congestion adaptation=without_ML throughput_gbps=7.6016 latency_ms=64.2703
[2026-08-09T01:26:38] SAMPLE t=30s phase=Congestion adaptation=without_ML throughput_gbps=8.3958 latency_ms=66.2372
[2026-08-09T01:26:39] SAMPLE t=31s phase=Congestion adaptation=without_ML throughput_gbps=7.6963 latency_ms=65.9138
[2026-08-09T01:26:40] SAMPLE t=32s phase=Congestion adaptation=without_ML throughput_gbps=8.1194 latency_ms=66.8573
[2026-08-09T01:26:41] SAMPLE t=33s phase=Congestion adaptation=without_ML throughput_gbps=7.9924 latency_ms=65.5392
[2026-08-09T01:26:42] SAMPLE t=34s phase=Congestion adaptation=without_ML throughput_gbps=7.5339 latency_ms=66.735
[2026-08-09T01:26:43] SAMPLE t=35s phase=Congestion adaptation=without_ML throughput_gbps=8.1448 latency_ms=67.9277
[2026-08-09T01:26:44] SAMPLE t=36s phase=Congestion adaptation=without_ML throughput_gbps=7.7124 latency_ms=65.5924
[2026-08-09T01:26:45] SAMPLE t=37s phase=Congestion adaptation=without_ML throughput_gbps=7.8934 latency_ms=67.4502
[2026-08-09T01:26:46] SAMPLE t=38s phase=Congestion adaptation=without_ML throughput_gbps=7.8576 latency_ms=68.0628
[2026-08-09T01:26:47] SAMPLE t=39s phase=Congestion adaptation=without_ML throughput_gbps=7.9896 latency_ms=66.8018
[2026-08-09T01:26:48] SAMPLE t=40s phase=Path_change adaptation=without_ML throughput_gbps=8.1168 latency_ms=66.6538
[2026-08-09T01:26:49] SAMPLE t=41s phase=Path_change adaptation=without_ML throughput_gbps=7.4454 latency_ms=67.3613
[2026-08-09T01:26:50] SAMPLE t=42s phase=Path_change adaptation=without_ML throughput_gbps=7.2219 latency_ms=66.9542
[2026-08-09T01:26:51] SAMPLE t=43s phase=Path_change adaptation=without_ML throughput_gbps=6.9432 latency_ms=69.9919
[2026-08-09T01:26:52] SAMPLE t=44s phase=Path_change adaptation=without_ML throughput_gbps=6.8435 latency_ms=69.5762
[2026-08-09T01:26:53] SAMPLE t=45s phase=Path_change adaptation=without_ML throughput_gbps=6.5388 latency_ms=71.9529
[2026-08-09T01:26:54] SAMPLE t=46s phase=Path_change adaptation=without_ML throughput_gbps=5.8653 latency_ms=73.3087
[2026-08-09T01:26:55] SAMPLE t=47s phase=Path_change adaptation=without_ML throughput_gbps=6.0264 latency_ms=72.43
[2026-08-09T01:26:56] SAMPLE t=48s phase=Path_change adaptation=without_ML throughput_gbps=5.8264 latency_ms=69.3841
[2026-08-09T01:26:57] SAMPLE t=49s phase=Path_change adaptation=without_ML throughput_gbps=5.7841 latency_ms=75.2483
[2026-08-09T01:26:58] SAMPLE t=50s phase=Path_change adaptation=without_ML throughput_gbps=5.5275 latency_ms=74.0871
[2026-08-09T01:26:59] SAMPLE t=51s phase=Path_change adaptation=without_ML throughput_gbps=5.4723 latency_ms=72.4664
[2026-08-09T01:27:00] SAMPLE t=52s phase=Path_change adaptation=without_ML throughput_gbps=5.9676 latency_ms=72.8715
[2026-08-09T01:27:01] SAMPLE t=53s phase=Path_change adaptation=without_ML throughput_gbps=5.9101 latency_ms=71.9061
[2026-08-09T01:27:02] SAMPLE t=54s phase=Path_change adaptation=without_ML throughput_gbps=6.3347 latency_ms=70.5279
[2026-08-09T01:27:03] SAMPLE t=55s phase=Path_change adaptation=without_ML throughput_gbps=6.1228 latency_ms=73.3517
[2026-08-09T01:27:04] SAMPLE t=56s phase=Path_change adaptation=without_ML throughput_gbps=6.8575 latency_ms=69.7272
[2026-08-09T01:27:05] SAMPLE t=57s phase=Path_change adaptation=without_ML throughput_gbps=6.9664 latency_ms=68.3953
[2026-08-09T01:27:06] SAMPLE t=58s phase=Path_change adaptation=without_ML throughput_gbps=7.1325 latency_ms=67.9306
[2026-08-09T01:27:07] SAMPLE t=59s phase=Path_change adaptation=without_ML throughput_gbps=7.6683 latency_ms=64.5331
[2026-08-09T01:27:08] SAMPLE t=60s phase=Loss_spike adaptation=without_ML throughput_gbps=6.3757 latency_ms=67.7045
[2026-08-09T01:27:09] SAMPLE t=61s phase=Loss_spike adaptation=without_ML throughput_gbps=8.2283 latency_ms=79.6667
[2026-08-09T01:27:10] SAMPLE t=62s phase=Loss_spike adaptation=without_ML throughput_gbps=7.6096 latency_ms=75.2387
[2026-08-09T01:27:11] SAMPLE t=63s phase=Loss_spike adaptation=without_ML throughput_gbps=4.8053 latency_ms=78.3092
[2026-08-09T01:27:12] SAMPLE t=64s phase=Loss_spike adaptation=without_ML throughput_gbps=3.7617 latency_ms=77.9971
[2026-08-09T01:27:13] SAMPLE t=65s phase=Loss_spike adaptation=without_ML throughput_gbps=6.202 latency_ms=69.2607
[2026-08-09T01:27:14] SAMPLE t=66s phase=Loss_spike adaptation=without_ML throughput_gbps=8.4024 latency_ms=79.645
[2026-08-09T01:27:15] SAMPLE t=67s phase=Loss_spike adaptation=without_ML throughput_gbps=7.4759 latency_ms=75.0464
[2026-08-09T01:27:16] SAMPLE t=68s phase=Loss_spike adaptation=without_ML throughput_gbps=4.8875 latency_ms=75.5244
[2026-08-09T01:27:17] SAMPLE t=69s phase=Loss_spike adaptation=without_ML throughput_gbps=4.0269 latency_ms=78.5553
[2026-08-09T01:27:18] SAMPLE t=70s phase=Loss_spike adaptation=without_ML throughput_gbps=6.3234 latency_ms=69.351
[2026-08-09T01:27:19] SAMPLE t=71s phase=Loss_spike adaptation=without_ML throughput_gbps=8.1139 latency_ms=82.2926
[2026-08-09T01:27:20] SAMPLE t=72s phase=Loss_spike adaptation=without_ML throughput_gbps=7.7826 latency_ms=77.439
[2026-08-09T01:27:21] SAMPLE t=73s phase=Loss_spike adaptation=without_ML throughput_gbps=4.7588 latency_ms=75.1547
[2026-08-09T01:27:22] SAMPLE t=74s phase=Loss_spike adaptation=without_ML throughput_gbps=4.1895 latency_ms=81.3766
[2026-08-09T01:27:23] SAMPLE t=75s phase=Loss_spike adaptation=without_ML throughput_gbps=6.1654 latency_ms=67.7616
[2026-08-09T01:27:24] SAMPLE t=76s phase=Loss_spike adaptation=without_ML throughput_gbps=8.5886 latency_ms=80.2957
[2026-08-09T01:27:25] SAMPLE t=77s phase=Loss_spike adaptation=without_ML throughput_gbps=7.7094 latency_ms=75.4072
[2026-08-09T01:27:26] SAMPLE t=78s phase=Loss_spike adaptation=without_ML throughput_gbps=4.9921 latency_ms=77.4781
[2026-08-09T01:27:27] SAMPLE t=79s phase=Loss_spike adaptation=without_ML throughput_gbps=3.9615 latency_ms=81.2565
[2026-08-09T01:27:28] SAMPLE t=80s phase=Recovery adaptation=without_ML throughput_gbps=7.8039 latency_ms=66.2906
[2026-08-09T01:27:29] SAMPLE t=81s phase=Recovery adaptation=without_ML throughput_gbps=7.6979 latency_ms=65.8528
[2026-08-09T01:27:30] SAMPLE t=82s phase=Recovery adaptation=without_ML throughput_gbps=7.9653 latency_ms=66.9206
[2026-08-09T01:27:31] SAMPLE t=83s phase=Recovery adaptation=without_ML throughput_gbps=7.9895 latency_ms=64.3206
[2026-08-09T01:27:32] SAMPLE t=84s phase=Recovery adaptation=without_ML throughput_gbps=7.9142 latency_ms=65.4244
[2026-08-09T01:27:33] SAMPLE t=85s phase=Recovery adaptation=without_ML throughput_gbps=7.9873 latency_ms=65.7578
[2026-08-09T01:27:34] SAMPLE t=86s phase=Recovery adaptation=without_ML throughput_gbps=7.8572 latency_ms=66.0037
[2026-08-09T01:27:35] SAMPLE t=87s phase=Recovery adaptation=without_ML throughput_gbps=7.3011 latency_ms=65.7917
[2026-08-09T01:27:36] SAMPLE t=88s phase=Recovery adaptation=without_ML throughput_gbps=7.9218 latency_ms=65.7005
[2026-08-09T01:27:37] SAMPLE t=89s phase=Recovery adaptation=without_ML throughput_gbps=7.8042 latency_ms=65.8078
[2026-08-09T01:27:38] SAMPLE t=90s phase=Recovery adaptation=without_ML throughput_gbps=8.0319 latency_ms=67.2074
[2026-08-09T01:27:39] SAMPLE t=91s phase=Recovery adaptation=without_ML throughput_gbps=7.9618 latency_ms=64.9029
[2026-08-09T01:27:40] SAMPLE t=92s phase=Recovery adaptation=without_ML throughput_gbps=8.0805 latency_ms=65.8382
[2026-08-09T01:27:41] SAMPLE t=93s phase=Recovery adaptation=without_ML throughput_gbps=8.0141 latency_ms=64.996
[2026-08-09T01:27:42] SAMPLE t=94s phase=Recovery adaptation=without_ML throughput_gbps=8.0571 latency_ms=67.5777
[2026-08-09T01:27:43] SAMPLE t=95s phase=Recovery adaptation=without_ML throughput_gbps=8.3073 latency_ms=66.2037
[2026-08-09T01:27:44] SAMPLE t=96s phase=Recovery adaptation=without_ML throughput_gbps=7.9612 latency_ms=66.2571
[2026-08-09T01:27:45] SAMPLE t=97s phase=Recovery adaptation=without_ML throughput_gbps=7.8073 latency_ms=65.5674
[2026-08-09T01:27:46] SAMPLE t=98s phase=Recovery adaptation=without_ML throughput_gbps=7.9292 latency_ms=63.8023
[2026-08-09T01:27:47] SAMPLE t=99s phase=Recovery adaptation=without_ML throughput_gbps=7.7656 latency_ms=66.112
[2026-08-09T01:26:08] TRACE_END run_id=43 status=OK
[2026-08-09T01:32:19] TRACE_START run_id=44
[2026-08-09T01:32:19] SAMPLE t=0s phase=Stable adaptation=with_ML throughput_gbps=8.2185 latency_ms=64.7664
[2026-08-09T01:32:20] SAMPLE t=1s phase=Stable adaptation=with_ML throughput_gbps=8.071 latency_ms=66.3723
[2026-08-09T01:32:21] SAMPLE t=2s phase=Stable adaptation=with_ML throughput_gbps=8.0299 latency_ms=64.0574
[2026-08-09T01:32:22] SAMPLE t=3s phase=Stable adaptation=with_ML throughput_gbps=7.7303 latency_ms=66.4371
[2026-08-09T01:32:23] SAMPLE t=4s phase=Stable adaptation=with_ML throughput_gbps=8.4368 latency_ms=66.7877
[2026-08-09T01:32:24] SAMPLE t=5s phase=Stable adaptation=with_ML throughput_gbps=8.2848 latency_ms=66.3203
[2026-08-09T01:32:25] SAMPLE t=6s phase=Stable adaptation=with_ML throughput_gbps=8.3293 latency_ms=67.0653
[2026-08-09T01:32:26] SAMPLE t=7s phase=Stable adaptation=with_ML throughput_gbps=8.1912 latency_ms=67.2611
[2026-08-09T01:32:27] SAMPLE t=8s phase=Stable adaptation=with_ML throughput_gbps=8.1433 latency_ms=67.5213
[2026-08-09T01:32:28] SAMPLE t=9s phase=Stable adaptation=with_ML throughput_gbps=8.0681 latency_ms=68.2185
[2026-08-09T01:32:29] SAMPLE t=10s phase=Stable adaptation=with_ML throughput_gbps=7.8667 latency_ms=67.402
[2026-08-09T01:32:30] SAMPLE t=11s phase=Stable adaptation=with_ML throughput_gbps=8.1047 latency_ms=66.5045
[2026-08-09T01:32:31] SAMPLE t=12s phase=Stable adaptation=with_ML throughput_gbps=8.3095 latency_ms=65.7709
[2026-08-09T01:32:32] SAMPLE t=13s phase=Stable adaptation=with_ML throughput_gbps=7.7674 latency_ms=66.6353
[2026-08-09T01:32:33] SAMPLE t=14s phase=Stable adaptation=with_ML throughput_gbps=7.9893 latency_ms=65.6386
[2026-08-09T01:32:34] SAMPLE t=15s phase=Stable adaptation=with_ML throughput_gbps=8.0071 latency_ms=66.2106
[2026-08-09T01:32:35] SAMPLE t=16s phase=Stable adaptation=with_ML throughput_gbps=8.1514 latency_ms=67.6815
[2026-08-09T01:32:36] SAMPLE t=17s phase=Stable adaptation=with_ML throughput_gbps=7.7583 latency_ms=67.0873
[2026-08-09T01:32:37] SAMPLE t=18s phase=Stable adaptation=with_ML throughput_gbps=8.1614 latency_ms=63.8195
[2026-08-09T01:32:38] SAMPLE t=19s phase=Stable adaptation=with_ML throughput_gbps=8.1566 latency_ms=66.4609
[2026-08-09T01:32:39] SAMPLE t=20s phase=Congestion adaptation=with_ML throughput_gbps=8.3463 latency_ms=66.8227
[2026-08-09T01:32:40] SAMPLE t=21s phase=Congestion adaptation=with_ML throughput_gbps=7.9804 latency_ms=67.9967
[2026-08-09T01:32:41] SAMPLE t=22s phase=Congestion adaptation=with_ML throughput_gbps=8.3787 latency_ms=69.42
[2026-08-09T01:32:42] SAMPLE t=23s phase=Congestion adaptation=with_ML throughput_gbps=8.0315 latency_ms=65.6684
[2026-08-09T01:32:43] SAMPLE t=24s phase=Congestion adaptation=with_ML throughput_gbps=8.0379 latency_ms=66.2204
[2026-08-09T01:32:44] SAMPLE t=25s phase=Congestion adaptation=with_ML throughput_gbps=7.7979 latency_ms=66.5379
[2026-08-09T01:32:45] SAMPLE t=26s phase=Congestion adaptation=with_ML throughput_gbps=7.8586 latency_ms=66.0373
[2026-08-09T01:32:46] SAMPLE t=27s phase=Congestion adaptation=with_ML throughput_gbps=8.3232 latency_ms=65.7854
[2026-08-09T01:32:47] SAMPLE t=28s phase=Congestion adaptation=with_ML throughput_gbps=7.8987 latency_ms=64.7474
[2026-08-09T01:32:48] SAMPLE t=29s phase=Congestion adaptation=with_ML throughput_gbps=8.2532 latency_ms=65.1897
[2026-08-09T01:32:49] SAMPLE t=30s phase=Congestion adaptation=with_ML throughput_gbps=7.9296 latency_ms=67.9288
[2026-08-09T01:32:50] SAMPLE t=31s phase=Congestion adaptation=with_ML throughput_gbps=8.4688 latency_ms=68.0049
[2026-08-09T01:32:51] SAMPLE t=32s phase=Congestion adaptation=with_ML throughput_gbps=7.9472 latency_ms=67.6264
[2026-08-09T01:32:52] SAMPLE t=33s phase=Congestion adaptation=with_ML throughput_gbps=7.9052 latency_ms=67.4368
[2026-08-09T01:32:53] SAMPLE t=34s phase=Congestion adaptation=with_ML throughput_gbps=7.9636 latency_ms=66.433
[2026-08-09T01:32:54] SAMPLE t=35s phase=Congestion adaptation=with_ML throughput_gbps=8.13 latency_ms=66.6263
[2026-08-09T01:32:55] SAMPLE t=36s phase=Congestion adaptation=with_ML throughput_gbps=8.0732 latency_ms=68.1452
[2026-08-09T01:32:56] SAMPLE t=37s phase=Congestion adaptation=with_ML throughput_gbps=7.9186 latency_ms=67.8022
[2026-08-09T01:32:57] SAMPLE t=38s phase=Congestion adaptation=with_ML throughput_gbps=7.9915 latency_ms=66.0636
[2026-08-09T01:32:58] SAMPLE t=39s phase=Congestion adaptation=with_ML throughput_gbps=7.9225 latency_ms=64.3278
[2026-08-09T01:32:59] SAMPLE t=40s phase=Path_change adaptation=with_ML throughput_gbps=7.896 latency_ms=64.9807
[2026-08-09T01:33:00] SAMPLE t=41s phase=Path_change adaptation=with_ML throughput_gbps=8.4451 latency_ms=66.2548
[2026-08-09T01:33:01] SAMPLE t=42s phase=Path_change adaptation=with_ML throughput_gbps=7.8108 latency_ms=66.4707
[2026-08-09T01:33:02] SAMPLE t=43s phase=Path_change adaptation=with_ML throughput_gbps=7.6776 latency_ms=67.8316
[2026-08-09T01:33:03] SAMPLE t=44s phase=Path_change adaptation=with_ML throughput_gbps=7.6037 latency_ms=67.3476
[2026-08-09T01:33:04] SAMPLE t=45s phase=Path_change adaptation=with_ML throughput_gbps=7.4462 latency_ms=66.4099
[2026-08-09T01:33:05] SAMPLE t=46s phase=Path_change adaptation=with_ML throughput_gbps=7.2492 latency_ms=68.0376
[2026-08-09T01:33:06] SAMPLE t=47s phase=Path_change adaptation=with_ML throughput_gbps=7.1209 latency_ms=67.1314
[2026-08-09T01:33:07] SAMPLE t=48s phase=Path_change adaptation=with_ML throughput_gbps=7.1856 latency_ms=68.2135
[2026-08-09T01:33:08] SAMPLE t=49s phase=Path_change adaptation=with_ML throughput_gbps=7.225 latency_ms=70.8018
[2026-08-09T01:33:09] SAMPLE t=50s phase=Path_change adaptation=with_ML throughput_gbps=7.1789 latency_ms=67.494
[2026-08-09T01:33:10] SAMPLE t=51s phase=Path_change adaptation=with_ML throughput_gbps=6.7243 latency_ms=68.0066
[2026-08-09T01:33:11] SAMPLE t=52s phase=Path_change adaptation=with_ML throughput_gbps=7.3676 latency_ms=68.7098
[2026-08-09T01:33:12] SAMPLE t=53s phase=Path_change adaptation=with_ML throughput_gbps=7.6396 latency_ms=67.7498
[2026-08-09T01:33:13] SAMPLE t=54s phase=Path_change adaptation=with_ML throughput_gbps=7.2429 latency_ms=68.3954
[2026-08-09T01:33:14] SAMPLE t=55s phase=Path_change adaptation=with_ML throughput_gbps=7.5815 latency_ms=67.9944
[2026-08-09T01:33:15] SAMPLE t=56s phase=Path_change adaptation=with_ML throughput_gbps=7.3716 latency_ms=67.1344
[2026-08-09T01:33:16] SAMPLE t=57s phase=Path_change adaptation=with_ML throughput_gbps=7.7233 latency_ms=69.219
[2026-08-09T01:33:17] SAMPLE t=58s phase=Path_change adaptation=with_ML throughput_gbps=7.9048 latency_ms=67.4117
[2026-08-09T01:33:18] SAMPLE t=59s phase=Path_change adaptation=with_ML throughput_gbps=7.8599 latency_ms=67.5991
[2026-08-09T01:33:19] SAMPLE t=60s phase=Loss_spike adaptation=with_ML throughput_gbps=7.4339 latency_ms=70.6869
[2026-08-09T01:33:20] SAMPLE t=61s phase=Loss_spike adaptation=with_ML throughput_gbps=8.1593 latency_ms=70.1678
[2026-08-09T01:33:21] SAMPLE t=62s phase=Loss_spike adaptation=with_ML throughput_gbps=8.2439 latency_ms=70.268
[2026-08-09T01:33:22] SAMPLE t=63s phase=Loss_spike adaptation=with_ML throughput_gbps=6.9427 latency_ms=70.3212
[2026-08-09T01:33:23] SAMPLE t=64s phase=Loss_spike adaptation=with_ML throughput_gbps=6.1669 latency_ms=69.8712
[2026-08-09T01:33:24] SAMPLE t=65s phase=Loss_spike adaptation=with_ML throughput_gbps=7.3664 latency_ms=64.4165
[2026-08-09T01:33:25] SAMPLE t=66s phase=Loss_spike adaptation=with_ML throughput_gbps=7.9858 latency_ms=73.0231
[2026-08-09T01:33:26] SAMPLE t=67s phase=Loss_spike adaptation=with_ML throughput_gbps=8.1349 latency_ms=71.0011
[2026-08-09T01:33:27] SAMPLE t=68s phase=Loss_spike adaptation=with_ML throughput_gbps=6.9129 latency_ms=68.9998
[2026-08-09T01:33:28] SAMPLE t=69s phase=Loss_spike adaptation=with_ML throughput_gbps=6.3516 latency_ms=70.3128
[2026-08-09T01:33:29] SAMPLE t=70s phase=Loss_spike adaptation=with_ML throughput_gbps=7.5179 latency_ms=67.7755
[2026-08-09T01:33:30] SAMPLE t=71s phase=Loss_spike adaptation=with_ML throughput_gbps=8.1427 latency_ms=71.6241
[2026-08-09T01:33:31] SAMPLE t=72s phase=Loss_spike adaptation=with_ML throughput_gbps=7.9885 latency_ms=70.4823
[2026-08-09T01:33:32] SAMPLE t=73s phase=Loss_spike adaptation=with_ML throughput_gbps=6.8284 latency_ms=70.9364
[2026-08-09T01:33:33] SAMPLE t=74s phase=Loss_spike adaptation=with_ML throughput_gbps=6.425 latency_ms=71.8131
[2026-08-09T01:33:34] SAMPLE t=75s phase=Loss_spike adaptation=with_ML throughput_gbps=7.2001 latency_ms=67.3085
[2026-08-09T01:33:35] SAMPLE t=76s phase=Loss_spike adaptation=with_ML throughput_gbps=8.2832 latency_ms=69.0404
[2026-08-09T01:33:36] SAMPLE t=77s phase=Loss_spike adaptation=with_ML throughput_gbps=7.8875 latency_ms=69.2551
[2026-08-09T01:33:37] SAMPLE t=78s phase=Loss_spike adaptation=with_ML throughput_gbps=6.6263 latency_ms=69.8233
[2026-08-09T01:33:38] SAMPLE t=79s phase=Loss_spike adaptation=with_ML throughput_gbps=6.4076 latency_ms=71.8274
[2026-08-09T01:33:39] SAMPLE t=80s phase=Recovery adaptation=with_ML throughput_gbps=8.184 latency_ms=67.4554
[2026-08-09T01:33:40] SAMPLE t=81s phase=Recovery adaptation=with_ML throughput_gbps=8.4854 latency_ms=65.9949
[2026-08-09T01:33:41] SAMPLE t=82s phase=Recovery adaptation=with_ML throughput_gbps=8.3836 latency_ms=66.9623
[2026-08-09T01:33:42] SAMPLE t=83s phase=Recovery adaptation=with_ML throughput_gbps=8.2523 latency_ms=64.9123
[2026-08-09T01:33:43] SAMPLE t=84s phase=Recovery adaptation=with_ML throughput_gbps=8.3364 latency_ms=64.8804
[2026-08-09T01:33:44] SAMPLE t=85s phase=Recovery adaptation=with_ML throughput_gbps=8.2117 latency_ms=65.9441
[2026-08-09T01:33:45] SAMPLE t=86s phase=Recovery adaptation=with_ML throughput_gbps=8.5046 latency_ms=67.0292
[2026-08-09T01:33:46] SAMPLE t=87s phase=Recovery adaptation=with_ML throughput_gbps=8.2817 latency_ms=65.8601
[2026-08-09T01:33:47] SAMPLE t=88s phase=Recovery adaptation=with_ML throughput_gbps=8.1043 latency_ms=64.8117
[2026-08-09T01:33:48] SAMPLE t=89s phase=Recovery adaptation=with_ML throughput_gbps=7.8687 latency_ms=64.9247
[2026-08-09T01:33:49] SAMPLE t=90s phase=Recovery adaptation=with_ML throughput_gbps=7.9664 latency_ms=66.5557
[2026-08-09T01:33:50] SAMPLE t=91s phase=Recovery adaptation=with_ML throughput_gbps=7.9556 latency_ms=64.9821
[2026-08-09T01:33:51] SAMPLE t=92s phase=Recovery adaptation=with_ML throughput_gbps=8.1507 latency_ms=65.9884
[2026-08-09T01:33:52] SAMPLE t=93s phase=Recovery adaptation=with_ML throughput_gbps=8.3982 latency_ms=65.1241
[2026-08-09T01:33:53] SAMPLE t=94s phase=Recovery adaptation=with_ML throughput_gbps=8.353 latency_ms=65.8299
[2026-08-09T01:33:54] SAMPLE t=95s phase=Recovery adaptation=with_ML throughput_gbps=8.074 latency_ms=65.0805
[2026-08-09T01:33:55] SAMPLE t=96s phase=Recovery adaptation=with_ML throughput_gbps=8.252 latency_ms=65.5605
[2026-08-09T01:33:56] SAMPLE t=97s phase=Recovery adaptation=with_ML throughput_gbps=8.1327 latency_ms=65.8084
[2026-08-09T01:33:57] SAMPLE t=98s phase=Recovery adaptation=with_ML throughput_gbps=8.708 latency_ms=63.5437
[2026-08-09T01:33:58] SAMPLE t=99s phase=Recovery adaptation=with_ML throughput_gbps=8.6557 latency_ms=63.9616
[2026-08-09T01:32:19] SAMPLE t=0s phase=Stable adaptation=without_ML throughput_gbps=8.3005 latency_ms=63.3187
[2026-08-09T01:32:20] SAMPLE t=1s phase=Stable adaptation=without_ML throughput_gbps=7.9595 latency_ms=64.7737
[2026-08-09T01:32:21] SAMPLE t=2s phase=Stable adaptation=without_ML throughput_gbps=8.0076 latency_ms=64.3757
[2026-08-09T01:32:22] SAMPLE t=3s phase=Stable adaptation=without_ML throughput_gbps=7.8735 latency_ms=68.6832
[2026-08-09T01:32:23] SAMPLE t=4s phase=Stable adaptation=without_ML throughput_gbps=8.1454 latency_ms=67.4316
[2026-08-09T01:32:24] SAMPLE t=5s phase=Stable adaptation=without_ML throughput_gbps=8.1636 latency_ms=66.1525
[2026-08-09T01:32:25] SAMPLE t=6s phase=Stable adaptation=without_ML throughput_gbps=8.0949 latency_ms=64.2307
[2026-08-09T01:32:26] SAMPLE t=7s phase=Stable adaptation=without_ML throughput_gbps=8.0301 latency_ms=64.9154
[2026-08-09T01:32:27] SAMPLE t=8s phase=Stable adaptation=without_ML throughput_gbps=8.1109 latency_ms=66.7018
[2026-08-09T01:32:28] SAMPLE t=9s phase=Stable adaptation=without_ML throughput_gbps=7.8409 latency_ms=67.2439
[2026-08-09T01:32:29] SAMPLE t=10s phase=Stable adaptation=without_ML throughput_gbps=7.9343 latency_ms=66.5525
[2026-08-09T01:32:30] SAMPLE t=11s phase=Stable adaptation=without_ML throughput_gbps=7.9125 latency_ms=64.3548
[2026-08-09T01:32:31] SAMPLE t=12s phase=Stable adaptation=without_ML throughput_gbps=8.1568 latency_ms=66.318
[2026-08-09T01:32:32] SAMPLE t=13s phase=Stable adaptation=without_ML throughput_gbps=8.2442 latency_ms=64.8955
[2026-08-09T01:32:33] SAMPLE t=14s phase=Stable adaptation=without_ML throughput_gbps=8.3613 latency_ms=66.2379
[2026-08-09T01:32:34] SAMPLE t=15s phase=Stable adaptation=without_ML throughput_gbps=8.1758 latency_ms=66.7215
[2026-08-09T01:32:35] SAMPLE t=16s phase=Stable adaptation=without_ML throughput_gbps=8.0654 latency_ms=68.3203
[2026-08-09T01:32:36] SAMPLE t=17s phase=Stable adaptation=without_ML throughput_gbps=8.1839 latency_ms=67.6304
[2026-08-09T01:32:37] SAMPLE t=18s phase=Stable adaptation=without_ML throughput_gbps=7.9628 latency_ms=67.0403
[2026-08-09T01:32:38] SAMPLE t=19s phase=Stable adaptation=without_ML throughput_gbps=8.1732 latency_ms=68.3416
[2026-08-09T01:32:39] SAMPLE t=20s phase=Congestion adaptation=without_ML throughput_gbps=8.3268 latency_ms=65.1371
[2026-08-09T01:32:40] SAMPLE t=21s phase=Congestion adaptation=without_ML throughput_gbps=7.8655 latency_ms=65.5131
[2026-08-09T01:32:41] SAMPLE t=22s phase=Congestion adaptation=without_ML throughput_gbps=7.8848 latency_ms=66.4014
[2026-08-09T01:32:42] SAMPLE t=23s phase=Congestion adaptation=without_ML throughput_gbps=7.9327 latency_ms=66.2011
[2026-08-09T01:32:43] SAMPLE t=24s phase=Congestion adaptation=without_ML throughput_gbps=8.2874 latency_ms=67.123
[2026-08-09T01:32:44] SAMPLE t=25s phase=Congestion adaptation=without_ML throughput_gbps=8.189 latency_ms=66.53
[2026-08-09T01:32:45] SAMPLE t=26s phase=Congestion adaptation=without_ML throughput_gbps=7.9223 latency_ms=67.3713
[2026-08-09T01:32:46] SAMPLE t=27s phase=Congestion adaptation=without_ML throughput_gbps=8.1152 latency_ms=65.7601
[2026-08-09T01:32:47] SAMPLE t=28s phase=Congestion adaptation=without_ML throughput_gbps=8.0699 latency_ms=65.8887
[2026-08-09T01:32:48] SAMPLE t=29s phase=Congestion adaptation=without_ML throughput_gbps=8.2225 latency_ms=63.0312
[2026-08-09T01:32:49] SAMPLE t=30s phase=Congestion adaptation=without_ML throughput_gbps=8.1471 latency_ms=66.4215
[2026-08-09T01:32:50] SAMPLE t=31s phase=Congestion adaptation=without_ML throughput_gbps=7.9046 latency_ms=64.9727
[2026-08-09T01:32:51] SAMPLE t=32s phase=Congestion adaptation=without_ML throughput_gbps=7.9222 latency_ms=67.6427
[2026-08-09T01:32:52] SAMPLE t=33s phase=Congestion adaptation=without_ML throughput_gbps=8.1776 latency_ms=65.2195
[2026-08-09T01:32:53] SAMPLE t=34s phase=Congestion adaptation=without_ML throughput_gbps=7.7722 latency_ms=65.4871
[2026-08-09T01:32:54] SAMPLE t=35s phase=Congestion adaptation=without_ML throughput_gbps=8.0733 latency_ms=65.6526
[2026-08-09T01:32:55] SAMPLE t=36s phase=Congestion adaptation=without_ML throughput_gbps=7.9691 latency_ms=66.2007
[2026-08-09T01:32:56] SAMPLE t=37s phase=Congestion adaptation=without_ML throughput_gbps=7.8775 latency_ms=64.9487
[2026-08-09T01:32:57] SAMPLE t=38s phase=Congestion adaptation=without_ML throughput_gbps=7.921 latency_ms=64.3799
[2026-08-09T01:32:58] SAMPLE t=39s phase=Congestion adaptation=without_ML throughput_gbps=8.1481 latency_ms=65.8138
[2026-08-09T01:32:59] SAMPLE t=40s phase=Path_change adaptation=without_ML throughput_gbps=7.8474 latency_ms=66.2316
[2026-08-09T01:33:00] SAMPLE t=41s phase=Path_change adaptation=without_ML throughput_gbps=7.6193 latency_ms=66.3042
[2026-08-09T01:33:01] SAMPLE t=42s phase=Path_change adaptation=without_ML throughput_gbps=7.2053 latency_ms=68.7894
[2026-08-09T01:33:02] SAMPLE t=43s phase=Path_change adaptation=without_ML throughput_gbps=7.3811 latency_ms=68.8367
[2026-08-09T01:33:03] SAMPLE t=44s phase=Path_change adaptation=without_ML throughput_gbps=6.4951 latency_ms=71.1905
[2026-08-09T01:33:04] SAMPLE t=45s phase=Path_change adaptation=without_ML throughput_gbps=6.2453 latency_ms=69.3812
[2026-08-09T01:33:05] SAMPLE t=46s phase=Path_change adaptation=without_ML throughput_gbps=6.3494 latency_ms=72.8001
[2026-08-09T01:33:06] SAMPLE t=47s phase=Path_change adaptation=without_ML throughput_gbps=5.8748 latency_ms=73.2402
[2026-08-09T01:33:07] SAMPLE t=48s phase=Path_change adaptation=without_ML throughput_gbps=5.9114 latency_ms=71.0787
[2026-08-09T01:33:08] SAMPLE t=49s phase=Path_change adaptation=without_ML throughput_gbps=5.7423 latency_ms=72.6551
[2026-08-09T01:33:09] SAMPLE t=50s phase=Path_change adaptation=without_ML throughput_gbps=5.8892 latency_ms=70.9221
[2026-08-09T01:33:10] SAMPLE t=51s phase=Path_change adaptation=without_ML throughput_gbps=5.5249 latency_ms=72.5373
[2026-08-09T01:33:11] SAMPLE t=52s phase=Path_change adaptation=without_ML throughput_gbps=5.8773 latency_ms=70.8212
[2026-08-09T01:33:12] SAMPLE t=53s phase=Path_change adaptation=without_ML throughput_gbps=6.2374 latency_ms=73.9183
[2026-08-09T01:33:13] SAMPLE t=54s phase=Path_change adaptation=without_ML throughput_gbps=6.0653 latency_ms=71.8462
[2026-08-09T01:33:14] SAMPLE t=55s phase=Path_change adaptation=without_ML throughput_gbps=6.4469 latency_ms=70.9243
[2026-08-09T01:33:15] SAMPLE t=56s phase=Path_change adaptation=without_ML throughput_gbps=6.7233 latency_ms=70.3786
[2026-08-09T01:33:16] SAMPLE t=57s phase=Path_change adaptation=without_ML throughput_gbps=6.716 latency_ms=66.3051
[2026-08-09T01:33:17] SAMPLE t=58s phase=Path_change adaptation=without_ML throughput_gbps=7.2546 latency_ms=70.3128
[2026-08-09T01:33:18] SAMPLE t=59s phase=Path_change adaptation=without_ML throughput_gbps=7.8086 latency_ms=68.1803
[2026-08-09T01:33:19] SAMPLE t=60s phase=Loss_spike adaptation=without_ML throughput_gbps=6.1714 latency_ms=71.9323
[2026-08-09T01:33:20] SAMPLE t=61s phase=Loss_spike adaptation=without_ML throughput_gbps=8.3454 latency_ms=79.866
[2026-08-09T01:33:21] SAMPLE t=62s phase=Loss_spike adaptation=without_ML throughput_gbps=7.51 latency_ms=76.125
[2026-08-09T01:33:22] SAMPLE t=63s phase=Loss_spike adaptation=without_ML throughput_gbps=4.6817 latency_ms=78.3202
[2026-08-09T01:33:23] SAMPLE t=64s phase=Loss_spike adaptation=without_ML throughput_gbps=3.8098 latency_ms=77.4871
[2026-08-09T01:33:24] SAMPLE t=65s phase=Loss_spike adaptation=without_ML throughput_gbps=6.2129 latency_ms=71.5132
[2026-08-09T01:33:25] SAMPLE t=66s phase=Loss_spike adaptation=without_ML throughput_gbps=8.745 latency_ms=78.9508
[2026-08-09T01:33:26] SAMPLE t=67s phase=Loss_spike adaptation=without_ML throughput_gbps=7.2741 latency_ms=73.5359
[2026-08-09T01:33:27] SAMPLE t=68s phase=Loss_spike adaptation=without_ML throughput_gbps=4.9494 latency_ms=76.797
[2026-08-09T01:33:28] SAMPLE t=69s phase=Loss_spike adaptation=without_ML throughput_gbps=4.1366 latency_ms=79.5725
[2026-08-09T01:33:29] SAMPLE t=70s phase=Loss_spike adaptation=without_ML throughput_gbps=6.1859 latency_ms=71.7595
[2026-08-09T01:33:30] SAMPLE t=71s phase=Loss_spike adaptation=without_ML throughput_gbps=8.1829 latency_ms=81.0734
[2026-08-09T01:33:31] SAMPLE t=72s phase=Loss_spike adaptation=without_ML throughput_gbps=7.7974 latency_ms=74.094
[2026-08-09T01:33:32] SAMPLE t=73s phase=Loss_spike adaptation=without_ML throughput_gbps=4.6955 latency_ms=76.1352
[2026-08-09T01:33:33] SAMPLE t=74s phase=Loss_spike adaptation=without_ML throughput_gbps=3.7951 latency_ms=78.6812
[2026-08-09T01:33:34] SAMPLE t=75s phase=Loss_spike adaptation=without_ML throughput_gbps=6.3565 latency_ms=68.5349
[2026-08-09T01:33:35] SAMPLE t=76s phase=Loss_spike adaptation=without_ML throughput_gbps=8.4052 latency_ms=80.4
[2026-08-09T01:33:36] SAMPLE t=77s phase=Loss_spike adaptation=without_ML throughput_gbps=7.7773 latency_ms=74.0913
[2026-08-09T01:33:37] SAMPLE t=78s phase=Loss_spike adaptation=without_ML throughput_gbps=5.0183 latency_ms=74.8643
[2026-08-09T01:33:38] SAMPLE t=79s phase=Loss_spike adaptation=without_ML throughput_gbps=4.0085 latency_ms=78.1187
[2026-08-09T01:33:39] SAMPLE t=80s phase=Recovery adaptation=without_ML throughput_gbps=7.833 latency_ms=62.1391
[2026-08-09T01:33:40] SAMPLE t=81s phase=Recovery adaptation=without_ML throughput_gbps=8.489 latency_ms=64.1884
[2026-08-09T01:33:41] SAMPLE t=82s phase=Recovery adaptation=without_ML throughput_gbps=7.6596 latency_ms=66.7715
[2026-08-09T01:33:42] SAMPLE t=83s phase=Recovery adaptation=without_ML throughput_gbps=8.1718 latency_ms=65.0323
[2026-08-09T01:33:43] SAMPLE t=84s phase=Recovery adaptation=without_ML throughput_gbps=8.1675 latency_ms=62.609
[2026-08-09T01:33:44] SAMPLE t=85s phase=Recovery adaptation=without_ML throughput_gbps=7.9988 latency_ms=65.5479
[2026-08-09T01:33:45] SAMPLE t=86s phase=Recovery adaptation=without_ML throughput_gbps=8.2137 latency_ms=66.2058
[2026-08-09T01:33:46] SAMPLE t=87s phase=Recovery adaptation=without_ML throughput_gbps=8.2636 latency_ms=66.292
[2026-08-09T01:33:47] SAMPLE t=88s phase=Recovery adaptation=without_ML throughput_gbps=7.9318 latency_ms=65.7359
[2026-08-09T01:33:48] SAMPLE t=89s phase=Recovery adaptation=without_ML throughput_gbps=8.262 latency_ms=68.4029
[2026-08-09T01:33:49] SAMPLE t=90s phase=Recovery adaptation=without_ML throughput_gbps=8.0901 latency_ms=66.0613
[2026-08-09T01:33:50] SAMPLE t=91s phase=Recovery adaptation=without_ML throughput_gbps=7.8015 latency_ms=66.6311
[2026-08-09T01:33:51] SAMPLE t=92s phase=Recovery adaptation=without_ML throughput_gbps=8.1395 latency_ms=63.4457
[2026-08-09T01:33:52] SAMPLE t=93s phase=Recovery adaptation=without_ML throughput_gbps=8.2556 latency_ms=64.1625
[2026-08-09T01:33:53] SAMPLE t=94s phase=Recovery adaptation=without_ML throughput_gbps=8.4211 latency_ms=65.7806
[2026-08-09T01:33:54] SAMPLE t=95s phase=Recovery adaptation=without_ML throughput_gbps=7.8321 latency_ms=66.3492
[2026-08-09T01:33:55] SAMPLE t=96s phase=Recovery adaptation=without_ML throughput_gbps=7.989 latency_ms=66.9267
[2026-08-09T01:33:56] SAMPLE t=97s phase=Recovery adaptation=without_ML throughput_gbps=7.7787 latency_ms=63.6696
[2026-08-09T01:33:57] SAMPLE t=98s phase=Recovery adaptation=without_ML throughput_gbps=8.0833 latency_ms=63.3172
[2026-08-09T01:33:58] SAMPLE t=99s phase=Recovery adaptation=without_ML throughput_gbps=7.9944 latency_ms=65.2268
[2026-08-09T01:32:19] TRACE_END run_id=44 status=OK
[2026-08-09T01:38:27] TRACE_START run_id=45
[2026-08-09T01:38:27] SAMPLE t=0s phase=Stable adaptation=with_ML throughput_gbps=7.9193 latency_ms=65.4132
[2026-08-09T01:38:28] SAMPLE t=1s phase=Stable adaptation=with_ML throughput_gbps=8.2638 latency_ms=65.55
[2026-08-09T01:38:29] SAMPLE t=2s phase=Stable adaptation=with_ML throughput_gbps=7.8648 latency_ms=67.0323
[2026-08-09T01:38:30] SAMPLE t=3s phase=Stable adaptation=with_ML throughput_gbps=7.8975 latency_ms=67.6942
[2026-08-09T01:38:31] SAMPLE t=4s phase=Stable adaptation=with_ML throughput_gbps=7.9207 latency_ms=64.3536
[2026-08-09T01:38:32] SAMPLE t=5s phase=Stable adaptation=with_ML throughput_gbps=8.3456 latency_ms=66.9634
[2026-08-09T01:38:33] SAMPLE t=6s phase=Stable adaptation=with_ML throughput_gbps=8.2228 latency_ms=67.0187
[2026-08-09T01:38:34] SAMPLE t=7s phase=Stable adaptation=with_ML throughput_gbps=8.0203 latency_ms=65.2785
[2026-08-09T01:38:35] SAMPLE t=8s phase=Stable adaptation=with_ML throughput_gbps=8.5877 latency_ms=66.9794
[2026-08-09T01:38:36] SAMPLE t=9s phase=Stable adaptation=with_ML throughput_gbps=7.8275 latency_ms=65.9648
[2026-08-09T01:38:37] SAMPLE t=10s phase=Stable adaptation=with_ML throughput_gbps=8.1829 latency_ms=66.2035
[2026-08-09T01:38:38] SAMPLE t=11s phase=Stable adaptation=with_ML throughput_gbps=8.142 latency_ms=65.6832
[2026-08-09T01:38:39] SAMPLE t=12s phase=Stable adaptation=with_ML throughput_gbps=8.2184 latency_ms=66.5928
[2026-08-09T01:38:40] SAMPLE t=13s phase=Stable adaptation=with_ML throughput_gbps=8.3271 latency_ms=65.9527
[2026-08-09T01:38:41] SAMPLE t=14s phase=Stable adaptation=with_ML throughput_gbps=7.8402 latency_ms=65.7146
[2026-08-09T01:38:42] SAMPLE t=15s phase=Stable adaptation=with_ML throughput_gbps=7.816 latency_ms=68.0425
[2026-08-09T01:38:43] SAMPLE t=16s phase=Stable adaptation=with_ML throughput_gbps=8.2389 latency_ms=66.2669
[2026-08-09T01:38:44] SAMPLE t=17s phase=Stable adaptation=with_ML throughput_gbps=7.9818 latency_ms=67.8614
[2026-08-09T01:38:45] SAMPLE t=18s phase=Stable adaptation=with_ML throughput_gbps=7.9639 latency_ms=66.8204
[2026-08-09T01:38:46] SAMPLE t=19s phase=Stable adaptation=with_ML throughput_gbps=8.0038 latency_ms=67.0746
[2026-08-09T01:38:47] SAMPLE t=20s phase=Congestion adaptation=with_ML throughput_gbps=8.1628 latency_ms=65.0249
[2026-08-09T01:38:48] SAMPLE t=21s phase=Congestion adaptation=with_ML throughput_gbps=8.1495 latency_ms=66.0744
[2026-08-09T01:38:49] SAMPLE t=22s phase=Congestion adaptation=with_ML throughput_gbps=8.6629 latency_ms=65.4905
[2026-08-09T01:38:50] SAMPLE t=23s phase=Congestion adaptation=with_ML throughput_gbps=7.7735 latency_ms=65.8248
[2026-08-09T01:38:51] SAMPLE t=24s phase=Congestion adaptation=with_ML throughput_gbps=8.0693 latency_ms=67.3835
[2026-08-09T01:38:52] SAMPLE t=25s phase=Congestion adaptation=with_ML throughput_gbps=8.0904 latency_ms=67.6562
[2026-08-09T01:38:53] SAMPLE t=26s phase=Congestion adaptation=with_ML throughput_gbps=7.7275 latency_ms=68.2763
[2026-08-09T01:38:54] SAMPLE t=27s phase=Congestion adaptation=with_ML throughput_gbps=8.3564 latency_ms=67.5434
[2026-08-09T01:38:55] SAMPLE t=28s phase=Congestion adaptation=with_ML throughput_gbps=8.1313 latency_ms=66.3591
[2026-08-09T01:38:56] SAMPLE t=29s phase=Congestion adaptation=with_ML throughput_gbps=8.1377 latency_ms=66.1616
[2026-08-09T01:38:57] SAMPLE t=30s phase=Congestion adaptation=with_ML throughput_gbps=8.5723 latency_ms=66.6395
[2026-08-09T01:38:58] SAMPLE t=31s phase=Congestion adaptation=with_ML throughput_gbps=8.2213 latency_ms=66.4173
[2026-08-09T01:38:59] SAMPLE t=32s phase=Congestion adaptation=with_ML throughput_gbps=8.1302 latency_ms=66.154
[2026-08-09T01:39:00] SAMPLE t=33s phase=Congestion adaptation=with_ML throughput_gbps=8.1099 latency_ms=65.0447
[2026-08-09T01:39:01] SAMPLE t=34s phase=Congestion adaptation=with_ML throughput_gbps=8.5847 latency_ms=66.8495
[2026-08-09T01:39:02] SAMPLE t=35s phase=Congestion adaptation=with_ML throughput_gbps=8.0924 latency_ms=64.9569
[2026-08-09T01:39:03] SAMPLE t=36s phase=Congestion adaptation=with_ML throughput_gbps=8.1816 latency_ms=64.7706
[2026-08-09T01:39:04] SAMPLE t=37s phase=Congestion adaptation=with_ML throughput_gbps=7.7547 latency_ms=65.8159
[2026-08-09T01:39:05] SAMPLE t=38s phase=Congestion adaptation=with_ML throughput_gbps=7.94 latency_ms=66.7134
[2026-08-09T01:39:06] SAMPLE t=39s phase=Congestion adaptation=with_ML throughput_gbps=8.4128 latency_ms=67.0789
[2026-08-09T01:39:07] SAMPLE t=40s phase=Path_change adaptation=with_ML throughput_gbps=7.9744 latency_ms=65.3624
[2026-08-09T01:39:08] SAMPLE t=41s phase=Path_change adaptation=with_ML throughput_gbps=7.5833 latency_ms=66.6087
[2026-08-09T01:39:09] SAMPLE t=42s phase=Path_change adaptation=with_ML throughput_gbps=7.9772 latency_ms=66.4133
[2026-08-09T01:39:10] SAMPLE t=43s phase=Path_change adaptation=with_ML throughput_gbps=7.6729 latency_ms=68.2091
[2026-08-09T01:39:11] SAMPLE t=44s phase=Path_change adaptation=with_ML throughput_gbps=7.5629 latency_ms=67.4408
[2026-08-09T01:39:12] SAMPLE t=45s phase=Path_change adaptation=with_ML throughput_gbps=7.2906 latency_ms=66.6318
[2026-08-09T01:39:13] SAMPLE t=46s phase=Path_change adaptation=with_ML throughput_gbps=7.3482 latency_ms=69.9594
[2026-08-09T01:39:14] SAMPLE t=47s phase=Path_change adaptation=with_ML throughput_gbps=7.151 latency_ms=67.2976
[2026-08-09T01:39:15] SAMPLE t=48s phase=Path_change adaptation=with_ML throughput_gbps=7.4538 latency_ms=66.97
[2026-08-09T01:39:16] SAMPLE t=49s phase=Path_change adaptation=with_ML throughput_gbps=7.4217 latency_ms=67.4112
[2026-08-09T01:39:17] SAMPLE t=50s phase=Path_change adaptation=with_ML throughput_gbps=7.1599 latency_ms=69.6678
[2026-08-09T01:39:18] SAMPLE t=51s phase=Path_change adaptation=with_ML throughput_gbps=6.996 latency_ms=68.3669
[2026-08-09T01:39:19] SAMPLE t=52s phase=Path_change adaptation=with_ML throughput_gbps=7.075 latency_ms=69.7404
[2026-08-09T01:39:20] SAMPLE t=53s phase=Path_change adaptation=with_ML throughput_gbps=7.3003 latency_ms=69.194
[2026-08-09T01:39:21] SAMPLE t=54s phase=Path_change adaptation=with_ML throughput_gbps=7.573 latency_ms=69.9402
[2026-08-09T01:39:22] SAMPLE t=55s phase=Path_change adaptation=with_ML throughput_gbps=7.2286 latency_ms=69.9629
[2026-08-09T01:39:23] SAMPLE t=56s phase=Path_change adaptation=with_ML throughput_gbps=7.8346 latency_ms=68.5189
[2026-08-09T01:39:24] SAMPLE t=57s phase=Path_change adaptation=with_ML throughput_gbps=7.7533 latency_ms=66.7233
[2026-08-09T01:39:25] SAMPLE t=58s phase=Path_change adaptation=with_ML throughput_gbps=8.2042 latency_ms=67.5376
[2026-08-09T01:39:26] SAMPLE t=59s phase=Path_change adaptation=with_ML throughput_gbps=7.9015 latency_ms=67.9631
[2026-08-09T01:39:27] SAMPLE t=60s phase=Loss_spike adaptation=with_ML throughput_gbps=7.2679 latency_ms=68.0137
[2026-08-09T01:39:28] SAMPLE t=61s phase=Loss_spike adaptation=with_ML throughput_gbps=8.4756 latency_ms=73.2684
[2026-08-09T01:39:29] SAMPLE t=62s phase=Loss_spike adaptation=with_ML throughput_gbps=8.014 latency_ms=70.3519
[2026-08-09T01:39:30] SAMPLE t=63s phase=Loss_spike adaptation=with_ML throughput_gbps=6.7187 latency_ms=70.3319
[2026-08-09T01:39:31] SAMPLE t=64s phase=Loss_spike adaptation=with_ML throughput_gbps=6.2606 latency_ms=68.9089
[2026-08-09T01:39:32] SAMPLE t=65s phase=Loss_spike adaptation=with_ML throughput_gbps=7.0434 latency_ms=68.3377
[2026-08-09T01:39:33] SAMPLE t=66s phase=Loss_spike adaptation=with_ML throughput_gbps=8.7081 latency_ms=70.6009
[2026-08-09T01:39:34] SAMPLE t=67s phase=Loss_spike adaptation=with_ML throughput_gbps=7.859 latency_ms=70.599
[2026-08-09T01:39:35] SAMPLE t=68s phase=Loss_spike adaptation=with_ML throughput_gbps=6.594 latency_ms=71.2966
[2026-08-09T01:39:36] SAMPLE t=69s phase=Loss_spike adaptation=with_ML throughput_gbps=6.3741 latency_ms=70.732
[2026-08-09T01:39:37] SAMPLE t=70s phase=Loss_spike adaptation=with_ML throughput_gbps=7.0671 latency_ms=67.1144
[2026-08-09T01:39:38] SAMPLE t=71s phase=Loss_spike adaptation=with_ML throughput_gbps=8.6858 latency_ms=69.8865
[2026-08-09T01:39:39] SAMPLE t=72s phase=Loss_spike adaptation=with_ML throughput_gbps=7.9652 latency_ms=69.1832
[2026-08-09T01:39:40] SAMPLE t=73s phase=Loss_spike adaptation=with_ML throughput_gbps=6.6024 latency_ms=68.1193
[2026-08-09T01:39:41] SAMPLE t=74s phase=Loss_spike adaptation=with_ML throughput_gbps=6.0296 latency_ms=72.2394
[2026-08-09T01:39:42] SAMPLE t=75s phase=Loss_spike adaptation=with_ML throughput_gbps=7.2886 latency_ms=68.1814
[2026-08-09T01:39:43] SAMPLE t=76s phase=Loss_spike adaptation=with_ML throughput_gbps=8.3552 latency_ms=69.4095
[2026-08-09T01:39:44] SAMPLE t=77s phase=Loss_spike adaptation=with_ML throughput_gbps=7.6895 latency_ms=67.0428
[2026-08-09T01:39:45] SAMPLE t=78s phase=Loss_spike adaptation=with_ML throughput_gbps=6.6846 latency_ms=68.0935
[2026-08-09T01:39:46] SAMPLE t=79s phase=Loss_spike adaptation=with_ML throughput_gbps=6.2106 latency_ms=69.9415
[2026-08-09T01:39:47] SAMPLE t=80s phase=Recovery adaptation=with_ML throughput_gbps=8.0704 latency_ms=64.6717
[2026-08-09T01:39:48] SAMPLE t=81s phase=Recovery adaptation=with_ML throughput_gbps=8.05 latency_ms=67.7363
[2026-08-09T01:39:49] SAMPLE t=82s phase=Recovery adaptation=with_ML throughput_gbps=8.1547 latency_ms=64.4009
[2026-08-09T01:39:50] SAMPLE t=83s phase=Recovery adaptation=with_ML throughput_gbps=8.2251 latency_ms=65.8461
[2026-08-09T01:39:51] SAMPLE t=84s phase=Recovery adaptation=with_ML throughput_gbps=8.5712 latency_ms=64.4326
[2026-08-09T01:39:52] SAMPLE t=85s phase=Recovery adaptation=with_ML throughput_gbps=8.1824 latency_ms=64.0929
[2026-08-09T01:39:53] SAMPLE t=86s phase=Recovery adaptation=with_ML throughput_gbps=8.169 latency_ms=65.604
[2026-08-09T01:39:54] SAMPLE t=87s phase=Recovery adaptation=with_ML throughput_gbps=8.481 latency_ms=66.9626
[2026-08-09T01:39:55] SAMPLE t=88s phase=Recovery adaptation=with_ML throughput_gbps=8.3731 latency_ms=65.1798
[2026-08-09T01:39:56] SAMPLE t=89s phase=Recovery adaptation=with_ML throughput_gbps=8.389 latency_ms=66.568
[2026-08-09T01:39:57] SAMPLE t=90s phase=Recovery adaptation=with_ML throughput_gbps=8.3227 latency_ms=63.7746
[2026-08-09T01:39:58] SAMPLE t=91s phase=Recovery adaptation=with_ML throughput_gbps=7.7765 latency_ms=63.5248
[2026-08-09T01:39:59] SAMPLE t=92s phase=Recovery adaptation=with_ML throughput_gbps=8.0687 latency_ms=65.7866
[2026-08-09T01:40:00] SAMPLE t=93s phase=Recovery adaptation=with_ML throughput_gbps=8.2935 latency_ms=64.7371
[2026-08-09T01:40:01] SAMPLE t=94s phase=Recovery adaptation=with_ML throughput_gbps=8.5253 latency_ms=65.4371
[2026-08-09T01:40:02] SAMPLE t=95s phase=Recovery adaptation=with_ML throughput_gbps=8.3829 latency_ms=63.56
[2026-08-09T01:40:03] SAMPLE t=96s phase=Recovery adaptation=with_ML throughput_gbps=8.0358 latency_ms=66.0787
[2026-08-09T01:40:04] SAMPLE t=97s phase=Recovery adaptation=with_ML throughput_gbps=8.6273 latency_ms=67.2137
[2026-08-09T01:40:05] SAMPLE t=98s phase=Recovery adaptation=with_ML throughput_gbps=8.5696 latency_ms=64.0107
[2026-08-09T01:40:06] SAMPLE t=99s phase=Recovery adaptation=with_ML throughput_gbps=8.5586 latency_ms=64.3589
[2026-08-09T01:38:27] SAMPLE t=0s phase=Stable adaptation=without_ML throughput_gbps=7.789 latency_ms=67.7526
[2026-08-09T01:38:28] SAMPLE t=1s phase=Stable adaptation=without_ML throughput_gbps=8.5895 latency_ms=66.0807
[2026-08-09T01:38:29] SAMPLE t=2s phase=Stable adaptation=without_ML throughput_gbps=7.8837 latency_ms=66.5921
[2026-08-09T01:38:30] SAMPLE t=3s phase=Stable adaptation=without_ML throughput_gbps=8.0771 latency_ms=65.3957
[2026-08-09T01:38:31] SAMPLE t=4s phase=Stable adaptation=without_ML throughput_gbps=8.0008 latency_ms=65.1171
[2026-08-09T01:38:32] SAMPLE t=5s phase=Stable adaptation=without_ML throughput_gbps=8.1704 latency_ms=65.7961
[2026-08-09T01:38:33] SAMPLE t=6s phase=Stable adaptation=without_ML throughput_gbps=8.1007 latency_ms=67.0396
[2026-08-09T01:38:34] SAMPLE t=7s phase=Stable adaptation=without_ML throughput_gbps=7.3624 latency_ms=65.6914
[2026-08-09T01:38:35] SAMPLE t=8s phase=Stable adaptation=without_ML throughput_gbps=7.8636 latency_ms=67.7503
[2026-08-09T01:38:36] SAMPLE t=9s phase=Stable adaptation=without_ML throughput_gbps=8.0448 latency_ms=64.0482
[2026-08-09T01:38:37] SAMPLE t=10s phase=Stable adaptation=without_ML throughput_gbps=8.0945 latency_ms=64.2574
[2026-08-09T01:38:38] SAMPLE t=11s phase=Stable adaptation=without_ML throughput_gbps=7.8479 latency_ms=67.8215
[2026-08-09T01:38:39] SAMPLE t=12s phase=Stable adaptation=without_ML throughput_gbps=7.8328 latency_ms=66.8664
[2026-08-09T01:38:40] SAMPLE t=13s phase=Stable adaptation=without_ML throughput_gbps=8.3682 latency_ms=66.5155
[2026-08-09T01:38:41] SAMPLE t=14s phase=Stable adaptation=without_ML throughput_gbps=8.2012 latency_ms=65.9151
[2026-08-09T01:38:42] SAMPLE t=15s phase=Stable adaptation=without_ML throughput_gbps=8.2297 latency_ms=67.3794
[2026-08-09T01:38:43] SAMPLE t=16s phase=Stable adaptation=without_ML throughput_gbps=8.1446 latency_ms=66.3835
[2026-08-09T01:38:44] SAMPLE t=17s phase=Stable adaptation=without_ML throughput_gbps=8.2452 latency_ms=61.2838
[2026-08-09T01:38:45] SAMPLE t=18s phase=Stable adaptation=without_ML throughput_gbps=7.6638 latency_ms=66.1121
[2026-08-09T01:38:46] SAMPLE t=19s phase=Stable adaptation=without_ML throughput_gbps=7.8608 latency_ms=66.3451
[2026-08-09T01:38:47] SAMPLE t=20s phase=Congestion adaptation=without_ML throughput_gbps=7.8835 latency_ms=63.5039
[2026-08-09T01:38:48] SAMPLE t=21s phase=Congestion adaptation=without_ML throughput_gbps=8.0233 latency_ms=63.5289
[2026-08-09T01:38:49] SAMPLE t=22s phase=Congestion adaptation=without_ML throughput_gbps=7.7696 latency_ms=66.2338
[2026-08-09T01:38:50] SAMPLE t=23s phase=Congestion adaptation=without_ML throughput_gbps=7.9187 latency_ms=65.1728
[2026-08-09T01:38:51] SAMPLE t=24s phase=Congestion adaptation=without_ML throughput_gbps=7.9917 latency_ms=64.8944
[2026-08-09T01:38:52] SAMPLE t=25s phase=Congestion adaptation=without_ML throughput_gbps=8.3878 latency_ms=66.6489
[2026-08-09T01:38:53] SAMPLE t=26s phase=Congestion adaptation=without_ML throughput_gbps=7.8128 latency_ms=67.6992
[2026-08-09T01:38:54] SAMPLE t=27s phase=Congestion adaptation=without_ML throughput_gbps=7.9447 latency_ms=67.8201
[2026-08-09T01:38:55] SAMPLE t=28s phase=Congestion adaptation=without_ML throughput_gbps=8.2715 latency_ms=66.546
[2026-08-09T01:38:56] SAMPLE t=29s phase=Congestion adaptation=without_ML throughput_gbps=8.2239 latency_ms=66.9365
[2026-08-09T01:38:57] SAMPLE t=30s phase=Congestion adaptation=without_ML throughput_gbps=8.054 latency_ms=66.3326
[2026-08-09T01:38:58] SAMPLE t=31s phase=Congestion adaptation=without_ML throughput_gbps=8.2712 latency_ms=65.2437
[2026-08-09T01:38:59] SAMPLE t=32s phase=Congestion adaptation=without_ML throughput_gbps=8.3029 latency_ms=66.3765
[2026-08-09T01:39:00] SAMPLE t=33s phase=Congestion adaptation=without_ML throughput_gbps=7.9481 latency_ms=68.1959
[2026-08-09T01:39:01] SAMPLE t=34s phase=Congestion adaptation=without_ML throughput_gbps=7.9304 latency_ms=65.2396
[2026-08-09T01:39:02] SAMPLE t=35s phase=Congestion adaptation=without_ML throughput_gbps=8.3621 latency_ms=65.9011
[2026-08-09T01:39:03] SAMPLE t=36s phase=Congestion adaptation=without_ML throughput_gbps=8.1917 latency_ms=65.3304
[2026-08-09T01:39:04] SAMPLE t=37s phase=Congestion adaptation=without_ML throughput_gbps=8.1585 latency_ms=66.5099
[2026-08-09T01:39:05] SAMPLE t=38s phase=Congestion adaptation=without_ML throughput_gbps=7.9985 latency_ms=69.1144
[2026-08-09T01:39:06] SAMPLE t=39s phase=Congestion adaptation=without_ML throughput_gbps=7.6592 latency_ms=66.5606
[2026-08-09T01:39:07] SAMPLE t=40s phase=Path_change adaptation=without_ML throughput_gbps=8.0873 latency_ms=64.2022
[2026-08-09T01:39:08] SAMPLE t=41s phase=Path_change adaptation=without_ML throughput_gbps=7.8312 latency_ms=66.1567
[2026-08-09T01:39:09] SAMPLE t=42s phase=Path_change adaptation=without_ML throughput_gbps=7.5481 latency_ms=68.1152
[2026-08-09T01:39:10] SAMPLE t=43s phase=Path_change adaptation=without_ML throughput_gbps=7.425 latency_ms=68.8921
[2026-08-09T01:39:11] SAMPLE t=44s phase=Path_change adaptation=without_ML throughput_gbps=6.769 latency_ms=71.294
[2026-08-09T01:39:12] SAMPLE t=45s phase=Path_change adaptation=without_ML throughput_gbps=6.2815 latency_ms=70.0594
[2026-08-09T01:39:13] SAMPLE t=46s phase=Path_change adaptation=without_ML throughput_gbps=5.9851 latency_ms=69.0532
[2026-08-09T01:39:14] SAMPLE t=47s phase=Path_change adaptation=without_ML throughput_gbps=6.2933 latency_ms=73.1752
[2026-08-09T01:39:15] SAMPLE t=48s phase=Path_change adaptation=without_ML throughput_gbps=5.8362 latency_ms=71.2283
[2026-08-09T01:39:16] SAMPLE t=49s phase=Path_change adaptation=without_ML throughput_gbps=5.6566 latency_ms=69.8877
[2026-08-09T01:39:17] SAMPLE t=50s phase=Path_change adaptation=without_ML throughput_gbps=5.8559 latency_ms=74.6577
[2026-08-09T01:39:18] SAMPLE t=51s phase=Path_change adaptation=without_ML throughput_gbps=5.6799 latency_ms=72.4836
[2026-08-09T01:39:19] SAMPLE t=52s phase=Path_change adaptation=without_ML throughput_gbps=5.6822 latency_ms=72.417
[2026-08-09T01:39:20] SAMPLE t=53s phase=Path_change adaptation=without_ML throughput_gbps=5.8012 latency_ms=71.6159
[2026-08-09T01:39:21] SAMPLE t=54s phase=Path_change adaptation=without_ML throughput_gbps=6.3696 latency_ms=74.3697
[2026-08-09T01:39:22] SAMPLE t=55s phase=Path_change adaptation=without_ML throughput_gbps=6.372 latency_ms=69.8178
[2026-08-09T01:39:23] SAMPLE t=56s phase=Path_change adaptation=without_ML throughput_gbps=6.8643 latency_ms=71.8573
[2026-08-09T01:39:24] SAMPLE t=57s phase=Path_change adaptation=without_ML throughput_gbps=6.9492 latency_ms=70.029
[2026-08-09T01:39:25] SAMPLE t=58s phase=Path_change adaptation=without_ML throughput_gbps=7.4801 latency_ms=68.5643
[2026-08-09T01:39:26] SAMPLE t=59s phase=Path_change adaptation=without_ML throughput_gbps=7.7168 latency_ms=66.2972
[2026-08-09T01:39:27] SAMPLE t=60s phase=Loss_spike adaptation=without_ML throughput_gbps=6.3127 latency_ms=70.721
[2026-08-09T01:39:28] SAMPLE t=61s phase=Loss_spike adaptation=without_ML throughput_gbps=8.1135 latency_ms=78.5555
[2026-08-09T01:39:29] SAMPLE t=62s phase=Loss_spike adaptation=without_ML throughput_gbps=7.3319 latency_ms=76.1765
[2026-08-09T01:39:30] SAMPLE t=63s phase=Loss_spike adaptation=without_ML throughput_gbps=4.9435 latency_ms=75.7547
[2026-08-09T01:39:31] SAMPLE t=64s phase=Loss_spike adaptation=without_ML throughput_gbps=3.9513 latency_ms=79.2859
[2026-08-09T01:39:32] SAMPLE t=65s phase=Loss_spike adaptation=without_ML throughput_gbps=6.366 latency_ms=68.575
[2026-08-09T01:39:33] SAMPLE t=66s phase=Loss_spike adaptation=without_ML throughput_gbps=8.5718 latency_ms=78.7382
[2026-08-09T01:39:34] SAMPLE t=67s phase=Loss_spike adaptation=without_ML throughput_gbps=7.8905 latency_ms=74.724
[2026-08-09T01:39:35] SAMPLE t=68s phase=Loss_spike adaptation=without_ML throughput_gbps=4.7348 latency_ms=73.0893
[2026-08-09T01:39:36] SAMPLE t=69s phase=Loss_spike adaptation=without_ML throughput_gbps=4.0189 latency_ms=80.5054
[2026-08-09T01:39:37] SAMPLE t=70s phase=Loss_spike adaptation=without_ML throughput_gbps=6.3502 latency_ms=68.9521
[2026-08-09T01:39:38] SAMPLE t=71s phase=Loss_spike adaptation=without_ML throughput_gbps=8.5336 latency_ms=81.1086
[2026-08-09T01:39:39] SAMPLE t=72s phase=Loss_spike adaptation=without_ML throughput_gbps=7.5779 latency_ms=74.3553
[2026-08-09T01:39:40] SAMPLE t=73s phase=Loss_spike adaptation=without_ML throughput_gbps=5.23 latency_ms=75.9366
[2026-08-09T01:39:41] SAMPLE t=74s phase=Loss_spike adaptation=without_ML throughput_gbps=4.103 latency_ms=79.7125
[2026-08-09T01:39:42] SAMPLE t=75s phase=Loss_spike adaptation=without_ML throughput_gbps=6.3611 latency_ms=70.4085
[2026-08-09T01:39:43] SAMPLE t=76s phase=Loss_spike adaptation=without_ML throughput_gbps=8.1584 latency_ms=78.0208
[2026-08-09T01:39:44] SAMPLE t=77s phase=Loss_spike adaptation=without_ML throughput_gbps=7.3288 latency_ms=73.0879
[2026-08-09T01:39:45] SAMPLE t=78s phase=Loss_spike adaptation=without_ML throughput_gbps=4.9886 latency_ms=75.647
[2026-08-09T01:39:46] SAMPLE t=79s phase=Loss_spike adaptation=without_ML throughput_gbps=3.9418 latency_ms=78.247
[2026-08-09T01:39:47] SAMPLE t=80s phase=Recovery adaptation=without_ML throughput_gbps=7.7434 latency_ms=65.7605
[2026-08-09T01:39:48] SAMPLE t=81s phase=Recovery adaptation=without_ML throughput_gbps=8.229 latency_ms=64.5154
[2026-08-09T01:39:49] SAMPLE t=82s phase=Recovery adaptation=without_ML throughput_gbps=8.0781 latency_ms=65.889
[2026-08-09T01:39:50] SAMPLE t=83s phase=Recovery adaptation=without_ML throughput_gbps=8.0779 latency_ms=64.5996
[2026-08-09T01:39:51] SAMPLE t=84s phase=Recovery adaptation=without_ML throughput_gbps=8.1238 latency_ms=65.0351
[2026-08-09T01:39:52] SAMPLE t=85s phase=Recovery adaptation=without_ML throughput_gbps=7.963 latency_ms=66.5391
[2026-08-09T01:39:53] SAMPLE t=86s phase=Recovery adaptation=without_ML throughput_gbps=7.7397 latency_ms=66.3183
[2026-08-09T01:39:54] SAMPLE t=87s phase=Recovery adaptation=without_ML throughput_gbps=8.0673 latency_ms=66.4448
[2026-08-09T01:39:55] SAMPLE t=88s phase=Recovery adaptation=without_ML throughput_gbps=7.7454 latency_ms=67.6315
[2026-08-09T01:39:56] SAMPLE t=89s phase=Recovery adaptation=without_ML throughput_gbps=8.0243 latency_ms=66.1312
[2026-08-09T01:39:57] SAMPLE t=90s phase=Recovery adaptation=without_ML throughput_gbps=8.018 latency_ms=66.1053
[2026-08-09T01:39:58] SAMPLE t=91s phase=Recovery adaptation=without_ML throughput_gbps=8.2254 latency_ms=63.9641
[2026-08-09T01:39:59] SAMPLE t=92s phase=Recovery adaptation=without_ML throughput_gbps=7.7831 latency_ms=64.3778
[2026-08-09T01:40:00] SAMPLE t=93s phase=Recovery adaptation=without_ML throughput_gbps=8.2007 latency_ms=66.4417
[2026-08-09T01:40:01] SAMPLE t=94s phase=Recovery adaptation=without_ML throughput_gbps=7.9054 latency_ms=64.2019
[2026-08-09T01:40:02] SAMPLE t=95s phase=Recovery adaptation=without_ML throughput_gbps=8.0668 latency_ms=65.1795
[2026-08-09T01:40:03] SAMPLE t=96s phase=Recovery adaptation=without_ML throughput_gbps=8.2644 latency_ms=65.3539
[2026-08-09T01:40:04] SAMPLE t=97s phase=Recovery adaptation=without_ML throughput_gbps=7.5681 latency_ms=63.4014
[2026-08-09T01:40:05] SAMPLE t=98s phase=Recovery adaptation=without_ML throughput_gbps=7.5663 latency_ms=63.4186
[2026-08-09T01:40:06] SAMPLE t=99s phase=Recovery adaptation=without_ML throughput_gbps=7.8303 latency_ms=63.9949
[2026-08-09T01:38:27] TRACE_END run_id=45 status=OK
[2026-08-09T01:51:20] TRACE_START run_id=46
[2026-08-09T01:51:20] SAMPLE t=0s phase=Stable adaptation=with_ML throughput_gbps=8.0731 latency_ms=66.7824
[2026-08-09T01:51:21] SAMPLE t=1s phase=Stable adaptation=with_ML throughput_gbps=8.0168 latency_ms=65.0438
[2026-08-09T01:51:22] SAMPLE t=2s phase=Stable adaptation=with_ML throughput_gbps=7.6829 latency_ms=67.9078
[2026-08-09T01:51:23] SAMPLE t=3s phase=Stable adaptation=with_ML throughput_gbps=7.9858 latency_ms=66.607
[2026-08-09T01:51:24] SAMPLE t=4s phase=Stable adaptation=with_ML throughput_gbps=8.1436 latency_ms=65.8646
[2026-08-09T01:51:25] SAMPLE t=5s phase=Stable adaptation=with_ML throughput_gbps=8.1075 latency_ms=66.6102
[2026-08-09T01:51:26] SAMPLE t=6s phase=Stable adaptation=with_ML throughput_gbps=8.0589 latency_ms=67.2706
[2026-08-09T01:51:27] SAMPLE t=7s phase=Stable adaptation=with_ML throughput_gbps=8.128 latency_ms=65.5215
[2026-08-09T01:51:28] SAMPLE t=8s phase=Stable adaptation=with_ML throughput_gbps=8.4781 latency_ms=67.8036
[2026-08-09T01:51:29] SAMPLE t=9s phase=Stable adaptation=with_ML throughput_gbps=8.2084 latency_ms=67.0198
[2026-08-09T01:51:30] SAMPLE t=10s phase=Stable adaptation=with_ML throughput_gbps=7.879 latency_ms=66.6933
[2026-08-09T01:51:31] SAMPLE t=11s phase=Stable adaptation=with_ML throughput_gbps=8.2128 latency_ms=66.6972
[2026-08-09T01:51:32] SAMPLE t=12s phase=Stable adaptation=with_ML throughput_gbps=8.2338 latency_ms=64.3757
[2026-08-09T01:51:33] SAMPLE t=13s phase=Stable adaptation=with_ML throughput_gbps=8.6208 latency_ms=67.5799
[2026-08-09T01:51:34] SAMPLE t=14s phase=Stable adaptation=with_ML throughput_gbps=8.1323 latency_ms=68.2317
[2026-08-09T01:51:35] SAMPLE t=15s phase=Stable adaptation=with_ML throughput_gbps=8.1558 latency_ms=66.6247
[2026-08-09T01:51:36] SAMPLE t=16s phase=Stable adaptation=with_ML throughput_gbps=7.8128 latency_ms=66.3244
[2026-08-09T01:51:37] SAMPLE t=17s phase=Stable adaptation=with_ML throughput_gbps=8.1255 latency_ms=67.0367
[2026-08-09T01:51:38] SAMPLE t=18s phase=Stable adaptation=with_ML throughput_gbps=8.1424 latency_ms=67.5768
[2026-08-09T01:51:39] SAMPLE t=19s phase=Stable adaptation=with_ML throughput_gbps=8.299 latency_ms=64.9632
[2026-08-09T01:51:40] SAMPLE t=20s phase=Congestion adaptation=with_ML throughput_gbps=8.0303 latency_ms=67.2152
[2026-08-09T01:51:41] SAMPLE t=21s phase=Congestion adaptation=with_ML throughput_gbps=8.0797 latency_ms=66.6608
[2026-08-09T01:51:42] SAMPLE t=22s phase=Congestion adaptation=with_ML throughput_gbps=8.2881 latency_ms=65.9226
[2026-08-09T01:51:43] SAMPLE t=23s phase=Congestion adaptation=with_ML throughput_gbps=7.9945 latency_ms=65.7328
[2026-08-09T01:51:44] SAMPLE t=24s phase=Congestion adaptation=with_ML throughput_gbps=8.2409 latency_ms=66.4108
[2026-08-09T01:51:45] SAMPLE t=25s phase=Congestion adaptation=with_ML throughput_gbps=8.1606 latency_ms=67.3701
[2026-08-09T01:51:46] SAMPLE t=26s phase=Congestion adaptation=with_ML throughput_gbps=8.0458 latency_ms=67.7204
[2026-08-09T01:51:47] SAMPLE t=27s phase=Congestion adaptation=with_ML throughput_gbps=8.0717 latency_ms=66.5189
[2026-08-09T01:51:48] SAMPLE t=28s phase=Congestion adaptation=with_ML throughput_gbps=7.9829 latency_ms=65.7415
[2026-08-09T01:51:49] SAMPLE t=29s phase=Congestion adaptation=with_ML throughput_gbps=7.93 latency_ms=67.7582
[2026-08-09T01:51:50] SAMPLE t=30s phase=Congestion adaptation=with_ML throughput_gbps=8.0479 latency_ms=68.0178
[2026-08-09T01:51:51] SAMPLE t=31s phase=Congestion adaptation=with_ML throughput_gbps=7.8389 latency_ms=67.7951
[2026-08-09T01:51:52] SAMPLE t=32s phase=Congestion adaptation=with_ML throughput_gbps=8.4931 latency_ms=64.7449
[2026-08-09T01:51:53] SAMPLE t=33s phase=Congestion adaptation=with_ML throughput_gbps=8.0905 latency_ms=65.2032
[2026-08-09T01:51:54] SAMPLE t=34s phase=Congestion adaptation=with_ML throughput_gbps=8.2186 latency_ms=67.1759
[2026-08-09T01:51:55] SAMPLE t=35s phase=Congestion adaptation=with_ML throughput_gbps=8.0055 latency_ms=65.6541
[2026-08-09T01:51:56] SAMPLE t=36s phase=Congestion adaptation=with_ML throughput_gbps=8.328 latency_ms=68.0697
[2026-08-09T01:51:57] SAMPLE t=37s phase=Congestion adaptation=with_ML throughput_gbps=7.9314 latency_ms=68.5127
[2026-08-09T01:51:58] SAMPLE t=38s phase=Congestion adaptation=with_ML throughput_gbps=8.1695 latency_ms=65.7724
[2026-08-09T01:51:59] SAMPLE t=39s phase=Congestion adaptation=with_ML throughput_gbps=8.0838 latency_ms=65.6393
[2026-08-09T01:52:00] SAMPLE t=40s phase=Path_change adaptation=with_ML throughput_gbps=8.0723 latency_ms=68.6379
[2026-08-09T01:52:01] SAMPLE t=41s phase=Path_change adaptation=with_ML throughput_gbps=7.9256 latency_ms=67.9711
[2026-08-09T01:52:02] SAMPLE t=42s phase=Path_change adaptation=with_ML throughput_gbps=8.1521 latency_ms=65.7671
[2026-08-09T01:52:03] SAMPLE t=43s phase=Path_change adaptation=with_ML throughput_gbps=8.0322 latency_ms=70.0748
[2026-08-09T01:52:04] SAMPLE t=44s phase=Path_change adaptation=with_ML throughput_gbps=7.8256 latency_ms=67.824
[2026-08-09T01:52:05] SAMPLE t=45s phase=Path_change adaptation=with_ML throughput_gbps=7.5466 latency_ms=69.76
[2026-08-09T01:52:06] SAMPLE t=46s phase=Path_change adaptation=with_ML throughput_gbps=6.9184 latency_ms=69.6682
[2026-08-09T01:52:07] SAMPLE t=47s phase=Path_change adaptation=with_ML throughput_gbps=7.4487 latency_ms=68.6195
[2026-08-09T01:52:08] SAMPLE t=48s phase=Path_change adaptation=with_ML throughput_gbps=7.5318 latency_ms=66.4709
[2026-08-09T01:52:09] SAMPLE t=49s phase=Path_change adaptation=with_ML throughput_gbps=7.2061 latency_ms=68.9025
[2026-08-09T01:52:10] SAMPLE t=50s phase=Path_change adaptation=with_ML throughput_gbps=7.0868 latency_ms=68.6787
[2026-08-09T01:52:11] SAMPLE t=51s phase=Path_change adaptation=with_ML throughput_gbps=7.0747 latency_ms=68.0391
[2026-08-09T01:52:12] SAMPLE t=52s phase=Path_change adaptation=with_ML throughput_gbps=6.8923 latency_ms=67.1851
[2026-08-09T01:52:13] SAMPLE t=53s phase=Path_change adaptation=with_ML throughput_gbps=7.1627 latency_ms=67.1532
[2026-08-09T01:52:14] SAMPLE t=54s phase=Path_change adaptation=with_ML throughput_gbps=7.3726 latency_ms=69.7409
[2026-08-09T01:52:15] SAMPLE t=55s phase=Path_change adaptation=with_ML throughput_gbps=7.5479 latency_ms=66.6745
[2026-08-09T01:52:16] SAMPLE t=56s phase=Path_change adaptation=with_ML throughput_gbps=7.6362 latency_ms=68.02
[2026-08-09T01:52:17] SAMPLE t=57s phase=Path_change adaptation=with_ML throughput_gbps=8.0117 latency_ms=69.0958
[2026-08-09T01:52:18] SAMPLE t=58s phase=Path_change adaptation=with_ML throughput_gbps=7.5746 latency_ms=67.2193
[2026-08-09T01:52:19] SAMPLE t=59s phase=Path_change adaptation=with_ML throughput_gbps=8.2488 latency_ms=65.5473
[2026-08-09T01:52:20] SAMPLE t=60s phase=Loss_spike adaptation=with_ML throughput_gbps=7.3194 latency_ms=67.6032
[2026-08-09T01:52:21] SAMPLE t=61s phase=Loss_spike adaptation=with_ML throughput_gbps=8.4051 latency_ms=71.5173
[2026-08-09T01:52:22] SAMPLE t=62s phase=Loss_spike adaptation=with_ML throughput_gbps=8.0241 latency_ms=69.4553
[2026-08-09T01:52:23] SAMPLE t=63s phase=Loss_spike adaptation=with_ML throughput_gbps=6.7279 latency_ms=70.057
[2026-08-09T01:52:24] SAMPLE t=64s phase=Loss_spike adaptation=with_ML throughput_gbps=6.1256 latency_ms=70.4691
[2026-08-09T01:52:25] SAMPLE t=65s phase=Loss_spike adaptation=with_ML throughput_gbps=7.4869 latency_ms=68.0353
[2026-08-09T01:52:26] SAMPLE t=66s phase=Loss_spike adaptation=with_ML throughput_gbps=8.3625 latency_ms=68.2707
[2026-08-09T01:52:27] SAMPLE t=67s phase=Loss_spike adaptation=with_ML throughput_gbps=7.8202 latency_ms=69.5381
[2026-08-09T01:52:28] SAMPLE t=68s phase=Loss_spike adaptation=with_ML throughput_gbps=6.8128 latency_ms=70.9735
[2026-08-09T01:52:29] SAMPLE t=69s phase=Loss_spike adaptation=with_ML throughput_gbps=6.5054 latency_ms=72.065
[2026-08-09T01:52:30] SAMPLE t=70s phase=Loss_spike adaptation=with_ML throughput_gbps=7.0011 latency_ms=68.6499
[2026-08-09T01:52:31] SAMPLE t=71s phase=Loss_spike adaptation=with_ML throughput_gbps=8.1739 latency_ms=71.0744
[2026-08-09T01:52:32] SAMPLE t=72s phase=Loss_spike adaptation=with_ML throughput_gbps=7.9067 latency_ms=68.9574
[2026-08-09T01:52:33] SAMPLE t=73s phase=Loss_spike adaptation=with_ML throughput_gbps=6.4301 latency_ms=71.421
[2026-08-09T01:52:34] SAMPLE t=74s phase=Loss_spike adaptation=with_ML throughput_gbps=6.208 latency_ms=69.3437
[2026-08-09T01:52:35] SAMPLE t=75s phase=Loss_spike adaptation=with_ML throughput_gbps=6.8946 latency_ms=68.1885
[2026-08-09T01:52:36] SAMPLE t=76s phase=Loss_spike adaptation=with_ML throughput_gbps=8.0863 latency_ms=70.1435
[2026-08-09T01:52:37] SAMPLE t=77s phase=Loss_spike adaptation=with_ML throughput_gbps=7.8955 latency_ms=70.8165
[2026-08-09T01:52:38] SAMPLE t=78s phase=Loss_spike adaptation=with_ML throughput_gbps=6.5995 latency_ms=67.2999
[2026-08-09T01:52:39] SAMPLE t=79s phase=Loss_spike adaptation=with_ML throughput_gbps=6.0759 latency_ms=69.445
[2026-08-09T01:52:40] SAMPLE t=80s phase=Recovery adaptation=with_ML throughput_gbps=7.908 latency_ms=64.9789
[2026-08-09T01:52:41] SAMPLE t=81s phase=Recovery adaptation=with_ML throughput_gbps=7.9647 latency_ms=65.8173
[2026-08-09T01:52:42] SAMPLE t=82s phase=Recovery adaptation=with_ML throughput_gbps=7.8153 latency_ms=65.5264
[2026-08-09T01:52:43] SAMPLE t=83s phase=Recovery adaptation=with_ML throughput_gbps=8.2099 latency_ms=67.2591
[2026-08-09T01:52:44] SAMPLE t=84s phase=Recovery adaptation=with_ML throughput_gbps=8.0895 latency_ms=64.7149
[2026-08-09T01:52:45] SAMPLE t=85s phase=Recovery adaptation=with_ML throughput_gbps=7.9982 latency_ms=64.176
[2026-08-09T01:52:46] SAMPLE t=86s phase=Recovery adaptation=with_ML throughput_gbps=8.0954 latency_ms=64.6017
[2026-08-09T01:52:47] SAMPLE t=87s phase=Recovery adaptation=with_ML throughput_gbps=8.3005 latency_ms=65.1523
[2026-08-09T01:52:48] SAMPLE t=88s phase=Recovery adaptation=with_ML throughput_gbps=8.1728 latency_ms=66.9066
[2026-08-09T01:52:49] SAMPLE t=89s phase=Recovery adaptation=with_ML throughput_gbps=8.1685 latency_ms=64.5173
[2026-08-09T01:52:50] SAMPLE t=90s phase=Recovery adaptation=with_ML throughput_gbps=8.0228 latency_ms=64.6826
[2026-08-09T01:52:51] SAMPLE t=91s phase=Recovery adaptation=with_ML throughput_gbps=8.3279 latency_ms=65.2021
[2026-08-09T01:52:52] SAMPLE t=92s phase=Recovery adaptation=with_ML throughput_gbps=8.0347 latency_ms=66.3499
[2026-08-09T01:52:53] SAMPLE t=93s phase=Recovery adaptation=with_ML throughput_gbps=8.1663 latency_ms=65.9381
[2026-08-09T01:52:54] SAMPLE t=94s phase=Recovery adaptation=with_ML throughput_gbps=8.4107 latency_ms=66.9316
[2026-08-09T01:52:55] SAMPLE t=95s phase=Recovery adaptation=with_ML throughput_gbps=8.4708 latency_ms=64.6378
[2026-08-09T01:52:56] SAMPLE t=96s phase=Recovery adaptation=with_ML throughput_gbps=8.7166 latency_ms=66.5842
[2026-08-09T01:52:57] SAMPLE t=97s phase=Recovery adaptation=with_ML throughput_gbps=8.2436 latency_ms=67.129
[2026-08-09T01:52:58] SAMPLE t=98s phase=Recovery adaptation=with_ML throughput_gbps=8.1747 latency_ms=66.5305
[2026-08-09T01:52:59] SAMPLE t=99s phase=Recovery adaptation=with_ML throughput_gbps=8.5984 latency_ms=65.1125
[2026-08-09T01:51:20] SAMPLE t=0s phase=Stable adaptation=without_ML throughput_gbps=7.6542 latency_ms=65.4965
[2026-08-09T01:51:21] SAMPLE t=1s phase=Stable adaptation=without_ML throughput_gbps=8.1008 latency_ms=66.7752
[2026-08-09T01:51:22] SAMPLE t=2s phase=Stable adaptation=without_ML throughput_gbps=7.811 latency_ms=63.8971
[2026-08-09T01:51:23] SAMPLE t=3s phase=Stable adaptation=without_ML throughput_gbps=8.0471 latency_ms=64.7978
[2026-08-09T01:51:24] SAMPLE t=4s phase=Stable adaptation=without_ML throughput_gbps=7.7194 latency_ms=68.381
[2026-08-09T01:51:25] SAMPLE t=5s phase=Stable adaptation=without_ML throughput_gbps=8.252 latency_ms=66.4839
[2026-08-09T01:51:26] SAMPLE t=6s phase=Stable adaptation=without_ML throughput_gbps=8.0697 latency_ms=67.392
[2026-08-09T01:51:27] SAMPLE t=7s phase=Stable adaptation=without_ML throughput_gbps=7.8775 latency_ms=66.4289
[2026-08-09T01:51:28] SAMPLE t=8s phase=Stable adaptation=without_ML throughput_gbps=8.1067 latency_ms=66.801
[2026-08-09T01:51:29] SAMPLE t=9s phase=Stable adaptation=without_ML throughput_gbps=8.1053 latency_ms=67.1871
[2026-08-09T01:51:30] SAMPLE t=10s phase=Stable adaptation=without_ML throughput_gbps=8.4044 latency_ms=66.9669
[2026-08-09T01:51:31] SAMPLE t=11s phase=Stable adaptation=without_ML throughput_gbps=8.0728 latency_ms=66.0778
[2026-08-09T01:51:32] SAMPLE t=12s phase=Stable adaptation=without_ML throughput_gbps=8.4459 latency_ms=66.205
[2026-08-09T01:51:33] SAMPLE t=13s phase=Stable adaptation=without_ML throughput_gbps=7.8667 latency_ms=67.1525
[2026-08-09T01:51:34] SAMPLE t=14s phase=Stable adaptation=without_ML throughput_gbps=8.2999 latency_ms=64.7196
[2026-08-09T01:51:35] SAMPLE t=15s phase=Stable adaptation=without_ML throughput_gbps=8.0195 latency_ms=66.2988
[2026-08-09T01:51:36] SAMPLE t=16s phase=Stable adaptation=without_ML throughput_gbps=7.7677 latency_ms=66.4251
[2026-08-09T01:51:37] SAMPLE t=17s phase=Stable adaptation=without_ML throughput_gbps=7.9758 latency_ms=65.9412
[2026-08-09T01:51:38] SAMPLE t=18s phase=Stable adaptation=without_ML throughput_gbps=8.1294 latency_ms=67.5046
[2026-08-09T01:51:39] SAMPLE t=19s phase=Stable adaptation=without_ML throughput_gbps=7.9127 latency_ms=65.7857
[2026-08-09T01:51:40] SAMPLE t=20s phase=Congestion adaptation=without_ML throughput_gbps=7.8257 latency_ms=64.0311
[2026-08-09T01:51:41] SAMPLE t=21s phase=Congestion adaptation=without_ML throughput_gbps=7.7186 latency_ms=66.4683
[2026-08-09T01:51:42] SAMPLE t=22s phase=Congestion adaptation=without_ML throughput_gbps=8.1369 latency_ms=66.119
[2026-08-09T01:51:43] SAMPLE t=23s phase=Congestion adaptation=without_ML throughput_gbps=8.2392 latency_ms=68.6823
[2026-08-09T01:51:44] SAMPLE t=24s phase=Congestion adaptation=without_ML throughput_gbps=8.1799 latency_ms=66.6294
[2026-08-09T01:51:45] SAMPLE t=25s phase=Congestion adaptation=without_ML throughput_gbps=7.9803 latency_ms=66.4713
[2026-08-09T01:51:46] SAMPLE t=26s phase=Congestion adaptation=without_ML throughput_gbps=8.2249 latency_ms=65.2901
[2026-08-09T01:51:47] SAMPLE t=27s phase=Congestion adaptation=without_ML throughput_gbps=7.9405 latency_ms=67.3012
[2026-08-09T01:51:48] SAMPLE t=28s phase=Congestion adaptation=without_ML throughput_gbps=8.0612 latency_ms=67.2757
[2026-08-09T01:51:49] SAMPLE t=29s phase=Congestion adaptation=without_ML throughput_gbps=7.8773 latency_ms=66.8439
[2026-08-09T01:51:50] SAMPLE t=30s phase=Congestion adaptation=without_ML throughput_gbps=8.4906 latency_ms=65.2526
[2026-08-09T01:51:51] SAMPLE t=31s phase=Congestion adaptation=without_ML throughput_gbps=8.1096 latency_ms=67.0937
[2026-08-09T01:51:52] SAMPLE t=32s phase=Congestion adaptation=without_ML throughput_gbps=7.9216 latency_ms=64.4544
[2026-08-09T01:51:53] SAMPLE t=33s phase=Congestion adaptation=without_ML throughput_gbps=8.188 latency_ms=66.2744
[2026-08-09T01:51:54] SAMPLE t=34s phase=Congestion adaptation=without_ML throughput_gbps=7.76 latency_ms=66.0548
[2026-08-09T01:51:55] SAMPLE t=35s phase=Congestion adaptation=without_ML throughput_gbps=8.0821 latency_ms=63.8393
[2026-08-09T01:51:56] SAMPLE t=36s phase=Congestion adaptation=without_ML throughput_gbps=8.374 latency_ms=63.9909
[2026-08-09T01:51:57] SAMPLE t=37s phase=Congestion adaptation=without_ML throughput_gbps=8.2607 latency_ms=69.4804
[2026-08-09T01:51:58] SAMPLE t=38s phase=Congestion adaptation=without_ML throughput_gbps=7.7463 latency_ms=65.9907
[2026-08-09T01:51:59] SAMPLE t=39s phase=Congestion adaptation=without_ML throughput_gbps=7.762 latency_ms=65.4693
[2026-08-09T01:52:00] SAMPLE t=40s phase=Path_change adaptation=without_ML throughput_gbps=8.2188 latency_ms=64.2617
[2026-08-09T01:52:01] SAMPLE t=41s phase=Path_change adaptation=without_ML throughput_gbps=7.6162 latency_ms=68.7473
[2026-08-09T01:52:02] SAMPLE t=42s phase=Path_change adaptation=without_ML throughput_gbps=7.0644 latency_ms=67.2317
[2026-08-09T01:52:03] SAMPLE t=43s phase=Path_change adaptation=without_ML throughput_gbps=7.2009 latency_ms=68.4491
[2026-08-09T01:52:04] SAMPLE t=44s phase=Path_change adaptation=without_ML throughput_gbps=6.6602 latency_ms=68.4049
[2026-08-09T01:52:05] SAMPLE t=45s phase=Path_change adaptation=without_ML throughput_gbps=6.3982 latency_ms=71.199
[2026-08-09T01:52:06] SAMPLE t=46s phase=Path_change adaptation=without_ML throughput_gbps=6.2947 latency_ms=72.9581
[2026-08-09T01:52:07] SAMPLE t=47s phase=Path_change adaptation=without_ML throughput_gbps=6.0776 latency_ms=72.1752
[2026-08-09T01:52:08] SAMPLE t=48s phase=Path_change adaptation=without_ML throughput_gbps=6.046 latency_ms=70.9721
[2026-08-09T01:52:09] SAMPLE t=49s phase=Path_change adaptation=without_ML throughput_gbps=5.3648 latency_ms=71.1608
[2026-08-09T01:52:10] SAMPLE t=50s phase=Path_change adaptation=without_ML throughput_gbps=5.5668 latency_ms=69.9343
[2026-08-09T01:52:11] SAMPLE t=51s phase=Path_change adaptation=without_ML throughput_gbps=5.8171 latency_ms=72.4554
[2026-08-09T01:52:12] SAMPLE t=52s phase=Path_change adaptation=without_ML throughput_gbps=5.6115 latency_ms=71.1481
[2026-08-09T01:52:13] SAMPLE t=53s phase=Path_change adaptation=without_ML throughput_gbps=6.1956 latency_ms=73.7417
[2026-08-09T01:52:14] SAMPLE t=54s phase=Path_change adaptation=without_ML throughput_gbps=6.0637 latency_ms=72.1988
[2026-08-09T01:52:15] SAMPLE t=55s phase=Path_change adaptation=without_ML throughput_gbps=6.4855 latency_ms=72.8793
[2026-08-09T01:52:16] SAMPLE t=56s phase=Path_change adaptation=without_ML throughput_gbps=6.8543 latency_ms=69.3917
[2026-08-09T01:52:17] SAMPLE t=57s phase=Path_change adaptation=without_ML throughput_gbps=6.8869 latency_ms=67.1669
[2026-08-09T01:52:18] SAMPLE t=58s phase=Path_change adaptation=without_ML throughput_gbps=7.0331 latency_ms=67.9975
[2026-08-09T01:52:19] SAMPLE t=59s phase=Path_change adaptation=without_ML throughput_gbps=7.6622 latency_ms=65.3394
[2026-08-09T01:52:20] SAMPLE t=60s phase=Loss_spike adaptation=without_ML throughput_gbps=6.1338 latency_ms=67.7316
[2026-08-09T01:52:21] SAMPLE t=61s phase=Loss_spike adaptation=without_ML throughput_gbps=8.1941 latency_ms=78.4584
[2026-08-09T01:52:22] SAMPLE t=62s phase=Loss_spike adaptation=without_ML throughput_gbps=7.7635 latency_ms=75.2768
[2026-08-09T01:52:23] SAMPLE t=63s phase=Loss_spike adaptation=without_ML throughput_gbps=4.6498 latency_ms=75.7116
[2026-08-09T01:52:24] SAMPLE t=64s phase=Loss_spike adaptation=without_ML throughput_gbps=4.0145 latency_ms=81.4041
[2026-08-09T01:52:25] SAMPLE t=65s phase=Loss_spike adaptation=without_ML throughput_gbps=6.2329 latency_ms=71.4251
[2026-08-09T01:52:26] SAMPLE t=66s phase=Loss_spike adaptation=without_ML throughput_gbps=8.4873 latency_ms=76.3571
[2026-08-09T01:52:27] SAMPLE t=67s phase=Loss_spike adaptation=without_ML throughput_gbps=7.3155 latency_ms=76.9657
[2026-08-09T01:52:28] SAMPLE t=68s phase=Loss_spike adaptation=without_ML throughput_gbps=4.54 latency_ms=76.4579
[2026-08-09T01:52:29] SAMPLE t=69s phase=Loss_spike adaptation=without_ML throughput_gbps=3.8829 latency_ms=78.9158
[2026-08-09T01:52:30] SAMPLE t=70s phase=Loss_spike adaptation=without_ML throughput_gbps=6.5685 latency_ms=68.2759
[2026-08-09T01:52:31] SAMPLE t=71s phase=Loss_spike adaptation=without_ML throughput_gbps=8.5948 latency_ms=77.0551
[2026-08-09T01:52:32] SAMPLE t=72s phase=Loss_spike adaptation=without_ML throughput_gbps=7.618 latency_ms=76.3118
[2026-08-09T01:52:33] SAMPLE t=73s phase=Loss_spike adaptation=without_ML throughput_gbps=4.9146 latency_ms=75.8868
[2026-08-09T01:52:34] SAMPLE t=74s phase=Loss_spike adaptation=without_ML throughput_gbps=3.939 latency_ms=80.486
[2026-08-09T01:52:35] SAMPLE t=75s phase=Loss_spike adaptation=without_ML throughput_gbps=6.1121 latency_ms=70.3123
[2026-08-09T01:52:36] SAMPLE t=76s phase=Loss_spike adaptation=without_ML throughput_gbps=8.1992 latency_ms=78.7545
[2026-08-09T01:52:37] SAMPLE t=77s phase=Loss_spike adaptation=without_ML throughput_gbps=7.7551 latency_ms=76.0423
[2026-08-09T01:52:38] SAMPLE t=78s phase=Loss_spike adaptation=without_ML throughput_gbps=4.8273 latency_ms=75.7853
[2026-08-09T01:52:39] SAMPLE t=79s phase=Loss_spike adaptation=without_ML throughput_gbps=3.7955 latency_ms=82.982
[2026-08-09T01:52:40] SAMPLE t=80s phase=Recovery adaptation=without_ML throughput_gbps=8.1367 latency_ms=65.6521
[2026-08-09T01:52:41] SAMPLE t=81s phase=Recovery adaptation=without_ML throughput_gbps=8.0196 latency_ms=68.3662
[2026-08-09T01:52:42] SAMPLE t=82s phase=Recovery adaptation=without_ML throughput_gbps=8.3458 latency_ms=65.1132
[2026-08-09T01:52:43] SAMPLE t=83s phase=Recovery adaptation=without_ML throughput_gbps=8.1068 latency_ms=67.1788
[2026-08-09T01:52:44] SAMPLE t=84s phase=Recovery adaptation=without_ML throughput_gbps=7.7884 latency_ms=66.6082
[2026-08-09T01:52:45] SAMPLE t=85s phase=Recovery adaptation=without_ML throughput_gbps=8.0733 latency_ms=65.1811
[2026-08-09T01:52:46] SAMPLE t=86s phase=Recovery adaptation=without_ML throughput_gbps=7.9067 latency_ms=66.812
[2026-08-09T01:52:47] SAMPLE t=87s phase=Recovery adaptation=without_ML throughput_gbps=7.9386 latency_ms=67.6165
[2026-08-09T01:52:48] SAMPLE t=88s phase=Recovery adaptation=without_ML throughput_gbps=7.979 latency_ms=66.3463
[2026-08-09T01:52:49] SAMPLE t=89s phase=Recovery adaptation=without_ML throughput_gbps=7.8813 latency_ms=65.5578
[2026-08-09T01:52:50] SAMPLE t=90s phase=Recovery adaptation=without_ML throughput_gbps=8.0226 latency_ms=65.9345
[2026-08-09T01:52:51] SAMPLE t=91s phase=Recovery adaptation=without_ML throughput_gbps=7.7944 latency_ms=67.8684
[2026-08-09T01:52:52] SAMPLE t=92s phase=Recovery adaptation=without_ML throughput_gbps=7.6792 latency_ms=66.692
[2026-08-09T01:52:53] SAMPLE t=93s phase=Recovery adaptation=without_ML throughput_gbps=8.0105 latency_ms=66.7666
[2026-08-09T01:52:54] SAMPLE t=94s phase=Recovery adaptation=without_ML throughput_gbps=7.8619 latency_ms=65.5177
[2026-08-09T01:52:55] SAMPLE t=95s phase=Recovery adaptation=without_ML throughput_gbps=8.066 latency_ms=64.5708
[2026-08-09T01:52:56] SAMPLE t=96s phase=Recovery adaptation=without_ML throughput_gbps=8.5211 latency_ms=66.1959
[2026-08-09T01:52:57] SAMPLE t=97s phase=Recovery adaptation=without_ML throughput_gbps=8.1175 latency_ms=66.7871
[2026-08-09T01:52:58] SAMPLE t=98s phase=Recovery adaptation=without_ML throughput_gbps=7.4385 latency_ms=65.1058
[2026-08-09T01:52:59] SAMPLE t=99s phase=Recovery adaptation=without_ML throughput_gbps=7.792 latency_ms=65.9585
[2026-08-09T01:51:20] TRACE_END run_id=46 status=OK
[2026-08-09T09:38:28] TRACE_START run_id=47
[2026-08-09T09:38:28] SAMPLE t=0s phase=Stable adaptation=with_ML throughput_gbps=8.1771 latency_ms=65.8501
[2026-08-09T09:38:29] SAMPLE t=1s phase=Stable adaptation=with_ML throughput_gbps=8.3212 latency_ms=65.9443
[2026-08-09T09:38:30] SAMPLE t=2s phase=Stable adaptation=with_ML throughput_gbps=7.6013 latency_ms=66.5498
[2026-08-09T09:38:31] SAMPLE t=3s phase=Stable adaptation=with_ML throughput_gbps=7.9784 latency_ms=66.5564
[2026-08-09T09:38:32] SAMPLE t=4s phase=Stable adaptation=with_ML throughput_gbps=7.9954 latency_ms=67.9881
[2026-08-09T09:38:33] SAMPLE t=5s phase=Stable adaptation=with_ML throughput_gbps=8.2176 latency_ms=66.7054
[2026-08-09T09:38:34] SAMPLE t=6s phase=Stable adaptation=with_ML throughput_gbps=7.8916 latency_ms=69.061
[2026-08-09T09:38:35] SAMPLE t=7s phase=Stable adaptation=with_ML throughput_gbps=7.9507 latency_ms=66.7183
[2026-08-09T09:38:36] SAMPLE t=8s phase=Stable adaptation=with_ML throughput_gbps=8.1139 latency_ms=66.1603
[2026-08-09T09:38:37] SAMPLE t=9s phase=Stable adaptation=with_ML throughput_gbps=8.6388 latency_ms=65.7997
[2026-08-09T09:38:38] SAMPLE t=10s phase=Stable adaptation=with_ML throughput_gbps=8.3011 latency_ms=65.3199
[2026-08-09T09:38:39] SAMPLE t=11s phase=Stable adaptation=with_ML throughput_gbps=7.9278 latency_ms=66.464
[2026-08-09T09:38:40] SAMPLE t=12s phase=Stable adaptation=with_ML throughput_gbps=7.9044 latency_ms=65.6652
[2026-08-09T09:38:41] SAMPLE t=13s phase=Stable adaptation=with_ML throughput_gbps=8.0932 latency_ms=67.4276
[2026-08-09T09:38:42] SAMPLE t=14s phase=Stable adaptation=with_ML throughput_gbps=7.9454 latency_ms=67.4236
[2026-08-09T09:38:43] SAMPLE t=15s phase=Stable adaptation=with_ML throughput_gbps=8.1083 latency_ms=66.651
[2026-08-09T09:38:44] SAMPLE t=16s phase=Stable adaptation=with_ML throughput_gbps=8.1158 latency_ms=66.783
[2026-08-09T09:38:45] SAMPLE t=17s phase=Stable adaptation=with_ML throughput_gbps=7.8062 latency_ms=66.7067
[2026-08-09T09:38:46] SAMPLE t=18s phase=Stable adaptation=with_ML throughput_gbps=8.1235 latency_ms=66.9529
[2026-08-09T09:38:47] SAMPLE t=19s phase=Stable adaptation=with_ML throughput_gbps=7.8352 latency_ms=64.6797
[2026-08-09T09:38:48] SAMPLE t=20s phase=Congestion adaptation=with_ML throughput_gbps=8.0083 latency_ms=67.5421
[2026-08-09T09:38:49] SAMPLE t=21s phase=Congestion adaptation=with_ML throughput_gbps=7.9543 latency_ms=66.9229
[2026-08-09T09:38:50] SAMPLE t=22s phase=Congestion adaptation=with_ML throughput_gbps=8.077 latency_ms=64.7263
[2026-08-09T09:38:51] SAMPLE t=23s phase=Congestion adaptation=with_ML throughput_gbps=8.3656 latency_ms=67.2996
[2026-08-09T09:38:52] SAMPLE t=24s phase=Congestion adaptation=with_ML throughput_gbps=8.4348 latency_ms=66.9327
[2026-08-09T09:38:53] SAMPLE t=25s phase=Congestion adaptation=with_ML throughput_gbps=8.6013 latency_ms=64.7573
[2026-08-09T09:38:54] SAMPLE t=26s phase=Congestion adaptation=with_ML throughput_gbps=7.8536 latency_ms=67.2241
[2026-08-09T09:38:55] SAMPLE t=27s phase=Congestion adaptation=with_ML throughput_gbps=8.0814 latency_ms=65.9429
[2026-08-09T09:38:56] SAMPLE t=28s phase=Congestion adaptation=with_ML throughput_gbps=8.0868 latency_ms=68.058
[2026-08-09T09:38:57] SAMPLE t=29s phase=Congestion adaptation=with_ML throughput_gbps=7.7896 latency_ms=66.6853
[2026-08-09T09:38:58] SAMPLE t=30s phase=Congestion adaptation=with_ML throughput_gbps=8.1373 latency_ms=67.0928
[2026-08-09T09:38:59] SAMPLE t=31s phase=Congestion adaptation=with_ML throughput_gbps=7.8365 latency_ms=67.5043
[2026-08-09T09:39:00] SAMPLE t=32s phase=Congestion adaptation=with_ML throughput_gbps=8.3456 latency_ms=67.4721
[2026-08-09T09:39:01] SAMPLE t=33s phase=Congestion adaptation=with_ML throughput_gbps=8.4665 latency_ms=67.0414
[2026-08-09T09:39:02] SAMPLE t=34s phase=Congestion adaptation=with_ML throughput_gbps=7.992 latency_ms=67.4977
[2026-08-09T09:39:03] SAMPLE t=35s phase=Congestion adaptation=with_ML throughput_gbps=7.9681 latency_ms=67.0137
[2026-08-09T09:39:04] SAMPLE t=36s phase=Congestion adaptation=with_ML throughput_gbps=8.0837 latency_ms=65.5971
[2026-08-09T09:39:05] SAMPLE t=37s phase=Congestion adaptation=with_ML throughput_gbps=8.1807 latency_ms=65.8271
[2026-08-09T09:39:06] SAMPLE t=38s phase=Congestion adaptation=with_ML throughput_gbps=8.2066 latency_ms=64.7613
[2026-08-09T09:39:07] SAMPLE t=39s phase=Congestion adaptation=with_ML throughput_gbps=8.1986 latency_ms=66.7428
[2026-08-09T09:39:08] SAMPLE t=40s phase=Path_change adaptation=with_ML throughput_gbps=8.152 latency_ms=65.9138
[2026-08-09T09:39:09] SAMPLE t=41s phase=Path_change adaptation=with_ML throughput_gbps=8.1108 latency_ms=66.9218
[2026-08-09T09:39:10] SAMPLE t=42s phase=Path_change adaptation=with_ML throughput_gbps=7.7743 latency_ms=67.0466
[2026-08-09T09:39:11] SAMPLE t=43s phase=Path_change adaptation=with_ML throughput_gbps=7.3299 latency_ms=68.047
[2026-08-09T09:39:12] SAMPLE t=44s phase=Path_change adaptation=with_ML throughput_gbps=7.4307 latency_ms=69.7786
[2026-08-09T09:39:13] SAMPLE t=45s phase=Path_change adaptation=with_ML throughput_gbps=7.3217 latency_ms=69.0447
[2026-08-09T09:39:14] SAMPLE t=46s phase=Path_change adaptation=with_ML throughput_gbps=7.152 latency_ms=66.8107
[2026-08-09T09:39:15] SAMPLE t=47s phase=Path_change adaptation=with_ML throughput_gbps=7.2734 latency_ms=69.7482
[2026-08-09T09:39:16] SAMPLE t=48s phase=Path_change adaptation=with_ML throughput_gbps=7.1195 latency_ms=69.1258
[2026-08-09T09:39:17] SAMPLE t=49s phase=Path_change adaptation=with_ML throughput_gbps=7.0752 latency_ms=68.9132
[2026-08-09T09:39:18] SAMPLE t=50s phase=Path_change adaptation=with_ML throughput_gbps=7.0361 latency_ms=66.5869
[2026-08-09T09:39:19] SAMPLE t=51s phase=Path_change adaptation=with_ML throughput_gbps=7.1533 latency_ms=67.3853
[2026-08-09T09:39:20] SAMPLE t=52s phase=Path_change adaptation=with_ML throughput_gbps=7.1649 latency_ms=69.0195
[2026-08-09T09:39:21] SAMPLE t=53s phase=Path_change adaptation=with_ML throughput_gbps=6.911 latency_ms=66.4294
[2026-08-09T09:39:22] SAMPLE t=54s phase=Path_change adaptation=with_ML throughput_gbps=7.0296 latency_ms=68.3119
[2026-08-09T09:39:23] SAMPLE t=55s phase=Path_change adaptation=with_ML throughput_gbps=7.2413 latency_ms=68.6168
[2026-08-09T09:39:24] SAMPLE t=56s phase=Path_change adaptation=with_ML throughput_gbps=7.6035 latency_ms=66.2247
[2026-08-09T09:39:25] SAMPLE t=57s phase=Path_change adaptation=with_ML throughput_gbps=7.8032 latency_ms=69.2322
[2026-08-09T09:39:26] SAMPLE t=58s phase=Path_change adaptation=with_ML throughput_gbps=8.1886 latency_ms=65.3124
[2026-08-09T09:39:27] SAMPLE t=59s phase=Path_change adaptation=with_ML throughput_gbps=8.1834 latency_ms=68.3372
[2026-08-09T09:39:28] SAMPLE t=60s phase=Loss_spike adaptation=with_ML throughput_gbps=7.1751 latency_ms=66.2273
[2026-08-09T09:39:29] SAMPLE t=61s phase=Loss_spike adaptation=with_ML throughput_gbps=8.2019 latency_ms=70.5095
[2026-08-09T09:39:30] SAMPLE t=62s phase=Loss_spike adaptation=with_ML throughput_gbps=8.0405 latency_ms=70.7918
[2026-08-09T09:39:31] SAMPLE t=63s phase=Loss_spike adaptation=with_ML throughput_gbps=6.6142 latency_ms=69.6562
[2026-08-09T09:39:32] SAMPLE t=64s phase=Loss_spike adaptation=with_ML throughput_gbps=6.1435 latency_ms=74.0539
[2026-08-09T09:39:33] SAMPLE t=65s phase=Loss_spike adaptation=with_ML throughput_gbps=7.2455 latency_ms=65.7608
[2026-08-09T09:39:34] SAMPLE t=66s phase=Loss_spike adaptation=with_ML throughput_gbps=8.966 latency_ms=71.6222
[2026-08-09T09:39:35] SAMPLE t=67s phase=Loss_spike adaptation=with_ML throughput_gbps=8.0783 latency_ms=69.0494
[2026-08-09T09:39:36] SAMPLE t=68s phase=Loss_spike adaptation=with_ML throughput_gbps=6.5129 latency_ms=70.2582
[2026-08-09T09:39:37] SAMPLE t=69s phase=Loss_spike adaptation=with_ML throughput_gbps=6.1184 latency_ms=72.1657
[2026-08-09T09:39:38] SAMPLE t=70s phase=Loss_spike adaptation=with_ML throughput_gbps=7.1837 latency_ms=68.5921
[2026-08-09T09:39:39] SAMPLE t=71s phase=Loss_spike adaptation=with_ML throughput_gbps=8.3162 latency_ms=71.205
[2026-08-09T09:39:40] SAMPLE t=72s phase=Loss_spike adaptation=with_ML throughput_gbps=8.0836 latency_ms=70.173
[2026-08-09T09:39:41] SAMPLE t=73s phase=Loss_spike adaptation=with_ML throughput_gbps=6.663 latency_ms=66.294
[2026-08-09T09:39:42] SAMPLE t=74s phase=Loss_spike adaptation=with_ML throughput_gbps=6.2622 latency_ms=70.0658
[2026-08-09T09:39:43] SAMPLE t=75s phase=Loss_spike adaptation=with_ML throughput_gbps=7.1392 latency_ms=69.9291
[2026-08-09T09:39:44] SAMPLE t=76s phase=Loss_spike adaptation=with_ML throughput_gbps=8.6417 latency_ms=69.1137
[2026-08-09T09:39:45] SAMPLE t=77s phase=Loss_spike adaptation=with_ML throughput_gbps=8.1706 latency_ms=69.188
[2026-08-09T09:39:46] SAMPLE t=78s phase=Loss_spike adaptation=with_ML throughput_gbps=6.7724 latency_ms=68.4058
[2026-08-09T09:39:47] SAMPLE t=79s phase=Loss_spike adaptation=with_ML throughput_gbps=6.3038 latency_ms=72.0619
[2026-08-09T09:39:48] SAMPLE t=80s phase=Recovery adaptation=with_ML throughput_gbps=8.4123 latency_ms=65.5341
[2026-08-09T09:39:49] SAMPLE t=81s phase=Recovery adaptation=with_ML throughput_gbps=8.2343 latency_ms=63.8043
[2026-08-09T09:39:50] SAMPLE t=82s phase=Recovery adaptation=with_ML throughput_gbps=8.266 latency_ms=66.1728
[2026-08-09T09:39:51] SAMPLE t=83s phase=Recovery adaptation=with_ML throughput_gbps=7.9918 latency_ms=67.7648
[2026-08-09T09:39:52] SAMPLE t=84s phase=Recovery adaptation=with_ML throughput_gbps=8.0927 latency_ms=64.9886
[2026-08-09T09:39:53] SAMPLE t=85s phase=Recovery adaptation=with_ML throughput_gbps=8.6507 latency_ms=64.7497
[2026-08-09T09:39:54] SAMPLE t=86s phase=Recovery adaptation=with_ML throughput_gbps=8.3035 latency_ms=66.3655
[2026-08-09T09:39:55] SAMPLE t=87s phase=Recovery adaptation=with_ML throughput_gbps=8.475 latency_ms=65.6643
[2026-08-09T09:39:56] SAMPLE t=88s phase=Recovery adaptation=with_ML throughput_gbps=8.7348 latency_ms=64.6943
[2026-08-09T09:39:57] SAMPLE t=89s phase=Recovery adaptation=with_ML throughput_gbps=8.3392 latency_ms=65.5004
[2026-08-09T09:39:58] SAMPLE t=90s phase=Recovery adaptation=with_ML throughput_gbps=8.7695 latency_ms=65.7045
[2026-08-09T09:39:59] SAMPLE t=91s phase=Recovery adaptation=with_ML throughput_gbps=8.1 latency_ms=64.3408
[2026-08-09T09:40:00] SAMPLE t=92s phase=Recovery adaptation=with_ML throughput_gbps=8.7088 latency_ms=66.3722
[2026-08-09T09:40:01] SAMPLE t=93s phase=Recovery adaptation=with_ML throughput_gbps=8.3298 latency_ms=65.9385
[2026-08-09T09:40:02] SAMPLE t=94s phase=Recovery adaptation=with_ML throughput_gbps=8.2953 latency_ms=65.864
[2026-08-09T09:40:03] SAMPLE t=95s phase=Recovery adaptation=with_ML throughput_gbps=8.4857 latency_ms=65.3101
[2026-08-09T09:40:04] SAMPLE t=96s phase=Recovery adaptation=with_ML throughput_gbps=8.3266 latency_ms=64.1348
[2026-08-09T09:40:05] SAMPLE t=97s phase=Recovery adaptation=with_ML throughput_gbps=8.2674 latency_ms=65.9777
[2026-08-09T09:40:06] SAMPLE t=98s phase=Recovery adaptation=with_ML throughput_gbps=8.4693 latency_ms=64.9864
[2026-08-09T09:40:07] SAMPLE t=99s phase=Recovery adaptation=with_ML throughput_gbps=8.3703 latency_ms=62.5962
[2026-08-09T09:38:28] SAMPLE t=0s phase=Stable adaptation=without_ML throughput_gbps=8.2386 latency_ms=67.5038
[2026-08-09T09:38:29] SAMPLE t=1s phase=Stable adaptation=without_ML throughput_gbps=7.9369 latency_ms=65.8381
[2026-08-09T09:38:30] SAMPLE t=2s phase=Stable adaptation=without_ML throughput_gbps=7.9201 latency_ms=67.6356
[2026-08-09T09:38:31] SAMPLE t=3s phase=Stable adaptation=without_ML throughput_gbps=7.8369 latency_ms=66.9991
[2026-08-09T09:38:32] SAMPLE t=4s phase=Stable adaptation=without_ML throughput_gbps=8.2924 latency_ms=64.3468
[2026-08-09T09:38:33] SAMPLE t=5s phase=Stable adaptation=without_ML throughput_gbps=7.7663 latency_ms=65.4345
[2026-08-09T09:38:34] SAMPLE t=6s phase=Stable adaptation=without_ML throughput_gbps=8.2176 latency_ms=67.9052
[2026-08-09T09:38:35] SAMPLE t=7s phase=Stable adaptation=without_ML throughput_gbps=8.0857 latency_ms=65.6761
[2026-08-09T09:38:36] SAMPLE t=8s phase=Stable adaptation=without_ML throughput_gbps=8.2146 latency_ms=65.5525
[2026-08-09T09:38:37] SAMPLE t=9s phase=Stable adaptation=without_ML throughput_gbps=8.0085 latency_ms=66.7971
[2026-08-09T09:38:38] SAMPLE t=10s phase=Stable adaptation=without_ML throughput_gbps=7.9297 latency_ms=66.0598
[2026-08-09T09:38:39] SAMPLE t=11s phase=Stable adaptation=without_ML throughput_gbps=7.9067 latency_ms=67.2801
[2026-08-09T09:38:40] SAMPLE t=12s phase=Stable adaptation=without_ML throughput_gbps=8.0245 latency_ms=65.0069
[2026-08-09T09:38:41] SAMPLE t=13s phase=Stable adaptation=without_ML throughput_gbps=8.1637 latency_ms=66.2784
[2026-08-09T09:38:42] SAMPLE t=14s phase=Stable adaptation=without_ML throughput_gbps=7.9868 latency_ms=66.9098
[2026-08-09T09:38:43] SAMPLE t=15s phase=Stable adaptation=without_ML throughput_gbps=7.9133 latency_ms=64.0342
[2026-08-09T09:38:44] SAMPLE t=16s phase=Stable adaptation=without_ML throughput_gbps=7.804 latency_ms=65.3937
[2026-08-09T09:38:45] SAMPLE t=17s phase=Stable adaptation=without_ML throughput_gbps=7.902 latency_ms=65.9252
[2026-08-09T09:38:46] SAMPLE t=18s phase=Stable adaptation=without_ML throughput_gbps=8.1667 latency_ms=67.0421
[2026-08-09T09:38:47] SAMPLE t=19s phase=Stable adaptation=without_ML throughput_gbps=7.5744 latency_ms=64.2598
[2026-08-09T09:38:48] SAMPLE t=20s phase=Congestion adaptation=without_ML throughput_gbps=7.6351 latency_ms=66.2325
[2026-08-09T09:38:49] SAMPLE t=21s phase=Congestion adaptation=without_ML throughput_gbps=7.8711 latency_ms=68.0826
[2026-08-09T09:38:50] SAMPLE t=22s phase=Congestion adaptation=without_ML throughput_gbps=7.9689 latency_ms=66.4783
[2026-08-09T09:38:51] SAMPLE t=23s phase=Congestion adaptation=without_ML throughput_gbps=8.1423 latency_ms=65.8368
[2026-08-09T09:38:52] SAMPLE t=24s phase=Congestion adaptation=without_ML throughput_gbps=8.6129 latency_ms=66.4447
[2026-08-09T09:38:53] SAMPLE t=25s phase=Congestion adaptation=without_ML throughput_gbps=7.835 latency_ms=66.2718
[2026-08-09T09:38:54] SAMPLE t=26s phase=Congestion adaptation=without_ML throughput_gbps=7.795 latency_ms=65.8065
[2026-08-09T09:38:55] SAMPLE t=27s phase=Congestion adaptation=without_ML throughput_gbps=7.7371 latency_ms=67.2781
[2026-08-09T09:38:56] SAMPLE t=28s phase=Congestion adaptation=without_ML throughput_gbps=8.2668 latency_ms=63.8927
[2026-08-09T09:38:57] SAMPLE t=29s phase=Congestion adaptation=without_ML throughput_gbps=7.9897 latency_ms=66.1259
[2026-08-09T09:38:58] SAMPLE t=30s phase=Congestion adaptation=without_ML throughput_gbps=8.3232 latency_ms=62.836
[2026-08-09T09:38:59] SAMPLE t=31s phase=Congestion adaptation=without_ML throughput_gbps=7.9974 latency_ms=66.9586
[2026-08-09T09:39:00] SAMPLE t=32s phase=Congestion adaptation=without_ML throughput_gbps=7.6696 latency_ms=66.9916
[2026-08-09T09:39:01] SAMPLE t=33s phase=Congestion adaptation=without_ML throughput_gbps=7.9672 latency_ms=65.9302
[2026-08-09T09:39:02] SAMPLE t=34s phase=Congestion adaptation=without_ML throughput_gbps=8.1723 latency_ms=65.345
[2026-08-09T09:39:03] SAMPLE t=35s phase=Congestion adaptation=without_ML throughput_gbps=7.5102 latency_ms=65.6853
[2026-08-09T09:39:04] SAMPLE t=36s phase=Congestion adaptation=without_ML throughput_gbps=8.2201 latency_ms=65.4985
[2026-08-09T09:39:05] SAMPLE t=37s phase=Congestion adaptation=without_ML throughput_gbps=8.1405 latency_ms=66.0855
[2026-08-09T09:39:06] SAMPLE t=38s phase=Congestion adaptation=without_ML throughput_gbps=8.3266 latency_ms=64.9175
[2026-08-09T09:39:07] SAMPLE t=39s phase=Congestion adaptation=without_ML throughput_gbps=8.1136 latency_ms=65.0171
[2026-08-09T09:39:08] SAMPLE t=40s phase=Path_change adaptation=without_ML throughput_gbps=8.1219 latency_ms=65.9024
[2026-08-09T09:39:09] SAMPLE t=41s phase=Path_change adaptation=without_ML throughput_gbps=7.7871 latency_ms=66.1098
[2026-08-09T09:39:10] SAMPLE t=42s phase=Path_change adaptation=without_ML throughput_gbps=7.6686 latency_ms=67.9647
[2026-08-09T09:39:11] SAMPLE t=43s phase=Path_change adaptation=without_ML throughput_gbps=7.2338 latency_ms=72.8054
[2026-08-09T09:39:12] SAMPLE t=44s phase=Path_change adaptation=without_ML throughput_gbps=6.1168 latency_ms=70.6202
[2026-08-09T09:39:13] SAMPLE t=45s phase=Path_change adaptation=without_ML throughput_gbps=6.3493 latency_ms=70.7613
[2026-08-09T09:39:14] SAMPLE t=46s phase=Path_change adaptation=without_ML throughput_gbps=5.7997 latency_ms=71.9938
[2026-08-09T09:39:15] SAMPLE t=47s phase=Path_change adaptation=without_ML throughput_gbps=6.0123 latency_ms=72.803
[2026-08-09T09:39:16] SAMPLE t=48s phase=Path_change adaptation=without_ML throughput_gbps=5.9041 latency_ms=70.4692
[2026-08-09T09:39:17] SAMPLE t=49s phase=Path_change adaptation=without_ML throughput_gbps=5.8431 latency_ms=71.934
[2026-08-09T09:39:18] SAMPLE t=50s phase=Path_change adaptation=without_ML throughput_gbps=5.8108 latency_ms=70.1223
[2026-08-09T09:39:19] SAMPLE t=51s phase=Path_change adaptation=without_ML throughput_gbps=5.7856 latency_ms=71.8265
[2026-08-09T09:39:20] SAMPLE t=52s phase=Path_change adaptation=without_ML throughput_gbps=5.9747 latency_ms=72.5207
[2026-08-09T09:39:21] SAMPLE t=53s phase=Path_change adaptation=without_ML throughput_gbps=5.7937 latency_ms=74.0682
[2026-08-09T09:39:22] SAMPLE t=54s phase=Path_change adaptation=without_ML throughput_gbps=6.1612 latency_ms=72.735
[2026-08-09T09:39:23] SAMPLE t=55s phase=Path_change adaptation=without_ML throughput_gbps=6.2274 latency_ms=68.9325
[2026-08-09T09:39:24] SAMPLE t=56s phase=Path_change adaptation=without_ML throughput_gbps=6.8101 latency_ms=70.5603
[2026-08-09T09:39:25] SAMPLE t=57s phase=Path_change adaptation=without_ML throughput_gbps=7.1154 latency_ms=69.2341
[2026-08-09T09:39:26] SAMPLE t=58s phase=Path_change adaptation=without_ML throughput_gbps=7.2416 latency_ms=67.9662
[2026-08-09T09:39:27] SAMPLE t=59s phase=Path_change adaptation=without_ML throughput_gbps=7.7081 latency_ms=67.2597
[2026-08-09T09:39:28] SAMPLE t=60s phase=Loss_spike adaptation=without_ML throughput_gbps=6.7431 latency_ms=68.9317
[2026-08-09T09:39:29] SAMPLE t=61s phase=Loss_spike adaptation=without_ML throughput_gbps=8.2019 latency_ms=80.331
[2026-08-09T09:39:30] SAMPLE t=62s phase=Loss_spike adaptation=without_ML throughput_gbps=7.7772 latency_ms=77.4205
[2026-08-09T09:39:31] SAMPLE t=63s phase=Loss_spike adaptation=without_ML throughput_gbps=4.6486 latency_ms=76.1086
[2026-08-09T09:39:32] SAMPLE t=64s phase=Loss_spike adaptation=without_ML throughput_gbps=4.0274 latency_ms=79.8737
[2026-08-09T09:39:33] SAMPLE t=65s phase=Loss_spike adaptation=without_ML throughput_gbps=6.2669 latency_ms=72.1284
[2026-08-09T09:39:34] SAMPLE t=66s phase=Loss_spike adaptation=without_ML throughput_gbps=8.4148 latency_ms=82.3063
[2026-08-09T09:39:35] SAMPLE t=67s phase=Loss_spike adaptation=without_ML throughput_gbps=7.5152 latency_ms=77.2417
[2026-08-09T09:39:36] SAMPLE t=68s phase=Loss_spike adaptation=without_ML throughput_gbps=4.8606 latency_ms=74.769
[2026-08-09T09:39:37] SAMPLE t=69s phase=Loss_spike adaptation=without_ML throughput_gbps=3.9431 latency_ms=80.382
[2026-08-09T09:39:38] SAMPLE t=70s phase=Loss_spike adaptation=without_ML throughput_gbps=5.9342 latency_ms=71.7929
[2026-08-09T09:39:39] SAMPLE t=71s phase=Loss_spike adaptation=without_ML throughput_gbps=8.4691 latency_ms=78.5515
[2026-08-09T09:39:40] SAMPLE t=72s phase=Loss_spike adaptation=without_ML throughput_gbps=7.3416 latency_ms=78.7996
[2026-08-09T09:39:41] SAMPLE t=73s phase=Loss_spike adaptation=without_ML throughput_gbps=4.8867 latency_ms=74.2256
[2026-08-09T09:39:42] SAMPLE t=74s phase=Loss_spike adaptation=without_ML throughput_gbps=4.1362 latency_ms=78.537
[2026-08-09T09:39:43] SAMPLE t=75s phase=Loss_spike adaptation=without_ML throughput_gbps=6.1934 latency_ms=69.1589
[2026-08-09T09:39:44] SAMPLE t=76s phase=Loss_spike adaptation=without_ML throughput_gbps=8.1546 latency_ms=79.8245
[2026-08-09T09:39:45] SAMPLE t=77s phase=Loss_spike adaptation=without_ML throughput_gbps=7.6961 latency_ms=78.543
[2026-08-09T09:39:46] SAMPLE t=78s phase=Loss_spike adaptation=without_ML throughput_gbps=4.6599 latency_ms=75.9924
[2026-08-09T09:39:47] SAMPLE t=79s phase=Loss_spike adaptation=without_ML throughput_gbps=3.9797 latency_ms=78.8389
[2026-08-09T09:39:48] SAMPLE t=80s phase=Recovery adaptation=without_ML throughput_gbps=8.0045 latency_ms=64.3278
[2026-08-09T09:39:49] SAMPLE t=81s phase=Recovery adaptation=without_ML throughput_gbps=8.2329 latency_ms=66.6018
[2026-08-09T09:39:50] SAMPLE t=82s phase=Recovery adaptation=without_ML throughput_gbps=8.1248 latency_ms=67.4526
[2026-08-09T09:39:51] SAMPLE t=83s phase=Recovery adaptation=without_ML throughput_gbps=8.0888 latency_ms=67.2752
[2026-08-09T09:39:52] SAMPLE t=84s phase=Recovery adaptation=without_ML throughput_gbps=7.971 latency_ms=67.16
[2026-08-09T09:39:53] SAMPLE t=85s phase=Recovery adaptation=without_ML throughput_gbps=8.0131 latency_ms=67.4547
[2026-08-09T09:39:54] SAMPLE t=86s phase=Recovery adaptation=without_ML throughput_gbps=8.3508 latency_ms=66.5653
[2026-08-09T09:39:55] SAMPLE t=87s phase=Recovery adaptation=without_ML throughput_gbps=7.7211 latency_ms=65.943
[2026-08-09T09:39:56] SAMPLE t=88s phase=Recovery adaptation=without_ML throughput_gbps=7.9289 latency_ms=65.1745
[2026-08-09T09:39:57] SAMPLE t=89s phase=Recovery adaptation=without_ML throughput_gbps=7.9767 latency_ms=66.1217
[2026-08-09T09:39:58] SAMPLE t=90s phase=Recovery adaptation=without_ML throughput_gbps=8.0378 latency_ms=66.6042
[2026-08-09T09:39:59] SAMPLE t=91s phase=Recovery adaptation=without_ML throughput_gbps=8.006 latency_ms=65.6868
[2026-08-09T09:40:00] SAMPLE t=92s phase=Recovery adaptation=without_ML throughput_gbps=8.1897 latency_ms=67.7627
[2026-08-09T09:40:01] SAMPLE t=93s phase=Recovery adaptation=without_ML throughput_gbps=7.6613 latency_ms=66.3737
[2026-08-09T09:40:02] SAMPLE t=94s phase=Recovery adaptation=without_ML throughput_gbps=8.1663 latency_ms=62.5205
[2026-08-09T09:40:03] SAMPLE t=95s phase=Recovery adaptation=without_ML throughput_gbps=7.691 latency_ms=67.1781
[2026-08-09T09:40:04] SAMPLE t=96s phase=Recovery adaptation=without_ML throughput_gbps=8.0084 latency_ms=64.5945
[2026-08-09T09:40:05] SAMPLE t=97s phase=Recovery adaptation=without_ML throughput_gbps=7.8116 latency_ms=67.8683
[2026-08-09T09:40:06] SAMPLE t=98s phase=Recovery adaptation=without_ML throughput_gbps=7.8715 latency_ms=64.1634
[2026-08-09T09:40:07] SAMPLE t=99s phase=Recovery adaptation=without_ML throughput_gbps=8.044 latency_ms=66.0486
[2026-08-09T09:38:28] TRACE_END run_id=47 status=OK
