[2026-08-08T05:44:41] TRACE_START run_id=34
[2026-08-08T05:44:41] SAMPLE t=0s phase=Stable adaptation=with_ML throughput_gbps=8.2352 latency_ms=64.1669
[2026-08-08T05:44:42] SAMPLE t=1s phase=Stable adaptation=with_ML throughput_gbps=8.0035 latency_ms=64.9556
[2026-08-08T05:44:43] SAMPLE t=2s phase=Stable adaptation=with_ML throughput_gbps=8.296 latency_ms=66.356
[2026-08-08T05:44:44] SAMPLE t=3s phase=Stable adaptation=with_ML throughput_gbps=7.953 latency_ms=66.6619
[2026-08-08T05:44:45] SAMPLE t=4s phase=Stable adaptation=with_ML throughput_gbps=7.8056 latency_ms=64.2204
[2026-08-08T05:44:46] SAMPLE t=5s phase=Stable adaptation=with_ML throughput_gbps=8.0118 latency_ms=66.6909
[2026-08-08T05:44:47] SAMPLE t=6s phase=Stable adaptation=with_ML throughput_gbps=7.7872 latency_ms=66.7961
[2026-08-08T05:44:48] SAMPLE t=7s phase=Stable adaptation=with_ML throughput_gbps=8.2159 latency_ms=65.3519
[2026-08-08T05:44:49] SAMPLE t=8s phase=Stable adaptation=with_ML throughput_gbps=8.278 latency_ms=66.9525
[2026-08-08T05:44:50] SAMPLE t=9s phase=Stable adaptation=with_ML throughput_gbps=8.1797 latency_ms=69.5296
[2026-08-08T05:44:51] SAMPLE t=10s phase=Stable adaptation=with_ML throughput_gbps=8.2001 latency_ms=65.3208
[2026-08-08T05:44:52] SAMPLE t=11s phase=Stable adaptation=with_ML throughput_gbps=8.0429 latency_ms=66.4666
[2026-08-08T05:44:53] SAMPLE t=12s phase=Stable adaptation=with_ML throughput_gbps=8.1012 latency_ms=68.896
[2026-08-08T05:44:54] SAMPLE t=13s phase=Stable adaptation=with_ML throughput_gbps=8.1146 latency_ms=64.966
[2026-08-08T05:44:55] SAMPLE t=14s phase=Stable adaptation=with_ML throughput_gbps=8.315 latency_ms=67.3023
[2026-08-08T05:44:56] SAMPLE t=15s phase=Stable adaptation=with_ML throughput_gbps=7.9526 latency_ms=66.5274
[2026-08-08T05:44:57] SAMPLE t=16s phase=Stable adaptation=with_ML throughput_gbps=8.2999 latency_ms=66.8731
[2026-08-08T05:44:58] SAMPLE t=17s phase=Stable adaptation=with_ML throughput_gbps=8.234 latency_ms=66.6645
[2026-08-08T05:44:59] SAMPLE t=18s phase=Stable adaptation=with_ML throughput_gbps=8.5712 latency_ms=67.093
[2026-08-08T05:45:00] SAMPLE t=19s phase=Stable adaptation=with_ML throughput_gbps=8.2944 latency_ms=66.3099
[2026-08-08T05:45:01] SAMPLE t=20s phase=Congestion adaptation=with_ML throughput_gbps=7.9264 latency_ms=67.5447
[2026-08-08T05:45:02] SAMPLE t=21s phase=Congestion adaptation=with_ML throughput_gbps=8.2454 latency_ms=67.1804
[2026-08-08T05:45:03] SAMPLE t=22s phase=Congestion adaptation=with_ML throughput_gbps=8.3698 latency_ms=67.464
[2026-08-08T05:45:04] SAMPLE t=23s phase=Congestion adaptation=with_ML throughput_gbps=8.3485 latency_ms=68.4371
[2026-08-08T05:45:05] SAMPLE t=24s phase=Congestion adaptation=with_ML throughput_gbps=8.0362 latency_ms=65.1854
[2026-08-08T05:45:06] SAMPLE t=25s phase=Congestion adaptation=with_ML throughput_gbps=8.0727 latency_ms=66.5702
[2026-08-08T05:45:07] SAMPLE t=26s phase=Congestion adaptation=with_ML throughput_gbps=8.5195 latency_ms=64.5687
[2026-08-08T05:45:08] SAMPLE t=27s phase=Congestion adaptation=with_ML throughput_gbps=7.8536 latency_ms=66.228
[2026-08-08T05:45:09] SAMPLE t=28s phase=Congestion adaptation=with_ML throughput_gbps=7.8489 latency_ms=66.1151
[2026-08-08T05:45:10] SAMPLE t=29s phase=Congestion adaptation=with_ML throughput_gbps=8.1533 latency_ms=65.9091
[2026-08-08T05:45:11] SAMPLE t=30s phase=Congestion adaptation=with_ML throughput_gbps=8.1967 latency_ms=65.2486
[2026-08-08T05:45:12] SAMPLE t=31s phase=Congestion adaptation=with_ML throughput_gbps=8.3851 latency_ms=66.3311
[2026-08-08T05:45:13] SAMPLE t=32s phase=Congestion adaptation=with_ML throughput_gbps=8.2597 latency_ms=67.6904
[2026-08-08T05:45:14] SAMPLE t=33s phase=Congestion adaptation=with_ML throughput_gbps=8.0995 latency_ms=67.0366
[2026-08-08T05:45:15] SAMPLE t=34s phase=Congestion adaptation=with_ML throughput_gbps=8.2869 latency_ms=64.8154
[2026-08-08T05:45:16] SAMPLE t=35s phase=Congestion adaptation=with_ML throughput_gbps=7.9085 latency_ms=66.952
[2026-08-08T05:45:17] SAMPLE t=36s phase=Congestion adaptation=with_ML throughput_gbps=8.2179 latency_ms=69.9615
[2026-08-08T05:45:18] SAMPLE t=37s phase=Congestion adaptation=with_ML throughput_gbps=8.0307 latency_ms=65.8551
[2026-08-08T05:45:19] SAMPLE t=38s phase=Congestion adaptation=with_ML throughput_gbps=8.4095 latency_ms=67.0759
[2026-08-08T05:45:20] SAMPLE t=39s phase=Congestion adaptation=with_ML throughput_gbps=8.0037 latency_ms=67.9865
[2026-08-08T05:45:21] SAMPLE t=40s phase=Path_change adaptation=with_ML throughput_gbps=8.2089 latency_ms=66.9445
[2026-08-08T05:45:22] SAMPLE t=41s phase=Path_change adaptation=with_ML throughput_gbps=8.11 latency_ms=65.9585
[2026-08-08T05:45:23] SAMPLE t=42s phase=Path_change adaptation=with_ML throughput_gbps=7.8428 latency_ms=67.8192
[2026-08-08T05:45:24] SAMPLE t=43s phase=Path_change adaptation=with_ML throughput_gbps=7.6406 latency_ms=66.6904
[2026-08-08T05:45:25] SAMPLE t=44s phase=Path_change adaptation=with_ML throughput_gbps=7.4626 latency_ms=67.0108
[2026-08-08T05:45:26] SAMPLE t=45s phase=Path_change adaptation=with_ML throughput_gbps=7.406 latency_ms=68.2337
[2026-08-08T05:45:27] SAMPLE t=46s phase=Path_change adaptation=with_ML throughput_gbps=7.9529 latency_ms=66.8305
[2026-08-08T05:45:28] SAMPLE t=47s phase=Path_change adaptation=with_ML throughput_gbps=7.0695 latency_ms=68.0672
[2026-08-08T05:45:29] SAMPLE t=48s phase=Path_change adaptation=with_ML throughput_gbps=7.4539 latency_ms=69.3253
[2026-08-08T05:45:30] SAMPLE t=49s phase=Path_change adaptation=with_ML throughput_gbps=6.9666 latency_ms=67.6134
[2026-08-08T05:45:31] SAMPLE t=50s phase=Path_change adaptation=with_ML throughput_gbps=6.9231 latency_ms=70.618
[2026-08-08T05:45:32] SAMPLE t=51s phase=Path_change adaptation=with_ML throughput_gbps=7.2172 latency_ms=67.5576
[2026-08-08T05:45:33] SAMPLE t=52s phase=Path_change adaptation=with_ML throughput_gbps=7.0582 latency_ms=67.5295
[2026-08-08T05:45:34] SAMPLE t=53s phase=Path_change adaptation=with_ML throughput_gbps=7.5591 latency_ms=69.4536
[2026-08-08T05:45:35] SAMPLE t=54s phase=Path_change adaptation=with_ML throughput_gbps=7.0295 latency_ms=68.1972
[2026-08-08T05:45:36] SAMPLE t=55s phase=Path_change adaptation=with_ML throughput_gbps=7.8576 latency_ms=66.2068
[2026-08-08T05:45:37] SAMPLE t=56s phase=Path_change adaptation=with_ML throughput_gbps=7.5389 latency_ms=68.2175
[2026-08-08T05:45:38] SAMPLE t=57s phase=Path_change adaptation=with_ML throughput_gbps=7.9224 latency_ms=68.9563
[2026-08-08T05:45:39] SAMPLE t=58s phase=Path_change adaptation=with_ML throughput_gbps=7.7748 latency_ms=66.4266
[2026-08-08T05:45:40] SAMPLE t=59s phase=Path_change adaptation=with_ML throughput_gbps=7.9823 latency_ms=67.2802
[2026-08-08T05:45:41] SAMPLE t=60s phase=Loss_spike adaptation=with_ML throughput_gbps=7.2419 latency_ms=69.1745
[2026-08-08T05:45:42] SAMPLE t=61s phase=Loss_spike adaptation=with_ML throughput_gbps=8.3498 latency_ms=68.4776
[2026-08-08T05:45:43] SAMPLE t=62s phase=Loss_spike adaptation=with_ML throughput_gbps=8.1914 latency_ms=69.3623
[2026-08-08T05:45:44] SAMPLE t=63s phase=Loss_spike adaptation=with_ML throughput_gbps=6.3066 latency_ms=71.9828
[2026-08-08T05:45:45] SAMPLE t=64s phase=Loss_spike adaptation=with_ML throughput_gbps=6.0014 latency_ms=70.1685
[2026-08-08T05:45:46] SAMPLE t=65s phase=Loss_spike adaptation=with_ML throughput_gbps=7.0506 latency_ms=69.5987
[2026-08-08T05:45:47] SAMPLE t=66s phase=Loss_spike adaptation=with_ML throughput_gbps=8.0205 latency_ms=72.5132
[2026-08-08T05:45:48] SAMPLE t=67s phase=Loss_spike adaptation=with_ML throughput_gbps=8.2314 latency_ms=66.0139
[2026-08-08T05:45:49] SAMPLE t=68s phase=Loss_spike adaptation=with_ML throughput_gbps=6.3724 latency_ms=70.4759
[2026-08-08T05:45:50] SAMPLE t=69s phase=Loss_spike adaptation=with_ML throughput_gbps=6.3701 latency_ms=68.0607
[2026-08-08T05:45:51] SAMPLE t=70s phase=Loss_spike adaptation=with_ML throughput_gbps=7.5032 latency_ms=68.8802
[2026-08-08T05:45:52] SAMPLE t=71s phase=Loss_spike adaptation=with_ML throughput_gbps=8.2236 latency_ms=71.0846
[2026-08-08T05:45:53] SAMPLE t=72s phase=Loss_spike adaptation=with_ML throughput_gbps=7.9384 latency_ms=68.604
[2026-08-08T05:45:54] SAMPLE t=73s phase=Loss_spike adaptation=with_ML throughput_gbps=6.1829 latency_ms=69.5598
[2026-08-08T05:45:55] SAMPLE t=74s phase=Loss_spike adaptation=with_ML throughput_gbps=6.3009 latency_ms=70.6737
[2026-08-08T05:45:56] SAMPLE t=75s phase=Loss_spike adaptation=with_ML throughput_gbps=6.6887 latency_ms=65.3243
[2026-08-08T05:45:57] SAMPLE t=76s phase=Loss_spike adaptation=with_ML throughput_gbps=8.6835 latency_ms=72.1367
[2026-08-08T05:45:58] SAMPLE t=77s phase=Loss_spike adaptation=with_ML throughput_gbps=8.0205 latency_ms=71.6334
[2026-08-08T05:45:59] SAMPLE t=78s phase=Loss_spike adaptation=with_ML throughput_gbps=6.7527 latency_ms=70.0836
[2026-08-08T05:46:00] SAMPLE t=79s phase=Loss_spike adaptation=with_ML throughput_gbps=6.2005 latency_ms=70.0984
[2026-08-08T05:46:01] SAMPLE t=80s phase=Recovery adaptation=with_ML throughput_gbps=7.8312 latency_ms=65.8332
[2026-08-08T05:46:02] SAMPLE t=81s phase=Recovery adaptation=with_ML throughput_gbps=8.0048 latency_ms=65.3142
[2026-08-08T05:46:03] SAMPLE t=82s phase=Recovery adaptation=with_ML throughput_gbps=8.0501 latency_ms=66.4952
[2026-08-08T05:46:04] SAMPLE t=83s phase=Recovery adaptation=with_ML throughput_gbps=8.1055 latency_ms=66.2041
[2026-08-08T05:46:05] SAMPLE t=84s phase=Recovery adaptation=with_ML throughput_gbps=8.1491 latency_ms=64.5247
[2026-08-08T05:46:06] SAMPLE t=85s phase=Recovery adaptation=with_ML throughput_gbps=8.2311 latency_ms=66.2685
[2026-08-08T05:46:07] SAMPLE t=86s phase=Recovery adaptation=with_ML throughput_gbps=8.4221 latency_ms=65.3004
[2026-08-08T05:46:08] SAMPLE t=87s phase=Recovery adaptation=with_ML throughput_gbps=8.0308 latency_ms=66.0466
[2026-08-08T05:46:09] SAMPLE t=88s phase=Recovery adaptation=with_ML throughput_gbps=7.8125 latency_ms=67.4908
[2026-08-08T05:46:10] SAMPLE t=89s phase=Recovery adaptation=with_ML throughput_gbps=8.1668 latency_ms=66.8839
[2026-08-08T05:46:11] SAMPLE t=90s phase=Recovery adaptation=with_ML throughput_gbps=8.1459 latency_ms=65.265
[2026-08-08T05:46:12] SAMPLE t=91s phase=Recovery adaptation=with_ML throughput_gbps=8.7103 latency_ms=65.3794
[2026-08-08T05:46:13] SAMPLE t=92s phase=Recovery adaptation=with_ML throughput_gbps=8.1748 latency_ms=64.9299
[2026-08-08T05:46:14] SAMPLE t=93s phase=Recovery adaptation=with_ML throughput_gbps=8.488 latency_ms=66.4496
[2026-08-08T05:46:15] SAMPLE t=94s phase=Recovery adaptation=with_ML throughput_gbps=8.5185 latency_ms=66.9114
[2026-08-08T05:46:16] SAMPLE t=95s phase=Recovery adaptation=with_ML throughput_gbps=8.2209 latency_ms=66.0078
[2026-08-08T05:46:17] SAMPLE t=96s phase=Recovery adaptation=with_ML throughput_gbps=8.1825 latency_ms=66.9826
[2026-08-08T05:46:18] SAMPLE t=97s phase=Recovery adaptation=with_ML throughput_gbps=8.4624 latency_ms=65.917
[2026-08-08T05:46:19] SAMPLE t=98s phase=Recovery adaptation=with_ML throughput_gbps=8.585 latency_ms=64.6014
[2026-08-08T05:46:20] SAMPLE t=99s phase=Recovery adaptation=with_ML throughput_gbps=8.4052 latency_ms=64.4233
[2026-08-08T05:44:41] SAMPLE t=0s phase=Stable adaptation=without_ML throughput_gbps=7.4365 latency_ms=66.7885
[2026-08-08T05:44:42] SAMPLE t=1s phase=Stable adaptation=without_ML throughput_gbps=7.5714 latency_ms=67.1745
[2026-08-08T05:44:43] SAMPLE t=2s phase=Stable adaptation=without_ML throughput_gbps=7.8856 latency_ms=64.8847
[2026-08-08T05:44:44] SAMPLE t=3s phase=Stable adaptation=without_ML throughput_gbps=7.7901 latency_ms=64.5826
[2026-08-08T05:44:45] SAMPLE t=4s phase=Stable adaptation=without_ML throughput_gbps=8.3414 latency_ms=65.3878
[2026-08-08T05:44:46] SAMPLE t=5s phase=Stable adaptation=without_ML throughput_gbps=8.0606 latency_ms=65.2587
[2026-08-08T05:44:47] SAMPLE t=6s phase=Stable adaptation=without_ML throughput_gbps=7.9162 latency_ms=64.5651
[2026-08-08T05:44:48] SAMPLE t=7s phase=Stable adaptation=without_ML throughput_gbps=7.889 latency_ms=66.4372
[2026-08-08T05:44:49] SAMPLE t=8s phase=Stable adaptation=without_ML throughput_gbps=7.5663 latency_ms=65.416
[2026-08-08T05:44:50] SAMPLE t=9s phase=Stable adaptation=without_ML throughput_gbps=8.2729 latency_ms=64.3618
[2026-08-08T05:44:51] SAMPLE t=10s phase=Stable adaptation=without_ML throughput_gbps=7.7713 latency_ms=65.9076
[2026-08-08T05:44:52] SAMPLE t=11s phase=Stable adaptation=without_ML throughput_gbps=8.2052 latency_ms=67.5227
[2026-08-08T05:44:53] SAMPLE t=12s phase=Stable adaptation=without_ML throughput_gbps=7.8475 latency_ms=66.5758
[2026-08-08T05:44:54] SAMPLE t=13s phase=Stable adaptation=without_ML throughput_gbps=8.0179 latency_ms=63.5196
[2026-08-08T05:44:55] SAMPLE t=14s phase=Stable adaptation=without_ML throughput_gbps=8.2236 latency_ms=65.2256
[2026-08-08T05:44:56] SAMPLE t=15s phase=Stable adaptation=without_ML throughput_gbps=8.1278 latency_ms=67.922
[2026-08-08T05:44:57] SAMPLE t=16s phase=Stable adaptation=without_ML throughput_gbps=8.2231 latency_ms=65.4552
[2026-08-08T05:44:58] SAMPLE t=17s phase=Stable adaptation=without_ML throughput_gbps=7.9745 latency_ms=67.9854
[2026-08-08T05:44:59] SAMPLE t=18s phase=Stable adaptation=without_ML throughput_gbps=7.8288 latency_ms=67.2611
[2026-08-08T05:45:00] SAMPLE t=19s phase=Stable adaptation=without_ML throughput_gbps=8.1489 latency_ms=66.4402
[2026-08-08T05:45:01] SAMPLE t=20s phase=Congestion adaptation=without_ML throughput_gbps=7.9814 latency_ms=65.4712
[2026-08-08T05:45:02] SAMPLE t=21s phase=Congestion adaptation=without_ML throughput_gbps=8.0143 latency_ms=65.7831
[2026-08-08T05:45:03] SAMPLE t=22s phase=Congestion adaptation=without_ML throughput_gbps=8.2259 latency_ms=65.9767
[2026-08-08T05:45:04] SAMPLE t=23s phase=Congestion adaptation=without_ML throughput_gbps=7.7135 latency_ms=66.4007
[2026-08-08T05:45:05] SAMPLE t=24s phase=Congestion adaptation=without_ML throughput_gbps=7.7795 latency_ms=66.7357
[2026-08-08T05:45:06] SAMPLE t=25s phase=Congestion adaptation=without_ML throughput_gbps=8.0447 latency_ms=66.0317
[2026-08-08T05:45:07] SAMPLE t=26s phase=Congestion adaptation=without_ML throughput_gbps=7.8865 latency_ms=65.522
[2026-08-08T05:45:08] SAMPLE t=27s phase=Congestion adaptation=without_ML throughput_gbps=8.2328 latency_ms=66.9374
[2026-08-08T05:45:09] SAMPLE t=28s phase=Congestion adaptation=without_ML throughput_gbps=7.8507 latency_ms=67.1778
[2026-08-08T05:45:10] SAMPLE t=29s phase=Congestion adaptation=without_ML throughput_gbps=8.1024 latency_ms=65.9248
[2026-08-08T05:45:11] SAMPLE t=30s phase=Congestion adaptation=without_ML throughput_gbps=8.0575 latency_ms=65.239
[2026-08-08T05:45:12] SAMPLE t=31s phase=Congestion adaptation=without_ML throughput_gbps=7.978 latency_ms=66.682
[2026-08-08T05:45:13] SAMPLE t=32s phase=Congestion adaptation=without_ML throughput_gbps=8.1534 latency_ms=64.9598
[2026-08-08T05:45:14] SAMPLE t=33s phase=Congestion adaptation=without_ML throughput_gbps=8.5329 latency_ms=66.9259
[2026-08-08T05:45:15] SAMPLE t=34s phase=Congestion adaptation=without_ML throughput_gbps=7.6609 latency_ms=66.681
[2026-08-08T05:45:16] SAMPLE t=35s phase=Congestion adaptation=without_ML throughput_gbps=7.4805 latency_ms=66.5435
[2026-08-08T05:45:17] SAMPLE t=36s phase=Congestion adaptation=without_ML throughput_gbps=7.7737 latency_ms=65.5091
[2026-08-08T05:45:18] SAMPLE t=37s phase=Congestion adaptation=without_ML throughput_gbps=8.4431 latency_ms=65.6518
[2026-08-08T05:45:19] SAMPLE t=38s phase=Congestion adaptation=without_ML throughput_gbps=8.3192 latency_ms=65.7242
[2026-08-08T05:45:20] SAMPLE t=39s phase=Congestion adaptation=without_ML throughput_gbps=7.8075 latency_ms=67.7294
[2026-08-08T05:45:21] SAMPLE t=40s phase=Path_change adaptation=without_ML throughput_gbps=7.3915 latency_ms=66.4395
[2026-08-08T05:45:22] SAMPLE t=41s phase=Path_change adaptation=without_ML throughput_gbps=7.4564 latency_ms=66.3828
[2026-08-08T05:45:23] SAMPLE t=42s phase=Path_change adaptation=without_ML throughput_gbps=7.2649 latency_ms=69.4095
[2026-08-08T05:45:24] SAMPLE t=43s phase=Path_change adaptation=without_ML throughput_gbps=7.1983 latency_ms=69.7941
[2026-08-08T05:45:25] SAMPLE t=44s phase=Path_change adaptation=without_ML throughput_gbps=6.9452 latency_ms=70.4128
[2026-08-08T05:45:26] SAMPLE t=45s phase=Path_change adaptation=without_ML throughput_gbps=6.5853 latency_ms=73.8723
[2026-08-08T05:45:27] SAMPLE t=46s phase=Path_change adaptation=without_ML throughput_gbps=6.2668 latency_ms=72.7405
[2026-08-08T05:45:28] SAMPLE t=47s phase=Path_change adaptation=without_ML throughput_gbps=5.9929 latency_ms=70.9318
[2026-08-08T05:45:29] SAMPLE t=48s phase=Path_change adaptation=without_ML throughput_gbps=5.5762 latency_ms=72.9282
[2026-08-08T05:45:30] SAMPLE t=49s phase=Path_change adaptation=without_ML throughput_gbps=5.4939 latency_ms=71.9682
[2026-08-08T05:45:31] SAMPLE t=50s phase=Path_change adaptation=without_ML throughput_gbps=5.9106 latency_ms=76.2372
[2026-08-08T05:45:32] SAMPLE t=51s phase=Path_change adaptation=without_ML throughput_gbps=5.8713 latency_ms=73.9574
[2026-08-08T05:45:33] SAMPLE t=52s phase=Path_change adaptation=without_ML throughput_gbps=5.7198 latency_ms=73.6337
[2026-08-08T05:45:34] SAMPLE t=53s phase=Path_change adaptation=without_ML throughput_gbps=6.1078 latency_ms=72.7152
[2026-08-08T05:45:35] SAMPLE t=54s phase=Path_change adaptation=without_ML throughput_gbps=6.1065 latency_ms=70.0482
[2026-08-08T05:45:36] SAMPLE t=55s phase=Path_change adaptation=without_ML throughput_gbps=6.2971 latency_ms=72.0457
[2026-08-08T05:45:37] SAMPLE t=56s phase=Path_change adaptation=without_ML throughput_gbps=6.6459 latency_ms=72.442
[2026-08-08T05:45:38] SAMPLE t=57s phase=Path_change adaptation=without_ML throughput_gbps=7.0156 latency_ms=66.5549
[2026-08-08T05:45:39] SAMPLE t=58s phase=Path_change adaptation=without_ML throughput_gbps=7.3751 latency_ms=66.8354
[2026-08-08T05:45:40] SAMPLE t=59s phase=Path_change adaptation=without_ML throughput_gbps=7.6802 latency_ms=69.9976
[2026-08-08T05:45:41] SAMPLE t=60s phase=Loss_spike adaptation=without_ML throughput_gbps=6.4958 latency_ms=70.2533
[2026-08-08T05:45:42] SAMPLE t=61s phase=Loss_spike adaptation=without_ML throughput_gbps=8.038 latency_ms=78.8365
[2026-08-08T05:45:43] SAMPLE t=62s phase=Loss_spike adaptation=without_ML throughput_gbps=7.3088 latency_ms=78.4433
[2026-08-08T05:45:44] SAMPLE t=63s phase=Loss_spike adaptation=without_ML throughput_gbps=5.0343 latency_ms=75.0663
[2026-08-08T05:45:45] SAMPLE t=64s phase=Loss_spike adaptation=without_ML throughput_gbps=4.0644 latency_ms=78.8356
[2026-08-08T05:45:46] SAMPLE t=65s phase=Loss_spike adaptation=without_ML throughput_gbps=5.842 latency_ms=72.9511
[2026-08-08T05:45:47] SAMPLE t=66s phase=Loss_spike adaptation=without_ML throughput_gbps=8.4415 latency_ms=80.6911
[2026-08-08T05:45:48] SAMPLE t=67s phase=Loss_spike adaptation=without_ML throughput_gbps=7.6776 latency_ms=76.1843
[2026-08-08T05:45:49] SAMPLE t=68s phase=Loss_spike adaptation=without_ML throughput_gbps=4.8403 latency_ms=75.7452
[2026-08-08T05:45:50] SAMPLE t=69s phase=Loss_spike adaptation=without_ML throughput_gbps=4.1747 latency_ms=77.8317
[2026-08-08T05:45:51] SAMPLE t=70s phase=Loss_spike adaptation=without_ML throughput_gbps=5.8199 latency_ms=69.5668
[2026-08-08T05:45:52] SAMPLE t=71s phase=Loss_spike adaptation=without_ML throughput_gbps=8.3285 latency_ms=79.0028
[2026-08-08T05:45:53] SAMPLE t=72s phase=Loss_spike adaptation=without_ML throughput_gbps=7.3666 latency_ms=76.0313
[2026-08-08T05:45:54] SAMPLE t=73s phase=Loss_spike adaptation=without_ML throughput_gbps=4.5961 latency_ms=74.8171
[2026-08-08T05:45:55] SAMPLE t=74s phase=Loss_spike adaptation=without_ML throughput_gbps=4.0213 latency_ms=78.6892
[2026-08-08T05:45:56] SAMPLE t=75s phase=Loss_spike adaptation=without_ML throughput_gbps=6.312 latency_ms=70.6475
[2026-08-08T05:45:57] SAMPLE t=76s phase=Loss_spike adaptation=without_ML throughput_gbps=8.2804 latency_ms=77.521
[2026-08-08T05:45:58] SAMPLE t=77s phase=Loss_spike adaptation=without_ML throughput_gbps=7.3921 latency_ms=72.5387
[2026-08-08T05:45:59] SAMPLE t=78s phase=Loss_spike adaptation=without_ML throughput_gbps=4.8155 latency_ms=75.9087
[2026-08-08T05:46:00] SAMPLE t=79s phase=Loss_spike adaptation=without_ML throughput_gbps=3.9624 latency_ms=81.5374
[2026-08-08T05:46:01] SAMPLE t=80s phase=Recovery adaptation=without_ML throughput_gbps=8.0773 latency_ms=65.7066
[2026-08-08T05:46:02] SAMPLE t=81s phase=Recovery adaptation=without_ML throughput_gbps=8.5046 latency_ms=65.2905
[2026-08-08T05:46:03] SAMPLE t=82s phase=Recovery adaptation=without_ML throughput_gbps=8.2153 latency_ms=63.863
[2026-08-08T05:46:04] SAMPLE t=83s phase=Recovery adaptation=without_ML throughput_gbps=8.2907 latency_ms=65.241
[2026-08-08T05:46:05] SAMPLE t=84s phase=Recovery adaptation=without_ML throughput_gbps=7.7356 latency_ms=64.0528
[2026-08-08T05:46:06] SAMPLE t=85s phase=Recovery adaptation=without_ML throughput_gbps=7.799 latency_ms=66.1539
[2026-08-08T05:46:07] SAMPLE t=86s phase=Recovery adaptation=without_ML throughput_gbps=8.1152 latency_ms=66.5789
[2026-08-08T05:46:08] SAMPLE t=87s phase=Recovery adaptation=without_ML throughput_gbps=8.239 latency_ms=65.6001
[2026-08-08T05:46:09] SAMPLE t=88s phase=Recovery adaptation=without_ML throughput_gbps=8.216 latency_ms=66.454
[2026-08-08T05:46:10] SAMPLE t=89s phase=Recovery adaptation=without_ML throughput_gbps=7.8519 latency_ms=66.5858
[2026-08-08T05:46:11] SAMPLE t=90s phase=Recovery adaptation=without_ML throughput_gbps=8.476 latency_ms=65.0533
[2026-08-08T05:46:12] SAMPLE t=91s phase=Recovery adaptation=without_ML throughput_gbps=8.2633 latency_ms=65.6238
[2026-08-08T05:46:13] SAMPLE t=92s phase=Recovery adaptation=without_ML throughput_gbps=8.0468 latency_ms=67.2137
[2026-08-08T05:46:14] SAMPLE t=93s phase=Recovery adaptation=without_ML throughput_gbps=7.8789 latency_ms=65.5045
[2026-08-08T05:46:15] SAMPLE t=94s phase=Recovery adaptation=without_ML throughput_gbps=7.4309 latency_ms=64.5491
[2026-08-08T05:46:16] SAMPLE t=95s phase=Recovery adaptation=without_ML throughput_gbps=8.3689 latency_ms=62.7879
[2026-08-08T05:46:17] SAMPLE t=96s phase=Recovery adaptation=without_ML throughput_gbps=7.6715 latency_ms=67.5644
[2026-08-08T05:46:18] SAMPLE t=97s phase=Recovery adaptation=without_ML throughput_gbps=7.9286 latency_ms=66.7788
[2026-08-08T05:46:19] SAMPLE t=98s phase=Recovery adaptation=without_ML throughput_gbps=8.3487 latency_ms=64.7649
[2026-08-08T05:46:20] SAMPLE t=99s phase=Recovery adaptation=without_ML throughput_gbps=8.1105 latency_ms=64.8809
[2026-08-08T05:44:41] TRACE_END run_id=34 status=OK
[2026-08-08T05:56:24] TRACE_START run_id=35
[2026-08-08T05:56:24] SAMPLE t=0s phase=Stable adaptation=with_ML throughput_gbps=7.6206 latency_ms=67.1038
[2026-08-08T05:56:25] SAMPLE t=1s phase=Stable adaptation=with_ML throughput_gbps=8.2861 latency_ms=66.5055
[2026-08-08T05:56:26] SAMPLE t=2s phase=Stable adaptation=with_ML throughput_gbps=7.8793 latency_ms=65.5273
[2026-08-08T05:56:27] SAMPLE t=3s phase=Stable adaptation=with_ML throughput_gbps=7.8966 latency_ms=66.1043
[2026-08-08T05:56:28] SAMPLE t=4s phase=Stable adaptation=with_ML throughput_gbps=8.158 latency_ms=66.5779
[2026-08-08T05:56:29] SAMPLE t=5s phase=Stable adaptation=with_ML throughput_gbps=8.1331 latency_ms=66.6638
[2026-08-08T05:56:30] SAMPLE t=6s phase=Stable adaptation=with_ML throughput_gbps=8.3835 latency_ms=64.9165
[2026-08-08T05:56:31] SAMPLE t=7s phase=Stable adaptation=with_ML throughput_gbps=8.1886 latency_ms=65.6121
[2026-08-08T05:56:32] SAMPLE t=8s phase=Stable adaptation=with_ML throughput_gbps=8.3083 latency_ms=67.4719
[2026-08-08T05:56:33] SAMPLE t=9s phase=Stable adaptation=with_ML throughput_gbps=8.156 latency_ms=66.6745
[2026-08-08T05:56:34] SAMPLE t=10s phase=Stable adaptation=with_ML throughput_gbps=8.2562 latency_ms=66.7634
[2026-08-08T05:56:35] SAMPLE t=11s phase=Stable adaptation=with_ML throughput_gbps=8.0181 latency_ms=66.9012
[2026-08-08T05:56:36] SAMPLE t=12s phase=Stable adaptation=with_ML throughput_gbps=7.9784 latency_ms=65.5343
[2026-08-08T05:56:37] SAMPLE t=13s phase=Stable adaptation=with_ML throughput_gbps=8.1779 latency_ms=65.0738
[2026-08-08T05:56:38] SAMPLE t=14s phase=Stable adaptation=with_ML throughput_gbps=8.0014 latency_ms=65.9814
[2026-08-08T05:56:39] SAMPLE t=15s phase=Stable adaptation=with_ML throughput_gbps=8.2158 latency_ms=66.9176
[2026-08-08T05:56:40] SAMPLE t=16s phase=Stable adaptation=with_ML throughput_gbps=7.988 latency_ms=65.8729
[2026-08-08T05:56:41] SAMPLE t=17s phase=Stable adaptation=with_ML throughput_gbps=8.3421 latency_ms=67.7899
[2026-08-08T05:56:42] SAMPLE t=18s phase=Stable adaptation=with_ML throughput_gbps=7.6082 latency_ms=69.6307
[2026-08-08T05:56:43] SAMPLE t=19s phase=Stable adaptation=with_ML throughput_gbps=7.802 latency_ms=67.5183
[2026-08-08T05:56:44] SAMPLE t=20s phase=Congestion adaptation=with_ML throughput_gbps=8.0856 latency_ms=66.54
[2026-08-08T05:56:45] SAMPLE t=21s phase=Congestion adaptation=with_ML throughput_gbps=7.9573 latency_ms=67.1563
[2026-08-08T05:56:46] SAMPLE t=22s phase=Congestion adaptation=with_ML throughput_gbps=8.1246 latency_ms=64.8298
[2026-08-08T05:56:47] SAMPLE t=23s phase=Congestion adaptation=with_ML throughput_gbps=8.1801 latency_ms=66.4534
[2026-08-08T05:56:48] SAMPLE t=24s phase=Congestion adaptation=with_ML throughput_gbps=8.0541 latency_ms=64.272
[2026-08-08T05:56:49] SAMPLE t=25s phase=Congestion adaptation=with_ML throughput_gbps=8.0849 latency_ms=66.46
[2026-08-08T05:56:50] SAMPLE t=26s phase=Congestion adaptation=with_ML throughput_gbps=8.2958 latency_ms=67.6856
[2026-08-08T05:56:51] SAMPLE t=27s phase=Congestion adaptation=with_ML throughput_gbps=8.4206 latency_ms=67.184
[2026-08-08T05:56:52] SAMPLE t=28s phase=Congestion adaptation=with_ML throughput_gbps=7.889 latency_ms=67.5529
[2026-08-08T05:56:53] SAMPLE t=29s phase=Congestion adaptation=with_ML throughput_gbps=8.3374 latency_ms=64.7878
[2026-08-08T05:56:54] SAMPLE t=30s phase=Congestion adaptation=with_ML throughput_gbps=8.0633 latency_ms=65.9586
[2026-08-08T05:56:55] SAMPLE t=31s phase=Congestion adaptation=with_ML throughput_gbps=8.1486 latency_ms=63.7691
[2026-08-08T05:56:56] SAMPLE t=32s phase=Congestion adaptation=with_ML throughput_gbps=8.028 latency_ms=65.1541
[2026-08-08T05:56:57] SAMPLE t=33s phase=Congestion adaptation=with_ML throughput_gbps=7.9941 latency_ms=65.6809
[2026-08-08T05:56:58] SAMPLE t=34s phase=Congestion adaptation=with_ML throughput_gbps=8.0012 latency_ms=65.3024
[2026-08-08T05:56:59] SAMPLE t=35s phase=Congestion adaptation=with_ML throughput_gbps=8.4572 latency_ms=64.8694
[2026-08-08T05:57:00] SAMPLE t=36s phase=Congestion adaptation=with_ML throughput_gbps=8.1991 latency_ms=68.5381
[2026-08-08T05:57:01] SAMPLE t=37s phase=Congestion adaptation=with_ML throughput_gbps=8.0554 latency_ms=66.764
[2026-08-08T05:57:02] SAMPLE t=38s phase=Congestion adaptation=with_ML throughput_gbps=7.783 latency_ms=66.026
[2026-08-08T05:57:03] SAMPLE t=39s phase=Congestion adaptation=with_ML throughput_gbps=7.8933 latency_ms=64.4765
[2026-08-08T05:57:04] SAMPLE t=40s phase=Path_change adaptation=with_ML throughput_gbps=7.827 latency_ms=68.4105
[2026-08-08T05:57:05] SAMPLE t=41s phase=Path_change adaptation=with_ML throughput_gbps=8.1414 latency_ms=64.3961
[2026-08-08T05:57:06] SAMPLE t=42s phase=Path_change adaptation=with_ML throughput_gbps=7.626 latency_ms=66.3674
[2026-08-08T05:57:07] SAMPLE t=43s phase=Path_change adaptation=with_ML throughput_gbps=7.7132 latency_ms=66.0209
[2026-08-08T05:57:08] SAMPLE t=44s phase=Path_change adaptation=with_ML throughput_gbps=7.6797 latency_ms=66.6304
[2026-08-08T05:57:09] SAMPLE t=45s phase=Path_change adaptation=with_ML throughput_gbps=7.4896 latency_ms=66.0934
[2026-08-08T05:57:10] SAMPLE t=46s phase=Path_change adaptation=with_ML throughput_gbps=7.2977 latency_ms=64.9356
[2026-08-08T05:57:11] SAMPLE t=47s phase=Path_change adaptation=with_ML throughput_gbps=7.2362 latency_ms=68.1109
[2026-08-08T05:57:12] SAMPLE t=48s phase=Path_change adaptation=with_ML throughput_gbps=7.1324 latency_ms=68.0819
[2026-08-08T05:57:13] SAMPLE t=49s phase=Path_change adaptation=with_ML throughput_gbps=7.0771 latency_ms=67.9232
[2026-08-08T05:57:14] SAMPLE t=50s phase=Path_change adaptation=with_ML throughput_gbps=7.4538 latency_ms=66.0819
[2026-08-08T05:57:15] SAMPLE t=51s phase=Path_change adaptation=with_ML throughput_gbps=7.2803 latency_ms=66.9585
[2026-08-08T05:57:16] SAMPLE t=52s phase=Path_change adaptation=with_ML throughput_gbps=7.4678 latency_ms=70.7278
[2026-08-08T05:57:17] SAMPLE t=53s phase=Path_change adaptation=with_ML throughput_gbps=7.7495 latency_ms=70.5127
[2026-08-08T05:57:18] SAMPLE t=54s phase=Path_change adaptation=with_ML throughput_gbps=7.3282 latency_ms=68.8757
[2026-08-08T05:57:19] SAMPLE t=55s phase=Path_change adaptation=with_ML throughput_gbps=7.7359 latency_ms=68.8226
[2026-08-08T05:57:20] SAMPLE t=56s phase=Path_change adaptation=with_ML throughput_gbps=7.7976 latency_ms=66.9762
[2026-08-08T05:57:21] SAMPLE t=57s phase=Path_change adaptation=with_ML throughput_gbps=7.803 latency_ms=69.2507
[2026-08-08T05:57:22] SAMPLE t=58s phase=Path_change adaptation=with_ML throughput_gbps=7.6643 latency_ms=68.2789
[2026-08-08T05:57:23] SAMPLE t=59s phase=Path_change adaptation=with_ML throughput_gbps=7.547 latency_ms=65.3614
[2026-08-08T05:57:24] SAMPLE t=60s phase=Loss_spike adaptation=with_ML throughput_gbps=7.4043 latency_ms=68.0804
[2026-08-08T05:57:25] SAMPLE t=61s phase=Loss_spike adaptation=with_ML throughput_gbps=8.3201 latency_ms=73.5381
[2026-08-08T05:57:26] SAMPLE t=62s phase=Loss_spike adaptation=with_ML throughput_gbps=7.9226 latency_ms=71.4442
[2026-08-08T05:57:27] SAMPLE t=63s phase=Loss_spike adaptation=with_ML throughput_gbps=6.6482 latency_ms=72.0334
[2026-08-08T05:57:28] SAMPLE t=64s phase=Loss_spike adaptation=with_ML throughput_gbps=6.1095 latency_ms=72.064
[2026-08-08T05:57:29] SAMPLE t=65s phase=Loss_spike adaptation=with_ML throughput_gbps=7.2176 latency_ms=68.8439
[2026-08-08T05:57:30] SAMPLE t=66s phase=Loss_spike adaptation=with_ML throughput_gbps=7.983 latency_ms=71.5265
[2026-08-08T05:57:31] SAMPLE t=67s phase=Loss_spike adaptation=with_ML throughput_gbps=7.7619 latency_ms=70.6743
[2026-08-08T05:57:32] SAMPLE t=68s phase=Loss_spike adaptation=with_ML throughput_gbps=6.8506 latency_ms=69.9646
[2026-08-08T05:57:33] SAMPLE t=69s phase=Loss_spike adaptation=with_ML throughput_gbps=6.336 latency_ms=71.3345
[2026-08-08T05:57:34] SAMPLE t=70s phase=Loss_spike adaptation=with_ML throughput_gbps=7.4645 latency_ms=69.8564
[2026-08-08T05:57:35] SAMPLE t=71s phase=Loss_spike adaptation=with_ML throughput_gbps=8.68 latency_ms=72.9331
[2026-08-08T05:57:36] SAMPLE t=72s phase=Loss_spike adaptation=with_ML throughput_gbps=7.7471 latency_ms=67.3163
[2026-08-08T05:57:37] SAMPLE t=73s phase=Loss_spike adaptation=with_ML throughput_gbps=6.7534 latency_ms=70.0168
[2026-08-08T05:57:38] SAMPLE t=74s phase=Loss_spike adaptation=with_ML throughput_gbps=6.5035 latency_ms=72.1669
[2026-08-08T05:57:39] SAMPLE t=75s phase=Loss_spike adaptation=with_ML throughput_gbps=7.2995 latency_ms=68.0672
[2026-08-08T05:57:40] SAMPLE t=76s phase=Loss_spike adaptation=with_ML throughput_gbps=8.5201 latency_ms=71.3371
[2026-08-08T05:57:41] SAMPLE t=77s phase=Loss_spike adaptation=with_ML throughput_gbps=8.0083 latency_ms=69.4682
[2026-08-08T05:57:42] SAMPLE t=78s phase=Loss_spike adaptation=with_ML throughput_gbps=6.6763 latency_ms=72.2835
[2026-08-08T05:57:43] SAMPLE t=79s phase=Loss_spike adaptation=with_ML throughput_gbps=6.4245 latency_ms=69.0559
[2026-08-08T05:57:44] SAMPLE t=80s phase=Recovery adaptation=with_ML throughput_gbps=8.0874 latency_ms=64.447
[2026-08-08T05:57:45] SAMPLE t=81s phase=Recovery adaptation=with_ML throughput_gbps=8.0414 latency_ms=64.983
[2026-08-08T05:57:46] SAMPLE t=82s phase=Recovery adaptation=with_ML throughput_gbps=8.3481 latency_ms=65.9206
[2026-08-08T05:57:47] SAMPLE t=83s phase=Recovery adaptation=with_ML throughput_gbps=7.942 latency_ms=65.5415
[2026-08-08T05:57:48] SAMPLE t=84s phase=Recovery adaptation=with_ML throughput_gbps=8.1161 latency_ms=66.9501
[2026-08-08T05:57:49] SAMPLE t=85s phase=Recovery adaptation=with_ML throughput_gbps=8.139 latency_ms=66.2292
[2026-08-08T05:57:50] SAMPLE t=86s phase=Recovery adaptation=with_ML throughput_gbps=8.2918 latency_ms=64.9797
[2026-08-08T05:57:51] SAMPLE t=87s phase=Recovery adaptation=with_ML throughput_gbps=8.0146 latency_ms=64.7386
[2026-08-08T05:57:52] SAMPLE t=88s phase=Recovery adaptation=with_ML throughput_gbps=8.2755 latency_ms=65.4777
[2026-08-08T05:57:53] SAMPLE t=89s phase=Recovery adaptation=with_ML throughput_gbps=8.3561 latency_ms=66.6194
[2026-08-08T05:57:54] SAMPLE t=90s phase=Recovery adaptation=with_ML throughput_gbps=8.2638 latency_ms=66.504
[2026-08-08T05:57:55] SAMPLE t=91s phase=Recovery adaptation=with_ML throughput_gbps=8.4229 latency_ms=64.7458
[2026-08-08T05:57:56] SAMPLE t=92s phase=Recovery adaptation=with_ML throughput_gbps=8.3435 latency_ms=63.8383
[2026-08-08T05:57:57] SAMPLE t=93s phase=Recovery adaptation=with_ML throughput_gbps=8.6488 latency_ms=67.2046
[2026-08-08T05:57:58] SAMPLE t=94s phase=Recovery adaptation=with_ML throughput_gbps=8.3094 latency_ms=67.4734
[2026-08-08T05:57:59] SAMPLE t=95s phase=Recovery adaptation=with_ML throughput_gbps=8.3096 latency_ms=66.0155
[2026-08-08T05:58:00] SAMPLE t=96s phase=Recovery adaptation=with_ML throughput_gbps=8.5697 latency_ms=64.1958
[2026-08-08T05:58:01] SAMPLE t=97s phase=Recovery adaptation=with_ML throughput_gbps=8.6257 latency_ms=65.0386
[2026-08-08T05:58:02] SAMPLE t=98s phase=Recovery adaptation=with_ML throughput_gbps=8.4768 latency_ms=66.0472
[2026-08-08T05:58:03] SAMPLE t=99s phase=Recovery adaptation=with_ML throughput_gbps=8.4612 latency_ms=66.9165
[2026-08-08T05:56:24] SAMPLE t=0s phase=Stable adaptation=without_ML throughput_gbps=8.3256 latency_ms=64.6983
[2026-08-08T05:56:25] SAMPLE t=1s phase=Stable adaptation=without_ML throughput_gbps=7.6591 latency_ms=66.5143
[2026-08-08T05:56:26] SAMPLE t=2s phase=Stable adaptation=without_ML throughput_gbps=7.7607 latency_ms=66.8775
[2026-08-08T05:56:27] SAMPLE t=3s phase=Stable adaptation=without_ML throughput_gbps=7.8152 latency_ms=64.4248
[2026-08-08T05:56:28] SAMPLE t=4s phase=Stable adaptation=without_ML throughput_gbps=8.2112 latency_ms=66.3329
[2026-08-08T05:56:29] SAMPLE t=5s phase=Stable adaptation=without_ML throughput_gbps=7.7497 latency_ms=66.1525
[2026-08-08T05:56:30] SAMPLE t=6s phase=Stable adaptation=without_ML throughput_gbps=8.2782 latency_ms=66.0758
[2026-08-08T05:56:31] SAMPLE t=7s phase=Stable adaptation=without_ML throughput_gbps=7.7404 latency_ms=64.6037
[2026-08-08T05:56:32] SAMPLE t=8s phase=Stable adaptation=without_ML throughput_gbps=8.3263 latency_ms=65.8785
[2026-08-08T05:56:33] SAMPLE t=9s phase=Stable adaptation=without_ML throughput_gbps=8.277 latency_ms=68.0683
[2026-08-08T05:56:34] SAMPLE t=10s phase=Stable adaptation=without_ML throughput_gbps=8.2921 latency_ms=65.2444
[2026-08-08T05:56:35] SAMPLE t=11s phase=Stable adaptation=without_ML throughput_gbps=8.0019 latency_ms=68.0406
[2026-08-08T05:56:36] SAMPLE t=12s phase=Stable adaptation=without_ML throughput_gbps=7.9375 latency_ms=66.053
[2026-08-08T05:56:37] SAMPLE t=13s phase=Stable adaptation=without_ML throughput_gbps=8.2494 latency_ms=65.3467
[2026-08-08T05:56:38] SAMPLE t=14s phase=Stable adaptation=without_ML throughput_gbps=7.99 latency_ms=68.1704
[2026-08-08T05:56:39] SAMPLE t=15s phase=Stable adaptation=without_ML throughput_gbps=7.8467 latency_ms=65.9329
[2026-08-08T05:56:40] SAMPLE t=16s phase=Stable adaptation=without_ML throughput_gbps=8.2839 latency_ms=65.6779
[2026-08-08T05:56:41] SAMPLE t=17s phase=Stable adaptation=without_ML throughput_gbps=7.8849 latency_ms=67.9066
[2026-08-08T05:56:42] SAMPLE t=18s phase=Stable adaptation=without_ML throughput_gbps=7.9919 latency_ms=68.3732
[2026-08-08T05:56:43] SAMPLE t=19s phase=Stable adaptation=without_ML throughput_gbps=7.6553 latency_ms=65.0315
[2026-08-08T05:56:44] SAMPLE t=20s phase=Congestion adaptation=without_ML throughput_gbps=8.2734 latency_ms=65.232
[2026-08-08T05:56:45] SAMPLE t=21s phase=Congestion adaptation=without_ML throughput_gbps=7.9439 latency_ms=66.0556
[2026-08-08T05:56:46] SAMPLE t=22s phase=Congestion adaptation=without_ML throughput_gbps=8.2414 latency_ms=64.9773
[2026-08-08T05:56:47] SAMPLE t=23s phase=Congestion adaptation=without_ML throughput_gbps=7.6625 latency_ms=66.8711
[2026-08-08T05:56:48] SAMPLE t=24s phase=Congestion adaptation=without_ML throughput_gbps=8.2336 latency_ms=64.0403
[2026-08-08T05:56:49] SAMPLE t=25s phase=Congestion adaptation=without_ML throughput_gbps=8.0395 latency_ms=65.594
[2026-08-08T05:56:50] SAMPLE t=26s phase=Congestion adaptation=without_ML throughput_gbps=8.1548 latency_ms=65.3562
[2026-08-08T05:56:51] SAMPLE t=27s phase=Congestion adaptation=without_ML throughput_gbps=8.3398 latency_ms=66.5682
[2026-08-08T05:56:52] SAMPLE t=28s phase=Congestion adaptation=without_ML throughput_gbps=7.811 latency_ms=66.2679
[2026-08-08T05:56:53] SAMPLE t=29s phase=Congestion adaptation=without_ML throughput_gbps=8.1774 latency_ms=64.6349
[2026-08-08T05:56:54] SAMPLE t=30s phase=Congestion adaptation=without_ML throughput_gbps=7.9474 latency_ms=65.5755
[2026-08-08T05:56:55] SAMPLE t=31s phase=Congestion adaptation=without_ML throughput_gbps=8.0328 latency_ms=66.8704
[2026-08-08T05:56:56] SAMPLE t=32s phase=Congestion adaptation=without_ML throughput_gbps=7.8971 latency_ms=66.3499
[2026-08-08T05:56:57] SAMPLE t=33s phase=Congestion adaptation=without_ML throughput_gbps=8.254 latency_ms=65.9659
[2026-08-08T05:56:58] SAMPLE t=34s phase=Congestion adaptation=without_ML throughput_gbps=8.0576 latency_ms=68.2799
[2026-08-08T05:56:59] SAMPLE t=35s phase=Congestion adaptation=without_ML throughput_gbps=8.1431 latency_ms=64.3684
[2026-08-08T05:57:00] SAMPLE t=36s phase=Congestion adaptation=without_ML throughput_gbps=8.0559 latency_ms=64.0429
[2026-08-08T05:57:01] SAMPLE t=37s phase=Congestion adaptation=without_ML throughput_gbps=7.9987 latency_ms=64.725
[2026-08-08T05:57:02] SAMPLE t=38s phase=Congestion adaptation=without_ML throughput_gbps=8.0566 latency_ms=66.2396
[2026-08-08T05:57:03] SAMPLE t=39s phase=Congestion adaptation=without_ML throughput_gbps=7.5281 latency_ms=67.0466
[2026-08-08T05:57:04] SAMPLE t=40s phase=Path_change adaptation=without_ML throughput_gbps=8.0453 latency_ms=65.9451
[2026-08-08T05:57:05] SAMPLE t=41s phase=Path_change adaptation=without_ML throughput_gbps=7.8631 latency_ms=64.7559
[2026-08-08T05:57:06] SAMPLE t=42s phase=Path_change adaptation=without_ML throughput_gbps=6.9194 latency_ms=68.5509
[2026-08-08T05:57:07] SAMPLE t=43s phase=Path_change adaptation=without_ML throughput_gbps=7.1372 latency_ms=70.5116
[2026-08-08T05:57:08] SAMPLE t=44s phase=Path_change adaptation=without_ML throughput_gbps=6.4406 latency_ms=69.6353
[2026-08-08T05:57:09] SAMPLE t=45s phase=Path_change adaptation=without_ML throughput_gbps=6.0626 latency_ms=72.2997
[2026-08-08T05:57:10] SAMPLE t=46s phase=Path_change adaptation=without_ML throughput_gbps=6.2941 latency_ms=71.3492
[2026-08-08T05:57:11] SAMPLE t=47s phase=Path_change adaptation=without_ML throughput_gbps=5.776 latency_ms=73.6666
[2026-08-08T05:57:12] SAMPLE t=48s phase=Path_change adaptation=without_ML throughput_gbps=6.1059 latency_ms=71.1356
[2026-08-08T05:57:13] SAMPLE t=49s phase=Path_change adaptation=without_ML throughput_gbps=5.8257 latency_ms=76.091
[2026-08-08T05:57:14] SAMPLE t=50s phase=Path_change adaptation=without_ML throughput_gbps=5.8149 latency_ms=72.8311
[2026-08-08T05:57:15] SAMPLE t=51s phase=Path_change adaptation=without_ML throughput_gbps=5.7421 latency_ms=73.1093
[2026-08-08T05:57:16] SAMPLE t=52s phase=Path_change adaptation=without_ML throughput_gbps=5.5558 latency_ms=71.1223
[2026-08-08T05:57:17] SAMPLE t=53s phase=Path_change adaptation=without_ML throughput_gbps=5.9538 latency_ms=71.2649
[2026-08-08T05:57:18] SAMPLE t=54s phase=Path_change adaptation=without_ML throughput_gbps=6.2043 latency_ms=71.0285
[2026-08-08T05:57:19] SAMPLE t=55s phase=Path_change adaptation=without_ML throughput_gbps=6.0599 latency_ms=74.409
[2026-08-08T05:57:20] SAMPLE t=56s phase=Path_change adaptation=without_ML throughput_gbps=6.9291 latency_ms=71.0242
[2026-08-08T05:57:21] SAMPLE t=57s phase=Path_change adaptation=without_ML throughput_gbps=6.8296 latency_ms=66.6836
[2026-08-08T05:57:22] SAMPLE t=58s phase=Path_change adaptation=without_ML throughput_gbps=7.5755 latency_ms=69.4561
[2026-08-08T05:57:23] SAMPLE t=59s phase=Path_change adaptation=without_ML throughput_gbps=7.6678 latency_ms=67.6637
[2026-08-08T05:57:24] SAMPLE t=60s phase=Loss_spike adaptation=without_ML throughput_gbps=6.3048 latency_ms=68.9359
[2026-08-08T05:57:25] SAMPLE t=61s phase=Loss_spike adaptation=without_ML throughput_gbps=8.3236 latency_ms=77.4846
[2026-08-08T05:57:26] SAMPLE t=62s phase=Loss_spike adaptation=without_ML throughput_gbps=7.7632 latency_ms=73.4177
[2026-08-08T05:57:27] SAMPLE t=63s phase=Loss_spike adaptation=without_ML throughput_gbps=4.9653 latency_ms=76.6793
[2026-08-08T05:57:28] SAMPLE t=64s phase=Loss_spike adaptation=without_ML throughput_gbps=3.8694 latency_ms=77.6499
[2026-08-08T05:57:29] SAMPLE t=65s phase=Loss_spike adaptation=without_ML throughput_gbps=6.382 latency_ms=70.8005
[2026-08-08T05:57:30] SAMPLE t=66s phase=Loss_spike adaptation=without_ML throughput_gbps=8.4146 latency_ms=77.2916
[2026-08-08T05:57:31] SAMPLE t=67s phase=Loss_spike adaptation=without_ML throughput_gbps=7.5722 latency_ms=78.7481
[2026-08-08T05:57:32] SAMPLE t=68s phase=Loss_spike adaptation=without_ML throughput_gbps=4.8013 latency_ms=76.6912
[2026-08-08T05:57:33] SAMPLE t=69s phase=Loss_spike adaptation=without_ML throughput_gbps=4.0612 latency_ms=77.2253
[2026-08-08T05:57:34] SAMPLE t=70s phase=Loss_spike adaptation=without_ML throughput_gbps=6.0771 latency_ms=68.381
[2026-08-08T05:57:35] SAMPLE t=71s phase=Loss_spike adaptation=without_ML throughput_gbps=8.235 latency_ms=79.3298
[2026-08-08T05:57:36] SAMPLE t=72s phase=Loss_spike adaptation=without_ML throughput_gbps=7.6387 latency_ms=76.2774
[2026-08-08T05:57:37] SAMPLE t=73s phase=Loss_spike adaptation=without_ML throughput_gbps=4.8095 latency_ms=75.7995
[2026-08-08T05:57:38] SAMPLE t=74s phase=Loss_spike adaptation=without_ML throughput_gbps=4.0715 latency_ms=80.4877
[2026-08-08T05:57:39] SAMPLE t=75s phase=Loss_spike adaptation=without_ML throughput_gbps=6.0493 latency_ms=69.88
[2026-08-08T05:57:40] SAMPLE t=76s phase=Loss_spike adaptation=without_ML throughput_gbps=8.7863 latency_ms=81.4519
[2026-08-08T05:57:41] SAMPLE t=77s phase=Loss_spike adaptation=without_ML throughput_gbps=7.1202 latency_ms=76.8891
[2026-08-08T05:57:42] SAMPLE t=78s phase=Loss_spike adaptation=without_ML throughput_gbps=4.5231 latency_ms=74.9549
[2026-08-08T05:57:43] SAMPLE t=79s phase=Loss_spike adaptation=without_ML throughput_gbps=3.8841 latency_ms=79.7368
[2026-08-08T05:57:44] SAMPLE t=80s phase=Recovery adaptation=without_ML throughput_gbps=7.8474 latency_ms=68.2502
[2026-08-08T05:57:45] SAMPLE t=81s phase=Recovery adaptation=without_ML throughput_gbps=7.8425 latency_ms=66.1251
[2026-08-08T05:57:46] SAMPLE t=82s phase=Recovery adaptation=without_ML throughput_gbps=8.2056 latency_ms=66.1773
[2026-08-08T05:57:47] SAMPLE t=83s phase=Recovery adaptation=without_ML throughput_gbps=8.0249 latency_ms=64.4165
[2026-08-08T05:57:48] SAMPLE t=84s phase=Recovery adaptation=without_ML throughput_gbps=7.9427 latency_ms=66.0652
[2026-08-08T05:57:49] SAMPLE t=85s phase=Recovery adaptation=without_ML throughput_gbps=7.7741 latency_ms=65.9392
[2026-08-08T05:57:50] SAMPLE t=86s phase=Recovery adaptation=without_ML throughput_gbps=7.8466 latency_ms=64.9357
[2026-08-08T05:57:51] SAMPLE t=87s phase=Recovery adaptation=without_ML throughput_gbps=8.0452 latency_ms=66.1699
[2026-08-08T05:57:52] SAMPLE t=88s phase=Recovery adaptation=without_ML throughput_gbps=8.0542 latency_ms=66.3427
[2026-08-08T05:57:53] SAMPLE t=89s phase=Recovery adaptation=without_ML throughput_gbps=8.0788 latency_ms=66.2704
[2026-08-08T05:57:54] SAMPLE t=90s phase=Recovery adaptation=without_ML throughput_gbps=8.3262 latency_ms=65.807
[2026-08-08T05:57:55] SAMPLE t=91s phase=Recovery adaptation=without_ML throughput_gbps=7.5098 latency_ms=65.5638
[2026-08-08T05:57:56] SAMPLE t=92s phase=Recovery adaptation=without_ML throughput_gbps=8.2259 latency_ms=65.961
[2026-08-08T05:57:57] SAMPLE t=93s phase=Recovery adaptation=without_ML throughput_gbps=8.1304 latency_ms=63.8054
[2026-08-08T05:57:58] SAMPLE t=94s phase=Recovery adaptation=without_ML throughput_gbps=7.942 latency_ms=66.6356
[2026-08-08T05:57:59] SAMPLE t=95s phase=Recovery adaptation=without_ML throughput_gbps=7.7366 latency_ms=65.5119
[2026-08-08T05:58:00] SAMPLE t=96s phase=Recovery adaptation=without_ML throughput_gbps=8.0151 latency_ms=65.9707
[2026-08-08T05:58:01] SAMPLE t=97s phase=Recovery adaptation=without_ML throughput_gbps=8.1615 latency_ms=64.5873
[2026-08-08T05:58:02] SAMPLE t=98s phase=Recovery adaptation=without_ML throughput_gbps=7.8223 latency_ms=66.5945
[2026-08-08T05:58:03] SAMPLE t=99s phase=Recovery adaptation=without_ML throughput_gbps=7.7585 latency_ms=64.7857
[2026-08-08T05:56:24] TRACE_END run_id=35 status=OK
[2026-08-08T06:08:33] TRACE_START run_id=36
[2026-08-08T06:08:33] SAMPLE t=0s phase=Stable adaptation=with_ML throughput_gbps=7.9192 latency_ms=65.1066
[2026-08-08T06:08:34] SAMPLE t=1s phase=Stable adaptation=with_ML throughput_gbps=8.3927 latency_ms=67.8771
[2026-08-08T06:08:35] SAMPLE t=2s phase=Stable adaptation=with_ML throughput_gbps=7.7697 latency_ms=66.7065
[2026-08-08T06:08:36] SAMPLE t=3s phase=Stable adaptation=with_ML throughput_gbps=8.0511 latency_ms=66.8313
[2026-08-08T06:08:37] SAMPLE t=4s phase=Stable adaptation=with_ML throughput_gbps=8.1273 latency_ms=64.5361
[2026-08-08T06:08:38] SAMPLE t=5s phase=Stable adaptation=with_ML throughput_gbps=8.3277 latency_ms=65.4954
[2026-08-08T06:08:39] SAMPLE t=6s phase=Stable adaptation=with_ML throughput_gbps=7.8901 latency_ms=65.6928
[2026-08-08T06:08:40] SAMPLE t=7s phase=Stable adaptation=with_ML throughput_gbps=8.4863 latency_ms=65.3938
[2026-08-08T06:08:41] SAMPLE t=8s phase=Stable adaptation=with_ML throughput_gbps=7.9908 latency_ms=67.9842
[2026-08-08T06:08:42] SAMPLE t=9s phase=Stable adaptation=with_ML throughput_gbps=7.9504 latency_ms=66.4553
[2026-08-08T06:08:43] SAMPLE t=10s phase=Stable adaptation=with_ML throughput_gbps=7.9351 latency_ms=67.0226
[2026-08-08T06:08:44] SAMPLE t=11s phase=Stable adaptation=with_ML throughput_gbps=8.0766 latency_ms=63.6687
[2026-08-08T06:08:45] SAMPLE t=12s phase=Stable adaptation=with_ML throughput_gbps=7.995 latency_ms=65.4668
[2026-08-08T06:08:46] SAMPLE t=13s phase=Stable adaptation=with_ML throughput_gbps=7.8728 latency_ms=63.7571
[2026-08-08T06:08:47] SAMPLE t=14s phase=Stable adaptation=with_ML throughput_gbps=8.1196 latency_ms=67.5386
[2026-08-08T06:08:48] SAMPLE t=15s phase=Stable adaptation=with_ML throughput_gbps=8.0662 latency_ms=68.3117
[2026-08-08T06:08:49] SAMPLE t=16s phase=Stable adaptation=with_ML throughput_gbps=8.0849 latency_ms=66.0222
[2026-08-08T06:08:50] SAMPLE t=17s phase=Stable adaptation=with_ML throughput_gbps=8.0537 latency_ms=66.2822
[2026-08-08T06:08:51] SAMPLE t=18s phase=Stable adaptation=with_ML throughput_gbps=8.0942 latency_ms=66.8194
[2026-08-08T06:08:52] SAMPLE t=19s phase=Stable adaptation=with_ML throughput_gbps=7.9538 latency_ms=67.8664
[2026-08-08T06:08:53] SAMPLE t=20s phase=Congestion adaptation=with_ML throughput_gbps=8.4406 latency_ms=67.4519
[2026-08-08T06:08:54] SAMPLE t=21s phase=Congestion adaptation=with_ML throughput_gbps=8.2216 latency_ms=67.2061
[2026-08-08T06:08:55] SAMPLE t=22s phase=Congestion adaptation=with_ML throughput_gbps=7.847 latency_ms=65.5954
[2026-08-08T06:08:56] SAMPLE t=23s phase=Congestion adaptation=with_ML throughput_gbps=8.0193 latency_ms=66.1709
[2026-08-08T06:08:57] SAMPLE t=24s phase=Congestion adaptation=with_ML throughput_gbps=8.1306 latency_ms=65.0378
[2026-08-08T06:08:58] SAMPLE t=25s phase=Congestion adaptation=with_ML throughput_gbps=8.0719 latency_ms=68.2053
[2026-08-08T06:08:59] SAMPLE t=26s phase=Congestion adaptation=with_ML throughput_gbps=8.2299 latency_ms=67.4086
[2026-08-08T06:09:00] SAMPLE t=27s phase=Congestion adaptation=with_ML throughput_gbps=8.4338 latency_ms=68.2413
[2026-08-08T06:09:01] SAMPLE t=28s phase=Congestion adaptation=with_ML throughput_gbps=8.0191 latency_ms=68.5847
[2026-08-08T06:09:02] SAMPLE t=29s phase=Congestion adaptation=with_ML throughput_gbps=8.0749 latency_ms=67.46
[2026-08-08T06:09:03] SAMPLE t=30s phase=Congestion adaptation=with_ML throughput_gbps=8.4431 latency_ms=65.3496
[2026-08-08T06:09:04] SAMPLE t=31s phase=Congestion adaptation=with_ML throughput_gbps=7.7553 latency_ms=67.9305
[2026-08-08T06:09:05] SAMPLE t=32s phase=Congestion adaptation=with_ML throughput_gbps=8.0041 latency_ms=68.7321
[2026-08-08T06:09:06] SAMPLE t=33s phase=Congestion adaptation=with_ML throughput_gbps=7.792 latency_ms=65.5866
[2026-08-08T06:09:07] SAMPLE t=34s phase=Congestion adaptation=with_ML throughput_gbps=7.4557 latency_ms=65.5703
[2026-08-08T06:09:08] SAMPLE t=35s phase=Congestion adaptation=with_ML throughput_gbps=8.0673 latency_ms=65.7719
[2026-08-08T06:09:09] SAMPLE t=36s phase=Congestion adaptation=with_ML throughput_gbps=7.9158 latency_ms=66.6274
[2026-08-08T06:09:10] SAMPLE t=37s phase=Congestion adaptation=with_ML throughput_gbps=8.0057 latency_ms=66.1625
[2026-08-08T06:09:11] SAMPLE t=38s phase=Congestion adaptation=with_ML throughput_gbps=8.224 latency_ms=65.7319
[2026-08-08T06:09:12] SAMPLE t=39s phase=Congestion adaptation=with_ML throughput_gbps=8.0455 latency_ms=63.921
[2026-08-08T06:09:13] SAMPLE t=40s phase=Path_change adaptation=with_ML throughput_gbps=8.2126 latency_ms=65.082
[2026-08-08T06:09:14] SAMPLE t=41s phase=Path_change adaptation=with_ML throughput_gbps=7.8245 latency_ms=68.2598
[2026-08-08T06:09:15] SAMPLE t=42s phase=Path_change adaptation=with_ML throughput_gbps=7.7129 latency_ms=66.722
[2026-08-08T06:09:16] SAMPLE t=43s phase=Path_change adaptation=with_ML throughput_gbps=7.5605 latency_ms=66.5793
[2026-08-08T06:09:17] SAMPLE t=44s phase=Path_change adaptation=with_ML throughput_gbps=7.7012 latency_ms=68.0772
[2026-08-08T06:09:18] SAMPLE t=45s phase=Path_change adaptation=with_ML throughput_gbps=7.8958 latency_ms=68.215
[2026-08-08T06:09:19] SAMPLE t=46s phase=Path_change adaptation=with_ML throughput_gbps=7.5804 latency_ms=72.3171
[2026-08-08T06:09:20] SAMPLE t=47s phase=Path_change adaptation=with_ML throughput_gbps=7.1479 latency_ms=67.6086
[2026-08-08T06:09:21] SAMPLE t=48s phase=Path_change adaptation=with_ML throughput_gbps=7.386 latency_ms=67.9148
[2026-08-08T06:09:22] SAMPLE t=49s phase=Path_change adaptation=with_ML throughput_gbps=7.37 latency_ms=68.3434
[2026-08-08T06:09:23] SAMPLE t=50s phase=Path_change adaptation=with_ML throughput_gbps=7.1539 latency_ms=69.8937
[2026-08-08T06:09:24] SAMPLE t=51s phase=Path_change adaptation=with_ML throughput_gbps=6.8583 latency_ms=68.9069
[2026-08-08T06:09:25] SAMPLE t=52s phase=Path_change adaptation=with_ML throughput_gbps=7.2624 latency_ms=69.1032
[2026-08-08T06:09:26] SAMPLE t=53s phase=Path_change adaptation=with_ML throughput_gbps=7.6135 latency_ms=69.2655
[2026-08-08T06:09:27] SAMPLE t=54s phase=Path_change adaptation=with_ML throughput_gbps=7.5421 latency_ms=68.2309
[2026-08-08T06:09:28] SAMPLE t=55s phase=Path_change adaptation=with_ML throughput_gbps=7.2581 latency_ms=67.4705
[2026-08-08T06:09:29] SAMPLE t=56s phase=Path_change adaptation=with_ML throughput_gbps=7.5696 latency_ms=67.0017
[2026-08-08T06:09:30] SAMPLE t=57s phase=Path_change adaptation=with_ML throughput_gbps=7.6262 latency_ms=66.0632
[2026-08-08T06:09:31] SAMPLE t=58s phase=Path_change adaptation=with_ML throughput_gbps=7.9656 latency_ms=67.3041
[2026-08-08T06:09:32] SAMPLE t=59s phase=Path_change adaptation=with_ML throughput_gbps=8.0088 latency_ms=66.2615
[2026-08-08T06:09:33] SAMPLE t=60s phase=Loss_spike adaptation=with_ML throughput_gbps=7.4485 latency_ms=67.3392
[2026-08-08T06:09:34] SAMPLE t=61s phase=Loss_spike adaptation=with_ML throughput_gbps=8.0045 latency_ms=70.2929
[2026-08-08T06:09:35] SAMPLE t=62s phase=Loss_spike adaptation=with_ML throughput_gbps=8.0073 latency_ms=70.376
[2026-08-08T06:09:36] SAMPLE t=63s phase=Loss_spike adaptation=with_ML throughput_gbps=6.7954 latency_ms=70.124
[2026-08-08T06:09:37] SAMPLE t=64s phase=Loss_spike adaptation=with_ML throughput_gbps=6.498 latency_ms=71.3929
[2026-08-08T06:09:38] SAMPLE t=65s phase=Loss_spike adaptation=with_ML throughput_gbps=6.83 latency_ms=69.0642
[2026-08-08T06:09:39] SAMPLE t=66s phase=Loss_spike adaptation=with_ML throughput_gbps=7.7605 latency_ms=71.2776
[2026-08-08T06:09:40] SAMPLE t=67s phase=Loss_spike adaptation=with_ML throughput_gbps=7.9373 latency_ms=72.0714
[2026-08-08T06:09:41] SAMPLE t=68s phase=Loss_spike adaptation=with_ML throughput_gbps=6.4175 latency_ms=70.3794
[2026-08-08T06:09:42] SAMPLE t=69s phase=Loss_spike adaptation=with_ML throughput_gbps=6.2068 latency_ms=72.4759
[2026-08-08T06:09:43] SAMPLE t=70s phase=Loss_spike adaptation=with_ML throughput_gbps=7.5764 latency_ms=66.0311
[2026-08-08T06:09:44] SAMPLE t=71s phase=Loss_spike adaptation=with_ML throughput_gbps=8.6181 latency_ms=68.5815
[2026-08-08T06:09:45] SAMPLE t=72s phase=Loss_spike adaptation=with_ML throughput_gbps=7.8771 latency_ms=69.4045
[2026-08-08T06:09:46] SAMPLE t=73s phase=Loss_spike adaptation=with_ML throughput_gbps=6.6479 latency_ms=67.7087
[2026-08-08T06:09:47] SAMPLE t=74s phase=Loss_spike adaptation=with_ML throughput_gbps=6.3732 latency_ms=68.3436
[2026-08-08T06:09:48] SAMPLE t=75s phase=Loss_spike adaptation=with_ML throughput_gbps=7.1744 latency_ms=68.0822
[2026-08-08T06:09:49] SAMPLE t=76s phase=Loss_spike adaptation=with_ML throughput_gbps=8.18 latency_ms=70.2641
[2026-08-08T06:09:50] SAMPLE t=77s phase=Loss_spike adaptation=with_ML throughput_gbps=8.2845 latency_ms=69.3509
[2026-08-08T06:09:51] SAMPLE t=78s phase=Loss_spike adaptation=with_ML throughput_gbps=6.9589 latency_ms=68.7317
[2026-08-08T06:09:52] SAMPLE t=79s phase=Loss_spike adaptation=with_ML throughput_gbps=6.1486 latency_ms=69.9778
[2026-08-08T06:09:53] SAMPLE t=80s phase=Recovery adaptation=with_ML throughput_gbps=7.9655 latency_ms=67.4873
[2026-08-08T06:09:54] SAMPLE t=81s phase=Recovery adaptation=with_ML throughput_gbps=8.0697 latency_ms=65.6822
[2026-08-08T06:09:55] SAMPLE t=82s phase=Recovery adaptation=with_ML throughput_gbps=7.9265 latency_ms=66.341
[2026-08-08T06:09:56] SAMPLE t=83s phase=Recovery adaptation=with_ML throughput_gbps=8.1487 latency_ms=62.3139
[2026-08-08T06:09:57] SAMPLE t=84s phase=Recovery adaptation=with_ML throughput_gbps=8.0293 latency_ms=66.7406
[2026-08-08T06:09:58] SAMPLE t=85s phase=Recovery adaptation=with_ML throughput_gbps=8.0113 latency_ms=65.7575
[2026-08-08T06:09:59] SAMPLE t=86s phase=Recovery adaptation=with_ML throughput_gbps=8.2489 latency_ms=67.2124
[2026-08-08T06:10:00] SAMPLE t=87s phase=Recovery adaptation=with_ML throughput_gbps=8.5421 latency_ms=65.556
[2026-08-08T06:10:01] SAMPLE t=88s phase=Recovery adaptation=with_ML throughput_gbps=8.3678 latency_ms=67.8079
[2026-08-08T06:10:02] SAMPLE t=89s phase=Recovery adaptation=with_ML throughput_gbps=8.1801 latency_ms=66.8299
[2026-08-08T06:10:03] SAMPLE t=90s phase=Recovery adaptation=with_ML throughput_gbps=7.8053 latency_ms=64.5105
[2026-08-08T06:10:04] SAMPLE t=91s phase=Recovery adaptation=with_ML throughput_gbps=8.6832 latency_ms=63.9173
[2026-08-08T06:10:05] SAMPLE t=92s phase=Recovery adaptation=with_ML throughput_gbps=8.16 latency_ms=65.141
[2026-08-08T06:10:06] SAMPLE t=93s phase=Recovery adaptation=with_ML throughput_gbps=8.6429 latency_ms=64.8964
[2026-08-08T06:10:07] SAMPLE t=94s phase=Recovery adaptation=with_ML throughput_gbps=8.437 latency_ms=65.5052
[2026-08-08T06:10:08] SAMPLE t=95s phase=Recovery adaptation=with_ML throughput_gbps=8.3062 latency_ms=64.8919
[2026-08-08T06:10:09] SAMPLE t=96s phase=Recovery adaptation=with_ML throughput_gbps=8.3952 latency_ms=65.05
[2026-08-08T06:10:10] SAMPLE t=97s phase=Recovery adaptation=with_ML throughput_gbps=8.5019 latency_ms=64.849
[2026-08-08T06:10:11] SAMPLE t=98s phase=Recovery adaptation=with_ML throughput_gbps=8.1836 latency_ms=64.1206
[2026-08-08T06:10:12] SAMPLE t=99s phase=Recovery adaptation=with_ML throughput_gbps=8.549 latency_ms=64.5182
[2026-08-08T06:08:33] SAMPLE t=0s phase=Stable adaptation=without_ML throughput_gbps=8.0605 latency_ms=64.6647
[2026-08-08T06:08:34] SAMPLE t=1s phase=Stable adaptation=without_ML throughput_gbps=8.4001 latency_ms=66.4953
[2026-08-08T06:08:35] SAMPLE t=2s phase=Stable adaptation=without_ML throughput_gbps=7.61 latency_ms=66.1525
[2026-08-08T06:08:36] SAMPLE t=3s phase=Stable adaptation=without_ML throughput_gbps=7.8817 latency_ms=65.0481
[2026-08-08T06:08:37] SAMPLE t=4s phase=Stable adaptation=without_ML throughput_gbps=7.727 latency_ms=66.3343
[2026-08-08T06:08:38] SAMPLE t=5s phase=Stable adaptation=without_ML throughput_gbps=7.9529 latency_ms=65.1912
[2026-08-08T06:08:39] SAMPLE t=6s phase=Stable adaptation=without_ML throughput_gbps=7.7215 latency_ms=63.9013
[2026-08-08T06:08:40] SAMPLE t=7s phase=Stable adaptation=without_ML throughput_gbps=7.9159 latency_ms=63.0527
[2026-08-08T06:08:41] SAMPLE t=8s phase=Stable adaptation=without_ML throughput_gbps=7.7889 latency_ms=64.2374
[2026-08-08T06:08:42] SAMPLE t=9s phase=Stable adaptation=without_ML throughput_gbps=7.9033 latency_ms=67.5103
[2026-08-08T06:08:43] SAMPLE t=10s phase=Stable adaptation=without_ML throughput_gbps=8.1186 latency_ms=63.3736
[2026-08-08T06:08:44] SAMPLE t=11s phase=Stable adaptation=without_ML throughput_gbps=8.1074 latency_ms=66.1484
[2026-08-08T06:08:45] SAMPLE t=12s phase=Stable adaptation=without_ML throughput_gbps=8.4575 latency_ms=69.0381
[2026-08-08T06:08:46] SAMPLE t=13s phase=Stable adaptation=without_ML throughput_gbps=7.9851 latency_ms=66.7877
[2026-08-08T06:08:47] SAMPLE t=14s phase=Stable adaptation=without_ML throughput_gbps=7.9466 latency_ms=68.1514
[2026-08-08T06:08:48] SAMPLE t=15s phase=Stable adaptation=without_ML throughput_gbps=7.733 latency_ms=68.2716
[2026-08-08T06:08:49] SAMPLE t=16s phase=Stable adaptation=without_ML throughput_gbps=7.6799 latency_ms=67.9712
[2026-08-08T06:08:50] SAMPLE t=17s phase=Stable adaptation=without_ML throughput_gbps=7.9762 latency_ms=64.26
[2026-08-08T06:08:51] SAMPLE t=18s phase=Stable adaptation=without_ML throughput_gbps=8.2917 latency_ms=65.5882
[2026-08-08T06:08:52] SAMPLE t=19s phase=Stable adaptation=without_ML throughput_gbps=8.0003 latency_ms=67.9908
[2026-08-08T06:08:53] SAMPLE t=20s phase=Congestion adaptation=without_ML throughput_gbps=7.9766 latency_ms=65.1467
[2026-08-08T06:08:54] SAMPLE t=21s phase=Congestion adaptation=without_ML throughput_gbps=8.2444 latency_ms=63.8527
[2026-08-08T06:08:55] SAMPLE t=22s phase=Congestion adaptation=without_ML throughput_gbps=7.9738 latency_ms=63.6008
[2026-08-08T06:08:56] SAMPLE t=23s phase=Congestion adaptation=without_ML throughput_gbps=8.0732 latency_ms=66.0828
[2026-08-08T06:08:57] SAMPLE t=24s phase=Congestion adaptation=without_ML throughput_gbps=7.8449 latency_ms=67.8531
[2026-08-08T06:08:58] SAMPLE t=25s phase=Congestion adaptation=without_ML throughput_gbps=7.6779 latency_ms=66.6366
[2026-08-08T06:08:59] SAMPLE t=26s phase=Congestion adaptation=without_ML throughput_gbps=7.9895 latency_ms=67.0238
[2026-08-08T06:09:00] SAMPLE t=27s phase=Congestion adaptation=without_ML throughput_gbps=7.5192 latency_ms=66.5229
[2026-08-08T06:09:01] SAMPLE t=28s phase=Congestion adaptation=without_ML throughput_gbps=7.8842 latency_ms=66.5087
[2026-08-08T06:09:02] SAMPLE t=29s phase=Congestion adaptation=without_ML throughput_gbps=7.2815 latency_ms=64.2948
[2026-08-08T06:09:03] SAMPLE t=30s phase=Congestion adaptation=without_ML throughput_gbps=7.7602 latency_ms=66.514
[2026-08-08T06:09:04] SAMPLE t=31s phase=Congestion adaptation=without_ML throughput_gbps=8.3173 latency_ms=64.5738
[2026-08-08T06:09:05] SAMPLE t=32s phase=Congestion adaptation=without_ML throughput_gbps=7.9651 latency_ms=65.9325
[2026-08-08T06:09:06] SAMPLE t=33s phase=Congestion adaptation=without_ML throughput_gbps=8.2566 latency_ms=65.172
[2026-08-08T06:09:07] SAMPLE t=34s phase=Congestion adaptation=without_ML throughput_gbps=7.7461 latency_ms=66.5749
[2026-08-08T06:09:08] SAMPLE t=35s phase=Congestion adaptation=without_ML throughput_gbps=7.7757 latency_ms=66.4466
[2026-08-08T06:09:09] SAMPLE t=36s phase=Congestion adaptation=without_ML throughput_gbps=7.7814 latency_ms=66.5755
[2026-08-08T06:09:10] SAMPLE t=37s phase=Congestion adaptation=without_ML throughput_gbps=7.8359 latency_ms=65.4492
[2026-08-08T06:09:11] SAMPLE t=38s phase=Congestion adaptation=without_ML throughput_gbps=7.8923 latency_ms=65.7809
[2026-08-08T06:09:12] SAMPLE t=39s phase=Congestion adaptation=without_ML throughput_gbps=7.8508 latency_ms=67.8194
[2026-08-08T06:09:13] SAMPLE t=40s phase=Path_change adaptation=without_ML throughput_gbps=7.7403 latency_ms=65.6234
[2026-08-08T06:09:14] SAMPLE t=41s phase=Path_change adaptation=without_ML throughput_gbps=7.2237 latency_ms=64.7882
[2026-08-08T06:09:15] SAMPLE t=42s phase=Path_change adaptation=without_ML throughput_gbps=7.2897 latency_ms=68.4493
[2026-08-08T06:09:16] SAMPLE t=43s phase=Path_change adaptation=without_ML throughput_gbps=6.7839 latency_ms=69.5444
[2026-08-08T06:09:17] SAMPLE t=44s phase=Path_change adaptation=without_ML throughput_gbps=6.362 latency_ms=68.8025
[2026-08-08T06:09:18] SAMPLE t=45s phase=Path_change adaptation=without_ML throughput_gbps=6.5165 latency_ms=70.2376
[2026-08-08T06:09:19] SAMPLE t=46s phase=Path_change adaptation=without_ML throughput_gbps=6.3766 latency_ms=73.2851
[2026-08-08T06:09:20] SAMPLE t=47s phase=Path_change adaptation=without_ML throughput_gbps=5.9386 latency_ms=71.3533
[2026-08-08T06:09:21] SAMPLE t=48s phase=Path_change adaptation=without_ML throughput_gbps=5.7675 latency_ms=70.9254
[2026-08-08T06:09:22] SAMPLE t=49s phase=Path_change adaptation=without_ML throughput_gbps=6.0365 latency_ms=71.347
[2026-08-08T06:09:23] SAMPLE t=50s phase=Path_change adaptation=without_ML throughput_gbps=5.4812 latency_ms=71.5968
[2026-08-08T06:09:24] SAMPLE t=51s phase=Path_change adaptation=without_ML throughput_gbps=5.9078 latency_ms=73.7853
[2026-08-08T06:09:25] SAMPLE t=52s phase=Path_change adaptation=without_ML throughput_gbps=5.8011 latency_ms=73.5247
[2026-08-08T06:09:26] SAMPLE t=53s phase=Path_change adaptation=without_ML throughput_gbps=6.1306 latency_ms=72.1994
[2026-08-08T06:09:27] SAMPLE t=54s phase=Path_change adaptation=without_ML throughput_gbps=6.0511 latency_ms=71.3826
[2026-08-08T06:09:28] SAMPLE t=55s phase=Path_change adaptation=without_ML throughput_gbps=6.6093 latency_ms=72.424
[2026-08-08T06:09:29] SAMPLE t=56s phase=Path_change adaptation=without_ML throughput_gbps=6.4147 latency_ms=70.8426
[2026-08-08T06:09:30] SAMPLE t=57s phase=Path_change adaptation=without_ML throughput_gbps=7.0104 latency_ms=68.3072
[2026-08-08T06:09:31] SAMPLE t=58s phase=Path_change adaptation=without_ML throughput_gbps=7.0455 latency_ms=66.451
[2026-08-08T06:09:32] SAMPLE t=59s phase=Path_change adaptation=without_ML throughput_gbps=7.415 latency_ms=66.103
[2026-08-08T06:09:33] SAMPLE t=60s phase=Loss_spike adaptation=without_ML throughput_gbps=6.2137 latency_ms=71.7299
[2026-08-08T06:09:34] SAMPLE t=61s phase=Loss_spike adaptation=without_ML throughput_gbps=8.3984 latency_ms=75.879
[2026-08-08T06:09:35] SAMPLE t=62s phase=Loss_spike adaptation=without_ML throughput_gbps=8.1932 latency_ms=74.8247
[2026-08-08T06:09:36] SAMPLE t=63s phase=Loss_spike adaptation=without_ML throughput_gbps=4.7321 latency_ms=74.7784
[2026-08-08T06:09:37] SAMPLE t=64s phase=Loss_spike adaptation=without_ML throughput_gbps=4.1496 latency_ms=81.1603
[2026-08-08T06:09:38] SAMPLE t=65s phase=Loss_spike adaptation=without_ML throughput_gbps=6.5483 latency_ms=67.3191
[2026-08-08T06:09:39] SAMPLE t=66s phase=Loss_spike adaptation=without_ML throughput_gbps=8.3534 latency_ms=80.2783
[2026-08-08T06:09:40] SAMPLE t=67s phase=Loss_spike adaptation=without_ML throughput_gbps=7.7329 latency_ms=77.8293
[2026-08-08T06:09:41] SAMPLE t=68s phase=Loss_spike adaptation=without_ML throughput_gbps=4.8979 latency_ms=76.6231
[2026-08-08T06:09:42] SAMPLE t=69s phase=Loss_spike adaptation=without_ML throughput_gbps=4.0764 latency_ms=77.9397
[2026-08-08T06:09:43] SAMPLE t=70s phase=Loss_spike adaptation=without_ML throughput_gbps=6.5355 latency_ms=69.5615
[2026-08-08T06:09:44] SAMPLE t=71s phase=Loss_spike adaptation=without_ML throughput_gbps=8.3652 latency_ms=79.2509
[2026-08-08T06:09:45] SAMPLE t=72s phase=Loss_spike adaptation=without_ML throughput_gbps=7.4748 latency_ms=74.9913
[2026-08-08T06:09:46] SAMPLE t=73s phase=Loss_spike adaptation=without_ML throughput_gbps=4.9304 latency_ms=74.029
[2026-08-08T06:09:47] SAMPLE t=74s phase=Loss_spike adaptation=without_ML throughput_gbps=3.8426 latency_ms=79.9485
[2026-08-08T06:09:48] SAMPLE t=75s phase=Loss_spike adaptation=without_ML throughput_gbps=5.9806 latency_ms=70.8033
[2026-08-08T06:09:49] SAMPLE t=76s phase=Loss_spike adaptation=without_ML throughput_gbps=8.3872 latency_ms=81.1923
[2026-08-08T06:09:50] SAMPLE t=77s phase=Loss_spike adaptation=without_ML throughput_gbps=7.7512 latency_ms=74.3954
[2026-08-08T06:09:51] SAMPLE t=78s phase=Loss_spike adaptation=without_ML throughput_gbps=4.6444 latency_ms=74.2521
[2026-08-08T06:09:52] SAMPLE t=79s phase=Loss_spike adaptation=without_ML throughput_gbps=4.3547 latency_ms=81.2948
[2026-08-08T06:09:53] SAMPLE t=80s phase=Recovery adaptation=without_ML throughput_gbps=7.739 latency_ms=67.4945
[2026-08-08T06:09:54] SAMPLE t=81s phase=Recovery adaptation=without_ML throughput_gbps=8.5439 latency_ms=67.4996
[2026-08-08T06:09:55] SAMPLE t=82s phase=Recovery adaptation=without_ML throughput_gbps=8.2483 latency_ms=66.5034
[2026-08-08T06:09:56] SAMPLE t=83s phase=Recovery adaptation=without_ML throughput_gbps=8.0607 latency_ms=65.6514
[2026-08-08T06:09:57] SAMPLE t=84s phase=Recovery adaptation=without_ML throughput_gbps=7.7583 latency_ms=66.9017
[2026-08-08T06:09:58] SAMPLE t=85s phase=Recovery adaptation=without_ML throughput_gbps=7.8487 latency_ms=66.6608
[2026-08-08T06:09:59] SAMPLE t=86s phase=Recovery adaptation=without_ML throughput_gbps=8.0875 latency_ms=63.1695
[2026-08-08T06:10:00] SAMPLE t=87s phase=Recovery adaptation=without_ML throughput_gbps=8.212 latency_ms=65.9687
[2026-08-08T06:10:01] SAMPLE t=88s phase=Recovery adaptation=without_ML throughput_gbps=8.0092 latency_ms=67.1722
[2026-08-08T06:10:02] SAMPLE t=89s phase=Recovery adaptation=without_ML throughput_gbps=8.1637 latency_ms=66.2428
[2026-08-08T06:10:03] SAMPLE t=90s phase=Recovery adaptation=without_ML throughput_gbps=8.0741 latency_ms=66.1276
[2026-08-08T06:10:04] SAMPLE t=91s phase=Recovery adaptation=without_ML throughput_gbps=8.317 latency_ms=64.0845
[2026-08-08T06:10:05] SAMPLE t=92s phase=Recovery adaptation=without_ML throughput_gbps=8.2137 latency_ms=64.6715
[2026-08-08T06:10:06] SAMPLE t=93s phase=Recovery adaptation=without_ML throughput_gbps=7.9938 latency_ms=65.4167
[2026-08-08T06:10:07] SAMPLE t=94s phase=Recovery adaptation=without_ML throughput_gbps=8.5687 latency_ms=65.859
[2026-08-08T06:10:08] SAMPLE t=95s phase=Recovery adaptation=without_ML throughput_gbps=8.1254 latency_ms=64.7294
[2026-08-08T06:10:09] SAMPLE t=96s phase=Recovery adaptation=without_ML throughput_gbps=8.0245 latency_ms=67.4198
[2026-08-08T06:10:10] SAMPLE t=97s phase=Recovery adaptation=without_ML throughput_gbps=8.1111 latency_ms=66.1847
[2026-08-08T06:10:11] SAMPLE t=98s phase=Recovery adaptation=without_ML throughput_gbps=8.0831 latency_ms=65.9365
[2026-08-08T06:10:12] SAMPLE t=99s phase=Recovery adaptation=without_ML throughput_gbps=7.9894 latency_ms=65.4278
[2026-08-08T06:08:33] TRACE_END run_id=36 status=OK
[2026-08-08T06:16:24] TRACE_START run_id=37
[2026-08-08T06:16:24] SAMPLE t=0s phase=Stable adaptation=with_ML throughput_gbps=8.3113 latency_ms=65.333
[2026-08-08T06:16:25] SAMPLE t=1s phase=Stable adaptation=with_ML throughput_gbps=7.9672 latency_ms=67.766
[2026-08-08T06:16:26] SAMPLE t=2s phase=Stable adaptation=with_ML throughput_gbps=7.905 latency_ms=67.4216
[2026-08-08T06:16:27] SAMPLE t=3s phase=Stable adaptation=with_ML throughput_gbps=7.8565 latency_ms=67.8351
[2026-08-08T06:16:28] SAMPLE t=4s phase=Stable adaptation=with_ML throughput_gbps=8.3219 latency_ms=66.9348
[2026-08-08T06:16:29] SAMPLE t=5s phase=Stable adaptation=with_ML throughput_gbps=8.0873 latency_ms=66.7255
[2026-08-08T06:16:30] SAMPLE t=6s phase=Stable adaptation=with_ML throughput_gbps=7.7375 latency_ms=66.9279
[2026-08-08T06:16:31] SAMPLE t=7s phase=Stable adaptation=with_ML throughput_gbps=8.2728 latency_ms=65.3816
[2026-08-08T06:16:32] SAMPLE t=8s phase=Stable adaptation=with_ML throughput_gbps=8.1675 latency_ms=64.9733
[2026-08-08T06:16:33] SAMPLE t=9s phase=Stable adaptation=with_ML throughput_gbps=8.3208 latency_ms=68.133
[2026-08-08T06:16:34] SAMPLE t=10s phase=Stable adaptation=with_ML throughput_gbps=8.1554 latency_ms=67.2216
[2026-08-08T06:16:35] SAMPLE t=11s phase=Stable adaptation=with_ML throughput_gbps=8.1051 latency_ms=67.1906
[2026-08-08T06:16:36] SAMPLE t=12s phase=Stable adaptation=with_ML throughput_gbps=8.0768 latency_ms=65.2785
[2026-08-08T06:16:37] SAMPLE t=13s phase=Stable adaptation=with_ML throughput_gbps=7.9521 latency_ms=66.1603
[2026-08-08T06:16:38] SAMPLE t=14s phase=Stable adaptation=with_ML throughput_gbps=8.1807 latency_ms=66.1593
[2026-08-08T06:16:39] SAMPLE t=15s phase=Stable adaptation=with_ML throughput_gbps=7.9621 latency_ms=66.0901
[2026-08-08T06:16:40] SAMPLE t=16s phase=Stable adaptation=with_ML throughput_gbps=8.3997 latency_ms=67.4065
[2026-08-08T06:16:41] SAMPLE t=17s phase=Stable adaptation=with_ML throughput_gbps=8.3637 latency_ms=68.123
[2026-08-08T06:16:42] SAMPLE t=18s phase=Stable adaptation=with_ML throughput_gbps=8.1351 latency_ms=65.3367
[2026-08-08T06:16:43] SAMPLE t=19s phase=Stable adaptation=with_ML throughput_gbps=8.2832 latency_ms=68.8684
[2026-08-08T06:16:44] SAMPLE t=20s phase=Congestion adaptation=with_ML throughput_gbps=8.3848 latency_ms=65.3195
[2026-08-08T06:16:45] SAMPLE t=21s phase=Congestion adaptation=with_ML throughput_gbps=8.1254 latency_ms=66.1854
[2026-08-08T06:16:46] SAMPLE t=22s phase=Congestion adaptation=with_ML throughput_gbps=8.0928 latency_ms=66.759
[2026-08-08T06:16:47] SAMPLE t=23s phase=Congestion adaptation=with_ML throughput_gbps=8.1411 latency_ms=67.5703
[2026-08-08T06:16:48] SAMPLE t=24s phase=Congestion adaptation=with_ML throughput_gbps=8.6855 latency_ms=65.3148
[2026-08-08T06:16:49] SAMPLE t=25s phase=Congestion adaptation=with_ML throughput_gbps=8.3037 latency_ms=67.2715
[2026-08-08T06:16:50] SAMPLE t=26s phase=Congestion adaptation=with_ML throughput_gbps=8.3315 latency_ms=65.5225
[2026-08-08T06:16:51] SAMPLE t=27s phase=Congestion adaptation=with_ML throughput_gbps=8.1941 latency_ms=66.3759
[2026-08-08T06:16:52] SAMPLE t=28s phase=Congestion adaptation=with_ML throughput_gbps=8.0417 latency_ms=65.6168
[2026-08-08T06:16:53] SAMPLE t=29s phase=Congestion adaptation=with_ML throughput_gbps=7.9436 latency_ms=66.9125
[2026-08-08T06:16:54] SAMPLE t=30s phase=Congestion adaptation=with_ML throughput_gbps=8.3035 latency_ms=66.8872
[2026-08-08T06:16:55] SAMPLE t=31s phase=Congestion adaptation=with_ML throughput_gbps=8.3957 latency_ms=66.1923
[2026-08-08T06:16:56] SAMPLE t=32s phase=Congestion adaptation=with_ML throughput_gbps=7.8655 latency_ms=65.1242
[2026-08-08T06:16:57] SAMPLE t=33s phase=Congestion adaptation=with_ML throughput_gbps=8.4006 latency_ms=65.3037
[2026-08-08T06:16:58] SAMPLE t=34s phase=Congestion adaptation=with_ML throughput_gbps=7.914 latency_ms=69.5503
[2026-08-08T06:16:59] SAMPLE t=35s phase=Congestion adaptation=with_ML throughput_gbps=7.8363 latency_ms=66.1232
[2026-08-08T06:17:00] SAMPLE t=36s phase=Congestion adaptation=with_ML throughput_gbps=8.076 latency_ms=66.4538
[2026-08-08T06:17:01] SAMPLE t=37s phase=Congestion adaptation=with_ML throughput_gbps=8.3774 latency_ms=64.0675
[2026-08-08T06:17:02] SAMPLE t=38s phase=Congestion adaptation=with_ML throughput_gbps=8.15 latency_ms=66.2055
[2026-08-08T06:17:03] SAMPLE t=39s phase=Congestion adaptation=with_ML throughput_gbps=7.7579 latency_ms=67.4858
[2026-08-08T06:17:04] SAMPLE t=40s phase=Path_change adaptation=with_ML throughput_gbps=8.0561 latency_ms=65.0759
[2026-08-08T06:17:05] SAMPLE t=41s phase=Path_change adaptation=with_ML throughput_gbps=8.1823 latency_ms=64.7497
[2026-08-08T06:17:06] SAMPLE t=42s phase=Path_change adaptation=with_ML throughput_gbps=7.8936 latency_ms=67.3334
[2026-08-08T06:17:07] SAMPLE t=43s phase=Path_change adaptation=with_ML throughput_gbps=7.6511 latency_ms=66.6427
[2026-08-08T06:17:08] SAMPLE t=44s phase=Path_change adaptation=with_ML throughput_gbps=7.5369 latency_ms=66.7757
[2026-08-08T06:17:09] SAMPLE t=45s phase=Path_change adaptation=with_ML throughput_gbps=7.7131 latency_ms=67.8232
[2026-08-08T06:17:10] SAMPLE t=46s phase=Path_change adaptation=with_ML throughput_gbps=7.3271 latency_ms=70.193
[2026-08-08T06:17:11] SAMPLE t=47s phase=Path_change adaptation=with_ML throughput_gbps=7.6514 latency_ms=68.2686
[2026-08-08T06:17:12] SAMPLE t=48s phase=Path_change adaptation=with_ML throughput_gbps=7.3853 latency_ms=69.3137
[2026-08-08T06:17:13] SAMPLE t=49s phase=Path_change adaptation=with_ML throughput_gbps=7.5683 latency_ms=67.4117
[2026-08-08T06:17:14] SAMPLE t=50s phase=Path_change adaptation=with_ML throughput_gbps=7.0424 latency_ms=70.1756
[2026-08-08T06:17:15] SAMPLE t=51s phase=Path_change adaptation=with_ML throughput_gbps=7.289 latency_ms=68.0439
[2026-08-08T06:17:16] SAMPLE t=52s phase=Path_change adaptation=with_ML throughput_gbps=7.3864 latency_ms=69.257
[2026-08-08T06:17:17] SAMPLE t=53s phase=Path_change adaptation=with_ML throughput_gbps=7.2098 latency_ms=66.7456
[2026-08-08T06:17:18] SAMPLE t=54s phase=Path_change adaptation=with_ML throughput_gbps=7.2907 latency_ms=67.5403
[2026-08-08T06:17:19] SAMPLE t=55s phase=Path_change adaptation=with_ML throughput_gbps=7.3737 latency_ms=67.1096
[2026-08-08T06:17:20] SAMPLE t=56s phase=Path_change adaptation=with_ML throughput_gbps=7.6918 latency_ms=66.014
[2026-08-08T06:17:21] SAMPLE t=57s phase=Path_change adaptation=with_ML throughput_gbps=7.5414 latency_ms=67.0501
[2026-08-08T06:17:22] SAMPLE t=58s phase=Path_change adaptation=with_ML throughput_gbps=7.34 latency_ms=67.2782
[2026-08-08T06:17:23] SAMPLE t=59s phase=Path_change adaptation=with_ML throughput_gbps=7.9101 latency_ms=64.2577
[2026-08-08T06:17:24] SAMPLE t=60s phase=Loss_spike adaptation=with_ML throughput_gbps=7.4892 latency_ms=67.2465
[2026-08-08T06:17:25] SAMPLE t=61s phase=Loss_spike adaptation=with_ML throughput_gbps=8.7737 latency_ms=71.1222
[2026-08-08T06:17:26] SAMPLE t=62s phase=Loss_spike adaptation=with_ML throughput_gbps=7.7758 latency_ms=70.2844
[2026-08-08T06:17:27] SAMPLE t=63s phase=Loss_spike adaptation=with_ML throughput_gbps=6.8879 latency_ms=70.0254
[2026-08-08T06:17:28] SAMPLE t=64s phase=Loss_spike adaptation=with_ML throughput_gbps=6.2211 latency_ms=70.8589
[2026-08-08T06:17:29] SAMPLE t=65s phase=Loss_spike adaptation=with_ML throughput_gbps=7.3595 latency_ms=66.9207
[2026-08-08T06:17:30] SAMPLE t=66s phase=Loss_spike adaptation=with_ML throughput_gbps=8.1878 latency_ms=71.0162
[2026-08-08T06:17:31] SAMPLE t=67s phase=Loss_spike adaptation=with_ML throughput_gbps=7.92 latency_ms=69.75
[2026-08-08T06:17:32] SAMPLE t=68s phase=Loss_spike adaptation=with_ML throughput_gbps=6.5533 latency_ms=71.1529
[2026-08-08T06:17:33] SAMPLE t=69s phase=Loss_spike adaptation=with_ML throughput_gbps=6.1023 latency_ms=68.4917
[2026-08-08T06:17:34] SAMPLE t=70s phase=Loss_spike adaptation=with_ML throughput_gbps=7.2244 latency_ms=69.539
[2026-08-08T06:17:35] SAMPLE t=71s phase=Loss_spike adaptation=with_ML throughput_gbps=8.3904 latency_ms=69.5981
[2026-08-08T06:17:36] SAMPLE t=72s phase=Loss_spike adaptation=with_ML throughput_gbps=8.2036 latency_ms=68.9494
[2026-08-08T06:17:37] SAMPLE t=73s phase=Loss_spike adaptation=with_ML throughput_gbps=6.4734 latency_ms=67.8378
[2026-08-08T06:17:38] SAMPLE t=74s phase=Loss_spike adaptation=with_ML throughput_gbps=6.3234 latency_ms=71.2599
[2026-08-08T06:17:39] SAMPLE t=75s phase=Loss_spike adaptation=with_ML throughput_gbps=7.0808 latency_ms=66.9661
[2026-08-08T06:17:40] SAMPLE t=76s phase=Loss_spike adaptation=with_ML throughput_gbps=8.6172 latency_ms=71.406
[2026-08-08T06:17:41] SAMPLE t=77s phase=Loss_spike adaptation=with_ML throughput_gbps=8.2192 latency_ms=69.6817
[2026-08-08T06:17:42] SAMPLE t=78s phase=Loss_spike adaptation=with_ML throughput_gbps=6.8984 latency_ms=68.4503
[2026-08-08T06:17:43] SAMPLE t=79s phase=Loss_spike adaptation=with_ML throughput_gbps=5.8341 latency_ms=71.5074
[2026-08-08T06:17:44] SAMPLE t=80s phase=Recovery adaptation=with_ML throughput_gbps=8.3023 latency_ms=65.8186
[2026-08-08T06:17:45] SAMPLE t=81s phase=Recovery adaptation=with_ML throughput_gbps=8.1295 latency_ms=66.7535
[2026-08-08T06:17:46] SAMPLE t=82s phase=Recovery adaptation=with_ML throughput_gbps=7.7411 latency_ms=64.9143
[2026-08-08T06:17:47] SAMPLE t=83s phase=Recovery adaptation=with_ML throughput_gbps=7.7008 latency_ms=65.315
[2026-08-08T06:17:48] SAMPLE t=84s phase=Recovery adaptation=with_ML throughput_gbps=7.9821 latency_ms=65.9137
[2026-08-08T06:17:49] SAMPLE t=85s phase=Recovery adaptation=with_ML throughput_gbps=7.8711 latency_ms=66.1167
[2026-08-08T06:17:50] SAMPLE t=86s phase=Recovery adaptation=with_ML throughput_gbps=8.3602 latency_ms=66.5157
[2026-08-08T06:17:51] SAMPLE t=87s phase=Recovery adaptation=with_ML throughput_gbps=8.1809 latency_ms=65.7424
[2026-08-08T06:17:52] SAMPLE t=88s phase=Recovery adaptation=with_ML throughput_gbps=7.9903 latency_ms=65.0533
[2026-08-08T06:17:53] SAMPLE t=89s phase=Recovery adaptation=with_ML throughput_gbps=8.27 latency_ms=64.4121
[2026-08-08T06:17:54] SAMPLE t=90s phase=Recovery adaptation=with_ML throughput_gbps=8.2804 latency_ms=64.6095
[2026-08-08T06:17:55] SAMPLE t=91s phase=Recovery adaptation=with_ML throughput_gbps=8.0215 latency_ms=66.6307
[2026-08-08T06:17:56] SAMPLE t=92s phase=Recovery adaptation=with_ML throughput_gbps=8.3931 latency_ms=66.4346
[2026-08-08T06:17:57] SAMPLE t=93s phase=Recovery adaptation=with_ML throughput_gbps=7.9758 latency_ms=65.1565
[2026-08-08T06:17:58] SAMPLE t=94s phase=Recovery adaptation=with_ML throughput_gbps=8.2695 latency_ms=65.1152
[2026-08-08T06:17:59] SAMPLE t=95s phase=Recovery adaptation=with_ML throughput_gbps=8.4258 latency_ms=65.1669
[2026-08-08T06:18:00] SAMPLE t=96s phase=Recovery adaptation=with_ML throughput_gbps=8.4866 latency_ms=63.5287
[2026-08-08T06:18:01] SAMPLE t=97s phase=Recovery adaptation=with_ML throughput_gbps=8.1738 latency_ms=63.6161
[2026-08-08T06:18:02] SAMPLE t=98s phase=Recovery adaptation=with_ML throughput_gbps=8.5073 latency_ms=66.6519
[2026-08-08T06:18:03] SAMPLE t=99s phase=Recovery adaptation=with_ML throughput_gbps=8.6103 latency_ms=66.6025
[2026-08-08T06:16:24] SAMPLE t=0s phase=Stable adaptation=without_ML throughput_gbps=8.1038 latency_ms=69.4952
[2026-08-08T06:16:25] SAMPLE t=1s phase=Stable adaptation=without_ML throughput_gbps=8.1705 latency_ms=66.9256
[2026-08-08T06:16:26] SAMPLE t=2s phase=Stable adaptation=without_ML throughput_gbps=8.1204 latency_ms=65.2487
[2026-08-08T06:16:27] SAMPLE t=3s phase=Stable adaptation=without_ML throughput_gbps=8.2808 latency_ms=68.1703
[2026-08-08T06:16:28] SAMPLE t=4s phase=Stable adaptation=without_ML throughput_gbps=7.8364 latency_ms=65.4061
[2026-08-08T06:16:29] SAMPLE t=5s phase=Stable adaptation=without_ML throughput_gbps=7.9211 latency_ms=65.1689
[2026-08-08T06:16:30] SAMPLE t=6s phase=Stable adaptation=without_ML throughput_gbps=7.6373 latency_ms=64.4944
[2026-08-08T06:16:31] SAMPLE t=7s phase=Stable adaptation=without_ML throughput_gbps=8.0573 latency_ms=66.405
[2026-08-08T06:16:32] SAMPLE t=8s phase=Stable adaptation=without_ML throughput_gbps=8.3881 latency_ms=65.9839
[2026-08-08T06:16:33] SAMPLE t=9s phase=Stable adaptation=without_ML throughput_gbps=8.1242 latency_ms=66.4382
[2026-08-08T06:16:34] SAMPLE t=10s phase=Stable adaptation=without_ML throughput_gbps=7.8757 latency_ms=67.67
[2026-08-08T06:16:35] SAMPLE t=11s phase=Stable adaptation=without_ML throughput_gbps=7.9602 latency_ms=65.7384
[2026-08-08T06:16:36] SAMPLE t=12s phase=Stable adaptation=without_ML throughput_gbps=7.6468 latency_ms=65.6996
[2026-08-08T06:16:37] SAMPLE t=13s phase=Stable adaptation=without_ML throughput_gbps=7.8953 latency_ms=65.7975
[2026-08-08T06:16:38] SAMPLE t=14s phase=Stable adaptation=without_ML throughput_gbps=7.8326 latency_ms=68.2202
[2026-08-08T06:16:39] SAMPLE t=15s phase=Stable adaptation=without_ML throughput_gbps=7.9256 latency_ms=65.06
[2026-08-08T06:16:40] SAMPLE t=16s phase=Stable adaptation=without_ML throughput_gbps=8.1994 latency_ms=64.0852
[2026-08-08T06:16:41] SAMPLE t=17s phase=Stable adaptation=without_ML throughput_gbps=8.0938 latency_ms=64.5705
[2026-08-08T06:16:42] SAMPLE t=18s phase=Stable adaptation=without_ML throughput_gbps=8.2026 latency_ms=65.5039
[2026-08-08T06:16:43] SAMPLE t=19s phase=Stable adaptation=without_ML throughput_gbps=8.1353 latency_ms=65.4055
[2026-08-08T06:16:44] SAMPLE t=20s phase=Congestion adaptation=without_ML throughput_gbps=7.7661 latency_ms=66.6938
[2026-08-08T06:16:45] SAMPLE t=21s phase=Congestion adaptation=without_ML throughput_gbps=7.776 latency_ms=63.4363
[2026-08-08T06:16:46] SAMPLE t=22s phase=Congestion adaptation=without_ML throughput_gbps=7.9965 latency_ms=64.8406
[2026-08-08T06:16:47] SAMPLE t=23s phase=Congestion adaptation=without_ML throughput_gbps=8.2584 latency_ms=66.7397
[2026-08-08T06:16:48] SAMPLE t=24s phase=Congestion adaptation=without_ML throughput_gbps=8.5561 latency_ms=65.6521
[2026-08-08T06:16:49] SAMPLE t=25s phase=Congestion adaptation=without_ML throughput_gbps=8.3208 latency_ms=66.9644
[2026-08-08T06:16:50] SAMPLE t=26s phase=Congestion adaptation=without_ML throughput_gbps=8.2216 latency_ms=65.4925
[2026-08-08T06:16:51] SAMPLE t=27s phase=Congestion adaptation=without_ML throughput_gbps=7.5487 latency_ms=64.4034
[2026-08-08T06:16:52] SAMPLE t=28s phase=Congestion adaptation=without_ML throughput_gbps=7.8898 latency_ms=66.9302
[2026-08-08T06:16:53] SAMPLE t=29s phase=Congestion adaptation=without_ML throughput_gbps=7.9465 latency_ms=66.44
[2026-08-08T06:16:54] SAMPLE t=30s phase=Congestion adaptation=without_ML throughput_gbps=8.3633 latency_ms=68.8484
[2026-08-08T06:16:55] SAMPLE t=31s phase=Congestion adaptation=without_ML throughput_gbps=7.8644 latency_ms=66.2744
[2026-08-08T06:16:56] SAMPLE t=32s phase=Congestion adaptation=without_ML throughput_gbps=7.502 latency_ms=67.185
[2026-08-08T06:16:57] SAMPLE t=33s phase=Congestion adaptation=without_ML throughput_gbps=7.8361 latency_ms=64.713
[2026-08-08T06:16:58] SAMPLE t=34s phase=Congestion adaptation=without_ML throughput_gbps=8.5414 latency_ms=67.3022
[2026-08-08T06:16:59] SAMPLE t=35s phase=Congestion adaptation=without_ML throughput_gbps=8.2778 latency_ms=66.3348
[2026-08-08T06:17:00] SAMPLE t=36s phase=Congestion adaptation=without_ML throughput_gbps=8.2311 latency_ms=64.6499
[2026-08-08T06:17:01] SAMPLE t=37s phase=Congestion adaptation=without_ML throughput_gbps=8.16 latency_ms=66.1493
[2026-08-08T06:17:02] SAMPLE t=38s phase=Congestion adaptation=without_ML throughput_gbps=8.3592 latency_ms=67.3043
[2026-08-08T06:17:03] SAMPLE t=39s phase=Congestion adaptation=without_ML throughput_gbps=8.4684 latency_ms=65.1224
[2026-08-08T06:17:04] SAMPLE t=40s phase=Path_change adaptation=without_ML throughput_gbps=8.0441 latency_ms=65.9224
[2026-08-08T06:17:05] SAMPLE t=41s phase=Path_change adaptation=without_ML throughput_gbps=7.6394 latency_ms=67.311
[2026-08-08T06:17:06] SAMPLE t=42s phase=Path_change adaptation=without_ML throughput_gbps=7.2609 latency_ms=66.4629
[2026-08-08T06:17:07] SAMPLE t=43s phase=Path_change adaptation=without_ML throughput_gbps=6.6213 latency_ms=67.1489
[2026-08-08T06:17:08] SAMPLE t=44s phase=Path_change adaptation=without_ML throughput_gbps=6.6988 latency_ms=70.4915
[2026-08-08T06:17:09] SAMPLE t=45s phase=Path_change adaptation=without_ML throughput_gbps=6.2746 latency_ms=70.381
[2026-08-08T06:17:10] SAMPLE t=46s phase=Path_change adaptation=without_ML throughput_gbps=6.2621 latency_ms=69.6804
[2026-08-08T06:17:11] SAMPLE t=47s phase=Path_change adaptation=without_ML throughput_gbps=5.9624 latency_ms=71.5539
[2026-08-08T06:17:12] SAMPLE t=48s phase=Path_change adaptation=without_ML throughput_gbps=5.7159 latency_ms=71.3741
[2026-08-08T06:17:13] SAMPLE t=49s phase=Path_change adaptation=without_ML throughput_gbps=5.5847 latency_ms=74.5666
[2026-08-08T06:17:14] SAMPLE t=50s phase=Path_change adaptation=without_ML throughput_gbps=5.9146 latency_ms=76.7738
[2026-08-08T06:17:15] SAMPLE t=51s phase=Path_change adaptation=without_ML throughput_gbps=5.6165 latency_ms=72.6701
[2026-08-08T06:17:16] SAMPLE t=52s phase=Path_change adaptation=without_ML throughput_gbps=5.7056 latency_ms=74.5436
[2026-08-08T06:17:17] SAMPLE t=53s phase=Path_change adaptation=without_ML throughput_gbps=6.3296 latency_ms=74.2486
[2026-08-08T06:17:18] SAMPLE t=54s phase=Path_change adaptation=without_ML throughput_gbps=6.0637 latency_ms=72.1952
[2026-08-08T06:17:19] SAMPLE t=55s phase=Path_change adaptation=without_ML throughput_gbps=6.6038 latency_ms=70.4745
[2026-08-08T06:17:20] SAMPLE t=56s phase=Path_change adaptation=without_ML throughput_gbps=6.548 latency_ms=72.0697
[2026-08-08T06:17:21] SAMPLE t=57s phase=Path_change adaptation=without_ML throughput_gbps=7.3267 latency_ms=69.3068
[2026-08-08T06:17:22] SAMPLE t=58s phase=Path_change adaptation=without_ML throughput_gbps=7.6013 latency_ms=68.2211
[2026-08-08T06:17:23] SAMPLE t=59s phase=Path_change adaptation=without_ML throughput_gbps=7.7378 latency_ms=66.1384
[2026-08-08T06:17:24] SAMPLE t=60s phase=Loss_spike adaptation=without_ML throughput_gbps=6.3932 latency_ms=69.5455
[2026-08-08T06:17:25] SAMPLE t=61s phase=Loss_spike adaptation=without_ML throughput_gbps=8.0739 latency_ms=78.1964
[2026-08-08T06:17:26] SAMPLE t=62s phase=Loss_spike adaptation=without_ML throughput_gbps=7.2923 latency_ms=78.6977
[2026-08-08T06:17:27] SAMPLE t=63s phase=Loss_spike adaptation=without_ML throughput_gbps=4.8109 latency_ms=78.7134
[2026-08-08T06:17:28] SAMPLE t=64s phase=Loss_spike adaptation=without_ML throughput_gbps=4.145 latency_ms=77.314
[2026-08-08T06:17:29] SAMPLE t=65s phase=Loss_spike adaptation=without_ML throughput_gbps=6.3268 latency_ms=72.5543
[2026-08-08T06:17:30] SAMPLE t=66s phase=Loss_spike adaptation=without_ML throughput_gbps=8.4228 latency_ms=79.7013
[2026-08-08T06:17:31] SAMPLE t=67s phase=Loss_spike adaptation=without_ML throughput_gbps=7.5533 latency_ms=75.8266
[2026-08-08T06:17:32] SAMPLE t=68s phase=Loss_spike adaptation=without_ML throughput_gbps=5.2264 latency_ms=76.5408
[2026-08-08T06:17:33] SAMPLE t=69s phase=Loss_spike adaptation=without_ML throughput_gbps=4.1546 latency_ms=82.2819
[2026-08-08T06:17:34] SAMPLE t=70s phase=Loss_spike adaptation=without_ML throughput_gbps=6.3648 latency_ms=71.4737
[2026-08-08T06:17:35] SAMPLE t=71s phase=Loss_spike adaptation=without_ML throughput_gbps=8.255 latency_ms=77.1743
[2026-08-08T06:17:36] SAMPLE t=72s phase=Loss_spike adaptation=without_ML throughput_gbps=7.5067 latency_ms=76.0932
[2026-08-08T06:17:37] SAMPLE t=73s phase=Loss_spike adaptation=without_ML throughput_gbps=4.8447 latency_ms=77.6364
[2026-08-08T06:17:38] SAMPLE t=74s phase=Loss_spike adaptation=without_ML throughput_gbps=4.0762 latency_ms=79.7245
[2026-08-08T06:17:39] SAMPLE t=75s phase=Loss_spike adaptation=without_ML throughput_gbps=6.1333 latency_ms=69.6584
[2026-08-08T06:17:40] SAMPLE t=76s phase=Loss_spike adaptation=without_ML throughput_gbps=8.2336 latency_ms=80.4711
[2026-08-08T06:17:41] SAMPLE t=77s phase=Loss_spike adaptation=without_ML throughput_gbps=7.6492 latency_ms=76.9694
[2026-08-08T06:17:42] SAMPLE t=78s phase=Loss_spike adaptation=without_ML throughput_gbps=4.781 latency_ms=74.8947
[2026-08-08T06:17:43] SAMPLE t=79s phase=Loss_spike adaptation=without_ML throughput_gbps=3.967 latency_ms=79.3675
[2026-08-08T06:17:44] SAMPLE t=80s phase=Recovery adaptation=without_ML throughput_gbps=8.0335 latency_ms=63.9339
[2026-08-08T06:17:45] SAMPLE t=81s phase=Recovery adaptation=without_ML throughput_gbps=7.7678 latency_ms=65.2832
[2026-08-08T06:17:46] SAMPLE t=82s phase=Recovery adaptation=without_ML throughput_gbps=7.965 latency_ms=65.7543
[2026-08-08T06:17:47] SAMPLE t=83s phase=Recovery adaptation=without_ML throughput_gbps=7.7619 latency_ms=65.2178
[2026-08-08T06:17:48] SAMPLE t=84s phase=Recovery adaptation=without_ML throughput_gbps=7.7297 latency_ms=66.8612
[2026-08-08T06:17:49] SAMPLE t=85s phase=Recovery adaptation=without_ML throughput_gbps=7.7951 latency_ms=64.2015
[2026-08-08T06:17:50] SAMPLE t=86s phase=Recovery adaptation=without_ML throughput_gbps=7.6871 latency_ms=64.5913
[2026-08-08T06:17:51] SAMPLE t=87s phase=Recovery adaptation=without_ML throughput_gbps=8.2229 latency_ms=65.768
[2026-08-08T06:17:52] SAMPLE t=88s phase=Recovery adaptation=without_ML throughput_gbps=8.4612 latency_ms=66.026
[2026-08-08T06:17:53] SAMPLE t=89s phase=Recovery adaptation=without_ML throughput_gbps=8.2891 latency_ms=64.8335
[2026-08-08T06:17:54] SAMPLE t=90s phase=Recovery adaptation=without_ML throughput_gbps=7.978 latency_ms=64.9278
[2026-08-08T06:17:55] SAMPLE t=91s phase=Recovery adaptation=without_ML throughput_gbps=8.1122 latency_ms=66.1524
[2026-08-08T06:17:56] SAMPLE t=92s phase=Recovery adaptation=without_ML throughput_gbps=7.9152 latency_ms=66.4974
[2026-08-08T06:17:57] SAMPLE t=93s phase=Recovery adaptation=without_ML throughput_gbps=7.6445 latency_ms=67.6533
[2026-08-08T06:17:58] SAMPLE t=94s phase=Recovery adaptation=without_ML throughput_gbps=7.9863 latency_ms=64.6128
[2026-08-08T06:17:59] SAMPLE t=95s phase=Recovery adaptation=without_ML throughput_gbps=8.2313 latency_ms=66.2557
[2026-08-08T06:18:00] SAMPLE t=96s phase=Recovery adaptation=without_ML throughput_gbps=8.0244 latency_ms=66.7518
[2026-08-08T06:18:01] SAMPLE t=97s phase=Recovery adaptation=without_ML throughput_gbps=7.9228 latency_ms=66.7492
[2026-08-08T06:18:02] SAMPLE t=98s phase=Recovery adaptation=without_ML throughput_gbps=7.9026 latency_ms=65.4321
[2026-08-08T06:18:03] SAMPLE t=99s phase=Recovery adaptation=without_ML throughput_gbps=8.0838 latency_ms=66.2871
[2026-08-08T06:16:24] TRACE_END run_id=37 status=OK
[2026-08-09T00:35:26] TRACE_START run_id=38
[2026-08-09T00:35:26] SAMPLE t=0s phase=Stable adaptation=with_ML throughput_gbps=7.8924 latency_ms=66.2213
[2026-08-09T00:35:27] SAMPLE t=1s phase=Stable adaptation=with_ML throughput_gbps=8.1582 latency_ms=66.3713
[2026-08-09T00:35:28] SAMPLE t=2s phase=Stable adaptation=with_ML throughput_gbps=7.803 latency_ms=66.1671
[2026-08-09T00:35:29] SAMPLE t=3s phase=Stable adaptation=with_ML throughput_gbps=8.094 latency_ms=65.4967
[2026-08-09T00:35:30] SAMPLE t=4s phase=Stable adaptation=with_ML throughput_gbps=8.047 latency_ms=68.0465
[2026-08-09T00:35:31] SAMPLE t=5s phase=Stable adaptation=with_ML throughput_gbps=8.3022 latency_ms=66.0521
[2026-08-09T00:35:32] SAMPLE t=6s phase=Stable adaptation=with_ML throughput_gbps=8.4915 latency_ms=68.3174
[2026-08-09T00:35:33] SAMPLE t=7s phase=Stable adaptation=with_ML throughput_gbps=8.0728 latency_ms=65.9198
[2026-08-09T00:35:34] SAMPLE t=8s phase=Stable adaptation=with_ML throughput_gbps=7.8122 latency_ms=67.3953
[2026-08-09T00:35:35] SAMPLE t=9s phase=Stable adaptation=with_ML throughput_gbps=8.5011 latency_ms=64.572
[2026-08-09T00:35:36] SAMPLE t=10s phase=Stable adaptation=with_ML throughput_gbps=8.1812 latency_ms=66.2962
[2026-08-09T00:35:37] SAMPLE t=11s phase=Stable adaptation=with_ML throughput_gbps=8.1478 latency_ms=67.2493
[2026-08-09T00:35:38] SAMPLE t=12s phase=Stable adaptation=with_ML throughput_gbps=8.2335 latency_ms=66.4059
[2026-08-09T00:35:39] SAMPLE t=13s phase=Stable adaptation=with_ML throughput_gbps=8.3528 latency_ms=67.6305
[2026-08-09T00:35:40] SAMPLE t=14s phase=Stable adaptation=with_ML throughput_gbps=8.3446 latency_ms=68.4214
[2026-08-09T00:35:41] SAMPLE t=15s phase=Stable adaptation=with_ML throughput_gbps=8.0707 latency_ms=65.6915
[2026-08-09T00:35:42] SAMPLE t=16s phase=Stable adaptation=with_ML throughput_gbps=7.9133 latency_ms=68.0143
[2026-08-09T00:35:43] SAMPLE t=17s phase=Stable adaptation=with_ML throughput_gbps=8.3268 latency_ms=67.4181
[2026-08-09T00:35:44] SAMPLE t=18s phase=Stable adaptation=with_ML throughput_gbps=8.0595 latency_ms=65.4189
[2026-08-09T00:35:45] SAMPLE t=19s phase=Stable adaptation=with_ML throughput_gbps=8.3244 latency_ms=64.8346
[2026-08-09T00:35:46] SAMPLE t=20s phase=Congestion adaptation=with_ML throughput_gbps=8.2723 latency_ms=65.4687
[2026-08-09T00:35:47] SAMPLE t=21s phase=Congestion adaptation=with_ML throughput_gbps=8.0231 latency_ms=65.3848
[2026-08-09T00:35:48] SAMPLE t=22s phase=Congestion adaptation=with_ML throughput_gbps=8.3103 latency_ms=68.8885
[2026-08-09T00:35:49] SAMPLE t=23s phase=Congestion adaptation=with_ML throughput_gbps=8.0628 latency_ms=64.4994
[2026-08-09T00:35:50] SAMPLE t=24s phase=Congestion adaptation=with_ML throughput_gbps=7.917 latency_ms=66.7982
[2026-08-09T00:35:51] SAMPLE t=25s phase=Congestion adaptation=with_ML throughput_gbps=8.1092 latency_ms=65.9231
[2026-08-09T00:35:52] SAMPLE t=26s phase=Congestion adaptation=with_ML throughput_gbps=7.9179 latency_ms=65.687
[2026-08-09T00:35:53] SAMPLE t=27s phase=Congestion adaptation=with_ML throughput_gbps=7.9253 latency_ms=67.4496
[2026-08-09T00:35:54] SAMPLE t=28s phase=Congestion adaptation=with_ML throughput_gbps=8.0272 latency_ms=67.7827
[2026-08-09T00:35:55] SAMPLE t=29s phase=Congestion adaptation=with_ML throughput_gbps=7.946 latency_ms=67.6032
[2026-08-09T00:35:56] SAMPLE t=30s phase=Congestion adaptation=with_ML throughput_gbps=7.7942 latency_ms=65.4713
[2026-08-09T00:35:57] SAMPLE t=31s phase=Congestion adaptation=with_ML throughput_gbps=7.9922 latency_ms=67.5913
[2026-08-09T00:35:58] SAMPLE t=32s phase=Congestion adaptation=with_ML throughput_gbps=8.4375 latency_ms=65.4739
[2026-08-09T00:35:59] SAMPLE t=33s phase=Congestion adaptation=with_ML throughput_gbps=7.7141 latency_ms=65.8301
[2026-08-09T00:36:00] SAMPLE t=34s phase=Congestion adaptation=with_ML throughput_gbps=8.1696 latency_ms=67.4798
[2026-08-09T00:36:01] SAMPLE t=35s phase=Congestion adaptation=with_ML throughput_gbps=8.345 latency_ms=67.6629
[2026-08-09T00:36:02] SAMPLE t=36s phase=Congestion adaptation=with_ML throughput_gbps=8.1068 latency_ms=66.3094
[2026-08-09T00:36:03] SAMPLE t=37s phase=Congestion adaptation=with_ML throughput_gbps=8.0269 latency_ms=64.2659
[2026-08-09T00:36:04] SAMPLE t=38s phase=Congestion adaptation=with_ML throughput_gbps=8.3946 latency_ms=68.6962
[2026-08-09T00:36:05] SAMPLE t=39s phase=Congestion adaptation=with_ML throughput_gbps=8.1245 latency_ms=66.5946
[2026-08-09T00:36:06] SAMPLE t=40s phase=Path_change adaptation=with_ML throughput_gbps=8.1685 latency_ms=65.6563
[2026-08-09T00:36:07] SAMPLE t=41s phase=Path_change adaptation=with_ML throughput_gbps=7.8484 latency_ms=68.2157
[2026-08-09T00:36:08] SAMPLE t=42s phase=Path_change adaptation=with_ML throughput_gbps=7.6771 latency_ms=68.2844
[2026-08-09T00:36:09] SAMPLE t=43s phase=Path_change adaptation=with_ML throughput_gbps=7.8102 latency_ms=69.8114
[2026-08-09T00:36:10] SAMPLE t=44s phase=Path_change adaptation=with_ML throughput_gbps=7.6056 latency_ms=67.6546
[2026-08-09T00:36:11] SAMPLE t=45s phase=Path_change adaptation=with_ML throughput_gbps=7.8112 latency_ms=69.2435
[2026-08-09T00:36:12] SAMPLE t=46s phase=Path_change adaptation=with_ML throughput_gbps=7.7405 latency_ms=65.9382
[2026-08-09T00:36:13] SAMPLE t=47s phase=Path_change adaptation=with_ML throughput_gbps=7.0496 latency_ms=69.9647
[2026-08-09T00:36:14] SAMPLE t=48s phase=Path_change adaptation=with_ML throughput_gbps=7.0492 latency_ms=68.0257
[2026-08-09T00:36:15] SAMPLE t=49s phase=Path_change adaptation=with_ML throughput_gbps=7.2519 latency_ms=68.8562
[2026-08-09T00:36:16] SAMPLE t=50s phase=Path_change adaptation=with_ML throughput_gbps=6.8523 latency_ms=69.6639
[2026-08-09T00:36:17] SAMPLE t=51s phase=Path_change adaptation=with_ML throughput_gbps=6.9841 latency_ms=67.8832
[2026-08-09T00:36:18] SAMPLE t=52s phase=Path_change adaptation=with_ML throughput_gbps=7.0622 latency_ms=68.5784
[2026-08-09T00:36:19] SAMPLE t=53s phase=Path_change adaptation=with_ML throughput_gbps=7.3425 latency_ms=68.1092
[2026-08-09T00:36:20] SAMPLE t=54s phase=Path_change adaptation=with_ML throughput_gbps=7.5129 latency_ms=69.0828
[2026-08-09T00:36:21] SAMPLE t=55s phase=Path_change adaptation=with_ML throughput_gbps=7.4466 latency_ms=68.4991
[2026-08-09T00:36:22] SAMPLE t=56s phase=Path_change adaptation=with_ML throughput_gbps=7.392 latency_ms=66.4831
[2026-08-09T00:36:23] SAMPLE t=57s phase=Path_change adaptation=with_ML throughput_gbps=7.7686 latency_ms=68.3529
[2026-08-09T00:36:24] SAMPLE t=58s phase=Path_change adaptation=with_ML throughput_gbps=8.0711 latency_ms=66.4607
[2026-08-09T00:36:25] SAMPLE t=59s phase=Path_change adaptation=with_ML throughput_gbps=7.8327 latency_ms=64.0939
[2026-08-09T00:36:26] SAMPLE t=60s phase=Loss_spike adaptation=with_ML throughput_gbps=7.4269 latency_ms=66.2011
[2026-08-09T00:36:27] SAMPLE t=61s phase=Loss_spike adaptation=with_ML throughput_gbps=8.2271 latency_ms=71.536
[2026-08-09T00:36:28] SAMPLE t=62s phase=Loss_spike adaptation=with_ML throughput_gbps=7.6757 latency_ms=72.3725
[2026-08-09T00:36:29] SAMPLE t=63s phase=Loss_spike adaptation=with_ML throughput_gbps=6.4775 latency_ms=69.1544
[2026-08-09T00:36:30] SAMPLE t=64s phase=Loss_spike adaptation=with_ML throughput_gbps=6.0231 latency_ms=71.8563
[2026-08-09T00:36:31] SAMPLE t=65s phase=Loss_spike adaptation=with_ML throughput_gbps=7.4548 latency_ms=68.5759
[2026-08-09T00:36:32] SAMPLE t=66s phase=Loss_spike adaptation=with_ML throughput_gbps=8.5053 latency_ms=69.7056
[2026-08-09T00:36:33] SAMPLE t=67s phase=Loss_spike adaptation=with_ML throughput_gbps=8.1434 latency_ms=68.2816
[2026-08-09T00:36:34] SAMPLE t=68s phase=Loss_spike adaptation=with_ML throughput_gbps=6.5676 latency_ms=70.4811
[2026-08-09T00:36:35] SAMPLE t=69s phase=Loss_spike adaptation=with_ML throughput_gbps=6.1547 latency_ms=70.4711
[2026-08-09T00:36:36] SAMPLE t=70s phase=Loss_spike adaptation=with_ML throughput_gbps=6.9522 latency_ms=69.747
[2026-08-09T00:36:37] SAMPLE t=71s phase=Loss_spike adaptation=with_ML throughput_gbps=8.7973 latency_ms=70.604
[2026-08-09T00:36:38] SAMPLE t=72s phase=Loss_spike adaptation=with_ML throughput_gbps=7.7456 latency_ms=67.0366
[2026-08-09T00:36:39] SAMPLE t=73s phase=Loss_spike adaptation=with_ML throughput_gbps=6.8027 latency_ms=69.616
[2026-08-09T00:36:40] SAMPLE t=74s phase=Loss_spike adaptation=with_ML throughput_gbps=6.3091 latency_ms=70.905
[2026-08-09T00:36:41] SAMPLE t=75s phase=Loss_spike adaptation=with_ML throughput_gbps=7.6819 latency_ms=69.7629
[2026-08-09T00:36:42] SAMPLE t=76s phase=Loss_spike adaptation=with_ML throughput_gbps=8.5395 latency_ms=73.3527
[2026-08-09T00:36:43] SAMPLE t=77s phase=Loss_spike adaptation=with_ML throughput_gbps=7.8506 latency_ms=69.5897
[2026-08-09T00:36:44] SAMPLE t=78s phase=Loss_spike adaptation=with_ML throughput_gbps=6.56 latency_ms=69.2995
[2026-08-09T00:36:45] SAMPLE t=79s phase=Loss_spike adaptation=with_ML throughput_gbps=6.3501 latency_ms=71.4445
[2026-08-09T00:36:46] SAMPLE t=80s phase=Recovery adaptation=with_ML throughput_gbps=8.1215 latency_ms=63.4611
[2026-08-09T00:36:47] SAMPLE t=81s phase=Recovery adaptation=with_ML throughput_gbps=7.8121 latency_ms=64.9916
[2026-08-09T00:36:48] SAMPLE t=82s phase=Recovery adaptation=with_ML throughput_gbps=8.2899 latency_ms=67.1784
[2026-08-09T00:36:49] SAMPLE t=83s phase=Recovery adaptation=with_ML throughput_gbps=8.2014 latency_ms=68.6778
[2026-08-09T00:36:50] SAMPLE t=84s phase=Recovery adaptation=with_ML throughput_gbps=8.698 latency_ms=66.5199
[2026-08-09T00:36:51] SAMPLE t=85s phase=Recovery adaptation=with_ML throughput_gbps=8.1348 latency_ms=66.328
[2026-08-09T00:36:52] SAMPLE t=86s phase=Recovery adaptation=with_ML throughput_gbps=8.4195 latency_ms=64.7692
[2026-08-09T00:36:53] SAMPLE t=87s phase=Recovery adaptation=with_ML throughput_gbps=8.2172 latency_ms=66.8645
[2026-08-09T00:36:54] SAMPLE t=88s phase=Recovery adaptation=with_ML throughput_gbps=8.2434 latency_ms=66.9605
[2026-08-09T00:36:55] SAMPLE t=89s phase=Recovery adaptation=with_ML throughput_gbps=8.4777 latency_ms=64.904
[2026-08-09T00:36:56] SAMPLE t=90s phase=Recovery adaptation=with_ML throughput_gbps=8.2797 latency_ms=66.4168
[2026-08-09T00:36:57] SAMPLE t=91s phase=Recovery adaptation=with_ML throughput_gbps=8.3198 latency_ms=65.209
[2026-08-09T00:36:58] SAMPLE t=92s phase=Recovery adaptation=with_ML throughput_gbps=8.3987 latency_ms=63.8994
[2026-08-09T00:36:59] SAMPLE t=93s phase=Recovery adaptation=with_ML throughput_gbps=8.1804 latency_ms=66.4106
[2026-08-09T00:37:00] SAMPLE t=94s phase=Recovery adaptation=with_ML throughput_gbps=8.134 latency_ms=63.9981
[2026-08-09T00:37:01] SAMPLE t=95s phase=Recovery adaptation=with_ML throughput_gbps=8.6764 latency_ms=63.6685
[2026-08-09T00:37:02] SAMPLE t=96s phase=Recovery adaptation=with_ML throughput_gbps=8.6299 latency_ms=66.4364
[2026-08-09T00:37:03] SAMPLE t=97s phase=Recovery adaptation=with_ML throughput_gbps=8.535 latency_ms=64.3827
[2026-08-09T00:37:04] SAMPLE t=98s phase=Recovery adaptation=with_ML throughput_gbps=8.8072 latency_ms=63.1597
[2026-08-09T00:37:05] SAMPLE t=99s phase=Recovery adaptation=with_ML throughput_gbps=8.6001 latency_ms=64.2282
[2026-08-09T00:35:26] SAMPLE t=0s phase=Stable adaptation=without_ML throughput_gbps=8.1544 latency_ms=65.6741
[2026-08-09T00:35:27] SAMPLE t=1s phase=Stable adaptation=without_ML throughput_gbps=7.9284 latency_ms=68.3143
[2026-08-09T00:35:28] SAMPLE t=2s phase=Stable adaptation=without_ML throughput_gbps=8.061 latency_ms=65.1635
[2026-08-09T00:35:29] SAMPLE t=3s phase=Stable adaptation=without_ML throughput_gbps=8.0588 latency_ms=64.5736
[2026-08-09T00:35:30] SAMPLE t=4s phase=Stable adaptation=without_ML throughput_gbps=8.3732 latency_ms=67.2062
[2026-08-09T00:35:31] SAMPLE t=5s phase=Stable adaptation=without_ML throughput_gbps=7.5967 latency_ms=66.1856
[2026-08-09T00:35:32] SAMPLE t=6s phase=Stable adaptation=without_ML throughput_gbps=7.8954 latency_ms=65.6919
[2026-08-09T00:35:33] SAMPLE t=7s phase=Stable adaptation=without_ML throughput_gbps=8.0373 latency_ms=64.1798
[2026-08-09T00:35:34] SAMPLE t=8s phase=Stable adaptation=without_ML throughput_gbps=7.6868 latency_ms=66.4483
[2026-08-09T00:35:35] SAMPLE t=9s phase=Stable adaptation=without_ML throughput_gbps=8.2747 latency_ms=65.2033
[2026-08-09T00:35:36] SAMPLE t=10s phase=Stable adaptation=without_ML throughput_gbps=7.8249 latency_ms=67.2439
[2026-08-09T00:35:37] SAMPLE t=11s phase=Stable adaptation=without_ML throughput_gbps=7.7333 latency_ms=65.0328
[2026-08-09T00:35:38] SAMPLE t=12s phase=Stable adaptation=without_ML throughput_gbps=8.2565 latency_ms=66.735
[2026-08-09T00:35:39] SAMPLE t=13s phase=Stable adaptation=without_ML throughput_gbps=7.9682 latency_ms=65.0754
[2026-08-09T00:35:40] SAMPLE t=14s phase=Stable adaptation=without_ML throughput_gbps=7.633 latency_ms=68.0635
[2026-08-09T00:35:41] SAMPLE t=15s phase=Stable adaptation=without_ML throughput_gbps=8.0468 latency_ms=64.8758
[2026-08-09T00:35:42] SAMPLE t=16s phase=Stable adaptation=without_ML throughput_gbps=7.926 latency_ms=65.3693
[2026-08-09T00:35:43] SAMPLE t=17s phase=Stable adaptation=without_ML throughput_gbps=7.8783 latency_ms=66.3382
[2026-08-09T00:35:44] SAMPLE t=18s phase=Stable adaptation=without_ML throughput_gbps=8.0598 latency_ms=67.6169
[2026-08-09T00:35:45] SAMPLE t=19s phase=Stable adaptation=without_ML throughput_gbps=8.1045 latency_ms=65.2207
[2026-08-09T00:35:46] SAMPLE t=20s phase=Congestion adaptation=without_ML throughput_gbps=7.7907 latency_ms=66.0068
[2026-08-09T00:35:47] SAMPLE t=21s phase=Congestion adaptation=without_ML throughput_gbps=7.7874 latency_ms=65.5851
[2026-08-09T00:35:48] SAMPLE t=22s phase=Congestion adaptation=without_ML throughput_gbps=8.1876 latency_ms=66.8913
[2026-08-09T00:35:49] SAMPLE t=23s phase=Congestion adaptation=without_ML throughput_gbps=8.0526 latency_ms=65.1939
[2026-08-09T00:35:50] SAMPLE t=24s phase=Congestion adaptation=without_ML throughput_gbps=8.194 latency_ms=64.1485
[2026-08-09T00:35:51] SAMPLE t=25s phase=Congestion adaptation=without_ML throughput_gbps=8.0168 latency_ms=66.9305
[2026-08-09T00:35:52] SAMPLE t=26s phase=Congestion adaptation=without_ML throughput_gbps=8.0541 latency_ms=62.7206
[2026-08-09T00:35:53] SAMPLE t=27s phase=Congestion adaptation=without_ML throughput_gbps=7.7807 latency_ms=68.14
[2026-08-09T00:35:54] SAMPLE t=28s phase=Congestion adaptation=without_ML throughput_gbps=7.8168 latency_ms=67.6038
[2026-08-09T00:35:55] SAMPLE t=29s phase=Congestion adaptation=without_ML throughput_gbps=8.3565 latency_ms=65.0776
[2026-08-09T00:35:56] SAMPLE t=30s phase=Congestion adaptation=without_ML throughput_gbps=8.1198 latency_ms=65.6603
[2026-08-09T00:35:57] SAMPLE t=31s phase=Congestion adaptation=without_ML throughput_gbps=8.1846 latency_ms=65.679
[2026-08-09T00:35:58] SAMPLE t=32s phase=Congestion adaptation=without_ML throughput_gbps=7.9265 latency_ms=67.0762
[2026-08-09T00:35:59] SAMPLE t=33s phase=Congestion adaptation=without_ML throughput_gbps=7.8115 latency_ms=65.7292
[2026-08-09T00:36:00] SAMPLE t=34s phase=Congestion adaptation=without_ML throughput_gbps=8.2322 latency_ms=65.2283
[2026-08-09T00:36:01] SAMPLE t=35s phase=Congestion adaptation=without_ML throughput_gbps=7.8079 latency_ms=64.4018
[2026-08-09T00:36:02] SAMPLE t=36s phase=Congestion adaptation=without_ML throughput_gbps=7.7801 latency_ms=66.1928
[2026-08-09T00:36:03] SAMPLE t=37s phase=Congestion adaptation=without_ML throughput_gbps=7.9895 latency_ms=65.6231
[2026-08-09T00:36:04] SAMPLE t=38s phase=Congestion adaptation=without_ML throughput_gbps=7.6365 latency_ms=64.4216
[2026-08-09T00:36:05] SAMPLE t=39s phase=Congestion adaptation=without_ML throughput_gbps=8.2519 latency_ms=67.9539
[2026-08-09T00:36:06] SAMPLE t=40s phase=Path_change adaptation=without_ML throughput_gbps=7.7373 latency_ms=65.776
[2026-08-09T00:36:07] SAMPLE t=41s phase=Path_change adaptation=without_ML throughput_gbps=7.405 latency_ms=67.6706
[2026-08-09T00:36:08] SAMPLE t=42s phase=Path_change adaptation=without_ML throughput_gbps=7.2656 latency_ms=69.3634
[2026-08-09T00:36:09] SAMPLE t=43s phase=Path_change adaptation=without_ML throughput_gbps=6.8197 latency_ms=70.6902
[2026-08-09T00:36:10] SAMPLE t=44s phase=Path_change adaptation=without_ML throughput_gbps=6.6223 latency_ms=71.4188
[2026-08-09T00:36:11] SAMPLE t=45s phase=Path_change adaptation=without_ML throughput_gbps=6.4437 latency_ms=71.1649
[2026-08-09T00:36:12] SAMPLE t=46s phase=Path_change adaptation=without_ML throughput_gbps=6.2677 latency_ms=72.748
[2026-08-09T00:36:13] SAMPLE t=47s phase=Path_change adaptation=without_ML throughput_gbps=5.9404 latency_ms=73.0599
[2026-08-09T00:36:14] SAMPLE t=48s phase=Path_change adaptation=without_ML throughput_gbps=5.5787 latency_ms=68.9299
[2026-08-09T00:36:15] SAMPLE t=49s phase=Path_change adaptation=without_ML throughput_gbps=5.9544 latency_ms=72.5382
[2026-08-09T00:36:16] SAMPLE t=50s phase=Path_change adaptation=without_ML throughput_gbps=5.6201 latency_ms=72.6021
[2026-08-09T00:36:17] SAMPLE t=51s phase=Path_change adaptation=without_ML throughput_gbps=5.8285 latency_ms=75.3701
[2026-08-09T00:36:18] SAMPLE t=52s phase=Path_change adaptation=without_ML throughput_gbps=5.7442 latency_ms=70.6353
[2026-08-09T00:36:19] SAMPLE t=53s phase=Path_change adaptation=without_ML throughput_gbps=5.9715 latency_ms=72.4742
[2026-08-09T00:36:20] SAMPLE t=54s phase=Path_change adaptation=without_ML throughput_gbps=6.0104 latency_ms=70.6157
[2026-08-09T00:36:21] SAMPLE t=55s phase=Path_change adaptation=without_ML throughput_gbps=6.3371 latency_ms=73.7801
[2026-08-09T00:36:22] SAMPLE t=56s phase=Path_change adaptation=without_ML throughput_gbps=6.6313 latency_ms=72.5937
[2026-08-09T00:36:23] SAMPLE t=57s phase=Path_change adaptation=without_ML throughput_gbps=6.7911 latency_ms=66.7887
[2026-08-09T00:36:24] SAMPLE t=58s phase=Path_change adaptation=without_ML throughput_gbps=7.22 latency_ms=68.5606
[2026-08-09T00:36:25] SAMPLE t=59s phase=Path_change adaptation=without_ML throughput_gbps=7.8679 latency_ms=67.027
[2026-08-09T00:36:26] SAMPLE t=60s phase=Loss_spike adaptation=without_ML throughput_gbps=6.2167 latency_ms=68.4973
[2026-08-09T00:36:27] SAMPLE t=61s phase=Loss_spike adaptation=without_ML throughput_gbps=8.8133 latency_ms=79.0824
[2026-08-09T00:36:28] SAMPLE t=62s phase=Loss_spike adaptation=without_ML throughput_gbps=7.7706 latency_ms=73.9114
[2026-08-09T00:36:29] SAMPLE t=63s phase=Loss_spike adaptation=without_ML throughput_gbps=4.9577 latency_ms=75.229
[2026-08-09T00:36:30] SAMPLE t=64s phase=Loss_spike adaptation=without_ML throughput_gbps=3.9642 latency_ms=78.2932
[2026-08-09T00:36:31] SAMPLE t=65s phase=Loss_spike adaptation=without_ML throughput_gbps=6.1545 latency_ms=67.1788
[2026-08-09T00:36:32] SAMPLE t=66s phase=Loss_spike adaptation=without_ML throughput_gbps=8.1782 latency_ms=78.2373
[2026-08-09T00:36:33] SAMPLE t=67s phase=Loss_spike adaptation=without_ML throughput_gbps=7.7337 latency_ms=74.7149
[2026-08-09T00:36:34] SAMPLE t=68s phase=Loss_spike adaptation=without_ML throughput_gbps=4.9601 latency_ms=77.1519
[2026-08-09T00:36:35] SAMPLE t=69s phase=Loss_spike adaptation=without_ML throughput_gbps=3.9766 latency_ms=79.2621
[2026-08-09T00:36:36] SAMPLE t=70s phase=Loss_spike adaptation=without_ML throughput_gbps=6.1843 latency_ms=70.3252
[2026-08-09T00:36:37] SAMPLE t=71s phase=Loss_spike adaptation=without_ML throughput_gbps=8.6766 latency_ms=79.8971
[2026-08-09T00:36:38] SAMPLE t=72s phase=Loss_spike adaptation=without_ML throughput_gbps=7.7761 latency_ms=77.8955
[2026-08-09T00:36:39] SAMPLE t=73s phase=Loss_spike adaptation=without_ML throughput_gbps=5.0482 latency_ms=75.38
[2026-08-09T00:36:40] SAMPLE t=74s phase=Loss_spike adaptation=without_ML throughput_gbps=3.9991 latency_ms=77.7565
[2026-08-09T00:36:41] SAMPLE t=75s phase=Loss_spike adaptation=without_ML throughput_gbps=6.1599 latency_ms=70.3843
[2026-08-09T00:36:42] SAMPLE t=76s phase=Loss_spike adaptation=without_ML throughput_gbps=8.5875 latency_ms=80.0931
[2026-08-09T00:36:43] SAMPLE t=77s phase=Loss_spike adaptation=without_ML throughput_gbps=7.7422 latency_ms=74.5551
[2026-08-09T00:36:44] SAMPLE t=78s phase=Loss_spike adaptation=without_ML throughput_gbps=4.755 latency_ms=78.5731
[2026-08-09T00:36:45] SAMPLE t=79s phase=Loss_spike adaptation=without_ML throughput_gbps=3.9639 latency_ms=79.8135
[2026-08-09T00:36:46] SAMPLE t=80s phase=Recovery adaptation=without_ML throughput_gbps=8.1747 latency_ms=65.4911
[2026-08-09T00:36:47] SAMPLE t=81s phase=Recovery adaptation=without_ML throughput_gbps=8.4685 latency_ms=66.1246
[2026-08-09T00:36:48] SAMPLE t=82s phase=Recovery adaptation=without_ML throughput_gbps=7.9673 latency_ms=65.6811
[2026-08-09T00:36:49] SAMPLE t=83s phase=Recovery adaptation=without_ML throughput_gbps=7.7815 latency_ms=66.147
[2026-08-09T00:36:50] SAMPLE t=84s phase=Recovery adaptation=without_ML throughput_gbps=8.2732 latency_ms=64.1985
[2026-08-09T00:36:51] SAMPLE t=85s phase=Recovery adaptation=without_ML throughput_gbps=7.9933 latency_ms=65.2086
[2026-08-09T00:36:52] SAMPLE t=86s phase=Recovery adaptation=without_ML throughput_gbps=7.7595 latency_ms=67.2451
[2026-08-09T00:36:53] SAMPLE t=87s phase=Recovery adaptation=without_ML throughput_gbps=8.006 latency_ms=67.1333
[2026-08-09T00:36:54] SAMPLE t=88s phase=Recovery adaptation=without_ML throughput_gbps=7.9808 latency_ms=66.52
[2026-08-09T00:36:55] SAMPLE t=89s phase=Recovery adaptation=without_ML throughput_gbps=8.2584 latency_ms=66.7873
[2026-08-09T00:36:56] SAMPLE t=90s phase=Recovery adaptation=without_ML throughput_gbps=8.2418 latency_ms=62.8743
[2026-08-09T00:36:57] SAMPLE t=91s phase=Recovery adaptation=without_ML throughput_gbps=8.2068 latency_ms=65.867
[2026-08-09T00:36:58] SAMPLE t=92s phase=Recovery adaptation=without_ML throughput_gbps=7.875 latency_ms=65.4892
[2026-08-09T00:36:59] SAMPLE t=93s phase=Recovery adaptation=without_ML throughput_gbps=8.6657 latency_ms=67.7119
[2026-08-09T00:37:00] SAMPLE t=94s phase=Recovery adaptation=without_ML throughput_gbps=7.8999 latency_ms=66.4811
[2026-08-09T00:37:01] SAMPLE t=95s phase=Recovery adaptation=without_ML throughput_gbps=7.8597 latency_ms=64.3391
[2026-08-09T00:37:02] SAMPLE t=96s phase=Recovery adaptation=without_ML throughput_gbps=8.1298 latency_ms=65.6764
[2026-08-09T00:37:03] SAMPLE t=97s phase=Recovery adaptation=without_ML throughput_gbps=8.0217 latency_ms=65.6606
[2026-08-09T00:37:04] SAMPLE t=98s phase=Recovery adaptation=without_ML throughput_gbps=7.8594 latency_ms=68.8836
[2026-08-09T00:37:05] SAMPLE t=99s phase=Recovery adaptation=without_ML throughput_gbps=7.925 latency_ms=67.2945
[2026-08-09T00:35:26] TRACE_END run_id=38 status=OK
