[2026-08-03T14:12:59] TRACE_START run_id=12
[2026-08-03T14:12:59] SAMPLE t=0s phase=Stable adaptation=with_ML throughput_gbps=7.8318 latency_ms=65.4911
[2026-08-03T14:13:00] SAMPLE t=1s phase=Stable adaptation=with_ML throughput_gbps=8.1895 latency_ms=67.9479
[2026-08-03T14:13:01] SAMPLE t=2s phase=Stable adaptation=with_ML throughput_gbps=7.7043 latency_ms=68.236
[2026-08-03T14:13:02] SAMPLE t=3s phase=Stable adaptation=with_ML throughput_gbps=7.4446 latency_ms=66.939
[2026-08-03T14:13:03] SAMPLE t=4s phase=Stable adaptation=with_ML throughput_gbps=8.2709 latency_ms=68.1168
[2026-08-03T14:13:04] SAMPLE t=5s phase=Stable adaptation=with_ML throughput_gbps=7.8807 latency_ms=66.0609
[2026-08-03T14:13:05] SAMPLE t=6s phase=Stable adaptation=with_ML throughput_gbps=7.8673 latency_ms=64.9234
[2026-08-03T14:13:06] SAMPLE t=7s phase=Stable adaptation=with_ML throughput_gbps=8.2134 latency_ms=66.9604
[2026-08-03T14:13:07] SAMPLE t=8s phase=Stable adaptation=with_ML throughput_gbps=8.01 latency_ms=67.8293
[2026-08-03T14:13:08] SAMPLE t=9s phase=Stable adaptation=with_ML throughput_gbps=7.9463 latency_ms=67.2901
[2026-08-03T14:13:09] SAMPLE t=10s phase=Stable adaptation=with_ML throughput_gbps=8.2137 latency_ms=64.8517
[2026-08-03T14:13:10] SAMPLE t=11s phase=Stable adaptation=with_ML throughput_gbps=8.155 latency_ms=68.2866
[2026-08-03T14:13:11] SAMPLE t=12s phase=Stable adaptation=with_ML throughput_gbps=7.6218 latency_ms=65.431
[2026-08-03T14:13:12] SAMPLE t=13s phase=Stable adaptation=with_ML throughput_gbps=8.0497 latency_ms=65.651
[2026-08-03T14:13:13] SAMPLE t=14s phase=Stable adaptation=with_ML throughput_gbps=7.9215 latency_ms=64.8763
[2026-08-03T14:13:14] SAMPLE t=15s phase=Stable adaptation=with_ML throughput_gbps=7.9409 latency_ms=68.2407
[2026-08-03T14:13:15] SAMPLE t=16s phase=Stable adaptation=with_ML throughput_gbps=8.1431 latency_ms=64.9236
[2026-08-03T14:13:16] SAMPLE t=17s phase=Stable adaptation=with_ML throughput_gbps=7.9989 latency_ms=65.8945
[2026-08-03T14:13:17] SAMPLE t=18s phase=Stable adaptation=with_ML throughput_gbps=7.9138 latency_ms=67.7783
[2026-08-03T14:13:18] SAMPLE t=19s phase=Stable adaptation=with_ML throughput_gbps=8.2689 latency_ms=64.3006
[2026-08-03T14:13:19] SAMPLE t=20s phase=Congestion adaptation=with_ML throughput_gbps=8.39 latency_ms=65.8283
[2026-08-03T14:13:20] SAMPLE t=21s phase=Congestion adaptation=with_ML throughput_gbps=8.1137 latency_ms=65.1237
[2026-08-03T14:13:21] SAMPLE t=22s phase=Congestion adaptation=with_ML throughput_gbps=8.4126 latency_ms=67.2348
[2026-08-03T14:13:22] SAMPLE t=23s phase=Congestion adaptation=with_ML throughput_gbps=8.0211 latency_ms=66.2933
[2026-08-03T14:13:23] SAMPLE t=24s phase=Congestion adaptation=with_ML throughput_gbps=8.2411 latency_ms=68.6619
[2026-08-03T14:13:24] SAMPLE t=25s phase=Congestion adaptation=with_ML throughput_gbps=8.3044 latency_ms=65.67
[2026-08-03T14:13:25] SAMPLE t=26s phase=Congestion adaptation=with_ML throughput_gbps=8.4171 latency_ms=67.7104
[2026-08-03T14:13:26] SAMPLE t=27s phase=Congestion adaptation=with_ML throughput_gbps=8.0322 latency_ms=67.0692
[2026-08-03T14:13:27] SAMPLE t=28s phase=Congestion adaptation=with_ML throughput_gbps=8.2475 latency_ms=63.9189
[2026-08-03T14:13:28] SAMPLE t=29s phase=Congestion adaptation=with_ML throughput_gbps=7.7305 latency_ms=65.7291
[2026-08-03T14:13:29] SAMPLE t=30s phase=Congestion adaptation=with_ML throughput_gbps=8.2604 latency_ms=66.1534
[2026-08-03T14:13:30] SAMPLE t=31s phase=Congestion adaptation=with_ML throughput_gbps=8.2723 latency_ms=66.977
[2026-08-03T14:13:31] SAMPLE t=32s phase=Congestion adaptation=with_ML throughput_gbps=8.1173 latency_ms=68.1391
[2026-08-03T14:13:32] SAMPLE t=33s phase=Congestion adaptation=with_ML throughput_gbps=8.2021 latency_ms=67.0707
[2026-08-03T14:13:33] SAMPLE t=34s phase=Congestion adaptation=with_ML throughput_gbps=8.0586 latency_ms=67.621
[2026-08-03T14:13:34] SAMPLE t=35s phase=Congestion adaptation=with_ML throughput_gbps=7.8858 latency_ms=66.5536
[2026-08-03T14:13:35] SAMPLE t=36s phase=Congestion adaptation=with_ML throughput_gbps=7.6059 latency_ms=66.93
[2026-08-03T14:13:36] SAMPLE t=37s phase=Congestion adaptation=with_ML throughput_gbps=7.9901 latency_ms=66.4271
[2026-08-03T14:13:37] SAMPLE t=38s phase=Congestion adaptation=with_ML throughput_gbps=8.6286 latency_ms=65.6775
[2026-08-03T14:13:38] SAMPLE t=39s phase=Congestion adaptation=with_ML throughput_gbps=7.9174 latency_ms=66.9973
[2026-08-03T14:13:39] SAMPLE t=40s phase=Path_change adaptation=with_ML throughput_gbps=7.8375 latency_ms=64.5737
[2026-08-03T14:13:40] SAMPLE t=41s phase=Path_change adaptation=with_ML throughput_gbps=7.7164 latency_ms=67.1061
[2026-08-03T14:13:41] SAMPLE t=42s phase=Path_change adaptation=with_ML throughput_gbps=7.8332 latency_ms=67.7687
[2026-08-03T14:13:42] SAMPLE t=43s phase=Path_change adaptation=with_ML throughput_gbps=7.5734 latency_ms=67.9123
[2026-08-03T14:13:43] SAMPLE t=44s phase=Path_change adaptation=with_ML throughput_gbps=7.4504 latency_ms=67.578
[2026-08-03T14:13:44] SAMPLE t=45s phase=Path_change adaptation=with_ML throughput_gbps=7.4458 latency_ms=69.4133
[2026-08-03T14:13:45] SAMPLE t=46s phase=Path_change adaptation=with_ML throughput_gbps=7.398 latency_ms=69.3481
[2026-08-03T14:13:46] SAMPLE t=47s phase=Path_change adaptation=with_ML throughput_gbps=6.9442 latency_ms=68.1733
[2026-08-03T14:13:47] SAMPLE t=48s phase=Path_change adaptation=with_ML throughput_gbps=7.4225 latency_ms=68.3681
[2026-08-03T14:13:48] SAMPLE t=49s phase=Path_change adaptation=with_ML throughput_gbps=7.0372 latency_ms=69.0773
[2026-08-03T14:13:49] SAMPLE t=50s phase=Path_change adaptation=with_ML throughput_gbps=7.199 latency_ms=70.1384
[2026-08-03T14:13:50] SAMPLE t=51s phase=Path_change adaptation=with_ML throughput_gbps=7.2215 latency_ms=69.0024
[2026-08-03T14:13:51] SAMPLE t=52s phase=Path_change adaptation=with_ML throughput_gbps=7.3525 latency_ms=68.2617
[2026-08-03T14:13:52] SAMPLE t=53s phase=Path_change adaptation=with_ML throughput_gbps=7.6004 latency_ms=68.8167
[2026-08-03T14:13:53] SAMPLE t=54s phase=Path_change adaptation=with_ML throughput_gbps=7.7409 latency_ms=70.31
[2026-08-03T14:13:54] SAMPLE t=55s phase=Path_change adaptation=with_ML throughput_gbps=7.5882 latency_ms=66.5557
[2026-08-03T14:13:55] SAMPLE t=56s phase=Path_change adaptation=with_ML throughput_gbps=7.8107 latency_ms=69.3175
[2026-08-03T14:13:56] SAMPLE t=57s phase=Path_change adaptation=with_ML throughput_gbps=7.6818 latency_ms=67.589
[2026-08-03T14:13:57] SAMPLE t=58s phase=Path_change adaptation=with_ML throughput_gbps=7.79 latency_ms=68.238
[2026-08-03T14:13:58] SAMPLE t=59s phase=Path_change adaptation=with_ML throughput_gbps=8.1093 latency_ms=67.0931
[2026-08-03T14:13:59] SAMPLE t=60s phase=Loss_spike adaptation=with_ML throughput_gbps=7.2439 latency_ms=66.7367
[2026-08-03T14:14:00] SAMPLE t=61s phase=Loss_spike adaptation=with_ML throughput_gbps=8.2711 latency_ms=71.876
[2026-08-03T14:14:01] SAMPLE t=62s phase=Loss_spike adaptation=with_ML throughput_gbps=7.6139 latency_ms=70.7721
[2026-08-03T14:14:02] SAMPLE t=63s phase=Loss_spike adaptation=with_ML throughput_gbps=6.7023 latency_ms=69.9956
[2026-08-03T14:14:03] SAMPLE t=64s phase=Loss_spike adaptation=with_ML throughput_gbps=6.2546 latency_ms=70.8512
[2026-08-03T14:14:04] SAMPLE t=65s phase=Loss_spike adaptation=with_ML throughput_gbps=7.184 latency_ms=68.497
[2026-08-03T14:14:05] SAMPLE t=66s phase=Loss_spike adaptation=with_ML throughput_gbps=8.0965 latency_ms=72.5357
[2026-08-03T14:14:06] SAMPLE t=67s phase=Loss_spike adaptation=with_ML throughput_gbps=8.0152 latency_ms=68.5736
[2026-08-03T14:14:07] SAMPLE t=68s phase=Loss_spike adaptation=with_ML throughput_gbps=6.602 latency_ms=69.6154
[2026-08-03T14:14:08] SAMPLE t=69s phase=Loss_spike adaptation=with_ML throughput_gbps=5.7237 latency_ms=70.3126
[2026-08-03T14:14:09] SAMPLE t=70s phase=Loss_spike adaptation=with_ML throughput_gbps=7.4572 latency_ms=70.7415
[2026-08-03T14:14:10] SAMPLE t=71s phase=Loss_spike adaptation=with_ML throughput_gbps=8.1282 latency_ms=72.643
[2026-08-03T14:14:11] SAMPLE t=72s phase=Loss_spike adaptation=with_ML throughput_gbps=7.8605 latency_ms=68.7719
[2026-08-03T14:14:12] SAMPLE t=73s phase=Loss_spike adaptation=with_ML throughput_gbps=6.4149 latency_ms=70.3331
[2026-08-03T14:14:13] SAMPLE t=74s phase=Loss_spike adaptation=with_ML throughput_gbps=6.3641 latency_ms=70.0619
[2026-08-03T14:14:14] SAMPLE t=75s phase=Loss_spike adaptation=with_ML throughput_gbps=7.4186 latency_ms=66.6064
[2026-08-03T14:14:15] SAMPLE t=76s phase=Loss_spike adaptation=with_ML throughput_gbps=8.4904 latency_ms=72.1057
[2026-08-03T14:14:16] SAMPLE t=77s phase=Loss_spike adaptation=with_ML throughput_gbps=7.5938 latency_ms=69.4308
[2026-08-03T14:14:17] SAMPLE t=78s phase=Loss_spike adaptation=with_ML throughput_gbps=6.531 latency_ms=70.6413
[2026-08-03T14:14:18] SAMPLE t=79s phase=Loss_spike adaptation=with_ML throughput_gbps=6.166 latency_ms=71.603
[2026-08-03T14:14:19] SAMPLE t=80s phase=Recovery adaptation=with_ML throughput_gbps=8.175 latency_ms=68.2282
[2026-08-03T14:14:20] SAMPLE t=81s phase=Recovery adaptation=with_ML throughput_gbps=7.78 latency_ms=66.6537
[2026-08-03T14:14:21] SAMPLE t=82s phase=Recovery adaptation=with_ML throughput_gbps=7.9764 latency_ms=67.013
[2026-08-03T14:14:22] SAMPLE t=83s phase=Recovery adaptation=with_ML throughput_gbps=8.4018 latency_ms=64.3085
[2026-08-03T14:14:23] SAMPLE t=84s phase=Recovery adaptation=with_ML throughput_gbps=8.1672 latency_ms=65.8805
[2026-08-03T14:14:24] SAMPLE t=85s phase=Recovery adaptation=with_ML throughput_gbps=8.6741 latency_ms=66.1867
[2026-08-03T14:14:25] SAMPLE t=86s phase=Recovery adaptation=with_ML throughput_gbps=8.1928 latency_ms=64.8158
[2026-08-03T14:14:26] SAMPLE t=87s phase=Recovery adaptation=with_ML throughput_gbps=8.532 latency_ms=65.8929
[2026-08-03T14:14:27] SAMPLE t=88s phase=Recovery adaptation=with_ML throughput_gbps=8.0609 latency_ms=65.4576
[2026-08-03T14:14:28] SAMPLE t=89s phase=Recovery adaptation=with_ML throughput_gbps=8.3281 latency_ms=66.321
[2026-08-03T14:14:29] SAMPLE t=90s phase=Recovery adaptation=with_ML throughput_gbps=8.2404 latency_ms=63.0162
[2026-08-03T14:14:30] SAMPLE t=91s phase=Recovery adaptation=with_ML throughput_gbps=8.095 latency_ms=65.119
[2026-08-03T14:14:31] SAMPLE t=92s phase=Recovery adaptation=with_ML throughput_gbps=8.4409 latency_ms=62.7778
[2026-08-03T14:14:32] SAMPLE t=93s phase=Recovery adaptation=with_ML throughput_gbps=8.0358 latency_ms=66.216
[2026-08-03T14:14:33] SAMPLE t=94s phase=Recovery adaptation=with_ML throughput_gbps=7.9656 latency_ms=65.6881
[2026-08-03T14:14:34] SAMPLE t=95s phase=Recovery adaptation=with_ML throughput_gbps=8.4428 latency_ms=65.4613
[2026-08-03T14:14:35] SAMPLE t=96s phase=Recovery adaptation=with_ML throughput_gbps=8.5563 latency_ms=66.1394
[2026-08-03T14:14:36] SAMPLE t=97s phase=Recovery adaptation=with_ML throughput_gbps=8.7941 latency_ms=65.2982
[2026-08-03T14:14:37] SAMPLE t=98s phase=Recovery adaptation=with_ML throughput_gbps=8.439 latency_ms=68.2568
[2026-08-03T14:14:38] SAMPLE t=99s phase=Recovery adaptation=with_ML throughput_gbps=8.3842 latency_ms=64.254
[2026-08-03T14:12:59] SAMPLE t=0s phase=Stable adaptation=without_ML throughput_gbps=7.966 latency_ms=66.5593
[2026-08-03T14:13:00] SAMPLE t=1s phase=Stable adaptation=without_ML throughput_gbps=7.9425 latency_ms=64.5996
[2026-08-03T14:13:01] SAMPLE t=2s phase=Stable adaptation=without_ML throughput_gbps=7.7367 latency_ms=65.2213
[2026-08-03T14:13:02] SAMPLE t=3s phase=Stable adaptation=without_ML throughput_gbps=7.8885 latency_ms=65.1042
[2026-08-03T14:13:03] SAMPLE t=4s phase=Stable adaptation=without_ML throughput_gbps=7.5118 latency_ms=66.3744
[2026-08-03T14:13:04] SAMPLE t=5s phase=Stable adaptation=without_ML throughput_gbps=7.9629 latency_ms=66.8025
[2026-08-03T14:13:05] SAMPLE t=6s phase=Stable adaptation=without_ML throughput_gbps=7.7836 latency_ms=65.4662
[2026-08-03T14:13:06] SAMPLE t=7s phase=Stable adaptation=without_ML throughput_gbps=8.1742 latency_ms=63.3891
[2026-08-03T14:13:07] SAMPLE t=8s phase=Stable adaptation=without_ML throughput_gbps=7.8108 latency_ms=66.2366
[2026-08-03T14:13:08] SAMPLE t=9s phase=Stable adaptation=without_ML throughput_gbps=7.5086 latency_ms=64.3438
[2026-08-03T14:13:09] SAMPLE t=10s phase=Stable adaptation=without_ML throughput_gbps=8.2662 latency_ms=65.6092
[2026-08-03T14:13:10] SAMPLE t=11s phase=Stable adaptation=without_ML throughput_gbps=8.3519 latency_ms=64.9562
[2026-08-03T14:13:11] SAMPLE t=12s phase=Stable adaptation=without_ML throughput_gbps=8.1082 latency_ms=66.7613
[2026-08-03T14:13:12] SAMPLE t=13s phase=Stable adaptation=without_ML throughput_gbps=8.0255 latency_ms=65.4414
[2026-08-03T14:13:13] SAMPLE t=14s phase=Stable adaptation=without_ML throughput_gbps=8.4618 latency_ms=64.9968
[2026-08-03T14:13:14] SAMPLE t=15s phase=Stable adaptation=without_ML throughput_gbps=7.9266 latency_ms=68.8208
[2026-08-03T14:13:15] SAMPLE t=16s phase=Stable adaptation=without_ML throughput_gbps=8.0794 latency_ms=68.0511
[2026-08-03T14:13:16] SAMPLE t=17s phase=Stable adaptation=without_ML throughput_gbps=7.6435 latency_ms=65.1372
[2026-08-03T14:13:17] SAMPLE t=18s phase=Stable adaptation=without_ML throughput_gbps=7.9056 latency_ms=68.6164
[2026-08-03T14:13:18] SAMPLE t=19s phase=Stable adaptation=without_ML throughput_gbps=7.9968 latency_ms=65.141
[2026-08-03T14:13:19] SAMPLE t=20s phase=Congestion adaptation=without_ML throughput_gbps=7.5752 latency_ms=64.4687
[2026-08-03T14:13:20] SAMPLE t=21s phase=Congestion adaptation=without_ML throughput_gbps=7.9115 latency_ms=65.3531
[2026-08-03T14:13:21] SAMPLE t=22s phase=Congestion adaptation=without_ML throughput_gbps=8.3033 latency_ms=66.8995
[2026-08-03T14:13:22] SAMPLE t=23s phase=Congestion adaptation=without_ML throughput_gbps=8.0973 latency_ms=64.6153
[2026-08-03T14:13:23] SAMPLE t=24s phase=Congestion adaptation=without_ML throughput_gbps=8.1269 latency_ms=66.9
[2026-08-03T14:13:24] SAMPLE t=25s phase=Congestion adaptation=without_ML throughput_gbps=7.581 latency_ms=62.8215
[2026-08-03T14:13:25] SAMPLE t=26s phase=Congestion adaptation=without_ML throughput_gbps=8.0591 latency_ms=62.6267
[2026-08-03T14:13:26] SAMPLE t=27s phase=Congestion adaptation=without_ML throughput_gbps=7.9375 latency_ms=63.1721
[2026-08-03T14:13:27] SAMPLE t=28s phase=Congestion adaptation=without_ML throughput_gbps=7.9794 latency_ms=66.0761
[2026-08-03T14:13:28] SAMPLE t=29s phase=Congestion adaptation=without_ML throughput_gbps=8.2446 latency_ms=66.3819
[2026-08-03T14:13:29] SAMPLE t=30s phase=Congestion adaptation=without_ML throughput_gbps=8.3265 latency_ms=66.3556
[2026-08-03T14:13:30] SAMPLE t=31s phase=Congestion adaptation=without_ML throughput_gbps=8.1728 latency_ms=65.8963
[2026-08-03T14:13:31] SAMPLE t=32s phase=Congestion adaptation=without_ML throughput_gbps=7.8392 latency_ms=66.8007
[2026-08-03T14:13:32] SAMPLE t=33s phase=Congestion adaptation=without_ML throughput_gbps=8.0148 latency_ms=65.0475
[2026-08-03T14:13:33] SAMPLE t=34s phase=Congestion adaptation=without_ML throughput_gbps=8.1232 latency_ms=68.843
[2026-08-03T14:13:34] SAMPLE t=35s phase=Congestion adaptation=without_ML throughput_gbps=8.8116 latency_ms=66.8081
[2026-08-03T14:13:35] SAMPLE t=36s phase=Congestion adaptation=without_ML throughput_gbps=7.7769 latency_ms=65.0818
[2026-08-03T14:13:36] SAMPLE t=37s phase=Congestion adaptation=without_ML throughput_gbps=7.8813 latency_ms=65.1955
[2026-08-03T14:13:37] SAMPLE t=38s phase=Congestion adaptation=without_ML throughput_gbps=7.721 latency_ms=66.1986
[2026-08-03T14:13:38] SAMPLE t=39s phase=Congestion adaptation=without_ML throughput_gbps=8.1806 latency_ms=66.3091
[2026-08-03T14:13:39] SAMPLE t=40s phase=Path_change adaptation=without_ML throughput_gbps=7.9994 latency_ms=64.593
[2026-08-03T14:13:40] SAMPLE t=41s phase=Path_change adaptation=without_ML throughput_gbps=7.7834 latency_ms=68.0879
[2026-08-03T14:13:41] SAMPLE t=42s phase=Path_change adaptation=without_ML throughput_gbps=7.6466 latency_ms=69.1683
[2026-08-03T14:13:42] SAMPLE t=43s phase=Path_change adaptation=without_ML throughput_gbps=7.0424 latency_ms=70.4205
[2026-08-03T14:13:43] SAMPLE t=44s phase=Path_change adaptation=without_ML throughput_gbps=6.4263 latency_ms=70.1585
[2026-08-03T14:13:44] SAMPLE t=45s phase=Path_change adaptation=without_ML throughput_gbps=6.16 latency_ms=70.3231
[2026-08-03T14:13:45] SAMPLE t=46s phase=Path_change adaptation=without_ML throughput_gbps=6.2767 latency_ms=71.0763
[2026-08-03T14:13:46] SAMPLE t=47s phase=Path_change adaptation=without_ML throughput_gbps=6.0542 latency_ms=71.5741
[2026-08-03T14:13:47] SAMPLE t=48s phase=Path_change adaptation=without_ML throughput_gbps=5.699 latency_ms=72.4571
[2026-08-03T14:13:48] SAMPLE t=49s phase=Path_change adaptation=without_ML throughput_gbps=6.1033 latency_ms=72.8289
[2026-08-03T14:13:49] SAMPLE t=50s phase=Path_change adaptation=without_ML throughput_gbps=5.9595 latency_ms=73.6363
[2026-08-03T14:13:50] SAMPLE t=51s phase=Path_change adaptation=without_ML throughput_gbps=5.5182 latency_ms=73.5812
[2026-08-03T14:13:51] SAMPLE t=52s phase=Path_change adaptation=without_ML throughput_gbps=5.7775 latency_ms=75.4602
[2026-08-03T14:13:52] SAMPLE t=53s phase=Path_change adaptation=without_ML throughput_gbps=5.8339 latency_ms=68.4701
[2026-08-03T14:13:53] SAMPLE t=54s phase=Path_change adaptation=without_ML throughput_gbps=5.9697 latency_ms=74.5506
[2026-08-03T14:13:54] SAMPLE t=55s phase=Path_change adaptation=without_ML throughput_gbps=6.6674 latency_ms=69.1828
[2026-08-03T14:13:55] SAMPLE t=56s phase=Path_change adaptation=without_ML throughput_gbps=6.5574 latency_ms=72.4761
[2026-08-03T14:13:56] SAMPLE t=57s phase=Path_change adaptation=without_ML throughput_gbps=7.0192 latency_ms=67.3572
[2026-08-03T14:13:57] SAMPLE t=58s phase=Path_change adaptation=without_ML throughput_gbps=7.6113 latency_ms=67.2573
[2026-08-03T14:13:58] SAMPLE t=59s phase=Path_change adaptation=without_ML throughput_gbps=7.631 latency_ms=68.7409
[2026-08-03T14:13:59] SAMPLE t=60s phase=Loss_spike adaptation=without_ML throughput_gbps=5.942 latency_ms=69.2731
[2026-08-03T14:14:00] SAMPLE t=61s phase=Loss_spike adaptation=without_ML throughput_gbps=8.5735 latency_ms=78.6726
[2026-08-03T14:14:01] SAMPLE t=62s phase=Loss_spike adaptation=without_ML throughput_gbps=7.5392 latency_ms=76.0075
[2026-08-03T14:14:02] SAMPLE t=63s phase=Loss_spike adaptation=without_ML throughput_gbps=4.9247 latency_ms=75.4474
[2026-08-03T14:14:03] SAMPLE t=64s phase=Loss_spike adaptation=without_ML throughput_gbps=3.8941 latency_ms=80.1317
[2026-08-03T14:14:04] SAMPLE t=65s phase=Loss_spike adaptation=without_ML throughput_gbps=5.855 latency_ms=70.9934
[2026-08-03T14:14:05] SAMPLE t=66s phase=Loss_spike adaptation=without_ML throughput_gbps=8.2692 latency_ms=80.3853
[2026-08-03T14:14:06] SAMPLE t=67s phase=Loss_spike adaptation=without_ML throughput_gbps=7.4948 latency_ms=76.6664
[2026-08-03T14:14:07] SAMPLE t=68s phase=Loss_spike adaptation=without_ML throughput_gbps=4.7366 latency_ms=75.3257
[2026-08-03T14:14:08] SAMPLE t=69s phase=Loss_spike adaptation=without_ML throughput_gbps=4.1388 latency_ms=80.2549
[2026-08-03T14:14:09] SAMPLE t=70s phase=Loss_spike adaptation=without_ML throughput_gbps=6.3316 latency_ms=68.5376
[2026-08-03T14:14:10] SAMPLE t=71s phase=Loss_spike adaptation=without_ML throughput_gbps=8.3837 latency_ms=79.678
[2026-08-03T14:14:11] SAMPLE t=72s phase=Loss_spike adaptation=without_ML throughput_gbps=7.5514 latency_ms=75.2648
[2026-08-03T14:14:12] SAMPLE t=73s phase=Loss_spike adaptation=without_ML throughput_gbps=4.9607 latency_ms=77.3173
[2026-08-03T14:14:13] SAMPLE t=74s phase=Loss_spike adaptation=without_ML throughput_gbps=3.9773 latency_ms=82.7601
[2026-08-03T14:14:14] SAMPLE t=75s phase=Loss_spike adaptation=without_ML throughput_gbps=6.1557 latency_ms=67.6157
[2026-08-03T14:14:15] SAMPLE t=76s phase=Loss_spike adaptation=without_ML throughput_gbps=8.4839 latency_ms=82.014
[2026-08-03T14:14:16] SAMPLE t=77s phase=Loss_spike adaptation=without_ML throughput_gbps=7.3359 latency_ms=76.9778
[2026-08-03T14:14:17] SAMPLE t=78s phase=Loss_spike adaptation=without_ML throughput_gbps=4.6908 latency_ms=73.5606
[2026-08-03T14:14:18] SAMPLE t=79s phase=Loss_spike adaptation=without_ML throughput_gbps=4.1207 latency_ms=78.7902
[2026-08-03T14:14:19] SAMPLE t=80s phase=Recovery adaptation=without_ML throughput_gbps=8.1434 latency_ms=66.3258
[2026-08-03T14:14:20] SAMPLE t=81s phase=Recovery adaptation=without_ML throughput_gbps=8.2256 latency_ms=65.0339
[2026-08-03T14:14:21] SAMPLE t=82s phase=Recovery adaptation=without_ML throughput_gbps=7.4261 latency_ms=65.8749
[2026-08-03T14:14:22] SAMPLE t=83s phase=Recovery adaptation=without_ML throughput_gbps=8.0762 latency_ms=67.9202
[2026-08-03T14:14:23] SAMPLE t=84s phase=Recovery adaptation=without_ML throughput_gbps=7.2908 latency_ms=65.7848
[2026-08-03T14:14:24] SAMPLE t=85s phase=Recovery adaptation=without_ML throughput_gbps=7.8032 latency_ms=66.102
[2026-08-03T14:14:25] SAMPLE t=86s phase=Recovery adaptation=without_ML throughput_gbps=8.1772 latency_ms=65.1179
[2026-08-03T14:14:26] SAMPLE t=87s phase=Recovery adaptation=without_ML throughput_gbps=8.2466 latency_ms=66.4764
[2026-08-03T14:14:27] SAMPLE t=88s phase=Recovery adaptation=without_ML throughput_gbps=8.4201 latency_ms=65.0951
[2026-08-03T14:14:28] SAMPLE t=89s phase=Recovery adaptation=without_ML throughput_gbps=8.0508 latency_ms=66.7102
[2026-08-03T14:14:29] SAMPLE t=90s phase=Recovery adaptation=without_ML throughput_gbps=7.7434 latency_ms=66.0634
[2026-08-03T14:14:30] SAMPLE t=91s phase=Recovery adaptation=without_ML throughput_gbps=8.1178 latency_ms=66.8055
[2026-08-03T14:14:31] SAMPLE t=92s phase=Recovery adaptation=without_ML throughput_gbps=8.0365 latency_ms=66.3348
[2026-08-03T14:14:32] SAMPLE t=93s phase=Recovery adaptation=without_ML throughput_gbps=7.5641 latency_ms=66.1623
[2026-08-03T14:14:33] SAMPLE t=94s phase=Recovery adaptation=without_ML throughput_gbps=8.3437 latency_ms=64.78
[2026-08-03T14:14:34] SAMPLE t=95s phase=Recovery adaptation=without_ML throughput_gbps=8.3264 latency_ms=66.6455
[2026-08-03T14:14:35] SAMPLE t=96s phase=Recovery adaptation=without_ML throughput_gbps=7.4831 latency_ms=65.3605
[2026-08-03T14:14:36] SAMPLE t=97s phase=Recovery adaptation=without_ML throughput_gbps=8.0495 latency_ms=65.7926
[2026-08-03T14:14:37] SAMPLE t=98s phase=Recovery adaptation=without_ML throughput_gbps=8.277 latency_ms=67.1834
[2026-08-03T14:14:38] SAMPLE t=99s phase=Recovery adaptation=without_ML throughput_gbps=7.8247 latency_ms=66.3894
[2026-08-03T14:12:59] TRACE_END run_id=12 status=OK
[2026-08-03T14:14:41] TRACE_START run_id=13
[2026-08-03T14:14:41] SAMPLE t=0s phase=Stable adaptation=with_ML throughput_gbps=8.0834 latency_ms=66.7814
[2026-08-03T14:14:42] SAMPLE t=1s phase=Stable adaptation=with_ML throughput_gbps=8.2204 latency_ms=65.5543
[2026-08-03T14:14:43] SAMPLE t=2s phase=Stable adaptation=with_ML throughput_gbps=8.4385 latency_ms=65.7669
[2026-08-03T14:14:44] SAMPLE t=3s phase=Stable adaptation=with_ML throughput_gbps=8.2533 latency_ms=64.2364
[2026-08-03T14:14:45] SAMPLE t=4s phase=Stable adaptation=with_ML throughput_gbps=7.9451 latency_ms=66.7022
[2026-08-03T14:14:46] SAMPLE t=5s phase=Stable adaptation=with_ML throughput_gbps=7.9142 latency_ms=65.9788
[2026-08-03T14:14:47] SAMPLE t=6s phase=Stable adaptation=with_ML throughput_gbps=8.0726 latency_ms=69.9618
[2026-08-03T14:14:48] SAMPLE t=7s phase=Stable adaptation=with_ML throughput_gbps=8.0374 latency_ms=65.7453
[2026-08-03T14:14:49] SAMPLE t=8s phase=Stable adaptation=with_ML throughput_gbps=7.7682 latency_ms=65.9447
[2026-08-03T14:14:50] SAMPLE t=9s phase=Stable adaptation=with_ML throughput_gbps=8.329 latency_ms=68.7818
[2026-08-03T14:14:51] SAMPLE t=10s phase=Stable adaptation=with_ML throughput_gbps=8.3414 latency_ms=66.9641
[2026-08-03T14:14:52] SAMPLE t=11s phase=Stable adaptation=with_ML throughput_gbps=8.0823 latency_ms=63.7404
[2026-08-03T14:14:53] SAMPLE t=12s phase=Stable adaptation=with_ML throughput_gbps=8.4404 latency_ms=66.9633
[2026-08-03T14:14:54] SAMPLE t=13s phase=Stable adaptation=with_ML throughput_gbps=8.0292 latency_ms=67.4732
[2026-08-03T14:14:55] SAMPLE t=14s phase=Stable adaptation=with_ML throughput_gbps=8.0319 latency_ms=65.8552
[2026-08-03T14:14:56] SAMPLE t=15s phase=Stable adaptation=with_ML throughput_gbps=8.0129 latency_ms=64.5548
[2026-08-03T14:14:57] SAMPLE t=16s phase=Stable adaptation=with_ML throughput_gbps=8.0479 latency_ms=65.6462
[2026-08-03T14:14:58] SAMPLE t=17s phase=Stable adaptation=with_ML throughput_gbps=8.592 latency_ms=66.7287
[2026-08-03T14:14:59] SAMPLE t=18s phase=Stable adaptation=with_ML throughput_gbps=7.9033 latency_ms=66.8286
[2026-08-03T14:15:00] SAMPLE t=19s phase=Stable adaptation=with_ML throughput_gbps=8.0657 latency_ms=67.8575
[2026-08-03T14:15:01] SAMPLE t=20s phase=Congestion adaptation=with_ML throughput_gbps=8.215 latency_ms=65.3414
[2026-08-03T14:15:02] SAMPLE t=21s phase=Congestion adaptation=with_ML throughput_gbps=7.9525 latency_ms=67.3644
[2026-08-03T14:15:03] SAMPLE t=22s phase=Congestion adaptation=with_ML throughput_gbps=8.1944 latency_ms=68.4557
[2026-08-03T14:15:04] SAMPLE t=23s phase=Congestion adaptation=with_ML throughput_gbps=7.9387 latency_ms=66.4905
[2026-08-03T14:15:05] SAMPLE t=24s phase=Congestion adaptation=with_ML throughput_gbps=8.269 latency_ms=67.4412
[2026-08-03T14:15:06] SAMPLE t=25s phase=Congestion adaptation=with_ML throughput_gbps=8.454 latency_ms=67.1218
[2026-08-03T14:15:07] SAMPLE t=26s phase=Congestion adaptation=with_ML throughput_gbps=8.0108 latency_ms=67.572
[2026-08-03T14:15:08] SAMPLE t=27s phase=Congestion adaptation=with_ML throughput_gbps=8.5575 latency_ms=66.6842
[2026-08-03T14:15:09] SAMPLE t=28s phase=Congestion adaptation=with_ML throughput_gbps=8.0048 latency_ms=66.0347
[2026-08-03T14:15:10] SAMPLE t=29s phase=Congestion adaptation=with_ML throughput_gbps=7.7289 latency_ms=66.6347
[2026-08-03T14:15:11] SAMPLE t=30s phase=Congestion adaptation=with_ML throughput_gbps=7.7668 latency_ms=66.2575
[2026-08-03T14:15:12] SAMPLE t=31s phase=Congestion adaptation=with_ML throughput_gbps=8.5316 latency_ms=69.5989
[2026-08-03T14:15:13] SAMPLE t=32s phase=Congestion adaptation=with_ML throughput_gbps=8.2554 latency_ms=66.6553
[2026-08-03T14:15:14] SAMPLE t=33s phase=Congestion adaptation=with_ML throughput_gbps=7.9272 latency_ms=65.3224
[2026-08-03T14:15:15] SAMPLE t=34s phase=Congestion adaptation=with_ML throughput_gbps=8.0675 latency_ms=66.0816
[2026-08-03T14:15:16] SAMPLE t=35s phase=Congestion adaptation=with_ML throughput_gbps=8.1125 latency_ms=67.1312
[2026-08-03T14:15:17] SAMPLE t=36s phase=Congestion adaptation=with_ML throughput_gbps=8.2409 latency_ms=65.6149
[2026-08-03T14:15:18] SAMPLE t=37s phase=Congestion adaptation=with_ML throughput_gbps=8.4132 latency_ms=66.4373
[2026-08-03T14:15:19] SAMPLE t=38s phase=Congestion adaptation=with_ML throughput_gbps=7.9699 latency_ms=68.5507
[2026-08-03T14:15:20] SAMPLE t=39s phase=Congestion adaptation=with_ML throughput_gbps=7.5612 latency_ms=67.1191
[2026-08-03T14:15:21] SAMPLE t=40s phase=Path_change adaptation=with_ML throughput_gbps=8.1445 latency_ms=65.1086
[2026-08-03T14:15:22] SAMPLE t=41s phase=Path_change adaptation=with_ML throughput_gbps=8.0426 latency_ms=66.0155
[2026-08-03T14:15:23] SAMPLE t=42s phase=Path_change adaptation=with_ML throughput_gbps=7.8403 latency_ms=68.3605
[2026-08-03T14:15:24] SAMPLE t=43s phase=Path_change adaptation=with_ML throughput_gbps=7.6063 latency_ms=68.3209
[2026-08-03T14:15:25] SAMPLE t=44s phase=Path_change adaptation=with_ML throughput_gbps=7.4178 latency_ms=67.1172
[2026-08-03T14:15:26] SAMPLE t=45s phase=Path_change adaptation=with_ML throughput_gbps=7.6809 latency_ms=69.4855
[2026-08-03T14:15:27] SAMPLE t=46s phase=Path_change adaptation=with_ML throughput_gbps=7.5079 latency_ms=68.2389
[2026-08-03T14:15:28] SAMPLE t=47s phase=Path_change adaptation=with_ML throughput_gbps=7.3496 latency_ms=67.5575
[2026-08-03T14:15:29] SAMPLE t=48s phase=Path_change adaptation=with_ML throughput_gbps=7.2903 latency_ms=68.5667
[2026-08-03T14:15:30] SAMPLE t=49s phase=Path_change adaptation=with_ML throughput_gbps=7.1407 latency_ms=68.4394
[2026-08-03T14:15:31] SAMPLE t=50s phase=Path_change adaptation=with_ML throughput_gbps=7.1368 latency_ms=68.2694
[2026-08-03T14:15:32] SAMPLE t=51s phase=Path_change adaptation=with_ML throughput_gbps=7.2587 latency_ms=68.774
[2026-08-03T14:15:33] SAMPLE t=52s phase=Path_change adaptation=with_ML throughput_gbps=7.5626 latency_ms=69.503
[2026-08-03T14:15:34] SAMPLE t=53s phase=Path_change adaptation=with_ML throughput_gbps=7.2583 latency_ms=69.8822
[2026-08-03T14:15:35] SAMPLE t=54s phase=Path_change adaptation=with_ML throughput_gbps=7.2768 latency_ms=68.2626
[2026-08-03T14:15:36] SAMPLE t=55s phase=Path_change adaptation=with_ML throughput_gbps=7.5223 latency_ms=67.2996
[2026-08-03T14:15:37] SAMPLE t=56s phase=Path_change adaptation=with_ML throughput_gbps=7.4759 latency_ms=65.9606
[2026-08-03T14:15:38] SAMPLE t=57s phase=Path_change adaptation=with_ML throughput_gbps=7.6841 latency_ms=66.1739
[2026-08-03T14:15:39] SAMPLE t=58s phase=Path_change adaptation=with_ML throughput_gbps=8.0602 latency_ms=64.9128
[2026-08-03T14:15:40] SAMPLE t=59s phase=Path_change adaptation=with_ML throughput_gbps=7.927 latency_ms=67.0422
[2026-08-03T14:15:41] SAMPLE t=60s phase=Loss_spike adaptation=with_ML throughput_gbps=6.8321 latency_ms=67.822
[2026-08-03T14:15:42] SAMPLE t=61s phase=Loss_spike adaptation=with_ML throughput_gbps=8.4589 latency_ms=73.5213
[2026-08-03T14:15:43] SAMPLE t=62s phase=Loss_spike adaptation=with_ML throughput_gbps=8.125 latency_ms=68.5031
[2026-08-03T14:15:44] SAMPLE t=63s phase=Loss_spike adaptation=with_ML throughput_gbps=6.8931 latency_ms=68.9405
[2026-08-03T14:15:45] SAMPLE t=64s phase=Loss_spike adaptation=with_ML throughput_gbps=6.2783 latency_ms=74.5231
[2026-08-03T14:15:46] SAMPLE t=65s phase=Loss_spike adaptation=with_ML throughput_gbps=7.1399 latency_ms=70.2176
[2026-08-03T14:15:47] SAMPLE t=66s phase=Loss_spike adaptation=with_ML throughput_gbps=8.471 latency_ms=72.2885
[2026-08-03T14:15:48] SAMPLE t=67s phase=Loss_spike adaptation=with_ML throughput_gbps=7.9786 latency_ms=68.7011
[2026-08-03T14:15:49] SAMPLE t=68s phase=Loss_spike adaptation=with_ML throughput_gbps=6.6548 latency_ms=69.7335
[2026-08-03T14:15:50] SAMPLE t=69s phase=Loss_spike adaptation=with_ML throughput_gbps=6.2348 latency_ms=72.2993
[2026-08-03T14:15:51] SAMPLE t=70s phase=Loss_spike adaptation=with_ML throughput_gbps=7.517 latency_ms=69.5512
[2026-08-03T14:15:52] SAMPLE t=71s phase=Loss_spike adaptation=with_ML throughput_gbps=8.7107 latency_ms=71.0792
[2026-08-03T14:15:53] SAMPLE t=72s phase=Loss_spike adaptation=with_ML throughput_gbps=8.07 latency_ms=69.9183
[2026-08-03T14:15:54] SAMPLE t=73s phase=Loss_spike adaptation=with_ML throughput_gbps=6.7007 latency_ms=69.4902
[2026-08-03T14:15:55] SAMPLE t=74s phase=Loss_spike adaptation=with_ML throughput_gbps=6.5185 latency_ms=69.1296
[2026-08-03T14:15:56] SAMPLE t=75s phase=Loss_spike adaptation=with_ML throughput_gbps=7.221 latency_ms=67.2205
[2026-08-03T14:15:57] SAMPLE t=76s phase=Loss_spike adaptation=with_ML throughput_gbps=8.1803 latency_ms=70.3756
[2026-08-03T14:15:58] SAMPLE t=77s phase=Loss_spike adaptation=with_ML throughput_gbps=7.7243 latency_ms=69.5005
[2026-08-03T14:15:59] SAMPLE t=78s phase=Loss_spike adaptation=with_ML throughput_gbps=6.6709 latency_ms=70.0228
[2026-08-03T14:16:00] SAMPLE t=79s phase=Loss_spike adaptation=with_ML throughput_gbps=6.3059 latency_ms=72.083
[2026-08-03T14:16:01] SAMPLE t=80s phase=Recovery adaptation=with_ML throughput_gbps=8.1719 latency_ms=64.7889
[2026-08-03T14:16:02] SAMPLE t=81s phase=Recovery adaptation=with_ML throughput_gbps=7.6105 latency_ms=66.6294
[2026-08-03T14:16:03] SAMPLE t=82s phase=Recovery adaptation=with_ML throughput_gbps=8.0108 latency_ms=65.3152
[2026-08-03T14:16:04] SAMPLE t=83s phase=Recovery adaptation=with_ML throughput_gbps=8.2711 latency_ms=65.9854
[2026-08-03T14:16:05] SAMPLE t=84s phase=Recovery adaptation=with_ML throughput_gbps=8.2341 latency_ms=65.3025
[2026-08-03T14:16:06] SAMPLE t=85s phase=Recovery adaptation=with_ML throughput_gbps=8.241 latency_ms=65.8123
[2026-08-03T14:16:07] SAMPLE t=86s phase=Recovery adaptation=with_ML throughput_gbps=8.4216 latency_ms=65.9845
[2026-08-03T14:16:08] SAMPLE t=87s phase=Recovery adaptation=with_ML throughput_gbps=7.9339 latency_ms=65.865
[2026-08-03T14:16:09] SAMPLE t=88s phase=Recovery adaptation=with_ML throughput_gbps=8.4373 latency_ms=67.2518
[2026-08-03T14:16:10] SAMPLE t=89s phase=Recovery adaptation=with_ML throughput_gbps=8.4456 latency_ms=67.5358
[2026-08-03T14:16:11] SAMPLE t=90s phase=Recovery adaptation=with_ML throughput_gbps=8.1805 latency_ms=65.4669
[2026-08-03T14:16:12] SAMPLE t=91s phase=Recovery adaptation=with_ML throughput_gbps=8.3405 latency_ms=66.2799
[2026-08-03T14:16:13] SAMPLE t=92s phase=Recovery adaptation=with_ML throughput_gbps=8.3691 latency_ms=65.6248
[2026-08-03T14:16:14] SAMPLE t=93s phase=Recovery adaptation=with_ML throughput_gbps=8.3832 latency_ms=63.9064
[2026-08-03T14:16:15] SAMPLE t=94s phase=Recovery adaptation=with_ML throughput_gbps=8.3067 latency_ms=65.1602
[2026-08-03T14:16:16] SAMPLE t=95s phase=Recovery adaptation=with_ML throughput_gbps=8.37 latency_ms=67.1565
[2026-08-03T14:16:17] SAMPLE t=96s phase=Recovery adaptation=with_ML throughput_gbps=8.4355 latency_ms=66.1695
[2026-08-03T14:16:18] SAMPLE t=97s phase=Recovery adaptation=with_ML throughput_gbps=8.6026 latency_ms=62.4731
[2026-08-03T14:16:19] SAMPLE t=98s phase=Recovery adaptation=with_ML throughput_gbps=8.596 latency_ms=64.718
[2026-08-03T14:16:20] SAMPLE t=99s phase=Recovery adaptation=with_ML throughput_gbps=8.2264 latency_ms=66.9694
[2026-08-03T14:14:41] SAMPLE t=0s phase=Stable adaptation=without_ML throughput_gbps=8.1503 latency_ms=66.0772
[2026-08-03T14:14:42] SAMPLE t=1s phase=Stable adaptation=without_ML throughput_gbps=8.3074 latency_ms=68.548
[2026-08-03T14:14:43] SAMPLE t=2s phase=Stable adaptation=without_ML throughput_gbps=7.8348 latency_ms=67.2779
[2026-08-03T14:14:44] SAMPLE t=3s phase=Stable adaptation=without_ML throughput_gbps=7.959 latency_ms=63.9103
[2026-08-03T14:14:45] SAMPLE t=4s phase=Stable adaptation=without_ML throughput_gbps=7.9025 latency_ms=63.3551
[2026-08-03T14:14:46] SAMPLE t=5s phase=Stable adaptation=without_ML throughput_gbps=8.3963 latency_ms=66.468
[2026-08-03T14:14:47] SAMPLE t=6s phase=Stable adaptation=without_ML throughput_gbps=7.9293 latency_ms=65.7231
[2026-08-03T14:14:48] SAMPLE t=7s phase=Stable adaptation=without_ML throughput_gbps=7.7054 latency_ms=65.0963
[2026-08-03T14:14:49] SAMPLE t=8s phase=Stable adaptation=without_ML throughput_gbps=7.9277 latency_ms=66.3116
[2026-08-03T14:14:50] SAMPLE t=9s phase=Stable adaptation=without_ML throughput_gbps=8.0002 latency_ms=67.4728
[2026-08-03T14:14:51] SAMPLE t=10s phase=Stable adaptation=without_ML throughput_gbps=7.8804 latency_ms=65.7242
[2026-08-03T14:14:52] SAMPLE t=11s phase=Stable adaptation=without_ML throughput_gbps=8.148 latency_ms=67.747
[2026-08-03T14:14:53] SAMPLE t=12s phase=Stable adaptation=without_ML throughput_gbps=7.3153 latency_ms=64.1419
[2026-08-03T14:14:54] SAMPLE t=13s phase=Stable adaptation=without_ML throughput_gbps=8.1665 latency_ms=67.3039
[2026-08-03T14:14:55] SAMPLE t=14s phase=Stable adaptation=without_ML throughput_gbps=8.2578 latency_ms=65.243
[2026-08-03T14:14:56] SAMPLE t=15s phase=Stable adaptation=without_ML throughput_gbps=7.7268 latency_ms=66.173
[2026-08-03T14:14:57] SAMPLE t=16s phase=Stable adaptation=without_ML throughput_gbps=7.875 latency_ms=65.1601
[2026-08-03T14:14:58] SAMPLE t=17s phase=Stable adaptation=without_ML throughput_gbps=7.8384 latency_ms=65.5781
[2026-08-03T14:14:59] SAMPLE t=18s phase=Stable adaptation=without_ML throughput_gbps=8.0133 latency_ms=70.8387
[2026-08-03T14:15:00] SAMPLE t=19s phase=Stable adaptation=without_ML throughput_gbps=8.1353 latency_ms=68.7799
[2026-08-03T14:15:01] SAMPLE t=20s phase=Congestion adaptation=without_ML throughput_gbps=8.1993 latency_ms=66.7254
[2026-08-03T14:15:02] SAMPLE t=21s phase=Congestion adaptation=without_ML throughput_gbps=8.1084 latency_ms=64.9012
[2026-08-03T14:15:03] SAMPLE t=22s phase=Congestion adaptation=without_ML throughput_gbps=8.1852 latency_ms=66.9564
[2026-08-03T14:15:04] SAMPLE t=23s phase=Congestion adaptation=without_ML throughput_gbps=7.7851 latency_ms=64.9112
[2026-08-03T14:15:05] SAMPLE t=24s phase=Congestion adaptation=without_ML throughput_gbps=8.2878 latency_ms=65.4659
[2026-08-03T14:15:06] SAMPLE t=25s phase=Congestion adaptation=without_ML throughput_gbps=7.5712 latency_ms=66.4194
[2026-08-03T14:15:07] SAMPLE t=26s phase=Congestion adaptation=without_ML throughput_gbps=7.9302 latency_ms=65.2405
[2026-08-03T14:15:08] SAMPLE t=27s phase=Congestion adaptation=without_ML throughput_gbps=7.9839 latency_ms=64.74
[2026-08-03T14:15:09] SAMPLE t=28s phase=Congestion adaptation=without_ML throughput_gbps=7.6146 latency_ms=64.5491
[2026-08-03T14:15:10] SAMPLE t=29s phase=Congestion adaptation=without_ML throughput_gbps=7.7559 latency_ms=67.2434
[2026-08-03T14:15:11] SAMPLE t=30s phase=Congestion adaptation=without_ML throughput_gbps=8.2877 latency_ms=65.3575
[2026-08-03T14:15:12] SAMPLE t=31s phase=Congestion adaptation=without_ML throughput_gbps=7.8451 latency_ms=67.5353
[2026-08-03T14:15:13] SAMPLE t=32s phase=Congestion adaptation=without_ML throughput_gbps=8.1233 latency_ms=67.3751
[2026-08-03T14:15:14] SAMPLE t=33s phase=Congestion adaptation=without_ML throughput_gbps=7.785 latency_ms=68.0913
[2026-08-03T14:15:15] SAMPLE t=34s phase=Congestion adaptation=without_ML throughput_gbps=7.5485 latency_ms=66.695
[2026-08-03T14:15:16] SAMPLE t=35s phase=Congestion adaptation=without_ML throughput_gbps=7.8075 latency_ms=66.1535
[2026-08-03T14:15:17] SAMPLE t=36s phase=Congestion adaptation=without_ML throughput_gbps=7.7914 latency_ms=65.9872
[2026-08-03T14:15:18] SAMPLE t=37s phase=Congestion adaptation=without_ML throughput_gbps=7.9946 latency_ms=66.7747
[2026-08-03T14:15:19] SAMPLE t=38s phase=Congestion adaptation=without_ML throughput_gbps=7.7763 latency_ms=68.5681
[2026-08-03T14:15:20] SAMPLE t=39s phase=Congestion adaptation=without_ML throughput_gbps=7.8774 latency_ms=67.8908
[2026-08-03T14:15:21] SAMPLE t=40s phase=Path_change adaptation=without_ML throughput_gbps=8.343 latency_ms=66.5978
[2026-08-03T14:15:22] SAMPLE t=41s phase=Path_change adaptation=without_ML throughput_gbps=7.3449 latency_ms=67.7093
[2026-08-03T14:15:23] SAMPLE t=42s phase=Path_change adaptation=without_ML throughput_gbps=7.2299 latency_ms=67.1939
[2026-08-03T14:15:24] SAMPLE t=43s phase=Path_change adaptation=without_ML throughput_gbps=7.1271 latency_ms=67.3279
[2026-08-03T14:15:25] SAMPLE t=44s phase=Path_change adaptation=without_ML throughput_gbps=6.5621 latency_ms=70.046
[2026-08-03T14:15:26] SAMPLE t=45s phase=Path_change adaptation=without_ML throughput_gbps=6.5259 latency_ms=71.747
[2026-08-03T14:15:27] SAMPLE t=46s phase=Path_change adaptation=without_ML throughput_gbps=6.177 latency_ms=72.7254
[2026-08-03T14:15:28] SAMPLE t=47s phase=Path_change adaptation=without_ML throughput_gbps=5.8883 latency_ms=71.5759
[2026-08-03T14:15:29] SAMPLE t=48s phase=Path_change adaptation=without_ML throughput_gbps=5.8562 latency_ms=69.371
[2026-08-03T14:15:30] SAMPLE t=49s phase=Path_change adaptation=without_ML throughput_gbps=5.7716 latency_ms=72.375
[2026-08-03T14:15:31] SAMPLE t=50s phase=Path_change adaptation=without_ML throughput_gbps=5.74 latency_ms=72.5003
[2026-08-03T14:15:32] SAMPLE t=51s phase=Path_change adaptation=without_ML throughput_gbps=5.7424 latency_ms=74.0589
[2026-08-03T14:15:33] SAMPLE t=52s phase=Path_change adaptation=without_ML throughput_gbps=5.6844 latency_ms=75.7619
[2026-08-03T14:15:34] SAMPLE t=53s phase=Path_change adaptation=without_ML throughput_gbps=6.1582 latency_ms=72.4297
[2026-08-03T14:15:35] SAMPLE t=54s phase=Path_change adaptation=without_ML throughput_gbps=6.0768 latency_ms=69.0299
[2026-08-03T14:15:36] SAMPLE t=55s phase=Path_change adaptation=without_ML throughput_gbps=6.3201 latency_ms=72.5385
[2026-08-03T14:15:37] SAMPLE t=56s phase=Path_change adaptation=without_ML throughput_gbps=6.3661 latency_ms=71.0443
[2026-08-03T14:15:38] SAMPLE t=57s phase=Path_change adaptation=without_ML throughput_gbps=7.088 latency_ms=69.9321
[2026-08-03T14:15:39] SAMPLE t=58s phase=Path_change adaptation=without_ML throughput_gbps=7.3116 latency_ms=71.8779
[2026-08-03T14:15:40] SAMPLE t=59s phase=Path_change adaptation=without_ML throughput_gbps=8.0382 latency_ms=69.1818
[2026-08-03T14:15:41] SAMPLE t=60s phase=Loss_spike adaptation=without_ML throughput_gbps=6.1084 latency_ms=68.8119
[2026-08-03T14:15:42] SAMPLE t=61s phase=Loss_spike adaptation=without_ML throughput_gbps=8.3962 latency_ms=80.095
[2026-08-03T14:15:43] SAMPLE t=62s phase=Loss_spike adaptation=without_ML throughput_gbps=7.2893 latency_ms=76.8099
[2026-08-03T14:15:44] SAMPLE t=63s phase=Loss_spike adaptation=without_ML throughput_gbps=5.0241 latency_ms=77.6252
[2026-08-03T14:15:45] SAMPLE t=64s phase=Loss_spike adaptation=without_ML throughput_gbps=3.974 latency_ms=80.6858
[2026-08-03T14:15:46] SAMPLE t=65s phase=Loss_spike adaptation=without_ML throughput_gbps=6.3448 latency_ms=69.1971
[2026-08-03T14:15:47] SAMPLE t=66s phase=Loss_spike adaptation=without_ML throughput_gbps=7.9407 latency_ms=77.3931
[2026-08-03T14:15:48] SAMPLE t=67s phase=Loss_spike adaptation=without_ML throughput_gbps=7.4797 latency_ms=76.9592
[2026-08-03T14:15:49] SAMPLE t=68s phase=Loss_spike adaptation=without_ML throughput_gbps=4.9291 latency_ms=74.8675
[2026-08-03T14:15:50] SAMPLE t=69s phase=Loss_spike adaptation=without_ML throughput_gbps=4.0871 latency_ms=77.6488
[2026-08-03T14:15:51] SAMPLE t=70s phase=Loss_spike adaptation=without_ML throughput_gbps=6.3974 latency_ms=69.7444
[2026-08-03T14:15:52] SAMPLE t=71s phase=Loss_spike adaptation=without_ML throughput_gbps=8.5154 latency_ms=77.8574
[2026-08-03T14:15:53] SAMPLE t=72s phase=Loss_spike adaptation=without_ML throughput_gbps=7.689 latency_ms=77.2491
[2026-08-03T14:15:54] SAMPLE t=73s phase=Loss_spike adaptation=without_ML throughput_gbps=4.8777 latency_ms=77.936
[2026-08-03T14:15:55] SAMPLE t=74s phase=Loss_spike adaptation=without_ML throughput_gbps=4.0342 latency_ms=78.7404
[2026-08-03T14:15:56] SAMPLE t=75s phase=Loss_spike adaptation=without_ML throughput_gbps=5.9834 latency_ms=70.553
[2026-08-03T14:15:57] SAMPLE t=76s phase=Loss_spike adaptation=without_ML throughput_gbps=8.0589 latency_ms=77.8439
[2026-08-03T14:15:58] SAMPLE t=77s phase=Loss_spike adaptation=without_ML throughput_gbps=7.8211 latency_ms=76.1472
[2026-08-03T14:15:59] SAMPLE t=78s phase=Loss_spike adaptation=without_ML throughput_gbps=4.8657 latency_ms=75.5779
[2026-08-03T14:16:00] SAMPLE t=79s phase=Loss_spike adaptation=without_ML throughput_gbps=4.1864 latency_ms=77.7843
[2026-08-03T14:16:01] SAMPLE t=80s phase=Recovery adaptation=without_ML throughput_gbps=7.8148 latency_ms=63.6512
[2026-08-03T14:16:02] SAMPLE t=81s phase=Recovery adaptation=without_ML throughput_gbps=8.4515 latency_ms=66.034
[2026-08-03T14:16:03] SAMPLE t=82s phase=Recovery adaptation=without_ML throughput_gbps=7.9753 latency_ms=62.6579
[2026-08-03T14:16:04] SAMPLE t=83s phase=Recovery adaptation=without_ML throughput_gbps=8.3663 latency_ms=66.6831
[2026-08-03T14:16:05] SAMPLE t=84s phase=Recovery adaptation=without_ML throughput_gbps=8.2459 latency_ms=64.5763
[2026-08-03T14:16:06] SAMPLE t=85s phase=Recovery adaptation=without_ML throughput_gbps=8.0047 latency_ms=64.5116
[2026-08-03T14:16:07] SAMPLE t=86s phase=Recovery adaptation=without_ML throughput_gbps=8.171 latency_ms=65.623
[2026-08-03T14:16:08] SAMPLE t=87s phase=Recovery adaptation=without_ML throughput_gbps=8.1568 latency_ms=64.9094
[2026-08-03T14:16:09] SAMPLE t=88s phase=Recovery adaptation=without_ML throughput_gbps=7.8171 latency_ms=67.4682
[2026-08-03T14:16:10] SAMPLE t=89s phase=Recovery adaptation=without_ML throughput_gbps=7.6397 latency_ms=68.3992
[2026-08-03T14:16:11] SAMPLE t=90s phase=Recovery adaptation=without_ML throughput_gbps=7.9167 latency_ms=68.2713
[2026-08-03T14:16:12] SAMPLE t=91s phase=Recovery adaptation=without_ML throughput_gbps=7.913 latency_ms=64.2711
[2026-08-03T14:16:13] SAMPLE t=92s phase=Recovery adaptation=without_ML throughput_gbps=8.3876 latency_ms=67.9085
[2026-08-03T14:16:14] SAMPLE t=93s phase=Recovery adaptation=without_ML throughput_gbps=8.0705 latency_ms=65.7636
[2026-08-03T14:16:15] SAMPLE t=94s phase=Recovery adaptation=without_ML throughput_gbps=8.1199 latency_ms=65.6231
[2026-08-03T14:16:16] SAMPLE t=95s phase=Recovery adaptation=without_ML throughput_gbps=8.1311 latency_ms=65.2026
[2026-08-03T14:16:17] SAMPLE t=96s phase=Recovery adaptation=without_ML throughput_gbps=7.9446 latency_ms=68.1036
[2026-08-03T14:16:18] SAMPLE t=97s phase=Recovery adaptation=without_ML throughput_gbps=8.1372 latency_ms=65.7485
[2026-08-03T14:16:19] SAMPLE t=98s phase=Recovery adaptation=without_ML throughput_gbps=8.1641 latency_ms=64.4687
[2026-08-03T14:16:20] SAMPLE t=99s phase=Recovery adaptation=without_ML throughput_gbps=7.8663 latency_ms=65.6635
[2026-08-03T14:14:41] TRACE_END run_id=13 status=OK
[2026-08-03T14:22:45] TRACE_START run_id=14
[2026-08-03T14:22:45] SAMPLE t=0s phase=Stable adaptation=with_ML throughput_gbps=8.1595 latency_ms=67.6194
[2026-08-03T14:22:46] SAMPLE t=1s phase=Stable adaptation=with_ML throughput_gbps=8.1468 latency_ms=66.6431
[2026-08-03T14:22:47] SAMPLE t=2s phase=Stable adaptation=with_ML throughput_gbps=7.8259 latency_ms=67.3738
[2026-08-03T14:22:48] SAMPLE t=3s phase=Stable adaptation=with_ML throughput_gbps=8.2463 latency_ms=65.1736
[2026-08-03T14:22:49] SAMPLE t=4s phase=Stable adaptation=with_ML throughput_gbps=7.9548 latency_ms=65.7365
[2026-08-03T14:22:50] SAMPLE t=5s phase=Stable adaptation=with_ML throughput_gbps=8.0003 latency_ms=68.0076
[2026-08-03T14:22:51] SAMPLE t=6s phase=Stable adaptation=with_ML throughput_gbps=8.1564 latency_ms=65.6473
[2026-08-03T14:22:52] SAMPLE t=7s phase=Stable adaptation=with_ML throughput_gbps=8.2502 latency_ms=65.4083
[2026-08-03T14:22:53] SAMPLE t=8s phase=Stable adaptation=with_ML throughput_gbps=8.2475 latency_ms=65.7863
[2026-08-03T14:22:54] SAMPLE t=9s phase=Stable adaptation=with_ML throughput_gbps=8.2873 latency_ms=65.529
[2026-08-03T14:22:55] SAMPLE t=10s phase=Stable adaptation=with_ML throughput_gbps=7.9908 latency_ms=66.9068
[2026-08-03T14:22:56] SAMPLE t=11s phase=Stable adaptation=with_ML throughput_gbps=7.7539 latency_ms=65.673
[2026-08-03T14:22:57] SAMPLE t=12s phase=Stable adaptation=with_ML throughput_gbps=8.511 latency_ms=66.18
[2026-08-03T14:22:58] SAMPLE t=13s phase=Stable adaptation=with_ML throughput_gbps=8.1493 latency_ms=67.835
[2026-08-03T14:22:59] SAMPLE t=14s phase=Stable adaptation=with_ML throughput_gbps=8.3607 latency_ms=67.7285
[2026-08-03T14:23:00] SAMPLE t=15s phase=Stable adaptation=with_ML throughput_gbps=8.4843 latency_ms=68.0812
[2026-08-03T14:23:01] SAMPLE t=16s phase=Stable adaptation=with_ML throughput_gbps=7.8282 latency_ms=66.464
[2026-08-03T14:23:02] SAMPLE t=17s phase=Stable adaptation=with_ML throughput_gbps=8.3691 latency_ms=65.2097
[2026-08-03T14:23:03] SAMPLE t=18s phase=Stable adaptation=with_ML throughput_gbps=8.2068 latency_ms=65.8859
[2026-08-03T14:23:04] SAMPLE t=19s phase=Stable adaptation=with_ML throughput_gbps=7.788 latency_ms=67.0371
[2026-08-03T14:23:05] SAMPLE t=20s phase=Congestion adaptation=with_ML throughput_gbps=8.3954 latency_ms=66.5446
[2026-08-03T14:23:06] SAMPLE t=21s phase=Congestion adaptation=with_ML throughput_gbps=7.6905 latency_ms=69.4264
[2026-08-03T14:23:07] SAMPLE t=22s phase=Congestion adaptation=with_ML throughput_gbps=7.9224 latency_ms=66.7586
[2026-08-03T14:23:08] SAMPLE t=23s phase=Congestion adaptation=with_ML throughput_gbps=8.1866 latency_ms=65.0511
[2026-08-03T14:23:09] SAMPLE t=24s phase=Congestion adaptation=with_ML throughput_gbps=7.9623 latency_ms=63.7624
[2026-08-03T14:23:10] SAMPLE t=25s phase=Congestion adaptation=with_ML throughput_gbps=8.059 latency_ms=65.1592
[2026-08-03T14:23:11] SAMPLE t=26s phase=Congestion adaptation=with_ML throughput_gbps=8.1576 latency_ms=65.9446
[2026-08-03T14:23:12] SAMPLE t=27s phase=Congestion adaptation=with_ML throughput_gbps=7.7688 latency_ms=66.2495
[2026-08-03T14:23:13] SAMPLE t=28s phase=Congestion adaptation=with_ML throughput_gbps=7.9011 latency_ms=68.5507
[2026-08-03T14:23:14] SAMPLE t=29s phase=Congestion adaptation=with_ML throughput_gbps=8.2315 latency_ms=66.2482
[2026-08-03T14:23:15] SAMPLE t=30s phase=Congestion adaptation=with_ML throughput_gbps=8.1945 latency_ms=67.8279
[2026-08-03T14:23:16] SAMPLE t=31s phase=Congestion adaptation=with_ML throughput_gbps=8.2841 latency_ms=64.592
[2026-08-03T14:23:17] SAMPLE t=32s phase=Congestion adaptation=with_ML throughput_gbps=8.1558 latency_ms=67.8368
[2026-08-03T14:23:18] SAMPLE t=33s phase=Congestion adaptation=with_ML throughput_gbps=8.0951 latency_ms=66.514
[2026-08-03T14:23:19] SAMPLE t=34s phase=Congestion adaptation=with_ML throughput_gbps=8.116 latency_ms=67.5618
[2026-08-03T14:23:20] SAMPLE t=35s phase=Congestion adaptation=with_ML throughput_gbps=7.4687 latency_ms=66.881
[2026-08-03T14:23:21] SAMPLE t=36s phase=Congestion adaptation=with_ML throughput_gbps=7.9861 latency_ms=64.6943
[2026-08-03T14:23:22] SAMPLE t=37s phase=Congestion adaptation=with_ML throughput_gbps=7.9306 latency_ms=65.2472
[2026-08-03T14:23:23] SAMPLE t=38s phase=Congestion adaptation=with_ML throughput_gbps=7.8771 latency_ms=64.4984
[2026-08-03T14:23:24] SAMPLE t=39s phase=Congestion adaptation=with_ML throughput_gbps=7.8954 latency_ms=65.7246
[2026-08-03T14:23:25] SAMPLE t=40s phase=Path_change adaptation=with_ML throughput_gbps=8.1449 latency_ms=67.1216
[2026-08-03T14:23:26] SAMPLE t=41s phase=Path_change adaptation=with_ML throughput_gbps=7.8487 latency_ms=65.8445
[2026-08-03T14:23:27] SAMPLE t=42s phase=Path_change adaptation=with_ML throughput_gbps=7.9708 latency_ms=66.3464
[2026-08-03T14:23:28] SAMPLE t=43s phase=Path_change adaptation=with_ML throughput_gbps=7.6639 latency_ms=67.6147
[2026-08-03T14:23:29] SAMPLE t=44s phase=Path_change adaptation=with_ML throughput_gbps=7.7252 latency_ms=67.2735
[2026-08-03T14:23:30] SAMPLE t=45s phase=Path_change adaptation=with_ML throughput_gbps=7.5965 latency_ms=65.9901
[2026-08-03T14:23:31] SAMPLE t=46s phase=Path_change adaptation=with_ML throughput_gbps=7.4033 latency_ms=66.6848
[2026-08-03T14:23:32] SAMPLE t=47s phase=Path_change adaptation=with_ML throughput_gbps=7.2387 latency_ms=68.8281
[2026-08-03T14:23:33] SAMPLE t=48s phase=Path_change adaptation=with_ML throughput_gbps=7.2369 latency_ms=69.1239
[2026-08-03T14:23:34] SAMPLE t=49s phase=Path_change adaptation=with_ML throughput_gbps=7.2706 latency_ms=67.2305
[2026-08-03T14:23:35] SAMPLE t=50s phase=Path_change adaptation=with_ML throughput_gbps=7.2633 latency_ms=69.1797
[2026-08-03T14:23:36] SAMPLE t=51s phase=Path_change adaptation=with_ML throughput_gbps=7.0648 latency_ms=66.1256
[2026-08-03T14:23:37] SAMPLE t=52s phase=Path_change adaptation=with_ML throughput_gbps=7.0498 latency_ms=69.431
[2026-08-03T14:23:38] SAMPLE t=53s phase=Path_change adaptation=with_ML throughput_gbps=7.2784 latency_ms=67.4652
[2026-08-03T14:23:39] SAMPLE t=54s phase=Path_change adaptation=with_ML throughput_gbps=7.6694 latency_ms=71.2926
[2026-08-03T14:23:40] SAMPLE t=55s phase=Path_change adaptation=with_ML throughput_gbps=7.5587 latency_ms=67.1256
[2026-08-03T14:23:41] SAMPLE t=56s phase=Path_change adaptation=with_ML throughput_gbps=7.6207 latency_ms=68.4644
[2026-08-03T14:23:42] SAMPLE t=57s phase=Path_change adaptation=with_ML throughput_gbps=7.5416 latency_ms=67.194
[2026-08-03T14:23:43] SAMPLE t=58s phase=Path_change adaptation=with_ML throughput_gbps=7.827 latency_ms=68.3752
[2026-08-03T14:23:44] SAMPLE t=59s phase=Path_change adaptation=with_ML throughput_gbps=7.5972 latency_ms=67.9971
[2026-08-03T14:23:45] SAMPLE t=60s phase=Loss_spike adaptation=with_ML throughput_gbps=6.9619 latency_ms=70.4448
[2026-08-03T14:23:46] SAMPLE t=61s phase=Loss_spike adaptation=with_ML throughput_gbps=8.2966 latency_ms=69.6781
[2026-08-03T14:23:47] SAMPLE t=62s phase=Loss_spike adaptation=with_ML throughput_gbps=8.164 latency_ms=70.5422
[2026-08-03T14:23:48] SAMPLE t=63s phase=Loss_spike adaptation=with_ML throughput_gbps=6.669 latency_ms=68.2767
[2026-08-03T14:23:49] SAMPLE t=64s phase=Loss_spike adaptation=with_ML throughput_gbps=6.2606 latency_ms=71.513
[2026-08-03T14:23:50] SAMPLE t=65s phase=Loss_spike adaptation=with_ML throughput_gbps=7.0469 latency_ms=68.7809
[2026-08-03T14:23:51] SAMPLE t=66s phase=Loss_spike adaptation=with_ML throughput_gbps=8.0859 latency_ms=71.6936
[2026-08-03T14:23:52] SAMPLE t=67s phase=Loss_spike adaptation=with_ML throughput_gbps=8.1527 latency_ms=70.0873
[2026-08-03T14:23:53] SAMPLE t=68s phase=Loss_spike adaptation=with_ML throughput_gbps=6.5315 latency_ms=70.687
[2026-08-03T14:23:54] SAMPLE t=69s phase=Loss_spike adaptation=with_ML throughput_gbps=6.3081 latency_ms=70.4971
[2026-08-03T14:23:55] SAMPLE t=70s phase=Loss_spike adaptation=with_ML throughput_gbps=7.2187 latency_ms=68.1362
[2026-08-03T14:23:56] SAMPLE t=71s phase=Loss_spike adaptation=with_ML throughput_gbps=8.4223 latency_ms=70.2123
[2026-08-03T14:23:57] SAMPLE t=72s phase=Loss_spike adaptation=with_ML throughput_gbps=8.048 latency_ms=69.7115
[2026-08-03T14:23:58] SAMPLE t=73s phase=Loss_spike adaptation=with_ML throughput_gbps=6.5416 latency_ms=68.8286
[2026-08-03T14:23:59] SAMPLE t=74s phase=Loss_spike adaptation=with_ML throughput_gbps=6.269 latency_ms=72.4006
[2026-08-03T14:24:00] SAMPLE t=75s phase=Loss_spike adaptation=with_ML throughput_gbps=7.6127 latency_ms=67.0761
[2026-08-03T14:24:01] SAMPLE t=76s phase=Loss_spike adaptation=with_ML throughput_gbps=8.7767 latency_ms=70.7841
[2026-08-03T14:24:02] SAMPLE t=77s phase=Loss_spike adaptation=with_ML throughput_gbps=8.0862 latency_ms=69.8147
[2026-08-03T14:24:03] SAMPLE t=78s phase=Loss_spike adaptation=with_ML throughput_gbps=6.5412 latency_ms=69.4498
[2026-08-03T14:24:04] SAMPLE t=79s phase=Loss_spike adaptation=with_ML throughput_gbps=6.1585 latency_ms=69.6906
[2026-08-03T14:24:05] SAMPLE t=80s phase=Recovery adaptation=with_ML throughput_gbps=8.1636 latency_ms=64.3763
[2026-08-03T14:24:06] SAMPLE t=81s phase=Recovery adaptation=with_ML throughput_gbps=8.198 latency_ms=65.2849
[2026-08-03T14:24:07] SAMPLE t=82s phase=Recovery adaptation=with_ML throughput_gbps=8.4281 latency_ms=63.8532
[2026-08-03T14:24:08] SAMPLE t=83s phase=Recovery adaptation=with_ML throughput_gbps=7.9566 latency_ms=67.305
[2026-08-03T14:24:09] SAMPLE t=84s phase=Recovery adaptation=with_ML throughput_gbps=8.4932 latency_ms=64.5162
[2026-08-03T14:24:10] SAMPLE t=85s phase=Recovery adaptation=with_ML throughput_gbps=8.2237 latency_ms=66.2239
[2026-08-03T14:24:11] SAMPLE t=86s phase=Recovery adaptation=with_ML throughput_gbps=8.3618 latency_ms=64.4639
[2026-08-03T14:24:12] SAMPLE t=87s phase=Recovery adaptation=with_ML throughput_gbps=8.336 latency_ms=67.9325
[2026-08-03T14:24:13] SAMPLE t=88s phase=Recovery adaptation=with_ML throughput_gbps=8.398 latency_ms=66.161
[2026-08-03T14:24:14] SAMPLE t=89s phase=Recovery adaptation=with_ML throughput_gbps=8.5265 latency_ms=65.6141
[2026-08-03T14:24:15] SAMPLE t=90s phase=Recovery adaptation=with_ML throughput_gbps=8.4764 latency_ms=64.0424
[2026-08-03T14:24:16] SAMPLE t=91s phase=Recovery adaptation=with_ML throughput_gbps=8.4739 latency_ms=64.073
[2026-08-03T14:24:17] SAMPLE t=92s phase=Recovery adaptation=with_ML throughput_gbps=8.3292 latency_ms=65.8779
[2026-08-03T14:24:18] SAMPLE t=93s phase=Recovery adaptation=with_ML throughput_gbps=8.5908 latency_ms=65.1236
[2026-08-03T14:24:19] SAMPLE t=94s phase=Recovery adaptation=with_ML throughput_gbps=8.4077 latency_ms=64.5392
[2026-08-03T14:24:20] SAMPLE t=95s phase=Recovery adaptation=with_ML throughput_gbps=8.2444 latency_ms=65.7216
[2026-08-03T14:24:21] SAMPLE t=96s phase=Recovery adaptation=with_ML throughput_gbps=8.6891 latency_ms=65.432
[2026-08-03T14:24:22] SAMPLE t=97s phase=Recovery adaptation=with_ML throughput_gbps=8.2098 latency_ms=68.1154
[2026-08-03T14:24:23] SAMPLE t=98s phase=Recovery adaptation=with_ML throughput_gbps=8.4355 latency_ms=63.9806
[2026-08-03T14:24:24] SAMPLE t=99s phase=Recovery adaptation=with_ML throughput_gbps=8.7231 latency_ms=65.1367
[2026-08-03T14:22:45] SAMPLE t=0s phase=Stable adaptation=without_ML throughput_gbps=8.0355 latency_ms=67.4967
[2026-08-03T14:22:46] SAMPLE t=1s phase=Stable adaptation=without_ML throughput_gbps=7.7394 latency_ms=66.7428
[2026-08-03T14:22:47] SAMPLE t=2s phase=Stable adaptation=without_ML throughput_gbps=7.9151 latency_ms=67.6125
[2026-08-03T14:22:48] SAMPLE t=3s phase=Stable adaptation=without_ML throughput_gbps=8.1588 latency_ms=65.2557
[2026-08-03T14:22:49] SAMPLE t=4s phase=Stable adaptation=without_ML throughput_gbps=8.0324 latency_ms=64.8575
[2026-08-03T14:22:50] SAMPLE t=5s phase=Stable adaptation=without_ML throughput_gbps=7.3834 latency_ms=65.987
[2026-08-03T14:22:51] SAMPLE t=6s phase=Stable adaptation=without_ML throughput_gbps=7.9877 latency_ms=63.9287
[2026-08-03T14:22:52] SAMPLE t=7s phase=Stable adaptation=without_ML throughput_gbps=7.7638 latency_ms=66.7116
[2026-08-03T14:22:53] SAMPLE t=8s phase=Stable adaptation=without_ML throughput_gbps=7.7841 latency_ms=65.1901
[2026-08-03T14:22:54] SAMPLE t=9s phase=Stable adaptation=without_ML throughput_gbps=8.1854 latency_ms=66.2242
[2026-08-03T14:22:55] SAMPLE t=10s phase=Stable adaptation=without_ML throughput_gbps=8.2372 latency_ms=67.8219
[2026-08-03T14:22:56] SAMPLE t=11s phase=Stable adaptation=without_ML throughput_gbps=8.2266 latency_ms=64.6911
[2026-08-03T14:22:57] SAMPLE t=12s phase=Stable adaptation=without_ML throughput_gbps=8.6795 latency_ms=66.3875
[2026-08-03T14:22:58] SAMPLE t=13s phase=Stable adaptation=without_ML throughput_gbps=8.085 latency_ms=68.0906
[2026-08-03T14:22:59] SAMPLE t=14s phase=Stable adaptation=without_ML throughput_gbps=7.966 latency_ms=66.0325
[2026-08-03T14:23:00] SAMPLE t=15s phase=Stable adaptation=without_ML throughput_gbps=7.4523 latency_ms=64.2725
[2026-08-03T14:23:01] SAMPLE t=16s phase=Stable adaptation=without_ML throughput_gbps=7.9401 latency_ms=64.6935
[2026-08-03T14:23:02] SAMPLE t=17s phase=Stable adaptation=without_ML throughput_gbps=8.0866 latency_ms=66.5575
[2026-08-03T14:23:03] SAMPLE t=18s phase=Stable adaptation=without_ML throughput_gbps=7.8666 latency_ms=65.2727
[2026-08-03T14:23:04] SAMPLE t=19s phase=Stable adaptation=without_ML throughput_gbps=8.101 latency_ms=66.6993
[2026-08-03T14:23:05] SAMPLE t=20s phase=Congestion adaptation=without_ML throughput_gbps=7.5716 latency_ms=69.2818
[2026-08-03T14:23:06] SAMPLE t=21s phase=Congestion adaptation=without_ML throughput_gbps=7.795 latency_ms=66.2928
[2026-08-03T14:23:07] SAMPLE t=22s phase=Congestion adaptation=without_ML throughput_gbps=8.1876 latency_ms=67.4896
[2026-08-03T14:23:08] SAMPLE t=23s phase=Congestion adaptation=without_ML throughput_gbps=7.7554 latency_ms=66.0992
[2026-08-03T14:23:09] SAMPLE t=24s phase=Congestion adaptation=without_ML throughput_gbps=7.7123 latency_ms=66.933
[2026-08-03T14:23:10] SAMPLE t=25s phase=Congestion adaptation=without_ML throughput_gbps=7.9315 latency_ms=63.9803
[2026-08-03T14:23:11] SAMPLE t=26s phase=Congestion adaptation=without_ML throughput_gbps=8.1009 latency_ms=65.5028
[2026-08-03T14:23:12] SAMPLE t=27s phase=Congestion adaptation=without_ML throughput_gbps=7.8691 latency_ms=64.3066
[2026-08-03T14:23:13] SAMPLE t=28s phase=Congestion adaptation=without_ML throughput_gbps=7.9832 latency_ms=68.6802
[2026-08-03T14:23:14] SAMPLE t=29s phase=Congestion adaptation=without_ML throughput_gbps=7.9425 latency_ms=67.0987
[2026-08-03T14:23:15] SAMPLE t=30s phase=Congestion adaptation=without_ML throughput_gbps=7.6609 latency_ms=66.3341
[2026-08-03T14:23:16] SAMPLE t=31s phase=Congestion adaptation=without_ML throughput_gbps=7.9697 latency_ms=71.3259
[2026-08-03T14:23:17] SAMPLE t=32s phase=Congestion adaptation=without_ML throughput_gbps=8.1016 latency_ms=65.8938
[2026-08-03T14:23:18] SAMPLE t=33s phase=Congestion adaptation=without_ML throughput_gbps=7.7004 latency_ms=68.1771
[2026-08-03T14:23:19] SAMPLE t=34s phase=Congestion adaptation=without_ML throughput_gbps=7.9388 latency_ms=65.3419
[2026-08-03T14:23:20] SAMPLE t=35s phase=Congestion adaptation=without_ML throughput_gbps=7.5603 latency_ms=65.7496
[2026-08-03T14:23:21] SAMPLE t=36s phase=Congestion adaptation=without_ML throughput_gbps=8.8346 latency_ms=65.4953
[2026-08-03T14:23:22] SAMPLE t=37s phase=Congestion adaptation=without_ML throughput_gbps=7.7182 latency_ms=64.5716
[2026-08-03T14:23:23] SAMPLE t=38s phase=Congestion adaptation=without_ML throughput_gbps=7.9587 latency_ms=67.253
[2026-08-03T14:23:24] SAMPLE t=39s phase=Congestion adaptation=without_ML throughput_gbps=8.0062 latency_ms=63.8745
[2026-08-03T14:23:25] SAMPLE t=40s phase=Path_change adaptation=without_ML throughput_gbps=8.0756 latency_ms=66.0145
[2026-08-03T14:23:26] SAMPLE t=41s phase=Path_change adaptation=without_ML throughput_gbps=7.5395 latency_ms=65.6315
[2026-08-03T14:23:27] SAMPLE t=42s phase=Path_change adaptation=without_ML throughput_gbps=7.6058 latency_ms=67.2242
[2026-08-03T14:23:28] SAMPLE t=43s phase=Path_change adaptation=without_ML throughput_gbps=7.0768 latency_ms=66.297
[2026-08-03T14:23:29] SAMPLE t=44s phase=Path_change adaptation=without_ML throughput_gbps=7.181 latency_ms=68.4992
[2026-08-03T14:23:30] SAMPLE t=45s phase=Path_change adaptation=without_ML throughput_gbps=6.526 latency_ms=72.5254
[2026-08-03T14:23:31] SAMPLE t=46s phase=Path_change adaptation=without_ML throughput_gbps=5.9962 latency_ms=72.2165
[2026-08-03T14:23:32] SAMPLE t=47s phase=Path_change adaptation=without_ML throughput_gbps=5.7586 latency_ms=72.192
[2026-08-03T14:23:33] SAMPLE t=48s phase=Path_change adaptation=without_ML throughput_gbps=5.8577 latency_ms=73.3127
[2026-08-03T14:23:34] SAMPLE t=49s phase=Path_change adaptation=without_ML throughput_gbps=5.7677 latency_ms=74.7621
[2026-08-03T14:23:35] SAMPLE t=50s phase=Path_change adaptation=without_ML throughput_gbps=5.4893 latency_ms=72.2511
[2026-08-03T14:23:36] SAMPLE t=51s phase=Path_change adaptation=without_ML throughput_gbps=5.8868 latency_ms=70.9503
[2026-08-03T14:23:37] SAMPLE t=52s phase=Path_change adaptation=without_ML throughput_gbps=5.8103 latency_ms=75.406
[2026-08-03T14:23:38] SAMPLE t=53s phase=Path_change adaptation=without_ML throughput_gbps=6.13 latency_ms=69.9885
[2026-08-03T14:23:39] SAMPLE t=54s phase=Path_change adaptation=without_ML throughput_gbps=5.72 latency_ms=73.5711
[2026-08-03T14:23:40] SAMPLE t=55s phase=Path_change adaptation=without_ML throughput_gbps=6.3709 latency_ms=70.7159
[2026-08-03T14:23:41] SAMPLE t=56s phase=Path_change adaptation=without_ML throughput_gbps=7.1269 latency_ms=68.9979
[2026-08-03T14:23:42] SAMPLE t=57s phase=Path_change adaptation=without_ML throughput_gbps=7.2756 latency_ms=69.6767
[2026-08-03T14:23:43] SAMPLE t=58s phase=Path_change adaptation=without_ML throughput_gbps=7.3575 latency_ms=68.9065
[2026-08-03T14:23:44] SAMPLE t=59s phase=Path_change adaptation=without_ML throughput_gbps=7.5936 latency_ms=66.6369
[2026-08-03T14:23:45] SAMPLE t=60s phase=Loss_spike adaptation=without_ML throughput_gbps=6.4045 latency_ms=69.0052
[2026-08-03T14:23:46] SAMPLE t=61s phase=Loss_spike adaptation=without_ML throughput_gbps=8.4713 latency_ms=78.9436
[2026-08-03T14:23:47] SAMPLE t=62s phase=Loss_spike adaptation=without_ML throughput_gbps=7.2965 latency_ms=75.3727
[2026-08-03T14:23:48] SAMPLE t=63s phase=Loss_spike adaptation=without_ML throughput_gbps=4.8102 latency_ms=77.2417
[2026-08-03T14:23:49] SAMPLE t=64s phase=Loss_spike adaptation=without_ML throughput_gbps=3.8532 latency_ms=78.7169
[2026-08-03T14:23:50] SAMPLE t=65s phase=Loss_spike adaptation=without_ML throughput_gbps=6.3844 latency_ms=69.0306
[2026-08-03T14:23:51] SAMPLE t=66s phase=Loss_spike adaptation=without_ML throughput_gbps=8.5306 latency_ms=82.4226
[2026-08-03T14:23:52] SAMPLE t=67s phase=Loss_spike adaptation=without_ML throughput_gbps=7.5187 latency_ms=77.4243
[2026-08-03T14:23:53] SAMPLE t=68s phase=Loss_spike adaptation=without_ML throughput_gbps=4.7259 latency_ms=73.4347
[2026-08-03T14:23:54] SAMPLE t=69s phase=Loss_spike adaptation=without_ML throughput_gbps=4.1718 latency_ms=84.4547
[2026-08-03T14:23:55] SAMPLE t=70s phase=Loss_spike adaptation=without_ML throughput_gbps=6.4685 latency_ms=67.9957
[2026-08-03T14:23:56] SAMPLE t=71s phase=Loss_spike adaptation=without_ML throughput_gbps=8.3629 latency_ms=81.0996
[2026-08-03T14:23:57] SAMPLE t=72s phase=Loss_spike adaptation=without_ML throughput_gbps=7.5605 latency_ms=76.036
[2026-08-03T14:23:58] SAMPLE t=73s phase=Loss_spike adaptation=without_ML throughput_gbps=5.0325 latency_ms=75.1956
[2026-08-03T14:23:59] SAMPLE t=74s phase=Loss_spike adaptation=without_ML throughput_gbps=3.9766 latency_ms=77.2071
[2026-08-03T14:24:00] SAMPLE t=75s phase=Loss_spike adaptation=without_ML throughput_gbps=6.2568 latency_ms=69.2092
[2026-08-03T14:24:01] SAMPLE t=76s phase=Loss_spike adaptation=without_ML throughput_gbps=8.1145 latency_ms=79.9543
[2026-08-03T14:24:02] SAMPLE t=77s phase=Loss_spike adaptation=without_ML throughput_gbps=7.8002 latency_ms=75.6715
[2026-08-03T14:24:03] SAMPLE t=78s phase=Loss_spike adaptation=without_ML throughput_gbps=4.8101 latency_ms=75.7974
[2026-08-03T14:24:04] SAMPLE t=79s phase=Loss_spike adaptation=without_ML throughput_gbps=3.8962 latency_ms=76.8102
[2026-08-03T14:24:05] SAMPLE t=80s phase=Recovery adaptation=without_ML throughput_gbps=8.3451 latency_ms=65.8027
[2026-08-03T14:24:06] SAMPLE t=81s phase=Recovery adaptation=without_ML throughput_gbps=8.2567 latency_ms=64.4996
[2026-08-03T14:24:07] SAMPLE t=82s phase=Recovery adaptation=without_ML throughput_gbps=7.9333 latency_ms=64.6846
[2026-08-03T14:24:08] SAMPLE t=83s phase=Recovery adaptation=without_ML throughput_gbps=8.3859 latency_ms=67.3957
[2026-08-03T14:24:09] SAMPLE t=84s phase=Recovery adaptation=without_ML throughput_gbps=8.3731 latency_ms=63.1244
[2026-08-03T14:24:10] SAMPLE t=85s phase=Recovery adaptation=without_ML throughput_gbps=7.8802 latency_ms=66.107
[2026-08-03T14:24:11] SAMPLE t=86s phase=Recovery adaptation=without_ML throughput_gbps=8.921 latency_ms=66.8411
[2026-08-03T14:24:12] SAMPLE t=87s phase=Recovery adaptation=without_ML throughput_gbps=7.8313 latency_ms=65.7517
[2026-08-03T14:24:13] SAMPLE t=88s phase=Recovery adaptation=without_ML throughput_gbps=8.0537 latency_ms=66.43
[2026-08-03T14:24:14] SAMPLE t=89s phase=Recovery adaptation=without_ML throughput_gbps=8.0472 latency_ms=67.1091
[2026-08-03T14:24:15] SAMPLE t=90s phase=Recovery adaptation=without_ML throughput_gbps=7.9675 latency_ms=64.5471
[2026-08-03T14:24:16] SAMPLE t=91s phase=Recovery adaptation=without_ML throughput_gbps=7.8925 latency_ms=68.152
[2026-08-03T14:24:17] SAMPLE t=92s phase=Recovery adaptation=without_ML throughput_gbps=7.999 latency_ms=65.4535
[2026-08-03T14:24:18] SAMPLE t=93s phase=Recovery adaptation=without_ML throughput_gbps=7.8899 latency_ms=64.8921
[2026-08-03T14:24:19] SAMPLE t=94s phase=Recovery adaptation=without_ML throughput_gbps=8.1072 latency_ms=64.4188
[2026-08-03T14:24:20] SAMPLE t=95s phase=Recovery adaptation=without_ML throughput_gbps=7.9117 latency_ms=66.119
[2026-08-03T14:24:21] SAMPLE t=96s phase=Recovery adaptation=without_ML throughput_gbps=8.0727 latency_ms=65.5544
[2026-08-03T14:24:22] SAMPLE t=97s phase=Recovery adaptation=without_ML throughput_gbps=7.7978 latency_ms=64.1431
[2026-08-03T14:24:23] SAMPLE t=98s phase=Recovery adaptation=without_ML throughput_gbps=7.8877 latency_ms=66.8761
[2026-08-03T14:24:24] SAMPLE t=99s phase=Recovery adaptation=without_ML throughput_gbps=7.9769 latency_ms=65.4317
[2026-08-03T14:22:45] TRACE_END run_id=14 status=OK
[2026-08-03T14:29:24] TRACE_START run_id=15
[2026-08-03T14:29:24] SAMPLE t=0s phase=Stable adaptation=with_ML throughput_gbps=8.3614 latency_ms=67.2871
[2026-08-03T14:29:25] SAMPLE t=1s phase=Stable adaptation=with_ML throughput_gbps=7.752 latency_ms=65.8091
[2026-08-03T14:29:26] SAMPLE t=2s phase=Stable adaptation=with_ML throughput_gbps=8.1181 latency_ms=65.014
[2026-08-03T14:29:27] SAMPLE t=3s phase=Stable adaptation=with_ML throughput_gbps=7.9365 latency_ms=67.6367
[2026-08-03T14:29:28] SAMPLE t=4s phase=Stable adaptation=with_ML throughput_gbps=7.8245 latency_ms=67.4109
[2026-08-03T14:29:29] SAMPLE t=5s phase=Stable adaptation=with_ML throughput_gbps=8.1755 latency_ms=66.7433
[2026-08-03T14:29:30] SAMPLE t=6s phase=Stable adaptation=with_ML throughput_gbps=7.9116 latency_ms=64.8586
[2026-08-03T14:29:31] SAMPLE t=7s phase=Stable adaptation=with_ML throughput_gbps=8.1391 latency_ms=69.0048
[2026-08-03T14:29:32] SAMPLE t=8s phase=Stable adaptation=with_ML throughput_gbps=8.0491 latency_ms=65.4316
[2026-08-03T14:29:33] SAMPLE t=9s phase=Stable adaptation=with_ML throughput_gbps=8.067 latency_ms=66.3452
[2026-08-03T14:29:34] SAMPLE t=10s phase=Stable adaptation=with_ML throughput_gbps=8.2554 latency_ms=67.2297
[2026-08-03T14:29:35] SAMPLE t=11s phase=Stable adaptation=with_ML throughput_gbps=8.2855 latency_ms=68.0967
[2026-08-03T14:29:36] SAMPLE t=12s phase=Stable adaptation=with_ML throughput_gbps=8.0627 latency_ms=64.7753
[2026-08-03T14:29:37] SAMPLE t=13s phase=Stable adaptation=with_ML throughput_gbps=8.193 latency_ms=68.7467
[2026-08-03T14:29:38] SAMPLE t=14s phase=Stable adaptation=with_ML throughput_gbps=8.0945 latency_ms=67.4892
[2026-08-03T14:29:39] SAMPLE t=15s phase=Stable adaptation=with_ML throughput_gbps=8.3231 latency_ms=67.3742
[2026-08-03T14:29:40] SAMPLE t=16s phase=Stable adaptation=with_ML throughput_gbps=8.2285 latency_ms=66.6122
[2026-08-03T14:29:41] SAMPLE t=17s phase=Stable adaptation=with_ML throughput_gbps=8.0212 latency_ms=67.2022
[2026-08-03T14:29:42] SAMPLE t=18s phase=Stable adaptation=with_ML throughput_gbps=8.0881 latency_ms=65.4146
[2026-08-03T14:29:43] SAMPLE t=19s phase=Stable adaptation=with_ML throughput_gbps=8.1092 latency_ms=66.858
[2026-08-03T14:29:44] SAMPLE t=20s phase=Congestion adaptation=with_ML throughput_gbps=7.9985 latency_ms=66.3395
[2026-08-03T14:29:45] SAMPLE t=21s phase=Congestion adaptation=with_ML throughput_gbps=8.0204 latency_ms=65.3713
[2026-08-03T14:29:46] SAMPLE t=22s phase=Congestion adaptation=with_ML throughput_gbps=7.9407 latency_ms=63.7684
[2026-08-03T14:29:47] SAMPLE t=23s phase=Congestion adaptation=with_ML throughput_gbps=8.2717 latency_ms=65.5939
[2026-08-03T14:29:48] SAMPLE t=24s phase=Congestion adaptation=with_ML throughput_gbps=8.2729 latency_ms=66.8796
[2026-08-03T14:29:49] SAMPLE t=25s phase=Congestion adaptation=with_ML throughput_gbps=8.0813 latency_ms=67.2843
[2026-08-03T14:29:50] SAMPLE t=26s phase=Congestion adaptation=with_ML throughput_gbps=8.1771 latency_ms=65.6234
[2026-08-03T14:29:51] SAMPLE t=27s phase=Congestion adaptation=with_ML throughput_gbps=8.2371 latency_ms=68.1535
[2026-08-03T14:29:52] SAMPLE t=28s phase=Congestion adaptation=with_ML throughput_gbps=7.9964 latency_ms=67.4933
[2026-08-03T14:29:53] SAMPLE t=29s phase=Congestion adaptation=with_ML throughput_gbps=8.2223 latency_ms=67.2474
[2026-08-03T14:29:54] SAMPLE t=30s phase=Congestion adaptation=with_ML throughput_gbps=8.0586 latency_ms=68.0104
[2026-08-03T14:29:55] SAMPLE t=31s phase=Congestion adaptation=with_ML throughput_gbps=8.3411 latency_ms=65.6489
[2026-08-03T14:29:56] SAMPLE t=32s phase=Congestion adaptation=with_ML throughput_gbps=8.2395 latency_ms=65.953
[2026-08-03T14:29:57] SAMPLE t=33s phase=Congestion adaptation=with_ML throughput_gbps=8.3629 latency_ms=64.9897
[2026-08-03T14:29:58] SAMPLE t=34s phase=Congestion adaptation=with_ML throughput_gbps=8.0525 latency_ms=66.1037
[2026-08-03T14:29:59] SAMPLE t=35s phase=Congestion adaptation=with_ML throughput_gbps=8.0654 latency_ms=65.8414
[2026-08-03T14:30:00] SAMPLE t=36s phase=Congestion adaptation=with_ML throughput_gbps=8.226 latency_ms=67.8462
[2026-08-03T14:30:01] SAMPLE t=37s phase=Congestion adaptation=with_ML throughput_gbps=8.3105 latency_ms=67.3713
[2026-08-03T14:30:02] SAMPLE t=38s phase=Congestion adaptation=with_ML throughput_gbps=8.4636 latency_ms=66.574
[2026-08-03T14:30:03] SAMPLE t=39s phase=Congestion adaptation=with_ML throughput_gbps=7.8388 latency_ms=66.3099
[2026-08-03T14:30:04] SAMPLE t=40s phase=Path_change adaptation=with_ML throughput_gbps=7.8363 latency_ms=68.6269
[2026-08-03T14:30:05] SAMPLE t=41s phase=Path_change adaptation=with_ML throughput_gbps=8.1822 latency_ms=68.0656
[2026-08-03T14:30:06] SAMPLE t=42s phase=Path_change adaptation=with_ML throughput_gbps=7.7915 latency_ms=67.7351
[2026-08-03T14:30:07] SAMPLE t=43s phase=Path_change adaptation=with_ML throughput_gbps=7.506 latency_ms=67.1016
[2026-08-03T14:30:08] SAMPLE t=44s phase=Path_change adaptation=with_ML throughput_gbps=7.5127 latency_ms=68.1473
[2026-08-03T14:30:09] SAMPLE t=45s phase=Path_change adaptation=with_ML throughput_gbps=7.3147 latency_ms=67.5495
[2026-08-03T14:30:10] SAMPLE t=46s phase=Path_change adaptation=with_ML throughput_gbps=7.385 latency_ms=68.3597
[2026-08-03T14:30:11] SAMPLE t=47s phase=Path_change adaptation=with_ML throughput_gbps=7.4386 latency_ms=70.9194
[2026-08-03T14:30:12] SAMPLE t=48s phase=Path_change adaptation=with_ML throughput_gbps=7.2191 latency_ms=67.9463
[2026-08-03T14:30:13] SAMPLE t=49s phase=Path_change adaptation=with_ML throughput_gbps=6.8538 latency_ms=69.0861
[2026-08-03T14:30:14] SAMPLE t=50s phase=Path_change adaptation=with_ML throughput_gbps=7.1071 latency_ms=68.9562
[2026-08-03T14:30:15] SAMPLE t=51s phase=Path_change adaptation=with_ML throughput_gbps=7.2971 latency_ms=68.2549
[2026-08-03T14:30:16] SAMPLE t=52s phase=Path_change adaptation=with_ML throughput_gbps=7.5641 latency_ms=69.3995
[2026-08-03T14:30:17] SAMPLE t=53s phase=Path_change adaptation=with_ML throughput_gbps=7.2386 latency_ms=69.4109
[2026-08-03T14:30:18] SAMPLE t=54s phase=Path_change adaptation=with_ML throughput_gbps=7.3318 latency_ms=66.4702
[2026-08-03T14:30:19] SAMPLE t=55s phase=Path_change adaptation=with_ML throughput_gbps=7.5017 latency_ms=66.6643
[2026-08-03T14:30:20] SAMPLE t=56s phase=Path_change adaptation=with_ML throughput_gbps=7.6969 latency_ms=67.2677
[2026-08-03T14:30:21] SAMPLE t=57s phase=Path_change adaptation=with_ML throughput_gbps=7.9753 latency_ms=68.1257
[2026-08-03T14:30:22] SAMPLE t=58s phase=Path_change adaptation=with_ML throughput_gbps=7.8731 latency_ms=66.3184
[2026-08-03T14:30:23] SAMPLE t=59s phase=Path_change adaptation=with_ML throughput_gbps=7.9747 latency_ms=66.772
[2026-08-03T14:30:24] SAMPLE t=60s phase=Loss_spike adaptation=with_ML throughput_gbps=7.3335 latency_ms=68.6348
[2026-08-03T14:30:25] SAMPLE t=61s phase=Loss_spike adaptation=with_ML throughput_gbps=8.7767 latency_ms=72.5207
[2026-08-03T14:30:26] SAMPLE t=62s phase=Loss_spike adaptation=with_ML throughput_gbps=7.619 latency_ms=68.6486
[2026-08-03T14:30:27] SAMPLE t=63s phase=Loss_spike adaptation=with_ML throughput_gbps=6.9094 latency_ms=70.139
[2026-08-03T14:30:28] SAMPLE t=64s phase=Loss_spike adaptation=with_ML throughput_gbps=6.2867 latency_ms=71.5898
[2026-08-03T14:30:29] SAMPLE t=65s phase=Loss_spike adaptation=with_ML throughput_gbps=7.4152 latency_ms=67.2492
[2026-08-03T14:30:30] SAMPLE t=66s phase=Loss_spike adaptation=with_ML throughput_gbps=8.2193 latency_ms=69.846
[2026-08-03T14:30:31] SAMPLE t=67s phase=Loss_spike adaptation=with_ML throughput_gbps=8.0511 latency_ms=71.8794
[2026-08-03T14:30:32] SAMPLE t=68s phase=Loss_spike adaptation=with_ML throughput_gbps=6.4655 latency_ms=70.0738
[2026-08-03T14:30:33] SAMPLE t=69s phase=Loss_spike adaptation=with_ML throughput_gbps=6.1889 latency_ms=71.0628
[2026-08-03T14:30:34] SAMPLE t=70s phase=Loss_spike adaptation=with_ML throughput_gbps=7.0577 latency_ms=67.8
[2026-08-03T14:30:35] SAMPLE t=71s phase=Loss_spike adaptation=with_ML throughput_gbps=8.1806 latency_ms=69.2752
[2026-08-03T14:30:36] SAMPLE t=72s phase=Loss_spike adaptation=with_ML throughput_gbps=8.0038 latency_ms=68.1235
[2026-08-03T14:30:37] SAMPLE t=73s phase=Loss_spike adaptation=with_ML throughput_gbps=6.3591 latency_ms=69.2115
[2026-08-03T14:30:38] SAMPLE t=74s phase=Loss_spike adaptation=with_ML throughput_gbps=6.0182 latency_ms=70.4713
[2026-08-03T14:30:39] SAMPLE t=75s phase=Loss_spike adaptation=with_ML throughput_gbps=7.5598 latency_ms=68.0929
[2026-08-03T14:30:40] SAMPLE t=76s phase=Loss_spike adaptation=with_ML throughput_gbps=8.2504 latency_ms=70.8595
[2026-08-03T14:30:41] SAMPLE t=77s phase=Loss_spike adaptation=with_ML throughput_gbps=8.105 latency_ms=70.7747
[2026-08-03T14:30:42] SAMPLE t=78s phase=Loss_spike adaptation=with_ML throughput_gbps=6.8182 latency_ms=71.8743
[2026-08-03T14:30:43] SAMPLE t=79s phase=Loss_spike adaptation=with_ML throughput_gbps=6.3197 latency_ms=69.3766
[2026-08-03T14:30:44] SAMPLE t=80s phase=Recovery adaptation=with_ML throughput_gbps=8.285 latency_ms=65.6001
[2026-08-03T14:30:45] SAMPLE t=81s phase=Recovery adaptation=with_ML throughput_gbps=8.2331 latency_ms=66.0073
[2026-08-03T14:30:46] SAMPLE t=82s phase=Recovery adaptation=with_ML throughput_gbps=8.0918 latency_ms=64.6719
[2026-08-03T14:30:47] SAMPLE t=83s phase=Recovery adaptation=with_ML throughput_gbps=8.1657 latency_ms=68.2706
[2026-08-03T14:30:48] SAMPLE t=84s phase=Recovery adaptation=with_ML throughput_gbps=8.1181 latency_ms=64.4873
[2026-08-03T14:30:49] SAMPLE t=85s phase=Recovery adaptation=with_ML throughput_gbps=8.2821 latency_ms=64.0293
[2026-08-03T14:30:50] SAMPLE t=86s phase=Recovery adaptation=with_ML throughput_gbps=8.2476 latency_ms=64.5584
[2026-08-03T14:30:51] SAMPLE t=87s phase=Recovery adaptation=with_ML throughput_gbps=8.3265 latency_ms=65.9236
[2026-08-03T14:30:52] SAMPLE t=88s phase=Recovery adaptation=with_ML throughput_gbps=8.5437 latency_ms=64.2595
[2026-08-03T14:30:53] SAMPLE t=89s phase=Recovery adaptation=with_ML throughput_gbps=8.4176 latency_ms=66.4559
[2026-08-03T14:30:54] SAMPLE t=90s phase=Recovery adaptation=with_ML throughput_gbps=8.9842 latency_ms=66.8407
[2026-08-03T14:30:55] SAMPLE t=91s phase=Recovery adaptation=with_ML throughput_gbps=8.5624 latency_ms=64.1843
[2026-08-03T14:30:56] SAMPLE t=92s phase=Recovery adaptation=with_ML throughput_gbps=8.4501 latency_ms=64.309
[2026-08-03T14:30:57] SAMPLE t=93s phase=Recovery adaptation=with_ML throughput_gbps=8.4076 latency_ms=64.2296
[2026-08-03T14:30:58] SAMPLE t=94s phase=Recovery adaptation=with_ML throughput_gbps=8.5967 latency_ms=65.5712
[2026-08-03T14:30:59] SAMPLE t=95s phase=Recovery adaptation=with_ML throughput_gbps=8.3174 latency_ms=66.8884
[2026-08-03T14:31:00] SAMPLE t=96s phase=Recovery adaptation=with_ML throughput_gbps=8.4794 latency_ms=63.4304
[2026-08-03T14:31:01] SAMPLE t=97s phase=Recovery adaptation=with_ML throughput_gbps=8.3833 latency_ms=65.6089
[2026-08-03T14:31:02] SAMPLE t=98s phase=Recovery adaptation=with_ML throughput_gbps=8.1802 latency_ms=64.2334
[2026-08-03T14:31:03] SAMPLE t=99s phase=Recovery adaptation=with_ML throughput_gbps=8.4986 latency_ms=63.9231
[2026-08-03T14:29:24] SAMPLE t=0s phase=Stable adaptation=without_ML throughput_gbps=8.0226 latency_ms=65.9961
[2026-08-03T14:29:25] SAMPLE t=1s phase=Stable adaptation=without_ML throughput_gbps=8.1272 latency_ms=63.7801
[2026-08-03T14:29:26] SAMPLE t=2s phase=Stable adaptation=without_ML throughput_gbps=8.4633 latency_ms=66.0492
[2026-08-03T14:29:27] SAMPLE t=3s phase=Stable adaptation=without_ML throughput_gbps=8.1921 latency_ms=67.4035
[2026-08-03T14:29:28] SAMPLE t=4s phase=Stable adaptation=without_ML throughput_gbps=7.7077 latency_ms=65.633
[2026-08-03T14:29:29] SAMPLE t=5s phase=Stable adaptation=without_ML throughput_gbps=8.3174 latency_ms=64.9382
[2026-08-03T14:29:30] SAMPLE t=6s phase=Stable adaptation=without_ML throughput_gbps=8.0798 latency_ms=67.6641
[2026-08-03T14:29:31] SAMPLE t=7s phase=Stable adaptation=without_ML throughput_gbps=7.8723 latency_ms=65.4304
[2026-08-03T14:29:32] SAMPLE t=8s phase=Stable adaptation=without_ML throughput_gbps=7.8822 latency_ms=66.9813
[2026-08-03T14:29:33] SAMPLE t=9s phase=Stable adaptation=without_ML throughput_gbps=8.2668 latency_ms=67.725
[2026-08-03T14:29:34] SAMPLE t=10s phase=Stable adaptation=without_ML throughput_gbps=8.1745 latency_ms=66.8296
[2026-08-03T14:29:35] SAMPLE t=11s phase=Stable adaptation=without_ML throughput_gbps=8.2679 latency_ms=68.0074
[2026-08-03T14:29:36] SAMPLE t=12s phase=Stable adaptation=without_ML throughput_gbps=7.866 latency_ms=66.2275
[2026-08-03T14:29:37] SAMPLE t=13s phase=Stable adaptation=without_ML throughput_gbps=8.5479 latency_ms=67.2783
[2026-08-03T14:29:38] SAMPLE t=14s phase=Stable adaptation=without_ML throughput_gbps=7.9692 latency_ms=65.8753
[2026-08-03T14:29:39] SAMPLE t=15s phase=Stable adaptation=without_ML throughput_gbps=7.8338 latency_ms=66.1209
[2026-08-03T14:29:40] SAMPLE t=16s phase=Stable adaptation=without_ML throughput_gbps=8.3829 latency_ms=64.6351
[2026-08-03T14:29:41] SAMPLE t=17s phase=Stable adaptation=without_ML throughput_gbps=7.7143 latency_ms=67.6118
[2026-08-03T14:29:42] SAMPLE t=18s phase=Stable adaptation=without_ML throughput_gbps=7.5691 latency_ms=65.9958
[2026-08-03T14:29:43] SAMPLE t=19s phase=Stable adaptation=without_ML throughput_gbps=7.9366 latency_ms=65.8661
[2026-08-03T14:29:44] SAMPLE t=20s phase=Congestion adaptation=without_ML throughput_gbps=8.5416 latency_ms=63.7781
[2026-08-03T14:29:45] SAMPLE t=21s phase=Congestion adaptation=without_ML throughput_gbps=8.162 latency_ms=64.9481
[2026-08-03T14:29:46] SAMPLE t=22s phase=Congestion adaptation=without_ML throughput_gbps=8.1906 latency_ms=64.6277
[2026-08-03T14:29:47] SAMPLE t=23s phase=Congestion adaptation=without_ML throughput_gbps=7.8538 latency_ms=64.2164
[2026-08-03T14:29:48] SAMPLE t=24s phase=Congestion adaptation=without_ML throughput_gbps=8.1386 latency_ms=67.1208
[2026-08-03T14:29:49] SAMPLE t=25s phase=Congestion adaptation=without_ML throughput_gbps=8.0504 latency_ms=67.5735
[2026-08-03T14:29:50] SAMPLE t=26s phase=Congestion adaptation=without_ML throughput_gbps=7.901 latency_ms=65.2654
[2026-08-03T14:29:51] SAMPLE t=27s phase=Congestion adaptation=without_ML throughput_gbps=8.1913 latency_ms=65.632
[2026-08-03T14:29:52] SAMPLE t=28s phase=Congestion adaptation=without_ML throughput_gbps=8.4898 latency_ms=64.7
[2026-08-03T14:29:53] SAMPLE t=29s phase=Congestion adaptation=without_ML throughput_gbps=7.9343 latency_ms=64.679
[2026-08-03T14:29:54] SAMPLE t=30s phase=Congestion adaptation=without_ML throughput_gbps=8.0948 latency_ms=63.2663
[2026-08-03T14:29:55] SAMPLE t=31s phase=Congestion adaptation=without_ML throughput_gbps=8.0566 latency_ms=65.5503
[2026-08-03T14:29:56] SAMPLE t=32s phase=Congestion adaptation=without_ML throughput_gbps=8.0296 latency_ms=64.6702
[2026-08-03T14:29:57] SAMPLE t=33s phase=Congestion adaptation=without_ML throughput_gbps=7.9134 latency_ms=67.6113
[2026-08-03T14:29:58] SAMPLE t=34s phase=Congestion adaptation=without_ML throughput_gbps=8.2797 latency_ms=66.5402
[2026-08-03T14:29:59] SAMPLE t=35s phase=Congestion adaptation=without_ML throughput_gbps=7.5295 latency_ms=63.4359
[2026-08-03T14:30:00] SAMPLE t=36s phase=Congestion adaptation=without_ML throughput_gbps=7.9501 latency_ms=67.2237
[2026-08-03T14:30:01] SAMPLE t=37s phase=Congestion adaptation=without_ML throughput_gbps=7.8255 latency_ms=67.597
[2026-08-03T14:30:02] SAMPLE t=38s phase=Congestion adaptation=without_ML throughput_gbps=8.347 latency_ms=63.7126
[2026-08-03T14:30:03] SAMPLE t=39s phase=Congestion adaptation=without_ML throughput_gbps=7.947 latency_ms=64.1946
[2026-08-03T14:30:04] SAMPLE t=40s phase=Path_change adaptation=without_ML throughput_gbps=7.9809 latency_ms=65.3147
[2026-08-03T14:30:05] SAMPLE t=41s phase=Path_change adaptation=without_ML throughput_gbps=7.4105 latency_ms=67.8489
[2026-08-03T14:30:06] SAMPLE t=42s phase=Path_change adaptation=without_ML throughput_gbps=6.8868 latency_ms=70.4236
[2026-08-03T14:30:07] SAMPLE t=43s phase=Path_change adaptation=without_ML throughput_gbps=6.9628 latency_ms=67.4907
[2026-08-03T14:30:08] SAMPLE t=44s phase=Path_change adaptation=without_ML throughput_gbps=6.5657 latency_ms=69.3239
[2026-08-03T14:30:09] SAMPLE t=45s phase=Path_change adaptation=without_ML throughput_gbps=6.3149 latency_ms=73.4867
[2026-08-03T14:30:10] SAMPLE t=46s phase=Path_change adaptation=without_ML throughput_gbps=6.0349 latency_ms=70.5526
[2026-08-03T14:30:11] SAMPLE t=47s phase=Path_change adaptation=without_ML throughput_gbps=6.0711 latency_ms=70.8075
[2026-08-03T14:30:12] SAMPLE t=48s phase=Path_change adaptation=without_ML throughput_gbps=5.7245 latency_ms=73.1035
[2026-08-03T14:30:13] SAMPLE t=49s phase=Path_change adaptation=without_ML throughput_gbps=5.8485 latency_ms=75.7672
[2026-08-03T14:30:14] SAMPLE t=50s phase=Path_change adaptation=without_ML throughput_gbps=5.6548 latency_ms=71.7769
[2026-08-03T14:30:15] SAMPLE t=51s phase=Path_change adaptation=without_ML throughput_gbps=5.6915 latency_ms=70.9656
[2026-08-03T14:30:16] SAMPLE t=52s phase=Path_change adaptation=without_ML throughput_gbps=6.176 latency_ms=72.8008
[2026-08-03T14:30:17] SAMPLE t=53s phase=Path_change adaptation=without_ML throughput_gbps=5.9268 latency_ms=71.3555
[2026-08-03T14:30:18] SAMPLE t=54s phase=Path_change adaptation=without_ML throughput_gbps=6.5641 latency_ms=72.3127
[2026-08-03T14:30:19] SAMPLE t=55s phase=Path_change adaptation=without_ML throughput_gbps=6.5234 latency_ms=70.0361
[2026-08-03T14:30:20] SAMPLE t=56s phase=Path_change adaptation=without_ML throughput_gbps=6.7009 latency_ms=69.6523
[2026-08-03T14:30:21] SAMPLE t=57s phase=Path_change adaptation=without_ML throughput_gbps=7.081 latency_ms=69.848
[2026-08-03T14:30:22] SAMPLE t=58s phase=Path_change adaptation=without_ML throughput_gbps=7.521 latency_ms=65.9303
[2026-08-03T14:30:23] SAMPLE t=59s phase=Path_change adaptation=without_ML throughput_gbps=7.8381 latency_ms=64.8723
[2026-08-03T14:30:24] SAMPLE t=60s phase=Loss_spike adaptation=without_ML throughput_gbps=6.3516 latency_ms=68.625
[2026-08-03T14:30:25] SAMPLE t=61s phase=Loss_spike adaptation=without_ML throughput_gbps=8.244 latency_ms=82.0586
[2026-08-03T14:30:26] SAMPLE t=62s phase=Loss_spike adaptation=without_ML throughput_gbps=7.8951 latency_ms=74.6469
[2026-08-03T14:30:27] SAMPLE t=63s phase=Loss_spike adaptation=without_ML throughput_gbps=4.974 latency_ms=74.0181
[2026-08-03T14:30:28] SAMPLE t=64s phase=Loss_spike adaptation=without_ML throughput_gbps=3.9996 latency_ms=78.6012
[2026-08-03T14:30:29] SAMPLE t=65s phase=Loss_spike adaptation=without_ML throughput_gbps=6.0203 latency_ms=71.246
[2026-08-03T14:30:30] SAMPLE t=66s phase=Loss_spike adaptation=without_ML throughput_gbps=7.7625 latency_ms=77.3877
[2026-08-03T14:30:31] SAMPLE t=67s phase=Loss_spike adaptation=without_ML throughput_gbps=7.5317 latency_ms=76.7093
[2026-08-03T14:30:32] SAMPLE t=68s phase=Loss_spike adaptation=without_ML throughput_gbps=4.6706 latency_ms=77.9384
[2026-08-03T14:30:33] SAMPLE t=69s phase=Loss_spike adaptation=without_ML throughput_gbps=4.2072 latency_ms=77.2414
[2026-08-03T14:30:34] SAMPLE t=70s phase=Loss_spike adaptation=without_ML throughput_gbps=6.2954 latency_ms=68.2777
[2026-08-03T14:30:35] SAMPLE t=71s phase=Loss_spike adaptation=without_ML throughput_gbps=8.0845 latency_ms=81.7355
[2026-08-03T14:30:36] SAMPLE t=72s phase=Loss_spike adaptation=without_ML throughput_gbps=7.7996 latency_ms=76.2133
[2026-08-03T14:30:37] SAMPLE t=73s phase=Loss_spike adaptation=without_ML throughput_gbps=4.9598 latency_ms=76.0373
[2026-08-03T14:30:38] SAMPLE t=74s phase=Loss_spike adaptation=without_ML throughput_gbps=4.0152 latency_ms=79.5834
[2026-08-03T14:30:39] SAMPLE t=75s phase=Loss_spike adaptation=without_ML throughput_gbps=6.0641 latency_ms=69.4933
[2026-08-03T14:30:40] SAMPLE t=76s phase=Loss_spike adaptation=without_ML throughput_gbps=8.401 latency_ms=81.9803
[2026-08-03T14:30:41] SAMPLE t=77s phase=Loss_spike adaptation=without_ML throughput_gbps=7.6083 latency_ms=75.2052
[2026-08-03T14:30:42] SAMPLE t=78s phase=Loss_spike adaptation=without_ML throughput_gbps=4.8786 latency_ms=76.1946
[2026-08-03T14:30:43] SAMPLE t=79s phase=Loss_spike adaptation=without_ML throughput_gbps=4.155 latency_ms=79.8619
[2026-08-03T14:30:44] SAMPLE t=80s phase=Recovery adaptation=without_ML throughput_gbps=8.0698 latency_ms=66.6434
[2026-08-03T14:30:45] SAMPLE t=81s phase=Recovery adaptation=without_ML throughput_gbps=7.8253 latency_ms=66.1509
[2026-08-03T14:30:46] SAMPLE t=82s phase=Recovery adaptation=without_ML throughput_gbps=8.0285 latency_ms=65.1032
[2026-08-03T14:30:47] SAMPLE t=83s phase=Recovery adaptation=without_ML throughput_gbps=7.8238 latency_ms=64.4811
[2026-08-03T14:30:48] SAMPLE t=84s phase=Recovery adaptation=without_ML throughput_gbps=8.3602 latency_ms=66.29
[2026-08-03T14:30:49] SAMPLE t=85s phase=Recovery adaptation=without_ML throughput_gbps=7.7929 latency_ms=65.5988
[2026-08-03T14:30:50] SAMPLE t=86s phase=Recovery adaptation=without_ML throughput_gbps=8.264 latency_ms=65.2744
[2026-08-03T14:30:51] SAMPLE t=87s phase=Recovery adaptation=without_ML throughput_gbps=7.722 latency_ms=65.9089
[2026-08-03T14:30:52] SAMPLE t=88s phase=Recovery adaptation=without_ML throughput_gbps=7.8873 latency_ms=64.6461
[2026-08-03T14:30:53] SAMPLE t=89s phase=Recovery adaptation=without_ML throughput_gbps=7.5459 latency_ms=65.1383
[2026-08-03T14:30:54] SAMPLE t=90s phase=Recovery adaptation=without_ML throughput_gbps=7.522 latency_ms=66.6866
[2026-08-03T14:30:55] SAMPLE t=91s phase=Recovery adaptation=without_ML throughput_gbps=7.7226 latency_ms=67.7304
[2026-08-03T14:30:56] SAMPLE t=92s phase=Recovery adaptation=without_ML throughput_gbps=8.2927 latency_ms=64.4828
[2026-08-03T14:30:57] SAMPLE t=93s phase=Recovery adaptation=without_ML throughput_gbps=8.121 latency_ms=65.1106
[2026-08-03T14:30:58] SAMPLE t=94s phase=Recovery adaptation=without_ML throughput_gbps=7.8262 latency_ms=64.7716
[2026-08-03T14:30:59] SAMPLE t=95s phase=Recovery adaptation=without_ML throughput_gbps=8.265 latency_ms=65.6939
[2026-08-03T14:31:00] SAMPLE t=96s phase=Recovery adaptation=without_ML throughput_gbps=7.8074 latency_ms=66.6818
[2026-08-03T14:31:01] SAMPLE t=97s phase=Recovery adaptation=without_ML throughput_gbps=7.8267 latency_ms=66.2706
[2026-08-03T14:31:02] SAMPLE t=98s phase=Recovery adaptation=without_ML throughput_gbps=8.1546 latency_ms=68.0892
[2026-08-03T14:31:03] SAMPLE t=99s phase=Recovery adaptation=without_ML throughput_gbps=7.9462 latency_ms=64.8751
[2026-08-03T14:29:24] TRACE_END run_id=15 status=OK
[2026-08-03T14:39:58] TRACE_START run_id=16
[2026-08-03T14:39:58] SAMPLE t=0s phase=Stable adaptation=with_ML throughput_gbps=8.1607 latency_ms=66.1135
[2026-08-03T14:39:59] SAMPLE t=1s phase=Stable adaptation=with_ML throughput_gbps=8.4562 latency_ms=64.643
[2026-08-03T14:40:00] SAMPLE t=2s phase=Stable adaptation=with_ML throughput_gbps=7.8807 latency_ms=68.6717
[2026-08-03T14:40:01] SAMPLE t=3s phase=Stable adaptation=with_ML throughput_gbps=7.8006 latency_ms=67.4176
[2026-08-03T14:40:02] SAMPLE t=4s phase=Stable adaptation=with_ML throughput_gbps=8.0964 latency_ms=64.4964
[2026-08-03T14:40:03] SAMPLE t=5s phase=Stable adaptation=with_ML throughput_gbps=8.3331 latency_ms=66.8304
[2026-08-03T14:40:04] SAMPLE t=6s phase=Stable adaptation=with_ML throughput_gbps=8.2306 latency_ms=67.7056
[2026-08-03T14:40:05] SAMPLE t=7s phase=Stable adaptation=with_ML throughput_gbps=8.0362 latency_ms=68.4023
[2026-08-03T14:40:06] SAMPLE t=8s phase=Stable adaptation=with_ML throughput_gbps=8.0408 latency_ms=67.127
[2026-08-03T14:40:07] SAMPLE t=9s phase=Stable adaptation=with_ML throughput_gbps=7.8332 latency_ms=67.7931
[2026-08-03T14:40:08] SAMPLE t=10s phase=Stable adaptation=with_ML throughput_gbps=8.4301 latency_ms=68.4151
[2026-08-03T14:40:09] SAMPLE t=11s phase=Stable adaptation=with_ML throughput_gbps=7.8165 latency_ms=66.3045
[2026-08-03T14:40:10] SAMPLE t=12s phase=Stable adaptation=with_ML throughput_gbps=8.2509 latency_ms=67.5676
[2026-08-03T14:40:11] SAMPLE t=13s phase=Stable adaptation=with_ML throughput_gbps=8.2283 latency_ms=66.5386
[2026-08-03T14:40:12] SAMPLE t=14s phase=Stable adaptation=with_ML throughput_gbps=7.8314 latency_ms=66.3213
[2026-08-03T14:40:13] SAMPLE t=15s phase=Stable adaptation=with_ML throughput_gbps=8.067 latency_ms=66.3268
[2026-08-03T14:40:14] SAMPLE t=16s phase=Stable adaptation=with_ML throughput_gbps=8.2787 latency_ms=65.4215
[2026-08-03T14:40:15] SAMPLE t=17s phase=Stable adaptation=with_ML throughput_gbps=8.123 latency_ms=64.4118
[2026-08-03T14:40:16] SAMPLE t=18s phase=Stable adaptation=with_ML throughput_gbps=8.0822 latency_ms=66.7136
[2026-08-03T14:40:17] SAMPLE t=19s phase=Stable adaptation=with_ML throughput_gbps=8.3634 latency_ms=66.7109
[2026-08-03T14:40:18] SAMPLE t=20s phase=Congestion adaptation=with_ML throughput_gbps=8.073 latency_ms=66.5433
[2026-08-03T14:40:19] SAMPLE t=21s phase=Congestion adaptation=with_ML throughput_gbps=8.0265 latency_ms=67.2768
[2026-08-03T14:40:20] SAMPLE t=22s phase=Congestion adaptation=with_ML throughput_gbps=8.4344 latency_ms=65.361
[2026-08-03T14:40:21] SAMPLE t=23s phase=Congestion adaptation=with_ML throughput_gbps=8.0763 latency_ms=66.0561
[2026-08-03T14:40:22] SAMPLE t=24s phase=Congestion adaptation=with_ML throughput_gbps=8.5334 latency_ms=66.3385
[2026-08-03T14:40:23] SAMPLE t=25s phase=Congestion adaptation=with_ML throughput_gbps=8.033 latency_ms=65.8773
[2026-08-03T14:40:24] SAMPLE t=26s phase=Congestion adaptation=with_ML throughput_gbps=8.1904 latency_ms=67.6914
[2026-08-03T14:40:25] SAMPLE t=27s phase=Congestion adaptation=with_ML throughput_gbps=8.1528 latency_ms=64.5813
[2026-08-03T14:40:26] SAMPLE t=28s phase=Congestion adaptation=with_ML throughput_gbps=8.4427 latency_ms=67.0467
[2026-08-03T14:40:27] SAMPLE t=29s phase=Congestion adaptation=with_ML throughput_gbps=8.0789 latency_ms=67.9277
[2026-08-03T14:40:28] SAMPLE t=30s phase=Congestion adaptation=with_ML throughput_gbps=8.2503 latency_ms=66.8627
[2026-08-03T14:40:29] SAMPLE t=31s phase=Congestion adaptation=with_ML throughput_gbps=8.0315 latency_ms=66.062
[2026-08-03T14:40:30] SAMPLE t=32s phase=Congestion adaptation=with_ML throughput_gbps=8.1256 latency_ms=67.3036
[2026-08-03T14:40:31] SAMPLE t=33s phase=Congestion adaptation=with_ML throughput_gbps=8.1067 latency_ms=65.1862
[2026-08-03T14:40:32] SAMPLE t=34s phase=Congestion adaptation=with_ML throughput_gbps=8.243 latency_ms=66.3274
[2026-08-03T14:40:33] SAMPLE t=35s phase=Congestion adaptation=with_ML throughput_gbps=7.9093 latency_ms=68.0145
[2026-08-03T14:40:34] SAMPLE t=36s phase=Congestion adaptation=with_ML throughput_gbps=8.1631 latency_ms=65.5642
[2026-08-03T14:40:35] SAMPLE t=37s phase=Congestion adaptation=with_ML throughput_gbps=8.1143 latency_ms=67.6393
[2026-08-03T14:40:36] SAMPLE t=38s phase=Congestion adaptation=with_ML throughput_gbps=7.9597 latency_ms=65.5633
[2026-08-03T14:40:37] SAMPLE t=39s phase=Congestion adaptation=with_ML throughput_gbps=7.9369 latency_ms=66.9415
[2026-08-03T14:40:38] SAMPLE t=40s phase=Path_change adaptation=with_ML throughput_gbps=8.2205 latency_ms=65.2841
[2026-08-03T14:40:39] SAMPLE t=41s phase=Path_change adaptation=with_ML throughput_gbps=7.9729 latency_ms=66.3492
[2026-08-03T14:40:40] SAMPLE t=42s phase=Path_change adaptation=with_ML throughput_gbps=7.699 latency_ms=66.7801
[2026-08-03T14:40:41] SAMPLE t=43s phase=Path_change adaptation=with_ML throughput_gbps=7.6403 latency_ms=65.7859
[2026-08-03T14:40:42] SAMPLE t=44s phase=Path_change adaptation=with_ML throughput_gbps=7.1873 latency_ms=67.5994
[2026-08-03T14:40:43] SAMPLE t=45s phase=Path_change adaptation=with_ML throughput_gbps=7.6487 latency_ms=64.9349
[2026-08-03T14:40:44] SAMPLE t=46s phase=Path_change adaptation=with_ML throughput_gbps=7.315 latency_ms=68.2089
[2026-08-03T14:40:45] SAMPLE t=47s phase=Path_change adaptation=with_ML throughput_gbps=7.2378 latency_ms=67.422
[2026-08-03T14:40:46] SAMPLE t=48s phase=Path_change adaptation=with_ML throughput_gbps=7.1675 latency_ms=68.6934
[2026-08-03T14:40:47] SAMPLE t=49s phase=Path_change adaptation=with_ML throughput_gbps=7.2718 latency_ms=68.5255
[2026-08-03T14:40:48] SAMPLE t=50s phase=Path_change adaptation=with_ML throughput_gbps=6.9689 latency_ms=68.8663
[2026-08-03T14:40:49] SAMPLE t=51s phase=Path_change adaptation=with_ML throughput_gbps=7.4565 latency_ms=68.4533
[2026-08-03T14:40:50] SAMPLE t=52s phase=Path_change adaptation=with_ML throughput_gbps=7.3229 latency_ms=68.3508
[2026-08-03T14:40:51] SAMPLE t=53s phase=Path_change adaptation=with_ML throughput_gbps=7.4932 latency_ms=68.9793
[2026-08-03T14:40:52] SAMPLE t=54s phase=Path_change adaptation=with_ML throughput_gbps=7.3625 latency_ms=67.1475
[2026-08-03T14:40:53] SAMPLE t=55s phase=Path_change adaptation=with_ML throughput_gbps=7.3814 latency_ms=70.6285
[2026-08-03T14:40:54] SAMPLE t=56s phase=Path_change adaptation=with_ML throughput_gbps=7.6894 latency_ms=67.6649
[2026-08-03T14:40:55] SAMPLE t=57s phase=Path_change adaptation=with_ML throughput_gbps=7.749 latency_ms=69.0371
[2026-08-03T14:40:56] SAMPLE t=58s phase=Path_change adaptation=with_ML throughput_gbps=7.8337 latency_ms=68.9538
[2026-08-03T14:40:57] SAMPLE t=59s phase=Path_change adaptation=with_ML throughput_gbps=7.5326 latency_ms=67.4083
[2026-08-03T14:40:58] SAMPLE t=60s phase=Loss_spike adaptation=with_ML throughput_gbps=7.397 latency_ms=68.6761
[2026-08-03T14:40:59] SAMPLE t=61s phase=Loss_spike adaptation=with_ML throughput_gbps=8.4749 latency_ms=72.7313
[2026-08-03T14:41:00] SAMPLE t=62s phase=Loss_spike adaptation=with_ML throughput_gbps=7.6315 latency_ms=71.6343
[2026-08-03T14:41:01] SAMPLE t=63s phase=Loss_spike adaptation=with_ML throughput_gbps=6.8588 latency_ms=69.1384
[2026-08-03T14:41:02] SAMPLE t=64s phase=Loss_spike adaptation=with_ML throughput_gbps=6.7791 latency_ms=72.6821
[2026-08-03T14:41:03] SAMPLE t=65s phase=Loss_spike adaptation=with_ML throughput_gbps=7.4639 latency_ms=68.0495
[2026-08-03T14:41:04] SAMPLE t=66s phase=Loss_spike adaptation=with_ML throughput_gbps=8.6597 latency_ms=71.3683
[2026-08-03T14:41:05] SAMPLE t=67s phase=Loss_spike adaptation=with_ML throughput_gbps=8.0121 latency_ms=68.5227
[2026-08-03T14:41:06] SAMPLE t=68s phase=Loss_spike adaptation=with_ML throughput_gbps=6.6057 latency_ms=69.9667
[2026-08-03T14:41:07] SAMPLE t=69s phase=Loss_spike adaptation=with_ML throughput_gbps=6.0973 latency_ms=70.2766
[2026-08-03T14:41:08] SAMPLE t=70s phase=Loss_spike adaptation=with_ML throughput_gbps=7.2852 latency_ms=67.9974
[2026-08-03T14:41:09] SAMPLE t=71s phase=Loss_spike adaptation=with_ML throughput_gbps=8.6377 latency_ms=70.5321
[2026-08-03T14:41:10] SAMPLE t=72s phase=Loss_spike adaptation=with_ML throughput_gbps=7.8092 latency_ms=67.7168
[2026-08-03T14:41:11] SAMPLE t=73s phase=Loss_spike adaptation=with_ML throughput_gbps=6.7039 latency_ms=69.0651
[2026-08-03T14:41:12] SAMPLE t=74s phase=Loss_spike adaptation=with_ML throughput_gbps=5.8749 latency_ms=69.9149
[2026-08-03T14:41:13] SAMPLE t=75s phase=Loss_spike adaptation=with_ML throughput_gbps=7.0397 latency_ms=68.1715
[2026-08-03T14:41:14] SAMPLE t=76s phase=Loss_spike adaptation=with_ML throughput_gbps=8.5825 latency_ms=71.8748
[2026-08-03T14:41:15] SAMPLE t=77s phase=Loss_spike adaptation=with_ML throughput_gbps=8.2283 latency_ms=69.2142
[2026-08-03T14:41:16] SAMPLE t=78s phase=Loss_spike adaptation=with_ML throughput_gbps=6.45 latency_ms=67.8479
[2026-08-03T14:41:17] SAMPLE t=79s phase=Loss_spike adaptation=with_ML throughput_gbps=6.2062 latency_ms=71.6341
[2026-08-03T14:41:18] SAMPLE t=80s phase=Recovery adaptation=with_ML throughput_gbps=8.1368 latency_ms=68.1091
[2026-08-03T14:41:19] SAMPLE t=81s phase=Recovery adaptation=with_ML throughput_gbps=7.8686 latency_ms=68.4251
[2026-08-03T14:41:20] SAMPLE t=82s phase=Recovery adaptation=with_ML throughput_gbps=8.2484 latency_ms=66.2258
[2026-08-03T14:41:21] SAMPLE t=83s phase=Recovery adaptation=with_ML throughput_gbps=8.0698 latency_ms=63.8575
[2026-08-03T14:41:22] SAMPLE t=84s phase=Recovery adaptation=with_ML throughput_gbps=8.4106 latency_ms=65.5316
[2026-08-03T14:41:23] SAMPLE t=85s phase=Recovery adaptation=with_ML throughput_gbps=8.4202 latency_ms=66.5277
[2026-08-03T14:41:24] SAMPLE t=86s phase=Recovery adaptation=with_ML throughput_gbps=8.2049 latency_ms=66.0867
[2026-08-03T14:41:25] SAMPLE t=87s phase=Recovery adaptation=with_ML throughput_gbps=7.9581 latency_ms=64.5983
[2026-08-03T14:41:26] SAMPLE t=88s phase=Recovery adaptation=with_ML throughput_gbps=8.4918 latency_ms=64.1705
[2026-08-03T14:41:27] SAMPLE t=89s phase=Recovery adaptation=with_ML throughput_gbps=8.2554 latency_ms=66.1484
[2026-08-03T14:41:28] SAMPLE t=90s phase=Recovery adaptation=with_ML throughput_gbps=8.15 latency_ms=66.116
[2026-08-03T14:41:29] SAMPLE t=91s phase=Recovery adaptation=with_ML throughput_gbps=8.3346 latency_ms=66.9769
[2026-08-03T14:41:30] SAMPLE t=92s phase=Recovery adaptation=with_ML throughput_gbps=8.0875 latency_ms=65.8959
[2026-08-03T14:41:31] SAMPLE t=93s phase=Recovery adaptation=with_ML throughput_gbps=8.0672 latency_ms=65.9113
[2026-08-03T14:41:32] SAMPLE t=94s phase=Recovery adaptation=with_ML throughput_gbps=8.3852 latency_ms=65.1945
[2026-08-03T14:41:33] SAMPLE t=95s phase=Recovery adaptation=with_ML throughput_gbps=8.2815 latency_ms=64.9432
[2026-08-03T14:41:34] SAMPLE t=96s phase=Recovery adaptation=with_ML throughput_gbps=7.9418 latency_ms=65.4198
[2026-08-03T14:41:35] SAMPLE t=97s phase=Recovery adaptation=with_ML throughput_gbps=8.2995 latency_ms=66.5793
[2026-08-03T14:41:36] SAMPLE t=98s phase=Recovery adaptation=with_ML throughput_gbps=8.5862 latency_ms=65.2799
[2026-08-03T14:41:37] SAMPLE t=99s phase=Recovery adaptation=with_ML throughput_gbps=8.3712 latency_ms=65.3083
[2026-08-03T14:39:58] SAMPLE t=0s phase=Stable adaptation=without_ML throughput_gbps=7.9579 latency_ms=67.4935
[2026-08-03T14:39:59] SAMPLE t=1s phase=Stable adaptation=without_ML throughput_gbps=7.4902 latency_ms=65.0157
[2026-08-03T14:40:00] SAMPLE t=2s phase=Stable adaptation=without_ML throughput_gbps=8.0446 latency_ms=65.099
[2026-08-03T14:40:01] SAMPLE t=3s phase=Stable adaptation=without_ML throughput_gbps=7.9745 latency_ms=65.6913
[2026-08-03T14:40:02] SAMPLE t=4s phase=Stable adaptation=without_ML throughput_gbps=7.5445 latency_ms=66.2403
[2026-08-03T14:40:03] SAMPLE t=5s phase=Stable adaptation=without_ML throughput_gbps=7.8966 latency_ms=64.3567
[2026-08-03T14:40:04] SAMPLE t=6s phase=Stable adaptation=without_ML throughput_gbps=7.765 latency_ms=68.9071
[2026-08-03T14:40:05] SAMPLE t=7s phase=Stable adaptation=without_ML throughput_gbps=8.215 latency_ms=66.4379
[2026-08-03T14:40:06] SAMPLE t=8s phase=Stable adaptation=without_ML throughput_gbps=8.0916 latency_ms=65.8095
[2026-08-03T14:40:07] SAMPLE t=9s phase=Stable adaptation=without_ML throughput_gbps=8.1598 latency_ms=65.928
[2026-08-03T14:40:08] SAMPLE t=10s phase=Stable adaptation=without_ML throughput_gbps=7.8565 latency_ms=67.3594
[2026-08-03T14:40:09] SAMPLE t=11s phase=Stable adaptation=without_ML throughput_gbps=8.4468 latency_ms=64.2708
[2026-08-03T14:40:10] SAMPLE t=12s phase=Stable adaptation=without_ML throughput_gbps=8.4046 latency_ms=64.5704
[2026-08-03T14:40:11] SAMPLE t=13s phase=Stable adaptation=without_ML throughput_gbps=8.122 latency_ms=64.4595
[2026-08-03T14:40:12] SAMPLE t=14s phase=Stable adaptation=without_ML throughput_gbps=8.0439 latency_ms=65.507
[2026-08-03T14:40:13] SAMPLE t=15s phase=Stable adaptation=without_ML throughput_gbps=7.5382 latency_ms=67.1446
[2026-08-03T14:40:14] SAMPLE t=16s phase=Stable adaptation=without_ML throughput_gbps=7.9929 latency_ms=64.3421
[2026-08-03T14:40:15] SAMPLE t=17s phase=Stable adaptation=without_ML throughput_gbps=8.2097 latency_ms=64.1868
[2026-08-03T14:40:16] SAMPLE t=18s phase=Stable adaptation=without_ML throughput_gbps=8.0726 latency_ms=64.649
[2026-08-03T14:40:17] SAMPLE t=19s phase=Stable adaptation=without_ML throughput_gbps=8.1184 latency_ms=63.9985
[2026-08-03T14:40:18] SAMPLE t=20s phase=Congestion adaptation=without_ML throughput_gbps=7.5296 latency_ms=64.3075
[2026-08-03T14:40:19] SAMPLE t=21s phase=Congestion adaptation=without_ML throughput_gbps=8.0884 latency_ms=66.3276
[2026-08-03T14:40:20] SAMPLE t=22s phase=Congestion adaptation=without_ML throughput_gbps=8.2085 latency_ms=65.0102
[2026-08-03T14:40:21] SAMPLE t=23s phase=Congestion adaptation=without_ML throughput_gbps=7.6481 latency_ms=67.6001
[2026-08-03T14:40:22] SAMPLE t=24s phase=Congestion adaptation=without_ML throughput_gbps=7.9618 latency_ms=68.5564
[2026-08-03T14:40:23] SAMPLE t=25s phase=Congestion adaptation=without_ML throughput_gbps=7.9071 latency_ms=67.0302
[2026-08-03T14:40:24] SAMPLE t=26s phase=Congestion adaptation=without_ML throughput_gbps=8.0671 latency_ms=66.1165
[2026-08-03T14:40:25] SAMPLE t=27s phase=Congestion adaptation=without_ML throughput_gbps=7.6287 latency_ms=66.1362
[2026-08-03T14:40:26] SAMPLE t=28s phase=Congestion adaptation=without_ML throughput_gbps=8.0461 latency_ms=65.6536
[2026-08-03T14:40:27] SAMPLE t=29s phase=Congestion adaptation=without_ML throughput_gbps=7.665 latency_ms=65.769
[2026-08-03T14:40:28] SAMPLE t=30s phase=Congestion adaptation=without_ML throughput_gbps=7.7907 latency_ms=62.9102
[2026-08-03T14:40:29] SAMPLE t=31s phase=Congestion adaptation=without_ML throughput_gbps=7.982 latency_ms=67.1307
[2026-08-03T14:40:30] SAMPLE t=32s phase=Congestion adaptation=without_ML throughput_gbps=8.0836 latency_ms=66.6446
[2026-08-03T14:40:31] SAMPLE t=33s phase=Congestion adaptation=without_ML throughput_gbps=8.5254 latency_ms=64.7744
[2026-08-03T14:40:32] SAMPLE t=34s phase=Congestion adaptation=without_ML throughput_gbps=7.9308 latency_ms=64.0755
[2026-08-03T14:40:33] SAMPLE t=35s phase=Congestion adaptation=without_ML throughput_gbps=8.1456 latency_ms=65.4875
[2026-08-03T14:40:34] SAMPLE t=36s phase=Congestion adaptation=without_ML throughput_gbps=7.7509 latency_ms=65.2388
[2026-08-03T14:40:35] SAMPLE t=37s phase=Congestion adaptation=without_ML throughput_gbps=8.3045 latency_ms=65.2609
[2026-08-03T14:40:36] SAMPLE t=38s phase=Congestion adaptation=without_ML throughput_gbps=7.7998 latency_ms=64.3752
[2026-08-03T14:40:37] SAMPLE t=39s phase=Congestion adaptation=without_ML throughput_gbps=8.0608 latency_ms=68.5021
[2026-08-03T14:40:38] SAMPLE t=40s phase=Path_change adaptation=without_ML throughput_gbps=8.2053 latency_ms=65.6342
[2026-08-03T14:40:39] SAMPLE t=41s phase=Path_change adaptation=without_ML throughput_gbps=7.3759 latency_ms=66.8378
[2026-08-03T14:40:40] SAMPLE t=42s phase=Path_change adaptation=without_ML throughput_gbps=7.4683 latency_ms=65.0067
[2026-08-03T14:40:41] SAMPLE t=43s phase=Path_change adaptation=without_ML throughput_gbps=6.948 latency_ms=68.5985
[2026-08-03T14:40:42] SAMPLE t=44s phase=Path_change adaptation=without_ML throughput_gbps=6.7033 latency_ms=69.9892
[2026-08-03T14:40:43] SAMPLE t=45s phase=Path_change adaptation=without_ML throughput_gbps=6.3371 latency_ms=72.2818
[2026-08-03T14:40:44] SAMPLE t=46s phase=Path_change adaptation=without_ML throughput_gbps=6.1477 latency_ms=71.4386
[2026-08-03T14:40:45] SAMPLE t=47s phase=Path_change adaptation=without_ML throughput_gbps=5.9979 latency_ms=74.2136
[2026-08-03T14:40:46] SAMPLE t=48s phase=Path_change adaptation=without_ML throughput_gbps=6.0588 latency_ms=70.1004
[2026-08-03T14:40:47] SAMPLE t=49s phase=Path_change adaptation=without_ML throughput_gbps=6.1879 latency_ms=74.9246
[2026-08-03T14:40:48] SAMPLE t=50s phase=Path_change adaptation=without_ML throughput_gbps=5.7235 latency_ms=71.9421
[2026-08-03T14:40:49] SAMPLE t=51s phase=Path_change adaptation=without_ML throughput_gbps=5.6672 latency_ms=72.9388
[2026-08-03T14:40:50] SAMPLE t=52s phase=Path_change adaptation=without_ML throughput_gbps=5.8504 latency_ms=73.2341
[2026-08-03T14:40:51] SAMPLE t=53s phase=Path_change adaptation=without_ML throughput_gbps=6.0431 latency_ms=72.6871
[2026-08-03T14:40:52] SAMPLE t=54s phase=Path_change adaptation=without_ML throughput_gbps=6.1982 latency_ms=70.6214
[2026-08-03T14:40:53] SAMPLE t=55s phase=Path_change adaptation=without_ML throughput_gbps=6.0223 latency_ms=68.8108
[2026-08-03T14:40:54] SAMPLE t=56s phase=Path_change adaptation=without_ML throughput_gbps=6.6068 latency_ms=70.2461
[2026-08-03T14:40:55] SAMPLE t=57s phase=Path_change adaptation=without_ML throughput_gbps=6.8699 latency_ms=68.9621
[2026-08-03T14:40:56] SAMPLE t=58s phase=Path_change adaptation=without_ML throughput_gbps=7.3221 latency_ms=69.0379
[2026-08-03T14:40:57] SAMPLE t=59s phase=Path_change adaptation=without_ML throughput_gbps=7.7197 latency_ms=65.8251
[2026-08-03T14:40:58] SAMPLE t=60s phase=Loss_spike adaptation=without_ML throughput_gbps=6.2264 latency_ms=68.9962
[2026-08-03T14:40:59] SAMPLE t=61s phase=Loss_spike adaptation=without_ML throughput_gbps=8.294 latency_ms=79.6105
[2026-08-03T14:41:00] SAMPLE t=62s phase=Loss_spike adaptation=without_ML throughput_gbps=7.5456 latency_ms=76.3327
[2026-08-03T14:41:01] SAMPLE t=63s phase=Loss_spike adaptation=without_ML throughput_gbps=4.8645 latency_ms=77.4173
[2026-08-03T14:41:02] SAMPLE t=64s phase=Loss_spike adaptation=without_ML throughput_gbps=4.2323 latency_ms=84.0485
[2026-08-03T14:41:03] SAMPLE t=65s phase=Loss_spike adaptation=without_ML throughput_gbps=6.1073 latency_ms=72.904
[2026-08-03T14:41:04] SAMPLE t=66s phase=Loss_spike adaptation=without_ML throughput_gbps=8.0205 latency_ms=79.1125
[2026-08-03T14:41:05] SAMPLE t=67s phase=Loss_spike adaptation=without_ML throughput_gbps=7.5171 latency_ms=76.5593
[2026-08-03T14:41:06] SAMPLE t=68s phase=Loss_spike adaptation=without_ML throughput_gbps=4.8025 latency_ms=75.4585
[2026-08-03T14:41:07] SAMPLE t=69s phase=Loss_spike adaptation=without_ML throughput_gbps=4.0839 latency_ms=78.8123
[2026-08-03T14:41:08] SAMPLE t=70s phase=Loss_spike adaptation=without_ML throughput_gbps=6.1877 latency_ms=69.7934
[2026-08-03T14:41:09] SAMPLE t=71s phase=Loss_spike adaptation=without_ML throughput_gbps=7.9726 latency_ms=80.0995
[2026-08-03T14:41:10] SAMPLE t=72s phase=Loss_spike adaptation=without_ML throughput_gbps=8.0028 latency_ms=75.9215
[2026-08-03T14:41:11] SAMPLE t=73s phase=Loss_spike adaptation=without_ML throughput_gbps=4.8036 latency_ms=77.046
[2026-08-03T14:41:12] SAMPLE t=74s phase=Loss_spike adaptation=without_ML throughput_gbps=4.0399 latency_ms=79.2324
[2026-08-03T14:41:13] SAMPLE t=75s phase=Loss_spike adaptation=without_ML throughput_gbps=6.1265 latency_ms=71.1098
[2026-08-03T14:41:14] SAMPLE t=76s phase=Loss_spike adaptation=without_ML throughput_gbps=8.2493 latency_ms=76.3046
[2026-08-03T14:41:15] SAMPLE t=77s phase=Loss_spike adaptation=without_ML throughput_gbps=7.511 latency_ms=73.4655
[2026-08-03T14:41:16] SAMPLE t=78s phase=Loss_spike adaptation=without_ML throughput_gbps=5.1846 latency_ms=74.9861
[2026-08-03T14:41:17] SAMPLE t=79s phase=Loss_spike adaptation=without_ML throughput_gbps=4.0679 latency_ms=79.145
[2026-08-03T14:41:18] SAMPLE t=80s phase=Recovery adaptation=without_ML throughput_gbps=7.7107 latency_ms=68.3662
[2026-08-03T14:41:19] SAMPLE t=81s phase=Recovery adaptation=without_ML throughput_gbps=7.6239 latency_ms=66.3834
[2026-08-03T14:41:20] SAMPLE t=82s phase=Recovery adaptation=without_ML throughput_gbps=7.6805 latency_ms=64.7657
[2026-08-03T14:41:21] SAMPLE t=83s phase=Recovery adaptation=without_ML throughput_gbps=7.7209 latency_ms=64.7925
[2026-08-03T14:41:22] SAMPLE t=84s phase=Recovery adaptation=without_ML throughput_gbps=7.6122 latency_ms=67.5404
[2026-08-03T14:41:23] SAMPLE t=85s phase=Recovery adaptation=without_ML throughput_gbps=8.2805 latency_ms=63.7921
[2026-08-03T14:41:24] SAMPLE t=86s phase=Recovery adaptation=without_ML throughput_gbps=8.4697 latency_ms=66.3894
[2026-08-03T14:41:25] SAMPLE t=87s phase=Recovery adaptation=without_ML throughput_gbps=7.8847 latency_ms=68.2938
[2026-08-03T14:41:26] SAMPLE t=88s phase=Recovery adaptation=without_ML throughput_gbps=8.0465 latency_ms=63.9823
[2026-08-03T14:41:27] SAMPLE t=89s phase=Recovery adaptation=without_ML throughput_gbps=7.8693 latency_ms=67.8186
[2026-08-03T14:41:28] SAMPLE t=90s phase=Recovery adaptation=without_ML throughput_gbps=8.1642 latency_ms=66.1699
[2026-08-03T14:41:29] SAMPLE t=91s phase=Recovery adaptation=without_ML throughput_gbps=8.0364 latency_ms=63.6129
[2026-08-03T14:41:30] SAMPLE t=92s phase=Recovery adaptation=without_ML throughput_gbps=8.0211 latency_ms=66.1832
[2026-08-03T14:41:31] SAMPLE t=93s phase=Recovery adaptation=without_ML throughput_gbps=8.1834 latency_ms=66.2797
[2026-08-03T14:41:32] SAMPLE t=94s phase=Recovery adaptation=without_ML throughput_gbps=8.2679 latency_ms=63.5005
[2026-08-03T14:41:33] SAMPLE t=95s phase=Recovery adaptation=without_ML throughput_gbps=8.0242 latency_ms=64.9756
[2026-08-03T14:41:34] SAMPLE t=96s phase=Recovery adaptation=without_ML throughput_gbps=7.7952 latency_ms=66.48
[2026-08-03T14:41:35] SAMPLE t=97s phase=Recovery adaptation=without_ML throughput_gbps=8.2434 latency_ms=66.2659
[2026-08-03T14:41:36] SAMPLE t=98s phase=Recovery adaptation=without_ML throughput_gbps=7.5496 latency_ms=67.3232
[2026-08-03T14:41:37] SAMPLE t=99s phase=Recovery adaptation=without_ML throughput_gbps=8.3306 latency_ms=64.0704
[2026-08-03T14:39:58] TRACE_END run_id=16 status=OK
[2026-08-03T14:43:37] TRACE_START run_id=17
[2026-08-03T14:43:37] SAMPLE t=0s phase=Stable adaptation=with_ML throughput_gbps=8.1565 latency_ms=69.4908
[2026-08-03T14:43:38] SAMPLE t=1s phase=Stable adaptation=with_ML throughput_gbps=8.1487 latency_ms=66.1435
[2026-08-03T14:43:39] SAMPLE t=2s phase=Stable adaptation=with_ML throughput_gbps=7.6742 latency_ms=65.7818
[2026-08-03T14:43:40] SAMPLE t=3s phase=Stable adaptation=with_ML throughput_gbps=7.948 latency_ms=65.8805
[2026-08-03T14:43:41] SAMPLE t=4s phase=Stable adaptation=with_ML throughput_gbps=8.0437 latency_ms=64.8411
[2026-08-03T14:43:42] SAMPLE t=5s phase=Stable adaptation=with_ML throughput_gbps=8.5094 latency_ms=66.746
[2026-08-03T14:43:43] SAMPLE t=6s phase=Stable adaptation=with_ML throughput_gbps=8.2406 latency_ms=66.5999
[2026-08-03T14:43:44] SAMPLE t=7s phase=Stable adaptation=with_ML throughput_gbps=8.5031 latency_ms=65.1787
[2026-08-03T14:43:45] SAMPLE t=8s phase=Stable adaptation=with_ML throughput_gbps=8.046 latency_ms=65.566
[2026-08-03T14:43:46] SAMPLE t=9s phase=Stable adaptation=with_ML throughput_gbps=8.0438 latency_ms=68.7934
[2026-08-03T14:43:47] SAMPLE t=10s phase=Stable adaptation=with_ML throughput_gbps=8.0876 latency_ms=68.761
[2026-08-03T14:43:48] SAMPLE t=11s phase=Stable adaptation=with_ML throughput_gbps=7.8092 latency_ms=65.2421
[2026-08-03T14:43:49] SAMPLE t=12s phase=Stable adaptation=with_ML throughput_gbps=8.173 latency_ms=66.2388
[2026-08-03T14:43:50] SAMPLE t=13s phase=Stable adaptation=with_ML throughput_gbps=8.151 latency_ms=66.1365
[2026-08-03T14:43:51] SAMPLE t=14s phase=Stable adaptation=with_ML throughput_gbps=8.0048 latency_ms=64.5745
[2026-08-03T14:43:52] SAMPLE t=15s phase=Stable adaptation=with_ML throughput_gbps=8.2162 latency_ms=67.3735
[2026-08-03T14:43:53] SAMPLE t=16s phase=Stable adaptation=with_ML throughput_gbps=8.342 latency_ms=67.4697
[2026-08-03T14:43:54] SAMPLE t=17s phase=Stable adaptation=with_ML throughput_gbps=8.3759 latency_ms=66.6614
[2026-08-03T14:43:55] SAMPLE t=18s phase=Stable adaptation=with_ML throughput_gbps=8.0119 latency_ms=68.7804
[2026-08-03T14:43:56] SAMPLE t=19s phase=Stable adaptation=with_ML throughput_gbps=8.3979 latency_ms=66.42
[2026-08-03T14:43:57] SAMPLE t=20s phase=Congestion adaptation=with_ML throughput_gbps=7.5815 latency_ms=66.5744
[2026-08-03T14:43:58] SAMPLE t=21s phase=Congestion adaptation=with_ML throughput_gbps=8.0569 latency_ms=66.7034
[2026-08-03T14:43:59] SAMPLE t=22s phase=Congestion adaptation=with_ML throughput_gbps=8.1687 latency_ms=66.7681
[2026-08-03T14:44:00] SAMPLE t=23s phase=Congestion adaptation=with_ML throughput_gbps=8.2676 latency_ms=67.3635
[2026-08-03T14:44:01] SAMPLE t=24s phase=Congestion adaptation=with_ML throughput_gbps=8.0035 latency_ms=65.5097
[2026-08-03T14:44:02] SAMPLE t=25s phase=Congestion adaptation=with_ML throughput_gbps=8.3733 latency_ms=66.514
[2026-08-03T14:44:03] SAMPLE t=26s phase=Congestion adaptation=with_ML throughput_gbps=7.913 latency_ms=65.1669
[2026-08-03T14:44:04] SAMPLE t=27s phase=Congestion adaptation=with_ML throughput_gbps=7.9662 latency_ms=66.2018
[2026-08-03T14:44:05] SAMPLE t=28s phase=Congestion adaptation=with_ML throughput_gbps=8.1633 latency_ms=66.4607
[2026-08-03T14:44:06] SAMPLE t=29s phase=Congestion adaptation=with_ML throughput_gbps=8.2176 latency_ms=67.0377
[2026-08-03T14:44:07] SAMPLE t=30s phase=Congestion adaptation=with_ML throughput_gbps=7.8585 latency_ms=68.6394
[2026-08-03T14:44:08] SAMPLE t=31s phase=Congestion adaptation=with_ML throughput_gbps=8.3383 latency_ms=68.0827
[2026-08-03T14:44:09] SAMPLE t=32s phase=Congestion adaptation=with_ML throughput_gbps=8.3463 latency_ms=69.1845
[2026-08-03T14:44:10] SAMPLE t=33s phase=Congestion adaptation=with_ML throughput_gbps=8.1834 latency_ms=66.901
[2026-08-03T14:44:11] SAMPLE t=34s phase=Congestion adaptation=with_ML throughput_gbps=8.1751 latency_ms=67.745
[2026-08-03T14:44:12] SAMPLE t=35s phase=Congestion adaptation=with_ML throughput_gbps=8.0372 latency_ms=64.4712
[2026-08-03T14:44:13] SAMPLE t=36s phase=Congestion adaptation=with_ML throughput_gbps=8.2934 latency_ms=67.3512
[2026-08-03T14:44:14] SAMPLE t=37s phase=Congestion adaptation=with_ML throughput_gbps=7.7502 latency_ms=68.0485
[2026-08-03T14:44:15] SAMPLE t=38s phase=Congestion adaptation=with_ML throughput_gbps=8.1204 latency_ms=65.7923
[2026-08-03T14:44:16] SAMPLE t=39s phase=Congestion adaptation=with_ML throughput_gbps=7.9031 latency_ms=65.4022
[2026-08-03T14:44:17] SAMPLE t=40s phase=Path_change adaptation=with_ML throughput_gbps=8.0095 latency_ms=66.2212
[2026-08-03T14:44:18] SAMPLE t=41s phase=Path_change adaptation=with_ML throughput_gbps=7.8901 latency_ms=67.5595
[2026-08-03T14:44:19] SAMPLE t=42s phase=Path_change adaptation=with_ML throughput_gbps=7.9621 latency_ms=67.8571
[2026-08-03T14:44:20] SAMPLE t=43s phase=Path_change adaptation=with_ML throughput_gbps=7.7452 latency_ms=67.1482
[2026-08-03T14:44:21] SAMPLE t=44s phase=Path_change adaptation=with_ML throughput_gbps=7.8318 latency_ms=66.366
[2026-08-03T14:44:22] SAMPLE t=45s phase=Path_change adaptation=with_ML throughput_gbps=7.4748 latency_ms=71.4343
[2026-08-03T14:44:23] SAMPLE t=46s phase=Path_change adaptation=with_ML throughput_gbps=7.3827 latency_ms=67.5819
[2026-08-03T14:44:24] SAMPLE t=47s phase=Path_change adaptation=with_ML throughput_gbps=6.9006 latency_ms=66.7385
[2026-08-03T14:44:25] SAMPLE t=48s phase=Path_change adaptation=with_ML throughput_gbps=7.5557 latency_ms=69.1365
[2026-08-03T14:44:26] SAMPLE t=49s phase=Path_change adaptation=with_ML throughput_gbps=7.0189 latency_ms=66.872
[2026-08-03T14:44:27] SAMPLE t=50s phase=Path_change adaptation=with_ML throughput_gbps=6.9849 latency_ms=69.0831
[2026-08-03T14:44:28] SAMPLE t=51s phase=Path_change adaptation=with_ML throughput_gbps=7.1914 latency_ms=67.1163
[2026-08-03T14:44:29] SAMPLE t=52s phase=Path_change adaptation=with_ML throughput_gbps=7.1571 latency_ms=69.4349
[2026-08-03T14:44:30] SAMPLE t=53s phase=Path_change adaptation=with_ML throughput_gbps=6.7615 latency_ms=69.7729
[2026-08-03T14:44:31] SAMPLE t=54s phase=Path_change adaptation=with_ML throughput_gbps=7.0963 latency_ms=68.7984
[2026-08-03T14:44:32] SAMPLE t=55s phase=Path_change adaptation=with_ML throughput_gbps=7.6249 latency_ms=68.0699
[2026-08-03T14:44:33] SAMPLE t=56s phase=Path_change adaptation=with_ML throughput_gbps=7.6023 latency_ms=67.6013
[2026-08-03T14:44:34] SAMPLE t=57s phase=Path_change adaptation=with_ML throughput_gbps=7.9245 latency_ms=67.7341
[2026-08-03T14:44:35] SAMPLE t=58s phase=Path_change adaptation=with_ML throughput_gbps=7.6454 latency_ms=69.2099
[2026-08-03T14:44:36] SAMPLE t=59s phase=Path_change adaptation=with_ML throughput_gbps=7.7875 latency_ms=65.0979
[2026-08-03T14:44:37] SAMPLE t=60s phase=Loss_spike adaptation=with_ML throughput_gbps=7.1314 latency_ms=68.62
[2026-08-03T14:44:38] SAMPLE t=61s phase=Loss_spike adaptation=with_ML throughput_gbps=8.3239 latency_ms=69.446
[2026-08-03T14:44:39] SAMPLE t=62s phase=Loss_spike adaptation=with_ML throughput_gbps=8.142 latency_ms=70.776
[2026-08-03T14:44:40] SAMPLE t=63s phase=Loss_spike adaptation=with_ML throughput_gbps=6.9239 latency_ms=69.9317
[2026-08-03T14:44:41] SAMPLE t=64s phase=Loss_spike adaptation=with_ML throughput_gbps=6.4611 latency_ms=70.4305
[2026-08-03T14:44:42] SAMPLE t=65s phase=Loss_spike adaptation=with_ML throughput_gbps=7.1123 latency_ms=67.2548
[2026-08-03T14:44:43] SAMPLE t=66s phase=Loss_spike adaptation=with_ML throughput_gbps=8.1891 latency_ms=71.0037
[2026-08-03T14:44:44] SAMPLE t=67s phase=Loss_spike adaptation=with_ML throughput_gbps=7.9699 latency_ms=67.9141
[2026-08-03T14:44:45] SAMPLE t=68s phase=Loss_spike adaptation=with_ML throughput_gbps=6.3257 latency_ms=69.9234
[2026-08-03T14:44:46] SAMPLE t=69s phase=Loss_spike adaptation=with_ML throughput_gbps=6.2018 latency_ms=71.0004
[2026-08-03T14:44:47] SAMPLE t=70s phase=Loss_spike adaptation=with_ML throughput_gbps=7.2174 latency_ms=67.6514
[2026-08-03T14:44:48] SAMPLE t=71s phase=Loss_spike adaptation=with_ML throughput_gbps=8.4119 latency_ms=69.4791
[2026-08-03T14:44:49] SAMPLE t=72s phase=Loss_spike adaptation=with_ML throughput_gbps=7.9728 latency_ms=71.3583
[2026-08-03T14:44:50] SAMPLE t=73s phase=Loss_spike adaptation=with_ML throughput_gbps=6.7537 latency_ms=69.7907
[2026-08-03T14:44:51] SAMPLE t=74s phase=Loss_spike adaptation=with_ML throughput_gbps=6.1845 latency_ms=67.9775
[2026-08-03T14:44:52] SAMPLE t=75s phase=Loss_spike adaptation=with_ML throughput_gbps=7.2986 latency_ms=69.5529
[2026-08-03T14:44:53] SAMPLE t=76s phase=Loss_spike adaptation=with_ML throughput_gbps=8.3763 latency_ms=69.9157
[2026-08-03T14:44:54] SAMPLE t=77s phase=Loss_spike adaptation=with_ML throughput_gbps=7.8 latency_ms=68.8119
[2026-08-03T14:44:55] SAMPLE t=78s phase=Loss_spike adaptation=with_ML throughput_gbps=6.5076 latency_ms=67.3121
[2026-08-03T14:44:56] SAMPLE t=79s phase=Loss_spike adaptation=with_ML throughput_gbps=6.1223 latency_ms=71.0748
[2026-08-03T14:44:57] SAMPLE t=80s phase=Recovery adaptation=with_ML throughput_gbps=8.2529 latency_ms=66.4114
[2026-08-03T14:44:58] SAMPLE t=81s phase=Recovery adaptation=with_ML throughput_gbps=8.1203 latency_ms=65.567
[2026-08-03T14:44:59] SAMPLE t=82s phase=Recovery adaptation=with_ML throughput_gbps=8.0368 latency_ms=65.9002
[2026-08-03T14:45:00] SAMPLE t=83s phase=Recovery adaptation=with_ML throughput_gbps=8.3318 latency_ms=67.1738
[2026-08-03T14:45:01] SAMPLE t=84s phase=Recovery adaptation=with_ML throughput_gbps=8.3955 latency_ms=65.607
[2026-08-03T14:45:02] SAMPLE t=85s phase=Recovery adaptation=with_ML throughput_gbps=7.8972 latency_ms=66.2209
[2026-08-03T14:45:03] SAMPLE t=86s phase=Recovery adaptation=with_ML throughput_gbps=8.1401 latency_ms=65.4318
[2026-08-03T14:45:04] SAMPLE t=87s phase=Recovery adaptation=with_ML throughput_gbps=8.3398 latency_ms=66.3507
[2026-08-03T14:45:05] SAMPLE t=88s phase=Recovery adaptation=with_ML throughput_gbps=8.2718 latency_ms=65.4564
[2026-08-03T14:45:06] SAMPLE t=89s phase=Recovery adaptation=with_ML throughput_gbps=8.1517 latency_ms=65.2992
[2026-08-03T14:45:07] SAMPLE t=90s phase=Recovery adaptation=with_ML throughput_gbps=8.5185 latency_ms=66.6538
[2026-08-03T14:45:08] SAMPLE t=91s phase=Recovery adaptation=with_ML throughput_gbps=8.4281 latency_ms=66.3181
[2026-08-03T14:45:09] SAMPLE t=92s phase=Recovery adaptation=with_ML throughput_gbps=8.3143 latency_ms=63.7608
[2026-08-03T14:45:10] SAMPLE t=93s phase=Recovery adaptation=with_ML throughput_gbps=8.1376 latency_ms=65.7781
[2026-08-03T14:45:11] SAMPLE t=94s phase=Recovery adaptation=with_ML throughput_gbps=8.5599 latency_ms=66.0509
[2026-08-03T14:45:12] SAMPLE t=95s phase=Recovery adaptation=with_ML throughput_gbps=8.3972 latency_ms=64.8916
[2026-08-03T14:45:13] SAMPLE t=96s phase=Recovery adaptation=with_ML throughput_gbps=8.5666 latency_ms=65.327
[2026-08-03T14:45:14] SAMPLE t=97s phase=Recovery adaptation=with_ML throughput_gbps=8.9371 latency_ms=64.1887
[2026-08-03T14:45:15] SAMPLE t=98s phase=Recovery adaptation=with_ML throughput_gbps=8.6519 latency_ms=66.2629
[2026-08-03T14:45:16] SAMPLE t=99s phase=Recovery adaptation=with_ML throughput_gbps=8.5007 latency_ms=64.0122
[2026-08-03T14:43:37] SAMPLE t=0s phase=Stable adaptation=without_ML throughput_gbps=8.2445 latency_ms=67.2477
[2026-08-03T14:43:38] SAMPLE t=1s phase=Stable adaptation=without_ML throughput_gbps=8.2724 latency_ms=65.6762
[2026-08-03T14:43:39] SAMPLE t=2s phase=Stable adaptation=without_ML throughput_gbps=8.1206 latency_ms=63.3899
[2026-08-03T14:43:40] SAMPLE t=3s phase=Stable adaptation=without_ML throughput_gbps=7.3372 latency_ms=66.478
[2026-08-03T14:43:41] SAMPLE t=4s phase=Stable adaptation=without_ML throughput_gbps=8.3255 latency_ms=65.842
[2026-08-03T14:43:42] SAMPLE t=5s phase=Stable adaptation=without_ML throughput_gbps=8.1467 latency_ms=63.6851
[2026-08-03T14:43:43] SAMPLE t=6s phase=Stable adaptation=without_ML throughput_gbps=7.89 latency_ms=64.5172
[2026-08-03T14:43:44] SAMPLE t=7s phase=Stable adaptation=without_ML throughput_gbps=7.9632 latency_ms=67.679
[2026-08-03T14:43:45] SAMPLE t=8s phase=Stable adaptation=without_ML throughput_gbps=8.296 latency_ms=66.006
[2026-08-03T14:43:46] SAMPLE t=9s phase=Stable adaptation=without_ML throughput_gbps=8.2401 latency_ms=66.6323
[2026-08-03T14:43:47] SAMPLE t=10s phase=Stable adaptation=without_ML throughput_gbps=8.1896 latency_ms=66.4128
[2026-08-03T14:43:48] SAMPLE t=11s phase=Stable adaptation=without_ML throughput_gbps=8.5362 latency_ms=66.426
[2026-08-03T14:43:49] SAMPLE t=12s phase=Stable adaptation=without_ML throughput_gbps=7.8347 latency_ms=65.9243
[2026-08-03T14:43:50] SAMPLE t=13s phase=Stable adaptation=without_ML throughput_gbps=8.1457 latency_ms=67.3722
[2026-08-03T14:43:51] SAMPLE t=14s phase=Stable adaptation=without_ML throughput_gbps=7.8401 latency_ms=67.7396
[2026-08-03T14:43:52] SAMPLE t=15s phase=Stable adaptation=without_ML throughput_gbps=7.972 latency_ms=65.9573
[2026-08-03T14:43:53] SAMPLE t=16s phase=Stable adaptation=without_ML throughput_gbps=7.8339 latency_ms=66.3226
[2026-08-03T14:43:54] SAMPLE t=17s phase=Stable adaptation=without_ML throughput_gbps=8.3557 latency_ms=67.0064
[2026-08-03T14:43:55] SAMPLE t=18s phase=Stable adaptation=without_ML throughput_gbps=8.1932 latency_ms=64.0641
[2026-08-03T14:43:56] SAMPLE t=19s phase=Stable adaptation=without_ML throughput_gbps=8.1849 latency_ms=66.2736
[2026-08-03T14:43:57] SAMPLE t=20s phase=Congestion adaptation=without_ML throughput_gbps=8.2706 latency_ms=65.5607
[2026-08-03T14:43:58] SAMPLE t=21s phase=Congestion adaptation=without_ML throughput_gbps=8.0749 latency_ms=65.4373
[2026-08-03T14:43:59] SAMPLE t=22s phase=Congestion adaptation=without_ML throughput_gbps=7.6306 latency_ms=63.6251
[2026-08-03T14:44:00] SAMPLE t=23s phase=Congestion adaptation=without_ML throughput_gbps=8.0808 latency_ms=65.9668
[2026-08-03T14:44:01] SAMPLE t=24s phase=Congestion adaptation=without_ML throughput_gbps=8.1281 latency_ms=65.5714
[2026-08-03T14:44:02] SAMPLE t=25s phase=Congestion adaptation=without_ML throughput_gbps=7.7867 latency_ms=67.2297
[2026-08-03T14:44:03] SAMPLE t=26s phase=Congestion adaptation=without_ML throughput_gbps=8.2945 latency_ms=66.9307
[2026-08-03T14:44:04] SAMPLE t=27s phase=Congestion adaptation=without_ML throughput_gbps=7.9132 latency_ms=62.616
[2026-08-03T14:44:05] SAMPLE t=28s phase=Congestion adaptation=without_ML throughput_gbps=7.8601 latency_ms=64.9671
[2026-08-03T14:44:06] SAMPLE t=29s phase=Congestion adaptation=without_ML throughput_gbps=7.8727 latency_ms=65.9791
[2026-08-03T14:44:07] SAMPLE t=30s phase=Congestion adaptation=without_ML throughput_gbps=8.159 latency_ms=65.5525
[2026-08-03T14:44:08] SAMPLE t=31s phase=Congestion adaptation=without_ML throughput_gbps=7.9191 latency_ms=65.1849
[2026-08-03T14:44:09] SAMPLE t=32s phase=Congestion adaptation=without_ML throughput_gbps=8.0271 latency_ms=65.0824
[2026-08-03T14:44:10] SAMPLE t=33s phase=Congestion adaptation=without_ML throughput_gbps=8.2767 latency_ms=65.09
[2026-08-03T14:44:11] SAMPLE t=34s phase=Congestion adaptation=without_ML throughput_gbps=8.0415 latency_ms=66.3796
[2026-08-03T14:44:12] SAMPLE t=35s phase=Congestion adaptation=without_ML throughput_gbps=8.0698 latency_ms=66.3967
[2026-08-03T14:44:13] SAMPLE t=36s phase=Congestion adaptation=without_ML throughput_gbps=8.0149 latency_ms=67.1788
[2026-08-03T14:44:14] SAMPLE t=37s phase=Congestion adaptation=without_ML throughput_gbps=8.168 latency_ms=66.7098
[2026-08-03T14:44:15] SAMPLE t=38s phase=Congestion adaptation=without_ML throughput_gbps=8.2422 latency_ms=64.9083
[2026-08-03T14:44:16] SAMPLE t=39s phase=Congestion adaptation=without_ML throughput_gbps=7.7459 latency_ms=62.3138
[2026-08-03T14:44:17] SAMPLE t=40s phase=Path_change adaptation=without_ML throughput_gbps=7.9113 latency_ms=66.1785
[2026-08-03T14:44:18] SAMPLE t=41s phase=Path_change adaptation=without_ML throughput_gbps=7.6925 latency_ms=68.3551
[2026-08-03T14:44:19] SAMPLE t=42s phase=Path_change adaptation=without_ML throughput_gbps=7.0523 latency_ms=70.0466
[2026-08-03T14:44:20] SAMPLE t=43s phase=Path_change adaptation=without_ML throughput_gbps=6.7383 latency_ms=67.2522
[2026-08-03T14:44:21] SAMPLE t=44s phase=Path_change adaptation=without_ML throughput_gbps=6.7607 latency_ms=70.039
[2026-08-03T14:44:22] SAMPLE t=45s phase=Path_change adaptation=without_ML throughput_gbps=6.3187 latency_ms=73.5392
[2026-08-03T14:44:23] SAMPLE t=46s phase=Path_change adaptation=without_ML throughput_gbps=6.0366 latency_ms=72.0528
[2026-08-03T14:44:24] SAMPLE t=47s phase=Path_change adaptation=without_ML throughput_gbps=5.9893 latency_ms=73.0898
[2026-08-03T14:44:25] SAMPLE t=48s phase=Path_change adaptation=without_ML throughput_gbps=5.7306 latency_ms=74.5004
[2026-08-03T14:44:26] SAMPLE t=49s phase=Path_change adaptation=without_ML throughput_gbps=5.3474 latency_ms=73.6513
[2026-08-03T14:44:27] SAMPLE t=50s phase=Path_change adaptation=without_ML throughput_gbps=5.8298 latency_ms=71.9858
[2026-08-03T14:44:28] SAMPLE t=51s phase=Path_change adaptation=without_ML throughput_gbps=5.5262 latency_ms=72.9769
[2026-08-03T14:44:29] SAMPLE t=52s phase=Path_change adaptation=without_ML throughput_gbps=5.8894 latency_ms=73.3944
[2026-08-03T14:44:30] SAMPLE t=53s phase=Path_change adaptation=without_ML throughput_gbps=5.9947 latency_ms=75.9487
[2026-08-03T14:44:31] SAMPLE t=54s phase=Path_change adaptation=without_ML throughput_gbps=5.9096 latency_ms=71.4014
[2026-08-03T14:44:32] SAMPLE t=55s phase=Path_change adaptation=without_ML throughput_gbps=6.4649 latency_ms=72.9802
[2026-08-03T14:44:33] SAMPLE t=56s phase=Path_change adaptation=without_ML throughput_gbps=6.5808 latency_ms=70.1233
[2026-08-03T14:44:34] SAMPLE t=57s phase=Path_change adaptation=without_ML throughput_gbps=7.1071 latency_ms=71.2514
[2026-08-03T14:44:35] SAMPLE t=58s phase=Path_change adaptation=without_ML throughput_gbps=7.4173 latency_ms=65.8214
[2026-08-03T14:44:36] SAMPLE t=59s phase=Path_change adaptation=without_ML throughput_gbps=8.0136 latency_ms=67.9895
[2026-08-03T14:44:37] SAMPLE t=60s phase=Loss_spike adaptation=without_ML throughput_gbps=5.9665 latency_ms=68.9277
[2026-08-03T14:44:38] SAMPLE t=61s phase=Loss_spike adaptation=without_ML throughput_gbps=8.5758 latency_ms=78.8642
[2026-08-03T14:44:39] SAMPLE t=62s phase=Loss_spike adaptation=without_ML throughput_gbps=7.4366 latency_ms=73.776
[2026-08-03T14:44:40] SAMPLE t=63s phase=Loss_spike adaptation=without_ML throughput_gbps=4.8032 latency_ms=75.5784
[2026-08-03T14:44:41] SAMPLE t=64s phase=Loss_spike adaptation=without_ML throughput_gbps=4.0233 latency_ms=80.2812
[2026-08-03T14:44:42] SAMPLE t=65s phase=Loss_spike adaptation=without_ML throughput_gbps=5.9833 latency_ms=71.4672
[2026-08-03T14:44:43] SAMPLE t=66s phase=Loss_spike adaptation=without_ML throughput_gbps=7.9764 latency_ms=80.7352
[2026-08-03T14:44:44] SAMPLE t=67s phase=Loss_spike adaptation=without_ML throughput_gbps=7.1407 latency_ms=74.3949
[2026-08-03T14:44:45] SAMPLE t=68s phase=Loss_spike adaptation=without_ML throughput_gbps=4.9228 latency_ms=74.719
[2026-08-03T14:44:46] SAMPLE t=69s phase=Loss_spike adaptation=without_ML throughput_gbps=3.8092 latency_ms=79.111
[2026-08-03T14:44:47] SAMPLE t=70s phase=Loss_spike adaptation=without_ML throughput_gbps=6.2837 latency_ms=70.5875
[2026-08-03T14:44:48] SAMPLE t=71s phase=Loss_spike adaptation=without_ML throughput_gbps=8.7775 latency_ms=79.9174
[2026-08-03T14:44:49] SAMPLE t=72s phase=Loss_spike adaptation=without_ML throughput_gbps=7.3979 latency_ms=74.2896
[2026-08-03T14:44:50] SAMPLE t=73s phase=Loss_spike adaptation=without_ML throughput_gbps=4.7989 latency_ms=76.1865
[2026-08-03T14:44:51] SAMPLE t=74s phase=Loss_spike adaptation=without_ML throughput_gbps=4.1989 latency_ms=78.184
[2026-08-03T14:44:52] SAMPLE t=75s phase=Loss_spike adaptation=without_ML throughput_gbps=6.3675 latency_ms=70.6643
[2026-08-03T14:44:53] SAMPLE t=76s phase=Loss_spike adaptation=without_ML throughput_gbps=8.4679 latency_ms=79.0663
[2026-08-03T14:44:54] SAMPLE t=77s phase=Loss_spike adaptation=without_ML throughput_gbps=7.4041 latency_ms=75.5251
[2026-08-03T14:44:55] SAMPLE t=78s phase=Loss_spike adaptation=without_ML throughput_gbps=4.9919 latency_ms=78.474
[2026-08-03T14:44:56] SAMPLE t=79s phase=Loss_spike adaptation=without_ML throughput_gbps=3.9473 latency_ms=77.5139
[2026-08-03T14:44:57] SAMPLE t=80s phase=Recovery adaptation=without_ML throughput_gbps=8.0047 latency_ms=68.6507
[2026-08-03T14:44:58] SAMPLE t=81s phase=Recovery adaptation=without_ML throughput_gbps=7.7395 latency_ms=66.2989
[2026-08-03T14:44:59] SAMPLE t=82s phase=Recovery adaptation=without_ML throughput_gbps=8.0038 latency_ms=65.3235
[2026-08-03T14:45:00] SAMPLE t=83s phase=Recovery adaptation=without_ML throughput_gbps=8.1992 latency_ms=67.5787
[2026-08-03T14:45:01] SAMPLE t=84s phase=Recovery adaptation=without_ML throughput_gbps=8.2004 latency_ms=65.501
[2026-08-03T14:45:02] SAMPLE t=85s phase=Recovery adaptation=without_ML throughput_gbps=7.8981 latency_ms=65.549
[2026-08-03T14:45:03] SAMPLE t=86s phase=Recovery adaptation=without_ML throughput_gbps=8.0238 latency_ms=65.3833
[2026-08-03T14:45:04] SAMPLE t=87s phase=Recovery adaptation=without_ML throughput_gbps=8.0591 latency_ms=65.798
[2026-08-03T14:45:05] SAMPLE t=88s phase=Recovery adaptation=without_ML throughput_gbps=8.4586 latency_ms=64.8781
[2026-08-03T14:45:06] SAMPLE t=89s phase=Recovery adaptation=without_ML throughput_gbps=8.2022 latency_ms=63.813
[2026-08-03T14:45:07] SAMPLE t=90s phase=Recovery adaptation=without_ML throughput_gbps=7.8909 latency_ms=65.9746
[2026-08-03T14:45:08] SAMPLE t=91s phase=Recovery adaptation=without_ML throughput_gbps=7.9383 latency_ms=64.4411
[2026-08-03T14:45:09] SAMPLE t=92s phase=Recovery adaptation=without_ML throughput_gbps=7.9691 latency_ms=66.1311
[2026-08-03T14:45:10] SAMPLE t=93s phase=Recovery adaptation=without_ML throughput_gbps=7.6998 latency_ms=68.4241
[2026-08-03T14:45:11] SAMPLE t=94s phase=Recovery adaptation=without_ML throughput_gbps=8.0415 latency_ms=67.1322
[2026-08-03T14:45:12] SAMPLE t=95s phase=Recovery adaptation=without_ML throughput_gbps=8.0385 latency_ms=67.4157
[2026-08-03T14:45:13] SAMPLE t=96s phase=Recovery adaptation=without_ML throughput_gbps=7.8348 latency_ms=67.3375
[2026-08-03T14:45:14] SAMPLE t=97s phase=Recovery adaptation=without_ML throughput_gbps=7.9827 latency_ms=64.7619
[2026-08-03T14:45:15] SAMPLE t=98s phase=Recovery adaptation=without_ML throughput_gbps=7.9776 latency_ms=68.9714
[2026-08-03T14:45:16] SAMPLE t=99s phase=Recovery adaptation=without_ML throughput_gbps=7.4777 latency_ms=66.2492
[2026-08-03T14:43:37] TRACE_END run_id=17 status=OK
[2026-08-05T20:36:14] TRACE_START run_id=18
[2026-08-05T20:36:14] SAMPLE t=0s phase=Stable adaptation=with_ML throughput_gbps=8.3544 latency_ms=67.7759
[2026-08-05T20:36:15] SAMPLE t=1s phase=Stable adaptation=with_ML throughput_gbps=8.1773 latency_ms=63.6898
[2026-08-05T20:36:16] SAMPLE t=2s phase=Stable adaptation=with_ML throughput_gbps=8.1646 latency_ms=66.0615
[2026-08-05T20:36:17] SAMPLE t=3s phase=Stable adaptation=with_ML throughput_gbps=8.0832 latency_ms=67.8742
[2026-08-05T20:36:18] SAMPLE t=4s phase=Stable adaptation=with_ML throughput_gbps=7.9288 latency_ms=67.2566
[2026-08-05T20:36:19] SAMPLE t=5s phase=Stable adaptation=with_ML throughput_gbps=8.1911 latency_ms=67.7105
[2026-08-05T20:36:20] SAMPLE t=6s phase=Stable adaptation=with_ML throughput_gbps=7.9449 latency_ms=66.2854
[2026-08-05T20:36:21] SAMPLE t=7s phase=Stable adaptation=with_ML throughput_gbps=7.6646 latency_ms=67.9962
[2026-08-05T20:36:22] SAMPLE t=8s phase=Stable adaptation=with_ML throughput_gbps=8.3767 latency_ms=66.2425
[2026-08-05T20:36:23] SAMPLE t=9s phase=Stable adaptation=with_ML throughput_gbps=8.4126 latency_ms=66.4883
[2026-08-05T20:36:24] SAMPLE t=10s phase=Stable adaptation=with_ML throughput_gbps=8.0206 latency_ms=66.2019
[2026-08-05T20:36:25] SAMPLE t=11s phase=Stable adaptation=with_ML throughput_gbps=8.1303 latency_ms=66.3008
[2026-08-05T20:36:26] SAMPLE t=12s phase=Stable adaptation=with_ML throughput_gbps=8.1811 latency_ms=65.9647
[2026-08-05T20:36:27] SAMPLE t=13s phase=Stable adaptation=with_ML throughput_gbps=8.3474 latency_ms=65.6615
[2026-08-05T20:36:28] SAMPLE t=14s phase=Stable adaptation=with_ML throughput_gbps=7.9564 latency_ms=66.6178
[2026-08-05T20:36:29] SAMPLE t=15s phase=Stable adaptation=with_ML throughput_gbps=8.2253 latency_ms=66.4887
[2026-08-05T20:36:30] SAMPLE t=16s phase=Stable adaptation=with_ML throughput_gbps=8.4484 latency_ms=68.2407
[2026-08-05T20:36:31] SAMPLE t=17s phase=Stable adaptation=with_ML throughput_gbps=8.3937 latency_ms=68.0097
[2026-08-05T20:36:32] SAMPLE t=18s phase=Stable adaptation=with_ML throughput_gbps=8.4021 latency_ms=69.0196
[2026-08-05T20:36:33] SAMPLE t=19s phase=Stable adaptation=with_ML throughput_gbps=8.3555 latency_ms=67.9886
[2026-08-05T20:36:34] SAMPLE t=20s phase=Congestion adaptation=with_ML throughput_gbps=8.0738 latency_ms=67.2624
[2026-08-05T20:36:35] SAMPLE t=21s phase=Congestion adaptation=with_ML throughput_gbps=7.7706 latency_ms=66.9871
[2026-08-05T20:36:36] SAMPLE t=22s phase=Congestion adaptation=with_ML throughput_gbps=8.2766 latency_ms=66.8698
[2026-08-05T20:36:37] SAMPLE t=23s phase=Congestion adaptation=with_ML throughput_gbps=8.0298 latency_ms=65.8532
[2026-08-05T20:36:38] SAMPLE t=24s phase=Congestion adaptation=with_ML throughput_gbps=8.324 latency_ms=66.6117
[2026-08-05T20:36:39] SAMPLE t=25s phase=Congestion adaptation=with_ML throughput_gbps=7.7704 latency_ms=65.7028
[2026-08-05T20:36:40] SAMPLE t=26s phase=Congestion adaptation=with_ML throughput_gbps=8.2668 latency_ms=67.2132
[2026-08-05T20:36:41] SAMPLE t=27s phase=Congestion adaptation=with_ML throughput_gbps=8.1254 latency_ms=66.8676
[2026-08-05T20:36:42] SAMPLE t=28s phase=Congestion adaptation=with_ML throughput_gbps=8.0108 latency_ms=66.7952
[2026-08-05T20:36:43] SAMPLE t=29s phase=Congestion adaptation=with_ML throughput_gbps=8.0045 latency_ms=66.2335
[2026-08-05T20:36:44] SAMPLE t=30s phase=Congestion adaptation=with_ML throughput_gbps=8.2661 latency_ms=67.2248
[2026-08-05T20:36:45] SAMPLE t=31s phase=Congestion adaptation=with_ML throughput_gbps=8.1324 latency_ms=68.6191
[2026-08-05T20:36:46] SAMPLE t=32s phase=Congestion adaptation=with_ML throughput_gbps=7.8171 latency_ms=65.8366
[2026-08-05T20:36:47] SAMPLE t=33s phase=Congestion adaptation=with_ML throughput_gbps=8.1689 latency_ms=65.2365
[2026-08-05T20:36:48] SAMPLE t=34s phase=Congestion adaptation=with_ML throughput_gbps=7.7644 latency_ms=64.5135
[2026-08-05T20:36:49] SAMPLE t=35s phase=Congestion adaptation=with_ML throughput_gbps=8.2503 latency_ms=64.4945
[2026-08-05T20:36:50] SAMPLE t=36s phase=Congestion adaptation=with_ML throughput_gbps=8.0651 latency_ms=65.4712
[2026-08-05T20:36:51] SAMPLE t=37s phase=Congestion adaptation=with_ML throughput_gbps=8.4895 latency_ms=68.6391
[2026-08-05T20:36:52] SAMPLE t=38s phase=Congestion adaptation=with_ML throughput_gbps=7.988 latency_ms=67.9261
[2026-08-05T20:36:53] SAMPLE t=39s phase=Congestion adaptation=with_ML throughput_gbps=7.9084 latency_ms=67.9723
[2026-08-05T20:36:54] SAMPLE t=40s phase=Path_change adaptation=with_ML throughput_gbps=8.0804 latency_ms=66.086
[2026-08-05T20:36:55] SAMPLE t=41s phase=Path_change adaptation=with_ML throughput_gbps=8.1547 latency_ms=66.6215
[2026-08-05T20:36:56] SAMPLE t=42s phase=Path_change adaptation=with_ML throughput_gbps=7.4799 latency_ms=66.6784
[2026-08-05T20:36:57] SAMPLE t=43s phase=Path_change adaptation=with_ML throughput_gbps=7.6644 latency_ms=67.3536
[2026-08-05T20:36:58] SAMPLE t=44s phase=Path_change adaptation=with_ML throughput_gbps=7.6622 latency_ms=67.3498
[2026-08-05T20:36:59] SAMPLE t=45s phase=Path_change adaptation=with_ML throughput_gbps=7.4233 latency_ms=68.2606
[2026-08-05T20:37:00] SAMPLE t=46s phase=Path_change adaptation=with_ML throughput_gbps=7.2901 latency_ms=64.5554
[2026-08-05T20:37:01] SAMPLE t=47s phase=Path_change adaptation=with_ML throughput_gbps=7.1548 latency_ms=68.7711
[2026-08-05T20:37:02] SAMPLE t=48s phase=Path_change adaptation=with_ML throughput_gbps=7.4841 latency_ms=67.8331
[2026-08-05T20:37:03] SAMPLE t=49s phase=Path_change adaptation=with_ML throughput_gbps=7.278 latency_ms=70.9183
[2026-08-05T20:37:04] SAMPLE t=50s phase=Path_change adaptation=with_ML throughput_gbps=6.9578 latency_ms=67.8842
[2026-08-05T20:37:05] SAMPLE t=51s phase=Path_change adaptation=with_ML throughput_gbps=7.1285 latency_ms=68.1922
[2026-08-05T20:37:06] SAMPLE t=52s phase=Path_change adaptation=with_ML throughput_gbps=7.4648 latency_ms=68.4543
[2026-08-05T20:37:07] SAMPLE t=53s phase=Path_change adaptation=with_ML throughput_gbps=7.4689 latency_ms=68.9366
[2026-08-05T20:37:08] SAMPLE t=54s phase=Path_change adaptation=with_ML throughput_gbps=7.6364 latency_ms=68.9687
[2026-08-05T20:37:09] SAMPLE t=55s phase=Path_change adaptation=with_ML throughput_gbps=7.5471 latency_ms=66.0167
[2026-08-05T20:37:10] SAMPLE t=56s phase=Path_change adaptation=with_ML throughput_gbps=7.4315 latency_ms=67.9969
[2026-08-05T20:37:11] SAMPLE t=57s phase=Path_change adaptation=with_ML throughput_gbps=7.4072 latency_ms=67.0684
[2026-08-05T20:37:12] SAMPLE t=58s phase=Path_change adaptation=with_ML throughput_gbps=7.8499 latency_ms=66.3043
[2026-08-05T20:37:13] SAMPLE t=59s phase=Path_change adaptation=with_ML throughput_gbps=7.7308 latency_ms=67.5279
[2026-08-05T20:37:14] SAMPLE t=60s phase=Loss_spike adaptation=with_ML throughput_gbps=7.3619 latency_ms=67.5813
[2026-08-05T20:37:15] SAMPLE t=61s phase=Loss_spike adaptation=with_ML throughput_gbps=8.3714 latency_ms=73.946
[2026-08-05T20:37:16] SAMPLE t=62s phase=Loss_spike adaptation=with_ML throughput_gbps=7.9384 latency_ms=69.2202
[2026-08-05T20:37:17] SAMPLE t=63s phase=Loss_spike adaptation=with_ML throughput_gbps=6.7567 latency_ms=66.6082
[2026-08-05T20:37:18] SAMPLE t=64s phase=Loss_spike adaptation=with_ML throughput_gbps=6.2787 latency_ms=71.3191
[2026-08-05T20:37:19] SAMPLE t=65s phase=Loss_spike adaptation=with_ML throughput_gbps=7.298 latency_ms=66.7262
[2026-08-05T20:37:20] SAMPLE t=66s phase=Loss_spike adaptation=with_ML throughput_gbps=8.1573 latency_ms=71.0257
[2026-08-05T20:37:21] SAMPLE t=67s phase=Loss_spike adaptation=with_ML throughput_gbps=7.7626 latency_ms=69.4482
[2026-08-05T20:37:22] SAMPLE t=68s phase=Loss_spike adaptation=with_ML throughput_gbps=6.3544 latency_ms=69.8089
[2026-08-05T20:37:23] SAMPLE t=69s phase=Loss_spike adaptation=with_ML throughput_gbps=6.2029 latency_ms=67.8635
[2026-08-05T20:37:24] SAMPLE t=70s phase=Loss_spike adaptation=with_ML throughput_gbps=7.5088 latency_ms=66.5915
[2026-08-05T20:37:25] SAMPLE t=71s phase=Loss_spike adaptation=with_ML throughput_gbps=8.1501 latency_ms=70.5787
[2026-08-05T20:37:26] SAMPLE t=72s phase=Loss_spike adaptation=with_ML throughput_gbps=7.7044 latency_ms=69.1611
[2026-08-05T20:37:27] SAMPLE t=73s phase=Loss_spike adaptation=with_ML throughput_gbps=6.5326 latency_ms=69.9987
[2026-08-05T20:37:28] SAMPLE t=74s phase=Loss_spike adaptation=with_ML throughput_gbps=6.0798 latency_ms=70.01
[2026-08-05T20:37:29] SAMPLE t=75s phase=Loss_spike adaptation=with_ML throughput_gbps=7.4381 latency_ms=68.1227
[2026-08-05T20:37:30] SAMPLE t=76s phase=Loss_spike adaptation=with_ML throughput_gbps=8.6306 latency_ms=68.9127
[2026-08-05T20:37:31] SAMPLE t=77s phase=Loss_spike adaptation=with_ML throughput_gbps=7.8047 latency_ms=69.7984
[2026-08-05T20:37:32] SAMPLE t=78s phase=Loss_spike adaptation=with_ML throughput_gbps=6.68 latency_ms=69.3374
[2026-08-05T20:37:33] SAMPLE t=79s phase=Loss_spike adaptation=with_ML throughput_gbps=5.9599 latency_ms=71.3302
[2026-08-05T20:37:34] SAMPLE t=80s phase=Recovery adaptation=with_ML throughput_gbps=8.1537 latency_ms=63.8071
[2026-08-05T20:37:35] SAMPLE t=81s phase=Recovery adaptation=with_ML throughput_gbps=8.0467 latency_ms=65.068
[2026-08-05T20:37:36] SAMPLE t=82s phase=Recovery adaptation=with_ML throughput_gbps=8.0648 latency_ms=67.9782
[2026-08-05T20:37:37] SAMPLE t=83s phase=Recovery adaptation=with_ML throughput_gbps=8.2718 latency_ms=66.651
[2026-08-05T20:37:38] SAMPLE t=84s phase=Recovery adaptation=with_ML throughput_gbps=8.0204 latency_ms=65.7295
[2026-08-05T20:37:39] SAMPLE t=85s phase=Recovery adaptation=with_ML throughput_gbps=8.3274 latency_ms=66.1953
[2026-08-05T20:37:40] SAMPLE t=86s phase=Recovery adaptation=with_ML throughput_gbps=8.3579 latency_ms=65.4412
[2026-08-05T20:37:41] SAMPLE t=87s phase=Recovery adaptation=with_ML throughput_gbps=8.0756 latency_ms=65.1554
[2026-08-05T20:37:42] SAMPLE t=88s phase=Recovery adaptation=with_ML throughput_gbps=8.3385 latency_ms=64.2079
[2026-08-05T20:37:43] SAMPLE t=89s phase=Recovery adaptation=with_ML throughput_gbps=8.2608 latency_ms=67.5534
[2026-08-05T20:37:44] SAMPLE t=90s phase=Recovery adaptation=with_ML throughput_gbps=8.0427 latency_ms=66.7147
[2026-08-05T20:37:45] SAMPLE t=91s phase=Recovery adaptation=with_ML throughput_gbps=8.0142 latency_ms=64.8857
[2026-08-05T20:37:46] SAMPLE t=92s phase=Recovery adaptation=with_ML throughput_gbps=8.2464 latency_ms=66.0059
[2026-08-05T20:37:47] SAMPLE t=93s phase=Recovery adaptation=with_ML throughput_gbps=8.143 latency_ms=67.4083
[2026-08-05T20:37:48] SAMPLE t=94s phase=Recovery adaptation=with_ML throughput_gbps=8.4258 latency_ms=66.3397
[2026-08-05T20:37:49] SAMPLE t=95s phase=Recovery adaptation=with_ML throughput_gbps=8.3085 latency_ms=65.3689
[2026-08-05T20:37:50] SAMPLE t=96s phase=Recovery adaptation=with_ML throughput_gbps=8.7124 latency_ms=64.7423
[2026-08-05T20:37:51] SAMPLE t=97s phase=Recovery adaptation=with_ML throughput_gbps=8.8145 latency_ms=64.959
[2026-08-05T20:37:52] SAMPLE t=98s phase=Recovery adaptation=with_ML throughput_gbps=8.4267 latency_ms=64.7435
[2026-08-05T20:37:53] SAMPLE t=99s phase=Recovery adaptation=with_ML throughput_gbps=8.1888 latency_ms=64.503
[2026-08-05T20:36:14] SAMPLE t=0s phase=Stable adaptation=without_ML throughput_gbps=7.9569 latency_ms=68.0015
[2026-08-05T20:36:15] SAMPLE t=1s phase=Stable adaptation=without_ML throughput_gbps=7.9471 latency_ms=64.9483
[2026-08-05T20:36:16] SAMPLE t=2s phase=Stable adaptation=without_ML throughput_gbps=8.1073 latency_ms=67.1792
[2026-08-05T20:36:17] SAMPLE t=3s phase=Stable adaptation=without_ML throughput_gbps=7.7749 latency_ms=66.0746
[2026-08-05T20:36:18] SAMPLE t=4s phase=Stable adaptation=without_ML throughput_gbps=8.6357 latency_ms=66.9772
[2026-08-05T20:36:19] SAMPLE t=5s phase=Stable adaptation=without_ML throughput_gbps=7.7958 latency_ms=65.6221
[2026-08-05T20:36:20] SAMPLE t=6s phase=Stable adaptation=without_ML throughput_gbps=7.753 latency_ms=66.3418
[2026-08-05T20:36:21] SAMPLE t=7s phase=Stable adaptation=without_ML throughput_gbps=7.728 latency_ms=67.3648
[2026-08-05T20:36:22] SAMPLE t=8s phase=Stable adaptation=without_ML throughput_gbps=7.7013 latency_ms=63.599
[2026-08-05T20:36:23] SAMPLE t=9s phase=Stable adaptation=without_ML throughput_gbps=8.2292 latency_ms=65.4889
[2026-08-05T20:36:24] SAMPLE t=10s phase=Stable adaptation=without_ML throughput_gbps=8.2826 latency_ms=67.0473
[2026-08-05T20:36:25] SAMPLE t=11s phase=Stable adaptation=without_ML throughput_gbps=8.4312 latency_ms=65.8371
[2026-08-05T20:36:26] SAMPLE t=12s phase=Stable adaptation=without_ML throughput_gbps=7.8906 latency_ms=65.7825
[2026-08-05T20:36:27] SAMPLE t=13s phase=Stable adaptation=without_ML throughput_gbps=7.5792 latency_ms=66.62
[2026-08-05T20:36:28] SAMPLE t=14s phase=Stable adaptation=without_ML throughput_gbps=8.3657 latency_ms=66.9982
[2026-08-05T20:36:29] SAMPLE t=15s phase=Stable adaptation=without_ML throughput_gbps=8.058 latency_ms=66.0198
[2026-08-05T20:36:30] SAMPLE t=16s phase=Stable adaptation=without_ML throughput_gbps=7.7814 latency_ms=63.6119
[2026-08-05T20:36:31] SAMPLE t=17s phase=Stable adaptation=without_ML throughput_gbps=8.1164 latency_ms=65.2848
[2026-08-05T20:36:32] SAMPLE t=18s phase=Stable adaptation=without_ML throughput_gbps=7.8211 latency_ms=65.7988
[2026-08-05T20:36:33] SAMPLE t=19s phase=Stable adaptation=without_ML throughput_gbps=7.5798 latency_ms=66.0298
[2026-08-05T20:36:34] SAMPLE t=20s phase=Congestion adaptation=without_ML throughput_gbps=8.5843 latency_ms=67.0845
[2026-08-05T20:36:35] SAMPLE t=21s phase=Congestion adaptation=without_ML throughput_gbps=7.8713 latency_ms=66.5697
[2026-08-05T20:36:36] SAMPLE t=22s phase=Congestion adaptation=without_ML throughput_gbps=7.6538 latency_ms=66.7543
[2026-08-05T20:36:37] SAMPLE t=23s phase=Congestion adaptation=without_ML throughput_gbps=7.809 latency_ms=64.758
[2026-08-05T20:36:38] SAMPLE t=24s phase=Congestion adaptation=without_ML throughput_gbps=7.7144 latency_ms=64.0774
[2026-08-05T20:36:39] SAMPLE t=25s phase=Congestion adaptation=without_ML throughput_gbps=8.3712 latency_ms=66.5244
[2026-08-05T20:36:40] SAMPLE t=26s phase=Congestion adaptation=without_ML throughput_gbps=8.0919 latency_ms=66.3273
[2026-08-05T20:36:41] SAMPLE t=27s phase=Congestion adaptation=without_ML throughput_gbps=7.958 latency_ms=65.025
[2026-08-05T20:36:42] SAMPLE t=28s phase=Congestion adaptation=without_ML throughput_gbps=8.1331 latency_ms=66.9463
[2026-08-05T20:36:43] SAMPLE t=29s phase=Congestion adaptation=without_ML throughput_gbps=7.8151 latency_ms=67.326
[2026-08-05T20:36:44] SAMPLE t=30s phase=Congestion adaptation=without_ML throughput_gbps=8.1512 latency_ms=64.9407
[2026-08-05T20:36:45] SAMPLE t=31s phase=Congestion adaptation=without_ML throughput_gbps=8.3054 latency_ms=66.636
[2026-08-05T20:36:46] SAMPLE t=32s phase=Congestion adaptation=without_ML throughput_gbps=8.2689 latency_ms=66.5267
[2026-08-05T20:36:47] SAMPLE t=33s phase=Congestion adaptation=without_ML throughput_gbps=8.0311 latency_ms=64.8496
[2026-08-05T20:36:48] SAMPLE t=34s phase=Congestion adaptation=without_ML throughput_gbps=7.9505 latency_ms=64.8394
[2026-08-05T20:36:49] SAMPLE t=35s phase=Congestion adaptation=without_ML throughput_gbps=8.0883 latency_ms=65.0401
[2026-08-05T20:36:50] SAMPLE t=36s phase=Congestion adaptation=without_ML throughput_gbps=8.0701 latency_ms=66.3842
[2026-08-05T20:36:51] SAMPLE t=37s phase=Congestion adaptation=without_ML throughput_gbps=8.1698 latency_ms=64.0969
[2026-08-05T20:36:52] SAMPLE t=38s phase=Congestion adaptation=without_ML throughput_gbps=7.8164 latency_ms=63.8007
[2026-08-05T20:36:53] SAMPLE t=39s phase=Congestion adaptation=without_ML throughput_gbps=8.0555 latency_ms=67.6882
[2026-08-05T20:36:54] SAMPLE t=40s phase=Path_change adaptation=without_ML throughput_gbps=8.0413 latency_ms=66.4445
[2026-08-05T20:36:55] SAMPLE t=41s phase=Path_change adaptation=without_ML throughput_gbps=8.0072 latency_ms=66.6347
[2026-08-05T20:36:56] SAMPLE t=42s phase=Path_change adaptation=without_ML throughput_gbps=7.7752 latency_ms=68.1559
[2026-08-05T20:36:57] SAMPLE t=43s phase=Path_change adaptation=without_ML throughput_gbps=7.2304 latency_ms=69.4497
[2026-08-05T20:36:58] SAMPLE t=44s phase=Path_change adaptation=without_ML throughput_gbps=6.7605 latency_ms=68.3533
[2026-08-05T20:36:59] SAMPLE t=45s phase=Path_change adaptation=without_ML throughput_gbps=6.4417 latency_ms=70.1321
[2026-08-05T20:37:00] SAMPLE t=46s phase=Path_change adaptation=without_ML throughput_gbps=6.4263 latency_ms=71.1805
[2026-08-05T20:37:01] SAMPLE t=47s phase=Path_change adaptation=without_ML throughput_gbps=5.6602 latency_ms=73.3909
[2026-08-05T20:37:02] SAMPLE t=48s phase=Path_change adaptation=without_ML throughput_gbps=5.7979 latency_ms=71.3135
[2026-08-05T20:37:03] SAMPLE t=49s phase=Path_change adaptation=without_ML throughput_gbps=5.6523 latency_ms=72.7596
[2026-08-05T20:37:04] SAMPLE t=50s phase=Path_change adaptation=without_ML throughput_gbps=5.8753 latency_ms=73.6553
[2026-08-05T20:37:05] SAMPLE t=51s phase=Path_change adaptation=without_ML throughput_gbps=5.6555 latency_ms=72.3902
[2026-08-05T20:37:06] SAMPLE t=52s phase=Path_change adaptation=without_ML throughput_gbps=5.9979 latency_ms=74.6423
[2026-08-05T20:37:07] SAMPLE t=53s phase=Path_change adaptation=without_ML throughput_gbps=6.3374 latency_ms=75.5828
[2026-08-05T20:37:08] SAMPLE t=54s phase=Path_change adaptation=without_ML throughput_gbps=6.0174 latency_ms=71.8895
[2026-08-05T20:37:09] SAMPLE t=55s phase=Path_change adaptation=without_ML throughput_gbps=6.424 latency_ms=70.4869
[2026-08-05T20:37:10] SAMPLE t=56s phase=Path_change adaptation=without_ML throughput_gbps=6.5374 latency_ms=70.7873
[2026-08-05T20:37:11] SAMPLE t=57s phase=Path_change adaptation=without_ML throughput_gbps=6.8864 latency_ms=68.2228
[2026-08-05T20:37:12] SAMPLE t=58s phase=Path_change adaptation=without_ML throughput_gbps=7.3326 latency_ms=70.1406
[2026-08-05T20:37:13] SAMPLE t=59s phase=Path_change adaptation=without_ML throughput_gbps=8.1034 latency_ms=66.6666
[2026-08-05T20:37:14] SAMPLE t=60s phase=Loss_spike adaptation=without_ML throughput_gbps=6.1912 latency_ms=69.2816
[2026-08-05T20:37:15] SAMPLE t=61s phase=Loss_spike adaptation=without_ML throughput_gbps=8.2858 latency_ms=79.5138
[2026-08-05T20:37:16] SAMPLE t=62s phase=Loss_spike adaptation=without_ML throughput_gbps=7.6833 latency_ms=75.5606
[2026-08-05T20:37:17] SAMPLE t=63s phase=Loss_spike adaptation=without_ML throughput_gbps=4.9259 latency_ms=76.9457
[2026-08-05T20:37:18] SAMPLE t=64s phase=Loss_spike adaptation=without_ML throughput_gbps=3.9194 latency_ms=79.2873
[2026-08-05T20:37:19] SAMPLE t=65s phase=Loss_spike adaptation=without_ML throughput_gbps=6.0043 latency_ms=72.1522
[2026-08-05T20:37:20] SAMPLE t=66s phase=Loss_spike adaptation=without_ML throughput_gbps=8.7101 latency_ms=77.926
[2026-08-05T20:37:21] SAMPLE t=67s phase=Loss_spike adaptation=without_ML throughput_gbps=7.5952 latency_ms=77.2721
[2026-08-05T20:37:22] SAMPLE t=68s phase=Loss_spike adaptation=without_ML throughput_gbps=4.8095 latency_ms=77.8327
[2026-08-05T20:37:23] SAMPLE t=69s phase=Loss_spike adaptation=without_ML throughput_gbps=4.1462 latency_ms=78.2795
[2026-08-05T20:37:24] SAMPLE t=70s phase=Loss_spike adaptation=without_ML throughput_gbps=6.4219 latency_ms=69.605
[2026-08-05T20:37:25] SAMPLE t=71s phase=Loss_spike adaptation=without_ML throughput_gbps=8.3765 latency_ms=80.5926
[2026-08-05T20:37:26] SAMPLE t=72s phase=Loss_spike adaptation=without_ML throughput_gbps=7.3869 latency_ms=76.862
[2026-08-05T20:37:27] SAMPLE t=73s phase=Loss_spike adaptation=without_ML throughput_gbps=4.7794 latency_ms=76.1653
[2026-08-05T20:37:28] SAMPLE t=74s phase=Loss_spike adaptation=without_ML throughput_gbps=4.0625 latency_ms=80.1533
[2026-08-05T20:37:29] SAMPLE t=75s phase=Loss_spike adaptation=without_ML throughput_gbps=6.2001 latency_ms=68.6217
[2026-08-05T20:37:30] SAMPLE t=76s phase=Loss_spike adaptation=without_ML throughput_gbps=8.6161 latency_ms=80.2694
[2026-08-05T20:37:31] SAMPLE t=77s phase=Loss_spike adaptation=without_ML throughput_gbps=7.7717 latency_ms=75.5028
[2026-08-05T20:37:32] SAMPLE t=78s phase=Loss_spike adaptation=without_ML throughput_gbps=4.675 latency_ms=72.6297
[2026-08-05T20:37:33] SAMPLE t=79s phase=Loss_spike adaptation=without_ML throughput_gbps=3.9368 latency_ms=81.1253
[2026-08-05T20:37:34] SAMPLE t=80s phase=Recovery adaptation=without_ML throughput_gbps=8.5071 latency_ms=66.0911
[2026-08-05T20:37:35] SAMPLE t=81s phase=Recovery adaptation=without_ML throughput_gbps=8.0185 latency_ms=63.3788
[2026-08-05T20:37:36] SAMPLE t=82s phase=Recovery adaptation=without_ML throughput_gbps=8.0248 latency_ms=65.2077
[2026-08-05T20:37:37] SAMPLE t=83s phase=Recovery adaptation=without_ML throughput_gbps=8.3565 latency_ms=64.4992
[2026-08-05T20:37:38] SAMPLE t=84s phase=Recovery adaptation=without_ML throughput_gbps=7.8844 latency_ms=67.2638
[2026-08-05T20:37:39] SAMPLE t=85s phase=Recovery adaptation=without_ML throughput_gbps=8.0624 latency_ms=66.4317
[2026-08-05T20:37:40] SAMPLE t=86s phase=Recovery adaptation=without_ML throughput_gbps=8.0354 latency_ms=66.6791
[2026-08-05T20:37:41] SAMPLE t=87s phase=Recovery adaptation=without_ML throughput_gbps=7.7096 latency_ms=65.0367
[2026-08-05T20:37:42] SAMPLE t=88s phase=Recovery adaptation=without_ML throughput_gbps=8.1883 latency_ms=66.4771
[2026-08-05T20:37:43] SAMPLE t=89s phase=Recovery adaptation=without_ML throughput_gbps=7.9838 latency_ms=68.3808
[2026-08-05T20:37:44] SAMPLE t=90s phase=Recovery adaptation=without_ML throughput_gbps=8.3135 latency_ms=66.7662
[2026-08-05T20:37:45] SAMPLE t=91s phase=Recovery adaptation=without_ML throughput_gbps=8.0505 latency_ms=66.802
[2026-08-05T20:37:46] SAMPLE t=92s phase=Recovery adaptation=without_ML throughput_gbps=8.3829 latency_ms=66.798
[2026-08-05T20:37:47] SAMPLE t=93s phase=Recovery adaptation=without_ML throughput_gbps=7.7945 latency_ms=65.6907
[2026-08-05T20:37:48] SAMPLE t=94s phase=Recovery adaptation=without_ML throughput_gbps=7.9637 latency_ms=68.0625
[2026-08-05T20:37:49] SAMPLE t=95s phase=Recovery adaptation=without_ML throughput_gbps=8.0889 latency_ms=65.6549
[2026-08-05T20:37:50] SAMPLE t=96s phase=Recovery adaptation=without_ML throughput_gbps=7.9681 latency_ms=65.7335
[2026-08-05T20:37:51] SAMPLE t=97s phase=Recovery adaptation=without_ML throughput_gbps=8.3064 latency_ms=66.2123
[2026-08-05T20:37:52] SAMPLE t=98s phase=Recovery adaptation=without_ML throughput_gbps=8.3031 latency_ms=67.2875
[2026-08-05T20:37:53] SAMPLE t=99s phase=Recovery adaptation=without_ML throughput_gbps=8.0956 latency_ms=65.6153
[2026-08-05T20:36:14] TRACE_END run_id=18 status=OK
[2026-08-05T20:39:27] TRACE_START run_id=19
[2026-08-05T20:39:27] SAMPLE t=0s phase=Stable adaptation=with_ML throughput_gbps=7.9911 latency_ms=66.2908
[2026-08-05T20:39:28] SAMPLE t=1s phase=Stable adaptation=with_ML throughput_gbps=7.8139 latency_ms=65.9586
[2026-08-05T20:39:29] SAMPLE t=2s phase=Stable adaptation=with_ML throughput_gbps=8.2061 latency_ms=66.8567
[2026-08-05T20:39:30] SAMPLE t=3s phase=Stable adaptation=with_ML throughput_gbps=8.2467 latency_ms=65.8262
[2026-08-05T20:39:31] SAMPLE t=4s phase=Stable adaptation=with_ML throughput_gbps=8.3962 latency_ms=69.3461
[2026-08-05T20:39:32] SAMPLE t=5s phase=Stable adaptation=with_ML throughput_gbps=7.5903 latency_ms=64.6558
[2026-08-05T20:39:33] SAMPLE t=6s phase=Stable adaptation=with_ML throughput_gbps=7.6711 latency_ms=65.4977
[2026-08-05T20:39:34] SAMPLE t=7s phase=Stable adaptation=with_ML throughput_gbps=8.3076 latency_ms=67.2517
[2026-08-05T20:39:35] SAMPLE t=8s phase=Stable adaptation=with_ML throughput_gbps=8.215 latency_ms=66.2889
[2026-08-05T20:39:36] SAMPLE t=9s phase=Stable adaptation=with_ML throughput_gbps=7.6621 latency_ms=66.4687
[2026-08-05T20:39:37] SAMPLE t=10s phase=Stable adaptation=with_ML throughput_gbps=8.0923 latency_ms=67.5904
[2026-08-05T20:39:38] SAMPLE t=11s phase=Stable adaptation=with_ML throughput_gbps=8.1132 latency_ms=66.3449
[2026-08-05T20:39:39] SAMPLE t=12s phase=Stable adaptation=with_ML throughput_gbps=8.1636 latency_ms=67.7724
[2026-08-05T20:39:40] SAMPLE t=13s phase=Stable adaptation=with_ML throughput_gbps=8.1049 latency_ms=65.5201
[2026-08-05T20:39:41] SAMPLE t=14s phase=Stable adaptation=with_ML throughput_gbps=8.0458 latency_ms=67.2225
[2026-08-05T20:39:42] SAMPLE t=15s phase=Stable adaptation=with_ML throughput_gbps=8.4384 latency_ms=66.2667
[2026-08-05T20:39:43] SAMPLE t=16s phase=Stable adaptation=with_ML throughput_gbps=8.3525 latency_ms=67.3157
[2026-08-05T20:39:44] SAMPLE t=17s phase=Stable adaptation=with_ML throughput_gbps=7.9201 latency_ms=68.4162
[2026-08-05T20:39:45] SAMPLE t=18s phase=Stable adaptation=with_ML throughput_gbps=7.7053 latency_ms=66.2838
[2026-08-05T20:39:46] SAMPLE t=19s phase=Stable adaptation=with_ML throughput_gbps=7.9057 latency_ms=68.1919
[2026-08-05T20:39:47] SAMPLE t=20s phase=Congestion adaptation=with_ML throughput_gbps=8.1259 latency_ms=65.4186
[2026-08-05T20:39:48] SAMPLE t=21s phase=Congestion adaptation=with_ML throughput_gbps=7.9813 latency_ms=66.2783
[2026-08-05T20:39:49] SAMPLE t=22s phase=Congestion adaptation=with_ML throughput_gbps=8.1638 latency_ms=65.7206
[2026-08-05T20:39:50] SAMPLE t=23s phase=Congestion adaptation=with_ML throughput_gbps=8.2551 latency_ms=64.9334
[2026-08-05T20:39:51] SAMPLE t=24s phase=Congestion adaptation=with_ML throughput_gbps=8.0063 latency_ms=66.5576
[2026-08-05T20:39:52] SAMPLE t=25s phase=Congestion adaptation=with_ML throughput_gbps=7.7698 latency_ms=67.2532
[2026-08-05T20:39:53] SAMPLE t=26s phase=Congestion adaptation=with_ML throughput_gbps=8.008 latency_ms=65.1905
[2026-08-05T20:39:54] SAMPLE t=27s phase=Congestion adaptation=with_ML throughput_gbps=7.7832 latency_ms=66.0424
[2026-08-05T20:39:55] SAMPLE t=28s phase=Congestion adaptation=with_ML throughput_gbps=8.1102 latency_ms=65.2337
[2026-08-05T20:39:56] SAMPLE t=29s phase=Congestion adaptation=with_ML throughput_gbps=8.1525 latency_ms=65.9547
[2026-08-05T20:39:57] SAMPLE t=30s phase=Congestion adaptation=with_ML throughput_gbps=7.9147 latency_ms=65.0287
[2026-08-05T20:39:58] SAMPLE t=31s phase=Congestion adaptation=with_ML throughput_gbps=8.4311 latency_ms=67.5154
[2026-08-05T20:39:59] SAMPLE t=32s phase=Congestion adaptation=with_ML throughput_gbps=7.9282 latency_ms=65.3103
[2026-08-05T20:40:00] SAMPLE t=33s phase=Congestion adaptation=with_ML throughput_gbps=8.0106 latency_ms=68.4168
[2026-08-05T20:40:01] SAMPLE t=34s phase=Congestion adaptation=with_ML throughput_gbps=7.9966 latency_ms=64.1232
[2026-08-05T20:40:02] SAMPLE t=35s phase=Congestion adaptation=with_ML throughput_gbps=8.5248 latency_ms=68.5727
[2026-08-05T20:40:03] SAMPLE t=36s phase=Congestion adaptation=with_ML throughput_gbps=8.2149 latency_ms=63.7279
[2026-08-05T20:40:04] SAMPLE t=37s phase=Congestion adaptation=with_ML throughput_gbps=8.0423 latency_ms=65.3202
[2026-08-05T20:40:05] SAMPLE t=38s phase=Congestion adaptation=with_ML throughput_gbps=8.0604 latency_ms=66.7934
[2026-08-05T20:40:06] SAMPLE t=39s phase=Congestion adaptation=with_ML throughput_gbps=7.9233 latency_ms=67.6326
[2026-08-05T20:40:07] SAMPLE t=40s phase=Path_change adaptation=with_ML throughput_gbps=8.0753 latency_ms=66.2786
[2026-08-05T20:40:08] SAMPLE t=41s phase=Path_change adaptation=with_ML throughput_gbps=7.92 latency_ms=65.4935
[2026-08-05T20:40:09] SAMPLE t=42s phase=Path_change adaptation=with_ML throughput_gbps=7.9226 latency_ms=67.817
[2026-08-05T20:40:10] SAMPLE t=43s phase=Path_change adaptation=with_ML throughput_gbps=7.3972 latency_ms=65.73
[2026-08-05T20:40:11] SAMPLE t=44s phase=Path_change adaptation=with_ML throughput_gbps=7.616 latency_ms=67.151
[2026-08-05T20:40:12] SAMPLE t=45s phase=Path_change adaptation=with_ML throughput_gbps=7.2442 latency_ms=68.018
[2026-08-05T20:40:13] SAMPLE t=46s phase=Path_change adaptation=with_ML throughput_gbps=7.3179 latency_ms=68.9357
[2026-08-05T20:40:14] SAMPLE t=47s phase=Path_change adaptation=with_ML throughput_gbps=7.3298 latency_ms=68.9686
[2026-08-05T20:40:15] SAMPLE t=48s phase=Path_change adaptation=with_ML throughput_gbps=7.2433 latency_ms=67.8736
[2026-08-05T20:40:16] SAMPLE t=49s phase=Path_change adaptation=with_ML throughput_gbps=7.0949 latency_ms=68.2492
[2026-08-05T20:40:17] SAMPLE t=50s phase=Path_change adaptation=with_ML throughput_gbps=7.1045 latency_ms=67.9425
[2026-08-05T20:40:18] SAMPLE t=51s phase=Path_change adaptation=with_ML throughput_gbps=6.9239 latency_ms=68.9642
[2026-08-05T20:40:19] SAMPLE t=52s phase=Path_change adaptation=with_ML throughput_gbps=7.0476 latency_ms=65.236
[2026-08-05T20:40:20] SAMPLE t=53s phase=Path_change adaptation=with_ML throughput_gbps=7.4631 latency_ms=67.5583
[2026-08-05T20:40:21] SAMPLE t=54s phase=Path_change adaptation=with_ML throughput_gbps=7.1459 latency_ms=68.0832
[2026-08-05T20:40:22] SAMPLE t=55s phase=Path_change adaptation=with_ML throughput_gbps=7.2057 latency_ms=67.2156
[2026-08-05T20:40:23] SAMPLE t=56s phase=Path_change adaptation=with_ML throughput_gbps=7.4247 latency_ms=68.5325
[2026-08-05T20:40:24] SAMPLE t=57s phase=Path_change adaptation=with_ML throughput_gbps=7.9189 latency_ms=67.2842
[2026-08-05T20:40:25] SAMPLE t=58s phase=Path_change adaptation=with_ML throughput_gbps=7.9496 latency_ms=66.5959
[2026-08-05T20:40:26] SAMPLE t=59s phase=Path_change adaptation=with_ML throughput_gbps=7.853 latency_ms=67.5464
[2026-08-05T20:40:27] SAMPLE t=60s phase=Loss_spike adaptation=with_ML throughput_gbps=7.1565 latency_ms=69.2797
[2026-08-05T20:40:28] SAMPLE t=61s phase=Loss_spike adaptation=with_ML throughput_gbps=8.2876 latency_ms=72.7176
[2026-08-05T20:40:29] SAMPLE t=62s phase=Loss_spike adaptation=with_ML throughput_gbps=7.9534 latency_ms=69.2278
[2026-08-05T20:40:30] SAMPLE t=63s phase=Loss_spike adaptation=with_ML throughput_gbps=6.7801 latency_ms=70.6126
[2026-08-05T20:40:31] SAMPLE t=64s phase=Loss_spike adaptation=with_ML throughput_gbps=6.0083 latency_ms=70.2778
[2026-08-05T20:40:32] SAMPLE t=65s phase=Loss_spike adaptation=with_ML throughput_gbps=6.9225 latency_ms=67.8777
[2026-08-05T20:40:33] SAMPLE t=66s phase=Loss_spike adaptation=with_ML throughput_gbps=8.471 latency_ms=70.0954
[2026-08-05T20:40:34] SAMPLE t=67s phase=Loss_spike adaptation=with_ML throughput_gbps=7.6764 latency_ms=70.4571
[2026-08-05T20:40:35] SAMPLE t=68s phase=Loss_spike adaptation=with_ML throughput_gbps=6.6805 latency_ms=68.1372
[2026-08-05T20:40:36] SAMPLE t=69s phase=Loss_spike adaptation=with_ML throughput_gbps=6.352 latency_ms=70.6743
[2026-08-05T20:40:37] SAMPLE t=70s phase=Loss_spike adaptation=with_ML throughput_gbps=7.3315 latency_ms=68.9442
[2026-08-05T20:40:38] SAMPLE t=71s phase=Loss_spike adaptation=with_ML throughput_gbps=8.4179 latency_ms=71.6925
[2026-08-05T20:40:39] SAMPLE t=72s phase=Loss_spike adaptation=with_ML throughput_gbps=8.0397 latency_ms=70.8003
[2026-08-05T20:40:40] SAMPLE t=73s phase=Loss_spike adaptation=with_ML throughput_gbps=6.6396 latency_ms=69.8602
[2026-08-05T20:40:41] SAMPLE t=74s phase=Loss_spike adaptation=with_ML throughput_gbps=6.3824 latency_ms=70.6289
[2026-08-05T20:40:42] SAMPLE t=75s phase=Loss_spike adaptation=with_ML throughput_gbps=7.7182 latency_ms=68.0861
[2026-08-05T20:40:43] SAMPLE t=76s phase=Loss_spike adaptation=with_ML throughput_gbps=8.2721 latency_ms=71.3909
[2026-08-05T20:40:44] SAMPLE t=77s phase=Loss_spike adaptation=with_ML throughput_gbps=7.7847 latency_ms=70.698
[2026-08-05T20:40:45] SAMPLE t=78s phase=Loss_spike adaptation=with_ML throughput_gbps=6.3391 latency_ms=68.8489
[2026-08-05T20:40:46] SAMPLE t=79s phase=Loss_spike adaptation=with_ML throughput_gbps=5.9804 latency_ms=71.8985
[2026-08-05T20:40:47] SAMPLE t=80s phase=Recovery adaptation=with_ML throughput_gbps=8.0349 latency_ms=64.5566
[2026-08-05T20:40:48] SAMPLE t=81s phase=Recovery adaptation=with_ML throughput_gbps=7.854 latency_ms=64.8417
[2026-08-05T20:40:49] SAMPLE t=82s phase=Recovery adaptation=with_ML throughput_gbps=8.1889 latency_ms=65.3171
[2026-08-05T20:40:50] SAMPLE t=83s phase=Recovery adaptation=with_ML throughput_gbps=8.3821 latency_ms=66.585
[2026-08-05T20:40:51] SAMPLE t=84s phase=Recovery adaptation=with_ML throughput_gbps=8.3115 latency_ms=65.8381
[2026-08-05T20:40:52] SAMPLE t=85s phase=Recovery adaptation=with_ML throughput_gbps=8.0294 latency_ms=65.9188
[2026-08-05T20:40:53] SAMPLE t=86s phase=Recovery adaptation=with_ML throughput_gbps=8.3739 latency_ms=63.0622
[2026-08-05T20:40:54] SAMPLE t=87s phase=Recovery adaptation=with_ML throughput_gbps=8.3876 latency_ms=64.4764
[2026-08-05T20:40:55] SAMPLE t=88s phase=Recovery adaptation=with_ML throughput_gbps=8.5077 latency_ms=68.1487
[2026-08-05T20:40:56] SAMPLE t=89s phase=Recovery adaptation=with_ML throughput_gbps=7.9937 latency_ms=65.5442
[2026-08-05T20:40:57] SAMPLE t=90s phase=Recovery adaptation=with_ML throughput_gbps=8.5215 latency_ms=66.1562
[2026-08-05T20:40:58] SAMPLE t=91s phase=Recovery adaptation=with_ML throughput_gbps=8.111 latency_ms=65.3308
[2026-08-05T20:40:59] SAMPLE t=92s phase=Recovery adaptation=with_ML throughput_gbps=8.3088 latency_ms=65.5139
[2026-08-05T20:41:00] SAMPLE t=93s phase=Recovery adaptation=with_ML throughput_gbps=8.4147 latency_ms=63.893
[2026-08-05T20:41:01] SAMPLE t=94s phase=Recovery adaptation=with_ML throughput_gbps=8.6333 latency_ms=64.9238
[2026-08-05T20:41:02] SAMPLE t=95s phase=Recovery adaptation=with_ML throughput_gbps=8.4201 latency_ms=65.4089
[2026-08-05T20:41:03] SAMPLE t=96s phase=Recovery adaptation=with_ML throughput_gbps=8.2902 latency_ms=64.5876
[2026-08-05T20:41:04] SAMPLE t=97s phase=Recovery adaptation=with_ML throughput_gbps=8.6771 latency_ms=62.4366
[2026-08-05T20:41:05] SAMPLE t=98s phase=Recovery adaptation=with_ML throughput_gbps=8.6081 latency_ms=65.6304
[2026-08-05T20:41:06] SAMPLE t=99s phase=Recovery adaptation=with_ML throughput_gbps=8.4005 latency_ms=66.2488
[2026-08-05T20:39:27] SAMPLE t=0s phase=Stable adaptation=without_ML throughput_gbps=7.8866 latency_ms=67.0385
[2026-08-05T20:39:28] SAMPLE t=1s phase=Stable adaptation=without_ML throughput_gbps=7.4639 latency_ms=68.8496
[2026-08-05T20:39:29] SAMPLE t=2s phase=Stable adaptation=without_ML throughput_gbps=8.3831 latency_ms=65.5604
[2026-08-05T20:39:30] SAMPLE t=3s phase=Stable adaptation=without_ML throughput_gbps=8.1473 latency_ms=64.999
[2026-08-05T20:39:31] SAMPLE t=4s phase=Stable adaptation=without_ML throughput_gbps=8.1758 latency_ms=65.152
[2026-08-05T20:39:32] SAMPLE t=5s phase=Stable adaptation=without_ML throughput_gbps=8.2439 latency_ms=66.4526
[2026-08-05T20:39:33] SAMPLE t=6s phase=Stable adaptation=without_ML throughput_gbps=8.4024 latency_ms=66.7803
[2026-08-05T20:39:34] SAMPLE t=7s phase=Stable adaptation=without_ML throughput_gbps=7.7053 latency_ms=62.5945
[2026-08-05T20:39:35] SAMPLE t=8s phase=Stable adaptation=without_ML throughput_gbps=8.5282 latency_ms=67.0424
[2026-08-05T20:39:36] SAMPLE t=9s phase=Stable adaptation=without_ML throughput_gbps=8.1372 latency_ms=68.3324
[2026-08-05T20:39:37] SAMPLE t=10s phase=Stable adaptation=without_ML throughput_gbps=8.0677 latency_ms=64.3836
[2026-08-05T20:39:38] SAMPLE t=11s phase=Stable adaptation=without_ML throughput_gbps=8.2432 latency_ms=66.6083
[2026-08-05T20:39:39] SAMPLE t=12s phase=Stable adaptation=without_ML throughput_gbps=7.9722 latency_ms=66.621
[2026-08-05T20:39:40] SAMPLE t=13s phase=Stable adaptation=without_ML throughput_gbps=8.2887 latency_ms=65.1612
[2026-08-05T20:39:41] SAMPLE t=14s phase=Stable adaptation=without_ML throughput_gbps=7.5267 latency_ms=66.6693
[2026-08-05T20:39:42] SAMPLE t=15s phase=Stable adaptation=without_ML throughput_gbps=7.7459 latency_ms=65.6923
[2026-08-05T20:39:43] SAMPLE t=16s phase=Stable adaptation=without_ML throughput_gbps=7.7584 latency_ms=64.9519
[2026-08-05T20:39:44] SAMPLE t=17s phase=Stable adaptation=without_ML throughput_gbps=8.0014 latency_ms=65.4546
[2026-08-05T20:39:45] SAMPLE t=18s phase=Stable adaptation=without_ML throughput_gbps=7.9903 latency_ms=64.5128
[2026-08-05T20:39:46] SAMPLE t=19s phase=Stable adaptation=without_ML throughput_gbps=7.7891 latency_ms=67.5574
[2026-08-05T20:39:47] SAMPLE t=20s phase=Congestion adaptation=without_ML throughput_gbps=7.9906 latency_ms=64.865
[2026-08-05T20:39:48] SAMPLE t=21s phase=Congestion adaptation=without_ML throughput_gbps=8.27 latency_ms=63.6262
[2026-08-05T20:39:49] SAMPLE t=22s phase=Congestion adaptation=without_ML throughput_gbps=8.1981 latency_ms=64.6767
[2026-08-05T20:39:50] SAMPLE t=23s phase=Congestion adaptation=without_ML throughput_gbps=8.0237 latency_ms=68.4927
[2026-08-05T20:39:51] SAMPLE t=24s phase=Congestion adaptation=without_ML throughput_gbps=7.8528 latency_ms=64.9622
[2026-08-05T20:39:52] SAMPLE t=25s phase=Congestion adaptation=without_ML throughput_gbps=7.996 latency_ms=64.0809
[2026-08-05T20:39:53] SAMPLE t=26s phase=Congestion adaptation=without_ML throughput_gbps=7.909 latency_ms=67.7919
[2026-08-05T20:39:54] SAMPLE t=27s phase=Congestion adaptation=without_ML throughput_gbps=8.0897 latency_ms=68.0111
[2026-08-05T20:39:55] SAMPLE t=28s phase=Congestion adaptation=without_ML throughput_gbps=7.9105 latency_ms=66.2007
[2026-08-05T20:39:56] SAMPLE t=29s phase=Congestion adaptation=without_ML throughput_gbps=7.964 latency_ms=65.4977
[2026-08-05T20:39:57] SAMPLE t=30s phase=Congestion adaptation=without_ML throughput_gbps=7.6071 latency_ms=65.3477
[2026-08-05T20:39:58] SAMPLE t=31s phase=Congestion adaptation=without_ML throughput_gbps=7.4813 latency_ms=64.2186
[2026-08-05T20:39:59] SAMPLE t=32s phase=Congestion adaptation=without_ML throughput_gbps=7.9616 latency_ms=65.5145
[2026-08-05T20:40:00] SAMPLE t=33s phase=Congestion adaptation=without_ML throughput_gbps=7.6364 latency_ms=68.5229
[2026-08-05T20:40:01] SAMPLE t=34s phase=Congestion adaptation=without_ML throughput_gbps=7.9343 latency_ms=66.1284
[2026-08-05T20:40:02] SAMPLE t=35s phase=Congestion adaptation=without_ML throughput_gbps=8.2432 latency_ms=64.6167
[2026-08-05T20:40:03] SAMPLE t=36s phase=Congestion adaptation=without_ML throughput_gbps=8.0057 latency_ms=65.6518
[2026-08-05T20:40:04] SAMPLE t=37s phase=Congestion adaptation=without_ML throughput_gbps=7.8732 latency_ms=67.1859
[2026-08-05T20:40:05] SAMPLE t=38s phase=Congestion adaptation=without_ML throughput_gbps=8.0621 latency_ms=66.4033
[2026-08-05T20:40:06] SAMPLE t=39s phase=Congestion adaptation=without_ML throughput_gbps=7.9673 latency_ms=67.6349
[2026-08-05T20:40:07] SAMPLE t=40s phase=Path_change adaptation=without_ML throughput_gbps=7.7066 latency_ms=65.5027
[2026-08-05T20:40:08] SAMPLE t=41s phase=Path_change adaptation=without_ML throughput_gbps=7.3182 latency_ms=68.25
[2026-08-05T20:40:09] SAMPLE t=42s phase=Path_change adaptation=without_ML throughput_gbps=7.1699 latency_ms=68.0029
[2026-08-05T20:40:10] SAMPLE t=43s phase=Path_change adaptation=without_ML throughput_gbps=6.7844 latency_ms=68.5642
[2026-08-05T20:40:11] SAMPLE t=44s phase=Path_change adaptation=without_ML throughput_gbps=6.6558 latency_ms=71.4713
[2026-08-05T20:40:12] SAMPLE t=45s phase=Path_change adaptation=without_ML throughput_gbps=6.4589 latency_ms=70.574
[2026-08-05T20:40:13] SAMPLE t=46s phase=Path_change adaptation=without_ML throughput_gbps=6.1686 latency_ms=72.9294
[2026-08-05T20:40:14] SAMPLE t=47s phase=Path_change adaptation=without_ML throughput_gbps=6.2792 latency_ms=71.9786
[2026-08-05T20:40:15] SAMPLE t=48s phase=Path_change adaptation=without_ML throughput_gbps=5.6716 latency_ms=74.0099
[2026-08-05T20:40:16] SAMPLE t=49s phase=Path_change adaptation=without_ML throughput_gbps=6.0688 latency_ms=72.1268
[2026-08-05T20:40:17] SAMPLE t=50s phase=Path_change adaptation=without_ML throughput_gbps=5.6686 latency_ms=72.468
[2026-08-05T20:40:18] SAMPLE t=51s phase=Path_change adaptation=without_ML throughput_gbps=5.7213 latency_ms=74.078
[2026-08-05T20:40:19] SAMPLE t=52s phase=Path_change adaptation=without_ML throughput_gbps=5.6698 latency_ms=73.046
[2026-08-05T20:40:20] SAMPLE t=53s phase=Path_change adaptation=without_ML throughput_gbps=5.9435 latency_ms=74.2516
[2026-08-05T20:40:21] SAMPLE t=54s phase=Path_change adaptation=without_ML throughput_gbps=6.3663 latency_ms=69.9057
[2026-08-05T20:40:22] SAMPLE t=55s phase=Path_change adaptation=without_ML throughput_gbps=6.5609 latency_ms=69.6128
[2026-08-05T20:40:23] SAMPLE t=56s phase=Path_change adaptation=without_ML throughput_gbps=7.0301 latency_ms=73.8685
[2026-08-05T20:40:24] SAMPLE t=57s phase=Path_change adaptation=without_ML throughput_gbps=6.796 latency_ms=67.0493
[2026-08-05T20:40:25] SAMPLE t=58s phase=Path_change adaptation=without_ML throughput_gbps=7.6155 latency_ms=68.6297
[2026-08-05T20:40:26] SAMPLE t=59s phase=Path_change adaptation=without_ML throughput_gbps=7.9753 latency_ms=66.424
[2026-08-05T20:40:27] SAMPLE t=60s phase=Loss_spike adaptation=without_ML throughput_gbps=6.1069 latency_ms=70.0556
[2026-08-05T20:40:28] SAMPLE t=61s phase=Loss_spike adaptation=without_ML throughput_gbps=8.5774 latency_ms=79.5093
[2026-08-05T20:40:29] SAMPLE t=62s phase=Loss_spike adaptation=without_ML throughput_gbps=7.6533 latency_ms=76.8255
[2026-08-05T20:40:30] SAMPLE t=63s phase=Loss_spike adaptation=without_ML throughput_gbps=4.5396 latency_ms=74.7048
[2026-08-05T20:40:31] SAMPLE t=64s phase=Loss_spike adaptation=without_ML throughput_gbps=3.9289 latency_ms=76.2027
[2026-08-05T20:40:32] SAMPLE t=65s phase=Loss_spike adaptation=without_ML throughput_gbps=6.1007 latency_ms=70.0167
[2026-08-05T20:40:33] SAMPLE t=66s phase=Loss_spike adaptation=without_ML throughput_gbps=8.2864 latency_ms=78.6056
[2026-08-05T20:40:34] SAMPLE t=67s phase=Loss_spike adaptation=without_ML throughput_gbps=7.4333 latency_ms=76.4423
[2026-08-05T20:40:35] SAMPLE t=68s phase=Loss_spike adaptation=without_ML throughput_gbps=4.7794 latency_ms=77.8387
[2026-08-05T20:40:36] SAMPLE t=69s phase=Loss_spike adaptation=without_ML throughput_gbps=4.0332 latency_ms=78.6167
[2026-08-05T20:40:37] SAMPLE t=70s phase=Loss_spike adaptation=without_ML throughput_gbps=6.2178 latency_ms=69.7106
[2026-08-05T20:40:38] SAMPLE t=71s phase=Loss_spike adaptation=without_ML throughput_gbps=8.453 latency_ms=79.7594
[2026-08-05T20:40:39] SAMPLE t=72s phase=Loss_spike adaptation=without_ML throughput_gbps=7.8509 latency_ms=74.6175
[2026-08-05T20:40:40] SAMPLE t=73s phase=Loss_spike adaptation=without_ML throughput_gbps=4.8946 latency_ms=75.7375
[2026-08-05T20:40:41] SAMPLE t=74s phase=Loss_spike adaptation=without_ML throughput_gbps=3.9796 latency_ms=79.9498
[2026-08-05T20:40:42] SAMPLE t=75s phase=Loss_spike adaptation=without_ML throughput_gbps=6.0604 latency_ms=69.1623
[2026-08-05T20:40:43] SAMPLE t=76s phase=Loss_spike adaptation=without_ML throughput_gbps=8.1841 latency_ms=78.6421
[2026-08-05T20:40:44] SAMPLE t=77s phase=Loss_spike adaptation=without_ML throughput_gbps=7.7304 latency_ms=75.745
[2026-08-05T20:40:45] SAMPLE t=78s phase=Loss_spike adaptation=without_ML throughput_gbps=4.8 latency_ms=73.9518
[2026-08-05T20:40:46] SAMPLE t=79s phase=Loss_spike adaptation=without_ML throughput_gbps=3.851 latency_ms=78.3968
[2026-08-05T20:40:47] SAMPLE t=80s phase=Recovery adaptation=without_ML throughput_gbps=7.698 latency_ms=68.7149
[2026-08-05T20:40:48] SAMPLE t=81s phase=Recovery adaptation=without_ML throughput_gbps=8.1705 latency_ms=65.5302
[2026-08-05T20:40:49] SAMPLE t=82s phase=Recovery adaptation=without_ML throughput_gbps=7.9528 latency_ms=66.2899
[2026-08-05T20:40:50] SAMPLE t=83s phase=Recovery adaptation=without_ML throughput_gbps=8.2418 latency_ms=68.5002
[2026-08-05T20:40:51] SAMPLE t=84s phase=Recovery adaptation=without_ML throughput_gbps=8.526 latency_ms=64.3332
[2026-08-05T20:40:52] SAMPLE t=85s phase=Recovery adaptation=without_ML throughput_gbps=7.703 latency_ms=66.7711
[2026-08-05T20:40:53] SAMPLE t=86s phase=Recovery adaptation=without_ML throughput_gbps=8.7029 latency_ms=65.8313
[2026-08-05T20:40:54] SAMPLE t=87s phase=Recovery adaptation=without_ML throughput_gbps=7.7573 latency_ms=65.925
[2026-08-05T20:40:55] SAMPLE t=88s phase=Recovery adaptation=without_ML throughput_gbps=7.8131 latency_ms=67.1875
[2026-08-05T20:40:56] SAMPLE t=89s phase=Recovery adaptation=without_ML throughput_gbps=7.9176 latency_ms=66.9327
[2026-08-05T20:40:57] SAMPLE t=90s phase=Recovery adaptation=without_ML throughput_gbps=7.7672 latency_ms=66.7067
[2026-08-05T20:40:58] SAMPLE t=91s phase=Recovery adaptation=without_ML throughput_gbps=7.7142 latency_ms=66.1388
[2026-08-05T20:40:59] SAMPLE t=92s phase=Recovery adaptation=without_ML throughput_gbps=8.0273 latency_ms=66.9856
[2026-08-05T20:41:00] SAMPLE t=93s phase=Recovery adaptation=without_ML throughput_gbps=8.082 latency_ms=63.5702
[2026-08-05T20:41:01] SAMPLE t=94s phase=Recovery adaptation=without_ML throughput_gbps=7.9873 latency_ms=63.0984
[2026-08-05T20:41:02] SAMPLE t=95s phase=Recovery adaptation=without_ML throughput_gbps=8.2838 latency_ms=66.2139
[2026-08-05T20:41:03] SAMPLE t=96s phase=Recovery adaptation=without_ML throughput_gbps=8.0814 latency_ms=63.5541
[2026-08-05T20:41:04] SAMPLE t=97s phase=Recovery adaptation=without_ML throughput_gbps=8.1957 latency_ms=65.6643
[2026-08-05T20:41:05] SAMPLE t=98s phase=Recovery adaptation=without_ML throughput_gbps=7.9736 latency_ms=67.1724
[2026-08-05T20:41:06] SAMPLE t=99s phase=Recovery adaptation=without_ML throughput_gbps=8.4659 latency_ms=65.9731
[2026-08-05T20:39:27] TRACE_END run_id=19 status=OK
[2026-08-05T20:48:10] TRACE_START run_id=20
[2026-08-05T20:48:10] SAMPLE t=0s phase=Stable adaptation=with_ML throughput_gbps=8.2363 latency_ms=66.0008
[2026-08-05T20:48:11] SAMPLE t=1s phase=Stable adaptation=with_ML throughput_gbps=8.1123 latency_ms=65.7822
[2026-08-05T20:48:12] SAMPLE t=2s phase=Stable adaptation=with_ML throughput_gbps=7.8558 latency_ms=66.3597
[2026-08-05T20:48:13] SAMPLE t=3s phase=Stable adaptation=with_ML throughput_gbps=7.6354 latency_ms=66.888
[2026-08-05T20:48:14] SAMPLE t=4s phase=Stable adaptation=with_ML throughput_gbps=8.0068 latency_ms=68.0295
[2026-08-05T20:48:15] SAMPLE t=5s phase=Stable adaptation=with_ML throughput_gbps=8.0433 latency_ms=67.5899
[2026-08-05T20:48:16] SAMPLE t=6s phase=Stable adaptation=with_ML throughput_gbps=8.1787 latency_ms=67.0362
[2026-08-05T20:48:17] SAMPLE t=7s phase=Stable adaptation=with_ML throughput_gbps=7.9548 latency_ms=66.4111
[2026-08-05T20:48:18] SAMPLE t=8s phase=Stable adaptation=with_ML throughput_gbps=8.0578 latency_ms=65.9789
[2026-08-05T20:48:19] SAMPLE t=9s phase=Stable adaptation=with_ML throughput_gbps=7.6711 latency_ms=66.3582
[2026-08-05T20:48:20] SAMPLE t=10s phase=Stable adaptation=with_ML throughput_gbps=8.0561 latency_ms=66.1926
[2026-08-05T20:48:21] SAMPLE t=11s phase=Stable adaptation=with_ML throughput_gbps=8.0137 latency_ms=66.9498
[2026-08-05T20:48:22] SAMPLE t=12s phase=Stable adaptation=with_ML throughput_gbps=8.0755 latency_ms=67.3747
[2026-08-05T20:48:23] SAMPLE t=13s phase=Stable adaptation=with_ML throughput_gbps=7.7 latency_ms=66.8521
[2026-08-05T20:48:24] SAMPLE t=14s phase=Stable adaptation=with_ML throughput_gbps=8.4539 latency_ms=65.6545
[2026-08-05T20:48:25] SAMPLE t=15s phase=Stable adaptation=with_ML throughput_gbps=8.3601 latency_ms=64.2698
[2026-08-05T20:48:26] SAMPLE t=16s phase=Stable adaptation=with_ML throughput_gbps=8.315 latency_ms=67.6444
[2026-08-05T20:48:27] SAMPLE t=17s phase=Stable adaptation=with_ML throughput_gbps=7.9876 latency_ms=67.4809
[2026-08-05T20:48:28] SAMPLE t=18s phase=Stable adaptation=with_ML throughput_gbps=8.0359 latency_ms=66.704
[2026-08-05T20:48:29] SAMPLE t=19s phase=Stable adaptation=with_ML throughput_gbps=8.0475 latency_ms=66.7959
[2026-08-05T20:48:30] SAMPLE t=20s phase=Congestion adaptation=with_ML throughput_gbps=8.2101 latency_ms=66.0314
[2026-08-05T20:48:31] SAMPLE t=21s phase=Congestion adaptation=with_ML throughput_gbps=8.1133 latency_ms=67.1286
[2026-08-05T20:48:32] SAMPLE t=22s phase=Congestion adaptation=with_ML throughput_gbps=7.8624 latency_ms=66.8422
[2026-08-05T20:48:33] SAMPLE t=23s phase=Congestion adaptation=with_ML throughput_gbps=8.3661 latency_ms=67.0694
[2026-08-05T20:48:34] SAMPLE t=24s phase=Congestion adaptation=with_ML throughput_gbps=8.0155 latency_ms=67.8894
[2026-08-05T20:48:35] SAMPLE t=25s phase=Congestion adaptation=with_ML throughput_gbps=8.0455 latency_ms=66.2805
[2026-08-05T20:48:36] SAMPLE t=26s phase=Congestion adaptation=with_ML throughput_gbps=8.0689 latency_ms=67.7677
[2026-08-05T20:48:37] SAMPLE t=27s phase=Congestion adaptation=with_ML throughput_gbps=8.1802 latency_ms=64.329
[2026-08-05T20:48:38] SAMPLE t=28s phase=Congestion adaptation=with_ML throughput_gbps=8.2514 latency_ms=66.4105
[2026-08-05T20:48:39] SAMPLE t=29s phase=Congestion adaptation=with_ML throughput_gbps=8.6311 latency_ms=65.9983
[2026-08-05T20:48:40] SAMPLE t=30s phase=Congestion adaptation=with_ML throughput_gbps=8.0189 latency_ms=67.0262
[2026-08-05T20:48:41] SAMPLE t=31s phase=Congestion adaptation=with_ML throughput_gbps=8.1189 latency_ms=67.2323
[2026-08-05T20:48:42] SAMPLE t=32s phase=Congestion adaptation=with_ML throughput_gbps=8.1896 latency_ms=67.3886
[2026-08-05T20:48:43] SAMPLE t=33s phase=Congestion adaptation=with_ML throughput_gbps=8.0862 latency_ms=65.5158
[2026-08-05T20:48:44] SAMPLE t=34s phase=Congestion adaptation=with_ML throughput_gbps=7.9088 latency_ms=65.2935
[2026-08-05T20:48:45] SAMPLE t=35s phase=Congestion adaptation=with_ML throughput_gbps=8.2694 latency_ms=66.8986
[2026-08-05T20:48:46] SAMPLE t=36s phase=Congestion adaptation=with_ML throughput_gbps=8.3324 latency_ms=64.5909
[2026-08-05T20:48:47] SAMPLE t=37s phase=Congestion adaptation=with_ML throughput_gbps=8.0992 latency_ms=66.2283
[2026-08-05T20:48:48] SAMPLE t=38s phase=Congestion adaptation=with_ML throughput_gbps=8.1397 latency_ms=66.161
[2026-08-05T20:48:49] SAMPLE t=39s phase=Congestion adaptation=with_ML throughput_gbps=8.1556 latency_ms=64.6406
[2026-08-05T20:48:50] SAMPLE t=40s phase=Path_change adaptation=with_ML throughput_gbps=8.2768 latency_ms=65.4577
[2026-08-05T20:48:51] SAMPLE t=41s phase=Path_change adaptation=with_ML throughput_gbps=7.7998 latency_ms=64.8954
[2026-08-05T20:48:52] SAMPLE t=42s phase=Path_change adaptation=with_ML throughput_gbps=7.7842 latency_ms=67.7898
[2026-08-05T20:48:53] SAMPLE t=43s phase=Path_change adaptation=with_ML throughput_gbps=7.641 latency_ms=67.9029
[2026-08-05T20:48:54] SAMPLE t=44s phase=Path_change adaptation=with_ML throughput_gbps=7.2526 latency_ms=66.479
[2026-08-05T20:48:55] SAMPLE t=45s phase=Path_change adaptation=with_ML throughput_gbps=7.4989 latency_ms=67.9263
[2026-08-05T20:48:56] SAMPLE t=46s phase=Path_change adaptation=with_ML throughput_gbps=7.4118 latency_ms=67.7395
[2026-08-05T20:48:57] SAMPLE t=47s phase=Path_change adaptation=with_ML throughput_gbps=7.4459 latency_ms=68.5218
[2026-08-05T20:48:58] SAMPLE t=48s phase=Path_change adaptation=with_ML throughput_gbps=7.0419 latency_ms=69.1472
[2026-08-05T20:48:59] SAMPLE t=49s phase=Path_change adaptation=with_ML throughput_gbps=7.265 latency_ms=67.0403
[2026-08-05T20:49:00] SAMPLE t=50s phase=Path_change adaptation=with_ML throughput_gbps=7.0885 latency_ms=69.3837
[2026-08-05T20:49:01] SAMPLE t=51s phase=Path_change adaptation=with_ML throughput_gbps=6.7237 latency_ms=65.9574
[2026-08-05T20:49:02] SAMPLE t=52s phase=Path_change adaptation=with_ML throughput_gbps=7.495 latency_ms=69.5945
[2026-08-05T20:49:03] SAMPLE t=53s phase=Path_change adaptation=with_ML throughput_gbps=7.378 latency_ms=68.2957
[2026-08-05T20:49:04] SAMPLE t=54s phase=Path_change adaptation=with_ML throughput_gbps=7.2532 latency_ms=67.7748
[2026-08-05T20:49:05] SAMPLE t=55s phase=Path_change adaptation=with_ML throughput_gbps=7.3228 latency_ms=67.8528
[2026-08-05T20:49:06] SAMPLE t=56s phase=Path_change adaptation=with_ML throughput_gbps=7.713 latency_ms=66.9351
[2026-08-05T20:49:07] SAMPLE t=57s phase=Path_change adaptation=with_ML throughput_gbps=7.4374 latency_ms=68.3174
[2026-08-05T20:49:08] SAMPLE t=58s phase=Path_change adaptation=with_ML throughput_gbps=7.7609 latency_ms=66.8885
[2026-08-05T20:49:09] SAMPLE t=59s phase=Path_change adaptation=with_ML throughput_gbps=7.7829 latency_ms=69.0549
[2026-08-05T20:49:10] SAMPLE t=60s phase=Loss_spike adaptation=with_ML throughput_gbps=7.1553 latency_ms=68.7322
[2026-08-05T20:49:11] SAMPLE t=61s phase=Loss_spike adaptation=with_ML throughput_gbps=8.3502 latency_ms=69.2675
[2026-08-05T20:49:12] SAMPLE t=62s phase=Loss_spike adaptation=with_ML throughput_gbps=8.3095 latency_ms=71.5965
[2026-08-05T20:49:13] SAMPLE t=63s phase=Loss_spike adaptation=with_ML throughput_gbps=6.7669 latency_ms=67.44
[2026-08-05T20:49:14] SAMPLE t=64s phase=Loss_spike adaptation=with_ML throughput_gbps=6.6218 latency_ms=72.0136
[2026-08-05T20:49:15] SAMPLE t=65s phase=Loss_spike adaptation=with_ML throughput_gbps=7.6194 latency_ms=69.4621
[2026-08-05T20:49:16] SAMPLE t=66s phase=Loss_spike adaptation=with_ML throughput_gbps=8.4635 latency_ms=69.3334
[2026-08-05T20:49:17] SAMPLE t=67s phase=Loss_spike adaptation=with_ML throughput_gbps=8.0303 latency_ms=71.2785
[2026-08-05T20:49:18] SAMPLE t=68s phase=Loss_spike adaptation=with_ML throughput_gbps=6.6463 latency_ms=69.9613
[2026-08-05T20:49:19] SAMPLE t=69s phase=Loss_spike adaptation=with_ML throughput_gbps=6.2265 latency_ms=70.8203
[2026-08-05T20:49:20] SAMPLE t=70s phase=Loss_spike adaptation=with_ML throughput_gbps=7.1395 latency_ms=69.1922
[2026-08-05T20:49:21] SAMPLE t=71s phase=Loss_spike adaptation=with_ML throughput_gbps=8.1693 latency_ms=71.8531
[2026-08-05T20:49:22] SAMPLE t=72s phase=Loss_spike adaptation=with_ML throughput_gbps=8.1887 latency_ms=71.3653
[2026-08-05T20:49:23] SAMPLE t=73s phase=Loss_spike adaptation=with_ML throughput_gbps=6.5347 latency_ms=67.9686
[2026-08-05T20:49:24] SAMPLE t=74s phase=Loss_spike adaptation=with_ML throughput_gbps=6.2524 latency_ms=70.7412
[2026-08-05T20:49:25] SAMPLE t=75s phase=Loss_spike adaptation=with_ML throughput_gbps=7.1386 latency_ms=67.8634
[2026-08-05T20:49:26] SAMPLE t=76s phase=Loss_spike adaptation=with_ML throughput_gbps=8.0942 latency_ms=70.2443
[2026-08-05T20:49:27] SAMPLE t=77s phase=Loss_spike adaptation=with_ML throughput_gbps=7.8101 latency_ms=67.3467
[2026-08-05T20:49:28] SAMPLE t=78s phase=Loss_spike adaptation=with_ML throughput_gbps=6.3553 latency_ms=70.032
[2026-08-05T20:49:29] SAMPLE t=79s phase=Loss_spike adaptation=with_ML throughput_gbps=6.1193 latency_ms=70.3807
[2026-08-05T20:49:30] SAMPLE t=80s phase=Recovery adaptation=with_ML throughput_gbps=7.9766 latency_ms=65.1011
[2026-08-05T20:49:31] SAMPLE t=81s phase=Recovery adaptation=with_ML throughput_gbps=8.0074 latency_ms=64.8426
[2026-08-05T20:49:32] SAMPLE t=82s phase=Recovery adaptation=with_ML throughput_gbps=7.9486 latency_ms=66.884
[2026-08-05T20:49:33] SAMPLE t=83s phase=Recovery adaptation=with_ML throughput_gbps=8.4966 latency_ms=66.8969
[2026-08-05T20:49:34] SAMPLE t=84s phase=Recovery adaptation=with_ML throughput_gbps=8.3465 latency_ms=66.4971
[2026-08-05T20:49:35] SAMPLE t=85s phase=Recovery adaptation=with_ML throughput_gbps=8.0127 latency_ms=65.5336
[2026-08-05T20:49:36] SAMPLE t=86s phase=Recovery adaptation=with_ML throughput_gbps=8.4259 latency_ms=66.9464
[2026-08-05T20:49:37] SAMPLE t=87s phase=Recovery adaptation=with_ML throughput_gbps=8.0115 latency_ms=66.5944
[2026-08-05T20:49:38] SAMPLE t=88s phase=Recovery adaptation=with_ML throughput_gbps=8.5172 latency_ms=65.826
[2026-08-05T20:49:39] SAMPLE t=89s phase=Recovery adaptation=with_ML throughput_gbps=8.2662 latency_ms=65.4986
[2026-08-05T20:49:40] SAMPLE t=90s phase=Recovery adaptation=with_ML throughput_gbps=8.3207 latency_ms=66.6014
[2026-08-05T20:49:41] SAMPLE t=91s phase=Recovery adaptation=with_ML throughput_gbps=8.1801 latency_ms=66.4891
[2026-08-05T20:49:42] SAMPLE t=92s phase=Recovery adaptation=with_ML throughput_gbps=8.337 latency_ms=63.5384
[2026-08-05T20:49:43] SAMPLE t=93s phase=Recovery adaptation=with_ML throughput_gbps=8.055 latency_ms=65.5953
[2026-08-05T20:49:44] SAMPLE t=94s phase=Recovery adaptation=with_ML throughput_gbps=8.468 latency_ms=65.0388
[2026-08-05T20:49:45] SAMPLE t=95s phase=Recovery adaptation=with_ML throughput_gbps=8.1255 latency_ms=65.3406
[2026-08-05T20:49:46] SAMPLE t=96s phase=Recovery adaptation=with_ML throughput_gbps=8.6908 latency_ms=68.1618
[2026-08-05T20:49:47] SAMPLE t=97s phase=Recovery adaptation=with_ML throughput_gbps=8.416 latency_ms=65.8142
[2026-08-05T20:49:48] SAMPLE t=98s phase=Recovery adaptation=with_ML throughput_gbps=8.4082 latency_ms=65.8148
[2026-08-05T20:49:49] SAMPLE t=99s phase=Recovery adaptation=with_ML throughput_gbps=8.285 latency_ms=62.5758
[2026-08-05T20:48:10] SAMPLE t=0s phase=Stable adaptation=without_ML throughput_gbps=7.9429 latency_ms=64.8909
[2026-08-05T20:48:11] SAMPLE t=1s phase=Stable adaptation=without_ML throughput_gbps=7.9046 latency_ms=66.1217
[2026-08-05T20:48:12] SAMPLE t=2s phase=Stable adaptation=without_ML throughput_gbps=8.104 latency_ms=65.7045
[2026-08-05T20:48:13] SAMPLE t=3s phase=Stable adaptation=without_ML throughput_gbps=7.9278 latency_ms=69.087
[2026-08-05T20:48:14] SAMPLE t=4s phase=Stable adaptation=without_ML throughput_gbps=8.113 latency_ms=66.9432
[2026-08-05T20:48:15] SAMPLE t=5s phase=Stable adaptation=without_ML throughput_gbps=7.848 latency_ms=64.4884
[2026-08-05T20:48:16] SAMPLE t=6s phase=Stable adaptation=without_ML throughput_gbps=8.1796 latency_ms=67.3358
[2026-08-05T20:48:17] SAMPLE t=7s phase=Stable adaptation=without_ML throughput_gbps=7.8954 latency_ms=64.5124
[2026-08-05T20:48:18] SAMPLE t=8s phase=Stable adaptation=without_ML throughput_gbps=8.2217 latency_ms=66.3147
[2026-08-05T20:48:19] SAMPLE t=9s phase=Stable adaptation=without_ML throughput_gbps=7.9716 latency_ms=64.0339
[2026-08-05T20:48:20] SAMPLE t=10s phase=Stable adaptation=without_ML throughput_gbps=7.6035 latency_ms=63.8366
[2026-08-05T20:48:21] SAMPLE t=11s phase=Stable adaptation=without_ML throughput_gbps=7.8278 latency_ms=65.8307
[2026-08-05T20:48:22] SAMPLE t=12s phase=Stable adaptation=without_ML throughput_gbps=7.6432 latency_ms=66.7058
[2026-08-05T20:48:23] SAMPLE t=13s phase=Stable adaptation=without_ML throughput_gbps=8.0955 latency_ms=63.9746
[2026-08-05T20:48:24] SAMPLE t=14s phase=Stable adaptation=without_ML throughput_gbps=8.5743 latency_ms=64.58
[2026-08-05T20:48:25] SAMPLE t=15s phase=Stable adaptation=without_ML throughput_gbps=7.7934 latency_ms=65.084
[2026-08-05T20:48:26] SAMPLE t=16s phase=Stable adaptation=without_ML throughput_gbps=8.1883 latency_ms=66.9851
[2026-08-05T20:48:27] SAMPLE t=17s phase=Stable adaptation=without_ML throughput_gbps=7.962 latency_ms=65.6494
[2026-08-05T20:48:28] SAMPLE t=18s phase=Stable adaptation=without_ML throughput_gbps=7.7387 latency_ms=65.2027
[2026-08-05T20:48:29] SAMPLE t=19s phase=Stable adaptation=without_ML throughput_gbps=7.9991 latency_ms=64.6726
[2026-08-05T20:48:30] SAMPLE t=20s phase=Congestion adaptation=without_ML throughput_gbps=8.3921 latency_ms=66.2499
[2026-08-05T20:48:31] SAMPLE t=21s phase=Congestion adaptation=without_ML throughput_gbps=8.0838 latency_ms=66.8786
[2026-08-05T20:48:32] SAMPLE t=22s phase=Congestion adaptation=without_ML throughput_gbps=8.0329 latency_ms=67.6637
[2026-08-05T20:48:33] SAMPLE t=23s phase=Congestion adaptation=without_ML throughput_gbps=7.9677 latency_ms=67.429
[2026-08-05T20:48:34] SAMPLE t=24s phase=Congestion adaptation=without_ML throughput_gbps=7.7907 latency_ms=65.2423
[2026-08-05T20:48:35] SAMPLE t=25s phase=Congestion adaptation=without_ML throughput_gbps=7.5467 latency_ms=66.6747
[2026-08-05T20:48:36] SAMPLE t=26s phase=Congestion adaptation=without_ML throughput_gbps=8.0719 latency_ms=65.4489
[2026-08-05T20:48:37] SAMPLE t=27s phase=Congestion adaptation=without_ML throughput_gbps=8.0349 latency_ms=66.5813
[2026-08-05T20:48:38] SAMPLE t=28s phase=Congestion adaptation=without_ML throughput_gbps=8.1628 latency_ms=67.9091
[2026-08-05T20:48:39] SAMPLE t=29s phase=Congestion adaptation=without_ML throughput_gbps=7.7779 latency_ms=65.5524
[2026-08-05T20:48:40] SAMPLE t=30s phase=Congestion adaptation=without_ML throughput_gbps=8.1382 latency_ms=66.2645
[2026-08-05T20:48:41] SAMPLE t=31s phase=Congestion adaptation=without_ML throughput_gbps=8.1194 latency_ms=64.6435
[2026-08-05T20:48:42] SAMPLE t=32s phase=Congestion adaptation=without_ML throughput_gbps=7.8279 latency_ms=64.6972
[2026-08-05T20:48:43] SAMPLE t=33s phase=Congestion adaptation=without_ML throughput_gbps=8.1601 latency_ms=65.8031
[2026-08-05T20:48:44] SAMPLE t=34s phase=Congestion adaptation=without_ML throughput_gbps=8.133 latency_ms=64.6746
[2026-08-05T20:48:45] SAMPLE t=35s phase=Congestion adaptation=without_ML throughput_gbps=8.2722 latency_ms=65.5242
[2026-08-05T20:48:46] SAMPLE t=36s phase=Congestion adaptation=without_ML throughput_gbps=8.1677 latency_ms=66.312
[2026-08-05T20:48:47] SAMPLE t=37s phase=Congestion adaptation=without_ML throughput_gbps=8.0614 latency_ms=67.673
[2026-08-05T20:48:48] SAMPLE t=38s phase=Congestion adaptation=without_ML throughput_gbps=7.7131 latency_ms=64.9942
[2026-08-05T20:48:49] SAMPLE t=39s phase=Congestion adaptation=without_ML throughput_gbps=8.1146 latency_ms=64.7151
[2026-08-05T20:48:50] SAMPLE t=40s phase=Path_change adaptation=without_ML throughput_gbps=8.1233 latency_ms=66.3793
[2026-08-05T20:48:51] SAMPLE t=41s phase=Path_change adaptation=without_ML throughput_gbps=7.6897 latency_ms=68.8451
[2026-08-05T20:48:52] SAMPLE t=42s phase=Path_change adaptation=without_ML throughput_gbps=7.7509 latency_ms=67.3566
[2026-08-05T20:48:53] SAMPLE t=43s phase=Path_change adaptation=without_ML throughput_gbps=7.3451 latency_ms=68.7437
[2026-08-05T20:48:54] SAMPLE t=44s phase=Path_change adaptation=without_ML throughput_gbps=7.1531 latency_ms=70.6522
[2026-08-05T20:48:55] SAMPLE t=45s phase=Path_change adaptation=without_ML throughput_gbps=6.3278 latency_ms=74.1678
[2026-08-05T20:48:56] SAMPLE t=46s phase=Path_change adaptation=without_ML throughput_gbps=6.3821 latency_ms=71.3521
[2026-08-05T20:48:57] SAMPLE t=47s phase=Path_change adaptation=without_ML throughput_gbps=5.9961 latency_ms=74.9967
[2026-08-05T20:48:58] SAMPLE t=48s phase=Path_change adaptation=without_ML throughput_gbps=6.3936 latency_ms=71.1598
[2026-08-05T20:48:59] SAMPLE t=49s phase=Path_change adaptation=without_ML throughput_gbps=5.7032 latency_ms=71.4291
[2026-08-05T20:49:00] SAMPLE t=50s phase=Path_change adaptation=without_ML throughput_gbps=5.7204 latency_ms=72.9231
[2026-08-05T20:49:01] SAMPLE t=51s phase=Path_change adaptation=without_ML throughput_gbps=5.5822 latency_ms=72.7641
[2026-08-05T20:49:02] SAMPLE t=52s phase=Path_change adaptation=without_ML throughput_gbps=5.7801 latency_ms=71.8984
[2026-08-05T20:49:03] SAMPLE t=53s phase=Path_change adaptation=without_ML throughput_gbps=5.8242 latency_ms=73.4003
[2026-08-05T20:49:04] SAMPLE t=54s phase=Path_change adaptation=without_ML throughput_gbps=6.1492 latency_ms=71.9241
[2026-08-05T20:49:05] SAMPLE t=55s phase=Path_change adaptation=without_ML throughput_gbps=6.6328 latency_ms=72.9724
[2026-08-05T20:49:06] SAMPLE t=56s phase=Path_change adaptation=without_ML throughput_gbps=6.3754 latency_ms=71.377
[2026-08-05T20:49:07] SAMPLE t=57s phase=Path_change adaptation=without_ML throughput_gbps=6.9342 latency_ms=67.6928
[2026-08-05T20:49:08] SAMPLE t=58s phase=Path_change adaptation=without_ML throughput_gbps=7.5573 latency_ms=69.7407
[2026-08-05T20:49:09] SAMPLE t=59s phase=Path_change adaptation=without_ML throughput_gbps=7.9044 latency_ms=68.9656
[2026-08-05T20:49:10] SAMPLE t=60s phase=Loss_spike adaptation=without_ML throughput_gbps=6.2721 latency_ms=70.6689
[2026-08-05T20:49:11] SAMPLE t=61s phase=Loss_spike adaptation=without_ML throughput_gbps=8.8007 latency_ms=82.6054
[2026-08-05T20:49:12] SAMPLE t=62s phase=Loss_spike adaptation=without_ML throughput_gbps=7.5696 latency_ms=76.7085
[2026-08-05T20:49:13] SAMPLE t=63s phase=Loss_spike adaptation=without_ML throughput_gbps=4.5362 latency_ms=74.828
[2026-08-05T20:49:14] SAMPLE t=64s phase=Loss_spike adaptation=without_ML throughput_gbps=4.0806 latency_ms=80.001
[2026-08-05T20:49:15] SAMPLE t=65s phase=Loss_spike adaptation=without_ML throughput_gbps=6.0737 latency_ms=70.9547
[2026-08-05T20:49:16] SAMPLE t=66s phase=Loss_spike adaptation=without_ML throughput_gbps=8.4013 latency_ms=78.3803
[2026-08-05T20:49:17] SAMPLE t=67s phase=Loss_spike adaptation=without_ML throughput_gbps=7.4312 latency_ms=74.8832
[2026-08-05T20:49:18] SAMPLE t=68s phase=Loss_spike adaptation=without_ML throughput_gbps=4.7378 latency_ms=75.509
[2026-08-05T20:49:19] SAMPLE t=69s phase=Loss_spike adaptation=without_ML throughput_gbps=3.9991 latency_ms=78.8024
[2026-08-05T20:49:20] SAMPLE t=70s phase=Loss_spike adaptation=without_ML throughput_gbps=5.9825 latency_ms=68.3995
[2026-08-05T20:49:21] SAMPLE t=71s phase=Loss_spike adaptation=without_ML throughput_gbps=8.1708 latency_ms=80.9207
[2026-08-05T20:49:22] SAMPLE t=72s phase=Loss_spike adaptation=without_ML throughput_gbps=7.4492 latency_ms=74.5389
[2026-08-05T20:49:23] SAMPLE t=73s phase=Loss_spike adaptation=without_ML throughput_gbps=4.8499 latency_ms=75.1632
[2026-08-05T20:49:24] SAMPLE t=74s phase=Loss_spike adaptation=without_ML throughput_gbps=4.0137 latency_ms=79.6551
[2026-08-05T20:49:25] SAMPLE t=75s phase=Loss_spike adaptation=without_ML throughput_gbps=6.2873 latency_ms=71.6055
[2026-08-05T20:49:26] SAMPLE t=76s phase=Loss_spike adaptation=without_ML throughput_gbps=8.4356 latency_ms=78.9048
[2026-08-05T20:49:27] SAMPLE t=77s phase=Loss_spike adaptation=without_ML throughput_gbps=7.6191 latency_ms=78.0833
[2026-08-05T20:49:28] SAMPLE t=78s phase=Loss_spike adaptation=without_ML throughput_gbps=4.9288 latency_ms=75.667
[2026-08-05T20:49:29] SAMPLE t=79s phase=Loss_spike adaptation=without_ML throughput_gbps=4.2192 latency_ms=78.3401
[2026-08-05T20:49:30] SAMPLE t=80s phase=Recovery adaptation=without_ML throughput_gbps=7.9375 latency_ms=66.6126
[2026-08-05T20:49:31] SAMPLE t=81s phase=Recovery adaptation=without_ML throughput_gbps=8.2116 latency_ms=68.3908
[2026-08-05T20:49:32] SAMPLE t=82s phase=Recovery adaptation=without_ML throughput_gbps=7.9585 latency_ms=64.9186
[2026-08-05T20:49:33] SAMPLE t=83s phase=Recovery adaptation=without_ML throughput_gbps=7.4849 latency_ms=65.0159
[2026-08-05T20:49:34] SAMPLE t=84s phase=Recovery adaptation=without_ML throughput_gbps=8.0218 latency_ms=66.4706
[2026-08-05T20:49:35] SAMPLE t=85s phase=Recovery adaptation=without_ML throughput_gbps=8.3329 latency_ms=66.3635
[2026-08-05T20:49:36] SAMPLE t=86s phase=Recovery adaptation=without_ML throughput_gbps=7.8178 latency_ms=67.0719
[2026-08-05T20:49:37] SAMPLE t=87s phase=Recovery adaptation=without_ML throughput_gbps=7.9965 latency_ms=66.0698
[2026-08-05T20:49:38] SAMPLE t=88s phase=Recovery adaptation=without_ML throughput_gbps=8.008 latency_ms=64.8394
[2026-08-05T20:49:39] SAMPLE t=89s phase=Recovery adaptation=without_ML throughput_gbps=7.8412 latency_ms=66.1876
[2026-08-05T20:49:40] SAMPLE t=90s phase=Recovery adaptation=without_ML throughput_gbps=8.1645 latency_ms=67.0345
[2026-08-05T20:49:41] SAMPLE t=91s phase=Recovery adaptation=without_ML throughput_gbps=8.0002 latency_ms=66.7215
[2026-08-05T20:49:42] SAMPLE t=92s phase=Recovery adaptation=without_ML throughput_gbps=8.3154 latency_ms=67.6124
[2026-08-05T20:49:43] SAMPLE t=93s phase=Recovery adaptation=without_ML throughput_gbps=7.7793 latency_ms=66.0352
[2026-08-05T20:49:44] SAMPLE t=94s phase=Recovery adaptation=without_ML throughput_gbps=7.9946 latency_ms=70.8171
[2026-08-05T20:49:45] SAMPLE t=95s phase=Recovery adaptation=without_ML throughput_gbps=8.2098 latency_ms=68.1814
[2026-08-05T20:49:46] SAMPLE t=96s phase=Recovery adaptation=without_ML throughput_gbps=7.9012 latency_ms=66.2719
[2026-08-05T20:49:47] SAMPLE t=97s phase=Recovery adaptation=without_ML throughput_gbps=7.8966 latency_ms=65.0549
[2026-08-05T20:49:48] SAMPLE t=98s phase=Recovery adaptation=without_ML throughput_gbps=7.696 latency_ms=66.3421
[2026-08-05T20:49:49] SAMPLE t=99s phase=Recovery adaptation=without_ML throughput_gbps=7.9162 latency_ms=63.2487
[2026-08-05T20:48:10] TRACE_END run_id=20 status=OK
