[2026-08-13T17:19:52] TRACE_START run_id=92
[2026-08-13T17:19:52] SAMPLE t=0s phase=Stable adaptation=with_ML throughput_gbps=8.2216 latency_ms=66.0312
[2026-08-13T17:19:53] SAMPLE t=1s phase=Stable adaptation=with_ML throughput_gbps=7.5854 latency_ms=66.7922
[2026-08-13T17:19:54] SAMPLE t=2s phase=Stable adaptation=with_ML throughput_gbps=7.9022 latency_ms=65.009
[2026-08-13T17:19:55] SAMPLE t=3s phase=Stable adaptation=with_ML throughput_gbps=8.2586 latency_ms=68.1377
[2026-08-13T17:19:56] SAMPLE t=4s phase=Stable adaptation=with_ML throughput_gbps=8.1915 latency_ms=66.6618
[2026-08-13T17:19:57] SAMPLE t=5s phase=Stable adaptation=with_ML throughput_gbps=8.0494 latency_ms=65.8011
[2026-08-13T17:19:58] SAMPLE t=6s phase=Stable adaptation=with_ML throughput_gbps=8.1064 latency_ms=65.1536
[2026-08-13T17:19:59] SAMPLE t=7s phase=Stable adaptation=with_ML throughput_gbps=8.1585 latency_ms=66.353
[2026-08-13T17:20:00] SAMPLE t=8s phase=Stable adaptation=with_ML throughput_gbps=7.9747 latency_ms=67.2476
[2026-08-13T17:20:01] SAMPLE t=9s phase=Stable adaptation=with_ML throughput_gbps=8.2721 latency_ms=68.5709
[2026-08-13T17:20:02] SAMPLE t=10s phase=Stable adaptation=with_ML throughput_gbps=8.3669 latency_ms=67.9079
[2026-08-13T17:20:03] SAMPLE t=11s phase=Stable adaptation=with_ML throughput_gbps=8.3812 latency_ms=63.2786
[2026-08-13T17:20:04] SAMPLE t=12s phase=Stable adaptation=with_ML throughput_gbps=8.2482 latency_ms=67.7512
[2026-08-13T17:20:05] SAMPLE t=13s phase=Stable adaptation=with_ML throughput_gbps=8.0655 latency_ms=66.7362
[2026-08-13T17:20:06] SAMPLE t=14s phase=Stable adaptation=with_ML throughput_gbps=8.0266 latency_ms=67.8441
[2026-08-13T17:20:07] SAMPLE t=15s phase=Stable adaptation=with_ML throughput_gbps=7.8617 latency_ms=66.5902
[2026-08-13T17:20:08] SAMPLE t=16s phase=Stable adaptation=with_ML throughput_gbps=8.2839 latency_ms=66.6788
[2026-08-13T17:20:09] SAMPLE t=17s phase=Stable adaptation=with_ML throughput_gbps=7.8362 latency_ms=63.3626
[2026-08-13T17:20:10] SAMPLE t=18s phase=Stable adaptation=with_ML throughput_gbps=8.0855 latency_ms=66.4657
[2026-08-13T17:20:11] SAMPLE t=19s phase=Stable adaptation=with_ML throughput_gbps=8.2864 latency_ms=65.9978
[2026-08-13T17:20:12] SAMPLE t=20s phase=Congestion adaptation=with_ML throughput_gbps=8.0448 latency_ms=65.1196
[2026-08-13T17:20:13] SAMPLE t=21s phase=Congestion adaptation=with_ML throughput_gbps=7.9053 latency_ms=66.2246
[2026-08-13T17:20:14] SAMPLE t=22s phase=Congestion adaptation=with_ML throughput_gbps=8.1531 latency_ms=67.8906
[2026-08-13T17:20:15] SAMPLE t=23s phase=Congestion adaptation=with_ML throughput_gbps=8.1027 latency_ms=65.1366
[2026-08-13T17:20:16] SAMPLE t=24s phase=Congestion adaptation=with_ML throughput_gbps=7.9927 latency_ms=67.0796
[2026-08-13T17:20:17] SAMPLE t=25s phase=Congestion adaptation=with_ML throughput_gbps=8.0488 latency_ms=67.3005
[2026-08-13T17:20:18] SAMPLE t=26s phase=Congestion adaptation=with_ML throughput_gbps=8.2414 latency_ms=65.492
[2026-08-13T17:20:19] SAMPLE t=27s phase=Congestion adaptation=with_ML throughput_gbps=8.4617 latency_ms=67.2093
[2026-08-13T17:20:20] SAMPLE t=28s phase=Congestion adaptation=with_ML throughput_gbps=8.1236 latency_ms=65.2585
[2026-08-13T17:20:21] SAMPLE t=29s phase=Congestion adaptation=with_ML throughput_gbps=8.019 latency_ms=66.4458
[2026-08-13T17:20:22] SAMPLE t=30s phase=Congestion adaptation=with_ML throughput_gbps=8.0986 latency_ms=65.9271
[2026-08-13T17:20:23] SAMPLE t=31s phase=Congestion adaptation=with_ML throughput_gbps=8.494 latency_ms=68.5403
[2026-08-13T17:20:24] SAMPLE t=32s phase=Congestion adaptation=with_ML throughput_gbps=8.1186 latency_ms=65.9839
[2026-08-13T17:20:25] SAMPLE t=33s phase=Congestion adaptation=with_ML throughput_gbps=7.8533 latency_ms=65.2603
[2026-08-13T17:20:26] SAMPLE t=34s phase=Congestion adaptation=with_ML throughput_gbps=8.2595 latency_ms=66.6735
[2026-08-13T17:20:27] SAMPLE t=35s phase=Congestion adaptation=with_ML throughput_gbps=7.9688 latency_ms=65.2784
[2026-08-13T17:20:28] SAMPLE t=36s phase=Congestion adaptation=with_ML throughput_gbps=8.1756 latency_ms=67.3834
[2026-08-13T17:20:29] SAMPLE t=37s phase=Congestion adaptation=with_ML throughput_gbps=8.5262 latency_ms=67.2329
[2026-08-13T17:20:30] SAMPLE t=38s phase=Congestion adaptation=with_ML throughput_gbps=8.2475 latency_ms=66.3574
[2026-08-13T17:20:31] SAMPLE t=39s phase=Congestion adaptation=with_ML throughput_gbps=8.0705 latency_ms=65.9254
[2026-08-13T17:20:32] SAMPLE t=40s phase=Path_change adaptation=with_ML throughput_gbps=8.1213 latency_ms=66.3247
[2026-08-13T17:20:33] SAMPLE t=41s phase=Path_change adaptation=with_ML throughput_gbps=7.9424 latency_ms=66.7824
[2026-08-13T17:20:34] SAMPLE t=42s phase=Path_change adaptation=with_ML throughput_gbps=7.6196 latency_ms=66.0005
[2026-08-13T17:20:35] SAMPLE t=43s phase=Path_change adaptation=with_ML throughput_gbps=7.5286 latency_ms=67.3305
[2026-08-13T17:20:36] SAMPLE t=44s phase=Path_change adaptation=with_ML throughput_gbps=7.8652 latency_ms=69.1139
[2026-08-13T17:20:37] SAMPLE t=45s phase=Path_change adaptation=with_ML throughput_gbps=7.4212 latency_ms=67.8083
[2026-08-13T17:20:38] SAMPLE t=46s phase=Path_change adaptation=with_ML throughput_gbps=7.3165 latency_ms=68.2184
[2026-08-13T17:20:39] SAMPLE t=47s phase=Path_change adaptation=with_ML throughput_gbps=7.005 latency_ms=69.4894
[2026-08-13T17:20:40] SAMPLE t=48s phase=Path_change adaptation=with_ML throughput_gbps=7.355 latency_ms=67.3518
[2026-08-13T17:20:41] SAMPLE t=49s phase=Path_change adaptation=with_ML throughput_gbps=7.1059 latency_ms=68.4667
[2026-08-13T17:20:42] SAMPLE t=50s phase=Path_change adaptation=with_ML throughput_gbps=7.3495 latency_ms=69.8374
[2026-08-13T17:20:43] SAMPLE t=51s phase=Path_change adaptation=with_ML throughput_gbps=7.0662 latency_ms=67.6631
[2026-08-13T17:20:44] SAMPLE t=52s phase=Path_change adaptation=with_ML throughput_gbps=7.36 latency_ms=67.8673
[2026-08-13T17:20:45] SAMPLE t=53s phase=Path_change adaptation=with_ML throughput_gbps=7.3913 latency_ms=68.6962
[2026-08-13T17:20:46] SAMPLE t=54s phase=Path_change adaptation=with_ML throughput_gbps=7.526 latency_ms=67.1251
[2026-08-13T17:20:47] SAMPLE t=55s phase=Path_change adaptation=with_ML throughput_gbps=7.2349 latency_ms=68.2879
[2026-08-13T17:20:48] SAMPLE t=56s phase=Path_change adaptation=with_ML throughput_gbps=7.42 latency_ms=68.6862
[2026-08-13T17:20:49] SAMPLE t=57s phase=Path_change adaptation=with_ML throughput_gbps=8.0982 latency_ms=67.7742
[2026-08-13T17:20:50] SAMPLE t=58s phase=Path_change adaptation=with_ML throughput_gbps=8.3305 latency_ms=68.0699
[2026-08-13T17:20:51] SAMPLE t=59s phase=Path_change adaptation=with_ML throughput_gbps=8.3244 latency_ms=69.8427
[2026-08-13T17:20:52] SAMPLE t=60s phase=Loss_spike adaptation=with_ML throughput_gbps=7.1741 latency_ms=68.9418
[2026-08-13T17:20:53] SAMPLE t=61s phase=Loss_spike adaptation=with_ML throughput_gbps=8.335 latency_ms=70.1677
[2026-08-13T17:20:54] SAMPLE t=62s phase=Loss_spike adaptation=with_ML throughput_gbps=7.9478 latency_ms=69.8544
[2026-08-13T17:20:55] SAMPLE t=63s phase=Loss_spike adaptation=with_ML throughput_gbps=6.604 latency_ms=69.2932
[2026-08-13T17:20:56] SAMPLE t=64s phase=Loss_spike adaptation=with_ML throughput_gbps=6.1554 latency_ms=71.3405
[2026-08-13T17:20:57] SAMPLE t=65s phase=Loss_spike adaptation=with_ML throughput_gbps=7.1432 latency_ms=67.9778
[2026-08-13T17:20:58] SAMPLE t=66s phase=Loss_spike adaptation=with_ML throughput_gbps=8.3872 latency_ms=69.975
[2026-08-13T17:20:59] SAMPLE t=67s phase=Loss_spike adaptation=with_ML throughput_gbps=7.6681 latency_ms=70.6038
[2026-08-13T17:21:00] SAMPLE t=68s phase=Loss_spike adaptation=with_ML throughput_gbps=6.7995 latency_ms=70.0963
[2026-08-13T17:21:01] SAMPLE t=69s phase=Loss_spike adaptation=with_ML throughput_gbps=6.2306 latency_ms=69.7323
[2026-08-13T17:21:02] SAMPLE t=70s phase=Loss_spike adaptation=with_ML throughput_gbps=7.3919 latency_ms=67.6096
[2026-08-13T17:21:03] SAMPLE t=71s phase=Loss_spike adaptation=with_ML throughput_gbps=8.4786 latency_ms=71.6483
[2026-08-13T17:21:04] SAMPLE t=72s phase=Loss_spike adaptation=with_ML throughput_gbps=7.922 latency_ms=68.727
[2026-08-13T17:21:05] SAMPLE t=73s phase=Loss_spike adaptation=with_ML throughput_gbps=6.563 latency_ms=70.2963
[2026-08-13T17:21:06] SAMPLE t=74s phase=Loss_spike adaptation=with_ML throughput_gbps=6.3308 latency_ms=71.9041
[2026-08-13T17:21:07] SAMPLE t=75s phase=Loss_spike adaptation=with_ML throughput_gbps=7.3331 latency_ms=67.2755
[2026-08-13T17:21:08] SAMPLE t=76s phase=Loss_spike adaptation=with_ML throughput_gbps=8.2245 latency_ms=71.4702
[2026-08-13T17:21:09] SAMPLE t=77s phase=Loss_spike adaptation=with_ML throughput_gbps=7.6525 latency_ms=70.0493
[2026-08-13T17:21:10] SAMPLE t=78s phase=Loss_spike adaptation=with_ML throughput_gbps=6.6818 latency_ms=69.6878
[2026-08-13T17:21:11] SAMPLE t=79s phase=Loss_spike adaptation=with_ML throughput_gbps=6.0459 latency_ms=74.3515
[2026-08-13T17:21:12] SAMPLE t=80s phase=Recovery adaptation=with_ML throughput_gbps=7.923 latency_ms=66.5873
[2026-08-13T17:21:13] SAMPLE t=81s phase=Recovery adaptation=with_ML throughput_gbps=7.9498 latency_ms=66.4898
[2026-08-13T17:21:14] SAMPLE t=82s phase=Recovery adaptation=with_ML throughput_gbps=8.7673 latency_ms=65.5098
[2026-08-13T17:21:15] SAMPLE t=83s phase=Recovery adaptation=with_ML throughput_gbps=8.5382 latency_ms=67.6211
[2026-08-13T17:21:16] SAMPLE t=84s phase=Recovery adaptation=with_ML throughput_gbps=8.0021 latency_ms=63.8635
[2026-08-13T17:21:17] SAMPLE t=85s phase=Recovery adaptation=with_ML throughput_gbps=8.0311 latency_ms=67.2897
[2026-08-13T17:21:18] SAMPLE t=86s phase=Recovery adaptation=with_ML throughput_gbps=8.064 latency_ms=67.4657
[2026-08-13T17:21:19] SAMPLE t=87s phase=Recovery adaptation=with_ML throughput_gbps=7.8078 latency_ms=65.5428
[2026-08-13T17:21:20] SAMPLE t=88s phase=Recovery adaptation=with_ML throughput_gbps=8.2174 latency_ms=65.7507
[2026-08-13T17:21:21] SAMPLE t=89s phase=Recovery adaptation=with_ML throughput_gbps=8.5091 latency_ms=64.4264
[2026-08-13T17:21:22] SAMPLE t=90s phase=Recovery adaptation=with_ML throughput_gbps=8.4792 latency_ms=64.0385
[2026-08-13T17:21:23] SAMPLE t=91s phase=Recovery adaptation=with_ML throughput_gbps=8.4632 latency_ms=63.8112
[2026-08-13T17:21:24] SAMPLE t=92s phase=Recovery adaptation=with_ML throughput_gbps=8.1353 latency_ms=64.3904
[2026-08-13T17:21:25] SAMPLE t=93s phase=Recovery adaptation=with_ML throughput_gbps=8.3171 latency_ms=65.3567
[2026-08-13T17:21:26] SAMPLE t=94s phase=Recovery adaptation=with_ML throughput_gbps=8.4073 latency_ms=65.0576
[2026-08-13T17:21:27] SAMPLE t=95s phase=Recovery adaptation=with_ML throughput_gbps=8.4653 latency_ms=65.6238
[2026-08-13T17:21:28] SAMPLE t=96s phase=Recovery adaptation=with_ML throughput_gbps=8.4508 latency_ms=65.595
[2026-08-13T17:21:29] SAMPLE t=97s phase=Recovery adaptation=with_ML throughput_gbps=8.6338 latency_ms=63.4601
[2026-08-13T17:21:30] SAMPLE t=98s phase=Recovery adaptation=with_ML throughput_gbps=8.3062 latency_ms=63.913
[2026-08-13T17:21:31] SAMPLE t=99s phase=Recovery adaptation=with_ML throughput_gbps=8.388 latency_ms=63.9993
[2026-08-13T17:19:52] SAMPLE t=0s phase=Stable adaptation=without_ML throughput_gbps=7.7535 latency_ms=65.9491
[2026-08-13T17:19:53] SAMPLE t=1s phase=Stable adaptation=without_ML throughput_gbps=7.5856 latency_ms=65.5938
[2026-08-13T17:19:54] SAMPLE t=2s phase=Stable adaptation=without_ML throughput_gbps=7.8479 latency_ms=64.1535
[2026-08-13T17:19:55] SAMPLE t=3s phase=Stable adaptation=without_ML throughput_gbps=7.8577 latency_ms=65.5347
[2026-08-13T17:19:56] SAMPLE t=4s phase=Stable adaptation=without_ML throughput_gbps=8.0354 latency_ms=65.9484
[2026-08-13T17:19:57] SAMPLE t=5s phase=Stable adaptation=without_ML throughput_gbps=8.5531 latency_ms=67.3851
[2026-08-13T17:19:58] SAMPLE t=6s phase=Stable adaptation=without_ML throughput_gbps=8.3692 latency_ms=65.2419
[2026-08-13T17:19:59] SAMPLE t=7s phase=Stable adaptation=without_ML throughput_gbps=7.9906 latency_ms=65.7588
[2026-08-13T17:20:00] SAMPLE t=8s phase=Stable adaptation=without_ML throughput_gbps=7.9234 latency_ms=62.9432
[2026-08-13T17:20:01] SAMPLE t=9s phase=Stable adaptation=without_ML throughput_gbps=7.8516 latency_ms=64.6233
[2026-08-13T17:20:02] SAMPLE t=10s phase=Stable adaptation=without_ML throughput_gbps=8.0997 latency_ms=66.2102
[2026-08-13T17:20:03] SAMPLE t=11s phase=Stable adaptation=without_ML throughput_gbps=7.9206 latency_ms=65.6757
[2026-08-13T17:20:04] SAMPLE t=12s phase=Stable adaptation=without_ML throughput_gbps=8.3248 latency_ms=68.0121
[2026-08-13T17:20:05] SAMPLE t=13s phase=Stable adaptation=without_ML throughput_gbps=8.108 latency_ms=66.0156
[2026-08-13T17:20:06] SAMPLE t=14s phase=Stable adaptation=without_ML throughput_gbps=8.067 latency_ms=62.8814
[2026-08-13T17:20:07] SAMPLE t=15s phase=Stable adaptation=without_ML throughput_gbps=8.2766 latency_ms=67.27
[2026-08-13T17:20:08] SAMPLE t=16s phase=Stable adaptation=without_ML throughput_gbps=7.674 latency_ms=67.931
[2026-08-13T17:20:09] SAMPLE t=17s phase=Stable adaptation=without_ML throughput_gbps=7.6841 latency_ms=67.6127
[2026-08-13T17:20:10] SAMPLE t=18s phase=Stable adaptation=without_ML throughput_gbps=7.9722 latency_ms=64.9126
[2026-08-13T17:20:11] SAMPLE t=19s phase=Stable adaptation=without_ML throughput_gbps=8.0631 latency_ms=69.17
[2026-08-13T17:20:12] SAMPLE t=20s phase=Congestion adaptation=without_ML throughput_gbps=8.122 latency_ms=64.4096
[2026-08-13T17:20:13] SAMPLE t=21s phase=Congestion adaptation=without_ML throughput_gbps=8.3464 latency_ms=65.6686
[2026-08-13T17:20:14] SAMPLE t=22s phase=Congestion adaptation=without_ML throughput_gbps=8.0808 latency_ms=63.5491
[2026-08-13T17:20:15] SAMPLE t=23s phase=Congestion adaptation=without_ML throughput_gbps=7.6256 latency_ms=67.6788
[2026-08-13T17:20:16] SAMPLE t=24s phase=Congestion adaptation=without_ML throughput_gbps=8.0157 latency_ms=66.3112
[2026-08-13T17:20:17] SAMPLE t=25s phase=Congestion adaptation=without_ML throughput_gbps=7.9575 latency_ms=66.5683
[2026-08-13T17:20:18] SAMPLE t=26s phase=Congestion adaptation=without_ML throughput_gbps=7.8801 latency_ms=66.5688
[2026-08-13T17:20:19] SAMPLE t=27s phase=Congestion adaptation=without_ML throughput_gbps=8.0918 latency_ms=67.3928
[2026-08-13T17:20:20] SAMPLE t=28s phase=Congestion adaptation=without_ML throughput_gbps=8.3007 latency_ms=66.1243
[2026-08-13T17:20:21] SAMPLE t=29s phase=Congestion adaptation=without_ML throughput_gbps=7.5549 latency_ms=64.4069
[2026-08-13T17:20:22] SAMPLE t=30s phase=Congestion adaptation=without_ML throughput_gbps=8.5647 latency_ms=67.6706
[2026-08-13T17:20:23] SAMPLE t=31s phase=Congestion adaptation=without_ML throughput_gbps=7.7954 latency_ms=67.6081
[2026-08-13T17:20:24] SAMPLE t=32s phase=Congestion adaptation=without_ML throughput_gbps=7.5314 latency_ms=67.9787
[2026-08-13T17:20:25] SAMPLE t=33s phase=Congestion adaptation=without_ML throughput_gbps=7.503 latency_ms=67.5561
[2026-08-13T17:20:26] SAMPLE t=34s phase=Congestion adaptation=without_ML throughput_gbps=7.6912 latency_ms=66.0231
[2026-08-13T17:20:27] SAMPLE t=35s phase=Congestion adaptation=without_ML throughput_gbps=8.0399 latency_ms=65.8689
[2026-08-13T17:20:28] SAMPLE t=36s phase=Congestion adaptation=without_ML throughput_gbps=8.1246 latency_ms=65.9058
[2026-08-13T17:20:29] SAMPLE t=37s phase=Congestion adaptation=without_ML throughput_gbps=7.8971 latency_ms=65.6742
[2026-08-13T17:20:30] SAMPLE t=38s phase=Congestion adaptation=without_ML throughput_gbps=8.256 latency_ms=67.494
[2026-08-13T17:20:31] SAMPLE t=39s phase=Congestion adaptation=without_ML throughput_gbps=8.0643 latency_ms=69.3102
[2026-08-13T17:20:32] SAMPLE t=40s phase=Path_change adaptation=without_ML throughput_gbps=8.1402 latency_ms=66.7593
[2026-08-13T17:20:33] SAMPLE t=41s phase=Path_change adaptation=without_ML throughput_gbps=7.6707 latency_ms=65.9864
[2026-08-13T17:20:34] SAMPLE t=42s phase=Path_change adaptation=without_ML throughput_gbps=7.2021 latency_ms=67.7407
[2026-08-13T17:20:35] SAMPLE t=43s phase=Path_change adaptation=without_ML throughput_gbps=6.8734 latency_ms=72.1525
[2026-08-13T17:20:36] SAMPLE t=44s phase=Path_change adaptation=without_ML throughput_gbps=6.779 latency_ms=69.2993
[2026-08-13T17:20:37] SAMPLE t=45s phase=Path_change adaptation=without_ML throughput_gbps=6.3146 latency_ms=70.6325
[2026-08-13T17:20:38] SAMPLE t=46s phase=Path_change adaptation=without_ML throughput_gbps=6.1027 latency_ms=71.7308
[2026-08-13T17:20:39] SAMPLE t=47s phase=Path_change adaptation=without_ML throughput_gbps=6.0612 latency_ms=75.3031
[2026-08-13T17:20:40] SAMPLE t=48s phase=Path_change adaptation=without_ML throughput_gbps=6.2006 latency_ms=73.5347
[2026-08-13T17:20:41] SAMPLE t=49s phase=Path_change adaptation=without_ML throughput_gbps=5.2813 latency_ms=69.6922
[2026-08-13T17:20:42] SAMPLE t=50s phase=Path_change adaptation=without_ML throughput_gbps=5.5918 latency_ms=73.2327
[2026-08-13T17:20:43] SAMPLE t=51s phase=Path_change adaptation=without_ML throughput_gbps=5.902 latency_ms=72.5431
[2026-08-13T17:20:44] SAMPLE t=52s phase=Path_change adaptation=without_ML throughput_gbps=5.8069 latency_ms=73.1386
[2026-08-13T17:20:45] SAMPLE t=53s phase=Path_change adaptation=without_ML throughput_gbps=6.1618 latency_ms=71.5982
[2026-08-13T17:20:46] SAMPLE t=54s phase=Path_change adaptation=without_ML throughput_gbps=6.1465 latency_ms=72.8364
[2026-08-13T17:20:47] SAMPLE t=55s phase=Path_change adaptation=without_ML throughput_gbps=6.3974 latency_ms=71.8008
[2026-08-13T17:20:48] SAMPLE t=56s phase=Path_change adaptation=without_ML throughput_gbps=6.7803 latency_ms=71.3568
[2026-08-13T17:20:49] SAMPLE t=57s phase=Path_change adaptation=without_ML throughput_gbps=6.9764 latency_ms=67.4968
[2026-08-13T17:20:50] SAMPLE t=58s phase=Path_change adaptation=without_ML throughput_gbps=7.4888 latency_ms=69.2383
[2026-08-13T17:20:51] SAMPLE t=59s phase=Path_change adaptation=without_ML throughput_gbps=7.4372 latency_ms=68.8168
[2026-08-13T17:20:52] SAMPLE t=60s phase=Loss_spike adaptation=without_ML throughput_gbps=6.3717 latency_ms=69.5799
[2026-08-13T17:20:53] SAMPLE t=61s phase=Loss_spike adaptation=without_ML throughput_gbps=8.6895 latency_ms=82.5475
[2026-08-13T17:20:54] SAMPLE t=62s phase=Loss_spike adaptation=without_ML throughput_gbps=7.7382 latency_ms=75.9682
[2026-08-13T17:20:55] SAMPLE t=63s phase=Loss_spike adaptation=without_ML throughput_gbps=4.7814 latency_ms=75.9432
[2026-08-13T17:20:56] SAMPLE t=64s phase=Loss_spike adaptation=without_ML throughput_gbps=4.157 latency_ms=80.1238
[2026-08-13T17:20:57] SAMPLE t=65s phase=Loss_spike adaptation=without_ML throughput_gbps=6.2979 latency_ms=69.9081
[2026-08-13T17:20:58] SAMPLE t=66s phase=Loss_spike adaptation=without_ML throughput_gbps=8.0959 latency_ms=78.0718
[2026-08-13T17:20:59] SAMPLE t=67s phase=Loss_spike adaptation=without_ML throughput_gbps=7.615 latency_ms=74.7399
[2026-08-13T17:21:00] SAMPLE t=68s phase=Loss_spike adaptation=without_ML throughput_gbps=4.7283 latency_ms=78.5478
[2026-08-13T17:21:01] SAMPLE t=69s phase=Loss_spike adaptation=without_ML throughput_gbps=3.9938 latency_ms=80.3204
[2026-08-13T17:21:02] SAMPLE t=70s phase=Loss_spike adaptation=without_ML throughput_gbps=5.9853 latency_ms=68.0509
[2026-08-13T17:21:03] SAMPLE t=71s phase=Loss_spike adaptation=without_ML throughput_gbps=8.2105 latency_ms=81.7646
[2026-08-13T17:21:04] SAMPLE t=72s phase=Loss_spike adaptation=without_ML throughput_gbps=7.737 latency_ms=75.1829
[2026-08-13T17:21:05] SAMPLE t=73s phase=Loss_spike adaptation=without_ML throughput_gbps=4.7689 latency_ms=75.426
[2026-08-13T17:21:06] SAMPLE t=74s phase=Loss_spike adaptation=without_ML throughput_gbps=3.8228 latency_ms=79.0847
[2026-08-13T17:21:07] SAMPLE t=75s phase=Loss_spike adaptation=without_ML throughput_gbps=6.1486 latency_ms=70.4767
[2026-08-13T17:21:08] SAMPLE t=76s phase=Loss_spike adaptation=without_ML throughput_gbps=8.6399 latency_ms=79.4621
[2026-08-13T17:21:09] SAMPLE t=77s phase=Loss_spike adaptation=without_ML throughput_gbps=7.3505 latency_ms=74.7751
[2026-08-13T17:21:10] SAMPLE t=78s phase=Loss_spike adaptation=without_ML throughput_gbps=4.6452 latency_ms=76.1833
[2026-08-13T17:21:11] SAMPLE t=79s phase=Loss_spike adaptation=without_ML throughput_gbps=3.9463 latency_ms=80.4145
[2026-08-13T17:21:12] SAMPLE t=80s phase=Recovery adaptation=without_ML throughput_gbps=7.8512 latency_ms=65.6788
[2026-08-13T17:21:13] SAMPLE t=81s phase=Recovery adaptation=without_ML throughput_gbps=8.3239 latency_ms=66.2687
[2026-08-13T17:21:14] SAMPLE t=82s phase=Recovery adaptation=without_ML throughput_gbps=8.5432 latency_ms=66.6516
[2026-08-13T17:21:15] SAMPLE t=83s phase=Recovery adaptation=without_ML throughput_gbps=7.966 latency_ms=67.1817
[2026-08-13T17:21:16] SAMPLE t=84s phase=Recovery adaptation=without_ML throughput_gbps=8.2385 latency_ms=65.0856
[2026-08-13T17:21:17] SAMPLE t=85s phase=Recovery adaptation=without_ML throughput_gbps=7.9893 latency_ms=66.0609
[2026-08-13T17:21:18] SAMPLE t=86s phase=Recovery adaptation=without_ML throughput_gbps=8.0245 latency_ms=64.8513
[2026-08-13T17:21:19] SAMPLE t=87s phase=Recovery adaptation=without_ML throughput_gbps=8.3977 latency_ms=67.4585
[2026-08-13T17:21:20] SAMPLE t=88s phase=Recovery adaptation=without_ML throughput_gbps=8.1781 latency_ms=66.1305
[2026-08-13T17:21:21] SAMPLE t=89s phase=Recovery adaptation=without_ML throughput_gbps=7.699 latency_ms=64.3988
[2026-08-13T17:21:22] SAMPLE t=90s phase=Recovery adaptation=without_ML throughput_gbps=7.4091 latency_ms=65.8076
[2026-08-13T17:21:23] SAMPLE t=91s phase=Recovery adaptation=without_ML throughput_gbps=8.0647 latency_ms=63.4058
[2026-08-13T17:21:24] SAMPLE t=92s phase=Recovery adaptation=without_ML throughput_gbps=7.7215 latency_ms=63.6762
[2026-08-13T17:21:25] SAMPLE t=93s phase=Recovery adaptation=without_ML throughput_gbps=7.9903 latency_ms=67.4017
[2026-08-13T17:21:26] SAMPLE t=94s phase=Recovery adaptation=without_ML throughput_gbps=7.8314 latency_ms=64.6745
[2026-08-13T17:21:27] SAMPLE t=95s phase=Recovery adaptation=without_ML throughput_gbps=8.0741 latency_ms=65.0479
[2026-08-13T17:21:28] SAMPLE t=96s phase=Recovery adaptation=without_ML throughput_gbps=8.0425 latency_ms=64.0506
[2026-08-13T17:21:29] SAMPLE t=97s phase=Recovery adaptation=without_ML throughput_gbps=7.6406 latency_ms=65.4591
[2026-08-13T17:21:30] SAMPLE t=98s phase=Recovery adaptation=without_ML throughput_gbps=8.0194 latency_ms=66.5515
[2026-08-13T17:21:31] SAMPLE t=99s phase=Recovery adaptation=without_ML throughput_gbps=7.9691 latency_ms=65.0725
[2026-08-13T17:19:52] TRACE_END run_id=92 status=OK
[2026-08-14T11:35:29] TRACE_START run_id=93
[2026-08-14T11:35:29] SAMPLE t=0s phase=Stable adaptation=with_ML throughput_gbps=8.2551 latency_ms=67.3477
[2026-08-14T11:35:30] SAMPLE t=1s phase=Stable adaptation=with_ML throughput_gbps=8.2415 latency_ms=67.0411
[2026-08-14T11:35:31] SAMPLE t=2s phase=Stable adaptation=with_ML throughput_gbps=8.4389 latency_ms=65.9647
[2026-08-14T11:35:32] SAMPLE t=3s phase=Stable adaptation=with_ML throughput_gbps=8.0102 latency_ms=64.8826
[2026-08-14T11:35:33] SAMPLE t=4s phase=Stable adaptation=with_ML throughput_gbps=8.2378 latency_ms=65.4411
[2026-08-14T11:35:34] SAMPLE t=5s phase=Stable adaptation=with_ML throughput_gbps=7.8644 latency_ms=67.3121
[2026-08-14T11:35:35] SAMPLE t=6s phase=Stable adaptation=with_ML throughput_gbps=8.1266 latency_ms=65.865
[2026-08-14T11:35:36] SAMPLE t=7s phase=Stable adaptation=with_ML throughput_gbps=8.0482 latency_ms=67.0998
[2026-08-14T11:35:37] SAMPLE t=8s phase=Stable adaptation=with_ML throughput_gbps=8.0833 latency_ms=68.1245
[2026-08-14T11:35:38] SAMPLE t=9s phase=Stable adaptation=with_ML throughput_gbps=8.2295 latency_ms=66.0822
[2026-08-14T11:35:39] SAMPLE t=10s phase=Stable adaptation=with_ML throughput_gbps=8.3172 latency_ms=67.046
[2026-08-14T11:35:40] SAMPLE t=11s phase=Stable adaptation=with_ML throughput_gbps=7.8962 latency_ms=65.1785
[2026-08-14T11:35:41] SAMPLE t=12s phase=Stable adaptation=with_ML throughput_gbps=7.7811 latency_ms=65.846
[2026-08-14T11:35:42] SAMPLE t=13s phase=Stable adaptation=with_ML throughput_gbps=8.2493 latency_ms=66.2542
[2026-08-14T11:35:43] SAMPLE t=14s phase=Stable adaptation=with_ML throughput_gbps=8.0866 latency_ms=65.5876
[2026-08-14T11:35:44] SAMPLE t=15s phase=Stable adaptation=with_ML throughput_gbps=8.0934 latency_ms=67.6617
[2026-08-14T11:35:45] SAMPLE t=16s phase=Stable adaptation=with_ML throughput_gbps=7.8272 latency_ms=67.84
[2026-08-14T11:35:46] SAMPLE t=17s phase=Stable adaptation=with_ML throughput_gbps=8.2237 latency_ms=65.2456
[2026-08-14T11:35:47] SAMPLE t=18s phase=Stable adaptation=with_ML throughput_gbps=8.2431 latency_ms=66.1637
[2026-08-14T11:35:48] SAMPLE t=19s phase=Stable adaptation=with_ML throughput_gbps=8.2151 latency_ms=65.3479
[2026-08-14T11:35:49] SAMPLE t=20s phase=Congestion adaptation=with_ML throughput_gbps=8.163 latency_ms=67.0257
[2026-08-14T11:35:50] SAMPLE t=21s phase=Congestion adaptation=with_ML throughput_gbps=8.247 latency_ms=67.3358
[2026-08-14T11:35:51] SAMPLE t=22s phase=Congestion adaptation=with_ML throughput_gbps=8.2299 latency_ms=64.3544
[2026-08-14T11:35:52] SAMPLE t=23s phase=Congestion adaptation=with_ML throughput_gbps=8.1226 latency_ms=67.5091
[2026-08-14T11:35:53] SAMPLE t=24s phase=Congestion adaptation=with_ML throughput_gbps=8.0157 latency_ms=67.6349
[2026-08-14T11:35:54] SAMPLE t=25s phase=Congestion adaptation=with_ML throughput_gbps=8.188 latency_ms=66.6015
[2026-08-14T11:35:55] SAMPLE t=26s phase=Congestion adaptation=with_ML throughput_gbps=7.9587 latency_ms=65.7468
[2026-08-14T11:35:56] SAMPLE t=27s phase=Congestion adaptation=with_ML throughput_gbps=8.0584 latency_ms=67.6232
[2026-08-14T11:35:57] SAMPLE t=28s phase=Congestion adaptation=with_ML throughput_gbps=7.9181 latency_ms=66.3134
[2026-08-14T11:35:58] SAMPLE t=29s phase=Congestion adaptation=with_ML throughput_gbps=8.0138 latency_ms=65.7449
[2026-08-14T11:35:59] SAMPLE t=30s phase=Congestion adaptation=with_ML throughput_gbps=8.0496 latency_ms=67.6167
[2026-08-14T11:36:00] SAMPLE t=31s phase=Congestion adaptation=with_ML throughput_gbps=8.1832 latency_ms=66.6031
[2026-08-14T11:36:01] SAMPLE t=32s phase=Congestion adaptation=with_ML throughput_gbps=8.3247 latency_ms=67.3886
[2026-08-14T11:36:02] SAMPLE t=33s phase=Congestion adaptation=with_ML throughput_gbps=8.3418 latency_ms=68.0147
[2026-08-14T11:36:03] SAMPLE t=34s phase=Congestion adaptation=with_ML throughput_gbps=8.1336 latency_ms=64.7325
[2026-08-14T11:36:04] SAMPLE t=35s phase=Congestion adaptation=with_ML throughput_gbps=8.1185 latency_ms=65.7696
[2026-08-14T11:36:05] SAMPLE t=36s phase=Congestion adaptation=with_ML throughput_gbps=8.3238 latency_ms=67.9538
[2026-08-14T11:36:06] SAMPLE t=37s phase=Congestion adaptation=with_ML throughput_gbps=8.3375 latency_ms=66.4219
[2026-08-14T11:36:07] SAMPLE t=38s phase=Congestion adaptation=with_ML throughput_gbps=8.0377 latency_ms=65.425
[2026-08-14T11:36:08] SAMPLE t=39s phase=Congestion adaptation=with_ML throughput_gbps=8.3423 latency_ms=67.7848
[2026-08-14T11:36:09] SAMPLE t=40s phase=Path_change adaptation=with_ML throughput_gbps=7.8958 latency_ms=64.1774
[2026-08-14T11:36:10] SAMPLE t=41s phase=Path_change adaptation=with_ML throughput_gbps=7.9132 latency_ms=66.4177
[2026-08-14T11:36:11] SAMPLE t=42s phase=Path_change adaptation=with_ML throughput_gbps=7.6232 latency_ms=67.3462
[2026-08-14T11:36:12] SAMPLE t=43s phase=Path_change adaptation=with_ML throughput_gbps=7.6657 latency_ms=70.0038
[2026-08-14T11:36:13] SAMPLE t=44s phase=Path_change adaptation=with_ML throughput_gbps=7.7563 latency_ms=67.7132
[2026-08-14T11:36:14] SAMPLE t=45s phase=Path_change adaptation=with_ML throughput_gbps=7.6719 latency_ms=66.9099
[2026-08-14T11:36:15] SAMPLE t=46s phase=Path_change adaptation=with_ML throughput_gbps=7.6894 latency_ms=67.69
[2026-08-14T11:36:16] SAMPLE t=47s phase=Path_change adaptation=with_ML throughput_gbps=7.0701 latency_ms=68.1634
[2026-08-14T11:36:17] SAMPLE t=48s phase=Path_change adaptation=with_ML throughput_gbps=7.1216 latency_ms=71.2766
[2026-08-14T11:36:18] SAMPLE t=49s phase=Path_change adaptation=with_ML throughput_gbps=7.3373 latency_ms=66.6994
[2026-08-14T11:36:19] SAMPLE t=50s phase=Path_change adaptation=with_ML throughput_gbps=7.252 latency_ms=67.2378
[2026-08-14T11:36:20] SAMPLE t=51s phase=Path_change adaptation=with_ML throughput_gbps=7.054 latency_ms=67.8207
[2026-08-14T11:36:21] SAMPLE t=52s phase=Path_change adaptation=with_ML throughput_gbps=7.1446 latency_ms=68.178
[2026-08-14T11:36:22] SAMPLE t=53s phase=Path_change adaptation=with_ML throughput_gbps=7.8914 latency_ms=67.4895
[2026-08-14T11:36:23] SAMPLE t=54s phase=Path_change adaptation=with_ML throughput_gbps=7.1561 latency_ms=66.9137
[2026-08-14T11:36:24] SAMPLE t=55s phase=Path_change adaptation=with_ML throughput_gbps=7.4091 latency_ms=67.25
[2026-08-14T11:36:25] SAMPLE t=56s phase=Path_change adaptation=with_ML throughput_gbps=7.4306 latency_ms=68.3197
[2026-08-14T11:36:26] SAMPLE t=57s phase=Path_change adaptation=with_ML throughput_gbps=7.9959 latency_ms=67.4579
[2026-08-14T11:36:27] SAMPLE t=58s phase=Path_change adaptation=with_ML throughput_gbps=7.6906 latency_ms=67.4862
[2026-08-14T11:36:28] SAMPLE t=59s phase=Path_change adaptation=with_ML throughput_gbps=7.7756 latency_ms=66.5028
[2026-08-14T11:36:29] SAMPLE t=60s phase=Loss_spike adaptation=with_ML throughput_gbps=7.0787 latency_ms=66.7916
[2026-08-14T11:36:30] SAMPLE t=61s phase=Loss_spike adaptation=with_ML throughput_gbps=8.4962 latency_ms=72.0486
[2026-08-14T11:36:31] SAMPLE t=62s phase=Loss_spike adaptation=with_ML throughput_gbps=8.3752 latency_ms=68.3977
[2026-08-14T11:36:32] SAMPLE t=63s phase=Loss_spike adaptation=with_ML throughput_gbps=6.7971 latency_ms=70.4383
[2026-08-14T11:36:33] SAMPLE t=64s phase=Loss_spike adaptation=with_ML throughput_gbps=6.4216 latency_ms=72.3851
[2026-08-14T11:36:34] SAMPLE t=65s phase=Loss_spike adaptation=with_ML throughput_gbps=7.416 latency_ms=67.6124
[2026-08-14T11:36:35] SAMPLE t=66s phase=Loss_spike adaptation=with_ML throughput_gbps=8.156 latency_ms=71.898
[2026-08-14T11:36:36] SAMPLE t=67s phase=Loss_spike adaptation=with_ML throughput_gbps=7.9526 latency_ms=70.5503
[2026-08-14T11:36:37] SAMPLE t=68s phase=Loss_spike adaptation=with_ML throughput_gbps=6.8369 latency_ms=68.6751
[2026-08-14T11:36:38] SAMPLE t=69s phase=Loss_spike adaptation=with_ML throughput_gbps=6.165 latency_ms=70.7332
[2026-08-14T11:36:39] SAMPLE t=70s phase=Loss_spike adaptation=with_ML throughput_gbps=7.3513 latency_ms=67.8411
[2026-08-14T11:36:40] SAMPLE t=71s phase=Loss_spike adaptation=with_ML throughput_gbps=8.3389 latency_ms=73.3664
[2026-08-14T11:36:41] SAMPLE t=72s phase=Loss_spike adaptation=with_ML throughput_gbps=7.8743 latency_ms=68.8698
[2026-08-14T11:36:42] SAMPLE t=73s phase=Loss_spike adaptation=with_ML throughput_gbps=6.6278 latency_ms=70.7023
[2026-08-14T11:36:43] SAMPLE t=74s phase=Loss_spike adaptation=with_ML throughput_gbps=6.2123 latency_ms=70.8872
[2026-08-14T11:36:44] SAMPLE t=75s phase=Loss_spike adaptation=with_ML throughput_gbps=7.1093 latency_ms=69.2895
[2026-08-14T11:36:45] SAMPLE t=76s phase=Loss_spike adaptation=with_ML throughput_gbps=8.395 latency_ms=69.6001
[2026-08-14T11:36:46] SAMPLE t=77s phase=Loss_spike adaptation=with_ML throughput_gbps=8.0291 latency_ms=70.4116
[2026-08-14T11:36:47] SAMPLE t=78s phase=Loss_spike adaptation=with_ML throughput_gbps=6.7792 latency_ms=68.6728
[2026-08-14T11:36:48] SAMPLE t=79s phase=Loss_spike adaptation=with_ML throughput_gbps=6.3821 latency_ms=69.9314
[2026-08-14T11:36:49] SAMPLE t=80s phase=Recovery adaptation=with_ML throughput_gbps=7.8913 latency_ms=66.4426
[2026-08-14T11:36:50] SAMPLE t=81s phase=Recovery adaptation=with_ML throughput_gbps=8.2002 latency_ms=68.3251
[2026-08-14T11:36:51] SAMPLE t=82s phase=Recovery adaptation=with_ML throughput_gbps=8.6147 latency_ms=68.0627
[2026-08-14T11:36:52] SAMPLE t=83s phase=Recovery adaptation=with_ML throughput_gbps=8.4264 latency_ms=65.5908
[2026-08-14T11:36:53] SAMPLE t=84s phase=Recovery adaptation=with_ML throughput_gbps=8.2034 latency_ms=64.1632
[2026-08-14T11:36:54] SAMPLE t=85s phase=Recovery adaptation=with_ML throughput_gbps=8.0522 latency_ms=64.8132
[2026-08-14T11:36:55] SAMPLE t=86s phase=Recovery adaptation=with_ML throughput_gbps=8.1747 latency_ms=64.5789
[2026-08-14T11:36:56] SAMPLE t=87s phase=Recovery adaptation=with_ML throughput_gbps=8.1518 latency_ms=65.6052
[2026-08-14T11:36:57] SAMPLE t=88s phase=Recovery adaptation=with_ML throughput_gbps=8.2085 latency_ms=66.8444
[2026-08-14T11:36:58] SAMPLE t=89s phase=Recovery adaptation=with_ML throughput_gbps=8.3307 latency_ms=69.0436
[2026-08-14T11:36:59] SAMPLE t=90s phase=Recovery adaptation=with_ML throughput_gbps=8.2539 latency_ms=65.2399
[2026-08-14T11:37:00] SAMPLE t=91s phase=Recovery adaptation=with_ML throughput_gbps=8.3127 latency_ms=66.0844
[2026-08-14T11:37:01] SAMPLE t=92s phase=Recovery adaptation=with_ML throughput_gbps=8.4269 latency_ms=62.4796
[2026-08-14T11:37:02] SAMPLE t=93s phase=Recovery adaptation=with_ML throughput_gbps=8.3967 latency_ms=63.7454
[2026-08-14T11:37:03] SAMPLE t=94s phase=Recovery adaptation=with_ML throughput_gbps=8.4524 latency_ms=65.2014
[2026-08-14T11:37:04] SAMPLE t=95s phase=Recovery adaptation=with_ML throughput_gbps=8.1103 latency_ms=67.0741
[2026-08-14T11:37:05] SAMPLE t=96s phase=Recovery adaptation=with_ML throughput_gbps=8.4775 latency_ms=65.0538
[2026-08-14T11:37:06] SAMPLE t=97s phase=Recovery adaptation=with_ML throughput_gbps=8.4265 latency_ms=66.472
[2026-08-14T11:37:07] SAMPLE t=98s phase=Recovery adaptation=with_ML throughput_gbps=8.1053 latency_ms=65.6464
[2026-08-14T11:37:08] SAMPLE t=99s phase=Recovery adaptation=with_ML throughput_gbps=8.4245 latency_ms=66.1207
[2026-08-14T11:35:29] SAMPLE t=0s phase=Stable adaptation=without_ML throughput_gbps=8.1473 latency_ms=65.6996
[2026-08-14T11:35:30] SAMPLE t=1s phase=Stable adaptation=without_ML throughput_gbps=8.0263 latency_ms=68.1488
[2026-08-14T11:35:31] SAMPLE t=2s phase=Stable adaptation=without_ML throughput_gbps=7.9557 latency_ms=65.4507
[2026-08-14T11:35:32] SAMPLE t=3s phase=Stable adaptation=without_ML throughput_gbps=7.9836 latency_ms=68.129
[2026-08-14T11:35:33] SAMPLE t=4s phase=Stable adaptation=without_ML throughput_gbps=8.1939 latency_ms=67.4561
[2026-08-14T11:35:34] SAMPLE t=5s phase=Stable adaptation=without_ML throughput_gbps=8.0804 latency_ms=66.9867
[2026-08-14T11:35:35] SAMPLE t=6s phase=Stable adaptation=without_ML throughput_gbps=8.5202 latency_ms=66.3401
[2026-08-14T11:35:36] SAMPLE t=7s phase=Stable adaptation=without_ML throughput_gbps=8.1565 latency_ms=67.6249
[2026-08-14T11:35:37] SAMPLE t=8s phase=Stable adaptation=without_ML throughput_gbps=7.9558 latency_ms=66.8444
[2026-08-14T11:35:38] SAMPLE t=9s phase=Stable adaptation=without_ML throughput_gbps=8.3688 latency_ms=68.138
[2026-08-14T11:35:39] SAMPLE t=10s phase=Stable adaptation=without_ML throughput_gbps=7.727 latency_ms=64.1331
[2026-08-14T11:35:40] SAMPLE t=11s phase=Stable adaptation=without_ML throughput_gbps=7.9777 latency_ms=67.0648
[2026-08-14T11:35:41] SAMPLE t=12s phase=Stable adaptation=without_ML throughput_gbps=8.4596 latency_ms=67.1735
[2026-08-14T11:35:42] SAMPLE t=13s phase=Stable adaptation=without_ML throughput_gbps=8.0995 latency_ms=67.7044
[2026-08-14T11:35:43] SAMPLE t=14s phase=Stable adaptation=without_ML throughput_gbps=8.0035 latency_ms=67.1799
[2026-08-14T11:35:44] SAMPLE t=15s phase=Stable adaptation=without_ML throughput_gbps=7.403 latency_ms=64.4794
[2026-08-14T11:35:45] SAMPLE t=16s phase=Stable adaptation=without_ML throughput_gbps=7.9147 latency_ms=66.084
[2026-08-14T11:35:46] SAMPLE t=17s phase=Stable adaptation=without_ML throughput_gbps=8.213 latency_ms=66.6773
[2026-08-14T11:35:47] SAMPLE t=18s phase=Stable adaptation=without_ML throughput_gbps=8.2563 latency_ms=64.5064
[2026-08-14T11:35:48] SAMPLE t=19s phase=Stable adaptation=without_ML throughput_gbps=7.9924 latency_ms=66.0545
[2026-08-14T11:35:49] SAMPLE t=20s phase=Congestion adaptation=without_ML throughput_gbps=8.0252 latency_ms=66.3856
[2026-08-14T11:35:50] SAMPLE t=21s phase=Congestion adaptation=without_ML throughput_gbps=8.4206 latency_ms=66.9541
[2026-08-14T11:35:51] SAMPLE t=22s phase=Congestion adaptation=without_ML throughput_gbps=7.6599 latency_ms=64.7239
[2026-08-14T11:35:52] SAMPLE t=23s phase=Congestion adaptation=without_ML throughput_gbps=7.9003 latency_ms=66.1571
[2026-08-14T11:35:53] SAMPLE t=24s phase=Congestion adaptation=without_ML throughput_gbps=7.9404 latency_ms=67.0005
[2026-08-14T11:35:54] SAMPLE t=25s phase=Congestion adaptation=without_ML throughput_gbps=7.7807 latency_ms=64.995
[2026-08-14T11:35:55] SAMPLE t=26s phase=Congestion adaptation=without_ML throughput_gbps=7.8584 latency_ms=66.2777
[2026-08-14T11:35:56] SAMPLE t=27s phase=Congestion adaptation=without_ML throughput_gbps=7.8908 latency_ms=67.8278
[2026-08-14T11:35:57] SAMPLE t=28s phase=Congestion adaptation=without_ML throughput_gbps=8.0138 latency_ms=64.8625
[2026-08-14T11:35:58] SAMPLE t=29s phase=Congestion adaptation=without_ML throughput_gbps=7.9196 latency_ms=63.2999
[2026-08-14T11:35:59] SAMPLE t=30s phase=Congestion adaptation=without_ML throughput_gbps=8.0716 latency_ms=65.6374
[2026-08-14T11:36:00] SAMPLE t=31s phase=Congestion adaptation=without_ML throughput_gbps=8.2701 latency_ms=64.7658
[2026-08-14T11:36:01] SAMPLE t=32s phase=Congestion adaptation=without_ML throughput_gbps=7.8447 latency_ms=67.0871
[2026-08-14T11:36:02] SAMPLE t=33s phase=Congestion adaptation=without_ML throughput_gbps=7.9274 latency_ms=66.2478
[2026-08-14T11:36:03] SAMPLE t=34s phase=Congestion adaptation=without_ML throughput_gbps=7.8882 latency_ms=64.8451
[2026-08-14T11:36:04] SAMPLE t=35s phase=Congestion adaptation=without_ML throughput_gbps=8.1832 latency_ms=64.5863
[2026-08-14T11:36:05] SAMPLE t=36s phase=Congestion adaptation=without_ML throughput_gbps=8.3133 latency_ms=66.9239
[2026-08-14T11:36:06] SAMPLE t=37s phase=Congestion adaptation=without_ML throughput_gbps=8.3135 latency_ms=67.7248
[2026-08-14T11:36:07] SAMPLE t=38s phase=Congestion adaptation=without_ML throughput_gbps=8.1658 latency_ms=65.8928
[2026-08-14T11:36:08] SAMPLE t=39s phase=Congestion adaptation=without_ML throughput_gbps=7.6944 latency_ms=68.3032
[2026-08-14T11:36:09] SAMPLE t=40s phase=Path_change adaptation=without_ML throughput_gbps=8.3108 latency_ms=69.0235
[2026-08-14T11:36:10] SAMPLE t=41s phase=Path_change adaptation=without_ML throughput_gbps=7.9071 latency_ms=67.32
[2026-08-14T11:36:11] SAMPLE t=42s phase=Path_change adaptation=without_ML throughput_gbps=6.8988 latency_ms=69.2105
[2026-08-14T11:36:12] SAMPLE t=43s phase=Path_change adaptation=without_ML throughput_gbps=6.8124 latency_ms=69.6859
[2026-08-14T11:36:13] SAMPLE t=44s phase=Path_change adaptation=without_ML throughput_gbps=6.5234 latency_ms=72.2735
[2026-08-14T11:36:14] SAMPLE t=45s phase=Path_change adaptation=without_ML throughput_gbps=6.0893 latency_ms=71.1026
[2026-08-14T11:36:15] SAMPLE t=46s phase=Path_change adaptation=without_ML throughput_gbps=6.232 latency_ms=71.6144
[2026-08-14T11:36:16] SAMPLE t=47s phase=Path_change adaptation=without_ML throughput_gbps=5.8803 latency_ms=71.0755
[2026-08-14T11:36:17] SAMPLE t=48s phase=Path_change adaptation=without_ML throughput_gbps=5.4248 latency_ms=72.1897
[2026-08-14T11:36:18] SAMPLE t=49s phase=Path_change adaptation=without_ML throughput_gbps=5.7229 latency_ms=72.6255
[2026-08-14T11:36:19] SAMPLE t=50s phase=Path_change adaptation=without_ML throughput_gbps=5.3689 latency_ms=71.4101
[2026-08-14T11:36:20] SAMPLE t=51s phase=Path_change adaptation=without_ML throughput_gbps=5.6119 latency_ms=72.3
[2026-08-14T11:36:21] SAMPLE t=52s phase=Path_change adaptation=without_ML throughput_gbps=5.7416 latency_ms=72.2034
[2026-08-14T11:36:22] SAMPLE t=53s phase=Path_change adaptation=without_ML throughput_gbps=5.6911 latency_ms=73.843
[2026-08-14T11:36:23] SAMPLE t=54s phase=Path_change adaptation=without_ML throughput_gbps=6.1537 latency_ms=72.1166
[2026-08-14T11:36:24] SAMPLE t=55s phase=Path_change adaptation=without_ML throughput_gbps=6.3113 latency_ms=71.8705
[2026-08-14T11:36:25] SAMPLE t=56s phase=Path_change adaptation=without_ML throughput_gbps=6.6996 latency_ms=71.6129
[2026-08-14T11:36:26] SAMPLE t=57s phase=Path_change adaptation=without_ML throughput_gbps=6.8213 latency_ms=68.5667
[2026-08-14T11:36:27] SAMPLE t=58s phase=Path_change adaptation=without_ML throughput_gbps=7.0457 latency_ms=67.7368
[2026-08-14T11:36:28] SAMPLE t=59s phase=Path_change adaptation=without_ML throughput_gbps=7.9996 latency_ms=70.5248
[2026-08-14T11:36:29] SAMPLE t=60s phase=Loss_spike adaptation=without_ML throughput_gbps=6.2122 latency_ms=70.0876
[2026-08-14T11:36:30] SAMPLE t=61s phase=Loss_spike adaptation=without_ML throughput_gbps=7.9544 latency_ms=76.8002
[2026-08-14T11:36:31] SAMPLE t=62s phase=Loss_spike adaptation=without_ML throughput_gbps=7.0566 latency_ms=74.9063
[2026-08-14T11:36:32] SAMPLE t=63s phase=Loss_spike adaptation=without_ML throughput_gbps=4.6177 latency_ms=74.6394
[2026-08-14T11:36:33] SAMPLE t=64s phase=Loss_spike adaptation=without_ML throughput_gbps=3.8059 latency_ms=81.0542
[2026-08-14T11:36:34] SAMPLE t=65s phase=Loss_spike adaptation=without_ML throughput_gbps=5.9566 latency_ms=68.4731
[2026-08-14T11:36:35] SAMPLE t=66s phase=Loss_spike adaptation=without_ML throughput_gbps=7.85 latency_ms=78.0276
[2026-08-14T11:36:36] SAMPLE t=67s phase=Loss_spike adaptation=without_ML throughput_gbps=7.6926 latency_ms=73.4475
[2026-08-14T11:36:37] SAMPLE t=68s phase=Loss_spike adaptation=without_ML throughput_gbps=4.6373 latency_ms=75.1121
[2026-08-14T11:36:38] SAMPLE t=69s phase=Loss_spike adaptation=without_ML throughput_gbps=4.1698 latency_ms=81.7577
[2026-08-14T11:36:39] SAMPLE t=70s phase=Loss_spike adaptation=without_ML throughput_gbps=6.1076 latency_ms=71.0627
[2026-08-14T11:36:40] SAMPLE t=71s phase=Loss_spike adaptation=without_ML throughput_gbps=8.2756 latency_ms=78.3438
[2026-08-14T11:36:41] SAMPLE t=72s phase=Loss_spike adaptation=without_ML throughput_gbps=7.2587 latency_ms=75.2882
[2026-08-14T11:36:42] SAMPLE t=73s phase=Loss_spike adaptation=without_ML throughput_gbps=5.0904 latency_ms=75.0972
[2026-08-14T11:36:43] SAMPLE t=74s phase=Loss_spike adaptation=without_ML throughput_gbps=4.0925 latency_ms=80.5354
[2026-08-14T11:36:44] SAMPLE t=75s phase=Loss_spike adaptation=without_ML throughput_gbps=6.3643 latency_ms=69.3511
[2026-08-14T11:36:45] SAMPLE t=76s phase=Loss_spike adaptation=without_ML throughput_gbps=8.0436 latency_ms=79.2427
[2026-08-14T11:36:46] SAMPLE t=77s phase=Loss_spike adaptation=without_ML throughput_gbps=7.5548 latency_ms=76.5185
[2026-08-14T11:36:47] SAMPLE t=78s phase=Loss_spike adaptation=without_ML throughput_gbps=4.9333 latency_ms=74.4034
[2026-08-14T11:36:48] SAMPLE t=79s phase=Loss_spike adaptation=without_ML throughput_gbps=3.9286 latency_ms=79.7247
[2026-08-14T11:36:49] SAMPLE t=80s phase=Recovery adaptation=without_ML throughput_gbps=7.698 latency_ms=64.4206
[2026-08-14T11:36:50] SAMPLE t=81s phase=Recovery adaptation=without_ML throughput_gbps=8.0539 latency_ms=66.454
[2026-08-14T11:36:51] SAMPLE t=82s phase=Recovery adaptation=without_ML throughput_gbps=8.1341 latency_ms=67.0881
[2026-08-14T11:36:52] SAMPLE t=83s phase=Recovery adaptation=without_ML throughput_gbps=7.7358 latency_ms=66.6812
[2026-08-14T11:36:53] SAMPLE t=84s phase=Recovery adaptation=without_ML throughput_gbps=7.9678 latency_ms=65.6216
[2026-08-14T11:36:54] SAMPLE t=85s phase=Recovery adaptation=without_ML throughput_gbps=7.9354 latency_ms=65.4137
[2026-08-14T11:36:55] SAMPLE t=86s phase=Recovery adaptation=without_ML throughput_gbps=7.9822 latency_ms=64.4614
[2026-08-14T11:36:56] SAMPLE t=87s phase=Recovery adaptation=without_ML throughput_gbps=8.1415 latency_ms=65.1911
[2026-08-14T11:36:57] SAMPLE t=88s phase=Recovery adaptation=without_ML throughput_gbps=8.192 latency_ms=65.269
[2026-08-14T11:36:58] SAMPLE t=89s phase=Recovery adaptation=without_ML throughput_gbps=8.1098 latency_ms=65.2568
[2026-08-14T11:36:59] SAMPLE t=90s phase=Recovery adaptation=without_ML throughput_gbps=7.9232 latency_ms=66.1889
[2026-08-14T11:37:00] SAMPLE t=91s phase=Recovery adaptation=without_ML throughput_gbps=7.8573 latency_ms=67.7556
[2026-08-14T11:37:01] SAMPLE t=92s phase=Recovery adaptation=without_ML throughput_gbps=7.8537 latency_ms=66.3366
[2026-08-14T11:37:02] SAMPLE t=93s phase=Recovery adaptation=without_ML throughput_gbps=7.5448 latency_ms=64.8634
[2026-08-14T11:37:03] SAMPLE t=94s phase=Recovery adaptation=without_ML throughput_gbps=8.19 latency_ms=64.5332
[2026-08-14T11:37:04] SAMPLE t=95s phase=Recovery adaptation=without_ML throughput_gbps=8.0775 latency_ms=68.6327
[2026-08-14T11:37:05] SAMPLE t=96s phase=Recovery adaptation=without_ML throughput_gbps=8.0572 latency_ms=65.2629
[2026-08-14T11:37:06] SAMPLE t=97s phase=Recovery adaptation=without_ML throughput_gbps=8.1351 latency_ms=67.9654
[2026-08-14T11:37:07] SAMPLE t=98s phase=Recovery adaptation=without_ML throughput_gbps=7.9579 latency_ms=67.6151
[2026-08-14T11:37:08] SAMPLE t=99s phase=Recovery adaptation=without_ML throughput_gbps=8.0839 latency_ms=63.9451
[2026-08-14T11:35:29] TRACE_END run_id=93 status=OK
[2026-08-14T11:49:50] TRACE_START run_id=94
[2026-08-14T11:49:50] SAMPLE t=0s phase=Stable adaptation=with_ML throughput_gbps=8.2367 latency_ms=66.0889
[2026-08-14T11:49:51] SAMPLE t=1s phase=Stable adaptation=with_ML throughput_gbps=8.1519 latency_ms=64.984
[2026-08-14T11:49:52] SAMPLE t=2s phase=Stable adaptation=with_ML throughput_gbps=8.1935 latency_ms=65.3304
[2026-08-14T11:49:53] SAMPLE t=3s phase=Stable adaptation=with_ML throughput_gbps=8.1703 latency_ms=65.8902
[2026-08-14T11:49:54] SAMPLE t=4s phase=Stable adaptation=with_ML throughput_gbps=7.8216 latency_ms=66.7841
[2026-08-14T11:49:55] SAMPLE t=5s phase=Stable adaptation=with_ML throughput_gbps=7.9588 latency_ms=66.4888
[2026-08-14T11:49:56] SAMPLE t=6s phase=Stable adaptation=with_ML throughput_gbps=8.0387 latency_ms=65.5088
[2026-08-14T11:49:57] SAMPLE t=7s phase=Stable adaptation=with_ML throughput_gbps=8.0946 latency_ms=67.173
[2026-08-14T11:49:58] SAMPLE t=8s phase=Stable adaptation=with_ML throughput_gbps=8.006 latency_ms=66.2418
[2026-08-14T11:49:59] SAMPLE t=9s phase=Stable adaptation=with_ML throughput_gbps=8.0258 latency_ms=66.9168
[2026-08-14T11:50:00] SAMPLE t=10s phase=Stable adaptation=with_ML throughput_gbps=7.6555 latency_ms=67.975
[2026-08-14T11:50:01] SAMPLE t=11s phase=Stable adaptation=with_ML throughput_gbps=8.0759 latency_ms=64.4912
[2026-08-14T11:50:02] SAMPLE t=12s phase=Stable adaptation=with_ML throughput_gbps=7.7937 latency_ms=66.3476
[2026-08-14T11:50:03] SAMPLE t=13s phase=Stable adaptation=with_ML throughput_gbps=7.9422 latency_ms=66.2062
[2026-08-14T11:50:04] SAMPLE t=14s phase=Stable adaptation=with_ML throughput_gbps=7.9967 latency_ms=65.1153
[2026-08-14T11:50:05] SAMPLE t=15s phase=Stable adaptation=with_ML throughput_gbps=7.8941 latency_ms=67.1867
[2026-08-14T11:50:06] SAMPLE t=16s phase=Stable adaptation=with_ML throughput_gbps=8.0568 latency_ms=66.3907
[2026-08-14T11:50:07] SAMPLE t=17s phase=Stable adaptation=with_ML throughput_gbps=7.9534 latency_ms=66.9105
[2026-08-14T11:50:08] SAMPLE t=18s phase=Stable adaptation=with_ML throughput_gbps=7.8847 latency_ms=65.6351
[2026-08-14T11:50:09] SAMPLE t=19s phase=Stable adaptation=with_ML throughput_gbps=8.3379 latency_ms=67.7672
[2026-08-14T11:50:10] SAMPLE t=20s phase=Congestion adaptation=with_ML throughput_gbps=8.0676 latency_ms=64.851
[2026-08-14T11:50:11] SAMPLE t=21s phase=Congestion adaptation=with_ML throughput_gbps=8.0453 latency_ms=67.0883
[2026-08-14T11:50:12] SAMPLE t=22s phase=Congestion adaptation=with_ML throughput_gbps=8.0239 latency_ms=65.1753
[2026-08-14T11:50:13] SAMPLE t=23s phase=Congestion adaptation=with_ML throughput_gbps=8.0656 latency_ms=65.7906
[2026-08-14T11:50:14] SAMPLE t=24s phase=Congestion adaptation=with_ML throughput_gbps=8.436 latency_ms=67.1581
[2026-08-14T11:50:15] SAMPLE t=25s phase=Congestion adaptation=with_ML throughput_gbps=8.1 latency_ms=64.2183
[2026-08-14T11:50:16] SAMPLE t=26s phase=Congestion adaptation=with_ML throughput_gbps=8.0562 latency_ms=67.1323
[2026-08-14T11:50:17] SAMPLE t=27s phase=Congestion adaptation=with_ML throughput_gbps=8.0653 latency_ms=65.8275
[2026-08-14T11:50:18] SAMPLE t=28s phase=Congestion adaptation=with_ML throughput_gbps=8.2965 latency_ms=63.6479
[2026-08-14T11:50:19] SAMPLE t=29s phase=Congestion adaptation=with_ML throughput_gbps=8.1535 latency_ms=65.9184
[2026-08-14T11:50:20] SAMPLE t=30s phase=Congestion adaptation=with_ML throughput_gbps=7.9957 latency_ms=68.3044
[2026-08-14T11:50:21] SAMPLE t=31s phase=Congestion adaptation=with_ML throughput_gbps=8.0987 latency_ms=65.3978
[2026-08-14T11:50:22] SAMPLE t=32s phase=Congestion adaptation=with_ML throughput_gbps=8.013 latency_ms=65.8488
[2026-08-14T11:50:23] SAMPLE t=33s phase=Congestion adaptation=with_ML throughput_gbps=7.7798 latency_ms=68.1077
[2026-08-14T11:50:24] SAMPLE t=34s phase=Congestion adaptation=with_ML throughput_gbps=7.9253 latency_ms=67.2305
[2026-08-14T11:50:25] SAMPLE t=35s phase=Congestion adaptation=with_ML throughput_gbps=8.1787 latency_ms=65.2761
[2026-08-14T11:50:26] SAMPLE t=36s phase=Congestion adaptation=with_ML throughput_gbps=8.0512 latency_ms=64.2547
[2026-08-14T11:50:27] SAMPLE t=37s phase=Congestion adaptation=with_ML throughput_gbps=7.9963 latency_ms=65.8293
[2026-08-14T11:50:28] SAMPLE t=38s phase=Congestion adaptation=with_ML throughput_gbps=7.9509 latency_ms=68.9636
[2026-08-14T11:50:29] SAMPLE t=39s phase=Congestion adaptation=with_ML throughput_gbps=8.0485 latency_ms=67.0962
[2026-08-14T11:50:30] SAMPLE t=40s phase=Path_change adaptation=with_ML throughput_gbps=8.1993 latency_ms=67.428
[2026-08-14T11:50:31] SAMPLE t=41s phase=Path_change adaptation=with_ML throughput_gbps=7.8563 latency_ms=67.3439
[2026-08-14T11:50:32] SAMPLE t=42s phase=Path_change adaptation=with_ML throughput_gbps=7.9426 latency_ms=67.1985
[2026-08-14T11:50:33] SAMPLE t=43s phase=Path_change adaptation=with_ML throughput_gbps=7.6128 latency_ms=67.1476
[2026-08-14T11:50:34] SAMPLE t=44s phase=Path_change adaptation=with_ML throughput_gbps=7.7052 latency_ms=69.4306
[2026-08-14T11:50:35] SAMPLE t=45s phase=Path_change adaptation=with_ML throughput_gbps=7.4619 latency_ms=67.8631
[2026-08-14T11:50:36] SAMPLE t=46s phase=Path_change adaptation=with_ML throughput_gbps=7.7146 latency_ms=68.6581
[2026-08-14T11:50:37] SAMPLE t=47s phase=Path_change adaptation=with_ML throughput_gbps=7.3507 latency_ms=68.073
[2026-08-14T11:50:38] SAMPLE t=48s phase=Path_change adaptation=with_ML throughput_gbps=7.3112 latency_ms=67.7252
[2026-08-14T11:50:39] SAMPLE t=49s phase=Path_change adaptation=with_ML throughput_gbps=7.2484 latency_ms=68.0245
[2026-08-14T11:50:40] SAMPLE t=50s phase=Path_change adaptation=with_ML throughput_gbps=7.3914 latency_ms=69.4995
[2026-08-14T11:50:41] SAMPLE t=51s phase=Path_change adaptation=with_ML throughput_gbps=7.1479 latency_ms=69.2521
[2026-08-14T11:50:42] SAMPLE t=52s phase=Path_change adaptation=with_ML throughput_gbps=7.3457 latency_ms=67.4917
[2026-08-14T11:50:43] SAMPLE t=53s phase=Path_change adaptation=with_ML throughput_gbps=7.4903 latency_ms=67.7992
[2026-08-14T11:50:44] SAMPLE t=54s phase=Path_change adaptation=with_ML throughput_gbps=7.2324 latency_ms=69.2153
[2026-08-14T11:50:45] SAMPLE t=55s phase=Path_change adaptation=with_ML throughput_gbps=7.6665 latency_ms=68.5356
[2026-08-14T11:50:46] SAMPLE t=56s phase=Path_change adaptation=with_ML throughput_gbps=7.3467 latency_ms=67.2
[2026-08-14T11:50:47] SAMPLE t=57s phase=Path_change adaptation=with_ML throughput_gbps=7.742 latency_ms=70.0265
[2026-08-14T11:50:48] SAMPLE t=58s phase=Path_change adaptation=with_ML throughput_gbps=7.791 latency_ms=66.1199
[2026-08-14T11:50:49] SAMPLE t=59s phase=Path_change adaptation=with_ML throughput_gbps=7.8709 latency_ms=66.161
[2026-08-14T11:50:50] SAMPLE t=60s phase=Loss_spike adaptation=with_ML throughput_gbps=7.1346 latency_ms=68.7599
[2026-08-14T11:50:51] SAMPLE t=61s phase=Loss_spike adaptation=with_ML throughput_gbps=8.572 latency_ms=69.0574
[2026-08-14T11:50:52] SAMPLE t=62s phase=Loss_spike adaptation=with_ML throughput_gbps=7.8247 latency_ms=69.2991
[2026-08-14T11:50:53] SAMPLE t=63s phase=Loss_spike adaptation=with_ML throughput_gbps=7.0119 latency_ms=71.4588
[2026-08-14T11:50:54] SAMPLE t=64s phase=Loss_spike adaptation=with_ML throughput_gbps=5.8943 latency_ms=71.975
[2026-08-14T11:50:55] SAMPLE t=65s phase=Loss_spike adaptation=with_ML throughput_gbps=7.2398 latency_ms=66.1161
[2026-08-14T11:50:56] SAMPLE t=66s phase=Loss_spike adaptation=with_ML throughput_gbps=8.4882 latency_ms=70.6951
[2026-08-14T11:50:57] SAMPLE t=67s phase=Loss_spike adaptation=with_ML throughput_gbps=7.974 latency_ms=68.4953
[2026-08-14T11:50:58] SAMPLE t=68s phase=Loss_spike adaptation=with_ML throughput_gbps=6.9552 latency_ms=69.8651
[2026-08-14T11:50:59] SAMPLE t=69s phase=Loss_spike adaptation=with_ML throughput_gbps=5.8997 latency_ms=68.9687
[2026-08-14T11:51:00] SAMPLE t=70s phase=Loss_spike adaptation=with_ML throughput_gbps=7.038 latency_ms=68.8471
[2026-08-14T11:51:01] SAMPLE t=71s phase=Loss_spike adaptation=with_ML throughput_gbps=8.1396 latency_ms=69.7475
[2026-08-14T11:51:02] SAMPLE t=72s phase=Loss_spike adaptation=with_ML throughput_gbps=7.7798 latency_ms=69.0221
[2026-08-14T11:51:03] SAMPLE t=73s phase=Loss_spike adaptation=with_ML throughput_gbps=6.774 latency_ms=70.5443
[2026-08-14T11:51:04] SAMPLE t=74s phase=Loss_spike adaptation=with_ML throughput_gbps=6.2953 latency_ms=72.0687
[2026-08-14T11:51:05] SAMPLE t=75s phase=Loss_spike adaptation=with_ML throughput_gbps=7.5381 latency_ms=66.5967
[2026-08-14T11:51:06] SAMPLE t=76s phase=Loss_spike adaptation=with_ML throughput_gbps=8.157 latency_ms=73.3644
[2026-08-14T11:51:07] SAMPLE t=77s phase=Loss_spike adaptation=with_ML throughput_gbps=8.3844 latency_ms=67.7891
[2026-08-14T11:51:08] SAMPLE t=78s phase=Loss_spike adaptation=with_ML throughput_gbps=7.1163 latency_ms=69.3299
[2026-08-14T11:51:09] SAMPLE t=79s phase=Loss_spike adaptation=with_ML throughput_gbps=6.1339 latency_ms=70.8319
[2026-08-14T11:51:10] SAMPLE t=80s phase=Recovery adaptation=with_ML throughput_gbps=8.2901 latency_ms=67.5386
[2026-08-14T11:51:11] SAMPLE t=81s phase=Recovery adaptation=with_ML throughput_gbps=8.1166 latency_ms=66.4509
[2026-08-14T11:51:12] SAMPLE t=82s phase=Recovery adaptation=with_ML throughput_gbps=8.1622 latency_ms=66.7545
[2026-08-14T11:51:13] SAMPLE t=83s phase=Recovery adaptation=with_ML throughput_gbps=8.2228 latency_ms=66.6626
[2026-08-14T11:51:14] SAMPLE t=84s phase=Recovery adaptation=with_ML throughput_gbps=7.5709 latency_ms=64.8955
[2026-08-14T11:51:15] SAMPLE t=85s phase=Recovery adaptation=with_ML throughput_gbps=8.0267 latency_ms=65.5336
[2026-08-14T11:51:16] SAMPLE t=86s phase=Recovery adaptation=with_ML throughput_gbps=8.2394 latency_ms=65.1032
[2026-08-14T11:51:17] SAMPLE t=87s phase=Recovery adaptation=with_ML throughput_gbps=7.7203 latency_ms=65.8751
[2026-08-14T11:51:18] SAMPLE t=88s phase=Recovery adaptation=with_ML throughput_gbps=8.7577 latency_ms=67.1332
[2026-08-14T11:51:19] SAMPLE t=89s phase=Recovery adaptation=with_ML throughput_gbps=8.2099 latency_ms=64.3797
[2026-08-14T11:51:20] SAMPLE t=90s phase=Recovery adaptation=with_ML throughput_gbps=8.5707 latency_ms=66.2464
[2026-08-14T11:51:21] SAMPLE t=91s phase=Recovery adaptation=with_ML throughput_gbps=8.5618 latency_ms=64.558
[2026-08-14T11:51:22] SAMPLE t=92s phase=Recovery adaptation=with_ML throughput_gbps=8.8694 latency_ms=65.97
[2026-08-14T11:51:23] SAMPLE t=93s phase=Recovery adaptation=with_ML throughput_gbps=8.0946 latency_ms=65.853
[2026-08-14T11:51:24] SAMPLE t=94s phase=Recovery adaptation=with_ML throughput_gbps=8.4607 latency_ms=65.5669
[2026-08-14T11:51:25] SAMPLE t=95s phase=Recovery adaptation=with_ML throughput_gbps=8.87 latency_ms=65.5396
[2026-08-14T11:51:26] SAMPLE t=96s phase=Recovery adaptation=with_ML throughput_gbps=8.1406 latency_ms=65.3895
[2026-08-14T11:51:27] SAMPLE t=97s phase=Recovery adaptation=with_ML throughput_gbps=8.8886 latency_ms=64.4853
[2026-08-14T11:51:28] SAMPLE t=98s phase=Recovery adaptation=with_ML throughput_gbps=8.2875 latency_ms=65.7213
[2026-08-14T11:51:29] SAMPLE t=99s phase=Recovery adaptation=with_ML throughput_gbps=8.4445 latency_ms=66.6953
[2026-08-14T11:49:50] SAMPLE t=0s phase=Stable adaptation=without_ML throughput_gbps=8.1432 latency_ms=65.2509
[2026-08-14T11:49:51] SAMPLE t=1s phase=Stable adaptation=without_ML throughput_gbps=8.0011 latency_ms=66.9577
[2026-08-14T11:49:52] SAMPLE t=2s phase=Stable adaptation=without_ML throughput_gbps=7.8441 latency_ms=66.237
[2026-08-14T11:49:53] SAMPLE t=3s phase=Stable adaptation=without_ML throughput_gbps=8.1013 latency_ms=64.8721
[2026-08-14T11:49:54] SAMPLE t=4s phase=Stable adaptation=without_ML throughput_gbps=7.8159 latency_ms=65.4864
[2026-08-14T11:49:55] SAMPLE t=5s phase=Stable adaptation=without_ML throughput_gbps=8.2291 latency_ms=65.5281
[2026-08-14T11:49:56] SAMPLE t=6s phase=Stable adaptation=without_ML throughput_gbps=7.9846 latency_ms=65.6793
[2026-08-14T11:49:57] SAMPLE t=7s phase=Stable adaptation=without_ML throughput_gbps=7.9494 latency_ms=65.3001
[2026-08-14T11:49:58] SAMPLE t=8s phase=Stable adaptation=without_ML throughput_gbps=7.8077 latency_ms=65.6901
[2026-08-14T11:49:59] SAMPLE t=9s phase=Stable adaptation=without_ML throughput_gbps=7.9072 latency_ms=65.5895
[2026-08-14T11:50:00] SAMPLE t=10s phase=Stable adaptation=without_ML throughput_gbps=7.5448 latency_ms=64.9506
[2026-08-14T11:50:01] SAMPLE t=11s phase=Stable adaptation=without_ML throughput_gbps=7.7911 latency_ms=67.395
[2026-08-14T11:50:02] SAMPLE t=12s phase=Stable adaptation=without_ML throughput_gbps=8.1266 latency_ms=66.8486
[2026-08-14T11:50:03] SAMPLE t=13s phase=Stable adaptation=without_ML throughput_gbps=8.0866 latency_ms=68.1666
[2026-08-14T11:50:04] SAMPLE t=14s phase=Stable adaptation=without_ML throughput_gbps=8.0074 latency_ms=65.1845
[2026-08-14T11:50:05] SAMPLE t=15s phase=Stable adaptation=without_ML throughput_gbps=8.0115 latency_ms=66.4233
[2026-08-14T11:50:06] SAMPLE t=16s phase=Stable adaptation=without_ML throughput_gbps=8.5978 latency_ms=65.2411
[2026-08-14T11:50:07] SAMPLE t=17s phase=Stable adaptation=without_ML throughput_gbps=8.1155 latency_ms=66.7177
[2026-08-14T11:50:08] SAMPLE t=18s phase=Stable adaptation=without_ML throughput_gbps=8.2829 latency_ms=67.2842
[2026-08-14T11:50:09] SAMPLE t=19s phase=Stable adaptation=without_ML throughput_gbps=8.0939 latency_ms=65.3696
[2026-08-14T11:50:10] SAMPLE t=20s phase=Congestion adaptation=without_ML throughput_gbps=7.8811 latency_ms=66.4609
[2026-08-14T11:50:11] SAMPLE t=21s phase=Congestion adaptation=without_ML throughput_gbps=8.0412 latency_ms=66.8551
[2026-08-14T11:50:12] SAMPLE t=22s phase=Congestion adaptation=without_ML throughput_gbps=8.1417 latency_ms=66.6132
[2026-08-14T11:50:13] SAMPLE t=23s phase=Congestion adaptation=without_ML throughput_gbps=7.9287 latency_ms=68.2432
[2026-08-14T11:50:14] SAMPLE t=24s phase=Congestion adaptation=without_ML throughput_gbps=7.8001 latency_ms=65.1035
[2026-08-14T11:50:15] SAMPLE t=25s phase=Congestion adaptation=without_ML throughput_gbps=8.0629 latency_ms=66.3686
[2026-08-14T11:50:16] SAMPLE t=26s phase=Congestion adaptation=without_ML throughput_gbps=8.5533 latency_ms=65.0156
[2026-08-14T11:50:17] SAMPLE t=27s phase=Congestion adaptation=without_ML throughput_gbps=8.1812 latency_ms=67.2972
[2026-08-14T11:50:18] SAMPLE t=28s phase=Congestion adaptation=without_ML throughput_gbps=8.1084 latency_ms=64.8145
[2026-08-14T11:50:19] SAMPLE t=29s phase=Congestion adaptation=without_ML throughput_gbps=7.6274 latency_ms=66.1565
[2026-08-14T11:50:20] SAMPLE t=30s phase=Congestion adaptation=without_ML throughput_gbps=8.2687 latency_ms=66.863
[2026-08-14T11:50:21] SAMPLE t=31s phase=Congestion adaptation=without_ML throughput_gbps=8.1113 latency_ms=65.6002
[2026-08-14T11:50:22] SAMPLE t=32s phase=Congestion adaptation=without_ML throughput_gbps=8.2391 latency_ms=64.9365
[2026-08-14T11:50:23] SAMPLE t=33s phase=Congestion adaptation=without_ML throughput_gbps=8.2548 latency_ms=65.394
[2026-08-14T11:50:24] SAMPLE t=34s phase=Congestion adaptation=without_ML throughput_gbps=8.629 latency_ms=66.1195
[2026-08-14T11:50:25] SAMPLE t=35s phase=Congestion adaptation=without_ML throughput_gbps=8.0209 latency_ms=68.0011
[2026-08-14T11:50:26] SAMPLE t=36s phase=Congestion adaptation=without_ML throughput_gbps=7.8302 latency_ms=65.4561
[2026-08-14T11:50:27] SAMPLE t=37s phase=Congestion adaptation=without_ML throughput_gbps=8.3818 latency_ms=64.9579
[2026-08-14T11:50:28] SAMPLE t=38s phase=Congestion adaptation=without_ML throughput_gbps=7.904 latency_ms=64.7365
[2026-08-14T11:50:29] SAMPLE t=39s phase=Congestion adaptation=without_ML throughput_gbps=7.7463 latency_ms=67.5049
[2026-08-14T11:50:30] SAMPLE t=40s phase=Path_change adaptation=without_ML throughput_gbps=7.926 latency_ms=65.328
[2026-08-14T11:50:31] SAMPLE t=41s phase=Path_change adaptation=without_ML throughput_gbps=7.4094 latency_ms=65.9466
[2026-08-14T11:50:32] SAMPLE t=42s phase=Path_change adaptation=without_ML throughput_gbps=7.0948 latency_ms=68.2798
[2026-08-14T11:50:33] SAMPLE t=43s phase=Path_change adaptation=without_ML throughput_gbps=6.8817 latency_ms=69.1385
[2026-08-14T11:50:34] SAMPLE t=44s phase=Path_change adaptation=without_ML throughput_gbps=6.7975 latency_ms=70.5788
[2026-08-14T11:50:35] SAMPLE t=45s phase=Path_change adaptation=without_ML throughput_gbps=6.4011 latency_ms=71.2067
[2026-08-14T11:50:36] SAMPLE t=46s phase=Path_change adaptation=without_ML throughput_gbps=6.3477 latency_ms=72.391
[2026-08-14T11:50:37] SAMPLE t=47s phase=Path_change adaptation=without_ML throughput_gbps=5.9399 latency_ms=75.3714
[2026-08-14T11:50:38] SAMPLE t=48s phase=Path_change adaptation=without_ML throughput_gbps=5.7996 latency_ms=72.464
[2026-08-14T11:50:39] SAMPLE t=49s phase=Path_change adaptation=without_ML throughput_gbps=5.829 latency_ms=71.8295
[2026-08-14T11:50:40] SAMPLE t=50s phase=Path_change adaptation=without_ML throughput_gbps=5.4591 latency_ms=76.048
[2026-08-14T11:50:41] SAMPLE t=51s phase=Path_change adaptation=without_ML throughput_gbps=5.6539 latency_ms=74.4007
[2026-08-14T11:50:42] SAMPLE t=52s phase=Path_change adaptation=without_ML throughput_gbps=5.7223 latency_ms=70.8342
[2026-08-14T11:50:43] SAMPLE t=53s phase=Path_change adaptation=without_ML throughput_gbps=5.684 latency_ms=72.3397
[2026-08-14T11:50:44] SAMPLE t=54s phase=Path_change adaptation=without_ML throughput_gbps=5.944 latency_ms=70.294
[2026-08-14T11:50:45] SAMPLE t=55s phase=Path_change adaptation=without_ML throughput_gbps=6.2044 latency_ms=71.9822
[2026-08-14T11:50:46] SAMPLE t=56s phase=Path_change adaptation=without_ML throughput_gbps=6.5058 latency_ms=69.7127
[2026-08-14T11:50:47] SAMPLE t=57s phase=Path_change adaptation=without_ML throughput_gbps=6.3717 latency_ms=68.4159
[2026-08-14T11:50:48] SAMPLE t=58s phase=Path_change adaptation=without_ML throughput_gbps=7.3407 latency_ms=68.7428
[2026-08-14T11:50:49] SAMPLE t=59s phase=Path_change adaptation=without_ML throughput_gbps=7.8365 latency_ms=65.8875
[2026-08-14T11:50:50] SAMPLE t=60s phase=Loss_spike adaptation=without_ML throughput_gbps=6.0344 latency_ms=69.2235
[2026-08-14T11:50:51] SAMPLE t=61s phase=Loss_spike adaptation=without_ML throughput_gbps=8.9822 latency_ms=78.8153
[2026-08-14T11:50:52] SAMPLE t=62s phase=Loss_spike adaptation=without_ML throughput_gbps=7.2554 latency_ms=75.1562
[2026-08-14T11:50:53] SAMPLE t=63s phase=Loss_spike adaptation=without_ML throughput_gbps=5.0178 latency_ms=75.6922
[2026-08-14T11:50:54] SAMPLE t=64s phase=Loss_spike adaptation=without_ML throughput_gbps=3.9434 latency_ms=81.4276
[2026-08-14T11:50:55] SAMPLE t=65s phase=Loss_spike adaptation=without_ML throughput_gbps=6.3717 latency_ms=71.4247
[2026-08-14T11:50:56] SAMPLE t=66s phase=Loss_spike adaptation=without_ML throughput_gbps=7.9261 latency_ms=79.5811
[2026-08-14T11:50:57] SAMPLE t=67s phase=Loss_spike adaptation=without_ML throughput_gbps=7.3398 latency_ms=75.0132
[2026-08-14T11:50:58] SAMPLE t=68s phase=Loss_spike adaptation=without_ML throughput_gbps=4.8834 latency_ms=75.6365
[2026-08-14T11:50:59] SAMPLE t=69s phase=Loss_spike adaptation=without_ML throughput_gbps=3.8626 latency_ms=78.1421
[2026-08-14T11:51:00] SAMPLE t=70s phase=Loss_spike adaptation=without_ML throughput_gbps=6.2487 latency_ms=70.0286
[2026-08-14T11:51:01] SAMPLE t=71s phase=Loss_spike adaptation=without_ML throughput_gbps=8.4343 latency_ms=80.3892
[2026-08-14T11:51:02] SAMPLE t=72s phase=Loss_spike adaptation=without_ML throughput_gbps=7.96 latency_ms=74.873
[2026-08-14T11:51:03] SAMPLE t=73s phase=Loss_spike adaptation=without_ML throughput_gbps=5.0391 latency_ms=75.5886
[2026-08-14T11:51:04] SAMPLE t=74s phase=Loss_spike adaptation=without_ML throughput_gbps=3.7276 latency_ms=78.6412
[2026-08-14T11:51:05] SAMPLE t=75s phase=Loss_spike adaptation=without_ML throughput_gbps=5.9486 latency_ms=70.5847
[2026-08-14T11:51:06] SAMPLE t=76s phase=Loss_spike adaptation=without_ML throughput_gbps=8.0365 latency_ms=79.9918
[2026-08-14T11:51:07] SAMPLE t=77s phase=Loss_spike adaptation=without_ML throughput_gbps=7.7651 latency_ms=77.8114
[2026-08-14T11:51:08] SAMPLE t=78s phase=Loss_spike adaptation=without_ML throughput_gbps=4.9804 latency_ms=75.0463
[2026-08-14T11:51:09] SAMPLE t=79s phase=Loss_spike adaptation=without_ML throughput_gbps=3.9683 latency_ms=82.4748
[2026-08-14T11:51:10] SAMPLE t=80s phase=Recovery adaptation=without_ML throughput_gbps=7.8748 latency_ms=65.2784
[2026-08-14T11:51:11] SAMPLE t=81s phase=Recovery adaptation=without_ML throughput_gbps=8.1183 latency_ms=66.7512
[2026-08-14T11:51:12] SAMPLE t=82s phase=Recovery adaptation=without_ML throughput_gbps=8.2129 latency_ms=65.9653
[2026-08-14T11:51:13] SAMPLE t=83s phase=Recovery adaptation=without_ML throughput_gbps=7.6847 latency_ms=66.2402
[2026-08-14T11:51:14] SAMPLE t=84s phase=Recovery adaptation=without_ML throughput_gbps=7.8685 latency_ms=64.1814
[2026-08-14T11:51:15] SAMPLE t=85s phase=Recovery adaptation=without_ML throughput_gbps=7.8046 latency_ms=65.1493
[2026-08-14T11:51:16] SAMPLE t=86s phase=Recovery adaptation=without_ML throughput_gbps=8.0088 latency_ms=66.7114
[2026-08-14T11:51:17] SAMPLE t=87s phase=Recovery adaptation=without_ML throughput_gbps=8.0622 latency_ms=65.8947
[2026-08-14T11:51:18] SAMPLE t=88s phase=Recovery adaptation=without_ML throughput_gbps=7.7675 latency_ms=68.5636
[2026-08-14T11:51:19] SAMPLE t=89s phase=Recovery adaptation=without_ML throughput_gbps=8.0859 latency_ms=69.0317
[2026-08-14T11:51:20] SAMPLE t=90s phase=Recovery adaptation=without_ML throughput_gbps=8.0907 latency_ms=65.0292
[2026-08-14T11:51:21] SAMPLE t=91s phase=Recovery adaptation=without_ML throughput_gbps=8.0802 latency_ms=67.4366
[2026-08-14T11:51:22] SAMPLE t=92s phase=Recovery adaptation=without_ML throughput_gbps=8.1486 latency_ms=65.0036
[2026-08-14T11:51:23] SAMPLE t=93s phase=Recovery adaptation=without_ML throughput_gbps=8.0613 latency_ms=62.7246
[2026-08-14T11:51:24] SAMPLE t=94s phase=Recovery adaptation=without_ML throughput_gbps=7.6227 latency_ms=67.3043
[2026-08-14T11:51:25] SAMPLE t=95s phase=Recovery adaptation=without_ML throughput_gbps=8.0707 latency_ms=67.1754
[2026-08-14T11:51:26] SAMPLE t=96s phase=Recovery adaptation=without_ML throughput_gbps=8.1254 latency_ms=65.8962
[2026-08-14T11:51:27] SAMPLE t=97s phase=Recovery adaptation=without_ML throughput_gbps=8.0523 latency_ms=65.4998
[2026-08-14T11:51:28] SAMPLE t=98s phase=Recovery adaptation=without_ML throughput_gbps=7.6727 latency_ms=65.1659
[2026-08-14T11:51:29] SAMPLE t=99s phase=Recovery adaptation=without_ML throughput_gbps=8.342 latency_ms=65.6548
[2026-08-14T11:49:50] TRACE_END run_id=94 status=OK
[2026-08-14T11:51:20] TRACE_START run_id=95
[2026-08-14T11:51:20] SAMPLE t=0s phase=Stable adaptation=with_ML throughput_gbps=8.1613 latency_ms=64.663
[2026-08-14T11:51:21] SAMPLE t=1s phase=Stable adaptation=with_ML throughput_gbps=7.7149 latency_ms=67.3808
[2026-08-14T11:51:22] SAMPLE t=2s phase=Stable adaptation=with_ML throughput_gbps=8.3243 latency_ms=66.1115
[2026-08-14T11:51:23] SAMPLE t=3s phase=Stable adaptation=with_ML throughput_gbps=7.6477 latency_ms=67.1997
[2026-08-14T11:51:24] SAMPLE t=4s phase=Stable adaptation=with_ML throughput_gbps=7.7413 latency_ms=63.8844
[2026-08-14T11:51:25] SAMPLE t=5s phase=Stable adaptation=with_ML throughput_gbps=7.8004 latency_ms=66.806
[2026-08-14T11:51:26] SAMPLE t=6s phase=Stable adaptation=with_ML throughput_gbps=8.3836 latency_ms=66.6479
[2026-08-14T11:51:27] SAMPLE t=7s phase=Stable adaptation=with_ML throughput_gbps=8.1961 latency_ms=66.846
[2026-08-14T11:51:28] SAMPLE t=8s phase=Stable adaptation=with_ML throughput_gbps=8.2338 latency_ms=66.9187
[2026-08-14T11:51:29] SAMPLE t=9s phase=Stable adaptation=with_ML throughput_gbps=7.9807 latency_ms=66.3945
[2026-08-14T11:51:30] SAMPLE t=10s phase=Stable adaptation=with_ML throughput_gbps=8.049 latency_ms=67.7897
[2026-08-14T11:51:31] SAMPLE t=11s phase=Stable adaptation=with_ML throughput_gbps=8.0055 latency_ms=65.7523
[2026-08-14T11:51:32] SAMPLE t=12s phase=Stable adaptation=with_ML throughput_gbps=8.2035 latency_ms=67.4423
[2026-08-14T11:51:33] SAMPLE t=13s phase=Stable adaptation=with_ML throughput_gbps=8.0975 latency_ms=67.3309
[2026-08-14T11:51:34] SAMPLE t=14s phase=Stable adaptation=with_ML throughput_gbps=8.2122 latency_ms=65.923
[2026-08-14T11:51:35] SAMPLE t=15s phase=Stable adaptation=with_ML throughput_gbps=7.8508 latency_ms=66.4043
[2026-08-14T11:51:36] SAMPLE t=16s phase=Stable adaptation=with_ML throughput_gbps=7.7874 latency_ms=64.7009
[2026-08-14T11:51:37] SAMPLE t=17s phase=Stable adaptation=with_ML throughput_gbps=8.3726 latency_ms=65.3083
[2026-08-14T11:51:38] SAMPLE t=18s phase=Stable adaptation=with_ML throughput_gbps=7.8051 latency_ms=67.4134
[2026-08-14T11:51:39] SAMPLE t=19s phase=Stable adaptation=with_ML throughput_gbps=7.9286 latency_ms=67.3277
[2026-08-14T11:51:40] SAMPLE t=20s phase=Congestion adaptation=with_ML throughput_gbps=8.296 latency_ms=66.5123
[2026-08-14T11:51:41] SAMPLE t=21s phase=Congestion adaptation=with_ML throughput_gbps=7.9441 latency_ms=68.1176
[2026-08-14T11:51:42] SAMPLE t=22s phase=Congestion adaptation=with_ML throughput_gbps=8.0484 latency_ms=64.0608
[2026-08-14T11:51:43] SAMPLE t=23s phase=Congestion adaptation=with_ML throughput_gbps=7.8521 latency_ms=65.0878
[2026-08-14T11:51:44] SAMPLE t=24s phase=Congestion adaptation=with_ML throughput_gbps=8.0865 latency_ms=66.3768
[2026-08-14T11:51:45] SAMPLE t=25s phase=Congestion adaptation=with_ML throughput_gbps=8.1713 latency_ms=66.938
[2026-08-14T11:51:46] SAMPLE t=26s phase=Congestion adaptation=with_ML throughput_gbps=8.2687 latency_ms=66.8863
[2026-08-14T11:51:47] SAMPLE t=27s phase=Congestion adaptation=with_ML throughput_gbps=8.0501 latency_ms=67.4747
[2026-08-14T11:51:48] SAMPLE t=28s phase=Congestion adaptation=with_ML throughput_gbps=8.4912 latency_ms=66.2802
[2026-08-14T11:51:49] SAMPLE t=29s phase=Congestion adaptation=with_ML throughput_gbps=8.0534 latency_ms=66.603
[2026-08-14T11:51:50] SAMPLE t=30s phase=Congestion adaptation=with_ML throughput_gbps=8.0906 latency_ms=66.3413
[2026-08-14T11:51:51] SAMPLE t=31s phase=Congestion adaptation=with_ML throughput_gbps=7.9193 latency_ms=65.2467
[2026-08-14T11:51:52] SAMPLE t=32s phase=Congestion adaptation=with_ML throughput_gbps=7.8928 latency_ms=67.2608
[2026-08-14T11:51:53] SAMPLE t=33s phase=Congestion adaptation=with_ML throughput_gbps=8.2687 latency_ms=63.9273
[2026-08-14T11:51:54] SAMPLE t=34s phase=Congestion adaptation=with_ML throughput_gbps=7.9868 latency_ms=67.227
[2026-08-14T11:51:55] SAMPLE t=35s phase=Congestion adaptation=with_ML throughput_gbps=8.1938 latency_ms=67.4291
[2026-08-14T11:51:56] SAMPLE t=36s phase=Congestion adaptation=with_ML throughput_gbps=8.0398 latency_ms=67.4662
[2026-08-14T11:51:57] SAMPLE t=37s phase=Congestion adaptation=with_ML throughput_gbps=8.3315 latency_ms=65.0327
[2026-08-14T11:51:58] SAMPLE t=38s phase=Congestion adaptation=with_ML throughput_gbps=8.5857 latency_ms=68.3588
[2026-08-14T11:51:59] SAMPLE t=39s phase=Congestion adaptation=with_ML throughput_gbps=8.2062 latency_ms=65.5266
[2026-08-14T11:52:00] SAMPLE t=40s phase=Path_change adaptation=with_ML throughput_gbps=8.2016 latency_ms=66.0776
[2026-08-14T11:52:01] SAMPLE t=41s phase=Path_change adaptation=with_ML throughput_gbps=7.9004 latency_ms=66.2067
[2026-08-14T11:52:02] SAMPLE t=42s phase=Path_change adaptation=with_ML throughput_gbps=7.8838 latency_ms=64.1666
[2026-08-14T11:52:03] SAMPLE t=43s phase=Path_change adaptation=with_ML throughput_gbps=7.7929 latency_ms=65.7291
[2026-08-14T11:52:04] SAMPLE t=44s phase=Path_change adaptation=with_ML throughput_gbps=7.7126 latency_ms=66.8472
[2026-08-14T11:52:05] SAMPLE t=45s phase=Path_change adaptation=with_ML throughput_gbps=7.1619 latency_ms=67.1415
[2026-08-14T11:52:06] SAMPLE t=46s phase=Path_change adaptation=with_ML throughput_gbps=7.4206 latency_ms=67.0091
[2026-08-14T11:52:07] SAMPLE t=47s phase=Path_change adaptation=with_ML throughput_gbps=7.0224 latency_ms=66.2695
[2026-08-14T11:52:08] SAMPLE t=48s phase=Path_change adaptation=with_ML throughput_gbps=7.146 latency_ms=70.0034
[2026-08-14T11:52:09] SAMPLE t=49s phase=Path_change adaptation=with_ML throughput_gbps=7.1317 latency_ms=67.5834
[2026-08-14T11:52:10] SAMPLE t=50s phase=Path_change adaptation=with_ML throughput_gbps=7.0827 latency_ms=67.2934
[2026-08-14T11:52:11] SAMPLE t=51s phase=Path_change adaptation=with_ML throughput_gbps=7.3724 latency_ms=68.9126
[2026-08-14T11:52:12] SAMPLE t=52s phase=Path_change adaptation=with_ML throughput_gbps=7.4479 latency_ms=67.8617
[2026-08-14T11:52:13] SAMPLE t=53s phase=Path_change adaptation=with_ML throughput_gbps=7.6221 latency_ms=67.778
[2026-08-14T11:52:14] SAMPLE t=54s phase=Path_change adaptation=with_ML throughput_gbps=7.3705 latency_ms=67.4449
[2026-08-14T11:52:15] SAMPLE t=55s phase=Path_change adaptation=with_ML throughput_gbps=7.3585 latency_ms=68.0687
[2026-08-14T11:52:16] SAMPLE t=56s phase=Path_change adaptation=with_ML throughput_gbps=7.8456 latency_ms=68.1014
[2026-08-14T11:52:17] SAMPLE t=57s phase=Path_change adaptation=with_ML throughput_gbps=7.7672 latency_ms=66.8884
[2026-08-14T11:52:18] SAMPLE t=58s phase=Path_change adaptation=with_ML throughput_gbps=7.5979 latency_ms=66.3798
[2026-08-14T11:52:19] SAMPLE t=59s phase=Path_change adaptation=with_ML throughput_gbps=8.2888 latency_ms=66.5172
[2026-08-14T11:52:20] SAMPLE t=60s phase=Loss_spike adaptation=with_ML throughput_gbps=7.2625 latency_ms=66.8707
[2026-08-14T11:52:21] SAMPLE t=61s phase=Loss_spike adaptation=with_ML throughput_gbps=8.1721 latency_ms=70.1798
[2026-08-14T11:52:22] SAMPLE t=62s phase=Loss_spike adaptation=with_ML throughput_gbps=7.9776 latency_ms=70.3678
[2026-08-14T11:52:23] SAMPLE t=63s phase=Loss_spike adaptation=with_ML throughput_gbps=6.521 latency_ms=70.7499
[2026-08-14T11:52:24] SAMPLE t=64s phase=Loss_spike adaptation=with_ML throughput_gbps=6.1641 latency_ms=69.3654
[2026-08-14T11:52:25] SAMPLE t=65s phase=Loss_spike adaptation=with_ML throughput_gbps=7.469 latency_ms=68.8874
[2026-08-14T11:52:26] SAMPLE t=66s phase=Loss_spike adaptation=with_ML throughput_gbps=8.2298 latency_ms=72.6746
[2026-08-14T11:52:27] SAMPLE t=67s phase=Loss_spike adaptation=with_ML throughput_gbps=7.9388 latency_ms=68.2264
[2026-08-14T11:52:28] SAMPLE t=68s phase=Loss_spike adaptation=with_ML throughput_gbps=6.68 latency_ms=69.092
[2026-08-14T11:52:29] SAMPLE t=69s phase=Loss_spike adaptation=with_ML throughput_gbps=6.2944 latency_ms=70.5188
[2026-08-14T11:52:30] SAMPLE t=70s phase=Loss_spike adaptation=with_ML throughput_gbps=7.5381 latency_ms=69.5456
[2026-08-14T11:52:31] SAMPLE t=71s phase=Loss_spike adaptation=with_ML throughput_gbps=7.9187 latency_ms=70.4467
[2026-08-14T11:52:32] SAMPLE t=72s phase=Loss_spike adaptation=with_ML throughput_gbps=7.8697 latency_ms=67.3947
[2026-08-14T11:52:33] SAMPLE t=73s phase=Loss_spike adaptation=with_ML throughput_gbps=6.4822 latency_ms=69.5057
[2026-08-14T11:52:34] SAMPLE t=74s phase=Loss_spike adaptation=with_ML throughput_gbps=5.8307 latency_ms=69.9622
[2026-08-14T11:52:35] SAMPLE t=75s phase=Loss_spike adaptation=with_ML throughput_gbps=7.4353 latency_ms=66.707
[2026-08-14T11:52:36] SAMPLE t=76s phase=Loss_spike adaptation=with_ML throughput_gbps=8.0774 latency_ms=71.0619
[2026-08-14T11:52:37] SAMPLE t=77s phase=Loss_spike adaptation=with_ML throughput_gbps=8.0573 latency_ms=68.5374
[2026-08-14T11:52:38] SAMPLE t=78s phase=Loss_spike adaptation=with_ML throughput_gbps=6.8156 latency_ms=70.7057
[2026-08-14T11:52:39] SAMPLE t=79s phase=Loss_spike adaptation=with_ML throughput_gbps=5.9709 latency_ms=71.1276
[2026-08-14T11:52:40] SAMPLE t=80s phase=Recovery adaptation=with_ML throughput_gbps=8.1647 latency_ms=68.6649
[2026-08-14T11:52:41] SAMPLE t=81s phase=Recovery adaptation=with_ML throughput_gbps=8.3782 latency_ms=67.9432
[2026-08-14T11:52:42] SAMPLE t=82s phase=Recovery adaptation=with_ML throughput_gbps=8.7268 latency_ms=67.7521
[2026-08-14T11:52:43] SAMPLE t=83s phase=Recovery adaptation=with_ML throughput_gbps=8.1915 latency_ms=65.6119
[2026-08-14T11:52:44] SAMPLE t=84s phase=Recovery adaptation=with_ML throughput_gbps=8.3035 latency_ms=64.437
[2026-08-14T11:52:45] SAMPLE t=85s phase=Recovery adaptation=with_ML throughput_gbps=8.4723 latency_ms=67.0958
[2026-08-14T11:52:46] SAMPLE t=86s phase=Recovery adaptation=with_ML throughput_gbps=8.273 latency_ms=65.0571
[2026-08-14T11:52:47] SAMPLE t=87s phase=Recovery adaptation=with_ML throughput_gbps=8.3293 latency_ms=65.9373
[2026-08-14T11:52:48] SAMPLE t=88s phase=Recovery adaptation=with_ML throughput_gbps=8.4375 latency_ms=66.7143
[2026-08-14T11:52:49] SAMPLE t=89s phase=Recovery adaptation=with_ML throughput_gbps=8.3751 latency_ms=65.6847
[2026-08-14T11:52:50] SAMPLE t=90s phase=Recovery adaptation=with_ML throughput_gbps=8.4168 latency_ms=67.2082
[2026-08-14T11:52:51] SAMPLE t=91s phase=Recovery adaptation=with_ML throughput_gbps=8.3671 latency_ms=64.9073
[2026-08-14T11:52:52] SAMPLE t=92s phase=Recovery adaptation=with_ML throughput_gbps=8.3783 latency_ms=65.8872
[2026-08-14T11:52:53] SAMPLE t=93s phase=Recovery adaptation=with_ML throughput_gbps=8.2585 latency_ms=64.7248
[2026-08-14T11:52:54] SAMPLE t=94s phase=Recovery adaptation=with_ML throughput_gbps=7.9668 latency_ms=64.965
[2026-08-14T11:52:55] SAMPLE t=95s phase=Recovery adaptation=with_ML throughput_gbps=8.3402 latency_ms=64.5332
[2026-08-14T11:52:56] SAMPLE t=96s phase=Recovery adaptation=with_ML throughput_gbps=8.4816 latency_ms=66.9321
[2026-08-14T11:52:57] SAMPLE t=97s phase=Recovery adaptation=with_ML throughput_gbps=8.4646 latency_ms=66.0346
[2026-08-14T11:52:58] SAMPLE t=98s phase=Recovery adaptation=with_ML throughput_gbps=8.6252 latency_ms=63.3423
[2026-08-14T11:52:59] SAMPLE t=99s phase=Recovery adaptation=with_ML throughput_gbps=8.5944 latency_ms=65.5713
[2026-08-14T11:51:20] SAMPLE t=0s phase=Stable adaptation=without_ML throughput_gbps=7.771 latency_ms=66.9981
[2026-08-14T11:51:21] SAMPLE t=1s phase=Stable adaptation=without_ML throughput_gbps=8.0985 latency_ms=64.906
[2026-08-14T11:51:22] SAMPLE t=2s phase=Stable adaptation=without_ML throughput_gbps=8.1038 latency_ms=65.7715
[2026-08-14T11:51:23] SAMPLE t=3s phase=Stable adaptation=without_ML throughput_gbps=7.8397 latency_ms=63.8078
[2026-08-14T11:51:24] SAMPLE t=4s phase=Stable adaptation=without_ML throughput_gbps=8.2114 latency_ms=66.2781
[2026-08-14T11:51:25] SAMPLE t=5s phase=Stable adaptation=without_ML throughput_gbps=8.0657 latency_ms=63.3604
[2026-08-14T11:51:26] SAMPLE t=6s phase=Stable adaptation=without_ML throughput_gbps=8.0557 latency_ms=65.8108
[2026-08-14T11:51:27] SAMPLE t=7s phase=Stable adaptation=without_ML throughput_gbps=8.5588 latency_ms=65.2629
[2026-08-14T11:51:28] SAMPLE t=8s phase=Stable adaptation=without_ML throughput_gbps=8.1423 latency_ms=65.0629
[2026-08-14T11:51:29] SAMPLE t=9s phase=Stable adaptation=without_ML throughput_gbps=8.065 latency_ms=64.3629
[2026-08-14T11:51:30] SAMPLE t=10s phase=Stable adaptation=without_ML throughput_gbps=7.7597 latency_ms=64.0917
[2026-08-14T11:51:31] SAMPLE t=11s phase=Stable adaptation=without_ML throughput_gbps=7.7552 latency_ms=65.9077
[2026-08-14T11:51:32] SAMPLE t=12s phase=Stable adaptation=without_ML throughput_gbps=8.1087 latency_ms=65.8773
[2026-08-14T11:51:33] SAMPLE t=13s phase=Stable adaptation=without_ML throughput_gbps=8.0426 latency_ms=66.3346
[2026-08-14T11:51:34] SAMPLE t=14s phase=Stable adaptation=without_ML throughput_gbps=8.3545 latency_ms=64.615
[2026-08-14T11:51:35] SAMPLE t=15s phase=Stable adaptation=without_ML throughput_gbps=8.6282 latency_ms=66.3287
[2026-08-14T11:51:36] SAMPLE t=16s phase=Stable adaptation=without_ML throughput_gbps=8.2088 latency_ms=65.7414
[2026-08-14T11:51:37] SAMPLE t=17s phase=Stable adaptation=without_ML throughput_gbps=7.9498 latency_ms=63.2346
[2026-08-14T11:51:38] SAMPLE t=18s phase=Stable adaptation=without_ML throughput_gbps=8.1205 latency_ms=69.0825
[2026-08-14T11:51:39] SAMPLE t=19s phase=Stable adaptation=without_ML throughput_gbps=8.0688 latency_ms=67.0906
[2026-08-14T11:51:40] SAMPLE t=20s phase=Congestion adaptation=without_ML throughput_gbps=8.3143 latency_ms=66.1913
[2026-08-14T11:51:41] SAMPLE t=21s phase=Congestion adaptation=without_ML throughput_gbps=8.1109 latency_ms=64.8461
[2026-08-14T11:51:42] SAMPLE t=22s phase=Congestion adaptation=without_ML throughput_gbps=7.4981 latency_ms=64.445
[2026-08-14T11:51:43] SAMPLE t=23s phase=Congestion adaptation=without_ML throughput_gbps=8.3033 latency_ms=66.5962
[2026-08-14T11:51:44] SAMPLE t=24s phase=Congestion adaptation=without_ML throughput_gbps=7.8735 latency_ms=65.0663
[2026-08-14T11:51:45] SAMPLE t=25s phase=Congestion adaptation=without_ML throughput_gbps=8.007 latency_ms=67.8666
[2026-08-14T11:51:46] SAMPLE t=26s phase=Congestion adaptation=without_ML throughput_gbps=8.0895 latency_ms=67.0459
[2026-08-14T11:51:47] SAMPLE t=27s phase=Congestion adaptation=without_ML throughput_gbps=7.8703 latency_ms=65.0446
[2026-08-14T11:51:48] SAMPLE t=28s phase=Congestion adaptation=without_ML throughput_gbps=8.024 latency_ms=67.8393
[2026-08-14T11:51:49] SAMPLE t=29s phase=Congestion adaptation=without_ML throughput_gbps=8.2855 latency_ms=65.7553
[2026-08-14T11:51:50] SAMPLE t=30s phase=Congestion adaptation=without_ML throughput_gbps=8.0795 latency_ms=66.0997
[2026-08-14T11:51:51] SAMPLE t=31s phase=Congestion adaptation=without_ML throughput_gbps=7.9066 latency_ms=64.7028
[2026-08-14T11:51:52] SAMPLE t=32s phase=Congestion adaptation=without_ML throughput_gbps=7.6425 latency_ms=65.7997
[2026-08-14T11:51:53] SAMPLE t=33s phase=Congestion adaptation=without_ML throughput_gbps=8.2614 latency_ms=66.8453
[2026-08-14T11:51:54] SAMPLE t=34s phase=Congestion adaptation=without_ML throughput_gbps=7.7394 latency_ms=64.477
[2026-08-14T11:51:55] SAMPLE t=35s phase=Congestion adaptation=without_ML throughput_gbps=8.2344 latency_ms=64.7642
[2026-08-14T11:51:56] SAMPLE t=36s phase=Congestion adaptation=without_ML throughput_gbps=8.2996 latency_ms=65.0733
[2026-08-14T11:51:57] SAMPLE t=37s phase=Congestion adaptation=without_ML throughput_gbps=7.9896 latency_ms=65.1759
[2026-08-14T11:51:58] SAMPLE t=38s phase=Congestion adaptation=without_ML throughput_gbps=8.246 latency_ms=66.2246
[2026-08-14T11:51:59] SAMPLE t=39s phase=Congestion adaptation=without_ML throughput_gbps=8.0791 latency_ms=67.8219
[2026-08-14T11:52:00] SAMPLE t=40s phase=Path_change adaptation=without_ML throughput_gbps=8.2366 latency_ms=64.4727
[2026-08-14T11:52:01] SAMPLE t=41s phase=Path_change adaptation=without_ML throughput_gbps=7.5947 latency_ms=68.7095
[2026-08-14T11:52:02] SAMPLE t=42s phase=Path_change adaptation=without_ML throughput_gbps=7.1419 latency_ms=69.4369
[2026-08-14T11:52:03] SAMPLE t=43s phase=Path_change adaptation=without_ML throughput_gbps=6.9371 latency_ms=68.8454
[2026-08-14T11:52:04] SAMPLE t=44s phase=Path_change adaptation=without_ML throughput_gbps=6.8351 latency_ms=68.4072
[2026-08-14T11:52:05] SAMPLE t=45s phase=Path_change adaptation=without_ML throughput_gbps=6.2811 latency_ms=70.7052
[2026-08-14T11:52:06] SAMPLE t=46s phase=Path_change adaptation=without_ML throughput_gbps=6.2255 latency_ms=70.9841
[2026-08-14T11:52:07] SAMPLE t=47s phase=Path_change adaptation=without_ML throughput_gbps=5.861 latency_ms=68.5314
[2026-08-14T11:52:08] SAMPLE t=48s phase=Path_change adaptation=without_ML throughput_gbps=5.8021 latency_ms=74.3624
[2026-08-14T11:52:09] SAMPLE t=49s phase=Path_change adaptation=without_ML throughput_gbps=5.8501 latency_ms=71.8792
[2026-08-14T11:52:10] SAMPLE t=50s phase=Path_change adaptation=without_ML throughput_gbps=5.6512 latency_ms=74.5934
[2026-08-14T11:52:11] SAMPLE t=51s phase=Path_change adaptation=without_ML throughput_gbps=6.0381 latency_ms=72.1232
[2026-08-14T11:52:12] SAMPLE t=52s phase=Path_change adaptation=without_ML throughput_gbps=5.7457 latency_ms=70.9689
[2026-08-14T11:52:13] SAMPLE t=53s phase=Path_change adaptation=without_ML throughput_gbps=5.9984 latency_ms=70.8059
[2026-08-14T11:52:14] SAMPLE t=54s phase=Path_change adaptation=without_ML throughput_gbps=6.2409 latency_ms=73.125
[2026-08-14T11:52:15] SAMPLE t=55s phase=Path_change adaptation=without_ML throughput_gbps=6.6071 latency_ms=71.1433
[2026-08-14T11:52:16] SAMPLE t=56s phase=Path_change adaptation=without_ML throughput_gbps=6.6609 latency_ms=69.3859
[2026-08-14T11:52:17] SAMPLE t=57s phase=Path_change adaptation=without_ML throughput_gbps=7.1592 latency_ms=70.2542
[2026-08-14T11:52:18] SAMPLE t=58s phase=Path_change adaptation=without_ML throughput_gbps=7.167 latency_ms=69.3559
[2026-08-14T11:52:19] SAMPLE t=59s phase=Path_change adaptation=without_ML throughput_gbps=7.8977 latency_ms=69.0325
[2026-08-14T11:52:20] SAMPLE t=60s phase=Loss_spike adaptation=without_ML throughput_gbps=6.1552 latency_ms=67.8168
[2026-08-14T11:52:21] SAMPLE t=61s phase=Loss_spike adaptation=without_ML throughput_gbps=8.4042 latency_ms=81.3996
[2026-08-14T11:52:22] SAMPLE t=62s phase=Loss_spike adaptation=without_ML throughput_gbps=7.2455 latency_ms=75.505
[2026-08-14T11:52:23] SAMPLE t=63s phase=Loss_spike adaptation=without_ML throughput_gbps=5.05 latency_ms=76.6043
[2026-08-14T11:52:24] SAMPLE t=64s phase=Loss_spike adaptation=without_ML throughput_gbps=3.9594 latency_ms=82.7253
[2026-08-14T11:52:25] SAMPLE t=65s phase=Loss_spike adaptation=without_ML throughput_gbps=5.9501 latency_ms=71.3619
[2026-08-14T11:52:26] SAMPLE t=66s phase=Loss_spike adaptation=without_ML throughput_gbps=8.41 latency_ms=79.3933
[2026-08-14T11:52:27] SAMPLE t=67s phase=Loss_spike adaptation=without_ML throughput_gbps=7.1954 latency_ms=75.4845
[2026-08-14T11:52:28] SAMPLE t=68s phase=Loss_spike adaptation=without_ML throughput_gbps=5.1532 latency_ms=76.4923
[2026-08-14T11:52:29] SAMPLE t=69s phase=Loss_spike adaptation=without_ML throughput_gbps=3.8991 latency_ms=80.4971
[2026-08-14T11:52:30] SAMPLE t=70s phase=Loss_spike adaptation=without_ML throughput_gbps=6.0981 latency_ms=73.2643
[2026-08-14T11:52:31] SAMPLE t=71s phase=Loss_spike adaptation=without_ML throughput_gbps=8.2027 latency_ms=80.1133
[2026-08-14T11:52:32] SAMPLE t=72s phase=Loss_spike adaptation=without_ML throughput_gbps=7.8507 latency_ms=76.3282
[2026-08-14T11:52:33] SAMPLE t=73s phase=Loss_spike adaptation=without_ML throughput_gbps=4.8588 latency_ms=77.315
[2026-08-14T11:52:34] SAMPLE t=74s phase=Loss_spike adaptation=without_ML throughput_gbps=4.0016 latency_ms=80.4523
[2026-08-14T11:52:35] SAMPLE t=75s phase=Loss_spike adaptation=without_ML throughput_gbps=6.2624 latency_ms=68.3769
[2026-08-14T11:52:36] SAMPLE t=76s phase=Loss_spike adaptation=without_ML throughput_gbps=8.328 latency_ms=79.9013
[2026-08-14T11:52:37] SAMPLE t=77s phase=Loss_spike adaptation=without_ML throughput_gbps=7.6579 latency_ms=75.7674
[2026-08-14T11:52:38] SAMPLE t=78s phase=Loss_spike adaptation=without_ML throughput_gbps=4.8575 latency_ms=74.7441
[2026-08-14T11:52:39] SAMPLE t=79s phase=Loss_spike adaptation=without_ML throughput_gbps=4.0464 latency_ms=80.9072
[2026-08-14T11:52:40] SAMPLE t=80s phase=Recovery adaptation=without_ML throughput_gbps=7.9288 latency_ms=66.2618
[2026-08-14T11:52:41] SAMPLE t=81s phase=Recovery adaptation=without_ML throughput_gbps=7.7882 latency_ms=64.0981
[2026-08-14T11:52:42] SAMPLE t=82s phase=Recovery adaptation=without_ML throughput_gbps=8.3505 latency_ms=67.0244
[2026-08-14T11:52:43] SAMPLE t=83s phase=Recovery adaptation=without_ML throughput_gbps=7.4534 latency_ms=67.6441
[2026-08-14T11:52:44] SAMPLE t=84s phase=Recovery adaptation=without_ML throughput_gbps=8.1001 latency_ms=66.0881
[2026-08-14T11:52:45] SAMPLE t=85s phase=Recovery adaptation=without_ML throughput_gbps=8.099 latency_ms=66.2137
[2026-08-14T11:52:46] SAMPLE t=86s phase=Recovery adaptation=without_ML throughput_gbps=8.089 latency_ms=66.9304
[2026-08-14T11:52:47] SAMPLE t=87s phase=Recovery adaptation=without_ML throughput_gbps=7.9418 latency_ms=63.7128
[2026-08-14T11:52:48] SAMPLE t=88s phase=Recovery adaptation=without_ML throughput_gbps=8.0353 latency_ms=63.2006
[2026-08-14T11:52:49] SAMPLE t=89s phase=Recovery adaptation=without_ML throughput_gbps=8.4181 latency_ms=63.5854
[2026-08-14T11:52:50] SAMPLE t=90s phase=Recovery adaptation=without_ML throughput_gbps=7.743 latency_ms=64.5019
[2026-08-14T11:52:51] SAMPLE t=91s phase=Recovery adaptation=without_ML throughput_gbps=8.2157 latency_ms=66.7748
[2026-08-14T11:52:52] SAMPLE t=92s phase=Recovery adaptation=without_ML throughput_gbps=8.3425 latency_ms=65.7018
[2026-08-14T11:52:53] SAMPLE t=93s phase=Recovery adaptation=without_ML throughput_gbps=7.9188 latency_ms=65.2728
[2026-08-14T11:52:54] SAMPLE t=94s phase=Recovery adaptation=without_ML throughput_gbps=8.0406 latency_ms=68.5061
[2026-08-14T11:52:55] SAMPLE t=95s phase=Recovery adaptation=without_ML throughput_gbps=7.8521 latency_ms=65.7466
[2026-08-14T11:52:56] SAMPLE t=96s phase=Recovery adaptation=without_ML throughput_gbps=8.0361 latency_ms=64.8096
[2026-08-14T11:52:57] SAMPLE t=97s phase=Recovery adaptation=without_ML throughput_gbps=7.7505 latency_ms=66.4754
[2026-08-14T11:52:58] SAMPLE t=98s phase=Recovery adaptation=without_ML throughput_gbps=7.5632 latency_ms=63.7882
[2026-08-14T11:52:59] SAMPLE t=99s phase=Recovery adaptation=without_ML throughput_gbps=8.2823 latency_ms=64.3396
[2026-08-14T11:51:20] TRACE_END run_id=95 status=OK
[2026-08-14T12:00:15] TRACE_START run_id=96
[2026-08-14T12:00:15] SAMPLE t=0s phase=Stable adaptation=with_ML throughput_gbps=7.9354 latency_ms=68.6864
[2026-08-14T12:00:16] SAMPLE t=1s phase=Stable adaptation=with_ML throughput_gbps=7.9323 latency_ms=65.7485
[2026-08-14T12:00:17] SAMPLE t=2s phase=Stable adaptation=with_ML throughput_gbps=8.2188 latency_ms=66.1871
[2026-08-14T12:00:18] SAMPLE t=3s phase=Stable adaptation=with_ML throughput_gbps=7.8677 latency_ms=64.2172
[2026-08-14T12:00:19] SAMPLE t=4s phase=Stable adaptation=with_ML throughput_gbps=8.0322 latency_ms=69.6304
[2026-08-14T12:00:20] SAMPLE t=5s phase=Stable adaptation=with_ML throughput_gbps=8.3582 latency_ms=66.4406
[2026-08-14T12:00:21] SAMPLE t=6s phase=Stable adaptation=with_ML throughput_gbps=7.9722 latency_ms=67.5022
[2026-08-14T12:00:22] SAMPLE t=7s phase=Stable adaptation=with_ML throughput_gbps=8.3662 latency_ms=68.8319
[2026-08-14T12:00:23] SAMPLE t=8s phase=Stable adaptation=with_ML throughput_gbps=7.977 latency_ms=67.7556
[2026-08-14T12:00:24] SAMPLE t=9s phase=Stable adaptation=with_ML throughput_gbps=8.3633 latency_ms=65.0554
[2026-08-14T12:00:25] SAMPLE t=10s phase=Stable adaptation=with_ML throughput_gbps=8.2978 latency_ms=65.9427
[2026-08-14T12:00:26] SAMPLE t=11s phase=Stable adaptation=with_ML throughput_gbps=8.2762 latency_ms=66.1209
[2026-08-14T12:00:27] SAMPLE t=12s phase=Stable adaptation=with_ML throughput_gbps=8.1538 latency_ms=65.0129
[2026-08-14T12:00:28] SAMPLE t=13s phase=Stable adaptation=with_ML throughput_gbps=7.8479 latency_ms=66.875
[2026-08-14T12:00:29] SAMPLE t=14s phase=Stable adaptation=with_ML throughput_gbps=7.9621 latency_ms=66.2842
[2026-08-14T12:00:30] SAMPLE t=15s phase=Stable adaptation=with_ML throughput_gbps=8.4368 latency_ms=67.1082
[2026-08-14T12:00:31] SAMPLE t=16s phase=Stable adaptation=with_ML throughput_gbps=8.1483 latency_ms=68.0334
[2026-08-14T12:00:32] SAMPLE t=17s phase=Stable adaptation=with_ML throughput_gbps=8.2094 latency_ms=67.3986
[2026-08-14T12:00:33] SAMPLE t=18s phase=Stable adaptation=with_ML throughput_gbps=8.15 latency_ms=67.9462
[2026-08-14T12:00:34] SAMPLE t=19s phase=Stable adaptation=with_ML throughput_gbps=8.4815 latency_ms=65.9551
[2026-08-14T12:00:35] SAMPLE t=20s phase=Congestion adaptation=with_ML throughput_gbps=7.8701 latency_ms=66.0929
[2026-08-14T12:00:36] SAMPLE t=21s phase=Congestion adaptation=with_ML throughput_gbps=8.061 latency_ms=66.6691
[2026-08-14T12:00:37] SAMPLE t=22s phase=Congestion adaptation=with_ML throughput_gbps=7.9161 latency_ms=67.5561
[2026-08-14T12:00:38] SAMPLE t=23s phase=Congestion adaptation=with_ML throughput_gbps=8.0808 latency_ms=66.5263
[2026-08-14T12:00:39] SAMPLE t=24s phase=Congestion adaptation=with_ML throughput_gbps=8.0816 latency_ms=65.6659
[2026-08-14T12:00:40] SAMPLE t=25s phase=Congestion adaptation=with_ML throughput_gbps=7.9552 latency_ms=65.9919
[2026-08-14T12:00:41] SAMPLE t=26s phase=Congestion adaptation=with_ML throughput_gbps=8.307 latency_ms=64.9144
[2026-08-14T12:00:42] SAMPLE t=27s phase=Congestion adaptation=with_ML throughput_gbps=8.2986 latency_ms=64.6154
[2026-08-14T12:00:43] SAMPLE t=28s phase=Congestion adaptation=with_ML throughput_gbps=8.5064 latency_ms=68.724
[2026-08-14T12:00:44] SAMPLE t=29s phase=Congestion adaptation=with_ML throughput_gbps=8.4634 latency_ms=65.4117
[2026-08-14T12:00:45] SAMPLE t=30s phase=Congestion adaptation=with_ML throughput_gbps=8.3719 latency_ms=67.2788
[2026-08-14T12:00:46] SAMPLE t=31s phase=Congestion adaptation=with_ML throughput_gbps=8.0206 latency_ms=65.7086
[2026-08-14T12:00:47] SAMPLE t=32s phase=Congestion adaptation=with_ML throughput_gbps=8.4205 latency_ms=67.7889
[2026-08-14T12:00:48] SAMPLE t=33s phase=Congestion adaptation=with_ML throughput_gbps=8.0115 latency_ms=67.4934
[2026-08-14T12:00:49] SAMPLE t=34s phase=Congestion adaptation=with_ML throughput_gbps=8.0342 latency_ms=67.4207
[2026-08-14T12:00:50] SAMPLE t=35s phase=Congestion adaptation=with_ML throughput_gbps=7.9801 latency_ms=66.4989
[2026-08-14T12:00:51] SAMPLE t=36s phase=Congestion adaptation=with_ML throughput_gbps=8.1265 latency_ms=65.3117
[2026-08-14T12:00:52] SAMPLE t=37s phase=Congestion adaptation=with_ML throughput_gbps=8.3499 latency_ms=68.528
[2026-08-14T12:00:53] SAMPLE t=38s phase=Congestion adaptation=with_ML throughput_gbps=7.9943 latency_ms=66.8121
[2026-08-14T12:00:54] SAMPLE t=39s phase=Congestion adaptation=with_ML throughput_gbps=7.8381 latency_ms=67.5957
[2026-08-14T12:00:55] SAMPLE t=40s phase=Path_change adaptation=with_ML throughput_gbps=8.1087 latency_ms=66.1869
[2026-08-14T12:00:56] SAMPLE t=41s phase=Path_change adaptation=with_ML throughput_gbps=7.8484 latency_ms=65.618
[2026-08-14T12:00:57] SAMPLE t=42s phase=Path_change adaptation=with_ML throughput_gbps=7.6324 latency_ms=67.0775
[2026-08-14T12:00:58] SAMPLE t=43s phase=Path_change adaptation=with_ML throughput_gbps=7.5192 latency_ms=66.5682
[2026-08-14T12:00:59] SAMPLE t=44s phase=Path_change adaptation=with_ML throughput_gbps=7.6079 latency_ms=69.8171
[2026-08-14T12:01:00] SAMPLE t=45s phase=Path_change adaptation=with_ML throughput_gbps=7.4182 latency_ms=66.5691
[2026-08-14T12:01:01] SAMPLE t=46s phase=Path_change adaptation=with_ML throughput_gbps=7.0404 latency_ms=68.8807
[2026-08-14T12:01:02] SAMPLE t=47s phase=Path_change adaptation=with_ML throughput_gbps=7.5305 latency_ms=69.6929
[2026-08-14T12:01:03] SAMPLE t=48s phase=Path_change adaptation=with_ML throughput_gbps=7.4202 latency_ms=67.4905
[2026-08-14T12:01:04] SAMPLE t=49s phase=Path_change adaptation=with_ML throughput_gbps=7.3863 latency_ms=69.1571
[2026-08-14T12:01:05] SAMPLE t=50s phase=Path_change adaptation=with_ML throughput_gbps=7.0202 latency_ms=68.2604
[2026-08-14T12:01:06] SAMPLE t=51s phase=Path_change adaptation=with_ML throughput_gbps=7.1311 latency_ms=70.1606
[2026-08-14T12:01:07] SAMPLE t=52s phase=Path_change adaptation=with_ML throughput_gbps=7.2303 latency_ms=68.9353
[2026-08-14T12:01:08] SAMPLE t=53s phase=Path_change adaptation=with_ML throughput_gbps=7.5485 latency_ms=68.4093
[2026-08-14T12:01:09] SAMPLE t=54s phase=Path_change adaptation=with_ML throughput_gbps=7.4196 latency_ms=68.1499
[2026-08-14T12:01:10] SAMPLE t=55s phase=Path_change adaptation=with_ML throughput_gbps=7.5249 latency_ms=67.2571
[2026-08-14T12:01:11] SAMPLE t=56s phase=Path_change adaptation=with_ML throughput_gbps=7.7389 latency_ms=67.4795
[2026-08-14T12:01:12] SAMPLE t=57s phase=Path_change adaptation=with_ML throughput_gbps=8.0187 latency_ms=67.1188
[2026-08-14T12:01:13] SAMPLE t=58s phase=Path_change adaptation=with_ML throughput_gbps=7.8103 latency_ms=67.4733
[2026-08-14T12:01:14] SAMPLE t=59s phase=Path_change adaptation=with_ML throughput_gbps=8.1016 latency_ms=68.7752
[2026-08-14T12:01:15] SAMPLE t=60s phase=Loss_spike adaptation=with_ML throughput_gbps=7.306 latency_ms=68.2881
[2026-08-14T12:01:16] SAMPLE t=61s phase=Loss_spike adaptation=with_ML throughput_gbps=8.3093 latency_ms=71.8224
[2026-08-14T12:01:17] SAMPLE t=62s phase=Loss_spike adaptation=with_ML throughput_gbps=7.973 latency_ms=69.9277
[2026-08-14T12:01:18] SAMPLE t=63s phase=Loss_spike adaptation=with_ML throughput_gbps=6.586 latency_ms=68.9729
[2026-08-14T12:01:19] SAMPLE t=64s phase=Loss_spike adaptation=with_ML throughput_gbps=6.2411 latency_ms=68.7791
[2026-08-14T12:01:20] SAMPLE t=65s phase=Loss_spike adaptation=with_ML throughput_gbps=7.1005 latency_ms=67.1333
[2026-08-14T12:01:21] SAMPLE t=66s phase=Loss_spike adaptation=with_ML throughput_gbps=8.3285 latency_ms=68.2204
[2026-08-14T12:01:22] SAMPLE t=67s phase=Loss_spike adaptation=with_ML throughput_gbps=7.6623 latency_ms=72.6962
[2026-08-14T12:01:23] SAMPLE t=68s phase=Loss_spike adaptation=with_ML throughput_gbps=6.7102 latency_ms=68.8048
[2026-08-14T12:01:24] SAMPLE t=69s phase=Loss_spike adaptation=with_ML throughput_gbps=6.3343 latency_ms=72.5463
[2026-08-14T12:01:25] SAMPLE t=70s phase=Loss_spike adaptation=with_ML throughput_gbps=7.2683 latency_ms=69.5469
[2026-08-14T12:01:26] SAMPLE t=71s phase=Loss_spike adaptation=with_ML throughput_gbps=8.4497 latency_ms=71.8081
[2026-08-14T12:01:27] SAMPLE t=72s phase=Loss_spike adaptation=with_ML throughput_gbps=8.0614 latency_ms=70.079
[2026-08-14T12:01:28] SAMPLE t=73s phase=Loss_spike adaptation=with_ML throughput_gbps=6.4146 latency_ms=71.0713
[2026-08-14T12:01:29] SAMPLE t=74s phase=Loss_spike adaptation=with_ML throughput_gbps=6.4787 latency_ms=71.2087
[2026-08-14T12:01:30] SAMPLE t=75s phase=Loss_spike adaptation=with_ML throughput_gbps=7.2609 latency_ms=67.6657
[2026-08-14T12:01:31] SAMPLE t=76s phase=Loss_spike adaptation=with_ML throughput_gbps=8.7356 latency_ms=71.3315
[2026-08-14T12:01:32] SAMPLE t=77s phase=Loss_spike adaptation=with_ML throughput_gbps=8.3 latency_ms=70.1899
[2026-08-14T12:01:33] SAMPLE t=78s phase=Loss_spike adaptation=with_ML throughput_gbps=6.3875 latency_ms=69.6702
[2026-08-14T12:01:34] SAMPLE t=79s phase=Loss_spike adaptation=with_ML throughput_gbps=6.4403 latency_ms=68.5268
[2026-08-14T12:01:35] SAMPLE t=80s phase=Recovery adaptation=with_ML throughput_gbps=8.6853 latency_ms=67.1298
[2026-08-14T12:01:36] SAMPLE t=81s phase=Recovery adaptation=with_ML throughput_gbps=7.8366 latency_ms=64.2313
[2026-08-14T12:01:37] SAMPLE t=82s phase=Recovery adaptation=with_ML throughput_gbps=8.1243 latency_ms=64.1365
[2026-08-14T12:01:38] SAMPLE t=83s phase=Recovery adaptation=with_ML throughput_gbps=7.989 latency_ms=66.7056
[2026-08-14T12:01:39] SAMPLE t=84s phase=Recovery adaptation=with_ML throughput_gbps=8.3676 latency_ms=65.4039
[2026-08-14T12:01:40] SAMPLE t=85s phase=Recovery adaptation=with_ML throughput_gbps=8.6065 latency_ms=64.6613
[2026-08-14T12:01:41] SAMPLE t=86s phase=Recovery adaptation=with_ML throughput_gbps=8.2418 latency_ms=65.7124
[2026-08-14T12:01:42] SAMPLE t=87s phase=Recovery adaptation=with_ML throughput_gbps=8.0093 latency_ms=65.0753
[2026-08-14T12:01:43] SAMPLE t=88s phase=Recovery adaptation=with_ML throughput_gbps=8.3797 latency_ms=63.3635
[2026-08-14T12:01:44] SAMPLE t=89s phase=Recovery adaptation=with_ML throughput_gbps=8.1864 latency_ms=64.8988
[2026-08-14T12:01:45] SAMPLE t=90s phase=Recovery adaptation=with_ML throughput_gbps=8.1374 latency_ms=68.4433
[2026-08-14T12:01:46] SAMPLE t=91s phase=Recovery adaptation=with_ML throughput_gbps=7.9446 latency_ms=65.4074
[2026-08-14T12:01:47] SAMPLE t=92s phase=Recovery adaptation=with_ML throughput_gbps=8.4052 latency_ms=64.8116
[2026-08-14T12:01:48] SAMPLE t=93s phase=Recovery adaptation=with_ML throughput_gbps=8.2627 latency_ms=63.8703
[2026-08-14T12:01:49] SAMPLE t=94s phase=Recovery adaptation=with_ML throughput_gbps=8.3222 latency_ms=65.9566
[2026-08-14T12:01:50] SAMPLE t=95s phase=Recovery adaptation=with_ML throughput_gbps=8.4339 latency_ms=65.2066
[2026-08-14T12:01:51] SAMPLE t=96s phase=Recovery adaptation=with_ML throughput_gbps=8.4043 latency_ms=66.8615
[2026-08-14T12:01:52] SAMPLE t=97s phase=Recovery adaptation=with_ML throughput_gbps=8.6249 latency_ms=62.9262
[2026-08-14T12:01:53] SAMPLE t=98s phase=Recovery adaptation=with_ML throughput_gbps=8.4812 latency_ms=64.3838
[2026-08-14T12:01:54] SAMPLE t=99s phase=Recovery adaptation=with_ML throughput_gbps=8.5026 latency_ms=66.252
[2026-08-14T12:00:15] SAMPLE t=0s phase=Stable adaptation=without_ML throughput_gbps=8.3391 latency_ms=65.3194
[2026-08-14T12:00:16] SAMPLE t=1s phase=Stable adaptation=without_ML throughput_gbps=8.1614 latency_ms=65.7797
[2026-08-14T12:00:17] SAMPLE t=2s phase=Stable adaptation=without_ML throughput_gbps=7.7127 latency_ms=64.7897
[2026-08-14T12:00:18] SAMPLE t=3s phase=Stable adaptation=without_ML throughput_gbps=7.7239 latency_ms=67.8891
[2026-08-14T12:00:19] SAMPLE t=4s phase=Stable adaptation=without_ML throughput_gbps=7.813 latency_ms=65.0464
[2026-08-14T12:00:20] SAMPLE t=5s phase=Stable adaptation=without_ML throughput_gbps=7.9446 latency_ms=64.0541
[2026-08-14T12:00:21] SAMPLE t=6s phase=Stable adaptation=without_ML throughput_gbps=7.4315 latency_ms=65.3746
[2026-08-14T12:00:22] SAMPLE t=7s phase=Stable adaptation=without_ML throughput_gbps=8.2491 latency_ms=65.3809
[2026-08-14T12:00:23] SAMPLE t=8s phase=Stable adaptation=without_ML throughput_gbps=8.3639 latency_ms=66.3526
[2026-08-14T12:00:24] SAMPLE t=9s phase=Stable adaptation=without_ML throughput_gbps=8.3375 latency_ms=65.1521
[2026-08-14T12:00:25] SAMPLE t=10s phase=Stable adaptation=without_ML throughput_gbps=8.2358 latency_ms=65.578
[2026-08-14T12:00:26] SAMPLE t=11s phase=Stable adaptation=without_ML throughput_gbps=7.9011 latency_ms=68.1654
[2026-08-14T12:00:27] SAMPLE t=12s phase=Stable adaptation=without_ML throughput_gbps=7.8281 latency_ms=67.4503
[2026-08-14T12:00:28] SAMPLE t=13s phase=Stable adaptation=without_ML throughput_gbps=7.8606 latency_ms=69.1736
[2026-08-14T12:00:29] SAMPLE t=14s phase=Stable adaptation=without_ML throughput_gbps=7.6103 latency_ms=66.475
[2026-08-14T12:00:30] SAMPLE t=15s phase=Stable adaptation=without_ML throughput_gbps=7.7896 latency_ms=63.6668
[2026-08-14T12:00:31] SAMPLE t=16s phase=Stable adaptation=without_ML throughput_gbps=7.8297 latency_ms=67.0885
[2026-08-14T12:00:32] SAMPLE t=17s phase=Stable adaptation=without_ML throughput_gbps=7.4859 latency_ms=65.6007
[2026-08-14T12:00:33] SAMPLE t=18s phase=Stable adaptation=without_ML throughput_gbps=8.0759 latency_ms=66.438
[2026-08-14T12:00:34] SAMPLE t=19s phase=Stable adaptation=without_ML throughput_gbps=8.2501 latency_ms=66.3582
[2026-08-14T12:00:35] SAMPLE t=20s phase=Congestion adaptation=without_ML throughput_gbps=8.0386 latency_ms=67.4172
[2026-08-14T12:00:36] SAMPLE t=21s phase=Congestion adaptation=without_ML throughput_gbps=8.0291 latency_ms=65.9673
[2026-08-14T12:00:37] SAMPLE t=22s phase=Congestion adaptation=without_ML throughput_gbps=7.9892 latency_ms=67.8575
[2026-08-14T12:00:38] SAMPLE t=23s phase=Congestion adaptation=without_ML throughput_gbps=7.8267 latency_ms=67.2297
[2026-08-14T12:00:39] SAMPLE t=24s phase=Congestion adaptation=without_ML throughput_gbps=7.6047 latency_ms=67.1528
[2026-08-14T12:00:40] SAMPLE t=25s phase=Congestion adaptation=without_ML throughput_gbps=7.4879 latency_ms=68.2445
[2026-08-14T12:00:41] SAMPLE t=26s phase=Congestion adaptation=without_ML throughput_gbps=8.1771 latency_ms=66.7995
[2026-08-14T12:00:42] SAMPLE t=27s phase=Congestion adaptation=without_ML throughput_gbps=7.6737 latency_ms=66.3718
[2026-08-14T12:00:43] SAMPLE t=28s phase=Congestion adaptation=without_ML throughput_gbps=8.0009 latency_ms=64.454
[2026-08-14T12:00:44] SAMPLE t=29s phase=Congestion adaptation=without_ML throughput_gbps=8.0169 latency_ms=67.5615
[2026-08-14T12:00:45] SAMPLE t=30s phase=Congestion adaptation=without_ML throughput_gbps=8.2373 latency_ms=64.2595
[2026-08-14T12:00:46] SAMPLE t=31s phase=Congestion adaptation=without_ML throughput_gbps=7.8174 latency_ms=64.8873
[2026-08-14T12:00:47] SAMPLE t=32s phase=Congestion adaptation=without_ML throughput_gbps=7.8912 latency_ms=65.2438
[2026-08-14T12:00:48] SAMPLE t=33s phase=Congestion adaptation=without_ML throughput_gbps=8.2446 latency_ms=66.6407
[2026-08-14T12:00:49] SAMPLE t=34s phase=Congestion adaptation=without_ML throughput_gbps=7.9208 latency_ms=67.005
[2026-08-14T12:00:50] SAMPLE t=35s phase=Congestion adaptation=without_ML throughput_gbps=7.8967 latency_ms=65.0574
[2026-08-14T12:00:51] SAMPLE t=36s phase=Congestion adaptation=without_ML throughput_gbps=7.4339 latency_ms=66.7826
[2026-08-14T12:00:52] SAMPLE t=37s phase=Congestion adaptation=without_ML throughput_gbps=7.9788 latency_ms=64.3384
[2026-08-14T12:00:53] SAMPLE t=38s phase=Congestion adaptation=without_ML throughput_gbps=7.7184 latency_ms=65.6465
[2026-08-14T12:00:54] SAMPLE t=39s phase=Congestion adaptation=without_ML throughput_gbps=7.9734 latency_ms=66.175
[2026-08-14T12:00:55] SAMPLE t=40s phase=Path_change adaptation=without_ML throughput_gbps=7.5567 latency_ms=64.8711
[2026-08-14T12:00:56] SAMPLE t=41s phase=Path_change adaptation=without_ML throughput_gbps=7.264 latency_ms=67.0428
[2026-08-14T12:00:57] SAMPLE t=42s phase=Path_change adaptation=without_ML throughput_gbps=7.5425 latency_ms=67.6597
[2026-08-14T12:00:58] SAMPLE t=43s phase=Path_change adaptation=without_ML throughput_gbps=7.1689 latency_ms=68.8725
[2026-08-14T12:00:59] SAMPLE t=44s phase=Path_change adaptation=without_ML throughput_gbps=6.7868 latency_ms=70.7322
[2026-08-14T12:01:00] SAMPLE t=45s phase=Path_change adaptation=without_ML throughput_gbps=6.0562 latency_ms=68.6932
[2026-08-14T12:01:01] SAMPLE t=46s phase=Path_change adaptation=without_ML throughput_gbps=6.0622 latency_ms=72.2377
[2026-08-14T12:01:02] SAMPLE t=47s phase=Path_change adaptation=without_ML throughput_gbps=6.1488 latency_ms=71.8628
[2026-08-14T12:01:03] SAMPLE t=48s phase=Path_change adaptation=without_ML throughput_gbps=5.6748 latency_ms=72.7616
[2026-08-14T12:01:04] SAMPLE t=49s phase=Path_change adaptation=without_ML throughput_gbps=5.5197 latency_ms=72.7205
[2026-08-14T12:01:05] SAMPLE t=50s phase=Path_change adaptation=without_ML throughput_gbps=5.7374 latency_ms=71.9333
[2026-08-14T12:01:06] SAMPLE t=51s phase=Path_change adaptation=without_ML throughput_gbps=5.9546 latency_ms=73.5286
[2026-08-14T12:01:07] SAMPLE t=52s phase=Path_change adaptation=without_ML throughput_gbps=5.926 latency_ms=72.3985
[2026-08-14T12:01:08] SAMPLE t=53s phase=Path_change adaptation=without_ML throughput_gbps=5.6889 latency_ms=72.8317
[2026-08-14T12:01:09] SAMPLE t=54s phase=Path_change adaptation=without_ML throughput_gbps=6.1997 latency_ms=71.8026
[2026-08-14T12:01:10] SAMPLE t=55s phase=Path_change adaptation=without_ML throughput_gbps=6.277 latency_ms=72.1436
[2026-08-14T12:01:11] SAMPLE t=56s phase=Path_change adaptation=without_ML throughput_gbps=6.9011 latency_ms=71.0737
[2026-08-14T12:01:12] SAMPLE t=57s phase=Path_change adaptation=without_ML throughput_gbps=6.9838 latency_ms=71.6191
[2026-08-14T12:01:13] SAMPLE t=58s phase=Path_change adaptation=without_ML throughput_gbps=7.0759 latency_ms=68.5845
[2026-08-14T12:01:14] SAMPLE t=59s phase=Path_change adaptation=without_ML throughput_gbps=7.6717 latency_ms=69.3473
[2026-08-14T12:01:15] SAMPLE t=60s phase=Loss_spike adaptation=without_ML throughput_gbps=6.2778 latency_ms=71.66
[2026-08-14T12:01:16] SAMPLE t=61s phase=Loss_spike adaptation=without_ML throughput_gbps=8.3586 latency_ms=76.5924
[2026-08-14T12:01:17] SAMPLE t=62s phase=Loss_spike adaptation=without_ML throughput_gbps=7.6202 latency_ms=76.6568
[2026-08-14T12:01:18] SAMPLE t=63s phase=Loss_spike adaptation=without_ML throughput_gbps=4.7824 latency_ms=75.902
[2026-08-14T12:01:19] SAMPLE t=64s phase=Loss_spike adaptation=without_ML throughput_gbps=4.0194 latency_ms=78.5751
[2026-08-14T12:01:20] SAMPLE t=65s phase=Loss_spike adaptation=without_ML throughput_gbps=6.2016 latency_ms=71.6121
[2026-08-14T12:01:21] SAMPLE t=66s phase=Loss_spike adaptation=without_ML throughput_gbps=8.359 latency_ms=80.3992
[2026-08-14T12:01:22] SAMPLE t=67s phase=Loss_spike adaptation=without_ML throughput_gbps=7.6911 latency_ms=74.6403
[2026-08-14T12:01:23] SAMPLE t=68s phase=Loss_spike adaptation=without_ML throughput_gbps=5.1718 latency_ms=74.1869
[2026-08-14T12:01:24] SAMPLE t=69s phase=Loss_spike adaptation=without_ML throughput_gbps=3.8329 latency_ms=78.3272
[2026-08-14T12:01:25] SAMPLE t=70s phase=Loss_spike adaptation=without_ML throughput_gbps=5.967 latency_ms=70.9939
[2026-08-14T12:01:26] SAMPLE t=71s phase=Loss_spike adaptation=without_ML throughput_gbps=8.3946 latency_ms=80.8916
[2026-08-14T12:01:27] SAMPLE t=72s phase=Loss_spike adaptation=without_ML throughput_gbps=7.6504 latency_ms=75.812
[2026-08-14T12:01:28] SAMPLE t=73s phase=Loss_spike adaptation=without_ML throughput_gbps=5.0848 latency_ms=75.4981
[2026-08-14T12:01:29] SAMPLE t=74s phase=Loss_spike adaptation=without_ML throughput_gbps=4.0282 latency_ms=77.3928
[2026-08-14T12:01:30] SAMPLE t=75s phase=Loss_spike adaptation=without_ML throughput_gbps=6.3653 latency_ms=68.2135
[2026-08-14T12:01:31] SAMPLE t=76s phase=Loss_spike adaptation=without_ML throughput_gbps=8.3271 latency_ms=81.0789
[2026-08-14T12:01:32] SAMPLE t=77s phase=Loss_spike adaptation=without_ML throughput_gbps=7.5215 latency_ms=73.7105
[2026-08-14T12:01:33] SAMPLE t=78s phase=Loss_spike adaptation=without_ML throughput_gbps=4.961 latency_ms=76.4381
[2026-08-14T12:01:34] SAMPLE t=79s phase=Loss_spike adaptation=without_ML throughput_gbps=3.9496 latency_ms=79.5266
[2026-08-14T12:01:35] SAMPLE t=80s phase=Recovery adaptation=without_ML throughput_gbps=8.2403 latency_ms=64.0787
[2026-08-14T12:01:36] SAMPLE t=81s phase=Recovery adaptation=without_ML throughput_gbps=8.2617 latency_ms=64.6656
[2026-08-14T12:01:37] SAMPLE t=82s phase=Recovery adaptation=without_ML throughput_gbps=8.079 latency_ms=63.4964
[2026-08-14T12:01:38] SAMPLE t=83s phase=Recovery adaptation=without_ML throughput_gbps=7.9724 latency_ms=66.1706
[2026-08-14T12:01:39] SAMPLE t=84s phase=Recovery adaptation=without_ML throughput_gbps=8.0 latency_ms=67.8231
[2026-08-14T12:01:40] SAMPLE t=85s phase=Recovery adaptation=without_ML throughput_gbps=8.2609 latency_ms=67.2088
[2026-08-14T12:01:41] SAMPLE t=86s phase=Recovery adaptation=without_ML throughput_gbps=8.2096 latency_ms=67.4279
[2026-08-14T12:01:42] SAMPLE t=87s phase=Recovery adaptation=without_ML throughput_gbps=8.0675 latency_ms=66.0104
[2026-08-14T12:01:43] SAMPLE t=88s phase=Recovery adaptation=without_ML throughput_gbps=8.4089 latency_ms=67.3032
[2026-08-14T12:01:44] SAMPLE t=89s phase=Recovery adaptation=without_ML throughput_gbps=7.9733 latency_ms=64.4544
[2026-08-14T12:01:45] SAMPLE t=90s phase=Recovery adaptation=without_ML throughput_gbps=7.8449 latency_ms=66.0012
[2026-08-14T12:01:46] SAMPLE t=91s phase=Recovery adaptation=without_ML throughput_gbps=7.8991 latency_ms=65.8269
[2026-08-14T12:01:47] SAMPLE t=92s phase=Recovery adaptation=without_ML throughput_gbps=8.0984 latency_ms=65.9642
[2026-08-14T12:01:48] SAMPLE t=93s phase=Recovery adaptation=without_ML throughput_gbps=7.8552 latency_ms=64.9414
[2026-08-14T12:01:49] SAMPLE t=94s phase=Recovery adaptation=without_ML throughput_gbps=7.6553 latency_ms=65.7627
[2026-08-14T12:01:50] SAMPLE t=95s phase=Recovery adaptation=without_ML throughput_gbps=7.9193 latency_ms=63.8269
[2026-08-14T12:01:51] SAMPLE t=96s phase=Recovery adaptation=without_ML throughput_gbps=8.249 latency_ms=67.0975
[2026-08-14T12:01:52] SAMPLE t=97s phase=Recovery adaptation=without_ML throughput_gbps=8.2752 latency_ms=64.9989
[2026-08-14T12:01:53] SAMPLE t=98s phase=Recovery adaptation=without_ML throughput_gbps=7.7789 latency_ms=65.4756
[2026-08-14T12:01:54] SAMPLE t=99s phase=Recovery adaptation=without_ML throughput_gbps=8.2084 latency_ms=65.4683
[2026-08-14T12:00:15] TRACE_END run_id=96 status=OK
